name,azimuth,slope,array_capacity,time,gti,gti_low,gti_high,ghi
Oasis - John Williams,279.0,2.0,49.53,2025-09-01 00:00:30+00:00,0.0,0.0,0.0,0.0
Oasis - John Williams,279.0,2.0,49.53,2025-09-01 00:15:30+00:00,0.0,0.0,0.0,0.0
Oasis - John Williams,279.0,2.0,49.53,2025-09-01 00:30:30+00:00,0.0,0.0,0.0,0.0
Oasis - John Williams,279.0,2.0,49.53,2025-09-01 00:45:30+00:00,0.0,0.0,0.0,0.0
Oasis - John Williams,279.0,2.0,49.53,2025-09-01 01:00:30+00:00,0.0,0.0,0.0,0.0
Oasis - John Williams,279.0,2.0,49.53,2025-09-01 01:15:30+00:00,0.0,0.0,0.0,0.0
Oasis - John Williams,279.0,2.0,49.53,2025-09-01 01:30:30+00:00,0.0,0.0,0.0,0.0
Oasis - John Williams,279.0,2.0,49.53,2025-09-01 01:45:30+00:00,0.0,0.0,0.0,0.0
Oasis - John Williams,279.0,2.0,49.53,2025-09-01 02:00:30+00:00,0.0,0.0,0.0,0.0
Oasis - John Williams,279.0,2.0,49.53,2025-09-01 02:15:30+00:00,0.0,0.0,0.0,0.0
Oasis - John Williams,279.0,2.0,49.53,2025-09-01 02:30:30+00:00,0.0,0.0,0.0,0.0
Oasis - John Williams,279.0,2.0,49.53,2025-09-01 02:45:30+00:00,0.0,0.0,0.0,0.0
Oasis - John Williams,279.0,2.0,49.53,2025-09-01 03:00:30+00:00,0.0,0.0,0.0,0.0
Oasis - John Williams,279.0,2.0,49.53,2025-09-01 03:15:30+00:00,0.0,0.0,0.0,0.0
Oasis - John Williams,279.0,2.0,49.53,2025-09-01 03:30:30+00:00,0.0,0.0,0.0,0.0
Oasis - John Williams,279.0,2.0,49.53,2025-09-01 03:45:30+00:00,0.0,0.0,0.0,0.0
Oasis - John Williams,279.0,2.0,49.53,2025-09-01 04:00:30+00:00,0.0,0.0,0.0,0.0
Oasis - John Williams,279.0,2.0,49.53,2025-09-01 04:15:30+00:00,0.0,0.0,0.0,0.0
Oasis - John Williams,279.0,2.0,49.53,2025-09-01 04:30:30+00:00,0.0,0.0,0.0,0.0
Oasis - John Williams,279.0,2.0,49.53,2025-09-01 04:45:30+00:00,0.0,0.0,0.0,0.0
Oasis - John Williams,279.0,2.0,49.53,2025-09-01 05:00:30+00:00,0.0,0.0,0.0,0.0
Oasis - John Williams,279.0,2.0,49.53,2025-09-01 05:15:30+00:00,0.0,0.0,0.0,0.0
Oasis - John Williams,279.0,2.0,49.53,2025-09-01 05:30:30+00:00,0.00175,0.00125,0.00325,0.00175
Oasis - John Williams,279.0,2.0,49.53,2025-09-01 05:45:30+00:00,0.0055,0.003,0.00875,0.0055
Oasis - John Williams,279.0,2.0,49.53,2025-09-01 06:00:30+00:00,0.01025,0.00475,0.01525,0.01075
Oasis - John Williams,279.0,2.0,49.53,2025-09-01 06:15:30+00:00,0.01475,0.007,0.02325,0.0155
Oasis - John Williams,279.0,2.0,49.53,2025-09-01 06:30:30+00:00,0.02,0.00525,0.03,0.021
Oasis - John Williams,279.0,2.0,49.53,2025-09-01 06:45:30+00:00,0.01875,0.00675,0.0435,0.019
Oasis - John Williams,279.0,2.0,49.53,2025-09-01 07:00:30+00:00,0.0345,0.01,0.0565,0.03625
Oasis - John Williams,279.0,2.0,49.53,2025-09-01 07:15:30+00:00,0.047,0.024,0.0665,0.04975
Oasis - John Williams,279.0,2.0,49.53,2025-09-01 07:30:30+00:00,0.05925,0.038,0.0765,0.063
Oasis - John Williams,279.0,2.0,49.53,2025-09-01 07:45:30+00:00,0.06775,0.04675,0.08475,0.07175
Oasis - John Williams,279.0,2.0,49.53,2025-09-01 08:00:30+00:00,0.071,0.04625,0.093,0.07425
Oasis - John Williams,279.0,2.0,49.53,2025-09-01 08:15:30+00:00,0.06975,0.04075,0.097,0.072
Oasis - John Williams,279.0,2.0,49.53,2025-09-01 08:30:30+00:00,0.06525,0.0455,0.106,0.067
Oasis - John Williams,279.0,2.0,49.53,2025-09-01 08:45:30+00:00,0.09,0.05325,0.12,0.093
Oasis - John Williams,279.0,2.0,49.53,2025-09-01 09:00:30+00:00,0.1045,0.0535,0.13375,0.10775
Oasis - John Williams,279.0,2.0,49.53,2025-09-01 09:15:30+00:00,0.08675,0.043,0.138,0.0885
Oasis - John Williams,279.0,2.0,49.53,2025-09-01 09:30:30+00:00,0.079,0.03025,0.12975,0.08025
Oasis - John Williams,279.0,2.0,49.53,2025-09-01 09:45:30+00:00,0.07325,0.041,0.13875,0.07425
Oasis - John Williams,279.0,2.0,49.53,2025-09-01 10:00:30+00:00,0.11525,0.05675,0.15025,0.11775
Oasis - John Williams,279.0,2.0,49.53,2025-09-01 10:15:30+00:00,0.122,0.081,0.15925,0.12425
Oasis - John Williams,279.0,2.0,49.53,2025-09-01 10:30:30+00:00,0.1225,0.0915,0.154,0.12425
Oasis - John Williams,279.0,2.0,49.53,2025-09-01 10:45:30+00:00,0.12275,0.103,0.156,0.12425
Oasis - John Williams,279.0,2.0,49.53,2025-09-01 11:00:30+00:00,0.14275,0.09425,0.1735,0.1445
Oasis - John Williams,279.0,2.0,49.53,2025-09-01 11:15:30+00:00,0.136,0.08875,0.1935,0.13725
Oasis - John Williams,279.0,2.0,49.53,2025-09-01 11:30:30+00:00,0.15875,0.061,0.196,0.16
Oasis - John Williams,279.0,2.0,49.53,2025-09-01 11:45:30+00:00,0.10275,0.04025,0.1945,0.10325
Oasis - John Williams,279.0,2.0,49.53,2025-09-01 12:00:30+00:00,0.08925,0.03025,0.16975,0.0895
Oasis - John Williams,279.0,2.0,49.53,2025-09-01 12:15:30+00:00,0.10725,0.04125,0.16525,0.10725
Oasis - John Williams,279.0,2.0,49.53,2025-09-01 12:30:30+00:00,0.1125,0.06675,0.17075,0.1125
Oasis - John Williams,279.0,2.0,49.53,2025-09-01 12:45:30+00:00,0.136,0.0595,0.16875,0.13575
Oasis - John Williams,279.0,2.0,49.53,2025-09-01 13:00:30+00:00,0.093,0.05275,0.17075,0.0925
Oasis - John Williams,279.0,2.0,49.53,2025-09-01 13:15:30+00:00,0.1055,0.049,0.1795,0.105
Oasis - John Williams,279.0,2.0,49.53,2025-09-01 13:30:30+00:00,0.144,0.0705,0.1875,0.1425
Oasis - John Williams,279.0,2.0,49.53,2025-09-01 13:45:30+00:00,0.14675,0.09175,0.183,0.14475
Oasis - John Williams,279.0,2.0,49.53,2025-09-01 14:00:30+00:00,0.14325,0.08225,0.1775,0.14075
Oasis - John Williams,279.0,2.0,49.53,2025-09-01 14:15:30+00:00,0.1225,0.05975,0.171,0.1205
Oasis - John Williams,279.0,2.0,49.53,2025-09-01 14:30:30+00:00,0.0985,0.02875,0.16075,0.097
Oasis - John Williams,279.0,2.0,49.53,2025-09-01 14:45:30+00:00,0.062,0.0195,0.14025,0.0615
Oasis - John Williams,279.0,2.0,49.53,2025-09-01 15:00:30+00:00,0.0795,0.02175,0.13425,0.07825
Oasis - John Williams,279.0,2.0,49.53,2025-09-01 15:15:30+00:00,0.09175,0.03825,0.13925,0.0895
Oasis - John Williams,279.0,2.0,49.53,2025-09-01 15:30:30+00:00,0.1,0.0545,0.1305,0.09675
Oasis - John Williams,279.0,2.0,49.53,2025-09-01 15:45:30+00:00,0.09525,0.0645,0.12075,0.09175
Oasis - John Williams,279.0,2.0,49.53,2025-09-01 16:00:30+00:00,0.09275,0.06225,0.11125,0.08875
Oasis - John Williams,279.0,2.0,49.53,2025-09-01 16:15:30+00:00,0.0755,0.04825,0.1,0.07225
Oasis - John Williams,279.0,2.0,49.53,2025-09-01 16:30:30+00:00,0.054,0.039,0.08725,0.052
Oasis - John Williams,279.0,2.0,49.53,2025-09-01 16:45:30+00:00,0.06125,0.0345,0.07875,0.05775
Oasis - John Williams,279.0,2.0,49.53,2025-09-01 17:00:30+00:00,0.059,0.03775,0.06875,0.0545
Oasis - John Williams,279.0,2.0,49.53,2025-09-01 17:15:30+00:00,0.04975,0.03575,0.05775,0.04525
Oasis - John Williams,279.0,2.0,49.53,2025-09-01 17:30:30+00:00,0.04175,0.03175,0.04675,0.0375
Oasis - John Williams,279.0,2.0,49.53,2025-09-01 17:45:30+00:00,0.032,0.0245,0.036,0.028
Oasis - John Williams,279.0,2.0,49.53,2025-09-01 18:00:30+00:00,0.023,0.017,0.0255,0.0195
Oasis - John Williams,279.0,2.0,49.53,2025-09-01 18:15:30+00:00,0.014,0.01025,0.0155,0.01125
Oasis - John Williams,279.0,2.0,49.53,2025-09-01 18:30:30+00:00,0.00475,0.00425,0.00525,0.00425
Oasis - John Williams,279.0,2.0,49.53,2025-09-01 18:45:30+00:00,0.00075,0.0005,0.00075,0.00075
Oasis - John Williams,279.0,2.0,49.53,2025-09-01 19:00:30+00:00,0.0,0.0,0.0,0.0
Oasis - John Williams,279.0,2.0,49.53,2025-09-01 19:15:30+00:00,0.0,0.0,0.0,0.0
Oasis - John Williams,279.0,2.0,49.53,2025-09-01 19:30:30+00:00,0.0,0.0,0.0,0.0
Oasis - John Williams,279.0,2.0,49.53,2025-09-01 19:45:30+00:00,0.0,0.0,0.0,0.0
Oasis - John Williams,279.0,2.0,49.53,2025-09-01 20:00:30+00:00,0.0,0.0,0.0,0.0
Oasis - John Williams,279.0,2.0,49.53,2025-09-01 20:15:30+00:00,0.0,0.0,0.0,0.0
Oasis - John Williams,279.0,2.0,49.53,2025-09-01 20:30:30+00:00,0.0,0.0,0.0,0.0
Oasis - John Williams,279.0,2.0,49.53,2025-09-01 20:45:30+00:00,0.0,0.0,0.0,0.0
Oasis - John Williams,279.0,2.0,49.53,2025-09-01 21:00:30+00:00,0.0,0.0,0.0,0.0
Oasis - John Williams,279.0,2.0,49.53,2025-09-01 21:15:30+00:00,0.0,0.0,0.0,0.0
Oasis - John Williams,279.0,2.0,49.53,2025-09-01 21:30:30+00:00,0.0,0.0,0.0,0.0
Oasis - John Williams,279.0,2.0,49.53,2025-09-01 21:45:30+00:00,0.0,0.0,0.0,0.0
Oasis - John Williams,279.0,2.0,49.53,2025-09-01 22:00:30+00:00,0.0,0.0,0.0,0.0
Oasis - John Williams,279.0,2.0,49.53,2025-09-01 22:15:30+00:00,0.0,0.0,0.0,0.0
Oasis - John Williams,279.0,2.0,49.53,2025-09-01 22:30:30+00:00,0.0,0.0,0.0,0.0
Oasis - John Williams,279.0,2.0,49.53,2025-09-01 22:45:30+00:00,0.0,0.0,0.0,0.0
Oasis - John Williams,279.0,2.0,49.53,2025-09-01 23:00:30+00:00,0.0,0.0,0.0,0.0
Oasis - John Williams,279.0,2.0,49.53,2025-09-01 23:15:30+00:00,0.0,0.0,0.0,0.0
Oasis - John Williams,279.0,2.0,49.53,2025-09-01 23:30:30+00:00,0.0,0.0,0.0,0.0
Oasis - John Williams,279.0,2.0,49.53,2025-09-01 23:45:30+00:00,0.0,0.0,0.0,0.0
Oasis - John Williams,279.0,2.0,49.53,2025-09-02 00:00:30+00:00,0.0,0.0,0.0,0.0
Oasis - John Williams,279.0,2.0,49.53,2025-09-02 00:15:30+00:00,0.0,0.0,0.0,0.0
Oasis - John Williams,279.0,2.0,49.53,2025-09-02 00:30:30+00:00,0.0,0.0,0.0,0.0
Oasis - John Williams,279.0,2.0,49.53,2025-09-02 00:45:30+00:00,0.0,0.0,0.0,0.0
Oasis - John Williams,279.0,2.0,49.53,2025-09-02 01:00:30+00:00,0.0,0.0,0.0,0.0
Oasis - John Williams,279.0,2.0,49.53,2025-09-02 01:15:30+00:00,0.0,0.0,0.0,0.0
Oasis - John Williams,279.0,2.0,49.53,2025-09-02 01:30:30+00:00,0.0,0.0,0.0,0.0
Oasis - John Williams,279.0,2.0,49.53,2025-09-02 01:45:30+00:00,0.0,0.0,0.0,0.0
Oasis - John Williams,279.0,2.0,49.53,2025-09-02 02:00:30+00:00,0.0,0.0,0.0,0.0
Oasis - John Williams,279.0,2.0,49.53,2025-09-02 02:15:30+00:00,0.0,0.0,0.0,0.0
Oasis - John Williams,279.0,2.0,49.53,2025-09-02 02:30:30+00:00,0.0,0.0,0.0,0.0
Oasis - John Williams,279.0,2.0,49.53,2025-09-02 02:45:30+00:00,0.0,0.0,0.0,0.0
Oasis - John Williams,279.0,2.0,49.53,2025-09-02 03:00:30+00:00,0.0,0.0,0.0,0.0
Oasis - John Williams,279.0,2.0,49.53,2025-09-02 03:15:30+00:00,0.0,0.0,0.0,0.0
Oasis - John Williams,279.0,2.0,49.53,2025-09-02 03:30:30+00:00,0.0,0.0,0.0,0.0
Oasis - John Williams,279.0,2.0,49.53,2025-09-02 03:45:30+00:00,0.0,0.0,0.0,0.0
Oasis - John Williams,279.0,2.0,49.53,2025-09-02 04:00:30+00:00,0.0,0.0,0.0,0.0
Oasis - John Williams,279.0,2.0,49.53,2025-09-02 04:15:30+00:00,0.0,0.0,0.0,0.0
Oasis - John Williams,279.0,2.0,49.53,2025-09-02 04:30:30+00:00,0.0,0.0,0.0,0.0
Oasis - John Williams,279.0,2.0,49.53,2025-09-02 04:45:30+00:00,0.0,0.0,0.0,0.0
Oasis - John Williams,279.0,2.0,49.53,2025-09-02 05:00:30+00:00,0.0,0.0,0.0,0.0
Oasis - John Williams,279.0,2.0,49.53,2025-09-02 05:15:30+00:00,0.0,0.0,0.0,0.0
Oasis - John Williams,279.0,2.0,49.53,2025-09-02 05:30:30+00:00,0.001,0.0005,0.0025,0.001
Oasis - John Williams,279.0,2.0,49.53,2025-09-02 05:45:30+00:00,0.0035,0.001,0.00675,0.0035
Oasis - John Williams,279.0,2.0,49.53,2025-09-02 06:00:30+00:00,0.00725,0.00325,0.01275,0.00725
Oasis - John Williams,279.0,2.0,49.53,2025-09-02 06:15:30+00:00,0.013,0.00625,0.0195,0.01325
Oasis - John Williams,279.0,2.0,49.53,2025-09-02 06:30:30+00:00,0.0185,0.00975,0.027,0.019
Oasis - John Williams,279.0,2.0,49.53,2025-09-02 06:45:30+00:00,0.0235,0.01025,0.03325,0.0245
Oasis - John Williams,279.0,2.0,49.53,2025-09-02 07:00:30+00:00,0.02375,0.00925,0.03875,0.024
Oasis - John Williams,279.0,2.0,49.53,2025-09-02 07:15:30+00:00,0.02425,0.007,0.0415,0.0245
Oasis - John Williams,279.0,2.0,49.53,2025-09-02 07:30:30+00:00,0.0245,0.012,0.051,0.02475
Oasis - John Williams,279.0,2.0,49.53,2025-09-02 07:45:30+00:00,0.044,0.01275,0.06,0.04525
Oasis - John Williams,279.0,2.0,49.53,2025-09-02 08:00:30+00:00,0.041,0.0095,0.06875,0.04175
Oasis - John Williams,279.0,2.0,49.53,2025-09-02 08:15:30+00:00,0.03175,0.008,0.066,0.032
Oasis - John Williams,279.0,2.0,49.53,2025-09-02 08:30:30+00:00,0.02625,0.00875,0.05675,0.0265
Oasis - John Williams,279.0,2.0,49.53,2025-09-02 08:45:30+00:00,0.02625,0.0095,0.05525,0.0265
Oasis - John Williams,279.0,2.0,49.53,2025-09-02 09:00:30+00:00,0.03075,0.01025,0.066,0.03075
Oasis - John Williams,279.0,2.0,49.53,2025-09-02 09:15:30+00:00,0.028,0.01075,0.09225,0.02825
Oasis - John Williams,279.0,2.0,49.53,2025-09-02 09:30:30+00:00,0.06025,0.012,0.1225,0.061
Oasis - John Williams,279.0,2.0,49.53,2025-09-02 09:45:30+00:00,0.091,0.02575,0.13625,0.0925
Oasis - John Williams,279.0,2.0,49.53,2025-09-02 10:00:30+00:00,0.0915,0.0365,0.13275,0.093
Oasis - John Williams,279.0,2.0,49.53,2025-09-02 10:15:30+00:00,0.071,0.037,0.116,0.0715
Oasis - John Williams,279.0,2.0,49.53,2025-09-02 10:30:30+00:00,0.066,0.03,0.11575,0.0665
Oasis - John Williams,279.0,2.0,49.53,2025-09-02 10:45:30+00:00,0.081,0.03375,0.12525,0.0815
Oasis - John Williams,279.0,2.0,49.53,2025-09-02 11:00:30+00:00,0.091,0.035,0.15675,0.09175
Oasis - John Williams,279.0,2.0,49.53,2025-09-02 11:15:30+00:00,0.11475,0.02275,0.16675,0.1155
Oasis - John Williams,279.0,2.0,49.53,2025-09-02 11:30:30+00:00,0.07475,0.015,0.16075,0.075
Oasis - John Williams,279.0,2.0,49.53,2025-09-02 11:45:30+00:00,0.03425,0.01425,0.13475,0.0345
Oasis - John Williams,279.0,2.0,49.53,2025-09-02 12:00:30+00:00,0.03725,0.01425,0.13575,0.03725
Oasis - John Williams,279.0,2.0,49.53,2025-09-02 12:15:30+00:00,0.081,0.016,0.15875,0.08125
Oasis - John Williams,279.0,2.0,49.53,2025-09-02 12:30:30+00:00,0.11125,0.0245,0.17175,0.11125
Oasis - John Williams,279.0,2.0,49.53,2025-09-02 12:45:30+00:00,0.10075,0.0335,0.1635,0.10075
Oasis - John Williams,279.0,2.0,49.53,2025-09-02 13:00:30+00:00,0.08225,0.0255,0.1345,0.08225
Oasis - John Williams,279.0,2.0,49.53,2025-09-02 13:15:30+00:00,0.056,0.019,0.11025,0.056
Oasis - John Williams,279.0,2.0,49.53,2025-09-02 13:30:30+00:00,0.055,0.02375,0.08925,0.055
Oasis - John Williams,279.0,2.0,49.53,2025-09-02 13:45:30+00:00,0.05825,0.0355,0.08075,0.058
Oasis - John Williams,279.0,2.0,49.53,2025-09-02 14:00:30+00:00,0.061,0.03475,0.07975,0.061
Oasis - John Williams,279.0,2.0,49.53,2025-09-02 14:15:30+00:00,0.052,0.0275,0.08,0.052
Oasis - John Williams,279.0,2.0,49.53,2025-09-02 14:30:30+00:00,0.04725,0.02425,0.087,0.047
Oasis - John Williams,279.0,2.0,49.53,2025-09-02 14:45:30+00:00,0.06775,0.02325,0.0865,0.06725
Oasis - John Williams,279.0,2.0,49.53,2025-09-02 15:00:30+00:00,0.04875,0.011,0.09,0.0485
Oasis - John Williams,279.0,2.0,49.53,2025-09-02 15:15:30+00:00,0.0345,0.00975,0.0865,0.0345
Oasis - John Williams,279.0,2.0,49.53,2025-09-02 15:30:30+00:00,0.03575,0.009,0.1005,0.03575
Oasis - John Williams,279.0,2.0,49.53,2025-09-02 15:45:30+00:00,0.074,0.01475,0.1165,0.07175
Oasis - John Williams,279.0,2.0,49.53,2025-09-02 16:00:30+00:00,0.083,0.02225,0.1075,0.07975
Oasis - John Williams,279.0,2.0,49.53,2025-09-02 16:15:30+00:00,0.05,0.01375,0.0955,0.04875
Oasis - John Williams,279.0,2.0,49.53,2025-09-02 16:30:30+00:00,0.035,0.007,0.071,0.03475
Oasis - John Williams,279.0,2.0,49.53,2025-09-02 16:45:30+00:00,0.02525,0.00525,0.05575,0.025
Oasis - John Williams,279.0,2.0,49.53,2025-09-02 17:00:30+00:00,0.01725,0.0045,0.0435,0.01725
Oasis - John Williams,279.0,2.0,49.53,2025-09-02 17:15:30+00:00,0.0115,0.00375,0.042,0.0115
Oasis - John Williams,279.0,2.0,49.53,2025-09-02 17:30:30+00:00,0.02825,0.0055,0.03775,0.02625
Oasis - John Williams,279.0,2.0,49.53,2025-09-02 17:45:30+00:00,0.01075,0.00225,0.03075,0.01025
Oasis - John Williams,279.0,2.0,49.53,2025-09-02 18:00:30+00:00,0.01,0.002,0.019,0.0095
Oasis - John Williams,279.0,2.0,49.53,2025-09-02 18:15:30+00:00,0.00675,0.00125,0.011,0.0065
Oasis - John Williams,279.0,2.0,49.53,2025-09-02 18:30:30+00:00,0.002,0.001,0.0035,0.002
Oasis - John Williams,279.0,2.0,49.53,2025-09-02 18:45:30+00:00,0.00025,0.00025,0.0005,0.00025
Oasis - John Williams,279.0,2.0,49.53,2025-09-02 19:00:30+00:00,0.0,0.0,0.0,0.0
Oasis - John Williams,279.0,2.0,49.53,2025-09-02 19:15:30+00:00,0.0,0.0,0.0,0.0
Oasis - John Williams,279.0,2.0,49.53,2025-09-02 19:30:30+00:00,0.0,0.0,0.0,0.0
Oasis - John Williams,279.0,2.0,49.53,2025-09-02 19:45:30+00:00,0.0,0.0,0.0,0.0
Oasis - John Williams,279.0,2.0,49.53,2025-09-02 20:00:30+00:00,0.0,0.0,0.0,0.0
Oasis - John Williams,279.0,2.0,49.53,2025-09-02 20:15:30+00:00,0.0,0.0,0.0,0.0
Oasis - John Williams,279.0,2.0,49.53,2025-09-02 20:30:30+00:00,0.0,0.0,0.0,0.0
Oasis - John Williams,279.0,2.0,49.53,2025-09-02 20:45:30+00:00,0.0,0.0,0.0,0.0
Oasis - John Williams,279.0,2.0,49.53,2025-09-02 21:00:30+00:00,0.0,0.0,0.0,0.0
Oasis - John Williams,279.0,2.0,49.53,2025-09-02 21:15:30+00:00,0.0,0.0,0.0,0.0
Oasis - John Williams,279.0,2.0,49.53,2025-09-02 21:30:30+00:00,0.0,0.0,0.0,0.0
Oasis - John Williams,279.0,2.0,49.53,2025-09-02 21:45:30+00:00,0.0,0.0,0.0,0.0
Oasis - John Williams,279.0,2.0,49.53,2025-09-02 22:00:30+00:00,0.0,0.0,0.0,0.0
Oasis - John Williams,279.0,2.0,49.53,2025-09-02 22:15:30+00:00,0.0,0.0,0.0,0.0
Oasis - John Williams,279.0,2.0,49.53,2025-09-02 22:30:30+00:00,0.0,0.0,0.0,0.0
Oasis - John Williams,279.0,2.0,49.53,2025-09-02 22:45:30+00:00,0.0,0.0,0.0,0.0
Oasis - John Williams,279.0,2.0,49.53,2025-09-02 23:00:30+00:00,0.0,0.0,0.0,0.0
Oasis - John Williams,279.0,2.0,49.53,2025-09-02 23:15:30+00:00,0.0,0.0,0.0,0.0
Oasis - John Williams,279.0,2.0,49.53,2025-09-02 23:30:30+00:00,0.0,0.0,0.0,0.0
Oasis - John Williams,279.0,2.0,49.53,2025-09-02 23:45:30+00:00,0.0,0.0,0.0,0.0
Oasis - John Williams,279.0,2.0,49.53,2025-09-03 00:00:30+00:00,0.0,0.0,0.0,0.0
Oasis - John Williams,279.0,2.0,49.53,2025-09-03 00:15:30+00:00,0.0,0.0,0.0,0.0
Oasis - John Williams,279.0,2.0,49.53,2025-09-03 00:30:30+00:00,0.0,0.0,0.0,0.0
Oasis - John Williams,279.0,2.0,49.53,2025-09-03 00:45:30+00:00,0.0,0.0,0.0,0.0
Oasis - John Williams,279.0,2.0,49.53,2025-09-03 01:00:30+00:00,0.0,0.0,0.0,0.0
Oasis - John Williams,279.0,2.0,49.53,2025-09-03 01:15:30+00:00,0.0,0.0,0.0,0.0
Oasis - John Williams,279.0,2.0,49.53,2025-09-03 01:30:30+00:00,0.0,0.0,0.0,0.0
Oasis - John Williams,279.0,2.0,49.53,2025-09-03 01:45:30+00:00,0.0,0.0,0.0,0.0
Oasis - John Williams,279.0,2.0,49.53,2025-09-03 02:00:30+00:00,0.0,0.0,0.0,0.0
Oasis - John Williams,279.0,2.0,49.53,2025-09-03 02:15:30+00:00,0.0,0.0,0.0,0.0
Oasis - John Williams,279.0,2.0,49.53,2025-09-03 02:30:30+00:00,0.0,0.0,0.0,0.0
Oasis - John Williams,279.0,2.0,49.53,2025-09-03 02:45:30+00:00,0.0,0.0,0.0,0.0
Oasis - John Williams,279.0,2.0,49.53,2025-09-03 03:00:30+00:00,0.0,0.0,0.0,0.0
Oasis - John Williams,279.0,2.0,49.53,2025-09-03 03:15:30+00:00,0.0,0.0,0.0,0.0
Oasis - John Williams,279.0,2.0,49.53,2025-09-03 03:30:30+00:00,0.0,0.0,0.0,0.0
Oasis - John Williams,279.0,2.0,49.53,2025-09-03 03:45:30+00:00,0.0,0.0,0.0,0.0
Oasis - John Williams,279.0,2.0,49.53,2025-09-03 04:00:30+00:00,0.0,0.0,0.0,0.0
Oasis - John Williams,279.0,2.0,49.53,2025-09-03 04:15:30+00:00,0.0,0.0,0.0,0.0
Oasis - John Williams,279.0,2.0,49.53,2025-09-03 04:30:30+00:00,0.0,0.0,0.0,0.0
Oasis - John Williams,279.0,2.0,49.53,2025-09-03 04:45:30+00:00,0.0,0.0,0.0,0.0
Oasis - John Williams,279.0,2.0,49.53,2025-09-03 05:00:30+00:00,0.0,0.0,0.0,0.0
Oasis - John Williams,279.0,2.0,49.53,2025-09-03 05:15:30+00:00,0.0,0.0,0.0,0.0
Oasis - John Williams,279.0,2.0,49.53,2025-09-03 05:30:30+00:00,0.001,0.0005,0.00175,0.001
Oasis - John Williams,279.0,2.0,49.53,2025-09-03 05:45:30+00:00,0.0045,0.00125,0.00775,0.00475
Oasis - John Williams,279.0,2.0,49.53,2025-09-03 06:00:30+00:00,0.0095,0.002,0.01525,0.0105
Oasis - John Williams,279.0,2.0,49.53,2025-09-03 06:15:30+00:00,0.00925,0.00175,0.0215,0.0095
Oasis - John Williams,279.0,2.0,49.53,2025-09-03 06:30:30+00:00,0.00725,0.00275,0.02325,0.00725
Oasis - John Williams,279.0,2.0,49.53,2025-09-03 06:45:30+00:00,0.00425,0.0035,0.017,0.00425
Oasis - John Williams,279.0,2.0,49.53,2025-09-03 07:00:30+00:00,0.021,0.00425,0.0425,0.02125
Oasis - John Williams,279.0,2.0,49.53,2025-09-03 07:15:30+00:00,0.02775,0.008,0.067,0.02825
Oasis - John Williams,279.0,2.0,49.53,2025-09-03 07:30:30+00:00,0.06375,0.01275,0.07475,0.06725
Oasis - John Williams,279.0,2.0,49.53,2025-09-03 07:45:30+00:00,0.0455,0.02475,0.08675,0.047
Oasis - John Williams,279.0,2.0,49.53,2025-09-03 08:00:30+00:00,0.06975,0.026,0.0905,0.07275
Oasis - John Williams,279.0,2.0,49.53,2025-09-03 08:15:30+00:00,0.06025,0.036,0.09775,0.062
Oasis - John Williams,279.0,2.0,49.53,2025-09-03 08:30:30+00:00,0.069,0.0425,0.09575,0.071
Oasis - John Williams,279.0,2.0,49.53,2025-09-03 08:45:30+00:00,0.0775,0.03725,0.1035,0.0795
Oasis - John Williams,279.0,2.0,49.53,2025-09-03 09:00:30+00:00,0.0645,0.03,0.11575,0.0655
Oasis - John Williams,279.0,2.0,49.53,2025-09-03 09:15:30+00:00,0.075,0.015,0.11975,0.07625
Oasis - John Williams,279.0,2.0,49.53,2025-09-03 09:30:30+00:00,0.0485,0.01125,0.1195,0.049
Oasis - John Williams,279.0,2.0,49.53,2025-09-03 09:45:30+00:00,0.0345,0.012,0.09575,0.03475
Oasis - John Williams,279.0,2.0,49.53,2025-09-03 10:00:30+00:00,0.0215,0.0125,0.073,0.0215
Oasis - John Williams,279.0,2.0,49.53,2025-09-03 10:15:30+00:00,0.016,0.01275,0.05325,0.016
Oasis - John Williams,279.0,2.0,49.53,2025-09-03 10:30:30+00:00,0.022,0.01325,0.05225,0.022
Oasis - John Williams,279.0,2.0,49.53,2025-09-03 10:45:30+00:00,0.035,0.0135,0.05425,0.035
Oasis - John Williams,279.0,2.0,49.53,2025-09-03 11:00:30+00:00,0.02375,0.01375,0.05475,0.02375
Oasis - John Williams,279.0,2.0,49.53,2025-09-03 11:15:30+00:00,0.02025,0.014,0.0475,0.0205
Oasis - John Williams,279.0,2.0,49.53,2025-09-03 11:30:30+00:00,0.01775,0.01425,0.065,0.01775
Oasis - John Williams,279.0,2.0,49.53,2025-09-03 11:45:30+00:00,0.0165,0.01425,0.066,0.0165
Oasis - John Williams,279.0,2.0,49.53,2025-09-03 12:00:30+00:00,0.02875,0.0145,0.11525,0.02875
Oasis - John Williams,279.0,2.0,49.53,2025-09-03 12:15:30+00:00,0.1025,0.02025,0.1865,0.1025
Oasis - John Williams,279.0,2.0,49.53,2025-09-03 12:30:30+00:00,0.16725,0.0615,0.1955,0.167
Oasis - John Williams,279.0,2.0,49.53,2025-09-03 12:45:30+00:00,0.17025,0.08575,0.194,0.16975
Oasis - John Williams,279.0,2.0,49.53,2025-09-03 13:00:30+00:00,0.17275,0.089,0.19175,0.1715
Oasis - John Williams,279.0,2.0,49.53,2025-09-03 13:15:30+00:00,0.174,0.06125,0.1885,0.1725
Oasis - John Williams,279.0,2.0,49.53,2025-09-03 13:30:30+00:00,0.08525,0.03675,0.184,0.08425
Oasis - John Williams,279.0,2.0,49.53,2025-09-03 13:45:30+00:00,0.09375,0.02575,0.1715,0.09275
Oasis - John Williams,279.0,2.0,49.53,2025-09-03 14:00:30+00:00,0.1165,0.04925,0.1715,0.11525
Oasis - John Williams,279.0,2.0,49.53,2025-09-03 14:15:30+00:00,0.1205,0.07875,0.1625,0.1185
Oasis - John Williams,279.0,2.0,49.53,2025-09-03 14:30:30+00:00,0.12425,0.09025,0.152,0.1215
Oasis - John Williams,279.0,2.0,49.53,2025-09-03 14:45:30+00:00,0.1175,0.09275,0.14,0.11475
Oasis - John Williams,279.0,2.0,49.53,2025-09-03 15:00:30+00:00,0.10725,0.077,0.13075,0.1045
Oasis - John Williams,279.0,2.0,49.53,2025-09-03 15:15:30+00:00,0.08625,0.06875,0.1255,0.08425
Oasis - John Williams,279.0,2.0,49.53,2025-09-03 15:30:30+00:00,0.09875,0.0605,0.12725,0.0955
Oasis - John Williams,279.0,2.0,49.53,2025-09-03 15:45:30+00:00,0.09775,0.0515,0.1175,0.094
Oasis - John Williams,279.0,2.0,49.53,2025-09-03 16:00:30+00:00,0.06575,0.0325,0.106,0.06375
Oasis - John Williams,279.0,2.0,49.53,2025-09-03 16:15:30+00:00,0.04825,0.024,0.0935,0.04725
Oasis - John Williams,279.0,2.0,49.53,2025-09-03 16:30:30+00:00,0.06425,0.0265,0.08625,0.06125
Oasis - John Williams,279.0,2.0,49.53,2025-09-03 16:45:30+00:00,0.0655,0.0365,0.0765,0.061
Oasis - John Williams,279.0,2.0,49.53,2025-09-03 17:00:30+00:00,0.054,0.03575,0.0655,0.04975
Oasis - John Williams,279.0,2.0,49.53,2025-09-03 17:15:30+00:00,0.03975,0.031,0.0535,0.037
Oasis - John Williams,279.0,2.0,49.53,2025-09-03 17:30:30+00:00,0.0345,0.024,0.043,0.031
Oasis - John Williams,279.0,2.0,49.53,2025-09-03 17:45:30+00:00,0.028,0.019,0.03275,0.0245
Oasis - John Williams,279.0,2.0,49.53,2025-09-03 18:00:30+00:00,0.01975,0.0135,0.0225,0.01675
Oasis - John Williams,279.0,2.0,49.53,2025-09-03 18:15:30+00:00,0.011,0.00775,0.0125,0.00875
Oasis - John Williams,279.0,2.0,49.53,2025-09-03 18:30:30+00:00,0.003,0.00175,0.00325,0.0025
Oasis - John Williams,279.0,2.0,49.53,2025-09-03 18:45:30+00:00,0.0,0.0,0.0,0.0
Oasis - John Williams,279.0,2.0,49.53,2025-09-03 19:00:30+00:00,0.0,0.0,0.0,0.0
Oasis - John Williams,279.0,2.0,49.53,2025-09-03 19:15:30+00:00,0.0,0.0,0.0,0.0
Oasis - John Williams,279.0,2.0,49.53,2025-09-03 19:30:30+00:00,0.0,0.0,0.0,0.0
Oasis - John Williams,279.0,2.0,49.53,2025-09-03 19:45:30+00:00,0.0,0.0,0.0,0.0
Oasis - John Williams,279.0,2.0,49.53,2025-09-03 20:00:30+00:00,0.0,0.0,0.0,0.0
Oasis - John Williams,279.0,2.0,49.53,2025-09-03 20:15:30+00:00,0.0,0.0,0.0,0.0
Oasis - John Williams,279.0,2.0,49.53,2025-09-03 20:30:30+00:00,0.0,0.0,0.0,0.0
Oasis - John Williams,279.0,2.0,49.53,2025-09-03 20:45:30+00:00,0.0,0.0,0.0,0.0
Oasis - John Williams,279.0,2.0,49.53,2025-09-03 21:00:30+00:00,0.0,0.0,0.0,0.0
Oasis - John Williams,279.0,2.0,49.53,2025-09-03 21:15:30+00:00,0.0,0.0,0.0,0.0
Oasis - John Williams,279.0,2.0,49.53,2025-09-03 21:30:30+00:00,0.0,0.0,0.0,0.0
Oasis - John Williams,279.0,2.0,49.53,2025-09-03 21:45:30+00:00,0.0,0.0,0.0,0.0
Oasis - John Williams,279.0,2.0,49.53,2025-09-03 22:00:30+00:00,0.0,0.0,0.0,0.0
Oasis - John Williams,279.0,2.0,49.53,2025-09-03 22:15:30+00:00,0.0,0.0,0.0,0.0
Oasis - John Williams,279.0,2.0,49.53,2025-09-03 22:30:30+00:00,0.0,0.0,0.0,0.0
Oasis - John Williams,279.0,2.0,49.53,2025-09-03 22:45:30+00:00,0.0,0.0,0.0,0.0
Oasis - John Williams,279.0,2.0,49.53,2025-09-03 23:00:30+00:00,0.0,0.0,0.0,0.0
Oasis - John Williams,279.0,2.0,49.53,2025-09-03 23:15:30+00:00,0.0,0.0,0.0,0.0
Oasis - John Williams,279.0,2.0,49.53,2025-09-03 23:30:30+00:00,0.0,0.0,0.0,0.0
Oasis - John Williams,279.0,2.0,49.53,2025-09-03 23:45:30+00:00,0.0,0.0,0.0,0.0
Oasis - John Williams,279.0,2.0,49.53,2025-09-04 00:00:30+00:00,0.0,0.0,0.0,0.0
Oasis - John Williams,279.0,2.0,49.53,2025-09-04 00:15:30+00:00,0.0,0.0,0.0,0.0
Oasis - John Williams,279.0,2.0,49.53,2025-09-04 00:30:30+00:00,0.0,0.0,0.0,0.0
Oasis - John Williams,279.0,2.0,49.53,2025-09-04 00:45:30+00:00,0.0,0.0,0.0,0.0
Oasis - John Williams,279.0,2.0,49.53,2025-09-04 01:00:30+00:00,0.0,0.0,0.0,0.0
Oasis - John Williams,279.0,2.0,49.53,2025-09-04 01:15:30+00:00,0.0,0.0,0.0,0.0
Oasis - John Williams,279.0,2.0,49.53,2025-09-04 01:30:30+00:00,0.0,0.0,0.0,0.0
Oasis - John Williams,279.0,2.0,49.53,2025-09-04 01:45:30+00:00,0.0,0.0,0.0,0.0
Oasis - John Williams,279.0,2.0,49.53,2025-09-04 02:00:30+00:00,0.0,0.0,0.0,0.0
Oasis - John Williams,279.0,2.0,49.53,2025-09-04 02:15:30+00:00,0.0,0.0,0.0,0.0
Oasis - John Williams,279.0,2.0,49.53,2025-09-04 02:30:30+00:00,0.0,0.0,0.0,0.0
Oasis - John Williams,279.0,2.0,49.53,2025-09-04 02:45:30+00:00,0.0,0.0,0.0,0.0
Oasis - John Williams,279.0,2.0,49.53,2025-09-04 03:00:30+00:00,0.0,0.0,0.0,0.0
Oasis - John Williams,279.0,2.0,49.53,2025-09-04 03:15:30+00:00,0.0,0.0,0.0,0.0
Oasis - John Williams,279.0,2.0,49.53,2025-09-04 03:30:30+00:00,0.0,0.0,0.0,0.0
Oasis - John Williams,279.0,2.0,49.53,2025-09-04 03:45:30+00:00,0.0,0.0,0.0,0.0
Oasis - John Williams,279.0,2.0,49.53,2025-09-04 04:00:30+00:00,0.0,0.0,0.0,0.0
Oasis - John Williams,279.0,2.0,49.53,2025-09-04 04:15:30+00:00,0.0,0.0,0.0,0.0
Oasis - John Williams,279.0,2.0,49.53,2025-09-04 04:30:30+00:00,0.0,0.0,0.0,0.0
Oasis - John Williams,279.0,2.0,49.53,2025-09-04 04:45:30+00:00,0.0,0.0,0.0,0.0
Oasis - John Williams,279.0,2.0,49.53,2025-09-04 05:00:30+00:00,0.0,0.0,0.0,0.0
Oasis - John Williams,279.0,2.0,49.53,2025-09-04 05:15:30+00:00,0.0,0.0,0.0,0.0
Oasis - John Williams,279.0,2.0,49.53,2025-09-04 05:30:30+00:00,0.00125,0.00075,0.0015,0.00125
Oasis - John Williams,279.0,2.0,49.53,2025-09-04 05:45:30+00:00,0.005,0.00275,0.0055,0.0065
Oasis - John Williams,279.0,2.0,49.53,2025-09-04 06:00:30+00:00,0.0125,0.00425,0.01325,0.015
Oasis - John Williams,279.0,2.0,49.53,2025-09-04 06:15:30+00:00,0.01575,0.00375,0.023,0.01725
Oasis - John Williams,279.0,2.0,49.53,2025-09-04 06:30:30+00:00,0.017,0.0055,0.03375,0.018
Oasis - John Williams,279.0,2.0,49.53,2025-09-04 06:45:30+00:00,0.0295,0.01075,0.04275,0.03175
Oasis - John Williams,279.0,2.0,49.53,2025-09-04 07:00:30+00:00,0.04225,0.02325,0.05225,0.046
Oasis - John Williams,279.0,2.0,49.53,2025-09-04 07:15:30+00:00,0.055,0.03575,0.0625,0.05975
Oasis - John Williams,279.0,2.0,49.53,2025-09-04 07:30:30+00:00,0.06,0.0505,0.07375,0.064
Oasis - John Williams,279.0,2.0,49.53,2025-09-04 07:45:30+00:00,0.07425,0.06075,0.08375,0.0795
Oasis - John Williams,279.0,2.0,49.53,2025-09-04 08:00:30+00:00,0.08575,0.0695,0.0935,0.09175
Oasis - John Williams,279.0,2.0,49.53,2025-09-04 08:15:30+00:00,0.09525,0.06825,0.10375,0.10125
Oasis - John Williams,279.0,2.0,49.53,2025-09-04 08:30:30+00:00,0.10675,0.058,0.1145,0.11225
Oasis - John Williams,279.0,2.0,49.53,2025-09-04 08:45:30+00:00,0.09575,0.03775,0.12525,0.0995
Oasis - John Williams,279.0,2.0,49.53,2025-09-04 09:00:30+00:00,0.07325,0.02575,0.13425,0.07475
Oasis - John Williams,279.0,2.0,49.53,2025-09-04 09:15:30+00:00,0.069,0.03025,0.1175,0.07
Oasis - John Williams,279.0,2.0,49.53,2025-09-04 09:30:30+00:00,0.078,0.04325,0.107,0.07925
Oasis - John Williams,279.0,2.0,49.53,2025-09-04 09:45:30+00:00,0.078,0.06125,0.1095,0.07925
Oasis - John Williams,279.0,2.0,49.53,2025-09-04 10:00:30+00:00,0.09925,0.063,0.11725,0.101
Oasis - John Williams,279.0,2.0,49.53,2025-09-04 10:15:30+00:00,0.09325,0.0615,0.12625,0.0945
Oasis - John Williams,279.0,2.0,49.53,2025-09-04 10:30:30+00:00,0.08875,0.062,0.13875,0.0895
Oasis - John Williams,279.0,2.0,49.53,2025-09-04 10:45:30+00:00,0.118,0.0675,0.15675,0.1195
Oasis - John Williams,279.0,2.0,49.53,2025-09-04 11:00:30+00:00,0.12925,0.07975,0.163,0.1305
Oasis - John Williams,279.0,2.0,49.53,2025-09-04 11:15:30+00:00,0.1165,0.08925,0.171,0.1175
Oasis - John Williams,279.0,2.0,49.53,2025-09-04 11:30:30+00:00,0.14375,0.093,0.1665,0.145
Oasis - John Williams,279.0,2.0,49.53,2025-09-04 11:45:30+00:00,0.129,0.10575,0.17825,0.12975
Oasis - John Williams,279.0,2.0,49.53,2025-09-04 12:00:30+00:00,0.1525,0.09475,0.196,0.15325
Oasis - John Williams,279.0,2.0,49.53,2025-09-04 12:15:30+00:00,0.15375,0.08725,0.19625,0.154
Oasis - John Williams,279.0,2.0,49.53,2025-09-04 12:30:30+00:00,0.15225,0.04325,0.1955,0.15225
Oasis - John Williams,279.0,2.0,49.53,2025-09-04 12:45:30+00:00,0.07625,0.01525,0.185,0.07625
Oasis - John Williams,279.0,2.0,49.53,2025-09-04 13:00:30+00:00,0.068,0.014,0.1625,0.06775
Oasis - John Williams,279.0,2.0,49.53,2025-09-04 13:15:30+00:00,0.10325,0.0205,0.15775,0.10275
Oasis - John Williams,279.0,2.0,49.53,2025-09-04 13:30:30+00:00,0.079,0.01575,0.14525,0.0785
Oasis - John Williams,279.0,2.0,49.53,2025-09-04 13:45:30+00:00,0.03725,0.013,0.1355,0.03725
Oasis - John Williams,279.0,2.0,49.53,2025-09-04 14:00:30+00:00,0.0685,0.01375,0.1455,0.068
Oasis - John Williams,279.0,2.0,49.53,2025-09-04 14:15:30+00:00,0.10275,0.02425,0.15825,0.1015
Oasis - John Williams,279.0,2.0,49.53,2025-09-04 14:30:30+00:00,0.1015,0.047,0.1505,0.0995
Oasis - John Williams,279.0,2.0,49.53,2025-09-04 14:45:30+00:00,0.09075,0.0575,0.13725,0.08875
Oasis - John Williams,279.0,2.0,49.53,2025-09-04 15:00:30+00:00,0.099,0.06325,0.133,0.0965
Oasis - John Williams,279.0,2.0,49.53,2025-09-04 15:15:30+00:00,0.104,0.07075,0.135,0.10075
Oasis - John Williams,279.0,2.0,49.53,2025-09-04 15:30:30+00:00,0.10575,0.0785,0.12675,0.1015
Oasis - John Williams,279.0,2.0,49.53,2025-09-04 15:45:30+00:00,0.097,0.071,0.11775,0.09275
Oasis - John Williams,279.0,2.0,49.53,2025-09-04 16:00:30+00:00,0.0805,0.05925,0.1065,0.07725
Oasis - John Williams,279.0,2.0,49.53,2025-09-04 16:15:30+00:00,0.081,0.0365,0.09625,0.07725
Oasis - John Williams,279.0,2.0,49.53,2025-09-04 16:30:30+00:00,0.0455,0.0295,0.084,0.044
Oasis - John Williams,279.0,2.0,49.53,2025-09-04 16:45:30+00:00,0.05525,0.01725,0.0715,0.0525
Oasis - John Williams,279.0,2.0,49.53,2025-09-04 17:00:30+00:00,0.03075,0.0155,0.06075,0.0295
Oasis - John Williams,279.0,2.0,49.53,2025-09-04 17:15:30+00:00,0.02925,0.01175,0.04925,0.0275
Oasis - John Williams,279.0,2.0,49.53,2025-09-04 17:30:30+00:00,0.03175,0.013,0.0415,0.029
Oasis - John Williams,279.0,2.0,49.53,2025-09-04 17:45:30+00:00,0.0255,0.01275,0.031,0.0225
Oasis - John Williams,279.0,2.0,49.53,2025-09-04 18:00:30+00:00,0.0145,0.00875,0.02,0.01275
Oasis - John Williams,279.0,2.0,49.53,2025-09-04 18:15:30+00:00,0.00625,0.00375,0.0095,0.006
Oasis - John Williams,279.0,2.0,49.53,2025-09-04 18:30:30+00:00,0.0015,0.00125,0.002,0.00125
Oasis - John Williams,279.0,2.0,49.53,2025-09-04 18:45:30+00:00,0.0,0.0,0.0,0.0
Oasis - John Williams,279.0,2.0,49.53,2025-09-04 19:00:30+00:00,0.0,0.0,0.0,0.0
Oasis - John Williams,279.0,2.0,49.53,2025-09-04 19:15:30+00:00,0.0,0.0,0.0,0.0
Oasis - John Williams,279.0,2.0,49.53,2025-09-04 19:30:30+00:00,0.0,0.0,0.0,0.0
Oasis - John Williams,279.0,2.0,49.53,2025-09-04 19:45:30+00:00,0.0,0.0,0.0,0.0
Oasis - John Williams,279.0,2.0,49.53,2025-09-04 20:00:30+00:00,0.0,0.0,0.0,0.0
Oasis - John Williams,279.0,2.0,49.53,2025-09-04 20:15:30+00:00,0.0,0.0,0.0,0.0
Oasis - John Williams,279.0,2.0,49.53,2025-09-04 20:30:30+00:00,0.0,0.0,0.0,0.0
Oasis - John Williams,279.0,2.0,49.53,2025-09-04 20:45:30+00:00,0.0,0.0,0.0,0.0
Oasis - John Williams,279.0,2.0,49.53,2025-09-04 21:00:30+00:00,0.0,0.0,0.0,0.0
Oasis - John Williams,279.0,2.0,49.53,2025-09-04 21:15:30+00:00,0.0,0.0,0.0,0.0
Oasis - John Williams,279.0,2.0,49.53,2025-09-04 21:30:30+00:00,0.0,0.0,0.0,0.0
Oasis - John Williams,279.0,2.0,49.53,2025-09-04 21:45:30+00:00,0.0,0.0,0.0,0.0
Oasis - John Williams,279.0,2.0,49.53,2025-09-04 22:00:30+00:00,0.0,0.0,0.0,0.0
Oasis - John Williams,279.0,2.0,49.53,2025-09-04 22:15:30+00:00,0.0,0.0,0.0,0.0
Oasis - John Williams,279.0,2.0,49.53,2025-09-04 22:30:30+00:00,0.0,0.0,0.0,0.0
Oasis - John Williams,279.0,2.0,49.53,2025-09-04 22:45:30+00:00,0.0,0.0,0.0,0.0
Oasis - John Williams,279.0,2.0,49.53,2025-09-04 23:00:30+00:00,0.0,0.0,0.0,0.0
Oasis - John Williams,279.0,2.0,49.53,2025-09-04 23:15:30+00:00,0.0,0.0,0.0,0.0
Oasis - John Williams,279.0,2.0,49.53,2025-09-04 23:30:30+00:00,0.0,0.0,0.0,0.0
Oasis - John Williams,279.0,2.0,49.53,2025-09-04 23:45:30+00:00,0.0,0.0,0.0,0.0
Oasis - John Williams,279.0,2.0,49.53,2025-09-05 00:00:30+00:00,0.0,0.0,0.0,0.0
Oasis - John Williams,279.0,2.0,49.53,2025-09-05 00:15:30+00:00,0.0,0.0,0.0,0.0
Oasis - John Williams,279.0,2.0,49.53,2025-09-05 00:30:30+00:00,0.0,0.0,0.0,0.0
Oasis - John Williams,279.0,2.0,49.53,2025-09-05 00:45:30+00:00,0.0,0.0,0.0,0.0
Oasis - John Williams,279.0,2.0,49.53,2025-09-05 01:00:30+00:00,0.0,0.0,0.0,0.0
Oasis - John Williams,279.0,2.0,49.53,2025-09-05 01:15:30+00:00,0.0,0.0,0.0,0.0
Oasis - John Williams,279.0,2.0,49.53,2025-09-05 01:30:30+00:00,0.0,0.0,0.0,0.0
Oasis - John Williams,279.0,2.0,49.53,2025-09-05 01:45:30+00:00,0.0,0.0,0.0,0.0
Oasis - John Williams,279.0,2.0,49.53,2025-09-05 02:00:30+00:00,0.0,0.0,0.0,0.0
Oasis - John Williams,279.0,2.0,49.53,2025-09-05 02:15:30+00:00,0.0,0.0,0.0,0.0
Oasis - John Williams,279.0,2.0,49.53,2025-09-05 02:30:30+00:00,0.0,0.0,0.0,0.0
Oasis - John Williams,279.0,2.0,49.53,2025-09-05 02:45:30+00:00,0.0,0.0,0.0,0.0
Oasis - John Williams,279.0,2.0,49.53,2025-09-05 03:00:30+00:00,0.0,0.0,0.0,0.0
Oasis - John Williams,279.0,2.0,49.53,2025-09-05 03:15:30+00:00,0.0,0.0,0.0,0.0
Oasis - John Williams,279.0,2.0,49.53,2025-09-05 03:30:30+00:00,0.0,0.0,0.0,0.0
Oasis - John Williams,279.0,2.0,49.53,2025-09-05 03:45:30+00:00,0.0,0.0,0.0,0.0
Oasis - John Williams,279.0,2.0,49.53,2025-09-05 04:00:30+00:00,0.0,0.0,0.0,0.0
Oasis - John Williams,279.0,2.0,49.53,2025-09-05 04:15:30+00:00,0.0,0.0,0.0,0.0
Oasis - John Williams,279.0,2.0,49.53,2025-09-05 04:30:30+00:00,0.0,0.0,0.0,0.0
Oasis - John Williams,279.0,2.0,49.53,2025-09-05 04:45:30+00:00,0.0,0.0,0.0,0.0
Oasis - John Williams,279.0,2.0,49.53,2025-09-05 05:00:30+00:00,0.0,0.0,0.0,0.0
Oasis - John Williams,279.0,2.0,49.53,2025-09-05 05:15:30+00:00,0.0,0.0,0.0,0.0
Oasis - John Williams,279.0,2.0,49.53,2025-09-05 05:30:30+00:00,0.001,0.0005,0.001,0.001
Oasis - John Williams,279.0,2.0,49.53,2025-09-05 05:45:30+00:00,0.00425,0.0035,0.005,0.00575
Oasis - John Williams,279.0,2.0,49.53,2025-09-05 06:00:30+00:00,0.0105,0.00775,0.01175,0.0135
Oasis - John Williams,279.0,2.0,49.53,2025-09-05 06:15:30+00:00,0.0185,0.014,0.02025,0.02225
Oasis - John Williams,279.0,2.0,49.53,2025-09-05 06:30:30+00:00,0.02725,0.02125,0.02975,0.03175
Oasis - John Williams,279.0,2.0,49.53,2025-09-05 06:45:30+00:00,0.03625,0.02975,0.03975,0.04125
Oasis - John Williams,279.0,2.0,49.53,2025-09-05 07:00:30+00:00,0.04575,0.03875,0.05,0.051
Oasis - John Williams,279.0,2.0,49.53,2025-09-05 07:15:30+00:00,0.05525,0.0485,0.06075,0.06075
Oasis - John Williams,279.0,2.0,49.53,2025-09-05 07:30:30+00:00,0.065,0.05875,0.07125,0.07075
Oasis - John Williams,279.0,2.0,49.53,2025-09-05 07:45:30+00:00,0.07475,0.0695,0.08,0.08075
Oasis - John Williams,279.0,2.0,49.53,2025-09-05 08:00:30+00:00,0.0845,0.08,0.08875,0.0905
Oasis - John Williams,279.0,2.0,49.53,2025-09-05 08:15:30+00:00,0.094,0.09,0.098,0.09975
Oasis - John Williams,279.0,2.0,49.53,2025-09-05 08:30:30+00:00,0.10325,0.09875,0.1075,0.10925
Oasis - John Williams,279.0,2.0,49.53,2025-09-05 08:45:30+00:00,0.11225,0.105,0.11875,0.118
Oasis - John Williams,279.0,2.0,49.53,2025-09-05 09:00:30+00:00,0.12025,0.10925,0.1305,0.12575
Oasis - John Williams,279.0,2.0,49.53,2025-09-05 09:15:30+00:00,0.12725,0.11125,0.1395,0.1325
Oasis - John Williams,279.0,2.0,49.53,2025-09-05 09:30:30+00:00,0.129,0.10825,0.1495,0.1335
Oasis - John Williams,279.0,2.0,49.53,2025-09-05 09:45:30+00:00,0.13175,0.1085,0.15725,0.13575
Oasis - John Williams,279.0,2.0,49.53,2025-09-05 10:00:30+00:00,0.139,0.10275,0.161,0.14275
Oasis - John Williams,279.0,2.0,49.53,2025-09-05 10:15:30+00:00,0.125,0.09425,0.1715,0.1275
Oasis - John Williams,279.0,2.0,49.53,2025-09-05 10:30:30+00:00,0.13875,0.081,0.177,0.14125
Oasis - John Williams,279.0,2.0,49.53,2025-09-05 10:45:30+00:00,0.1295,0.06075,0.18125,0.13125
Oasis - John Williams,279.0,2.0,49.53,2025-09-05 11:00:30+00:00,0.09375,0.05875,0.166,0.0945
Oasis - John Williams,279.0,2.0,49.53,2025-09-05 11:15:30+00:00,0.1125,0.06475,0.16475,0.1135
Oasis - John Williams,279.0,2.0,49.53,2025-09-05 11:30:30+00:00,0.13675,0.085,0.16925,0.13775
Oasis - John Williams,279.0,2.0,49.53,2025-09-05 11:45:30+00:00,0.13175,0.091,0.17025,0.1325
Oasis - John Williams,279.0,2.0,49.53,2025-09-05 12:00:30+00:00,0.1225,0.096,0.17,0.12275
Oasis - John Williams,279.0,2.0,49.53,2025-09-05 12:15:30+00:00,0.1445,0.1025,0.1785,0.1445
Oasis - John Williams,279.0,2.0,49.53,2025-09-05 12:30:30+00:00,0.154,0.111,0.18175,0.154
Oasis - John Williams,279.0,2.0,49.53,2025-09-05 12:45:30+00:00,0.14,0.10675,0.17425,0.1395
Oasis - John Williams,279.0,2.0,49.53,2025-09-05 13:00:30+00:00,0.12675,0.09975,0.164,0.12625
Oasis - John Williams,279.0,2.0,49.53,2025-09-05 13:15:30+00:00,0.12875,0.10225,0.16775,0.12775
Oasis - John Williams,279.0,2.0,49.53,2025-09-05 13:30:30+00:00,0.149,0.11,0.17175,0.14725
Oasis - John Williams,279.0,2.0,49.53,2025-09-05 13:45:30+00:00,0.14425,0.11875,0.1665,0.14225
Oasis - John Williams,279.0,2.0,49.53,2025-09-05 14:00:30+00:00,0.13425,0.1185,0.15375,0.132
Oasis - John Williams,279.0,2.0,49.53,2025-09-05 14:15:30+00:00,0.12975,0.1185,0.144,0.127
Oasis - John Williams,279.0,2.0,49.53,2025-09-05 14:30:30+00:00,0.1295,0.111,0.139,0.12625
Oasis - John Williams,279.0,2.0,49.53,2025-09-05 14:45:30+00:00,0.11525,0.0975,0.13975,0.1125
Oasis - John Williams,279.0,2.0,49.53,2025-09-05 15:00:30+00:00,0.11175,0.07975,0.14375,0.1085
Oasis - John Williams,279.0,2.0,49.53,2025-09-05 15:15:30+00:00,0.112,0.05375,0.135,0.10825
Oasis - John Williams,279.0,2.0,49.53,2025-09-05 15:30:30+00:00,0.07625,0.02975,0.124,0.0745
Oasis - John Williams,279.0,2.0,49.53,2025-09-05 15:45:30+00:00,0.055,0.011,0.1005,0.05425
Oasis - John Williams,279.0,2.0,49.53,2025-09-05 16:00:30+00:00,0.0325,0.0075,0.07625,0.03225
Oasis - John Williams,279.0,2.0,49.53,2025-09-05 16:15:30+00:00,0.03725,0.0125,0.0625,0.03675
Oasis - John Williams,279.0,2.0,49.53,2025-09-05 16:30:30+00:00,0.0425,0.017,0.05625,0.0415
Oasis - John Williams,279.0,2.0,49.53,2025-09-05 16:45:30+00:00,0.029,0.01275,0.0515,0.02875
Oasis - John Williams,279.0,2.0,49.53,2025-09-05 17:00:30+00:00,0.02475,0.00875,0.04625,0.0245
Oasis - John Williams,279.0,2.0,49.53,2025-09-05 17:15:30+00:00,0.02925,0.00575,0.0405,0.02775
Oasis - John Williams,279.0,2.0,49.53,2025-09-05 17:30:30+00:00,0.0105,0.00275,0.0325,0.01025
Oasis - John Williams,279.0,2.0,49.53,2025-09-05 17:45:30+00:00,0.01275,0.0025,0.0215,0.01225
Oasis - John Williams,279.0,2.0,49.53,2025-09-05 18:00:30+00:00,0.006,0.00125,0.01425,0.00575
Oasis - John Williams,279.0,2.0,49.53,2025-09-05 18:15:30+00:00,0.0015,0.0005,0.006,0.0015
Oasis - John Williams,279.0,2.0,49.53,2025-09-05 18:30:30+00:00,0.00025,0.0,0.00125,0.00025
Oasis - John Williams,279.0,2.0,49.53,2025-09-05 18:45:30+00:00,0.0,0.0,0.0,0.0
Oasis - John Williams,279.0,2.0,49.53,2025-09-05 19:00:30+00:00,0.0,0.0,0.0,0.0
Oasis - John Williams,279.0,2.0,49.53,2025-09-05 19:15:30+00:00,0.0,0.0,0.0,0.0
Oasis - John Williams,279.0,2.0,49.53,2025-09-05 19:30:30+00:00,0.0,0.0,0.0,0.0
Oasis - John Williams,279.0,2.0,49.53,2025-09-05 19:45:30+00:00,0.0,0.0,0.0,0.0
Oasis - John Williams,279.0,2.0,49.53,2025-09-05 20:00:30+00:00,0.0,0.0,0.0,0.0
Oasis - John Williams,279.0,2.0,49.53,2025-09-05 20:15:30+00:00,0.0,0.0,0.0,0.0
Oasis - John Williams,279.0,2.0,49.53,2025-09-05 20:30:30+00:00,0.0,0.0,0.0,0.0
Oasis - John Williams,279.0,2.0,49.53,2025-09-05 20:45:30+00:00,0.0,0.0,0.0,0.0
Oasis - John Williams,279.0,2.0,49.53,2025-09-05 21:00:30+00:00,0.0,0.0,0.0,0.0
Oasis - John Williams,279.0,2.0,49.53,2025-09-05 21:15:30+00:00,0.0,0.0,0.0,0.0
Oasis - John Williams,279.0,2.0,49.53,2025-09-05 21:30:30+00:00,0.0,0.0,0.0,0.0
Oasis - John Williams,279.0,2.0,49.53,2025-09-05 21:45:30+00:00,0.0,0.0,0.0,0.0
Oasis - John Williams,279.0,2.0,49.53,2025-09-05 22:00:30+00:00,0.0,0.0,0.0,0.0
Oasis - John Williams,279.0,2.0,49.53,2025-09-05 22:15:30+00:00,0.0,0.0,0.0,0.0
Oasis - John Williams,279.0,2.0,49.53,2025-09-05 22:30:30+00:00,0.0,0.0,0.0,0.0
Oasis - John Williams,279.0,2.0,49.53,2025-09-05 22:45:30+00:00,0.0,0.0,0.0,0.0
Oasis - John Williams,279.0,2.0,49.53,2025-09-05 23:00:30+00:00,0.0,0.0,0.0,0.0
Oasis - John Williams,279.0,2.0,49.53,2025-09-05 23:15:30+00:00,0.0,0.0,0.0,0.0
Oasis - John Williams,279.0,2.0,49.53,2025-09-05 23:30:30+00:00,0.0,0.0,0.0,0.0
Oasis - John Williams,279.0,2.0,49.53,2025-09-05 23:45:30+00:00,0.0,0.0,0.0,0.0
Oasis - John Williams,279.0,2.0,49.53,2025-09-06 00:00:30+00:00,0.0,0.0,0.0,0.0
Oasis - John Williams,279.0,2.0,49.53,2025-09-06 00:15:30+00:00,0.0,0.0,0.0,0.0
Oasis - John Williams,279.0,2.0,49.53,2025-09-06 00:30:30+00:00,0.0,0.0,0.0,0.0
Oasis - John Williams,279.0,2.0,49.53,2025-09-06 00:45:30+00:00,0.0,0.0,0.0,0.0
Oasis - John Williams,279.0,2.0,49.53,2025-09-06 01:00:30+00:00,0.0,0.0,0.0,0.0
Oasis - John Williams,279.0,2.0,49.53,2025-09-06 01:15:30+00:00,0.0,0.0,0.0,0.0
Oasis - John Williams,279.0,2.0,49.53,2025-09-06 01:30:30+00:00,0.0,0.0,0.0,0.0
Oasis - John Williams,279.0,2.0,49.53,2025-09-06 01:45:30+00:00,0.0,0.0,0.0,0.0
Oasis - John Williams,279.0,2.0,49.53,2025-09-06 02:00:30+00:00,0.0,0.0,0.0,0.0
Oasis - John Williams,279.0,2.0,49.53,2025-09-06 02:15:30+00:00,0.0,0.0,0.0,0.0
Oasis - John Williams,279.0,2.0,49.53,2025-09-06 02:30:30+00:00,0.0,0.0,0.0,0.0
Oasis - John Williams,279.0,2.0,49.53,2025-09-06 02:45:30+00:00,0.0,0.0,0.0,0.0
Oasis - John Williams,279.0,2.0,49.53,2025-09-06 03:00:30+00:00,0.0,0.0,0.0,0.0
Oasis - John Williams,279.0,2.0,49.53,2025-09-06 03:15:30+00:00,0.0,0.0,0.0,0.0
Oasis - John Williams,279.0,2.0,49.53,2025-09-06 03:30:30+00:00,0.0,0.0,0.0,0.0
Oasis - John Williams,279.0,2.0,49.53,2025-09-06 03:45:30+00:00,0.0,0.0,0.0,0.0
Oasis - John Williams,279.0,2.0,49.53,2025-09-06 04:00:30+00:00,0.0,0.0,0.0,0.0
Oasis - John Williams,279.0,2.0,49.53,2025-09-06 04:15:30+00:00,0.0,0.0,0.0,0.0
Oasis - John Williams,279.0,2.0,49.53,2025-09-06 04:30:30+00:00,0.0,0.0,0.0,0.0
Oasis - John Williams,279.0,2.0,49.53,2025-09-06 04:45:30+00:00,0.0,0.0,0.0,0.0
Oasis - John Williams,279.0,2.0,49.53,2025-09-06 05:00:30+00:00,0.0,0.0,0.0,0.0
Oasis - John Williams,279.0,2.0,49.53,2025-09-06 05:15:30+00:00,0.0,0.0,0.0,0.0
Oasis - John Williams,279.0,2.0,49.53,2025-09-06 05:30:30+00:00,0.00025,0.00025,0.0005,0.00025
Oasis - John Williams,279.0,2.0,49.53,2025-09-06 05:45:30+00:00,0.00275,0.00075,0.0055,0.00275
Oasis - John Williams,279.0,2.0,49.53,2025-09-06 06:00:30+00:00,0.0065,0.00325,0.01325,0.00675
Oasis - John Williams,279.0,2.0,49.53,2025-09-06 06:15:30+00:00,0.01525,0.00325,0.02075,0.017
Oasis - John Williams,279.0,2.0,49.53,2025-09-06 06:30:30+00:00,0.0155,0.003,0.03025,0.01625
Oasis - John Williams,279.0,2.0,49.53,2025-09-06 06:45:30+00:00,0.0185,0.00375,0.03275,0.019
Oasis - John Williams,279.0,2.0,49.53,2025-09-06 07:00:30+00:00,0.01925,0.0085,0.037,0.0195
Oasis - John Williams,279.0,2.0,49.53,2025-09-06 07:15:30+00:00,0.02975,0.016,0.04025,0.03075
Oasis - John Williams,279.0,2.0,49.53,2025-09-06 07:30:30+00:00,0.0355,0.02225,0.0455,0.0365
Oasis - John Williams,279.0,2.0,49.53,2025-09-06 07:45:30+00:00,0.0365,0.02575,0.0505,0.037
Oasis - John Williams,279.0,2.0,49.53,2025-09-06 08:00:30+00:00,0.042,0.026,0.056,0.04275
Oasis - John Williams,279.0,2.0,49.53,2025-09-06 08:15:30+00:00,0.04425,0.03025,0.068,0.04475
Oasis - John Williams,279.0,2.0,49.53,2025-09-06 08:30:30+00:00,0.06025,0.02875,0.0885,0.0615
Oasis - John Williams,279.0,2.0,49.53,2025-09-06 08:45:30+00:00,0.07125,0.02825,0.107,0.07275
Oasis - John Williams,279.0,2.0,49.53,2025-09-06 09:00:30+00:00,0.071,0.03475,0.1335,0.07225
Oasis - John Williams,279.0,2.0,49.53,2025-09-06 09:15:30+00:00,0.10825,0.0515,0.14025,0.11175
Oasis - John Williams,279.0,2.0,49.53,2025-09-06 09:30:30+00:00,0.12775,0.079,0.1475,0.132
Oasis - John Williams,279.0,2.0,49.53,2025-09-06 09:45:30+00:00,0.1325,0.08375,0.1555,0.13625
Oasis - John Williams,279.0,2.0,49.53,2025-09-06 10:00:30+00:00,0.1245,0.082,0.163,0.12725
Oasis - John Williams,279.0,2.0,49.53,2025-09-06 10:15:30+00:00,0.12225,0.06625,0.16525,0.1245
Oasis - John Williams,279.0,2.0,49.53,2025-09-06 10:30:30+00:00,0.1,0.065,0.15225,0.10125
Oasis - John Williams,279.0,2.0,49.53,2025-09-06 10:45:30+00:00,0.1025,0.0715,0.13225,0.1035
Oasis - John Williams,279.0,2.0,49.53,2025-09-06 11:00:30+00:00,0.10275,0.08275,0.129,0.10375
Oasis - John Williams,279.0,2.0,49.53,2025-09-06 11:15:30+00:00,0.11175,0.0865,0.1315,0.11275
Oasis - John Williams,279.0,2.0,49.53,2025-09-06 11:30:30+00:00,0.11225,0.08775,0.142,0.11275
Oasis - John Williams,279.0,2.0,49.53,2025-09-06 11:45:30+00:00,0.1205,0.0885,0.157,0.121
Oasis - John Williams,279.0,2.0,49.53,2025-09-06 12:00:30+00:00,0.13525,0.0935,0.1675,0.1355
Oasis - John Williams,279.0,2.0,49.53,2025-09-06 12:15:30+00:00,0.13575,0.10075,0.179,0.13575
Oasis - John Williams,279.0,2.0,49.53,2025-09-06 12:30:30+00:00,0.14825,0.10825,0.18475,0.148
Oasis - John Williams,279.0,2.0,49.53,2025-09-06 12:45:30+00:00,0.15525,0.12175,0.18775,0.1545
Oasis - John Williams,279.0,2.0,49.53,2025-09-06 13:00:30+00:00,0.16025,0.13175,0.18675,0.15925
Oasis - John Williams,279.0,2.0,49.53,2025-09-06 13:15:30+00:00,0.162,0.14225,0.17925,0.16025
Oasis - John Williams,279.0,2.0,49.53,2025-09-06 13:30:30+00:00,0.15925,0.14325,0.17125,0.15725
Oasis - John Williams,279.0,2.0,49.53,2025-09-06 13:45:30+00:00,0.15,0.141,0.1655,0.14775
Oasis - John Williams,279.0,2.0,49.53,2025-09-06 14:00:30+00:00,0.15075,0.13675,0.16175,0.14775
Oasis - John Williams,279.0,2.0,49.53,2025-09-06 14:15:30+00:00,0.14675,0.13525,0.15725,0.14325
Oasis - John Williams,279.0,2.0,49.53,2025-09-06 14:30:30+00:00,0.141,0.13125,0.15,0.137
Oasis - John Williams,279.0,2.0,49.53,2025-09-06 14:45:30+00:00,0.13425,0.12525,0.14125,0.13
Oasis - John Williams,279.0,2.0,49.53,2025-09-06 15:00:30+00:00,0.12425,0.11675,0.133,0.12
Oasis - John Williams,279.0,2.0,49.53,2025-09-06 15:15:30+00:00,0.11575,0.1085,0.123,0.1115
Oasis - John Williams,279.0,2.0,49.53,2025-09-06 15:30:30+00:00,0.10725,0.10025,0.114,0.10275
Oasis - John Williams,279.0,2.0,49.53,2025-09-06 15:45:30+00:00,0.0985,0.08975,0.107,0.09375
Oasis - John Williams,279.0,2.0,49.53,2025-09-06 16:00:30+00:00,0.08925,0.07625,0.10125,0.08475
Oasis - John Williams,279.0,2.0,49.53,2025-09-06 16:15:30+00:00,0.078,0.066,0.09275,0.07375
Oasis - John Williams,279.0,2.0,49.53,2025-09-06 16:30:30+00:00,0.07675,0.0545,0.08175,0.07225
Oasis - John Williams,279.0,2.0,49.53,2025-09-06 16:45:30+00:00,0.0555,0.04525,0.07,0.0525
Oasis - John Williams,279.0,2.0,49.53,2025-09-06 17:00:30+00:00,0.04825,0.03625,0.06,0.04475
Oasis - John Williams,279.0,2.0,49.53,2025-09-06 17:15:30+00:00,0.04125,0.03025,0.04925,0.0375
Oasis - John Williams,279.0,2.0,49.53,2025-09-06 17:30:30+00:00,0.031,0.02325,0.03825,0.02775
Oasis - John Williams,279.0,2.0,49.53,2025-09-06 17:45:30+00:00,0.02175,0.0155,0.0275,0.019
Oasis - John Williams,279.0,2.0,49.53,2025-09-06 18:00:30+00:00,0.0135,0.009,0.017,0.0115
Oasis - John Williams,279.0,2.0,49.53,2025-09-06 18:15:30+00:00,0.00525,0.00425,0.00675,0.005
Oasis - John Williams,279.0,2.0,49.53,2025-09-06 18:30:30+00:00,0.002,0.0015,0.0025,0.002
Oasis - John Williams,279.0,2.0,49.53,2025-09-06 18:45:30+00:00,0.0,0.0,0.0,0.0
Oasis - John Williams,279.0,2.0,49.53,2025-09-06 19:00:30+00:00,0.0,0.0,0.0,0.0
Oasis - John Williams,279.0,2.0,49.53,2025-09-06 19:15:30+00:00,0.0,0.0,0.0,0.0
Oasis - John Williams,279.0,2.0,49.53,2025-09-06 19:30:30+00:00,0.0,0.0,0.0,0.0
Oasis - John Williams,279.0,2.0,49.53,2025-09-06 19:45:30+00:00,0.0,0.0,0.0,0.0
Oasis - John Williams,279.0,2.0,49.53,2025-09-06 20:00:30+00:00,0.0,0.0,0.0,0.0
Oasis - John Williams,279.0,2.0,49.53,2025-09-06 20:15:30+00:00,0.0,0.0,0.0,0.0
Oasis - John Williams,279.0,2.0,49.53,2025-09-06 20:30:30+00:00,0.0,0.0,0.0,0.0
Oasis - John Williams,279.0,2.0,49.53,2025-09-06 20:45:30+00:00,0.0,0.0,0.0,0.0
Oasis - John Williams,279.0,2.0,49.53,2025-09-06 21:00:30+00:00,0.0,0.0,0.0,0.0
Oasis - John Williams,279.0,2.0,49.53,2025-09-06 21:15:30+00:00,0.0,0.0,0.0,0.0
Oasis - John Williams,279.0,2.0,49.53,2025-09-06 21:30:30+00:00,0.0,0.0,0.0,0.0
Oasis - John Williams,279.0,2.0,49.53,2025-09-06 21:45:30+00:00,0.0,0.0,0.0,0.0
Oasis - John Williams,279.0,2.0,49.53,2025-09-06 22:00:30+00:00,0.0,0.0,0.0,0.0
Oasis - John Williams,279.0,2.0,49.53,2025-09-06 22:15:30+00:00,0.0,0.0,0.0,0.0
Oasis - John Williams,279.0,2.0,49.53,2025-09-06 22:30:30+00:00,0.0,0.0,0.0,0.0
Oasis - John Williams,279.0,2.0,49.53,2025-09-06 22:45:30+00:00,0.0,0.0,0.0,0.0
Oasis - John Williams,279.0,2.0,49.53,2025-09-06 23:00:30+00:00,0.0,0.0,0.0,0.0
Oasis - John Williams,279.0,2.0,49.53,2025-09-06 23:15:30+00:00,0.0,0.0,0.0,0.0
Oasis - John Williams,279.0,2.0,49.53,2025-09-06 23:30:30+00:00,0.0,0.0,0.0,0.0
Oasis - John Williams,279.0,2.0,49.53,2025-09-06 23:45:30+00:00,0.0,0.0,0.0,0.0
Oasis - John Williams,279.0,2.0,49.53,2025-09-07 00:00:30+00:00,0.0,0.0,0.0,0.0
Oasis - John Williams,279.0,2.0,49.53,2025-09-07 00:15:30+00:00,0.0,0.0,0.0,0.0
Oasis - John Williams,279.0,2.0,49.53,2025-09-07 00:30:30+00:00,0.0,0.0,0.0,0.0
Oasis - John Williams,279.0,2.0,49.53,2025-09-07 00:45:30+00:00,0.0,0.0,0.0,0.0
Oasis - John Williams,279.0,2.0,49.53,2025-09-07 01:00:30+00:00,0.0,0.0,0.0,0.0
Oasis - John Williams,279.0,2.0,49.53,2025-09-07 01:15:30+00:00,0.0,0.0,0.0,0.0
Oasis - John Williams,279.0,2.0,49.53,2025-09-07 01:30:30+00:00,0.0,0.0,0.0,0.0
Oasis - John Williams,279.0,2.0,49.53,2025-09-07 01:45:30+00:00,0.0,0.0,0.0,0.0
Oasis - John Williams,279.0,2.0,49.53,2025-09-07 02:00:30+00:00,0.0,0.0,0.0,0.0
Oasis - John Williams,279.0,2.0,49.53,2025-09-07 02:15:30+00:00,0.0,0.0,0.0,0.0
Oasis - John Williams,279.0,2.0,49.53,2025-09-07 02:30:30+00:00,0.0,0.0,0.0,0.0
Oasis - John Williams,279.0,2.0,49.53,2025-09-07 02:45:30+00:00,0.0,0.0,0.0,0.0
Oasis - John Williams,279.0,2.0,49.53,2025-09-07 03:00:30+00:00,0.0,0.0,0.0,0.0
Oasis - John Williams,279.0,2.0,49.53,2025-09-07 03:15:30+00:00,0.0,0.0,0.0,0.0
Oasis - John Williams,279.0,2.0,49.53,2025-09-07 03:30:30+00:00,0.0,0.0,0.0,0.0
Oasis - John Williams,279.0,2.0,49.53,2025-09-07 03:45:30+00:00,0.0,0.0,0.0,0.0
Oasis - John Williams,279.0,2.0,49.53,2025-09-07 04:00:30+00:00,0.0,0.0,0.0,0.0
Oasis - John Williams,279.0,2.0,49.53,2025-09-07 04:15:30+00:00,0.0,0.0,0.0,0.0
Oasis - John Williams,279.0,2.0,49.53,2025-09-07 04:30:30+00:00,0.0,0.0,0.0,0.0
Oasis - John Williams,279.0,2.0,49.53,2025-09-07 04:45:30+00:00,0.0,0.0,0.0,0.0
Oasis - John Williams,279.0,2.0,49.53,2025-09-07 05:00:30+00:00,0.0,0.0,0.0,0.0
Oasis - John Williams,279.0,2.0,49.53,2025-09-07 05:15:30+00:00,0.0,0.0,0.0,0.0
Oasis - John Williams,279.0,2.0,49.53,2025-09-07 05:30:30+00:00,0.0,0.0,0.00025,0.0
Oasis - John Williams,279.0,2.0,49.53,2025-09-07 05:45:30+00:00,0.00225,0.00075,0.00475,0.00225
Oasis - John Williams,279.0,2.0,49.53,2025-09-07 06:00:30+00:00,0.00575,0.00125,0.0105,0.00575
Oasis - John Williams,279.0,2.0,49.53,2025-09-07 06:15:30+00:00,0.00675,0.0015,0.01925,0.00675
Oasis - John Williams,279.0,2.0,49.53,2025-09-07 06:30:30+00:00,0.01425,0.00275,0.03075,0.01475
Oasis - John Williams,279.0,2.0,49.53,2025-09-07 06:45:30+00:00,0.0305,0.006,0.039,0.03325
Oasis - John Williams,279.0,2.0,49.53,2025-09-07 07:00:30+00:00,0.0225,0.0045,0.04625,0.0235
Oasis - John Williams,279.0,2.0,49.53,2025-09-07 07:15:30+00:00,0.01325,0.00475,0.04475,0.01325
Oasis - John Williams,279.0,2.0,49.53,2025-09-07 07:30:30+00:00,0.01925,0.0055,0.0385,0.0195
Oasis - John Williams,279.0,2.0,49.53,2025-09-07 07:45:30+00:00,0.0135,0.00625,0.036,0.0135
Oasis - John Williams,279.0,2.0,49.53,2025-09-07 08:00:30+00:00,0.0165,0.007,0.03125,0.0165
Oasis - John Williams,279.0,2.0,49.53,2025-09-07 08:15:30+00:00,0.01275,0.00775,0.03525,0.01275
Oasis - John Williams,279.0,2.0,49.53,2025-09-07 08:30:30+00:00,0.0255,0.0085,0.04025,0.02575
Oasis - John Williams,279.0,2.0,49.53,2025-09-07 08:45:30+00:00,0.0245,0.00925,0.045,0.0245
Oasis - John Williams,279.0,2.0,49.53,2025-09-07 09:00:30+00:00,0.017,0.00975,0.04225,0.01725
Oasis - John Williams,279.0,2.0,49.53,2025-09-07 09:15:30+00:00,0.00975,0.00625,0.0355,0.00975
Oasis - John Williams,279.0,2.0,49.53,2025-09-07 09:30:30+00:00,0.01075,0.007,0.03225,0.011
Oasis - John Williams,279.0,2.0,49.53,2025-09-07 09:45:30+00:00,0.016,0.0115,0.034,0.016
Oasis - John Williams,279.0,2.0,49.53,2025-09-07 10:00:30+00:00,0.01425,0.012,0.03925,0.0145
Oasis - John Williams,279.0,2.0,49.53,2025-09-07 10:15:30+00:00,0.02025,0.0125,0.05425,0.0205
Oasis - John Williams,279.0,2.0,49.53,2025-09-07 10:30:30+00:00,0.031,0.013,0.065,0.031
Oasis - John Williams,279.0,2.0,49.53,2025-09-07 10:45:30+00:00,0.02775,0.01325,0.0825,0.02775
Oasis - John Williams,279.0,2.0,49.53,2025-09-07 11:00:30+00:00,0.059,0.0135,0.084,0.05925
Oasis - John Williams,279.0,2.0,49.53,2025-09-07 11:15:30+00:00,0.045,0.01375,0.08725,0.04525
Oasis - John Williams,279.0,2.0,49.53,2025-09-07 11:30:30+00:00,0.041,0.014,0.07725,0.04125
Oasis - John Williams,279.0,2.0,49.53,2025-09-07 11:45:30+00:00,0.041,0.014,0.0785,0.041
Oasis - John Williams,279.0,2.0,49.53,2025-09-07 12:00:30+00:00,0.0295,0.014,0.09075,0.02975
Oasis - John Williams,279.0,2.0,49.53,2025-09-07 12:15:30+00:00,0.04025,0.014,0.1205,0.04025
Oasis - John Williams,279.0,2.0,49.53,2025-09-07 12:30:30+00:00,0.0805,0.016,0.14575,0.0805
Oasis - John Williams,279.0,2.0,49.53,2025-09-07 12:45:30+00:00,0.09875,0.01975,0.147,0.0985
Oasis - John Williams,279.0,2.0,49.53,2025-09-07 13:00:30+00:00,0.0635,0.019,0.13725,0.0635
Oasis - John Williams,279.0,2.0,49.53,2025-09-07 13:15:30+00:00,0.0715,0.02625,0.1375,0.07125
Oasis - John Williams,279.0,2.0,49.53,2025-09-07 13:30:30+00:00,0.11025,0.041,0.14425,0.1095
Oasis - John Williams,279.0,2.0,49.53,2025-09-07 13:45:30+00:00,0.095,0.0375,0.15275,0.09425
Oasis - John Williams,279.0,2.0,49.53,2025-09-07 14:00:30+00:00,0.079,0.01975,0.14175,0.0785
Oasis - John Williams,279.0,2.0,49.53,2025-09-07 14:15:30+00:00,0.0675,0.0135,0.12325,0.067
Oasis - John Williams,279.0,2.0,49.53,2025-09-07 14:30:30+00:00,0.02625,0.01125,0.10225,0.026
Oasis - John Williams,279.0,2.0,49.53,2025-09-07 14:45:30+00:00,0.02675,0.0105,0.08425,0.02675
Oasis - John Williams,279.0,2.0,49.53,2025-09-07 15:00:30+00:00,0.018,0.01,0.07275,0.018
Oasis - John Williams,279.0,2.0,49.53,2025-09-07 15:15:30+00:00,0.0915,0.01825,0.113,0.089
Oasis - John Williams,279.0,2.0,49.53,2025-09-07 15:30:30+00:00,0.055,0.011,0.10975,0.05375
Oasis - John Williams,279.0,2.0,49.53,2025-09-07 15:45:30+00:00,0.02475,0.00775,0.0865,0.02475
Oasis - John Williams,279.0,2.0,49.53,2025-09-07 16:00:30+00:00,0.0515,0.01025,0.07875,0.05
Oasis - John Williams,279.0,2.0,49.53,2025-09-07 16:15:30+00:00,0.03825,0.008,0.0735,0.0375
Oasis - John Williams,279.0,2.0,49.53,2025-09-07 16:30:30+00:00,0.03225,0.0095,0.07,0.03175
Oasis - John Williams,279.0,2.0,49.53,2025-09-07 16:45:30+00:00,0.0505,0.017,0.06725,0.04775
Oasis - John Williams,279.0,2.0,49.53,2025-09-07 17:00:30+00:00,0.0425,0.0225,0.05725,0.04
Oasis - John Williams,279.0,2.0,49.53,2025-09-07 17:15:30+00:00,0.0305,0.01875,0.04575,0.02875
Oasis - John Williams,279.0,2.0,49.53,2025-09-07 17:30:30+00:00,0.02375,0.01575,0.0335,0.022
Oasis - John Williams,279.0,2.0,49.53,2025-09-07 17:45:30+00:00,0.0195,0.0115,0.02525,0.0175
Oasis - John Williams,279.0,2.0,49.53,2025-09-07 18:00:30+00:00,0.0125,0.00775,0.01575,0.01075
Oasis - John Williams,279.0,2.0,49.53,2025-09-07 18:15:30+00:00,0.0045,0.0035,0.00575,0.00425
Oasis - John Williams,279.0,2.0,49.53,2025-09-07 18:30:30+00:00,0.0015,0.00125,0.002,0.0015
Oasis - John Williams,279.0,2.0,49.53,2025-09-07 18:45:30+00:00,0.0,0.0,0.0,0.0
Oasis - John Williams,279.0,2.0,49.53,2025-09-07 19:00:30+00:00,0.0,0.0,0.0,0.0
Oasis - John Williams,279.0,2.0,49.53,2025-09-07 19:15:30+00:00,0.0,0.0,0.0,0.0
Oasis - John Williams,279.0,2.0,49.53,2025-09-07 19:30:30+00:00,0.0,0.0,0.0,0.0
Oasis - John Williams,279.0,2.0,49.53,2025-09-07 19:45:30+00:00,0.0,0.0,0.0,0.0
Oasis - John Williams,279.0,2.0,49.53,2025-09-07 20:00:30+00:00,0.0,0.0,0.0,0.0
Oasis - John Williams,279.0,2.0,49.53,2025-09-07 20:15:30+00:00,0.0,0.0,0.0,0.0
Oasis - John Williams,279.0,2.0,49.53,2025-09-07 20:30:30+00:00,0.0,0.0,0.0,0.0
Oasis - John Williams,279.0,2.0,49.53,2025-09-07 20:45:30+00:00,0.0,0.0,0.0,0.0
Oasis - John Williams,279.0,2.0,49.53,2025-09-07 21:00:30+00:00,0.0,0.0,0.0,0.0
Oasis - John Williams,279.0,2.0,49.53,2025-09-07 21:15:30+00:00,0.0,0.0,0.0,0.0
Oasis - John Williams,279.0,2.0,49.53,2025-09-07 21:30:30+00:00,0.0,0.0,0.0,0.0
Oasis - John Williams,279.0,2.0,49.53,2025-09-07 21:45:30+00:00,0.0,0.0,0.0,0.0
Oasis - John Williams,279.0,2.0,49.53,2025-09-07 22:00:30+00:00,0.0,0.0,0.0,0.0
Oasis - John Williams,279.0,2.0,49.53,2025-09-07 22:15:30+00:00,0.0,0.0,0.0,0.0
Oasis - John Williams,279.0,2.0,49.53,2025-09-07 22:30:30+00:00,0.0,0.0,0.0,0.0
Oasis - John Williams,279.0,2.0,49.53,2025-09-07 22:45:30+00:00,0.0,0.0,0.0,0.0
Oasis - John Williams,279.0,2.0,49.53,2025-09-07 23:00:30+00:00,0.0,0.0,0.0,0.0
Oasis - John Williams,279.0,2.0,49.53,2025-09-07 23:15:30+00:00,0.0,0.0,0.0,0.0
Oasis - John Williams,279.0,2.0,49.53,2025-09-07 23:30:30+00:00,0.0,0.0,0.0,0.0
Oasis - John Williams,279.0,2.0,49.53,2025-09-07 23:45:30+00:00,0.0,0.0,0.0,0.0
Oasis - John Williams,279.0,2.0,49.53,2025-09-08 00:00:30+00:00,0.0,0.0,0.0,0.0
Oasis - John Williams,279.0,2.0,49.53,2025-09-08 00:15:30+00:00,0.0,0.0,0.0,0.0
Oasis - John Williams,279.0,2.0,49.53,2025-09-08 00:30:30+00:00,0.0,0.0,0.0,0.0
Oasis - John Williams,279.0,2.0,49.53,2025-09-08 00:45:30+00:00,0.0,0.0,0.0,0.0
Oasis - John Williams,279.0,2.0,49.53,2025-09-08 01:00:30+00:00,0.0,0.0,0.0,0.0
Oasis - John Williams,279.0,2.0,49.53,2025-09-08 01:15:30+00:00,0.0,0.0,0.0,0.0
Oasis - John Williams,279.0,2.0,49.53,2025-09-08 01:30:30+00:00,0.0,0.0,0.0,0.0
Oasis - John Williams,279.0,2.0,49.53,2025-09-08 01:45:30+00:00,0.0,0.0,0.0,0.0
Oasis - John Williams,279.0,2.0,49.53,2025-09-08 02:00:30+00:00,0.0,0.0,0.0,0.0
Oasis - John Williams,279.0,2.0,49.53,2025-09-08 02:15:30+00:00,0.0,0.0,0.0,0.0
Oasis - John Williams,279.0,2.0,49.53,2025-09-08 02:30:30+00:00,0.0,0.0,0.0,0.0
Oasis - John Williams,279.0,2.0,49.53,2025-09-08 02:45:30+00:00,0.0,0.0,0.0,0.0
Oasis - John Williams,279.0,2.0,49.53,2025-09-08 03:00:30+00:00,0.0,0.0,0.0,0.0
Oasis - John Williams,279.0,2.0,49.53,2025-09-08 03:15:30+00:00,0.0,0.0,0.0,0.0
Oasis - John Williams,279.0,2.0,49.53,2025-09-08 03:30:30+00:00,0.0,0.0,0.0,0.0
Oasis - John Williams,279.0,2.0,49.53,2025-09-08 03:45:30+00:00,0.0,0.0,0.0,0.0
Oasis - John Williams,279.0,2.0,49.53,2025-09-08 04:00:30+00:00,0.0,0.0,0.0,0.0
Oasis - John Williams,279.0,2.0,49.53,2025-09-08 04:15:30+00:00,0.0,0.0,0.0,0.0
Oasis - John Williams,279.0,2.0,49.53,2025-09-08 04:30:30+00:00,0.0,0.0,0.0,0.0
Oasis - John Williams,279.0,2.0,49.53,2025-09-08 04:45:30+00:00,0.0,0.0,0.0,0.0
Oasis - John Williams,279.0,2.0,49.53,2025-09-08 05:00:30+00:00,0.0,0.0,0.0,0.0
Oasis - John Williams,279.0,2.0,49.53,2025-09-08 05:15:30+00:00,0.0,0.0,0.0,0.0
Oasis - John Williams,279.0,2.0,49.53,2025-09-08 05:30:30+00:00,0.0,0.0,0.0,0.0
Oasis - John Williams,279.0,2.0,49.53,2025-09-08 05:45:30+00:00,0.00325,0.00275,0.00375,0.00375
Oasis - John Williams,279.0,2.0,49.53,2025-09-08 06:00:30+00:00,0.00825,0.006,0.00975,0.0105
Oasis - John Williams,279.0,2.0,49.53,2025-09-08 06:15:30+00:00,0.0155,0.0115,0.01775,0.019
Oasis - John Williams,279.0,2.0,49.53,2025-09-08 06:30:30+00:00,0.024,0.0185,0.027,0.028
Oasis - John Williams,279.0,2.0,49.53,2025-09-08 06:45:30+00:00,0.03275,0.02625,0.037,0.0375
Oasis - John Williams,279.0,2.0,49.53,2025-09-08 07:00:30+00:00,0.042,0.035,0.047,0.047
Oasis - John Williams,279.0,2.0,49.53,2025-09-08 07:15:30+00:00,0.0515,0.0445,0.05775,0.057
Oasis - John Williams,279.0,2.0,49.53,2025-09-08 07:30:30+00:00,0.061,0.0545,0.06775,0.06675
Oasis - John Williams,279.0,2.0,49.53,2025-09-08 07:45:30+00:00,0.07075,0.065,0.0765,0.0765
Oasis - John Williams,279.0,2.0,49.53,2025-09-08 08:00:30+00:00,0.0805,0.0755,0.08525,0.08625
Oasis - John Williams,279.0,2.0,49.53,2025-09-08 08:15:30+00:00,0.08975,0.0855,0.094,0.0955
Oasis - John Williams,279.0,2.0,49.53,2025-09-08 08:30:30+00:00,0.099,0.0945,0.103,0.10475
Oasis - John Williams,279.0,2.0,49.53,2025-09-08 08:45:30+00:00,0.10775,0.103,0.1125,0.1135
Oasis - John Williams,279.0,2.0,49.53,2025-09-08 09:00:30+00:00,0.1165,0.11125,0.12125,0.122
Oasis - John Williams,279.0,2.0,49.53,2025-09-08 09:15:30+00:00,0.12475,0.1185,0.13025,0.13
Oasis - John Williams,279.0,2.0,49.53,2025-09-08 09:30:30+00:00,0.13175,0.12275,0.14075,0.13675
Oasis - John Williams,279.0,2.0,49.53,2025-09-08 09:45:30+00:00,0.1385,0.12375,0.152,0.14325
Oasis - John Williams,279.0,2.0,49.53,2025-09-08 10:00:30+00:00,0.14325,0.116,0.16075,0.1475
Oasis - John Williams,279.0,2.0,49.53,2025-09-08 10:15:30+00:00,0.14125,0.108,0.1675,0.14475
Oasis - John Williams,279.0,2.0,49.53,2025-09-08 10:30:30+00:00,0.14,0.09275,0.1735,0.14275
Oasis - John Williams,279.0,2.0,49.53,2025-09-08 10:45:30+00:00,0.12325,0.076,0.17875,0.125
Oasis - John Williams,279.0,2.0,49.53,2025-09-08 11:00:30+00:00,0.13075,0.05825,0.183,0.1325
Oasis - John Williams,279.0,2.0,49.53,2025-09-08 11:15:30+00:00,0.11425,0.03375,0.17875,0.11525
Oasis - John Williams,279.0,2.0,49.53,2025-09-08 11:30:30+00:00,0.07225,0.023,0.1595,0.0725
Oasis - John Williams,279.0,2.0,49.53,2025-09-08 11:45:30+00:00,0.08575,0.024,0.16725,0.08625
Oasis - John Williams,279.0,2.0,49.53,2025-09-08 12:00:30+00:00,0.12775,0.04675,0.187,0.12825
Oasis - John Williams,279.0,2.0,49.53,2025-09-08 12:15:30+00:00,0.13575,0.07725,0.19125,0.136
Oasis - John Williams,279.0,2.0,49.53,2025-09-08 12:30:30+00:00,0.14475,0.07425,0.18975,0.1445
Oasis - John Williams,279.0,2.0,49.53,2025-09-08 12:45:30+00:00,0.11425,0.06425,0.1885,0.114
Oasis - John Williams,279.0,2.0,49.53,2025-09-08 13:00:30+00:00,0.12375,0.02525,0.183,0.123
Oasis - John Williams,279.0,2.0,49.53,2025-09-08 13:15:30+00:00,0.07275,0.0145,0.1565,0.07225
Oasis - John Williams,279.0,2.0,49.53,2025-09-08 13:30:30+00:00,0.02925,0.013,0.114,0.02925
Oasis - John Williams,279.0,2.0,49.53,2025-09-08 13:45:30+00:00,0.026,0.0125,0.089,0.026
Oasis - John Williams,279.0,2.0,49.53,2025-09-08 14:00:30+00:00,0.041,0.01225,0.07125,0.041
Oasis - John Williams,279.0,2.0,49.53,2025-09-08 14:15:30+00:00,0.01875,0.01175,0.06,0.01875
Oasis - John Williams,279.0,2.0,49.53,2025-09-08 14:30:30+00:00,0.0095,0.006,0.038,0.0095
Oasis - John Williams,279.0,2.0,49.53,2025-09-08 14:45:30+00:00,0.01775,0.0105,0.06975,0.01775
Oasis - John Williams,279.0,2.0,49.53,2025-09-08 15:00:30+00:00,0.0365,0.01,0.08825,0.0365
Oasis - John Williams,279.0,2.0,49.53,2025-09-08 15:15:30+00:00,0.046,0.00925,0.11075,0.04575
Oasis - John Williams,279.0,2.0,49.53,2025-09-08 15:30:30+00:00,0.0825,0.02225,0.12025,0.07975
Oasis - John Williams,279.0,2.0,49.53,2025-09-08 15:45:30+00:00,0.09725,0.04675,0.1115,0.09275
Oasis - John Williams,279.0,2.0,49.53,2025-09-08 16:00:30+00:00,0.0875,0.06125,0.1015,0.08275
Oasis - John Williams,279.0,2.0,49.53,2025-09-08 16:15:30+00:00,0.08175,0.06625,0.0915,0.0765
Oasis - John Williams,279.0,2.0,49.53,2025-09-08 16:30:30+00:00,0.07275,0.06325,0.08075,0.06725
Oasis - John Williams,279.0,2.0,49.53,2025-09-08 16:45:30+00:00,0.0625,0.05375,0.06975,0.05725
Oasis - John Williams,279.0,2.0,49.53,2025-09-08 17:00:30+00:00,0.05375,0.04425,0.05875,0.0485
Oasis - John Williams,279.0,2.0,49.53,2025-09-08 17:15:30+00:00,0.04325,0.03475,0.04775,0.0385
Oasis - John Williams,279.0,2.0,49.53,2025-09-08 17:30:30+00:00,0.03275,0.02525,0.03675,0.0285
Oasis - John Williams,279.0,2.0,49.53,2025-09-08 17:45:30+00:00,0.023,0.017,0.026,0.0195
Oasis - John Williams,279.0,2.0,49.53,2025-09-08 18:00:30+00:00,0.01375,0.01,0.0155,0.011
Oasis - John Williams,279.0,2.0,49.53,2025-09-08 18:15:30+00:00,0.0045,0.004,0.005,0.004
Oasis - John Williams,279.0,2.0,49.53,2025-09-08 18:30:30+00:00,0.0005,0.00025,0.00075,0.0005
Oasis - John Williams,279.0,2.0,49.53,2025-09-08 18:45:30+00:00,0.0,0.0,0.0,0.0
Oasis - John Williams,279.0,2.0,49.53,2025-09-08 19:00:30+00:00,0.0,0.0,0.0,0.0
Oasis - John Williams,279.0,2.0,49.53,2025-09-08 19:15:30+00:00,0.0,0.0,0.0,0.0
Oasis - John Williams,279.0,2.0,49.53,2025-09-08 19:30:30+00:00,0.0,0.0,0.0,0.0
Oasis - John Williams,279.0,2.0,49.53,2025-09-08 19:45:30+00:00,0.0,0.0,0.0,0.0
Oasis - John Williams,279.0,2.0,49.53,2025-09-08 20:00:30+00:00,0.0,0.0,0.0,0.0
Oasis - John Williams,279.0,2.0,49.53,2025-09-08 20:15:30+00:00,0.0,0.0,0.0,0.0
Oasis - John Williams,279.0,2.0,49.53,2025-09-08 20:30:30+00:00,0.0,0.0,0.0,0.0
Oasis - John Williams,279.0,2.0,49.53,2025-09-08 20:45:30+00:00,0.0,0.0,0.0,0.0
Oasis - John Williams,279.0,2.0,49.53,2025-09-08 21:00:30+00:00,0.0,0.0,0.0,0.0
Oasis - John Williams,279.0,2.0,49.53,2025-09-08 21:15:30+00:00,0.0,0.0,0.0,0.0
Oasis - John Williams,279.0,2.0,49.53,2025-09-08 21:30:30+00:00,0.0,0.0,0.0,0.0
Oasis - John Williams,279.0,2.0,49.53,2025-09-08 21:45:30+00:00,0.0,0.0,0.0,0.0
Oasis - John Williams,279.0,2.0,49.53,2025-09-08 22:00:30+00:00,0.0,0.0,0.0,0.0
Oasis - John Williams,279.0,2.0,49.53,2025-09-08 22:15:30+00:00,0.0,0.0,0.0,0.0
Oasis - John Williams,279.0,2.0,49.53,2025-09-08 22:30:30+00:00,0.0,0.0,0.0,0.0
Oasis - John Williams,279.0,2.0,49.53,2025-09-08 22:45:30+00:00,0.0,0.0,0.0,0.0
Oasis - John Williams,279.0,2.0,49.53,2025-09-08 23:00:30+00:00,0.0,0.0,0.0,0.0
Oasis - John Williams,279.0,2.0,49.53,2025-09-08 23:15:30+00:00,0.0,0.0,0.0,0.0
Oasis - John Williams,279.0,2.0,49.53,2025-09-08 23:30:30+00:00,0.0,0.0,0.0,0.0
Oasis - John Williams,279.0,2.0,49.53,2025-09-08 23:45:30+00:00,0.0,0.0,0.0,0.0
Oasis - John Williams,279.0,2.0,49.53,2025-09-09 00:00:30+00:00,0.0,0.0,0.0,0.0
Oasis - John Williams,279.0,2.0,49.53,2025-09-09 00:15:30+00:00,0.0,0.0,0.0,0.0
Oasis - John Williams,279.0,2.0,49.53,2025-09-09 00:30:30+00:00,0.0,0.0,0.0,0.0
Oasis - John Williams,279.0,2.0,49.53,2025-09-09 00:45:30+00:00,0.0,0.0,0.0,0.0
Oasis - John Williams,279.0,2.0,49.53,2025-09-09 01:00:30+00:00,0.0,0.0,0.0,0.0
Oasis - John Williams,279.0,2.0,49.53,2025-09-09 01:15:30+00:00,0.0,0.0,0.0,0.0
Oasis - John Williams,279.0,2.0,49.53,2025-09-09 01:30:30+00:00,0.0,0.0,0.0,0.0
Oasis - John Williams,279.0,2.0,49.53,2025-09-09 01:45:30+00:00,0.0,0.0,0.0,0.0
Oasis - John Williams,279.0,2.0,49.53,2025-09-09 02:00:30+00:00,0.0,0.0,0.0,0.0
Oasis - John Williams,279.0,2.0,49.53,2025-09-09 02:15:30+00:00,0.0,0.0,0.0,0.0
Oasis - John Williams,279.0,2.0,49.53,2025-09-09 02:30:30+00:00,0.0,0.0,0.0,0.0
Oasis - John Williams,279.0,2.0,49.53,2025-09-09 02:45:30+00:00,0.0,0.0,0.0,0.0
Oasis - John Williams,279.0,2.0,49.53,2025-09-09 03:00:30+00:00,0.0,0.0,0.0,0.0
Oasis - John Williams,279.0,2.0,49.53,2025-09-09 03:15:30+00:00,0.0,0.0,0.0,0.0
Oasis - John Williams,279.0,2.0,49.53,2025-09-09 03:30:30+00:00,0.0,0.0,0.0,0.0
Oasis - John Williams,279.0,2.0,49.53,2025-09-09 03:45:30+00:00,0.0,0.0,0.0,0.0
Oasis - John Williams,279.0,2.0,49.53,2025-09-09 04:00:30+00:00,0.0,0.0,0.0,0.0
Oasis - John Williams,279.0,2.0,49.53,2025-09-09 04:15:30+00:00,0.0,0.0,0.0,0.0
Oasis - John Williams,279.0,2.0,49.53,2025-09-09 04:30:30+00:00,0.0,0.0,0.0,0.0
Oasis - John Williams,279.0,2.0,49.53,2025-09-09 04:45:30+00:00,0.0,0.0,0.0,0.0
Oasis - John Williams,279.0,2.0,49.53,2025-09-09 05:00:30+00:00,0.0,0.0,0.0,0.0
Oasis - John Williams,279.0,2.0,49.53,2025-09-09 05:15:30+00:00,0.0,0.0,0.0,0.0
Oasis - John Williams,279.0,2.0,49.53,2025-09-09 05:30:30+00:00,0.0015,0.001,0.0015,0.0015
Oasis - John Williams,279.0,2.0,49.53,2025-09-09 05:45:30+00:00,0.00375,0.00325,0.00425,0.00375
Oasis - John Williams,279.0,2.0,49.53,2025-09-09 06:00:30+00:00,0.00775,0.00575,0.00875,0.00975
Oasis - John Williams,279.0,2.0,49.53,2025-09-09 06:15:30+00:00,0.01475,0.0105,0.0165,0.018
Oasis - John Williams,279.0,2.0,49.53,2025-09-09 06:30:30+00:00,0.023,0.0165,0.02575,0.027
Oasis - John Williams,279.0,2.0,49.53,2025-09-09 06:45:30+00:00,0.03,0.02275,0.03575,0.034
Oasis - John Williams,279.0,2.0,49.53,2025-09-09 07:00:30+00:00,0.0375,0.03025,0.046,0.0415
Oasis - John Williams,279.0,2.0,49.53,2025-09-09 07:15:30+00:00,0.0485,0.03925,0.05625,0.05325
Oasis - John Williams,279.0,2.0,49.53,2025-09-09 07:30:30+00:00,0.05925,0.04775,0.06625,0.06475
Oasis - John Williams,279.0,2.0,49.53,2025-09-09 07:45:30+00:00,0.0685,0.0515,0.07675,0.074
Oasis - John Williams,279.0,2.0,49.53,2025-09-09 08:00:30+00:00,0.075,0.051,0.08775,0.08
Oasis - John Williams,279.0,2.0,49.53,2025-09-09 08:15:30+00:00,0.075,0.04775,0.099,0.0785
Oasis - John Williams,279.0,2.0,49.53,2025-09-09 08:30:30+00:00,0.071,0.0515,0.09875,0.07325
Oasis - John Williams,279.0,2.0,49.53,2025-09-09 08:45:30+00:00,0.07825,0.0605,0.10125,0.08075
Oasis - John Williams,279.0,2.0,49.53,2025-09-09 09:00:30+00:00,0.0925,0.0735,0.10875,0.09575
Oasis - John Williams,279.0,2.0,49.53,2025-09-09 09:15:30+00:00,0.10275,0.0825,0.11925,0.106
Oasis - John Williams,279.0,2.0,49.53,2025-09-09 09:30:30+00:00,0.10725,0.084,0.12225,0.11025
Oasis - John Williams,279.0,2.0,49.53,2025-09-09 09:45:30+00:00,0.0995,0.08425,0.12375,0.10175
Oasis - John Williams,279.0,2.0,49.53,2025-09-09 10:00:30+00:00,0.10425,0.08825,0.1245,0.10625
Oasis - John Williams,279.0,2.0,49.53,2025-09-09 10:15:30+00:00,0.115,0.09625,0.12875,0.11725
Oasis - John Williams,279.0,2.0,49.53,2025-09-09 10:30:30+00:00,0.118,0.1025,0.136,0.12
Oasis - John Williams,279.0,2.0,49.53,2025-09-09 10:45:30+00:00,0.12425,0.099,0.14525,0.126
Oasis - John Williams,279.0,2.0,49.53,2025-09-09 11:00:30+00:00,0.124,0.08825,0.15325,0.1255
Oasis - John Williams,279.0,2.0,49.53,2025-09-09 11:15:30+00:00,0.1135,0.07425,0.15275,0.11425
Oasis - John Williams,279.0,2.0,49.53,2025-09-09 11:30:30+00:00,0.10225,0.06525,0.142,0.10275
Oasis - John Williams,279.0,2.0,49.53,2025-09-09 11:45:30+00:00,0.0945,0.0605,0.1335,0.09475
Oasis - John Williams,279.0,2.0,49.53,2025-09-09 12:00:30+00:00,0.0935,0.06375,0.1405,0.09375
Oasis - John Williams,279.0,2.0,49.53,2025-09-09 12:15:30+00:00,0.11775,0.0565,0.16775,0.118
Oasis - John Williams,279.0,2.0,49.53,2025-09-09 12:30:30+00:00,0.12425,0.03825,0.17875,0.12425
Oasis - John Williams,279.0,2.0,49.53,2025-09-09 12:45:30+00:00,0.08225,0.0165,0.1655,0.08225
Oasis - John Williams,279.0,2.0,49.53,2025-09-09 13:00:30+00:00,0.0435,0.01325,0.1325,0.0435
Oasis - John Williams,279.0,2.0,49.53,2025-09-09 13:15:30+00:00,0.05,0.013,0.0995,0.05
Oasis - John Williams,279.0,2.0,49.53,2025-09-09 13:30:30+00:00,0.034,0.01275,0.07625,0.034
Oasis - John Williams,279.0,2.0,49.53,2025-09-09 13:45:30+00:00,0.025,0.01225,0.059,0.025
Oasis - John Williams,279.0,2.0,49.53,2025-09-09 14:00:30+00:00,0.035,0.012,0.057,0.035
Oasis - John Williams,279.0,2.0,49.53,2025-09-09 14:15:30+00:00,0.037,0.0155,0.0545,0.037
Oasis - John Williams,279.0,2.0,49.53,2025-09-09 14:30:30+00:00,0.0325,0.01625,0.0515,0.0325
Oasis - John Williams,279.0,2.0,49.53,2025-09-09 14:45:30+00:00,0.03175,0.01425,0.0465,0.03175
Oasis - John Williams,279.0,2.0,49.53,2025-09-09 15:00:30+00:00,0.02675,0.01,0.043,0.02675
Oasis - John Williams,279.0,2.0,49.53,2025-09-09 15:15:30+00:00,0.021,0.009,0.04075,0.021
Oasis - John Williams,279.0,2.0,49.53,2025-09-09 15:30:30+00:00,0.01725,0.00825,0.0435,0.0175
Oasis - John Williams,279.0,2.0,49.53,2025-09-09 15:45:30+00:00,0.02075,0.0075,0.05325,0.02075
Oasis - John Williams,279.0,2.0,49.53,2025-09-09 16:00:30+00:00,0.03125,0.00675,0.061,0.031
Oasis - John Williams,279.0,2.0,49.53,2025-09-09 16:15:30+00:00,0.0345,0.00675,0.062,0.03425
Oasis - John Williams,279.0,2.0,49.53,2025-09-09 16:30:30+00:00,0.0365,0.0125,0.05775,0.03575
Oasis - John Williams,279.0,2.0,49.53,2025-09-09 16:45:30+00:00,0.0335,0.014,0.05,0.03275
Oasis - John Williams,279.0,2.0,49.53,2025-09-09 17:00:30+00:00,0.0255,0.006,0.04125,0.025
Oasis - John Williams,279.0,2.0,49.53,2025-09-09 17:15:30+00:00,0.0115,0.003,0.033,0.0115
Oasis - John Williams,279.0,2.0,49.53,2025-09-09 17:30:30+00:00,0.01675,0.00325,0.028,0.01575
Oasis - John Williams,279.0,2.0,49.53,2025-09-09 17:45:30+00:00,0.01375,0.0035,0.0215,0.01275
Oasis - John Williams,279.0,2.0,49.53,2025-09-09 18:00:30+00:00,0.007,0.00275,0.0115,0.00675
Oasis - John Williams,279.0,2.0,49.53,2025-09-09 18:15:30+00:00,0.002,0.0015,0.0035,0.002
Oasis - John Williams,279.0,2.0,49.53,2025-09-09 18:30:30+00:00,0.00025,0.00025,0.0005,0.00025
Oasis - John Williams,279.0,2.0,49.53,2025-09-09 18:45:30+00:00,0.0,0.0,0.0,0.0
Oasis - John Williams,279.0,2.0,49.53,2025-09-09 19:00:30+00:00,0.0,0.0,0.0,0.0
Oasis - John Williams,279.0,2.0,49.53,2025-09-09 19:15:30+00:00,0.0,0.0,0.0,0.0
Oasis - John Williams,279.0,2.0,49.53,2025-09-09 19:30:30+00:00,0.0,0.0,0.0,0.0
Oasis - John Williams,279.0,2.0,49.53,2025-09-09 19:45:30+00:00,0.0,0.0,0.0,0.0
Oasis - John Williams,279.0,2.0,49.53,2025-09-09 20:00:30+00:00,0.0,0.0,0.0,0.0
Oasis - John Williams,279.0,2.0,49.53,2025-09-09 20:15:30+00:00,0.0,0.0,0.0,0.0
Oasis - John Williams,279.0,2.0,49.53,2025-09-09 20:30:30+00:00,0.0,0.0,0.0,0.0
Oasis - John Williams,279.0,2.0,49.53,2025-09-09 20:45:30+00:00,0.0,0.0,0.0,0.0
Oasis - John Williams,279.0,2.0,49.53,2025-09-09 21:00:30+00:00,0.0,0.0,0.0,0.0
Oasis - John Williams,279.0,2.0,49.53,2025-09-09 21:15:30+00:00,0.0,0.0,0.0,0.0
Oasis - John Williams,279.0,2.0,49.53,2025-09-09 21:30:30+00:00,0.0,0.0,0.0,0.0
Oasis - John Williams,279.0,2.0,49.53,2025-09-09 21:45:30+00:00,0.0,0.0,0.0,0.0
Oasis - John Williams,279.0,2.0,49.53,2025-09-09 22:00:30+00:00,0.0,0.0,0.0,0.0
Oasis - John Williams,279.0,2.0,49.53,2025-09-09 22:15:30+00:00,0.0,0.0,0.0,0.0
Oasis - John Williams,279.0,2.0,49.53,2025-09-09 22:30:30+00:00,0.0,0.0,0.0,0.0
Oasis - John Williams,279.0,2.0,49.53,2025-09-09 22:45:30+00:00,0.0,0.0,0.0,0.0
Oasis - John Williams,279.0,2.0,49.53,2025-09-09 23:00:30+00:00,0.0,0.0,0.0,0.0
Oasis - John Williams,279.0,2.0,49.53,2025-09-09 23:15:30+00:00,0.0,0.0,0.0,0.0
Oasis - John Williams,279.0,2.0,49.53,2025-09-09 23:30:30+00:00,0.0,0.0,0.0,0.0
Oasis - John Williams,279.0,2.0,49.53,2025-09-09 23:45:30+00:00,0.0,0.0,0.0,0.0
Oasis - John Williams,279.0,2.0,49.53,2025-09-10 00:00:30+00:00,0.0,0.0,0.0,0.0
Oasis - John Williams,279.0,2.0,49.53,2025-09-10 00:15:30+00:00,0.0,0.0,0.0,0.0
Oasis - John Williams,279.0,2.0,49.53,2025-09-10 00:30:30+00:00,0.0,0.0,0.0,0.0
Oasis - John Williams,279.0,2.0,49.53,2025-09-10 00:45:30+00:00,0.0,0.0,0.0,0.0
Oasis - John Williams,279.0,2.0,49.53,2025-09-10 01:00:30+00:00,0.0,0.0,0.0,0.0
Oasis - John Williams,279.0,2.0,49.53,2025-09-10 01:15:30+00:00,0.0,0.0,0.0,0.0
Oasis - John Williams,279.0,2.0,49.53,2025-09-10 01:30:30+00:00,0.0,0.0,0.0,0.0
Oasis - John Williams,279.0,2.0,49.53,2025-09-10 01:45:30+00:00,0.0,0.0,0.0,0.0
Oasis - John Williams,279.0,2.0,49.53,2025-09-10 02:00:30+00:00,0.0,0.0,0.0,0.0
Oasis - John Williams,279.0,2.0,49.53,2025-09-10 02:15:30+00:00,0.0,0.0,0.0,0.0
Oasis - John Williams,279.0,2.0,49.53,2025-09-10 02:30:30+00:00,0.0,0.0,0.0,0.0
Oasis - John Williams,279.0,2.0,49.53,2025-09-10 02:45:30+00:00,0.0,0.0,0.0,0.0
Oasis - John Williams,279.0,2.0,49.53,2025-09-10 03:00:30+00:00,0.0,0.0,0.0,0.0
Oasis - John Williams,279.0,2.0,49.53,2025-09-10 03:15:30+00:00,0.0,0.0,0.0,0.0
Oasis - John Williams,279.0,2.0,49.53,2025-09-10 03:30:30+00:00,0.0,0.0,0.0,0.0
Oasis - John Williams,279.0,2.0,49.53,2025-09-10 03:45:30+00:00,0.0,0.0,0.0,0.0
Oasis - John Williams,279.0,2.0,49.53,2025-09-10 04:00:30+00:00,0.0,0.0,0.0,0.0
Oasis - John Williams,279.0,2.0,49.53,2025-09-10 04:15:30+00:00,0.0,0.0,0.0,0.0
Oasis - John Williams,279.0,2.0,49.53,2025-09-10 04:30:30+00:00,0.0,0.0,0.0,0.0
Oasis - John Williams,279.0,2.0,49.53,2025-09-10 04:45:30+00:00,0.0,0.0,0.0,0.0
Oasis - John Williams,279.0,2.0,49.53,2025-09-10 05:00:30+00:00,0.0,0.0,0.0,0.0
Oasis - John Williams,279.0,2.0,49.53,2025-09-10 05:15:30+00:00,0.0,0.0,0.0,0.0
Oasis - John Williams,279.0,2.0,49.53,2025-09-10 05:30:30+00:00,0.0,0.0,0.0,0.0
Oasis - John Williams,279.0,2.0,49.53,2025-09-10 05:45:30+00:00,0.00325,0.00275,0.00375,0.00325
Oasis - John Williams,279.0,2.0,49.53,2025-09-10 06:00:30+00:00,0.00725,0.00525,0.00825,0.009
Oasis - John Williams,279.0,2.0,49.53,2025-09-10 06:15:30+00:00,0.014,0.01025,0.016,0.01725
Oasis - John Williams,279.0,2.0,49.53,2025-09-10 06:30:30+00:00,0.02225,0.01675,0.025,0.02625
Oasis - John Williams,279.0,2.0,49.53,2025-09-10 06:45:30+00:00,0.03175,0.0235,0.03525,0.03625
Oasis - John Williams,279.0,2.0,49.53,2025-09-10 07:00:30+00:00,0.0385,0.03,0.04575,0.04275
Oasis - John Williams,279.0,2.0,49.53,2025-09-10 07:15:30+00:00,0.04575,0.035,0.05625,0.05
Oasis - John Williams,279.0,2.0,49.53,2025-09-10 07:30:30+00:00,0.05575,0.036,0.06675,0.06025
Oasis - John Williams,279.0,2.0,49.53,2025-09-10 07:45:30+00:00,0.06775,0.031,0.07775,0.0725
Oasis - John Williams,279.0,2.0,49.53,2025-09-10 08:00:30+00:00,0.06025,0.018,0.0895,0.06325
Oasis - John Williams,279.0,2.0,49.53,2025-09-10 08:15:30+00:00,0.0445,0.00875,0.09425,0.04525
Oasis - John Williams,279.0,2.0,49.53,2025-09-10 08:30:30+00:00,0.0445,0.00875,0.0885,0.045
Oasis - John Williams,279.0,2.0,49.53,2025-09-10 08:45:30+00:00,0.04675,0.00925,0.08325,0.04725
Oasis - John Williams,279.0,2.0,49.53,2025-09-10 09:00:30+00:00,0.03825,0.00975,0.0785,0.0385
Oasis - John Williams,279.0,2.0,49.53,2025-09-10 09:15:30+00:00,0.02225,0.01025,0.08775,0.0225
Oasis - John Williams,279.0,2.0,49.53,2025-09-10 09:30:30+00:00,0.055,0.011,0.108,0.05575
Oasis - John Williams,279.0,2.0,49.53,2025-09-10 09:45:30+00:00,0.07825,0.0155,0.11875,0.0795
Oasis - John Williams,279.0,2.0,49.53,2025-09-10 10:00:30+00:00,0.0575,0.01175,0.1125,0.058
Oasis - John Williams,279.0,2.0,49.53,2025-09-10 10:15:30+00:00,0.03775,0.01225,0.095,0.03775
Oasis - John Williams,279.0,2.0,49.53,2025-09-10 10:30:30+00:00,0.05425,0.01275,0.0865,0.05475
Oasis - John Williams,279.0,2.0,49.53,2025-09-10 10:45:30+00:00,0.05375,0.02025,0.08225,0.05375
Oasis - John Williams,279.0,2.0,49.53,2025-09-10 11:00:30+00:00,0.04525,0.01325,0.07625,0.04525
Oasis - John Williams,279.0,2.0,49.53,2025-09-10 11:15:30+00:00,0.034,0.0135,0.07,0.034
Oasis - John Williams,279.0,2.0,49.53,2025-09-10 11:30:30+00:00,0.03275,0.01375,0.0685,0.03275
Oasis - John Williams,279.0,2.0,49.53,2025-09-10 11:45:30+00:00,0.04125,0.01375,0.076,0.04125
Oasis - John Williams,279.0,2.0,49.53,2025-09-10 12:00:30+00:00,0.057,0.01725,0.0825,0.05725
Oasis - John Williams,279.0,2.0,49.53,2025-09-10 12:15:30+00:00,0.051,0.01825,0.084,0.051
Oasis - John Williams,279.0,2.0,49.53,2025-09-10 12:30:30+00:00,0.04475,0.01375,0.074,0.045
Oasis - John Williams,279.0,2.0,49.53,2025-09-10 12:45:30+00:00,0.03075,0.0135,0.06425,0.03075
Oasis - John Williams,279.0,2.0,49.53,2025-09-10 13:00:30+00:00,0.0315,0.01325,0.06125,0.0315
Oasis - John Williams,279.0,2.0,49.53,2025-09-10 13:15:30+00:00,0.0425,0.013,0.0735,0.0425
Oasis - John Williams,279.0,2.0,49.53,2025-09-10 13:30:30+00:00,0.041,0.01275,0.0845,0.04125
Oasis - John Williams,279.0,2.0,49.53,2025-09-10 13:45:30+00:00,0.0455,0.0125,0.09925,0.0455
Oasis - John Williams,279.0,2.0,49.53,2025-09-10 14:00:30+00:00,0.07375,0.02125,0.099,0.07325
Oasis - John Williams,279.0,2.0,49.53,2025-09-10 14:15:30+00:00,0.06025,0.03025,0.096,0.05975
Oasis - John Williams,279.0,2.0,49.53,2025-09-10 14:30:30+00:00,0.05475,0.02325,0.084,0.0545
Oasis - John Williams,279.0,2.0,49.53,2025-09-10 14:45:30+00:00,0.04575,0.02025,0.0835,0.0455
Oasis - John Williams,279.0,2.0,49.53,2025-09-10 15:00:30+00:00,0.05525,0.011,0.07825,0.0545
Oasis - John Williams,279.0,2.0,49.53,2025-09-10 15:15:30+00:00,0.0265,0.009,0.0685,0.02625
Oasis - John Williams,279.0,2.0,49.53,2025-09-10 15:30:30+00:00,0.01825,0.00825,0.0565,0.0185
Oasis - John Williams,279.0,2.0,49.53,2025-09-10 15:45:30+00:00,0.02625,0.0075,0.0555,0.02625
Oasis - John Williams,279.0,2.0,49.53,2025-09-10 16:00:30+00:00,0.0165,0.00675,0.0625,0.0165
Oasis - John Williams,279.0,2.0,49.53,2025-09-10 16:15:30+00:00,0.03575,0.00725,0.07475,0.035
Oasis - John Williams,279.0,2.0,49.53,2025-09-10 16:30:30+00:00,0.0595,0.01275,0.07575,0.05625
Oasis - John Williams,279.0,2.0,49.53,2025-09-10 16:45:30+00:00,0.04075,0.0195,0.064,0.03875
Oasis - John Williams,279.0,2.0,49.53,2025-09-10 17:00:30+00:00,0.03725,0.017,0.0535,0.03475
Oasis - John Williams,279.0,2.0,49.53,2025-09-10 17:15:30+00:00,0.032,0.01375,0.0425,0.0295
Oasis - John Williams,279.0,2.0,49.53,2025-09-10 17:30:30+00:00,0.015,0.0085,0.03,0.01425
Oasis - John Williams,279.0,2.0,49.53,2025-09-10 17:45:30+00:00,0.01175,0.004,0.019,0.01075
Oasis - John Williams,279.0,2.0,49.53,2025-09-10 18:00:30+00:00,0.007,0.00275,0.01075,0.0065
Oasis - John Williams,279.0,2.0,49.53,2025-09-10 18:15:30+00:00,0.00175,0.0015,0.00275,0.00175
Oasis - John Williams,279.0,2.0,49.53,2025-09-10 18:30:30+00:00,0.0,0.0,0.0,0.0
Oasis - John Williams,279.0,2.0,49.53,2025-09-10 18:45:30+00:00,0.0,0.0,0.0,0.0
Oasis - John Williams,279.0,2.0,49.53,2025-09-10 19:00:30+00:00,0.0,0.0,0.0,0.0
Oasis - John Williams,279.0,2.0,49.53,2025-09-10 19:15:30+00:00,0.0,0.0,0.0,0.0
Oasis - John Williams,279.0,2.0,49.53,2025-09-10 19:30:30+00:00,0.0,0.0,0.0,0.0
Oasis - John Williams,279.0,2.0,49.53,2025-09-10 19:45:30+00:00,0.0,0.0,0.0,0.0
Oasis - John Williams,279.0,2.0,49.53,2025-09-10 20:00:30+00:00,0.0,0.0,0.0,0.0
Oasis - John Williams,279.0,2.0,49.53,2025-09-10 20:15:30+00:00,0.0,0.0,0.0,0.0
Oasis - John Williams,279.0,2.0,49.53,2025-09-10 20:30:30+00:00,0.0,0.0,0.0,0.0
Oasis - John Williams,279.0,2.0,49.53,2025-09-10 20:45:30+00:00,0.0,0.0,0.0,0.0
Oasis - John Williams,279.0,2.0,49.53,2025-09-10 21:00:30+00:00,0.0,0.0,0.0,0.0
Oasis - John Williams,279.0,2.0,49.53,2025-09-10 21:15:30+00:00,0.0,0.0,0.0,0.0
Oasis - John Williams,279.0,2.0,49.53,2025-09-10 21:30:30+00:00,0.0,0.0,0.0,0.0
Oasis - John Williams,279.0,2.0,49.53,2025-09-10 21:45:30+00:00,0.0,0.0,0.0,0.0
Oasis - John Williams,279.0,2.0,49.53,2025-09-10 22:00:30+00:00,0.0,0.0,0.0,0.0
Oasis - John Williams,279.0,2.0,49.53,2025-09-10 22:15:30+00:00,0.0,0.0,0.0,0.0
Oasis - John Williams,279.0,2.0,49.53,2025-09-10 22:30:30+00:00,0.0,0.0,0.0,0.0
Oasis - John Williams,279.0,2.0,49.53,2025-09-10 22:45:30+00:00,0.0,0.0,0.0,0.0
Oasis - John Williams,279.0,2.0,49.53,2025-09-10 23:00:30+00:00,0.0,0.0,0.0,0.0
Oasis - John Williams,279.0,2.0,49.53,2025-09-10 23:15:30+00:00,0.0,0.0,0.0,0.0
Oasis - John Williams,279.0,2.0,49.53,2025-09-10 23:30:30+00:00,0.0,0.0,0.0,0.0
Oasis - John Williams,279.0,2.0,49.53,2025-09-10 23:45:30+00:00,0.0,0.0,0.0,0.0
Oasis - John Williams,279.0,2.0,49.53,2025-09-11 00:00:30+00:00,0.0,0.0,0.0,0.0
Oasis - John Williams,279.0,2.0,49.53,2025-09-11 00:15:30+00:00,0.0,0.0,0.0,0.0
Oasis - John Williams,279.0,2.0,49.53,2025-09-11 00:30:30+00:00,0.0,0.0,0.0,0.0
Oasis - John Williams,279.0,2.0,49.53,2025-09-11 00:45:30+00:00,0.0,0.0,0.0,0.0
Oasis - John Williams,279.0,2.0,49.53,2025-09-11 01:00:30+00:00,0.0,0.0,0.0,0.0
Oasis - John Williams,279.0,2.0,49.53,2025-09-11 01:15:30+00:00,0.0,0.0,0.0,0.0
Oasis - John Williams,279.0,2.0,49.53,2025-09-11 01:30:30+00:00,0.0,0.0,0.0,0.0
Oasis - John Williams,279.0,2.0,49.53,2025-09-11 01:45:30+00:00,0.0,0.0,0.0,0.0
Oasis - John Williams,279.0,2.0,49.53,2025-09-11 02:00:30+00:00,0.0,0.0,0.0,0.0
Oasis - John Williams,279.0,2.0,49.53,2025-09-11 02:15:30+00:00,0.0,0.0,0.0,0.0
Oasis - John Williams,279.0,2.0,49.53,2025-09-11 02:30:30+00:00,0.0,0.0,0.0,0.0
Oasis - John Williams,279.0,2.0,49.53,2025-09-11 02:45:30+00:00,0.0,0.0,0.0,0.0
Oasis - John Williams,279.0,2.0,49.53,2025-09-11 03:00:30+00:00,0.0,0.0,0.0,0.0
Oasis - John Williams,279.0,2.0,49.53,2025-09-11 03:15:30+00:00,0.0,0.0,0.0,0.0
Oasis - John Williams,279.0,2.0,49.53,2025-09-11 03:30:30+00:00,0.0,0.0,0.0,0.0
Oasis - John Williams,279.0,2.0,49.53,2025-09-11 03:45:30+00:00,0.0,0.0,0.0,0.0
Oasis - John Williams,279.0,2.0,49.53,2025-09-11 04:00:30+00:00,0.0,0.0,0.0,0.0
Oasis - John Williams,279.0,2.0,49.53,2025-09-11 04:15:30+00:00,0.0,0.0,0.0,0.0
Oasis - John Williams,279.0,2.0,49.53,2025-09-11 04:30:30+00:00,0.0,0.0,0.0,0.0
Oasis - John Williams,279.0,2.0,49.53,2025-09-11 04:45:30+00:00,0.0,0.0,0.0,0.0
Oasis - John Williams,279.0,2.0,49.53,2025-09-11 05:00:30+00:00,0.0,0.0,0.0,0.0
Oasis - John Williams,279.0,2.0,49.53,2025-09-11 05:15:30+00:00,0.0,0.0,0.0,0.0
Oasis - John Williams,279.0,2.0,49.53,2025-09-11 05:30:30+00:00,0.0,0.0,0.0,0.0
Oasis - John Williams,279.0,2.0,49.53,2025-09-11 05:45:30+00:00,0.0015,0.00025,0.00325,0.0015
Oasis - John Williams,279.0,2.0,49.53,2025-09-11 06:00:30+00:00,0.004,0.00075,0.009,0.00425
Oasis - John Williams,279.0,2.0,49.53,2025-09-11 06:15:30+00:00,0.0075,0.0025,0.0175,0.008
Oasis - John Williams,279.0,2.0,49.53,2025-09-11 06:30:30+00:00,0.022,0.00675,0.02575,0.02475
Oasis - John Williams,279.0,2.0,49.53,2025-09-11 06:45:30+00:00,0.029,0.01225,0.0355,0.032
Oasis - John Williams,279.0,2.0,49.53,2025-09-11 07:00:30+00:00,0.0365,0.00875,0.04575,0.03975
Oasis - John Williams,279.0,2.0,49.53,2025-09-11 07:15:30+00:00,0.025,0.01175,0.0575,0.02625
Oasis - John Williams,279.0,2.0,49.53,2025-09-11 07:30:30+00:00,0.0515,0.018,0.067,0.05475
Oasis - John Williams,279.0,2.0,49.53,2025-09-11 07:45:30+00:00,0.06825,0.039,0.0765,0.07325
Oasis - John Williams,279.0,2.0,49.53,2025-09-11 08:00:30+00:00,0.0765,0.052,0.08675,0.08175
Oasis - John Williams,279.0,2.0,49.53,2025-09-11 08:15:30+00:00,0.075,0.06175,0.09775,0.079
Oasis - John Williams,279.0,2.0,49.53,2025-09-11 08:30:30+00:00,0.09525,0.059,0.1075,0.1
Oasis - John Williams,279.0,2.0,49.53,2025-09-11 08:45:30+00:00,0.0915,0.05225,0.118,0.095
Oasis - John Williams,279.0,2.0,49.53,2025-09-11 09:00:30+00:00,0.07775,0.0455,0.12725,0.08
Oasis - John Williams,279.0,2.0,49.53,2025-09-11 09:15:30+00:00,0.08825,0.042,0.1365,0.0905
Oasis - John Williams,279.0,2.0,49.53,2025-09-11 09:30:30+00:00,0.106,0.05325,0.144,0.10925
Oasis - John Williams,279.0,2.0,49.53,2025-09-11 09:45:30+00:00,0.1395,0.04425,0.15125,0.1435
Oasis - John Williams,279.0,2.0,49.53,2025-09-11 10:00:30+00:00,0.084,0.02875,0.159,0.08575
Oasis - John Williams,279.0,2.0,49.53,2025-09-11 10:15:30+00:00,0.07175,0.01425,0.154,0.073
Oasis - John Williams,279.0,2.0,49.53,2025-09-11 10:30:30+00:00,0.09125,0.01825,0.15475,0.0925
Oasis - John Williams,279.0,2.0,49.53,2025-09-11 10:45:30+00:00,0.079,0.03025,0.1765,0.07975
Oasis - John Williams,279.0,2.0,49.53,2025-09-11 11:00:30+00:00,0.1455,0.05,0.17925,0.1475
Oasis - John Williams,279.0,2.0,49.53,2025-09-11 11:15:30+00:00,0.16225,0.07675,0.18225,0.16425
Oasis - John Williams,279.0,2.0,49.53,2025-09-11 11:30:30+00:00,0.163,0.06075,0.185,0.1645
Oasis - John Williams,279.0,2.0,49.53,2025-09-11 11:45:30+00:00,0.1005,0.0345,0.187,0.101
Oasis - John Williams,279.0,2.0,49.53,2025-09-11 12:00:30+00:00,0.086,0.017,0.16525,0.08625
Oasis - John Williams,279.0,2.0,49.53,2025-09-11 12:15:30+00:00,0.059,0.01375,0.1725,0.059
Oasis - John Williams,279.0,2.0,49.53,2025-09-11 12:30:30+00:00,0.123,0.029,0.18675,0.12275
Oasis - John Williams,279.0,2.0,49.53,2025-09-11 12:45:30+00:00,0.15125,0.0745,0.185,0.1505
Oasis - John Williams,279.0,2.0,49.53,2025-09-11 13:00:30+00:00,0.1475,0.101,0.1825,0.1465
Oasis - John Williams,279.0,2.0,49.53,2025-09-11 13:15:30+00:00,0.13825,0.113,0.16475,0.137
Oasis - John Williams,279.0,2.0,49.53,2025-09-11 13:30:30+00:00,0.1305,0.10875,0.156,0.129
Oasis - John Williams,279.0,2.0,49.53,2025-09-11 13:45:30+00:00,0.1285,0.10675,0.15975,0.12675
Oasis - John Williams,279.0,2.0,49.53,2025-09-11 14:00:30+00:00,0.141,0.11,0.163,0.13825
Oasis - John Williams,279.0,2.0,49.53,2025-09-11 14:15:30+00:00,0.1395,0.1075,0.15675,0.13625
Oasis - John Williams,279.0,2.0,49.53,2025-09-11 14:30:30+00:00,0.115,0.10175,0.147,0.11225
Oasis - John Williams,279.0,2.0,49.53,2025-09-11 14:45:30+00:00,0.1195,0.0965,0.1385,0.11625
Oasis - John Williams,279.0,2.0,49.53,2025-09-11 15:00:30+00:00,0.11775,0.094,0.13525,0.1135
Oasis - John Williams,279.0,2.0,49.53,2025-09-11 15:15:30+00:00,0.11075,0.07875,0.12675,0.10625
Oasis - John Williams,279.0,2.0,49.53,2025-09-11 15:30:30+00:00,0.10275,0.05575,0.11675,0.09825
Oasis - John Williams,279.0,2.0,49.53,2025-09-11 15:45:30+00:00,0.0745,0.02825,0.10575,0.07175
Oasis - John Williams,279.0,2.0,49.53,2025-09-11 16:00:30+00:00,0.0445,0.019,0.094,0.0435
Oasis - John Williams,279.0,2.0,49.53,2025-09-11 16:15:30+00:00,0.0635,0.02125,0.08525,0.06025
Oasis - John Williams,279.0,2.0,49.53,2025-09-11 16:30:30+00:00,0.07,0.03025,0.07525,0.0655
Oasis - John Williams,279.0,2.0,49.53,2025-09-11 16:45:30+00:00,0.0455,0.0295,0.06325,0.04275
Oasis - John Williams,279.0,2.0,49.53,2025-09-11 17:00:30+00:00,0.03975,0.025,0.0525,0.03675
Oasis - John Williams,279.0,2.0,49.53,2025-09-11 17:15:30+00:00,0.03325,0.02,0.042,0.03
Oasis - John Williams,279.0,2.0,49.53,2025-09-11 17:30:30+00:00,0.022,0.01325,0.0305,0.02
Oasis - John Williams,279.0,2.0,49.53,2025-09-11 17:45:30+00:00,0.01225,0.00675,0.0195,0.011
Oasis - John Williams,279.0,2.0,49.53,2025-09-11 18:00:30+00:00,0.00525,0.00275,0.009,0.00525
Oasis - John Williams,279.0,2.0,49.53,2025-09-11 18:15:30+00:00,0.001,0.001,0.00175,0.001
Oasis - John Williams,279.0,2.0,49.53,2025-09-11 18:30:30+00:00,0.0,0.0,0.0,0.0
Oasis - John Williams,279.0,2.0,49.53,2025-09-11 18:45:30+00:00,0.0,0.0,0.0,0.0
Oasis - John Williams,279.0,2.0,49.53,2025-09-11 19:00:30+00:00,0.0,0.0,0.0,0.0
Oasis - John Williams,279.0,2.0,49.53,2025-09-11 19:15:30+00:00,0.0,0.0,0.0,0.0
Oasis - John Williams,279.0,2.0,49.53,2025-09-11 19:30:30+00:00,0.0,0.0,0.0,0.0
Oasis - John Williams,279.0,2.0,49.53,2025-09-11 19:45:30+00:00,0.0,0.0,0.0,0.0
Oasis - John Williams,279.0,2.0,49.53,2025-09-11 20:00:30+00:00,0.0,0.0,0.0,0.0
Oasis - John Williams,279.0,2.0,49.53,2025-09-11 20:15:30+00:00,0.0,0.0,0.0,0.0
Oasis - John Williams,279.0,2.0,49.53,2025-09-11 20:30:30+00:00,0.0,0.0,0.0,0.0
Oasis - John Williams,279.0,2.0,49.53,2025-09-11 20:45:30+00:00,0.0,0.0,0.0,0.0
Oasis - John Williams,279.0,2.0,49.53,2025-09-11 21:00:30+00:00,0.0,0.0,0.0,0.0
Oasis - John Williams,279.0,2.0,49.53,2025-09-11 21:15:30+00:00,0.0,0.0,0.0,0.0
Oasis - John Williams,279.0,2.0,49.53,2025-09-11 21:30:30+00:00,0.0,0.0,0.0,0.0
Oasis - John Williams,279.0,2.0,49.53,2025-09-11 21:45:30+00:00,0.0,0.0,0.0,0.0
Oasis - John Williams,279.0,2.0,49.53,2025-09-11 22:00:30+00:00,0.0,0.0,0.0,0.0
Oasis - John Williams,279.0,2.0,49.53,2025-09-11 22:15:30+00:00,0.0,0.0,0.0,0.0
Oasis - John Williams,279.0,2.0,49.53,2025-09-11 22:30:30+00:00,0.0,0.0,0.0,0.0
Oasis - John Williams,279.0,2.0,49.53,2025-09-11 22:45:30+00:00,0.0,0.0,0.0,0.0
Oasis - John Williams,279.0,2.0,49.53,2025-09-11 23:00:30+00:00,0.0,0.0,0.0,0.0
Oasis - John Williams,279.0,2.0,49.53,2025-09-11 23:15:30+00:00,0.0,0.0,0.0,0.0
Oasis - John Williams,279.0,2.0,49.53,2025-09-11 23:30:30+00:00,0.0,0.0,0.0,0.0
Oasis - John Williams,279.0,2.0,49.53,2025-09-11 23:45:30+00:00,0.0,0.0,0.0,0.0
Oasis - John Williams,279.0,2.0,49.53,2025-09-12 00:00:30+00:00,0.0,0.0,0.0,0.0
Oasis - John Williams,279.0,2.0,49.53,2025-09-12 00:15:30+00:00,0.0,0.0,0.0,0.0
Oasis - John Williams,279.0,2.0,49.53,2025-09-12 00:30:30+00:00,0.0,0.0,0.0,0.0
Oasis - John Williams,279.0,2.0,49.53,2025-09-12 00:45:30+00:00,0.0,0.0,0.0,0.0
Oasis - John Williams,279.0,2.0,49.53,2025-09-12 01:00:30+00:00,0.0,0.0,0.0,0.0
Oasis - John Williams,279.0,2.0,49.53,2025-09-12 01:15:30+00:00,0.0,0.0,0.0,0.0
Oasis - John Williams,279.0,2.0,49.53,2025-09-12 01:30:30+00:00,0.0,0.0,0.0,0.0
Oasis - John Williams,279.0,2.0,49.53,2025-09-12 01:45:30+00:00,0.0,0.0,0.0,0.0
Oasis - John Williams,279.0,2.0,49.53,2025-09-12 02:00:30+00:00,0.0,0.0,0.0,0.0
Oasis - John Williams,279.0,2.0,49.53,2025-09-12 02:15:30+00:00,0.0,0.0,0.0,0.0
Oasis - John Williams,279.0,2.0,49.53,2025-09-12 02:30:30+00:00,0.0,0.0,0.0,0.0
Oasis - John Williams,279.0,2.0,49.53,2025-09-12 02:45:30+00:00,0.0,0.0,0.0,0.0
Oasis - John Williams,279.0,2.0,49.53,2025-09-12 03:00:30+00:00,0.0,0.0,0.0,0.0
Oasis - John Williams,279.0,2.0,49.53,2025-09-12 03:15:30+00:00,0.0,0.0,0.0,0.0
Oasis - John Williams,279.0,2.0,49.53,2025-09-12 03:30:30+00:00,0.0,0.0,0.0,0.0
Oasis - John Williams,279.0,2.0,49.53,2025-09-12 03:45:30+00:00,0.0,0.0,0.0,0.0
Oasis - John Williams,279.0,2.0,49.53,2025-09-12 04:00:30+00:00,0.0,0.0,0.0,0.0
Oasis - John Williams,279.0,2.0,49.53,2025-09-12 04:15:30+00:00,0.0,0.0,0.0,0.0
Oasis - John Williams,279.0,2.0,49.53,2025-09-12 04:30:30+00:00,0.0,0.0,0.0,0.0
Oasis - John Williams,279.0,2.0,49.53,2025-09-12 04:45:30+00:00,0.0,0.0,0.0,0.0
Oasis - John Williams,279.0,2.0,49.53,2025-09-12 05:00:30+00:00,0.0,0.0,0.0,0.0
Oasis - John Williams,279.0,2.0,49.53,2025-09-12 05:15:30+00:00,0.0,0.0,0.0,0.0
Oasis - John Williams,279.0,2.0,49.53,2025-09-12 05:30:30+00:00,0.0,0.0,0.0,0.0
Oasis - John Williams,279.0,2.0,49.53,2025-09-12 05:45:30+00:00,0.00225,0.002,0.0025,0.00225
Oasis - John Williams,279.0,2.0,49.53,2025-09-12 06:00:30+00:00,0.00575,0.00425,0.007,0.0075
Oasis - John Williams,279.0,2.0,49.53,2025-09-12 06:15:30+00:00,0.013,0.00675,0.01475,0.01575
Oasis - John Williams,279.0,2.0,49.53,2025-09-12 06:30:30+00:00,0.01975,0.0085,0.02425,0.02275
Oasis - John Williams,279.0,2.0,49.53,2025-09-12 06:45:30+00:00,0.026,0.00525,0.035,0.0285
Oasis - John Williams,279.0,2.0,49.53,2025-09-12 07:00:30+00:00,0.0155,0.0035,0.046,0.016
Oasis - John Williams,279.0,2.0,49.53,2025-09-12 07:15:30+00:00,0.027,0.0055,0.05425,0.02875
Oasis - John Williams,279.0,2.0,49.53,2025-09-12 07:30:30+00:00,0.0455,0.0165,0.0645,0.0485
Oasis - John Williams,279.0,2.0,49.53,2025-09-12 07:45:30+00:00,0.049,0.02825,0.0755,0.05175
Oasis - John Williams,279.0,2.0,49.53,2025-09-12 08:00:30+00:00,0.06075,0.03075,0.07775,0.06375
Oasis - John Williams,279.0,2.0,49.53,2025-09-12 08:15:30+00:00,0.05325,0.02775,0.08175,0.055
Oasis - John Williams,279.0,2.0,49.53,2025-09-12 08:30:30+00:00,0.04975,0.02525,0.082,0.05075
Oasis - John Williams,279.0,2.0,49.53,2025-09-12 08:45:30+00:00,0.05675,0.03075,0.089,0.058
Oasis - John Williams,279.0,2.0,49.53,2025-09-12 09:00:30+00:00,0.0725,0.04425,0.101,0.0745
Oasis - John Williams,279.0,2.0,49.53,2025-09-12 09:15:30+00:00,0.08825,0.0535,0.10925,0.091
Oasis - John Williams,279.0,2.0,49.53,2025-09-12 09:30:30+00:00,0.0835,0.05325,0.1145,0.0855
Oasis - John Williams,279.0,2.0,49.53,2025-09-12 09:45:30+00:00,0.07925,0.04075,0.1215,0.08075
Oasis - John Williams,279.0,2.0,49.53,2025-09-12 10:00:30+00:00,0.08,0.03775,0.148,0.081
Oasis - John Williams,279.0,2.0,49.53,2025-09-12 10:15:30+00:00,0.11825,0.0235,0.1555,0.1205
Oasis - John Williams,279.0,2.0,49.53,2025-09-12 10:30:30+00:00,0.066,0.03375,0.17025,0.067
Oasis - John Williams,279.0,2.0,49.53,2025-09-12 10:45:30+00:00,0.13725,0.044,0.174,0.13925
Oasis - John Williams,279.0,2.0,49.53,2025-09-12 11:00:30+00:00,0.15875,0.064,0.17775,0.16125
Oasis - John Williams,279.0,2.0,49.53,2025-09-12 11:15:30+00:00,0.109,0.06775,0.1815,0.11025
Oasis - John Williams,279.0,2.0,49.53,2025-09-12 11:30:30+00:00,0.13,0.07625,0.18375,0.13125
Oasis - John Williams,279.0,2.0,49.53,2025-09-12 11:45:30+00:00,0.15475,0.0935,0.18525,0.15575
Oasis - John Williams,279.0,2.0,49.53,2025-09-12 12:00:30+00:00,0.146,0.09225,0.18625,0.1465
Oasis - John Williams,279.0,2.0,49.53,2025-09-12 12:15:30+00:00,0.11825,0.0885,0.17925,0.11825
Oasis - John Williams,279.0,2.0,49.53,2025-09-12 12:30:30+00:00,0.137,0.075,0.16775,0.137
Oasis - John Williams,279.0,2.0,49.53,2025-09-12 12:45:30+00:00,0.10775,0.07675,0.16525,0.1075
Oasis - John Williams,279.0,2.0,49.53,2025-09-12 13:00:30+00:00,0.1175,0.078,0.1685,0.11675
Oasis - John Williams,279.0,2.0,49.53,2025-09-12 13:15:30+00:00,0.144,0.089,0.1775,0.1425
Oasis - John Williams,279.0,2.0,49.53,2025-09-12 13:30:30+00:00,0.1375,0.08375,0.1735,0.13575
Oasis - John Williams,279.0,2.0,49.53,2025-09-12 13:45:30+00:00,0.12175,0.06225,0.16825,0.12025
Oasis - John Williams,279.0,2.0,49.53,2025-09-12 14:00:30+00:00,0.09575,0.031,0.16075,0.09475
Oasis - John Williams,279.0,2.0,49.53,2025-09-12 14:15:30+00:00,0.06875,0.027,0.15425,0.06825
Oasis - John Williams,279.0,2.0,49.53,2025-09-12 14:30:30+00:00,0.11075,0.03825,0.149,0.10825
Oasis - John Williams,279.0,2.0,49.53,2025-09-12 14:45:30+00:00,0.13125,0.059,0.14175,0.1275
Oasis - John Williams,279.0,2.0,49.53,2025-09-12 15:00:30+00:00,0.10525,0.05625,0.13275,0.10225
Oasis - John Williams,279.0,2.0,49.53,2025-09-12 15:15:30+00:00,0.09175,0.045,0.12375,0.089
Oasis - John Williams,279.0,2.0,49.53,2025-09-12 15:30:30+00:00,0.07175,0.02575,0.1135,0.06975
Oasis - John Williams,279.0,2.0,49.53,2025-09-12 15:45:30+00:00,0.05025,0.02,0.10225,0.049
Oasis - John Williams,279.0,2.0,49.53,2025-09-12 16:00:30+00:00,0.06225,0.0215,0.09375,0.05975
Oasis - John Williams,279.0,2.0,49.53,2025-09-12 16:15:30+00:00,0.0755,0.02625,0.084,0.0715
Oasis - John Williams,279.0,2.0,49.53,2025-09-12 16:30:30+00:00,0.04325,0.02525,0.07175,0.0415
Oasis - John Williams,279.0,2.0,49.53,2025-09-12 16:45:30+00:00,0.04125,0.02175,0.0615,0.03875
Oasis - John Williams,279.0,2.0,49.53,2025-09-12 17:00:30+00:00,0.04,0.02275,0.0515,0.03675
Oasis - John Williams,279.0,2.0,49.53,2025-09-12 17:15:30+00:00,0.032,0.02125,0.04075,0.0285
Oasis - John Williams,279.0,2.0,49.53,2025-09-12 17:30:30+00:00,0.0225,0.0155,0.02975,0.01975
Oasis - John Williams,279.0,2.0,49.53,2025-09-12 17:45:30+00:00,0.01425,0.00925,0.019,0.012
Oasis - John Williams,279.0,2.0,49.53,2025-09-12 18:00:30+00:00,0.006,0.00425,0.008,0.0055
Oasis - John Williams,279.0,2.0,49.53,2025-09-12 18:15:30+00:00,0.00225,0.0015,0.003,0.00225
Oasis - John Williams,279.0,2.0,49.53,2025-09-12 18:30:30+00:00,0.0,0.0,0.0,0.0
Oasis - John Williams,279.0,2.0,49.53,2025-09-12 18:45:30+00:00,0.0,0.0,0.0,0.0
Oasis - John Williams,279.0,2.0,49.53,2025-09-12 19:00:30+00:00,0.0,0.0,0.0,0.0
Oasis - John Williams,279.0,2.0,49.53,2025-09-12 19:15:30+00:00,0.0,0.0,0.0,0.0
Oasis - John Williams,279.0,2.0,49.53,2025-09-12 19:30:30+00:00,0.0,0.0,0.0,0.0
Oasis - John Williams,279.0,2.0,49.53,2025-09-12 19:45:30+00:00,0.0,0.0,0.0,0.0
Oasis - John Williams,279.0,2.0,49.53,2025-09-12 20:00:30+00:00,0.0,0.0,0.0,0.0
Oasis - John Williams,279.0,2.0,49.53,2025-09-12 20:15:30+00:00,0.0,0.0,0.0,0.0
Oasis - John Williams,279.0,2.0,49.53,2025-09-12 20:30:30+00:00,0.0,0.0,0.0,0.0
Oasis - John Williams,279.0,2.0,49.53,2025-09-12 20:45:30+00:00,0.0,0.0,0.0,0.0
Oasis - John Williams,279.0,2.0,49.53,2025-09-12 21:00:30+00:00,0.0,0.0,0.0,0.0
Oasis - John Williams,279.0,2.0,49.53,2025-09-12 21:15:30+00:00,0.0,0.0,0.0,0.0
Oasis - John Williams,279.0,2.0,49.53,2025-09-12 21:30:30+00:00,0.0,0.0,0.0,0.0
Oasis - John Williams,279.0,2.0,49.53,2025-09-12 21:45:30+00:00,0.0,0.0,0.0,0.0
Oasis - John Williams,279.0,2.0,49.53,2025-09-12 22:00:30+00:00,0.0,0.0,0.0,0.0
Oasis - John Williams,279.0,2.0,49.53,2025-09-12 22:15:30+00:00,0.0,0.0,0.0,0.0
Oasis - John Williams,279.0,2.0,49.53,2025-09-12 22:30:30+00:00,0.0,0.0,0.0,0.0
Oasis - John Williams,279.0,2.0,49.53,2025-09-12 22:45:30+00:00,0.0,0.0,0.0,0.0
Oasis - John Williams,279.0,2.0,49.53,2025-09-12 23:00:30+00:00,0.0,0.0,0.0,0.0
Oasis - John Williams,279.0,2.0,49.53,2025-09-12 23:15:30+00:00,0.0,0.0,0.0,0.0
Oasis - John Williams,279.0,2.0,49.53,2025-09-12 23:30:30+00:00,0.0,0.0,0.0,0.0
Oasis - John Williams,279.0,2.0,49.53,2025-09-12 23:45:30+00:00,0.0,0.0,0.0,0.0
Oasis - John Williams,279.0,2.0,49.53,2025-09-13 00:00:30+00:00,0.0,0.0,0.0,0.0
Oasis - John Williams,279.0,2.0,49.53,2025-09-13 00:15:30+00:00,0.0,0.0,0.0,0.0
Oasis - John Williams,279.0,2.0,49.53,2025-09-13 00:30:30+00:00,0.0,0.0,0.0,0.0
Oasis - John Williams,279.0,2.0,49.53,2025-09-13 00:45:30+00:00,0.0,0.0,0.0,0.0
Oasis - John Williams,279.0,2.0,49.53,2025-09-13 01:00:30+00:00,0.0,0.0,0.0,0.0
Oasis - John Williams,279.0,2.0,49.53,2025-09-13 01:15:30+00:00,0.0,0.0,0.0,0.0
Oasis - John Williams,279.0,2.0,49.53,2025-09-13 01:30:30+00:00,0.0,0.0,0.0,0.0
Oasis - John Williams,279.0,2.0,49.53,2025-09-13 01:45:30+00:00,0.0,0.0,0.0,0.0
Oasis - John Williams,279.0,2.0,49.53,2025-09-13 02:00:30+00:00,0.0,0.0,0.0,0.0
Oasis - John Williams,279.0,2.0,49.53,2025-09-13 02:15:30+00:00,0.0,0.0,0.0,0.0
Oasis - John Williams,279.0,2.0,49.53,2025-09-13 02:30:30+00:00,0.0,0.0,0.0,0.0
Oasis - John Williams,279.0,2.0,49.53,2025-09-13 02:45:30+00:00,0.0,0.0,0.0,0.0
Oasis - John Williams,279.0,2.0,49.53,2025-09-13 03:00:30+00:00,0.0,0.0,0.0,0.0
Oasis - John Williams,279.0,2.0,49.53,2025-09-13 03:15:30+00:00,0.0,0.0,0.0,0.0
Oasis - John Williams,279.0,2.0,49.53,2025-09-13 03:30:30+00:00,0.0,0.0,0.0,0.0
Oasis - John Williams,279.0,2.0,49.53,2025-09-13 03:45:30+00:00,0.0,0.0,0.0,0.0
Oasis - John Williams,279.0,2.0,49.53,2025-09-13 04:00:30+00:00,0.0,0.0,0.0,0.0
Oasis - John Williams,279.0,2.0,49.53,2025-09-13 04:15:30+00:00,0.0,0.0,0.0,0.0
Oasis - John Williams,279.0,2.0,49.53,2025-09-13 04:30:30+00:00,0.0,0.0,0.0,0.0
Oasis - John Williams,279.0,2.0,49.53,2025-09-13 04:45:30+00:00,0.0,0.0,0.0,0.0
Oasis - John Williams,279.0,2.0,49.53,2025-09-13 05:00:30+00:00,0.0,0.0,0.0,0.0
Oasis - John Williams,279.0,2.0,49.53,2025-09-13 05:15:30+00:00,0.0,0.0,0.0,0.0
Oasis - John Williams,279.0,2.0,49.53,2025-09-13 05:30:30+00:00,0.0,0.0,0.0,0.0
Oasis - John Williams,279.0,2.0,49.53,2025-09-13 05:45:30+00:00,0.00075,0.00025,0.00175,0.00075
Oasis - John Williams,279.0,2.0,49.53,2025-09-13 06:00:30+00:00,0.0035,0.00075,0.008,0.0035
Oasis - John Williams,279.0,2.0,49.53,2025-09-13 06:15:30+00:00,0.007,0.00225,0.0165,0.00725
Oasis - John Williams,279.0,2.0,49.53,2025-09-13 06:30:30+00:00,0.01925,0.00375,0.024,0.02125
Oasis - John Williams,279.0,2.0,49.53,2025-09-13 06:45:30+00:00,0.01775,0.00875,0.035,0.0185
Oasis - John Williams,279.0,2.0,49.53,2025-09-13 07:00:30+00:00,0.0375,0.0075,0.04375,0.04075
Oasis - John Williams,279.0,2.0,49.53,2025-09-13 07:15:30+00:00,0.029,0.00575,0.0545,0.0305
Oasis - John Williams,279.0,2.0,49.53,2025-09-13 07:30:30+00:00,0.019,0.00625,0.06825,0.01925
Oasis - John Williams,279.0,2.0,49.53,2025-09-13 07:45:30+00:00,0.0595,0.018,0.075,0.063
Oasis - John Williams,279.0,2.0,49.53,2025-09-13 08:00:30+00:00,0.07625,0.045,0.084,0.0815
Oasis - John Williams,279.0,2.0,49.53,2025-09-13 08:15:30+00:00,0.084,0.06525,0.09375,0.08975
Oasis - John Williams,279.0,2.0,49.53,2025-09-13 08:30:30+00:00,0.093,0.08325,0.10225,0.09875
Oasis - John Williams,279.0,2.0,49.53,2025-09-13 08:45:30+00:00,0.1015,0.09275,0.109,0.107
Oasis - John Williams,279.0,2.0,49.53,2025-09-13 09:00:30+00:00,0.10825,0.098,0.1165,0.11325
Oasis - John Williams,279.0,2.0,49.53,2025-09-13 09:15:30+00:00,0.112,0.105,0.12475,0.11675
Oasis - John Williams,279.0,2.0,49.53,2025-09-13 09:30:30+00:00,0.1235,0.1115,0.13325,0.12825
Oasis - John Williams,279.0,2.0,49.53,2025-09-13 09:45:30+00:00,0.13125,0.11825,0.1435,0.136
Oasis - John Williams,279.0,2.0,49.53,2025-09-13 10:00:30+00:00,0.13775,0.112,0.15425,0.142
Oasis - John Williams,279.0,2.0,49.53,2025-09-13 10:15:30+00:00,0.135,0.10425,0.161,0.1385
Oasis - John Williams,279.0,2.0,49.53,2025-09-13 10:30:30+00:00,0.1375,0.0765,0.16675,0.14025
Oasis - John Williams,279.0,2.0,49.53,2025-09-13 10:45:30+00:00,0.11525,0.05875,0.172,0.11675
Oasis - John Williams,279.0,2.0,49.53,2025-09-13 11:00:30+00:00,0.11775,0.02875,0.17125,0.11925
Oasis - John Williams,279.0,2.0,49.53,2025-09-13 11:15:30+00:00,0.066,0.0145,0.16025,0.0665
Oasis - John Williams,279.0,2.0,49.53,2025-09-13 11:30:30+00:00,0.07675,0.01525,0.15875,0.07725
Oasis - John Williams,279.0,2.0,49.53,2025-09-13 11:45:30+00:00,0.1105,0.033,0.18325,0.111
Oasis - John Williams,279.0,2.0,49.53,2025-09-13 12:00:30+00:00,0.147,0.049,0.18375,0.1475
Oasis - John Williams,279.0,2.0,49.53,2025-09-13 12:15:30+00:00,0.09825,0.058,0.1795,0.0985
Oasis - John Williams,279.0,2.0,49.53,2025-09-13 12:30:30+00:00,0.11,0.05925,0.1645,0.10975
Oasis - John Williams,279.0,2.0,49.53,2025-09-13 12:45:30+00:00,0.12675,0.075,0.1695,0.12625
Oasis - John Williams,279.0,2.0,49.53,2025-09-13 13:00:30+00:00,0.12925,0.09275,0.16975,0.1285
Oasis - John Williams,279.0,2.0,49.53,2025-09-13 13:15:30+00:00,0.13725,0.0925,0.1615,0.136
Oasis - John Williams,279.0,2.0,49.53,2025-09-13 13:30:30+00:00,0.11375,0.087,0.16825,0.1125
Oasis - John Williams,279.0,2.0,49.53,2025-09-13 13:45:30+00:00,0.13175,0.0785,0.16625,0.12975
Oasis - John Williams,279.0,2.0,49.53,2025-09-13 14:00:30+00:00,0.13825,0.06425,0.1605,0.1355
Oasis - John Williams,279.0,2.0,49.53,2025-09-13 14:15:30+00:00,0.08425,0.0585,0.15325,0.083
Oasis - John Williams,279.0,2.0,49.53,2025-09-13 14:30:30+00:00,0.1095,0.054,0.1465,0.107
Oasis - John Williams,279.0,2.0,49.53,2025-09-13 14:45:30+00:00,0.11825,0.0745,0.1395,0.11475
Oasis - John Williams,279.0,2.0,49.53,2025-09-13 15:00:30+00:00,0.11375,0.081,0.13125,0.10975
Oasis - John Williams,279.0,2.0,49.53,2025-09-13 15:15:30+00:00,0.0965,0.0805,0.1205,0.093
Oasis - John Williams,279.0,2.0,49.53,2025-09-13 15:30:30+00:00,0.0915,0.0655,0.1125,0.08775
Oasis - John Williams,279.0,2.0,49.53,2025-09-13 15:45:30+00:00,0.09375,0.04875,0.10275,0.08925
Oasis - John Williams,279.0,2.0,49.53,2025-09-13 16:00:30+00:00,0.0685,0.02275,0.09175,0.0655
Oasis - John Williams,279.0,2.0,49.53,2025-09-13 16:15:30+00:00,0.028,0.01175,0.0785,0.0275
Oasis - John Williams,279.0,2.0,49.53,2025-09-13 16:30:30+00:00,0.0475,0.01025,0.07,0.045
Oasis - John Williams,279.0,2.0,49.53,2025-09-13 16:45:30+00:00,0.0505,0.0225,0.06025,0.04675
Oasis - John Williams,279.0,2.0,49.53,2025-09-13 17:00:30+00:00,0.04325,0.026,0.04975,0.039
Oasis - John Williams,279.0,2.0,49.53,2025-09-13 17:15:30+00:00,0.0335,0.02375,0.039,0.02975
Oasis - John Williams,279.0,2.0,49.53,2025-09-13 17:30:30+00:00,0.0235,0.01725,0.02825,0.02025
Oasis - John Williams,279.0,2.0,49.53,2025-09-13 17:45:30+00:00,0.0145,0.01,0.01775,0.01225
Oasis - John Williams,279.0,2.0,49.53,2025-09-13 18:00:30+00:00,0.0055,0.0045,0.007,0.005
Oasis - John Williams,279.0,2.0,49.53,2025-09-13 18:15:30+00:00,0.002,0.0015,0.00225,0.002
Oasis - John Williams,279.0,2.0,49.53,2025-09-13 18:30:30+00:00,0.0,0.0,0.0,0.0
Oasis - John Williams,279.0,2.0,49.53,2025-09-13 18:45:30+00:00,0.0,0.0,0.0,0.0
Oasis - John Williams,279.0,2.0,49.53,2025-09-13 19:00:30+00:00,0.0,0.0,0.0,0.0
Oasis - John Williams,279.0,2.0,49.53,2025-09-13 19:15:30+00:00,0.0,0.0,0.0,0.0
Oasis - John Williams,279.0,2.0,49.53,2025-09-13 19:30:30+00:00,0.0,0.0,0.0,0.0
Oasis - John Williams,279.0,2.0,49.53,2025-09-13 19:45:30+00:00,0.0,0.0,0.0,0.0
Oasis - John Williams,279.0,2.0,49.53,2025-09-13 20:00:30+00:00,0.0,0.0,0.0,0.0
Oasis - John Williams,279.0,2.0,49.53,2025-09-13 20:15:30+00:00,0.0,0.0,0.0,0.0
Oasis - John Williams,279.0,2.0,49.53,2025-09-13 20:30:30+00:00,0.0,0.0,0.0,0.0
Oasis - John Williams,279.0,2.0,49.53,2025-09-13 20:45:30+00:00,0.0,0.0,0.0,0.0
Oasis - John Williams,279.0,2.0,49.53,2025-09-13 21:00:30+00:00,0.0,0.0,0.0,0.0
Oasis - John Williams,279.0,2.0,49.53,2025-09-13 21:15:30+00:00,0.0,0.0,0.0,0.0
Oasis - John Williams,279.0,2.0,49.53,2025-09-13 21:30:30+00:00,0.0,0.0,0.0,0.0
Oasis - John Williams,279.0,2.0,49.53,2025-09-13 21:45:30+00:00,0.0,0.0,0.0,0.0
Oasis - John Williams,279.0,2.0,49.53,2025-09-13 22:00:30+00:00,0.0,0.0,0.0,0.0
Oasis - John Williams,279.0,2.0,49.53,2025-09-13 22:15:30+00:00,0.0,0.0,0.0,0.0
Oasis - John Williams,279.0,2.0,49.53,2025-09-13 22:30:30+00:00,0.0,0.0,0.0,0.0
Oasis - John Williams,279.0,2.0,49.53,2025-09-13 22:45:30+00:00,0.0,0.0,0.0,0.0
Oasis - John Williams,279.0,2.0,49.53,2025-09-13 23:00:30+00:00,0.0,0.0,0.0,0.0
Oasis - John Williams,279.0,2.0,49.53,2025-09-13 23:15:30+00:00,0.0,0.0,0.0,0.0
Oasis - John Williams,279.0,2.0,49.53,2025-09-13 23:30:30+00:00,0.0,0.0,0.0,0.0
Oasis - John Williams,279.0,2.0,49.53,2025-09-13 23:45:30+00:00,0.0,0.0,0.0,0.0
Oasis - John Williams,279.0,2.0,49.53,2025-09-14 00:00:30+00:00,0.0,0.0,0.0,0.0
Oasis - John Williams,279.0,2.0,49.53,2025-09-14 00:15:30+00:00,0.0,0.0,0.0,0.0
Oasis - John Williams,279.0,2.0,49.53,2025-09-14 00:30:30+00:00,0.0,0.0,0.0,0.0
Oasis - John Williams,279.0,2.0,49.53,2025-09-14 00:45:30+00:00,0.0,0.0,0.0,0.0
Oasis - John Williams,279.0,2.0,49.53,2025-09-14 01:00:30+00:00,0.0,0.0,0.0,0.0
Oasis - John Williams,279.0,2.0,49.53,2025-09-14 01:15:30+00:00,0.0,0.0,0.0,0.0
Oasis - John Williams,279.0,2.0,49.53,2025-09-14 01:30:30+00:00,0.0,0.0,0.0,0.0
Oasis - John Williams,279.0,2.0,49.53,2025-09-14 01:45:30+00:00,0.0,0.0,0.0,0.0
Oasis - John Williams,279.0,2.0,49.53,2025-09-14 02:00:30+00:00,0.0,0.0,0.0,0.0
Oasis - John Williams,279.0,2.0,49.53,2025-09-14 02:15:30+00:00,0.0,0.0,0.0,0.0
Oasis - John Williams,279.0,2.0,49.53,2025-09-14 02:30:30+00:00,0.0,0.0,0.0,0.0
Oasis - John Williams,279.0,2.0,49.53,2025-09-14 02:45:30+00:00,0.0,0.0,0.0,0.0
Oasis - John Williams,279.0,2.0,49.53,2025-09-14 03:00:30+00:00,0.0,0.0,0.0,0.0
Oasis - John Williams,279.0,2.0,49.53,2025-09-14 03:15:30+00:00,0.0,0.0,0.0,0.0
Oasis - John Williams,279.0,2.0,49.53,2025-09-14 03:30:30+00:00,0.0,0.0,0.0,0.0
Oasis - John Williams,279.0,2.0,49.53,2025-09-14 03:45:30+00:00,0.0,0.0,0.0,0.0
Oasis - John Williams,279.0,2.0,49.53,2025-09-14 04:00:30+00:00,0.0,0.0,0.0,0.0
Oasis - John Williams,279.0,2.0,49.53,2025-09-14 04:15:30+00:00,0.0,0.0,0.0,0.0
Oasis - John Williams,279.0,2.0,49.53,2025-09-14 04:30:30+00:00,0.0,0.0,0.0,0.0
Oasis - John Williams,279.0,2.0,49.53,2025-09-14 04:45:30+00:00,0.0,0.0,0.0,0.0
Oasis - John Williams,279.0,2.0,49.53,2025-09-14 05:00:30+00:00,0.0,0.0,0.0,0.0
Oasis - John Williams,279.0,2.0,49.53,2025-09-14 05:15:30+00:00,0.0,0.0,0.0,0.0
Oasis - John Williams,279.0,2.0,49.53,2025-09-14 05:30:30+00:00,0.0,0.0,0.0,0.0
Oasis - John Williams,279.0,2.0,49.53,2025-09-14 05:45:30+00:00,0.0005,0.0,0.00125,0.0005
Oasis - John Williams,279.0,2.0,49.53,2025-09-14 06:00:30+00:00,0.0025,0.0005,0.00525,0.0025
Oasis - John Williams,279.0,2.0,49.53,2025-09-14 06:15:30+00:00,0.00525,0.00125,0.01125,0.00525
Oasis - John Williams,279.0,2.0,49.53,2025-09-14 06:30:30+00:00,0.01075,0.00375,0.01825,0.01075
Oasis - John Williams,279.0,2.0,49.53,2025-09-14 06:45:30+00:00,0.01675,0.004,0.02525,0.01725
Oasis - John Williams,279.0,2.0,49.53,2025-09-14 07:00:30+00:00,0.01675,0.00325,0.032,0.017
Oasis - John Williams,279.0,2.0,49.53,2025-09-14 07:15:30+00:00,0.018,0.00425,0.03325,0.01825
Oasis - John Williams,279.0,2.0,49.53,2025-09-14 07:30:30+00:00,0.015,0.005,0.03325,0.015
Oasis - John Williams,279.0,2.0,49.53,2025-09-14 07:45:30+00:00,0.01675,0.00575,0.031,0.01675
Oasis - John Williams,279.0,2.0,49.53,2025-09-14 08:00:30+00:00,0.01825,0.0065,0.03275,0.01825
Oasis - John Williams,279.0,2.0,49.53,2025-09-14 08:15:30+00:00,0.01825,0.00725,0.038,0.01825
Oasis - John Williams,279.0,2.0,49.53,2025-09-14 08:30:30+00:00,0.0275,0.008,0.04025,0.02775
Oasis - John Williams,279.0,2.0,49.53,2025-09-14 08:45:30+00:00,0.015,0.00875,0.04775,0.015
Oasis - John Williams,279.0,2.0,49.53,2025-09-14 09:00:30+00:00,0.03425,0.00925,0.04875,0.0345
Oasis - John Williams,279.0,2.0,49.53,2025-09-14 09:15:30+00:00,0.0265,0.01,0.052,0.02675
Oasis - John Williams,279.0,2.0,49.53,2025-09-14 09:30:30+00:00,0.02575,0.0105,0.0495,0.026
Oasis - John Williams,279.0,2.0,49.53,2025-09-14 09:45:30+00:00,0.03075,0.01175,0.05325,0.031
Oasis - John Williams,279.0,2.0,49.53,2025-09-14 10:00:30+00:00,0.04025,0.017,0.058,0.0405
Oasis - John Williams,279.0,2.0,49.53,2025-09-14 10:15:30+00:00,0.04125,0.02125,0.06425,0.0415
Oasis - John Williams,279.0,2.0,49.53,2025-09-14 10:30:30+00:00,0.04625,0.021,0.06825,0.0465
Oasis - John Williams,279.0,2.0,49.53,2025-09-14 10:45:30+00:00,0.046,0.0135,0.07075,0.04625
Oasis - John Williams,279.0,2.0,49.53,2025-09-14 11:00:30+00:00,0.0335,0.013,0.06825,0.0335
Oasis - John Williams,279.0,2.0,49.53,2025-09-14 11:15:30+00:00,0.02675,0.01325,0.058,0.02675
Oasis - John Williams,279.0,2.0,49.53,2025-09-14 11:30:30+00:00,0.02225,0.01325,0.05025,0.02225
Oasis - John Williams,279.0,2.0,49.53,2025-09-14 11:45:30+00:00,0.0245,0.0135,0.04675,0.0245
Oasis - John Williams,279.0,2.0,49.53,2025-09-14 12:00:30+00:00,0.0265,0.0135,0.05,0.0265
Oasis - John Williams,279.0,2.0,49.53,2025-09-14 12:15:30+00:00,0.03225,0.0135,0.05625,0.03225
Oasis - John Williams,279.0,2.0,49.53,2025-09-14 12:30:30+00:00,0.036,0.01325,0.0575,0.036
Oasis - John Williams,279.0,2.0,49.53,2025-09-14 12:45:30+00:00,0.0265,0.01325,0.054,0.0265
Oasis - John Williams,279.0,2.0,49.53,2025-09-14 13:00:30+00:00,0.01625,0.013,0.0465,0.01625
Oasis - John Williams,279.0,2.0,49.53,2025-09-14 13:15:30+00:00,0.0215,0.01275,0.04225,0.0215
Oasis - John Williams,279.0,2.0,49.53,2025-09-14 13:30:30+00:00,0.0215,0.01225,0.04,0.0215
Oasis - John Williams,279.0,2.0,49.53,2025-09-14 13:45:30+00:00,0.01975,0.012,0.04,0.01975
Oasis - John Williams,279.0,2.0,49.53,2025-09-14 14:00:30+00:00,0.02475,0.0115,0.03925,0.02475
Oasis - John Williams,279.0,2.0,49.53,2025-09-14 14:15:30+00:00,0.024,0.011,0.03825,0.024
Oasis - John Williams,279.0,2.0,49.53,2025-09-14 14:30:30+00:00,0.02125,0.0105,0.037,0.02125
Oasis - John Williams,279.0,2.0,49.53,2025-09-14 14:45:30+00:00,0.0195,0.00975,0.04025,0.0195
Oasis - John Williams,279.0,2.0,49.53,2025-09-14 15:00:30+00:00,0.0205,0.00925,0.04125,0.0205
Oasis - John Williams,279.0,2.0,49.53,2025-09-14 15:15:30+00:00,0.01,0.0085,0.04,0.01
Oasis - John Williams,279.0,2.0,49.53,2025-09-14 15:30:30+00:00,0.0295,0.00775,0.04525,0.0295
Oasis - John Williams,279.0,2.0,49.53,2025-09-14 15:45:30+00:00,0.02175,0.007,0.0445,0.02175
Oasis - John Williams,279.0,2.0,49.53,2025-09-14 16:00:30+00:00,0.0175,0.00625,0.04025,0.0175
Oasis - John Williams,279.0,2.0,49.53,2025-09-14 16:15:30+00:00,0.0205,0.0055,0.04275,0.02025
Oasis - John Williams,279.0,2.0,49.53,2025-09-14 16:30:30+00:00,0.0235,0.00475,0.04625,0.02325
Oasis - John Williams,279.0,2.0,49.53,2025-09-14 16:45:30+00:00,0.0235,0.00475,0.04825,0.02325
Oasis - John Williams,279.0,2.0,49.53,2025-09-14 17:00:30+00:00,0.027,0.00525,0.04475,0.0255
Oasis - John Williams,279.0,2.0,49.53,2025-09-14 17:15:30+00:00,0.02175,0.00675,0.0355,0.02025
Oasis - John Williams,279.0,2.0,49.53,2025-09-14 17:30:30+00:00,0.0195,0.0075,0.0255,0.0175
Oasis - John Williams,279.0,2.0,49.53,2025-09-14 17:45:30+00:00,0.013,0.007,0.016,0.011
Oasis - John Williams,279.0,2.0,49.53,2025-09-14 18:00:30+00:00,0.0045,0.0035,0.00575,0.004
Oasis - John Williams,279.0,2.0,49.53,2025-09-14 18:15:30+00:00,0.00075,0.0005,0.00075,0.00075
Oasis - John Williams,279.0,2.0,49.53,2025-09-14 18:30:30+00:00,0.0,0.0,0.0,0.0
Oasis - John Williams,279.0,2.0,49.53,2025-09-14 18:45:30+00:00,0.0,0.0,0.0,0.0
Oasis - John Williams,279.0,2.0,49.53,2025-09-14 19:00:30+00:00,0.0,0.0,0.0,0.0
Oasis - John Williams,279.0,2.0,49.53,2025-09-14 19:15:30+00:00,0.0,0.0,0.0,0.0
Oasis - John Williams,279.0,2.0,49.53,2025-09-14 19:30:30+00:00,0.0,0.0,0.0,0.0
Oasis - John Williams,279.0,2.0,49.53,2025-09-14 19:45:30+00:00,0.0,0.0,0.0,0.0
Oasis - John Williams,279.0,2.0,49.53,2025-09-14 20:00:30+00:00,0.0,0.0,0.0,0.0
Oasis - John Williams,279.0,2.0,49.53,2025-09-14 20:15:30+00:00,0.0,0.0,0.0,0.0
Oasis - John Williams,279.0,2.0,49.53,2025-09-14 20:30:30+00:00,0.0,0.0,0.0,0.0
Oasis - John Williams,279.0,2.0,49.53,2025-09-14 20:45:30+00:00,0.0,0.0,0.0,0.0
Oasis - John Williams,279.0,2.0,49.53,2025-09-14 21:00:30+00:00,0.0,0.0,0.0,0.0
Oasis - John Williams,279.0,2.0,49.53,2025-09-14 21:15:30+00:00,0.0,0.0,0.0,0.0
Oasis - John Williams,279.0,2.0,49.53,2025-09-14 21:30:30+00:00,0.0,0.0,0.0,0.0
Oasis - John Williams,279.0,2.0,49.53,2025-09-14 21:45:30+00:00,0.0,0.0,0.0,0.0
Oasis - John Williams,279.0,2.0,49.53,2025-09-14 22:00:30+00:00,0.0,0.0,0.0,0.0
Oasis - John Williams,279.0,2.0,49.53,2025-09-14 22:15:30+00:00,0.0,0.0,0.0,0.0
Oasis - John Williams,279.0,2.0,49.53,2025-09-14 22:30:30+00:00,0.0,0.0,0.0,0.0
Oasis - John Williams,279.0,2.0,49.53,2025-09-14 22:45:30+00:00,0.0,0.0,0.0,0.0
Oasis - John Williams,279.0,2.0,49.53,2025-09-14 23:00:30+00:00,0.0,0.0,0.0,0.0
Oasis - John Williams,279.0,2.0,49.53,2025-09-14 23:15:30+00:00,0.0,0.0,0.0,0.0
Oasis - John Williams,279.0,2.0,49.53,2025-09-14 23:30:30+00:00,0.0,0.0,0.0,0.0
Oasis - John Williams,279.0,2.0,49.53,2025-09-14 23:45:30+00:00,0.0,0.0,0.0,0.0
Oasis - John Williams,279.0,2.0,49.53,2025-09-15 00:00:30+00:00,0.0,0.0,0.0,0.0
Oasis - John Williams,279.0,2.0,49.53,2025-09-15 00:15:30+00:00,0.0,0.0,0.0,0.0
Oasis - John Williams,279.0,2.0,49.53,2025-09-15 00:30:30+00:00,0.0,0.0,0.0,0.0
Oasis - John Williams,279.0,2.0,49.53,2025-09-15 00:45:30+00:00,0.0,0.0,0.0,0.0
Oasis - John Williams,279.0,2.0,49.53,2025-09-15 01:00:30+00:00,0.0,0.0,0.0,0.0
Oasis - John Williams,279.0,2.0,49.53,2025-09-15 01:15:30+00:00,0.0,0.0,0.0,0.0
Oasis - John Williams,279.0,2.0,49.53,2025-09-15 01:30:30+00:00,0.0,0.0,0.0,0.0
Oasis - John Williams,279.0,2.0,49.53,2025-09-15 01:45:30+00:00,0.0,0.0,0.0,0.0
Oasis - John Williams,279.0,2.0,49.53,2025-09-15 02:00:30+00:00,0.0,0.0,0.0,0.0
Oasis - John Williams,279.0,2.0,49.53,2025-09-15 02:15:30+00:00,0.0,0.0,0.0,0.0
Oasis - John Williams,279.0,2.0,49.53,2025-09-15 02:30:30+00:00,0.0,0.0,0.0,0.0
Oasis - John Williams,279.0,2.0,49.53,2025-09-15 02:45:30+00:00,0.0,0.0,0.0,0.0
Oasis - John Williams,279.0,2.0,49.53,2025-09-15 03:00:30+00:00,0.0,0.0,0.0,0.0
Oasis - John Williams,279.0,2.0,49.53,2025-09-15 03:15:30+00:00,0.0,0.0,0.0,0.0
Oasis - John Williams,279.0,2.0,49.53,2025-09-15 03:30:30+00:00,0.0,0.0,0.0,0.0
Oasis - John Williams,279.0,2.0,49.53,2025-09-15 03:45:30+00:00,0.0,0.0,0.0,0.0
Oasis - John Williams,279.0,2.0,49.53,2025-09-15 04:00:30+00:00,0.0,0.0,0.0,0.0
Oasis - John Williams,279.0,2.0,49.53,2025-09-15 04:15:30+00:00,0.0,0.0,0.0,0.0
Oasis - John Williams,279.0,2.0,49.53,2025-09-15 04:30:30+00:00,0.0,0.0,0.0,0.0
Oasis - John Williams,279.0,2.0,49.53,2025-09-15 04:45:30+00:00,0.0,0.0,0.0,0.0
Oasis - John Williams,279.0,2.0,49.53,2025-09-15 05:00:30+00:00,0.0,0.0,0.0,0.0
Oasis - John Williams,279.0,2.0,49.53,2025-09-15 05:15:30+00:00,0.0,0.0,0.0,0.0
Oasis - John Williams,279.0,2.0,49.53,2025-09-15 05:30:30+00:00,0.0,0.0,0.0,0.0
Oasis - John Williams,279.0,2.0,49.53,2025-09-15 05:45:30+00:00,0.0005,0.0,0.001,0.0005
Oasis - John Williams,279.0,2.0,49.53,2025-09-15 06:00:30+00:00,0.00275,0.0005,0.0065,0.00275
Oasis - John Williams,279.0,2.0,49.53,2025-09-15 06:15:30+00:00,0.007,0.0015,0.012,0.0075
Oasis - John Williams,279.0,2.0,49.53,2025-09-15 06:30:30+00:00,0.00475,0.00175,0.01925,0.005
Oasis - John Williams,279.0,2.0,49.53,2025-09-15 06:45:30+00:00,0.02075,0.00425,0.032,0.0225
Oasis - John Williams,279.0,2.0,49.53,2025-09-15 07:00:30+00:00,0.02425,0.00725,0.043,0.02575
Oasis - John Williams,279.0,2.0,49.53,2025-09-15 07:15:30+00:00,0.02925,0.00575,0.04775,0.031
Oasis - John Williams,279.0,2.0,49.53,2025-09-15 07:30:30+00:00,0.02475,0.0065,0.0585,0.0255
Oasis - John Williams,279.0,2.0,49.53,2025-09-15 07:45:30+00:00,0.04125,0.01225,0.0745,0.04325
Oasis - John Williams,279.0,2.0,49.53,2025-09-15 08:00:30+00:00,0.064,0.01825,0.08175,0.06725
Oasis - John Williams,279.0,2.0,49.53,2025-09-15 08:15:30+00:00,0.0455,0.02925,0.095,0.047
Oasis - John Williams,279.0,2.0,49.53,2025-09-15 08:30:30+00:00,0.07425,0.029,0.09075,0.07725
Oasis - John Williams,279.0,2.0,49.53,2025-09-15 08:45:30+00:00,0.061,0.03925,0.102,0.0625
Oasis - John Williams,279.0,2.0,49.53,2025-09-15 09:00:30+00:00,0.07475,0.0375,0.10925,0.077
Oasis - John Williams,279.0,2.0,49.53,2025-09-15 09:15:30+00:00,0.084,0.034,0.1185,0.08625
Oasis - John Williams,279.0,2.0,49.53,2025-09-15 09:30:30+00:00,0.06975,0.01725,0.117,0.07125
Oasis - John Williams,279.0,2.0,49.53,2025-09-15 09:45:30+00:00,0.0465,0.01625,0.12625,0.047
Oasis - John Williams,279.0,2.0,49.53,2025-09-15 10:00:30+00:00,0.095,0.019,0.1345,0.09675
Oasis - John Williams,279.0,2.0,49.53,2025-09-15 10:15:30+00:00,0.078,0.02725,0.16075,0.07925
Oasis - John Williams,279.0,2.0,49.53,2025-09-15 10:30:30+00:00,0.11225,0.02225,0.15125,0.114
Oasis - John Williams,279.0,2.0,49.53,2025-09-15 10:45:30+00:00,0.0435,0.02,0.171,0.044
Oasis - John Williams,279.0,2.0,49.53,2025-09-15 11:00:30+00:00,0.12875,0.0255,0.16,0.13025
Oasis - John Williams,279.0,2.0,49.53,2025-09-15 11:15:30+00:00,0.07625,0.03975,0.17775,0.07675
Oasis - John Williams,279.0,2.0,49.53,2025-09-15 11:30:30+00:00,0.13225,0.0405,0.17975,0.13325
Oasis - John Williams,279.0,2.0,49.53,2025-09-15 11:45:30+00:00,0.13125,0.079,0.18125,0.132
Oasis - John Williams,279.0,2.0,49.53,2025-09-15 12:00:30+00:00,0.13775,0.09575,0.18175,0.13825
Oasis - John Williams,279.0,2.0,49.53,2025-09-15 12:15:30+00:00,0.15025,0.11225,0.16975,0.1505
Oasis - John Williams,279.0,2.0,49.53,2025-09-15 12:30:30+00:00,0.1345,0.10525,0.167,0.1345
Oasis - John Williams,279.0,2.0,49.53,2025-09-15 12:45:30+00:00,0.123,0.104,0.1595,0.1225
Oasis - John Williams,279.0,2.0,49.53,2025-09-15 13:00:30+00:00,0.1375,0.107,0.15625,0.1365
Oasis - John Williams,279.0,2.0,49.53,2025-09-15 13:15:30+00:00,0.134,0.114,0.15075,0.13275
Oasis - John Williams,279.0,2.0,49.53,2025-09-15 13:30:30+00:00,0.125,0.10975,0.1435,0.1235
Oasis - John Williams,279.0,2.0,49.53,2025-09-15 13:45:30+00:00,0.12075,0.10475,0.141,0.11925
Oasis - John Williams,279.0,2.0,49.53,2025-09-15 14:00:30+00:00,0.12275,0.09475,0.139,0.12075
Oasis - John Williams,279.0,2.0,49.53,2025-09-15 14:15:30+00:00,0.1065,0.07775,0.1375,0.1045
Oasis - John Williams,279.0,2.0,49.53,2025-09-15 14:30:30+00:00,0.093,0.0645,0.1305,0.09125
Oasis - John Williams,279.0,2.0,49.53,2025-09-15 14:45:30+00:00,0.0925,0.04925,0.11925,0.09075
Oasis - John Williams,279.0,2.0,49.53,2025-09-15 15:00:30+00:00,0.0665,0.0345,0.109,0.06525
Oasis - John Williams,279.0,2.0,49.53,2025-09-15 15:15:30+00:00,0.056,0.02325,0.10625,0.055
Oasis - John Williams,279.0,2.0,49.53,2025-09-15 15:30:30+00:00,0.072,0.01425,0.0995,0.06975
Oasis - John Williams,279.0,2.0,49.53,2025-09-15 15:45:30+00:00,0.0295,0.0115,0.097,0.029
Oasis - John Williams,279.0,2.0,49.53,2025-09-15 16:00:30+00:00,0.064,0.01275,0.0855,0.061
Oasis - John Williams,279.0,2.0,49.53,2025-09-15 16:15:30+00:00,0.04175,0.01725,0.077,0.04025
Oasis - John Williams,279.0,2.0,49.53,2025-09-15 16:30:30+00:00,0.04175,0.013,0.06,0.04
Oasis - John Williams,279.0,2.0,49.53,2025-09-15 16:45:30+00:00,0.025,0.015,0.046,0.024
Oasis - John Williams,279.0,2.0,49.53,2025-09-15 17:00:30+00:00,0.02525,0.01175,0.03475,0.024
Oasis - John Williams,279.0,2.0,49.53,2025-09-15 17:15:30+00:00,0.01875,0.00975,0.02775,0.01775
Oasis - John Williams,279.0,2.0,49.53,2025-09-15 17:30:30+00:00,0.01175,0.00625,0.0185,0.011
Oasis - John Williams,279.0,2.0,49.53,2025-09-15 17:45:30+00:00,0.00625,0.003,0.01025,0.00625
Oasis - John Williams,279.0,2.0,49.53,2025-09-15 18:00:30+00:00,0.002,0.00125,0.004,0.002
Oasis - John Williams,279.0,2.0,49.53,2025-09-15 18:15:30+00:00,0.00025,0.00025,0.0005,0.00025
Oasis - John Williams,279.0,2.0,49.53,2025-09-15 18:30:30+00:00,0.0,0.0,0.0,0.0
Oasis - John Williams,279.0,2.0,49.53,2025-09-15 18:45:30+00:00,0.0,0.0,0.0,0.0
Oasis - John Williams,279.0,2.0,49.53,2025-09-15 19:00:30+00:00,0.0,0.0,0.0,0.0
Oasis - John Williams,279.0,2.0,49.53,2025-09-15 19:15:30+00:00,0.0,0.0,0.0,0.0
Oasis - John Williams,279.0,2.0,49.53,2025-09-15 19:30:30+00:00,0.0,0.0,0.0,0.0
Oasis - John Williams,279.0,2.0,49.53,2025-09-15 19:45:30+00:00,0.0,0.0,0.0,0.0
Oasis - John Williams,279.0,2.0,49.53,2025-09-15 20:00:30+00:00,0.0,0.0,0.0,0.0
Oasis - John Williams,279.0,2.0,49.53,2025-09-15 20:15:30+00:00,0.0,0.0,0.0,0.0
Oasis - John Williams,279.0,2.0,49.53,2025-09-15 20:30:30+00:00,0.0,0.0,0.0,0.0
Oasis - John Williams,279.0,2.0,49.53,2025-09-15 20:45:30+00:00,0.0,0.0,0.0,0.0
Oasis - John Williams,279.0,2.0,49.53,2025-09-15 21:00:30+00:00,0.0,0.0,0.0,0.0
Oasis - John Williams,279.0,2.0,49.53,2025-09-15 21:15:30+00:00,0.0,0.0,0.0,0.0
Oasis - John Williams,279.0,2.0,49.53,2025-09-15 21:30:30+00:00,0.0,0.0,0.0,0.0
Oasis - John Williams,279.0,2.0,49.53,2025-09-15 21:45:30+00:00,0.0,0.0,0.0,0.0
Oasis - John Williams,279.0,2.0,49.53,2025-09-15 22:00:30+00:00,0.0,0.0,0.0,0.0
Oasis - John Williams,279.0,2.0,49.53,2025-09-15 22:15:30+00:00,0.0,0.0,0.0,0.0
Oasis - John Williams,279.0,2.0,49.53,2025-09-15 22:30:30+00:00,0.0,0.0,0.0,0.0
Oasis - John Williams,279.0,2.0,49.53,2025-09-15 22:45:30+00:00,0.0,0.0,0.0,0.0
Oasis - John Williams,279.0,2.0,49.53,2025-09-15 23:00:30+00:00,0.0,0.0,0.0,0.0
Oasis - John Williams,279.0,2.0,49.53,2025-09-15 23:15:30+00:00,0.0,0.0,0.0,0.0
Oasis - John Williams,279.0,2.0,49.53,2025-09-15 23:30:30+00:00,0.0,0.0,0.0,0.0
Oasis - John Williams,279.0,2.0,49.53,2025-09-15 23:45:30+00:00,0.0,0.0,0.0,0.0
Oasis - John Williams,279.0,2.0,49.53,2025-09-16 00:00:30+00:00,0.0,0.0,0.0,0.0
Oasis - John Williams,279.0,2.0,49.53,2025-09-16 00:15:30+00:00,0.0,0.0,0.0,0.0
Oasis - John Williams,279.0,2.0,49.53,2025-09-16 00:30:30+00:00,0.0,0.0,0.0,0.0
Oasis - John Williams,279.0,2.0,49.53,2025-09-16 00:45:30+00:00,0.0,0.0,0.0,0.0
Oasis - John Williams,279.0,2.0,49.53,2025-09-16 01:00:30+00:00,0.0,0.0,0.0,0.0
Oasis - John Williams,279.0,2.0,49.53,2025-09-16 01:15:30+00:00,0.0,0.0,0.0,0.0
Oasis - John Williams,279.0,2.0,49.53,2025-09-16 01:30:30+00:00,0.0,0.0,0.0,0.0
Oasis - John Williams,279.0,2.0,49.53,2025-09-16 01:45:30+00:00,0.0,0.0,0.0,0.0
Oasis - John Williams,279.0,2.0,49.53,2025-09-16 02:00:30+00:00,0.0,0.0,0.0,0.0
Oasis - John Williams,279.0,2.0,49.53,2025-09-16 02:15:30+00:00,0.0,0.0,0.0,0.0
Oasis - John Williams,279.0,2.0,49.53,2025-09-16 02:30:30+00:00,0.0,0.0,0.0,0.0
Oasis - John Williams,279.0,2.0,49.53,2025-09-16 02:45:30+00:00,0.0,0.0,0.0,0.0
Oasis - John Williams,279.0,2.0,49.53,2025-09-16 03:00:30+00:00,0.0,0.0,0.0,0.0
Oasis - John Williams,279.0,2.0,49.53,2025-09-16 03:15:30+00:00,0.0,0.0,0.0,0.0
Oasis - John Williams,279.0,2.0,49.53,2025-09-16 03:30:30+00:00,0.0,0.0,0.0,0.0
Oasis - John Williams,279.0,2.0,49.53,2025-09-16 03:45:30+00:00,0.0,0.0,0.0,0.0
Oasis - John Williams,279.0,2.0,49.53,2025-09-16 04:00:30+00:00,0.0,0.0,0.0,0.0
Oasis - John Williams,279.0,2.0,49.53,2025-09-16 04:15:30+00:00,0.0,0.0,0.0,0.0
Oasis - John Williams,279.0,2.0,49.53,2025-09-16 04:30:30+00:00,0.0,0.0,0.0,0.0
Oasis - John Williams,279.0,2.0,49.53,2025-09-16 04:45:30+00:00,0.0,0.0,0.0,0.0
Oasis - John Williams,279.0,2.0,49.53,2025-09-16 05:00:30+00:00,0.0,0.0,0.0,0.0
Oasis - John Williams,279.0,2.0,49.53,2025-09-16 05:15:30+00:00,0.0,0.0,0.0,0.0
Oasis - John Williams,279.0,2.0,49.53,2025-09-16 05:30:30+00:00,0.0,0.0,0.0,0.0
Oasis - John Williams,279.0,2.0,49.53,2025-09-16 05:45:30+00:00,0.0005,0.00025,0.0005,0.0005
Oasis - John Williams,279.0,2.0,49.53,2025-09-16 06:00:30+00:00,0.0035,0.0025,0.005,0.00425
Oasis - John Williams,279.0,2.0,49.53,2025-09-16 06:15:30+00:00,0.0085,0.00575,0.01175,0.0105
Oasis - John Williams,279.0,2.0,49.53,2025-09-16 06:30:30+00:00,0.01625,0.011,0.02025,0.01925
Oasis - John Williams,279.0,2.0,49.53,2025-09-16 06:45:30+00:00,0.026,0.0185,0.0295,0.03
Oasis - John Williams,279.0,2.0,49.53,2025-09-16 07:00:30+00:00,0.0345,0.02675,0.039,0.03925
Oasis - John Williams,279.0,2.0,49.53,2025-09-16 07:15:30+00:00,0.043,0.0355,0.04925,0.04825
Oasis - John Williams,279.0,2.0,49.53,2025-09-16 07:30:30+00:00,0.05225,0.04475,0.05975,0.05775
Oasis - John Williams,279.0,2.0,49.53,2025-09-16 07:45:30+00:00,0.06225,0.05275,0.07025,0.068
Oasis - John Williams,279.0,2.0,49.53,2025-09-16 08:00:30+00:00,0.07,0.05825,0.0805,0.0755
Oasis - John Williams,279.0,2.0,49.53,2025-09-16 08:15:30+00:00,0.07575,0.06325,0.08925,0.0805
Oasis - John Williams,279.0,2.0,49.53,2025-09-16 08:30:30+00:00,0.08225,0.0675,0.0945,0.087
Oasis - John Williams,279.0,2.0,49.53,2025-09-16 08:45:30+00:00,0.0845,0.075,0.10225,0.0885
Oasis - John Williams,279.0,2.0,49.53,2025-09-16 09:00:30+00:00,0.09825,0.08175,0.1115,0.1025
Oasis - John Williams,279.0,2.0,49.53,2025-09-16 09:15:30+00:00,0.107,0.0925,0.122,0.11125
Oasis - John Williams,279.0,2.0,49.53,2025-09-16 09:30:30+00:00,0.11675,0.10225,0.13,0.12125
Oasis - John Williams,279.0,2.0,49.53,2025-09-16 09:45:30+00:00,0.12475,0.10925,0.135,0.12925
Oasis - John Williams,279.0,2.0,49.53,2025-09-16 10:00:30+00:00,0.12475,0.10775,0.14425,0.1285
Oasis - John Williams,279.0,2.0,49.53,2025-09-16 10:15:30+00:00,0.12775,0.10675,0.14875,0.131
Oasis - John Williams,279.0,2.0,49.53,2025-09-16 10:30:30+00:00,0.13025,0.10425,0.1495,0.133
Oasis - John Williams,279.0,2.0,49.53,2025-09-16 10:45:30+00:00,0.12225,0.1055,0.147,0.12425
Oasis - John Williams,279.0,2.0,49.53,2025-09-16 11:00:30+00:00,0.12525,0.106,0.14775,0.12675
Oasis - John Williams,279.0,2.0,49.53,2025-09-16 11:15:30+00:00,0.1325,0.11275,0.15625,0.134
Oasis - John Williams,279.0,2.0,49.53,2025-09-16 11:30:30+00:00,0.1455,0.11875,0.159,0.147
Oasis - John Williams,279.0,2.0,49.53,2025-09-16 11:45:30+00:00,0.13825,0.12225,0.1595,0.13925
Oasis - John Williams,279.0,2.0,49.53,2025-09-16 12:00:30+00:00,0.1385,0.12075,0.16075,0.139
Oasis - John Williams,279.0,2.0,49.53,2025-09-16 12:15:30+00:00,0.14525,0.11725,0.17125,0.14525
Oasis - John Williams,279.0,2.0,49.53,2025-09-16 12:30:30+00:00,0.149,0.10675,0.1745,0.14875
Oasis - John Williams,279.0,2.0,49.53,2025-09-16 12:45:30+00:00,0.127,0.0925,0.1675,0.1265
Oasis - John Williams,279.0,2.0,49.53,2025-09-16 13:00:30+00:00,0.11325,0.083,0.15625,0.11275
Oasis - John Williams,279.0,2.0,49.53,2025-09-16 13:15:30+00:00,0.1185,0.08675,0.15875,0.1175
Oasis - John Williams,279.0,2.0,49.53,2025-09-16 13:30:30+00:00,0.1365,0.09725,0.16275,0.13475
Oasis - John Williams,279.0,2.0,49.53,2025-09-16 13:45:30+00:00,0.1345,0.1,0.15875,0.13225
Oasis - John Williams,279.0,2.0,49.53,2025-09-16 14:00:30+00:00,0.11625,0.089,0.1475,0.1145
Oasis - John Williams,279.0,2.0,49.53,2025-09-16 14:15:30+00:00,0.1035,0.078,0.13525,0.10175
Oasis - John Williams,279.0,2.0,49.53,2025-09-16 14:30:30+00:00,0.0995,0.067,0.1245,0.0975
Oasis - John Williams,279.0,2.0,49.53,2025-09-16 14:45:30+00:00,0.08325,0.05975,0.112,0.08175
Oasis - John Williams,279.0,2.0,49.53,2025-09-16 15:00:30+00:00,0.07475,0.05,0.09675,0.07325
Oasis - John Williams,279.0,2.0,49.53,2025-09-16 15:15:30+00:00,0.06175,0.0445,0.0825,0.06075
Oasis - John Williams,279.0,2.0,49.53,2025-09-16 15:30:30+00:00,0.054,0.0435,0.06975,0.053
Oasis - John Williams,279.0,2.0,49.53,2025-09-16 15:45:30+00:00,0.05425,0.0405,0.0625,0.053
Oasis - John Williams,279.0,2.0,49.53,2025-09-16 16:00:30+00:00,0.0455,0.036,0.05625,0.0445
Oasis - John Williams,279.0,2.0,49.53,2025-09-16 16:15:30+00:00,0.03825,0.0285,0.049,0.0375
Oasis - John Williams,279.0,2.0,49.53,2025-09-16 16:30:30+00:00,0.03225,0.0225,0.04225,0.0315
Oasis - John Williams,279.0,2.0,49.53,2025-09-16 16:45:30+00:00,0.02625,0.01725,0.0355,0.0255
Oasis - John Williams,279.0,2.0,49.53,2025-09-16 17:00:30+00:00,0.02025,0.01225,0.02875,0.01975
Oasis - John Williams,279.0,2.0,49.53,2025-09-16 17:15:30+00:00,0.015,0.00775,0.022,0.0145
Oasis - John Williams,279.0,2.0,49.53,2025-09-16 17:30:30+00:00,0.00925,0.0045,0.015,0.00925
Oasis - John Williams,279.0,2.0,49.53,2025-09-16 17:45:30+00:00,0.00475,0.002,0.00825,0.00475
Oasis - John Williams,279.0,2.0,49.53,2025-09-16 18:00:30+00:00,0.0015,0.00075,0.00325,0.0015
Oasis - John Williams,279.0,2.0,49.53,2025-09-16 18:15:30+00:00,0.0,0.0,0.0,0.0
Oasis - John Williams,279.0,2.0,49.53,2025-09-16 18:30:30+00:00,0.0,0.0,0.0,0.0
Oasis - John Williams,279.0,2.0,49.53,2025-09-16 18:45:30+00:00,0.0,0.0,0.0,0.0
Oasis - John Williams,279.0,2.0,49.53,2025-09-16 19:00:30+00:00,0.0,0.0,0.0,0.0
Oasis - John Williams,279.0,2.0,49.53,2025-09-16 19:15:30+00:00,0.0,0.0,0.0,0.0
Oasis - John Williams,279.0,2.0,49.53,2025-09-16 19:30:30+00:00,0.0,0.0,0.0,0.0
Oasis - John Williams,279.0,2.0,49.53,2025-09-16 19:45:30+00:00,0.0,0.0,0.0,0.0
Oasis - John Williams,279.0,2.0,49.53,2025-09-16 20:00:30+00:00,0.0,0.0,0.0,0.0
Oasis - John Williams,279.0,2.0,49.53,2025-09-16 20:15:30+00:00,0.0,0.0,0.0,0.0
Oasis - John Williams,279.0,2.0,49.53,2025-09-16 20:30:30+00:00,0.0,0.0,0.0,0.0
Oasis - John Williams,279.0,2.0,49.53,2025-09-16 20:45:30+00:00,0.0,0.0,0.0,0.0
Oasis - John Williams,279.0,2.0,49.53,2025-09-16 21:00:30+00:00,0.0,0.0,0.0,0.0
Oasis - John Williams,279.0,2.0,49.53,2025-09-16 21:15:30+00:00,0.0,0.0,0.0,0.0
Oasis - John Williams,279.0,2.0,49.53,2025-09-16 21:30:30+00:00,0.0,0.0,0.0,0.0
Oasis - John Williams,279.0,2.0,49.53,2025-09-16 21:45:30+00:00,0.0,0.0,0.0,0.0
Oasis - John Williams,279.0,2.0,49.53,2025-09-16 22:00:30+00:00,0.0,0.0,0.0,0.0
Oasis - John Williams,279.0,2.0,49.53,2025-09-16 22:15:30+00:00,0.0,0.0,0.0,0.0
Oasis - John Williams,279.0,2.0,49.53,2025-09-16 22:30:30+00:00,0.0,0.0,0.0,0.0
Oasis - John Williams,279.0,2.0,49.53,2025-09-16 22:45:30+00:00,0.0,0.0,0.0,0.0
Oasis - John Williams,279.0,2.0,49.53,2025-09-16 23:00:30+00:00,0.0,0.0,0.0,0.0
Oasis - John Williams,279.0,2.0,49.53,2025-09-16 23:15:30+00:00,0.0,0.0,0.0,0.0
Oasis - John Williams,279.0,2.0,49.53,2025-09-16 23:30:30+00:00,0.0,0.0,0.0,0.0
Oasis - John Williams,279.0,2.0,49.53,2025-09-16 23:45:30+00:00,0.0,0.0,0.0,0.0
Oasis - John Williams,279.0,2.0,49.53,2025-09-17 00:00:30+00:00,0.0,0.0,0.0,0.0
Oasis - John Williams,279.0,2.0,49.53,2025-09-17 00:15:30+00:00,0.0,0.0,0.0,0.0
Oasis - John Williams,279.0,2.0,49.53,2025-09-17 00:30:30+00:00,0.0,0.0,0.0,0.0
Oasis - John Williams,279.0,2.0,49.53,2025-09-17 00:45:30+00:00,0.0,0.0,0.0,0.0
Oasis - John Williams,279.0,2.0,49.53,2025-09-17 01:00:30+00:00,0.0,0.0,0.0,0.0
Oasis - John Williams,279.0,2.0,49.53,2025-09-17 01:15:30+00:00,0.0,0.0,0.0,0.0
Oasis - John Williams,279.0,2.0,49.53,2025-09-17 01:30:30+00:00,0.0,0.0,0.0,0.0
Oasis - John Williams,279.0,2.0,49.53,2025-09-17 01:45:30+00:00,0.0,0.0,0.0,0.0
Oasis - John Williams,279.0,2.0,49.53,2025-09-17 02:00:30+00:00,0.0,0.0,0.0,0.0
Oasis - John Williams,279.0,2.0,49.53,2025-09-17 02:15:30+00:00,0.0,0.0,0.0,0.0
Oasis - John Williams,279.0,2.0,49.53,2025-09-17 02:30:30+00:00,0.0,0.0,0.0,0.0
Oasis - John Williams,279.0,2.0,49.53,2025-09-17 02:45:30+00:00,0.0,0.0,0.0,0.0
Oasis - John Williams,279.0,2.0,49.53,2025-09-17 03:00:30+00:00,0.0,0.0,0.0,0.0
Oasis - John Williams,279.0,2.0,49.53,2025-09-17 03:15:30+00:00,0.0,0.0,0.0,0.0
Oasis - John Williams,279.0,2.0,49.53,2025-09-17 03:30:30+00:00,0.0,0.0,0.0,0.0
Oasis - John Williams,279.0,2.0,49.53,2025-09-17 03:45:30+00:00,0.0,0.0,0.0,0.0
Oasis - John Williams,279.0,2.0,49.53,2025-09-17 04:00:30+00:00,0.0,0.0,0.0,0.0
Oasis - John Williams,279.0,2.0,49.53,2025-09-17 04:15:30+00:00,0.0,0.0,0.0,0.0
Oasis - John Williams,279.0,2.0,49.53,2025-09-17 04:30:30+00:00,0.0,0.0,0.0,0.0
Oasis - John Williams,279.0,2.0,49.53,2025-09-17 04:45:30+00:00,0.0,0.0,0.0,0.0
Oasis - John Williams,279.0,2.0,49.53,2025-09-17 05:00:30+00:00,0.0,0.0,0.0,0.0
Oasis - John Williams,279.0,2.0,49.53,2025-09-17 05:15:30+00:00,0.0,0.0,0.0,0.0
Oasis - John Williams,279.0,2.0,49.53,2025-09-17 05:30:30+00:00,0.0,0.0,0.0,0.0
Oasis - John Williams,279.0,2.0,49.53,2025-09-17 05:45:30+00:00,0.0,0.0,0.00025,0.0
Oasis - John Williams,279.0,2.0,49.53,2025-09-17 06:00:30+00:00,0.0025,0.001,0.00475,0.0025
Oasis - John Williams,279.0,2.0,49.53,2025-09-17 06:15:30+00:00,0.00675,0.00275,0.01225,0.007
Oasis - John Williams,279.0,2.0,49.53,2025-09-17 06:30:30+00:00,0.01275,0.0025,0.01825,0.014
Oasis - John Williams,279.0,2.0,49.53,2025-09-17 06:45:30+00:00,0.01225,0.0025,0.0255,0.0125
Oasis - John Williams,279.0,2.0,49.53,2025-09-17 07:00:30+00:00,0.015,0.003,0.0275,0.015
Oasis - John Williams,279.0,2.0,49.53,2025-09-17 07:15:30+00:00,0.017,0.00425,0.032,0.01725
Oasis - John Williams,279.0,2.0,49.53,2025-09-17 07:30:30+00:00,0.02225,0.0085,0.03775,0.0225
Oasis - John Williams,279.0,2.0,49.53,2025-09-17 07:45:30+00:00,0.0295,0.01375,0.048,0.03
Oasis - John Williams,279.0,2.0,49.53,2025-09-17 08:00:30+00:00,0.0405,0.012,0.05425,0.04175
Oasis - John Williams,279.0,2.0,49.53,2025-09-17 08:15:30+00:00,0.02975,0.00675,0.06575,0.03
Oasis - John Williams,279.0,2.0,49.53,2025-09-17 08:30:30+00:00,0.03475,0.0075,0.0845,0.035
Oasis - John Williams,279.0,2.0,49.53,2025-09-17 08:45:30+00:00,0.06475,0.01475,0.108,0.06675
Oasis - John Williams,279.0,2.0,49.53,2025-09-17 09:00:30+00:00,0.08775,0.0285,0.116,0.09075
Oasis - John Williams,279.0,2.0,49.53,2025-09-17 09:15:30+00:00,0.086,0.0235,0.12475,0.0885
Oasis - John Williams,279.0,2.0,49.53,2025-09-17 09:30:30+00:00,0.0605,0.012,0.12475,0.0615
Oasis - John Williams,279.0,2.0,49.53,2025-09-17 09:45:30+00:00,0.0495,0.0105,0.10875,0.04975
Oasis - John Williams,279.0,2.0,49.53,2025-09-17 10:00:30+00:00,0.043,0.011,0.093,0.04325
Oasis - John Williams,279.0,2.0,49.53,2025-09-17 10:15:30+00:00,0.033,0.01125,0.0765,0.03325
Oasis - John Williams,279.0,2.0,49.53,2025-09-17 10:30:30+00:00,0.0245,0.01175,0.06225,0.0245
Oasis - John Williams,279.0,2.0,49.53,2025-09-17 10:45:30+00:00,0.02025,0.012,0.04975,0.02025
Oasis - John Williams,279.0,2.0,49.53,2025-09-17 11:00:30+00:00,0.0145,0.01225,0.03925,0.0145
Oasis - John Williams,279.0,2.0,49.53,2025-09-17 11:15:30+00:00,0.0135,0.0125,0.03375,0.0135
Oasis - John Williams,279.0,2.0,49.53,2025-09-17 11:30:30+00:00,0.0135,0.01275,0.03625,0.0135
Oasis - John Williams,279.0,2.0,49.53,2025-09-17 11:45:30+00:00,0.0205,0.01275,0.041,0.0205
Oasis - John Williams,279.0,2.0,49.53,2025-09-17 12:00:30+00:00,0.0225,0.01275,0.0465,0.0225
Oasis - John Williams,279.0,2.0,49.53,2025-09-17 12:15:30+00:00,0.028,0.01275,0.046,0.028
Oasis - John Williams,279.0,2.0,49.53,2025-09-17 12:30:30+00:00,0.0225,0.0125,0.0475,0.0225
Oasis - John Williams,279.0,2.0,49.53,2025-09-17 12:45:30+00:00,0.0315,0.0125,0.0465,0.0315
Oasis - John Williams,279.0,2.0,49.53,2025-09-17 13:00:30+00:00,0.02725,0.01225,0.0485,0.02725
Oasis - John Williams,279.0,2.0,49.53,2025-09-17 13:15:30+00:00,0.02875,0.012,0.05025,0.02875
Oasis - John Williams,279.0,2.0,49.53,2025-09-17 13:30:30+00:00,0.0285,0.0115,0.05425,0.0285
Oasis - John Williams,279.0,2.0,49.53,2025-09-17 13:45:30+00:00,0.03475,0.01125,0.06,0.03475
Oasis - John Williams,279.0,2.0,49.53,2025-09-17 14:00:30+00:00,0.0425,0.012,0.0585,0.0425
Oasis - John Williams,279.0,2.0,49.53,2025-09-17 14:15:30+00:00,0.02775,0.01025,0.05375,0.02775
Oasis - John Williams,279.0,2.0,49.53,2025-09-17 14:30:30+00:00,0.02325,0.00975,0.0445,0.02325
Oasis - John Williams,279.0,2.0,49.53,2025-09-17 14:45:30+00:00,0.02575,0.0095,0.0395,0.02575
Oasis - John Williams,279.0,2.0,49.53,2025-09-17 15:00:30+00:00,0.024,0.013,0.03525,0.024
Oasis - John Williams,279.0,2.0,49.53,2025-09-17 15:15:30+00:00,0.02225,0.01175,0.03275,0.02225
Oasis - John Williams,279.0,2.0,49.53,2025-09-17 15:30:30+00:00,0.0205,0.00825,0.03125,0.0205
Oasis - John Williams,279.0,2.0,49.53,2025-09-17 15:45:30+00:00,0.01625,0.0065,0.0305,0.01625
Oasis - John Williams,279.0,2.0,49.53,2025-09-17 16:00:30+00:00,0.017,0.00575,0.0315,0.017
Oasis - John Williams,279.0,2.0,49.53,2025-09-17 16:15:30+00:00,0.02025,0.005,0.03025,0.02
Oasis - John Williams,279.0,2.0,49.53,2025-09-17 16:30:30+00:00,0.0155,0.00425,0.02775,0.0155
Oasis - John Williams,279.0,2.0,49.53,2025-09-17 16:45:30+00:00,0.01175,0.0035,0.024,0.01175
Oasis - John Williams,279.0,2.0,49.53,2025-09-17 17:00:30+00:00,0.012,0.00275,0.02125,0.012
Oasis - John Williams,279.0,2.0,49.53,2025-09-17 17:15:30+00:00,0.011,0.0025,0.01775,0.01075
Oasis - John Williams,279.0,2.0,49.53,2025-09-17 17:30:30+00:00,0.007,0.002,0.01225,0.007
Oasis - John Williams,279.0,2.0,49.53,2025-09-17 17:45:30+00:00,0.0035,0.001,0.0065,0.0035
Oasis - John Williams,279.0,2.0,49.53,2025-09-17 18:00:30+00:00,0.00075,0.00025,0.002,0.00075
Oasis - John Williams,279.0,2.0,49.53,2025-09-17 18:15:30+00:00,0.0,0.0,0.0,0.0
Oasis - John Williams,279.0,2.0,49.53,2025-09-17 18:30:30+00:00,0.0,0.0,0.0,0.0
Oasis - John Williams,279.0,2.0,49.53,2025-09-17 18:45:30+00:00,0.0,0.0,0.0,0.0
Oasis - John Williams,279.0,2.0,49.53,2025-09-17 19:00:30+00:00,0.0,0.0,0.0,0.0
Oasis - John Williams,279.0,2.0,49.53,2025-09-17 19:15:30+00:00,0.0,0.0,0.0,0.0
Oasis - John Williams,279.0,2.0,49.53,2025-09-17 19:30:30+00:00,0.0,0.0,0.0,0.0
Oasis - John Williams,279.0,2.0,49.53,2025-09-17 19:45:30+00:00,0.0,0.0,0.0,0.0
Oasis - John Williams,279.0,2.0,49.53,2025-09-17 20:00:30+00:00,0.0,0.0,0.0,0.0
Oasis - John Williams,279.0,2.0,49.53,2025-09-17 20:15:30+00:00,0.0,0.0,0.0,0.0
Oasis - John Williams,279.0,2.0,49.53,2025-09-17 20:30:30+00:00,0.0,0.0,0.0,0.0
Oasis - John Williams,279.0,2.0,49.53,2025-09-17 20:45:30+00:00,0.0,0.0,0.0,0.0
Oasis - John Williams,279.0,2.0,49.53,2025-09-17 21:00:30+00:00,0.0,0.0,0.0,0.0
Oasis - John Williams,279.0,2.0,49.53,2025-09-17 21:15:30+00:00,0.0,0.0,0.0,0.0
Oasis - John Williams,279.0,2.0,49.53,2025-09-17 21:30:30+00:00,0.0,0.0,0.0,0.0
Oasis - John Williams,279.0,2.0,49.53,2025-09-17 21:45:30+00:00,0.0,0.0,0.0,0.0
Oasis - John Williams,279.0,2.0,49.53,2025-09-17 22:00:30+00:00,0.0,0.0,0.0,0.0
Oasis - John Williams,279.0,2.0,49.53,2025-09-17 22:15:30+00:00,0.0,0.0,0.0,0.0
Oasis - John Williams,279.0,2.0,49.53,2025-09-17 22:30:30+00:00,0.0,0.0,0.0,0.0
Oasis - John Williams,279.0,2.0,49.53,2025-09-17 22:45:30+00:00,0.0,0.0,0.0,0.0
Oasis - John Williams,279.0,2.0,49.53,2025-09-17 23:00:30+00:00,0.0,0.0,0.0,0.0
Oasis - John Williams,279.0,2.0,49.53,2025-09-17 23:15:30+00:00,0.0,0.0,0.0,0.0
Oasis - John Williams,279.0,2.0,49.53,2025-09-17 23:30:30+00:00,0.0,0.0,0.0,0.0
Oasis - John Williams,279.0,2.0,49.53,2025-09-17 23:45:30+00:00,0.0,0.0,0.0,0.0
Oasis - John Williams,279.0,2.0,49.53,2025-09-18 00:00:30+00:00,0.0,0.0,0.0,0.0
Oasis - John Williams,279.0,2.0,49.53,2025-09-18 00:15:30+00:00,0.0,0.0,0.0,0.0
Oasis - John Williams,279.0,2.0,49.53,2025-09-18 00:30:30+00:00,0.0,0.0,0.0,0.0
Oasis - John Williams,279.0,2.0,49.53,2025-09-18 00:45:30+00:00,0.0,0.0,0.0,0.0
Oasis - John Williams,279.0,2.0,49.53,2025-09-18 01:00:30+00:00,0.0,0.0,0.0,0.0
Oasis - John Williams,279.0,2.0,49.53,2025-09-18 01:15:30+00:00,0.0,0.0,0.0,0.0
Oasis - John Williams,279.0,2.0,49.53,2025-09-18 01:30:30+00:00,0.0,0.0,0.0,0.0
Oasis - John Williams,279.0,2.0,49.53,2025-09-18 01:45:30+00:00,0.0,0.0,0.0,0.0
Oasis - John Williams,279.0,2.0,49.53,2025-09-18 02:00:30+00:00,0.0,0.0,0.0,0.0
Oasis - John Williams,279.0,2.0,49.53,2025-09-18 02:15:30+00:00,0.0,0.0,0.0,0.0
Oasis - John Williams,279.0,2.0,49.53,2025-09-18 02:30:30+00:00,0.0,0.0,0.0,0.0
Oasis - John Williams,279.0,2.0,49.53,2025-09-18 02:45:30+00:00,0.0,0.0,0.0,0.0
Oasis - John Williams,279.0,2.0,49.53,2025-09-18 03:00:30+00:00,0.0,0.0,0.0,0.0
Oasis - John Williams,279.0,2.0,49.53,2025-09-18 03:15:30+00:00,0.0,0.0,0.0,0.0
Oasis - John Williams,279.0,2.0,49.53,2025-09-18 03:30:30+00:00,0.0,0.0,0.0,0.0
Oasis - John Williams,279.0,2.0,49.53,2025-09-18 03:45:30+00:00,0.0,0.0,0.0,0.0
Oasis - John Williams,279.0,2.0,49.53,2025-09-18 04:00:30+00:00,0.0,0.0,0.0,0.0
Oasis - John Williams,279.0,2.0,49.53,2025-09-18 04:15:30+00:00,0.0,0.0,0.0,0.0
Oasis - John Williams,279.0,2.0,49.53,2025-09-18 04:30:30+00:00,0.0,0.0,0.0,0.0
Oasis - John Williams,279.0,2.0,49.53,2025-09-18 04:45:30+00:00,0.0,0.0,0.0,0.0
Oasis - John Williams,279.0,2.0,49.53,2025-09-18 05:00:30+00:00,0.0,0.0,0.0,0.0
Oasis - John Williams,279.0,2.0,49.53,2025-09-18 05:15:30+00:00,0.0,0.0,0.0,0.0
Oasis - John Williams,279.0,2.0,49.53,2025-09-18 05:30:30+00:00,0.0,0.0,0.0,0.0
Oasis - John Williams,279.0,2.0,49.53,2025-09-18 05:45:30+00:00,0.0,0.0,0.0,0.0
Oasis - John Williams,279.0,2.0,49.53,2025-09-18 06:00:30+00:00,0.0015,0.00025,0.004,0.0015
Oasis - John Williams,279.0,2.0,49.53,2025-09-18 06:15:30+00:00,0.004,0.00075,0.011,0.004
Oasis - John Williams,279.0,2.0,49.53,2025-09-18 06:30:30+00:00,0.0115,0.00275,0.01725,0.01225
Oasis - John Williams,279.0,2.0,49.53,2025-09-18 06:45:30+00:00,0.015,0.00725,0.0245,0.01575
Oasis - John Williams,279.0,2.0,49.53,2025-09-18 07:00:30+00:00,0.021,0.01225,0.03125,0.02175
Oasis - John Williams,279.0,2.0,49.53,2025-09-18 07:15:30+00:00,0.02875,0.0175,0.04,0.03025
Oasis - John Williams,279.0,2.0,49.53,2025-09-18 07:30:30+00:00,0.0365,0.01875,0.0485,0.03825
Oasis - John Williams,279.0,2.0,49.53,2025-09-18 07:45:30+00:00,0.03625,0.01425,0.05725,0.03725
Oasis - John Williams,279.0,2.0,49.53,2025-09-18 08:00:30+00:00,0.03375,0.00975,0.061,0.03425
Oasis - John Williams,279.0,2.0,49.53,2025-09-18 08:15:30+00:00,0.035,0.007,0.06025,0.0355
Oasis - John Williams,279.0,2.0,49.53,2025-09-18 08:30:30+00:00,0.02975,0.00725,0.05675,0.03
Oasis - John Williams,279.0,2.0,49.53,2025-09-18 08:45:30+00:00,0.028,0.008,0.05075,0.02825
Oasis - John Williams,279.0,2.0,49.53,2025-09-18 09:00:30+00:00,0.02475,0.00875,0.04825,0.025
Oasis - John Williams,279.0,2.0,49.53,2025-09-18 09:15:30+00:00,0.02575,0.00925,0.045,0.02575
Oasis - John Williams,279.0,2.0,49.53,2025-09-18 09:30:30+00:00,0.02375,0.01,0.0425,0.02375
Oasis - John Williams,279.0,2.0,49.53,2025-09-18 09:45:30+00:00,0.0185,0.0105,0.03825,0.0185
Oasis - John Williams,279.0,2.0,49.53,2025-09-18 10:00:30+00:00,0.01825,0.011,0.03625,0.0185
Oasis - John Williams,279.0,2.0,49.53,2025-09-18 10:15:30+00:00,0.01975,0.01125,0.046,0.01975
Oasis - John Williams,279.0,2.0,49.53,2025-09-18 10:30:30+00:00,0.0195,0.01175,0.065,0.01975
Oasis - John Williams,279.0,2.0,49.53,2025-09-18 10:45:30+00:00,0.0275,0.012,0.09575,0.0275
Oasis - John Williams,279.0,2.0,49.53,2025-09-18 11:00:30+00:00,0.063,0.0125,0.12025,0.0635
Oasis - John Williams,279.0,2.0,49.53,2025-09-18 11:15:30+00:00,0.08175,0.01625,0.11925,0.08225
Oasis - John Williams,279.0,2.0,49.53,2025-09-18 11:30:30+00:00,0.05725,0.0265,0.11175,0.0575
Oasis - John Williams,279.0,2.0,49.53,2025-09-18 11:45:30+00:00,0.06775,0.02625,0.09875,0.06775
Oasis - John Williams,279.0,2.0,49.53,2025-09-18 12:00:30+00:00,0.06225,0.029,0.1175,0.06225
Oasis - John Williams,279.0,2.0,49.53,2025-09-18 12:15:30+00:00,0.08925,0.03075,0.131,0.08925
Oasis - John Williams,279.0,2.0,49.53,2025-09-18 12:30:30+00:00,0.09025,0.0445,0.14925,0.09025
Oasis - John Williams,279.0,2.0,49.53,2025-09-18 12:45:30+00:00,0.11075,0.041,0.13925,0.1105
Oasis - John Williams,279.0,2.0,49.53,2025-09-18 13:00:30+00:00,0.06825,0.03625,0.13225,0.068
Oasis - John Williams,279.0,2.0,49.53,2025-09-18 13:15:30+00:00,0.07325,0.02675,0.11125,0.073
Oasis - John Williams,279.0,2.0,49.53,2025-09-18 13:30:30+00:00,0.065,0.02825,0.10075,0.065
Oasis - John Williams,279.0,2.0,49.53,2025-09-18 13:45:30+00:00,0.05475,0.02775,0.082,0.05475
Oasis - John Williams,279.0,2.0,49.53,2025-09-18 14:00:30+00:00,0.0445,0.02725,0.07975,0.0445
Oasis - John Williams,279.0,2.0,49.53,2025-09-18 14:15:30+00:00,0.06125,0.022,0.07675,0.061
Oasis - John Williams,279.0,2.0,49.53,2025-09-18 14:30:30+00:00,0.0415,0.02525,0.0815,0.04125
Oasis - John Williams,279.0,2.0,49.53,2025-09-18 14:45:30+00:00,0.05725,0.023,0.08225,0.05675
Oasis - John Williams,279.0,2.0,49.53,2025-09-18 15:00:30+00:00,0.0585,0.02175,0.082,0.05775
Oasis - John Williams,279.0,2.0,49.53,2025-09-18 15:15:30+00:00,0.03875,0.00875,0.0735,0.03875
Oasis - John Williams,279.0,2.0,49.53,2025-09-18 15:30:30+00:00,0.026,0.007,0.06325,0.026
Oasis - John Williams,279.0,2.0,49.53,2025-09-18 15:45:30+00:00,0.02025,0.00625,0.065,0.0205
Oasis - John Williams,279.0,2.0,49.53,2025-09-18 16:00:30+00:00,0.0445,0.00875,0.07075,0.043
Oasis - John Williams,279.0,2.0,49.53,2025-09-18 16:15:30+00:00,0.0435,0.015,0.0675,0.042
Oasis - John Williams,279.0,2.0,49.53,2025-09-18 16:30:30+00:00,0.03525,0.01225,0.055,0.03375
Oasis - John Williams,279.0,2.0,49.53,2025-09-18 16:45:30+00:00,0.02125,0.009,0.0415,0.02075
Oasis - John Williams,279.0,2.0,49.53,2025-09-18 17:00:30+00:00,0.02025,0.0055,0.037,0.01925
Oasis - John Williams,279.0,2.0,49.53,2025-09-18 17:15:30+00:00,0.0225,0.0065,0.028,0.0205
Oasis - John Williams,279.0,2.0,49.53,2025-09-18 17:30:30+00:00,0.01125,0.005,0.01725,0.0105
Oasis - John Williams,279.0,2.0,49.53,2025-09-18 17:45:30+00:00,0.004,0.00175,0.00775,0.004
Oasis - John Williams,279.0,2.0,49.53,2025-09-18 18:00:30+00:00,0.00075,0.00025,0.0015,0.00075
Oasis - John Williams,279.0,2.0,49.53,2025-09-18 18:15:30+00:00,0.0,0.0,0.0,0.0
Oasis - John Williams,279.0,2.0,49.53,2025-09-18 18:30:30+00:00,0.0,0.0,0.0,0.0
Oasis - John Williams,279.0,2.0,49.53,2025-09-18 18:45:30+00:00,0.0,0.0,0.0,0.0
Oasis - John Williams,279.0,2.0,49.53,2025-09-18 19:00:30+00:00,0.0,0.0,0.0,0.0
Oasis - John Williams,279.0,2.0,49.53,2025-09-18 19:15:30+00:00,0.0,0.0,0.0,0.0
Oasis - John Williams,279.0,2.0,49.53,2025-09-18 19:30:30+00:00,0.0,0.0,0.0,0.0
Oasis - John Williams,279.0,2.0,49.53,2025-09-18 19:45:30+00:00,0.0,0.0,0.0,0.0
Oasis - John Williams,279.0,2.0,49.53,2025-09-18 20:00:30+00:00,0.0,0.0,0.0,0.0
Oasis - John Williams,279.0,2.0,49.53,2025-09-18 20:15:30+00:00,0.0,0.0,0.0,0.0
Oasis - John Williams,279.0,2.0,49.53,2025-09-18 20:30:30+00:00,0.0,0.0,0.0,0.0
Oasis - John Williams,279.0,2.0,49.53,2025-09-18 20:45:30+00:00,0.0,0.0,0.0,0.0
Oasis - John Williams,279.0,2.0,49.53,2025-09-18 21:00:30+00:00,0.0,0.0,0.0,0.0
Oasis - John Williams,279.0,2.0,49.53,2025-09-18 21:15:30+00:00,0.0,0.0,0.0,0.0
Oasis - John Williams,279.0,2.0,49.53,2025-09-18 21:30:30+00:00,0.0,0.0,0.0,0.0
Oasis - John Williams,279.0,2.0,49.53,2025-09-18 21:45:30+00:00,0.0,0.0,0.0,0.0
Oasis - John Williams,279.0,2.0,49.53,2025-09-18 22:00:30+00:00,0.0,0.0,0.0,0.0
Oasis - John Williams,279.0,2.0,49.53,2025-09-18 22:15:30+00:00,0.0,0.0,0.0,0.0
Oasis - John Williams,279.0,2.0,49.53,2025-09-18 22:30:30+00:00,0.0,0.0,0.0,0.0
Oasis - John Williams,279.0,2.0,49.53,2025-09-18 22:45:30+00:00,0.0,0.0,0.0,0.0
Oasis - John Williams,279.0,2.0,49.53,2025-09-18 23:00:30+00:00,0.0,0.0,0.0,0.0
Oasis - John Williams,279.0,2.0,49.53,2025-09-18 23:15:30+00:00,0.0,0.0,0.0,0.0
Oasis - John Williams,279.0,2.0,49.53,2025-09-18 23:30:30+00:00,0.0,0.0,0.0,0.0
Oasis - John Williams,279.0,2.0,49.53,2025-09-18 23:45:30+00:00,0.0,0.0,0.0,0.0
Oasis - John Williams,279.0,2.0,49.53,2025-09-19 00:00:30+00:00,0.0,0.0,0.0,0.0
Oasis - John Williams,279.0,2.0,49.53,2025-09-19 00:15:30+00:00,0.0,0.0,0.0,0.0
Oasis - John Williams,279.0,2.0,49.53,2025-09-19 00:30:30+00:00,0.0,0.0,0.0,0.0
Oasis - John Williams,279.0,2.0,49.53,2025-09-19 00:45:30+00:00,0.0,0.0,0.0,0.0
Oasis - John Williams,279.0,2.0,49.53,2025-09-19 01:00:30+00:00,0.0,0.0,0.0,0.0
Oasis - John Williams,279.0,2.0,49.53,2025-09-19 01:15:30+00:00,0.0,0.0,0.0,0.0
Oasis - John Williams,279.0,2.0,49.53,2025-09-19 01:30:30+00:00,0.0,0.0,0.0,0.0
Oasis - John Williams,279.0,2.0,49.53,2025-09-19 01:45:30+00:00,0.0,0.0,0.0,0.0
Oasis - John Williams,279.0,2.0,49.53,2025-09-19 02:00:30+00:00,0.0,0.0,0.0,0.0
Oasis - John Williams,279.0,2.0,49.53,2025-09-19 02:15:30+00:00,0.0,0.0,0.0,0.0
Oasis - John Williams,279.0,2.0,49.53,2025-09-19 02:30:30+00:00,0.0,0.0,0.0,0.0
Oasis - John Williams,279.0,2.0,49.53,2025-09-19 02:45:30+00:00,0.0,0.0,0.0,0.0
Oasis - John Williams,279.0,2.0,49.53,2025-09-19 03:00:30+00:00,0.0,0.0,0.0,0.0
Oasis - John Williams,279.0,2.0,49.53,2025-09-19 03:15:30+00:00,0.0,0.0,0.0,0.0
Oasis - John Williams,279.0,2.0,49.53,2025-09-19 03:30:30+00:00,0.0,0.0,0.0,0.0
Oasis - John Williams,279.0,2.0,49.53,2025-09-19 03:45:30+00:00,0.0,0.0,0.0,0.0
Oasis - John Williams,279.0,2.0,49.53,2025-09-19 04:00:30+00:00,0.0,0.0,0.0,0.0
Oasis - John Williams,279.0,2.0,49.53,2025-09-19 04:15:30+00:00,0.0,0.0,0.0,0.0
Oasis - John Williams,279.0,2.0,49.53,2025-09-19 04:30:30+00:00,0.0,0.0,0.0,0.0
Oasis - John Williams,279.0,2.0,49.53,2025-09-19 04:45:30+00:00,0.0,0.0,0.0,0.0
Oasis - John Williams,279.0,2.0,49.53,2025-09-19 05:00:30+00:00,0.0,0.0,0.0,0.0
Oasis - John Williams,279.0,2.0,49.53,2025-09-19 05:15:30+00:00,0.0,0.0,0.0,0.0
Oasis - John Williams,279.0,2.0,49.53,2025-09-19 05:30:30+00:00,0.0,0.0,0.0,0.0
Oasis - John Williams,279.0,2.0,49.53,2025-09-19 05:45:30+00:00,0.001,0.00075,0.00125,0.001
Oasis - John Williams,279.0,2.0,49.53,2025-09-19 06:00:30+00:00,0.0025,0.002,0.0035,0.0025
Oasis - John Williams,279.0,2.0,49.53,2025-09-19 06:15:30+00:00,0.0065,0.00425,0.00875,0.007
Oasis - John Williams,279.0,2.0,49.53,2025-09-19 06:30:30+00:00,0.012,0.00675,0.016,0.01325
Oasis - John Williams,279.0,2.0,49.53,2025-09-19 06:45:30+00:00,0.016,0.01125,0.025,0.017
Oasis - John Williams,279.0,2.0,49.53,2025-09-19 07:00:30+00:00,0.0255,0.01625,0.03375,0.0275
Oasis - John Williams,279.0,2.0,49.53,2025-09-19 07:15:30+00:00,0.03375,0.024,0.0435,0.03625
Oasis - John Williams,279.0,2.0,49.53,2025-09-19 07:30:30+00:00,0.04225,0.03025,0.051,0.04525
Oasis - John Williams,279.0,2.0,49.53,2025-09-19 07:45:30+00:00,0.04675,0.036,0.058,0.049
Oasis - John Williams,279.0,2.0,49.53,2025-09-19 08:00:30+00:00,0.05125,0.041,0.0625,0.0535
Oasis - John Williams,279.0,2.0,49.53,2025-09-19 08:15:30+00:00,0.057,0.04825,0.06625,0.05925
Oasis - John Williams,279.0,2.0,49.53,2025-09-19 08:30:30+00:00,0.06275,0.057,0.071,0.065
Oasis - John Williams,279.0,2.0,49.53,2025-09-19 08:45:30+00:00,0.07175,0.064,0.07675,0.074
Oasis - John Williams,279.0,2.0,49.53,2025-09-19 09:00:30+00:00,0.07675,0.07,0.08425,0.079
Oasis - John Williams,279.0,2.0,49.53,2025-09-19 09:15:30+00:00,0.083,0.0745,0.08975,0.085
Oasis - John Williams,279.0,2.0,49.53,2025-09-19 09:30:30+00:00,0.0865,0.074,0.09925,0.0885
Oasis - John Williams,279.0,2.0,49.53,2025-09-19 09:45:30+00:00,0.08975,0.07225,0.1115,0.09175
Oasis - John Williams,279.0,2.0,49.53,2025-09-19 10:00:30+00:00,0.0985,0.0735,0.13025,0.1005
Oasis - John Williams,279.0,2.0,49.53,2025-09-19 10:15:30+00:00,0.1165,0.08275,0.14625,0.119
Oasis - John Williams,279.0,2.0,49.53,2025-09-19 10:30:30+00:00,0.12825,0.099,0.1515,0.13075
Oasis - John Williams,279.0,2.0,49.53,2025-09-19 10:45:30+00:00,0.13625,0.11475,0.15525,0.13875
Oasis - John Williams,279.0,2.0,49.53,2025-09-19 11:00:30+00:00,0.14025,0.128,0.15225,0.14225
Oasis - John Williams,279.0,2.0,49.53,2025-09-19 11:15:30+00:00,0.14375,0.13525,0.1515,0.1455
Oasis - John Williams,279.0,2.0,49.53,2025-09-19 11:30:30+00:00,0.146,0.139,0.152,0.14725
Oasis - John Williams,279.0,2.0,49.53,2025-09-19 11:45:30+00:00,0.14675,0.1405,0.1535,0.14775
Oasis - John Williams,279.0,2.0,49.53,2025-09-19 12:00:30+00:00,0.148,0.14075,0.154,0.1485
Oasis - John Williams,279.0,2.0,49.53,2025-09-19 12:15:30+00:00,0.14725,0.1385,0.1555,0.1475
Oasis - John Williams,279.0,2.0,49.53,2025-09-19 12:30:30+00:00,0.14575,0.13575,0.15625,0.1455
Oasis - John Williams,279.0,2.0,49.53,2025-09-19 12:45:30+00:00,0.14475,0.12875,0.156,0.144
Oasis - John Williams,279.0,2.0,49.53,2025-09-19 13:00:30+00:00,0.1365,0.1215,0.15475,0.1355
Oasis - John Williams,279.0,2.0,49.53,2025-09-19 13:15:30+00:00,0.13275,0.11325,0.1495,0.13125
Oasis - John Williams,279.0,2.0,49.53,2025-09-19 13:30:30+00:00,0.12425,0.10525,0.14325,0.123
Oasis - John Williams,279.0,2.0,49.53,2025-09-19 13:45:30+00:00,0.1155,0.097,0.136,0.114
Oasis - John Williams,279.0,2.0,49.53,2025-09-19 14:00:30+00:00,0.1095,0.08875,0.12825,0.10775
Oasis - John Williams,279.0,2.0,49.53,2025-09-19 14:15:30+00:00,0.1,0.081,0.11725,0.0985
Oasis - John Williams,279.0,2.0,49.53,2025-09-19 14:30:30+00:00,0.0875,0.076,0.10975,0.086
Oasis - John Williams,279.0,2.0,49.53,2025-09-19 14:45:30+00:00,0.09125,0.06875,0.10375,0.08925
Oasis - John Williams,279.0,2.0,49.53,2025-09-19 15:00:30+00:00,0.0795,0.0605,0.09675,0.07775
Oasis - John Williams,279.0,2.0,49.53,2025-09-19 15:15:30+00:00,0.0645,0.0515,0.083,0.06325
Oasis - John Williams,279.0,2.0,49.53,2025-09-19 15:30:30+00:00,0.05775,0.0445,0.07675,0.0565
Oasis - John Williams,279.0,2.0,49.53,2025-09-19 15:45:30+00:00,0.06,0.03875,0.07275,0.05825
Oasis - John Williams,279.0,2.0,49.53,2025-09-19 16:00:30+00:00,0.04875,0.0285,0.06625,0.047
Oasis - John Williams,279.0,2.0,49.53,2025-09-19 16:15:30+00:00,0.0325,0.019,0.052,0.03175
Oasis - John Williams,279.0,2.0,49.53,2025-09-19 16:30:30+00:00,0.026,0.0125,0.04,0.0255
Oasis - John Williams,279.0,2.0,49.53,2025-09-19 16:45:30+00:00,0.0205,0.01075,0.03275,0.02025
Oasis - John Williams,279.0,2.0,49.53,2025-09-19 17:00:30+00:00,0.01925,0.00925,0.02775,0.0185
Oasis - John Williams,279.0,2.0,49.53,2025-09-19 17:15:30+00:00,0.01525,0.00775,0.02175,0.0145
Oasis - John Williams,279.0,2.0,49.53,2025-09-19 17:30:30+00:00,0.00925,0.005,0.01375,0.00875
Oasis - John Williams,279.0,2.0,49.53,2025-09-19 17:45:30+00:00,0.00375,0.00275,0.00575,0.00375
Oasis - John Williams,279.0,2.0,49.53,2025-09-19 18:00:30+00:00,0.0015,0.001,0.00225,0.0015
Oasis - John Williams,279.0,2.0,49.53,2025-09-19 18:15:30+00:00,0.0,0.0,0.0,0.0
Oasis - John Williams,279.0,2.0,49.53,2025-09-19 18:30:30+00:00,0.0,0.0,0.0,0.0
Oasis - John Williams,279.0,2.0,49.53,2025-09-19 18:45:30+00:00,0.0,0.0,0.0,0.0
Oasis - John Williams,279.0,2.0,49.53,2025-09-19 19:00:30+00:00,0.0,0.0,0.0,0.0
Oasis - John Williams,279.0,2.0,49.53,2025-09-19 19:15:30+00:00,0.0,0.0,0.0,0.0
Oasis - John Williams,279.0,2.0,49.53,2025-09-19 19:30:30+00:00,0.0,0.0,0.0,0.0
Oasis - John Williams,279.0,2.0,49.53,2025-09-19 19:45:30+00:00,0.0,0.0,0.0,0.0
Oasis - John Williams,279.0,2.0,49.53,2025-09-19 20:00:30+00:00,0.0,0.0,0.0,0.0
Oasis - John Williams,279.0,2.0,49.53,2025-09-19 20:15:30+00:00,0.0,0.0,0.0,0.0
Oasis - John Williams,279.0,2.0,49.53,2025-09-19 20:30:30+00:00,0.0,0.0,0.0,0.0
Oasis - John Williams,279.0,2.0,49.53,2025-09-19 20:45:30+00:00,0.0,0.0,0.0,0.0
Oasis - John Williams,279.0,2.0,49.53,2025-09-19 21:00:30+00:00,0.0,0.0,0.0,0.0
Oasis - John Williams,279.0,2.0,49.53,2025-09-19 21:15:30+00:00,0.0,0.0,0.0,0.0
Oasis - John Williams,279.0,2.0,49.53,2025-09-19 21:30:30+00:00,0.0,0.0,0.0,0.0
Oasis - John Williams,279.0,2.0,49.53,2025-09-19 21:45:30+00:00,0.0,0.0,0.0,0.0
Oasis - John Williams,279.0,2.0,49.53,2025-09-19 22:00:30+00:00,0.0,0.0,0.0,0.0
Oasis - John Williams,279.0,2.0,49.53,2025-09-19 22:15:30+00:00,0.0,0.0,0.0,0.0
Oasis - John Williams,279.0,2.0,49.53,2025-09-19 22:30:30+00:00,0.0,0.0,0.0,0.0
Oasis - John Williams,279.0,2.0,49.53,2025-09-19 22:45:30+00:00,0.0,0.0,0.0,0.0
Oasis - John Williams,279.0,2.0,49.53,2025-09-19 23:00:30+00:00,0.0,0.0,0.0,0.0
Oasis - John Williams,279.0,2.0,49.53,2025-09-19 23:15:30+00:00,0.0,0.0,0.0,0.0
Oasis - John Williams,279.0,2.0,49.53,2025-09-19 23:30:30+00:00,0.0,0.0,0.0,0.0
Oasis - John Williams,279.0,2.0,49.53,2025-09-19 23:45:30+00:00,0.0,0.0,0.0,0.0
Oasis - John Williams,279.0,2.0,49.53,2025-09-20 00:00:30+00:00,0.0,0.0,0.0,0.0
Oasis - John Williams,279.0,2.0,49.53,2025-09-20 00:15:30+00:00,0.0,0.0,0.0,0.0
Oasis - John Williams,279.0,2.0,49.53,2025-09-20 00:30:30+00:00,0.0,0.0,0.0,0.0
Oasis - John Williams,279.0,2.0,49.53,2025-09-20 00:45:30+00:00,0.0,0.0,0.0,0.0
Oasis - John Williams,279.0,2.0,49.53,2025-09-20 01:00:30+00:00,0.0,0.0,0.0,0.0
Oasis - John Williams,279.0,2.0,49.53,2025-09-20 01:15:30+00:00,0.0,0.0,0.0,0.0
Oasis - John Williams,279.0,2.0,49.53,2025-09-20 01:30:30+00:00,0.0,0.0,0.0,0.0
Oasis - John Williams,279.0,2.0,49.53,2025-09-20 01:45:30+00:00,0.0,0.0,0.0,0.0
Oasis - John Williams,279.0,2.0,49.53,2025-09-20 02:00:30+00:00,0.0,0.0,0.0,0.0
Oasis - John Williams,279.0,2.0,49.53,2025-09-20 02:15:30+00:00,0.0,0.0,0.0,0.0
Oasis - John Williams,279.0,2.0,49.53,2025-09-20 02:30:30+00:00,0.0,0.0,0.0,0.0
Oasis - John Williams,279.0,2.0,49.53,2025-09-20 02:45:30+00:00,0.0,0.0,0.0,0.0
Oasis - John Williams,279.0,2.0,49.53,2025-09-20 03:00:30+00:00,0.0,0.0,0.0,0.0
Oasis - John Williams,279.0,2.0,49.53,2025-09-20 03:15:30+00:00,0.0,0.0,0.0,0.0
Oasis - John Williams,279.0,2.0,49.53,2025-09-20 03:30:30+00:00,0.0,0.0,0.0,0.0
Oasis - John Williams,279.0,2.0,49.53,2025-09-20 03:45:30+00:00,0.0,0.0,0.0,0.0
Oasis - John Williams,279.0,2.0,49.53,2025-09-20 04:00:30+00:00,0.0,0.0,0.0,0.0
Oasis - John Williams,279.0,2.0,49.53,2025-09-20 04:15:30+00:00,0.0,0.0,0.0,0.0
Oasis - John Williams,279.0,2.0,49.53,2025-09-20 04:30:30+00:00,0.0,0.0,0.0,0.0
Oasis - John Williams,279.0,2.0,49.53,2025-09-20 04:45:30+00:00,0.0,0.0,0.0,0.0
Oasis - John Williams,279.0,2.0,49.53,2025-09-20 05:00:30+00:00,0.0,0.0,0.0,0.0
Oasis - John Williams,279.0,2.0,49.53,2025-09-20 05:15:30+00:00,0.0,0.0,0.0,0.0
Oasis - John Williams,279.0,2.0,49.53,2025-09-20 05:30:30+00:00,0.0,0.0,0.0,0.0
Oasis - John Williams,279.0,2.0,49.53,2025-09-20 05:45:30+00:00,0.0,0.0,0.0,0.0
Oasis - John Williams,279.0,2.0,49.53,2025-09-20 06:00:30+00:00,0.00175,0.00125,0.00275,0.00175
Oasis - John Williams,279.0,2.0,49.53,2025-09-20 06:15:30+00:00,0.005,0.003,0.00825,0.005
Oasis - John Williams,279.0,2.0,49.53,2025-09-20 06:30:30+00:00,0.00975,0.00525,0.01375,0.01
Oasis - John Williams,279.0,2.0,49.53,2025-09-20 06:45:30+00:00,0.01375,0.00725,0.02175,0.01425
Oasis - John Williams,279.0,2.0,49.53,2025-09-20 07:00:30+00:00,0.01975,0.00625,0.03125,0.0205
Oasis - John Williams,279.0,2.0,49.53,2025-09-20 07:15:30+00:00,0.0225,0.0045,0.03975,0.02325
Oasis - John Williams,279.0,2.0,49.53,2025-09-20 07:30:30+00:00,0.02025,0.00675,0.05475,0.0205
Oasis - John Williams,279.0,2.0,49.53,2025-09-20 07:45:30+00:00,0.04975,0.01,0.062,0.0525
Oasis - John Williams,279.0,2.0,49.53,2025-09-20 08:00:30+00:00,0.041,0.0105,0.073,0.04225
Oasis - John Williams,279.0,2.0,49.53,2025-09-20 08:15:30+00:00,0.03775,0.0075,0.07275,0.0385
Oasis - John Williams,279.0,2.0,49.53,2025-09-20 08:30:30+00:00,0.02725,0.007,0.0675,0.0275
Oasis - John Williams,279.0,2.0,49.53,2025-09-20 08:45:30+00:00,0.019,0.0075,0.05475,0.01925
Oasis - John Williams,279.0,2.0,49.53,2025-09-20 09:00:30+00:00,0.013,0.00825,0.04275,0.013
Oasis - John Williams,279.0,2.0,49.53,2025-09-20 09:15:30+00:00,0.01425,0.00875,0.042,0.01425
Oasis - John Williams,279.0,2.0,49.53,2025-09-20 09:30:30+00:00,0.023,0.0095,0.051,0.023
Oasis - John Williams,279.0,2.0,49.53,2025-09-20 09:45:30+00:00,0.0305,0.01,0.06425,0.0305
Oasis - John Williams,279.0,2.0,49.53,2025-09-20 10:00:30+00:00,0.0465,0.01075,0.0655,0.04675
Oasis - John Williams,279.0,2.0,49.53,2025-09-20 10:15:30+00:00,0.03725,0.01375,0.0675,0.03725
Oasis - John Williams,279.0,2.0,49.53,2025-09-20 10:30:30+00:00,0.0375,0.01125,0.065,0.03775
Oasis - John Williams,279.0,2.0,49.53,2025-09-20 10:45:30+00:00,0.036,0.0115,0.065,0.03625
Oasis - John Williams,279.0,2.0,49.53,2025-09-20 11:00:30+00:00,0.02525,0.01175,0.05825,0.02525
Oasis - John Williams,279.0,2.0,49.53,2025-09-20 11:15:30+00:00,0.01725,0.012,0.048,0.0175
Oasis - John Williams,279.0,2.0,49.53,2025-09-20 11:30:30+00:00,0.0125,0.012,0.042,0.0125
Oasis - John Williams,279.0,2.0,49.53,2025-09-20 11:45:30+00:00,0.022,0.01225,0.039,0.022
Oasis - John Williams,279.0,2.0,49.53,2025-09-20 12:00:30+00:00,0.0215,0.01225,0.0385,0.0215
Oasis - John Williams,279.0,2.0,49.53,2025-09-20 12:15:30+00:00,0.01775,0.01225,0.03975,0.01775
Oasis - John Williams,279.0,2.0,49.53,2025-09-20 12:30:30+00:00,0.0205,0.012,0.04175,0.0205
Oasis - John Williams,279.0,2.0,49.53,2025-09-20 12:45:30+00:00,0.0205,0.01175,0.05025,0.0205
Oasis - John Williams,279.0,2.0,49.53,2025-09-20 13:00:30+00:00,0.0325,0.01175,0.05525,0.03275
Oasis - John Williams,279.0,2.0,49.53,2025-09-20 13:15:30+00:00,0.034,0.01125,0.05325,0.03425
Oasis - John Williams,279.0,2.0,49.53,2025-09-20 13:30:30+00:00,0.01475,0.011,0.05025,0.01475
Oasis - John Williams,279.0,2.0,49.53,2025-09-20 13:45:30+00:00,0.02575,0.0105,0.04125,0.026
Oasis - John Williams,279.0,2.0,49.53,2025-09-20 14:00:30+00:00,0.014,0.01025,0.05525,0.014
Oasis - John Williams,279.0,2.0,49.53,2025-09-20 14:15:30+00:00,0.024,0.00975,0.06175,0.024
Oasis - John Williams,279.0,2.0,49.53,2025-09-20 14:30:30+00:00,0.01375,0.009,0.0555,0.01375
Oasis - John Williams,279.0,2.0,49.53,2025-09-20 14:45:30+00:00,0.0635,0.01275,0.08975,0.0625
Oasis - John Williams,279.0,2.0,49.53,2025-09-20 15:00:30+00:00,0.03375,0.008,0.08475,0.0335
Oasis - John Williams,279.0,2.0,49.53,2025-09-20 15:15:30+00:00,0.026,0.00725,0.05925,0.026
Oasis - John Williams,279.0,2.0,49.53,2025-09-20 15:30:30+00:00,0.025,0.0065,0.0525,0.025
Oasis - John Williams,279.0,2.0,49.53,2025-09-20 15:45:30+00:00,0.025,0.00575,0.053,0.025
Oasis - John Williams,279.0,2.0,49.53,2025-09-20 16:00:30+00:00,0.02675,0.00525,0.06275,0.0265
Oasis - John Williams,279.0,2.0,49.53,2025-09-20 16:15:30+00:00,0.043,0.009,0.062,0.04125
Oasis - John Williams,279.0,2.0,49.53,2025-09-20 16:30:30+00:00,0.03825,0.0175,0.052,0.03625
Oasis - John Williams,279.0,2.0,49.53,2025-09-20 16:45:30+00:00,0.03,0.01675,0.0415,0.0285
Oasis - John Williams,279.0,2.0,49.53,2025-09-20 17:00:30+00:00,0.02025,0.01325,0.029,0.01925
Oasis - John Williams,279.0,2.0,49.53,2025-09-20 17:15:30+00:00,0.01275,0.00775,0.01925,0.0125
Oasis - John Williams,279.0,2.0,49.53,2025-09-20 17:30:30+00:00,0.00725,0.004,0.011,0.007
Oasis - John Williams,279.0,2.0,49.53,2025-09-20 17:45:30+00:00,0.00275,0.00175,0.0045,0.00275
Oasis - John Williams,279.0,2.0,49.53,2025-09-20 18:00:30+00:00,0.001,0.0005,0.0015,0.001
Oasis - John Williams,279.0,2.0,49.53,2025-09-20 18:15:30+00:00,0.0,0.0,0.0,0.0
Oasis - John Williams,279.0,2.0,49.53,2025-09-20 18:30:30+00:00,0.0,0.0,0.0,0.0
Oasis - John Williams,279.0,2.0,49.53,2025-09-20 18:45:30+00:00,0.0,0.0,0.0,0.0
Oasis - John Williams,279.0,2.0,49.53,2025-09-20 19:00:30+00:00,0.0,0.0,0.0,0.0
Oasis - John Williams,279.0,2.0,49.53,2025-09-20 19:15:30+00:00,0.0,0.0,0.0,0.0
Oasis - John Williams,279.0,2.0,49.53,2025-09-20 19:30:30+00:00,0.0,0.0,0.0,0.0
Oasis - John Williams,279.0,2.0,49.53,2025-09-20 19:45:30+00:00,0.0,0.0,0.0,0.0
Oasis - John Williams,279.0,2.0,49.53,2025-09-20 20:00:30+00:00,0.0,0.0,0.0,0.0
Oasis - John Williams,279.0,2.0,49.53,2025-09-20 20:15:30+00:00,0.0,0.0,0.0,0.0
Oasis - John Williams,279.0,2.0,49.53,2025-09-20 20:30:30+00:00,0.0,0.0,0.0,0.0
Oasis - John Williams,279.0,2.0,49.53,2025-09-20 20:45:30+00:00,0.0,0.0,0.0,0.0
Oasis - John Williams,279.0,2.0,49.53,2025-09-20 21:00:30+00:00,0.0,0.0,0.0,0.0
Oasis - John Williams,279.0,2.0,49.53,2025-09-20 21:15:30+00:00,0.0,0.0,0.0,0.0
Oasis - John Williams,279.0,2.0,49.53,2025-09-20 21:30:30+00:00,0.0,0.0,0.0,0.0
Oasis - John Williams,279.0,2.0,49.53,2025-09-20 21:45:30+00:00,0.0,0.0,0.0,0.0
Oasis - John Williams,279.0,2.0,49.53,2025-09-20 22:00:30+00:00,0.0,0.0,0.0,0.0
Oasis - John Williams,279.0,2.0,49.53,2025-09-20 22:15:30+00:00,0.0,0.0,0.0,0.0
Oasis - John Williams,279.0,2.0,49.53,2025-09-20 22:30:30+00:00,0.0,0.0,0.0,0.0
Oasis - John Williams,279.0,2.0,49.53,2025-09-20 22:45:30+00:00,0.0,0.0,0.0,0.0
Oasis - John Williams,279.0,2.0,49.53,2025-09-20 23:00:30+00:00,0.0,0.0,0.0,0.0
Oasis - John Williams,279.0,2.0,49.53,2025-09-20 23:15:30+00:00,0.0,0.0,0.0,0.0
Oasis - John Williams,279.0,2.0,49.53,2025-09-20 23:30:30+00:00,0.0,0.0,0.0,0.0
Oasis - John Williams,279.0,2.0,49.53,2025-09-20 23:45:30+00:00,0.0,0.0,0.0,0.0
Oasis - John Williams,279.0,2.0,49.53,2025-09-21 00:00:30+00:00,0.0,0.0,0.0,0.0
Oasis - John Williams,279.0,2.0,49.53,2025-09-21 00:15:30+00:00,0.0,0.0,0.0,0.0
Oasis - John Williams,279.0,2.0,49.53,2025-09-21 00:30:30+00:00,0.0,0.0,0.0,0.0
Oasis - John Williams,279.0,2.0,49.53,2025-09-21 00:45:30+00:00,0.0,0.0,0.0,0.0
Oasis - John Williams,279.0,2.0,49.53,2025-09-21 01:00:30+00:00,0.0,0.0,0.0,0.0
Oasis - John Williams,279.0,2.0,49.53,2025-09-21 01:15:30+00:00,0.0,0.0,0.0,0.0
Oasis - John Williams,279.0,2.0,49.53,2025-09-21 01:30:30+00:00,0.0,0.0,0.0,0.0
Oasis - John Williams,279.0,2.0,49.53,2025-09-21 01:45:30+00:00,0.0,0.0,0.0,0.0
Oasis - John Williams,279.0,2.0,49.53,2025-09-21 02:00:30+00:00,0.0,0.0,0.0,0.0
Oasis - John Williams,279.0,2.0,49.53,2025-09-21 02:15:30+00:00,0.0,0.0,0.0,0.0
Oasis - John Williams,279.0,2.0,49.53,2025-09-21 02:30:30+00:00,0.0,0.0,0.0,0.0
Oasis - John Williams,279.0,2.0,49.53,2025-09-21 02:45:30+00:00,0.0,0.0,0.0,0.0
Oasis - John Williams,279.0,2.0,49.53,2025-09-21 03:00:30+00:00,0.0,0.0,0.0,0.0
Oasis - John Williams,279.0,2.0,49.53,2025-09-21 03:15:30+00:00,0.0,0.0,0.0,0.0
Oasis - John Williams,279.0,2.0,49.53,2025-09-21 03:30:30+00:00,0.0,0.0,0.0,0.0
Oasis - John Williams,279.0,2.0,49.53,2025-09-21 03:45:30+00:00,0.0,0.0,0.0,0.0
Oasis - John Williams,279.0,2.0,49.53,2025-09-21 04:00:30+00:00,0.0,0.0,0.0,0.0
Oasis - John Williams,279.0,2.0,49.53,2025-09-21 04:15:30+00:00,0.0,0.0,0.0,0.0
Oasis - John Williams,279.0,2.0,49.53,2025-09-21 04:30:30+00:00,0.0,0.0,0.0,0.0
Oasis - John Williams,279.0,2.0,49.53,2025-09-21 04:45:30+00:00,0.0,0.0,0.0,0.0
Oasis - John Williams,279.0,2.0,49.53,2025-09-21 05:00:30+00:00,0.0,0.0,0.0,0.0
Oasis - John Williams,279.0,2.0,49.53,2025-09-21 05:15:30+00:00,0.0,0.0,0.0,0.0
Oasis - John Williams,279.0,2.0,49.53,2025-09-21 05:30:30+00:00,0.0,0.0,0.0,0.0
Oasis - John Williams,279.0,2.0,49.53,2025-09-21 05:45:30+00:00,0.0,0.0,0.0,0.0
Oasis - John Williams,279.0,2.0,49.53,2025-09-21 06:00:30+00:00,0.002,0.00175,0.003,0.002
Oasis - John Williams,279.0,2.0,49.53,2025-09-21 06:15:30+00:00,0.00575,0.00375,0.00825,0.00675
Oasis - John Williams,279.0,2.0,49.53,2025-09-21 06:30:30+00:00,0.01125,0.00775,0.01575,0.01325
Oasis - John Williams,279.0,2.0,49.53,2025-09-21 06:45:30+00:00,0.019,0.01225,0.0245,0.022
Oasis - John Williams,279.0,2.0,49.53,2025-09-21 07:00:30+00:00,0.0255,0.01825,0.03475,0.0285
Oasis - John Williams,279.0,2.0,49.53,2025-09-21 07:15:30+00:00,0.03475,0.02525,0.0445,0.0385
Oasis - John Williams,279.0,2.0,49.53,2025-09-21 07:30:30+00:00,0.04575,0.03475,0.0545,0.05
Oasis - John Williams,279.0,2.0,49.53,2025-09-21 07:45:30+00:00,0.05675,0.0435,0.0645,0.06175
Oasis - John Williams,279.0,2.0,49.53,2025-09-21 08:00:30+00:00,0.06575,0.045,0.07475,0.071
Oasis - John Williams,279.0,2.0,49.53,2025-09-21 08:15:30+00:00,0.07175,0.039,0.08575,0.07625
Oasis - John Williams,279.0,2.0,49.53,2025-09-21 08:30:30+00:00,0.07,0.02475,0.0965,0.073
Oasis - John Williams,279.0,2.0,49.53,2025-09-21 08:45:30+00:00,0.05575,0.014,0.10225,0.057
Oasis - John Williams,279.0,2.0,49.53,2025-09-21 09:00:30+00:00,0.047,0.01575,0.0885,0.04775
Oasis - John Williams,279.0,2.0,49.53,2025-09-21 09:15:30+00:00,0.0525,0.0285,0.07625,0.053
Oasis - John Williams,279.0,2.0,49.53,2025-09-21 09:30:30+00:00,0.05675,0.04025,0.07025,0.05725
Oasis - John Williams,279.0,2.0,49.53,2025-09-21 09:45:30+00:00,0.05625,0.038,0.07725,0.05675
Oasis - John Williams,279.0,2.0,49.53,2025-09-21 10:00:30+00:00,0.0595,0.035,0.09025,0.06
Oasis - John Williams,279.0,2.0,49.53,2025-09-21 10:15:30+00:00,0.07125,0.041,0.10875,0.072
Oasis - John Williams,279.0,2.0,49.53,2025-09-21 10:30:30+00:00,0.093,0.05,0.11625,0.09425
Oasis - John Williams,279.0,2.0,49.53,2025-09-21 10:45:30+00:00,0.08525,0.05275,0.11775,0.08625
Oasis - John Williams,279.0,2.0,49.53,2025-09-21 11:00:30+00:00,0.077,0.04925,0.108,0.0775
Oasis - John Williams,279.0,2.0,49.53,2025-09-21 11:15:30+00:00,0.073,0.04375,0.109,0.0735
Oasis - John Williams,279.0,2.0,49.53,2025-09-21 11:30:30+00:00,0.0785,0.04225,0.12125,0.079
Oasis - John Williams,279.0,2.0,49.53,2025-09-21 11:45:30+00:00,0.09325,0.04375,0.14475,0.09375
Oasis - John Williams,279.0,2.0,49.53,2025-09-21 12:00:30+00:00,0.1105,0.053,0.1645,0.11075
Oasis - John Williams,279.0,2.0,49.53,2025-09-21 12:15:30+00:00,0.12175,0.068,0.173,0.122
Oasis - John Williams,279.0,2.0,49.53,2025-09-21 12:30:30+00:00,0.13125,0.08675,0.172,0.131
Oasis - John Williams,279.0,2.0,49.53,2025-09-21 12:45:30+00:00,0.14275,0.106,0.17,0.142
Oasis - John Williams,279.0,2.0,49.53,2025-09-21 13:00:30+00:00,0.146,0.1175,0.1675,0.14475
Oasis - John Williams,279.0,2.0,49.53,2025-09-21 13:15:30+00:00,0.1405,0.11475,0.164,0.13875
Oasis - John Williams,279.0,2.0,49.53,2025-09-21 13:30:30+00:00,0.13275,0.10325,0.1595,0.13075
Oasis - John Williams,279.0,2.0,49.53,2025-09-21 13:45:30+00:00,0.12025,0.08875,0.1495,0.11825
Oasis - John Williams,279.0,2.0,49.53,2025-09-21 14:00:30+00:00,0.10375,0.0805,0.1325,0.102
Oasis - John Williams,279.0,2.0,49.53,2025-09-21 14:15:30+00:00,0.0955,0.0765,0.11875,0.09375
Oasis - John Williams,279.0,2.0,49.53,2025-09-21 14:30:30+00:00,0.09325,0.074,0.11375,0.09125
Oasis - John Williams,279.0,2.0,49.53,2025-09-21 14:45:30+00:00,0.0925,0.072,0.113,0.09
Oasis - John Williams,279.0,2.0,49.53,2025-09-21 15:00:30+00:00,0.09175,0.07125,0.11225,0.0885
Oasis - John Williams,279.0,2.0,49.53,2025-09-21 15:15:30+00:00,0.091,0.07225,0.10575,0.08725
Oasis - John Williams,279.0,2.0,49.53,2025-09-21 15:30:30+00:00,0.08425,0.07125,0.09725,0.08
Oasis - John Williams,279.0,2.0,49.53,2025-09-21 15:45:30+00:00,0.0775,0.06675,0.087,0.073
Oasis - John Williams,279.0,2.0,49.53,2025-09-21 16:00:30+00:00,0.0685,0.05975,0.078,0.064
Oasis - John Williams,279.0,2.0,49.53,2025-09-21 16:15:30+00:00,0.061,0.05125,0.06925,0.05625
Oasis - John Williams,279.0,2.0,49.53,2025-09-21 16:30:30+00:00,0.0515,0.0425,0.0585,0.04675
Oasis - John Williams,279.0,2.0,49.53,2025-09-21 16:45:30+00:00,0.042,0.0335,0.04775,0.03775
Oasis - John Williams,279.0,2.0,49.53,2025-09-21 17:00:30+00:00,0.03275,0.025,0.037,0.0285
Oasis - John Williams,279.0,2.0,49.53,2025-09-21 17:15:30+00:00,0.02275,0.01675,0.026,0.0195
Oasis - John Williams,279.0,2.0,49.53,2025-09-21 17:30:30+00:00,0.0135,0.00975,0.0155,0.011
Oasis - John Williams,279.0,2.0,49.53,2025-09-21 17:45:30+00:00,0.0045,0.004,0.00525,0.004
Oasis - John Williams,279.0,2.0,49.53,2025-09-21 18:00:30+00:00,0.0005,0.00025,0.00075,0.0005
Oasis - John Williams,279.0,2.0,49.53,2025-09-21 18:15:30+00:00,0.0,0.0,0.0,0.0
Oasis - John Williams,279.0,2.0,49.53,2025-09-21 18:30:30+00:00,0.0,0.0,0.0,0.0
Oasis - John Williams,279.0,2.0,49.53,2025-09-21 18:45:30+00:00,0.0,0.0,0.0,0.0
Oasis - John Williams,279.0,2.0,49.53,2025-09-21 19:00:30+00:00,0.0,0.0,0.0,0.0
Oasis - John Williams,279.0,2.0,49.53,2025-09-21 19:15:30+00:00,0.0,0.0,0.0,0.0
Oasis - John Williams,279.0,2.0,49.53,2025-09-21 19:30:30+00:00,0.0,0.0,0.0,0.0
Oasis - John Williams,279.0,2.0,49.53,2025-09-21 19:45:30+00:00,0.0,0.0,0.0,0.0
Oasis - John Williams,279.0,2.0,49.53,2025-09-21 20:00:30+00:00,0.0,0.0,0.0,0.0
Oasis - John Williams,279.0,2.0,49.53,2025-09-21 20:15:30+00:00,0.0,0.0,0.0,0.0
Oasis - John Williams,279.0,2.0,49.53,2025-09-21 20:30:30+00:00,0.0,0.0,0.0,0.0
Oasis - John Williams,279.0,2.0,49.53,2025-09-21 20:45:30+00:00,0.0,0.0,0.0,0.0
Oasis - John Williams,279.0,2.0,49.53,2025-09-21 21:00:30+00:00,0.0,0.0,0.0,0.0
Oasis - John Williams,279.0,2.0,49.53,2025-09-21 21:15:30+00:00,0.0,0.0,0.0,0.0
Oasis - John Williams,279.0,2.0,49.53,2025-09-21 21:30:30+00:00,0.0,0.0,0.0,0.0
Oasis - John Williams,279.0,2.0,49.53,2025-09-21 21:45:30+00:00,0.0,0.0,0.0,0.0
Oasis - John Williams,279.0,2.0,49.53,2025-09-21 22:00:30+00:00,0.0,0.0,0.0,0.0
Oasis - John Williams,279.0,2.0,49.53,2025-09-21 22:15:30+00:00,0.0,0.0,0.0,0.0
Oasis - John Williams,279.0,2.0,49.53,2025-09-21 22:30:30+00:00,0.0,0.0,0.0,0.0
Oasis - John Williams,279.0,2.0,49.53,2025-09-21 22:45:30+00:00,0.0,0.0,0.0,0.0
Oasis - John Williams,279.0,2.0,49.53,2025-09-21 23:00:30+00:00,0.0,0.0,0.0,0.0
Oasis - John Williams,279.0,2.0,49.53,2025-09-21 23:15:30+00:00,0.0,0.0,0.0,0.0
Oasis - John Williams,279.0,2.0,49.53,2025-09-21 23:30:30+00:00,0.0,0.0,0.0,0.0
Oasis - John Williams,279.0,2.0,49.53,2025-09-21 23:45:30+00:00,0.0,0.0,0.0,0.0
Oasis - John Williams,279.0,2.0,49.53,2025-09-22 00:00:30+00:00,0.0,0.0,0.0,0.0
Oasis - John Williams,279.0,2.0,49.53,2025-09-22 00:15:30+00:00,0.0,0.0,0.0,0.0
Oasis - John Williams,279.0,2.0,49.53,2025-09-22 00:30:30+00:00,0.0,0.0,0.0,0.0
Oasis - John Williams,279.0,2.0,49.53,2025-09-22 00:45:30+00:00,0.0,0.0,0.0,0.0
Oasis - John Williams,279.0,2.0,49.53,2025-09-22 01:00:30+00:00,0.0,0.0,0.0,0.0
Oasis - John Williams,279.0,2.0,49.53,2025-09-22 01:15:30+00:00,0.0,0.0,0.0,0.0
Oasis - John Williams,279.0,2.0,49.53,2025-09-22 01:30:30+00:00,0.0,0.0,0.0,0.0
Oasis - John Williams,279.0,2.0,49.53,2025-09-22 01:45:30+00:00,0.0,0.0,0.0,0.0
Oasis - John Williams,279.0,2.0,49.53,2025-09-22 02:00:30+00:00,0.0,0.0,0.0,0.0
Oasis - John Williams,279.0,2.0,49.53,2025-09-22 02:15:30+00:00,0.0,0.0,0.0,0.0
Oasis - John Williams,279.0,2.0,49.53,2025-09-22 02:30:30+00:00,0.0,0.0,0.0,0.0
Oasis - John Williams,279.0,2.0,49.53,2025-09-22 02:45:30+00:00,0.0,0.0,0.0,0.0
Oasis - John Williams,279.0,2.0,49.53,2025-09-22 03:00:30+00:00,0.0,0.0,0.0,0.0
Oasis - John Williams,279.0,2.0,49.53,2025-09-22 03:15:30+00:00,0.0,0.0,0.0,0.0
Oasis - John Williams,279.0,2.0,49.53,2025-09-22 03:30:30+00:00,0.0,0.0,0.0,0.0
Oasis - John Williams,279.0,2.0,49.53,2025-09-22 03:45:30+00:00,0.0,0.0,0.0,0.0
Oasis - John Williams,279.0,2.0,49.53,2025-09-22 04:00:30+00:00,0.0,0.0,0.0,0.0
Oasis - John Williams,279.0,2.0,49.53,2025-09-22 04:15:30+00:00,0.0,0.0,0.0,0.0
Oasis - John Williams,279.0,2.0,49.53,2025-09-22 04:30:30+00:00,0.0,0.0,0.0,0.0
Oasis - John Williams,279.0,2.0,49.53,2025-09-22 04:45:30+00:00,0.0,0.0,0.0,0.0
Oasis - John Williams,279.0,2.0,49.53,2025-09-22 05:00:30+00:00,0.0,0.0,0.0,0.0
Oasis - John Williams,279.0,2.0,49.53,2025-09-22 05:15:30+00:00,0.0,0.0,0.0,0.0
Oasis - John Williams,279.0,2.0,49.53,2025-09-22 05:30:30+00:00,0.0,0.0,0.0,0.0
Oasis - John Williams,279.0,2.0,49.53,2025-09-22 05:45:30+00:00,0.0,0.0,0.0,0.0
Oasis - John Williams,279.0,2.0,49.53,2025-09-22 06:00:30+00:00,0.002,0.00125,0.00225,0.002
Oasis - John Williams,279.0,2.0,49.53,2025-09-22 06:15:30+00:00,0.0055,0.00425,0.0065,0.00775
Oasis - John Williams,279.0,2.0,49.53,2025-09-22 06:30:30+00:00,0.0125,0.009,0.01425,0.016
Oasis - John Williams,279.0,2.0,49.53,2025-09-22 06:45:30+00:00,0.02075,0.0155,0.0235,0.02525
Oasis - John Williams,279.0,2.0,49.53,2025-09-22 07:00:30+00:00,0.02975,0.02325,0.03325,0.03475
Oasis - John Williams,279.0,2.0,49.53,2025-09-22 07:15:30+00:00,0.03875,0.03175,0.0435,0.04425
Oasis - John Williams,279.0,2.0,49.53,2025-09-22 07:30:30+00:00,0.04825,0.04075,0.054,0.054
Oasis - John Williams,279.0,2.0,49.53,2025-09-22 07:45:30+00:00,0.0575,0.0505,0.0645,0.0635
Oasis - John Williams,279.0,2.0,49.53,2025-09-22 08:00:30+00:00,0.067,0.0605,0.0735,0.073
Oasis - John Williams,279.0,2.0,49.53,2025-09-22 08:15:30+00:00,0.07625,0.0705,0.08175,0.08225
Oasis - John Williams,279.0,2.0,49.53,2025-09-22 08:30:30+00:00,0.08525,0.0805,0.08975,0.09125
Oasis - John Williams,279.0,2.0,49.53,2025-09-22 08:45:30+00:00,0.094,0.0895,0.09825,0.09975
Oasis - John Williams,279.0,2.0,49.53,2025-09-22 09:00:30+00:00,0.10225,0.09775,0.1065,0.108
Oasis - John Williams,279.0,2.0,49.53,2025-09-22 09:15:30+00:00,0.11025,0.1055,0.115,0.11575
Oasis - John Williams,279.0,2.0,49.53,2025-09-22 09:30:30+00:00,0.118,0.1125,0.123,0.12325
Oasis - John Williams,279.0,2.0,49.53,2025-09-22 09:45:30+00:00,0.125,0.11925,0.1305,0.12975
Oasis - John Williams,279.0,2.0,49.53,2025-09-22 10:00:30+00:00,0.1315,0.12525,0.1375,0.136
Oasis - John Williams,279.0,2.0,49.53,2025-09-22 10:15:30+00:00,0.13775,0.13125,0.14375,0.14175
Oasis - John Williams,279.0,2.0,49.53,2025-09-22 10:30:30+00:00,0.14325,0.1365,0.14925,0.14675
Oasis - John Williams,279.0,2.0,49.53,2025-09-22 10:45:30+00:00,0.148,0.14075,0.15425,0.15125
Oasis - John Williams,279.0,2.0,49.53,2025-09-22 11:00:30+00:00,0.1515,0.144,0.15825,0.15425
Oasis - John Williams,279.0,2.0,49.53,2025-09-22 11:15:30+00:00,0.154,0.1455,0.16125,0.15625
Oasis - John Williams,279.0,2.0,49.53,2025-09-22 11:30:30+00:00,0.15475,0.147,0.16275,0.1565
Oasis - John Williams,279.0,2.0,49.53,2025-09-22 11:45:30+00:00,0.1555,0.14825,0.16325,0.15675
Oasis - John Williams,279.0,2.0,49.53,2025-09-22 12:00:30+00:00,0.15675,0.1495,0.16375,0.1575
Oasis - John Williams,279.0,2.0,49.53,2025-09-22 12:15:30+00:00,0.157,0.15,0.1635,0.15725
Oasis - John Williams,279.0,2.0,49.53,2025-09-22 12:30:30+00:00,0.1565,0.14975,0.1625,0.156
Oasis - John Williams,279.0,2.0,49.53,2025-09-22 12:45:30+00:00,0.15475,0.1485,0.1605,0.15375
Oasis - John Williams,279.0,2.0,49.53,2025-09-22 13:00:30+00:00,0.15225,0.14625,0.158,0.151
Oasis - John Williams,279.0,2.0,49.53,2025-09-22 13:15:30+00:00,0.14925,0.143,0.155,0.14725
Oasis - John Williams,279.0,2.0,49.53,2025-09-22 13:30:30+00:00,0.14525,0.13875,0.151,0.143
Oasis - John Williams,279.0,2.0,49.53,2025-09-22 13:45:30+00:00,0.14025,0.134,0.146,0.1375
Oasis - John Williams,279.0,2.0,49.53,2025-09-22 14:00:30+00:00,0.1345,0.12875,0.14025,0.13125
Oasis - John Williams,279.0,2.0,49.53,2025-09-22 14:15:30+00:00,0.12875,0.12325,0.13375,0.125
Oasis - John Williams,279.0,2.0,49.53,2025-09-22 14:30:30+00:00,0.122,0.11725,0.12675,0.118
Oasis - John Williams,279.0,2.0,49.53,2025-09-22 14:45:30+00:00,0.115,0.1105,0.11925,0.1105
Oasis - John Williams,279.0,2.0,49.53,2025-09-22 15:00:30+00:00,0.1075,0.10275,0.11175,0.10275
Oasis - John Williams,279.0,2.0,49.53,2025-09-22 15:15:30+00:00,0.09925,0.094,0.104,0.09425
Oasis - John Williams,279.0,2.0,49.53,2025-09-22 15:30:30+00:00,0.0905,0.08425,0.0965,0.08525
Oasis - John Williams,279.0,2.0,49.53,2025-09-22 15:45:30+00:00,0.0815,0.074,0.08875,0.07625
Oasis - John Williams,279.0,2.0,49.53,2025-09-22 16:00:30+00:00,0.072,0.0635,0.0805,0.06675
Oasis - John Williams,279.0,2.0,49.53,2025-09-22 16:15:30+00:00,0.0625,0.05325,0.07,0.057
Oasis - John Williams,279.0,2.0,49.53,2025-09-22 16:30:30+00:00,0.0525,0.043,0.059,0.04725
Oasis - John Williams,279.0,2.0,49.53,2025-09-22 16:45:30+00:00,0.04225,0.0335,0.048,0.0375
Oasis - John Williams,279.0,2.0,49.53,2025-09-22 17:00:30+00:00,0.03225,0.02425,0.03675,0.02775
Oasis - John Williams,279.0,2.0,49.53,2025-09-22 17:15:30+00:00,0.02225,0.016,0.026,0.01875
Oasis - John Williams,279.0,2.0,49.53,2025-09-22 17:30:30+00:00,0.01275,0.009,0.01525,0.01
Oasis - John Williams,279.0,2.0,49.53,2025-09-22 17:45:30+00:00,0.00375,0.0035,0.0045,0.003
Oasis - John Williams,279.0,2.0,49.53,2025-09-22 18:00:30+00:00,0.0005,0.00025,0.0005,0.0005
Oasis - John Williams,279.0,2.0,49.53,2025-09-22 18:15:30+00:00,0.0,0.0,0.0,0.0
Oasis - John Williams,279.0,2.0,49.53,2025-09-22 18:30:30+00:00,0.0,0.0,0.0,0.0
Oasis - John Williams,279.0,2.0,49.53,2025-09-22 18:45:30+00:00,0.0,0.0,0.0,0.0
Oasis - John Williams,279.0,2.0,49.53,2025-09-22 19:00:30+00:00,0.0,0.0,0.0,0.0
Oasis - John Williams,279.0,2.0,49.53,2025-09-22 19:15:30+00:00,0.0,0.0,0.0,0.0
Oasis - John Williams,279.0,2.0,49.53,2025-09-22 19:30:30+00:00,0.0,0.0,0.0,0.0
Oasis - John Williams,279.0,2.0,49.53,2025-09-22 19:45:30+00:00,0.0,0.0,0.0,0.0
Oasis - John Williams,279.0,2.0,49.53,2025-09-22 20:00:30+00:00,0.0,0.0,0.0,0.0
Oasis - John Williams,279.0,2.0,49.53,2025-09-22 20:15:30+00:00,0.0,0.0,0.0,0.0
Oasis - John Williams,279.0,2.0,49.53,2025-09-22 20:30:30+00:00,0.0,0.0,0.0,0.0
Oasis - John Williams,279.0,2.0,49.53,2025-09-22 20:45:30+00:00,0.0,0.0,0.0,0.0
Oasis - John Williams,279.0,2.0,49.53,2025-09-22 21:00:30+00:00,0.0,0.0,0.0,0.0
Oasis - John Williams,279.0,2.0,49.53,2025-09-22 21:15:30+00:00,0.0,0.0,0.0,0.0
Oasis - John Williams,279.0,2.0,49.53,2025-09-22 21:30:30+00:00,0.0,0.0,0.0,0.0
Oasis - John Williams,279.0,2.0,49.53,2025-09-22 21:45:30+00:00,0.0,0.0,0.0,0.0
Oasis - John Williams,279.0,2.0,49.53,2025-09-22 22:00:30+00:00,0.0,0.0,0.0,0.0
Oasis - John Williams,279.0,2.0,49.53,2025-09-22 22:15:30+00:00,0.0,0.0,0.0,0.0
Oasis - John Williams,279.0,2.0,49.53,2025-09-22 22:30:30+00:00,0.0,0.0,0.0,0.0
Oasis - John Williams,279.0,2.0,49.53,2025-09-22 22:45:30+00:00,0.0,0.0,0.0,0.0
Oasis - John Williams,279.0,2.0,49.53,2025-09-22 23:00:30+00:00,0.0,0.0,0.0,0.0
Oasis - John Williams,279.0,2.0,49.53,2025-09-22 23:15:30+00:00,0.0,0.0,0.0,0.0
Oasis - John Williams,279.0,2.0,49.53,2025-09-22 23:30:30+00:00,0.0,0.0,0.0,0.0
Oasis - John Williams,279.0,2.0,49.53,2025-09-22 23:45:30+00:00,0.0,0.0,0.0,0.0
Oasis - John Williams,279.0,2.0,49.53,2025-09-23 00:00:30+00:00,0.0,0.0,0.0,0.0
Oasis - John Williams,279.0,2.0,49.53,2025-09-23 00:15:30+00:00,0.0,0.0,0.0,0.0
Oasis - John Williams,279.0,2.0,49.53,2025-09-23 00:30:30+00:00,0.0,0.0,0.0,0.0
Oasis - John Williams,279.0,2.0,49.53,2025-09-23 00:45:30+00:00,0.0,0.0,0.0,0.0
Oasis - John Williams,279.0,2.0,49.53,2025-09-23 01:00:30+00:00,0.0,0.0,0.0,0.0
Oasis - John Williams,279.0,2.0,49.53,2025-09-23 01:15:30+00:00,0.0,0.0,0.0,0.0
Oasis - John Williams,279.0,2.0,49.53,2025-09-23 01:30:30+00:00,0.0,0.0,0.0,0.0
Oasis - John Williams,279.0,2.0,49.53,2025-09-23 01:45:30+00:00,0.0,0.0,0.0,0.0
Oasis - John Williams,279.0,2.0,49.53,2025-09-23 02:00:30+00:00,0.0,0.0,0.0,0.0
Oasis - John Williams,279.0,2.0,49.53,2025-09-23 02:15:30+00:00,0.0,0.0,0.0,0.0
Oasis - John Williams,279.0,2.0,49.53,2025-09-23 02:30:30+00:00,0.0,0.0,0.0,0.0
Oasis - John Williams,279.0,2.0,49.53,2025-09-23 02:45:30+00:00,0.0,0.0,0.0,0.0
Oasis - John Williams,279.0,2.0,49.53,2025-09-23 03:00:30+00:00,0.0,0.0,0.0,0.0
Oasis - John Williams,279.0,2.0,49.53,2025-09-23 03:15:30+00:00,0.0,0.0,0.0,0.0
Oasis - John Williams,279.0,2.0,49.53,2025-09-23 03:30:30+00:00,0.0,0.0,0.0,0.0
Oasis - John Williams,279.0,2.0,49.53,2025-09-23 03:45:30+00:00,0.0,0.0,0.0,0.0
Oasis - John Williams,279.0,2.0,49.53,2025-09-23 04:00:30+00:00,0.0,0.0,0.0,0.0
Oasis - John Williams,279.0,2.0,49.53,2025-09-23 04:15:30+00:00,0.0,0.0,0.0,0.0
Oasis - John Williams,279.0,2.0,49.53,2025-09-23 04:30:30+00:00,0.0,0.0,0.0,0.0
Oasis - John Williams,279.0,2.0,49.53,2025-09-23 04:45:30+00:00,0.0,0.0,0.0,0.0
Oasis - John Williams,279.0,2.0,49.53,2025-09-23 05:00:30+00:00,0.0,0.0,0.0,0.0
Oasis - John Williams,279.0,2.0,49.53,2025-09-23 05:15:30+00:00,0.0,0.0,0.0,0.0
Oasis - John Williams,279.0,2.0,49.53,2025-09-23 05:30:30+00:00,0.0,0.0,0.0,0.0
Oasis - John Williams,279.0,2.0,49.53,2025-09-23 05:45:30+00:00,0.0,0.0,0.0,0.0
Oasis - John Williams,279.0,2.0,49.53,2025-09-23 06:00:30+00:00,0.0015,0.001,0.0015,0.0015
Oasis - John Williams,279.0,2.0,49.53,2025-09-23 06:15:30+00:00,0.00475,0.00375,0.00575,0.00675
Oasis - John Williams,279.0,2.0,49.53,2025-09-23 06:30:30+00:00,0.0115,0.00825,0.013,0.01475
Oasis - John Williams,279.0,2.0,49.53,2025-09-23 06:45:30+00:00,0.0195,0.0145,0.022,0.02375
Oasis - John Williams,279.0,2.0,49.53,2025-09-23 07:00:30+00:00,0.028,0.022,0.0315,0.03275
Oasis - John Williams,279.0,2.0,49.53,2025-09-23 07:15:30+00:00,0.037,0.03,0.0415,0.04225
Oasis - John Williams,279.0,2.0,49.53,2025-09-23 07:30:30+00:00,0.04625,0.03875,0.05175,0.05175
Oasis - John Williams,279.0,2.0,49.53,2025-09-23 07:45:30+00:00,0.05525,0.04825,0.062,0.061
Oasis - John Williams,279.0,2.0,49.53,2025-09-23 08:00:30+00:00,0.065,0.05775,0.0715,0.07075
Oasis - John Williams,279.0,2.0,49.53,2025-09-23 08:15:30+00:00,0.07325,0.06725,0.0795,0.079
Oasis - John Williams,279.0,2.0,49.53,2025-09-23 08:30:30+00:00,0.0815,0.0755,0.08825,0.08725
Oasis - John Williams,279.0,2.0,49.53,2025-09-23 08:45:30+00:00,0.09075,0.08225,0.09875,0.09625
Oasis - John Williams,279.0,2.0,49.53,2025-09-23 09:00:30+00:00,0.09925,0.0865,0.10825,0.1045
Oasis - John Williams,279.0,2.0,49.53,2025-09-23 09:15:30+00:00,0.102,0.08875,0.11575,0.1065
Oasis - John Williams,279.0,2.0,49.53,2025-09-23 09:30:30+00:00,0.105,0.09075,0.12125,0.109
Oasis - John Williams,279.0,2.0,49.53,2025-09-23 09:45:30+00:00,0.11075,0.093,0.1275,0.1145
Oasis - John Williams,279.0,2.0,49.53,2025-09-23 10:00:30+00:00,0.11475,0.09425,0.131,0.11825
Oasis - John Williams,279.0,2.0,49.53,2025-09-23 10:15:30+00:00,0.11225,0.0925,0.1335,0.115
Oasis - John Williams,279.0,2.0,49.53,2025-09-23 10:30:30+00:00,0.111,0.09375,0.13275,0.113
Oasis - John Williams,279.0,2.0,49.53,2025-09-23 10:45:30+00:00,0.11575,0.09575,0.13,0.11775
Oasis - John Williams,279.0,2.0,49.53,2025-09-23 11:00:30+00:00,0.11175,0.0985,0.1305,0.11325
Oasis - John Williams,279.0,2.0,49.53,2025-09-23 11:15:30+00:00,0.1155,0.095,0.138,0.11675
Oasis - John Williams,279.0,2.0,49.53,2025-09-23 11:30:30+00:00,0.12175,0.095,0.15075,0.12275
Oasis - John Williams,279.0,2.0,49.53,2025-09-23 11:45:30+00:00,0.131,0.10225,0.16275,0.13175
Oasis - John Williams,279.0,2.0,49.53,2025-09-23 12:00:30+00:00,0.14425,0.11325,0.16675,0.14475
Oasis - John Williams,279.0,2.0,49.53,2025-09-23 12:15:30+00:00,0.1445,0.116,0.16275,0.14475
Oasis - John Williams,279.0,2.0,49.53,2025-09-23 12:30:30+00:00,0.1285,0.1115,0.1545,0.12825
Oasis - John Williams,279.0,2.0,49.53,2025-09-23 12:45:30+00:00,0.12575,0.106,0.151,0.12525
Oasis - John Williams,279.0,2.0,49.53,2025-09-23 13:00:30+00:00,0.13075,0.106,0.15425,0.1295
Oasis - John Williams,279.0,2.0,49.53,2025-09-23 13:15:30+00:00,0.1335,0.1105,0.157,0.132
Oasis - John Williams,279.0,2.0,49.53,2025-09-23 13:30:30+00:00,0.13675,0.1155,0.15425,0.13475
Oasis - John Williams,279.0,2.0,49.53,2025-09-23 13:45:30+00:00,0.13425,0.11975,0.14675,0.1315
Oasis - John Williams,279.0,2.0,49.53,2025-09-23 14:00:30+00:00,0.12875,0.11475,0.1415,0.1255
Oasis - John Williams,279.0,2.0,49.53,2025-09-23 14:15:30+00:00,0.1215,0.10025,0.13875,0.118
Oasis - John Williams,279.0,2.0,49.53,2025-09-23 14:30:30+00:00,0.113,0.082,0.1315,0.1095
Oasis - John Williams,279.0,2.0,49.53,2025-09-23 14:45:30+00:00,0.09675,0.06275,0.123,0.09375
Oasis - John Williams,279.0,2.0,49.53,2025-09-23 15:00:30+00:00,0.073,0.05225,0.10625,0.071
Oasis - John Williams,279.0,2.0,49.53,2025-09-23 15:15:30+00:00,0.06875,0.04675,0.089,0.06675
Oasis - John Williams,279.0,2.0,49.53,2025-09-23 15:30:30+00:00,0.06225,0.0445,0.07775,0.06025
Oasis - John Williams,279.0,2.0,49.53,2025-09-23 15:45:30+00:00,0.05175,0.038,0.06525,0.04975
Oasis - John Williams,279.0,2.0,49.53,2025-09-23 16:00:30+00:00,0.0405,0.028,0.0565,0.03925
Oasis - John Williams,279.0,2.0,49.53,2025-09-23 16:15:30+00:00,0.0345,0.02,0.0515,0.03325
Oasis - John Williams,279.0,2.0,49.53,2025-09-23 16:30:30+00:00,0.03225,0.01575,0.04975,0.0305
Oasis - John Williams,279.0,2.0,49.53,2025-09-23 16:45:30+00:00,0.032,0.015,0.04375,0.02925
Oasis - John Williams,279.0,2.0,49.53,2025-09-23 17:00:30+00:00,0.028,0.01475,0.0335,0.0245
Oasis - John Williams,279.0,2.0,49.53,2025-09-23 17:15:30+00:00,0.02025,0.01225,0.02325,0.01675
Oasis - John Williams,279.0,2.0,49.53,2025-09-23 17:30:30+00:00,0.01075,0.0075,0.013,0.0085
Oasis - John Williams,279.0,2.0,49.53,2025-09-23 17:45:30+00:00,0.00275,0.00175,0.00325,0.00225
Oasis - John Williams,279.0,2.0,49.53,2025-09-23 18:00:30+00:00,0.0,0.0,0.0,0.0
Oasis - John Williams,279.0,2.0,49.53,2025-09-23 18:15:30+00:00,0.0,0.0,0.0,0.0
Oasis - John Williams,279.0,2.0,49.53,2025-09-23 18:30:30+00:00,0.0,0.0,0.0,0.0
Oasis - John Williams,279.0,2.0,49.53,2025-09-23 18:45:30+00:00,0.0,0.0,0.0,0.0
Oasis - John Williams,279.0,2.0,49.53,2025-09-23 19:00:30+00:00,0.0,0.0,0.0,0.0
Oasis - John Williams,279.0,2.0,49.53,2025-09-23 19:15:30+00:00,0.0,0.0,0.0,0.0
Oasis - John Williams,279.0,2.0,49.53,2025-09-23 19:30:30+00:00,0.0,0.0,0.0,0.0
Oasis - John Williams,279.0,2.0,49.53,2025-09-23 19:45:30+00:00,0.0,0.0,0.0,0.0
Oasis - John Williams,279.0,2.0,49.53,2025-09-23 20:00:30+00:00,0.0,0.0,0.0,0.0
Oasis - John Williams,279.0,2.0,49.53,2025-09-23 20:15:30+00:00,0.0,0.0,0.0,0.0
Oasis - John Williams,279.0,2.0,49.53,2025-09-23 20:30:30+00:00,0.0,0.0,0.0,0.0
Oasis - John Williams,279.0,2.0,49.53,2025-09-23 20:45:30+00:00,0.0,0.0,0.0,0.0
Oasis - John Williams,279.0,2.0,49.53,2025-09-23 21:00:30+00:00,0.0,0.0,0.0,0.0
Oasis - John Williams,279.0,2.0,49.53,2025-09-23 21:15:30+00:00,0.0,0.0,0.0,0.0
Oasis - John Williams,279.0,2.0,49.53,2025-09-23 21:30:30+00:00,0.0,0.0,0.0,0.0
Oasis - John Williams,279.0,2.0,49.53,2025-09-23 21:45:30+00:00,0.0,0.0,0.0,0.0
Oasis - John Williams,279.0,2.0,49.53,2025-09-23 22:00:30+00:00,0.0,0.0,0.0,0.0
Oasis - John Williams,279.0,2.0,49.53,2025-09-23 22:15:30+00:00,0.0,0.0,0.0,0.0
Oasis - John Williams,279.0,2.0,49.53,2025-09-23 22:30:30+00:00,0.0,0.0,0.0,0.0
Oasis - John Williams,279.0,2.0,49.53,2025-09-23 22:45:30+00:00,0.0,0.0,0.0,0.0
Oasis - John Williams,279.0,2.0,49.53,2025-09-23 23:00:30+00:00,0.0,0.0,0.0,0.0
Oasis - John Williams,279.0,2.0,49.53,2025-09-23 23:15:30+00:00,0.0,0.0,0.0,0.0
Oasis - John Williams,279.0,2.0,49.53,2025-09-23 23:30:30+00:00,0.0,0.0,0.0,0.0
Oasis - John Williams,279.0,2.0,49.53,2025-09-23 23:45:30+00:00,0.0,0.0,0.0,0.0
Oasis - John Williams,279.0,2.0,49.53,2025-09-24 00:00:30+00:00,0.0,0.0,0.0,0.0
Oasis - John Williams,279.0,2.0,49.53,2025-09-24 00:15:30+00:00,0.0,0.0,0.0,0.0
Oasis - John Williams,279.0,2.0,49.53,2025-09-24 00:30:30+00:00,0.0,0.0,0.0,0.0
Oasis - John Williams,279.0,2.0,49.53,2025-09-24 00:45:30+00:00,0.0,0.0,0.0,0.0
Oasis - John Williams,279.0,2.0,49.53,2025-09-24 01:00:30+00:00,0.0,0.0,0.0,0.0
Oasis - John Williams,279.0,2.0,49.53,2025-09-24 01:15:30+00:00,0.0,0.0,0.0,0.0
Oasis - John Williams,279.0,2.0,49.53,2025-09-24 01:30:30+00:00,0.0,0.0,0.0,0.0
Oasis - John Williams,279.0,2.0,49.53,2025-09-24 01:45:30+00:00,0.0,0.0,0.0,0.0
Oasis - John Williams,279.0,2.0,49.53,2025-09-24 02:00:30+00:00,0.0,0.0,0.0,0.0
Oasis - John Williams,279.0,2.0,49.53,2025-09-24 02:15:30+00:00,0.0,0.0,0.0,0.0
Oasis - John Williams,279.0,2.0,49.53,2025-09-24 02:30:30+00:00,0.0,0.0,0.0,0.0
Oasis - John Williams,279.0,2.0,49.53,2025-09-24 02:45:30+00:00,0.0,0.0,0.0,0.0
Oasis - John Williams,279.0,2.0,49.53,2025-09-24 03:00:30+00:00,0.0,0.0,0.0,0.0
Oasis - John Williams,279.0,2.0,49.53,2025-09-24 03:15:30+00:00,0.0,0.0,0.0,0.0
Oasis - John Williams,279.0,2.0,49.53,2025-09-24 03:30:30+00:00,0.0,0.0,0.0,0.0
Oasis - John Williams,279.0,2.0,49.53,2025-09-24 03:45:30+00:00,0.0,0.0,0.0,0.0
Oasis - John Williams,279.0,2.0,49.53,2025-09-24 04:00:30+00:00,0.0,0.0,0.0,0.0
Oasis - John Williams,279.0,2.0,49.53,2025-09-24 04:15:30+00:00,0.0,0.0,0.0,0.0
Oasis - John Williams,279.0,2.0,49.53,2025-09-24 04:30:30+00:00,0.0,0.0,0.0,0.0
Oasis - John Williams,279.0,2.0,49.53,2025-09-24 04:45:30+00:00,0.0,0.0,0.0,0.0
Oasis - John Williams,279.0,2.0,49.53,2025-09-24 05:00:30+00:00,0.0,0.0,0.0,0.0
Oasis - John Williams,279.0,2.0,49.53,2025-09-24 05:15:30+00:00,0.0,0.0,0.0,0.0
Oasis - John Williams,279.0,2.0,49.53,2025-09-24 05:30:30+00:00,0.0,0.0,0.0,0.0
Oasis - John Williams,279.0,2.0,49.53,2025-09-24 05:45:30+00:00,0.0,0.0,0.0,0.0
Oasis - John Williams,279.0,2.0,49.53,2025-09-24 06:00:30+00:00,0.0005,0.00025,0.001,0.0005
Oasis - John Williams,279.0,2.0,49.53,2025-09-24 06:15:30+00:00,0.0035,0.00175,0.00625,0.0035
Oasis - John Williams,279.0,2.0,49.53,2025-09-24 06:30:30+00:00,0.00775,0.00425,0.012,0.008
Oasis - John Williams,279.0,2.0,49.53,2025-09-24 06:45:30+00:00,0.01275,0.007,0.018,0.0135
Oasis - John Williams,279.0,2.0,49.53,2025-09-24 07:00:30+00:00,0.01725,0.01075,0.0245,0.018
Oasis - John Williams,279.0,2.0,49.53,2025-09-24 07:15:30+00:00,0.0225,0.015,0.03075,0.02325
Oasis - John Williams,279.0,2.0,49.53,2025-09-24 07:30:30+00:00,0.02875,0.01825,0.0385,0.02975
Oasis - John Williams,279.0,2.0,49.53,2025-09-24 07:45:30+00:00,0.034,0.02275,0.0465,0.03525
Oasis - John Williams,279.0,2.0,49.53,2025-09-24 08:00:30+00:00,0.041,0.02725,0.05975,0.04225
Oasis - John Williams,279.0,2.0,49.53,2025-09-24 08:15:30+00:00,0.0545,0.032,0.0695,0.05675
Oasis - John Williams,279.0,2.0,49.53,2025-09-24 08:30:30+00:00,0.05725,0.0425,0.0835,0.05925
Oasis - John Williams,279.0,2.0,49.53,2025-09-24 08:45:30+00:00,0.07625,0.04875,0.09175,0.0795
Oasis - John Williams,279.0,2.0,49.53,2025-09-24 09:00:30+00:00,0.0775,0.0615,0.10175,0.08025
Oasis - John Williams,279.0,2.0,49.53,2025-09-24 09:15:30+00:00,0.09025,0.0685,0.1115,0.0935
Oasis - John Williams,279.0,2.0,49.53,2025-09-24 09:30:30+00:00,0.10225,0.0815,0.1195,0.106
Oasis - John Williams,279.0,2.0,49.53,2025-09-24 09:45:30+00:00,0.10925,0.093,0.12675,0.11275
Oasis - John Williams,279.0,2.0,49.53,2025-09-24 10:00:30+00:00,0.11825,0.1045,0.131,0.122
Oasis - John Williams,279.0,2.0,49.53,2025-09-24 10:15:30+00:00,0.1255,0.10825,0.1395,0.129
Oasis - John Williams,279.0,2.0,49.53,2025-09-24 10:30:30+00:00,0.12775,0.10475,0.1515,0.13075
Oasis - John Williams,279.0,2.0,49.53,2025-09-24 10:45:30+00:00,0.135,0.085,0.15625,0.1375
Oasis - John Williams,279.0,2.0,49.53,2025-09-24 11:00:30+00:00,0.1175,0.0645,0.16075,0.119
Oasis - John Williams,279.0,2.0,49.53,2025-09-24 11:15:30+00:00,0.10625,0.04375,0.161,0.10725
Oasis - John Williams,279.0,2.0,49.53,2025-09-24 11:30:30+00:00,0.0825,0.0445,0.143,0.083
Oasis - John Williams,279.0,2.0,49.53,2025-09-24 11:45:30+00:00,0.091,0.0505,0.11825,0.0915
Oasis - John Williams,279.0,2.0,49.53,2025-09-24 12:00:30+00:00,0.079,0.05875,0.1095,0.07925
Oasis - John Williams,279.0,2.0,49.53,2025-09-24 12:15:30+00:00,0.082,0.0615,0.10225,0.082
Oasis - John Williams,279.0,2.0,49.53,2025-09-24 12:30:30+00:00,0.084,0.059,0.10075,0.084
Oasis - John Williams,279.0,2.0,49.53,2025-09-24 12:45:30+00:00,0.073,0.0495,0.10075,0.073
Oasis - John Williams,279.0,2.0,49.53,2025-09-24 13:00:30+00:00,0.06775,0.0325,0.113,0.06775
Oasis - John Williams,279.0,2.0,49.53,2025-09-24 13:15:30+00:00,0.077,0.0255,0.13425,0.0765
Oasis - John Williams,279.0,2.0,49.53,2025-09-24 13:30:30+00:00,0.09425,0.033,0.15275,0.0935
Oasis - John Williams,279.0,2.0,49.53,2025-09-24 13:45:30+00:00,0.119,0.04475,0.148,0.11725
Oasis - John Williams,279.0,2.0,49.53,2025-09-24 14:00:30+00:00,0.11075,0.03125,0.142,0.10875
Oasis - John Williams,279.0,2.0,49.53,2025-09-24 14:15:30+00:00,0.05075,0.01,0.124,0.05
Oasis - John Williams,279.0,2.0,49.53,2025-09-24 14:30:30+00:00,0.03175,0.00925,0.10675,0.0315
Oasis - John Williams,279.0,2.0,49.53,2025-09-24 14:45:30+00:00,0.076,0.015,0.106,0.07425
Oasis - John Williams,279.0,2.0,49.53,2025-09-24 15:00:30+00:00,0.0545,0.02175,0.10275,0.0535
Oasis - John Williams,279.0,2.0,49.53,2025-09-24 15:15:30+00:00,0.05625,0.02575,0.0915,0.05475
Oasis - John Williams,279.0,2.0,49.53,2025-09-24 15:30:30+00:00,0.06475,0.0295,0.07925,0.0625
Oasis - John Williams,279.0,2.0,49.53,2025-09-24 15:45:30+00:00,0.041,0.02225,0.07,0.04
Oasis - John Williams,279.0,2.0,49.53,2025-09-24 16:00:30+00:00,0.03225,0.017,0.06,0.0315
Oasis - John Williams,279.0,2.0,49.53,2025-09-24 16:15:30+00:00,0.044,0.01725,0.0585,0.04175
Oasis - John Williams,279.0,2.0,49.53,2025-09-24 16:30:30+00:00,0.036,0.0185,0.051,0.03375
Oasis - John Williams,279.0,2.0,49.53,2025-09-24 16:45:30+00:00,0.0255,0.01525,0.04,0.02375
Oasis - John Williams,279.0,2.0,49.53,2025-09-24 17:00:30+00:00,0.02375,0.013,0.03,0.02175
Oasis - John Williams,279.0,2.0,49.53,2025-09-24 17:15:30+00:00,0.0145,0.009,0.0195,0.013
Oasis - John Williams,279.0,2.0,49.53,2025-09-24 17:30:30+00:00,0.006,0.00375,0.009,0.00575
Oasis - John Williams,279.0,2.0,49.53,2025-09-24 17:45:30+00:00,0.00125,0.00125,0.00175,0.00125
Oasis - John Williams,279.0,2.0,49.53,2025-09-24 18:00:30+00:00,0.0,0.0,0.0,0.0
Oasis - John Williams,279.0,2.0,49.53,2025-09-24 18:15:30+00:00,0.0,0.0,0.0,0.0
Oasis - John Williams,279.0,2.0,49.53,2025-09-24 18:30:30+00:00,0.0,0.0,0.0,0.0
Oasis - John Williams,279.0,2.0,49.53,2025-09-24 18:45:30+00:00,0.0,0.0,0.0,0.0
Oasis - John Williams,279.0,2.0,49.53,2025-09-24 19:00:30+00:00,0.0,0.0,0.0,0.0
Oasis - John Williams,279.0,2.0,49.53,2025-09-24 19:15:30+00:00,0.0,0.0,0.0,0.0
Oasis - John Williams,279.0,2.0,49.53,2025-09-24 19:30:30+00:00,0.0,0.0,0.0,0.0
Oasis - John Williams,279.0,2.0,49.53,2025-09-24 19:45:30+00:00,0.0,0.0,0.0,0.0
Oasis - John Williams,279.0,2.0,49.53,2025-09-24 20:00:30+00:00,0.0,0.0,0.0,0.0
Oasis - John Williams,279.0,2.0,49.53,2025-09-24 20:15:30+00:00,0.0,0.0,0.0,0.0
Oasis - John Williams,279.0,2.0,49.53,2025-09-24 20:30:30+00:00,0.0,0.0,0.0,0.0
Oasis - John Williams,279.0,2.0,49.53,2025-09-24 20:45:30+00:00,0.0,0.0,0.0,0.0
Oasis - John Williams,279.0,2.0,49.53,2025-09-24 21:00:30+00:00,0.0,0.0,0.0,0.0
Oasis - John Williams,279.0,2.0,49.53,2025-09-24 21:15:30+00:00,0.0,0.0,0.0,0.0
Oasis - John Williams,279.0,2.0,49.53,2025-09-24 21:30:30+00:00,0.0,0.0,0.0,0.0
Oasis - John Williams,279.0,2.0,49.53,2025-09-24 21:45:30+00:00,0.0,0.0,0.0,0.0
Oasis - John Williams,279.0,2.0,49.53,2025-09-24 22:00:30+00:00,0.0,0.0,0.0,0.0
Oasis - John Williams,279.0,2.0,49.53,2025-09-24 22:15:30+00:00,0.0,0.0,0.0,0.0
Oasis - John Williams,279.0,2.0,49.53,2025-09-24 22:30:30+00:00,0.0,0.0,0.0,0.0
Oasis - John Williams,279.0,2.0,49.53,2025-09-24 22:45:30+00:00,0.0,0.0,0.0,0.0
Oasis - John Williams,279.0,2.0,49.53,2025-09-24 23:00:30+00:00,0.0,0.0,0.0,0.0
Oasis - John Williams,279.0,2.0,49.53,2025-09-24 23:15:30+00:00,0.0,0.0,0.0,0.0
Oasis - John Williams,279.0,2.0,49.53,2025-09-24 23:30:30+00:00,0.0,0.0,0.0,0.0
Oasis - John Williams,279.0,2.0,49.53,2025-09-24 23:45:30+00:00,0.0,0.0,0.0,0.0
Oasis - John Williams,279.0,2.0,49.53,2025-09-25 00:00:30+00:00,0.0,0.0,0.0,0.0
Oasis - John Williams,279.0,2.0,49.53,2025-09-25 00:15:30+00:00,0.0,0.0,0.0,0.0
Oasis - John Williams,279.0,2.0,49.53,2025-09-25 00:30:30+00:00,0.0,0.0,0.0,0.0
Oasis - John Williams,279.0,2.0,49.53,2025-09-25 00:45:30+00:00,0.0,0.0,0.0,0.0
Oasis - John Williams,279.0,2.0,49.53,2025-09-25 01:00:30+00:00,0.0,0.0,0.0,0.0
Oasis - John Williams,279.0,2.0,49.53,2025-09-25 01:15:30+00:00,0.0,0.0,0.0,0.0
Oasis - John Williams,279.0,2.0,49.53,2025-09-25 01:30:30+00:00,0.0,0.0,0.0,0.0
Oasis - John Williams,279.0,2.0,49.53,2025-09-25 01:45:30+00:00,0.0,0.0,0.0,0.0
Oasis - John Williams,279.0,2.0,49.53,2025-09-25 02:00:30+00:00,0.0,0.0,0.0,0.0
Oasis - John Williams,279.0,2.0,49.53,2025-09-25 02:15:30+00:00,0.0,0.0,0.0,0.0
Oasis - John Williams,279.0,2.0,49.53,2025-09-25 02:30:30+00:00,0.0,0.0,0.0,0.0
Oasis - John Williams,279.0,2.0,49.53,2025-09-25 02:45:30+00:00,0.0,0.0,0.0,0.0
Oasis - John Williams,279.0,2.0,49.53,2025-09-25 03:00:30+00:00,0.0,0.0,0.0,0.0
Oasis - John Williams,279.0,2.0,49.53,2025-09-25 03:15:30+00:00,0.0,0.0,0.0,0.0
Oasis - John Williams,279.0,2.0,49.53,2025-09-25 03:30:30+00:00,0.0,0.0,0.0,0.0
Oasis - John Williams,279.0,2.0,49.53,2025-09-25 03:45:30+00:00,0.0,0.0,0.0,0.0
Oasis - John Williams,279.0,2.0,49.53,2025-09-25 04:00:30+00:00,0.0,0.0,0.0,0.0
Oasis - John Williams,279.0,2.0,49.53,2025-09-25 04:15:30+00:00,0.0,0.0,0.0,0.0
Oasis - John Williams,279.0,2.0,49.53,2025-09-25 04:30:30+00:00,0.0,0.0,0.0,0.0
Oasis - John Williams,279.0,2.0,49.53,2025-09-25 04:45:30+00:00,0.0,0.0,0.0,0.0
Oasis - John Williams,279.0,2.0,49.53,2025-09-25 05:00:30+00:00,0.0,0.0,0.0,0.0
Oasis - John Williams,279.0,2.0,49.53,2025-09-25 05:15:30+00:00,0.0,0.0,0.0,0.0
Oasis - John Williams,279.0,2.0,49.53,2025-09-25 05:30:30+00:00,0.0,0.0,0.0,0.0
Oasis - John Williams,279.0,2.0,49.53,2025-09-25 05:45:30+00:00,0.0,0.0,0.0,0.0
Oasis - John Williams,279.0,2.0,49.53,2025-09-25 06:00:30+00:00,0.00075,0.0005,0.00075,0.00075
Oasis - John Williams,279.0,2.0,49.53,2025-09-25 06:15:30+00:00,0.00375,0.003,0.0045,0.00525
Oasis - John Williams,279.0,2.0,49.53,2025-09-25 06:30:30+00:00,0.01,0.00725,0.0115,0.013
Oasis - John Williams,279.0,2.0,49.53,2025-09-25 06:45:30+00:00,0.01775,0.01325,0.02025,0.02175
Oasis - John Williams,279.0,2.0,49.53,2025-09-25 07:00:30+00:00,0.0265,0.0205,0.03,0.03125
Oasis - John Williams,279.0,2.0,49.53,2025-09-25 07:15:30+00:00,0.03525,0.0285,0.04,0.0405
Oasis - John Williams,279.0,2.0,49.53,2025-09-25 07:30:30+00:00,0.0445,0.037,0.05025,0.04975
Oasis - John Williams,279.0,2.0,49.53,2025-09-25 07:45:30+00:00,0.05375,0.04625,0.0605,0.05925
Oasis - John Williams,279.0,2.0,49.53,2025-09-25 08:00:30+00:00,0.063,0.056,0.07,0.06875
Oasis - John Williams,279.0,2.0,49.53,2025-09-25 08:15:30+00:00,0.07225,0.066,0.078,0.078
Oasis - John Williams,279.0,2.0,49.53,2025-09-25 08:30:30+00:00,0.081,0.07575,0.086,0.0865
Oasis - John Williams,279.0,2.0,49.53,2025-09-25 08:45:30+00:00,0.0895,0.085,0.09375,0.095
Oasis - John Williams,279.0,2.0,49.53,2025-09-25 09:00:30+00:00,0.09775,0.0935,0.102,0.10325
Oasis - John Williams,279.0,2.0,49.53,2025-09-25 09:15:30+00:00,0.10575,0.1,0.11125,0.111
Oasis - John Williams,279.0,2.0,49.53,2025-09-25 09:30:30+00:00,0.11325,0.10475,0.121,0.11825
Oasis - John Williams,279.0,2.0,49.53,2025-09-25 09:45:30+00:00,0.11975,0.10725,0.129,0.1245
Oasis - John Williams,279.0,2.0,49.53,2025-09-25 10:00:30+00:00,0.1215,0.10875,0.13525,0.1255
Oasis - John Williams,279.0,2.0,49.53,2025-09-25 10:15:30+00:00,0.124,0.10975,0.13925,0.1275
Oasis - John Williams,279.0,2.0,49.53,2025-09-25 10:30:30+00:00,0.1275,0.11225,0.142,0.13075
Oasis - John Williams,279.0,2.0,49.53,2025-09-25 10:45:30+00:00,0.1295,0.1145,0.14225,0.13225
Oasis - John Williams,279.0,2.0,49.53,2025-09-25 11:00:30+00:00,0.12775,0.11825,0.14525,0.12975
Oasis - John Williams,279.0,2.0,49.53,2025-09-25 11:15:30+00:00,0.13775,0.1205,0.1485,0.13975
Oasis - John Williams,279.0,2.0,49.53,2025-09-25 11:30:30+00:00,0.138,0.12125,0.1505,0.13925
Oasis - John Williams,279.0,2.0,49.53,2025-09-25 11:45:30+00:00,0.1315,0.12125,0.1495,0.1325
Oasis - John Williams,279.0,2.0,49.53,2025-09-25 12:00:30+00:00,0.13625,0.1205,0.151,0.13675
Oasis - John Williams,279.0,2.0,49.53,2025-09-25 12:15:30+00:00,0.139,0.12225,0.154,0.13925
Oasis - John Williams,279.0,2.0,49.53,2025-09-25 12:30:30+00:00,0.13875,0.1235,0.1565,0.13825
Oasis - John Williams,279.0,2.0,49.53,2025-09-25 12:45:30+00:00,0.14175,0.12575,0.15625,0.14075
Oasis - John Williams,279.0,2.0,49.53,2025-09-25 13:00:30+00:00,0.1425,0.12875,0.15475,0.14125
Oasis - John Williams,279.0,2.0,49.53,2025-09-25 13:15:30+00:00,0.14075,0.1285,0.1505,0.139
Oasis - John Williams,279.0,2.0,49.53,2025-09-25 13:30:30+00:00,0.1355,0.126,0.14425,0.13325
Oasis - John Williams,279.0,2.0,49.53,2025-09-25 13:45:30+00:00,0.12925,0.1205,0.13825,0.12675
Oasis - John Williams,279.0,2.0,49.53,2025-09-25 14:00:30+00:00,0.12325,0.116,0.133,0.12025
Oasis - John Williams,279.0,2.0,49.53,2025-09-25 14:15:30+00:00,0.12075,0.1115,0.128,0.11725
Oasis - John Williams,279.0,2.0,49.53,2025-09-25 14:30:30+00:00,0.115,0.10725,0.1215,0.11125
Oasis - John Williams,279.0,2.0,49.53,2025-09-25 14:45:30+00:00,0.10675,0.10125,0.11325,0.10275
Oasis - John Williams,279.0,2.0,49.53,2025-09-25 15:00:30+00:00,0.09975,0.094,0.10525,0.09525
Oasis - John Williams,279.0,2.0,49.53,2025-09-25 15:15:30+00:00,0.09225,0.0855,0.09825,0.0875
Oasis - John Williams,279.0,2.0,49.53,2025-09-25 15:30:30+00:00,0.0835,0.07525,0.09075,0.07875
Oasis - John Williams,279.0,2.0,49.53,2025-09-25 15:45:30+00:00,0.073,0.06525,0.08225,0.06825
Oasis - John Williams,279.0,2.0,49.53,2025-09-25 16:00:30+00:00,0.065,0.0555,0.074,0.06
Oasis - John Williams,279.0,2.0,49.53,2025-09-25 16:15:30+00:00,0.05625,0.04675,0.06375,0.05125
Oasis - John Williams,279.0,2.0,49.53,2025-09-25 16:30:30+00:00,0.04675,0.0375,0.053,0.042
Oasis - John Williams,279.0,2.0,49.53,2025-09-25 16:45:30+00:00,0.03675,0.0285,0.042,0.0325
Oasis - John Williams,279.0,2.0,49.53,2025-09-25 17:00:30+00:00,0.027,0.02,0.031,0.02325
Oasis - John Williams,279.0,2.0,49.53,2025-09-25 17:15:30+00:00,0.01775,0.0125,0.0205,0.0145
Oasis - John Williams,279.0,2.0,49.53,2025-09-25 17:30:30+00:00,0.0075,0.006,0.00875,0.0065
Oasis - John Williams,279.0,2.0,49.53,2025-09-25 17:45:30+00:00,0.00275,0.002,0.00325,0.00275
Oasis - John Williams,279.0,2.0,49.53,2025-09-25 18:00:30+00:00,0.0,0.0,0.0,0.0
Oasis - John Williams,279.0,2.0,49.53,2025-09-25 18:15:30+00:00,0.0,0.0,0.0,0.0
Oasis - John Williams,279.0,2.0,49.53,2025-09-25 18:30:30+00:00,0.0,0.0,0.0,0.0
Oasis - John Williams,279.0,2.0,49.53,2025-09-25 18:45:30+00:00,0.0,0.0,0.0,0.0
Oasis - John Williams,279.0,2.0,49.53,2025-09-25 19:00:30+00:00,0.0,0.0,0.0,0.0
Oasis - John Williams,279.0,2.0,49.53,2025-09-25 19:15:30+00:00,0.0,0.0,0.0,0.0
Oasis - John Williams,279.0,2.0,49.53,2025-09-25 19:30:30+00:00,0.0,0.0,0.0,0.0
Oasis - John Williams,279.0,2.0,49.53,2025-09-25 19:45:30+00:00,0.0,0.0,0.0,0.0
Oasis - John Williams,279.0,2.0,49.53,2025-09-25 20:00:30+00:00,0.0,0.0,0.0,0.0
Oasis - John Williams,279.0,2.0,49.53,2025-09-25 20:15:30+00:00,0.0,0.0,0.0,0.0
Oasis - John Williams,279.0,2.0,49.53,2025-09-25 20:30:30+00:00,0.0,0.0,0.0,0.0
Oasis - John Williams,279.0,2.0,49.53,2025-09-25 20:45:30+00:00,0.0,0.0,0.0,0.0
Oasis - John Williams,279.0,2.0,49.53,2025-09-25 21:00:30+00:00,0.0,0.0,0.0,0.0
Oasis - John Williams,279.0,2.0,49.53,2025-09-25 21:15:30+00:00,0.0,0.0,0.0,0.0
Oasis - John Williams,279.0,2.0,49.53,2025-09-25 21:30:30+00:00,0.0,0.0,0.0,0.0
Oasis - John Williams,279.0,2.0,49.53,2025-09-25 21:45:30+00:00,0.0,0.0,0.0,0.0
Oasis - John Williams,279.0,2.0,49.53,2025-09-25 22:00:30+00:00,0.0,0.0,0.0,0.0
Oasis - John Williams,279.0,2.0,49.53,2025-09-25 22:15:30+00:00,0.0,0.0,0.0,0.0
Oasis - John Williams,279.0,2.0,49.53,2025-09-25 22:30:30+00:00,0.0,0.0,0.0,0.0
Oasis - John Williams,279.0,2.0,49.53,2025-09-25 22:45:30+00:00,0.0,0.0,0.0,0.0
Oasis - John Williams,279.0,2.0,49.53,2025-09-25 23:00:30+00:00,0.0,0.0,0.0,0.0
Oasis - John Williams,279.0,2.0,49.53,2025-09-25 23:15:30+00:00,0.0,0.0,0.0,0.0
Oasis - John Williams,279.0,2.0,49.53,2025-09-25 23:30:30+00:00,0.0,0.0,0.0,0.0
Oasis - John Williams,279.0,2.0,49.53,2025-09-25 23:45:30+00:00,0.0,0.0,0.0,0.0
Oasis - John Williams,279.0,2.0,49.53,2025-09-26 00:00:30+00:00,0.0,0.0,0.0,0.0
Oasis - John Williams,279.0,2.0,49.53,2025-09-26 00:15:30+00:00,0.0,0.0,0.0,0.0
Oasis - John Williams,279.0,2.0,49.53,2025-09-26 00:30:30+00:00,0.0,0.0,0.0,0.0
Oasis - John Williams,279.0,2.0,49.53,2025-09-26 00:45:30+00:00,0.0,0.0,0.0,0.0
Oasis - John Williams,279.0,2.0,49.53,2025-09-26 01:00:30+00:00,0.0,0.0,0.0,0.0
Oasis - John Williams,279.0,2.0,49.53,2025-09-26 01:15:30+00:00,0.0,0.0,0.0,0.0
Oasis - John Williams,279.0,2.0,49.53,2025-09-26 01:30:30+00:00,0.0,0.0,0.0,0.0
Oasis - John Williams,279.0,2.0,49.53,2025-09-26 01:45:30+00:00,0.0,0.0,0.0,0.0
Oasis - John Williams,279.0,2.0,49.53,2025-09-26 02:00:30+00:00,0.0,0.0,0.0,0.0
Oasis - John Williams,279.0,2.0,49.53,2025-09-26 02:15:30+00:00,0.0,0.0,0.0,0.0
Oasis - John Williams,279.0,2.0,49.53,2025-09-26 02:30:30+00:00,0.0,0.0,0.0,0.0
Oasis - John Williams,279.0,2.0,49.53,2025-09-26 02:45:30+00:00,0.0,0.0,0.0,0.0
Oasis - John Williams,279.0,2.0,49.53,2025-09-26 03:00:30+00:00,0.0,0.0,0.0,0.0
Oasis - John Williams,279.0,2.0,49.53,2025-09-26 03:15:30+00:00,0.0,0.0,0.0,0.0
Oasis - John Williams,279.0,2.0,49.53,2025-09-26 03:30:30+00:00,0.0,0.0,0.0,0.0
Oasis - John Williams,279.0,2.0,49.53,2025-09-26 03:45:30+00:00,0.0,0.0,0.0,0.0
Oasis - John Williams,279.0,2.0,49.53,2025-09-26 04:00:30+00:00,0.0,0.0,0.0,0.0
Oasis - John Williams,279.0,2.0,49.53,2025-09-26 04:15:30+00:00,0.0,0.0,0.0,0.0
Oasis - John Williams,279.0,2.0,49.53,2025-09-26 04:30:30+00:00,0.0,0.0,0.0,0.0
Oasis - John Williams,279.0,2.0,49.53,2025-09-26 04:45:30+00:00,0.0,0.0,0.0,0.0
Oasis - John Williams,279.0,2.0,49.53,2025-09-26 05:00:30+00:00,0.0,0.0,0.0,0.0
Oasis - John Williams,279.0,2.0,49.53,2025-09-26 05:15:30+00:00,0.0,0.0,0.0,0.0
Oasis - John Williams,279.0,2.0,49.53,2025-09-26 05:30:30+00:00,0.0,0.0,0.0,0.0
Oasis - John Williams,279.0,2.0,49.53,2025-09-26 05:45:30+00:00,0.0,0.0,0.0,0.0
Oasis - John Williams,279.0,2.0,49.53,2025-09-26 06:00:30+00:00,0.00025,0.00025,0.00025,0.00025
Oasis - John Williams,279.0,2.0,49.53,2025-09-26 06:15:30+00:00,0.0035,0.003,0.00425,0.00425
Oasis - John Williams,279.0,2.0,49.53,2025-09-26 06:30:30+00:00,0.009,0.0065,0.0105,0.011
Oasis - John Williams,279.0,2.0,49.53,2025-09-26 06:45:30+00:00,0.01625,0.012,0.01875,0.01925
Oasis - John Williams,279.0,2.0,49.53,2025-09-26 07:00:30+00:00,0.0245,0.01875,0.02775,0.028
Oasis - John Williams,279.0,2.0,49.53,2025-09-26 07:15:30+00:00,0.033,0.0265,0.0375,0.03725
Oasis - John Williams,279.0,2.0,49.53,2025-09-26 07:30:30+00:00,0.04175,0.03475,0.04725,0.04625
Oasis - John Williams,279.0,2.0,49.53,2025-09-26 07:45:30+00:00,0.05075,0.0435,0.0575,0.0555
Oasis - John Williams,279.0,2.0,49.53,2025-09-26 08:00:30+00:00,0.05975,0.053,0.0665,0.0645
Oasis - John Williams,279.0,2.0,49.53,2025-09-26 08:15:30+00:00,0.0685,0.0625,0.0745,0.0735
Oasis - John Williams,279.0,2.0,49.53,2025-09-26 08:30:30+00:00,0.077,0.072,0.082,0.082
Oasis - John Williams,279.0,2.0,49.53,2025-09-26 08:45:30+00:00,0.08525,0.0805,0.09,0.09025
Oasis - John Williams,279.0,2.0,49.53,2025-09-26 09:00:30+00:00,0.0935,0.0875,0.09925,0.09825
Oasis - John Williams,279.0,2.0,49.53,2025-09-26 09:15:30+00:00,0.10125,0.093,0.10775,0.106
Oasis - John Williams,279.0,2.0,49.53,2025-09-26 09:30:30+00:00,0.10625,0.09325,0.11875,0.1105
Oasis - John Williams,279.0,2.0,49.53,2025-09-26 09:45:30+00:00,0.11,0.09425,0.1275,0.11375
Oasis - John Williams,279.0,2.0,49.53,2025-09-26 10:00:30+00:00,0.11575,0.0885,0.13425,0.119
Oasis - John Williams,279.0,2.0,49.53,2025-09-26 10:15:30+00:00,0.10825,0.08425,0.1425,0.1105
Oasis - John Williams,279.0,2.0,49.53,2025-09-26 10:30:30+00:00,0.12625,0.06825,0.14775,0.12875
Oasis - John Williams,279.0,2.0,49.53,2025-09-26 10:45:30+00:00,0.1055,0.04675,0.1525,0.107
Oasis - John Williams,279.0,2.0,49.53,2025-09-26 11:00:30+00:00,0.08475,0.02825,0.1535,0.0855
Oasis - John Williams,279.0,2.0,49.53,2025-09-26 11:15:30+00:00,0.081,0.022,0.13375,0.0815
Oasis - John Williams,279.0,2.0,49.53,2025-09-26 11:30:30+00:00,0.06725,0.02425,0.112,0.0675
Oasis - John Williams,279.0,2.0,49.53,2025-09-26 11:45:30+00:00,0.0555,0.03225,0.092,0.05575
Oasis - John Williams,279.0,2.0,49.53,2025-09-26 12:00:30+00:00,0.06325,0.038,0.083,0.0635
Oasis - John Williams,279.0,2.0,49.53,2025-09-26 12:15:30+00:00,0.0625,0.045,0.0785,0.06275
Oasis - John Williams,279.0,2.0,49.53,2025-09-26 12:30:30+00:00,0.059,0.04375,0.07525,0.059
Oasis - John Williams,279.0,2.0,49.53,2025-09-26 12:45:30+00:00,0.0565,0.04,0.072,0.05675
Oasis - John Williams,279.0,2.0,49.53,2025-09-26 13:00:30+00:00,0.05225,0.03675,0.06925,0.05225
Oasis - John Williams,279.0,2.0,49.53,2025-09-26 13:15:30+00:00,0.05,0.032,0.06675,0.05
Oasis - John Williams,279.0,2.0,49.53,2025-09-26 13:30:30+00:00,0.046,0.027,0.0645,0.046
Oasis - John Williams,279.0,2.0,49.53,2025-09-26 13:45:30+00:00,0.0415,0.02125,0.05925,0.0415
Oasis - John Williams,279.0,2.0,49.53,2025-09-26 14:00:30+00:00,0.033,0.01725,0.0525,0.033
Oasis - John Williams,279.0,2.0,49.53,2025-09-26 14:15:30+00:00,0.02975,0.015,0.04775,0.02975
Oasis - John Williams,279.0,2.0,49.53,2025-09-26 14:30:30+00:00,0.031,0.016,0.04725,0.031
Oasis - John Williams,279.0,2.0,49.53,2025-09-26 14:45:30+00:00,0.03375,0.0185,0.047,0.03375
Oasis - John Williams,279.0,2.0,49.53,2025-09-26 15:00:30+00:00,0.03325,0.02025,0.044,0.03325
Oasis - John Williams,279.0,2.0,49.53,2025-09-26 15:15:30+00:00,0.02925,0.0195,0.03975,0.029
Oasis - John Williams,279.0,2.0,49.53,2025-09-26 15:30:30+00:00,0.026,0.01725,0.03625,0.026
Oasis - John Williams,279.0,2.0,49.53,2025-09-26 15:45:30+00:00,0.025,0.01475,0.0345,0.02475
Oasis - John Williams,279.0,2.0,49.53,2025-09-26 16:00:30+00:00,0.0225,0.0115,0.03275,0.0225
Oasis - John Williams,279.0,2.0,49.53,2025-09-26 16:15:30+00:00,0.019,0.0075,0.03125,0.019
Oasis - John Williams,279.0,2.0,49.53,2025-09-26 16:30:30+00:00,0.0165,0.005,0.02925,0.01625
Oasis - John Williams,279.0,2.0,49.53,2025-09-26 16:45:30+00:00,0.016,0.00425,0.0265,0.0155
Oasis - John Williams,279.0,2.0,49.53,2025-09-26 17:00:30+00:00,0.014,0.00475,0.0215,0.01325
Oasis - John Williams,279.0,2.0,49.53,2025-09-26 17:15:30+00:00,0.00875,0.00375,0.01375,0.0085
Oasis - John Williams,279.0,2.0,49.53,2025-09-26 17:30:30+00:00,0.0035,0.00225,0.006,0.0035
Oasis - John Williams,279.0,2.0,49.53,2025-09-26 17:45:30+00:00,0.00125,0.00075,0.00225,0.00125
Oasis - John Williams,279.0,2.0,49.53,2025-09-26 18:00:30+00:00,0.0,0.0,0.0,0.0
Oasis - John Williams,279.0,2.0,49.53,2025-09-26 18:15:30+00:00,0.0,0.0,0.0,0.0
Oasis - John Williams,279.0,2.0,49.53,2025-09-26 18:30:30+00:00,0.0,0.0,0.0,0.0
Oasis - John Williams,279.0,2.0,49.53,2025-09-26 18:45:30+00:00,0.0,0.0,0.0,0.0
Oasis - John Williams,279.0,2.0,49.53,2025-09-26 19:00:30+00:00,0.0,0.0,0.0,0.0
Oasis - John Williams,279.0,2.0,49.53,2025-09-26 19:15:30+00:00,0.0,0.0,0.0,0.0
Oasis - John Williams,279.0,2.0,49.53,2025-09-26 19:30:30+00:00,0.0,0.0,0.0,0.0
Oasis - John Williams,279.0,2.0,49.53,2025-09-26 19:45:30+00:00,0.0,0.0,0.0,0.0
Oasis - John Williams,279.0,2.0,49.53,2025-09-26 20:00:30+00:00,0.0,0.0,0.0,0.0
Oasis - John Williams,279.0,2.0,49.53,2025-09-26 20:15:30+00:00,0.0,0.0,0.0,0.0
Oasis - John Williams,279.0,2.0,49.53,2025-09-26 20:30:30+00:00,0.0,0.0,0.0,0.0
Oasis - John Williams,279.0,2.0,49.53,2025-09-26 20:45:30+00:00,0.0,0.0,0.0,0.0
Oasis - John Williams,279.0,2.0,49.53,2025-09-26 21:00:30+00:00,0.0,0.0,0.0,0.0
Oasis - John Williams,279.0,2.0,49.53,2025-09-26 21:15:30+00:00,0.0,0.0,0.0,0.0
Oasis - John Williams,279.0,2.0,49.53,2025-09-26 21:30:30+00:00,0.0,0.0,0.0,0.0
Oasis - John Williams,279.0,2.0,49.53,2025-09-26 21:45:30+00:00,0.0,0.0,0.0,0.0
Oasis - John Williams,279.0,2.0,49.53,2025-09-26 22:00:30+00:00,0.0,0.0,0.0,0.0
Oasis - John Williams,279.0,2.0,49.53,2025-09-26 22:15:30+00:00,0.0,0.0,0.0,0.0
Oasis - John Williams,279.0,2.0,49.53,2025-09-26 22:30:30+00:00,0.0,0.0,0.0,0.0
Oasis - John Williams,279.0,2.0,49.53,2025-09-26 22:45:30+00:00,0.0,0.0,0.0,0.0
Oasis - John Williams,279.0,2.0,49.53,2025-09-26 23:00:30+00:00,0.0,0.0,0.0,0.0
Oasis - John Williams,279.0,2.0,49.53,2025-09-26 23:15:30+00:00,0.0,0.0,0.0,0.0
Oasis - John Williams,279.0,2.0,49.53,2025-09-26 23:30:30+00:00,0.0,0.0,0.0,0.0
Oasis - John Williams,279.0,2.0,49.53,2025-09-26 23:45:30+00:00,0.0,0.0,0.0,0.0
Oasis - John Williams,279.0,2.0,49.53,2025-09-27 00:00:30+00:00,0.0,0.0,0.0,0.0
Oasis - John Williams,279.0,2.0,49.53,2025-09-27 00:15:30+00:00,0.0,0.0,0.0,0.0
Oasis - John Williams,279.0,2.0,49.53,2025-09-27 00:30:30+00:00,0.0,0.0,0.0,0.0
Oasis - John Williams,279.0,2.0,49.53,2025-09-27 00:45:30+00:00,0.0,0.0,0.0,0.0
Oasis - John Williams,279.0,2.0,49.53,2025-09-27 01:00:30+00:00,0.0,0.0,0.0,0.0
Oasis - John Williams,279.0,2.0,49.53,2025-09-27 01:15:30+00:00,0.0,0.0,0.0,0.0
Oasis - John Williams,279.0,2.0,49.53,2025-09-27 01:30:30+00:00,0.0,0.0,0.0,0.0
Oasis - John Williams,279.0,2.0,49.53,2025-09-27 01:45:30+00:00,0.0,0.0,0.0,0.0
Oasis - John Williams,279.0,2.0,49.53,2025-09-27 02:00:30+00:00,0.0,0.0,0.0,0.0
Oasis - John Williams,279.0,2.0,49.53,2025-09-27 02:15:30+00:00,0.0,0.0,0.0,0.0
Oasis - John Williams,279.0,2.0,49.53,2025-09-27 02:30:30+00:00,0.0,0.0,0.0,0.0
Oasis - John Williams,279.0,2.0,49.53,2025-09-27 02:45:30+00:00,0.0,0.0,0.0,0.0
Oasis - John Williams,279.0,2.0,49.53,2025-09-27 03:00:30+00:00,0.0,0.0,0.0,0.0
Oasis - John Williams,279.0,2.0,49.53,2025-09-27 03:15:30+00:00,0.0,0.0,0.0,0.0
Oasis - John Williams,279.0,2.0,49.53,2025-09-27 03:30:30+00:00,0.0,0.0,0.0,0.0
Oasis - John Williams,279.0,2.0,49.53,2025-09-27 03:45:30+00:00,0.0,0.0,0.0,0.0
Oasis - John Williams,279.0,2.0,49.53,2025-09-27 04:00:30+00:00,0.0,0.0,0.0,0.0
Oasis - John Williams,279.0,2.0,49.53,2025-09-27 04:15:30+00:00,0.0,0.0,0.0,0.0
Oasis - John Williams,279.0,2.0,49.53,2025-09-27 04:30:30+00:00,0.0,0.0,0.0,0.0
Oasis - John Williams,279.0,2.0,49.53,2025-09-27 04:45:30+00:00,0.0,0.0,0.0,0.0
Oasis - John Williams,279.0,2.0,49.53,2025-09-27 05:00:30+00:00,0.0,0.0,0.0,0.0
Oasis - John Williams,279.0,2.0,49.53,2025-09-27 05:15:30+00:00,0.0,0.0,0.0,0.0
Oasis - John Williams,279.0,2.0,49.53,2025-09-27 05:30:30+00:00,0.0,0.0,0.0,0.0
Oasis - John Williams,279.0,2.0,49.53,2025-09-27 05:45:30+00:00,0.0,0.0,0.0,0.0
Oasis - John Williams,279.0,2.0,49.53,2025-09-27 06:00:30+00:00,0.0,0.0,0.0,0.0
Oasis - John Williams,279.0,2.0,49.53,2025-09-27 06:15:30+00:00,0.0015,0.00025,0.00375,0.0015
Oasis - John Williams,279.0,2.0,49.53,2025-09-27 06:30:30+00:00,0.0045,0.001,0.0085,0.0045
Oasis - John Williams,279.0,2.0,49.53,2025-09-27 06:45:30+00:00,0.008,0.0035,0.01575,0.00825
Oasis - John Williams,279.0,2.0,49.53,2025-09-27 07:00:30+00:00,0.01575,0.00575,0.02175,0.0165
Oasis - John Williams,279.0,2.0,49.53,2025-09-27 07:15:30+00:00,0.01775,0.007,0.02825,0.018
Oasis - John Williams,279.0,2.0,49.53,2025-09-27 07:30:30+00:00,0.019,0.009,0.0325,0.01925
Oasis - John Williams,279.0,2.0,49.53,2025-09-27 07:45:30+00:00,0.025,0.00925,0.03625,0.0255
Oasis - John Williams,279.0,2.0,49.53,2025-09-27 08:00:30+00:00,0.02425,0.00975,0.04375,0.0245
Oasis - John Williams,279.0,2.0,49.53,2025-09-27 08:15:30+00:00,0.0305,0.0115,0.056,0.03075
Oasis - John Williams,279.0,2.0,49.53,2025-09-27 08:30:30+00:00,0.0455,0.02,0.07075,0.0465
Oasis - John Williams,279.0,2.0,49.53,2025-09-27 08:45:30+00:00,0.05975,0.03075,0.08075,0.06125
Oasis - John Williams,279.0,2.0,49.53,2025-09-27 09:00:30+00:00,0.062,0.033,0.0875,0.0635
Oasis - John Williams,279.0,2.0,49.53,2025-09-27 09:15:30+00:00,0.05875,0.02625,0.09,0.05975
Oasis - John Williams,279.0,2.0,49.53,2025-09-27 09:30:30+00:00,0.05275,0.01525,0.0905,0.05325
Oasis - John Williams,279.0,2.0,49.53,2025-09-27 09:45:30+00:00,0.04675,0.00925,0.08475,0.047
Oasis - John Williams,279.0,2.0,49.53,2025-09-27 10:00:30+00:00,0.0405,0.00975,0.07375,0.04075
Oasis - John Williams,279.0,2.0,49.53,2025-09-27 10:15:30+00:00,0.03375,0.01025,0.06175,0.034
Oasis - John Williams,279.0,2.0,49.53,2025-09-27 10:30:30+00:00,0.0325,0.01125,0.0555,0.0325
Oasis - John Williams,279.0,2.0,49.53,2025-09-27 10:45:30+00:00,0.03375,0.01425,0.057,0.034
Oasis - John Williams,279.0,2.0,49.53,2025-09-27 11:00:30+00:00,0.0405,0.018,0.06525,0.0405
Oasis - John Williams,279.0,2.0,49.53,2025-09-27 11:15:30+00:00,0.05025,0.02475,0.0705,0.0505
Oasis - John Williams,279.0,2.0,49.53,2025-09-27 11:30:30+00:00,0.052,0.029,0.07625,0.05225
Oasis - John Williams,279.0,2.0,49.53,2025-09-27 11:45:30+00:00,0.055,0.028,0.07675,0.05525
Oasis - John Williams,279.0,2.0,49.53,2025-09-27 12:00:30+00:00,0.0495,0.0175,0.07625,0.0495
Oasis - John Williams,279.0,2.0,49.53,2025-09-27 12:15:30+00:00,0.03575,0.0115,0.077,0.03575
Oasis - John Williams,279.0,2.0,49.53,2025-09-27 12:30:30+00:00,0.033,0.01125,0.0875,0.033
Oasis - John Williams,279.0,2.0,49.53,2025-09-27 12:45:30+00:00,0.0605,0.012,0.10425,0.0605
Oasis - John Williams,279.0,2.0,49.53,2025-09-27 13:00:30+00:00,0.07425,0.02625,0.10725,0.07425
Oasis - John Williams,279.0,2.0,49.53,2025-09-27 13:15:30+00:00,0.065,0.03,0.096,0.06475
Oasis - John Williams,279.0,2.0,49.53,2025-09-27 13:30:30+00:00,0.04925,0.03275,0.0795,0.04925
Oasis - John Williams,279.0,2.0,49.53,2025-09-27 13:45:30+00:00,0.054,0.02975,0.077,0.05375
Oasis - John Williams,279.0,2.0,49.53,2025-09-27 14:00:30+00:00,0.057,0.0335,0.077,0.0565
Oasis - John Williams,279.0,2.0,49.53,2025-09-27 14:15:30+00:00,0.0545,0.0325,0.08225,0.054
Oasis - John Williams,279.0,2.0,49.53,2025-09-27 14:30:30+00:00,0.06075,0.02725,0.08175,0.06
Oasis - John Williams,279.0,2.0,49.53,2025-09-27 14:45:30+00:00,0.04725,0.0265,0.0885,0.047
Oasis - John Williams,279.0,2.0,49.53,2025-09-27 15:00:30+00:00,0.065,0.02825,0.09125,0.0635
Oasis - John Williams,279.0,2.0,49.53,2025-09-27 15:15:30+00:00,0.06625,0.036,0.088,0.06425
Oasis - John Williams,279.0,2.0,49.53,2025-09-27 15:30:30+00:00,0.054,0.0355,0.07925,0.0525
Oasis - John Williams,279.0,2.0,49.53,2025-09-27 15:45:30+00:00,0.0525,0.03475,0.071,0.05025
Oasis - John Williams,279.0,2.0,49.53,2025-09-27 16:00:30+00:00,0.052,0.0325,0.063,0.04925
Oasis - John Williams,279.0,2.0,49.53,2025-09-27 16:15:30+00:00,0.047,0.02625,0.053,0.04375
Oasis - John Williams,279.0,2.0,49.53,2025-09-27 16:30:30+00:00,0.0345,0.016,0.0425,0.03225
Oasis - John Williams,279.0,2.0,49.53,2025-09-27 16:45:30+00:00,0.0195,0.00575,0.03125,0.0185
Oasis - John Williams,279.0,2.0,49.53,2025-09-27 17:00:30+00:00,0.009,0.00175,0.02075,0.009
Oasis - John Williams,279.0,2.0,49.53,2025-09-27 17:15:30+00:00,0.0045,0.001,0.0105,0.0045
Oasis - John Williams,279.0,2.0,49.53,2025-09-27 17:30:30+00:00,0.00175,0.00025,0.00425,0.00175
Oasis - John Williams,279.0,2.0,49.53,2025-09-27 17:45:30+00:00,0.00025,0.00025,0.00075,0.00025
Oasis - John Williams,279.0,2.0,49.53,2025-09-27 18:00:30+00:00,0.0,0.0,0.0,0.0
Oasis - John Williams,279.0,2.0,49.53,2025-09-27 18:15:30+00:00,0.0,0.0,0.0,0.0
Oasis - John Williams,279.0,2.0,49.53,2025-09-27 18:30:30+00:00,0.0,0.0,0.0,0.0
Oasis - John Williams,279.0,2.0,49.53,2025-09-27 18:45:30+00:00,0.0,0.0,0.0,0.0
Oasis - John Williams,279.0,2.0,49.53,2025-09-27 19:00:30+00:00,0.0,0.0,0.0,0.0
Oasis - John Williams,279.0,2.0,49.53,2025-09-27 19:15:30+00:00,0.0,0.0,0.0,0.0
Oasis - John Williams,279.0,2.0,49.53,2025-09-27 19:30:30+00:00,0.0,0.0,0.0,0.0
Oasis - John Williams,279.0,2.0,49.53,2025-09-27 19:45:30+00:00,0.0,0.0,0.0,0.0
Oasis - John Williams,279.0,2.0,49.53,2025-09-27 20:00:30+00:00,0.0,0.0,0.0,0.0
Oasis - John Williams,279.0,2.0,49.53,2025-09-27 20:15:30+00:00,0.0,0.0,0.0,0.0
Oasis - John Williams,279.0,2.0,49.53,2025-09-27 20:30:30+00:00,0.0,0.0,0.0,0.0
Oasis - John Williams,279.0,2.0,49.53,2025-09-27 20:45:30+00:00,0.0,0.0,0.0,0.0
Oasis - John Williams,279.0,2.0,49.53,2025-09-27 21:00:30+00:00,0.0,0.0,0.0,0.0
Oasis - John Williams,279.0,2.0,49.53,2025-09-27 21:15:30+00:00,0.0,0.0,0.0,0.0
Oasis - John Williams,279.0,2.0,49.53,2025-09-27 21:30:30+00:00,0.0,0.0,0.0,0.0
Oasis - John Williams,279.0,2.0,49.53,2025-09-27 21:45:30+00:00,0.0,0.0,0.0,0.0
Oasis - John Williams,279.0,2.0,49.53,2025-09-27 22:00:30+00:00,0.0,0.0,0.0,0.0
Oasis - John Williams,279.0,2.0,49.53,2025-09-27 22:15:30+00:00,0.0,0.0,0.0,0.0
Oasis - John Williams,279.0,2.0,49.53,2025-09-27 22:30:30+00:00,0.0,0.0,0.0,0.0
Oasis - John Williams,279.0,2.0,49.53,2025-09-27 22:45:30+00:00,0.0,0.0,0.0,0.0
Oasis - John Williams,279.0,2.0,49.53,2025-09-27 23:00:30+00:00,0.0,0.0,0.0,0.0
Oasis - John Williams,279.0,2.0,49.53,2025-09-27 23:15:30+00:00,0.0,0.0,0.0,0.0
Oasis - John Williams,279.0,2.0,49.53,2025-09-27 23:30:30+00:00,0.0,0.0,0.0,0.0
Oasis - John Williams,279.0,2.0,49.53,2025-09-27 23:45:30+00:00,0.0,0.0,0.0,0.0
Oasis - John Williams,279.0,2.0,49.53,2025-09-28 00:00:30+00:00,0.0,0.0,0.0,0.0
Oasis - John Williams,279.0,2.0,49.53,2025-09-28 00:15:30+00:00,0.0,0.0,0.0,0.0
Oasis - John Williams,279.0,2.0,49.53,2025-09-28 00:30:30+00:00,0.0,0.0,0.0,0.0
Oasis - John Williams,279.0,2.0,49.53,2025-09-28 00:45:30+00:00,0.0,0.0,0.0,0.0
Oasis - John Williams,279.0,2.0,49.53,2025-09-28 01:00:30+00:00,0.0,0.0,0.0,0.0
Oasis - John Williams,279.0,2.0,49.53,2025-09-28 01:15:30+00:00,0.0,0.0,0.0,0.0
Oasis - John Williams,279.0,2.0,49.53,2025-09-28 01:30:30+00:00,0.0,0.0,0.0,0.0
Oasis - John Williams,279.0,2.0,49.53,2025-09-28 01:45:30+00:00,0.0,0.0,0.0,0.0
Oasis - John Williams,279.0,2.0,49.53,2025-09-28 02:00:30+00:00,0.0,0.0,0.0,0.0
Oasis - John Williams,279.0,2.0,49.53,2025-09-28 02:15:30+00:00,0.0,0.0,0.0,0.0
Oasis - John Williams,279.0,2.0,49.53,2025-09-28 02:30:30+00:00,0.0,0.0,0.0,0.0
Oasis - John Williams,279.0,2.0,49.53,2025-09-28 02:45:30+00:00,0.0,0.0,0.0,0.0
Oasis - John Williams,279.0,2.0,49.53,2025-09-28 03:00:30+00:00,0.0,0.0,0.0,0.0
Oasis - John Williams,279.0,2.0,49.53,2025-09-28 03:15:30+00:00,0.0,0.0,0.0,0.0
Oasis - John Williams,279.0,2.0,49.53,2025-09-28 03:30:30+00:00,0.0,0.0,0.0,0.0
Oasis - John Williams,279.0,2.0,49.53,2025-09-28 03:45:30+00:00,0.0,0.0,0.0,0.0
Oasis - John Williams,279.0,2.0,49.53,2025-09-28 04:00:30+00:00,0.0,0.0,0.0,0.0
Oasis - John Williams,279.0,2.0,49.53,2025-09-28 04:15:30+00:00,0.0,0.0,0.0,0.0
Oasis - John Williams,279.0,2.0,49.53,2025-09-28 04:30:30+00:00,0.0,0.0,0.0,0.0
Oasis - John Williams,279.0,2.0,49.53,2025-09-28 04:45:30+00:00,0.0,0.0,0.0,0.0
Oasis - John Williams,279.0,2.0,49.53,2025-09-28 05:00:30+00:00,0.0,0.0,0.0,0.0
Oasis - John Williams,279.0,2.0,49.53,2025-09-28 05:15:30+00:00,0.0,0.0,0.0,0.0
Oasis - John Williams,279.0,2.0,49.53,2025-09-28 05:30:30+00:00,0.0,0.0,0.0,0.0
Oasis - John Williams,279.0,2.0,49.53,2025-09-28 05:45:30+00:00,0.0,0.0,0.0,0.0
Oasis - John Williams,279.0,2.0,49.53,2025-09-28 06:00:30+00:00,0.001,0.00075,0.0015,0.001
Oasis - John Williams,279.0,2.0,49.53,2025-09-28 06:15:30+00:00,0.003,0.00225,0.00425,0.003
Oasis - John Williams,279.0,2.0,49.53,2025-09-28 06:30:30+00:00,0.007,0.0045,0.01025,0.00775
Oasis - John Williams,279.0,2.0,49.53,2025-09-28 06:45:30+00:00,0.0125,0.0085,0.01775,0.01425
Oasis - John Williams,279.0,2.0,49.53,2025-09-28 07:00:30+00:00,0.02,0.01325,0.02575,0.02225
Oasis - John Williams,279.0,2.0,49.53,2025-09-28 07:15:30+00:00,0.0265,0.01925,0.035,0.029
Oasis - John Williams,279.0,2.0,49.53,2025-09-28 07:30:30+00:00,0.035,0.0235,0.0425,0.03775
Oasis - John Williams,279.0,2.0,49.53,2025-09-28 07:45:30+00:00,0.03825,0.028,0.05,0.0405
Oasis - John Williams,279.0,2.0,49.53,2025-09-28 08:00:30+00:00,0.0435,0.0305,0.057,0.04575
Oasis - John Williams,279.0,2.0,49.53,2025-09-28 08:15:30+00:00,0.04925,0.03725,0.06875,0.05125
Oasis - John Williams,279.0,2.0,49.53,2025-09-28 08:30:30+00:00,0.06525,0.04425,0.0825,0.0685
Oasis - John Williams,279.0,2.0,49.53,2025-09-28 08:45:30+00:00,0.0755,0.056,0.09375,0.0795
Oasis - John Williams,279.0,2.0,49.53,2025-09-28 09:00:30+00:00,0.08425,0.06725,0.102,0.08825
Oasis - John Williams,279.0,2.0,49.53,2025-09-28 09:15:30+00:00,0.094,0.07975,0.109,0.098
Oasis - John Williams,279.0,2.0,49.53,2025-09-28 09:30:30+00:00,0.1045,0.09025,0.1175,0.10875
Oasis - John Williams,279.0,2.0,49.53,2025-09-28 09:45:30+00:00,0.113,0.10075,0.12425,0.11725
Oasis - John Williams,279.0,2.0,49.53,2025-09-28 10:00:30+00:00,0.12025,0.11075,0.129,0.12425
Oasis - John Williams,279.0,2.0,49.53,2025-09-28 10:15:30+00:00,0.12625,0.11875,0.133,0.13
Oasis - John Williams,279.0,2.0,49.53,2025-09-28 10:30:30+00:00,0.13125,0.12375,0.1375,0.1345
Oasis - John Williams,279.0,2.0,49.53,2025-09-28 10:45:30+00:00,0.1345,0.12625,0.1425,0.1375
Oasis - John Williams,279.0,2.0,49.53,2025-09-28 11:00:30+00:00,0.13725,0.12725,0.1465,0.13975
Oasis - John Williams,279.0,2.0,49.53,2025-09-28 11:15:30+00:00,0.13875,0.12725,0.14875,0.14075
Oasis - John Williams,279.0,2.0,49.53,2025-09-28 11:30:30+00:00,0.13825,0.12475,0.152,0.1395
Oasis - John Williams,279.0,2.0,49.53,2025-09-28 11:45:30+00:00,0.13825,0.12525,0.151,0.139
Oasis - John Williams,279.0,2.0,49.53,2025-09-28 12:00:30+00:00,0.138,0.12375,0.151,0.1385
Oasis - John Williams,279.0,2.0,49.53,2025-09-28 12:15:30+00:00,0.13575,0.11825,0.15425,0.13575
Oasis - John Williams,279.0,2.0,49.53,2025-09-28 12:30:30+00:00,0.135,0.1065,0.1595,0.1345
Oasis - John Williams,279.0,2.0,49.53,2025-09-28 12:45:30+00:00,0.12825,0.0895,0.157,0.1275
Oasis - John Williams,279.0,2.0,49.53,2025-09-28 13:00:30+00:00,0.10575,0.07825,0.1435,0.105
Oasis - John Williams,279.0,2.0,49.53,2025-09-28 13:15:30+00:00,0.09825,0.07275,0.1305,0.0975
Oasis - John Williams,279.0,2.0,49.53,2025-09-28 13:30:30+00:00,0.10075,0.074,0.12825,0.0995
Oasis - John Williams,279.0,2.0,49.53,2025-09-28 13:45:30+00:00,0.10425,0.07825,0.129,0.10275
Oasis - John Williams,279.0,2.0,49.53,2025-09-28 14:00:30+00:00,0.106,0.0825,0.129,0.10375
Oasis - John Williams,279.0,2.0,49.53,2025-09-28 14:15:30+00:00,0.10675,0.08575,0.12275,0.104
Oasis - John Williams,279.0,2.0,49.53,2025-09-28 14:30:30+00:00,0.0995,0.0865,0.115,0.0965
Oasis - John Williams,279.0,2.0,49.53,2025-09-28 14:45:30+00:00,0.09575,0.084,0.1075,0.09225
Oasis - John Williams,279.0,2.0,49.53,2025-09-28 15:00:30+00:00,0.09175,0.081,0.1005,0.08775
Oasis - John Williams,279.0,2.0,49.53,2025-09-28 15:15:30+00:00,0.08475,0.0755,0.09325,0.0805
Oasis - John Williams,279.0,2.0,49.53,2025-09-28 15:30:30+00:00,0.0765,0.06825,0.0845,0.07225
Oasis - John Williams,279.0,2.0,49.53,2025-09-28 15:45:30+00:00,0.06775,0.05925,0.076,0.0635
Oasis - John Williams,279.0,2.0,49.53,2025-09-28 16:00:30+00:00,0.0585,0.0495,0.06625,0.05425
Oasis - John Williams,279.0,2.0,49.53,2025-09-28 16:15:30+00:00,0.049,0.0395,0.05575,0.045
Oasis - John Williams,279.0,2.0,49.53,2025-09-28 16:30:30+00:00,0.03875,0.03025,0.04525,0.035
Oasis - John Williams,279.0,2.0,49.53,2025-09-28 16:45:30+00:00,0.029,0.022,0.0345,0.026
Oasis - John Williams,279.0,2.0,49.53,2025-09-28 17:00:30+00:00,0.0205,0.0145,0.02425,0.01775
Oasis - John Williams,279.0,2.0,49.53,2025-09-28 17:15:30+00:00,0.01175,0.00825,0.014,0.00975
Oasis - John Williams,279.0,2.0,49.53,2025-09-28 17:30:30+00:00,0.0035,0.00325,0.00425,0.00325
Oasis - John Williams,279.0,2.0,49.53,2025-09-28 17:45:30+00:00,0.0005,0.00025,0.0005,0.0005
Oasis - John Williams,279.0,2.0,49.53,2025-09-28 18:00:30+00:00,0.0,0.0,0.0,0.0
Oasis - John Williams,279.0,2.0,49.53,2025-09-28 18:15:30+00:00,0.0,0.0,0.0,0.0
Oasis - John Williams,279.0,2.0,49.53,2025-09-28 18:30:30+00:00,0.0,0.0,0.0,0.0
Oasis - John Williams,279.0,2.0,49.53,2025-09-28 18:45:30+00:00,0.0,0.0,0.0,0.0
Oasis - John Williams,279.0,2.0,49.53,2025-09-28 19:00:30+00:00,0.0,0.0,0.0,0.0
Oasis - John Williams,279.0,2.0,49.53,2025-09-28 19:15:30+00:00,0.0,0.0,0.0,0.0
Oasis - John Williams,279.0,2.0,49.53,2025-09-28 19:30:30+00:00,0.0,0.0,0.0,0.0
Oasis - John Williams,279.0,2.0,49.53,2025-09-28 19:45:30+00:00,0.0,0.0,0.0,0.0
Oasis - John Williams,279.0,2.0,49.53,2025-09-28 20:00:30+00:00,0.0,0.0,0.0,0.0
Oasis - John Williams,279.0,2.0,49.53,2025-09-28 20:15:30+00:00,0.0,0.0,0.0,0.0
Oasis - John Williams,279.0,2.0,49.53,2025-09-28 20:30:30+00:00,0.0,0.0,0.0,0.0
Oasis - John Williams,279.0,2.0,49.53,2025-09-28 20:45:30+00:00,0.0,0.0,0.0,0.0
Oasis - John Williams,279.0,2.0,49.53,2025-09-28 21:00:30+00:00,0.0,0.0,0.0,0.0
Oasis - John Williams,279.0,2.0,49.53,2025-09-28 21:15:30+00:00,0.0,0.0,0.0,0.0
Oasis - John Williams,279.0,2.0,49.53,2025-09-28 21:30:30+00:00,0.0,0.0,0.0,0.0
Oasis - John Williams,279.0,2.0,49.53,2025-09-28 21:45:30+00:00,0.0,0.0,0.0,0.0
Oasis - John Williams,279.0,2.0,49.53,2025-09-28 22:00:30+00:00,0.0,0.0,0.0,0.0
Oasis - John Williams,279.0,2.0,49.53,2025-09-28 22:15:30+00:00,0.0,0.0,0.0,0.0
Oasis - John Williams,279.0,2.0,49.53,2025-09-28 22:30:30+00:00,0.0,0.0,0.0,0.0
Oasis - John Williams,279.0,2.0,49.53,2025-09-28 22:45:30+00:00,0.0,0.0,0.0,0.0
Oasis - John Williams,279.0,2.0,49.53,2025-09-28 23:00:30+00:00,0.0,0.0,0.0,0.0
Oasis - John Williams,279.0,2.0,49.53,2025-09-28 23:15:30+00:00,0.0,0.0,0.0,0.0
Oasis - John Williams,279.0,2.0,49.53,2025-09-28 23:30:30+00:00,0.0,0.0,0.0,0.0
Oasis - John Williams,279.0,2.0,49.53,2025-09-28 23:45:30+00:00,0.0,0.0,0.0,0.0
Oasis - John Williams,279.0,2.0,49.53,2025-09-29 00:00:30+00:00,0.0,0.0,0.0,0.0
Oasis - John Williams,279.0,2.0,49.53,2025-09-29 00:15:30+00:00,0.0,0.0,0.0,0.0
Oasis - John Williams,279.0,2.0,49.53,2025-09-29 00:30:30+00:00,0.0,0.0,0.0,0.0
Oasis - John Williams,279.0,2.0,49.53,2025-09-29 00:45:30+00:00,0.0,0.0,0.0,0.0
Oasis - John Williams,279.0,2.0,49.53,2025-09-29 01:00:30+00:00,0.0,0.0,0.0,0.0
Oasis - John Williams,279.0,2.0,49.53,2025-09-29 01:15:30+00:00,0.0,0.0,0.0,0.0
Oasis - John Williams,279.0,2.0,49.53,2025-09-29 01:30:30+00:00,0.0,0.0,0.0,0.0
Oasis - John Williams,279.0,2.0,49.53,2025-09-29 01:45:30+00:00,0.0,0.0,0.0,0.0
Oasis - John Williams,279.0,2.0,49.53,2025-09-29 02:00:30+00:00,0.0,0.0,0.0,0.0
Oasis - John Williams,279.0,2.0,49.53,2025-09-29 02:15:30+00:00,0.0,0.0,0.0,0.0
Oasis - John Williams,279.0,2.0,49.53,2025-09-29 02:30:30+00:00,0.0,0.0,0.0,0.0
Oasis - John Williams,279.0,2.0,49.53,2025-09-29 02:45:30+00:00,0.0,0.0,0.0,0.0
Oasis - John Williams,279.0,2.0,49.53,2025-09-29 03:00:30+00:00,0.0,0.0,0.0,0.0
Oasis - John Williams,279.0,2.0,49.53,2025-09-29 03:15:30+00:00,0.0,0.0,0.0,0.0
Oasis - John Williams,279.0,2.0,49.53,2025-09-29 03:30:30+00:00,0.0,0.0,0.0,0.0
Oasis - John Williams,279.0,2.0,49.53,2025-09-29 03:45:30+00:00,0.0,0.0,0.0,0.0
Oasis - John Williams,279.0,2.0,49.53,2025-09-29 04:00:30+00:00,0.0,0.0,0.0,0.0
Oasis - John Williams,279.0,2.0,49.53,2025-09-29 04:15:30+00:00,0.0,0.0,0.0,0.0
Oasis - John Williams,279.0,2.0,49.53,2025-09-29 04:30:30+00:00,0.0,0.0,0.0,0.0
Oasis - John Williams,279.0,2.0,49.53,2025-09-29 04:45:30+00:00,0.0,0.0,0.0,0.0
Oasis - John Williams,279.0,2.0,49.53,2025-09-29 05:00:30+00:00,0.0,0.0,0.0,0.0
Oasis - John Williams,279.0,2.0,49.53,2025-09-29 05:15:30+00:00,0.0,0.0,0.0,0.0
Oasis - John Williams,279.0,2.0,49.53,2025-09-29 05:30:30+00:00,0.0,0.0,0.0,0.0
Oasis - John Williams,279.0,2.0,49.53,2025-09-29 05:45:30+00:00,0.0,0.0,0.0,0.0
Oasis - John Williams,279.0,2.0,49.53,2025-09-29 06:00:30+00:00,0.0,0.0,0.0,0.0
Oasis - John Williams,279.0,2.0,49.53,2025-09-29 06:15:30+00:00,0.003,0.0025,0.00375,0.003
Oasis - John Williams,279.0,2.0,49.53,2025-09-29 06:30:30+00:00,0.00675,0.005,0.00825,0.0085
Oasis - John Williams,279.0,2.0,49.53,2025-09-29 06:45:30+00:00,0.0135,0.0095,0.016,0.01625
Oasis - John Williams,279.0,2.0,49.53,2025-09-29 07:00:30+00:00,0.02075,0.0155,0.02475,0.024
Oasis - John Williams,279.0,2.0,49.53,2025-09-29 07:15:30+00:00,0.02875,0.0225,0.0345,0.0325
Oasis - John Williams,279.0,2.0,49.53,2025-09-29 07:30:30+00:00,0.03825,0.0305,0.044,0.0425
Oasis - John Williams,279.0,2.0,49.53,2025-09-29 07:45:30+00:00,0.0475,0.0395,0.05375,0.05225
Oasis - John Williams,279.0,2.0,49.53,2025-09-29 08:00:30+00:00,0.0565,0.049,0.06375,0.0615
Oasis - John Williams,279.0,2.0,49.53,2025-09-29 08:15:30+00:00,0.06525,0.05825,0.07175,0.07
Oasis - John Williams,279.0,2.0,49.53,2025-09-29 08:30:30+00:00,0.07325,0.067,0.079,0.078
Oasis - John Williams,279.0,2.0,49.53,2025-09-29 08:45:30+00:00,0.08075,0.07525,0.08625,0.0855
Oasis - John Williams,279.0,2.0,49.53,2025-09-29 09:00:30+00:00,0.088,0.0835,0.09375,0.09275
Oasis - John Williams,279.0,2.0,49.53,2025-09-29 09:15:30+00:00,0.097,0.0905,0.10125,0.1015
Oasis - John Williams,279.0,2.0,49.53,2025-09-29 09:30:30+00:00,0.103,0.0975,0.109,0.10725
Oasis - John Williams,279.0,2.0,49.53,2025-09-29 09:45:30+00:00,0.11,0.10375,0.116,0.11425
Oasis - John Williams,279.0,2.0,49.53,2025-09-29 10:00:30+00:00,0.11675,0.11025,0.12225,0.12075
Oasis - John Williams,279.0,2.0,49.53,2025-09-29 10:15:30+00:00,0.12225,0.11625,0.128,0.12575
Oasis - John Williams,279.0,2.0,49.53,2025-09-29 10:30:30+00:00,0.127,0.12075,0.133,0.13025
Oasis - John Williams,279.0,2.0,49.53,2025-09-29 10:45:30+00:00,0.1315,0.121,0.14125,0.13425
Oasis - John Williams,279.0,2.0,49.53,2025-09-29 11:00:30+00:00,0.1345,0.11825,0.14925,0.137
Oasis - John Williams,279.0,2.0,49.53,2025-09-29 11:15:30+00:00,0.13525,0.11175,0.15225,0.13725
Oasis - John Williams,279.0,2.0,49.53,2025-09-29 11:30:30+00:00,0.126,0.10625,0.151,0.127
Oasis - John Williams,279.0,2.0,49.53,2025-09-29 11:45:30+00:00,0.124,0.104,0.14625,0.12475
Oasis - John Williams,279.0,2.0,49.53,2025-09-29 12:00:30+00:00,0.125,0.108,0.14125,0.12525
Oasis - John Williams,279.0,2.0,49.53,2025-09-29 12:15:30+00:00,0.125,0.11275,0.135,0.125
Oasis - John Williams,279.0,2.0,49.53,2025-09-29 12:30:30+00:00,0.1215,0.11475,0.13075,0.12125
Oasis - John Williams,279.0,2.0,49.53,2025-09-29 12:45:30+00:00,0.12175,0.1125,0.12875,0.12125
Oasis - John Williams,279.0,2.0,49.53,2025-09-29 13:00:30+00:00,0.1185,0.11,0.126,0.1175
Oasis - John Williams,279.0,2.0,49.53,2025-09-29 13:15:30+00:00,0.1135,0.10325,0.12625,0.1125
Oasis - John Williams,279.0,2.0,49.53,2025-09-29 13:30:30+00:00,0.112,0.09625,0.12625,0.1105
Oasis - John Williams,279.0,2.0,49.53,2025-09-29 13:45:30+00:00,0.1075,0.07775,0.1285,0.10575
Oasis - John Williams,279.0,2.0,49.53,2025-09-29 14:00:30+00:00,0.089,0.06,0.12725,0.08775
Oasis - John Williams,279.0,2.0,49.53,2025-09-29 14:15:30+00:00,0.0845,0.0385,0.11775,0.083
Oasis - John Williams,279.0,2.0,49.53,2025-09-29 14:30:30+00:00,0.05975,0.027,0.102,0.059
Oasis - John Williams,279.0,2.0,49.53,2025-09-29 14:45:30+00:00,0.049,0.021,0.078,0.0485
Oasis - John Williams,279.0,2.0,49.53,2025-09-29 15:00:30+00:00,0.0395,0.0205,0.06275,0.03925
Oasis - John Williams,279.0,2.0,49.53,2025-09-29 15:15:30+00:00,0.03625,0.0215,0.0495,0.036
Oasis - John Williams,279.0,2.0,49.53,2025-09-29 15:30:30+00:00,0.0305,0.01825,0.04275,0.03025
Oasis - John Williams,279.0,2.0,49.53,2025-09-29 15:45:30+00:00,0.02425,0.0135,0.03575,0.02425
Oasis - John Williams,279.0,2.0,49.53,2025-09-29 16:00:30+00:00,0.019,0.0105,0.031,0.019
Oasis - John Williams,279.0,2.0,49.53,2025-09-29 16:15:30+00:00,0.019,0.00725,0.02725,0.01875
Oasis - John Williams,279.0,2.0,49.53,2025-09-29 16:30:30+00:00,0.0135,0.0045,0.024,0.0135
Oasis - John Williams,279.0,2.0,49.53,2025-09-29 16:45:30+00:00,0.01025,0.00225,0.02,0.01025
Oasis - John Williams,279.0,2.0,49.53,2025-09-29 17:00:30+00:00,0.00975,0.002,0.0155,0.0095
Oasis - John Williams,279.0,2.0,49.53,2025-09-29 17:15:30+00:00,0.00575,0.00175,0.0095,0.0055
Oasis - John Williams,279.0,2.0,49.53,2025-09-29 17:30:30+00:00,0.0015,0.001,0.003,0.0015
Oasis - John Williams,279.0,2.0,49.53,2025-09-29 17:45:30+00:00,0.0,0.0,0.0,0.0
Oasis - John Williams,279.0,2.0,49.53,2025-09-29 18:00:30+00:00,0.0,0.0,0.0,0.0
Oasis - John Williams,279.0,2.0,49.53,2025-09-29 18:15:30+00:00,0.0,0.0,0.0,0.0
Oasis - John Williams,279.0,2.0,49.53,2025-09-29 18:30:30+00:00,0.0,0.0,0.0,0.0
Oasis - John Williams,279.0,2.0,49.53,2025-09-29 18:45:30+00:00,0.0,0.0,0.0,0.0
Oasis - John Williams,279.0,2.0,49.53,2025-09-29 19:00:30+00:00,0.0,0.0,0.0,0.0
Oasis - John Williams,279.0,2.0,49.53,2025-09-29 19:15:30+00:00,0.0,0.0,0.0,0.0
Oasis - John Williams,279.0,2.0,49.53,2025-09-29 19:30:30+00:00,0.0,0.0,0.0,0.0
Oasis - John Williams,279.0,2.0,49.53,2025-09-29 19:45:30+00:00,0.0,0.0,0.0,0.0
Oasis - John Williams,279.0,2.0,49.53,2025-09-29 20:00:30+00:00,0.0,0.0,0.0,0.0
Oasis - John Williams,279.0,2.0,49.53,2025-09-29 20:15:30+00:00,0.0,0.0,0.0,0.0
Oasis - John Williams,279.0,2.0,49.53,2025-09-29 20:30:30+00:00,0.0,0.0,0.0,0.0
Oasis - John Williams,279.0,2.0,49.53,2025-09-29 20:45:30+00:00,0.0,0.0,0.0,0.0
Oasis - John Williams,279.0,2.0,49.53,2025-09-29 21:00:30+00:00,0.0,0.0,0.0,0.0
Oasis - John Williams,279.0,2.0,49.53,2025-09-29 21:15:30+00:00,0.0,0.0,0.0,0.0
Oasis - John Williams,279.0,2.0,49.53,2025-09-29 21:30:30+00:00,0.0,0.0,0.0,0.0
Oasis - John Williams,279.0,2.0,49.53,2025-09-29 21:45:30+00:00,0.0,0.0,0.0,0.0
Oasis - John Williams,279.0,2.0,49.53,2025-09-29 22:00:30+00:00,0.0,0.0,0.0,0.0
Oasis - John Williams,279.0,2.0,49.53,2025-09-29 22:15:30+00:00,0.0,0.0,0.0,0.0
Oasis - John Williams,279.0,2.0,49.53,2025-09-29 22:30:30+00:00,0.0,0.0,0.0,0.0
Oasis - John Williams,279.0,2.0,49.53,2025-09-29 22:45:30+00:00,0.0,0.0,0.0,0.0
Oasis - John Williams,279.0,2.0,49.53,2025-09-29 23:00:30+00:00,0.0,0.0,0.0,0.0
Oasis - John Williams,279.0,2.0,49.53,2025-09-29 23:15:30+00:00,0.0,0.0,0.0,0.0
Oasis - John Williams,279.0,2.0,49.53,2025-09-29 23:30:30+00:00,0.0,0.0,0.0,0.0
Oasis - John Williams,279.0,2.0,49.53,2025-09-29 23:45:30+00:00,0.0,0.0,0.0,0.0
Oasis - John Williams,279.0,2.0,49.53,2025-09-30 00:00:30+00:00,0.0,0.0,0.0,0.0
Oasis - John Williams,279.0,2.0,49.53,2025-09-30 00:15:30+00:00,0.0,0.0,0.0,0.0
Oasis - John Williams,279.0,2.0,49.53,2025-09-30 00:30:30+00:00,0.0,0.0,0.0,0.0
Oasis - John Williams,279.0,2.0,49.53,2025-09-30 00:45:30+00:00,0.0,0.0,0.0,0.0
Oasis - John Williams,279.0,2.0,49.53,2025-09-30 01:00:30+00:00,0.0,0.0,0.0,0.0
Oasis - John Williams,279.0,2.0,49.53,2025-09-30 01:15:30+00:00,0.0,0.0,0.0,0.0
Oasis - John Williams,279.0,2.0,49.53,2025-09-30 01:30:30+00:00,0.0,0.0,0.0,0.0
Oasis - John Williams,279.0,2.0,49.53,2025-09-30 01:45:30+00:00,0.0,0.0,0.0,0.0
Oasis - John Williams,279.0,2.0,49.53,2025-09-30 02:00:30+00:00,0.0,0.0,0.0,0.0
Oasis - John Williams,279.0,2.0,49.53,2025-09-30 02:15:30+00:00,0.0,0.0,0.0,0.0
Oasis - John Williams,279.0,2.0,49.53,2025-09-30 02:30:30+00:00,0.0,0.0,0.0,0.0
Oasis - John Williams,279.0,2.0,49.53,2025-09-30 02:45:30+00:00,0.0,0.0,0.0,0.0
Oasis - John Williams,279.0,2.0,49.53,2025-09-30 03:00:30+00:00,0.0,0.0,0.0,0.0
Oasis - John Williams,279.0,2.0,49.53,2025-09-30 03:15:30+00:00,0.0,0.0,0.0,0.0
Oasis - John Williams,279.0,2.0,49.53,2025-09-30 03:30:30+00:00,0.0,0.0,0.0,0.0
Oasis - John Williams,279.0,2.0,49.53,2025-09-30 03:45:30+00:00,0.0,0.0,0.0,0.0
Oasis - John Williams,279.0,2.0,49.53,2025-09-30 04:00:30+00:00,0.0,0.0,0.0,0.0
Oasis - John Williams,279.0,2.0,49.53,2025-09-30 04:15:30+00:00,0.0,0.0,0.0,0.0
Oasis - John Williams,279.0,2.0,49.53,2025-09-30 04:30:30+00:00,0.0,0.0,0.0,0.0
Oasis - John Williams,279.0,2.0,49.53,2025-09-30 04:45:30+00:00,0.0,0.0,0.0,0.0
Oasis - John Williams,279.0,2.0,49.53,2025-09-30 05:00:30+00:00,0.0,0.0,0.0,0.0
Oasis - John Williams,279.0,2.0,49.53,2025-09-30 05:15:30+00:00,0.0,0.0,0.0,0.0
Oasis - John Williams,279.0,2.0,49.53,2025-09-30 05:30:30+00:00,0.0,0.0,0.0,0.0
Oasis - John Williams,279.0,2.0,49.53,2025-09-30 05:45:30+00:00,0.0,0.0,0.0,0.0
Oasis - John Williams,279.0,2.0,49.53,2025-09-30 06:00:30+00:00,0.0,0.0,0.0,0.0
Oasis - John Williams,279.0,2.0,49.53,2025-09-30 06:15:30+00:00,0.0025,0.00225,0.003,0.0025
Oasis - John Williams,279.0,2.0,49.53,2025-09-30 06:30:30+00:00,0.00625,0.0045,0.0075,0.0075
Oasis - John Williams,279.0,2.0,49.53,2025-09-30 06:45:30+00:00,0.01275,0.009,0.01475,0.01525
Oasis - John Williams,279.0,2.0,49.53,2025-09-30 07:00:30+00:00,0.02,0.014,0.0235,0.02325
Oasis - John Williams,279.0,2.0,49.53,2025-09-30 07:15:30+00:00,0.02725,0.019,0.033,0.0305
Oasis - John Williams,279.0,2.0,49.53,2025-09-30 07:30:30+00:00,0.0335,0.0235,0.04275,0.03675
Oasis - John Williams,279.0,2.0,49.53,2025-09-30 07:45:30+00:00,0.03875,0.02875,0.0495,0.04175
Oasis - John Williams,279.0,2.0,49.53,2025-09-30 08:00:30+00:00,0.0445,0.03575,0.05475,0.04725
Oasis - John Williams,279.0,2.0,49.53,2025-09-30 08:15:30+00:00,0.052,0.04125,0.06125,0.05475
Oasis - John Williams,279.0,2.0,49.53,2025-09-30 08:30:30+00:00,0.0575,0.04575,0.0715,0.06
Oasis - John Williams,279.0,2.0,49.53,2025-09-30 08:45:30+00:00,0.066,0.05075,0.08525,0.06875
Oasis - John Williams,279.0,2.0,49.53,2025-09-30 09:00:30+00:00,0.08025,0.06,0.0995,0.08375
Oasis - John Williams,279.0,2.0,49.53,2025-09-30 09:15:30+00:00,0.09275,0.0735,0.10725,0.09675
Oasis - John Williams,279.0,2.0,49.53,2025-09-30 09:30:30+00:00,0.10075,0.08775,0.11275,0.105
Oasis - John Williams,279.0,2.0,49.53,2025-09-30 09:45:30+00:00,0.107,0.098,0.1155,0.111
Oasis - John Williams,279.0,2.0,49.53,2025-09-30 10:00:30+00:00,0.112,0.10175,0.12175,0.11575
Oasis - John Williams,279.0,2.0,49.53,2025-09-30 10:15:30+00:00,0.11625,0.1,0.13075,0.1195
Oasis - John Williams,279.0,2.0,49.53,2025-09-30 10:30:30+00:00,0.11775,0.09475,0.13775,0.1205
Oasis - John Williams,279.0,2.0,49.53,2025-09-30 10:45:30+00:00,0.11475,0.09,0.13925,0.11675
Oasis - John Williams,279.0,2.0,49.53,2025-09-30 11:00:30+00:00,0.11075,0.0875,0.13425,0.11225
Oasis - John Williams,279.0,2.0,49.53,2025-09-30 11:15:30+00:00,0.10675,0.0895,0.1315,0.108
Oasis - John Williams,279.0,2.0,49.53,2025-09-30 11:30:30+00:00,0.1135,0.0925,0.1345,0.1145
Oasis - John Williams,279.0,2.0,49.53,2025-09-30 11:45:30+00:00,0.12,0.0995,0.13925,0.12075
Oasis - John Williams,279.0,2.0,49.53,2025-09-30 12:00:30+00:00,0.12475,0.10425,0.1405,0.12525
Oasis - John Williams,279.0,2.0,49.53,2025-09-30 12:15:30+00:00,0.122,0.10575,0.1385,0.122
Oasis - John Williams,279.0,2.0,49.53,2025-09-30 12:30:30+00:00,0.119,0.10425,0.141,0.11875
Oasis - John Williams,279.0,2.0,49.53,2025-09-30 12:45:30+00:00,0.127,0.10475,0.146,0.12625
Oasis - John Williams,279.0,2.0,49.53,2025-09-30 13:00:30+00:00,0.12975,0.11075,0.14625,0.12875
Oasis - John Williams,279.0,2.0,49.53,2025-09-30 13:15:30+00:00,0.1285,0.1145,0.14025,0.12675
Oasis - John Williams,279.0,2.0,49.53,2025-09-30 13:30:30+00:00,0.1235,0.116,0.1315,0.1215
Oasis - John Williams,279.0,2.0,49.53,2025-09-30 13:45:30+00:00,0.11925,0.1135,0.125,0.117
Oasis - John Williams,279.0,2.0,49.53,2025-09-30 14:00:30+00:00,0.1145,0.10275,0.125,0.11175
Oasis - John Williams,279.0,2.0,49.53,2025-09-30 14:15:30+00:00,0.10775,0.08425,0.12275,0.10475
Oasis - John Williams,279.0,2.0,49.53,2025-09-30 14:30:30+00:00,0.1025,0.0605,0.11525,0.0995
Oasis - John Williams,279.0,2.0,49.53,2025-09-30 14:45:30+00:00,0.07875,0.03625,0.1065,0.0765
Oasis - John Williams,279.0,2.0,49.53,2025-09-30 15:00:30+00:00,0.05125,0.025,0.092,0.0505
Oasis - John Williams,279.0,2.0,49.53,2025-09-30 15:15:30+00:00,0.046,0.025,0.0725,0.04525
Oasis - John Williams,279.0,2.0,49.53,2025-09-30 15:30:30+00:00,0.04875,0.02975,0.06025,0.0475
Oasis - John Williams,279.0,2.0,49.53,2025-09-30 15:45:30+00:00,0.03925,0.028,0.053,0.03825
Oasis - John Williams,279.0,2.0,49.53,2025-09-30 16:00:30+00:00,0.03325,0.02175,0.047,0.03225
Oasis - John Williams,279.0,2.0,49.53,2025-09-30 16:15:30+00:00,0.031,0.019,0.04325,0.0295
Oasis - John Williams,279.0,2.0,49.53,2025-09-30 16:30:30+00:00,0.029,0.01675,0.037,0.02675
Oasis - John Williams,279.0,2.0,49.53,2025-09-30 16:45:30+00:00,0.02,0.01275,0.02825,0.01825
Oasis - John Williams,279.0,2.0,49.53,2025-09-30 17:00:30+00:00,0.0125,0.00775,0.018,0.0115
Oasis - John Williams,279.0,2.0,49.53,2025-09-30 17:15:30+00:00,0.006,0.00375,0.009,0.00575
Oasis - John Williams,279.0,2.0,49.53,2025-09-30 17:30:30+00:00,0.00125,0.00075,0.002,0.00125
Oasis - John Williams,279.0,2.0,49.53,2025-09-30 17:45:30+00:00,0.0,0.0,0.0,0.0
Oasis - John Williams,279.0,2.0,49.53,2025-09-30 18:00:30+00:00,0.0,0.0,0.0,0.0
Oasis - John Williams,279.0,2.0,49.53,2025-09-30 18:15:30+00:00,0.0,0.0,0.0,0.0
Oasis - John Williams,279.0,2.0,49.53,2025-09-30 18:30:30+00:00,0.0,0.0,0.0,0.0
Oasis - John Williams,279.0,2.0,49.53,2025-09-30 18:45:30+00:00,0.0,0.0,0.0,0.0
Oasis - John Williams,279.0,2.0,49.53,2025-09-30 19:00:30+00:00,0.0,0.0,0.0,0.0
Oasis - John Williams,279.0,2.0,49.53,2025-09-30 19:15:30+00:00,0.0,0.0,0.0,0.0
Oasis - John Williams,279.0,2.0,49.53,2025-09-30 19:30:30+00:00,0.0,0.0,0.0,0.0
Oasis - John Williams,279.0,2.0,49.53,2025-09-30 19:45:30+00:00,0.0,0.0,0.0,0.0
Oasis - John Williams,279.0,2.0,49.53,2025-09-30 20:00:30+00:00,0.0,0.0,0.0,0.0
Oasis - John Williams,279.0,2.0,49.53,2025-09-30 20:15:30+00:00,0.0,0.0,0.0,0.0
Oasis - John Williams,279.0,2.0,49.53,2025-09-30 20:30:30+00:00,0.0,0.0,0.0,0.0
Oasis - John Williams,279.0,2.0,49.53,2025-09-30 20:45:30+00:00,0.0,0.0,0.0,0.0
Oasis - John Williams,279.0,2.0,49.53,2025-09-30 21:00:30+00:00,0.0,0.0,0.0,0.0
Oasis - John Williams,279.0,2.0,49.53,2025-09-30 21:15:30+00:00,0.0,0.0,0.0,0.0
Oasis - John Williams,279.0,2.0,49.53,2025-09-30 21:30:30+00:00,0.0,0.0,0.0,0.0
Oasis - John Williams,279.0,2.0,49.53,2025-09-30 21:45:30+00:00,0.0,0.0,0.0,0.0
Oasis - John Williams,279.0,2.0,49.53,2025-09-30 22:00:30+00:00,0.0,0.0,0.0,0.0
Oasis - John Williams,279.0,2.0,49.53,2025-09-30 22:15:30+00:00,0.0,0.0,0.0,0.0
Oasis - John Williams,279.0,2.0,49.53,2025-09-30 22:30:30+00:00,0.0,0.0,0.0,0.0
Oasis - John Williams,279.0,2.0,49.53,2025-09-30 22:45:30+00:00,0.0,0.0,0.0,0.0
Oasis - John Williams,279.0,2.0,49.53,2025-09-30 23:00:30+00:00,0.0,0.0,0.0,0.0
Oasis - John Williams,279.0,2.0,49.53,2025-09-30 23:15:30+00:00,0.0,0.0,0.0,0.0
Oasis - John Williams,279.0,2.0,49.53,2025-09-30 23:30:30+00:00,0.0,0.0,0.0,0.0
Oasis - John Williams,279.0,2.0,49.53,2025-09-30 23:45:30+00:00,0.0,0.0,0.0,0.0
Oasis - John Williams,99.0,2.0,103.74,2025-09-01 00:00:30+00:00,0.0,0.0,0.0,0.0
Oasis - John Williams,99.0,2.0,103.74,2025-09-01 00:15:30+00:00,0.0,0.0,0.0,0.0
Oasis - John Williams,99.0,2.0,103.74,2025-09-01 00:30:30+00:00,0.0,0.0,0.0,0.0
Oasis - John Williams,99.0,2.0,103.74,2025-09-01 00:45:30+00:00,0.0,0.0,0.0,0.0
Oasis - John Williams,99.0,2.0,103.74,2025-09-01 01:00:30+00:00,0.0,0.0,0.0,0.0
Oasis - John Williams,99.0,2.0,103.74,2025-09-01 01:15:30+00:00,0.0,0.0,0.0,0.0
Oasis - John Williams,99.0,2.0,103.74,2025-09-01 01:30:30+00:00,0.0,0.0,0.0,0.0
Oasis - John Williams,99.0,2.0,103.74,2025-09-01 01:45:30+00:00,0.0,0.0,0.0,0.0
Oasis - John Williams,99.0,2.0,103.74,2025-09-01 02:00:30+00:00,0.0,0.0,0.0,0.0
Oasis - John Williams,99.0,2.0,103.74,2025-09-01 02:15:30+00:00,0.0,0.0,0.0,0.0
Oasis - John Williams,99.0,2.0,103.74,2025-09-01 02:30:30+00:00,0.0,0.0,0.0,0.0
Oasis - John Williams,99.0,2.0,103.74,2025-09-01 02:45:30+00:00,0.0,0.0,0.0,0.0
Oasis - John Williams,99.0,2.0,103.74,2025-09-01 03:00:30+00:00,0.0,0.0,0.0,0.0
Oasis - John Williams,99.0,2.0,103.74,2025-09-01 03:15:30+00:00,0.0,0.0,0.0,0.0
Oasis - John Williams,99.0,2.0,103.74,2025-09-01 03:30:30+00:00,0.0,0.0,0.0,0.0
Oasis - John Williams,99.0,2.0,103.74,2025-09-01 03:45:30+00:00,0.0,0.0,0.0,0.0
Oasis - John Williams,99.0,2.0,103.74,2025-09-01 04:00:30+00:00,0.0,0.0,0.0,0.0
Oasis - John Williams,99.0,2.0,103.74,2025-09-01 04:15:30+00:00,0.0,0.0,0.0,0.0
Oasis - John Williams,99.0,2.0,103.74,2025-09-01 04:30:30+00:00,0.0,0.0,0.0,0.0
Oasis - John Williams,99.0,2.0,103.74,2025-09-01 04:45:30+00:00,0.0,0.0,0.0,0.0
Oasis - John Williams,99.0,2.0,103.74,2025-09-01 05:00:30+00:00,0.0,0.0,0.0,0.0
Oasis - John Williams,99.0,2.0,103.74,2025-09-01 05:15:30+00:00,0.0,0.0,0.0,0.0
Oasis - John Williams,99.0,2.0,103.74,2025-09-01 05:30:30+00:00,0.00175,0.00125,0.00325,0.00175
Oasis - John Williams,99.0,2.0,103.74,2025-09-01 05:45:30+00:00,0.00575,0.00325,0.00925,0.0055
Oasis - John Williams,99.0,2.0,103.74,2025-09-01 06:00:30+00:00,0.0115,0.0055,0.01725,0.01075
Oasis - John Williams,99.0,2.0,103.74,2025-09-01 06:15:30+00:00,0.016,0.0075,0.02525,0.0155
Oasis - John Williams,99.0,2.0,103.74,2025-09-01 06:30:30+00:00,0.022,0.00575,0.033,0.021
Oasis - John Williams,99.0,2.0,103.74,2025-09-01 06:45:30+00:00,0.01925,0.007,0.045,0.019
Oasis - John Williams,99.0,2.0,103.74,2025-09-01 07:00:30+00:00,0.03825,0.011,0.0625,0.03625
Oasis - John Williams,99.0,2.0,103.74,2025-09-01 07:15:30+00:00,0.05275,0.027,0.0745,0.04975
Oasis - John Williams,99.0,2.0,103.74,2025-09-01 07:30:30+00:00,0.06675,0.04275,0.08625,0.063
Oasis - John Williams,99.0,2.0,103.74,2025-09-01 07:45:30+00:00,0.076,0.0525,0.09525,0.07175
Oasis - John Williams,99.0,2.0,103.74,2025-09-01 08:00:30+00:00,0.0775,0.0505,0.1015,0.07425
Oasis - John Williams,99.0,2.0,103.74,2025-09-01 08:15:30+00:00,0.07425,0.04325,0.1035,0.072
Oasis - John Williams,99.0,2.0,103.74,2025-09-01 08:30:30+00:00,0.06825,0.0475,0.11075,0.067
Oasis - John Williams,99.0,2.0,103.74,2025-09-01 08:45:30+00:00,0.09625,0.05675,0.128,0.093
Oasis - John Williams,99.0,2.0,103.74,2025-09-01 09:00:30+00:00,0.11125,0.057,0.1425,0.10775
Oasis - John Williams,99.0,2.0,103.74,2025-09-01 09:15:30+00:00,0.0905,0.04475,0.144,0.0885
Oasis - John Williams,99.0,2.0,103.74,2025-09-01 09:30:30+00:00,0.08125,0.031,0.1335,0.08025
Oasis - John Williams,99.0,2.0,103.74,2025-09-01 09:45:30+00:00,0.075,0.042,0.14175,0.07425
Oasis - John Williams,99.0,2.0,103.74,2025-09-01 10:00:30+00:00,0.12,0.059,0.1565,0.11775
Oasis - John Williams,99.0,2.0,103.74,2025-09-01 10:15:30+00:00,0.1265,0.084,0.16525,0.12425
Oasis - John Williams,99.0,2.0,103.74,2025-09-01 10:30:30+00:00,0.126,0.094,0.15825,0.12425
Oasis - John Williams,99.0,2.0,103.74,2025-09-01 10:45:30+00:00,0.12575,0.1055,0.15975,0.12425
Oasis - John Williams,99.0,2.0,103.74,2025-09-01 11:00:30+00:00,0.14625,0.09675,0.178,0.1445
Oasis - John Williams,99.0,2.0,103.74,2025-09-01 11:15:30+00:00,0.13875,0.0905,0.1975,0.13725
Oasis - John Williams,99.0,2.0,103.74,2025-09-01 11:30:30+00:00,0.16175,0.06225,0.1995,0.16
Oasis - John Williams,99.0,2.0,103.74,2025-09-01 11:45:30+00:00,0.10375,0.04075,0.19625,0.10325
Oasis - John Williams,99.0,2.0,103.74,2025-09-01 12:00:30+00:00,0.0895,0.0305,0.1705,0.0895
Oasis - John Williams,99.0,2.0,103.74,2025-09-01 12:15:30+00:00,0.1075,0.04125,0.16575,0.10725
Oasis - John Williams,99.0,2.0,103.74,2025-09-01 12:30:30+00:00,0.11225,0.06675,0.17075,0.1125
Oasis - John Williams,99.0,2.0,103.74,2025-09-01 12:45:30+00:00,0.1355,0.05925,0.168,0.13575
Oasis - John Williams,99.0,2.0,103.74,2025-09-01 13:00:30+00:00,0.09225,0.0525,0.1695,0.0925
Oasis - John Williams,99.0,2.0,103.74,2025-09-01 13:15:30+00:00,0.1045,0.0485,0.17775,0.105
Oasis - John Williams,99.0,2.0,103.74,2025-09-01 13:30:30+00:00,0.14125,0.06925,0.18375,0.1425
Oasis - John Williams,99.0,2.0,103.74,2025-09-01 13:45:30+00:00,0.143,0.08925,0.17825,0.14475
Oasis - John Williams,99.0,2.0,103.74,2025-09-01 14:00:30+00:00,0.1385,0.07975,0.172,0.14075
Oasis - John Williams,99.0,2.0,103.74,2025-09-01 14:15:30+00:00,0.1185,0.058,0.16525,0.1205
Oasis - John Williams,99.0,2.0,103.74,2025-09-01 14:30:30+00:00,0.0955,0.028,0.15575,0.097
Oasis - John Williams,99.0,2.0,103.74,2025-09-01 14:45:30+00:00,0.06075,0.01925,0.13725,0.0615
Oasis - John Williams,99.0,2.0,103.74,2025-09-01 15:00:30+00:00,0.07675,0.021,0.1295,0.07825
Oasis - John Williams,99.0,2.0,103.74,2025-09-01 15:15:30+00:00,0.08725,0.03625,0.13225,0.0895
Oasis - John Williams,99.0,2.0,103.74,2025-09-01 15:30:30+00:00,0.09375,0.051,0.122,0.09675
Oasis - John Williams,99.0,2.0,103.74,2025-09-01 15:45:30+00:00,0.08825,0.05975,0.112,0.09175
Oasis - John Williams,99.0,2.0,103.74,2025-09-01 16:00:30+00:00,0.0845,0.05675,0.10125,0.08875
Oasis - John Williams,99.0,2.0,103.74,2025-09-01 16:15:30+00:00,0.069,0.044,0.0915,0.07225
Oasis - John Williams,99.0,2.0,103.74,2025-09-01 16:30:30+00:00,0.05,0.036,0.08075,0.052
Oasis - John Williams,99.0,2.0,103.74,2025-09-01 16:45:30+00:00,0.05425,0.03075,0.06975,0.05775
Oasis - John Williams,99.0,2.0,103.74,2025-09-01 17:00:30+00:00,0.05,0.032,0.05825,0.0545
Oasis - John Williams,99.0,2.0,103.74,2025-09-01 17:15:30+00:00,0.041,0.02925,0.0475,0.04525
Oasis - John Williams,99.0,2.0,103.74,2025-09-01 17:30:30+00:00,0.033,0.025,0.037,0.0375
Oasis - John Williams,99.0,2.0,103.74,2025-09-01 17:45:30+00:00,0.02425,0.0185,0.02725,0.028
Oasis - John Williams,99.0,2.0,103.74,2025-09-01 18:00:30+00:00,0.01625,0.012,0.01775,0.0195
Oasis - John Williams,99.0,2.0,103.74,2025-09-01 18:15:30+00:00,0.0085,0.00625,0.0095,0.01125
Oasis - John Williams,99.0,2.0,103.74,2025-09-01 18:30:30+00:00,0.0035,0.00325,0.004,0.00425
Oasis - John Williams,99.0,2.0,103.74,2025-09-01 18:45:30+00:00,0.00075,0.0005,0.00075,0.00075
Oasis - John Williams,99.0,2.0,103.74,2025-09-01 19:00:30+00:00,0.0,0.0,0.0,0.0
Oasis - John Williams,99.0,2.0,103.74,2025-09-01 19:15:30+00:00,0.0,0.0,0.0,0.0
Oasis - John Williams,99.0,2.0,103.74,2025-09-01 19:30:30+00:00,0.0,0.0,0.0,0.0
Oasis - John Williams,99.0,2.0,103.74,2025-09-01 19:45:30+00:00,0.0,0.0,0.0,0.0
Oasis - John Williams,99.0,2.0,103.74,2025-09-01 20:00:30+00:00,0.0,0.0,0.0,0.0
Oasis - John Williams,99.0,2.0,103.74,2025-09-01 20:15:30+00:00,0.0,0.0,0.0,0.0
Oasis - John Williams,99.0,2.0,103.74,2025-09-01 20:30:30+00:00,0.0,0.0,0.0,0.0
Oasis - John Williams,99.0,2.0,103.74,2025-09-01 20:45:30+00:00,0.0,0.0,0.0,0.0
Oasis - John Williams,99.0,2.0,103.74,2025-09-01 21:00:30+00:00,0.0,0.0,0.0,0.0
Oasis - John Williams,99.0,2.0,103.74,2025-09-01 21:15:30+00:00,0.0,0.0,0.0,0.0
Oasis - John Williams,99.0,2.0,103.74,2025-09-01 21:30:30+00:00,0.0,0.0,0.0,0.0
Oasis - John Williams,99.0,2.0,103.74,2025-09-01 21:45:30+00:00,0.0,0.0,0.0,0.0
Oasis - John Williams,99.0,2.0,103.74,2025-09-01 22:00:30+00:00,0.0,0.0,0.0,0.0
Oasis - John Williams,99.0,2.0,103.74,2025-09-01 22:15:30+00:00,0.0,0.0,0.0,0.0
Oasis - John Williams,99.0,2.0,103.74,2025-09-01 22:30:30+00:00,0.0,0.0,0.0,0.0
Oasis - John Williams,99.0,2.0,103.74,2025-09-01 22:45:30+00:00,0.0,0.0,0.0,0.0
Oasis - John Williams,99.0,2.0,103.74,2025-09-01 23:00:30+00:00,0.0,0.0,0.0,0.0
Oasis - John Williams,99.0,2.0,103.74,2025-09-01 23:15:30+00:00,0.0,0.0,0.0,0.0
Oasis - John Williams,99.0,2.0,103.74,2025-09-01 23:30:30+00:00,0.0,0.0,0.0,0.0
Oasis - John Williams,99.0,2.0,103.74,2025-09-01 23:45:30+00:00,0.0,0.0,0.0,0.0
Oasis - John Williams,99.0,2.0,103.74,2025-09-02 00:00:30+00:00,0.0,0.0,0.0,0.0
Oasis - John Williams,99.0,2.0,103.74,2025-09-02 00:15:30+00:00,0.0,0.0,0.0,0.0
Oasis - John Williams,99.0,2.0,103.74,2025-09-02 00:30:30+00:00,0.0,0.0,0.0,0.0
Oasis - John Williams,99.0,2.0,103.74,2025-09-02 00:45:30+00:00,0.0,0.0,0.0,0.0
Oasis - John Williams,99.0,2.0,103.74,2025-09-02 01:00:30+00:00,0.0,0.0,0.0,0.0
Oasis - John Williams,99.0,2.0,103.74,2025-09-02 01:15:30+00:00,0.0,0.0,0.0,0.0
Oasis - John Williams,99.0,2.0,103.74,2025-09-02 01:30:30+00:00,0.0,0.0,0.0,0.0
Oasis - John Williams,99.0,2.0,103.74,2025-09-02 01:45:30+00:00,0.0,0.0,0.0,0.0
Oasis - John Williams,99.0,2.0,103.74,2025-09-02 02:00:30+00:00,0.0,0.0,0.0,0.0
Oasis - John Williams,99.0,2.0,103.74,2025-09-02 02:15:30+00:00,0.0,0.0,0.0,0.0
Oasis - John Williams,99.0,2.0,103.74,2025-09-02 02:30:30+00:00,0.0,0.0,0.0,0.0
Oasis - John Williams,99.0,2.0,103.74,2025-09-02 02:45:30+00:00,0.0,0.0,0.0,0.0
Oasis - John Williams,99.0,2.0,103.74,2025-09-02 03:00:30+00:00,0.0,0.0,0.0,0.0
Oasis - John Williams,99.0,2.0,103.74,2025-09-02 03:15:30+00:00,0.0,0.0,0.0,0.0
Oasis - John Williams,99.0,2.0,103.74,2025-09-02 03:30:30+00:00,0.0,0.0,0.0,0.0
Oasis - John Williams,99.0,2.0,103.74,2025-09-02 03:45:30+00:00,0.0,0.0,0.0,0.0
Oasis - John Williams,99.0,2.0,103.74,2025-09-02 04:00:30+00:00,0.0,0.0,0.0,0.0
Oasis - John Williams,99.0,2.0,103.74,2025-09-02 04:15:30+00:00,0.0,0.0,0.0,0.0
Oasis - John Williams,99.0,2.0,103.74,2025-09-02 04:30:30+00:00,0.0,0.0,0.0,0.0
Oasis - John Williams,99.0,2.0,103.74,2025-09-02 04:45:30+00:00,0.0,0.0,0.0,0.0
Oasis - John Williams,99.0,2.0,103.74,2025-09-02 05:00:30+00:00,0.0,0.0,0.0,0.0
Oasis - John Williams,99.0,2.0,103.74,2025-09-02 05:15:30+00:00,0.0,0.0,0.0,0.0
Oasis - John Williams,99.0,2.0,103.74,2025-09-02 05:30:30+00:00,0.001,0.0005,0.0025,0.001
Oasis - John Williams,99.0,2.0,103.74,2025-09-02 05:45:30+00:00,0.0035,0.001,0.00675,0.0035
Oasis - John Williams,99.0,2.0,103.74,2025-09-02 06:00:30+00:00,0.00725,0.00325,0.013,0.00725
Oasis - John Williams,99.0,2.0,103.74,2025-09-02 06:15:30+00:00,0.01375,0.00675,0.0205,0.01325
Oasis - John Williams,99.0,2.0,103.74,2025-09-02 06:30:30+00:00,0.0195,0.01025,0.02875,0.019
Oasis - John Williams,99.0,2.0,103.74,2025-09-02 06:45:30+00:00,0.02525,0.011,0.0355,0.0245
Oasis - John Williams,99.0,2.0,103.74,2025-09-02 07:00:30+00:00,0.0245,0.0095,0.04,0.024
Oasis - John Williams,99.0,2.0,103.74,2025-09-02 07:15:30+00:00,0.02475,0.00725,0.042,0.0245
Oasis - John Williams,99.0,2.0,103.74,2025-09-02 07:30:30+00:00,0.02475,0.012,0.0515,0.02475
Oasis - John Williams,99.0,2.0,103.74,2025-09-02 07:45:30+00:00,0.0465,0.0135,0.06325,0.04525
Oasis - John Williams,99.0,2.0,103.74,2025-09-02 08:00:30+00:00,0.04225,0.00975,0.071,0.04175
Oasis - John Williams,99.0,2.0,103.74,2025-09-02 08:15:30+00:00,0.032,0.008,0.0665,0.032
Oasis - John Williams,99.0,2.0,103.74,2025-09-02 08:30:30+00:00,0.0265,0.00875,0.057,0.0265
Oasis - John Williams,99.0,2.0,103.74,2025-09-02 08:45:30+00:00,0.0265,0.0095,0.0555,0.0265
Oasis - John Williams,99.0,2.0,103.74,2025-09-02 09:00:30+00:00,0.03075,0.01025,0.06625,0.03075
Oasis - John Williams,99.0,2.0,103.74,2025-09-02 09:15:30+00:00,0.028,0.01075,0.0925,0.02825
Oasis - John Williams,99.0,2.0,103.74,2025-09-02 09:30:30+00:00,0.0615,0.01225,0.12525,0.061
Oasis - John Williams,99.0,2.0,103.74,2025-09-02 09:45:30+00:00,0.094,0.02675,0.14075,0.0925
Oasis - John Williams,99.0,2.0,103.74,2025-09-02 10:00:30+00:00,0.09425,0.03775,0.1365,0.093
Oasis - John Williams,99.0,2.0,103.74,2025-09-02 10:15:30+00:00,0.072,0.0375,0.11775,0.0715
Oasis - John Williams,99.0,2.0,103.74,2025-09-02 10:30:30+00:00,0.0665,0.03025,0.11675,0.0665
Oasis - John Williams,99.0,2.0,103.74,2025-09-02 10:45:30+00:00,0.082,0.03425,0.127,0.0815
Oasis - John Williams,99.0,2.0,103.74,2025-09-02 11:00:30+00:00,0.09225,0.0355,0.15875,0.09175
Oasis - John Williams,99.0,2.0,103.74,2025-09-02 11:15:30+00:00,0.1165,0.02325,0.1695,0.1155
Oasis - John Williams,99.0,2.0,103.74,2025-09-02 11:30:30+00:00,0.07525,0.015,0.16175,0.075
Oasis - John Williams,99.0,2.0,103.74,2025-09-02 11:45:30+00:00,0.03425,0.01425,0.13475,0.0345
Oasis - John Williams,99.0,2.0,103.74,2025-09-02 12:00:30+00:00,0.03725,0.01425,0.13575,0.03725
Oasis - John Williams,99.0,2.0,103.74,2025-09-02 12:15:30+00:00,0.08125,0.01625,0.159,0.08125
Oasis - John Williams,99.0,2.0,103.74,2025-09-02 12:30:30+00:00,0.11125,0.0245,0.1715,0.11125
Oasis - John Williams,99.0,2.0,103.74,2025-09-02 12:45:30+00:00,0.1005,0.03325,0.163,0.10075
Oasis - John Williams,99.0,2.0,103.74,2025-09-02 13:00:30+00:00,0.082,0.02525,0.134,0.08225
Oasis - John Williams,99.0,2.0,103.74,2025-09-02 13:15:30+00:00,0.05575,0.019,0.11,0.056
Oasis - John Williams,99.0,2.0,103.74,2025-09-02 13:30:30+00:00,0.05475,0.02375,0.08875,0.055
Oasis - John Williams,99.0,2.0,103.74,2025-09-02 13:45:30+00:00,0.05775,0.0355,0.0805,0.058
Oasis - John Williams,99.0,2.0,103.74,2025-09-02 14:00:30+00:00,0.06075,0.0345,0.079,0.061
Oasis - John Williams,99.0,2.0,103.74,2025-09-02 14:15:30+00:00,0.0515,0.02725,0.079,0.052
Oasis - John Williams,99.0,2.0,103.74,2025-09-02 14:30:30+00:00,0.04675,0.02425,0.08625,0.047
Oasis - John Williams,99.0,2.0,103.74,2025-09-02 14:45:30+00:00,0.0665,0.02275,0.08475,0.06725
Oasis - John Williams,99.0,2.0,103.74,2025-09-02 15:00:30+00:00,0.048,0.01075,0.08875,0.0485
Oasis - John Williams,99.0,2.0,103.74,2025-09-02 15:15:30+00:00,0.0345,0.00975,0.086,0.0345
Oasis - John Williams,99.0,2.0,103.74,2025-09-02 15:30:30+00:00,0.0355,0.009,0.09975,0.03575
Oasis - John Williams,99.0,2.0,103.74,2025-09-02 15:45:30+00:00,0.0695,0.01375,0.10925,0.07175
Oasis - John Williams,99.0,2.0,103.74,2025-09-02 16:00:30+00:00,0.07675,0.0205,0.09925,0.07975
Oasis - John Williams,99.0,2.0,103.74,2025-09-02 16:15:30+00:00,0.04725,0.013,0.0905,0.04875
Oasis - John Williams,99.0,2.0,103.74,2025-09-02 16:30:30+00:00,0.03425,0.00675,0.0695,0.03475
Oasis - John Williams,99.0,2.0,103.74,2025-09-02 16:45:30+00:00,0.025,0.00525,0.055,0.025
Oasis - John Williams,99.0,2.0,103.74,2025-09-02 17:00:30+00:00,0.01725,0.0045,0.04325,0.01725
Oasis - John Williams,99.0,2.0,103.74,2025-09-02 17:15:30+00:00,0.0115,0.00375,0.042,0.0115
Oasis - John Williams,99.0,2.0,103.74,2025-09-02 17:30:30+00:00,0.02425,0.00475,0.0325,0.02625
Oasis - John Williams,99.0,2.0,103.74,2025-09-02 17:45:30+00:00,0.00975,0.002,0.02775,0.01025
Oasis - John Williams,99.0,2.0,103.74,2025-09-02 18:00:30+00:00,0.00875,0.00175,0.01675,0.0095
Oasis - John Williams,99.0,2.0,103.74,2025-09-02 18:15:30+00:00,0.00625,0.00125,0.01025,0.0065
Oasis - John Williams,99.0,2.0,103.74,2025-09-02 18:30:30+00:00,0.002,0.001,0.0035,0.002
Oasis - John Williams,99.0,2.0,103.74,2025-09-02 18:45:30+00:00,0.00025,0.00025,0.0005,0.00025
Oasis - John Williams,99.0,2.0,103.74,2025-09-02 19:00:30+00:00,0.0,0.0,0.0,0.0
Oasis - John Williams,99.0,2.0,103.74,2025-09-02 19:15:30+00:00,0.0,0.0,0.0,0.0
Oasis - John Williams,99.0,2.0,103.74,2025-09-02 19:30:30+00:00,0.0,0.0,0.0,0.0
Oasis - John Williams,99.0,2.0,103.74,2025-09-02 19:45:30+00:00,0.0,0.0,0.0,0.0
Oasis - John Williams,99.0,2.0,103.74,2025-09-02 20:00:30+00:00,0.0,0.0,0.0,0.0
Oasis - John Williams,99.0,2.0,103.74,2025-09-02 20:15:30+00:00,0.0,0.0,0.0,0.0
Oasis - John Williams,99.0,2.0,103.74,2025-09-02 20:30:30+00:00,0.0,0.0,0.0,0.0
Oasis - John Williams,99.0,2.0,103.74,2025-09-02 20:45:30+00:00,0.0,0.0,0.0,0.0
Oasis - John Williams,99.0,2.0,103.74,2025-09-02 21:00:30+00:00,0.0,0.0,0.0,0.0
Oasis - John Williams,99.0,2.0,103.74,2025-09-02 21:15:30+00:00,0.0,0.0,0.0,0.0
Oasis - John Williams,99.0,2.0,103.74,2025-09-02 21:30:30+00:00,0.0,0.0,0.0,0.0
Oasis - John Williams,99.0,2.0,103.74,2025-09-02 21:45:30+00:00,0.0,0.0,0.0,0.0
Oasis - John Williams,99.0,2.0,103.74,2025-09-02 22:00:30+00:00,0.0,0.0,0.0,0.0
Oasis - John Williams,99.0,2.0,103.74,2025-09-02 22:15:30+00:00,0.0,0.0,0.0,0.0
Oasis - John Williams,99.0,2.0,103.74,2025-09-02 22:30:30+00:00,0.0,0.0,0.0,0.0
Oasis - John Williams,99.0,2.0,103.74,2025-09-02 22:45:30+00:00,0.0,0.0,0.0,0.0
Oasis - John Williams,99.0,2.0,103.74,2025-09-02 23:00:30+00:00,0.0,0.0,0.0,0.0
Oasis - John Williams,99.0,2.0,103.74,2025-09-02 23:15:30+00:00,0.0,0.0,0.0,0.0
Oasis - John Williams,99.0,2.0,103.74,2025-09-02 23:30:30+00:00,0.0,0.0,0.0,0.0
Oasis - John Williams,99.0,2.0,103.74,2025-09-02 23:45:30+00:00,0.0,0.0,0.0,0.0
Oasis - John Williams,99.0,2.0,103.74,2025-09-03 00:00:30+00:00,0.0,0.0,0.0,0.0
Oasis - John Williams,99.0,2.0,103.74,2025-09-03 00:15:30+00:00,0.0,0.0,0.0,0.0
Oasis - John Williams,99.0,2.0,103.74,2025-09-03 00:30:30+00:00,0.0,0.0,0.0,0.0
Oasis - John Williams,99.0,2.0,103.74,2025-09-03 00:45:30+00:00,0.0,0.0,0.0,0.0
Oasis - John Williams,99.0,2.0,103.74,2025-09-03 01:00:30+00:00,0.0,0.0,0.0,0.0
Oasis - John Williams,99.0,2.0,103.74,2025-09-03 01:15:30+00:00,0.0,0.0,0.0,0.0
Oasis - John Williams,99.0,2.0,103.74,2025-09-03 01:30:30+00:00,0.0,0.0,0.0,0.0
Oasis - John Williams,99.0,2.0,103.74,2025-09-03 01:45:30+00:00,0.0,0.0,0.0,0.0
Oasis - John Williams,99.0,2.0,103.74,2025-09-03 02:00:30+00:00,0.0,0.0,0.0,0.0
Oasis - John Williams,99.0,2.0,103.74,2025-09-03 02:15:30+00:00,0.0,0.0,0.0,0.0
Oasis - John Williams,99.0,2.0,103.74,2025-09-03 02:30:30+00:00,0.0,0.0,0.0,0.0
Oasis - John Williams,99.0,2.0,103.74,2025-09-03 02:45:30+00:00,0.0,0.0,0.0,0.0
Oasis - John Williams,99.0,2.0,103.74,2025-09-03 03:00:30+00:00,0.0,0.0,0.0,0.0
Oasis - John Williams,99.0,2.0,103.74,2025-09-03 03:15:30+00:00,0.0,0.0,0.0,0.0
Oasis - John Williams,99.0,2.0,103.74,2025-09-03 03:30:30+00:00,0.0,0.0,0.0,0.0
Oasis - John Williams,99.0,2.0,103.74,2025-09-03 03:45:30+00:00,0.0,0.0,0.0,0.0
Oasis - John Williams,99.0,2.0,103.74,2025-09-03 04:00:30+00:00,0.0,0.0,0.0,0.0
Oasis - John Williams,99.0,2.0,103.74,2025-09-03 04:15:30+00:00,0.0,0.0,0.0,0.0
Oasis - John Williams,99.0,2.0,103.74,2025-09-03 04:30:30+00:00,0.0,0.0,0.0,0.0
Oasis - John Williams,99.0,2.0,103.74,2025-09-03 04:45:30+00:00,0.0,0.0,0.0,0.0
Oasis - John Williams,99.0,2.0,103.74,2025-09-03 05:00:30+00:00,0.0,0.0,0.0,0.0
Oasis - John Williams,99.0,2.0,103.74,2025-09-03 05:15:30+00:00,0.0,0.0,0.0,0.0
Oasis - John Williams,99.0,2.0,103.74,2025-09-03 05:30:30+00:00,0.001,0.0005,0.00175,0.001
Oasis - John Williams,99.0,2.0,103.74,2025-09-03 05:45:30+00:00,0.00475,0.00125,0.008,0.00475
Oasis - John Williams,99.0,2.0,103.74,2025-09-03 06:00:30+00:00,0.01125,0.00225,0.0175,0.0105
Oasis - John Williams,99.0,2.0,103.74,2025-09-03 06:15:30+00:00,0.0095,0.002,0.0225,0.0095
Oasis - John Williams,99.0,2.0,103.74,2025-09-03 06:30:30+00:00,0.00725,0.00275,0.02325,0.00725
Oasis - John Williams,99.0,2.0,103.74,2025-09-03 06:45:30+00:00,0.00425,0.0035,0.017,0.00425
Oasis - John Williams,99.0,2.0,103.74,2025-09-03 07:00:30+00:00,0.02175,0.00425,0.04425,0.02125
Oasis - John Williams,99.0,2.0,103.74,2025-09-03 07:15:30+00:00,0.02875,0.00825,0.0695,0.02825
Oasis - John Williams,99.0,2.0,103.74,2025-09-03 07:30:30+00:00,0.071,0.01425,0.0835,0.06725
Oasis - John Williams,99.0,2.0,103.74,2025-09-03 07:45:30+00:00,0.04875,0.0265,0.09275,0.047
Oasis - John Williams,99.0,2.0,103.74,2025-09-03 08:00:30+00:00,0.076,0.02825,0.09875,0.07275
Oasis - John Williams,99.0,2.0,103.74,2025-09-03 08:15:30+00:00,0.06375,0.038,0.1035,0.062
Oasis - John Williams,99.0,2.0,103.74,2025-09-03 08:30:30+00:00,0.073,0.04475,0.101,0.071
Oasis - John Williams,99.0,2.0,103.74,2025-09-03 08:45:30+00:00,0.0815,0.039,0.10875,0.0795
Oasis - John Williams,99.0,2.0,103.74,2025-09-03 09:00:30+00:00,0.0665,0.03075,0.11925,0.0655
Oasis - John Williams,99.0,2.0,103.74,2025-09-03 09:15:30+00:00,0.07725,0.0155,0.1235,0.07625
Oasis - John Williams,99.0,2.0,103.74,2025-09-03 09:30:30+00:00,0.04925,0.0115,0.12125,0.049
Oasis - John Williams,99.0,2.0,103.74,2025-09-03 09:45:30+00:00,0.03475,0.012,0.096,0.03475
Oasis - John Williams,99.0,2.0,103.74,2025-09-03 10:00:30+00:00,0.0215,0.0125,0.073,0.0215
Oasis - John Williams,99.0,2.0,103.74,2025-09-03 10:15:30+00:00,0.016,0.01275,0.05325,0.016
Oasis - John Williams,99.0,2.0,103.74,2025-09-03 10:30:30+00:00,0.022,0.01325,0.05225,0.022
Oasis - John Williams,99.0,2.0,103.74,2025-09-03 10:45:30+00:00,0.035,0.0135,0.05425,0.035
Oasis - John Williams,99.0,2.0,103.74,2025-09-03 11:00:30+00:00,0.02375,0.01375,0.05475,0.02375
Oasis - John Williams,99.0,2.0,103.74,2025-09-03 11:15:30+00:00,0.02025,0.014,0.0475,0.0205
Oasis - John Williams,99.0,2.0,103.74,2025-09-03 11:30:30+00:00,0.01775,0.01425,0.065,0.01775
Oasis - John Williams,99.0,2.0,103.74,2025-09-03 11:45:30+00:00,0.0165,0.01425,0.066,0.0165
Oasis - John Williams,99.0,2.0,103.74,2025-09-03 12:00:30+00:00,0.02875,0.0145,0.11525,0.02875
Oasis - John Williams,99.0,2.0,103.74,2025-09-03 12:15:30+00:00,0.10275,0.0205,0.187,0.1025
Oasis - John Williams,99.0,2.0,103.74,2025-09-03 12:30:30+00:00,0.167,0.0615,0.19525,0.167
Oasis - John Williams,99.0,2.0,103.74,2025-09-03 12:45:30+00:00,0.16925,0.08525,0.19275,0.16975
Oasis - John Williams,99.0,2.0,103.74,2025-09-03 13:00:30+00:00,0.17075,0.088,0.1895,0.1715
Oasis - John Williams,99.0,2.0,103.74,2025-09-03 13:15:30+00:00,0.17125,0.06025,0.1855,0.1725
Oasis - John Williams,99.0,2.0,103.74,2025-09-03 13:30:30+00:00,0.08375,0.03625,0.181,0.08425
Oasis - John Williams,99.0,2.0,103.74,2025-09-03 13:45:30+00:00,0.092,0.02525,0.1685,0.09275
Oasis - John Williams,99.0,2.0,103.74,2025-09-03 14:00:30+00:00,0.11375,0.048,0.1675,0.11525
Oasis - John Williams,99.0,2.0,103.74,2025-09-03 14:15:30+00:00,0.1165,0.07625,0.15725,0.1185
Oasis - John Williams,99.0,2.0,103.74,2025-09-03 14:30:30+00:00,0.119,0.08625,0.1455,0.1215
Oasis - John Williams,99.0,2.0,103.74,2025-09-03 14:45:30+00:00,0.112,0.0885,0.1335,0.11475
Oasis - John Williams,99.0,2.0,103.74,2025-09-03 15:00:30+00:00,0.102,0.07325,0.12425,0.1045
Oasis - John Williams,99.0,2.0,103.74,2025-09-03 15:15:30+00:00,0.08225,0.0655,0.11975,0.08425
Oasis - John Williams,99.0,2.0,103.74,2025-09-03 15:30:30+00:00,0.09225,0.0565,0.119,0.0955
Oasis - John Williams,99.0,2.0,103.74,2025-09-03 15:45:30+00:00,0.09025,0.04775,0.10875,0.094
Oasis - John Williams,99.0,2.0,103.74,2025-09-03 16:00:30+00:00,0.06175,0.03075,0.09975,0.06375
Oasis - John Williams,99.0,2.0,103.74,2025-09-03 16:15:30+00:00,0.046,0.023,0.0895,0.04725
Oasis - John Williams,99.0,2.0,103.74,2025-09-03 16:30:30+00:00,0.058,0.024,0.07775,0.06125
Oasis - John Williams,99.0,2.0,103.74,2025-09-03 16:45:30+00:00,0.0565,0.0315,0.066,0.061
Oasis - John Williams,99.0,2.0,103.74,2025-09-03 17:00:30+00:00,0.04575,0.03,0.05525,0.04975
Oasis - John Williams,99.0,2.0,103.74,2025-09-03 17:15:30+00:00,0.034,0.0265,0.04575,0.037
Oasis - John Williams,99.0,2.0,103.74,2025-09-03 17:30:30+00:00,0.02775,0.01925,0.035,0.031
Oasis - John Williams,99.0,2.0,103.74,2025-09-03 17:45:30+00:00,0.021,0.01425,0.0245,0.0245
Oasis - John Williams,99.0,2.0,103.74,2025-09-03 18:00:30+00:00,0.0135,0.00925,0.0155,0.01675
Oasis - John Williams,99.0,2.0,103.74,2025-09-03 18:15:30+00:00,0.00675,0.00475,0.0075,0.00875
Oasis - John Williams,99.0,2.0,103.74,2025-09-03 18:30:30+00:00,0.00225,0.0015,0.0025,0.0025
Oasis - John Williams,99.0,2.0,103.74,2025-09-03 18:45:30+00:00,0.0,0.0,0.0,0.0
Oasis - John Williams,99.0,2.0,103.74,2025-09-03 19:00:30+00:00,0.0,0.0,0.0,0.0
Oasis - John Williams,99.0,2.0,103.74,2025-09-03 19:15:30+00:00,0.0,0.0,0.0,0.0
Oasis - John Williams,99.0,2.0,103.74,2025-09-03 19:30:30+00:00,0.0,0.0,0.0,0.0
Oasis - John Williams,99.0,2.0,103.74,2025-09-03 19:45:30+00:00,0.0,0.0,0.0,0.0
Oasis - John Williams,99.0,2.0,103.74,2025-09-03 20:00:30+00:00,0.0,0.0,0.0,0.0
Oasis - John Williams,99.0,2.0,103.74,2025-09-03 20:15:30+00:00,0.0,0.0,0.0,0.0
Oasis - John Williams,99.0,2.0,103.74,2025-09-03 20:30:30+00:00,0.0,0.0,0.0,0.0
Oasis - John Williams,99.0,2.0,103.74,2025-09-03 20:45:30+00:00,0.0,0.0,0.0,0.0
Oasis - John Williams,99.0,2.0,103.74,2025-09-03 21:00:30+00:00,0.0,0.0,0.0,0.0
Oasis - John Williams,99.0,2.0,103.74,2025-09-03 21:15:30+00:00,0.0,0.0,0.0,0.0
Oasis - John Williams,99.0,2.0,103.74,2025-09-03 21:30:30+00:00,0.0,0.0,0.0,0.0
Oasis - John Williams,99.0,2.0,103.74,2025-09-03 21:45:30+00:00,0.0,0.0,0.0,0.0
Oasis - John Williams,99.0,2.0,103.74,2025-09-03 22:00:30+00:00,0.0,0.0,0.0,0.0
Oasis - John Williams,99.0,2.0,103.74,2025-09-03 22:15:30+00:00,0.0,0.0,0.0,0.0
Oasis - John Williams,99.0,2.0,103.74,2025-09-03 22:30:30+00:00,0.0,0.0,0.0,0.0
Oasis - John Williams,99.0,2.0,103.74,2025-09-03 22:45:30+00:00,0.0,0.0,0.0,0.0
Oasis - John Williams,99.0,2.0,103.74,2025-09-03 23:00:30+00:00,0.0,0.0,0.0,0.0
Oasis - John Williams,99.0,2.0,103.74,2025-09-03 23:15:30+00:00,0.0,0.0,0.0,0.0
Oasis - John Williams,99.0,2.0,103.74,2025-09-03 23:30:30+00:00,0.0,0.0,0.0,0.0
Oasis - John Williams,99.0,2.0,103.74,2025-09-03 23:45:30+00:00,0.0,0.0,0.0,0.0
Oasis - John Williams,99.0,2.0,103.74,2025-09-04 00:00:30+00:00,0.0,0.0,0.0,0.0
Oasis - John Williams,99.0,2.0,103.74,2025-09-04 00:15:30+00:00,0.0,0.0,0.0,0.0
Oasis - John Williams,99.0,2.0,103.74,2025-09-04 00:30:30+00:00,0.0,0.0,0.0,0.0
Oasis - John Williams,99.0,2.0,103.74,2025-09-04 00:45:30+00:00,0.0,0.0,0.0,0.0
Oasis - John Williams,99.0,2.0,103.74,2025-09-04 01:00:30+00:00,0.0,0.0,0.0,0.0
Oasis - John Williams,99.0,2.0,103.74,2025-09-04 01:15:30+00:00,0.0,0.0,0.0,0.0
Oasis - John Williams,99.0,2.0,103.74,2025-09-04 01:30:30+00:00,0.0,0.0,0.0,0.0
Oasis - John Williams,99.0,2.0,103.74,2025-09-04 01:45:30+00:00,0.0,0.0,0.0,0.0
Oasis - John Williams,99.0,2.0,103.74,2025-09-04 02:00:30+00:00,0.0,0.0,0.0,0.0
Oasis - John Williams,99.0,2.0,103.74,2025-09-04 02:15:30+00:00,0.0,0.0,0.0,0.0
Oasis - John Williams,99.0,2.0,103.74,2025-09-04 02:30:30+00:00,0.0,0.0,0.0,0.0
Oasis - John Williams,99.0,2.0,103.74,2025-09-04 02:45:30+00:00,0.0,0.0,0.0,0.0
Oasis - John Williams,99.0,2.0,103.74,2025-09-04 03:00:30+00:00,0.0,0.0,0.0,0.0
Oasis - John Williams,99.0,2.0,103.74,2025-09-04 03:15:30+00:00,0.0,0.0,0.0,0.0
Oasis - John Williams,99.0,2.0,103.74,2025-09-04 03:30:30+00:00,0.0,0.0,0.0,0.0
Oasis - John Williams,99.0,2.0,103.74,2025-09-04 03:45:30+00:00,0.0,0.0,0.0,0.0
Oasis - John Williams,99.0,2.0,103.74,2025-09-04 04:00:30+00:00,0.0,0.0,0.0,0.0
Oasis - John Williams,99.0,2.0,103.74,2025-09-04 04:15:30+00:00,0.0,0.0,0.0,0.0
Oasis - John Williams,99.0,2.0,103.74,2025-09-04 04:30:30+00:00,0.0,0.0,0.0,0.0
Oasis - John Williams,99.0,2.0,103.74,2025-09-04 04:45:30+00:00,0.0,0.0,0.0,0.0
Oasis - John Williams,99.0,2.0,103.74,2025-09-04 05:00:30+00:00,0.0,0.0,0.0,0.0
Oasis - John Williams,99.0,2.0,103.74,2025-09-04 05:15:30+00:00,0.0,0.0,0.0,0.0
Oasis - John Williams,99.0,2.0,103.74,2025-09-04 05:30:30+00:00,0.00125,0.00075,0.0015,0.00125
Oasis - John Williams,99.0,2.0,103.74,2025-09-04 05:45:30+00:00,0.008,0.00475,0.009,0.0065
Oasis - John Williams,99.0,2.0,103.74,2025-09-04 06:00:30+00:00,0.0175,0.006,0.0185,0.015
Oasis - John Williams,99.0,2.0,103.74,2025-09-04 06:15:30+00:00,0.019,0.0045,0.02775,0.01725
Oasis - John Williams,99.0,2.0,103.74,2025-09-04 06:30:30+00:00,0.01875,0.00625,0.03725,0.018
Oasis - John Williams,99.0,2.0,103.74,2025-09-04 06:45:30+00:00,0.034,0.01225,0.0495,0.03175
Oasis - John Williams,99.0,2.0,103.74,2025-09-04 07:00:30+00:00,0.05,0.02775,0.06175,0.046
Oasis - John Williams,99.0,2.0,103.74,2025-09-04 07:15:30+00:00,0.0645,0.042,0.07325,0.05975
Oasis - John Williams,99.0,2.0,103.74,2025-09-04 07:30:30+00:00,0.068,0.057,0.0835,0.064
Oasis - John Williams,99.0,2.0,103.74,2025-09-04 07:45:30+00:00,0.08475,0.06925,0.09525,0.0795
Oasis - John Williams,99.0,2.0,103.74,2025-09-04 08:00:30+00:00,0.09775,0.07925,0.10675,0.09175
Oasis - John Williams,99.0,2.0,103.74,2025-09-04 08:15:30+00:00,0.1075,0.077,0.11725,0.10125
Oasis - John Williams,99.0,2.0,103.74,2025-09-04 08:30:30+00:00,0.118,0.06425,0.1265,0.11225
Oasis - John Williams,99.0,2.0,103.74,2025-09-04 08:45:30+00:00,0.103,0.04075,0.13475,0.0995
Oasis - John Williams,99.0,2.0,103.74,2025-09-04 09:00:30+00:00,0.07625,0.02675,0.14,0.07475
Oasis - John Williams,99.0,2.0,103.74,2025-09-04 09:15:30+00:00,0.07075,0.031,0.12075,0.07
Oasis - John Williams,99.0,2.0,103.74,2025-09-04 09:30:30+00:00,0.08025,0.0445,0.11,0.07925
Oasis - John Williams,99.0,2.0,103.74,2025-09-04 09:45:30+00:00,0.08,0.06275,0.11225,0.07925
Oasis - John Williams,99.0,2.0,103.74,2025-09-04 10:00:30+00:00,0.1025,0.06525,0.12125,0.101
Oasis - John Williams,99.0,2.0,103.74,2025-09-04 10:15:30+00:00,0.09575,0.06325,0.12975,0.0945
Oasis - John Williams,99.0,2.0,103.74,2025-09-04 10:30:30+00:00,0.09025,0.06325,0.14125,0.0895
Oasis - John Williams,99.0,2.0,103.74,2025-09-04 10:45:30+00:00,0.121,0.06925,0.1605,0.1195
Oasis - John Williams,99.0,2.0,103.74,2025-09-04 11:00:30+00:00,0.132,0.0815,0.1665,0.1305
Oasis - John Williams,99.0,2.0,103.74,2025-09-04 11:15:30+00:00,0.11825,0.09075,0.17375,0.1175
Oasis - John Williams,99.0,2.0,103.74,2025-09-04 11:30:30+00:00,0.14625,0.09475,0.16925,0.145
Oasis - John Williams,99.0,2.0,103.74,2025-09-04 11:45:30+00:00,0.1305,0.107,0.18025,0.12975
Oasis - John Williams,99.0,2.0,103.74,2025-09-04 12:00:30+00:00,0.154,0.0955,0.19775,0.15325
Oasis - John Williams,99.0,2.0,103.74,2025-09-04 12:15:30+00:00,0.1545,0.0875,0.197,0.154
Oasis - John Williams,99.0,2.0,103.74,2025-09-04 12:30:30+00:00,0.152,0.04325,0.19525,0.15225
Oasis - John Williams,99.0,2.0,103.74,2025-09-04 12:45:30+00:00,0.076,0.01525,0.18425,0.07625
Oasis - John Williams,99.0,2.0,103.74,2025-09-04 13:00:30+00:00,0.06775,0.014,0.16175,0.06775
Oasis - John Williams,99.0,2.0,103.74,2025-09-04 13:15:30+00:00,0.102,0.02025,0.156,0.10275
Oasis - John Williams,99.0,2.0,103.74,2025-09-04 13:30:30+00:00,0.078,0.0155,0.14325,0.0785
Oasis - John Williams,99.0,2.0,103.74,2025-09-04 13:45:30+00:00,0.037,0.013,0.1345,0.03725
Oasis - John Williams,99.0,2.0,103.74,2025-09-04 14:00:30+00:00,0.0675,0.0135,0.1435,0.068
Oasis - John Williams,99.0,2.0,103.74,2025-09-04 14:15:30+00:00,0.1,0.02375,0.154,0.1015
Oasis - John Williams,99.0,2.0,103.74,2025-09-04 14:30:30+00:00,0.09775,0.04525,0.145,0.0995
Oasis - John Williams,99.0,2.0,103.74,2025-09-04 14:45:30+00:00,0.087,0.055,0.13125,0.08875
Oasis - John Williams,99.0,2.0,103.74,2025-09-04 15:00:30+00:00,0.094,0.06,0.12625,0.0965
Oasis - John Williams,99.0,2.0,103.74,2025-09-04 15:15:30+00:00,0.09775,0.0665,0.127,0.10075
Oasis - John Williams,99.0,2.0,103.74,2025-09-04 15:30:30+00:00,0.09775,0.07225,0.117,0.1015
Oasis - John Williams,99.0,2.0,103.74,2025-09-04 15:45:30+00:00,0.08875,0.065,0.10775,0.09275
Oasis - John Williams,99.0,2.0,103.74,2025-09-04 16:00:30+00:00,0.074,0.0545,0.098,0.07725
Oasis - John Williams,99.0,2.0,103.74,2025-09-04 16:15:30+00:00,0.0735,0.033,0.08725,0.07725
Oasis - John Williams,99.0,2.0,103.74,2025-09-04 16:30:30+00:00,0.0425,0.0275,0.078,0.044
Oasis - John Williams,99.0,2.0,103.74,2025-09-04 16:45:30+00:00,0.0495,0.0155,0.064,0.0525
Oasis - John Williams,99.0,2.0,103.74,2025-09-04 17:00:30+00:00,0.028,0.01425,0.0555,0.0295
Oasis - John Williams,99.0,2.0,103.74,2025-09-04 17:15:30+00:00,0.02575,0.0105,0.0435,0.0275
Oasis - John Williams,99.0,2.0,103.74,2025-09-04 17:30:30+00:00,0.02625,0.01075,0.03425,0.029
Oasis - John Williams,99.0,2.0,103.74,2025-09-04 17:45:30+00:00,0.01975,0.01,0.024,0.0225
Oasis - John Williams,99.0,2.0,103.74,2025-09-04 18:00:30+00:00,0.01125,0.00675,0.0155,0.01275
Oasis - John Williams,99.0,2.0,103.74,2025-09-04 18:15:30+00:00,0.0055,0.0035,0.00825,0.006
Oasis - John Williams,99.0,2.0,103.74,2025-09-04 18:30:30+00:00,0.00125,0.00125,0.002,0.00125
Oasis - John Williams,99.0,2.0,103.74,2025-09-04 18:45:30+00:00,0.0,0.0,0.0,0.0
Oasis - John Williams,99.0,2.0,103.74,2025-09-04 19:00:30+00:00,0.0,0.0,0.0,0.0
Oasis - John Williams,99.0,2.0,103.74,2025-09-04 19:15:30+00:00,0.0,0.0,0.0,0.0
Oasis - John Williams,99.0,2.0,103.74,2025-09-04 19:30:30+00:00,0.0,0.0,0.0,0.0
Oasis - John Williams,99.0,2.0,103.74,2025-09-04 19:45:30+00:00,0.0,0.0,0.0,0.0
Oasis - John Williams,99.0,2.0,103.74,2025-09-04 20:00:30+00:00,0.0,0.0,0.0,0.0
Oasis - John Williams,99.0,2.0,103.74,2025-09-04 20:15:30+00:00,0.0,0.0,0.0,0.0
Oasis - John Williams,99.0,2.0,103.74,2025-09-04 20:30:30+00:00,0.0,0.0,0.0,0.0
Oasis - John Williams,99.0,2.0,103.74,2025-09-04 20:45:30+00:00,0.0,0.0,0.0,0.0
Oasis - John Williams,99.0,2.0,103.74,2025-09-04 21:00:30+00:00,0.0,0.0,0.0,0.0
Oasis - John Williams,99.0,2.0,103.74,2025-09-04 21:15:30+00:00,0.0,0.0,0.0,0.0
Oasis - John Williams,99.0,2.0,103.74,2025-09-04 21:30:30+00:00,0.0,0.0,0.0,0.0
Oasis - John Williams,99.0,2.0,103.74,2025-09-04 21:45:30+00:00,0.0,0.0,0.0,0.0
Oasis - John Williams,99.0,2.0,103.74,2025-09-04 22:00:30+00:00,0.0,0.0,0.0,0.0
Oasis - John Williams,99.0,2.0,103.74,2025-09-04 22:15:30+00:00,0.0,0.0,0.0,0.0
Oasis - John Williams,99.0,2.0,103.74,2025-09-04 22:30:30+00:00,0.0,0.0,0.0,0.0
Oasis - John Williams,99.0,2.0,103.74,2025-09-04 22:45:30+00:00,0.0,0.0,0.0,0.0
Oasis - John Williams,99.0,2.0,103.74,2025-09-04 23:00:30+00:00,0.0,0.0,0.0,0.0
Oasis - John Williams,99.0,2.0,103.74,2025-09-04 23:15:30+00:00,0.0,0.0,0.0,0.0
Oasis - John Williams,99.0,2.0,103.74,2025-09-04 23:30:30+00:00,0.0,0.0,0.0,0.0
Oasis - John Williams,99.0,2.0,103.74,2025-09-04 23:45:30+00:00,0.0,0.0,0.0,0.0
Oasis - John Williams,99.0,2.0,103.74,2025-09-05 00:00:30+00:00,0.0,0.0,0.0,0.0
Oasis - John Williams,99.0,2.0,103.74,2025-09-05 00:15:30+00:00,0.0,0.0,0.0,0.0
Oasis - John Williams,99.0,2.0,103.74,2025-09-05 00:30:30+00:00,0.0,0.0,0.0,0.0
Oasis - John Williams,99.0,2.0,103.74,2025-09-05 00:45:30+00:00,0.0,0.0,0.0,0.0
Oasis - John Williams,99.0,2.0,103.74,2025-09-05 01:00:30+00:00,0.0,0.0,0.0,0.0
Oasis - John Williams,99.0,2.0,103.74,2025-09-05 01:15:30+00:00,0.0,0.0,0.0,0.0
Oasis - John Williams,99.0,2.0,103.74,2025-09-05 01:30:30+00:00,0.0,0.0,0.0,0.0
Oasis - John Williams,99.0,2.0,103.74,2025-09-05 01:45:30+00:00,0.0,0.0,0.0,0.0
Oasis - John Williams,99.0,2.0,103.74,2025-09-05 02:00:30+00:00,0.0,0.0,0.0,0.0
Oasis - John Williams,99.0,2.0,103.74,2025-09-05 02:15:30+00:00,0.0,0.0,0.0,0.0
Oasis - John Williams,99.0,2.0,103.74,2025-09-05 02:30:30+00:00,0.0,0.0,0.0,0.0
Oasis - John Williams,99.0,2.0,103.74,2025-09-05 02:45:30+00:00,0.0,0.0,0.0,0.0
Oasis - John Williams,99.0,2.0,103.74,2025-09-05 03:00:30+00:00,0.0,0.0,0.0,0.0
Oasis - John Williams,99.0,2.0,103.74,2025-09-05 03:15:30+00:00,0.0,0.0,0.0,0.0
Oasis - John Williams,99.0,2.0,103.74,2025-09-05 03:30:30+00:00,0.0,0.0,0.0,0.0
Oasis - John Williams,99.0,2.0,103.74,2025-09-05 03:45:30+00:00,0.0,0.0,0.0,0.0
Oasis - John Williams,99.0,2.0,103.74,2025-09-05 04:00:30+00:00,0.0,0.0,0.0,0.0
Oasis - John Williams,99.0,2.0,103.74,2025-09-05 04:15:30+00:00,0.0,0.0,0.0,0.0
Oasis - John Williams,99.0,2.0,103.74,2025-09-05 04:30:30+00:00,0.0,0.0,0.0,0.0
Oasis - John Williams,99.0,2.0,103.74,2025-09-05 04:45:30+00:00,0.0,0.0,0.0,0.0
Oasis - John Williams,99.0,2.0,103.74,2025-09-05 05:00:30+00:00,0.0,0.0,0.0,0.0
Oasis - John Williams,99.0,2.0,103.74,2025-09-05 05:15:30+00:00,0.0,0.0,0.0,0.0
Oasis - John Williams,99.0,2.0,103.74,2025-09-05 05:30:30+00:00,0.001,0.0005,0.001,0.001
Oasis - John Williams,99.0,2.0,103.74,2025-09-05 05:45:30+00:00,0.007,0.00575,0.00825,0.00575
Oasis - John Williams,99.0,2.0,103.74,2025-09-05 06:00:30+00:00,0.0165,0.012,0.01825,0.0135
Oasis - John Williams,99.0,2.0,103.74,2025-09-05 06:15:30+00:00,0.02625,0.01975,0.02875,0.02225
Oasis - John Williams,99.0,2.0,103.74,2025-09-05 06:30:30+00:00,0.03625,0.0285,0.0395,0.03175
Oasis - John Williams,99.0,2.0,103.74,2025-09-05 06:45:30+00:00,0.04625,0.038,0.05075,0.04125
Oasis - John Williams,99.0,2.0,103.74,2025-09-05 07:00:30+00:00,0.0565,0.04775,0.062,0.051
Oasis - John Williams,99.0,2.0,103.74,2025-09-05 07:15:30+00:00,0.0665,0.05825,0.07325,0.06075
Oasis - John Williams,99.0,2.0,103.74,2025-09-05 07:30:30+00:00,0.07675,0.06925,0.08425,0.07075
Oasis - John Williams,99.0,2.0,103.74,2025-09-05 07:45:30+00:00,0.08675,0.0805,0.093,0.08075
Oasis - John Williams,99.0,2.0,103.74,2025-09-05 08:00:30+00:00,0.09675,0.0915,0.1015,0.0905
Oasis - John Williams,99.0,2.0,103.74,2025-09-05 08:15:30+00:00,0.106,0.1015,0.1105,0.09975
Oasis - John Williams,99.0,2.0,103.74,2025-09-05 08:30:30+00:00,0.11525,0.11025,0.12,0.10925
Oasis - John Williams,99.0,2.0,103.74,2025-09-05 08:45:30+00:00,0.124,0.116,0.13125,0.118
Oasis - John Williams,99.0,2.0,103.74,2025-09-05 09:00:30+00:00,0.13175,0.1195,0.143,0.12575
Oasis - John Williams,99.0,2.0,103.74,2025-09-05 09:15:30+00:00,0.138,0.12075,0.15125,0.1325
Oasis - John Williams,99.0,2.0,103.74,2025-09-05 09:30:30+00:00,0.13825,0.11625,0.16025,0.1335
Oasis - John Williams,99.0,2.0,103.74,2025-09-05 09:45:30+00:00,0.14,0.11525,0.16725,0.13575
Oasis - John Williams,99.0,2.0,103.74,2025-09-05 10:00:30+00:00,0.1465,0.1085,0.17,0.14275
Oasis - John Williams,99.0,2.0,103.74,2025-09-05 10:15:30+00:00,0.13025,0.09825,0.1785,0.1275
Oasis - John Williams,99.0,2.0,103.74,2025-09-05 10:30:30+00:00,0.14425,0.08425,0.184,0.14125
Oasis - John Williams,99.0,2.0,103.74,2025-09-05 10:45:30+00:00,0.13325,0.0625,0.1865,0.13125
Oasis - John Williams,99.0,2.0,103.74,2025-09-05 11:00:30+00:00,0.0955,0.05975,0.16875,0.0945
Oasis - John Williams,99.0,2.0,103.74,2025-09-05 11:15:30+00:00,0.11425,0.06575,0.16725,0.1135
Oasis - John Williams,99.0,2.0,103.74,2025-09-05 11:30:30+00:00,0.139,0.0865,0.172,0.13775
Oasis - John Williams,99.0,2.0,103.74,2025-09-05 11:45:30+00:00,0.13325,0.092,0.17225,0.1325
Oasis - John Williams,99.0,2.0,103.74,2025-09-05 12:00:30+00:00,0.12325,0.09675,0.171,0.12275
Oasis - John Williams,99.0,2.0,103.74,2025-09-05 12:15:30+00:00,0.145,0.10275,0.179,0.1445
Oasis - John Williams,99.0,2.0,103.74,2025-09-05 12:30:30+00:00,0.154,0.111,0.1815,0.154
Oasis - John Williams,99.0,2.0,103.74,2025-09-05 12:45:30+00:00,0.13925,0.10625,0.17325,0.1395
Oasis - John Williams,99.0,2.0,103.74,2025-09-05 13:00:30+00:00,0.12575,0.099,0.1625,0.12625
Oasis - John Williams,99.0,2.0,103.74,2025-09-05 13:15:30+00:00,0.127,0.10075,0.16525,0.12775
Oasis - John Williams,99.0,2.0,103.74,2025-09-05 13:30:30+00:00,0.14575,0.1075,0.168,0.14725
Oasis - John Williams,99.0,2.0,103.74,2025-09-05 13:45:30+00:00,0.14025,0.1155,0.16175,0.14225
Oasis - John Williams,99.0,2.0,103.74,2025-09-05 14:00:30+00:00,0.13,0.11475,0.14875,0.132
Oasis - John Williams,99.0,2.0,103.74,2025-09-05 14:15:30+00:00,0.12475,0.11375,0.1385,0.127
Oasis - John Williams,99.0,2.0,103.74,2025-09-05 14:30:30+00:00,0.1235,0.10575,0.13275,0.12625
Oasis - John Williams,99.0,2.0,103.74,2025-09-05 14:45:30+00:00,0.10975,0.093,0.13325,0.1125
Oasis - John Williams,99.0,2.0,103.74,2025-09-05 15:00:30+00:00,0.10525,0.07525,0.1355,0.1085
Oasis - John Williams,99.0,2.0,103.74,2025-09-05 15:15:30+00:00,0.10475,0.05025,0.12625,0.10825
Oasis - John Williams,99.0,2.0,103.74,2025-09-05 15:30:30+00:00,0.0725,0.02825,0.118,0.0745
Oasis - John Williams,99.0,2.0,103.74,2025-09-05 15:45:30+00:00,0.05325,0.0105,0.09725,0.05425
Oasis - John Williams,99.0,2.0,103.74,2025-09-05 16:00:30+00:00,0.032,0.00725,0.075,0.03225
Oasis - John Williams,99.0,2.0,103.74,2025-09-05 16:15:30+00:00,0.036,0.012,0.0605,0.03675
Oasis - John Williams,99.0,2.0,103.74,2025-09-05 16:30:30+00:00,0.04025,0.016,0.0535,0.0415
Oasis - John Williams,99.0,2.0,103.74,2025-09-05 16:45:30+00:00,0.028,0.01225,0.04975,0.02875
Oasis - John Williams,99.0,2.0,103.74,2025-09-05 17:00:30+00:00,0.024,0.0085,0.0445,0.0245
Oasis - John Williams,99.0,2.0,103.74,2025-09-05 17:15:30+00:00,0.02625,0.00525,0.0365,0.02775
Oasis - John Williams,99.0,2.0,103.74,2025-09-05 17:30:30+00:00,0.01,0.0025,0.0305,0.01025
Oasis - John Williams,99.0,2.0,103.74,2025-09-05 17:45:30+00:00,0.0115,0.00225,0.0195,0.01225
Oasis - John Williams,99.0,2.0,103.74,2025-09-05 18:00:30+00:00,0.0055,0.00125,0.0135,0.00575
Oasis - John Williams,99.0,2.0,103.74,2025-09-05 18:15:30+00:00,0.0015,0.0005,0.006,0.0015
Oasis - John Williams,99.0,2.0,103.74,2025-09-05 18:30:30+00:00,0.00025,0.0,0.00125,0.00025
Oasis - John Williams,99.0,2.0,103.74,2025-09-05 18:45:30+00:00,0.0,0.0,0.0,0.0
Oasis - John Williams,99.0,2.0,103.74,2025-09-05 19:00:30+00:00,0.0,0.0,0.0,0.0
Oasis - John Williams,99.0,2.0,103.74,2025-09-05 19:15:30+00:00,0.0,0.0,0.0,0.0
Oasis - John Williams,99.0,2.0,103.74,2025-09-05 19:30:30+00:00,0.0,0.0,0.0,0.0
Oasis - John Williams,99.0,2.0,103.74,2025-09-05 19:45:30+00:00,0.0,0.0,0.0,0.0
Oasis - John Williams,99.0,2.0,103.74,2025-09-05 20:00:30+00:00,0.0,0.0,0.0,0.0
Oasis - John Williams,99.0,2.0,103.74,2025-09-05 20:15:30+00:00,0.0,0.0,0.0,0.0
Oasis - John Williams,99.0,2.0,103.74,2025-09-05 20:30:30+00:00,0.0,0.0,0.0,0.0
Oasis - John Williams,99.0,2.0,103.74,2025-09-05 20:45:30+00:00,0.0,0.0,0.0,0.0
Oasis - John Williams,99.0,2.0,103.74,2025-09-05 21:00:30+00:00,0.0,0.0,0.0,0.0
Oasis - John Williams,99.0,2.0,103.74,2025-09-05 21:15:30+00:00,0.0,0.0,0.0,0.0
Oasis - John Williams,99.0,2.0,103.74,2025-09-05 21:30:30+00:00,0.0,0.0,0.0,0.0
Oasis - John Williams,99.0,2.0,103.74,2025-09-05 21:45:30+00:00,0.0,0.0,0.0,0.0
Oasis - John Williams,99.0,2.0,103.74,2025-09-05 22:00:30+00:00,0.0,0.0,0.0,0.0
Oasis - John Williams,99.0,2.0,103.74,2025-09-05 22:15:30+00:00,0.0,0.0,0.0,0.0
Oasis - John Williams,99.0,2.0,103.74,2025-09-05 22:30:30+00:00,0.0,0.0,0.0,0.0
Oasis - John Williams,99.0,2.0,103.74,2025-09-05 22:45:30+00:00,0.0,0.0,0.0,0.0
Oasis - John Williams,99.0,2.0,103.74,2025-09-05 23:00:30+00:00,0.0,0.0,0.0,0.0
Oasis - John Williams,99.0,2.0,103.74,2025-09-05 23:15:30+00:00,0.0,0.0,0.0,0.0
Oasis - John Williams,99.0,2.0,103.74,2025-09-05 23:30:30+00:00,0.0,0.0,0.0,0.0
Oasis - John Williams,99.0,2.0,103.74,2025-09-05 23:45:30+00:00,0.0,0.0,0.0,0.0
Oasis - John Williams,99.0,2.0,103.74,2025-09-06 00:00:30+00:00,0.0,0.0,0.0,0.0
Oasis - John Williams,99.0,2.0,103.74,2025-09-06 00:15:30+00:00,0.0,0.0,0.0,0.0
Oasis - John Williams,99.0,2.0,103.74,2025-09-06 00:30:30+00:00,0.0,0.0,0.0,0.0
Oasis - John Williams,99.0,2.0,103.74,2025-09-06 00:45:30+00:00,0.0,0.0,0.0,0.0
Oasis - John Williams,99.0,2.0,103.74,2025-09-06 01:00:30+00:00,0.0,0.0,0.0,0.0
Oasis - John Williams,99.0,2.0,103.74,2025-09-06 01:15:30+00:00,0.0,0.0,0.0,0.0
Oasis - John Williams,99.0,2.0,103.74,2025-09-06 01:30:30+00:00,0.0,0.0,0.0,0.0
Oasis - John Williams,99.0,2.0,103.74,2025-09-06 01:45:30+00:00,0.0,0.0,0.0,0.0
Oasis - John Williams,99.0,2.0,103.74,2025-09-06 02:00:30+00:00,0.0,0.0,0.0,0.0
Oasis - John Williams,99.0,2.0,103.74,2025-09-06 02:15:30+00:00,0.0,0.0,0.0,0.0
Oasis - John Williams,99.0,2.0,103.74,2025-09-06 02:30:30+00:00,0.0,0.0,0.0,0.0
Oasis - John Williams,99.0,2.0,103.74,2025-09-06 02:45:30+00:00,0.0,0.0,0.0,0.0
Oasis - John Williams,99.0,2.0,103.74,2025-09-06 03:00:30+00:00,0.0,0.0,0.0,0.0
Oasis - John Williams,99.0,2.0,103.74,2025-09-06 03:15:30+00:00,0.0,0.0,0.0,0.0
Oasis - John Williams,99.0,2.0,103.74,2025-09-06 03:30:30+00:00,0.0,0.0,0.0,0.0
Oasis - John Williams,99.0,2.0,103.74,2025-09-06 03:45:30+00:00,0.0,0.0,0.0,0.0
Oasis - John Williams,99.0,2.0,103.74,2025-09-06 04:00:30+00:00,0.0,0.0,0.0,0.0
Oasis - John Williams,99.0,2.0,103.74,2025-09-06 04:15:30+00:00,0.0,0.0,0.0,0.0
Oasis - John Williams,99.0,2.0,103.74,2025-09-06 04:30:30+00:00,0.0,0.0,0.0,0.0
Oasis - John Williams,99.0,2.0,103.74,2025-09-06 04:45:30+00:00,0.0,0.0,0.0,0.0
Oasis - John Williams,99.0,2.0,103.74,2025-09-06 05:00:30+00:00,0.0,0.0,0.0,0.0
Oasis - John Williams,99.0,2.0,103.74,2025-09-06 05:15:30+00:00,0.0,0.0,0.0,0.0
Oasis - John Williams,99.0,2.0,103.74,2025-09-06 05:30:30+00:00,0.00025,0.00025,0.0005,0.00025
Oasis - John Williams,99.0,2.0,103.74,2025-09-06 05:45:30+00:00,0.00275,0.00075,0.0055,0.00275
Oasis - John Williams,99.0,2.0,103.74,2025-09-06 06:00:30+00:00,0.00675,0.00325,0.01375,0.00675
Oasis - John Williams,99.0,2.0,103.74,2025-09-06 06:15:30+00:00,0.0185,0.004,0.025,0.017
Oasis - John Williams,99.0,2.0,103.74,2025-09-06 06:30:30+00:00,0.017,0.00325,0.03325,0.01625
Oasis - John Williams,99.0,2.0,103.74,2025-09-06 06:45:30+00:00,0.0195,0.00375,0.03425,0.019
Oasis - John Williams,99.0,2.0,103.74,2025-09-06 07:00:30+00:00,0.01975,0.00875,0.038,0.0195
Oasis - John Williams,99.0,2.0,103.74,2025-09-06 07:15:30+00:00,0.0315,0.01675,0.0425,0.03075
Oasis - John Williams,99.0,2.0,103.74,2025-09-06 07:30:30+00:00,0.03725,0.02325,0.04775,0.0365
Oasis - John Williams,99.0,2.0,103.74,2025-09-06 07:45:30+00:00,0.0375,0.0265,0.05225,0.037
Oasis - John Williams,99.0,2.0,103.74,2025-09-06 08:00:30+00:00,0.043,0.02675,0.05725,0.04275
Oasis - John Williams,99.0,2.0,103.74,2025-09-06 08:15:30+00:00,0.045,0.031,0.0695,0.04475
Oasis - John Williams,99.0,2.0,103.74,2025-09-06 08:30:30+00:00,0.06275,0.03,0.092,0.0615
Oasis - John Williams,99.0,2.0,103.74,2025-09-06 08:45:30+00:00,0.07425,0.02925,0.1115,0.07275
Oasis - John Williams,99.0,2.0,103.74,2025-09-06 09:00:30+00:00,0.0735,0.036,0.13825,0.07225
Oasis - John Williams,99.0,2.0,103.74,2025-09-06 09:15:30+00:00,0.115,0.05475,0.149,0.11175
Oasis - John Williams,99.0,2.0,103.74,2025-09-06 09:30:30+00:00,0.1365,0.0845,0.15775,0.132
Oasis - John Williams,99.0,2.0,103.74,2025-09-06 09:45:30+00:00,0.1405,0.08875,0.165,0.13625
Oasis - John Williams,99.0,2.0,103.74,2025-09-06 10:00:30+00:00,0.13,0.08575,0.1705,0.12725
Oasis - John Williams,99.0,2.0,103.74,2025-09-06 10:15:30+00:00,0.12675,0.06875,0.1715,0.1245
Oasis - John Williams,99.0,2.0,103.74,2025-09-06 10:30:30+00:00,0.1025,0.0665,0.156,0.10125
Oasis - John Williams,99.0,2.0,103.74,2025-09-06 10:45:30+00:00,0.1045,0.07275,0.135,0.1035
Oasis - John Williams,99.0,2.0,103.74,2025-09-06 11:00:30+00:00,0.1045,0.084,0.131,0.10375
Oasis - John Williams,99.0,2.0,103.74,2025-09-06 11:15:30+00:00,0.1135,0.08775,0.1335,0.11275
Oasis - John Williams,99.0,2.0,103.74,2025-09-06 11:30:30+00:00,0.1135,0.08875,0.14375,0.11275
Oasis - John Williams,99.0,2.0,103.74,2025-09-06 11:45:30+00:00,0.1215,0.08925,0.1585,0.121
Oasis - John Williams,99.0,2.0,103.74,2025-09-06 12:00:30+00:00,0.13625,0.09425,0.16875,0.1355
Oasis - John Williams,99.0,2.0,103.74,2025-09-06 12:15:30+00:00,0.13625,0.101,0.17975,0.13575
Oasis - John Williams,99.0,2.0,103.74,2025-09-06 12:30:30+00:00,0.148,0.108,0.1845,0.148
Oasis - John Williams,99.0,2.0,103.74,2025-09-06 12:45:30+00:00,0.15425,0.121,0.1865,0.1545
Oasis - John Williams,99.0,2.0,103.74,2025-09-06 13:00:30+00:00,0.15825,0.13025,0.1845,0.15925
Oasis - John Williams,99.0,2.0,103.74,2025-09-06 13:15:30+00:00,0.159,0.1395,0.17575,0.16025
Oasis - John Williams,99.0,2.0,103.74,2025-09-06 13:30:30+00:00,0.15525,0.13975,0.167,0.15725
Oasis - John Williams,99.0,2.0,103.74,2025-09-06 13:45:30+00:00,0.1455,0.137,0.16075,0.14775
Oasis - John Williams,99.0,2.0,103.74,2025-09-06 14:00:30+00:00,0.14525,0.13175,0.15575,0.14775
Oasis - John Williams,99.0,2.0,103.74,2025-09-06 14:15:30+00:00,0.14025,0.12925,0.15,0.14325
Oasis - John Williams,99.0,2.0,103.74,2025-09-06 14:30:30+00:00,0.1335,0.12425,0.14225,0.137
Oasis - John Williams,99.0,2.0,103.74,2025-09-06 14:45:30+00:00,0.12625,0.11775,0.13275,0.13
Oasis - John Williams,99.0,2.0,103.74,2025-09-06 15:00:30+00:00,0.116,0.109,0.124,0.12
Oasis - John Williams,99.0,2.0,103.74,2025-09-06 15:15:30+00:00,0.10725,0.1005,0.114,0.1115
Oasis - John Williams,99.0,2.0,103.74,2025-09-06 15:30:30+00:00,0.0985,0.092,0.10475,0.10275
Oasis - John Williams,99.0,2.0,103.74,2025-09-06 15:45:30+00:00,0.0895,0.0815,0.09725,0.09375
Oasis - John Williams,99.0,2.0,103.74,2025-09-06 16:00:30+00:00,0.08025,0.0685,0.091,0.08475
Oasis - John Williams,99.0,2.0,103.74,2025-09-06 16:15:30+00:00,0.06975,0.059,0.08275,0.07375
Oasis - John Williams,99.0,2.0,103.74,2025-09-06 16:30:30+00:00,0.06775,0.04825,0.07225,0.07225
Oasis - John Williams,99.0,2.0,103.74,2025-09-06 16:45:30+00:00,0.04925,0.04025,0.06225,0.0525
Oasis - John Williams,99.0,2.0,103.74,2025-09-06 17:00:30+00:00,0.041,0.03075,0.051,0.04475
Oasis - John Williams,99.0,2.0,103.74,2025-09-06 17:15:30+00:00,0.03375,0.02475,0.04025,0.0375
Oasis - John Williams,99.0,2.0,103.74,2025-09-06 17:30:30+00:00,0.0245,0.0185,0.03025,0.02775
Oasis - John Williams,99.0,2.0,103.74,2025-09-06 17:45:30+00:00,0.0165,0.01175,0.02075,0.019
Oasis - John Williams,99.0,2.0,103.74,2025-09-06 18:00:30+00:00,0.0095,0.0065,0.01225,0.0115
Oasis - John Williams,99.0,2.0,103.74,2025-09-06 18:15:30+00:00,0.0045,0.0035,0.00575,0.005
Oasis - John Williams,99.0,2.0,103.74,2025-09-06 18:30:30+00:00,0.002,0.0015,0.0025,0.002
Oasis - John Williams,99.0,2.0,103.74,2025-09-06 18:45:30+00:00,0.0,0.0,0.0,0.0
Oasis - John Williams,99.0,2.0,103.74,2025-09-06 19:00:30+00:00,0.0,0.0,0.0,0.0
Oasis - John Williams,99.0,2.0,103.74,2025-09-06 19:15:30+00:00,0.0,0.0,0.0,0.0
Oasis - John Williams,99.0,2.0,103.74,2025-09-06 19:30:30+00:00,0.0,0.0,0.0,0.0
Oasis - John Williams,99.0,2.0,103.74,2025-09-06 19:45:30+00:00,0.0,0.0,0.0,0.0
Oasis - John Williams,99.0,2.0,103.74,2025-09-06 20:00:30+00:00,0.0,0.0,0.0,0.0
Oasis - John Williams,99.0,2.0,103.74,2025-09-06 20:15:30+00:00,0.0,0.0,0.0,0.0
Oasis - John Williams,99.0,2.0,103.74,2025-09-06 20:30:30+00:00,0.0,0.0,0.0,0.0
Oasis - John Williams,99.0,2.0,103.74,2025-09-06 20:45:30+00:00,0.0,0.0,0.0,0.0
Oasis - John Williams,99.0,2.0,103.74,2025-09-06 21:00:30+00:00,0.0,0.0,0.0,0.0
Oasis - John Williams,99.0,2.0,103.74,2025-09-06 21:15:30+00:00,0.0,0.0,0.0,0.0
Oasis - John Williams,99.0,2.0,103.74,2025-09-06 21:30:30+00:00,0.0,0.0,0.0,0.0
Oasis - John Williams,99.0,2.0,103.74,2025-09-06 21:45:30+00:00,0.0,0.0,0.0,0.0
Oasis - John Williams,99.0,2.0,103.74,2025-09-06 22:00:30+00:00,0.0,0.0,0.0,0.0
Oasis - John Williams,99.0,2.0,103.74,2025-09-06 22:15:30+00:00,0.0,0.0,0.0,0.0
Oasis - John Williams,99.0,2.0,103.74,2025-09-06 22:30:30+00:00,0.0,0.0,0.0,0.0
Oasis - John Williams,99.0,2.0,103.74,2025-09-06 22:45:30+00:00,0.0,0.0,0.0,0.0
Oasis - John Williams,99.0,2.0,103.74,2025-09-06 23:00:30+00:00,0.0,0.0,0.0,0.0
Oasis - John Williams,99.0,2.0,103.74,2025-09-06 23:15:30+00:00,0.0,0.0,0.0,0.0
Oasis - John Williams,99.0,2.0,103.74,2025-09-06 23:30:30+00:00,0.0,0.0,0.0,0.0
Oasis - John Williams,99.0,2.0,103.74,2025-09-06 23:45:30+00:00,0.0,0.0,0.0,0.0
Oasis - John Williams,99.0,2.0,103.74,2025-09-07 00:00:30+00:00,0.0,0.0,0.0,0.0
Oasis - John Williams,99.0,2.0,103.74,2025-09-07 00:15:30+00:00,0.0,0.0,0.0,0.0
Oasis - John Williams,99.0,2.0,103.74,2025-09-07 00:30:30+00:00,0.0,0.0,0.0,0.0
Oasis - John Williams,99.0,2.0,103.74,2025-09-07 00:45:30+00:00,0.0,0.0,0.0,0.0
Oasis - John Williams,99.0,2.0,103.74,2025-09-07 01:00:30+00:00,0.0,0.0,0.0,0.0
Oasis - John Williams,99.0,2.0,103.74,2025-09-07 01:15:30+00:00,0.0,0.0,0.0,0.0
Oasis - John Williams,99.0,2.0,103.74,2025-09-07 01:30:30+00:00,0.0,0.0,0.0,0.0
Oasis - John Williams,99.0,2.0,103.74,2025-09-07 01:45:30+00:00,0.0,0.0,0.0,0.0
Oasis - John Williams,99.0,2.0,103.74,2025-09-07 02:00:30+00:00,0.0,0.0,0.0,0.0
Oasis - John Williams,99.0,2.0,103.74,2025-09-07 02:15:30+00:00,0.0,0.0,0.0,0.0
Oasis - John Williams,99.0,2.0,103.74,2025-09-07 02:30:30+00:00,0.0,0.0,0.0,0.0
Oasis - John Williams,99.0,2.0,103.74,2025-09-07 02:45:30+00:00,0.0,0.0,0.0,0.0
Oasis - John Williams,99.0,2.0,103.74,2025-09-07 03:00:30+00:00,0.0,0.0,0.0,0.0
Oasis - John Williams,99.0,2.0,103.74,2025-09-07 03:15:30+00:00,0.0,0.0,0.0,0.0
Oasis - John Williams,99.0,2.0,103.74,2025-09-07 03:30:30+00:00,0.0,0.0,0.0,0.0
Oasis - John Williams,99.0,2.0,103.74,2025-09-07 03:45:30+00:00,0.0,0.0,0.0,0.0
Oasis - John Williams,99.0,2.0,103.74,2025-09-07 04:00:30+00:00,0.0,0.0,0.0,0.0
Oasis - John Williams,99.0,2.0,103.74,2025-09-07 04:15:30+00:00,0.0,0.0,0.0,0.0
Oasis - John Williams,99.0,2.0,103.74,2025-09-07 04:30:30+00:00,0.0,0.0,0.0,0.0
Oasis - John Williams,99.0,2.0,103.74,2025-09-07 04:45:30+00:00,0.0,0.0,0.0,0.0
Oasis - John Williams,99.0,2.0,103.74,2025-09-07 05:00:30+00:00,0.0,0.0,0.0,0.0
Oasis - John Williams,99.0,2.0,103.74,2025-09-07 05:15:30+00:00,0.0,0.0,0.0,0.0
Oasis - John Williams,99.0,2.0,103.74,2025-09-07 05:30:30+00:00,0.0,0.0,0.00025,0.0
Oasis - John Williams,99.0,2.0,103.74,2025-09-07 05:45:30+00:00,0.00225,0.00075,0.00475,0.00225
Oasis - John Williams,99.0,2.0,103.74,2025-09-07 06:00:30+00:00,0.006,0.00125,0.01075,0.00575
Oasis - John Williams,99.0,2.0,103.74,2025-09-07 06:15:30+00:00,0.00675,0.0015,0.01925,0.00675
Oasis - John Williams,99.0,2.0,103.74,2025-09-07 06:30:30+00:00,0.015,0.003,0.03275,0.01475
Oasis - John Williams,99.0,2.0,103.74,2025-09-07 06:45:30+00:00,0.03575,0.007,0.0455,0.03325
Oasis - John Williams,99.0,2.0,103.74,2025-09-07 07:00:30+00:00,0.0245,0.00475,0.04975,0.0235
Oasis - John Williams,99.0,2.0,103.74,2025-09-07 07:15:30+00:00,0.01325,0.00475,0.045,0.01325
Oasis - John Williams,99.0,2.0,103.74,2025-09-07 07:30:30+00:00,0.01975,0.0055,0.03925,0.0195
Oasis - John Williams,99.0,2.0,103.74,2025-09-07 07:45:30+00:00,0.01375,0.00625,0.0365,0.0135
Oasis - John Williams,99.0,2.0,103.74,2025-09-07 08:00:30+00:00,0.0165,0.007,0.03125,0.0165
Oasis - John Williams,99.0,2.0,103.74,2025-09-07 08:15:30+00:00,0.01275,0.00775,0.03525,0.01275
Oasis - John Williams,99.0,2.0,103.74,2025-09-07 08:30:30+00:00,0.02575,0.0085,0.04025,0.02575
Oasis - John Williams,99.0,2.0,103.74,2025-09-07 08:45:30+00:00,0.0245,0.00925,0.04525,0.0245
Oasis - John Williams,99.0,2.0,103.74,2025-09-07 09:00:30+00:00,0.017,0.00975,0.04225,0.01725
Oasis - John Williams,99.0,2.0,103.74,2025-09-07 09:15:30+00:00,0.00975,0.00625,0.0355,0.00975
Oasis - John Williams,99.0,2.0,103.74,2025-09-07 09:30:30+00:00,0.01075,0.007,0.03225,0.011
Oasis - John Williams,99.0,2.0,103.74,2025-09-07 09:45:30+00:00,0.016,0.0115,0.034,0.016
Oasis - John Williams,99.0,2.0,103.74,2025-09-07 10:00:30+00:00,0.01425,0.012,0.03925,0.0145
Oasis - John Williams,99.0,2.0,103.74,2025-09-07 10:15:30+00:00,0.02025,0.0125,0.05425,0.0205
Oasis - John Williams,99.0,2.0,103.74,2025-09-07 10:30:30+00:00,0.031,0.013,0.065,0.031
Oasis - John Williams,99.0,2.0,103.74,2025-09-07 10:45:30+00:00,0.02775,0.01325,0.0825,0.02775
Oasis - John Williams,99.0,2.0,103.74,2025-09-07 11:00:30+00:00,0.0595,0.0135,0.08475,0.05925
Oasis - John Williams,99.0,2.0,103.74,2025-09-07 11:15:30+00:00,0.04525,0.01375,0.0875,0.04525
Oasis - John Williams,99.0,2.0,103.74,2025-09-07 11:30:30+00:00,0.041,0.014,0.07725,0.04125
Oasis - John Williams,99.0,2.0,103.74,2025-09-07 11:45:30+00:00,0.041,0.014,0.07875,0.041
Oasis - John Williams,99.0,2.0,103.74,2025-09-07 12:00:30+00:00,0.0295,0.014,0.09075,0.02975
Oasis - John Williams,99.0,2.0,103.74,2025-09-07 12:15:30+00:00,0.04025,0.014,0.1205,0.04025
Oasis - John Williams,99.0,2.0,103.74,2025-09-07 12:30:30+00:00,0.08025,0.016,0.1455,0.0805
Oasis - John Williams,99.0,2.0,103.74,2025-09-07 12:45:30+00:00,0.09825,0.0195,0.1465,0.0985
Oasis - John Williams,99.0,2.0,103.74,2025-09-07 13:00:30+00:00,0.06325,0.019,0.13675,0.0635
Oasis - John Williams,99.0,2.0,103.74,2025-09-07 13:15:30+00:00,0.071,0.026,0.13675,0.07125
Oasis - John Williams,99.0,2.0,103.74,2025-09-07 13:30:30+00:00,0.1085,0.04025,0.142,0.1095
Oasis - John Williams,99.0,2.0,103.74,2025-09-07 13:45:30+00:00,0.0935,0.037,0.15,0.09425
Oasis - John Williams,99.0,2.0,103.74,2025-09-07 14:00:30+00:00,0.078,0.0195,0.13975,0.0785
Oasis - John Williams,99.0,2.0,103.74,2025-09-07 14:15:30+00:00,0.0665,0.01325,0.12125,0.067
Oasis - John Williams,99.0,2.0,103.74,2025-09-07 14:30:30+00:00,0.026,0.011,0.1015,0.026
Oasis - John Williams,99.0,2.0,103.74,2025-09-07 14:45:30+00:00,0.02675,0.0105,0.08375,0.02675
Oasis - John Williams,99.0,2.0,103.74,2025-09-07 15:00:30+00:00,0.018,0.01,0.0725,0.018
Oasis - John Williams,99.0,2.0,103.74,2025-09-07 15:15:30+00:00,0.08625,0.01725,0.1065,0.089
Oasis - John Williams,99.0,2.0,103.74,2025-09-07 15:30:30+00:00,0.05275,0.0105,0.10525,0.05375
Oasis - John Williams,99.0,2.0,103.74,2025-09-07 15:45:30+00:00,0.0245,0.00775,0.08575,0.02475
Oasis - John Williams,99.0,2.0,103.74,2025-09-07 16:00:30+00:00,0.0485,0.00975,0.074,0.05
Oasis - John Williams,99.0,2.0,103.74,2025-09-07 16:15:30+00:00,0.03675,0.00775,0.0705,0.0375
Oasis - John Williams,99.0,2.0,103.74,2025-09-07 16:30:30+00:00,0.031,0.00925,0.06775,0.03175
Oasis - John Williams,99.0,2.0,103.74,2025-09-07 16:45:30+00:00,0.04525,0.01525,0.06,0.04775
Oasis - John Williams,99.0,2.0,103.74,2025-09-07 17:00:30+00:00,0.0375,0.01975,0.05025,0.04
Oasis - John Williams,99.0,2.0,103.74,2025-09-07 17:15:30+00:00,0.027,0.0165,0.04025,0.02875
Oasis - John Williams,99.0,2.0,103.74,2025-09-07 17:30:30+00:00,0.02,0.01325,0.02825,0.022
Oasis - John Williams,99.0,2.0,103.74,2025-09-07 17:45:30+00:00,0.01525,0.009,0.02,0.0175
Oasis - John Williams,99.0,2.0,103.74,2025-09-07 18:00:30+00:00,0.009,0.0055,0.011,0.01075
Oasis - John Williams,99.0,2.0,103.74,2025-09-07 18:15:30+00:00,0.004,0.003,0.00475,0.00425
Oasis - John Williams,99.0,2.0,103.74,2025-09-07 18:30:30+00:00,0.0015,0.00125,0.002,0.0015
Oasis - John Williams,99.0,2.0,103.74,2025-09-07 18:45:30+00:00,0.0,0.0,0.0,0.0
Oasis - John Williams,99.0,2.0,103.74,2025-09-07 19:00:30+00:00,0.0,0.0,0.0,0.0
Oasis - John Williams,99.0,2.0,103.74,2025-09-07 19:15:30+00:00,0.0,0.0,0.0,0.0
Oasis - John Williams,99.0,2.0,103.74,2025-09-07 19:30:30+00:00,0.0,0.0,0.0,0.0
Oasis - John Williams,99.0,2.0,103.74,2025-09-07 19:45:30+00:00,0.0,0.0,0.0,0.0
Oasis - John Williams,99.0,2.0,103.74,2025-09-07 20:00:30+00:00,0.0,0.0,0.0,0.0
Oasis - John Williams,99.0,2.0,103.74,2025-09-07 20:15:30+00:00,0.0,0.0,0.0,0.0
Oasis - John Williams,99.0,2.0,103.74,2025-09-07 20:30:30+00:00,0.0,0.0,0.0,0.0
Oasis - John Williams,99.0,2.0,103.74,2025-09-07 20:45:30+00:00,0.0,0.0,0.0,0.0
Oasis - John Williams,99.0,2.0,103.74,2025-09-07 21:00:30+00:00,0.0,0.0,0.0,0.0
Oasis - John Williams,99.0,2.0,103.74,2025-09-07 21:15:30+00:00,0.0,0.0,0.0,0.0
Oasis - John Williams,99.0,2.0,103.74,2025-09-07 21:30:30+00:00,0.0,0.0,0.0,0.0
Oasis - John Williams,99.0,2.0,103.74,2025-09-07 21:45:30+00:00,0.0,0.0,0.0,0.0
Oasis - John Williams,99.0,2.0,103.74,2025-09-07 22:00:30+00:00,0.0,0.0,0.0,0.0
Oasis - John Williams,99.0,2.0,103.74,2025-09-07 22:15:30+00:00,0.0,0.0,0.0,0.0
Oasis - John Williams,99.0,2.0,103.74,2025-09-07 22:30:30+00:00,0.0,0.0,0.0,0.0
Oasis - John Williams,99.0,2.0,103.74,2025-09-07 22:45:30+00:00,0.0,0.0,0.0,0.0
Oasis - John Williams,99.0,2.0,103.74,2025-09-07 23:00:30+00:00,0.0,0.0,0.0,0.0
Oasis - John Williams,99.0,2.0,103.74,2025-09-07 23:15:30+00:00,0.0,0.0,0.0,0.0
Oasis - John Williams,99.0,2.0,103.74,2025-09-07 23:30:30+00:00,0.0,0.0,0.0,0.0
Oasis - John Williams,99.0,2.0,103.74,2025-09-07 23:45:30+00:00,0.0,0.0,0.0,0.0
Oasis - John Williams,99.0,2.0,103.74,2025-09-08 00:00:30+00:00,0.0,0.0,0.0,0.0
Oasis - John Williams,99.0,2.0,103.74,2025-09-08 00:15:30+00:00,0.0,0.0,0.0,0.0
Oasis - John Williams,99.0,2.0,103.74,2025-09-08 00:30:30+00:00,0.0,0.0,0.0,0.0
Oasis - John Williams,99.0,2.0,103.74,2025-09-08 00:45:30+00:00,0.0,0.0,0.0,0.0
Oasis - John Williams,99.0,2.0,103.74,2025-09-08 01:00:30+00:00,0.0,0.0,0.0,0.0
Oasis - John Williams,99.0,2.0,103.74,2025-09-08 01:15:30+00:00,0.0,0.0,0.0,0.0
Oasis - John Williams,99.0,2.0,103.74,2025-09-08 01:30:30+00:00,0.0,0.0,0.0,0.0
Oasis - John Williams,99.0,2.0,103.74,2025-09-08 01:45:30+00:00,0.0,0.0,0.0,0.0
Oasis - John Williams,99.0,2.0,103.74,2025-09-08 02:00:30+00:00,0.0,0.0,0.0,0.0
Oasis - John Williams,99.0,2.0,103.74,2025-09-08 02:15:30+00:00,0.0,0.0,0.0,0.0
Oasis - John Williams,99.0,2.0,103.74,2025-09-08 02:30:30+00:00,0.0,0.0,0.0,0.0
Oasis - John Williams,99.0,2.0,103.74,2025-09-08 02:45:30+00:00,0.0,0.0,0.0,0.0
Oasis - John Williams,99.0,2.0,103.74,2025-09-08 03:00:30+00:00,0.0,0.0,0.0,0.0
Oasis - John Williams,99.0,2.0,103.74,2025-09-08 03:15:30+00:00,0.0,0.0,0.0,0.0
Oasis - John Williams,99.0,2.0,103.74,2025-09-08 03:30:30+00:00,0.0,0.0,0.0,0.0
Oasis - John Williams,99.0,2.0,103.74,2025-09-08 03:45:30+00:00,0.0,0.0,0.0,0.0
Oasis - John Williams,99.0,2.0,103.74,2025-09-08 04:00:30+00:00,0.0,0.0,0.0,0.0
Oasis - John Williams,99.0,2.0,103.74,2025-09-08 04:15:30+00:00,0.0,0.0,0.0,0.0
Oasis - John Williams,99.0,2.0,103.74,2025-09-08 04:30:30+00:00,0.0,0.0,0.0,0.0
Oasis - John Williams,99.0,2.0,103.74,2025-09-08 04:45:30+00:00,0.0,0.0,0.0,0.0
Oasis - John Williams,99.0,2.0,103.74,2025-09-08 05:00:30+00:00,0.0,0.0,0.0,0.0
Oasis - John Williams,99.0,2.0,103.74,2025-09-08 05:15:30+00:00,0.0,0.0,0.0,0.0
Oasis - John Williams,99.0,2.0,103.74,2025-09-08 05:30:30+00:00,0.0,0.0,0.0,0.0
Oasis - John Williams,99.0,2.0,103.74,2025-09-08 05:45:30+00:00,0.00425,0.0035,0.005,0.00375
Oasis - John Williams,99.0,2.0,103.74,2025-09-08 06:00:30+00:00,0.01275,0.00925,0.01475,0.0105
Oasis - John Williams,99.0,2.0,103.74,2025-09-08 06:15:30+00:00,0.0225,0.0165,0.0255,0.019
Oasis - John Williams,99.0,2.0,103.74,2025-09-08 06:30:30+00:00,0.03225,0.025,0.0365,0.028
Oasis - John Williams,99.0,2.0,103.74,2025-09-08 06:45:30+00:00,0.04225,0.034,0.0475,0.0375
Oasis - John Williams,99.0,2.0,103.74,2025-09-08 07:00:30+00:00,0.05225,0.04375,0.05875,0.047
Oasis - John Williams,99.0,2.0,103.74,2025-09-08 07:15:30+00:00,0.0625,0.054,0.07,0.057
Oasis - John Williams,99.0,2.0,103.74,2025-09-08 07:30:30+00:00,0.0725,0.0645,0.0805,0.06675
Oasis - John Williams,99.0,2.0,103.74,2025-09-08 07:45:30+00:00,0.08225,0.07575,0.08925,0.0765
Oasis - John Williams,99.0,2.0,103.74,2025-09-08 08:00:30+00:00,0.09225,0.0865,0.09775,0.08625
Oasis - John Williams,99.0,2.0,103.74,2025-09-08 08:15:30+00:00,0.1015,0.09675,0.1065,0.0955
Oasis - John Williams,99.0,2.0,103.74,2025-09-08 08:30:30+00:00,0.11075,0.10575,0.1155,0.10475
Oasis - John Williams,99.0,2.0,103.74,2025-09-08 08:45:30+00:00,0.11925,0.114,0.1245,0.1135
Oasis - John Williams,99.0,2.0,103.74,2025-09-08 09:00:30+00:00,0.12775,0.122,0.133,0.122
Oasis - John Williams,99.0,2.0,103.74,2025-09-08 09:15:30+00:00,0.13575,0.129,0.1415,0.13
Oasis - John Williams,99.0,2.0,103.74,2025-09-08 09:30:30+00:00,0.14225,0.13225,0.15175,0.13675
Oasis - John Williams,99.0,2.0,103.74,2025-09-08 09:45:30+00:00,0.14825,0.1325,0.16275,0.14325
Oasis - John Williams,99.0,2.0,103.74,2025-09-08 10:00:30+00:00,0.152,0.123,0.1705,0.1475
Oasis - John Williams,99.0,2.0,103.74,2025-09-08 10:15:30+00:00,0.1485,0.1135,0.17575,0.14475
Oasis - John Williams,99.0,2.0,103.74,2025-09-08 10:30:30+00:00,0.14575,0.0965,0.1805,0.14275
Oasis - John Williams,99.0,2.0,103.74,2025-09-08 10:45:30+00:00,0.127,0.07825,0.184,0.125
Oasis - John Williams,99.0,2.0,103.74,2025-09-08 11:00:30+00:00,0.13425,0.05975,0.1875,0.1325
Oasis - John Williams,99.0,2.0,103.74,2025-09-08 11:15:30+00:00,0.11625,0.0345,0.1815,0.11525
Oasis - John Williams,99.0,2.0,103.74,2025-09-08 11:30:30+00:00,0.07275,0.02325,0.16075,0.0725
Oasis - John Williams,99.0,2.0,103.74,2025-09-08 11:45:30+00:00,0.0865,0.02425,0.16825,0.08625
Oasis - John Williams,99.0,2.0,103.74,2025-09-08 12:00:30+00:00,0.12875,0.047,0.18825,0.12825
Oasis - John Williams,99.0,2.0,103.74,2025-09-08 12:15:30+00:00,0.13625,0.0775,0.192,0.136
Oasis - John Williams,99.0,2.0,103.74,2025-09-08 12:30:30+00:00,0.1445,0.074,0.1895,0.1445
Oasis - John Williams,99.0,2.0,103.74,2025-09-08 12:45:30+00:00,0.11375,0.064,0.18775,0.114
Oasis - John Williams,99.0,2.0,103.74,2025-09-08 13:00:30+00:00,0.1225,0.025,0.181,0.123
Oasis - John Williams,99.0,2.0,103.74,2025-09-08 13:15:30+00:00,0.072,0.01425,0.15475,0.07225
Oasis - John Williams,99.0,2.0,103.74,2025-09-08 13:30:30+00:00,0.02925,0.013,0.11375,0.02925
Oasis - John Williams,99.0,2.0,103.74,2025-09-08 13:45:30+00:00,0.026,0.0125,0.08875,0.026
Oasis - John Williams,99.0,2.0,103.74,2025-09-08 14:00:30+00:00,0.04075,0.012,0.07075,0.041
Oasis - John Williams,99.0,2.0,103.74,2025-09-08 14:15:30+00:00,0.01875,0.0115,0.05975,0.01875
Oasis - John Williams,99.0,2.0,103.74,2025-09-08 14:30:30+00:00,0.0095,0.006,0.038,0.0095
Oasis - John Williams,99.0,2.0,103.74,2025-09-08 14:45:30+00:00,0.01775,0.0105,0.06975,0.01775
Oasis - John Williams,99.0,2.0,103.74,2025-09-08 15:00:30+00:00,0.03625,0.00975,0.0875,0.0365
Oasis - John Williams,99.0,2.0,103.74,2025-09-08 15:15:30+00:00,0.04525,0.00925,0.10875,0.04575
Oasis - John Williams,99.0,2.0,103.74,2025-09-08 15:30:30+00:00,0.07725,0.02075,0.1125,0.07975
Oasis - John Williams,99.0,2.0,103.74,2025-09-08 15:45:30+00:00,0.08825,0.0425,0.1015,0.09275
Oasis - John Williams,99.0,2.0,103.74,2025-09-08 16:00:30+00:00,0.07825,0.05475,0.09075,0.08275
Oasis - John Williams,99.0,2.0,103.74,2025-09-08 16:15:30+00:00,0.0715,0.058,0.08,0.0765
Oasis - John Williams,99.0,2.0,103.74,2025-09-08 16:30:30+00:00,0.06225,0.054,0.069,0.06725
Oasis - John Williams,99.0,2.0,103.74,2025-09-08 16:45:30+00:00,0.05225,0.04475,0.05825,0.05725
Oasis - John Williams,99.0,2.0,103.74,2025-09-08 17:00:30+00:00,0.0435,0.03575,0.0475,0.0485
Oasis - John Williams,99.0,2.0,103.74,2025-09-08 17:15:30+00:00,0.03375,0.027,0.03725,0.0385
Oasis - John Williams,99.0,2.0,103.74,2025-09-08 17:30:30+00:00,0.02425,0.01875,0.02725,0.0285
Oasis - John Williams,99.0,2.0,103.74,2025-09-08 17:45:30+00:00,0.01575,0.01175,0.01775,0.0195
Oasis - John Williams,99.0,2.0,103.74,2025-09-08 18:00:30+00:00,0.00825,0.006,0.0095,0.011
Oasis - John Williams,99.0,2.0,103.74,2025-09-08 18:15:30+00:00,0.00325,0.003,0.00375,0.004
Oasis - John Williams,99.0,2.0,103.74,2025-09-08 18:30:30+00:00,0.0005,0.00025,0.00075,0.0005
Oasis - John Williams,99.0,2.0,103.74,2025-09-08 18:45:30+00:00,0.0,0.0,0.0,0.0
Oasis - John Williams,99.0,2.0,103.74,2025-09-08 19:00:30+00:00,0.0,0.0,0.0,0.0
Oasis - John Williams,99.0,2.0,103.74,2025-09-08 19:15:30+00:00,0.0,0.0,0.0,0.0
Oasis - John Williams,99.0,2.0,103.74,2025-09-08 19:30:30+00:00,0.0,0.0,0.0,0.0
Oasis - John Williams,99.0,2.0,103.74,2025-09-08 19:45:30+00:00,0.0,0.0,0.0,0.0
Oasis - John Williams,99.0,2.0,103.74,2025-09-08 20:00:30+00:00,0.0,0.0,0.0,0.0
Oasis - John Williams,99.0,2.0,103.74,2025-09-08 20:15:30+00:00,0.0,0.0,0.0,0.0
Oasis - John Williams,99.0,2.0,103.74,2025-09-08 20:30:30+00:00,0.0,0.0,0.0,0.0
Oasis - John Williams,99.0,2.0,103.74,2025-09-08 20:45:30+00:00,0.0,0.0,0.0,0.0
Oasis - John Williams,99.0,2.0,103.74,2025-09-08 21:00:30+00:00,0.0,0.0,0.0,0.0
Oasis - John Williams,99.0,2.0,103.74,2025-09-08 21:15:30+00:00,0.0,0.0,0.0,0.0
Oasis - John Williams,99.0,2.0,103.74,2025-09-08 21:30:30+00:00,0.0,0.0,0.0,0.0
Oasis - John Williams,99.0,2.0,103.74,2025-09-08 21:45:30+00:00,0.0,0.0,0.0,0.0
Oasis - John Williams,99.0,2.0,103.74,2025-09-08 22:00:30+00:00,0.0,0.0,0.0,0.0
Oasis - John Williams,99.0,2.0,103.74,2025-09-08 22:15:30+00:00,0.0,0.0,0.0,0.0
Oasis - John Williams,99.0,2.0,103.74,2025-09-08 22:30:30+00:00,0.0,0.0,0.0,0.0
Oasis - John Williams,99.0,2.0,103.74,2025-09-08 22:45:30+00:00,0.0,0.0,0.0,0.0
Oasis - John Williams,99.0,2.0,103.74,2025-09-08 23:00:30+00:00,0.0,0.0,0.0,0.0
Oasis - John Williams,99.0,2.0,103.74,2025-09-08 23:15:30+00:00,0.0,0.0,0.0,0.0
Oasis - John Williams,99.0,2.0,103.74,2025-09-08 23:30:30+00:00,0.0,0.0,0.0,0.0
Oasis - John Williams,99.0,2.0,103.74,2025-09-08 23:45:30+00:00,0.0,0.0,0.0,0.0
Oasis - John Williams,99.0,2.0,103.74,2025-09-09 00:00:30+00:00,0.0,0.0,0.0,0.0
Oasis - John Williams,99.0,2.0,103.74,2025-09-09 00:15:30+00:00,0.0,0.0,0.0,0.0
Oasis - John Williams,99.0,2.0,103.74,2025-09-09 00:30:30+00:00,0.0,0.0,0.0,0.0
Oasis - John Williams,99.0,2.0,103.74,2025-09-09 00:45:30+00:00,0.0,0.0,0.0,0.0
Oasis - John Williams,99.0,2.0,103.74,2025-09-09 01:00:30+00:00,0.0,0.0,0.0,0.0
Oasis - John Williams,99.0,2.0,103.74,2025-09-09 01:15:30+00:00,0.0,0.0,0.0,0.0
Oasis - John Williams,99.0,2.0,103.74,2025-09-09 01:30:30+00:00,0.0,0.0,0.0,0.0
Oasis - John Williams,99.0,2.0,103.74,2025-09-09 01:45:30+00:00,0.0,0.0,0.0,0.0
Oasis - John Williams,99.0,2.0,103.74,2025-09-09 02:00:30+00:00,0.0,0.0,0.0,0.0
Oasis - John Williams,99.0,2.0,103.74,2025-09-09 02:15:30+00:00,0.0,0.0,0.0,0.0
Oasis - John Williams,99.0,2.0,103.74,2025-09-09 02:30:30+00:00,0.0,0.0,0.0,0.0
Oasis - John Williams,99.0,2.0,103.74,2025-09-09 02:45:30+00:00,0.0,0.0,0.0,0.0
Oasis - John Williams,99.0,2.0,103.74,2025-09-09 03:00:30+00:00,0.0,0.0,0.0,0.0
Oasis - John Williams,99.0,2.0,103.74,2025-09-09 03:15:30+00:00,0.0,0.0,0.0,0.0
Oasis - John Williams,99.0,2.0,103.74,2025-09-09 03:30:30+00:00,0.0,0.0,0.0,0.0
Oasis - John Williams,99.0,2.0,103.74,2025-09-09 03:45:30+00:00,0.0,0.0,0.0,0.0
Oasis - John Williams,99.0,2.0,103.74,2025-09-09 04:00:30+00:00,0.0,0.0,0.0,0.0
Oasis - John Williams,99.0,2.0,103.74,2025-09-09 04:15:30+00:00,0.0,0.0,0.0,0.0
Oasis - John Williams,99.0,2.0,103.74,2025-09-09 04:30:30+00:00,0.0,0.0,0.0,0.0
Oasis - John Williams,99.0,2.0,103.74,2025-09-09 04:45:30+00:00,0.0,0.0,0.0,0.0
Oasis - John Williams,99.0,2.0,103.74,2025-09-09 05:00:30+00:00,0.0,0.0,0.0,0.0
Oasis - John Williams,99.0,2.0,103.74,2025-09-09 05:15:30+00:00,0.0,0.0,0.0,0.0
Oasis - John Williams,99.0,2.0,103.74,2025-09-09 05:30:30+00:00,0.0015,0.001,0.0015,0.0015
Oasis - John Williams,99.0,2.0,103.74,2025-09-09 05:45:30+00:00,0.00375,0.00325,0.00425,0.00375
Oasis - John Williams,99.0,2.0,103.74,2025-09-09 06:00:30+00:00,0.012,0.00875,0.0135,0.00975
Oasis - John Williams,99.0,2.0,103.74,2025-09-09 06:15:30+00:00,0.02175,0.01575,0.02425,0.018
Oasis - John Williams,99.0,2.0,103.74,2025-09-09 06:30:30+00:00,0.03125,0.02225,0.03475,0.027
Oasis - John Williams,99.0,2.0,103.74,2025-09-09 06:45:30+00:00,0.038,0.02875,0.04525,0.034
Oasis - John Williams,99.0,2.0,103.74,2025-09-09 07:00:30+00:00,0.04575,0.03675,0.056,0.0415
Oasis - John Williams,99.0,2.0,103.74,2025-09-09 07:15:30+00:00,0.058,0.047,0.0675,0.05325
Oasis - John Williams,99.0,2.0,103.74,2025-09-09 07:30:30+00:00,0.0705,0.05675,0.07875,0.06475
Oasis - John Williams,99.0,2.0,103.74,2025-09-09 07:45:30+00:00,0.07975,0.06,0.0895,0.074
Oasis - John Williams,99.0,2.0,103.74,2025-09-09 08:00:30+00:00,0.08475,0.05775,0.09925,0.08
Oasis - John Williams,99.0,2.0,103.74,2025-09-09 08:15:30+00:00,0.082,0.05225,0.1085,0.0785
Oasis - John Williams,99.0,2.0,103.74,2025-09-09 08:30:30+00:00,0.0755,0.05475,0.105,0.07325
Oasis - John Williams,99.0,2.0,103.74,2025-09-09 08:45:30+00:00,0.083,0.064,0.10725,0.08075
Oasis - John Williams,99.0,2.0,103.74,2025-09-09 09:00:30+00:00,0.09875,0.0785,0.116,0.09575
Oasis - John Williams,99.0,2.0,103.74,2025-09-09 09:15:30+00:00,0.10925,0.08775,0.127,0.106
Oasis - John Williams,99.0,2.0,103.74,2025-09-09 09:30:30+00:00,0.11325,0.08875,0.12925,0.11025
Oasis - John Williams,99.0,2.0,103.74,2025-09-09 09:45:30+00:00,0.10375,0.08775,0.12875,0.10175
Oasis - John Williams,99.0,2.0,103.74,2025-09-09 10:00:30+00:00,0.108,0.0915,0.12925,0.10625
Oasis - John Williams,99.0,2.0,103.74,2025-09-09 10:15:30+00:00,0.1195,0.09975,0.1335,0.11725
Oasis - John Williams,99.0,2.0,103.74,2025-09-09 10:30:30+00:00,0.122,0.10575,0.1405,0.12
Oasis - John Williams,99.0,2.0,103.74,2025-09-09 10:45:30+00:00,0.128,0.102,0.14975,0.126
Oasis - John Williams,99.0,2.0,103.74,2025-09-09 11:00:30+00:00,0.127,0.09025,0.157,0.1255
Oasis - John Williams,99.0,2.0,103.74,2025-09-09 11:15:30+00:00,0.11525,0.07525,0.15525,0.11425
Oasis - John Williams,99.0,2.0,103.74,2025-09-09 11:30:30+00:00,0.10325,0.066,0.14325,0.10275
Oasis - John Williams,99.0,2.0,103.74,2025-09-09 11:45:30+00:00,0.095,0.06075,0.13425,0.09475
Oasis - John Williams,99.0,2.0,103.74,2025-09-09 12:00:30+00:00,0.094,0.064,0.141,0.09375
Oasis - John Williams,99.0,2.0,103.74,2025-09-09 12:15:30+00:00,0.11825,0.05675,0.168,0.118
Oasis - John Williams,99.0,2.0,103.74,2025-09-09 12:30:30+00:00,0.124,0.03825,0.17875,0.12425
Oasis - John Williams,99.0,2.0,103.74,2025-09-09 12:45:30+00:00,0.082,0.01625,0.165,0.08225
Oasis - John Williams,99.0,2.0,103.74,2025-09-09 13:00:30+00:00,0.0435,0.01325,0.13225,0.0435
Oasis - John Williams,99.0,2.0,103.74,2025-09-09 13:15:30+00:00,0.04975,0.013,0.09925,0.05
Oasis - John Williams,99.0,2.0,103.74,2025-09-09 13:30:30+00:00,0.034,0.01275,0.076,0.034
Oasis - John Williams,99.0,2.0,103.74,2025-09-09 13:45:30+00:00,0.025,0.01225,0.059,0.025
Oasis - John Williams,99.0,2.0,103.74,2025-09-09 14:00:30+00:00,0.035,0.01175,0.057,0.035
Oasis - John Williams,99.0,2.0,103.74,2025-09-09 14:15:30+00:00,0.037,0.0155,0.05425,0.037
Oasis - John Williams,99.0,2.0,103.74,2025-09-09 14:30:30+00:00,0.0325,0.01625,0.05125,0.0325
Oasis - John Williams,99.0,2.0,103.74,2025-09-09 14:45:30+00:00,0.0315,0.01425,0.04625,0.03175
Oasis - John Williams,99.0,2.0,103.74,2025-09-09 15:00:30+00:00,0.0265,0.01,0.04275,0.02675
Oasis - John Williams,99.0,2.0,103.74,2025-09-09 15:15:30+00:00,0.02075,0.009,0.04075,0.021
Oasis - John Williams,99.0,2.0,103.74,2025-09-09 15:30:30+00:00,0.01725,0.00825,0.0435,0.0175
Oasis - John Williams,99.0,2.0,103.74,2025-09-09 15:45:30+00:00,0.02075,0.0075,0.05325,0.02075
Oasis - John Williams,99.0,2.0,103.74,2025-09-09 16:00:30+00:00,0.03075,0.00675,0.06025,0.031
Oasis - John Williams,99.0,2.0,103.74,2025-09-09 16:15:30+00:00,0.03375,0.00675,0.06075,0.03425
Oasis - John Williams,99.0,2.0,103.74,2025-09-09 16:30:30+00:00,0.03475,0.01175,0.055,0.03575
Oasis - John Williams,99.0,2.0,103.74,2025-09-09 16:45:30+00:00,0.0315,0.01325,0.047,0.03275
Oasis - John Williams,99.0,2.0,103.74,2025-09-09 17:00:30+00:00,0.02425,0.00575,0.039,0.025
Oasis - John Williams,99.0,2.0,103.74,2025-09-09 17:15:30+00:00,0.01125,0.003,0.0325,0.0115
Oasis - John Williams,99.0,2.0,103.74,2025-09-09 17:30:30+00:00,0.01475,0.003,0.025,0.01575
Oasis - John Williams,99.0,2.0,103.74,2025-09-09 17:45:30+00:00,0.01175,0.003,0.0185,0.01275
Oasis - John Williams,99.0,2.0,103.74,2025-09-09 18:00:30+00:00,0.0065,0.0025,0.0105,0.00675
Oasis - John Williams,99.0,2.0,103.74,2025-09-09 18:15:30+00:00,0.002,0.0015,0.00325,0.002
Oasis - John Williams,99.0,2.0,103.74,2025-09-09 18:30:30+00:00,0.00025,0.00025,0.0005,0.00025
Oasis - John Williams,99.0,2.0,103.74,2025-09-09 18:45:30+00:00,0.0,0.0,0.0,0.0
Oasis - John Williams,99.0,2.0,103.74,2025-09-09 19:00:30+00:00,0.0,0.0,0.0,0.0
Oasis - John Williams,99.0,2.0,103.74,2025-09-09 19:15:30+00:00,0.0,0.0,0.0,0.0
Oasis - John Williams,99.0,2.0,103.74,2025-09-09 19:30:30+00:00,0.0,0.0,0.0,0.0
Oasis - John Williams,99.0,2.0,103.74,2025-09-09 19:45:30+00:00,0.0,0.0,0.0,0.0
Oasis - John Williams,99.0,2.0,103.74,2025-09-09 20:00:30+00:00,0.0,0.0,0.0,0.0
Oasis - John Williams,99.0,2.0,103.74,2025-09-09 20:15:30+00:00,0.0,0.0,0.0,0.0
Oasis - John Williams,99.0,2.0,103.74,2025-09-09 20:30:30+00:00,0.0,0.0,0.0,0.0
Oasis - John Williams,99.0,2.0,103.74,2025-09-09 20:45:30+00:00,0.0,0.0,0.0,0.0
Oasis - John Williams,99.0,2.0,103.74,2025-09-09 21:00:30+00:00,0.0,0.0,0.0,0.0
Oasis - John Williams,99.0,2.0,103.74,2025-09-09 21:15:30+00:00,0.0,0.0,0.0,0.0
Oasis - John Williams,99.0,2.0,103.74,2025-09-09 21:30:30+00:00,0.0,0.0,0.0,0.0
Oasis - John Williams,99.0,2.0,103.74,2025-09-09 21:45:30+00:00,0.0,0.0,0.0,0.0
Oasis - John Williams,99.0,2.0,103.74,2025-09-09 22:00:30+00:00,0.0,0.0,0.0,0.0
Oasis - John Williams,99.0,2.0,103.74,2025-09-09 22:15:30+00:00,0.0,0.0,0.0,0.0
Oasis - John Williams,99.0,2.0,103.74,2025-09-09 22:30:30+00:00,0.0,0.0,0.0,0.0
Oasis - John Williams,99.0,2.0,103.74,2025-09-09 22:45:30+00:00,0.0,0.0,0.0,0.0
Oasis - John Williams,99.0,2.0,103.74,2025-09-09 23:00:30+00:00,0.0,0.0,0.0,0.0
Oasis - John Williams,99.0,2.0,103.74,2025-09-09 23:15:30+00:00,0.0,0.0,0.0,0.0
Oasis - John Williams,99.0,2.0,103.74,2025-09-09 23:30:30+00:00,0.0,0.0,0.0,0.0
Oasis - John Williams,99.0,2.0,103.74,2025-09-09 23:45:30+00:00,0.0,0.0,0.0,0.0
Oasis - John Williams,99.0,2.0,103.74,2025-09-10 00:00:30+00:00,0.0,0.0,0.0,0.0
Oasis - John Williams,99.0,2.0,103.74,2025-09-10 00:15:30+00:00,0.0,0.0,0.0,0.0
Oasis - John Williams,99.0,2.0,103.74,2025-09-10 00:30:30+00:00,0.0,0.0,0.0,0.0
Oasis - John Williams,99.0,2.0,103.74,2025-09-10 00:45:30+00:00,0.0,0.0,0.0,0.0
Oasis - John Williams,99.0,2.0,103.74,2025-09-10 01:00:30+00:00,0.0,0.0,0.0,0.0
Oasis - John Williams,99.0,2.0,103.74,2025-09-10 01:15:30+00:00,0.0,0.0,0.0,0.0
Oasis - John Williams,99.0,2.0,103.74,2025-09-10 01:30:30+00:00,0.0,0.0,0.0,0.0
Oasis - John Williams,99.0,2.0,103.74,2025-09-10 01:45:30+00:00,0.0,0.0,0.0,0.0
Oasis - John Williams,99.0,2.0,103.74,2025-09-10 02:00:30+00:00,0.0,0.0,0.0,0.0
Oasis - John Williams,99.0,2.0,103.74,2025-09-10 02:15:30+00:00,0.0,0.0,0.0,0.0
Oasis - John Williams,99.0,2.0,103.74,2025-09-10 02:30:30+00:00,0.0,0.0,0.0,0.0
Oasis - John Williams,99.0,2.0,103.74,2025-09-10 02:45:30+00:00,0.0,0.0,0.0,0.0
Oasis - John Williams,99.0,2.0,103.74,2025-09-10 03:00:30+00:00,0.0,0.0,0.0,0.0
Oasis - John Williams,99.0,2.0,103.74,2025-09-10 03:15:30+00:00,0.0,0.0,0.0,0.0
Oasis - John Williams,99.0,2.0,103.74,2025-09-10 03:30:30+00:00,0.0,0.0,0.0,0.0
Oasis - John Williams,99.0,2.0,103.74,2025-09-10 03:45:30+00:00,0.0,0.0,0.0,0.0
Oasis - John Williams,99.0,2.0,103.74,2025-09-10 04:00:30+00:00,0.0,0.0,0.0,0.0
Oasis - John Williams,99.0,2.0,103.74,2025-09-10 04:15:30+00:00,0.0,0.0,0.0,0.0
Oasis - John Williams,99.0,2.0,103.74,2025-09-10 04:30:30+00:00,0.0,0.0,0.0,0.0
Oasis - John Williams,99.0,2.0,103.74,2025-09-10 04:45:30+00:00,0.0,0.0,0.0,0.0
Oasis - John Williams,99.0,2.0,103.74,2025-09-10 05:00:30+00:00,0.0,0.0,0.0,0.0
Oasis - John Williams,99.0,2.0,103.74,2025-09-10 05:15:30+00:00,0.0,0.0,0.0,0.0
Oasis - John Williams,99.0,2.0,103.74,2025-09-10 05:30:30+00:00,0.0,0.0,0.0,0.0
Oasis - John Williams,99.0,2.0,103.74,2025-09-10 05:45:30+00:00,0.00325,0.00275,0.00375,0.00325
Oasis - John Williams,99.0,2.0,103.74,2025-09-10 06:00:30+00:00,0.011,0.00825,0.01275,0.009
Oasis - John Williams,99.0,2.0,103.74,2025-09-10 06:15:30+00:00,0.02075,0.015,0.0235,0.01725
Oasis - John Williams,99.0,2.0,103.74,2025-09-10 06:30:30+00:00,0.0305,0.02275,0.03425,0.02625
Oasis - John Williams,99.0,2.0,103.74,2025-09-10 06:45:30+00:00,0.0405,0.03,0.045,0.03625
Oasis - John Williams,99.0,2.0,103.74,2025-09-10 07:00:30+00:00,0.047,0.03675,0.056,0.04275
Oasis - John Williams,99.0,2.0,103.74,2025-09-10 07:15:30+00:00,0.0545,0.04175,0.067,0.05
Oasis - John Williams,99.0,2.0,103.74,2025-09-10 07:30:30+00:00,0.06525,0.04225,0.07825,0.06025
Oasis - John Williams,99.0,2.0,103.74,2025-09-10 07:45:30+00:00,0.07725,0.0355,0.08875,0.0725
Oasis - John Williams,99.0,2.0,103.74,2025-09-10 08:00:30+00:00,0.066,0.01975,0.098,0.06325
Oasis - John Williams,99.0,2.0,103.74,2025-09-10 08:15:30+00:00,0.04625,0.00925,0.098,0.04525
Oasis - John Williams,99.0,2.0,103.74,2025-09-10 08:30:30+00:00,0.0455,0.009,0.09075,0.045
Oasis - John Williams,99.0,2.0,103.74,2025-09-10 08:45:30+00:00,0.0475,0.0095,0.08475,0.04725
Oasis - John Williams,99.0,2.0,103.74,2025-09-10 09:00:30+00:00,0.0385,0.00975,0.079,0.0385
Oasis - John Williams,99.0,2.0,103.74,2025-09-10 09:15:30+00:00,0.02225,0.01025,0.08775,0.0225
Oasis - John Williams,99.0,2.0,103.74,2025-09-10 09:30:30+00:00,0.05625,0.01125,0.1105,0.05575
Oasis - John Williams,99.0,2.0,103.74,2025-09-10 09:45:30+00:00,0.0805,0.016,0.122,0.0795
Oasis - John Williams,99.0,2.0,103.74,2025-09-10 10:00:30+00:00,0.05825,0.012,0.11425,0.058
Oasis - John Williams,99.0,2.0,103.74,2025-09-10 10:15:30+00:00,0.03775,0.0125,0.0955,0.03775
Oasis - John Williams,99.0,2.0,103.74,2025-09-10 10:30:30+00:00,0.05475,0.01275,0.08725,0.05475
Oasis - John Williams,99.0,2.0,103.74,2025-09-10 10:45:30+00:00,0.054,0.02025,0.0825,0.05375
Oasis - John Williams,99.0,2.0,103.74,2025-09-10 11:00:30+00:00,0.04525,0.0135,0.07625,0.04525
Oasis - John Williams,99.0,2.0,103.74,2025-09-10 11:15:30+00:00,0.034,0.0135,0.07,0.034
Oasis - John Williams,99.0,2.0,103.74,2025-09-10 11:30:30+00:00,0.03275,0.01375,0.0685,0.03275
Oasis - John Williams,99.0,2.0,103.74,2025-09-10 11:45:30+00:00,0.04125,0.01375,0.07625,0.04125
Oasis - John Williams,99.0,2.0,103.74,2025-09-10 12:00:30+00:00,0.05725,0.01725,0.0825,0.05725
Oasis - John Williams,99.0,2.0,103.74,2025-09-10 12:15:30+00:00,0.051,0.01825,0.084,0.051
Oasis - John Williams,99.0,2.0,103.74,2025-09-10 12:30:30+00:00,0.04475,0.01375,0.074,0.045
Oasis - John Williams,99.0,2.0,103.74,2025-09-10 12:45:30+00:00,0.03075,0.0135,0.06425,0.03075
Oasis - John Williams,99.0,2.0,103.74,2025-09-10 13:00:30+00:00,0.0315,0.01325,0.06125,0.0315
Oasis - John Williams,99.0,2.0,103.74,2025-09-10 13:15:30+00:00,0.0425,0.013,0.07325,0.0425
Oasis - John Williams,99.0,2.0,103.74,2025-09-10 13:30:30+00:00,0.041,0.01275,0.08425,0.04125
Oasis - John Williams,99.0,2.0,103.74,2025-09-10 13:45:30+00:00,0.04525,0.01225,0.09875,0.0455
Oasis - John Williams,99.0,2.0,103.74,2025-09-10 14:00:30+00:00,0.07275,0.021,0.0975,0.07325
Oasis - John Williams,99.0,2.0,103.74,2025-09-10 14:15:30+00:00,0.05925,0.02975,0.09475,0.05975
Oasis - John Williams,99.0,2.0,103.74,2025-09-10 14:30:30+00:00,0.05425,0.023,0.08325,0.0545
Oasis - John Williams,99.0,2.0,103.74,2025-09-10 14:45:30+00:00,0.04525,0.02,0.08275,0.0455
Oasis - John Williams,99.0,2.0,103.74,2025-09-10 15:00:30+00:00,0.054,0.01075,0.0765,0.0545
Oasis - John Williams,99.0,2.0,103.74,2025-09-10 15:15:30+00:00,0.026,0.009,0.06775,0.02625
Oasis - John Williams,99.0,2.0,103.74,2025-09-10 15:30:30+00:00,0.01825,0.00825,0.0565,0.0185
Oasis - John Williams,99.0,2.0,103.74,2025-09-10 15:45:30+00:00,0.02625,0.0075,0.05525,0.02625
Oasis - John Williams,99.0,2.0,103.74,2025-09-10 16:00:30+00:00,0.0165,0.00675,0.0625,0.0165
Oasis - John Williams,99.0,2.0,103.74,2025-09-10 16:15:30+00:00,0.03425,0.00675,0.07125,0.035
Oasis - John Williams,99.0,2.0,103.74,2025-09-10 16:30:30+00:00,0.053,0.0115,0.0675,0.05625
Oasis - John Williams,99.0,2.0,103.74,2025-09-10 16:45:30+00:00,0.03675,0.0175,0.0575,0.03875
Oasis - John Williams,99.0,2.0,103.74,2025-09-10 17:00:30+00:00,0.03225,0.01475,0.0465,0.03475
Oasis - John Williams,99.0,2.0,103.74,2025-09-10 17:15:30+00:00,0.027,0.0115,0.036,0.0295
Oasis - John Williams,99.0,2.0,103.74,2025-09-10 17:30:30+00:00,0.0135,0.0075,0.027,0.01425
Oasis - John Williams,99.0,2.0,103.74,2025-09-10 17:45:30+00:00,0.01,0.00325,0.01625,0.01075
Oasis - John Williams,99.0,2.0,103.74,2025-09-10 18:00:30+00:00,0.006,0.00225,0.009,0.0065
Oasis - John Williams,99.0,2.0,103.74,2025-09-10 18:15:30+00:00,0.0015,0.00125,0.0025,0.00175
Oasis - John Williams,99.0,2.0,103.74,2025-09-10 18:30:30+00:00,0.0,0.0,0.0,0.0
Oasis - John Williams,99.0,2.0,103.74,2025-09-10 18:45:30+00:00,0.0,0.0,0.0,0.0
Oasis - John Williams,99.0,2.0,103.74,2025-09-10 19:00:30+00:00,0.0,0.0,0.0,0.0
Oasis - John Williams,99.0,2.0,103.74,2025-09-10 19:15:30+00:00,0.0,0.0,0.0,0.0
Oasis - John Williams,99.0,2.0,103.74,2025-09-10 19:30:30+00:00,0.0,0.0,0.0,0.0
Oasis - John Williams,99.0,2.0,103.74,2025-09-10 19:45:30+00:00,0.0,0.0,0.0,0.0
Oasis - John Williams,99.0,2.0,103.74,2025-09-10 20:00:30+00:00,0.0,0.0,0.0,0.0
Oasis - John Williams,99.0,2.0,103.74,2025-09-10 20:15:30+00:00,0.0,0.0,0.0,0.0
Oasis - John Williams,99.0,2.0,103.74,2025-09-10 20:30:30+00:00,0.0,0.0,0.0,0.0
Oasis - John Williams,99.0,2.0,103.74,2025-09-10 20:45:30+00:00,0.0,0.0,0.0,0.0
Oasis - John Williams,99.0,2.0,103.74,2025-09-10 21:00:30+00:00,0.0,0.0,0.0,0.0
Oasis - John Williams,99.0,2.0,103.74,2025-09-10 21:15:30+00:00,0.0,0.0,0.0,0.0
Oasis - John Williams,99.0,2.0,103.74,2025-09-10 21:30:30+00:00,0.0,0.0,0.0,0.0
Oasis - John Williams,99.0,2.0,103.74,2025-09-10 21:45:30+00:00,0.0,0.0,0.0,0.0
Oasis - John Williams,99.0,2.0,103.74,2025-09-10 22:00:30+00:00,0.0,0.0,0.0,0.0
Oasis - John Williams,99.0,2.0,103.74,2025-09-10 22:15:30+00:00,0.0,0.0,0.0,0.0
Oasis - John Williams,99.0,2.0,103.74,2025-09-10 22:30:30+00:00,0.0,0.0,0.0,0.0
Oasis - John Williams,99.0,2.0,103.74,2025-09-10 22:45:30+00:00,0.0,0.0,0.0,0.0
Oasis - John Williams,99.0,2.0,103.74,2025-09-10 23:00:30+00:00,0.0,0.0,0.0,0.0
Oasis - John Williams,99.0,2.0,103.74,2025-09-10 23:15:30+00:00,0.0,0.0,0.0,0.0
Oasis - John Williams,99.0,2.0,103.74,2025-09-10 23:30:30+00:00,0.0,0.0,0.0,0.0
Oasis - John Williams,99.0,2.0,103.74,2025-09-10 23:45:30+00:00,0.0,0.0,0.0,0.0
Oasis - John Williams,99.0,2.0,103.74,2025-09-11 00:00:30+00:00,0.0,0.0,0.0,0.0
Oasis - John Williams,99.0,2.0,103.74,2025-09-11 00:15:30+00:00,0.0,0.0,0.0,0.0
Oasis - John Williams,99.0,2.0,103.74,2025-09-11 00:30:30+00:00,0.0,0.0,0.0,0.0
Oasis - John Williams,99.0,2.0,103.74,2025-09-11 00:45:30+00:00,0.0,0.0,0.0,0.0
Oasis - John Williams,99.0,2.0,103.74,2025-09-11 01:00:30+00:00,0.0,0.0,0.0,0.0
Oasis - John Williams,99.0,2.0,103.74,2025-09-11 01:15:30+00:00,0.0,0.0,0.0,0.0
Oasis - John Williams,99.0,2.0,103.74,2025-09-11 01:30:30+00:00,0.0,0.0,0.0,0.0
Oasis - John Williams,99.0,2.0,103.74,2025-09-11 01:45:30+00:00,0.0,0.0,0.0,0.0
Oasis - John Williams,99.0,2.0,103.74,2025-09-11 02:00:30+00:00,0.0,0.0,0.0,0.0
Oasis - John Williams,99.0,2.0,103.74,2025-09-11 02:15:30+00:00,0.0,0.0,0.0,0.0
Oasis - John Williams,99.0,2.0,103.74,2025-09-11 02:30:30+00:00,0.0,0.0,0.0,0.0
Oasis - John Williams,99.0,2.0,103.74,2025-09-11 02:45:30+00:00,0.0,0.0,0.0,0.0
Oasis - John Williams,99.0,2.0,103.74,2025-09-11 03:00:30+00:00,0.0,0.0,0.0,0.0
Oasis - John Williams,99.0,2.0,103.74,2025-09-11 03:15:30+00:00,0.0,0.0,0.0,0.0
Oasis - John Williams,99.0,2.0,103.74,2025-09-11 03:30:30+00:00,0.0,0.0,0.0,0.0
Oasis - John Williams,99.0,2.0,103.74,2025-09-11 03:45:30+00:00,0.0,0.0,0.0,0.0
Oasis - John Williams,99.0,2.0,103.74,2025-09-11 04:00:30+00:00,0.0,0.0,0.0,0.0
Oasis - John Williams,99.0,2.0,103.74,2025-09-11 04:15:30+00:00,0.0,0.0,0.0,0.0
Oasis - John Williams,99.0,2.0,103.74,2025-09-11 04:30:30+00:00,0.0,0.0,0.0,0.0
Oasis - John Williams,99.0,2.0,103.74,2025-09-11 04:45:30+00:00,0.0,0.0,0.0,0.0
Oasis - John Williams,99.0,2.0,103.74,2025-09-11 05:00:30+00:00,0.0,0.0,0.0,0.0
Oasis - John Williams,99.0,2.0,103.74,2025-09-11 05:15:30+00:00,0.0,0.0,0.0,0.0
Oasis - John Williams,99.0,2.0,103.74,2025-09-11 05:30:30+00:00,0.0,0.0,0.0,0.0
Oasis - John Williams,99.0,2.0,103.74,2025-09-11 05:45:30+00:00,0.0015,0.00025,0.00325,0.0015
Oasis - John Williams,99.0,2.0,103.74,2025-09-11 06:00:30+00:00,0.00475,0.001,0.0105,0.00425
Oasis - John Williams,99.0,2.0,103.74,2025-09-11 06:15:30+00:00,0.0085,0.003,0.02,0.008
Oasis - John Williams,99.0,2.0,103.74,2025-09-11 06:30:30+00:00,0.02725,0.00825,0.03175,0.02475
Oasis - John Williams,99.0,2.0,103.74,2025-09-11 06:45:30+00:00,0.03525,0.01475,0.043,0.032
Oasis - John Williams,99.0,2.0,103.74,2025-09-11 07:00:30+00:00,0.043,0.01025,0.054,0.03975
Oasis - John Williams,99.0,2.0,103.74,2025-09-11 07:15:30+00:00,0.02775,0.01325,0.064,0.02625
Oasis - John Williams,99.0,2.0,103.74,2025-09-11 07:30:30+00:00,0.05825,0.0205,0.076,0.05475
Oasis - John Williams,99.0,2.0,103.74,2025-09-11 07:45:30+00:00,0.0785,0.045,0.08825,0.07325
Oasis - John Williams,99.0,2.0,103.74,2025-09-11 08:00:30+00:00,0.08725,0.05925,0.099,0.08175
Oasis - John Williams,99.0,2.0,103.74,2025-09-11 08:15:30+00:00,0.08325,0.06875,0.1085,0.079
Oasis - John Williams,99.0,2.0,103.74,2025-09-11 08:30:30+00:00,0.105,0.06525,0.11875,0.1
Oasis - John Williams,99.0,2.0,103.74,2025-09-11 08:45:30+00:00,0.09875,0.0565,0.12725,0.095
Oasis - John Williams,99.0,2.0,103.74,2025-09-11 09:00:30+00:00,0.082,0.04775,0.134,0.08
Oasis - John Williams,99.0,2.0,103.74,2025-09-11 09:15:30+00:00,0.09275,0.04425,0.14375,0.0905
Oasis - John Williams,99.0,2.0,103.74,2025-09-11 09:30:30+00:00,0.11225,0.0565,0.1525,0.10925
Oasis - John Williams,99.0,2.0,103.74,2025-09-11 09:45:30+00:00,0.1475,0.04675,0.16,0.1435
Oasis - John Williams,99.0,2.0,103.74,2025-09-11 10:00:30+00:00,0.0875,0.03,0.16575,0.08575
Oasis - John Williams,99.0,2.0,103.74,2025-09-11 10:15:30+00:00,0.074,0.01475,0.1585,0.073
Oasis - John Williams,99.0,2.0,103.74,2025-09-11 10:30:30+00:00,0.0935,0.01875,0.1585,0.0925
Oasis - John Williams,99.0,2.0,103.74,2025-09-11 10:45:30+00:00,0.08025,0.0305,0.17925,0.07975
Oasis - John Williams,99.0,2.0,103.74,2025-09-11 11:00:30+00:00,0.15,0.0515,0.1845,0.1475
Oasis - John Williams,99.0,2.0,103.74,2025-09-11 11:15:30+00:00,0.1665,0.07875,0.18725,0.16425
Oasis - John Williams,99.0,2.0,103.74,2025-09-11 11:30:30+00:00,0.16625,0.062,0.18875,0.1645
Oasis - John Williams,99.0,2.0,103.74,2025-09-11 11:45:30+00:00,0.10175,0.035,0.189,0.101
Oasis - John Williams,99.0,2.0,103.74,2025-09-11 12:00:30+00:00,0.0865,0.01725,0.166,0.08625
Oasis - John Williams,99.0,2.0,103.74,2025-09-11 12:15:30+00:00,0.059,0.01375,0.1725,0.059
Oasis - John Williams,99.0,2.0,103.74,2025-09-11 12:30:30+00:00,0.12275,0.02875,0.1865,0.12275
Oasis - John Williams,99.0,2.0,103.74,2025-09-11 12:45:30+00:00,0.15025,0.074,0.18375,0.1505
Oasis - John Williams,99.0,2.0,103.74,2025-09-11 13:00:30+00:00,0.14575,0.09975,0.18025,0.1465
Oasis - John Williams,99.0,2.0,103.74,2025-09-11 13:15:30+00:00,0.13575,0.11125,0.16175,0.137
Oasis - John Williams,99.0,2.0,103.74,2025-09-11 13:30:30+00:00,0.12775,0.1065,0.15275,0.129
Oasis - John Williams,99.0,2.0,103.74,2025-09-11 13:45:30+00:00,0.125,0.104,0.1555,0.12675
Oasis - John Williams,99.0,2.0,103.74,2025-09-11 14:00:30+00:00,0.13575,0.10575,0.157,0.13825
Oasis - John Williams,99.0,2.0,103.74,2025-09-11 14:15:30+00:00,0.13325,0.1025,0.14975,0.13625
Oasis - John Williams,99.0,2.0,103.74,2025-09-11 14:30:30+00:00,0.11,0.09725,0.14075,0.11225
Oasis - John Williams,99.0,2.0,103.74,2025-09-11 14:45:30+00:00,0.113,0.091,0.131,0.11625
Oasis - John Williams,99.0,2.0,103.74,2025-09-11 15:00:30+00:00,0.10975,0.0875,0.126,0.1135
Oasis - John Williams,99.0,2.0,103.74,2025-09-11 15:15:30+00:00,0.10175,0.0725,0.1165,0.10625
Oasis - John Williams,99.0,2.0,103.74,2025-09-11 15:30:30+00:00,0.094,0.051,0.107,0.09825
Oasis - John Williams,99.0,2.0,103.74,2025-09-11 15:45:30+00:00,0.069,0.026,0.098,0.07175
Oasis - John Williams,99.0,2.0,103.74,2025-09-11 16:00:30+00:00,0.04225,0.018,0.089,0.0435
Oasis - John Williams,99.0,2.0,103.74,2025-09-11 16:15:30+00:00,0.05725,0.01925,0.07675,0.06025
Oasis - John Williams,99.0,2.0,103.74,2025-09-11 16:30:30+00:00,0.061,0.02625,0.0655,0.0655
Oasis - John Williams,99.0,2.0,103.74,2025-09-11 16:45:30+00:00,0.04025,0.026,0.0555,0.04275
Oasis - John Williams,99.0,2.0,103.74,2025-09-11 17:00:30+00:00,0.034,0.02125,0.04475,0.03675
Oasis - John Williams,99.0,2.0,103.74,2025-09-11 17:15:30+00:00,0.027,0.01625,0.034,0.03
Oasis - John Williams,99.0,2.0,103.74,2025-09-11 17:30:30+00:00,0.01775,0.01075,0.02475,0.02
Oasis - John Williams,99.0,2.0,103.74,2025-09-11 17:45:30+00:00,0.01,0.0055,0.01575,0.011
Oasis - John Williams,99.0,2.0,103.74,2025-09-11 18:00:30+00:00,0.005,0.0025,0.00825,0.00525
Oasis - John Williams,99.0,2.0,103.74,2025-09-11 18:15:30+00:00,0.001,0.001,0.00175,0.001
Oasis - John Williams,99.0,2.0,103.74,2025-09-11 18:30:30+00:00,0.0,0.0,0.0,0.0
Oasis - John Williams,99.0,2.0,103.74,2025-09-11 18:45:30+00:00,0.0,0.0,0.0,0.0
Oasis - John Williams,99.0,2.0,103.74,2025-09-11 19:00:30+00:00,0.0,0.0,0.0,0.0
Oasis - John Williams,99.0,2.0,103.74,2025-09-11 19:15:30+00:00,0.0,0.0,0.0,0.0
Oasis - John Williams,99.0,2.0,103.74,2025-09-11 19:30:30+00:00,0.0,0.0,0.0,0.0
Oasis - John Williams,99.0,2.0,103.74,2025-09-11 19:45:30+00:00,0.0,0.0,0.0,0.0
Oasis - John Williams,99.0,2.0,103.74,2025-09-11 20:00:30+00:00,0.0,0.0,0.0,0.0
Oasis - John Williams,99.0,2.0,103.74,2025-09-11 20:15:30+00:00,0.0,0.0,0.0,0.0
Oasis - John Williams,99.0,2.0,103.74,2025-09-11 20:30:30+00:00,0.0,0.0,0.0,0.0
Oasis - John Williams,99.0,2.0,103.74,2025-09-11 20:45:30+00:00,0.0,0.0,0.0,0.0
Oasis - John Williams,99.0,2.0,103.74,2025-09-11 21:00:30+00:00,0.0,0.0,0.0,0.0
Oasis - John Williams,99.0,2.0,103.74,2025-09-11 21:15:30+00:00,0.0,0.0,0.0,0.0
Oasis - John Williams,99.0,2.0,103.74,2025-09-11 21:30:30+00:00,0.0,0.0,0.0,0.0
Oasis - John Williams,99.0,2.0,103.74,2025-09-11 21:45:30+00:00,0.0,0.0,0.0,0.0
Oasis - John Williams,99.0,2.0,103.74,2025-09-11 22:00:30+00:00,0.0,0.0,0.0,0.0
Oasis - John Williams,99.0,2.0,103.74,2025-09-11 22:15:30+00:00,0.0,0.0,0.0,0.0
Oasis - John Williams,99.0,2.0,103.74,2025-09-11 22:30:30+00:00,0.0,0.0,0.0,0.0
Oasis - John Williams,99.0,2.0,103.74,2025-09-11 22:45:30+00:00,0.0,0.0,0.0,0.0
Oasis - John Williams,99.0,2.0,103.74,2025-09-11 23:00:30+00:00,0.0,0.0,0.0,0.0
Oasis - John Williams,99.0,2.0,103.74,2025-09-11 23:15:30+00:00,0.0,0.0,0.0,0.0
Oasis - John Williams,99.0,2.0,103.74,2025-09-11 23:30:30+00:00,0.0,0.0,0.0,0.0
Oasis - John Williams,99.0,2.0,103.74,2025-09-11 23:45:30+00:00,0.0,0.0,0.0,0.0
Oasis - John Williams,99.0,2.0,103.74,2025-09-12 00:00:30+00:00,0.0,0.0,0.0,0.0
Oasis - John Williams,99.0,2.0,103.74,2025-09-12 00:15:30+00:00,0.0,0.0,0.0,0.0
Oasis - John Williams,99.0,2.0,103.74,2025-09-12 00:30:30+00:00,0.0,0.0,0.0,0.0
Oasis - John Williams,99.0,2.0,103.74,2025-09-12 00:45:30+00:00,0.0,0.0,0.0,0.0
Oasis - John Williams,99.0,2.0,103.74,2025-09-12 01:00:30+00:00,0.0,0.0,0.0,0.0
Oasis - John Williams,99.0,2.0,103.74,2025-09-12 01:15:30+00:00,0.0,0.0,0.0,0.0
Oasis - John Williams,99.0,2.0,103.74,2025-09-12 01:30:30+00:00,0.0,0.0,0.0,0.0
Oasis - John Williams,99.0,2.0,103.74,2025-09-12 01:45:30+00:00,0.0,0.0,0.0,0.0
Oasis - John Williams,99.0,2.0,103.74,2025-09-12 02:00:30+00:00,0.0,0.0,0.0,0.0
Oasis - John Williams,99.0,2.0,103.74,2025-09-12 02:15:30+00:00,0.0,0.0,0.0,0.0
Oasis - John Williams,99.0,2.0,103.74,2025-09-12 02:30:30+00:00,0.0,0.0,0.0,0.0
Oasis - John Williams,99.0,2.0,103.74,2025-09-12 02:45:30+00:00,0.0,0.0,0.0,0.0
Oasis - John Williams,99.0,2.0,103.74,2025-09-12 03:00:30+00:00,0.0,0.0,0.0,0.0
Oasis - John Williams,99.0,2.0,103.74,2025-09-12 03:15:30+00:00,0.0,0.0,0.0,0.0
Oasis - John Williams,99.0,2.0,103.74,2025-09-12 03:30:30+00:00,0.0,0.0,0.0,0.0
Oasis - John Williams,99.0,2.0,103.74,2025-09-12 03:45:30+00:00,0.0,0.0,0.0,0.0
Oasis - John Williams,99.0,2.0,103.74,2025-09-12 04:00:30+00:00,0.0,0.0,0.0,0.0
Oasis - John Williams,99.0,2.0,103.74,2025-09-12 04:15:30+00:00,0.0,0.0,0.0,0.0
Oasis - John Williams,99.0,2.0,103.74,2025-09-12 04:30:30+00:00,0.0,0.0,0.0,0.0
Oasis - John Williams,99.0,2.0,103.74,2025-09-12 04:45:30+00:00,0.0,0.0,0.0,0.0
Oasis - John Williams,99.0,2.0,103.74,2025-09-12 05:00:30+00:00,0.0,0.0,0.0,0.0
Oasis - John Williams,99.0,2.0,103.74,2025-09-12 05:15:30+00:00,0.0,0.0,0.0,0.0
Oasis - John Williams,99.0,2.0,103.74,2025-09-12 05:30:30+00:00,0.0,0.0,0.0,0.0
Oasis - John Williams,99.0,2.0,103.74,2025-09-12 05:45:30+00:00,0.00225,0.002,0.0025,0.00225
Oasis - John Williams,99.0,2.0,103.74,2025-09-12 06:00:30+00:00,0.0095,0.00675,0.01125,0.0075
Oasis - John Williams,99.0,2.0,103.74,2025-09-12 06:15:30+00:00,0.01875,0.0095,0.02125,0.01575
Oasis - John Williams,99.0,2.0,103.74,2025-09-12 06:30:30+00:00,0.02575,0.01125,0.03175,0.02275
Oasis - John Williams,99.0,2.0,103.74,2025-09-12 06:45:30+00:00,0.031,0.00625,0.04175,0.0285
Oasis - John Williams,99.0,2.0,103.74,2025-09-12 07:00:30+00:00,0.0165,0.00375,0.049,0.016
Oasis - John Williams,99.0,2.0,103.74,2025-09-12 07:15:30+00:00,0.03025,0.006,0.061,0.02875
Oasis - John Williams,99.0,2.0,103.74,2025-09-12 07:30:30+00:00,0.0515,0.0185,0.073,0.0485
Oasis - John Williams,99.0,2.0,103.74,2025-09-12 07:45:30+00:00,0.0545,0.0315,0.084,0.05175
Oasis - John Williams,99.0,2.0,103.74,2025-09-12 08:00:30+00:00,0.06675,0.03375,0.0855,0.06375
Oasis - John Williams,99.0,2.0,103.74,2025-09-12 08:15:30+00:00,0.05675,0.0295,0.08725,0.055
Oasis - John Williams,99.0,2.0,103.74,2025-09-12 08:30:30+00:00,0.0515,0.02625,0.085,0.05075
Oasis - John Williams,99.0,2.0,103.74,2025-09-12 08:45:30+00:00,0.059,0.032,0.0925,0.058
Oasis - John Williams,99.0,2.0,103.74,2025-09-12 09:00:30+00:00,0.07625,0.0465,0.1065,0.0745
Oasis - John Williams,99.0,2.0,103.74,2025-09-12 09:15:30+00:00,0.0935,0.05675,0.11575,0.091
Oasis - John Williams,99.0,2.0,103.74,2025-09-12 09:30:30+00:00,0.0875,0.05575,0.11975,0.0855
Oasis - John Williams,99.0,2.0,103.74,2025-09-12 09:45:30+00:00,0.082,0.04225,0.126,0.08075
Oasis - John Williams,99.0,2.0,103.74,2025-09-12 10:00:30+00:00,0.08225,0.039,0.1525,0.081
Oasis - John Williams,99.0,2.0,103.74,2025-09-12 10:15:30+00:00,0.12275,0.0245,0.1615,0.1205
Oasis - John Williams,99.0,2.0,103.74,2025-09-12 10:30:30+00:00,0.06775,0.0345,0.17425,0.067
Oasis - John Williams,99.0,2.0,103.74,2025-09-12 10:45:30+00:00,0.1415,0.0455,0.17975,0.13925
Oasis - John Williams,99.0,2.0,103.74,2025-09-12 11:00:30+00:00,0.16375,0.066,0.18325,0.16125
Oasis - John Williams,99.0,2.0,103.74,2025-09-12 11:15:30+00:00,0.11125,0.06925,0.18525,0.11025
Oasis - John Williams,99.0,2.0,103.74,2025-09-12 11:30:30+00:00,0.13225,0.0775,0.187,0.13125
Oasis - John Williams,99.0,2.0,103.74,2025-09-12 11:45:30+00:00,0.157,0.09475,0.188,0.15575
Oasis - John Williams,99.0,2.0,103.74,2025-09-12 12:00:30+00:00,0.14725,0.093,0.18775,0.1465
Oasis - John Williams,99.0,2.0,103.74,2025-09-12 12:15:30+00:00,0.1185,0.08875,0.17975,0.11825
Oasis - John Williams,99.0,2.0,103.74,2025-09-12 12:30:30+00:00,0.13675,0.07475,0.1675,0.137
Oasis - John Williams,99.0,2.0,103.74,2025-09-12 12:45:30+00:00,0.10725,0.07625,0.1645,0.1075
Oasis - John Williams,99.0,2.0,103.74,2025-09-12 13:00:30+00:00,0.11625,0.07725,0.16675,0.11675
Oasis - John Williams,99.0,2.0,103.74,2025-09-12 13:15:30+00:00,0.14125,0.08725,0.17425,0.1425
Oasis - John Williams,99.0,2.0,103.74,2025-09-12 13:30:30+00:00,0.13425,0.08175,0.1695,0.13575
Oasis - John Williams,99.0,2.0,103.74,2025-09-12 13:45:30+00:00,0.11875,0.06075,0.164,0.12025
Oasis - John Williams,99.0,2.0,103.74,2025-09-12 14:00:30+00:00,0.0935,0.03025,0.157,0.09475
Oasis - John Williams,99.0,2.0,103.74,2025-09-12 14:15:30+00:00,0.06775,0.0265,0.15175,0.06825
Oasis - John Williams,99.0,2.0,103.74,2025-09-12 14:30:30+00:00,0.106,0.0365,0.1425,0.10825
Oasis - John Williams,99.0,2.0,103.74,2025-09-12 14:45:30+00:00,0.12375,0.05575,0.13375,0.1275
Oasis - John Williams,99.0,2.0,103.74,2025-09-12 15:00:30+00:00,0.09925,0.053,0.12525,0.10225
Oasis - John Williams,99.0,2.0,103.74,2025-09-12 15:15:30+00:00,0.08625,0.04225,0.11625,0.089
Oasis - John Williams,99.0,2.0,103.74,2025-09-12 15:30:30+00:00,0.06775,0.02425,0.10725,0.06975
Oasis - John Williams,99.0,2.0,103.74,2025-09-12 15:45:30+00:00,0.048,0.019,0.09725,0.049
Oasis - John Williams,99.0,2.0,103.74,2025-09-12 16:00:30+00:00,0.05725,0.01975,0.08625,0.05975
Oasis - John Williams,99.0,2.0,103.74,2025-09-12 16:15:30+00:00,0.0675,0.0235,0.075,0.0715
Oasis - John Williams,99.0,2.0,103.74,2025-09-12 16:30:30+00:00,0.03975,0.02325,0.06575,0.0415
Oasis - John Williams,99.0,2.0,103.74,2025-09-12 16:45:30+00:00,0.0365,0.019,0.05425,0.03875
Oasis - John Williams,99.0,2.0,103.74,2025-09-12 17:00:30+00:00,0.0335,0.019,0.043,0.03675
Oasis - John Williams,99.0,2.0,103.74,2025-09-12 17:15:30+00:00,0.02525,0.017,0.03225,0.0285
Oasis - John Williams,99.0,2.0,103.74,2025-09-12 17:30:30+00:00,0.017,0.01175,0.0225,0.01975
Oasis - John Williams,99.0,2.0,103.74,2025-09-12 17:45:30+00:00,0.01025,0.00675,0.01375,0.012
Oasis - John Williams,99.0,2.0,103.74,2025-09-12 18:00:30+00:00,0.005,0.00375,0.007,0.0055
Oasis - John Williams,99.0,2.0,103.74,2025-09-12 18:15:30+00:00,0.00225,0.0015,0.003,0.00225
Oasis - John Williams,99.0,2.0,103.74,2025-09-12 18:30:30+00:00,0.0,0.0,0.0,0.0
Oasis - John Williams,99.0,2.0,103.74,2025-09-12 18:45:30+00:00,0.0,0.0,0.0,0.0
Oasis - John Williams,99.0,2.0,103.74,2025-09-12 19:00:30+00:00,0.0,0.0,0.0,0.0
Oasis - John Williams,99.0,2.0,103.74,2025-09-12 19:15:30+00:00,0.0,0.0,0.0,0.0
Oasis - John Williams,99.0,2.0,103.74,2025-09-12 19:30:30+00:00,0.0,0.0,0.0,0.0
Oasis - John Williams,99.0,2.0,103.74,2025-09-12 19:45:30+00:00,0.0,0.0,0.0,0.0
Oasis - John Williams,99.0,2.0,103.74,2025-09-12 20:00:30+00:00,0.0,0.0,0.0,0.0
Oasis - John Williams,99.0,2.0,103.74,2025-09-12 20:15:30+00:00,0.0,0.0,0.0,0.0
Oasis - John Williams,99.0,2.0,103.74,2025-09-12 20:30:30+00:00,0.0,0.0,0.0,0.0
Oasis - John Williams,99.0,2.0,103.74,2025-09-12 20:45:30+00:00,0.0,0.0,0.0,0.0
Oasis - John Williams,99.0,2.0,103.74,2025-09-12 21:00:30+00:00,0.0,0.0,0.0,0.0
Oasis - John Williams,99.0,2.0,103.74,2025-09-12 21:15:30+00:00,0.0,0.0,0.0,0.0
Oasis - John Williams,99.0,2.0,103.74,2025-09-12 21:30:30+00:00,0.0,0.0,0.0,0.0
Oasis - John Williams,99.0,2.0,103.74,2025-09-12 21:45:30+00:00,0.0,0.0,0.0,0.0
Oasis - John Williams,99.0,2.0,103.74,2025-09-12 22:00:30+00:00,0.0,0.0,0.0,0.0
Oasis - John Williams,99.0,2.0,103.74,2025-09-12 22:15:30+00:00,0.0,0.0,0.0,0.0
Oasis - John Williams,99.0,2.0,103.74,2025-09-12 22:30:30+00:00,0.0,0.0,0.0,0.0
Oasis - John Williams,99.0,2.0,103.74,2025-09-12 22:45:30+00:00,0.0,0.0,0.0,0.0
Oasis - John Williams,99.0,2.0,103.74,2025-09-12 23:00:30+00:00,0.0,0.0,0.0,0.0
Oasis - John Williams,99.0,2.0,103.74,2025-09-12 23:15:30+00:00,0.0,0.0,0.0,0.0
Oasis - John Williams,99.0,2.0,103.74,2025-09-12 23:30:30+00:00,0.0,0.0,0.0,0.0
Oasis - John Williams,99.0,2.0,103.74,2025-09-12 23:45:30+00:00,0.0,0.0,0.0,0.0
Oasis - John Williams,99.0,2.0,103.74,2025-09-13 00:00:30+00:00,0.0,0.0,0.0,0.0
Oasis - John Williams,99.0,2.0,103.74,2025-09-13 00:15:30+00:00,0.0,0.0,0.0,0.0
Oasis - John Williams,99.0,2.0,103.74,2025-09-13 00:30:30+00:00,0.0,0.0,0.0,0.0
Oasis - John Williams,99.0,2.0,103.74,2025-09-13 00:45:30+00:00,0.0,0.0,0.0,0.0
Oasis - John Williams,99.0,2.0,103.74,2025-09-13 01:00:30+00:00,0.0,0.0,0.0,0.0
Oasis - John Williams,99.0,2.0,103.74,2025-09-13 01:15:30+00:00,0.0,0.0,0.0,0.0
Oasis - John Williams,99.0,2.0,103.74,2025-09-13 01:30:30+00:00,0.0,0.0,0.0,0.0
Oasis - John Williams,99.0,2.0,103.74,2025-09-13 01:45:30+00:00,0.0,0.0,0.0,0.0
Oasis - John Williams,99.0,2.0,103.74,2025-09-13 02:00:30+00:00,0.0,0.0,0.0,0.0
Oasis - John Williams,99.0,2.0,103.74,2025-09-13 02:15:30+00:00,0.0,0.0,0.0,0.0
Oasis - John Williams,99.0,2.0,103.74,2025-09-13 02:30:30+00:00,0.0,0.0,0.0,0.0
Oasis - John Williams,99.0,2.0,103.74,2025-09-13 02:45:30+00:00,0.0,0.0,0.0,0.0
Oasis - John Williams,99.0,2.0,103.74,2025-09-13 03:00:30+00:00,0.0,0.0,0.0,0.0
Oasis - John Williams,99.0,2.0,103.74,2025-09-13 03:15:30+00:00,0.0,0.0,0.0,0.0
Oasis - John Williams,99.0,2.0,103.74,2025-09-13 03:30:30+00:00,0.0,0.0,0.0,0.0
Oasis - John Williams,99.0,2.0,103.74,2025-09-13 03:45:30+00:00,0.0,0.0,0.0,0.0
Oasis - John Williams,99.0,2.0,103.74,2025-09-13 04:00:30+00:00,0.0,0.0,0.0,0.0
Oasis - John Williams,99.0,2.0,103.74,2025-09-13 04:15:30+00:00,0.0,0.0,0.0,0.0
Oasis - John Williams,99.0,2.0,103.74,2025-09-13 04:30:30+00:00,0.0,0.0,0.0,0.0
Oasis - John Williams,99.0,2.0,103.74,2025-09-13 04:45:30+00:00,0.0,0.0,0.0,0.0
Oasis - John Williams,99.0,2.0,103.74,2025-09-13 05:00:30+00:00,0.0,0.0,0.0,0.0
Oasis - John Williams,99.0,2.0,103.74,2025-09-13 05:15:30+00:00,0.0,0.0,0.0,0.0
Oasis - John Williams,99.0,2.0,103.74,2025-09-13 05:30:30+00:00,0.0,0.0,0.0,0.0
Oasis - John Williams,99.0,2.0,103.74,2025-09-13 05:45:30+00:00,0.00075,0.00025,0.00175,0.00075
Oasis - John Williams,99.0,2.0,103.74,2025-09-13 06:00:30+00:00,0.0035,0.00075,0.008,0.0035
Oasis - John Williams,99.0,2.0,103.74,2025-09-13 06:15:30+00:00,0.00725,0.0025,0.017,0.00725
Oasis - John Williams,99.0,2.0,103.74,2025-09-13 06:30:30+00:00,0.0235,0.00475,0.02925,0.02125
Oasis - John Williams,99.0,2.0,103.74,2025-09-13 06:45:30+00:00,0.0195,0.00975,0.0385,0.0185
Oasis - John Williams,99.0,2.0,103.74,2025-09-13 07:00:30+00:00,0.04375,0.00875,0.051,0.04075
Oasis - John Williams,99.0,2.0,103.74,2025-09-13 07:15:30+00:00,0.03175,0.00625,0.0595,0.0305
Oasis - John Williams,99.0,2.0,103.74,2025-09-13 07:30:30+00:00,0.01925,0.0065,0.06925,0.01925
Oasis - John Williams,99.0,2.0,103.74,2025-09-13 07:45:30+00:00,0.0665,0.02,0.084,0.063
Oasis - John Williams,99.0,2.0,103.74,2025-09-13 08:00:30+00:00,0.087,0.05125,0.096,0.0815
Oasis - John Williams,99.0,2.0,103.74,2025-09-13 08:15:30+00:00,0.0955,0.07425,0.10675,0.08975
Oasis - John Williams,99.0,2.0,103.74,2025-09-13 08:30:30+00:00,0.1045,0.0935,0.115,0.09875
Oasis - John Williams,99.0,2.0,103.74,2025-09-13 08:45:30+00:00,0.11275,0.10325,0.121,0.107
Oasis - John Williams,99.0,2.0,103.74,2025-09-13 09:00:30+00:00,0.11875,0.1075,0.128,0.11325
Oasis - John Williams,99.0,2.0,103.74,2025-09-13 09:15:30+00:00,0.1215,0.1135,0.135,0.11675
Oasis - John Williams,99.0,2.0,103.74,2025-09-13 09:30:30+00:00,0.13325,0.12025,0.14375,0.12825
Oasis - John Williams,99.0,2.0,103.74,2025-09-13 09:45:30+00:00,0.14075,0.1265,0.154,0.136
Oasis - John Williams,99.0,2.0,103.74,2025-09-13 10:00:30+00:00,0.14625,0.119,0.164,0.142
Oasis - John Williams,99.0,2.0,103.74,2025-09-13 10:15:30+00:00,0.142,0.1095,0.169,0.1385
Oasis - John Williams,99.0,2.0,103.74,2025-09-13 10:30:30+00:00,0.14325,0.07975,0.17375,0.14025
Oasis - John Williams,99.0,2.0,103.74,2025-09-13 10:45:30+00:00,0.1185,0.06025,0.177,0.11675
Oasis - John Williams,99.0,2.0,103.74,2025-09-13 11:00:30+00:00,0.12075,0.0295,0.17525,0.11925
Oasis - John Williams,99.0,2.0,103.74,2025-09-13 11:15:30+00:00,0.06675,0.01475,0.16225,0.0665
Oasis - John Williams,99.0,2.0,103.74,2025-09-13 11:30:30+00:00,0.0775,0.0155,0.16,0.07725
Oasis - John Williams,99.0,2.0,103.74,2025-09-13 11:45:30+00:00,0.1115,0.0335,0.185,0.111
Oasis - John Williams,99.0,2.0,103.74,2025-09-13 12:00:30+00:00,0.148,0.0495,0.18525,0.1475
Oasis - John Williams,99.0,2.0,103.74,2025-09-13 12:15:30+00:00,0.0985,0.05825,0.17975,0.0985
Oasis - John Williams,99.0,2.0,103.74,2025-09-13 12:30:30+00:00,0.10975,0.05925,0.16425,0.10975
Oasis - John Williams,99.0,2.0,103.74,2025-09-13 12:45:30+00:00,0.126,0.0745,0.1685,0.12625
Oasis - John Williams,99.0,2.0,103.74,2025-09-13 13:00:30+00:00,0.128,0.09175,0.168,0.1285
Oasis - John Williams,99.0,2.0,103.74,2025-09-13 13:15:30+00:00,0.135,0.09075,0.159,0.136
Oasis - John Williams,99.0,2.0,103.74,2025-09-13 13:30:30+00:00,0.1115,0.08525,0.165,0.1125
Oasis - John Williams,99.0,2.0,103.74,2025-09-13 13:45:30+00:00,0.128,0.07625,0.16125,0.12975
Oasis - John Williams,99.0,2.0,103.74,2025-09-13 14:00:30+00:00,0.13325,0.062,0.15475,0.1355
Oasis - John Williams,99.0,2.0,103.74,2025-09-13 14:15:30+00:00,0.08175,0.0565,0.14825,0.083
Oasis - John Williams,99.0,2.0,103.74,2025-09-13 14:30:30+00:00,0.10475,0.05175,0.14,0.107
Oasis - John Williams,99.0,2.0,103.74,2025-09-13 14:45:30+00:00,0.11125,0.07025,0.13125,0.11475
Oasis - John Williams,99.0,2.0,103.74,2025-09-13 15:00:30+00:00,0.10575,0.0755,0.12225,0.10975
Oasis - John Williams,99.0,2.0,103.74,2025-09-13 15:15:30+00:00,0.0895,0.07475,0.112,0.093
Oasis - John Williams,99.0,2.0,103.74,2025-09-13 15:30:30+00:00,0.084,0.06025,0.1035,0.08775
Oasis - John Williams,99.0,2.0,103.74,2025-09-13 15:45:30+00:00,0.08475,0.04425,0.09325,0.08925
Oasis - John Williams,99.0,2.0,103.74,2025-09-13 16:00:30+00:00,0.0625,0.02075,0.08375,0.0655
Oasis - John Williams,99.0,2.0,103.74,2025-09-13 16:15:30+00:00,0.02675,0.01125,0.0755,0.0275
Oasis - John Williams,99.0,2.0,103.74,2025-09-13 16:30:30+00:00,0.04275,0.009,0.063,0.045
Oasis - John Williams,99.0,2.0,103.74,2025-09-13 16:45:30+00:00,0.043,0.01925,0.05125,0.04675
Oasis - John Williams,99.0,2.0,103.74,2025-09-13 17:00:30+00:00,0.035,0.021,0.04025,0.039
Oasis - John Williams,99.0,2.0,103.74,2025-09-13 17:15:30+00:00,0.026,0.01825,0.03,0.02975
Oasis - John Williams,99.0,2.0,103.74,2025-09-13 17:30:30+00:00,0.017,0.0125,0.0205,0.02025
Oasis - John Williams,99.0,2.0,103.74,2025-09-13 17:45:30+00:00,0.00975,0.00675,0.01175,0.01225
Oasis - John Williams,99.0,2.0,103.74,2025-09-13 18:00:30+00:00,0.0045,0.00375,0.0055,0.005
Oasis - John Williams,99.0,2.0,103.74,2025-09-13 18:15:30+00:00,0.002,0.0015,0.00225,0.002
Oasis - John Williams,99.0,2.0,103.74,2025-09-13 18:30:30+00:00,0.0,0.0,0.0,0.0
Oasis - John Williams,99.0,2.0,103.74,2025-09-13 18:45:30+00:00,0.0,0.0,0.0,0.0
Oasis - John Williams,99.0,2.0,103.74,2025-09-13 19:00:30+00:00,0.0,0.0,0.0,0.0
Oasis - John Williams,99.0,2.0,103.74,2025-09-13 19:15:30+00:00,0.0,0.0,0.0,0.0
Oasis - John Williams,99.0,2.0,103.74,2025-09-13 19:30:30+00:00,0.0,0.0,0.0,0.0
Oasis - John Williams,99.0,2.0,103.74,2025-09-13 19:45:30+00:00,0.0,0.0,0.0,0.0
Oasis - John Williams,99.0,2.0,103.74,2025-09-13 20:00:30+00:00,0.0,0.0,0.0,0.0
Oasis - John Williams,99.0,2.0,103.74,2025-09-13 20:15:30+00:00,0.0,0.0,0.0,0.0
Oasis - John Williams,99.0,2.0,103.74,2025-09-13 20:30:30+00:00,0.0,0.0,0.0,0.0
Oasis - John Williams,99.0,2.0,103.74,2025-09-13 20:45:30+00:00,0.0,0.0,0.0,0.0
Oasis - John Williams,99.0,2.0,103.74,2025-09-13 21:00:30+00:00,0.0,0.0,0.0,0.0
Oasis - John Williams,99.0,2.0,103.74,2025-09-13 21:15:30+00:00,0.0,0.0,0.0,0.0
Oasis - John Williams,99.0,2.0,103.74,2025-09-13 21:30:30+00:00,0.0,0.0,0.0,0.0
Oasis - John Williams,99.0,2.0,103.74,2025-09-13 21:45:30+00:00,0.0,0.0,0.0,0.0
Oasis - John Williams,99.0,2.0,103.74,2025-09-13 22:00:30+00:00,0.0,0.0,0.0,0.0
Oasis - John Williams,99.0,2.0,103.74,2025-09-13 22:15:30+00:00,0.0,0.0,0.0,0.0
Oasis - John Williams,99.0,2.0,103.74,2025-09-13 22:30:30+00:00,0.0,0.0,0.0,0.0
Oasis - John Williams,99.0,2.0,103.74,2025-09-13 22:45:30+00:00,0.0,0.0,0.0,0.0
Oasis - John Williams,99.0,2.0,103.74,2025-09-13 23:00:30+00:00,0.0,0.0,0.0,0.0
Oasis - John Williams,99.0,2.0,103.74,2025-09-13 23:15:30+00:00,0.0,0.0,0.0,0.0
Oasis - John Williams,99.0,2.0,103.74,2025-09-13 23:30:30+00:00,0.0,0.0,0.0,0.0
Oasis - John Williams,99.0,2.0,103.74,2025-09-13 23:45:30+00:00,0.0,0.0,0.0,0.0
Oasis - John Williams,99.0,2.0,103.74,2025-09-14 00:00:30+00:00,0.0,0.0,0.0,0.0
Oasis - John Williams,99.0,2.0,103.74,2025-09-14 00:15:30+00:00,0.0,0.0,0.0,0.0
Oasis - John Williams,99.0,2.0,103.74,2025-09-14 00:30:30+00:00,0.0,0.0,0.0,0.0
Oasis - John Williams,99.0,2.0,103.74,2025-09-14 00:45:30+00:00,0.0,0.0,0.0,0.0
Oasis - John Williams,99.0,2.0,103.74,2025-09-14 01:00:30+00:00,0.0,0.0,0.0,0.0
Oasis - John Williams,99.0,2.0,103.74,2025-09-14 01:15:30+00:00,0.0,0.0,0.0,0.0
Oasis - John Williams,99.0,2.0,103.74,2025-09-14 01:30:30+00:00,0.0,0.0,0.0,0.0
Oasis - John Williams,99.0,2.0,103.74,2025-09-14 01:45:30+00:00,0.0,0.0,0.0,0.0
Oasis - John Williams,99.0,2.0,103.74,2025-09-14 02:00:30+00:00,0.0,0.0,0.0,0.0
Oasis - John Williams,99.0,2.0,103.74,2025-09-14 02:15:30+00:00,0.0,0.0,0.0,0.0
Oasis - John Williams,99.0,2.0,103.74,2025-09-14 02:30:30+00:00,0.0,0.0,0.0,0.0
Oasis - John Williams,99.0,2.0,103.74,2025-09-14 02:45:30+00:00,0.0,0.0,0.0,0.0
Oasis - John Williams,99.0,2.0,103.74,2025-09-14 03:00:30+00:00,0.0,0.0,0.0,0.0
Oasis - John Williams,99.0,2.0,103.74,2025-09-14 03:15:30+00:00,0.0,0.0,0.0,0.0
Oasis - John Williams,99.0,2.0,103.74,2025-09-14 03:30:30+00:00,0.0,0.0,0.0,0.0
Oasis - John Williams,99.0,2.0,103.74,2025-09-14 03:45:30+00:00,0.0,0.0,0.0,0.0
Oasis - John Williams,99.0,2.0,103.74,2025-09-14 04:00:30+00:00,0.0,0.0,0.0,0.0
Oasis - John Williams,99.0,2.0,103.74,2025-09-14 04:15:30+00:00,0.0,0.0,0.0,0.0
Oasis - John Williams,99.0,2.0,103.74,2025-09-14 04:30:30+00:00,0.0,0.0,0.0,0.0
Oasis - John Williams,99.0,2.0,103.74,2025-09-14 04:45:30+00:00,0.0,0.0,0.0,0.0
Oasis - John Williams,99.0,2.0,103.74,2025-09-14 05:00:30+00:00,0.0,0.0,0.0,0.0
Oasis - John Williams,99.0,2.0,103.74,2025-09-14 05:15:30+00:00,0.0,0.0,0.0,0.0
Oasis - John Williams,99.0,2.0,103.74,2025-09-14 05:30:30+00:00,0.0,0.0,0.0,0.0
Oasis - John Williams,99.0,2.0,103.74,2025-09-14 05:45:30+00:00,0.0005,0.0,0.00125,0.0005
Oasis - John Williams,99.0,2.0,103.74,2025-09-14 06:00:30+00:00,0.0025,0.0005,0.00525,0.0025
Oasis - John Williams,99.0,2.0,103.74,2025-09-14 06:15:30+00:00,0.00525,0.00125,0.01125,0.00525
Oasis - John Williams,99.0,2.0,103.74,2025-09-14 06:30:30+00:00,0.011,0.00375,0.019,0.01075
Oasis - John Williams,99.0,2.0,103.74,2025-09-14 06:45:30+00:00,0.018,0.00425,0.027,0.01725
Oasis - John Williams,99.0,2.0,103.74,2025-09-14 07:00:30+00:00,0.01725,0.0035,0.03275,0.017
Oasis - John Williams,99.0,2.0,103.74,2025-09-14 07:15:30+00:00,0.01825,0.00425,0.03375,0.01825
Oasis - John Williams,99.0,2.0,103.74,2025-09-14 07:30:30+00:00,0.015,0.005,0.03325,0.015
Oasis - John Williams,99.0,2.0,103.74,2025-09-14 07:45:30+00:00,0.01675,0.00575,0.031,0.01675
Oasis - John Williams,99.0,2.0,103.74,2025-09-14 08:00:30+00:00,0.01825,0.0065,0.03275,0.01825
Oasis - John Williams,99.0,2.0,103.74,2025-09-14 08:15:30+00:00,0.01825,0.00725,0.038,0.01825
Oasis - John Williams,99.0,2.0,103.74,2025-09-14 08:30:30+00:00,0.02775,0.008,0.04025,0.02775
Oasis - John Williams,99.0,2.0,103.74,2025-09-14 08:45:30+00:00,0.015,0.00875,0.04775,0.015
Oasis - John Williams,99.0,2.0,103.74,2025-09-14 09:00:30+00:00,0.0345,0.0095,0.04925,0.0345
Oasis - John Williams,99.0,2.0,103.74,2025-09-14 09:15:30+00:00,0.02675,0.01,0.05225,0.02675
Oasis - John Williams,99.0,2.0,103.74,2025-09-14 09:30:30+00:00,0.02575,0.0105,0.04975,0.026
Oasis - John Williams,99.0,2.0,103.74,2025-09-14 09:45:30+00:00,0.031,0.01175,0.05325,0.031
Oasis - John Williams,99.0,2.0,103.74,2025-09-14 10:00:30+00:00,0.0405,0.01725,0.0585,0.0405
Oasis - John Williams,99.0,2.0,103.74,2025-09-14 10:15:30+00:00,0.0415,0.0215,0.0645,0.0415
Oasis - John Williams,99.0,2.0,103.74,2025-09-14 10:30:30+00:00,0.0465,0.021,0.06875,0.0465
Oasis - John Williams,99.0,2.0,103.74,2025-09-14 10:45:30+00:00,0.04625,0.0135,0.071,0.04625
Oasis - John Williams,99.0,2.0,103.74,2025-09-14 11:00:30+00:00,0.0335,0.013,0.06825,0.0335
Oasis - John Williams,99.0,2.0,103.74,2025-09-14 11:15:30+00:00,0.02675,0.01325,0.058,0.02675
Oasis - John Williams,99.0,2.0,103.74,2025-09-14 11:30:30+00:00,0.02225,0.01325,0.05025,0.02225
Oasis - John Williams,99.0,2.0,103.74,2025-09-14 11:45:30+00:00,0.0245,0.0135,0.04675,0.0245
Oasis - John Williams,99.0,2.0,103.74,2025-09-14 12:00:30+00:00,0.0265,0.0135,0.05,0.0265
Oasis - John Williams,99.0,2.0,103.74,2025-09-14 12:15:30+00:00,0.03225,0.0135,0.05625,0.03225
Oasis - John Williams,99.0,2.0,103.74,2025-09-14 12:30:30+00:00,0.036,0.01325,0.0575,0.036
Oasis - John Williams,99.0,2.0,103.74,2025-09-14 12:45:30+00:00,0.0265,0.01325,0.054,0.0265
Oasis - John Williams,99.0,2.0,103.74,2025-09-14 13:00:30+00:00,0.01625,0.013,0.0465,0.01625
Oasis - John Williams,99.0,2.0,103.74,2025-09-14 13:15:30+00:00,0.0215,0.01275,0.04225,0.0215
Oasis - John Williams,99.0,2.0,103.74,2025-09-14 13:30:30+00:00,0.0215,0.01225,0.04,0.0215
Oasis - John Williams,99.0,2.0,103.74,2025-09-14 13:45:30+00:00,0.01975,0.012,0.03975,0.01975
Oasis - John Williams,99.0,2.0,103.74,2025-09-14 14:00:30+00:00,0.0245,0.0115,0.039,0.02475
Oasis - John Williams,99.0,2.0,103.74,2025-09-14 14:15:30+00:00,0.024,0.011,0.03825,0.024
Oasis - John Williams,99.0,2.0,103.74,2025-09-14 14:30:30+00:00,0.021,0.0105,0.037,0.02125
Oasis - John Williams,99.0,2.0,103.74,2025-09-14 14:45:30+00:00,0.0195,0.00975,0.04025,0.0195
Oasis - John Williams,99.0,2.0,103.74,2025-09-14 15:00:30+00:00,0.0205,0.00925,0.041,0.0205
Oasis - John Williams,99.0,2.0,103.74,2025-09-14 15:15:30+00:00,0.01,0.0085,0.04,0.01
Oasis - John Williams,99.0,2.0,103.74,2025-09-14 15:30:30+00:00,0.02925,0.00775,0.04475,0.0295
Oasis - John Williams,99.0,2.0,103.74,2025-09-14 15:45:30+00:00,0.02175,0.007,0.04425,0.02175
Oasis - John Williams,99.0,2.0,103.74,2025-09-14 16:00:30+00:00,0.0175,0.00625,0.04,0.0175
Oasis - John Williams,99.0,2.0,103.74,2025-09-14 16:15:30+00:00,0.02,0.0055,0.042,0.02025
Oasis - John Williams,99.0,2.0,103.74,2025-09-14 16:30:30+00:00,0.02275,0.00475,0.045,0.02325
Oasis - John Williams,99.0,2.0,103.74,2025-09-14 16:45:30+00:00,0.0225,0.0045,0.04625,0.02325
Oasis - John Williams,99.0,2.0,103.74,2025-09-14 17:00:30+00:00,0.024,0.00475,0.04,0.0255
Oasis - John Williams,99.0,2.0,103.74,2025-09-14 17:15:30+00:00,0.01875,0.006,0.03075,0.02025
Oasis - John Williams,99.0,2.0,103.74,2025-09-14 17:30:30+00:00,0.01575,0.006,0.0205,0.0175
Oasis - John Williams,99.0,2.0,103.74,2025-09-14 17:45:30+00:00,0.009,0.00475,0.011,0.011
Oasis - John Williams,99.0,2.0,103.74,2025-09-14 18:00:30+00:00,0.00375,0.00275,0.0045,0.004
Oasis - John Williams,99.0,2.0,103.74,2025-09-14 18:15:30+00:00,0.00075,0.0005,0.00075,0.00075
Oasis - John Williams,99.0,2.0,103.74,2025-09-14 18:30:30+00:00,0.0,0.0,0.0,0.0
Oasis - John Williams,99.0,2.0,103.74,2025-09-14 18:45:30+00:00,0.0,0.0,0.0,0.0
Oasis - John Williams,99.0,2.0,103.74,2025-09-14 19:00:30+00:00,0.0,0.0,0.0,0.0
Oasis - John Williams,99.0,2.0,103.74,2025-09-14 19:15:30+00:00,0.0,0.0,0.0,0.0
Oasis - John Williams,99.0,2.0,103.74,2025-09-14 19:30:30+00:00,0.0,0.0,0.0,0.0
Oasis - John Williams,99.0,2.0,103.74,2025-09-14 19:45:30+00:00,0.0,0.0,0.0,0.0
Oasis - John Williams,99.0,2.0,103.74,2025-09-14 20:00:30+00:00,0.0,0.0,0.0,0.0
Oasis - John Williams,99.0,2.0,103.74,2025-09-14 20:15:30+00:00,0.0,0.0,0.0,0.0
Oasis - John Williams,99.0,2.0,103.74,2025-09-14 20:30:30+00:00,0.0,0.0,0.0,0.0
Oasis - John Williams,99.0,2.0,103.74,2025-09-14 20:45:30+00:00,0.0,0.0,0.0,0.0
Oasis - John Williams,99.0,2.0,103.74,2025-09-14 21:00:30+00:00,0.0,0.0,0.0,0.0
Oasis - John Williams,99.0,2.0,103.74,2025-09-14 21:15:30+00:00,0.0,0.0,0.0,0.0
Oasis - John Williams,99.0,2.0,103.74,2025-09-14 21:30:30+00:00,0.0,0.0,0.0,0.0
Oasis - John Williams,99.0,2.0,103.74,2025-09-14 21:45:30+00:00,0.0,0.0,0.0,0.0
Oasis - John Williams,99.0,2.0,103.74,2025-09-14 22:00:30+00:00,0.0,0.0,0.0,0.0
Oasis - John Williams,99.0,2.0,103.74,2025-09-14 22:15:30+00:00,0.0,0.0,0.0,0.0
Oasis - John Williams,99.0,2.0,103.74,2025-09-14 22:30:30+00:00,0.0,0.0,0.0,0.0
Oasis - John Williams,99.0,2.0,103.74,2025-09-14 22:45:30+00:00,0.0,0.0,0.0,0.0
Oasis - John Williams,99.0,2.0,103.74,2025-09-14 23:00:30+00:00,0.0,0.0,0.0,0.0
Oasis - John Williams,99.0,2.0,103.74,2025-09-14 23:15:30+00:00,0.0,0.0,0.0,0.0
Oasis - John Williams,99.0,2.0,103.74,2025-09-14 23:30:30+00:00,0.0,0.0,0.0,0.0
Oasis - John Williams,99.0,2.0,103.74,2025-09-14 23:45:30+00:00,0.0,0.0,0.0,0.0
Oasis - John Williams,99.0,2.0,103.74,2025-09-15 00:00:30+00:00,0.0,0.0,0.0,0.0
Oasis - John Williams,99.0,2.0,103.74,2025-09-15 00:15:30+00:00,0.0,0.0,0.0,0.0
Oasis - John Williams,99.0,2.0,103.74,2025-09-15 00:30:30+00:00,0.0,0.0,0.0,0.0
Oasis - John Williams,99.0,2.0,103.74,2025-09-15 00:45:30+00:00,0.0,0.0,0.0,0.0
Oasis - John Williams,99.0,2.0,103.74,2025-09-15 01:00:30+00:00,0.0,0.0,0.0,0.0
Oasis - John Williams,99.0,2.0,103.74,2025-09-15 01:15:30+00:00,0.0,0.0,0.0,0.0
Oasis - John Williams,99.0,2.0,103.74,2025-09-15 01:30:30+00:00,0.0,0.0,0.0,0.0
Oasis - John Williams,99.0,2.0,103.74,2025-09-15 01:45:30+00:00,0.0,0.0,0.0,0.0
Oasis - John Williams,99.0,2.0,103.74,2025-09-15 02:00:30+00:00,0.0,0.0,0.0,0.0
Oasis - John Williams,99.0,2.0,103.74,2025-09-15 02:15:30+00:00,0.0,0.0,0.0,0.0
Oasis - John Williams,99.0,2.0,103.74,2025-09-15 02:30:30+00:00,0.0,0.0,0.0,0.0
Oasis - John Williams,99.0,2.0,103.74,2025-09-15 02:45:30+00:00,0.0,0.0,0.0,0.0
Oasis - John Williams,99.0,2.0,103.74,2025-09-15 03:00:30+00:00,0.0,0.0,0.0,0.0
Oasis - John Williams,99.0,2.0,103.74,2025-09-15 03:15:30+00:00,0.0,0.0,0.0,0.0
Oasis - John Williams,99.0,2.0,103.74,2025-09-15 03:30:30+00:00,0.0,0.0,0.0,0.0
Oasis - John Williams,99.0,2.0,103.74,2025-09-15 03:45:30+00:00,0.0,0.0,0.0,0.0
Oasis - John Williams,99.0,2.0,103.74,2025-09-15 04:00:30+00:00,0.0,0.0,0.0,0.0
Oasis - John Williams,99.0,2.0,103.74,2025-09-15 04:15:30+00:00,0.0,0.0,0.0,0.0
Oasis - John Williams,99.0,2.0,103.74,2025-09-15 04:30:30+00:00,0.0,0.0,0.0,0.0
Oasis - John Williams,99.0,2.0,103.74,2025-09-15 04:45:30+00:00,0.0,0.0,0.0,0.0
Oasis - John Williams,99.0,2.0,103.74,2025-09-15 05:00:30+00:00,0.0,0.0,0.0,0.0
Oasis - John Williams,99.0,2.0,103.74,2025-09-15 05:15:30+00:00,0.0,0.0,0.0,0.0
Oasis - John Williams,99.0,2.0,103.74,2025-09-15 05:30:30+00:00,0.0,0.0,0.0,0.0
Oasis - John Williams,99.0,2.0,103.74,2025-09-15 05:45:30+00:00,0.0005,0.0,0.001,0.0005
Oasis - John Williams,99.0,2.0,103.74,2025-09-15 06:00:30+00:00,0.00275,0.0005,0.0065,0.00275
Oasis - John Williams,99.0,2.0,103.74,2025-09-15 06:15:30+00:00,0.008,0.0015,0.0135,0.0075
Oasis - John Williams,99.0,2.0,103.74,2025-09-15 06:30:30+00:00,0.005,0.00175,0.02025,0.005
Oasis - John Williams,99.0,2.0,103.74,2025-09-15 06:45:30+00:00,0.02425,0.00475,0.0375,0.0225
Oasis - John Williams,99.0,2.0,103.74,2025-09-15 07:00:30+00:00,0.027,0.008,0.04775,0.02575
Oasis - John Williams,99.0,2.0,103.74,2025-09-15 07:15:30+00:00,0.0325,0.0065,0.05275,0.031
Oasis - John Williams,99.0,2.0,103.74,2025-09-15 07:30:30+00:00,0.026,0.00675,0.061,0.0255
Oasis - John Williams,99.0,2.0,103.74,2025-09-15 07:45:30+00:00,0.045,0.01325,0.081,0.04325
Oasis - John Williams,99.0,2.0,103.74,2025-09-15 08:00:30+00:00,0.07075,0.02025,0.0905,0.06725
Oasis - John Williams,99.0,2.0,103.74,2025-09-15 08:15:30+00:00,0.0485,0.031,0.101,0.047
Oasis - John Williams,99.0,2.0,103.74,2025-09-15 08:30:30+00:00,0.0805,0.0315,0.0985,0.07725
Oasis - John Williams,99.0,2.0,103.74,2025-09-15 08:45:30+00:00,0.06425,0.04125,0.10725,0.0625
Oasis - John Williams,99.0,2.0,103.74,2025-09-15 09:00:30+00:00,0.079,0.03975,0.11525,0.077
Oasis - John Williams,99.0,2.0,103.74,2025-09-15 09:15:30+00:00,0.0885,0.036,0.12475,0.08625
Oasis - John Williams,99.0,2.0,103.74,2025-09-15 09:30:30+00:00,0.0725,0.018,0.1215,0.07125
Oasis - John Williams,99.0,2.0,103.74,2025-09-15 09:45:30+00:00,0.04725,0.0165,0.12825,0.047
Oasis - John Williams,99.0,2.0,103.74,2025-09-15 10:00:30+00:00,0.09875,0.01975,0.13975,0.09675
Oasis - John Williams,99.0,2.0,103.74,2025-09-15 10:15:30+00:00,0.08025,0.028,0.16525,0.07925
Oasis - John Williams,99.0,2.0,103.74,2025-09-15 10:30:30+00:00,0.116,0.023,0.1565,0.114
Oasis - John Williams,99.0,2.0,103.74,2025-09-15 10:45:30+00:00,0.0445,0.0205,0.17425,0.044
Oasis - John Williams,99.0,2.0,103.74,2025-09-15 11:00:30+00:00,0.132,0.02625,0.16425,0.13025
Oasis - John Williams,99.0,2.0,103.74,2025-09-15 11:15:30+00:00,0.0775,0.04025,0.1805,0.07675
Oasis - John Williams,99.0,2.0,103.74,2025-09-15 11:30:30+00:00,0.1345,0.041,0.1825,0.13325
Oasis - John Williams,99.0,2.0,103.74,2025-09-15 11:45:30+00:00,0.133,0.08,0.18325,0.132
Oasis - John Williams,99.0,2.0,103.74,2025-09-15 12:00:30+00:00,0.13875,0.0965,0.18325,0.13825
Oasis - John Williams,99.0,2.0,103.74,2025-09-15 12:15:30+00:00,0.151,0.11275,0.17025,0.1505
Oasis - John Williams,99.0,2.0,103.74,2025-09-15 12:30:30+00:00,0.13425,0.105,0.16675,0.1345
Oasis - John Williams,99.0,2.0,103.74,2025-09-15 12:45:30+00:00,0.122,0.10325,0.1585,0.1225
Oasis - John Williams,99.0,2.0,103.74,2025-09-15 13:00:30+00:00,0.13575,0.10575,0.15425,0.1365
Oasis - John Williams,99.0,2.0,103.74,2025-09-15 13:15:30+00:00,0.13175,0.112,0.148,0.13275
Oasis - John Williams,99.0,2.0,103.74,2025-09-15 13:30:30+00:00,0.12225,0.1075,0.14025,0.1235
Oasis - John Williams,99.0,2.0,103.74,2025-09-15 13:45:30+00:00,0.1175,0.102,0.13725,0.11925
Oasis - John Williams,99.0,2.0,103.74,2025-09-15 14:00:30+00:00,0.11875,0.09175,0.1345,0.12075
Oasis - John Williams,99.0,2.0,103.74,2025-09-15 14:15:30+00:00,0.10275,0.075,0.13275,0.1045
Oasis - John Williams,99.0,2.0,103.74,2025-09-15 14:30:30+00:00,0.08975,0.062,0.12575,0.09125
Oasis - John Williams,99.0,2.0,103.74,2025-09-15 14:45:30+00:00,0.08875,0.04725,0.11425,0.09075
Oasis - John Williams,99.0,2.0,103.74,2025-09-15 15:00:30+00:00,0.064,0.03325,0.105,0.06525
Oasis - John Williams,99.0,2.0,103.74,2025-09-15 15:15:30+00:00,0.05375,0.02225,0.10225,0.055
Oasis - John Williams,99.0,2.0,103.74,2025-09-15 15:30:30+00:00,0.06775,0.0135,0.09375,0.06975
Oasis - John Williams,99.0,2.0,103.74,2025-09-15 15:45:30+00:00,0.0285,0.011,0.09325,0.029
Oasis - John Williams,99.0,2.0,103.74,2025-09-15 16:00:30+00:00,0.05825,0.0115,0.07775,0.061
Oasis - John Williams,99.0,2.0,103.74,2025-09-15 16:15:30+00:00,0.03875,0.016,0.0715,0.04025
Oasis - John Williams,99.0,2.0,103.74,2025-09-15 16:30:30+00:00,0.038,0.01175,0.0545,0.04
Oasis - John Williams,99.0,2.0,103.74,2025-09-15 16:45:30+00:00,0.023,0.01375,0.0425,0.024
Oasis - John Williams,99.0,2.0,103.74,2025-09-15 17:00:30+00:00,0.0225,0.0105,0.031,0.024
Oasis - John Williams,99.0,2.0,103.74,2025-09-15 17:15:30+00:00,0.0165,0.0085,0.02425,0.01775
Oasis - John Williams,99.0,2.0,103.74,2025-09-15 17:30:30+00:00,0.0105,0.0055,0.0165,0.011
Oasis - John Williams,99.0,2.0,103.74,2025-09-15 17:45:30+00:00,0.006,0.00275,0.00975,0.00625
Oasis - John Williams,99.0,2.0,103.74,2025-09-15 18:00:30+00:00,0.002,0.00125,0.004,0.002
Oasis - John Williams,99.0,2.0,103.74,2025-09-15 18:15:30+00:00,0.00025,0.00025,0.0005,0.00025
Oasis - John Williams,99.0,2.0,103.74,2025-09-15 18:30:30+00:00,0.0,0.0,0.0,0.0
Oasis - John Williams,99.0,2.0,103.74,2025-09-15 18:45:30+00:00,0.0,0.0,0.0,0.0
Oasis - John Williams,99.0,2.0,103.74,2025-09-15 19:00:30+00:00,0.0,0.0,0.0,0.0
Oasis - John Williams,99.0,2.0,103.74,2025-09-15 19:15:30+00:00,0.0,0.0,0.0,0.0
Oasis - John Williams,99.0,2.0,103.74,2025-09-15 19:30:30+00:00,0.0,0.0,0.0,0.0
Oasis - John Williams,99.0,2.0,103.74,2025-09-15 19:45:30+00:00,0.0,0.0,0.0,0.0
Oasis - John Williams,99.0,2.0,103.74,2025-09-15 20:00:30+00:00,0.0,0.0,0.0,0.0
Oasis - John Williams,99.0,2.0,103.74,2025-09-15 20:15:30+00:00,0.0,0.0,0.0,0.0
Oasis - John Williams,99.0,2.0,103.74,2025-09-15 20:30:30+00:00,0.0,0.0,0.0,0.0
Oasis - John Williams,99.0,2.0,103.74,2025-09-15 20:45:30+00:00,0.0,0.0,0.0,0.0
Oasis - John Williams,99.0,2.0,103.74,2025-09-15 21:00:30+00:00,0.0,0.0,0.0,0.0
Oasis - John Williams,99.0,2.0,103.74,2025-09-15 21:15:30+00:00,0.0,0.0,0.0,0.0
Oasis - John Williams,99.0,2.0,103.74,2025-09-15 21:30:30+00:00,0.0,0.0,0.0,0.0
Oasis - John Williams,99.0,2.0,103.74,2025-09-15 21:45:30+00:00,0.0,0.0,0.0,0.0
Oasis - John Williams,99.0,2.0,103.74,2025-09-15 22:00:30+00:00,0.0,0.0,0.0,0.0
Oasis - John Williams,99.0,2.0,103.74,2025-09-15 22:15:30+00:00,0.0,0.0,0.0,0.0
Oasis - John Williams,99.0,2.0,103.74,2025-09-15 22:30:30+00:00,0.0,0.0,0.0,0.0
Oasis - John Williams,99.0,2.0,103.74,2025-09-15 22:45:30+00:00,0.0,0.0,0.0,0.0
Oasis - John Williams,99.0,2.0,103.74,2025-09-15 23:00:30+00:00,0.0,0.0,0.0,0.0
Oasis - John Williams,99.0,2.0,103.74,2025-09-15 23:15:30+00:00,0.0,0.0,0.0,0.0
Oasis - John Williams,99.0,2.0,103.74,2025-09-15 23:30:30+00:00,0.0,0.0,0.0,0.0
Oasis - John Williams,99.0,2.0,103.74,2025-09-15 23:45:30+00:00,0.0,0.0,0.0,0.0
Oasis - John Williams,99.0,2.0,103.74,2025-09-16 00:00:30+00:00,0.0,0.0,0.0,0.0
Oasis - John Williams,99.0,2.0,103.74,2025-09-16 00:15:30+00:00,0.0,0.0,0.0,0.0
Oasis - John Williams,99.0,2.0,103.74,2025-09-16 00:30:30+00:00,0.0,0.0,0.0,0.0
Oasis - John Williams,99.0,2.0,103.74,2025-09-16 00:45:30+00:00,0.0,0.0,0.0,0.0
Oasis - John Williams,99.0,2.0,103.74,2025-09-16 01:00:30+00:00,0.0,0.0,0.0,0.0
Oasis - John Williams,99.0,2.0,103.74,2025-09-16 01:15:30+00:00,0.0,0.0,0.0,0.0
Oasis - John Williams,99.0,2.0,103.74,2025-09-16 01:30:30+00:00,0.0,0.0,0.0,0.0
Oasis - John Williams,99.0,2.0,103.74,2025-09-16 01:45:30+00:00,0.0,0.0,0.0,0.0
Oasis - John Williams,99.0,2.0,103.74,2025-09-16 02:00:30+00:00,0.0,0.0,0.0,0.0
Oasis - John Williams,99.0,2.0,103.74,2025-09-16 02:15:30+00:00,0.0,0.0,0.0,0.0
Oasis - John Williams,99.0,2.0,103.74,2025-09-16 02:30:30+00:00,0.0,0.0,0.0,0.0
Oasis - John Williams,99.0,2.0,103.74,2025-09-16 02:45:30+00:00,0.0,0.0,0.0,0.0
Oasis - John Williams,99.0,2.0,103.74,2025-09-16 03:00:30+00:00,0.0,0.0,0.0,0.0
Oasis - John Williams,99.0,2.0,103.74,2025-09-16 03:15:30+00:00,0.0,0.0,0.0,0.0
Oasis - John Williams,99.0,2.0,103.74,2025-09-16 03:30:30+00:00,0.0,0.0,0.0,0.0
Oasis - John Williams,99.0,2.0,103.74,2025-09-16 03:45:30+00:00,0.0,0.0,0.0,0.0
Oasis - John Williams,99.0,2.0,103.74,2025-09-16 04:00:30+00:00,0.0,0.0,0.0,0.0
Oasis - John Williams,99.0,2.0,103.74,2025-09-16 04:15:30+00:00,0.0,0.0,0.0,0.0
Oasis - John Williams,99.0,2.0,103.74,2025-09-16 04:30:30+00:00,0.0,0.0,0.0,0.0
Oasis - John Williams,99.0,2.0,103.74,2025-09-16 04:45:30+00:00,0.0,0.0,0.0,0.0
Oasis - John Williams,99.0,2.0,103.74,2025-09-16 05:00:30+00:00,0.0,0.0,0.0,0.0
Oasis - John Williams,99.0,2.0,103.74,2025-09-16 05:15:30+00:00,0.0,0.0,0.0,0.0
Oasis - John Williams,99.0,2.0,103.74,2025-09-16 05:30:30+00:00,0.0,0.0,0.0,0.0
Oasis - John Williams,99.0,2.0,103.74,2025-09-16 05:45:30+00:00,0.0005,0.00025,0.0005,0.0005
Oasis - John Williams,99.0,2.0,103.74,2025-09-16 06:00:30+00:00,0.005,0.00325,0.00675,0.00425
Oasis - John Williams,99.0,2.0,103.74,2025-09-16 06:15:30+00:00,0.0125,0.00825,0.017,0.0105
Oasis - John Williams,99.0,2.0,103.74,2025-09-16 06:30:30+00:00,0.02225,0.01525,0.02775,0.01925
Oasis - John Williams,99.0,2.0,103.74,2025-09-16 06:45:30+00:00,0.034,0.02425,0.03875,0.03
Oasis - John Williams,99.0,2.0,103.74,2025-09-16 07:00:30+00:00,0.04425,0.03425,0.05025,0.03925
Oasis - John Williams,99.0,2.0,103.74,2025-09-16 07:15:30+00:00,0.05375,0.0445,0.0615,0.04825
Oasis - John Williams,99.0,2.0,103.74,2025-09-16 07:30:30+00:00,0.06325,0.054,0.0725,0.05775
Oasis - John Williams,99.0,2.0,103.74,2025-09-16 07:45:30+00:00,0.07375,0.0625,0.08325,0.068
Oasis - John Williams,99.0,2.0,103.74,2025-09-16 08:00:30+00:00,0.08125,0.0675,0.09325,0.0755
Oasis - John Williams,99.0,2.0,103.74,2025-09-16 08:15:30+00:00,0.0855,0.0715,0.10075,0.0805
Oasis - John Williams,99.0,2.0,103.74,2025-09-16 08:30:30+00:00,0.0915,0.075,0.105,0.087
Oasis - John Williams,99.0,2.0,103.74,2025-09-16 08:45:30+00:00,0.0925,0.082,0.11175,0.0885
Oasis - John Williams,99.0,2.0,103.74,2025-09-16 09:00:30+00:00,0.107,0.089,0.1215,0.1025
Oasis - John Williams,99.0,2.0,103.74,2025-09-16 09:15:30+00:00,0.116,0.10025,0.13225,0.11125
Oasis - John Williams,99.0,2.0,103.74,2025-09-16 09:30:30+00:00,0.126,0.1105,0.14025,0.12125
Oasis - John Williams,99.0,2.0,103.74,2025-09-16 09:45:30+00:00,0.13375,0.117,0.14475,0.12925
Oasis - John Williams,99.0,2.0,103.74,2025-09-16 10:00:30+00:00,0.13225,0.11425,0.15275,0.1285
Oasis - John Williams,99.0,2.0,103.74,2025-09-16 10:15:30+00:00,0.1345,0.11225,0.1565,0.131
Oasis - John Williams,99.0,2.0,103.74,2025-09-16 10:30:30+00:00,0.136,0.109,0.156,0.133
Oasis - John Williams,99.0,2.0,103.74,2025-09-16 10:45:30+00:00,0.12625,0.10875,0.1515,0.12425
Oasis - John Williams,99.0,2.0,103.74,2025-09-16 11:00:30+00:00,0.1285,0.10875,0.15175,0.12675
Oasis - John Williams,99.0,2.0,103.74,2025-09-16 11:15:30+00:00,0.13575,0.1155,0.16,0.134
Oasis - John Williams,99.0,2.0,103.74,2025-09-16 11:30:30+00:00,0.1485,0.121,0.16225,0.147
Oasis - John Williams,99.0,2.0,103.74,2025-09-16 11:45:30+00:00,0.14025,0.124,0.16175,0.13925
Oasis - John Williams,99.0,2.0,103.74,2025-09-16 12:00:30+00:00,0.13975,0.12175,0.16225,0.139
Oasis - John Williams,99.0,2.0,103.74,2025-09-16 12:15:30+00:00,0.14575,0.11775,0.172,0.14525
Oasis - John Williams,99.0,2.0,103.74,2025-09-16 12:30:30+00:00,0.14875,0.1065,0.174,0.14875
Oasis - John Williams,99.0,2.0,103.74,2025-09-16 12:45:30+00:00,0.12625,0.092,0.16625,0.1265
Oasis - John Williams,99.0,2.0,103.74,2025-09-16 13:00:30+00:00,0.11225,0.082,0.155,0.11275
Oasis - John Williams,99.0,2.0,103.74,2025-09-16 13:15:30+00:00,0.1165,0.0855,0.15625,0.1175
Oasis - John Williams,99.0,2.0,103.74,2025-09-16 13:30:30+00:00,0.133,0.09475,0.15875,0.13475
Oasis - John Williams,99.0,2.0,103.74,2025-09-16 13:45:30+00:00,0.13025,0.09675,0.15375,0.13225
Oasis - John Williams,99.0,2.0,103.74,2025-09-16 14:00:30+00:00,0.1125,0.086,0.14275,0.1145
Oasis - John Williams,99.0,2.0,103.74,2025-09-16 14:15:30+00:00,0.1,0.07525,0.1305,0.10175
Oasis - John Williams,99.0,2.0,103.74,2025-09-16 14:30:30+00:00,0.0955,0.06425,0.1195,0.0975
Oasis - John Williams,99.0,2.0,103.74,2025-09-16 14:45:30+00:00,0.08025,0.0575,0.10775,0.08175
Oasis - John Williams,99.0,2.0,103.74,2025-09-16 15:00:30+00:00,0.07175,0.048,0.093,0.07325
Oasis - John Williams,99.0,2.0,103.74,2025-09-16 15:15:30+00:00,0.0595,0.043,0.0795,0.06075
Oasis - John Williams,99.0,2.0,103.74,2025-09-16 15:30:30+00:00,0.052,0.042,0.06725,0.053
Oasis - John Williams,99.0,2.0,103.74,2025-09-16 15:45:30+00:00,0.05175,0.0385,0.0595,0.053
Oasis - John Williams,99.0,2.0,103.74,2025-09-16 16:00:30+00:00,0.0435,0.03425,0.05375,0.0445
Oasis - John Williams,99.0,2.0,103.74,2025-09-16 16:15:30+00:00,0.0365,0.027,0.0465,0.0375
Oasis - John Williams,99.0,2.0,103.74,2025-09-16 16:30:30+00:00,0.0305,0.02125,0.04,0.0315
Oasis - John Williams,99.0,2.0,103.74,2025-09-16 16:45:30+00:00,0.02475,0.01625,0.0335,0.0255
Oasis - John Williams,99.0,2.0,103.74,2025-09-16 17:00:30+00:00,0.019,0.0115,0.027,0.01975
Oasis - John Williams,99.0,2.0,103.74,2025-09-16 17:15:30+00:00,0.014,0.0075,0.02075,0.0145
Oasis - John Williams,99.0,2.0,103.74,2025-09-16 17:30:30+00:00,0.009,0.00425,0.0145,0.00925
Oasis - John Williams,99.0,2.0,103.74,2025-09-16 17:45:30+00:00,0.00475,0.002,0.00825,0.00475
Oasis - John Williams,99.0,2.0,103.74,2025-09-16 18:00:30+00:00,0.0015,0.00075,0.00325,0.0015
Oasis - John Williams,99.0,2.0,103.74,2025-09-16 18:15:30+00:00,0.0,0.0,0.0,0.0
Oasis - John Williams,99.0,2.0,103.74,2025-09-16 18:30:30+00:00,0.0,0.0,0.0,0.0
Oasis - John Williams,99.0,2.0,103.74,2025-09-16 18:45:30+00:00,0.0,0.0,0.0,0.0
Oasis - John Williams,99.0,2.0,103.74,2025-09-16 19:00:30+00:00,0.0,0.0,0.0,0.0
Oasis - John Williams,99.0,2.0,103.74,2025-09-16 19:15:30+00:00,0.0,0.0,0.0,0.0
Oasis - John Williams,99.0,2.0,103.74,2025-09-16 19:30:30+00:00,0.0,0.0,0.0,0.0
Oasis - John Williams,99.0,2.0,103.74,2025-09-16 19:45:30+00:00,0.0,0.0,0.0,0.0
Oasis - John Williams,99.0,2.0,103.74,2025-09-16 20:00:30+00:00,0.0,0.0,0.0,0.0
Oasis - John Williams,99.0,2.0,103.74,2025-09-16 20:15:30+00:00,0.0,0.0,0.0,0.0
Oasis - John Williams,99.0,2.0,103.74,2025-09-16 20:30:30+00:00,0.0,0.0,0.0,0.0
Oasis - John Williams,99.0,2.0,103.74,2025-09-16 20:45:30+00:00,0.0,0.0,0.0,0.0
Oasis - John Williams,99.0,2.0,103.74,2025-09-16 21:00:30+00:00,0.0,0.0,0.0,0.0
Oasis - John Williams,99.0,2.0,103.74,2025-09-16 21:15:30+00:00,0.0,0.0,0.0,0.0
Oasis - John Williams,99.0,2.0,103.74,2025-09-16 21:30:30+00:00,0.0,0.0,0.0,0.0
Oasis - John Williams,99.0,2.0,103.74,2025-09-16 21:45:30+00:00,0.0,0.0,0.0,0.0
Oasis - John Williams,99.0,2.0,103.74,2025-09-16 22:00:30+00:00,0.0,0.0,0.0,0.0
Oasis - John Williams,99.0,2.0,103.74,2025-09-16 22:15:30+00:00,0.0,0.0,0.0,0.0
Oasis - John Williams,99.0,2.0,103.74,2025-09-16 22:30:30+00:00,0.0,0.0,0.0,0.0
Oasis - John Williams,99.0,2.0,103.74,2025-09-16 22:45:30+00:00,0.0,0.0,0.0,0.0
Oasis - John Williams,99.0,2.0,103.74,2025-09-16 23:00:30+00:00,0.0,0.0,0.0,0.0
Oasis - John Williams,99.0,2.0,103.74,2025-09-16 23:15:30+00:00,0.0,0.0,0.0,0.0
Oasis - John Williams,99.0,2.0,103.74,2025-09-16 23:30:30+00:00,0.0,0.0,0.0,0.0
Oasis - John Williams,99.0,2.0,103.74,2025-09-16 23:45:30+00:00,0.0,0.0,0.0,0.0
Oasis - John Williams,99.0,2.0,103.74,2025-09-17 00:00:30+00:00,0.0,0.0,0.0,0.0
Oasis - John Williams,99.0,2.0,103.74,2025-09-17 00:15:30+00:00,0.0,0.0,0.0,0.0
Oasis - John Williams,99.0,2.0,103.74,2025-09-17 00:30:30+00:00,0.0,0.0,0.0,0.0
Oasis - John Williams,99.0,2.0,103.74,2025-09-17 00:45:30+00:00,0.0,0.0,0.0,0.0
Oasis - John Williams,99.0,2.0,103.74,2025-09-17 01:00:30+00:00,0.0,0.0,0.0,0.0
Oasis - John Williams,99.0,2.0,103.74,2025-09-17 01:15:30+00:00,0.0,0.0,0.0,0.0
Oasis - John Williams,99.0,2.0,103.74,2025-09-17 01:30:30+00:00,0.0,0.0,0.0,0.0
Oasis - John Williams,99.0,2.0,103.74,2025-09-17 01:45:30+00:00,0.0,0.0,0.0,0.0
Oasis - John Williams,99.0,2.0,103.74,2025-09-17 02:00:30+00:00,0.0,0.0,0.0,0.0
Oasis - John Williams,99.0,2.0,103.74,2025-09-17 02:15:30+00:00,0.0,0.0,0.0,0.0
Oasis - John Williams,99.0,2.0,103.74,2025-09-17 02:30:30+00:00,0.0,0.0,0.0,0.0
Oasis - John Williams,99.0,2.0,103.74,2025-09-17 02:45:30+00:00,0.0,0.0,0.0,0.0
Oasis - John Williams,99.0,2.0,103.74,2025-09-17 03:00:30+00:00,0.0,0.0,0.0,0.0
Oasis - John Williams,99.0,2.0,103.74,2025-09-17 03:15:30+00:00,0.0,0.0,0.0,0.0
Oasis - John Williams,99.0,2.0,103.74,2025-09-17 03:30:30+00:00,0.0,0.0,0.0,0.0
Oasis - John Williams,99.0,2.0,103.74,2025-09-17 03:45:30+00:00,0.0,0.0,0.0,0.0
Oasis - John Williams,99.0,2.0,103.74,2025-09-17 04:00:30+00:00,0.0,0.0,0.0,0.0
Oasis - John Williams,99.0,2.0,103.74,2025-09-17 04:15:30+00:00,0.0,0.0,0.0,0.0
Oasis - John Williams,99.0,2.0,103.74,2025-09-17 04:30:30+00:00,0.0,0.0,0.0,0.0
Oasis - John Williams,99.0,2.0,103.74,2025-09-17 04:45:30+00:00,0.0,0.0,0.0,0.0
Oasis - John Williams,99.0,2.0,103.74,2025-09-17 05:00:30+00:00,0.0,0.0,0.0,0.0
Oasis - John Williams,99.0,2.0,103.74,2025-09-17 05:15:30+00:00,0.0,0.0,0.0,0.0
Oasis - John Williams,99.0,2.0,103.74,2025-09-17 05:30:30+00:00,0.0,0.0,0.0,0.0
Oasis - John Williams,99.0,2.0,103.74,2025-09-17 05:45:30+00:00,0.0,0.0,0.00025,0.0
Oasis - John Williams,99.0,2.0,103.74,2025-09-17 06:00:30+00:00,0.0025,0.001,0.00475,0.0025
Oasis - John Williams,99.0,2.0,103.74,2025-09-17 06:15:30+00:00,0.007,0.003,0.01275,0.007
Oasis - John Williams,99.0,2.0,103.74,2025-09-17 06:30:30+00:00,0.015,0.003,0.02125,0.014
Oasis - John Williams,99.0,2.0,103.74,2025-09-17 06:45:30+00:00,0.01275,0.0025,0.02675,0.0125
Oasis - John Williams,99.0,2.0,103.74,2025-09-17 07:00:30+00:00,0.015,0.003,0.02775,0.015
Oasis - John Williams,99.0,2.0,103.74,2025-09-17 07:15:30+00:00,0.01725,0.00425,0.03225,0.01725
Oasis - John Williams,99.0,2.0,103.74,2025-09-17 07:30:30+00:00,0.0225,0.00875,0.03825,0.0225
Oasis - John Williams,99.0,2.0,103.74,2025-09-17 07:45:30+00:00,0.0305,0.01425,0.04975,0.03
Oasis - John Williams,99.0,2.0,103.74,2025-09-17 08:00:30+00:00,0.04275,0.01275,0.05725,0.04175
Oasis - John Williams,99.0,2.0,103.74,2025-09-17 08:15:30+00:00,0.03025,0.00675,0.06725,0.03
Oasis - John Williams,99.0,2.0,103.74,2025-09-17 08:30:30+00:00,0.03525,0.0075,0.0855,0.035
Oasis - John Williams,99.0,2.0,103.74,2025-09-17 08:45:30+00:00,0.0685,0.01575,0.1145,0.06675
Oasis - John Williams,99.0,2.0,103.74,2025-09-17 09:00:30+00:00,0.094,0.03075,0.12425,0.09075
Oasis - John Williams,99.0,2.0,103.74,2025-09-17 09:15:30+00:00,0.091,0.025,0.13175,0.0885
Oasis - John Williams,99.0,2.0,103.74,2025-09-17 09:30:30+00:00,0.06225,0.01225,0.12825,0.0615
Oasis - John Williams,99.0,2.0,103.74,2025-09-17 09:45:30+00:00,0.05,0.0105,0.10975,0.04975
Oasis - John Williams,99.0,2.0,103.74,2025-09-17 10:00:30+00:00,0.04325,0.011,0.0935,0.04325
Oasis - John Williams,99.0,2.0,103.74,2025-09-17 10:15:30+00:00,0.033,0.0115,0.07675,0.03325
Oasis - John Williams,99.0,2.0,103.74,2025-09-17 10:30:30+00:00,0.0245,0.01175,0.06225,0.0245
Oasis - John Williams,99.0,2.0,103.74,2025-09-17 10:45:30+00:00,0.02025,0.012,0.04975,0.02025
Oasis - John Williams,99.0,2.0,103.74,2025-09-17 11:00:30+00:00,0.0145,0.01225,0.03925,0.0145
Oasis - John Williams,99.0,2.0,103.74,2025-09-17 11:15:30+00:00,0.0135,0.0125,0.03375,0.0135
Oasis - John Williams,99.0,2.0,103.74,2025-09-17 11:30:30+00:00,0.0135,0.01275,0.03625,0.0135
Oasis - John Williams,99.0,2.0,103.74,2025-09-17 11:45:30+00:00,0.0205,0.01275,0.041,0.0205
Oasis - John Williams,99.0,2.0,103.74,2025-09-17 12:00:30+00:00,0.0225,0.01275,0.0465,0.0225
Oasis - John Williams,99.0,2.0,103.74,2025-09-17 12:15:30+00:00,0.028,0.01275,0.046,0.028
Oasis - John Williams,99.0,2.0,103.74,2025-09-17 12:30:30+00:00,0.0225,0.0125,0.0475,0.0225
Oasis - John Williams,99.0,2.0,103.74,2025-09-17 12:45:30+00:00,0.03125,0.0125,0.0465,0.0315
Oasis - John Williams,99.0,2.0,103.74,2025-09-17 13:00:30+00:00,0.02725,0.01225,0.0485,0.02725
Oasis - John Williams,99.0,2.0,103.74,2025-09-17 13:15:30+00:00,0.02875,0.012,0.05,0.02875
Oasis - John Williams,99.0,2.0,103.74,2025-09-17 13:30:30+00:00,0.02825,0.0115,0.05425,0.0285
Oasis - John Williams,99.0,2.0,103.74,2025-09-17 13:45:30+00:00,0.03475,0.01125,0.06,0.03475
Oasis - John Williams,99.0,2.0,103.74,2025-09-17 14:00:30+00:00,0.04225,0.01175,0.058,0.0425
Oasis - John Williams,99.0,2.0,103.74,2025-09-17 14:15:30+00:00,0.02775,0.01025,0.0535,0.02775
Oasis - John Williams,99.0,2.0,103.74,2025-09-17 14:30:30+00:00,0.02325,0.00975,0.04425,0.02325
Oasis - John Williams,99.0,2.0,103.74,2025-09-17 14:45:30+00:00,0.02575,0.0095,0.03925,0.02575
Oasis - John Williams,99.0,2.0,103.74,2025-09-17 15:00:30+00:00,0.024,0.01275,0.035,0.024
Oasis - John Williams,99.0,2.0,103.74,2025-09-17 15:15:30+00:00,0.02225,0.01175,0.0325,0.02225
Oasis - John Williams,99.0,2.0,103.74,2025-09-17 15:30:30+00:00,0.0205,0.00825,0.031,0.0205
Oasis - John Williams,99.0,2.0,103.74,2025-09-17 15:45:30+00:00,0.01625,0.0065,0.0305,0.01625
Oasis - John Williams,99.0,2.0,103.74,2025-09-17 16:00:30+00:00,0.017,0.00575,0.03125,0.017
Oasis - John Williams,99.0,2.0,103.74,2025-09-17 16:15:30+00:00,0.02,0.005,0.02975,0.02
Oasis - John Williams,99.0,2.0,103.74,2025-09-17 16:30:30+00:00,0.01525,0.00425,0.0275,0.0155
Oasis - John Williams,99.0,2.0,103.74,2025-09-17 16:45:30+00:00,0.01175,0.0035,0.024,0.01175
Oasis - John Williams,99.0,2.0,103.74,2025-09-17 17:00:30+00:00,0.012,0.00275,0.02125,0.012
Oasis - John Williams,99.0,2.0,103.74,2025-09-17 17:15:30+00:00,0.01075,0.0025,0.0175,0.01075
Oasis - John Williams,99.0,2.0,103.74,2025-09-17 17:30:30+00:00,0.007,0.002,0.01225,0.007
Oasis - John Williams,99.0,2.0,103.74,2025-09-17 17:45:30+00:00,0.0035,0.001,0.0065,0.0035
Oasis - John Williams,99.0,2.0,103.74,2025-09-17 18:00:30+00:00,0.00075,0.00025,0.002,0.00075
Oasis - John Williams,99.0,2.0,103.74,2025-09-17 18:15:30+00:00,0.0,0.0,0.0,0.0
Oasis - John Williams,99.0,2.0,103.74,2025-09-17 18:30:30+00:00,0.0,0.0,0.0,0.0
Oasis - John Williams,99.0,2.0,103.74,2025-09-17 18:45:30+00:00,0.0,0.0,0.0,0.0
Oasis - John Williams,99.0,2.0,103.74,2025-09-17 19:00:30+00:00,0.0,0.0,0.0,0.0
Oasis - John Williams,99.0,2.0,103.74,2025-09-17 19:15:30+00:00,0.0,0.0,0.0,0.0
Oasis - John Williams,99.0,2.0,103.74,2025-09-17 19:30:30+00:00,0.0,0.0,0.0,0.0
Oasis - John Williams,99.0,2.0,103.74,2025-09-17 19:45:30+00:00,0.0,0.0,0.0,0.0
Oasis - John Williams,99.0,2.0,103.74,2025-09-17 20:00:30+00:00,0.0,0.0,0.0,0.0
Oasis - John Williams,99.0,2.0,103.74,2025-09-17 20:15:30+00:00,0.0,0.0,0.0,0.0
Oasis - John Williams,99.0,2.0,103.74,2025-09-17 20:30:30+00:00,0.0,0.0,0.0,0.0
Oasis - John Williams,99.0,2.0,103.74,2025-09-17 20:45:30+00:00,0.0,0.0,0.0,0.0
Oasis - John Williams,99.0,2.0,103.74,2025-09-17 21:00:30+00:00,0.0,0.0,0.0,0.0
Oasis - John Williams,99.0,2.0,103.74,2025-09-17 21:15:30+00:00,0.0,0.0,0.0,0.0
Oasis - John Williams,99.0,2.0,103.74,2025-09-17 21:30:30+00:00,0.0,0.0,0.0,0.0
Oasis - John Williams,99.0,2.0,103.74,2025-09-17 21:45:30+00:00,0.0,0.0,0.0,0.0
Oasis - John Williams,99.0,2.0,103.74,2025-09-17 22:00:30+00:00,0.0,0.0,0.0,0.0
Oasis - John Williams,99.0,2.0,103.74,2025-09-17 22:15:30+00:00,0.0,0.0,0.0,0.0
Oasis - John Williams,99.0,2.0,103.74,2025-09-17 22:30:30+00:00,0.0,0.0,0.0,0.0
Oasis - John Williams,99.0,2.0,103.74,2025-09-17 22:45:30+00:00,0.0,0.0,0.0,0.0
Oasis - John Williams,99.0,2.0,103.74,2025-09-17 23:00:30+00:00,0.0,0.0,0.0,0.0
Oasis - John Williams,99.0,2.0,103.74,2025-09-17 23:15:30+00:00,0.0,0.0,0.0,0.0
Oasis - John Williams,99.0,2.0,103.74,2025-09-17 23:30:30+00:00,0.0,0.0,0.0,0.0
Oasis - John Williams,99.0,2.0,103.74,2025-09-17 23:45:30+00:00,0.0,0.0,0.0,0.0
Oasis - John Williams,99.0,2.0,103.74,2025-09-18 00:00:30+00:00,0.0,0.0,0.0,0.0
Oasis - John Williams,99.0,2.0,103.74,2025-09-18 00:15:30+00:00,0.0,0.0,0.0,0.0
Oasis - John Williams,99.0,2.0,103.74,2025-09-18 00:30:30+00:00,0.0,0.0,0.0,0.0
Oasis - John Williams,99.0,2.0,103.74,2025-09-18 00:45:30+00:00,0.0,0.0,0.0,0.0
Oasis - John Williams,99.0,2.0,103.74,2025-09-18 01:00:30+00:00,0.0,0.0,0.0,0.0
Oasis - John Williams,99.0,2.0,103.74,2025-09-18 01:15:30+00:00,0.0,0.0,0.0,0.0
Oasis - John Williams,99.0,2.0,103.74,2025-09-18 01:30:30+00:00,0.0,0.0,0.0,0.0
Oasis - John Williams,99.0,2.0,103.74,2025-09-18 01:45:30+00:00,0.0,0.0,0.0,0.0
Oasis - John Williams,99.0,2.0,103.74,2025-09-18 02:00:30+00:00,0.0,0.0,0.0,0.0
Oasis - John Williams,99.0,2.0,103.74,2025-09-18 02:15:30+00:00,0.0,0.0,0.0,0.0
Oasis - John Williams,99.0,2.0,103.74,2025-09-18 02:30:30+00:00,0.0,0.0,0.0,0.0
Oasis - John Williams,99.0,2.0,103.74,2025-09-18 02:45:30+00:00,0.0,0.0,0.0,0.0
Oasis - John Williams,99.0,2.0,103.74,2025-09-18 03:00:30+00:00,0.0,0.0,0.0,0.0
Oasis - John Williams,99.0,2.0,103.74,2025-09-18 03:15:30+00:00,0.0,0.0,0.0,0.0
Oasis - John Williams,99.0,2.0,103.74,2025-09-18 03:30:30+00:00,0.0,0.0,0.0,0.0
Oasis - John Williams,99.0,2.0,103.74,2025-09-18 03:45:30+00:00,0.0,0.0,0.0,0.0
Oasis - John Williams,99.0,2.0,103.74,2025-09-18 04:00:30+00:00,0.0,0.0,0.0,0.0
Oasis - John Williams,99.0,2.0,103.74,2025-09-18 04:15:30+00:00,0.0,0.0,0.0,0.0
Oasis - John Williams,99.0,2.0,103.74,2025-09-18 04:30:30+00:00,0.0,0.0,0.0,0.0
Oasis - John Williams,99.0,2.0,103.74,2025-09-18 04:45:30+00:00,0.0,0.0,0.0,0.0
Oasis - John Williams,99.0,2.0,103.74,2025-09-18 05:00:30+00:00,0.0,0.0,0.0,0.0
Oasis - John Williams,99.0,2.0,103.74,2025-09-18 05:15:30+00:00,0.0,0.0,0.0,0.0
Oasis - John Williams,99.0,2.0,103.74,2025-09-18 05:30:30+00:00,0.0,0.0,0.0,0.0
Oasis - John Williams,99.0,2.0,103.74,2025-09-18 05:45:30+00:00,0.0,0.0,0.0,0.0
Oasis - John Williams,99.0,2.0,103.74,2025-09-18 06:00:30+00:00,0.0015,0.00025,0.004,0.0015
Oasis - John Williams,99.0,2.0,103.74,2025-09-18 06:15:30+00:00,0.00425,0.00075,0.01125,0.004
Oasis - John Williams,99.0,2.0,103.74,2025-09-18 06:30:30+00:00,0.01325,0.003,0.02025,0.01225
Oasis - John Williams,99.0,2.0,103.74,2025-09-18 06:45:30+00:00,0.0165,0.008,0.027,0.01575
Oasis - John Williams,99.0,2.0,103.74,2025-09-18 07:00:30+00:00,0.0225,0.01325,0.03375,0.02175
Oasis - John Williams,99.0,2.0,103.74,2025-09-18 07:15:30+00:00,0.03175,0.01925,0.044,0.03025
Oasis - John Williams,99.0,2.0,103.74,2025-09-18 07:30:30+00:00,0.04025,0.0205,0.0535,0.03825
Oasis - John Williams,99.0,2.0,103.74,2025-09-18 07:45:30+00:00,0.03825,0.015,0.0605,0.03725
Oasis - John Williams,99.0,2.0,103.74,2025-09-18 08:00:30+00:00,0.03475,0.01,0.06225,0.03425
Oasis - John Williams,99.0,2.0,103.74,2025-09-18 08:15:30+00:00,0.03575,0.007,0.06125,0.0355
Oasis - John Williams,99.0,2.0,103.74,2025-09-18 08:30:30+00:00,0.03,0.0075,0.05725,0.03
Oasis - John Williams,99.0,2.0,103.74,2025-09-18 08:45:30+00:00,0.02825,0.008,0.051,0.02825
Oasis - John Williams,99.0,2.0,103.74,2025-09-18 09:00:30+00:00,0.025,0.00875,0.0485,0.025
Oasis - John Williams,99.0,2.0,103.74,2025-09-18 09:15:30+00:00,0.02575,0.00925,0.045,0.02575
Oasis - John Williams,99.0,2.0,103.74,2025-09-18 09:30:30+00:00,0.02375,0.01,0.0425,0.02375
Oasis - John Williams,99.0,2.0,103.74,2025-09-18 09:45:30+00:00,0.0185,0.0105,0.03825,0.0185
Oasis - John Williams,99.0,2.0,103.74,2025-09-18 10:00:30+00:00,0.01825,0.011,0.03625,0.0185
Oasis - John Williams,99.0,2.0,103.74,2025-09-18 10:15:30+00:00,0.01975,0.01125,0.046,0.01975
Oasis - John Williams,99.0,2.0,103.74,2025-09-18 10:30:30+00:00,0.0195,0.01175,0.065,0.01975
Oasis - John Williams,99.0,2.0,103.74,2025-09-18 10:45:30+00:00,0.0275,0.012,0.09575,0.0275
Oasis - John Williams,99.0,2.0,103.74,2025-09-18 11:00:30+00:00,0.06375,0.01275,0.1215,0.0635
Oasis - John Williams,99.0,2.0,103.74,2025-09-18 11:15:30+00:00,0.083,0.0165,0.121,0.08225
Oasis - John Williams,99.0,2.0,103.74,2025-09-18 11:30:30+00:00,0.0575,0.0265,0.1125,0.0575
Oasis - John Williams,99.0,2.0,103.74,2025-09-18 11:45:30+00:00,0.068,0.02625,0.09925,0.06775
Oasis - John Williams,99.0,2.0,103.74,2025-09-18 12:00:30+00:00,0.06225,0.029,0.11775,0.06225
Oasis - John Williams,99.0,2.0,103.74,2025-09-18 12:15:30+00:00,0.0895,0.03075,0.13125,0.08925
Oasis - John Williams,99.0,2.0,103.74,2025-09-18 12:30:30+00:00,0.09,0.0445,0.149,0.09025
Oasis - John Williams,99.0,2.0,103.74,2025-09-18 12:45:30+00:00,0.11,0.04075,0.13825,0.1105
Oasis - John Williams,99.0,2.0,103.74,2025-09-18 13:00:30+00:00,0.06775,0.036,0.1315,0.068
Oasis - John Williams,99.0,2.0,103.74,2025-09-18 13:15:30+00:00,0.0725,0.0265,0.11025,0.073
Oasis - John Williams,99.0,2.0,103.74,2025-09-18 13:30:30+00:00,0.0645,0.028,0.1,0.065
Oasis - John Williams,99.0,2.0,103.74,2025-09-18 13:45:30+00:00,0.0545,0.02775,0.0815,0.05475
Oasis - John Williams,99.0,2.0,103.74,2025-09-18 14:00:30+00:00,0.0445,0.02725,0.0795,0.0445
Oasis - John Williams,99.0,2.0,103.74,2025-09-18 14:15:30+00:00,0.06025,0.0215,0.0755,0.061
Oasis - John Williams,99.0,2.0,103.74,2025-09-18 14:30:30+00:00,0.041,0.025,0.0805,0.04125
Oasis - John Williams,99.0,2.0,103.74,2025-09-18 14:45:30+00:00,0.056,0.02225,0.08025,0.05675
Oasis - John Williams,99.0,2.0,103.74,2025-09-18 15:00:30+00:00,0.05675,0.021,0.07975,0.05775
Oasis - John Williams,99.0,2.0,103.74,2025-09-18 15:15:30+00:00,0.03825,0.00875,0.0725,0.03875
Oasis - John Williams,99.0,2.0,103.74,2025-09-18 15:30:30+00:00,0.026,0.007,0.06275,0.026
Oasis - John Williams,99.0,2.0,103.74,2025-09-18 15:45:30+00:00,0.02025,0.00625,0.06475,0.0205
Oasis - John Williams,99.0,2.0,103.74,2025-09-18 16:00:30+00:00,0.0415,0.00825,0.066,0.043
Oasis - John Williams,99.0,2.0,103.74,2025-09-18 16:15:30+00:00,0.04025,0.01375,0.0625,0.042
Oasis - John Williams,99.0,2.0,103.74,2025-09-18 16:30:30+00:00,0.0325,0.01125,0.05075,0.03375
Oasis - John Williams,99.0,2.0,103.74,2025-09-18 16:45:30+00:00,0.02025,0.0085,0.0395,0.02075
Oasis - John Williams,99.0,2.0,103.74,2025-09-18 17:00:30+00:00,0.01825,0.005,0.0335,0.01925
Oasis - John Williams,99.0,2.0,103.74,2025-09-18 17:15:30+00:00,0.0185,0.00525,0.02325,0.0205
Oasis - John Williams,99.0,2.0,103.74,2025-09-18 17:30:30+00:00,0.00975,0.0045,0.015,0.0105
Oasis - John Williams,99.0,2.0,103.74,2025-09-18 17:45:30+00:00,0.004,0.00175,0.0075,0.004
Oasis - John Williams,99.0,2.0,103.74,2025-09-18 18:00:30+00:00,0.00075,0.00025,0.0015,0.00075
Oasis - John Williams,99.0,2.0,103.74,2025-09-18 18:15:30+00:00,0.0,0.0,0.0,0.0
Oasis - John Williams,99.0,2.0,103.74,2025-09-18 18:30:30+00:00,0.0,0.0,0.0,0.0
Oasis - John Williams,99.0,2.0,103.74,2025-09-18 18:45:30+00:00,0.0,0.0,0.0,0.0
Oasis - John Williams,99.0,2.0,103.74,2025-09-18 19:00:30+00:00,0.0,0.0,0.0,0.0
Oasis - John Williams,99.0,2.0,103.74,2025-09-18 19:15:30+00:00,0.0,0.0,0.0,0.0
Oasis - John Williams,99.0,2.0,103.74,2025-09-18 19:30:30+00:00,0.0,0.0,0.0,0.0
Oasis - John Williams,99.0,2.0,103.74,2025-09-18 19:45:30+00:00,0.0,0.0,0.0,0.0
Oasis - John Williams,99.0,2.0,103.74,2025-09-18 20:00:30+00:00,0.0,0.0,0.0,0.0
Oasis - John Williams,99.0,2.0,103.74,2025-09-18 20:15:30+00:00,0.0,0.0,0.0,0.0
Oasis - John Williams,99.0,2.0,103.74,2025-09-18 20:30:30+00:00,0.0,0.0,0.0,0.0
Oasis - John Williams,99.0,2.0,103.74,2025-09-18 20:45:30+00:00,0.0,0.0,0.0,0.0
Oasis - John Williams,99.0,2.0,103.74,2025-09-18 21:00:30+00:00,0.0,0.0,0.0,0.0
Oasis - John Williams,99.0,2.0,103.74,2025-09-18 21:15:30+00:00,0.0,0.0,0.0,0.0
Oasis - John Williams,99.0,2.0,103.74,2025-09-18 21:30:30+00:00,0.0,0.0,0.0,0.0
Oasis - John Williams,99.0,2.0,103.74,2025-09-18 21:45:30+00:00,0.0,0.0,0.0,0.0
Oasis - John Williams,99.0,2.0,103.74,2025-09-18 22:00:30+00:00,0.0,0.0,0.0,0.0
Oasis - John Williams,99.0,2.0,103.74,2025-09-18 22:15:30+00:00,0.0,0.0,0.0,0.0
Oasis - John Williams,99.0,2.0,103.74,2025-09-18 22:30:30+00:00,0.0,0.0,0.0,0.0
Oasis - John Williams,99.0,2.0,103.74,2025-09-18 22:45:30+00:00,0.0,0.0,0.0,0.0
Oasis - John Williams,99.0,2.0,103.74,2025-09-18 23:00:30+00:00,0.0,0.0,0.0,0.0
Oasis - John Williams,99.0,2.0,103.74,2025-09-18 23:15:30+00:00,0.0,0.0,0.0,0.0
Oasis - John Williams,99.0,2.0,103.74,2025-09-18 23:30:30+00:00,0.0,0.0,0.0,0.0
Oasis - John Williams,99.0,2.0,103.74,2025-09-18 23:45:30+00:00,0.0,0.0,0.0,0.0
Oasis - John Williams,99.0,2.0,103.74,2025-09-19 00:00:30+00:00,0.0,0.0,0.0,0.0
Oasis - John Williams,99.0,2.0,103.74,2025-09-19 00:15:30+00:00,0.0,0.0,0.0,0.0
Oasis - John Williams,99.0,2.0,103.74,2025-09-19 00:30:30+00:00,0.0,0.0,0.0,0.0
Oasis - John Williams,99.0,2.0,103.74,2025-09-19 00:45:30+00:00,0.0,0.0,0.0,0.0
Oasis - John Williams,99.0,2.0,103.74,2025-09-19 01:00:30+00:00,0.0,0.0,0.0,0.0
Oasis - John Williams,99.0,2.0,103.74,2025-09-19 01:15:30+00:00,0.0,0.0,0.0,0.0
Oasis - John Williams,99.0,2.0,103.74,2025-09-19 01:30:30+00:00,0.0,0.0,0.0,0.0
Oasis - John Williams,99.0,2.0,103.74,2025-09-19 01:45:30+00:00,0.0,0.0,0.0,0.0
Oasis - John Williams,99.0,2.0,103.74,2025-09-19 02:00:30+00:00,0.0,0.0,0.0,0.0
Oasis - John Williams,99.0,2.0,103.74,2025-09-19 02:15:30+00:00,0.0,0.0,0.0,0.0
Oasis - John Williams,99.0,2.0,103.74,2025-09-19 02:30:30+00:00,0.0,0.0,0.0,0.0
Oasis - John Williams,99.0,2.0,103.74,2025-09-19 02:45:30+00:00,0.0,0.0,0.0,0.0
Oasis - John Williams,99.0,2.0,103.74,2025-09-19 03:00:30+00:00,0.0,0.0,0.0,0.0
Oasis - John Williams,99.0,2.0,103.74,2025-09-19 03:15:30+00:00,0.0,0.0,0.0,0.0
Oasis - John Williams,99.0,2.0,103.74,2025-09-19 03:30:30+00:00,0.0,0.0,0.0,0.0
Oasis - John Williams,99.0,2.0,103.74,2025-09-19 03:45:30+00:00,0.0,0.0,0.0,0.0
Oasis - John Williams,99.0,2.0,103.74,2025-09-19 04:00:30+00:00,0.0,0.0,0.0,0.0
Oasis - John Williams,99.0,2.0,103.74,2025-09-19 04:15:30+00:00,0.0,0.0,0.0,0.0
Oasis - John Williams,99.0,2.0,103.74,2025-09-19 04:30:30+00:00,0.0,0.0,0.0,0.0
Oasis - John Williams,99.0,2.0,103.74,2025-09-19 04:45:30+00:00,0.0,0.0,0.0,0.0
Oasis - John Williams,99.0,2.0,103.74,2025-09-19 05:00:30+00:00,0.0,0.0,0.0,0.0
Oasis - John Williams,99.0,2.0,103.74,2025-09-19 05:15:30+00:00,0.0,0.0,0.0,0.0
Oasis - John Williams,99.0,2.0,103.74,2025-09-19 05:30:30+00:00,0.0,0.0,0.0,0.0
Oasis - John Williams,99.0,2.0,103.74,2025-09-19 05:45:30+00:00,0.001,0.00075,0.00125,0.001
Oasis - John Williams,99.0,2.0,103.74,2025-09-19 06:00:30+00:00,0.0025,0.002,0.0035,0.0025
Oasis - John Williams,99.0,2.0,103.74,2025-09-19 06:15:30+00:00,0.00725,0.00475,0.01,0.007
Oasis - John Williams,99.0,2.0,103.74,2025-09-19 06:30:30+00:00,0.01425,0.008,0.019,0.01325
Oasis - John Williams,99.0,2.0,103.74,2025-09-19 06:45:30+00:00,0.018,0.0125,0.02825,0.017
Oasis - John Williams,99.0,2.0,103.74,2025-09-19 07:00:30+00:00,0.0295,0.01875,0.039,0.0275
Oasis - John Williams,99.0,2.0,103.74,2025-09-19 07:15:30+00:00,0.03875,0.02775,0.05,0.03625
Oasis - John Williams,99.0,2.0,103.74,2025-09-19 07:30:30+00:00,0.04825,0.0345,0.05825,0.04525
Oasis - John Williams,99.0,2.0,103.74,2025-09-19 07:45:30+00:00,0.05125,0.0395,0.06375,0.049
Oasis - John Williams,99.0,2.0,103.74,2025-09-19 08:00:30+00:00,0.05575,0.0445,0.06775,0.0535
Oasis - John Williams,99.0,2.0,103.74,2025-09-19 08:15:30+00:00,0.06125,0.0515,0.07075,0.05925
Oasis - John Williams,99.0,2.0,103.74,2025-09-19 08:30:30+00:00,0.067,0.06075,0.0755,0.065
Oasis - John Williams,99.0,2.0,103.74,2025-09-19 08:45:30+00:00,0.0765,0.06825,0.08175,0.074
Oasis - John Williams,99.0,2.0,103.74,2025-09-19 09:00:30+00:00,0.08125,0.07425,0.08925,0.079
Oasis - John Williams,99.0,2.0,103.74,2025-09-19 09:15:30+00:00,0.08725,0.07825,0.0945,0.085
Oasis - John Williams,99.0,2.0,103.74,2025-09-19 09:30:30+00:00,0.0905,0.07725,0.1035,0.0885
Oasis - John Williams,99.0,2.0,103.74,2025-09-19 09:45:30+00:00,0.0935,0.075,0.11575,0.09175
Oasis - John Williams,99.0,2.0,103.74,2025-09-19 10:00:30+00:00,0.10225,0.07625,0.13525,0.1005
Oasis - John Williams,99.0,2.0,103.74,2025-09-19 10:15:30+00:00,0.1215,0.08625,0.1525,0.119
Oasis - John Williams,99.0,2.0,103.74,2025-09-19 10:30:30+00:00,0.13375,0.10325,0.158,0.13075
Oasis - John Williams,99.0,2.0,103.74,2025-09-19 10:45:30+00:00,0.1415,0.119,0.16125,0.13875
Oasis - John Williams,99.0,2.0,103.74,2025-09-19 11:00:30+00:00,0.14475,0.13225,0.157,0.14225
Oasis - John Williams,99.0,2.0,103.74,2025-09-19 11:15:30+00:00,0.1475,0.13875,0.1555,0.1455
Oasis - John Williams,99.0,2.0,103.74,2025-09-19 11:30:30+00:00,0.149,0.14175,0.15525,0.14725
Oasis - John Williams,99.0,2.0,103.74,2025-09-19 11:45:30+00:00,0.14875,0.1425,0.15575,0.14775
Oasis - John Williams,99.0,2.0,103.74,2025-09-19 12:00:30+00:00,0.14925,0.142,0.15525,0.1485
Oasis - John Williams,99.0,2.0,103.74,2025-09-19 12:15:30+00:00,0.14775,0.139,0.156,0.1475
Oasis - John Williams,99.0,2.0,103.74,2025-09-19 12:30:30+00:00,0.1455,0.13525,0.156,0.1455
Oasis - John Williams,99.0,2.0,103.74,2025-09-19 12:45:30+00:00,0.1435,0.12775,0.15475,0.144
Oasis - John Williams,99.0,2.0,103.74,2025-09-19 13:00:30+00:00,0.13475,0.11975,0.1525,0.1355
Oasis - John Williams,99.0,2.0,103.74,2025-09-19 13:15:30+00:00,0.13025,0.111,0.1465,0.13125
Oasis - John Williams,99.0,2.0,103.74,2025-09-19 13:30:30+00:00,0.1215,0.10275,0.14,0.123
Oasis - John Williams,99.0,2.0,103.74,2025-09-19 13:45:30+00:00,0.1125,0.0945,0.1325,0.114
Oasis - John Williams,99.0,2.0,103.74,2025-09-19 14:00:30+00:00,0.106,0.086,0.12425,0.10775
Oasis - John Williams,99.0,2.0,103.74,2025-09-19 14:15:30+00:00,0.09675,0.07825,0.1135,0.0985
Oasis - John Williams,99.0,2.0,103.74,2025-09-19 14:30:30+00:00,0.0845,0.07325,0.106,0.086
Oasis - John Williams,99.0,2.0,103.74,2025-09-19 14:45:30+00:00,0.08725,0.06575,0.09925,0.08925
Oasis - John Williams,99.0,2.0,103.74,2025-09-19 15:00:30+00:00,0.076,0.05775,0.09225,0.07775
Oasis - John Williams,99.0,2.0,103.74,2025-09-19 15:15:30+00:00,0.062,0.0495,0.07975,0.06325
Oasis - John Williams,99.0,2.0,103.74,2025-09-19 15:30:30+00:00,0.05525,0.0425,0.0735,0.0565
Oasis - John Williams,99.0,2.0,103.74,2025-09-19 15:45:30+00:00,0.05625,0.03625,0.068,0.05825
Oasis - John Williams,99.0,2.0,103.74,2025-09-19 16:00:30+00:00,0.0455,0.0265,0.06175,0.047
Oasis - John Williams,99.0,2.0,103.74,2025-09-19 16:15:30+00:00,0.031,0.01825,0.04975,0.03175
Oasis - John Williams,99.0,2.0,103.74,2025-09-19 16:30:30+00:00,0.025,0.01225,0.0385,0.0255
Oasis - John Williams,99.0,2.0,103.74,2025-09-19 16:45:30+00:00,0.01975,0.0105,0.03175,0.02025
Oasis - John Williams,99.0,2.0,103.74,2025-09-19 17:00:30+00:00,0.01775,0.0085,0.02575,0.0185
Oasis - John Williams,99.0,2.0,103.74,2025-09-19 17:15:30+00:00,0.01375,0.007,0.0195,0.0145
Oasis - John Williams,99.0,2.0,103.74,2025-09-19 17:30:30+00:00,0.0085,0.00475,0.01275,0.00875
Oasis - John Williams,99.0,2.0,103.74,2025-09-19 17:45:30+00:00,0.00375,0.0025,0.0055,0.00375
Oasis - John Williams,99.0,2.0,103.74,2025-09-19 18:00:30+00:00,0.0015,0.001,0.00225,0.0015
Oasis - John Williams,99.0,2.0,103.74,2025-09-19 18:15:30+00:00,0.0,0.0,0.0,0.0
Oasis - John Williams,99.0,2.0,103.74,2025-09-19 18:30:30+00:00,0.0,0.0,0.0,0.0
Oasis - John Williams,99.0,2.0,103.74,2025-09-19 18:45:30+00:00,0.0,0.0,0.0,0.0
Oasis - John Williams,99.0,2.0,103.74,2025-09-19 19:00:30+00:00,0.0,0.0,0.0,0.0
Oasis - John Williams,99.0,2.0,103.74,2025-09-19 19:15:30+00:00,0.0,0.0,0.0,0.0
Oasis - John Williams,99.0,2.0,103.74,2025-09-19 19:30:30+00:00,0.0,0.0,0.0,0.0
Oasis - John Williams,99.0,2.0,103.74,2025-09-19 19:45:30+00:00,0.0,0.0,0.0,0.0
Oasis - John Williams,99.0,2.0,103.74,2025-09-19 20:00:30+00:00,0.0,0.0,0.0,0.0
Oasis - John Williams,99.0,2.0,103.74,2025-09-19 20:15:30+00:00,0.0,0.0,0.0,0.0
Oasis - John Williams,99.0,2.0,103.74,2025-09-19 20:30:30+00:00,0.0,0.0,0.0,0.0
Oasis - John Williams,99.0,2.0,103.74,2025-09-19 20:45:30+00:00,0.0,0.0,0.0,0.0
Oasis - John Williams,99.0,2.0,103.74,2025-09-19 21:00:30+00:00,0.0,0.0,0.0,0.0
Oasis - John Williams,99.0,2.0,103.74,2025-09-19 21:15:30+00:00,0.0,0.0,0.0,0.0
Oasis - John Williams,99.0,2.0,103.74,2025-09-19 21:30:30+00:00,0.0,0.0,0.0,0.0
Oasis - John Williams,99.0,2.0,103.74,2025-09-19 21:45:30+00:00,0.0,0.0,0.0,0.0
Oasis - John Williams,99.0,2.0,103.74,2025-09-19 22:00:30+00:00,0.0,0.0,0.0,0.0
Oasis - John Williams,99.0,2.0,103.74,2025-09-19 22:15:30+00:00,0.0,0.0,0.0,0.0
Oasis - John Williams,99.0,2.0,103.74,2025-09-19 22:30:30+00:00,0.0,0.0,0.0,0.0
Oasis - John Williams,99.0,2.0,103.74,2025-09-19 22:45:30+00:00,0.0,0.0,0.0,0.0
Oasis - John Williams,99.0,2.0,103.74,2025-09-19 23:00:30+00:00,0.0,0.0,0.0,0.0
Oasis - John Williams,99.0,2.0,103.74,2025-09-19 23:15:30+00:00,0.0,0.0,0.0,0.0
Oasis - John Williams,99.0,2.0,103.74,2025-09-19 23:30:30+00:00,0.0,0.0,0.0,0.0
Oasis - John Williams,99.0,2.0,103.74,2025-09-19 23:45:30+00:00,0.0,0.0,0.0,0.0
Oasis - John Williams,99.0,2.0,103.74,2025-09-20 00:00:30+00:00,0.0,0.0,0.0,0.0
Oasis - John Williams,99.0,2.0,103.74,2025-09-20 00:15:30+00:00,0.0,0.0,0.0,0.0
Oasis - John Williams,99.0,2.0,103.74,2025-09-20 00:30:30+00:00,0.0,0.0,0.0,0.0
Oasis - John Williams,99.0,2.0,103.74,2025-09-20 00:45:30+00:00,0.0,0.0,0.0,0.0
Oasis - John Williams,99.0,2.0,103.74,2025-09-20 01:00:30+00:00,0.0,0.0,0.0,0.0
Oasis - John Williams,99.0,2.0,103.74,2025-09-20 01:15:30+00:00,0.0,0.0,0.0,0.0
Oasis - John Williams,99.0,2.0,103.74,2025-09-20 01:30:30+00:00,0.0,0.0,0.0,0.0
Oasis - John Williams,99.0,2.0,103.74,2025-09-20 01:45:30+00:00,0.0,0.0,0.0,0.0
Oasis - John Williams,99.0,2.0,103.74,2025-09-20 02:00:30+00:00,0.0,0.0,0.0,0.0
Oasis - John Williams,99.0,2.0,103.74,2025-09-20 02:15:30+00:00,0.0,0.0,0.0,0.0
Oasis - John Williams,99.0,2.0,103.74,2025-09-20 02:30:30+00:00,0.0,0.0,0.0,0.0
Oasis - John Williams,99.0,2.0,103.74,2025-09-20 02:45:30+00:00,0.0,0.0,0.0,0.0
Oasis - John Williams,99.0,2.0,103.74,2025-09-20 03:00:30+00:00,0.0,0.0,0.0,0.0
Oasis - John Williams,99.0,2.0,103.74,2025-09-20 03:15:30+00:00,0.0,0.0,0.0,0.0
Oasis - John Williams,99.0,2.0,103.74,2025-09-20 03:30:30+00:00,0.0,0.0,0.0,0.0
Oasis - John Williams,99.0,2.0,103.74,2025-09-20 03:45:30+00:00,0.0,0.0,0.0,0.0
Oasis - John Williams,99.0,2.0,103.74,2025-09-20 04:00:30+00:00,0.0,0.0,0.0,0.0
Oasis - John Williams,99.0,2.0,103.74,2025-09-20 04:15:30+00:00,0.0,0.0,0.0,0.0
Oasis - John Williams,99.0,2.0,103.74,2025-09-20 04:30:30+00:00,0.0,0.0,0.0,0.0
Oasis - John Williams,99.0,2.0,103.74,2025-09-20 04:45:30+00:00,0.0,0.0,0.0,0.0
Oasis - John Williams,99.0,2.0,103.74,2025-09-20 05:00:30+00:00,0.0,0.0,0.0,0.0
Oasis - John Williams,99.0,2.0,103.74,2025-09-20 05:15:30+00:00,0.0,0.0,0.0,0.0
Oasis - John Williams,99.0,2.0,103.74,2025-09-20 05:30:30+00:00,0.0,0.0,0.0,0.0
Oasis - John Williams,99.0,2.0,103.74,2025-09-20 05:45:30+00:00,0.0,0.0,0.0,0.0
Oasis - John Williams,99.0,2.0,103.74,2025-09-20 06:00:30+00:00,0.00175,0.00125,0.00275,0.00175
Oasis - John Williams,99.0,2.0,103.74,2025-09-20 06:15:30+00:00,0.005,0.003,0.00825,0.005
Oasis - John Williams,99.0,2.0,103.74,2025-09-20 06:30:30+00:00,0.01025,0.0055,0.01475,0.01
Oasis - John Williams,99.0,2.0,103.74,2025-09-20 06:45:30+00:00,0.0145,0.00775,0.023,0.01425
Oasis - John Williams,99.0,2.0,103.74,2025-09-20 07:00:30+00:00,0.021,0.0065,0.03325,0.0205
Oasis - John Williams,99.0,2.0,103.74,2025-09-20 07:15:30+00:00,0.02375,0.00475,0.04175,0.02325
Oasis - John Williams,99.0,2.0,103.74,2025-09-20 07:30:30+00:00,0.0205,0.00675,0.0555,0.0205
Oasis - John Williams,99.0,2.0,103.74,2025-09-20 07:45:30+00:00,0.055,0.011,0.0685,0.0525
Oasis - John Williams,99.0,2.0,103.74,2025-09-20 08:00:30+00:00,0.04325,0.011,0.0775,0.04225
Oasis - John Williams,99.0,2.0,103.74,2025-09-20 08:15:30+00:00,0.039,0.00775,0.07525,0.0385
Oasis - John Williams,99.0,2.0,103.74,2025-09-20 08:30:30+00:00,0.0275,0.007,0.06825,0.0275
Oasis - John Williams,99.0,2.0,103.74,2025-09-20 08:45:30+00:00,0.019,0.0075,0.05475,0.01925
Oasis - John Williams,99.0,2.0,103.74,2025-09-20 09:00:30+00:00,0.013,0.00825,0.0425,0.013
Oasis - John Williams,99.0,2.0,103.74,2025-09-20 09:15:30+00:00,0.01425,0.00875,0.042,0.01425
Oasis - John Williams,99.0,2.0,103.74,2025-09-20 09:30:30+00:00,0.023,0.0095,0.051,0.023
Oasis - John Williams,99.0,2.0,103.74,2025-09-20 09:45:30+00:00,0.0305,0.01,0.0645,0.0305
Oasis - John Williams,99.0,2.0,103.74,2025-09-20 10:00:30+00:00,0.047,0.01075,0.066,0.04675
Oasis - John Williams,99.0,2.0,103.74,2025-09-20 10:15:30+00:00,0.03725,0.01375,0.06775,0.03725
Oasis - John Williams,99.0,2.0,103.74,2025-09-20 10:30:30+00:00,0.0375,0.01125,0.06525,0.03775
Oasis - John Williams,99.0,2.0,103.74,2025-09-20 10:45:30+00:00,0.036,0.0115,0.065,0.03625
Oasis - John Williams,99.0,2.0,103.74,2025-09-20 11:00:30+00:00,0.02525,0.01175,0.05825,0.02525
Oasis - John Williams,99.0,2.0,103.74,2025-09-20 11:15:30+00:00,0.01725,0.012,0.048,0.0175
Oasis - John Williams,99.0,2.0,103.74,2025-09-20 11:30:30+00:00,0.0125,0.012,0.04175,0.0125
Oasis - John Williams,99.0,2.0,103.74,2025-09-20 11:45:30+00:00,0.022,0.01225,0.039,0.022
Oasis - John Williams,99.0,2.0,103.74,2025-09-20 12:00:30+00:00,0.0215,0.01225,0.0385,0.0215
Oasis - John Williams,99.0,2.0,103.74,2025-09-20 12:15:30+00:00,0.01775,0.01225,0.03975,0.01775
Oasis - John Williams,99.0,2.0,103.74,2025-09-20 12:30:30+00:00,0.0205,0.012,0.04175,0.0205
Oasis - John Williams,99.0,2.0,103.74,2025-09-20 12:45:30+00:00,0.0205,0.01175,0.05025,0.0205
Oasis - John Williams,99.0,2.0,103.74,2025-09-20 13:00:30+00:00,0.0325,0.01175,0.05525,0.03275
Oasis - John Williams,99.0,2.0,103.74,2025-09-20 13:15:30+00:00,0.034,0.01125,0.053,0.03425
Oasis - John Williams,99.0,2.0,103.74,2025-09-20 13:30:30+00:00,0.01475,0.011,0.05025,0.01475
Oasis - John Williams,99.0,2.0,103.74,2025-09-20 13:45:30+00:00,0.02575,0.0105,0.041,0.026
Oasis - John Williams,99.0,2.0,103.74,2025-09-20 14:00:30+00:00,0.014,0.01025,0.05525,0.014
Oasis - John Williams,99.0,2.0,103.74,2025-09-20 14:15:30+00:00,0.024,0.00975,0.06175,0.024
Oasis - John Williams,99.0,2.0,103.74,2025-09-20 14:30:30+00:00,0.01375,0.009,0.0555,0.01375
Oasis - John Williams,99.0,2.0,103.74,2025-09-20 14:45:30+00:00,0.06125,0.01225,0.08675,0.0625
Oasis - John Williams,99.0,2.0,103.74,2025-09-20 15:00:30+00:00,0.03325,0.00775,0.083,0.0335
Oasis - John Williams,99.0,2.0,103.74,2025-09-20 15:15:30+00:00,0.02575,0.00725,0.059,0.026
Oasis - John Williams,99.0,2.0,103.74,2025-09-20 15:30:30+00:00,0.02475,0.0065,0.052,0.025
Oasis - John Williams,99.0,2.0,103.74,2025-09-20 15:45:30+00:00,0.025,0.00575,0.0525,0.025
Oasis - John Williams,99.0,2.0,103.74,2025-09-20 16:00:30+00:00,0.02625,0.00525,0.062,0.0265
Oasis - John Williams,99.0,2.0,103.74,2025-09-20 16:15:30+00:00,0.0395,0.00825,0.057,0.04125
Oasis - John Williams,99.0,2.0,103.74,2025-09-20 16:30:30+00:00,0.0345,0.01575,0.047,0.03625
Oasis - John Williams,99.0,2.0,103.74,2025-09-20 16:45:30+00:00,0.027,0.015,0.03725,0.0285
Oasis - John Williams,99.0,2.0,103.74,2025-09-20 17:00:30+00:00,0.01825,0.012,0.02625,0.01925
Oasis - John Williams,99.0,2.0,103.74,2025-09-20 17:15:30+00:00,0.012,0.00725,0.018,0.0125
Oasis - John Williams,99.0,2.0,103.74,2025-09-20 17:30:30+00:00,0.007,0.00375,0.01075,0.007
Oasis - John Williams,99.0,2.0,103.74,2025-09-20 17:45:30+00:00,0.00275,0.00175,0.0045,0.00275
Oasis - John Williams,99.0,2.0,103.74,2025-09-20 18:00:30+00:00,0.001,0.0005,0.0015,0.001
Oasis - John Williams,99.0,2.0,103.74,2025-09-20 18:15:30+00:00,0.0,0.0,0.0,0.0
Oasis - John Williams,99.0,2.0,103.74,2025-09-20 18:30:30+00:00,0.0,0.0,0.0,0.0
Oasis - John Williams,99.0,2.0,103.74,2025-09-20 18:45:30+00:00,0.0,0.0,0.0,0.0
Oasis - John Williams,99.0,2.0,103.74,2025-09-20 19:00:30+00:00,0.0,0.0,0.0,0.0
Oasis - John Williams,99.0,2.0,103.74,2025-09-20 19:15:30+00:00,0.0,0.0,0.0,0.0
Oasis - John Williams,99.0,2.0,103.74,2025-09-20 19:30:30+00:00,0.0,0.0,0.0,0.0
Oasis - John Williams,99.0,2.0,103.74,2025-09-20 19:45:30+00:00,0.0,0.0,0.0,0.0
Oasis - John Williams,99.0,2.0,103.74,2025-09-20 20:00:30+00:00,0.0,0.0,0.0,0.0
Oasis - John Williams,99.0,2.0,103.74,2025-09-20 20:15:30+00:00,0.0,0.0,0.0,0.0
Oasis - John Williams,99.0,2.0,103.74,2025-09-20 20:30:30+00:00,0.0,0.0,0.0,0.0
Oasis - John Williams,99.0,2.0,103.74,2025-09-20 20:45:30+00:00,0.0,0.0,0.0,0.0
Oasis - John Williams,99.0,2.0,103.74,2025-09-20 21:00:30+00:00,0.0,0.0,0.0,0.0
Oasis - John Williams,99.0,2.0,103.74,2025-09-20 21:15:30+00:00,0.0,0.0,0.0,0.0
Oasis - John Williams,99.0,2.0,103.74,2025-09-20 21:30:30+00:00,0.0,0.0,0.0,0.0
Oasis - John Williams,99.0,2.0,103.74,2025-09-20 21:45:30+00:00,0.0,0.0,0.0,0.0
Oasis - John Williams,99.0,2.0,103.74,2025-09-20 22:00:30+00:00,0.0,0.0,0.0,0.0
Oasis - John Williams,99.0,2.0,103.74,2025-09-20 22:15:30+00:00,0.0,0.0,0.0,0.0
Oasis - John Williams,99.0,2.0,103.74,2025-09-20 22:30:30+00:00,0.0,0.0,0.0,0.0
Oasis - John Williams,99.0,2.0,103.74,2025-09-20 22:45:30+00:00,0.0,0.0,0.0,0.0
Oasis - John Williams,99.0,2.0,103.74,2025-09-20 23:00:30+00:00,0.0,0.0,0.0,0.0
Oasis - John Williams,99.0,2.0,103.74,2025-09-20 23:15:30+00:00,0.0,0.0,0.0,0.0
Oasis - John Williams,99.0,2.0,103.74,2025-09-20 23:30:30+00:00,0.0,0.0,0.0,0.0
Oasis - John Williams,99.0,2.0,103.74,2025-09-20 23:45:30+00:00,0.0,0.0,0.0,0.0
Oasis - John Williams,99.0,2.0,103.74,2025-09-21 00:00:30+00:00,0.0,0.0,0.0,0.0
Oasis - John Williams,99.0,2.0,103.74,2025-09-21 00:15:30+00:00,0.0,0.0,0.0,0.0
Oasis - John Williams,99.0,2.0,103.74,2025-09-21 00:30:30+00:00,0.0,0.0,0.0,0.0
Oasis - John Williams,99.0,2.0,103.74,2025-09-21 00:45:30+00:00,0.0,0.0,0.0,0.0
Oasis - John Williams,99.0,2.0,103.74,2025-09-21 01:00:30+00:00,0.0,0.0,0.0,0.0
Oasis - John Williams,99.0,2.0,103.74,2025-09-21 01:15:30+00:00,0.0,0.0,0.0,0.0
Oasis - John Williams,99.0,2.0,103.74,2025-09-21 01:30:30+00:00,0.0,0.0,0.0,0.0
Oasis - John Williams,99.0,2.0,103.74,2025-09-21 01:45:30+00:00,0.0,0.0,0.0,0.0
Oasis - John Williams,99.0,2.0,103.74,2025-09-21 02:00:30+00:00,0.0,0.0,0.0,0.0
Oasis - John Williams,99.0,2.0,103.74,2025-09-21 02:15:30+00:00,0.0,0.0,0.0,0.0
Oasis - John Williams,99.0,2.0,103.74,2025-09-21 02:30:30+00:00,0.0,0.0,0.0,0.0
Oasis - John Williams,99.0,2.0,103.74,2025-09-21 02:45:30+00:00,0.0,0.0,0.0,0.0
Oasis - John Williams,99.0,2.0,103.74,2025-09-21 03:00:30+00:00,0.0,0.0,0.0,0.0
Oasis - John Williams,99.0,2.0,103.74,2025-09-21 03:15:30+00:00,0.0,0.0,0.0,0.0
Oasis - John Williams,99.0,2.0,103.74,2025-09-21 03:30:30+00:00,0.0,0.0,0.0,0.0
Oasis - John Williams,99.0,2.0,103.74,2025-09-21 03:45:30+00:00,0.0,0.0,0.0,0.0
Oasis - John Williams,99.0,2.0,103.74,2025-09-21 04:00:30+00:00,0.0,0.0,0.0,0.0
Oasis - John Williams,99.0,2.0,103.74,2025-09-21 04:15:30+00:00,0.0,0.0,0.0,0.0
Oasis - John Williams,99.0,2.0,103.74,2025-09-21 04:30:30+00:00,0.0,0.0,0.0,0.0
Oasis - John Williams,99.0,2.0,103.74,2025-09-21 04:45:30+00:00,0.0,0.0,0.0,0.0
Oasis - John Williams,99.0,2.0,103.74,2025-09-21 05:00:30+00:00,0.0,0.0,0.0,0.0
Oasis - John Williams,99.0,2.0,103.74,2025-09-21 05:15:30+00:00,0.0,0.0,0.0,0.0
Oasis - John Williams,99.0,2.0,103.74,2025-09-21 05:30:30+00:00,0.0,0.0,0.0,0.0
Oasis - John Williams,99.0,2.0,103.74,2025-09-21 05:45:30+00:00,0.0,0.0,0.0,0.0
Oasis - John Williams,99.0,2.0,103.74,2025-09-21 06:00:30+00:00,0.002,0.00175,0.003,0.002
Oasis - John Williams,99.0,2.0,103.74,2025-09-21 06:15:30+00:00,0.0075,0.005,0.01075,0.00675
Oasis - John Williams,99.0,2.0,103.74,2025-09-21 06:30:30+00:00,0.01525,0.0105,0.02125,0.01325
Oasis - John Williams,99.0,2.0,103.74,2025-09-21 06:45:30+00:00,0.02475,0.016,0.03225,0.022
Oasis - John Williams,99.0,2.0,103.74,2025-09-21 07:00:30+00:00,0.03175,0.02275,0.043,0.0285
Oasis - John Williams,99.0,2.0,103.74,2025-09-21 07:15:30+00:00,0.04225,0.0305,0.054,0.0385
Oasis - John Williams,99.0,2.0,103.74,2025-09-21 07:30:30+00:00,0.05475,0.04175,0.0655,0.05
Oasis - John Williams,99.0,2.0,103.74,2025-09-21 07:45:30+00:00,0.06725,0.0515,0.07675,0.06175
Oasis - John Williams,99.0,2.0,103.74,2025-09-21 08:00:30+00:00,0.0765,0.0525,0.08725,0.071
Oasis - John Williams,99.0,2.0,103.74,2025-09-21 08:15:30+00:00,0.081,0.044,0.0965,0.07625
Oasis - John Williams,99.0,2.0,103.74,2025-09-21 08:30:30+00:00,0.076,0.027,0.10525,0.073
Oasis - John Williams,99.0,2.0,103.74,2025-09-21 08:45:30+00:00,0.05825,0.0145,0.10675,0.057
Oasis - John Williams,99.0,2.0,103.74,2025-09-21 09:00:30+00:00,0.04825,0.016,0.09075,0.04775
Oasis - John Williams,99.0,2.0,103.74,2025-09-21 09:15:30+00:00,0.0535,0.029,0.0775,0.053
Oasis - John Williams,99.0,2.0,103.74,2025-09-21 09:30:30+00:00,0.05775,0.04075,0.0715,0.05725
Oasis - John Williams,99.0,2.0,103.74,2025-09-21 09:45:30+00:00,0.057,0.0385,0.07825,0.05675
Oasis - John Williams,99.0,2.0,103.74,2025-09-21 10:00:30+00:00,0.06025,0.0355,0.09125,0.06
Oasis - John Williams,99.0,2.0,103.74,2025-09-21 10:15:30+00:00,0.07275,0.04175,0.11075,0.072
Oasis - John Williams,99.0,2.0,103.74,2025-09-21 10:30:30+00:00,0.0955,0.0515,0.1195,0.09425
Oasis - John Williams,99.0,2.0,103.74,2025-09-21 10:45:30+00:00,0.087,0.054,0.12025,0.08625
Oasis - John Williams,99.0,2.0,103.74,2025-09-21 11:00:30+00:00,0.078,0.05,0.10925,0.0775
Oasis - John Williams,99.0,2.0,103.74,2025-09-21 11:15:30+00:00,0.07375,0.044,0.11,0.0735
Oasis - John Williams,99.0,2.0,103.74,2025-09-21 11:30:30+00:00,0.07925,0.04275,0.12225,0.079
Oasis - John Williams,99.0,2.0,103.74,2025-09-21 11:45:30+00:00,0.094,0.044,0.146,0.09375
Oasis - John Williams,99.0,2.0,103.74,2025-09-21 12:00:30+00:00,0.111,0.05325,0.1655,0.11075
Oasis - John Williams,99.0,2.0,103.74,2025-09-21 12:15:30+00:00,0.12225,0.06825,0.1735,0.122
Oasis - John Williams,99.0,2.0,103.74,2025-09-21 12:30:30+00:00,0.131,0.08675,0.1715,0.131
Oasis - John Williams,99.0,2.0,103.74,2025-09-21 12:45:30+00:00,0.1415,0.105,0.16875,0.142
Oasis - John Williams,99.0,2.0,103.74,2025-09-21 13:00:30+00:00,0.14375,0.1155,0.165,0.14475
Oasis - John Williams,99.0,2.0,103.74,2025-09-21 13:15:30+00:00,0.1375,0.11225,0.1605,0.13875
Oasis - John Williams,99.0,2.0,103.74,2025-09-21 13:30:30+00:00,0.12925,0.1005,0.15525,0.13075
Oasis - John Williams,99.0,2.0,103.74,2025-09-21 13:45:30+00:00,0.1165,0.08575,0.145,0.11825
Oasis - John Williams,99.0,2.0,103.74,2025-09-21 14:00:30+00:00,0.10025,0.078,0.12825,0.102
Oasis - John Williams,99.0,2.0,103.74,2025-09-21 14:15:30+00:00,0.092,0.0735,0.1145,0.09375
Oasis - John Williams,99.0,2.0,103.74,2025-09-21 14:30:30+00:00,0.08925,0.07075,0.10875,0.09125
Oasis - John Williams,99.0,2.0,103.74,2025-09-21 14:45:30+00:00,0.0875,0.068,0.107,0.09
Oasis - John Williams,99.0,2.0,103.74,2025-09-21 15:00:30+00:00,0.0855,0.0665,0.10475,0.0885
Oasis - John Williams,99.0,2.0,103.74,2025-09-21 15:15:30+00:00,0.0835,0.06625,0.09725,0.08725
Oasis - John Williams,99.0,2.0,103.74,2025-09-21 15:30:30+00:00,0.076,0.0645,0.08775,0.08
Oasis - John Williams,99.0,2.0,103.74,2025-09-21 15:45:30+00:00,0.06875,0.059,0.07725,0.073
Oasis - John Williams,99.0,2.0,103.74,2025-09-21 16:00:30+00:00,0.0595,0.052,0.068,0.064
Oasis - John Williams,99.0,2.0,103.74,2025-09-21 16:15:30+00:00,0.0515,0.04325,0.05875,0.05625
Oasis - John Williams,99.0,2.0,103.74,2025-09-21 16:30:30+00:00,0.04225,0.035,0.04825,0.04675
Oasis - John Williams,99.0,2.0,103.74,2025-09-21 16:45:30+00:00,0.03325,0.0265,0.03775,0.03775
Oasis - John Williams,99.0,2.0,103.74,2025-09-21 17:00:30+00:00,0.0245,0.01875,0.02775,0.0285
Oasis - John Williams,99.0,2.0,103.74,2025-09-21 17:15:30+00:00,0.01625,0.012,0.0185,0.0195
Oasis - John Williams,99.0,2.0,103.74,2025-09-21 17:30:30+00:00,0.0085,0.00625,0.01,0.011
Oasis - John Williams,99.0,2.0,103.74,2025-09-21 17:45:30+00:00,0.0035,0.003,0.004,0.004
Oasis - John Williams,99.0,2.0,103.74,2025-09-21 18:00:30+00:00,0.0005,0.00025,0.00075,0.0005
Oasis - John Williams,99.0,2.0,103.74,2025-09-21 18:15:30+00:00,0.0,0.0,0.0,0.0
Oasis - John Williams,99.0,2.0,103.74,2025-09-21 18:30:30+00:00,0.0,0.0,0.0,0.0
Oasis - John Williams,99.0,2.0,103.74,2025-09-21 18:45:30+00:00,0.0,0.0,0.0,0.0
Oasis - John Williams,99.0,2.0,103.74,2025-09-21 19:00:30+00:00,0.0,0.0,0.0,0.0
Oasis - John Williams,99.0,2.0,103.74,2025-09-21 19:15:30+00:00,0.0,0.0,0.0,0.0
Oasis - John Williams,99.0,2.0,103.74,2025-09-21 19:30:30+00:00,0.0,0.0,0.0,0.0
Oasis - John Williams,99.0,2.0,103.74,2025-09-21 19:45:30+00:00,0.0,0.0,0.0,0.0
Oasis - John Williams,99.0,2.0,103.74,2025-09-21 20:00:30+00:00,0.0,0.0,0.0,0.0
Oasis - John Williams,99.0,2.0,103.74,2025-09-21 20:15:30+00:00,0.0,0.0,0.0,0.0
Oasis - John Williams,99.0,2.0,103.74,2025-09-21 20:30:30+00:00,0.0,0.0,0.0,0.0
Oasis - John Williams,99.0,2.0,103.74,2025-09-21 20:45:30+00:00,0.0,0.0,0.0,0.0
Oasis - John Williams,99.0,2.0,103.74,2025-09-21 21:00:30+00:00,0.0,0.0,0.0,0.0
Oasis - John Williams,99.0,2.0,103.74,2025-09-21 21:15:30+00:00,0.0,0.0,0.0,0.0
Oasis - John Williams,99.0,2.0,103.74,2025-09-21 21:30:30+00:00,0.0,0.0,0.0,0.0
Oasis - John Williams,99.0,2.0,103.74,2025-09-21 21:45:30+00:00,0.0,0.0,0.0,0.0
Oasis - John Williams,99.0,2.0,103.74,2025-09-21 22:00:30+00:00,0.0,0.0,0.0,0.0
Oasis - John Williams,99.0,2.0,103.74,2025-09-21 22:15:30+00:00,0.0,0.0,0.0,0.0
Oasis - John Williams,99.0,2.0,103.74,2025-09-21 22:30:30+00:00,0.0,0.0,0.0,0.0
Oasis - John Williams,99.0,2.0,103.74,2025-09-21 22:45:30+00:00,0.0,0.0,0.0,0.0
Oasis - John Williams,99.0,2.0,103.74,2025-09-21 23:00:30+00:00,0.0,0.0,0.0,0.0
Oasis - John Williams,99.0,2.0,103.74,2025-09-21 23:15:30+00:00,0.0,0.0,0.0,0.0
Oasis - John Williams,99.0,2.0,103.74,2025-09-21 23:30:30+00:00,0.0,0.0,0.0,0.0
Oasis - John Williams,99.0,2.0,103.74,2025-09-21 23:45:30+00:00,0.0,0.0,0.0,0.0
Oasis - John Williams,99.0,2.0,103.74,2025-09-22 00:00:30+00:00,0.0,0.0,0.0,0.0
Oasis - John Williams,99.0,2.0,103.74,2025-09-22 00:15:30+00:00,0.0,0.0,0.0,0.0
Oasis - John Williams,99.0,2.0,103.74,2025-09-22 00:30:30+00:00,0.0,0.0,0.0,0.0
Oasis - John Williams,99.0,2.0,103.74,2025-09-22 00:45:30+00:00,0.0,0.0,0.0,0.0
Oasis - John Williams,99.0,2.0,103.74,2025-09-22 01:00:30+00:00,0.0,0.0,0.0,0.0
Oasis - John Williams,99.0,2.0,103.74,2025-09-22 01:15:30+00:00,0.0,0.0,0.0,0.0
Oasis - John Williams,99.0,2.0,103.74,2025-09-22 01:30:30+00:00,0.0,0.0,0.0,0.0
Oasis - John Williams,99.0,2.0,103.74,2025-09-22 01:45:30+00:00,0.0,0.0,0.0,0.0
Oasis - John Williams,99.0,2.0,103.74,2025-09-22 02:00:30+00:00,0.0,0.0,0.0,0.0
Oasis - John Williams,99.0,2.0,103.74,2025-09-22 02:15:30+00:00,0.0,0.0,0.0,0.0
Oasis - John Williams,99.0,2.0,103.74,2025-09-22 02:30:30+00:00,0.0,0.0,0.0,0.0
Oasis - John Williams,99.0,2.0,103.74,2025-09-22 02:45:30+00:00,0.0,0.0,0.0,0.0
Oasis - John Williams,99.0,2.0,103.74,2025-09-22 03:00:30+00:00,0.0,0.0,0.0,0.0
Oasis - John Williams,99.0,2.0,103.74,2025-09-22 03:15:30+00:00,0.0,0.0,0.0,0.0
Oasis - John Williams,99.0,2.0,103.74,2025-09-22 03:30:30+00:00,0.0,0.0,0.0,0.0
Oasis - John Williams,99.0,2.0,103.74,2025-09-22 03:45:30+00:00,0.0,0.0,0.0,0.0
Oasis - John Williams,99.0,2.0,103.74,2025-09-22 04:00:30+00:00,0.0,0.0,0.0,0.0
Oasis - John Williams,99.0,2.0,103.74,2025-09-22 04:15:30+00:00,0.0,0.0,0.0,0.0
Oasis - John Williams,99.0,2.0,103.74,2025-09-22 04:30:30+00:00,0.0,0.0,0.0,0.0
Oasis - John Williams,99.0,2.0,103.74,2025-09-22 04:45:30+00:00,0.0,0.0,0.0,0.0
Oasis - John Williams,99.0,2.0,103.74,2025-09-22 05:00:30+00:00,0.0,0.0,0.0,0.0
Oasis - John Williams,99.0,2.0,103.74,2025-09-22 05:15:30+00:00,0.0,0.0,0.0,0.0
Oasis - John Williams,99.0,2.0,103.74,2025-09-22 05:30:30+00:00,0.0,0.0,0.0,0.0
Oasis - John Williams,99.0,2.0,103.74,2025-09-22 05:45:30+00:00,0.0,0.0,0.0,0.0
Oasis - John Williams,99.0,2.0,103.74,2025-09-22 06:00:30+00:00,0.002,0.00125,0.00225,0.002
Oasis - John Williams,99.0,2.0,103.74,2025-09-22 06:15:30+00:00,0.00975,0.00725,0.01175,0.00775
Oasis - John Williams,99.0,2.0,103.74,2025-09-22 06:30:30+00:00,0.01975,0.014,0.0225,0.016
Oasis - John Williams,99.0,2.0,103.74,2025-09-22 06:45:30+00:00,0.0295,0.02225,0.0335,0.02525
Oasis - John Williams,99.0,2.0,103.74,2025-09-22 07:00:30+00:00,0.03975,0.03125,0.04475,0.03475
Oasis - John Williams,99.0,2.0,103.74,2025-09-22 07:15:30+00:00,0.05,0.04075,0.056,0.04425
Oasis - John Williams,99.0,2.0,103.74,2025-09-22 07:30:30+00:00,0.05975,0.05075,0.067,0.054
Oasis - John Williams,99.0,2.0,103.74,2025-09-22 07:45:30+00:00,0.0695,0.061,0.078,0.0635
Oasis - John Williams,99.0,2.0,103.74,2025-09-22 08:00:30+00:00,0.07925,0.07125,0.08675,0.073
Oasis - John Williams,99.0,2.0,103.74,2025-09-22 08:15:30+00:00,0.08825,0.08175,0.09475,0.08225
Oasis - John Williams,99.0,2.0,103.74,2025-09-22 08:30:30+00:00,0.09725,0.09175,0.1025,0.09125
Oasis - John Williams,99.0,2.0,103.74,2025-09-22 08:45:30+00:00,0.10575,0.10075,0.1105,0.09975
Oasis - John Williams,99.0,2.0,103.74,2025-09-22 09:00:30+00:00,0.11375,0.10875,0.1185,0.108
Oasis - John Williams,99.0,2.0,103.74,2025-09-22 09:15:30+00:00,0.12125,0.116,0.1265,0.11575
Oasis - John Williams,99.0,2.0,103.74,2025-09-22 09:30:30+00:00,0.1285,0.12275,0.134,0.12325
Oasis - John Williams,99.0,2.0,103.74,2025-09-22 09:45:30+00:00,0.135,0.12875,0.14075,0.12975
Oasis - John Williams,99.0,2.0,103.74,2025-09-22 10:00:30+00:00,0.14075,0.13425,0.14725,0.136
Oasis - John Williams,99.0,2.0,103.74,2025-09-22 10:15:30+00:00,0.14625,0.13925,0.15275,0.14175
Oasis - John Williams,99.0,2.0,103.74,2025-09-22 10:30:30+00:00,0.15075,0.144,0.15725,0.14675
Oasis - John Williams,99.0,2.0,103.74,2025-09-22 10:45:30+00:00,0.15475,0.14725,0.16125,0.15125
Oasis - John Williams,99.0,2.0,103.74,2025-09-22 11:00:30+00:00,0.15725,0.1495,0.1645,0.15425
Oasis - John Williams,99.0,2.0,103.74,2025-09-22 11:15:30+00:00,0.15875,0.15025,0.16625,0.15625
Oasis - John Williams,99.0,2.0,103.74,2025-09-22 11:30:30+00:00,0.1585,0.1505,0.1665,0.1565
Oasis - John Williams,99.0,2.0,103.74,2025-09-22 11:45:30+00:00,0.15825,0.15075,0.166,0.15675
Oasis - John Williams,99.0,2.0,103.74,2025-09-22 12:00:30+00:00,0.1585,0.151,0.1655,0.1575
Oasis - John Williams,99.0,2.0,103.74,2025-09-22 12:15:30+00:00,0.15775,0.15075,0.16425,0.15725
Oasis - John Williams,99.0,2.0,103.74,2025-09-22 12:30:30+00:00,0.156,0.14925,0.162,0.156
Oasis - John Williams,99.0,2.0,103.74,2025-09-22 12:45:30+00:00,0.153,0.147,0.159,0.15375
Oasis - John Williams,99.0,2.0,103.74,2025-09-22 13:00:30+00:00,0.14975,0.14375,0.15525,0.151
Oasis - John Williams,99.0,2.0,103.74,2025-09-22 13:15:30+00:00,0.1455,0.1395,0.15125,0.14725
Oasis - John Williams,99.0,2.0,103.74,2025-09-22 13:30:30+00:00,0.14075,0.1345,0.14625,0.143
Oasis - John Williams,99.0,2.0,103.74,2025-09-22 13:45:30+00:00,0.13475,0.12875,0.14025,0.1375
Oasis - John Williams,99.0,2.0,103.74,2025-09-22 14:00:30+00:00,0.12825,0.12275,0.1335,0.13125
Oasis - John Williams,99.0,2.0,103.74,2025-09-22 14:15:30+00:00,0.1215,0.1165,0.12625,0.125
Oasis - John Williams,99.0,2.0,103.74,2025-09-22 14:30:30+00:00,0.11425,0.1095,0.1185,0.118
Oasis - John Williams,99.0,2.0,103.74,2025-09-22 14:45:30+00:00,0.1065,0.10225,0.1105,0.1105
Oasis - John Williams,99.0,2.0,103.74,2025-09-22 15:00:30+00:00,0.09825,0.094,0.102,0.10275
Oasis - John Williams,99.0,2.0,103.74,2025-09-22 15:15:30+00:00,0.0895,0.08475,0.09375,0.09425
Oasis - John Williams,99.0,2.0,103.74,2025-09-22 15:30:30+00:00,0.08025,0.075,0.08575,0.08525
Oasis - John Williams,99.0,2.0,103.74,2025-09-22 15:45:30+00:00,0.071,0.0645,0.0775,0.07625
Oasis - John Williams,99.0,2.0,103.74,2025-09-22 16:00:30+00:00,0.0615,0.05425,0.06875,0.06675
Oasis - John Williams,99.0,2.0,103.74,2025-09-22 16:15:30+00:00,0.052,0.04425,0.05825,0.057
Oasis - John Williams,99.0,2.0,103.74,2025-09-22 16:30:30+00:00,0.04225,0.03475,0.0475,0.04725
Oasis - John Williams,99.0,2.0,103.74,2025-09-22 16:45:30+00:00,0.03275,0.026,0.03725,0.0375
Oasis - John Williams,99.0,2.0,103.74,2025-09-22 17:00:30+00:00,0.0235,0.01775,0.027,0.02775
Oasis - John Williams,99.0,2.0,103.74,2025-09-22 17:15:30+00:00,0.015,0.01075,0.0175,0.01875
Oasis - John Williams,99.0,2.0,103.74,2025-09-22 17:30:30+00:00,0.0075,0.00525,0.00875,0.01
Oasis - John Williams,99.0,2.0,103.74,2025-09-22 17:45:30+00:00,0.0025,0.00225,0.003,0.003
Oasis - John Williams,99.0,2.0,103.74,2025-09-22 18:00:30+00:00,0.0005,0.00025,0.0005,0.0005
Oasis - John Williams,99.0,2.0,103.74,2025-09-22 18:15:30+00:00,0.0,0.0,0.0,0.0
Oasis - John Williams,99.0,2.0,103.74,2025-09-22 18:30:30+00:00,0.0,0.0,0.0,0.0
Oasis - John Williams,99.0,2.0,103.74,2025-09-22 18:45:30+00:00,0.0,0.0,0.0,0.0
Oasis - John Williams,99.0,2.0,103.74,2025-09-22 19:00:30+00:00,0.0,0.0,0.0,0.0
Oasis - John Williams,99.0,2.0,103.74,2025-09-22 19:15:30+00:00,0.0,0.0,0.0,0.0
Oasis - John Williams,99.0,2.0,103.74,2025-09-22 19:30:30+00:00,0.0,0.0,0.0,0.0
Oasis - John Williams,99.0,2.0,103.74,2025-09-22 19:45:30+00:00,0.0,0.0,0.0,0.0
Oasis - John Williams,99.0,2.0,103.74,2025-09-22 20:00:30+00:00,0.0,0.0,0.0,0.0
Oasis - John Williams,99.0,2.0,103.74,2025-09-22 20:15:30+00:00,0.0,0.0,0.0,0.0
Oasis - John Williams,99.0,2.0,103.74,2025-09-22 20:30:30+00:00,0.0,0.0,0.0,0.0
Oasis - John Williams,99.0,2.0,103.74,2025-09-22 20:45:30+00:00,0.0,0.0,0.0,0.0
Oasis - John Williams,99.0,2.0,103.74,2025-09-22 21:00:30+00:00,0.0,0.0,0.0,0.0
Oasis - John Williams,99.0,2.0,103.74,2025-09-22 21:15:30+00:00,0.0,0.0,0.0,0.0
Oasis - John Williams,99.0,2.0,103.74,2025-09-22 21:30:30+00:00,0.0,0.0,0.0,0.0
Oasis - John Williams,99.0,2.0,103.74,2025-09-22 21:45:30+00:00,0.0,0.0,0.0,0.0
Oasis - John Williams,99.0,2.0,103.74,2025-09-22 22:00:30+00:00,0.0,0.0,0.0,0.0
Oasis - John Williams,99.0,2.0,103.74,2025-09-22 22:15:30+00:00,0.0,0.0,0.0,0.0
Oasis - John Williams,99.0,2.0,103.74,2025-09-22 22:30:30+00:00,0.0,0.0,0.0,0.0
Oasis - John Williams,99.0,2.0,103.74,2025-09-22 22:45:30+00:00,0.0,0.0,0.0,0.0
Oasis - John Williams,99.0,2.0,103.74,2025-09-22 23:00:30+00:00,0.0,0.0,0.0,0.0
Oasis - John Williams,99.0,2.0,103.74,2025-09-22 23:15:30+00:00,0.0,0.0,0.0,0.0
Oasis - John Williams,99.0,2.0,103.74,2025-09-22 23:30:30+00:00,0.0,0.0,0.0,0.0
Oasis - John Williams,99.0,2.0,103.74,2025-09-22 23:45:30+00:00,0.0,0.0,0.0,0.0
Oasis - John Williams,99.0,2.0,103.74,2025-09-23 00:00:30+00:00,0.0,0.0,0.0,0.0
Oasis - John Williams,99.0,2.0,103.74,2025-09-23 00:15:30+00:00,0.0,0.0,0.0,0.0
Oasis - John Williams,99.0,2.0,103.74,2025-09-23 00:30:30+00:00,0.0,0.0,0.0,0.0
Oasis - John Williams,99.0,2.0,103.74,2025-09-23 00:45:30+00:00,0.0,0.0,0.0,0.0
Oasis - John Williams,99.0,2.0,103.74,2025-09-23 01:00:30+00:00,0.0,0.0,0.0,0.0
Oasis - John Williams,99.0,2.0,103.74,2025-09-23 01:15:30+00:00,0.0,0.0,0.0,0.0
Oasis - John Williams,99.0,2.0,103.74,2025-09-23 01:30:30+00:00,0.0,0.0,0.0,0.0
Oasis - John Williams,99.0,2.0,103.74,2025-09-23 01:45:30+00:00,0.0,0.0,0.0,0.0
Oasis - John Williams,99.0,2.0,103.74,2025-09-23 02:00:30+00:00,0.0,0.0,0.0,0.0
Oasis - John Williams,99.0,2.0,103.74,2025-09-23 02:15:30+00:00,0.0,0.0,0.0,0.0
Oasis - John Williams,99.0,2.0,103.74,2025-09-23 02:30:30+00:00,0.0,0.0,0.0,0.0
Oasis - John Williams,99.0,2.0,103.74,2025-09-23 02:45:30+00:00,0.0,0.0,0.0,0.0
Oasis - John Williams,99.0,2.0,103.74,2025-09-23 03:00:30+00:00,0.0,0.0,0.0,0.0
Oasis - John Williams,99.0,2.0,103.74,2025-09-23 03:15:30+00:00,0.0,0.0,0.0,0.0
Oasis - John Williams,99.0,2.0,103.74,2025-09-23 03:30:30+00:00,0.0,0.0,0.0,0.0
Oasis - John Williams,99.0,2.0,103.74,2025-09-23 03:45:30+00:00,0.0,0.0,0.0,0.0
Oasis - John Williams,99.0,2.0,103.74,2025-09-23 04:00:30+00:00,0.0,0.0,0.0,0.0
Oasis - John Williams,99.0,2.0,103.74,2025-09-23 04:15:30+00:00,0.0,0.0,0.0,0.0
Oasis - John Williams,99.0,2.0,103.74,2025-09-23 04:30:30+00:00,0.0,0.0,0.0,0.0
Oasis - John Williams,99.0,2.0,103.74,2025-09-23 04:45:30+00:00,0.0,0.0,0.0,0.0
Oasis - John Williams,99.0,2.0,103.74,2025-09-23 05:00:30+00:00,0.0,0.0,0.0,0.0
Oasis - John Williams,99.0,2.0,103.74,2025-09-23 05:15:30+00:00,0.0,0.0,0.0,0.0
Oasis - John Williams,99.0,2.0,103.74,2025-09-23 05:30:30+00:00,0.0,0.0,0.0,0.0
Oasis - John Williams,99.0,2.0,103.74,2025-09-23 05:45:30+00:00,0.0,0.0,0.0,0.0
Oasis - John Williams,99.0,2.0,103.74,2025-09-23 06:00:30+00:00,0.0015,0.001,0.0015,0.0015
Oasis - John Williams,99.0,2.0,103.74,2025-09-23 06:15:30+00:00,0.00875,0.00675,0.01025,0.00675
Oasis - John Williams,99.0,2.0,103.74,2025-09-23 06:30:30+00:00,0.01825,0.01325,0.02075,0.01475
Oasis - John Williams,99.0,2.0,103.74,2025-09-23 06:45:30+00:00,0.028,0.021,0.0315,0.02375
Oasis - John Williams,99.0,2.0,103.74,2025-09-23 07:00:30+00:00,0.0375,0.0295,0.04225,0.03275
Oasis - John Williams,99.0,2.0,103.74,2025-09-23 07:15:30+00:00,0.0475,0.03875,0.05325,0.04225
Oasis - John Williams,99.0,2.0,103.74,2025-09-23 07:30:30+00:00,0.05725,0.04825,0.06425,0.05175
Oasis - John Williams,99.0,2.0,103.74,2025-09-23 07:45:30+00:00,0.06675,0.05825,0.07475,0.061
Oasis - John Williams,99.0,2.0,103.74,2025-09-23 08:00:30+00:00,0.07675,0.068,0.08425,0.07075
Oasis - John Williams,99.0,2.0,103.74,2025-09-23 08:15:30+00:00,0.08475,0.07775,0.092,0.079
Oasis - John Williams,99.0,2.0,103.74,2025-09-23 08:30:30+00:00,0.093,0.086,0.1005,0.08725
Oasis - John Williams,99.0,2.0,103.74,2025-09-23 08:45:30+00:00,0.102,0.0925,0.111,0.09625
Oasis - John Williams,99.0,2.0,103.74,2025-09-23 09:00:30+00:00,0.11025,0.09575,0.12,0.1045
Oasis - John Williams,99.0,2.0,103.74,2025-09-23 09:15:30+00:00,0.11125,0.09675,0.126,0.1065
Oasis - John Williams,99.0,2.0,103.74,2025-09-23 09:30:30+00:00,0.11325,0.09775,0.13075,0.109
Oasis - John Williams,99.0,2.0,103.74,2025-09-23 09:45:30+00:00,0.1185,0.0995,0.13625,0.1145
Oasis - John Williams,99.0,2.0,103.74,2025-09-23 10:00:30+00:00,0.12175,0.09975,0.139,0.11825
Oasis - John Williams,99.0,2.0,103.74,2025-09-23 10:15:30+00:00,0.1175,0.09675,0.1395,0.115
Oasis - John Williams,99.0,2.0,103.74,2025-09-23 10:30:30+00:00,0.11525,0.09725,0.13775,0.113
Oasis - John Williams,99.0,2.0,103.74,2025-09-23 10:45:30+00:00,0.11975,0.09875,0.1345,0.11775
Oasis - John Williams,99.0,2.0,103.74,2025-09-23 11:00:30+00:00,0.11475,0.101,0.134,0.11325
Oasis - John Williams,99.0,2.0,103.74,2025-09-23 11:15:30+00:00,0.118,0.097,0.141,0.11675
Oasis - John Williams,99.0,2.0,103.74,2025-09-23 11:30:30+00:00,0.12375,0.0965,0.1535,0.12275
Oasis - John Williams,99.0,2.0,103.74,2025-09-23 11:45:30+00:00,0.13275,0.1035,0.165,0.13175
Oasis - John Williams,99.0,2.0,103.74,2025-09-23 12:00:30+00:00,0.14575,0.1145,0.16825,0.14475
Oasis - John Williams,99.0,2.0,103.74,2025-09-23 12:15:30+00:00,0.145,0.11625,0.16325,0.14475
Oasis - John Williams,99.0,2.0,103.74,2025-09-23 12:30:30+00:00,0.12825,0.11125,0.15425,0.12825
Oasis - John Williams,99.0,2.0,103.74,2025-09-23 12:45:30+00:00,0.12475,0.105,0.14975,0.12525
Oasis - John Williams,99.0,2.0,103.74,2025-09-23 13:00:30+00:00,0.12875,0.1045,0.152,0.1295
Oasis - John Williams,99.0,2.0,103.74,2025-09-23 13:15:30+00:00,0.13075,0.108,0.1535,0.132
Oasis - John Williams,99.0,2.0,103.74,2025-09-23 13:30:30+00:00,0.13275,0.112,0.14975,0.13475
Oasis - John Williams,99.0,2.0,103.74,2025-09-23 13:45:30+00:00,0.129,0.115,0.14125,0.1315
Oasis - John Williams,99.0,2.0,103.74,2025-09-23 14:00:30+00:00,0.12275,0.1095,0.135,0.1255
Oasis - John Williams,99.0,2.0,103.74,2025-09-23 14:15:30+00:00,0.11475,0.095,0.13125,0.118
Oasis - John Williams,99.0,2.0,103.74,2025-09-23 14:30:30+00:00,0.106,0.077,0.12325,0.1095
Oasis - John Williams,99.0,2.0,103.74,2025-09-23 14:45:30+00:00,0.09075,0.059,0.1155,0.09375
Oasis - John Williams,99.0,2.0,103.74,2025-09-23 15:00:30+00:00,0.06925,0.04975,0.10075,0.071
Oasis - John Williams,99.0,2.0,103.74,2025-09-23 15:15:30+00:00,0.06475,0.04425,0.084,0.06675
Oasis - John Williams,99.0,2.0,103.74,2025-09-23 15:30:30+00:00,0.058,0.0415,0.07225,0.06025
Oasis - John Williams,99.0,2.0,103.74,2025-09-23 15:45:30+00:00,0.048,0.03525,0.0605,0.04975
Oasis - John Williams,99.0,2.0,103.74,2025-09-23 16:00:30+00:00,0.03775,0.02625,0.05275,0.03925
Oasis - John Williams,99.0,2.0,103.74,2025-09-23 16:15:30+00:00,0.032,0.0185,0.04775,0.03325
Oasis - John Williams,99.0,2.0,103.74,2025-09-23 16:30:30+00:00,0.029,0.014,0.04475,0.0305
Oasis - John Williams,99.0,2.0,103.74,2025-09-23 16:45:30+00:00,0.02625,0.01225,0.036,0.02925
Oasis - John Williams,99.0,2.0,103.74,2025-09-23 17:00:30+00:00,0.02125,0.01125,0.02525,0.0245
Oasis - John Williams,99.0,2.0,103.74,2025-09-23 17:15:30+00:00,0.0135,0.00825,0.01575,0.01675
Oasis - John Williams,99.0,2.0,103.74,2025-09-23 17:30:30+00:00,0.00625,0.00425,0.0075,0.0085
Oasis - John Williams,99.0,2.0,103.74,2025-09-23 17:45:30+00:00,0.00175,0.00125,0.00225,0.00225
Oasis - John Williams,99.0,2.0,103.74,2025-09-23 18:00:30+00:00,0.0,0.0,0.0,0.0
Oasis - John Williams,99.0,2.0,103.74,2025-09-23 18:15:30+00:00,0.0,0.0,0.0,0.0
Oasis - John Williams,99.0,2.0,103.74,2025-09-23 18:30:30+00:00,0.0,0.0,0.0,0.0
Oasis - John Williams,99.0,2.0,103.74,2025-09-23 18:45:30+00:00,0.0,0.0,0.0,0.0
Oasis - John Williams,99.0,2.0,103.74,2025-09-23 19:00:30+00:00,0.0,0.0,0.0,0.0
Oasis - John Williams,99.0,2.0,103.74,2025-09-23 19:15:30+00:00,0.0,0.0,0.0,0.0
Oasis - John Williams,99.0,2.0,103.74,2025-09-23 19:30:30+00:00,0.0,0.0,0.0,0.0
Oasis - John Williams,99.0,2.0,103.74,2025-09-23 19:45:30+00:00,0.0,0.0,0.0,0.0
Oasis - John Williams,99.0,2.0,103.74,2025-09-23 20:00:30+00:00,0.0,0.0,0.0,0.0
Oasis - John Williams,99.0,2.0,103.74,2025-09-23 20:15:30+00:00,0.0,0.0,0.0,0.0
Oasis - John Williams,99.0,2.0,103.74,2025-09-23 20:30:30+00:00,0.0,0.0,0.0,0.0
Oasis - John Williams,99.0,2.0,103.74,2025-09-23 20:45:30+00:00,0.0,0.0,0.0,0.0
Oasis - John Williams,99.0,2.0,103.74,2025-09-23 21:00:30+00:00,0.0,0.0,0.0,0.0
Oasis - John Williams,99.0,2.0,103.74,2025-09-23 21:15:30+00:00,0.0,0.0,0.0,0.0
Oasis - John Williams,99.0,2.0,103.74,2025-09-23 21:30:30+00:00,0.0,0.0,0.0,0.0
Oasis - John Williams,99.0,2.0,103.74,2025-09-23 21:45:30+00:00,0.0,0.0,0.0,0.0
Oasis - John Williams,99.0,2.0,103.74,2025-09-23 22:00:30+00:00,0.0,0.0,0.0,0.0
Oasis - John Williams,99.0,2.0,103.74,2025-09-23 22:15:30+00:00,0.0,0.0,0.0,0.0
Oasis - John Williams,99.0,2.0,103.74,2025-09-23 22:30:30+00:00,0.0,0.0,0.0,0.0
Oasis - John Williams,99.0,2.0,103.74,2025-09-23 22:45:30+00:00,0.0,0.0,0.0,0.0
Oasis - John Williams,99.0,2.0,103.74,2025-09-23 23:00:30+00:00,0.0,0.0,0.0,0.0
Oasis - John Williams,99.0,2.0,103.74,2025-09-23 23:15:30+00:00,0.0,0.0,0.0,0.0
Oasis - John Williams,99.0,2.0,103.74,2025-09-23 23:30:30+00:00,0.0,0.0,0.0,0.0
Oasis - John Williams,99.0,2.0,103.74,2025-09-23 23:45:30+00:00,0.0,0.0,0.0,0.0
Oasis - John Williams,99.0,2.0,103.74,2025-09-24 00:00:30+00:00,0.0,0.0,0.0,0.0
Oasis - John Williams,99.0,2.0,103.74,2025-09-24 00:15:30+00:00,0.0,0.0,0.0,0.0
Oasis - John Williams,99.0,2.0,103.74,2025-09-24 00:30:30+00:00,0.0,0.0,0.0,0.0
Oasis - John Williams,99.0,2.0,103.74,2025-09-24 00:45:30+00:00,0.0,0.0,0.0,0.0
Oasis - John Williams,99.0,2.0,103.74,2025-09-24 01:00:30+00:00,0.0,0.0,0.0,0.0
Oasis - John Williams,99.0,2.0,103.74,2025-09-24 01:15:30+00:00,0.0,0.0,0.0,0.0
Oasis - John Williams,99.0,2.0,103.74,2025-09-24 01:30:30+00:00,0.0,0.0,0.0,0.0
Oasis - John Williams,99.0,2.0,103.74,2025-09-24 01:45:30+00:00,0.0,0.0,0.0,0.0
Oasis - John Williams,99.0,2.0,103.74,2025-09-24 02:00:30+00:00,0.0,0.0,0.0,0.0
Oasis - John Williams,99.0,2.0,103.74,2025-09-24 02:15:30+00:00,0.0,0.0,0.0,0.0
Oasis - John Williams,99.0,2.0,103.74,2025-09-24 02:30:30+00:00,0.0,0.0,0.0,0.0
Oasis - John Williams,99.0,2.0,103.74,2025-09-24 02:45:30+00:00,0.0,0.0,0.0,0.0
Oasis - John Williams,99.0,2.0,103.74,2025-09-24 03:00:30+00:00,0.0,0.0,0.0,0.0
Oasis - John Williams,99.0,2.0,103.74,2025-09-24 03:15:30+00:00,0.0,0.0,0.0,0.0
Oasis - John Williams,99.0,2.0,103.74,2025-09-24 03:30:30+00:00,0.0,0.0,0.0,0.0
Oasis - John Williams,99.0,2.0,103.74,2025-09-24 03:45:30+00:00,0.0,0.0,0.0,0.0
Oasis - John Williams,99.0,2.0,103.74,2025-09-24 04:00:30+00:00,0.0,0.0,0.0,0.0
Oasis - John Williams,99.0,2.0,103.74,2025-09-24 04:15:30+00:00,0.0,0.0,0.0,0.0
Oasis - John Williams,99.0,2.0,103.74,2025-09-24 04:30:30+00:00,0.0,0.0,0.0,0.0
Oasis - John Williams,99.0,2.0,103.74,2025-09-24 04:45:30+00:00,0.0,0.0,0.0,0.0
Oasis - John Williams,99.0,2.0,103.74,2025-09-24 05:00:30+00:00,0.0,0.0,0.0,0.0
Oasis - John Williams,99.0,2.0,103.74,2025-09-24 05:15:30+00:00,0.0,0.0,0.0,0.0
Oasis - John Williams,99.0,2.0,103.74,2025-09-24 05:30:30+00:00,0.0,0.0,0.0,0.0
Oasis - John Williams,99.0,2.0,103.74,2025-09-24 05:45:30+00:00,0.0,0.0,0.0,0.0
Oasis - John Williams,99.0,2.0,103.74,2025-09-24 06:00:30+00:00,0.0005,0.00025,0.001,0.0005
Oasis - John Williams,99.0,2.0,103.74,2025-09-24 06:15:30+00:00,0.0035,0.00175,0.00625,0.0035
Oasis - John Williams,99.0,2.0,103.74,2025-09-24 06:30:30+00:00,0.00825,0.00425,0.01275,0.008
Oasis - John Williams,99.0,2.0,103.74,2025-09-24 06:45:30+00:00,0.014,0.00775,0.01975,0.0135
Oasis - John Williams,99.0,2.0,103.74,2025-09-24 07:00:30+00:00,0.0185,0.0115,0.02625,0.018
Oasis - John Williams,99.0,2.0,103.74,2025-09-24 07:15:30+00:00,0.024,0.016,0.03275,0.02325
Oasis - John Williams,99.0,2.0,103.74,2025-09-24 07:30:30+00:00,0.0305,0.01975,0.041,0.02975
Oasis - John Williams,99.0,2.0,103.74,2025-09-24 07:45:30+00:00,0.03625,0.02425,0.0495,0.03525
Oasis - John Williams,99.0,2.0,103.74,2025-09-24 08:00:30+00:00,0.0435,0.02875,0.06325,0.04225
Oasis - John Williams,99.0,2.0,103.74,2025-09-24 08:15:30+00:00,0.059,0.0345,0.07525,0.05675
Oasis - John Williams,99.0,2.0,103.74,2025-09-24 08:30:30+00:00,0.06125,0.0455,0.08925,0.05925
Oasis - John Williams,99.0,2.0,103.74,2025-09-24 08:45:30+00:00,0.08275,0.053,0.0995,0.0795
Oasis - John Williams,99.0,2.0,103.74,2025-09-24 09:00:30+00:00,0.08325,0.066,0.10925,0.08025
Oasis - John Williams,99.0,2.0,103.74,2025-09-24 09:15:30+00:00,0.09675,0.0735,0.11975,0.0935
Oasis - John Williams,99.0,2.0,103.74,2025-09-24 09:30:30+00:00,0.10975,0.08775,0.1285,0.106
Oasis - John Williams,99.0,2.0,103.74,2025-09-24 09:45:30+00:00,0.11675,0.0995,0.1355,0.11275
Oasis - John Williams,99.0,2.0,103.74,2025-09-24 10:00:30+00:00,0.12575,0.111,0.13925,0.122
Oasis - John Williams,99.0,2.0,103.74,2025-09-24 10:15:30+00:00,0.13275,0.1145,0.1475,0.129
Oasis - John Williams,99.0,2.0,103.74,2025-09-24 10:30:30+00:00,0.134,0.11,0.15875,0.13075
Oasis - John Williams,99.0,2.0,103.74,2025-09-24 10:45:30+00:00,0.14025,0.08825,0.1625,0.1375
Oasis - John Williams,99.0,2.0,103.74,2025-09-24 11:00:30+00:00,0.12075,0.0665,0.165,0.119
Oasis - John Williams,99.0,2.0,103.74,2025-09-24 11:15:30+00:00,0.10825,0.0445,0.164,0.10725
Oasis - John Williams,99.0,2.0,103.74,2025-09-24 11:30:30+00:00,0.0835,0.045,0.1445,0.083
Oasis - John Williams,99.0,2.0,103.74,2025-09-24 11:45:30+00:00,0.092,0.051,0.1195,0.0915
Oasis - John Williams,99.0,2.0,103.74,2025-09-24 12:00:30+00:00,0.07925,0.059,0.11,0.07925
Oasis - John Williams,99.0,2.0,103.74,2025-09-24 12:15:30+00:00,0.082,0.0615,0.10225,0.082
Oasis - John Williams,99.0,2.0,103.74,2025-09-24 12:30:30+00:00,0.084,0.059,0.1005,0.084
Oasis - John Williams,99.0,2.0,103.74,2025-09-24 12:45:30+00:00,0.07275,0.04925,0.10025,0.073
Oasis - John Williams,99.0,2.0,103.74,2025-09-24 13:00:30+00:00,0.0675,0.03225,0.1125,0.06775
Oasis - John Williams,99.0,2.0,103.74,2025-09-24 13:15:30+00:00,0.07625,0.02525,0.133,0.0765
Oasis - John Williams,99.0,2.0,103.74,2025-09-24 13:30:30+00:00,0.09275,0.03225,0.15,0.0935
Oasis - John Williams,99.0,2.0,103.74,2025-09-24 13:45:30+00:00,0.1155,0.0435,0.1435,0.11725
Oasis - John Williams,99.0,2.0,103.74,2025-09-24 14:00:30+00:00,0.107,0.03025,0.137,0.10875
Oasis - John Williams,99.0,2.0,103.74,2025-09-24 14:15:30+00:00,0.0495,0.00975,0.12075,0.05
Oasis - John Williams,99.0,2.0,103.74,2025-09-24 14:30:30+00:00,0.0315,0.009,0.1055,0.0315
Oasis - John Williams,99.0,2.0,103.74,2025-09-24 14:45:30+00:00,0.0725,0.0145,0.10125,0.07425
Oasis - John Williams,99.0,2.0,103.74,2025-09-24 15:00:30+00:00,0.0525,0.021,0.09875,0.0535
Oasis - John Williams,99.0,2.0,103.74,2025-09-24 15:15:30+00:00,0.0535,0.0245,0.08675,0.05475
Oasis - John Williams,99.0,2.0,103.74,2025-09-24 15:30:30+00:00,0.06025,0.0275,0.07375,0.0625
Oasis - John Williams,99.0,2.0,103.74,2025-09-24 15:45:30+00:00,0.03875,0.021,0.066,0.04
Oasis - John Williams,99.0,2.0,103.74,2025-09-24 16:00:30+00:00,0.03075,0.0165,0.0575,0.0315
Oasis - John Williams,99.0,2.0,103.74,2025-09-24 16:15:30+00:00,0.0395,0.0155,0.05225,0.04175
Oasis - John Williams,99.0,2.0,103.74,2025-09-24 16:30:30+00:00,0.03175,0.01625,0.045,0.03375
Oasis - John Williams,99.0,2.0,103.74,2025-09-24 16:45:30+00:00,0.02225,0.01325,0.035,0.02375
Oasis - John Williams,99.0,2.0,103.74,2025-09-24 17:00:30+00:00,0.0195,0.0105,0.02475,0.02175
Oasis - John Williams,99.0,2.0,103.74,2025-09-24 17:15:30+00:00,0.0115,0.00725,0.01575,0.013
Oasis - John Williams,99.0,2.0,103.74,2025-09-24 17:30:30+00:00,0.0055,0.0035,0.00825,0.00575
Oasis - John Williams,99.0,2.0,103.74,2025-09-24 17:45:30+00:00,0.00125,0.00125,0.00175,0.00125
Oasis - John Williams,99.0,2.0,103.74,2025-09-24 18:00:30+00:00,0.0,0.0,0.0,0.0
Oasis - John Williams,99.0,2.0,103.74,2025-09-24 18:15:30+00:00,0.0,0.0,0.0,0.0
Oasis - John Williams,99.0,2.0,103.74,2025-09-24 18:30:30+00:00,0.0,0.0,0.0,0.0
Oasis - John Williams,99.0,2.0,103.74,2025-09-24 18:45:30+00:00,0.0,0.0,0.0,0.0
Oasis - John Williams,99.0,2.0,103.74,2025-09-24 19:00:30+00:00,0.0,0.0,0.0,0.0
Oasis - John Williams,99.0,2.0,103.74,2025-09-24 19:15:30+00:00,0.0,0.0,0.0,0.0
Oasis - John Williams,99.0,2.0,103.74,2025-09-24 19:30:30+00:00,0.0,0.0,0.0,0.0
Oasis - John Williams,99.0,2.0,103.74,2025-09-24 19:45:30+00:00,0.0,0.0,0.0,0.0
Oasis - John Williams,99.0,2.0,103.74,2025-09-24 20:00:30+00:00,0.0,0.0,0.0,0.0
Oasis - John Williams,99.0,2.0,103.74,2025-09-24 20:15:30+00:00,0.0,0.0,0.0,0.0
Oasis - John Williams,99.0,2.0,103.74,2025-09-24 20:30:30+00:00,0.0,0.0,0.0,0.0
Oasis - John Williams,99.0,2.0,103.74,2025-09-24 20:45:30+00:00,0.0,0.0,0.0,0.0
Oasis - John Williams,99.0,2.0,103.74,2025-09-24 21:00:30+00:00,0.0,0.0,0.0,0.0
Oasis - John Williams,99.0,2.0,103.74,2025-09-24 21:15:30+00:00,0.0,0.0,0.0,0.0
Oasis - John Williams,99.0,2.0,103.74,2025-09-24 21:30:30+00:00,0.0,0.0,0.0,0.0
Oasis - John Williams,99.0,2.0,103.74,2025-09-24 21:45:30+00:00,0.0,0.0,0.0,0.0
Oasis - John Williams,99.0,2.0,103.74,2025-09-24 22:00:30+00:00,0.0,0.0,0.0,0.0
Oasis - John Williams,99.0,2.0,103.74,2025-09-24 22:15:30+00:00,0.0,0.0,0.0,0.0
Oasis - John Williams,99.0,2.0,103.74,2025-09-24 22:30:30+00:00,0.0,0.0,0.0,0.0
Oasis - John Williams,99.0,2.0,103.74,2025-09-24 22:45:30+00:00,0.0,0.0,0.0,0.0
Oasis - John Williams,99.0,2.0,103.74,2025-09-24 23:00:30+00:00,0.0,0.0,0.0,0.0
Oasis - John Williams,99.0,2.0,103.74,2025-09-24 23:15:30+00:00,0.0,0.0,0.0,0.0
Oasis - John Williams,99.0,2.0,103.74,2025-09-24 23:30:30+00:00,0.0,0.0,0.0,0.0
Oasis - John Williams,99.0,2.0,103.74,2025-09-24 23:45:30+00:00,0.0,0.0,0.0,0.0
Oasis - John Williams,99.0,2.0,103.74,2025-09-25 00:00:30+00:00,0.0,0.0,0.0,0.0
Oasis - John Williams,99.0,2.0,103.74,2025-09-25 00:15:30+00:00,0.0,0.0,0.0,0.0
Oasis - John Williams,99.0,2.0,103.74,2025-09-25 00:30:30+00:00,0.0,0.0,0.0,0.0
Oasis - John Williams,99.0,2.0,103.74,2025-09-25 00:45:30+00:00,0.0,0.0,0.0,0.0
Oasis - John Williams,99.0,2.0,103.74,2025-09-25 01:00:30+00:00,0.0,0.0,0.0,0.0
Oasis - John Williams,99.0,2.0,103.74,2025-09-25 01:15:30+00:00,0.0,0.0,0.0,0.0
Oasis - John Williams,99.0,2.0,103.74,2025-09-25 01:30:30+00:00,0.0,0.0,0.0,0.0
Oasis - John Williams,99.0,2.0,103.74,2025-09-25 01:45:30+00:00,0.0,0.0,0.0,0.0
Oasis - John Williams,99.0,2.0,103.74,2025-09-25 02:00:30+00:00,0.0,0.0,0.0,0.0
Oasis - John Williams,99.0,2.0,103.74,2025-09-25 02:15:30+00:00,0.0,0.0,0.0,0.0
Oasis - John Williams,99.0,2.0,103.74,2025-09-25 02:30:30+00:00,0.0,0.0,0.0,0.0
Oasis - John Williams,99.0,2.0,103.74,2025-09-25 02:45:30+00:00,0.0,0.0,0.0,0.0
Oasis - John Williams,99.0,2.0,103.74,2025-09-25 03:00:30+00:00,0.0,0.0,0.0,0.0
Oasis - John Williams,99.0,2.0,103.74,2025-09-25 03:15:30+00:00,0.0,0.0,0.0,0.0
Oasis - John Williams,99.0,2.0,103.74,2025-09-25 03:30:30+00:00,0.0,0.0,0.0,0.0
Oasis - John Williams,99.0,2.0,103.74,2025-09-25 03:45:30+00:00,0.0,0.0,0.0,0.0
Oasis - John Williams,99.0,2.0,103.74,2025-09-25 04:00:30+00:00,0.0,0.0,0.0,0.0
Oasis - John Williams,99.0,2.0,103.74,2025-09-25 04:15:30+00:00,0.0,0.0,0.0,0.0
Oasis - John Williams,99.0,2.0,103.74,2025-09-25 04:30:30+00:00,0.0,0.0,0.0,0.0
Oasis - John Williams,99.0,2.0,103.74,2025-09-25 04:45:30+00:00,0.0,0.0,0.0,0.0
Oasis - John Williams,99.0,2.0,103.74,2025-09-25 05:00:30+00:00,0.0,0.0,0.0,0.0
Oasis - John Williams,99.0,2.0,103.74,2025-09-25 05:15:30+00:00,0.0,0.0,0.0,0.0
Oasis - John Williams,99.0,2.0,103.74,2025-09-25 05:30:30+00:00,0.0,0.0,0.0,0.0
Oasis - John Williams,99.0,2.0,103.74,2025-09-25 05:45:30+00:00,0.0,0.0,0.0,0.0
Oasis - John Williams,99.0,2.0,103.74,2025-09-25 06:00:30+00:00,0.00075,0.0005,0.00075,0.00075
Oasis - John Williams,99.0,2.0,103.74,2025-09-25 06:15:30+00:00,0.00675,0.00525,0.008,0.00525
Oasis - John Williams,99.0,2.0,103.74,2025-09-25 06:30:30+00:00,0.01625,0.0115,0.0185,0.013
Oasis - John Williams,99.0,2.0,103.74,2025-09-25 06:45:30+00:00,0.02575,0.01925,0.0295,0.02175
Oasis - John Williams,99.0,2.0,103.74,2025-09-25 07:00:30+00:00,0.03575,0.02775,0.0405,0.03125
Oasis - John Williams,99.0,2.0,103.74,2025-09-25 07:15:30+00:00,0.04575,0.03675,0.0515,0.0405
Oasis - John Williams,99.0,2.0,103.74,2025-09-25 07:30:30+00:00,0.05525,0.04625,0.0625,0.04975
Oasis - John Williams,99.0,2.0,103.74,2025-09-25 07:45:30+00:00,0.065,0.056,0.07325,0.05925
Oasis - John Williams,99.0,2.0,103.74,2025-09-25 08:00:30+00:00,0.0745,0.06625,0.08275,0.06875
Oasis - John Williams,99.0,2.0,103.74,2025-09-25 08:15:30+00:00,0.08375,0.07675,0.09075,0.078
Oasis - John Williams,99.0,2.0,103.74,2025-09-25 08:30:30+00:00,0.0925,0.08675,0.09825,0.0865
Oasis - John Williams,99.0,2.0,103.74,2025-09-25 08:45:30+00:00,0.10075,0.09575,0.10575,0.095
Oasis - John Williams,99.0,2.0,103.74,2025-09-25 09:00:30+00:00,0.10875,0.104,0.1135,0.10325
Oasis - John Williams,99.0,2.0,103.74,2025-09-25 09:15:30+00:00,0.1165,0.11,0.1225,0.111
Oasis - John Williams,99.0,2.0,103.74,2025-09-25 09:30:30+00:00,0.12325,0.11425,0.132,0.11825
Oasis - John Williams,99.0,2.0,103.74,2025-09-25 09:45:30+00:00,0.12925,0.11575,0.13925,0.1245
Oasis - John Williams,99.0,2.0,103.74,2025-09-25 10:00:30+00:00,0.12975,0.116,0.14425,0.1255
Oasis - John Williams,99.0,2.0,103.74,2025-09-25 10:15:30+00:00,0.13125,0.11625,0.14725,0.1275
Oasis - John Williams,99.0,2.0,103.74,2025-09-25 10:30:30+00:00,0.134,0.118,0.149,0.13075
Oasis - John Williams,99.0,2.0,103.74,2025-09-25 10:45:30+00:00,0.135,0.119,0.14825,0.13225
Oasis - John Williams,99.0,2.0,103.74,2025-09-25 11:00:30+00:00,0.13175,0.12225,0.15,0.12975
Oasis - John Williams,99.0,2.0,103.74,2025-09-25 11:15:30+00:00,0.14175,0.124,0.1525,0.13975
Oasis - John Williams,99.0,2.0,103.74,2025-09-25 11:30:30+00:00,0.141,0.12375,0.15375,0.13925
Oasis - John Williams,99.0,2.0,103.74,2025-09-25 11:45:30+00:00,0.1335,0.123,0.15175,0.1325
Oasis - John Williams,99.0,2.0,103.74,2025-09-25 12:00:30+00:00,0.1375,0.1215,0.15225,0.13675
Oasis - John Williams,99.0,2.0,103.74,2025-09-25 12:15:30+00:00,0.1395,0.1225,0.1545,0.13925
Oasis - John Williams,99.0,2.0,103.74,2025-09-25 12:30:30+00:00,0.13825,0.123,0.156,0.13825
Oasis - John Williams,99.0,2.0,103.74,2025-09-25 12:45:30+00:00,0.14025,0.1245,0.15475,0.14075
Oasis - John Williams,99.0,2.0,103.74,2025-09-25 13:00:30+00:00,0.14,0.1265,0.152,0.14125
Oasis - John Williams,99.0,2.0,103.74,2025-09-25 13:15:30+00:00,0.13725,0.1255,0.147,0.139
Oasis - John Williams,99.0,2.0,103.74,2025-09-25 13:30:30+00:00,0.13125,0.122,0.13975,0.13325
Oasis - John Williams,99.0,2.0,103.74,2025-09-25 13:45:30+00:00,0.12425,0.11575,0.13275,0.12675
Oasis - John Williams,99.0,2.0,103.74,2025-09-25 14:00:30+00:00,0.1175,0.1105,0.127,0.12025
Oasis - John Williams,99.0,2.0,103.74,2025-09-25 14:15:30+00:00,0.114,0.10525,0.12075,0.11725
Oasis - John Williams,99.0,2.0,103.74,2025-09-25 14:30:30+00:00,0.1075,0.1,0.1135,0.11125
Oasis - John Williams,99.0,2.0,103.74,2025-09-25 14:45:30+00:00,0.09875,0.0935,0.10475,0.10275
Oasis - John Williams,99.0,2.0,103.74,2025-09-25 15:00:30+00:00,0.091,0.08575,0.096,0.09525
Oasis - John Williams,99.0,2.0,103.74,2025-09-25 15:15:30+00:00,0.083,0.07675,0.0885,0.0875
Oasis - John Williams,99.0,2.0,103.74,2025-09-25 15:30:30+00:00,0.074,0.06675,0.08025,0.07875
Oasis - John Williams,99.0,2.0,103.74,2025-09-25 15:45:30+00:00,0.0635,0.057,0.07175,0.06825
Oasis - John Williams,99.0,2.0,103.74,2025-09-25 16:00:30+00:00,0.05525,0.0475,0.063,0.06
Oasis - John Williams,99.0,2.0,103.74,2025-09-25 16:15:30+00:00,0.0465,0.03875,0.05275,0.05125
Oasis - John Williams,99.0,2.0,103.74,2025-09-25 16:30:30+00:00,0.03725,0.03,0.04225,0.042
Oasis - John Williams,99.0,2.0,103.74,2025-09-25 16:45:30+00:00,0.02825,0.02175,0.03225,0.0325
Oasis - John Williams,99.0,2.0,103.74,2025-09-25 17:00:30+00:00,0.0195,0.01425,0.02225,0.02325
Oasis - John Williams,99.0,2.0,103.74,2025-09-25 17:15:30+00:00,0.0115,0.008,0.01325,0.0145
Oasis - John Williams,99.0,2.0,103.74,2025-09-25 17:30:30+00:00,0.0055,0.0045,0.0065,0.0065
Oasis - John Williams,99.0,2.0,103.74,2025-09-25 17:45:30+00:00,0.0025,0.002,0.003,0.00275
Oasis - John Williams,99.0,2.0,103.74,2025-09-25 18:00:30+00:00,0.0,0.0,0.0,0.0
Oasis - John Williams,99.0,2.0,103.74,2025-09-25 18:15:30+00:00,0.0,0.0,0.0,0.0
Oasis - John Williams,99.0,2.0,103.74,2025-09-25 18:30:30+00:00,0.0,0.0,0.0,0.0
Oasis - John Williams,99.0,2.0,103.74,2025-09-25 18:45:30+00:00,0.0,0.0,0.0,0.0
Oasis - John Williams,99.0,2.0,103.74,2025-09-25 19:00:30+00:00,0.0,0.0,0.0,0.0
Oasis - John Williams,99.0,2.0,103.74,2025-09-25 19:15:30+00:00,0.0,0.0,0.0,0.0
Oasis - John Williams,99.0,2.0,103.74,2025-09-25 19:30:30+00:00,0.0,0.0,0.0,0.0
Oasis - John Williams,99.0,2.0,103.74,2025-09-25 19:45:30+00:00,0.0,0.0,0.0,0.0
Oasis - John Williams,99.0,2.0,103.74,2025-09-25 20:00:30+00:00,0.0,0.0,0.0,0.0
Oasis - John Williams,99.0,2.0,103.74,2025-09-25 20:15:30+00:00,0.0,0.0,0.0,0.0
Oasis - John Williams,99.0,2.0,103.74,2025-09-25 20:30:30+00:00,0.0,0.0,0.0,0.0
Oasis - John Williams,99.0,2.0,103.74,2025-09-25 20:45:30+00:00,0.0,0.0,0.0,0.0
Oasis - John Williams,99.0,2.0,103.74,2025-09-25 21:00:30+00:00,0.0,0.0,0.0,0.0
Oasis - John Williams,99.0,2.0,103.74,2025-09-25 21:15:30+00:00,0.0,0.0,0.0,0.0
Oasis - John Williams,99.0,2.0,103.74,2025-09-25 21:30:30+00:00,0.0,0.0,0.0,0.0
Oasis - John Williams,99.0,2.0,103.74,2025-09-25 21:45:30+00:00,0.0,0.0,0.0,0.0
Oasis - John Williams,99.0,2.0,103.74,2025-09-25 22:00:30+00:00,0.0,0.0,0.0,0.0
Oasis - John Williams,99.0,2.0,103.74,2025-09-25 22:15:30+00:00,0.0,0.0,0.0,0.0
Oasis - John Williams,99.0,2.0,103.74,2025-09-25 22:30:30+00:00,0.0,0.0,0.0,0.0
Oasis - John Williams,99.0,2.0,103.74,2025-09-25 22:45:30+00:00,0.0,0.0,0.0,0.0
Oasis - John Williams,99.0,2.0,103.74,2025-09-25 23:00:30+00:00,0.0,0.0,0.0,0.0
Oasis - John Williams,99.0,2.0,103.74,2025-09-25 23:15:30+00:00,0.0,0.0,0.0,0.0
Oasis - John Williams,99.0,2.0,103.74,2025-09-25 23:30:30+00:00,0.0,0.0,0.0,0.0
Oasis - John Williams,99.0,2.0,103.74,2025-09-25 23:45:30+00:00,0.0,0.0,0.0,0.0
Oasis - John Williams,99.0,2.0,103.74,2025-09-26 00:00:30+00:00,0.0,0.0,0.0,0.0
Oasis - John Williams,99.0,2.0,103.74,2025-09-26 00:15:30+00:00,0.0,0.0,0.0,0.0
Oasis - John Williams,99.0,2.0,103.74,2025-09-26 00:30:30+00:00,0.0,0.0,0.0,0.0
Oasis - John Williams,99.0,2.0,103.74,2025-09-26 00:45:30+00:00,0.0,0.0,0.0,0.0
Oasis - John Williams,99.0,2.0,103.74,2025-09-26 01:00:30+00:00,0.0,0.0,0.0,0.0
Oasis - John Williams,99.0,2.0,103.74,2025-09-26 01:15:30+00:00,0.0,0.0,0.0,0.0
Oasis - John Williams,99.0,2.0,103.74,2025-09-26 01:30:30+00:00,0.0,0.0,0.0,0.0
Oasis - John Williams,99.0,2.0,103.74,2025-09-26 01:45:30+00:00,0.0,0.0,0.0,0.0
Oasis - John Williams,99.0,2.0,103.74,2025-09-26 02:00:30+00:00,0.0,0.0,0.0,0.0
Oasis - John Williams,99.0,2.0,103.74,2025-09-26 02:15:30+00:00,0.0,0.0,0.0,0.0
Oasis - John Williams,99.0,2.0,103.74,2025-09-26 02:30:30+00:00,0.0,0.0,0.0,0.0
Oasis - John Williams,99.0,2.0,103.74,2025-09-26 02:45:30+00:00,0.0,0.0,0.0,0.0
Oasis - John Williams,99.0,2.0,103.74,2025-09-26 03:00:30+00:00,0.0,0.0,0.0,0.0
Oasis - John Williams,99.0,2.0,103.74,2025-09-26 03:15:30+00:00,0.0,0.0,0.0,0.0
Oasis - John Williams,99.0,2.0,103.74,2025-09-26 03:30:30+00:00,0.0,0.0,0.0,0.0
Oasis - John Williams,99.0,2.0,103.74,2025-09-26 03:45:30+00:00,0.0,0.0,0.0,0.0
Oasis - John Williams,99.0,2.0,103.74,2025-09-26 04:00:30+00:00,0.0,0.0,0.0,0.0
Oasis - John Williams,99.0,2.0,103.74,2025-09-26 04:15:30+00:00,0.0,0.0,0.0,0.0
Oasis - John Williams,99.0,2.0,103.74,2025-09-26 04:30:30+00:00,0.0,0.0,0.0,0.0
Oasis - John Williams,99.0,2.0,103.74,2025-09-26 04:45:30+00:00,0.0,0.0,0.0,0.0
Oasis - John Williams,99.0,2.0,103.74,2025-09-26 05:00:30+00:00,0.0,0.0,0.0,0.0
Oasis - John Williams,99.0,2.0,103.74,2025-09-26 05:15:30+00:00,0.0,0.0,0.0,0.0
Oasis - John Williams,99.0,2.0,103.74,2025-09-26 05:30:30+00:00,0.0,0.0,0.0,0.0
Oasis - John Williams,99.0,2.0,103.74,2025-09-26 05:45:30+00:00,0.0,0.0,0.0,0.0
Oasis - John Williams,99.0,2.0,103.74,2025-09-26 06:00:30+00:00,0.00025,0.00025,0.00025,0.00025
Oasis - John Williams,99.0,2.0,103.74,2025-09-26 06:15:30+00:00,0.005,0.004,0.00575,0.00425
Oasis - John Williams,99.0,2.0,103.74,2025-09-26 06:30:30+00:00,0.01325,0.00975,0.0155,0.011
Oasis - John Williams,99.0,2.0,103.74,2025-09-26 06:45:30+00:00,0.0225,0.0165,0.02575,0.01925
Oasis - John Williams,99.0,2.0,103.74,2025-09-26 07:00:30+00:00,0.03175,0.0245,0.03625,0.028
Oasis - John Williams,99.0,2.0,103.74,2025-09-26 07:15:30+00:00,0.0415,0.033,0.04675,0.03725
Oasis - John Williams,99.0,2.0,103.74,2025-09-26 07:30:30+00:00,0.05075,0.04225,0.0575,0.04625
Oasis - John Williams,99.0,2.0,103.74,2025-09-26 07:45:30+00:00,0.06025,0.05175,0.068,0.0555
Oasis - John Williams,99.0,2.0,103.74,2025-09-26 08:00:30+00:00,0.0695,0.0615,0.07725,0.0645
Oasis - John Williams,99.0,2.0,103.74,2025-09-26 08:15:30+00:00,0.0785,0.0715,0.08525,0.0735
Oasis - John Williams,99.0,2.0,103.74,2025-09-26 08:30:30+00:00,0.087,0.08125,0.09275,0.082
Oasis - John Williams,99.0,2.0,103.74,2025-09-26 08:45:30+00:00,0.09525,0.09,0.1005,0.09025
Oasis - John Williams,99.0,2.0,103.74,2025-09-26 09:00:30+00:00,0.10325,0.0965,0.1095,0.09825
Oasis - John Williams,99.0,2.0,103.74,2025-09-26 09:15:30+00:00,0.11075,0.1015,0.11775,0.106
Oasis - John Williams,99.0,2.0,103.74,2025-09-26 09:30:30+00:00,0.115,0.10075,0.12825,0.1105
Oasis - John Williams,99.0,2.0,103.74,2025-09-26 09:45:30+00:00,0.1175,0.10075,0.13625,0.11375
Oasis - John Williams,99.0,2.0,103.74,2025-09-26 10:00:30+00:00,0.1225,0.09375,0.14225,0.119
Oasis - John Williams,99.0,2.0,103.74,2025-09-26 10:15:30+00:00,0.113,0.088,0.14875,0.1105
Oasis - John Williams,99.0,2.0,103.74,2025-09-26 10:30:30+00:00,0.1315,0.071,0.15375,0.12875
Oasis - John Williams,99.0,2.0,103.74,2025-09-26 10:45:30+00:00,0.10875,0.04825,0.15725,0.107
Oasis - John Williams,99.0,2.0,103.74,2025-09-26 11:00:30+00:00,0.086,0.02875,0.15575,0.0855
Oasis - John Williams,99.0,2.0,103.74,2025-09-26 11:15:30+00:00,0.082,0.02225,0.13525,0.0815
Oasis - John Williams,99.0,2.0,103.74,2025-09-26 11:30:30+00:00,0.0675,0.0245,0.11275,0.0675
Oasis - John Williams,99.0,2.0,103.74,2025-09-26 11:45:30+00:00,0.0555,0.03225,0.09225,0.05575
Oasis - John Williams,99.0,2.0,103.74,2025-09-26 12:00:30+00:00,0.06325,0.03825,0.08325,0.0635
Oasis - John Williams,99.0,2.0,103.74,2025-09-26 12:15:30+00:00,0.06275,0.045,0.0785,0.06275
Oasis - John Williams,99.0,2.0,103.74,2025-09-26 12:30:30+00:00,0.05875,0.0435,0.07525,0.059
Oasis - John Williams,99.0,2.0,103.74,2025-09-26 12:45:30+00:00,0.0565,0.04,0.07175,0.05675
Oasis - John Williams,99.0,2.0,103.74,2025-09-26 13:00:30+00:00,0.052,0.03675,0.069,0.05225
Oasis - John Williams,99.0,2.0,103.74,2025-09-26 13:15:30+00:00,0.04975,0.032,0.0665,0.05
Oasis - John Williams,99.0,2.0,103.74,2025-09-26 13:30:30+00:00,0.04575,0.027,0.06425,0.046
Oasis - John Williams,99.0,2.0,103.74,2025-09-26 13:45:30+00:00,0.04125,0.02125,0.059,0.0415
Oasis - John Williams,99.0,2.0,103.74,2025-09-26 14:00:30+00:00,0.033,0.01725,0.05225,0.033
Oasis - John Williams,99.0,2.0,103.74,2025-09-26 14:15:30+00:00,0.02975,0.01475,0.04775,0.02975
Oasis - John Williams,99.0,2.0,103.74,2025-09-26 14:30:30+00:00,0.03075,0.016,0.047,0.031
Oasis - John Williams,99.0,2.0,103.74,2025-09-26 14:45:30+00:00,0.0335,0.01825,0.04675,0.03375
Oasis - John Williams,99.0,2.0,103.74,2025-09-26 15:00:30+00:00,0.033,0.02,0.04375,0.03325
Oasis - John Williams,99.0,2.0,103.74,2025-09-26 15:15:30+00:00,0.029,0.01925,0.03925,0.029
Oasis - John Williams,99.0,2.0,103.74,2025-09-26 15:30:30+00:00,0.026,0.01725,0.036,0.026
Oasis - John Williams,99.0,2.0,103.74,2025-09-26 15:45:30+00:00,0.02475,0.0145,0.034,0.02475
Oasis - John Williams,99.0,2.0,103.74,2025-09-26 16:00:30+00:00,0.02225,0.0115,0.0325,0.0225
Oasis - John Williams,99.0,2.0,103.74,2025-09-26 16:15:30+00:00,0.01875,0.0075,0.03075,0.019
Oasis - John Williams,99.0,2.0,103.74,2025-09-26 16:30:30+00:00,0.01625,0.005,0.029,0.01625
Oasis - John Williams,99.0,2.0,103.74,2025-09-26 16:45:30+00:00,0.01525,0.00425,0.02525,0.0155
Oasis - John Williams,99.0,2.0,103.74,2025-09-26 17:00:30+00:00,0.0125,0.00425,0.0195,0.01325
Oasis - John Williams,99.0,2.0,103.74,2025-09-26 17:15:30+00:00,0.008,0.0035,0.01275,0.0085
Oasis - John Williams,99.0,2.0,103.74,2025-09-26 17:30:30+00:00,0.0035,0.002,0.00575,0.0035
Oasis - John Williams,99.0,2.0,103.74,2025-09-26 17:45:30+00:00,0.00125,0.00075,0.00225,0.00125
Oasis - John Williams,99.0,2.0,103.74,2025-09-26 18:00:30+00:00,0.0,0.0,0.0,0.0
Oasis - John Williams,99.0,2.0,103.74,2025-09-26 18:15:30+00:00,0.0,0.0,0.0,0.0
Oasis - John Williams,99.0,2.0,103.74,2025-09-26 18:30:30+00:00,0.0,0.0,0.0,0.0
Oasis - John Williams,99.0,2.0,103.74,2025-09-26 18:45:30+00:00,0.0,0.0,0.0,0.0
Oasis - John Williams,99.0,2.0,103.74,2025-09-26 19:00:30+00:00,0.0,0.0,0.0,0.0
Oasis - John Williams,99.0,2.0,103.74,2025-09-26 19:15:30+00:00,0.0,0.0,0.0,0.0
Oasis - John Williams,99.0,2.0,103.74,2025-09-26 19:30:30+00:00,0.0,0.0,0.0,0.0
Oasis - John Williams,99.0,2.0,103.74,2025-09-26 19:45:30+00:00,0.0,0.0,0.0,0.0
Oasis - John Williams,99.0,2.0,103.74,2025-09-26 20:00:30+00:00,0.0,0.0,0.0,0.0
Oasis - John Williams,99.0,2.0,103.74,2025-09-26 20:15:30+00:00,0.0,0.0,0.0,0.0
Oasis - John Williams,99.0,2.0,103.74,2025-09-26 20:30:30+00:00,0.0,0.0,0.0,0.0
Oasis - John Williams,99.0,2.0,103.74,2025-09-26 20:45:30+00:00,0.0,0.0,0.0,0.0
Oasis - John Williams,99.0,2.0,103.74,2025-09-26 21:00:30+00:00,0.0,0.0,0.0,0.0
Oasis - John Williams,99.0,2.0,103.74,2025-09-26 21:15:30+00:00,0.0,0.0,0.0,0.0
Oasis - John Williams,99.0,2.0,103.74,2025-09-26 21:30:30+00:00,0.0,0.0,0.0,0.0
Oasis - John Williams,99.0,2.0,103.74,2025-09-26 21:45:30+00:00,0.0,0.0,0.0,0.0
Oasis - John Williams,99.0,2.0,103.74,2025-09-26 22:00:30+00:00,0.0,0.0,0.0,0.0
Oasis - John Williams,99.0,2.0,103.74,2025-09-26 22:15:30+00:00,0.0,0.0,0.0,0.0
Oasis - John Williams,99.0,2.0,103.74,2025-09-26 22:30:30+00:00,0.0,0.0,0.0,0.0
Oasis - John Williams,99.0,2.0,103.74,2025-09-26 22:45:30+00:00,0.0,0.0,0.0,0.0
Oasis - John Williams,99.0,2.0,103.74,2025-09-26 23:00:30+00:00,0.0,0.0,0.0,0.0
Oasis - John Williams,99.0,2.0,103.74,2025-09-26 23:15:30+00:00,0.0,0.0,0.0,0.0
Oasis - John Williams,99.0,2.0,103.74,2025-09-26 23:30:30+00:00,0.0,0.0,0.0,0.0
Oasis - John Williams,99.0,2.0,103.74,2025-09-26 23:45:30+00:00,0.0,0.0,0.0,0.0
Oasis - John Williams,99.0,2.0,103.74,2025-09-27 00:00:30+00:00,0.0,0.0,0.0,0.0
Oasis - John Williams,99.0,2.0,103.74,2025-09-27 00:15:30+00:00,0.0,0.0,0.0,0.0
Oasis - John Williams,99.0,2.0,103.74,2025-09-27 00:30:30+00:00,0.0,0.0,0.0,0.0
Oasis - John Williams,99.0,2.0,103.74,2025-09-27 00:45:30+00:00,0.0,0.0,0.0,0.0
Oasis - John Williams,99.0,2.0,103.74,2025-09-27 01:00:30+00:00,0.0,0.0,0.0,0.0
Oasis - John Williams,99.0,2.0,103.74,2025-09-27 01:15:30+00:00,0.0,0.0,0.0,0.0
Oasis - John Williams,99.0,2.0,103.74,2025-09-27 01:30:30+00:00,0.0,0.0,0.0,0.0
Oasis - John Williams,99.0,2.0,103.74,2025-09-27 01:45:30+00:00,0.0,0.0,0.0,0.0
Oasis - John Williams,99.0,2.0,103.74,2025-09-27 02:00:30+00:00,0.0,0.0,0.0,0.0
Oasis - John Williams,99.0,2.0,103.74,2025-09-27 02:15:30+00:00,0.0,0.0,0.0,0.0
Oasis - John Williams,99.0,2.0,103.74,2025-09-27 02:30:30+00:00,0.0,0.0,0.0,0.0
Oasis - John Williams,99.0,2.0,103.74,2025-09-27 02:45:30+00:00,0.0,0.0,0.0,0.0
Oasis - John Williams,99.0,2.0,103.74,2025-09-27 03:00:30+00:00,0.0,0.0,0.0,0.0
Oasis - John Williams,99.0,2.0,103.74,2025-09-27 03:15:30+00:00,0.0,0.0,0.0,0.0
Oasis - John Williams,99.0,2.0,103.74,2025-09-27 03:30:30+00:00,0.0,0.0,0.0,0.0
Oasis - John Williams,99.0,2.0,103.74,2025-09-27 03:45:30+00:00,0.0,0.0,0.0,0.0
Oasis - John Williams,99.0,2.0,103.74,2025-09-27 04:00:30+00:00,0.0,0.0,0.0,0.0
Oasis - John Williams,99.0,2.0,103.74,2025-09-27 04:15:30+00:00,0.0,0.0,0.0,0.0
Oasis - John Williams,99.0,2.0,103.74,2025-09-27 04:30:30+00:00,0.0,0.0,0.0,0.0
Oasis - John Williams,99.0,2.0,103.74,2025-09-27 04:45:30+00:00,0.0,0.0,0.0,0.0
Oasis - John Williams,99.0,2.0,103.74,2025-09-27 05:00:30+00:00,0.0,0.0,0.0,0.0
Oasis - John Williams,99.0,2.0,103.74,2025-09-27 05:15:30+00:00,0.0,0.0,0.0,0.0
Oasis - John Williams,99.0,2.0,103.74,2025-09-27 05:30:30+00:00,0.0,0.0,0.0,0.0
Oasis - John Williams,99.0,2.0,103.74,2025-09-27 05:45:30+00:00,0.0,0.0,0.0,0.0
Oasis - John Williams,99.0,2.0,103.74,2025-09-27 06:00:30+00:00,0.0,0.0,0.0,0.0
Oasis - John Williams,99.0,2.0,103.74,2025-09-27 06:15:30+00:00,0.0015,0.00025,0.00375,0.0015
Oasis - John Williams,99.0,2.0,103.74,2025-09-27 06:30:30+00:00,0.0045,0.001,0.0085,0.0045
Oasis - John Williams,99.0,2.0,103.74,2025-09-27 06:45:30+00:00,0.00825,0.0035,0.01575,0.00825
Oasis - John Williams,99.0,2.0,103.74,2025-09-27 07:00:30+00:00,0.017,0.00625,0.0235,0.0165
Oasis - John Williams,99.0,2.0,103.74,2025-09-27 07:15:30+00:00,0.0185,0.00725,0.0295,0.018
Oasis - John Williams,99.0,2.0,103.74,2025-09-27 07:30:30+00:00,0.01925,0.00925,0.033,0.01925
Oasis - John Williams,99.0,2.0,103.74,2025-09-27 07:45:30+00:00,0.02575,0.0095,0.037,0.0255
Oasis - John Williams,99.0,2.0,103.74,2025-09-27 08:00:30+00:00,0.02475,0.00975,0.0445,0.0245
Oasis - John Williams,99.0,2.0,103.74,2025-09-27 08:15:30+00:00,0.031,0.01175,0.057,0.03075
Oasis - John Williams,99.0,2.0,103.74,2025-09-27 08:30:30+00:00,0.0475,0.02075,0.07375,0.0465
Oasis - John Williams,99.0,2.0,103.74,2025-09-27 08:45:30+00:00,0.06275,0.0325,0.085,0.06125
Oasis - John Williams,99.0,2.0,103.74,2025-09-27 09:00:30+00:00,0.06475,0.0345,0.09125,0.0635
Oasis - John Williams,99.0,2.0,103.74,2025-09-27 09:15:30+00:00,0.0605,0.027,0.09275,0.05975
Oasis - John Williams,99.0,2.0,103.74,2025-09-27 09:30:30+00:00,0.05375,0.01575,0.0925,0.05325
Oasis - John Williams,99.0,2.0,103.74,2025-09-27 09:45:30+00:00,0.04725,0.0095,0.0855,0.047
Oasis - John Williams,99.0,2.0,103.74,2025-09-27 10:00:30+00:00,0.04075,0.00975,0.074,0.04075
Oasis - John Williams,99.0,2.0,103.74,2025-09-27 10:15:30+00:00,0.034,0.01025,0.062,0.034
Oasis - John Williams,99.0,2.0,103.74,2025-09-27 10:30:30+00:00,0.0325,0.01125,0.05575,0.0325
Oasis - John Williams,99.0,2.0,103.74,2025-09-27 10:45:30+00:00,0.03375,0.01425,0.057,0.034
Oasis - John Williams,99.0,2.0,103.74,2025-09-27 11:00:30+00:00,0.0405,0.018,0.06525,0.0405
Oasis - John Williams,99.0,2.0,103.74,2025-09-27 11:15:30+00:00,0.0505,0.025,0.07075,0.0505
Oasis - John Williams,99.0,2.0,103.74,2025-09-27 11:30:30+00:00,0.05225,0.029,0.0765,0.05225
Oasis - John Williams,99.0,2.0,103.74,2025-09-27 11:45:30+00:00,0.05525,0.028,0.077,0.05525
Oasis - John Williams,99.0,2.0,103.74,2025-09-27 12:00:30+00:00,0.0495,0.0175,0.0765,0.0495
Oasis - John Williams,99.0,2.0,103.74,2025-09-27 12:15:30+00:00,0.03575,0.0115,0.077,0.03575
Oasis - John Williams,99.0,2.0,103.74,2025-09-27 12:30:30+00:00,0.03275,0.01125,0.08725,0.033
Oasis - John Williams,99.0,2.0,103.74,2025-09-27 12:45:30+00:00,0.06025,0.012,0.104,0.0605
Oasis - John Williams,99.0,2.0,103.74,2025-09-27 13:00:30+00:00,0.074,0.02625,0.10675,0.07425
Oasis - John Williams,99.0,2.0,103.74,2025-09-27 13:15:30+00:00,0.0645,0.02975,0.0955,0.06475
Oasis - John Williams,99.0,2.0,103.74,2025-09-27 13:30:30+00:00,0.049,0.0325,0.079,0.04925
Oasis - John Williams,99.0,2.0,103.74,2025-09-27 13:45:30+00:00,0.0535,0.02975,0.0765,0.05375
Oasis - John Williams,99.0,2.0,103.74,2025-09-27 14:00:30+00:00,0.056,0.033,0.076,0.0565
Oasis - John Williams,99.0,2.0,103.74,2025-09-27 14:15:30+00:00,0.0535,0.032,0.081,0.054
Oasis - John Williams,99.0,2.0,103.74,2025-09-27 14:30:30+00:00,0.05925,0.0265,0.07975,0.06
Oasis - John Williams,99.0,2.0,103.74,2025-09-27 14:45:30+00:00,0.04625,0.026,0.0865,0.047
Oasis - John Williams,99.0,2.0,103.74,2025-09-27 15:00:30+00:00,0.06175,0.027,0.08675,0.0635
Oasis - John Williams,99.0,2.0,103.74,2025-09-27 15:15:30+00:00,0.06225,0.03375,0.08275,0.06425
Oasis - John Williams,99.0,2.0,103.74,2025-09-27 15:30:30+00:00,0.05075,0.0335,0.0745,0.0525
Oasis - John Williams,99.0,2.0,103.74,2025-09-27 15:45:30+00:00,0.048,0.03175,0.06525,0.05025
Oasis - John Williams,99.0,2.0,103.74,2025-09-27 16:00:30+00:00,0.04625,0.02875,0.05625,0.04925
Oasis - John Williams,99.0,2.0,103.74,2025-09-27 16:15:30+00:00,0.04075,0.02275,0.046,0.04375
Oasis - John Williams,99.0,2.0,103.74,2025-09-27 16:30:30+00:00,0.03,0.014,0.03675,0.03225
Oasis - John Williams,99.0,2.0,103.74,2025-09-27 16:45:30+00:00,0.0175,0.00525,0.02825,0.0185
Oasis - John Williams,99.0,2.0,103.74,2025-09-27 17:00:30+00:00,0.009,0.00175,0.02025,0.009
Oasis - John Williams,99.0,2.0,103.74,2025-09-27 17:15:30+00:00,0.0045,0.001,0.0105,0.0045
Oasis - John Williams,99.0,2.0,103.74,2025-09-27 17:30:30+00:00,0.00175,0.00025,0.00425,0.00175
Oasis - John Williams,99.0,2.0,103.74,2025-09-27 17:45:30+00:00,0.00025,0.00025,0.00075,0.00025
Oasis - John Williams,99.0,2.0,103.74,2025-09-27 18:00:30+00:00,0.0,0.0,0.0,0.0
Oasis - John Williams,99.0,2.0,103.74,2025-09-27 18:15:30+00:00,0.0,0.0,0.0,0.0
Oasis - John Williams,99.0,2.0,103.74,2025-09-27 18:30:30+00:00,0.0,0.0,0.0,0.0
Oasis - John Williams,99.0,2.0,103.74,2025-09-27 18:45:30+00:00,0.0,0.0,0.0,0.0
Oasis - John Williams,99.0,2.0,103.74,2025-09-27 19:00:30+00:00,0.0,0.0,0.0,0.0
Oasis - John Williams,99.0,2.0,103.74,2025-09-27 19:15:30+00:00,0.0,0.0,0.0,0.0
Oasis - John Williams,99.0,2.0,103.74,2025-09-27 19:30:30+00:00,0.0,0.0,0.0,0.0
Oasis - John Williams,99.0,2.0,103.74,2025-09-27 19:45:30+00:00,0.0,0.0,0.0,0.0
Oasis - John Williams,99.0,2.0,103.74,2025-09-27 20:00:30+00:00,0.0,0.0,0.0,0.0
Oasis - John Williams,99.0,2.0,103.74,2025-09-27 20:15:30+00:00,0.0,0.0,0.0,0.0
Oasis - John Williams,99.0,2.0,103.74,2025-09-27 20:30:30+00:00,0.0,0.0,0.0,0.0
Oasis - John Williams,99.0,2.0,103.74,2025-09-27 20:45:30+00:00,0.0,0.0,0.0,0.0
Oasis - John Williams,99.0,2.0,103.74,2025-09-27 21:00:30+00:00,0.0,0.0,0.0,0.0
Oasis - John Williams,99.0,2.0,103.74,2025-09-27 21:15:30+00:00,0.0,0.0,0.0,0.0
Oasis - John Williams,99.0,2.0,103.74,2025-09-27 21:30:30+00:00,0.0,0.0,0.0,0.0
Oasis - John Williams,99.0,2.0,103.74,2025-09-27 21:45:30+00:00,0.0,0.0,0.0,0.0
Oasis - John Williams,99.0,2.0,103.74,2025-09-27 22:00:30+00:00,0.0,0.0,0.0,0.0
Oasis - John Williams,99.0,2.0,103.74,2025-09-27 22:15:30+00:00,0.0,0.0,0.0,0.0
Oasis - John Williams,99.0,2.0,103.74,2025-09-27 22:30:30+00:00,0.0,0.0,0.0,0.0
Oasis - John Williams,99.0,2.0,103.74,2025-09-27 22:45:30+00:00,0.0,0.0,0.0,0.0
Oasis - John Williams,99.0,2.0,103.74,2025-09-27 23:00:30+00:00,0.0,0.0,0.0,0.0
Oasis - John Williams,99.0,2.0,103.74,2025-09-27 23:15:30+00:00,0.0,0.0,0.0,0.0
Oasis - John Williams,99.0,2.0,103.74,2025-09-27 23:30:30+00:00,0.0,0.0,0.0,0.0
Oasis - John Williams,99.0,2.0,103.74,2025-09-27 23:45:30+00:00,0.0,0.0,0.0,0.0
Oasis - John Williams,99.0,2.0,103.74,2025-09-28 00:00:30+00:00,0.0,0.0,0.0,0.0
Oasis - John Williams,99.0,2.0,103.74,2025-09-28 00:15:30+00:00,0.0,0.0,0.0,0.0
Oasis - John Williams,99.0,2.0,103.74,2025-09-28 00:30:30+00:00,0.0,0.0,0.0,0.0
Oasis - John Williams,99.0,2.0,103.74,2025-09-28 00:45:30+00:00,0.0,0.0,0.0,0.0
Oasis - John Williams,99.0,2.0,103.74,2025-09-28 01:00:30+00:00,0.0,0.0,0.0,0.0
Oasis - John Williams,99.0,2.0,103.74,2025-09-28 01:15:30+00:00,0.0,0.0,0.0,0.0
Oasis - John Williams,99.0,2.0,103.74,2025-09-28 01:30:30+00:00,0.0,0.0,0.0,0.0
Oasis - John Williams,99.0,2.0,103.74,2025-09-28 01:45:30+00:00,0.0,0.0,0.0,0.0
Oasis - John Williams,99.0,2.0,103.74,2025-09-28 02:00:30+00:00,0.0,0.0,0.0,0.0
Oasis - John Williams,99.0,2.0,103.74,2025-09-28 02:15:30+00:00,0.0,0.0,0.0,0.0
Oasis - John Williams,99.0,2.0,103.74,2025-09-28 02:30:30+00:00,0.0,0.0,0.0,0.0
Oasis - John Williams,99.0,2.0,103.74,2025-09-28 02:45:30+00:00,0.0,0.0,0.0,0.0
Oasis - John Williams,99.0,2.0,103.74,2025-09-28 03:00:30+00:00,0.0,0.0,0.0,0.0
Oasis - John Williams,99.0,2.0,103.74,2025-09-28 03:15:30+00:00,0.0,0.0,0.0,0.0
Oasis - John Williams,99.0,2.0,103.74,2025-09-28 03:30:30+00:00,0.0,0.0,0.0,0.0
Oasis - John Williams,99.0,2.0,103.74,2025-09-28 03:45:30+00:00,0.0,0.0,0.0,0.0
Oasis - John Williams,99.0,2.0,103.74,2025-09-28 04:00:30+00:00,0.0,0.0,0.0,0.0
Oasis - John Williams,99.0,2.0,103.74,2025-09-28 04:15:30+00:00,0.0,0.0,0.0,0.0
Oasis - John Williams,99.0,2.0,103.74,2025-09-28 04:30:30+00:00,0.0,0.0,0.0,0.0
Oasis - John Williams,99.0,2.0,103.74,2025-09-28 04:45:30+00:00,0.0,0.0,0.0,0.0
Oasis - John Williams,99.0,2.0,103.74,2025-09-28 05:00:30+00:00,0.0,0.0,0.0,0.0
Oasis - John Williams,99.0,2.0,103.74,2025-09-28 05:15:30+00:00,0.0,0.0,0.0,0.0
Oasis - John Williams,99.0,2.0,103.74,2025-09-28 05:30:30+00:00,0.0,0.0,0.0,0.0
Oasis - John Williams,99.0,2.0,103.74,2025-09-28 05:45:30+00:00,0.0,0.0,0.0,0.0
Oasis - John Williams,99.0,2.0,103.74,2025-09-28 06:00:30+00:00,0.001,0.00075,0.0015,0.001
Oasis - John Williams,99.0,2.0,103.74,2025-09-28 06:15:30+00:00,0.003,0.00225,0.00425,0.003
Oasis - John Williams,99.0,2.0,103.74,2025-09-28 06:30:30+00:00,0.0085,0.0055,0.01225,0.00775
Oasis - John Williams,99.0,2.0,103.74,2025-09-28 06:45:30+00:00,0.01575,0.0105,0.02225,0.01425
Oasis - John Williams,99.0,2.0,103.74,2025-09-28 07:00:30+00:00,0.02475,0.0165,0.032,0.02225
Oasis - John Williams,99.0,2.0,103.74,2025-09-28 07:15:30+00:00,0.0315,0.023,0.04175,0.029
Oasis - John Williams,99.0,2.0,103.74,2025-09-28 07:30:30+00:00,0.04075,0.0275,0.04975,0.03775
Oasis - John Williams,99.0,2.0,103.74,2025-09-28 07:45:30+00:00,0.043,0.0315,0.05625,0.0405
Oasis - John Williams,99.0,2.0,103.74,2025-09-28 08:00:30+00:00,0.04775,0.0335,0.0625,0.04575
Oasis - John Williams,99.0,2.0,103.74,2025-09-28 08:15:30+00:00,0.05325,0.04025,0.07425,0.05125
Oasis - John Williams,99.0,2.0,103.74,2025-09-28 08:30:30+00:00,0.0715,0.0485,0.0905,0.0685
Oasis - John Williams,99.0,2.0,103.74,2025-09-28 08:45:30+00:00,0.0835,0.062,0.1035,0.0795
Oasis - John Williams,99.0,2.0,103.74,2025-09-28 09:00:30+00:00,0.09225,0.07375,0.11175,0.08825
Oasis - John Williams,99.0,2.0,103.74,2025-09-28 09:15:30+00:00,0.10225,0.08675,0.11875,0.098
Oasis - John Williams,99.0,2.0,103.74,2025-09-28 09:30:30+00:00,0.11325,0.09775,0.12725,0.10875
Oasis - John Williams,99.0,2.0,103.74,2025-09-28 09:45:30+00:00,0.12175,0.10875,0.134,0.11725
Oasis - John Williams,99.0,2.0,103.74,2025-09-28 10:00:30+00:00,0.1285,0.11825,0.138,0.12425
Oasis - John Williams,99.0,2.0,103.74,2025-09-28 10:15:30+00:00,0.134,0.126,0.14125,0.13
Oasis - John Williams,99.0,2.0,103.74,2025-09-28 10:30:30+00:00,0.13825,0.1305,0.145,0.1345
Oasis - John Williams,99.0,2.0,103.74,2025-09-28 10:45:30+00:00,0.14075,0.132,0.149,0.1375
Oasis - John Williams,99.0,2.0,103.74,2025-09-28 11:00:30+00:00,0.1425,0.132,0.152,0.13975
Oasis - John Williams,99.0,2.0,103.74,2025-09-28 11:15:30+00:00,0.143,0.13125,0.15325,0.14075
Oasis - John Williams,99.0,2.0,103.74,2025-09-28 11:30:30+00:00,0.14125,0.12775,0.1555,0.1395
Oasis - John Williams,99.0,2.0,103.74,2025-09-28 11:45:30+00:00,0.1405,0.12725,0.1535,0.139
Oasis - John Williams,99.0,2.0,103.74,2025-09-28 12:00:30+00:00,0.13925,0.125,0.15225,0.1385
Oasis - John Williams,99.0,2.0,103.74,2025-09-28 12:15:30+00:00,0.136,0.11875,0.15475,0.13575
Oasis - John Williams,99.0,2.0,103.74,2025-09-28 12:30:30+00:00,0.1345,0.10625,0.159,0.1345
Oasis - John Williams,99.0,2.0,103.74,2025-09-28 12:45:30+00:00,0.127,0.0885,0.1555,0.1275
Oasis - John Williams,99.0,2.0,103.74,2025-09-28 13:00:30+00:00,0.10425,0.07725,0.14175,0.105
Oasis - John Williams,99.0,2.0,103.74,2025-09-28 13:15:30+00:00,0.09675,0.0715,0.12825,0.0975
Oasis - John Williams,99.0,2.0,103.74,2025-09-28 13:30:30+00:00,0.09825,0.07225,0.1255,0.0995
Oasis - John Williams,99.0,2.0,103.74,2025-09-28 13:45:30+00:00,0.101,0.076,0.125,0.10275
Oasis - John Williams,99.0,2.0,103.74,2025-09-28 14:00:30+00:00,0.10175,0.07925,0.12375,0.10375
Oasis - John Williams,99.0,2.0,103.74,2025-09-28 14:15:30+00:00,0.1015,0.0815,0.1165,0.104
Oasis - John Williams,99.0,2.0,103.74,2025-09-28 14:30:30+00:00,0.09375,0.0815,0.10825,0.0965
Oasis - John Williams,99.0,2.0,103.74,2025-09-28 14:45:30+00:00,0.089,0.078,0.1,0.09225
Oasis - John Williams,99.0,2.0,103.74,2025-09-28 15:00:30+00:00,0.084,0.07425,0.09225,0.08775
Oasis - John Williams,99.0,2.0,103.74,2025-09-28 15:15:30+00:00,0.0765,0.06825,0.08425,0.0805
Oasis - John Williams,99.0,2.0,103.74,2025-09-28 15:30:30+00:00,0.06825,0.06075,0.07525,0.07225
Oasis - John Williams,99.0,2.0,103.74,2025-09-28 15:45:30+00:00,0.05925,0.05175,0.0665,0.0635
Oasis - John Williams,99.0,2.0,103.74,2025-09-28 16:00:30+00:00,0.05025,0.04225,0.05675,0.05425
Oasis - John Williams,99.0,2.0,103.74,2025-09-28 16:15:30+00:00,0.041,0.033,0.04675,0.045
Oasis - John Williams,99.0,2.0,103.74,2025-09-28 16:30:30+00:00,0.0315,0.02475,0.03675,0.035
Oasis - John Williams,99.0,2.0,103.74,2025-09-28 16:45:30+00:00,0.02275,0.01725,0.027,0.026
Oasis - John Williams,99.0,2.0,103.74,2025-09-28 17:00:30+00:00,0.015,0.01075,0.01775,0.01775
Oasis - John Williams,99.0,2.0,103.74,2025-09-28 17:15:30+00:00,0.008,0.0055,0.0095,0.00975
Oasis - John Williams,99.0,2.0,103.74,2025-09-28 17:30:30+00:00,0.00275,0.0025,0.0035,0.00325
Oasis - John Williams,99.0,2.0,103.74,2025-09-28 17:45:30+00:00,0.0005,0.00025,0.0005,0.0005
Oasis - John Williams,99.0,2.0,103.74,2025-09-28 18:00:30+00:00,0.0,0.0,0.0,0.0
Oasis - John Williams,99.0,2.0,103.74,2025-09-28 18:15:30+00:00,0.0,0.0,0.0,0.0
Oasis - John Williams,99.0,2.0,103.74,2025-09-28 18:30:30+00:00,0.0,0.0,0.0,0.0
Oasis - John Williams,99.0,2.0,103.74,2025-09-28 18:45:30+00:00,0.0,0.0,0.0,0.0
Oasis - John Williams,99.0,2.0,103.74,2025-09-28 19:00:30+00:00,0.0,0.0,0.0,0.0
Oasis - John Williams,99.0,2.0,103.74,2025-09-28 19:15:30+00:00,0.0,0.0,0.0,0.0
Oasis - John Williams,99.0,2.0,103.74,2025-09-28 19:30:30+00:00,0.0,0.0,0.0,0.0
Oasis - John Williams,99.0,2.0,103.74,2025-09-28 19:45:30+00:00,0.0,0.0,0.0,0.0
Oasis - John Williams,99.0,2.0,103.74,2025-09-28 20:00:30+00:00,0.0,0.0,0.0,0.0
Oasis - John Williams,99.0,2.0,103.74,2025-09-28 20:15:30+00:00,0.0,0.0,0.0,0.0
Oasis - John Williams,99.0,2.0,103.74,2025-09-28 20:30:30+00:00,0.0,0.0,0.0,0.0
Oasis - John Williams,99.0,2.0,103.74,2025-09-28 20:45:30+00:00,0.0,0.0,0.0,0.0
Oasis - John Williams,99.0,2.0,103.74,2025-09-28 21:00:30+00:00,0.0,0.0,0.0,0.0
Oasis - John Williams,99.0,2.0,103.74,2025-09-28 21:15:30+00:00,0.0,0.0,0.0,0.0
Oasis - John Williams,99.0,2.0,103.74,2025-09-28 21:30:30+00:00,0.0,0.0,0.0,0.0
Oasis - John Williams,99.0,2.0,103.74,2025-09-28 21:45:30+00:00,0.0,0.0,0.0,0.0
Oasis - John Williams,99.0,2.0,103.74,2025-09-28 22:00:30+00:00,0.0,0.0,0.0,0.0
Oasis - John Williams,99.0,2.0,103.74,2025-09-28 22:15:30+00:00,0.0,0.0,0.0,0.0
Oasis - John Williams,99.0,2.0,103.74,2025-09-28 22:30:30+00:00,0.0,0.0,0.0,0.0
Oasis - John Williams,99.0,2.0,103.74,2025-09-28 22:45:30+00:00,0.0,0.0,0.0,0.0
Oasis - John Williams,99.0,2.0,103.74,2025-09-28 23:00:30+00:00,0.0,0.0,0.0,0.0
Oasis - John Williams,99.0,2.0,103.74,2025-09-28 23:15:30+00:00,0.0,0.0,0.0,0.0
Oasis - John Williams,99.0,2.0,103.74,2025-09-28 23:30:30+00:00,0.0,0.0,0.0,0.0
Oasis - John Williams,99.0,2.0,103.74,2025-09-28 23:45:30+00:00,0.0,0.0,0.0,0.0
Oasis - John Williams,99.0,2.0,103.74,2025-09-29 00:00:30+00:00,0.0,0.0,0.0,0.0
Oasis - John Williams,99.0,2.0,103.74,2025-09-29 00:15:30+00:00,0.0,0.0,0.0,0.0
Oasis - John Williams,99.0,2.0,103.74,2025-09-29 00:30:30+00:00,0.0,0.0,0.0,0.0
Oasis - John Williams,99.0,2.0,103.74,2025-09-29 00:45:30+00:00,0.0,0.0,0.0,0.0
Oasis - John Williams,99.0,2.0,103.74,2025-09-29 01:00:30+00:00,0.0,0.0,0.0,0.0
Oasis - John Williams,99.0,2.0,103.74,2025-09-29 01:15:30+00:00,0.0,0.0,0.0,0.0
Oasis - John Williams,99.0,2.0,103.74,2025-09-29 01:30:30+00:00,0.0,0.0,0.0,0.0
Oasis - John Williams,99.0,2.0,103.74,2025-09-29 01:45:30+00:00,0.0,0.0,0.0,0.0
Oasis - John Williams,99.0,2.0,103.74,2025-09-29 02:00:30+00:00,0.0,0.0,0.0,0.0
Oasis - John Williams,99.0,2.0,103.74,2025-09-29 02:15:30+00:00,0.0,0.0,0.0,0.0
Oasis - John Williams,99.0,2.0,103.74,2025-09-29 02:30:30+00:00,0.0,0.0,0.0,0.0
Oasis - John Williams,99.0,2.0,103.74,2025-09-29 02:45:30+00:00,0.0,0.0,0.0,0.0
Oasis - John Williams,99.0,2.0,103.74,2025-09-29 03:00:30+00:00,0.0,0.0,0.0,0.0
Oasis - John Williams,99.0,2.0,103.74,2025-09-29 03:15:30+00:00,0.0,0.0,0.0,0.0
Oasis - John Williams,99.0,2.0,103.74,2025-09-29 03:30:30+00:00,0.0,0.0,0.0,0.0
Oasis - John Williams,99.0,2.0,103.74,2025-09-29 03:45:30+00:00,0.0,0.0,0.0,0.0
Oasis - John Williams,99.0,2.0,103.74,2025-09-29 04:00:30+00:00,0.0,0.0,0.0,0.0
Oasis - John Williams,99.0,2.0,103.74,2025-09-29 04:15:30+00:00,0.0,0.0,0.0,0.0
Oasis - John Williams,99.0,2.0,103.74,2025-09-29 04:30:30+00:00,0.0,0.0,0.0,0.0
Oasis - John Williams,99.0,2.0,103.74,2025-09-29 04:45:30+00:00,0.0,0.0,0.0,0.0
Oasis - John Williams,99.0,2.0,103.74,2025-09-29 05:00:30+00:00,0.0,0.0,0.0,0.0
Oasis - John Williams,99.0,2.0,103.74,2025-09-29 05:15:30+00:00,0.0,0.0,0.0,0.0
Oasis - John Williams,99.0,2.0,103.74,2025-09-29 05:30:30+00:00,0.0,0.0,0.0,0.0
Oasis - John Williams,99.0,2.0,103.74,2025-09-29 05:45:30+00:00,0.0,0.0,0.0,0.0
Oasis - John Williams,99.0,2.0,103.74,2025-09-29 06:00:30+00:00,0.0,0.0,0.0,0.0
Oasis - John Williams,99.0,2.0,103.74,2025-09-29 06:15:30+00:00,0.003,0.0025,0.00375,0.003
Oasis - John Williams,99.0,2.0,103.74,2025-09-29 06:30:30+00:00,0.01025,0.0075,0.01225,0.0085
Oasis - John Williams,99.0,2.0,103.74,2025-09-29 06:45:30+00:00,0.019,0.0135,0.0225,0.01625
Oasis - John Williams,99.0,2.0,103.74,2025-09-29 07:00:30+00:00,0.0275,0.0205,0.03275,0.024
Oasis - John Williams,99.0,2.0,103.74,2025-09-29 07:15:30+00:00,0.03625,0.0285,0.0435,0.0325
Oasis - John Williams,99.0,2.0,103.74,2025-09-29 07:30:30+00:00,0.047,0.0375,0.054,0.0425
Oasis - John Williams,99.0,2.0,103.74,2025-09-29 07:45:30+00:00,0.057,0.0475,0.06475,0.05225
Oasis - John Williams,99.0,2.0,103.74,2025-09-29 08:00:30+00:00,0.0665,0.0575,0.07475,0.0615
Oasis - John Williams,99.0,2.0,103.74,2025-09-29 08:15:30+00:00,0.07525,0.067,0.08275,0.07
Oasis - John Williams,99.0,2.0,103.74,2025-09-29 08:30:30+00:00,0.083,0.076,0.08975,0.078
Oasis - John Williams,99.0,2.0,103.74,2025-09-29 08:45:30+00:00,0.0905,0.08425,0.0965,0.0855
Oasis - John Williams,99.0,2.0,103.74,2025-09-29 09:00:30+00:00,0.0975,0.0925,0.10375,0.09275
Oasis - John Williams,99.0,2.0,103.74,2025-09-29 09:15:30+00:00,0.1065,0.0995,0.11125,0.1015
Oasis - John Williams,99.0,2.0,103.74,2025-09-29 09:30:30+00:00,0.11175,0.106,0.1185,0.10725
Oasis - John Williams,99.0,2.0,103.74,2025-09-29 09:45:30+00:00,0.1185,0.112,0.125,0.11425
Oasis - John Williams,99.0,2.0,103.74,2025-09-29 10:00:30+00:00,0.125,0.118,0.13075,0.12075
Oasis - John Williams,99.0,2.0,103.74,2025-09-29 10:15:30+00:00,0.12975,0.12325,0.13575,0.12575
Oasis - John Williams,99.0,2.0,103.74,2025-09-29 10:30:30+00:00,0.13375,0.12725,0.14025,0.13025
Oasis - John Williams,99.0,2.0,103.74,2025-09-29 10:45:30+00:00,0.1375,0.1265,0.14775,0.13425
Oasis - John Williams,99.0,2.0,103.74,2025-09-29 11:00:30+00:00,0.13975,0.12275,0.155,0.137
Oasis - John Williams,99.0,2.0,103.74,2025-09-29 11:15:30+00:00,0.13925,0.115,0.15675,0.13725
Oasis - John Williams,99.0,2.0,103.74,2025-09-29 11:30:30+00:00,0.1285,0.10825,0.154,0.127
Oasis - John Williams,99.0,2.0,103.74,2025-09-29 11:45:30+00:00,0.12575,0.1055,0.14825,0.12475
Oasis - John Williams,99.0,2.0,103.74,2025-09-29 12:00:30+00:00,0.126,0.109,0.1425,0.12525
Oasis - John Williams,99.0,2.0,103.74,2025-09-29 12:15:30+00:00,0.1255,0.113,0.13525,0.125
Oasis - John Williams,99.0,2.0,103.74,2025-09-29 12:30:30+00:00,0.121,0.1145,0.1305,0.12125
Oasis - John Williams,99.0,2.0,103.74,2025-09-29 12:45:30+00:00,0.12075,0.1115,0.1275,0.12125
Oasis - John Williams,99.0,2.0,103.74,2025-09-29 13:00:30+00:00,0.11675,0.10825,0.12425,0.1175
Oasis - John Williams,99.0,2.0,103.74,2025-09-29 13:15:30+00:00,0.11125,0.101,0.12375,0.1125
Oasis - John Williams,99.0,2.0,103.74,2025-09-29 13:30:30+00:00,0.109,0.0935,0.12275,0.1105
Oasis - John Williams,99.0,2.0,103.74,2025-09-29 13:45:30+00:00,0.104,0.07525,0.1245,0.10575
Oasis - John Williams,99.0,2.0,103.74,2025-09-29 14:00:30+00:00,0.0865,0.05825,0.1235,0.08775
Oasis - John Williams,99.0,2.0,103.74,2025-09-29 14:15:30+00:00,0.0815,0.03725,0.1135,0.083
Oasis - John Williams,99.0,2.0,103.74,2025-09-29 14:30:30+00:00,0.05825,0.02625,0.09925,0.059
Oasis - John Williams,99.0,2.0,103.74,2025-09-29 14:45:30+00:00,0.04775,0.0205,0.07625,0.0485
Oasis - John Williams,99.0,2.0,103.74,2025-09-29 15:00:30+00:00,0.03875,0.02025,0.06175,0.03925
Oasis - John Williams,99.0,2.0,103.74,2025-09-29 15:15:30+00:00,0.03575,0.021,0.04875,0.036
Oasis - John Williams,99.0,2.0,103.74,2025-09-29 15:30:30+00:00,0.03,0.01775,0.04225,0.03025
Oasis - John Williams,99.0,2.0,103.74,2025-09-29 15:45:30+00:00,0.024,0.0135,0.03525,0.02425
Oasis - John Williams,99.0,2.0,103.74,2025-09-29 16:00:30+00:00,0.019,0.0105,0.03075,0.019
Oasis - John Williams,99.0,2.0,103.74,2025-09-29 16:15:30+00:00,0.01875,0.007,0.027,0.01875
Oasis - John Williams,99.0,2.0,103.74,2025-09-29 16:30:30+00:00,0.01325,0.0045,0.02375,0.0135
Oasis - John Williams,99.0,2.0,103.74,2025-09-29 16:45:30+00:00,0.01025,0.00225,0.01975,0.01025
Oasis - John Williams,99.0,2.0,103.74,2025-09-29 17:00:30+00:00,0.00925,0.002,0.0145,0.0095
Oasis - John Williams,99.0,2.0,103.74,2025-09-29 17:15:30+00:00,0.0055,0.00175,0.00925,0.0055
Oasis - John Williams,99.0,2.0,103.74,2025-09-29 17:30:30+00:00,0.0015,0.001,0.003,0.0015
Oasis - John Williams,99.0,2.0,103.74,2025-09-29 17:45:30+00:00,0.0,0.0,0.0,0.0
Oasis - John Williams,99.0,2.0,103.74,2025-09-29 18:00:30+00:00,0.0,0.0,0.0,0.0
Oasis - John Williams,99.0,2.0,103.74,2025-09-29 18:15:30+00:00,0.0,0.0,0.0,0.0
Oasis - John Williams,99.0,2.0,103.74,2025-09-29 18:30:30+00:00,0.0,0.0,0.0,0.0
Oasis - John Williams,99.0,2.0,103.74,2025-09-29 18:45:30+00:00,0.0,0.0,0.0,0.0
Oasis - John Williams,99.0,2.0,103.74,2025-09-29 19:00:30+00:00,0.0,0.0,0.0,0.0
Oasis - John Williams,99.0,2.0,103.74,2025-09-29 19:15:30+00:00,0.0,0.0,0.0,0.0
Oasis - John Williams,99.0,2.0,103.74,2025-09-29 19:30:30+00:00,0.0,0.0,0.0,0.0
Oasis - John Williams,99.0,2.0,103.74,2025-09-29 19:45:30+00:00,0.0,0.0,0.0,0.0
Oasis - John Williams,99.0,2.0,103.74,2025-09-29 20:00:30+00:00,0.0,0.0,0.0,0.0
Oasis - John Williams,99.0,2.0,103.74,2025-09-29 20:15:30+00:00,0.0,0.0,0.0,0.0
Oasis - John Williams,99.0,2.0,103.74,2025-09-29 20:30:30+00:00,0.0,0.0,0.0,0.0
Oasis - John Williams,99.0,2.0,103.74,2025-09-29 20:45:30+00:00,0.0,0.0,0.0,0.0
Oasis - John Williams,99.0,2.0,103.74,2025-09-29 21:00:30+00:00,0.0,0.0,0.0,0.0
Oasis - John Williams,99.0,2.0,103.74,2025-09-29 21:15:30+00:00,0.0,0.0,0.0,0.0
Oasis - John Williams,99.0,2.0,103.74,2025-09-29 21:30:30+00:00,0.0,0.0,0.0,0.0
Oasis - John Williams,99.0,2.0,103.74,2025-09-29 21:45:30+00:00,0.0,0.0,0.0,0.0
Oasis - John Williams,99.0,2.0,103.74,2025-09-29 22:00:30+00:00,0.0,0.0,0.0,0.0
Oasis - John Williams,99.0,2.0,103.74,2025-09-29 22:15:30+00:00,0.0,0.0,0.0,0.0
Oasis - John Williams,99.0,2.0,103.74,2025-09-29 22:30:30+00:00,0.0,0.0,0.0,0.0
Oasis - John Williams,99.0,2.0,103.74,2025-09-29 22:45:30+00:00,0.0,0.0,0.0,0.0
Oasis - John Williams,99.0,2.0,103.74,2025-09-29 23:00:30+00:00,0.0,0.0,0.0,0.0
Oasis - John Williams,99.0,2.0,103.74,2025-09-29 23:15:30+00:00,0.0,0.0,0.0,0.0
Oasis - John Williams,99.0,2.0,103.74,2025-09-29 23:30:30+00:00,0.0,0.0,0.0,0.0
Oasis - John Williams,99.0,2.0,103.74,2025-09-29 23:45:30+00:00,0.0,0.0,0.0,0.0
Oasis - John Williams,99.0,2.0,103.74,2025-09-30 00:00:30+00:00,0.0,0.0,0.0,0.0
Oasis - John Williams,99.0,2.0,103.74,2025-09-30 00:15:30+00:00,0.0,0.0,0.0,0.0
Oasis - John Williams,99.0,2.0,103.74,2025-09-30 00:30:30+00:00,0.0,0.0,0.0,0.0
Oasis - John Williams,99.0,2.0,103.74,2025-09-30 00:45:30+00:00,0.0,0.0,0.0,0.0
Oasis - John Williams,99.0,2.0,103.74,2025-09-30 01:00:30+00:00,0.0,0.0,0.0,0.0
Oasis - John Williams,99.0,2.0,103.74,2025-09-30 01:15:30+00:00,0.0,0.0,0.0,0.0
Oasis - John Williams,99.0,2.0,103.74,2025-09-30 01:30:30+00:00,0.0,0.0,0.0,0.0
Oasis - John Williams,99.0,2.0,103.74,2025-09-30 01:45:30+00:00,0.0,0.0,0.0,0.0
Oasis - John Williams,99.0,2.0,103.74,2025-09-30 02:00:30+00:00,0.0,0.0,0.0,0.0
Oasis - John Williams,99.0,2.0,103.74,2025-09-30 02:15:30+00:00,0.0,0.0,0.0,0.0
Oasis - John Williams,99.0,2.0,103.74,2025-09-30 02:30:30+00:00,0.0,0.0,0.0,0.0
Oasis - John Williams,99.0,2.0,103.74,2025-09-30 02:45:30+00:00,0.0,0.0,0.0,0.0
Oasis - John Williams,99.0,2.0,103.74,2025-09-30 03:00:30+00:00,0.0,0.0,0.0,0.0
Oasis - John Williams,99.0,2.0,103.74,2025-09-30 03:15:30+00:00,0.0,0.0,0.0,0.0
Oasis - John Williams,99.0,2.0,103.74,2025-09-30 03:30:30+00:00,0.0,0.0,0.0,0.0
Oasis - John Williams,99.0,2.0,103.74,2025-09-30 03:45:30+00:00,0.0,0.0,0.0,0.0
Oasis - John Williams,99.0,2.0,103.74,2025-09-30 04:00:30+00:00,0.0,0.0,0.0,0.0
Oasis - John Williams,99.0,2.0,103.74,2025-09-30 04:15:30+00:00,0.0,0.0,0.0,0.0
Oasis - John Williams,99.0,2.0,103.74,2025-09-30 04:30:30+00:00,0.0,0.0,0.0,0.0
Oasis - John Williams,99.0,2.0,103.74,2025-09-30 04:45:30+00:00,0.0,0.0,0.0,0.0
Oasis - John Williams,99.0,2.0,103.74,2025-09-30 05:00:30+00:00,0.0,0.0,0.0,0.0
Oasis - John Williams,99.0,2.0,103.74,2025-09-30 05:15:30+00:00,0.0,0.0,0.0,0.0
Oasis - John Williams,99.0,2.0,103.74,2025-09-30 05:30:30+00:00,0.0,0.0,0.0,0.0
Oasis - John Williams,99.0,2.0,103.74,2025-09-30 05:45:30+00:00,0.0,0.0,0.0,0.0
Oasis - John Williams,99.0,2.0,103.74,2025-09-30 06:00:30+00:00,0.0,0.0,0.0,0.0
Oasis - John Williams,99.0,2.0,103.74,2025-09-30 06:15:30+00:00,0.0025,0.00225,0.003,0.0025
Oasis - John Williams,99.0,2.0,103.74,2025-09-30 06:30:30+00:00,0.009,0.00675,0.01075,0.0075
Oasis - John Williams,99.0,2.0,103.74,2025-09-30 06:45:30+00:00,0.01775,0.0125,0.02075,0.01525
Oasis - John Williams,99.0,2.0,103.74,2025-09-30 07:00:30+00:00,0.0265,0.0185,0.031,0.02325
Oasis - John Williams,99.0,2.0,103.74,2025-09-30 07:15:30+00:00,0.034,0.02375,0.04125,0.0305
Oasis - John Williams,99.0,2.0,103.74,2025-09-30 07:30:30+00:00,0.04,0.028,0.05125,0.03675
Oasis - John Williams,99.0,2.0,103.74,2025-09-30 07:45:30+00:00,0.0445,0.033,0.05675,0.04175
Oasis - John Williams,99.0,2.0,103.74,2025-09-30 08:00:30+00:00,0.05,0.04,0.06125,0.04725
Oasis - John Williams,99.0,2.0,103.74,2025-09-30 08:15:30+00:00,0.0575,0.04575,0.068,0.05475
Oasis - John Williams,99.0,2.0,103.74,2025-09-30 08:30:30+00:00,0.0625,0.04975,0.07775,0.06
Oasis - John Williams,99.0,2.0,103.74,2025-09-30 08:45:30+00:00,0.0715,0.055,0.0925,0.06875
Oasis - John Williams,99.0,2.0,103.74,2025-09-30 09:00:30+00:00,0.08725,0.06525,0.10825,0.08375
Oasis - John Williams,99.0,2.0,103.74,2025-09-30 09:15:30+00:00,0.101,0.08025,0.117,0.09675
Oasis - John Williams,99.0,2.0,103.74,2025-09-30 09:30:30+00:00,0.10925,0.095,0.122,0.105
Oasis - John Williams,99.0,2.0,103.74,2025-09-30 09:45:30+00:00,0.115,0.10525,0.124,0.111
Oasis - John Williams,99.0,2.0,103.74,2025-09-30 10:00:30+00:00,0.1195,0.1085,0.12975,0.11575
Oasis - John Williams,99.0,2.0,103.74,2025-09-30 10:15:30+00:00,0.12275,0.10575,0.13825,0.1195
Oasis - John Williams,99.0,2.0,103.74,2025-09-30 10:30:30+00:00,0.1235,0.09925,0.1445,0.1205
Oasis - John Williams,99.0,2.0,103.74,2025-09-30 10:45:30+00:00,0.119,0.09325,0.1445,0.11675
Oasis - John Williams,99.0,2.0,103.74,2025-09-30 11:00:30+00:00,0.114,0.09,0.138,0.11225
Oasis - John Williams,99.0,2.0,103.74,2025-09-30 11:15:30+00:00,0.109,0.0915,0.13425,0.108
Oasis - John Williams,99.0,2.0,103.74,2025-09-30 11:30:30+00:00,0.1155,0.09425,0.13675,0.1145
Oasis - John Williams,99.0,2.0,103.74,2025-09-30 11:45:30+00:00,0.1215,0.10075,0.14125,0.12075
Oasis - John Williams,99.0,2.0,103.74,2025-09-30 12:00:30+00:00,0.12575,0.105,0.1415,0.12525
Oasis - John Williams,99.0,2.0,103.74,2025-09-30 12:15:30+00:00,0.12225,0.106,0.13875,0.122
Oasis - John Williams,99.0,2.0,103.74,2025-09-30 12:30:30+00:00,0.11875,0.104,0.14075,0.11875
Oasis - John Williams,99.0,2.0,103.74,2025-09-30 12:45:30+00:00,0.12575,0.10375,0.1445,0.12625
Oasis - John Williams,99.0,2.0,103.74,2025-09-30 13:00:30+00:00,0.12775,0.10875,0.14375,0.12875
Oasis - John Williams,99.0,2.0,103.74,2025-09-30 13:15:30+00:00,0.12525,0.11175,0.13675,0.12675
Oasis - John Williams,99.0,2.0,103.74,2025-09-30 13:30:30+00:00,0.11975,0.1125,0.12725,0.1215
Oasis - John Williams,99.0,2.0,103.74,2025-09-30 13:45:30+00:00,0.11475,0.109,0.12,0.117
Oasis - John Williams,99.0,2.0,103.74,2025-09-30 14:00:30+00:00,0.10925,0.098,0.11925,0.11175
Oasis - John Williams,99.0,2.0,103.74,2025-09-30 14:15:30+00:00,0.102,0.07975,0.116,0.10475
Oasis - John Williams,99.0,2.0,103.74,2025-09-30 14:30:30+00:00,0.0965,0.05675,0.10825,0.0995
Oasis - John Williams,99.0,2.0,103.74,2025-09-30 14:45:30+00:00,0.07425,0.0345,0.10075,0.0765
Oasis - John Williams,99.0,2.0,103.74,2025-09-30 15:00:30+00:00,0.0495,0.024,0.08875,0.0505
Oasis - John Williams,99.0,2.0,103.74,2025-09-30 15:15:30+00:00,0.04425,0.024,0.06975,0.04525
Oasis - John Williams,99.0,2.0,103.74,2025-09-30 15:30:30+00:00,0.046,0.028,0.05675,0.0475
Oasis - John Williams,99.0,2.0,103.74,2025-09-30 15:45:30+00:00,0.03725,0.0265,0.05,0.03825
Oasis - John Williams,99.0,2.0,103.74,2025-09-30 16:00:30+00:00,0.03125,0.0205,0.04425,0.03225
Oasis - John Williams,99.0,2.0,103.74,2025-09-30 16:15:30+00:00,0.028,0.017,0.039,0.0295
Oasis - John Williams,99.0,2.0,103.74,2025-09-30 16:30:30+00:00,0.02475,0.01425,0.0315,0.02675
Oasis - John Williams,99.0,2.0,103.74,2025-09-30 16:45:30+00:00,0.01675,0.01075,0.02375,0.01825
Oasis - John Williams,99.0,2.0,103.74,2025-09-30 17:00:30+00:00,0.0105,0.0065,0.01525,0.0115
Oasis - John Williams,99.0,2.0,103.74,2025-09-30 17:15:30+00:00,0.0055,0.0035,0.0085,0.00575
Oasis - John Williams,99.0,2.0,103.74,2025-09-30 17:30:30+00:00,0.00125,0.00075,0.002,0.00125
Oasis - John Williams,99.0,2.0,103.74,2025-09-30 17:45:30+00:00,0.0,0.0,0.0,0.0
Oasis - John Williams,99.0,2.0,103.74,2025-09-30 18:00:30+00:00,0.0,0.0,0.0,0.0
Oasis - John Williams,99.0,2.0,103.74,2025-09-30 18:15:30+00:00,0.0,0.0,0.0,0.0
Oasis - John Williams,99.0,2.0,103.74,2025-09-30 18:30:30+00:00,0.0,0.0,0.0,0.0
Oasis - John Williams,99.0,2.0,103.74,2025-09-30 18:45:30+00:00,0.0,0.0,0.0,0.0
Oasis - John Williams,99.0,2.0,103.74,2025-09-30 19:00:30+00:00,0.0,0.0,0.0,0.0
Oasis - John Williams,99.0,2.0,103.74,2025-09-30 19:15:30+00:00,0.0,0.0,0.0,0.0
Oasis - John Williams,99.0,2.0,103.74,2025-09-30 19:30:30+00:00,0.0,0.0,0.0,0.0
Oasis - John Williams,99.0,2.0,103.74,2025-09-30 19:45:30+00:00,0.0,0.0,0.0,0.0
Oasis - John Williams,99.0,2.0,103.74,2025-09-30 20:00:30+00:00,0.0,0.0,0.0,0.0
Oasis - John Williams,99.0,2.0,103.74,2025-09-30 20:15:30+00:00,0.0,0.0,0.0,0.0
Oasis - John Williams,99.0,2.0,103.74,2025-09-30 20:30:30+00:00,0.0,0.0,0.0,0.0
Oasis - John Williams,99.0,2.0,103.74,2025-09-30 20:45:30+00:00,0.0,0.0,0.0,0.0
Oasis - John Williams,99.0,2.0,103.74,2025-09-30 21:00:30+00:00,0.0,0.0,0.0,0.0
Oasis - John Williams,99.0,2.0,103.74,2025-09-30 21:15:30+00:00,0.0,0.0,0.0,0.0
Oasis - John Williams,99.0,2.0,103.74,2025-09-30 21:30:30+00:00,0.0,0.0,0.0,0.0
Oasis - John Williams,99.0,2.0,103.74,2025-09-30 21:45:30+00:00,0.0,0.0,0.0,0.0
Oasis - John Williams,99.0,2.0,103.74,2025-09-30 22:00:30+00:00,0.0,0.0,0.0,0.0
Oasis - John Williams,99.0,2.0,103.74,2025-09-30 22:15:30+00:00,0.0,0.0,0.0,0.0
Oasis - John Williams,99.0,2.0,103.74,2025-09-30 22:30:30+00:00,0.0,0.0,0.0,0.0
Oasis - John Williams,99.0,2.0,103.74,2025-09-30 22:45:30+00:00,0.0,0.0,0.0,0.0
Oasis - John Williams,99.0,2.0,103.74,2025-09-30 23:00:30+00:00,0.0,0.0,0.0,0.0
Oasis - John Williams,99.0,2.0,103.74,2025-09-30 23:15:30+00:00,0.0,0.0,0.0,0.0
Oasis - John Williams,99.0,2.0,103.74,2025-09-30 23:30:30+00:00,0.0,0.0,0.0,0.0
Oasis - John Williams,99.0,2.0,103.74,2025-09-30 23:45:30+00:00,0.0,0.0,0.0,0.0
