timestamp_utc,pvgis_gti_Wm2,pvgis_ghi_Wm2,solargis_gti_Wm2,solargis_ghi_Wm2,month,gti_diff_Wm2,gti_diff_pct
2025-01-09 06:00:00,0.0,0.0,0.0,0.0,1,0.0,0.0
2025-01-09 07:00:00,0.0,0.0,0.0,0.0,1,0.0,0.0
2025-01-09 08:00:00,0.0,0.0,8.25,8.25,1,-8.25,-100.0
2025-01-09 09:00:00,6.976730504924251,4.524413807319329,96.51891891891893,79.75,1,-89.54218841399468,-92.77164458215174
2025-01-09 10:00:00,35.575662995777925,27.587575090673347,170.1364864864865,145.25000000000003,1,-134.56082349070857,-79.08992731044579
2025-01-09 11:00:00,58.21566725347334,47.21251022931944,220.00675675675677,190.25,1,-161.79108950328344,-73.53914574640199
2025-01-09 12:00:00,56.35394774251706,46.630347735641855,223.6094594594595,195.75,1,-167.25551171694244,-74.79804840155519
2025-01-09 13:00:00,52.07628570195508,43.284365789030275,198.8837837837838,172.75000000000003,1,-146.80749808182873,-73.81572056243171
2025-01-09 14:00:00,37.27314987389507,30.655484526855002,132.04324324324327,113.5,1,-94.77009336934819,-71.77201274492145
2025-01-09 15:00:00,18.588866194379182,14.667355968182891,43.6027027027027,36.50000000000001,1,-25.013836508323518,-57.36762851347984
2025-01-09 16:00:00,0.2084837189336078,0.11081126142878402,0.25,0.25,1,-0.04151628106639221,0.0
2025-01-09 17:00:00,0.0,0.0,0.0,0.0,1,0.0,0.0
2025-01-09 18:00:00,0.0,0.0,0.0,0.0,1,0.0,0.0
2025-01-09 19:00:00,0.0,0.0,0.0,0.0,1,0.0,0.0
2025-01-09 20:00:00,0.0,0.0,0.0,0.0,1,0.0,0.0
2025-01-09 21:00:00,0.0,0.0,0.0,0.0,1,0.0,0.0
2025-01-09 22:00:00,0.0,0.0,0.0,0.0,1,0.0,0.0
2025-01-09 23:00:00,0.0,0.0,0.0,0.0,1,0.0,0.0
2025-01-10 00:00:00,0.0,0.0,0.0,0.0,1,0.0,0.0
2025-01-10 01:00:00,0.0,0.0,0.0,0.0,1,0.0,0.0
2025-01-10 02:00:00,0.0,0.0,0.0,0.0,1,0.0,0.0
2025-01-10 03:00:00,0.0,0.0,0.0,0.0,1,0.0,0.0
2025-01-10 04:00:00,0.0,0.0,0.0,0.0,1,0.0,0.0
2025-01-10 05:00:00,0.0,0.0,0.0,0.0,1,0.0,0.0
2025-01-10 06:00:00,0.0,0.0,0.0,0.0,1,0.0,0.0
2025-01-10 07:00:00,0.0,0.0,0.0,0.0,1,0.0,0.0
2025-01-10 08:00:00,0.0,0.0,8.25,8.25,1,-8.25,-100.0
2025-01-10 09:00:00,36.769341511697974,24.896409498337768,101.18108108108109,81.0,1,-64.41173956938312,-63.65986494823771
2025-01-10 10:00:00,135.1657053629066,107.96741311069808,169.5891891891892,144.75,1,-34.42348382628259,-20.29815932894205
2025-01-10 11:00:00,211.78906203771982,176.3940365018213,211.42297297297296,184.25,1,0.3660890647468591,0.17315481832414575
2025-01-10 12:00:00,243.90015118212855,206.9279876950476,218.9054054054054,192.25,1,24.994745776723164,11.418057827504873
2025-01-10 13:00:00,227.93298874027494,194.4729079435611,195.4445945945946,171.5,1,32.48839414568033,16.622815388202536
2025-01-10 14:00:00,158.824039623599,132.7829214516616,137.0608108108108,118.0,1,21.763228812788185,15.878520405682284
2025-01-10 15:00:00,59.20864560726693,46.33657709295303,45.76216216216216,38.00000000000001,1,13.446483445104768,29.383409370947106
2025-01-10 16:00:00,1.2038507558236706,0.7037615573096733,0.25,0.25,1,0.9538507558236706,0.0
2025-01-10 17:00:00,0.0,0.0,0.0,0.0,1,0.0,0.0
2025-01-10 18:00:00,0.0,0.0,0.0,0.0,1,0.0,0.0
2025-01-10 19:00:00,0.0,0.0,0.0,0.0,1,0.0,0.0
2025-01-10 20:00:00,0.0,0.0,0.0,0.0,1,0.0,0.0
2025-01-10 21:00:00,0.0,0.0,0.0,0.0,1,0.0,0.0
2025-01-10 22:00:00,0.0,0.0,0.0,0.0,1,0.0,0.0
2025-01-10 23:00:00,0.0,0.0,0.0,0.0,1,0.0,0.0
2025-01-11 00:00:00,0.0,0.0,0.0,0.0,1,0.0,0.0
2025-01-11 01:00:00,0.0,0.0,0.0,0.0,1,0.0,0.0
2025-01-11 02:00:00,0.0,0.0,0.0,0.0,1,0.0,0.0
2025-01-11 03:00:00,0.0,0.0,0.0,0.0,1,0.0,0.0
2025-01-11 04:00:00,0.0,0.0,0.0,0.0,1,0.0,0.0
2025-01-11 05:00:00,0.0,0.0,0.0,0.0,1,0.0,0.0
2025-01-11 06:00:00,0.0,0.0,0.0,0.0,1,0.0,0.0
2025-01-11 07:00:00,0.0,0.0,0.0,0.0,1,0.0,0.0
2025-01-11 08:00:00,0.0,0.0,8.5,8.5,1,-8.5,-100.0
2025-01-11 09:00:00,19.083489269228654,12.401117214041957,97.47702702702702,79.25,1,-78.39353775779837,-80.42257765623334
2025-01-11 10:00:00,68.70606454888285,53.18066712784155,168.0648648648649,145.00000000000003,1,-99.35880031598204,-59.11931705408682
2025-01-11 11:00:00,102.32756091335638,82.90254843458816,214.68243243243245,187.50000000000003,1,-112.35487151907607,-52.33538219501859
2025-01-11 12:00:00,107.44324590910975,88.82632762748523,218.22837837837838,193.0,1,-110.78513246926863,-50.76568560537174
2025-01-11 13:00:00,98.10190692265319,81.50877188012578,192.9756756756757,170.0,1,-94.8737687530225,-49.16358935955844
2025-01-11 14:00:00,94.53844217198949,77.58159728232333,131.50810810810813,116.75,1,-36.969665936118645,-28.112081048057657
2025-01-11 15:00:00,33.467313814967106,26.490997244544726,26.402702702702705,25.25,1,7.0646111122644015,26.757151310654397
2025-01-11 16:00:00,0.8101715948017854,0.4735637278046086,0.5,0.5,1,0.31017159480178536,0.0
2025-01-11 17:00:00,0.0,0.0,0.0,0.0,1,0.0,0.0
2025-01-11 18:00:00,0.0,0.0,0.0,0.0,1,0.0,0.0
2025-01-11 19:00:00,0.0,0.0,0.0,0.0,1,0.0,0.0
2025-01-11 20:00:00,0.0,0.0,0.0,0.0,1,0.0,0.0
2025-01-11 21:00:00,0.0,0.0,0.0,0.0,1,0.0,0.0
2025-01-11 22:00:00,0.0,0.0,0.0,0.0,1,0.0,0.0
2025-01-11 23:00:00,0.0,0.0,0.0,0.0,1,0.0,0.0
2025-01-12 00:00:00,0.0,0.0,0.0,0.0,1,0.0,0.0
2025-01-12 01:00:00,0.0,0.0,0.0,0.0,1,0.0,0.0
2025-01-12 02:00:00,0.0,0.0,0.0,0.0,1,0.0,0.0
2025-01-12 03:00:00,0.0,0.0,0.0,0.0,1,0.0,0.0
2025-01-12 04:00:00,0.0,0.0,0.0,0.0,1,0.0,0.0
2025-01-12 05:00:00,0.0,0.0,0.0,0.0,1,0.0,0.0
2025-01-12 06:00:00,0.0,0.0,0.0,0.0,1,0.0,0.0
2025-01-12 07:00:00,0.0,0.0,0.0,0.0,1,0.0,0.0
2025-01-12 08:00:00,0.0,0.0,5.750000000000001,5.750000000000001,1,-5.750000000000001,-100.0
2025-01-12 09:00:00,37.48644891080559,24.983505407035388,37.16891891891892,37.25000000000001,1,0.31752999188667275,0.8542890165284052
2025-01-12 10:00:00,98.47480843922132,76.00720137987642,76.03378378378378,75.75,1,22.441024655437545,29.514544112723335
2025-01-12 11:00:00,178.725180269575,144.0310715108609,106.7135135135135,104.50000000000001,1,72.01166675606149,67.48130052614414
2025-01-12 12:00:00,193.45220409730706,159.20031895250398,66.2864864864865,67.0,1,127.16571761082056,191.8425977167235
2025-01-12 13:00:00,163.76679596853015,135.63700455563225,41.99999999999999,41.99999999999999,1,121.76679596853015,289.9209427822147
2025-01-12 14:00:00,138.0956840349206,113.06983484620751,68.74864864864865,64.5,1,69.34703538627194,100.87039781782686
2025-01-12 15:00:00,66.6915937024794,52.5391584636269,44.32297297297297,38.50000000000001,1,22.368620729506425,50.46732930831658
2025-01-12 16:00:00,1.9423913238043913,1.170206366508909,1.0,1.0,1,0.9423913238043913,0.0
2025-01-12 17:00:00,0.0,0.0,0.0,0.0,1,0.0,0.0
2025-01-12 18:00:00,0.0,0.0,0.0,0.0,1,0.0,0.0
2025-01-12 19:00:00,0.0,0.0,0.0,0.0,1,0.0,0.0
2025-01-12 20:00:00,0.0,0.0,0.0,0.0,1,0.0,0.0
2025-01-12 21:00:00,0.0,0.0,0.0,0.0,1,0.0,0.0
2025-01-12 22:00:00,0.0,0.0,0.0,0.0,1,0.0,0.0
2025-01-12 23:00:00,0.0,0.0,0.0,0.0,1,0.0,0.0
2025-01-13 00:00:00,0.0,0.0,0.0,0.0,1,0.0,0.0
2025-01-13 01:00:00,0.0,0.0,0.0,0.0,1,0.0,0.0
2025-01-13 02:00:00,0.0,0.0,0.0,0.0,1,0.0,0.0
2025-01-13 03:00:00,0.0,0.0,0.0,0.0,1,0.0,0.0
2025-01-13 04:00:00,0.0,0.0,0.0,0.0,1,0.0,0.0
2025-01-13 05:00:00,0.0,0.0,0.0,0.0,1,0.0,0.0
2025-01-13 06:00:00,0.0,0.0,0.0,0.0,1,0.0,0.0
2025-01-13 07:00:00,0.0,0.0,0.0,0.0,1,0.0,0.0
2025-01-13 08:00:00,0.0,0.0,6.0,6.0,1,-6.0,-100.0
2025-01-13 09:00:00,29.634860598612853,19.392140023898175,31.68378378378378,32.0,1,-2.0489231851709278,-6.466788181465864
2025-01-13 10:00:00,91.06181720028707,70.56736570041306,51.362162162162164,51.75000000000001,1,39.6996550381249,77.29358221482958
2025-01-13 11:00:00,143.0361257278794,115.8841380361179,60.55135135135136,61.25,1,82.48477437652805,136.2228464529342
2025-01-13 12:00:00,164.39973088352738,135.82064726774126,72.03648648648648,72.75000000000001,1,92.3632443970409,128.21730889716224
2025-01-13 13:00:00,119.65198826260809,99.61315372961036,85.22297297297298,84.75,1,34.4290152896351,40.39874940827713
2025-01-13 14:00:00,111.86002568563796,92.07097407825546,36.93378378378379,37.25,1,74.92624190185418,202.8664117938315
2025-01-13 15:00:00,61.92111327372517,49.05138008766626,11.437837837837838,11.75,1,50.48327543588733,441.37079185440246
2025-01-13 16:00:00,1.8933875498176471,1.178180785224016,0.25,0.25,1,1.6433875498176471,0.0
2025-01-13 17:00:00,0.0,0.0,0.0,0.0,1,0.0,0.0
2025-01-13 18:00:00,0.0,0.0,0.0,0.0,1,0.0,0.0
2025-01-13 19:00:00,0.0,0.0,0.0,0.0,1,0.0,0.0
2025-01-13 20:00:00,0.0,0.0,0.0,0.0,1,0.0,0.0
2025-01-13 21:00:00,0.0,0.0,0.0,0.0,1,0.0,0.0
2025-01-13 22:00:00,0.0,0.0,0.0,0.0,1,0.0,0.0
2025-01-13 23:00:00,0.0,0.0,0.0,0.0,1,0.0,0.0
2025-01-14 00:00:00,0.0,0.0,0.0,0.0,1,0.0,0.0
2025-01-14 01:00:00,0.0,0.0,0.0,0.0,1,0.0,0.0
2025-01-14 02:00:00,0.0,0.0,0.0,0.0,1,0.0,0.0
2025-01-14 03:00:00,0.0,0.0,0.0,0.0,1,0.0,0.0
2025-01-14 04:00:00,0.0,0.0,0.0,0.0,1,0.0,0.0
2025-01-14 05:00:00,0.0,0.0,0.0,0.0,1,0.0,0.0
2025-01-14 06:00:00,0.0,0.0,0.0,0.0,1,0.0,0.0
2025-01-14 07:00:00,0.0,0.0,0.0,0.0,1,0.0,0.0
2025-01-14 08:00:00,0.0,0.0,9.750000000000002,9.750000000000002,1,-9.750000000000002,-100.0
2025-01-14 09:00:00,34.9706893236239,22.989016615252876,81.81756756756756,71.75000000000001,1,-46.846878243943664,-57.25772549429071
2025-01-14 10:00:00,105.80038069867392,82.0141895397159,129.6310810810811,119.75000000000003,1,-23.830700382407187,-18.38347731397971
2025-01-14 11:00:00,162.70034361326822,131.8560176092353,170.15135135135137,157.25,1,-7.451007738083149,-4.379047053641853
2025-01-14 12:00:00,182.26280137570197,150.67186286353603,220.40675675675675,198.75,1,-38.14395538105478,-17.306164267527812
2025-01-14 13:00:00,181.8182231392762,150.98851867354574,202.63918918918918,181.5,1,-20.820966049912982,-10.274896052053382
2025-01-14 14:00:00,134.10415071886027,110.41141830318946,112.76621621621621,103.25000000000001,1,21.33793450264406,18.922275854082958
2025-01-14 15:00:00,64.45392087158953,51.24627300303942,24.909459459459462,24.5,1,39.54446141213007,158.75278817868087
2025-01-14 16:00:00,2.792104567273266,1.7807194308295784,0.7500000000000001,0.7500000000000001,1,2.042104567273266,0.0
2025-01-14 17:00:00,0.0,0.0,0.0,0.0,1,0.0,0.0
2025-01-14 18:00:00,0.0,0.0,0.0,0.0,1,0.0,0.0
2025-01-14 19:00:00,0.0,0.0,0.0,0.0,1,0.0,0.0
2025-01-14 20:00:00,0.0,0.0,0.0,0.0,1,0.0,0.0
2025-01-14 21:00:00,0.0,0.0,0.0,0.0,1,0.0,0.0
2025-01-14 22:00:00,0.0,0.0,0.0,0.0,1,0.0,0.0
2025-01-14 23:00:00,0.0,0.0,0.0,0.0,1,0.0,0.0
2025-01-15 00:00:00,0.0,0.0,0.0,0.0,1,0.0,0.0
2025-01-15 01:00:00,0.0,0.0,0.0,0.0,1,0.0,0.0
2025-01-15 02:00:00,0.0,0.0,0.0,0.0,1,0.0,0.0
2025-01-15 03:00:00,0.0,0.0,0.0,0.0,1,0.0,0.0
2025-01-15 04:00:00,0.0,0.0,0.0,0.0,1,0.0,0.0
2025-01-15 05:00:00,0.0,0.0,0.0,0.0,1,0.0,0.0
2025-01-15 06:00:00,0.0,0.0,0.0,0.0,1,0.0,0.0
2025-01-15 07:00:00,0.0,0.0,0.0,0.0,1,0.0,0.0
2025-01-15 08:00:00,0.0,0.0,5.750000000000001,5.750000000000001,1,-5.750000000000001,-100.0
2025-01-15 09:00:00,25.67517980029924,17.14807854596003,74.32297297297298,67.5,1,-48.64779317267374,-65.45458453386163
2025-01-15 10:00:00,93.10407722549013,72.53306472507089,145.7445945945946,132.0,1,-52.64051736910446,-36.118332563571315
2025-01-15 11:00:00,155.47157745624241,126.34719626185668,225.36621621621623,200.5,1,-69.89463875997382,-31.013804967518706
2025-01-15 12:00:00,127.8249835085296,106.26020376244425,260.9756756756757,230.00000000000003,1,-133.15069216714608,-51.02034579368902
2025-01-15 13:00:00,159.64726644488135,133.0507658063204,225.3121621621622,199.24999999999997,1,-65.66489571728084,-29.143964128319162
2025-01-15 14:00:00,134.43243643433266,110.96501447914932,154.0891891891892,135.5,1,-19.65675275485654,-12.756737093815303
2025-01-15 15:00:00,53.275963454592,42.64591344868335,56.870270270270275,49.5,1,-3.594306815678273,-6.3201859224454
2025-01-15 16:00:00,2.8507419006281935,1.8648334256188586,1.7500000000000002,1.7500000000000002,1,1.1007419006281933,62.899537178753896
2025-01-15 17:00:00,0.0,0.0,0.0,0.0,1,0.0,0.0
2025-01-15 18:00:00,0.0,0.0,0.0,0.0,1,0.0,0.0
2025-01-15 19:00:00,0.0,0.0,0.0,0.0,1,0.0,0.0
2025-01-15 20:00:00,0.0,0.0,0.0,0.0,1,0.0,0.0
2025-01-15 21:00:00,0.0,0.0,0.0,0.0,1,0.0,0.0
2025-01-15 22:00:00,0.0,0.0,0.0,0.0,1,0.0,0.0
2025-01-15 23:00:00,0.0,0.0,0.0,0.0,1,0.0,0.0
2025-01-16 00:00:00,0.0,0.0,0.0,0.0,1,0.0,0.0
2025-01-16 01:00:00,0.0,0.0,0.0,0.0,1,0.0,0.0
2025-01-16 02:00:00,0.0,0.0,0.0,0.0,1,0.0,0.0
2025-01-16 03:00:00,0.0,0.0,0.0,0.0,1,0.0,0.0
2025-01-16 04:00:00,0.0,0.0,0.0,0.0,1,0.0,0.0
2025-01-16 05:00:00,0.0,0.0,0.0,0.0,1,0.0,0.0
2025-01-16 06:00:00,0.0,0.0,0.0,0.0,1,0.0,0.0
2025-01-16 07:00:00,0.0,0.0,0.0,0.0,1,0.0,0.0
2025-01-16 08:00:00,0.0,0.0,10.25,10.000000000000002,1,-10.25,-100.0
2025-01-16 09:00:00,14.270846046745504,9.704101778575536,125.06486486486484,100.25,1,-110.79401881811934,-88.58924441955345
2025-01-16 10:00:00,43.439637508714405,34.214838024719405,215.9081081081081,181.75,1,-172.4684705993937,-79.88049736095894
2025-01-16 11:00:00,74.90877252685863,61.42672945496183,269.2256756756757,231.49999999999997,1,-194.31690314881706,-72.17621523695314
2025-01-16 12:00:00,85.06234761634693,71.04063566190895,278.6716216216216,242.25,1,-193.6092740052747,-69.47577685831104
2025-01-16 13:00:00,88.51060279740933,74.26529297970963,243.82432432432432,212.00000000000003,1,-155.313721526915,-63.699026730542094
2025-01-16 14:00:00,60.93516976368972,50.772817986516294,167.75945945945946,145.25,1,-106.82428969576975,-63.67705883171659
2025-01-16 15:00:00,29.34767368478428,23.710632712368056,64.41216216216216,54.75,1,-35.06448847737788,-54.43768273001076
2025-01-16 16:00:00,1.9487632876768415,1.3105221432704868,1.0,1.0,1,0.9487632876768415,0.0
2025-01-16 17:00:00,0.0,0.0,0.0,0.0,1,0.0,0.0
2025-01-16 18:00:00,0.0,0.0,0.0,0.0,1,0.0,0.0
2025-01-16 19:00:00,0.0,0.0,0.0,0.0,1,0.0,0.0
2025-01-16 20:00:00,0.0,0.0,0.0,0.0,1,0.0,0.0
2025-01-16 21:00:00,0.0,0.0,0.0,0.0,1,0.0,0.0
2025-01-16 22:00:00,0.0,0.0,0.0,0.0,1,0.0,0.0
2025-01-16 23:00:00,0.0,0.0,0.0,0.0,1,0.0,0.0
2025-01-17 00:00:00,0.0,0.0,0.0,0.0,1,0.0,0.0
2025-01-17 01:00:00,0.0,0.0,0.0,0.0,1,0.0,0.0
2025-01-17 02:00:00,0.0,0.0,0.0,0.0,1,0.0,0.0
2025-01-17 03:00:00,0.0,0.0,0.0,0.0,1,0.0,0.0
2025-01-17 04:00:00,0.0,0.0,0.0,0.0,1,0.0,0.0
2025-01-17 05:00:00,0.0,0.0,0.0,0.0,1,0.0,0.0
2025-01-17 06:00:00,0.0,0.0,0.0,0.0,1,0.0,0.0
2025-01-17 07:00:00,0.0,0.0,0.0,0.0,1,0.0,0.0
2025-01-17 08:00:00,0.0,0.0,2.0,2.0,1,-2.0,-100.0
2025-01-17 09:00:00,23.146777411860356,15.810420072913272,20.000000000000004,20.000000000000004,1,3.146777411860352,15.733887059301757
2025-01-17 10:00:00,65.01816409822877,51.186735951391285,25.754054054054055,26.250000000000004,1,39.264110044174714,152.45797792365036
2025-01-17 11:00:00,83.4232426446002,68.49669273354675,32.060810810810814,32.75,1,51.36243183378938,160.20315935512807
2025-01-17 12:00:00,114.66672889083947,95.74528197069615,67.79594594594596,68.5,1,46.870782944893506,69.1350821806717
2025-01-17 13:00:00,120.73586387501975,101.27024863278827,48.06081081081081,48.75,1,72.67505306420894,151.21478776188562
2025-01-17 14:00:00,87.72937466938671,73.0863619465771,13.750000000000002,13.750000000000002,1,73.97937466938671,538.0318157773578
2025-01-17 15:00:00,50.574810516809805,40.84373797454876,6.810810810810811,7.0,1,43.76399970599899,642.5666623499851
2025-01-17 16:00:00,3.223066484424071,2.214388515820138,0.0,0.0,1,3.223066484424071,0.0
2025-01-17 17:00:00,0.0,0.0,0.0,0.0,1,0.0,0.0
2025-01-17 18:00:00,0.0,0.0,0.0,0.0,1,0.0,0.0
2025-01-17 19:00:00,0.0,0.0,0.0,0.0,1,0.0,0.0
2025-01-17 20:00:00,0.0,0.0,0.0,0.0,1,0.0,0.0
2025-01-17 21:00:00,0.0,0.0,0.0,0.0,1,0.0,0.0
2025-01-17 22:00:00,0.0,0.0,0.0,0.0,1,0.0,0.0
2025-01-17 23:00:00,0.0,0.0,0.0,0.0,1,0.0,0.0
2025-01-18 00:00:00,0.0,0.0,0.0,0.0,1,0.0,0.0
2025-01-18 01:00:00,0.0,0.0,0.0,0.0,1,0.0,0.0
2025-01-18 02:00:00,0.0,0.0,0.0,0.0,1,0.0,0.0
2025-01-18 03:00:00,0.0,0.0,0.0,0.0,1,0.0,0.0
2025-01-18 04:00:00,0.0,0.0,0.0,0.0,1,0.0,0.0
2025-01-18 05:00:00,0.0,0.0,0.0,0.0,1,0.0,0.0
2025-01-18 06:00:00,0.0,0.0,0.0,0.0,1,0.0,0.0
2025-01-18 07:00:00,0.0,0.0,0.0,0.0,1,0.0,0.0
2025-01-18 08:00:00,0.0,0.0,6.500000000000001,6.750000000000001,1,-6.500000000000001,-100.0
2025-01-18 09:00:00,16.25675612546524,11.274035629415417,26.627027027027026,26.750000000000004,1,-10.370270901561785,-38.9464091918175
2025-01-18 10:00:00,60.8881240088025,48.111617431854576,42.127027027027026,42.75,1,18.761096981775474,44.53458576542584
2025-01-18 11:00:00,79.90747713724025,65.76336012272576,53.50000000000001,54.00000000000001,1,26.407477137240242,49.35977034998176
2025-01-18 12:00:00,105.0842173108106,87.95435904075744,57.87702702702703,58.5,1,47.20719028378357,81.56464267202091
2025-01-18 13:00:00,92.97684480367938,78.27322789450369,67.0364864864865,67.5,1,25.94035831719289,38.69587992566117
2025-01-18 14:00:00,73.25391087398319,61.24920317640123,61.02162162162163,61.25000000000001,1,12.23228925236156,20.04582790049507
2025-01-18 15:00:00,39.629956545427966,32.20244417487926,26.11756756756757,26.250000000000004,1,13.512388977860397,51.73678193002894
2025-01-18 16:00:00,3.161415540684682,2.2216208994261515,0.7500000000000001,0.7500000000000001,1,2.411415540684682,0.0
2025-01-18 17:00:00,0.0,0.0,0.0,0.0,1,0.0,0.0
2025-01-18 18:00:00,0.0,0.0,0.0,0.0,1,0.0,0.0
2025-01-18 19:00:00,0.0,0.0,0.0,0.0,1,0.0,0.0
2025-01-18 20:00:00,0.0,0.0,0.0,0.0,1,0.0,0.0
2025-01-18 21:00:00,0.0,0.0,0.0,0.0,1,0.0,0.0
2025-01-18 22:00:00,0.0,0.0,0.0,0.0,1,0.0,0.0
2025-01-18 23:00:00,0.0,0.0,0.0,0.0,1,0.0,0.0
2025-01-19 00:00:00,0.0,0.0,0.0,0.0,1,0.0,0.0
2025-01-19 01:00:00,0.0,0.0,0.0,0.0,1,0.0,0.0
2025-01-19 02:00:00,0.0,0.0,0.0,0.0,1,0.0,0.0
2025-01-19 03:00:00,0.0,0.0,0.0,0.0,1,0.0,0.0
2025-01-19 04:00:00,0.0,0.0,0.0,0.0,1,0.0,0.0
2025-01-19 05:00:00,0.0,0.0,0.0,0.0,1,0.0,0.0
2025-01-19 06:00:00,0.0,0.0,0.0,0.0,1,0.0,0.0
2025-01-19 07:00:00,0.0,0.0,0.0,0.0,1,0.0,0.0
2025-01-19 08:00:00,0.0,0.0,6.750000000000001,6.750000000000001,1,-6.750000000000001,-100.0
2025-01-19 09:00:00,13.345383642863515,9.36949022615697,18.25,18.5,1,-4.904616357136485,-26.874610176090325
2025-01-19 10:00:00,43.25898463225048,34.376832710935766,26.000000000000004,26.500000000000004,1,17.258984632250478,66.38071012404029
2025-01-19 11:00:00,58.280389457852706,48.14806441895602,28.75,29.25,1,29.530389457852706,102.71439811427028
2025-01-19 12:00:00,62.39489405201545,52.458312842934156,28.060810810810814,28.500000000000004,1,34.33408324120464,122.35599132430256
2025-01-19 13:00:00,64.17799854418413,54.227774828955454,25.500000000000004,26.000000000000004,1,38.677998544184135,151.67842566346715
2025-01-19 14:00:00,52.218578843438806,43.841774437248,25.25,25.25,1,26.968578843438806,106.80625284530221
2025-01-19 15:00:00,28.535678872698817,23.325163697047547,23.371621621621625,23.75,1,5.1640572510771925,22.09541697483158
2025-01-19 16:00:00,2.1924767978800457,1.575216727942371,0.8770270270270272,1.0,1,1.3154497708530184,0.0
2025-01-19 17:00:00,0.0,0.0,0.0,0.0,1,0.0,0.0
2025-01-19 18:00:00,0.0,0.0,0.0,0.0,1,0.0,0.0
2025-01-19 19:00:00,0.0,0.0,0.0,0.0,1,0.0,0.0
2025-01-19 20:00:00,0.0,0.0,0.0,0.0,1,0.0,0.0
2025-01-19 21:00:00,0.0,0.0,0.0,0.0,1,0.0,0.0
2025-01-19 22:00:00,0.0,0.0,0.0,0.0,1,0.0,0.0
2025-01-19 23:00:00,0.0,0.0,0.0,0.0,1,0.0,0.0
2025-01-20 00:00:00,0.0,0.0,0.0,0.0,1,0.0,0.0
2025-01-20 01:00:00,0.0,0.0,0.0,0.0,1,0.0,0.0
2025-01-20 02:00:00,0.0,0.0,0.0,0.0,1,0.0,0.0
2025-01-20 03:00:00,0.0,0.0,0.0,0.0,1,0.0,0.0
2025-01-20 04:00:00,0.0,0.0,0.0,0.0,1,0.0,0.0
2025-01-20 05:00:00,0.0,0.0,0.0,0.0,1,0.0,0.0
2025-01-20 06:00:00,0.0,0.0,0.0,0.0,1,0.0,0.0
2025-01-20 07:00:00,0.0,0.0,0.0,0.0,1,0.0,0.0
2025-01-20 08:00:00,0.0,0.0,14.291891891891893,14.0,1,-14.291891891891893,-100.0
2025-01-20 09:00:00,28.61337807965329,20.12006780095106,74.13648648648649,68.24999999999999,1,-45.5231084068332,-61.40445894361489
2025-01-20 10:00:00,78.20180495376461,62.0149306960574,76.68108108108109,76.75,1,1.5207238726835186,1.9831800116061675
2025-01-20 11:00:00,118.48958545599302,97.62197193885396,74.0972972972973,74.25,1,44.39228815869572,59.91080616690041
2025-01-20 12:00:00,136.2791471886725,114.25559162739707,65.05540540540541,65.75,1,71.2237417832671,109.48166618810919
2025-01-20 13:00:00,116.44192860777154,98.2453049661896,51.25000000000001,52.00000000000001,1,65.19192860777153,127.20376313711516
2025-01-20 14:00:00,94.57989234168862,79.30360545141563,41.75,41.75,1,52.82989234168862,126.53866429146974
2025-01-20 15:00:00,55.630831477012215,45.42261016430066,13.810810810810812,14.0,1,41.8200206662014,302.8064118687772
2025-01-20 16:00:00,5.332016686536818,3.886220153477733,0.25,0.25,1,5.082016686536818,0.0
2025-01-20 17:00:00,0.0,0.0,0.0,0.0,1,0.0,0.0
2025-01-20 18:00:00,0.0,0.0,0.0,0.0,1,0.0,0.0
2025-01-20 19:00:00,0.0,0.0,0.0,0.0,1,0.0,0.0
2025-01-20 20:00:00,0.0,0.0,0.0,0.0,1,0.0,0.0
2025-01-20 21:00:00,0.0,0.0,0.0,0.0,1,0.0,0.0
2025-01-20 22:00:00,0.0,0.0,0.0,0.0,1,0.0,0.0
2025-01-20 23:00:00,0.0,0.0,0.0,0.0,1,0.0,0.0
2025-01-21 00:00:00,0.0,0.0,0.0,0.0,1,0.0,0.0
2025-01-21 01:00:00,0.0,0.0,0.0,0.0,1,0.0,0.0
2025-01-21 02:00:00,0.0,0.0,0.0,0.0,1,0.0,0.0
2025-01-21 03:00:00,0.0,0.0,0.0,0.0,1,0.0,0.0
2025-01-21 04:00:00,0.0,0.0,0.0,0.0,1,0.0,0.0
2025-01-21 05:00:00,0.0,0.0,0.0,0.0,1,0.0,0.0
2025-01-21 06:00:00,0.0,0.0,0.0,0.0,1,0.0,0.0
2025-01-21 07:00:00,0.0,0.0,0.0,0.0,1,0.0,0.0
2025-01-21 08:00:00,0.0,0.0,14.235135135135135,14.0,1,-14.235135135135135,-100.0
2025-01-21 09:00:00,18.907542545132426,13.510194401577014,52.440540540540546,52.25000000000001,1,-33.532997995408124,-63.94479852755246
2025-01-21 10:00:00,42.45219414620486,33.94251083492764,83.16081081081082,83.25,1,-40.708616664605955,-48.95168321196056
2025-01-21 11:00:00,78.40014404099465,64.93391789652784,112.2864864864865,111.50000000000001,1,-33.88634244549185,-30.17846893764016
2025-01-21 12:00:00,62.468244595460135,52.70447685725639,149.3337837837838,145.0,1,-86.86553918832365,-58.16871238868081
2025-01-21 13:00:00,67.53320283114961,57.25745918932657,146.61891891891892,140.25,1,-79.08571608776931,-53.93963935275239
2025-01-21 14:00:00,61.361725813408675,51.710810746532964,105.62432432432432,101.0,1,-44.262598510915645,-41.90568677628205
2025-01-21 15:00:00,31.596332600836618,26.002396974450665,45.4391891891892,44.00000000000001,1,-13.842856588352582,-30.464576581058463
2025-01-21 16:00:00,4.287314604645277,3.1858790616137953,3.0,3.0,1,1.2873146046452772,42.91048682150924
2025-01-21 17:00:00,0.0,0.0,0.0,0.0,1,0.0,0.0
2025-01-21 18:00:00,0.0,0.0,0.0,0.0,1,0.0,0.0
2025-01-21 19:00:00,0.0,0.0,0.0,0.0,1,0.0,0.0
2025-01-21 20:00:00,0.0,0.0,0.0,0.0,1,0.0,0.0
2025-01-21 21:00:00,0.0,0.0,0.0,0.0,1,0.0,0.0
2025-01-21 22:00:00,0.0,0.0,0.0,0.0,1,0.0,0.0
2025-01-21 23:00:00,0.0,0.0,0.0,0.0,1,0.0,0.0
2025-01-22 00:00:00,0.0,0.0,0.0,0.0,1,0.0,0.0
2025-01-22 01:00:00,0.0,0.0,0.0,0.0,1,0.0,0.0
2025-01-22 02:00:00,0.0,0.0,0.0,0.0,1,0.0,0.0
2025-01-22 03:00:00,0.0,0.0,0.0,0.0,1,0.0,0.0
2025-01-22 04:00:00,0.0,0.0,0.0,0.0,1,0.0,0.0
2025-01-22 05:00:00,0.0,0.0,0.0,0.0,1,0.0,0.0
2025-01-22 06:00:00,0.0,0.0,0.0,0.0,1,0.0,0.0
2025-01-22 07:00:00,0.0,0.0,0.0,0.0,1,0.0,0.0
2025-01-22 08:00:00,0.0,0.0,15.16891891891892,15.25,1,-15.16891891891892,-100.0
2025-01-22 09:00:00,47.739237825736616,33.968789065060854,52.99324324324324,52.50000000000001,1,-5.254005417506626,-9.914481726265214
2025-01-22 10:00:00,115.6374336827332,91.81245333750246,126.35000000000002,119.75,1,-10.71256631726682,-8.47848541137065
2025-01-22 11:00:00,174.18224525236454,143.52834352505593,59.9972972972973,59.75000000000001,1,114.18494795506723,190.31681942148236
2025-01-22 12:00:00,210.4942327644758,176.36899044040575,62.367567567567576,62.75,1,148.12666519690822,237.50592010251358
2025-01-22 13:00:00,192.11103781754082,161.9775008603515,42.310810810810814,42.75,1,149.80022700673,354.0471669913133
2025-01-22 14:00:00,141.404992914556,118.68412856775181,111.83243243243243,105.75000000000001,1,29.572560482123578,26.443635212880572
2025-01-22 15:00:00,70.13420839574427,57.566818972971454,61.079729729729735,56.74999999999999,1,9.054478666014532,14.824031976040958
2025-01-22 16:00:00,11.366709404868699,8.52640377486099,3.0,3.0,1,8.366709404868699,278.8903134956233
2025-01-22 17:00:00,0.0,0.0,0.0,0.0,1,0.0,0.0
2025-01-22 18:00:00,0.0,0.0,0.0,0.0,1,0.0,0.0
2025-01-22 19:00:00,0.0,0.0,0.0,0.0,1,0.0,0.0
2025-01-22 20:00:00,0.0,0.0,0.0,0.0,1,0.0,0.0
2025-01-22 21:00:00,0.0,0.0,0.0,0.0,1,0.0,0.0
2025-01-22 22:00:00,0.0,0.0,0.0,0.0,1,0.0,0.0
2025-01-22 23:00:00,0.0,0.0,0.0,0.0,1,0.0,0.0
2025-01-23 00:00:00,0.0,0.0,0.0,0.0,1,0.0,0.0
2025-01-23 01:00:00,0.0,0.0,0.0,0.0,1,0.0,0.0
2025-01-23 02:00:00,0.0,0.0,0.0,0.0,1,0.0,0.0
2025-01-23 03:00:00,0.0,0.0,0.0,0.0,1,0.0,0.0
2025-01-23 04:00:00,0.0,0.0,0.0,0.0,1,0.0,0.0
2025-01-23 05:00:00,0.0,0.0,0.0,0.0,1,0.0,0.0
2025-01-23 06:00:00,0.0,0.0,0.0,0.0,1,0.0,0.0
2025-01-23 07:00:00,0.0,0.0,0.0,0.0,1,0.0,0.0
2025-01-23 08:00:00,0.0,0.0,17.07837837837838,16.25,1,-17.07837837837838,-100.0
2025-01-23 09:00:00,46.19480194582205,33.261201529841465,46.83783783783783,46.75,1,-0.6430358920157815,-1.372898326865777
2025-01-23 10:00:00,126.60539910949925,100.70747258911818,63.41891891891893,63.75,1,63.18648019058031,99.63348676971962
2025-01-23 11:00:00,216.5766542532489,178.31875733051552,83.08243243243244,83.5,1,133.49422182081645,160.67683373302998
2025-01-23 12:00:00,210.05133442298927,176.34797180294808,82.17567567567568,82.0,1,127.8756587473136,155.61254312286147
2025-01-23 13:00:00,202.84595667062737,171.26408677756766,100.7581081081081,97.25,1,102.08784856251927,101.31973543308736
2025-01-23 14:00:00,182.0935321531378,152.736710580414,125.57567567567568,118.25000000000001,1,56.51785647746212,45.0070096564169
2025-01-23 15:00:00,79.52505587417949,65.42825581838463,73.60000000000001,66.0,1,5.925055874179478,8.050347655135159
2025-01-23 16:00:00,12.37508840633917,9.430951925384953,6.051351351351352,6.0,1,6.323737054987818,104.5012376215048
2025-01-23 17:00:00,0.0,0.0,0.0,0.0,1,0.0,0.0
2025-01-23 18:00:00,0.0,0.0,0.0,0.0,1,0.0,0.0
2025-01-23 19:00:00,0.0,0.0,0.0,0.0,1,0.0,0.0
2025-01-23 20:00:00,0.0,0.0,0.0,0.0,1,0.0,0.0
2025-01-23 21:00:00,0.0,0.0,0.0,0.0,1,0.0,0.0
2025-01-23 22:00:00,0.0,0.0,0.0,0.0,1,0.0,0.0
2025-01-23 23:00:00,0.0,0.0,0.0,0.0,1,0.0,0.0
2025-01-24 00:00:00,0.0,0.0,0.0,0.0,1,0.0,0.0
2025-01-24 01:00:00,0.0,0.0,0.0,0.0,1,0.0,0.0
2025-01-24 02:00:00,0.0,0.0,0.0,0.0,1,0.0,0.0
2025-01-24 03:00:00,0.0,0.0,0.0,0.0,1,0.0,0.0
2025-01-24 04:00:00,0.0,0.0,0.0,0.0,1,0.0,0.0
2025-01-24 05:00:00,0.0,0.0,0.0,0.0,1,0.0,0.0
2025-01-24 06:00:00,0.0,0.0,0.0,0.0,1,0.0,0.0
2025-01-24 07:00:00,0.0,0.0,0.0,0.0,1,0.0,0.0
2025-01-24 08:00:00,0.0,0.0,20.993243243243242,19.75,1,-20.993243243243242,-100.0
2025-01-24 09:00:00,42.32875198856396,30.865643242567497,95.17702702702704,86.5,1,-52.84827503846308,-55.52629314998037
2025-01-24 10:00:00,106.7556014372129,85.41614903776647,166.10675675675677,152.25,1,-59.351155319543864,-35.73072912768771
2025-01-24 11:00:00,154.2125162282134,127.83491625579055,186.93783783783786,173.25000000000003,1,-32.72532160962447,-17.505991290009764
2025-01-24 12:00:00,188.42775268543886,158.69597368538993,243.02432432432434,221.75,1,-54.59657163888548,-22.465476157861662
2025-01-24 13:00:00,163.35600378628013,138.50404878329851,215.29999999999998,196.75,1,-51.943996213719856,-24.126333587422135
2025-01-24 14:00:00,135.70696838240158,114.49873232929363,202.16486486486488,177.25000000000003,1,-66.4578964824633,-32.873118940270075
2025-01-24 15:00:00,83.51864082350559,68.93187105592772,89.44729729729731,78.5,1,-5.928656473791719,-6.6281001806980875
2025-01-24 16:00:00,12.237035330438134,9.450104486807557,6.782432432432432,6.25,1,5.454602898005702,80.42251732465073
2025-01-24 17:00:00,0.0,0.0,0.0,0.0,1,0.0,0.0
2025-01-24 18:00:00,0.0,0.0,0.0,0.0,1,0.0,0.0
2025-01-24 19:00:00,0.0,0.0,0.0,0.0,1,0.0,0.0
2025-01-24 20:00:00,0.0,0.0,0.0,0.0,1,0.0,0.0
2025-01-24 21:00:00,0.0,0.0,0.0,0.0,1,0.0,0.0
2025-01-24 22:00:00,0.0,0.0,0.0,0.0,1,0.0,0.0
2025-01-24 23:00:00,0.0,0.0,0.0,0.0,1,0.0,0.0
2025-01-25 00:00:00,0.0,0.0,0.0,0.0,1,0.0,0.0
2025-01-25 01:00:00,0.0,0.0,0.0,0.0,1,0.0,0.0
2025-01-25 02:00:00,0.0,0.0,0.0,0.0,1,0.0,0.0
2025-01-25 03:00:00,0.0,0.0,0.0,0.0,1,0.0,0.0
2025-01-25 04:00:00,0.0,0.0,0.0,0.0,1,0.0,0.0
2025-01-25 05:00:00,0.0,0.0,0.0,0.0,1,0.0,0.0
2025-01-25 06:00:00,0.0,0.0,0.0,0.0,1,0.0,0.0
2025-01-25 07:00:00,0.0,0.0,0.0,0.0,1,0.0,0.0
2025-01-25 08:00:00,0.0,0.0,31.521621621621623,25.500000000000004,1,-31.521621621621623,-100.0
2025-01-25 09:00:00,47.9989134716269,35.29326886453536,168.08378378378382,136.5,1,-120.08487031215691,-71.44345968950178
2025-01-25 10:00:00,117.86065202160498,94.47768849519397,266.3418918918919,226.25,1,-148.48123987028694,-55.74836118178338
2025-01-25 11:00:00,174.61843684052332,144.87007308136117,324.3621621621622,281.0,1,-149.74372532163886,-46.16559598797338
2025-01-25 12:00:00,194.33209200828583,163.93390807974654,337.68513513513517,295.5,1,-143.35304312684934,-42.451688928943284
2025-01-25 13:00:00,195.97791153190246,166.19007824958578,302.9851351351351,265.75000000000006,1,-107.00722360323266,-35.31764802768496
2025-01-25 14:00:00,148.7023028985906,125.6435081239324,223.47702702702705,195.0,1,-74.77472412843645,-33.459691639531826
2025-01-25 15:00:00,85.88094779503398,71.11961785961851,109.77972972972972,93.5,1,-23.898781934695748,-21.76975840032849
2025-01-25 16:00:00,16.391470470349084,12.730598657243545,9.294594594594594,8.0,1,7.09687587575449,76.35487275455543
2025-01-25 17:00:00,0.0,0.0,0.0,0.0,1,0.0,0.0
2025-01-25 18:00:00,0.0,0.0,0.0,0.0,1,0.0,0.0
2025-01-25 19:00:00,0.0,0.0,0.0,0.0,1,0.0,0.0
2025-01-25 20:00:00,0.0,0.0,0.0,0.0,1,0.0,0.0
2025-01-25 21:00:00,0.0,0.0,0.0,0.0,1,0.0,0.0
2025-01-25 22:00:00,0.0,0.0,0.0,0.0,1,0.0,0.0
2025-01-25 23:00:00,0.0,0.0,0.0,0.0,1,0.0,0.0
2025-01-26 00:00:00,0.0,0.0,0.0,0.0,1,0.0,0.0
2025-01-26 01:00:00,0.0,0.0,0.0,0.0,1,0.0,0.0
2025-01-26 02:00:00,0.0,0.0,0.0,0.0,1,0.0,0.0
2025-01-26 03:00:00,0.0,0.0,0.0,0.0,1,0.0,0.0
2025-01-26 04:00:00,0.0,0.0,0.0,0.0,1,0.0,0.0
2025-01-26 05:00:00,0.0,0.0,0.0,0.0,1,0.0,0.0
2025-01-26 06:00:00,0.0,0.0,0.0,0.0,1,0.0,0.0
2025-01-26 07:00:00,0.0,0.0,0.0,0.0,1,0.0,0.0
2025-01-26 08:00:00,0.0,0.0,17.30135135135135,17.5,1,-17.30135135135135,-100.0
2025-01-26 09:00:00,52.620775667041904,39.037375019299986,86.72702702702703,81.25,1,-34.10625135998513,-39.325977759339644
2025-01-26 10:00:00,147.073129397143,117.86985528628755,117.75405405405405,112.25,1,29.31907534308894,24.89856980179235
2025-01-26 11:00:00,196.604958067265,163.24022543611582,75.29054054054055,76.0,1,121.31441752672444,161.1283657359348
2025-01-26 12:00:00,210.6193867276495,177.86581624081293,66.42837837837838,67.5,1,144.1910083492711,217.0623638107708
2025-01-26 13:00:00,175.4164695657425,149.2116660265193,61.18378378378379,62.25,1,114.23268578195871,186.7041864975913
2025-01-26 14:00:00,141.09340458122674,119.55909612458004,37.27162162162162,37.00000000000001,1,103.82178295960512,278.55450995289436
2025-01-26 15:00:00,108.61384308227221,90.00299533279315,29.291891891891893,29.25,1,79.32195119038032,270.7983201738394
2025-01-26 16:00:00,19.718715181214055,15.41078577722573,3.6270270270270273,3.750000000000001,1,16.09168815418703,443.66055268622955
2025-01-26 17:00:00,0.0,0.0,0.0,0.0,1,0.0,0.0
2025-01-26 18:00:00,0.0,0.0,0.0,0.0,1,0.0,0.0
2025-01-26 19:00:00,0.0,0.0,0.0,0.0,1,0.0,0.0
2025-01-26 20:00:00,0.0,0.0,0.0,0.0,1,0.0,0.0
2025-01-26 21:00:00,0.0,0.0,0.0,0.0,1,0.0,0.0
2025-01-26 22:00:00,0.0,0.0,0.0,0.0,1,0.0,0.0
2025-01-26 23:00:00,0.0,0.0,0.0,0.0,1,0.0,0.0
2025-01-27 00:00:00,0.0,0.0,0.0,0.0,1,0.0,0.0
2025-01-27 01:00:00,0.0,0.0,0.0,0.0,1,0.0,0.0
2025-01-27 02:00:00,0.0,0.0,0.0,0.0,1,0.0,0.0
2025-01-27 03:00:00,0.0,0.0,0.0,0.0,1,0.0,0.0
2025-01-27 04:00:00,0.0,0.0,0.0,0.0,1,0.0,0.0
2025-01-27 05:00:00,0.0,0.0,0.0,0.0,1,0.0,0.0
2025-01-27 06:00:00,0.0,0.0,0.0,0.0,1,0.0,0.0
2025-01-27 07:00:00,0.0,0.0,0.0,0.0,1,0.0,0.0
2025-01-27 08:00:00,0.07323320114676252,0.01319882299137969,35.61756756756757,29.750000000000004,1,-35.544334366420806,-99.79439022328563
2025-01-27 09:00:00,41.04957203264121,30.81281595739563,146.6540540540541,125.25,1,-105.60448202141288,-72.00924836519619
2025-01-27 10:00:00,106.03979041022856,85.67486725261108,214.48783783783784,191.0,1,-108.44804742760928,-50.561397103364314
2025-01-27 11:00:00,172.944577852093,144.15285299575405,260.2972972972973,236.50000000000003,1,-87.35271944520429,-33.55882690761664
2025-01-27 12:00:00,171.12468227112342,145.0946125273686,246.33243243243243,225.75,1,-75.20775016130901,-30.530998057650432
2025-01-27 13:00:00,164.84626273390478,140.57038902143648,193.87567567567567,182.75000000000003,1,-29.029412941770886,-14.973210455927772
2025-01-27 14:00:00,122.94537443169739,104.54963755610504,144.00270270270272,135.5,1,-21.057328271005332,-14.622870179373457
2025-01-27 15:00:00,63.199899426349475,52.860374431586415,62.52972972972973,59.75000000000001,1,0.6701696966197446,1.071761703619059
2025-01-27 16:00:00,18.024940103237252,14.213809768329861,10.87027027027027,9.75,1,7.154669832966983,65.81869314265997
2025-01-27 17:00:00,0.0,0.0,0.0,0.0,1,0.0,0.0
2025-01-27 18:00:00,0.0,0.0,0.0,0.0,1,0.0,0.0
2025-01-27 19:00:00,0.0,0.0,0.0,0.0,1,0.0,0.0
2025-01-27 20:00:00,0.0,0.0,0.0,0.0,1,0.0,0.0
2025-01-27 21:00:00,0.0,0.0,0.0,0.0,1,0.0,0.0
2025-01-27 22:00:00,0.0,0.0,0.0,0.0,1,0.0,0.0
2025-01-27 23:00:00,0.0,0.0,0.0,0.0,1,0.0,0.0
2025-01-28 00:00:00,0.0,0.0,0.0,0.0,1,0.0,0.0
2025-01-28 01:00:00,0.0,0.0,0.0,0.0,1,0.0,0.0
2025-01-28 02:00:00,0.0,0.0,0.0,0.0,1,0.0,0.0
2025-01-28 03:00:00,0.0,0.0,0.0,0.0,1,0.0,0.0
2025-01-28 04:00:00,0.0,0.0,0.0,0.0,1,0.0,0.0
2025-01-28 05:00:00,0.0,0.0,0.0,0.0,1,0.0,0.0
2025-01-28 06:00:00,0.0,0.0,0.0,0.0,1,0.0,0.0
2025-01-28 07:00:00,0.0,0.0,0.0,0.0,1,0.0,0.0
2025-01-28 08:00:00,0.2147364733422953,0.07287690885602566,7.500000000000002,8.0,1,-7.285263526657706,-97.13684702210273
2025-01-28 09:00:00,62.04204070774097,46.51566932544423,43.74054054054054,42.00000000000001,1,18.30150016720043,41.841047095057824
2025-01-28 10:00:00,168.0254140389967,135.86614844354563,132.36891891891892,126.25,1,35.65649512007778,26.937211100076112
2025-01-28 11:00:00,264.9875163239776,227.24214206857533,53.612162162162164,53.75000000000001,1,211.37535416181544,394.2675423581363
2025-01-28 12:00:00,236.19709072535034,199.99118324911075,121.65,120.75000000000001,1,114.54709072535033,94.16119254036197
2025-01-28 13:00:00,250.07738596408927,212.7442076922685,81.8891891891892,82.0,1,168.18819677490006,205.38510448104893
2025-01-28 14:00:00,206.8682673074137,175.36288259074774,41.310810810810814,42.0,1,165.5574564966029,400.76060780989906
2025-01-28 15:00:00,127.9519214649753,108.08560421588962,51.30135135135135,49.75,1,76.65057011362396,149.41238017038097
2025-01-28 16:00:00,29.615370608198575,25.45417776296751,6.75,6.75,1,22.865370608198575,338.74623123257146
2025-01-28 17:00:00,0.0,0.0,0.0,0.0,1,0.0,0.0
2025-01-28 18:00:00,0.0,0.0,0.0,0.0,1,0.0,0.0
2025-01-28 19:00:00,0.0,0.0,0.0,0.0,1,0.0,0.0
2025-01-28 20:00:00,0.0,0.0,0.0,0.0,1,0.0,0.0
2025-01-28 21:00:00,0.0,0.0,0.0,0.0,1,0.0,0.0
2025-01-28 22:00:00,0.0,0.0,0.0,0.0,1,0.0,0.0
2025-01-28 23:00:00,0.0,0.0,0.0,0.0,1,0.0,0.0
2025-01-29 00:00:00,0.0,0.0,0.0,0.0,1,0.0,0.0
2025-01-29 01:00:00,0.0,0.0,0.0,0.0,1,0.0,0.0
2025-01-29 02:00:00,0.0,0.0,0.0,0.0,1,0.0,0.0
2025-01-29 03:00:00,0.0,0.0,0.0,0.0,1,0.0,0.0
2025-01-29 04:00:00,0.0,0.0,0.0,0.0,1,0.0,0.0
2025-01-29 05:00:00,0.0,0.0,0.0,0.0,1,0.0,0.0
2025-01-29 06:00:00,0.0,0.0,0.0,0.0,1,0.0,0.0
2025-01-29 07:00:00,0.0,0.0,0.0,0.0,1,0.0,0.0
2025-01-29 08:00:00,0.39788172747096084,0.17715628706392197,37.894594594594594,32.0,1,-37.496712867123634,-98.9500303889576
2025-01-29 09:00:00,65.13957084565348,49.10119990008441,162.60135135135138,136.75,1,-97.4617805056979,-59.93909625947761
2025-01-29 10:00:00,170.6829496739754,138.18054912352642,274.27837837837836,234.75,1,-103.59542870440296,-37.77017689724298
2025-01-29 11:00:00,263.05148021805417,224.77708513088322,335.4432432432433,292.5,1,-72.3917630251891,-21.580927469358787
2025-01-29 12:00:00,284.5962280264891,243.85264277034355,345.05540540540545,303.74999999999994,1,-60.459177378916365,-17.521585354642653
2025-01-29 13:00:00,290.19646111572183,253.74982515148753,312.84054054054053,276.5,1,-22.6440794248187,-7.238217714907792
2025-01-29 14:00:00,203.48553138356195,172.9450952130521,216.53513513513514,192.5,1,-13.049603751573187,-6.0265525700617575
2025-01-29 15:00:00,127.59101909422832,106.63262187205594,106.89324324324325,95.5,1,20.697775850985067,19.363034765336657
2025-01-29 16:00:00,32.06267937372732,27.330218023337768,12.074324324324325,11.500000000000002,1,19.988355049402998,165.54429475722682
2025-01-29 17:00:00,0.0,0.0,0.0,0.0,1,0.0,0.0
2025-01-29 18:00:00,0.0,0.0,0.0,0.0,1,0.0,0.0
2025-01-29 19:00:00,0.0,0.0,0.0,0.0,1,0.0,0.0
2025-01-29 20:00:00,0.0,0.0,0.0,0.0,1,0.0,0.0
2025-01-29 21:00:00,0.0,0.0,0.0,0.0,1,0.0,0.0
2025-01-29 22:00:00,0.0,0.0,0.0,0.0,1,0.0,0.0
2025-01-29 23:00:00,0.0,0.0,0.0,0.0,1,0.0,0.0
2025-01-30 00:00:00,0.0,0.0,0.0,0.0,1,0.0,0.0
2025-01-30 01:00:00,0.0,0.0,0.0,0.0,1,0.0,0.0
2025-01-30 02:00:00,0.0,0.0,0.0,0.0,1,0.0,0.0
2025-01-30 03:00:00,0.0,0.0,0.0,0.0,1,0.0,0.0
2025-01-30 04:00:00,0.0,0.0,0.0,0.0,1,0.0,0.0
2025-01-30 05:00:00,0.0,0.0,0.0,0.0,1,0.0,0.0
2025-01-30 06:00:00,0.0,0.0,0.0,0.0,1,0.0,0.0
2025-01-30 07:00:00,0.0,0.0,0.0,0.0,1,0.0,0.0
2025-01-30 08:00:00,0.4761120787678975,0.23076263234107136,54.85,43.5,1,-54.373887921232104,-99.13197433223719
2025-01-30 09:00:00,67.23423881354333,50.96642003492174,188.29864864864865,155.25,1,-121.06440983510532,-64.29382829029355
2025-01-30 10:00:00,152.5119075142222,123.78762796785892,287.395945945946,246.25,1,-134.88403843172378,-46.93317367013001
2025-01-30 11:00:00,233.88755899614148,195.54692943213206,343.8283783783784,300.0,1,-109.9408193822369,-31.975493093606293
2025-01-30 12:00:00,243.0234271445513,206.5183024780448,337.8851351351351,298.75,1,-94.8617079905838,-28.075135046306322
2025-01-30 13:00:00,213.23069680021456,182.44799265509317,301.2756756756757,267.5,1,-88.04497887546114,-29.224058224415657
2025-01-30 14:00:00,157.1863249557915,134.2836340009773,241.95810810810812,213.5,1,-84.77178315231663,-35.03572738899089
2025-01-30 15:00:00,111.54777035563731,93.70906005749688,134.35675675675677,116.75,1,-22.808986401119455,-16.97643419780777
2025-01-30 16:00:00,25.666098081824856,20.603797790836122,20.140540540540538,17.499999999999996,1,5.525557541284318,27.43500121142241
2025-01-30 17:00:00,0.0,0.0,0.0,0.0,1,0.0,0.0
2025-01-30 18:00:00,0.0,0.0,0.0,0.0,1,0.0,0.0
2025-01-30 19:00:00,0.0,0.0,0.0,0.0,1,0.0,0.0
2025-01-30 20:00:00,0.0,0.0,0.0,0.0,1,0.0,0.0
2025-01-30 21:00:00,0.0,0.0,0.0,0.0,1,0.0,0.0
2025-01-30 22:00:00,0.0,0.0,0.0,0.0,1,0.0,0.0
2025-01-30 23:00:00,0.0,0.0,0.0,0.0,1,0.0,0.0
2025-01-31 00:00:00,0.0,0.0,0.0,0.0,1,0.0,0.0
2025-01-31 01:00:00,0.0,0.0,0.0,0.0,1,0.0,0.0
2025-01-31 02:00:00,0.0,0.0,0.0,0.0,1,0.0,0.0
2025-01-31 03:00:00,0.0,0.0,0.0,0.0,1,0.0,0.0
2025-01-31 04:00:00,0.0,0.0,0.0,0.0,1,0.0,0.0
2025-01-31 05:00:00,0.0,0.0,0.0,0.0,1,0.0,0.0
2025-01-31 06:00:00,0.0,0.0,0.0,0.0,1,0.0,0.0
2025-01-31 07:00:00,0.0,0.0,0.7500000000000001,0.7500000000000001,1,-0.7500000000000001,0.0
2025-01-31 08:00:00,0.6768969169761512,0.3548396689145733,31.689189189189186,29.75,1,-31.012292272213035,-97.86395002745266
2025-01-31 09:00:00,66.57775494492296,50.79023705845858,49.04459459459459,48.5,1,17.533160350328366,35.749424570145734
2025-01-31 10:00:00,153.92926316105655,125.32644442416044,58.494594594594595,59.25000000000001,1,95.43466856646197,163.1512607752665
2025-01-31 11:00:00,231.5255638210274,194.05048056958134,79.1027027027027,79.5,1,152.4228611183247,192.68982716202044
2025-01-31 12:00:00,260.50746474339536,221.63072598336973,128.2108108108108,127.25,1,132.29665393258455,103.18681638150066
2025-01-31 13:00:00,244.21019132338753,209.0593361010465,71.72027027027026,72.00000000000001,1,172.48992105311726,240.50372426527008
2025-01-31 14:00:00,202.69176616364803,173.08572094534273,36.25405405405405,36.50000000000001,1,166.43771210959397,459.0871737032188
2025-01-31 15:00:00,106.16476957084389,89.5303994138418,35.310810810810814,35.5,1,70.85395876003307,200.65797735332745
2025-01-31 16:00:00,27.243316715122653,22.000413739713895,7.0,7.0,1,20.243316715122653,289.19023878746646
2025-01-31 17:00:00,0.0,0.0,0.0,0.0,1,0.0,0.0
2025-01-31 18:00:00,0.0,0.0,0.0,0.0,1,0.0,0.0
2025-01-31 19:00:00,0.0,0.0,0.0,0.0,1,0.0,0.0
2025-01-31 20:00:00,0.0,0.0,0.0,0.0,1,0.0,0.0
2025-01-31 21:00:00,0.0,0.0,0.0,0.0,1,0.0,0.0
2025-01-31 22:00:00,0.0,0.0,0.0,0.0,1,0.0,0.0
2025-01-31 23:00:00,0.0,0.0,0.0,0.0,1,0.0,0.0
2025-02-01 00:00:00,0.0,0.0,0.0,0.0,2,0.0,0.0
2025-02-01 01:00:00,0.0,0.0,0.0,0.0,2,0.0,0.0
2025-02-01 02:00:00,0.0,0.0,0.0,0.0,2,0.0,0.0
2025-02-01 03:00:00,0.0,0.0,0.0,0.0,2,0.0,0.0
2025-02-01 04:00:00,0.0,0.0,0.0,0.0,2,0.0,0.0
2025-02-01 05:00:00,0.0,0.0,0.0,0.0,2,0.0,0.0
2025-02-01 06:00:00,0.0,0.0,0.0,0.0,2,0.0,0.0
2025-02-01 07:00:00,0.0,0.0,0.0,0.0,2,0.0,0.0
2025-02-01 08:00:00,0.9422853655251039,0.521583513939671,20.183783783783785,20.25,2,-19.24149841825868,-95.33147314884455
2025-02-01 09:00:00,64.28220127954502,49.3650941878571,37.75,38.25,2,26.53220127954502,70.28397689945702
2025-02-01 10:00:00,141.45010204198172,115.67737256989787,54.25000000000001,55.25,2,87.20010204198172,160.73751528475893
2025-02-01 11:00:00,172.6566752722533,145.53875593240303,79.1027027027027,79.5,2,93.5539725695506,118.26899634663701
2025-02-01 12:00:00,208.62191629687555,178.26114064699104,62.244594594594595,63.0,2,146.37732170228097,235.164712141916
2025-02-01 13:00:00,190.40422521424156,163.71568740196068,41.310810810810814,42.24999999999999,2,149.09341440343076,360.90653143126843
2025-02-01 14:00:00,166.7429415151268,143.0032151319764,44.37162162162162,44.75,2,122.37131989350519,275.7873510619578
2025-02-01 15:00:00,91.08385127405084,77.17156817195512,56.46891891891892,55.5,2,34.61493235513193,61.29908809629221
2025-02-01 16:00:00,28.634867295128053,23.257899717242232,11.301351351351352,11.25,2,17.333515943776703,153.37560442896998
2025-02-01 17:00:00,0.0,0.0,0.0,0.0,2,0.0,0.0
2025-02-01 18:00:00,0.0,0.0,0.0,0.0,2,0.0,0.0
2025-02-01 19:00:00,0.0,0.0,0.0,0.0,2,0.0,0.0
2025-02-01 20:00:00,0.0,0.0,0.0,0.0,2,0.0,0.0
2025-02-01 21:00:00,0.0,0.0,0.0,0.0,2,0.0,0.0
2025-02-01 22:00:00,0.0,0.0,0.0,0.0,2,0.0,0.0
2025-02-01 23:00:00,0.0,0.0,0.0,0.0,2,0.0,0.0
2025-02-02 00:00:00,0.0,0.0,0.0,0.0,2,0.0,0.0
2025-02-02 01:00:00,0.0,0.0,0.0,0.0,2,0.0,0.0
2025-02-02 02:00:00,0.0,0.0,0.0,0.0,2,0.0,0.0
2025-02-02 03:00:00,0.0,0.0,0.0,0.0,2,0.0,0.0
2025-02-02 04:00:00,0.0,0.0,0.0,0.0,2,0.0,0.0
2025-02-02 05:00:00,0.0,0.0,0.0,0.0,2,0.0,0.0
2025-02-02 06:00:00,0.0,0.0,0.0,0.0,2,0.0,0.0
2025-02-02 07:00:00,0.0,0.0,0.0,0.0,2,0.0,0.0
2025-02-02 08:00:00,1.66244621523407,0.9578002614272135,32.45810810810811,31.5,2,-30.795661892874037,-94.87817894469707
2025-02-02 09:00:00,75.91089035328125,58.45412547729034,86.33918918918918,83.0,2,-10.428298835907938,-12.078291369006394
2025-02-02 10:00:00,162.30465011081648,132.8870021974226,255.54054054054055,226.75,2,-93.23589042972407,-36.48575299735368
2025-02-02 11:00:00,222.09512396970018,187.10263171145257,333.59324324324325,296.25,2,-111.49811927354307,-33.42337458323248
2025-02-02 12:00:00,250.19637589387338,213.79495418264327,351.0324324324324,313.75000000000006,2,-100.83605653855903,-28.725566991012492
2025-02-02 13:00:00,231.8180128778855,199.33364824368147,321.56891891891894,288.5,2,-89.75090604103343,-27.910317434522774
2025-02-02 14:00:00,222.2946400021734,190.48432086832304,236.4364864864865,213.25,2,-14.141846484313106,-5.981245405252366
2025-02-02 15:00:00,134.91969315215823,114.18792386342487,112.67972972972973,102.75,2,22.239963422428502,19.737324073968427
2025-02-02 16:00:00,29.296268971813078,23.932461927277394,14.409459459459459,14.000000000000002,2,14.886809512353619,103.31275475139903
2025-02-02 17:00:00,0.0,0.0,0.0,0.0,2,0.0,0.0
2025-02-02 18:00:00,0.0,0.0,0.0,0.0,2,0.0,0.0
2025-02-02 19:00:00,0.0,0.0,0.0,0.0,2,0.0,0.0
2025-02-02 20:00:00,0.0,0.0,0.0,0.0,2,0.0,0.0
2025-02-02 21:00:00,0.0,0.0,0.0,0.0,2,0.0,0.0
2025-02-02 22:00:00,0.0,0.0,0.0,0.0,2,0.0,0.0
2025-02-02 23:00:00,0.0,0.0,0.0,0.0,2,0.0,0.0
2025-02-03 00:00:00,0.0,0.0,0.0,0.0,2,0.0,0.0
2025-02-03 01:00:00,0.0,0.0,0.0,0.0,2,0.0,0.0
2025-02-03 02:00:00,0.0,0.0,0.0,0.0,2,0.0,0.0
2025-02-03 03:00:00,0.0,0.0,0.0,0.0,2,0.0,0.0
2025-02-03 04:00:00,0.0,0.0,0.0,0.0,2,0.0,0.0
2025-02-03 05:00:00,0.0,0.0,0.0,0.0,2,0.0,0.0
2025-02-03 06:00:00,0.0,0.0,0.0,0.0,2,0.0,0.0
2025-02-03 07:00:00,0.0,0.0,0.25,0.25,2,-0.25,0.0
2025-02-03 08:00:00,1.071020883124117,0.6417586496684358,25.80135135135135,25.75,2,-24.730330468227233,-95.84897368924817
2025-02-03 09:00:00,48.94954256968508,38.170491223550655,49.61216216216216,49.99999999999999,2,-0.6626195924770784,-1.3355991023153597
2025-02-03 10:00:00,84.97434432862569,70.28934832031433,72.41891891891892,73.00000000000001,2,12.555425409706771,17.337217397243908
2025-02-03 11:00:00,129.5991166345356,109.98368197234895,88.46081081081081,89.00000000000001,2,41.13830582372478,46.504554329381364
2025-02-03 12:00:00,131.1926138262569,112.90707346040054,217.82702702702704,206.00000000000003,2,-86.63441320077015,-39.772113857120644
2025-02-03 13:00:00,155.1782620770472,134.12902301260962,262.5405405405405,242.25000000000003,2,-107.36227846349331,-40.893599991242056
2025-02-03 14:00:00,126.91108267240263,109.54717575081504,96.76891891891893,96.25,2,30.1421637534837,31.14860028429099
2025-02-03 15:00:00,70.4360295347357,60.147457253951714,75.45405405405405,72.25000000000001,2,-5.0180245193183595,-6.650437252481528
2025-02-03 16:00:00,23.749999812750758,19.544041777016353,19.794594594594596,19.0,2,3.9554052181561623,19.982249190575914
2025-02-03 17:00:00,0.0,0.0,0.0,0.0,2,0.0,0.0
2025-02-03 18:00:00,0.0,0.0,0.0,0.0,2,0.0,0.0
2025-02-03 19:00:00,0.0,0.0,0.0,0.0,2,0.0,0.0
2025-02-03 20:00:00,0.0,0.0,0.0,0.0,2,0.0,0.0
2025-02-03 21:00:00,0.0,0.0,0.0,0.0,2,0.0,0.0
2025-02-03 22:00:00,0.0,0.0,0.0,0.0,2,0.0,0.0
2025-02-03 23:00:00,0.0,0.0,0.0,0.0,2,0.0,0.0
2025-02-04 00:00:00,0.0,0.0,0.0,0.0,2,0.0,0.0
2025-02-04 01:00:00,0.0,0.0,0.0,0.0,2,0.0,0.0
2025-02-04 02:00:00,0.0,0.0,0.0,0.0,2,0.0,0.0
2025-02-04 03:00:00,0.0,0.0,0.0,0.0,2,0.0,0.0
2025-02-04 04:00:00,0.0,0.0,0.0,0.0,2,0.0,0.0
2025-02-04 05:00:00,0.0,0.0,0.0,0.0,2,0.0,0.0
2025-02-04 06:00:00,0.0,0.0,0.0,0.0,2,0.0,0.0
2025-02-04 07:00:00,0.0,0.0,0.7500000000000001,0.7500000000000001,2,-0.7500000000000001,0.0
2025-02-04 08:00:00,0.19094174871223166,0.11829535209286061,69.1027027027027,56.99999999999999,2,-68.91176095399047,-99.72368410895054
2025-02-04 09:00:00,4.659498729796545,3.692570949471437,153.6864864864865,137.25,2,-149.02698775668995,-96.96817928737914
2025-02-04 10:00:00,12.934556867307398,10.800054778303743,245.58378378378382,221.00000000000003,2,-232.6492269164764,-94.73313886282688
2025-02-04 11:00:00,15.621920210628584,13.367722718940746,136.67972972972976,132.25,2,-121.05780951910117,-88.57041915321362
2025-02-04 12:00:00,19.724576022291316,17.087652184156344,159.3945945945946,157.0,2,-139.67001857230326,-87.62531686067588
2025-02-04 13:00:00,16.949692069919728,14.763188555041097,111.04864864864867,111.25,2,-94.09895657872895,-84.73669668547923
2025-02-04 14:00:00,15.9219359632909,13.851611740706609,75.08783783783784,75.5,2,-59.16590187454694,-78.79558604726849
2025-02-04 15:00:00,8.317314269821866,7.1609998183236625,40.75675675675676,40.75,2,-32.439442486934894,-79.59279655282434
2025-02-04 16:00:00,3.225941702226168,2.6836957480241455,16.16891891891892,16.0,2,-12.942977216692752,-80.04850096408389
2025-02-04 17:00:00,0.0,0.0,0.0,0.0,2,0.0,0.0
2025-02-04 18:00:00,0.0,0.0,0.0,0.0,2,0.0,0.0
2025-02-04 19:00:00,0.0,0.0,0.0,0.0,2,0.0,0.0
2025-02-04 20:00:00,0.0,0.0,0.0,0.0,2,0.0,0.0
2025-02-04 21:00:00,0.0,0.0,0.0,0.0,2,0.0,0.0
2025-02-04 22:00:00,0.0,0.0,0.0,0.0,2,0.0,0.0
2025-02-04 23:00:00,0.0,0.0,0.0,0.0,2,0.0,0.0
2025-02-05 00:00:00,0.0,0.0,0.0,0.0,2,0.0,0.0
2025-02-05 01:00:00,0.0,0.0,0.0,0.0,2,0.0,0.0
2025-02-05 02:00:00,0.0,0.0,0.0,0.0,2,0.0,0.0
2025-02-05 03:00:00,0.0,0.0,0.0,0.0,2,0.0,0.0
2025-02-05 04:00:00,0.0,0.0,0.0,0.0,2,0.0,0.0
2025-02-05 05:00:00,0.0,0.0,0.0,0.0,2,0.0,0.0
2025-02-05 06:00:00,0.0,0.0,0.0,0.0,2,0.0,0.0
2025-02-05 07:00:00,0.0,0.0,1.25,1.25,2,-1.25,-100.0
2025-02-05 08:00:00,1.0876703157234793,0.6889212393346681,81.3756756756757,64.75,2,-80.28800535995221,-98.66339627082371
2025-02-05 09:00:00,31.716904201198034,25.090950765394094,206.59594594594597,176.00000000000003,2,-174.87904174474795,-84.64785741270234
2025-02-05 10:00:00,48.982157548932825,40.875932688079246,312.53513513513514,272.5,2,-263.5529775862023,-84.32747168482233
2025-02-05 11:00:00,74.81479902589608,63.93956920235023,349.15000000000003,309.74999999999994,2,-274.33520097410394,-78.57230444625631
2025-02-05 12:00:00,81.38891870193098,70.44017120359817,252.1662162162162,235.5,2,-170.77729751428524,-67.72409884116068
2025-02-05 13:00:00,80.76035466004441,70.26943845793772,174.33243243243246,168.75,2,-93.57207777238804,-53.674509365120336
2025-02-05 14:00:00,76.53990766600477,66.50471768122196,179.82702702702701,169.0,2,-103.28711936102225,-57.436927623509426
2025-02-05 15:00:00,39.52689735648652,34.02695408619563,117.30945945945946,108.50000000000001,2,-77.78256210297295,-66.30544754138393
2025-02-05 16:00:00,16.537240351748245,13.774330110482346,33.51081081081082,29.75,2,-16.97357045906257,-50.65102887211187
2025-02-05 17:00:00,0.0,0.0,0.0,0.0,2,0.0,0.0
2025-02-05 18:00:00,0.0,0.0,0.0,0.0,2,0.0,0.0
2025-02-05 19:00:00,0.0,0.0,0.0,0.0,2,0.0,0.0
2025-02-05 20:00:00,0.0,0.0,0.0,0.0,2,0.0,0.0
2025-02-05 21:00:00,0.0,0.0,0.0,0.0,2,0.0,0.0
2025-02-05 22:00:00,0.0,0.0,0.0,0.0,2,0.0,0.0
2025-02-05 23:00:00,0.0,0.0,0.0,0.0,2,0.0,0.0
2025-02-06 00:00:00,0.0,0.0,0.0,0.0,2,0.0,0.0
2025-02-06 01:00:00,0.0,0.0,0.0,0.0,2,0.0,0.0
2025-02-06 02:00:00,0.0,0.0,0.0,0.0,2,0.0,0.0
2025-02-06 03:00:00,0.0,0.0,0.0,0.0,2,0.0,0.0
2025-02-06 04:00:00,0.0,0.0,0.0,0.0,2,0.0,0.0
2025-02-06 05:00:00,0.0,0.0,0.0,0.0,2,0.0,0.0
2025-02-06 06:00:00,0.0,0.0,0.0,0.0,2,0.0,0.0
2025-02-06 07:00:00,0.0,0.0,2.0,2.0,2,-2.0,-100.0
2025-02-06 08:00:00,2.717430086644551,1.7529753450605077,84.89864864864866,67.5,2,-82.1812185620041,-96.79920690152491
2025-02-06 09:00:00,39.16561703876743,31.08171267849752,221.4202702702703,186.75,2,-182.25465323150286,-82.31163886171711
2025-02-06 10:00:00,84.28176735933584,70.31353331512067,325.977027027027,283.75,2,-241.69525966769118,-74.14487513798082
2025-02-06 11:00:00,121.75759115451282,104.01344586969853,386.2202702702703,341.5,2,-264.4626791157575,-68.4745725362087
2025-02-06 12:00:00,140.18970558565442,121.24495428176463,318.6486486486486,291.75,2,-178.45894306299417,-56.00492700026112
2025-02-06 13:00:00,111.78717040901617,97.30687076785739,310.4932432432432,280.5,2,-198.70607283422706,-63.99690723013863
2025-02-06 14:00:00,108.10880498826636,93.9687477707791,244.79459459459457,221.5,2,-136.68578960632823,-55.83693129854203
2025-02-06 15:00:00,81.55202372795893,70.14844679574551,148.21081081081084,133.0,2,-66.65878708285192,-44.97565779323681
2025-02-06 16:00:00,27.378444019676817,22.85348641410724,40.55540540540541,35.75,2,-13.176961385728593,-32.49125795687967
2025-02-06 17:00:00,0.0,0.0,0.0,0.0,2,0.0,0.0
2025-02-06 18:00:00,0.0,0.0,0.0,0.0,2,0.0,0.0
2025-02-06 19:00:00,0.0,0.0,0.0,0.0,2,0.0,0.0
2025-02-06 20:00:00,0.0,0.0,0.0,0.0,2,0.0,0.0
2025-02-06 21:00:00,0.0,0.0,0.0,0.0,2,0.0,0.0
2025-02-06 22:00:00,0.0,0.0,0.0,0.0,2,0.0,0.0
2025-02-06 23:00:00,0.0,0.0,0.0,0.0,2,0.0,0.0
2025-02-07 00:00:00,0.0,0.0,0.0,0.0,2,0.0,0.0
2025-02-07 01:00:00,0.0,0.0,0.0,0.0,2,0.0,0.0
2025-02-07 02:00:00,0.0,0.0,0.0,0.0,2,0.0,0.0
2025-02-07 03:00:00,0.0,0.0,0.0,0.0,2,0.0,0.0
2025-02-07 04:00:00,0.0,0.0,0.0,0.0,2,0.0,0.0
2025-02-07 05:00:00,0.0,0.0,0.0,0.0,2,0.0,0.0
2025-02-07 06:00:00,0.0,0.0,0.0,0.0,2,0.0,0.0
2025-02-07 07:00:00,0.0,0.0,1.25,1.25,2,-1.25,-100.0
2025-02-07 08:00:00,3.5554589884088084,2.3387196945329554,35.56351351351351,35.0,2,-32.008054525104704,-90.00250920917081
2025-02-07 09:00:00,55.66133958485742,44.23276259101108,44.66891891891891,44.5,2,10.99242066593851,24.608656157296927
2025-02-07 10:00:00,103.79418622010535,86.69326714221003,39.25,39.75,2,64.54418622010535,164.4437865480391
2025-02-07 11:00:00,124.64269467094043,106.67712012067545,51.50405405405405,52.00000000000001,2,73.13864061688638,142.00559928763394
2025-02-07 12:00:00,157.28879982494007,136.1774929423061,51.06081081081082,52.0,2,106.22798901412925,208.04211160634014
2025-02-07 13:00:00,146.8179001534079,127.84083028008543,68.12432432432433,68.0,2,78.69357582908356,115.5146514986944
2025-02-07 14:00:00,137.80031877966323,119.83988127727162,58.201351351351356,58.0,2,79.59896742831188,136.76480971685154
2025-02-07 15:00:00,81.3795938008535,70.18475804875132,53.97027027027027,54.00000000000001,2,27.40932353058323,50.78596678008811
2025-02-07 16:00:00,32.65904893799847,27.35768129755992,16.867567567567566,16.999999999999996,2,15.791481370430905,93.62038306456394
2025-02-07 17:00:00,0.0,0.0,0.0,0.0,2,0.0,0.0
2025-02-07 18:00:00,0.0,0.0,0.0,0.0,2,0.0,0.0
2025-02-07 19:00:00,0.0,0.0,0.0,0.0,2,0.0,0.0
2025-02-07 20:00:00,0.0,0.0,0.0,0.0,2,0.0,0.0
2025-02-07 21:00:00,0.0,0.0,0.0,0.0,2,0.0,0.0
2025-02-07 22:00:00,0.0,0.0,0.0,0.0,2,0.0,0.0
2025-02-07 23:00:00,0.0,0.0,0.0,0.0,2,0.0,0.0
2025-02-08 00:00:00,0.0,0.0,0.0,0.0,2,0.0,0.0
2025-02-08 01:00:00,0.0,0.0,0.0,0.0,2,0.0,0.0
2025-02-08 02:00:00,0.0,0.0,0.0,0.0,2,0.0,0.0
2025-02-08 03:00:00,0.0,0.0,0.0,0.0,2,0.0,0.0
2025-02-08 04:00:00,0.0,0.0,0.0,0.0,2,0.0,0.0
2025-02-08 05:00:00,0.0,0.0,0.0,0.0,2,0.0,0.0
2025-02-08 06:00:00,0.0,0.0,0.0,0.0,2,0.0,0.0
2025-02-08 07:00:00,0.0,0.0,3.5,3.5,2,-3.5,-100.0
2025-02-08 08:00:00,3.8370402170938194,2.573613623739882,42.32432432432433,40.0,2,-38.48728410723051,-90.93419616650885
2025-02-08 09:00:00,65.16429845851926,51.93810981896063,35.50000000000001,36.25000000000001,2,29.664298458519248,83.56140410850492
2025-02-08 10:00:00,115.65169755126269,96.77402726823965,48.43378378378378,49.0,2,67.2179137674789,138.7831148347825
2025-02-08 11:00:00,162.64514067548623,139.22556852148534,49.060810810810814,49.75,2,113.58432986467542,231.51743313554553
2025-02-08 12:00:00,189.64272662693224,164.26969233370227,50.12702702702703,51.00000000000001,2,139.51569959990522,278.3243050194906
2025-02-08 13:00:00,143.64124924589072,125.30225664355096,42.5,43.25000000000001,2,101.14124924589072,237.97940999033108
2025-02-08 14:00:00,154.37414575647887,134.41231008203087,22.93243243243243,23.75,2,131.44171332404645,573.1695218608979
2025-02-08 15:00:00,98.88804719565972,85.39486172323663,35.877027027027026,36.25,2,63.0110201686327,175.63055077324267
2025-02-08 16:00:00,33.36556779572013,28.07244714734621,18.5,18.5,2,14.865567795720132,80.35442051740613
2025-02-08 17:00:00,0.027287366656014816,0.015273413194507033,0.0,0.0,2,0.027287366656014816,0.0
2025-02-08 18:00:00,0.0,0.0,0.0,0.0,2,0.0,0.0
2025-02-08 19:00:00,0.0,0.0,0.0,0.0,2,0.0,0.0
2025-02-08 20:00:00,0.0,0.0,0.0,0.0,2,0.0,0.0
2025-02-08 21:00:00,0.0,0.0,0.0,0.0,2,0.0,0.0
2025-02-08 22:00:00,0.0,0.0,0.0,0.0,2,0.0,0.0
2025-02-08 23:00:00,0.0,0.0,0.0,0.0,2,0.0,0.0
2025-02-09 00:00:00,0.0,0.0,0.0,0.0,2,0.0,0.0
2025-02-09 01:00:00,0.0,0.0,0.0,0.0,2,0.0,0.0
2025-02-09 02:00:00,0.0,0.0,0.0,0.0,2,0.0,0.0
2025-02-09 03:00:00,0.0,0.0,0.0,0.0,2,0.0,0.0
2025-02-09 04:00:00,0.0,0.0,0.0,0.0,2,0.0,0.0
2025-02-09 05:00:00,0.0,0.0,0.0,0.0,2,0.0,0.0
2025-02-09 06:00:00,0.0,0.0,0.0,0.0,2,0.0,0.0
2025-02-09 07:00:00,0.0,0.0,1.0,1.0,2,-1.0,0.0
2025-02-09 08:00:00,10.19988728328706,7.231590614562557,38.50000000000001,37.0,2,-28.300112716712945,-73.50678627717647
2025-02-09 09:00:00,123.32067519888821,103.3921241681955,68.95405405405405,68.25,2,54.366621144834156,78.84470592869768
2025-02-09 10:00:00,237.85077850210413,205.02883898690632,42.18378378378378,42.25,2,195.66699471832035,463.8441058801803
2025-02-09 11:00:00,289.2863093660152,247.38796125570278,49.31081081081082,50.25,2,239.97549855520435,486.6589995364516
2025-02-09 12:00:00,347.31907967139216,306.454019069221,33.25,33.5,2,314.06907967139216,944.5686606658411
2025-02-09 13:00:00,321.74625876061975,282.197060732299,33.43783783783784,33.75,2,288.3084209227819,862.2220800309514
2025-02-09 14:00:00,299.49249311652477,270.8475710328747,27.250000000000004,27.500000000000004,2,272.24249311652477,999.0550206111
2025-02-09 15:00:00,198.35947158787377,179.48177643366316,19.5,19.75,2,178.85947158787377,917.2280594249937
2025-02-09 16:00:00,71.86649972938976,64.03103360137052,17.750000000000004,18.000000000000004,2,54.11649972938976,304.88168861628026
2025-02-09 17:00:00,0.14674483199349234,0.11560356259900192,0.0,0.0,2,0.14674483199349234,0.0
2025-02-09 18:00:00,0.0,0.0,0.0,0.0,2,0.0,0.0
2025-02-09 19:00:00,0.0,0.0,0.0,0.0,2,0.0,0.0
2025-02-09 20:00:00,0.0,0.0,0.0,0.0,2,0.0,0.0
2025-02-09 21:00:00,0.0,0.0,0.0,0.0,2,0.0,0.0
2025-02-09 22:00:00,0.0,0.0,0.0,0.0,2,0.0,0.0
2025-02-09 23:00:00,0.0,0.0,0.0,0.0,2,0.0,0.0
2025-02-10 00:00:00,0.0,0.0,0.0,0.0,2,0.0,0.0
2025-02-10 01:00:00,0.0,0.0,0.0,0.0,2,0.0,0.0
2025-02-10 02:00:00,0.0,0.0,0.0,0.0,2,0.0,0.0
2025-02-10 03:00:00,0.0,0.0,0.0,0.0,2,0.0,0.0
2025-02-10 04:00:00,0.0,0.0,0.0,0.0,2,0.0,0.0
2025-02-10 05:00:00,0.0,0.0,0.0,0.0,2,0.0,0.0
2025-02-10 06:00:00,0.0,0.0,0.0,0.0,2,0.0,0.0
2025-02-10 07:00:00,0.0,0.0,1.5000000000000002,1.5000000000000002,2,-1.5000000000000002,-100.0
2025-02-10 08:00:00,8.701421552436429,6.008253360275347,28.500000000000004,28.75,2,-19.798578447563575,-69.4686963072406
2025-02-10 09:00:00,104.15664292951885,83.23887451926726,36.377027027027026,36.75000000000001,2,67.77961590249183,186.3253306877817
2025-02-10 10:00:00,153.8581185609815,129.08932875748917,54.060810810810814,54.50000000000001,2,99.79730775017069,184.6019440948039
2025-02-10 11:00:00,240.66760568664796,206.11764466231725,57.87702702702703,58.75000000000001,2,182.79057865962093,315.8257914219792
2025-02-10 12:00:00,249.41302618533717,216.32565235777912,34.99999999999999,35.25,2,214.41302618533717,612.6086462438205
2025-02-10 13:00:00,263.36730424750886,229.53102041659275,35.93783783783784,36.5,2,227.42946640967102,632.8412617250378
2025-02-10 14:00:00,161.49829956547143,141.10954494866004,24.25,24.25,2,137.24829956547143,565.9723693421502
2025-02-10 15:00:00,117.635938955516,101.9699082881116,47.27162162162163,47.25,2,70.36431733389438,148.85107580424182
2025-02-10 16:00:00,53.73708864267574,45.44208623892707,24.1027027027027,24.0,2,29.634385939973036,122.95046869017744
2025-02-10 17:00:00,0.24890926506152472,0.18518326268693014,0.0,0.0,2,0.24890926506152472,0.0
2025-02-10 18:00:00,0.0,0.0,0.0,0.0,2,0.0,0.0
2025-02-10 19:00:00,0.0,0.0,0.0,0.0,2,0.0,0.0
2025-02-10 20:00:00,0.0,0.0,0.0,0.0,2,0.0,0.0
2025-02-10 21:00:00,0.0,0.0,0.0,0.0,2,0.0,0.0
2025-02-10 22:00:00,0.0,0.0,0.0,0.0,2,0.0,0.0
2025-02-10 23:00:00,0.0,0.0,0.0,0.0,2,0.0,0.0
2025-02-11 00:00:00,0.0,0.0,0.0,0.0,2,0.0,0.0
2025-02-11 01:00:00,0.0,0.0,0.0,0.0,2,0.0,0.0
2025-02-11 02:00:00,0.0,0.0,0.0,0.0,2,0.0,0.0
2025-02-11 03:00:00,0.0,0.0,0.0,0.0,2,0.0,0.0
2025-02-11 04:00:00,0.0,0.0,0.0,0.0,2,0.0,0.0
2025-02-11 05:00:00,0.0,0.0,0.0,0.0,2,0.0,0.0
2025-02-11 06:00:00,0.0,0.0,0.0,0.0,2,0.0,0.0
2025-02-11 07:00:00,0.0,0.0,3.2500000000000004,3.2500000000000004,2,-3.2500000000000004,-100.0
2025-02-11 08:00:00,13.342409216545464,9.320689427764634,40.733783783783785,39.75,2,-27.391374567238323,-67.24485678186099
2025-02-11 09:00:00,96.84390663638233,77.86115535756909,28.683783783783785,29.0,2,68.16012285259855,237.6259818662156
2025-02-11 10:00:00,148.29780947121458,124.81176122050178,38.25,38.5,2,110.04780947121458,287.706691428012
2025-02-11 11:00:00,247.56051119462356,212.39494759639342,37.5,38.0,2,210.06051119462356,560.1613631856628
2025-02-11 12:00:00,282.08595667144334,244.8143296426834,34.5,35.0,2,247.58595667144334,717.6404541201256
2025-02-11 13:00:00,226.0291978792001,197.58649688849374,39.81081081081081,40.25,2,186.2183870683893,467.7583381894368
2025-02-11 14:00:00,238.76805505315033,208.35596741981658,39.75,40.0,2,199.01805505315033,500.67435233496934
2025-02-11 15:00:00,146.37280186376583,126.96381309582283,40.31081081081081,40.5,2,106.06199105295502,263.1105376439381
2025-02-11 16:00:00,65.63064054801399,55.63171556513723,22.433783783783785,22.5,2,43.196856764230205,192.5527016777926
2025-02-11 17:00:00,0.43801802574857,0.33711207760792156,0.25,0.25,2,0.18801802574857002,0.0
2025-02-11 18:00:00,0.0,0.0,0.0,0.0,2,0.0,0.0
2025-02-11 19:00:00,0.0,0.0,0.0,0.0,2,0.0,0.0
2025-02-11 20:00:00,0.0,0.0,0.0,0.0,2,0.0,0.0
2025-02-11 21:00:00,0.0,0.0,0.0,0.0,2,0.0,0.0
2025-02-11 22:00:00,0.0,0.0,0.0,0.0,2,0.0,0.0
2025-02-11 23:00:00,0.0,0.0,0.0,0.0,2,0.0,0.0
2025-02-12 00:00:00,0.0,0.0,0.0,0.0,2,0.0,0.0
2025-02-12 01:00:00,0.0,0.0,0.0,0.0,2,0.0,0.0
2025-02-12 02:00:00,0.0,0.0,0.0,0.0,2,0.0,0.0
2025-02-12 03:00:00,0.0,0.0,0.0,0.0,2,0.0,0.0
2025-02-12 04:00:00,0.0,0.0,0.0,0.0,2,0.0,0.0
2025-02-12 05:00:00,0.0,0.0,0.0,0.0,2,0.0,0.0
2025-02-12 06:00:00,0.0,0.0,0.0,0.0,2,0.0,0.0
2025-02-12 07:00:00,0.0,0.0,2.627027027027027,2.75,2,-2.627027027027027,-100.0
2025-02-12 08:00:00,12.472435924046797,8.875192745128324,32.75,33.0,2,-20.2775640759532,-61.91622618611664
2025-02-12 09:00:00,76.27320060164908,61.80267982136754,40.127027027027026,40.75,2,36.146173574622054,90.07937106897124
2025-02-12 10:00:00,176.68734800800254,148.82141651562023,49.12702702702703,49.75000000000001,2,127.56032098097552,259.6540615225886
2025-02-12 11:00:00,228.7227160619552,196.7895115112053,62.87162162162163,63.75,2,165.85109444033355,263.7932506949959
2025-02-12 12:00:00,260.42991005285484,226.58599410423324,52.75405405405406,53.25000000000001,2,207.67585599880078,393.66805020521684
2025-02-12 13:00:00,252.51113085549923,220.91206225111586,50.5,51.50000000000001,2,202.01113085549923,400.0220412980183
2025-02-12 14:00:00,189.2526672083149,165.7896536644862,39.877027027027026,40.0,2,149.37564018128788,374.59071379630973
2025-02-12 15:00:00,127.13093222843206,110.67465671466735,45.560810810810814,46.25,2,81.57012141762124,179.03571066006143
2025-02-12 16:00:00,68.66097605601873,58.417668183692925,24.68378378378378,24.749999999999996,2,43.977192272234944,178.16228118610456
2025-02-12 17:00:00,0.6187486362524183,0.4873333046669667,0.25,0.25,2,0.36874863625241827,0.0
2025-02-12 18:00:00,0.0,0.0,0.0,0.0,2,0.0,0.0
2025-02-12 19:00:00,0.0,0.0,0.0,0.0,2,0.0,0.0
2025-02-12 20:00:00,0.0,0.0,0.0,0.0,2,0.0,0.0
2025-02-12 21:00:00,0.0,0.0,0.0,0.0,2,0.0,0.0
2025-02-12 22:00:00,0.0,0.0,0.0,0.0,2,0.0,0.0
2025-02-12 23:00:00,0.0,0.0,0.0,0.0,2,0.0,0.0
2025-02-13 00:00:00,0.0,0.0,0.0,0.0,2,0.0,0.0
2025-02-13 01:00:00,0.0,0.0,0.0,0.0,2,0.0,0.0
2025-02-13 02:00:00,0.0,0.0,0.0,0.0,2,0.0,0.0
2025-02-13 03:00:00,0.0,0.0,0.0,0.0,2,0.0,0.0
2025-02-13 04:00:00,0.0,0.0,0.0,0.0,2,0.0,0.0
2025-02-13 05:00:00,0.0,0.0,0.0,0.0,2,0.0,0.0
2025-02-13 06:00:00,0.0,0.0,0.0,0.0,2,0.0,0.0
2025-02-13 07:00:00,0.0,0.0,3.5000000000000004,3.750000000000001,2,-3.5000000000000004,-100.0
2025-02-13 08:00:00,15.506156299268882,11.183357878842022,39.48513513513514,39.75,2,-23.978978835866258,-60.72912946555677
2025-02-13 09:00:00,123.57211938523359,99.86819772003112,45.37702702702702,45.5,2,78.19509235820658,172.32308390682533
2025-02-13 10:00:00,195.34450544945238,164.781070385542,69.11756756756756,70.25,2,126.22693788188482,182.6264180354562
2025-02-13 11:00:00,236.2410597774137,203.59912330868198,76.24459459459459,77.00000000000001,2,159.99646518281912,209.84630587066192
2025-02-13 12:00:00,312.70933257120447,272.0680428072976,58.00000000000001,59.00000000000001,2,254.70933257120447,439.15402167449037
2025-02-13 13:00:00,326.1241539312402,285.11394952867397,64.49864864864865,65.25,2,261.6255052825915,405.6294368394848
2025-02-13 14:00:00,271.2409599884227,237.30633616118638,50.5,51.50000000000001,2,220.74095998842267,437.1108118582627
2025-02-13 15:00:00,188.72004021701488,164.0993465767625,59.54594594594595,60.0,2,129.17409427106892,216.93180319669347
2025-02-13 16:00:00,76.6238291317176,65.38477293199225,31.970270270270273,31.75,2,44.65355886144732,139.67213440472997
2025-02-13 17:00:00,1.1233105484077417,0.9009088775988272,0.7500000000000001,0.7500000000000001,2,0.3733105484077416,0.0
2025-02-13 18:00:00,0.0,0.0,0.0,0.0,2,0.0,0.0
2025-02-13 19:00:00,0.0,0.0,0.0,0.0,2,0.0,0.0
2025-02-13 20:00:00,0.0,0.0,0.0,0.0,2,0.0,0.0
2025-02-13 21:00:00,0.0,0.0,0.0,0.0,2,0.0,0.0
2025-02-13 22:00:00,0.0,0.0,0.0,0.0,2,0.0,0.0
2025-02-13 23:00:00,0.0,0.0,0.0,0.0,2,0.0,0.0
2025-02-14 00:00:00,0.0,0.0,0.0,0.0,2,0.0,0.0
2025-02-14 01:00:00,0.0,0.0,0.0,0.0,2,0.0,0.0
2025-02-14 02:00:00,0.0,0.0,0.0,0.0,2,0.0,0.0
2025-02-14 03:00:00,0.0,0.0,0.0,0.0,2,0.0,0.0
2025-02-14 04:00:00,0.0,0.0,0.0,0.0,2,0.0,0.0
2025-02-14 05:00:00,0.0,0.0,0.0,0.0,2,0.0,0.0
2025-02-14 06:00:00,0.0,0.0,0.0,0.0,2,0.0,0.0
2025-02-14 07:00:00,0.0,0.0,4.0,4.25,2,-4.0,-100.0
2025-02-14 08:00:00,17.50695668849799,12.808217569546201,41.48513513513514,41.75000000000001,2,-23.97817844663715,-57.79944640057164
2025-02-14 09:00:00,126.14017546106292,102.37005327643828,66.41891891891892,66.75,2,59.721256542144005,89.91603223028802
2025-02-14 10:00:00,251.2886290045992,216.0922780954154,155.37567567567567,152.5,2,95.91295332892352,61.72970956478927
2025-02-14 11:00:00,286.680186799209,247.05953625933606,162.4972972972973,161.50000000000003,2,124.18288950191172,76.42151073732175
2025-02-14 12:00:00,354.76205396676306,311.59748728624356,153.46621621621622,153.0,2,201.29583775054684,131.16622193052848
2025-02-14 13:00:00,318.369685096236,278.8812184296878,153.10270270270271,152.5,2,165.2669823935333,107.94517632680292
2025-02-14 14:00:00,285.8882861490483,251.2359685234632,135.87972972972972,134.5,2,150.0085564193186,110.39803855784207
2025-02-14 15:00:00,179.7370408975992,156.74815359494505,155.84594594594594,146.75,2,23.89109495165326,15.329943173459073
2025-02-14 16:00:00,80.62159812710073,69.0311855556412,50.00810810810811,47.75,2,30.613490018992614,61.21705294831793
2025-02-14 17:00:00,1.6910188043578447,1.3733990442835595,1.25,1.25,2,0.4410188043578447,35.28150434862757
2025-02-14 18:00:00,0.0,0.0,0.0,0.0,2,0.0,0.0
2025-02-14 19:00:00,0.0,0.0,0.0,0.0,2,0.0,0.0
2025-02-14 20:00:00,0.0,0.0,0.0,0.0,2,0.0,0.0
2025-02-14 21:00:00,0.0,0.0,0.0,0.0,2,0.0,0.0
2025-02-14 22:00:00,0.0,0.0,0.0,0.0,2,0.0,0.0
2025-02-14 23:00:00,0.0,0.0,0.0,0.0,2,0.0,0.0
2025-02-15 00:00:00,0.0,0.0,0.0,0.0,2,0.0,0.0
2025-02-15 01:00:00,0.0,0.0,0.0,0.0,2,0.0,0.0
2025-02-15 02:00:00,0.0,0.0,0.0,0.0,2,0.0,0.0
2025-02-15 03:00:00,0.0,0.0,0.0,0.0,2,0.0,0.0
2025-02-15 04:00:00,0.0,0.0,0.0,0.0,2,0.0,0.0
2025-02-15 05:00:00,0.0,0.0,0.0,0.0,2,0.0,0.0
2025-02-15 06:00:00,0.0,0.0,0.0,0.0,2,0.0,0.0
2025-02-15 07:00:00,0.0,0.0,4.0,4.0,2,-4.0,-100.0
2025-02-15 08:00:00,25.384412855346046,19.867846927194986,33.244594594594595,33.75,2,-7.860181739248549,-23.643488016925843
2025-02-15 09:00:00,150.66438630643688,128.20591261308735,59.10675675675676,59.75000000000001,2,91.55762954968012,154.90213737571338
2025-02-15 10:00:00,212.7436349180441,180.23053255746544,47.127027027027026,47.5,2,165.61660789101708,351.42596157410287
2025-02-15 11:00:00,327.4615456971989,285.512880533792,62.31081081081081,62.75,2,265.15073488638814,425.5292644023579
2025-02-15 12:00:00,354.21656533366917,310.289570792939,128.35000000000002,128.5,2,225.86656533366914,175.9770668746935
2025-02-15 13:00:00,352.1671360819541,312.048793920304,51.81081081081081,52.75000000000001,2,300.3563252711433,579.717477049155
2025-02-15 14:00:00,304.42154795324035,271.665660789047,52.75000000000001,53.50000000000001,2,251.67154795324035,477.10246057486313
2025-02-15 15:00:00,222.74828250312385,202.10990189716813,66.22972972972974,66.75,2,156.5185527733941,236.32672730526753
2025-02-15 16:00:00,89.47968879443657,76.94251020980373,26.183783783783785,26.25,2,63.29590501065279,241.73704432227012
2025-02-15 17:00:00,2.827347488594392,2.5744875795714353,1.0,1.0,2,1.827347488594392,0.0
2025-02-15 18:00:00,0.0,0.0,0.0,0.0,2,0.0,0.0
2025-02-15 19:00:00,0.0,0.0,0.0,0.0,2,0.0,0.0
2025-02-15 20:00:00,0.0,0.0,0.0,0.0,2,0.0,0.0
2025-02-15 21:00:00,0.0,0.0,0.0,0.0,2,0.0,0.0
2025-02-15 22:00:00,0.0,0.0,0.0,0.0,2,0.0,0.0
2025-02-15 23:00:00,0.0,0.0,0.0,0.0,2,0.0,0.0
2025-02-16 00:00:00,0.0,0.0,0.0,0.0,2,0.0,0.0
2025-02-16 01:00:00,0.0,0.0,0.0,0.0,2,0.0,0.0
2025-02-16 02:00:00,0.0,0.0,0.0,0.0,2,0.0,0.0
2025-02-16 03:00:00,0.0,0.0,0.0,0.0,2,0.0,0.0
2025-02-16 04:00:00,0.0,0.0,0.0,0.0,2,0.0,0.0
2025-02-16 05:00:00,0.0,0.0,0.0,0.0,2,0.0,0.0
2025-02-16 06:00:00,0.0,0.0,0.0,0.0,2,0.0,0.0
2025-02-16 07:00:00,0.0,0.0,5.0,5.0,2,-5.0,-100.0
2025-02-16 08:00:00,18.653789533569082,14.04684338635597,30.87702702702703,31.5,2,-12.223237493457948,-39.58683419475198
2025-02-16 09:00:00,98.28420143684647,80.73942352853,102.71081081081083,101.5,2,-4.426609373964354,-4.309779407854145
2025-02-16 10:00:00,149.99828989035848,127.86806455198584,158.59324324324325,156.0,2,-8.594953352884772,-5.419495293189898
2025-02-16 11:00:00,192.9041100333727,167.50690689646143,192.96216216216217,188.5,2,-0.05805212878948396,-0.03008472134588641
2025-02-16 12:00:00,213.61661886726878,187.40232060828131,86.23513513513514,87.25000000000001,2,127.38148373213365,147.71413476945327
2025-02-16 13:00:00,219.7345620716947,193.71779680674814,88.79594594594595,89.75,2,130.93861612574875,147.46012864760394
2025-02-16 14:00:00,184.1443870103455,162.51940720481292,68.16351351351352,68.75,2,115.98087349683198,170.15096129667464
2025-02-16 15:00:00,119.28040771309445,104.84687689487023,44.49864864864865,45.00000000000001,2,74.7817590644458,168.0540001448264
2025-02-16 16:00:00,57.68906553382827,49.895756637624935,36.6445945945946,36.50000000000001,2,21.04447093923367,57.42858168319841
2025-02-16 17:00:00,2.2881467831831768,1.8847267603137403,0.7500000000000001,0.7500000000000001,2,1.5381467831831768,0.0
2025-02-16 18:00:00,0.0,0.0,0.0,0.0,2,0.0,0.0
2025-02-16 19:00:00,0.0,0.0,0.0,0.0,2,0.0,0.0
2025-02-16 20:00:00,0.0,0.0,0.0,0.0,2,0.0,0.0
2025-02-16 21:00:00,0.0,0.0,0.0,0.0,2,0.0,0.0
2025-02-16 22:00:00,0.0,0.0,0.0,0.0,2,0.0,0.0
2025-02-16 23:00:00,0.0,0.0,0.0,0.0,2,0.0,0.0
2025-02-17 00:00:00,0.0,0.0,0.0,0.0,2,0.0,0.0
2025-02-17 01:00:00,0.0,0.0,0.0,0.0,2,0.0,0.0
2025-02-17 02:00:00,0.0,0.0,0.0,0.0,2,0.0,0.0
2025-02-17 03:00:00,0.0,0.0,0.0,0.0,2,0.0,0.0
2025-02-17 04:00:00,0.0,0.0,0.0,0.0,2,0.0,0.0
2025-02-17 05:00:00,0.0,0.0,0.0,0.0,2,0.0,0.0
2025-02-17 06:00:00,0.0,0.0,0.0,0.0,2,0.0,0.0
2025-02-17 07:00:00,0.0,0.0,3.5,3.5,2,-3.5,-100.0
2025-02-17 08:00:00,21.074941326334283,16.072268110509373,78.07702702702704,73.25000000000001,2,-57.00208570069276,-73.0075002483906
2025-02-17 09:00:00,123.87432884382139,101.85825385716453,92.75945945945946,92.25,2,31.114869384361924,33.5436079141456
2025-02-17 10:00:00,176.42846292463938,150.5494657818563,173.91081081081083,169.5,2,2.5176521138285466,1.447668550385507
2025-02-17 11:00:00,244.8259200905405,212.5912780379749,240.03378378378378,232.75,2,4.792136306756731,1.9964424304011155
2025-02-17 12:00:00,267.06556572571526,234.30478599143925,266.63918918918915,258.25,2,0.4263765365261065,0.15990767817088528
2025-02-17 13:00:00,322.1712942540383,283.64696262809053,242.12027027027028,235.00000000000003,2,80.051023983768,33.06250397556961
2025-02-17 14:00:00,180.09075823754955,159.24377395937472,209.6054054054054,201.5,2,-29.514647167855856,-14.081052495173255
2025-02-17 15:00:00,165.48616008012982,145.4553680818925,141.24864864864867,135.5,2,24.237511431481153,17.159464294607986
2025-02-17 16:00:00,71.76382758213092,62.19118168765938,46.6054054054054,45.75,2,25.158422176725516,53.98176876240108
2025-02-17 17:00:00,4.038538632623839,3.34469079143872,0.7500000000000001,0.7500000000000001,2,3.2885386326238386,0.0
2025-02-17 18:00:00,0.0,0.0,0.0,0.0,2,0.0,0.0
2025-02-17 19:00:00,0.0,0.0,0.0,0.0,2,0.0,0.0
2025-02-17 20:00:00,0.0,0.0,0.0,0.0,2,0.0,0.0
2025-02-17 21:00:00,0.0,0.0,0.0,0.0,2,0.0,0.0
2025-02-17 22:00:00,0.0,0.0,0.0,0.0,2,0.0,0.0
2025-02-17 23:00:00,0.0,0.0,0.0,0.0,2,0.0,0.0
2025-02-18 00:00:00,0.0,0.0,0.0,0.0,2,0.0,0.0
2025-02-18 01:00:00,0.0,0.0,0.0,0.0,2,0.0,0.0
2025-02-18 02:00:00,0.0,0.0,0.0,0.0,2,0.0,0.0
2025-02-18 03:00:00,0.0,0.0,0.0,0.0,2,0.0,0.0
2025-02-18 04:00:00,0.0,0.0,0.0,0.0,2,0.0,0.0
2025-02-18 05:00:00,0.0,0.0,0.0,0.0,2,0.0,0.0
2025-02-18 06:00:00,0.0,0.0,0.0,0.0,2,0.0,0.0
2025-02-18 07:00:00,0.0,0.0,12.451351351351352,11.75,2,-12.451351351351352,-100.0
2025-02-18 08:00:00,34.893369773860876,27.67627972389065,112.20945945945945,101.25,2,-77.31608968559857,-68.90336167561021
2025-02-18 09:00:00,121.15019814067219,100.04957601238954,228.47162162162164,209.25000000000003,2,-107.32142348094945,-46.973634064141024
2025-02-18 10:00:00,288.4325275049089,254.48133055371187,330.34459459459464,302.75,2,-41.91206708968576,-12.687377900377353
2025-02-18 11:00:00,359.2538272883335,318.68043823863917,398.4040540540541,366.0,2,-39.15022676572056,-9.826764152457343
2025-02-18 12:00:00,317.3149074161742,278.45104431386636,390.58918918918914,363.24999999999994,2,-73.27428177301493,-18.75993596369693
2025-02-18 13:00:00,314.5426842771041,277.4536461202991,364.16621621621624,339.5,2,-49.62353193911213,-13.62661601471817
2025-02-18 14:00:00,270.1245458491284,238.574094682912,270.1554054054054,255.24999999999997,2,-0.03085955627699377,-0.011422890550971858
2025-02-18 15:00:00,203.12652361211596,178.62901842554402,163.98513513513512,156.5,2,39.141388476980836,23.868863750806206
2025-02-18 16:00:00,102.17702818582457,88.72614045369797,62.314864864864866,59.75000000000001,2,39.8621633209597,63.968947709995405
2025-02-18 17:00:00,6.222673197846226,5.307597693903505,2.1837837837837832,2.25,2,4.038889414062442,184.9491439607802
2025-02-18 18:00:00,0.0,0.0,0.0,0.0,2,0.0,0.0
2025-02-18 19:00:00,0.0,0.0,0.0,0.0,2,0.0,0.0
2025-02-18 20:00:00,0.0,0.0,0.0,0.0,2,0.0,0.0
2025-02-18 21:00:00,0.0,0.0,0.0,0.0,2,0.0,0.0
2025-02-18 22:00:00,0.0,0.0,0.0,0.0,2,0.0,0.0
2025-02-18 23:00:00,0.0,0.0,0.0,0.0,2,0.0,0.0
2025-02-19 00:00:00,0.0,0.0,0.0,0.0,2,0.0,0.0
2025-02-19 01:00:00,0.0,0.0,0.0,0.0,2,0.0,0.0
2025-02-19 02:00:00,0.0,0.0,0.0,0.0,2,0.0,0.0
2025-02-19 03:00:00,0.0,0.0,0.0,0.0,2,0.0,0.0
2025-02-19 04:00:00,0.0,0.0,0.0,0.0,2,0.0,0.0
2025-02-19 05:00:00,0.0,0.0,0.0,0.0,2,0.0,0.0
2025-02-19 06:00:00,0.0,0.0,0.0,0.0,2,0.0,0.0
2025-02-19 07:00:00,0.0,0.0,6.0,6.0,2,-6.0,-100.0
2025-02-19 08:00:00,24.079151137833648,18.675013298353505,59.33108108108108,58.75000000000001,2,-35.25192994324743,-59.41562044870311
2025-02-19 09:00:00,102.5001165157098,85.1462657911899,90.94054054054054,91.25,2,11.559575975169267,12.711136206647137
2025-02-19 10:00:00,172.79471013744504,148.197056658419,133.69324324324324,133.5,2,39.10146689420179,29.2471526201665
2025-02-19 11:00:00,223.70741135954677,195.1282579928972,114.45540540540541,115.24999999999999,2,109.25200595414135,95.45377570169498
2025-02-19 12:00:00,236.41639570420523,208.27874281963955,96.03108108108108,96.5,2,140.38531462312415,146.18737292418257
2025-02-19 13:00:00,264.57495750088344,234.07761638020554,103.2472972972973,103.75000000000001,2,161.32766020358616,156.25363997572578
2025-02-19 14:00:00,189.51600787383265,168.10229728997237,99.2837837837838,98.75,2,90.23222409004885,90.88314390449997
2025-02-19 15:00:00,147.43000498133586,130.26214437994292,114.98243243243242,113.0,2,32.44757254890344,28.21959134319996
2025-02-19 16:00:00,60.57680486598993,52.89848988114983,66.92702702702704,64.5,2,-6.3502221610371095,-9.488277670652709
2025-02-19 17:00:00,5.172817754235467,4.335362801800337,2.9337837837837832,2.75,2,2.239033970451684,76.31898379245723
2025-02-19 18:00:00,0.0,0.0,0.0,0.0,2,0.0,0.0
2025-02-19 19:00:00,0.0,0.0,0.0,0.0,2,0.0,0.0
2025-02-19 20:00:00,0.0,0.0,0.0,0.0,2,0.0,0.0
2025-02-19 21:00:00,0.0,0.0,0.0,0.0,2,0.0,0.0
2025-02-19 22:00:00,0.0,0.0,0.0,0.0,2,0.0,0.0
2025-02-19 23:00:00,0.0,0.0,0.0,0.0,2,0.0,0.0
2025-02-20 00:00:00,0.0,0.0,0.0,0.0,2,0.0,0.0
2025-02-20 01:00:00,0.0,0.0,0.0,0.0,2,0.0,0.0
2025-02-20 02:00:00,0.0,0.0,0.0,0.0,2,0.0,0.0
2025-02-20 03:00:00,0.0,0.0,0.0,0.0,2,0.0,0.0
2025-02-20 04:00:00,0.0,0.0,0.0,0.0,2,0.0,0.0
2025-02-20 05:00:00,0.0,0.0,0.0,0.0,2,0.0,0.0
2025-02-20 06:00:00,0.0,0.0,0.0,0.0,2,0.0,0.0
2025-02-20 07:00:00,0.0,0.0,7.75,8.25,2,-7.75,-100.0
2025-02-20 08:00:00,25.771150482424872,20.117136750955016,54.33783783783784,54.75,2,-28.566687355412967,-52.57236668243122
2025-02-20 09:00:00,115.52263373913999,96.18902475304546,97.23243243243243,97.0,2,18.29020130670756,18.810802989442397
2025-02-20 10:00:00,239.0030613858287,204.79789891946547,102.33783783783784,103.25000000000001,2,136.66522354799085,133.54320008650896
2025-02-20 11:00:00,241.46719934152048,210.8787566826997,139.97702702702702,140.5,2,101.49017231449346,72.50487774318678
2025-02-20 12:00:00,255.02840291561677,224.91813016097007,160.9283783783784,161.0,2,94.10002453723837,58.473232307100176
2025-02-20 13:00:00,298.38744191312816,264.1731541559195,164.8527027027027,164.75,2,133.53473921042547,81.00245675149384
2025-02-20 14:00:00,239.78025876045308,212.71991016234202,104.02162162162162,104.75000000000001,2,135.75863713883146,130.51001803514768
2025-02-20 15:00:00,162.97320604677972,144.20164621412025,62.72972972972973,63.0,2,100.24347631704998,159.80218111722746
2025-02-20 16:00:00,86.46481500526808,75.57315988255597,77.82162162162162,74.75000000000001,2,8.643193383646462,11.106416447694627
2025-02-20 17:00:00,7.159136270509115,6.030607656071405,3.6837837837837837,3.5000000000000004,2,3.475352486725331,94.34192370420928
2025-02-20 18:00:00,0.0,0.0,0.0,0.0,2,0.0,0.0
2025-02-20 19:00:00,0.0,0.0,0.0,0.0,2,0.0,0.0
2025-02-20 20:00:00,0.0,0.0,0.0,0.0,2,0.0,0.0
2025-02-20 21:00:00,0.0,0.0,0.0,0.0,2,0.0,0.0
2025-02-20 22:00:00,0.0,0.0,0.0,0.0,2,0.0,0.0
2025-02-20 23:00:00,0.0,0.0,0.0,0.0,2,0.0,0.0
2025-02-21 00:00:00,0.0,0.0,0.0,0.0,2,0.0,0.0
2025-02-21 01:00:00,0.0,0.0,0.0,0.0,2,0.0,0.0
2025-02-21 02:00:00,0.0,0.0,0.0,0.0,2,0.0,0.0
2025-02-21 03:00:00,0.0,0.0,0.0,0.0,2,0.0,0.0
2025-02-21 04:00:00,0.0,0.0,0.0,0.0,2,0.0,0.0
2025-02-21 05:00:00,0.0,0.0,0.0,0.0,2,0.0,0.0
2025-02-21 06:00:00,0.0,0.0,0.0,0.0,2,0.0,0.0
2025-02-21 07:00:00,0.0,0.0,8.933783783783785,9.250000000000002,2,-8.933783783783785,-100.0
2025-02-21 08:00:00,27.414355015267766,21.535246493033792,31.183783783783788,31.5,2,-3.769428768516022,-12.08778509577854
2025-02-21 09:00:00,135.8814652731347,113.3291850855061,63.36216216216217,64.0,2,72.51930311097252,114.45206513845687
2025-02-21 10:00:00,185.92485323220555,160.10359457462567,116.55810810810813,117.0,2,69.36674512409742,59.51258668316706
2025-02-21 11:00:00,232.19566007558322,203.20815384221572,131.4310810810811,132.0,2,100.76457899450213,76.66723743399744
2025-02-21 12:00:00,285.95912657723096,252.3884056339676,171.0364864864865,170.99999999999997,2,114.92264009074447,67.19188545762394
2025-02-21 13:00:00,266.3526489039701,236.3762924960943,145.48513513513515,144.75000000000003,2,120.86751376883493,83.07894387737007
2025-02-21 14:00:00,260.32555605718403,231.19892025760456,104.64864864864865,105.50000000000001,2,155.67690740853539,148.76150759596615
2025-02-21 15:00:00,123.20205679398963,109.4145199996829,60.560810810810814,61.25000000000001,2,62.64124598317881,103.43528289088992
2025-02-21 16:00:00,66.92419881885382,58.7659246469659,17.5,17.750000000000004,2,49.424198818853824,282.4239932505933
2025-02-21 17:00:00,9.222036319971258,7.807229292101587,1.25,1.25,2,7.972036319971258,637.7629055977006
2025-02-21 18:00:00,0.0,0.0,0.0,0.0,2,0.0,0.0
2025-02-21 19:00:00,0.0,0.0,0.0,0.0,2,0.0,0.0
2025-02-21 20:00:00,0.0,0.0,0.0,0.0,2,0.0,0.0
2025-02-21 21:00:00,0.0,0.0,0.0,0.0,2,0.0,0.0
2025-02-21 22:00:00,0.0,0.0,0.0,0.0,2,0.0,0.0
2025-02-21 23:00:00,0.0,0.0,0.0,0.0,2,0.0,0.0
2025-02-22 00:00:00,0.0,0.0,0.0,0.0,2,0.0,0.0
2025-02-22 01:00:00,0.0,0.0,0.0,0.0,2,0.0,0.0
2025-02-22 02:00:00,0.0,0.0,0.0,0.0,2,0.0,0.0
2025-02-22 03:00:00,0.0,0.0,0.0,0.0,2,0.0,0.0
2025-02-22 04:00:00,0.0,0.0,0.0,0.0,2,0.0,0.0
2025-02-22 05:00:00,0.0,0.0,0.0,0.0,2,0.0,0.0
2025-02-22 06:00:00,0.0,0.0,0.0,0.0,2,0.0,0.0
2025-02-22 07:00:00,0.0,0.0,24.574324324324326,22.25,2,-24.574324324324326,-100.0
2025-02-22 08:00:00,20.942670344378964,16.600963632836326,108.6837837837838,101.25,2,-87.74111343940483,-80.73063927729784
2025-02-22 09:00:00,77.53340825559481,65.2485514541226,175.3027027027027,167.75,2,-97.7692944471079,-55.77169829087898
2025-02-22 10:00:00,129.63917949884768,112.17919697377046,267.3837837837838,254.0,2,-137.74460428493614,-51.51569116709089
2025-02-22 11:00:00,176.12778427442734,154.68143370577974,402.17837837837845,372.0,2,-226.0505941039511,-56.20655068912671
2025-02-22 12:00:00,190.65057790466696,168.94657402990828,404.1945945945946,377.5,2,-213.54401668992764,-52.83198230399675
2025-02-22 13:00:00,162.80330028468518,145.0751327292262,347.6486486486487,327.5,2,-184.84534836396352,-53.17016162222381
2025-02-22 14:00:00,146.37078069861965,130.63268200385073,299.7648648648649,282.75,2,-153.39408416624522,-51.171468756151874
2025-02-22 15:00:00,101.22982147929379,90.15455327385673,237.68108108108106,222.5,2,-136.45125960178729,-57.40939033983909
2025-02-22 16:00:00,49.96132086109323,44.053499220888185,105.67297297297299,99.25,2,-55.71165211187976,-52.72081455125581
2025-02-22 17:00:00,5.527392662248831,4.710149483317466,7.9905405405405405,7.75,2,-2.46314787829171,-30.825797901841117
2025-02-22 18:00:00,0.0,0.0,0.0,0.0,2,0.0,0.0
2025-02-22 19:00:00,0.0,0.0,0.0,0.0,2,0.0,0.0
2025-02-22 20:00:00,0.0,0.0,0.0,0.0,2,0.0,0.0
2025-02-22 21:00:00,0.0,0.0,0.0,0.0,2,0.0,0.0
2025-02-22 22:00:00,0.0,0.0,0.0,0.0,2,0.0,0.0
2025-02-22 23:00:00,0.0,0.0,0.0,0.0,2,0.0,0.0
2025-02-23 00:00:00,0.0,0.0,0.0,0.0,2,0.0,0.0
2025-02-23 01:00:00,0.0,0.0,0.0,0.0,2,0.0,0.0
2025-02-23 02:00:00,0.0,0.0,0.0,0.0,2,0.0,0.0
2025-02-23 03:00:00,0.0,0.0,0.0,0.0,2,0.0,0.0
2025-02-23 04:00:00,0.0,0.0,0.0,0.0,2,0.0,0.0
2025-02-23 05:00:00,0.0,0.0,0.0,0.0,2,0.0,0.0
2025-02-23 06:00:00,0.0,0.0,0.0,0.0,2,0.0,0.0
2025-02-23 07:00:00,0.0,0.0,13.000000000000002,13.000000000000002,2,-13.000000000000002,-100.0
2025-02-23 08:00:00,31.83699917734804,25.302876716049095,43.244594594594595,43.75000000000001,2,-11.407595417246554,-26.37924005113106
2025-02-23 09:00:00,125.11163233710941,105.19020807969427,65.4945945945946,66.25,2,59.61703774251481,91.02589016931654
2025-02-23 10:00:00,188.66236460017228,163.1759344708573,76.42837837837837,77.25,2,112.23398622179391,146.848577194914
2025-02-23 11:00:00,174.5744341956567,153.58214584132378,113.33243243243244,114.00000000000001,2,61.24200176322425,54.03748993010987
2025-02-23 12:00:00,239.8313977737343,212.5810621550075,141.85945945945946,142.25000000000003,2,97.97193831427484,69.06267561401023
2025-02-23 13:00:00,199.36280866850728,177.7486014118219,91.29594594594595,92.25,2,108.06686272256134,118.36983734912505
2025-02-23 14:00:00,208.72279391586883,186.2487254114573,72.24459459459459,72.75000000000001,2,136.47819932127425,188.91129514551346
2025-02-23 15:00:00,162.57084975353513,144.72141582806285,55.93783783783785,56.5,2,106.63301191569728,190.62769681020433
2025-02-23 16:00:00,79.42548292250108,70.08077736785937,38.494594594594595,38.75,2,40.93088832790648,106.32892425279363
2025-02-23 17:00:00,8.209135246596542,7.026620680978279,3.0,3.0,2,5.209135246596542,173.63784155321807
2025-02-23 18:00:00,0.0,0.0,0.0,0.0,2,0.0,0.0
2025-02-23 19:00:00,0.0,0.0,0.0,0.0,2,0.0,0.0
2025-02-23 20:00:00,0.0,0.0,0.0,0.0,2,0.0,0.0
2025-02-23 21:00:00,0.0,0.0,0.0,0.0,2,0.0,0.0
2025-02-23 22:00:00,0.0,0.0,0.0,0.0,2,0.0,0.0
2025-02-23 23:00:00,0.0,0.0,0.0,0.0,2,0.0,0.0
2025-02-24 00:00:00,0.0,0.0,0.0,0.0,2,0.0,0.0
2025-02-24 01:00:00,0.0,0.0,0.0,0.0,2,0.0,0.0
2025-02-24 02:00:00,0.0,0.0,0.0,0.0,2,0.0,0.0
2025-02-24 03:00:00,0.0,0.0,0.0,0.0,2,0.0,0.0
2025-02-24 04:00:00,0.0,0.0,0.0,0.0,2,0.0,0.0
2025-02-24 05:00:00,0.0,0.0,0.0,0.0,2,0.0,0.0
2025-02-24 06:00:00,0.0,0.0,0.0,0.0,2,0.0,0.0
2025-02-24 07:00:00,0.0,0.0,31.20945945945946,28.0,2,-31.20945945945946,-100.0
2025-02-24 08:00:00,32.869768898342336,26.27953632919965,92.48918918918919,88.5,2,-59.619420290846854,-64.46096112800134
2025-02-24 09:00:00,98.60626281019994,83.36742724276915,161.41081081081083,154.75,2,-62.80454800061089,-38.909753123180785
2025-02-24 10:00:00,166.4185471359875,144.38891749600498,198.45000000000002,193.25,2,-32.03145286401252,-16.1408177697216
2025-02-24 11:00:00,172.12186720593132,151.68527554168236,209.61621621621623,205.00000000000003,2,-37.49434901028491,-17.887141408759142
2025-02-24 12:00:00,191.90006628895372,170.5475177072046,458.5918918918919,425.75,2,-266.6918256029382,-58.15450083574698
2025-02-24 13:00:00,193.10279470713144,172.43818193297486,235.9945945945946,227.50000000000003,2,-42.89179988746315,-18.174907760554945
2025-02-24 14:00:00,168.23432390014943,150.5167777286801,362.9040540540541,338.5,2,-194.66973015390465,-53.642203215759295
2025-02-24 15:00:00,130.41061709552318,116.45014232850842,226.01621621621624,213.25,2,-95.60559912069306,-42.300327260249716
2025-02-24 16:00:00,63.86014053915079,56.559741747029015,118.86486486486487,111.50000000000001,2,-55.00472432571408,-46.27500682245159
2025-02-24 17:00:00,9.316530763314125,8.012458038969791,9.593243243243245,9.000000000000002,2,-0.2767124799291203,-2.884451826279039
2025-02-24 18:00:00,0.0,0.0,0.0,0.0,2,0.0,0.0
2025-02-24 19:00:00,0.0,0.0,0.0,0.0,2,0.0,0.0
2025-02-24 20:00:00,0.0,0.0,0.0,0.0,2,0.0,0.0
2025-02-24 21:00:00,0.0,0.0,0.0,0.0,2,0.0,0.0
2025-02-24 22:00:00,0.0,0.0,0.0,0.0,2,0.0,0.0
2025-02-24 23:00:00,0.0,0.0,0.0,0.0,2,0.0,0.0
2025-02-25 00:00:00,0.0,0.0,0.0,0.0,2,0.0,0.0
2025-02-25 01:00:00,0.0,0.0,0.0,0.0,2,0.0,0.0
2025-02-25 02:00:00,0.0,0.0,0.0,0.0,2,0.0,0.0
2025-02-25 03:00:00,0.0,0.0,0.0,0.0,2,0.0,0.0
2025-02-25 04:00:00,0.0,0.0,0.0,0.0,2,0.0,0.0
2025-02-25 05:00:00,0.0,0.0,0.0,0.0,2,0.0,0.0
2025-02-25 06:00:00,0.0,0.0,0.0,0.0,2,0.0,0.0
2025-02-25 07:00:00,0.0,0.0,43.68108108108108,36.25000000000001,2,-43.68108108108108,-100.0
2025-02-25 08:00:00,52.99184488047536,42.387025378250485,194.58243243243243,168.25,2,-141.59058755195707,-72.76637761280097
2025-02-25 09:00:00,164.75747076641863,139.00611976430818,334.27432432432437,297.75,2,-169.51685355790573,-50.711897750613566
2025-02-25 10:00:00,281.724532179246,243.7960621595912,339.4216216216216,315.0,2,-57.69708944237561,-16.998648809325065
2025-02-25 11:00:00,289.41593975595487,254.61865200030388,292.6810810810811,279.0,2,-3.265141325126251,-1.11559698804779
2025-02-25 12:00:00,354.0494130022052,313.90558226635613,264.37702702702705,256.25,2,89.67238597517814,33.918372932611504
2025-02-25 13:00:00,327.92309142572236,292.34115279360617,252.0013513513514,244.75000000000003,2,75.92174007437097,30.127513073736473
2025-02-25 14:00:00,278.91774789120404,249.21149950311354,240.86216216216215,232.0,2,38.055585729041894,15.799735993161393
2025-02-25 15:00:00,224.08087376432402,199.81312384999362,209.4810810810811,200.0,2,14.599792683242924,6.9695041709241385
2025-02-25 16:00:00,111.13440161339275,98.4012577541541,115.83513513513515,109.75,2,-4.700733521742393,-4.058124088393768
2025-02-25 17:00:00,15.043889255914038,12.986550855931394,10.90945945945946,10.25,2,4.134429796454578,37.89765947450003
2025-02-25 18:00:00,0.0,0.0,0.0,0.0,2,0.0,0.0
2025-02-25 19:00:00,0.0,0.0,0.0,0.0,2,0.0,0.0
2025-02-25 20:00:00,0.0,0.0,0.0,0.0,2,0.0,0.0
2025-02-25 21:00:00,0.0,0.0,0.0,0.0,2,0.0,0.0
2025-02-25 22:00:00,0.0,0.0,0.0,0.0,2,0.0,0.0
2025-02-25 23:00:00,0.0,0.0,0.0,0.0,2,0.0,0.0
2025-02-26 00:00:00,0.0,0.0,0.0,0.0,2,0.0,0.0
2025-02-26 01:00:00,0.0,0.0,0.0,0.0,2,0.0,0.0
2025-02-26 02:00:00,0.0,0.0,0.0,0.0,2,0.0,0.0
2025-02-26 03:00:00,0.0,0.0,0.0,0.0,2,0.0,0.0
2025-02-26 04:00:00,0.0,0.0,0.0,0.0,2,0.0,0.0
2025-02-26 05:00:00,0.0,0.0,0.0,0.0,2,0.0,0.0
2025-02-26 06:00:00,0.0,0.0,0.0,0.0,2,0.0,0.0
2025-02-26 07:00:00,0.0,0.0,23.62972972972973,22.75,2,-23.62972972972973,-100.0
2025-02-26 08:00:00,52.46026263820189,42.22788775365107,56.10675675675676,57.0,2,-3.6464941185548696,-6.4992067432515315
2025-02-26 09:00:00,148.95806096240386,126.24072617533524,138.88783783783785,136.74999999999997,2,10.070223124566013,7.250615519210377
2025-02-26 10:00:00,241.04511244972457,209.39191289613612,258.55675675675684,248.5,2,-17.51164430703227,-6.772843427761104
2025-02-26 11:00:00,295.97735721187246,260.78427638162714,327.0972972972973,312.0,2,-31.119940085424844,-9.513970412644548
2025-02-26 12:00:00,257.1113246637226,228.80929135761028,355.8891891891892,338.5,2,-98.77786452546661,-27.75523042734426
2025-02-26 13:00:00,312.3627007685269,278.9718478306249,295.34459459459464,283.00000000000006,2,17.018106173932267,5.76211872009786
2025-02-26 14:00:00,301.30878780591775,269.49031055859973,122.8945945945946,121.25000000000001,2,178.41419321132315,145.17659934505414
2025-02-26 15:00:00,191.5653834094467,171.32979058978603,243.9918918918919,231.0,2,-52.4265084824452,-21.486987979778597
2025-02-26 16:00:00,93.03449617534378,82.68292048125757,85.86081081081082,83.25,2,7.1736853645329575,8.355017029060843
2025-02-26 17:00:00,17.469876405905794,15.14623694979517,13.46081081081081,13.000000000000002,2,4.009065595094983,29.78324003985832
2025-02-26 18:00:00,0.0,0.0,0.0,0.0,2,0.0,0.0
2025-02-26 19:00:00,0.0,0.0,0.0,0.0,2,0.0,0.0
2025-02-26 20:00:00,0.0,0.0,0.0,0.0,2,0.0,0.0
2025-02-26 21:00:00,0.0,0.0,0.0,0.0,2,0.0,0.0
2025-02-26 22:00:00,0.0,0.0,0.0,0.0,2,0.0,0.0
2025-02-26 23:00:00,0.0,0.0,0.0,0.0,2,0.0,0.0
2025-02-27 00:00:00,0.0,0.0,0.0,0.0,2,0.0,0.0
2025-02-27 01:00:00,0.0,0.0,0.0,0.0,2,0.0,0.0
2025-02-27 02:00:00,0.0,0.0,0.0,0.0,2,0.0,0.0
2025-02-27 03:00:00,0.0,0.0,0.0,0.0,2,0.0,0.0
2025-02-27 04:00:00,0.0,0.0,0.0,0.0,2,0.0,0.0
2025-02-27 05:00:00,0.0,0.0,0.0,0.0,2,0.0,0.0
2025-02-27 06:00:00,0.0,0.0,0.0,0.0,2,0.0,0.0
2025-02-27 07:00:00,0.0317829959051171,0.01564328067633826,51.27972972972973,43.25000000000001,2,-51.24794673382461,-99.93802035214962
2025-02-27 08:00:00,57.20429758661276,46.2675387420098,205.22702702702702,178.75000000000003,2,-148.02272944041425,-72.12633325381684
2025-02-27 09:00:00,195.63277082313766,165.76720492759543,344.127027027027,307.74999999999994,2,-148.49425620388934,-43.15100080535869
2025-02-27 10:00:00,224.1307811453433,195.23704552352714,452.8,410.50000000000006,2,-228.66921885465672,-50.50115257390828
2025-02-27 11:00:00,284.6360071989911,251.2839904045922,505.7094594594594,462.75000000000006,2,-221.07345226046834,-43.715506626427036
2025-02-27 12:00:00,367.09744911081265,326.35737775216575,492.85945945945946,455.25000000000006,2,-125.76201034864681,-25.516809697956393
2025-02-27 13:00:00,330.6169671127064,295.5801603716163,403.7405405405406,378.25000000000006,2,-73.12357342783423,-18.11152611276888
2025-02-27 14:00:00,247.6296390316547,222.10838759769752,354.93783783783783,332.99999999999994,2,-107.30819880618313,-30.232955567619573
2025-02-27 15:00:00,239.3751280411635,214.15551657374752,230.64864864864867,217.75,2,8.726479392514818,3.783451341962131
2025-02-27 16:00:00,111.67984369003445,99.40549699046824,111.70945945945947,107.0,2,-0.0296157694250212,-0.026511424876931818
2025-02-27 17:00:00,19.4032791502344,16.89471307008371,11.30135135135135,11.25,2,8.10192779888305,71.68990280011309
2025-02-27 18:00:00,0.0,0.0,0.0,0.0,2,0.0,0.0
2025-02-27 19:00:00,0.0,0.0,0.0,0.0,2,0.0,0.0
2025-02-27 20:00:00,0.0,0.0,0.0,0.0,2,0.0,0.0
2025-02-27 21:00:00,0.0,0.0,0.0,0.0,2,0.0,0.0
2025-02-27 22:00:00,0.0,0.0,0.0,0.0,2,0.0,0.0
2025-02-27 23:00:00,0.0,0.0,0.0,0.0,2,0.0,0.0
2025-02-28 00:00:00,0.0,0.0,0.0,0.0,2,0.0,0.0
2025-02-28 01:00:00,0.0,0.0,0.0,0.0,2,0.0,0.0
2025-02-28 02:00:00,0.0,0.0,0.0,0.0,2,0.0,0.0
2025-02-28 03:00:00,0.0,0.0,0.0,0.0,2,0.0,0.0
2025-02-28 04:00:00,0.0,0.0,0.0,0.0,2,0.0,0.0
2025-02-28 05:00:00,0.0,0.0,0.0,0.0,2,0.0,0.0
2025-02-28 06:00:00,0.0,0.0,0.0,0.0,2,0.0,0.0
2025-02-28 07:00:00,0.14294407334524664,0.09174376114539154,53.56351351351351,46.0,2,-53.420569440168265,-99.73313163388883
2025-02-28 08:00:00,68.6129794314246,55.67624066226607,207.89864864864865,181.50000000000003,2,-139.28566921722404,-66.99690937030505
2025-02-28 09:00:00,180.4065639428067,153.5134838368356,347.227027027027,311.25,2,-166.8204630842203,-48.04362854831445
2025-02-28 10:00:00,288.10192128342555,250.8877440755269,455.1554054054054,413.00000000000006,2,-167.05348412197986,-36.70251569860758
2025-02-28 11:00:00,328.17418917119056,289.8657993482674,521.295945945946,477.0,2,-193.1217567747554,-37.04647202354812
2025-02-28 12:00:00,420.79656568725903,375.28015708366394,508.6000000000001,469.25,2,-87.80343431274105,-17.26375035641782
2025-02-28 13:00:00,385.462485919217,344.70684730939723,429.5648648648649,401.5,2,-44.1023789456479,-10.266756560623712
2025-02-28 14:00:00,257.47347490862484,231.2266613315599,377.8310810810811,352.25000000000006,2,-120.35760617245626,-31.854871713592026
2025-02-28 15:00:00,269.5160050367747,243.57616232903,274.4121621621622,257.0,2,-4.896157125387504,-1.7842347390179265
2025-02-28 16:00:00,139.51794000486683,124.3203910289575,141.2027027027027,133.0,2,-1.684762697835879,-1.19315187711604
2025-02-28 17:00:00,26.125530840280565,22.828676371957958,18.649999999999995,18.000000000000004,2,7.47553084028057,40.08327528300575
2025-02-28 18:00:00,0.0,0.0,0.0,0.0,2,0.0,0.0
2025-02-28 19:00:00,0.0,0.0,0.0,0.0,2,0.0,0.0
2025-02-28 20:00:00,0.0,0.0,0.0,0.0,2,0.0,0.0
2025-02-28 21:00:00,0.0,0.0,0.0,0.0,2,0.0,0.0
2025-02-28 22:00:00,0.0,0.0,0.0,0.0,2,0.0,0.0
2025-02-28 23:00:00,0.0,0.0,0.0,0.0,2,0.0,0.0
2025-03-01 00:00:00,0.0,0.0,0.0,0.0,3,0.0,0.0
2025-03-01 01:00:00,0.0,0.0,0.0,0.0,3,0.0,0.0
2025-03-01 02:00:00,0.0,0.0,0.0,0.0,3,0.0,0.0
2025-03-01 03:00:00,0.0,0.0,0.0,0.0,3,0.0,0.0
2025-03-01 04:00:00,0.0,0.0,0.0,0.0,3,0.0,0.0
2025-03-01 05:00:00,0.0,0.0,0.0,0.0,3,0.0,0.0
2025-03-01 06:00:00,0.0,0.0,0.0,0.0,3,0.0,0.0
2025-03-01 07:00:00,0.21765816911928562,0.14969805291791316,54.12702702702703,47.75,3,-53.90936885790775,-99.59787525553435
2025-03-01 08:00:00,57.1491804001209,46.74216969930028,175.55,158.25,3,-118.40081959987911,-67.44563919104478
2025-03-01 09:00:00,116.76524598373912,100.0772970711818,281.6932432432432,259.75000000000006,3,-164.92799725950408,-58.54879419918784
2025-03-01 10:00:00,191.83484973526072,167.97514869951013,384.0256756756757,355.25,3,-192.19082594041498,-50.046347969380946
2025-03-01 11:00:00,228.48640011121387,202.64707702004804,464.5405405405406,429.75,3,-236.0541404293267,-50.814540353066604
2025-03-01 12:00:00,271.2382501757349,242.3250426874355,467.5608108108108,435.75,3,-196.3225606350759,-41.98866887381499
2025-03-01 13:00:00,230.29070351548162,206.88267607319986,414.86486486486484,390.5,3,-184.57416134938322,-44.49018872916729
2025-03-01 14:00:00,199.64461144236546,179.7882386274471,331.0243243243243,314.5,3,-131.37971288195885,-39.688839528674116
2025-03-01 15:00:00,164.2346697396484,147.7908193103943,236.622972972973,225.50000000000003,3,-72.38830323332459,-30.59225498007447
2025-03-01 16:00:00,86.43351383033716,77.40879520914582,103.6891891891892,100.75,3,-17.25567535885203,-16.64173043861658
2025-03-01 17:00:00,16.887430454404594,14.834815534201686,14.735135135135135,14.75,3,2.1522953192694594,14.606552973765591
2025-03-01 18:00:00,0.0,0.0,0.0,0.0,3,0.0,0.0
2025-03-01 19:00:00,0.0,0.0,0.0,0.0,3,0.0,0.0
2025-03-01 20:00:00,0.0,0.0,0.0,0.0,3,0.0,0.0
2025-03-01 21:00:00,0.0,0.0,0.0,0.0,3,0.0,0.0
2025-03-01 22:00:00,0.0,0.0,0.0,0.0,3,0.0,0.0
2025-03-01 23:00:00,0.0,0.0,0.0,0.0,3,0.0,0.0
2025-03-02 00:00:00,0.0,0.0,0.0,0.0,3,0.0,0.0
2025-03-02 01:00:00,0.0,0.0,0.0,0.0,3,0.0,0.0
2025-03-02 02:00:00,0.0,0.0,0.0,0.0,3,0.0,0.0
2025-03-02 03:00:00,0.0,0.0,0.0,0.0,3,0.0,0.0
2025-03-02 04:00:00,0.0,0.0,0.0,0.0,3,0.0,0.0
2025-03-02 05:00:00,0.0,0.0,0.0,0.0,3,0.0,0.0
2025-03-02 06:00:00,0.0,0.0,0.0,0.0,3,0.0,0.0
2025-03-02 07:00:00,0.44639362248030945,0.3173438525753498,63.19864864864866,55.24999999999999,3,-62.75225502616835,-99.2936658741518
2025-03-02 08:00:00,60.616004311960616,49.804575096232625,213.05,189.25,3,-152.4339956880394,-71.54846077823956
2025-03-02 09:00:00,138.44289246081834,118.82495852174328,351.327027027027,317.5,3,-212.88413456620864,-60.5942948277167
2025-03-02 10:00:00,253.19396606944684,221.66141080681027,459.1324324324324,419.25,3,-205.93846636298554,-44.85382687342441
2025-03-02 11:00:00,286.4080221176651,254.046022683428,525.7581081081082,483.75,3,-239.35008599044312,-45.52475412157165
2025-03-02 12:00:00,267.75312857640415,239.5538967941293,541.8513513513514,501.0000000000001,3,-274.0982227749472,-50.58550137253683
2025-03-02 13:00:00,287.65521525001265,258.4601994325977,503.73108108108113,468.25,3,-216.07586583106848,-42.89508310016087
2025-03-02 14:00:00,248.3818507967609,223.75057670040763,419.1283783783784,391.75000000000006,3,-170.7465275816175,-40.73847927984296
2025-03-02 15:00:00,160.5981570290245,144.7738715428284,289.12027027027034,272.25,3,-128.52211324124585,-44.45281997042375
2025-03-02 16:00:00,88.20196309713633,79.16649787426037,135.51891891891893,129.5,3,-47.3169558217826,-34.915387607314344
2025-03-02 17:00:00,22.320715383577042,19.675260000573513,21.093243243243244,20.499999999999996,3,1.2274721403337985,5.819266986014549
2025-03-02 18:00:00,0.0,0.0,0.0,0.0,3,0.0,0.0
2025-03-02 19:00:00,0.0,0.0,0.0,0.0,3,0.0,0.0
2025-03-02 20:00:00,0.0,0.0,0.0,0.0,3,0.0,0.0
2025-03-02 21:00:00,0.0,0.0,0.0,0.0,3,0.0,0.0
2025-03-02 22:00:00,0.0,0.0,0.0,0.0,3,0.0,0.0
2025-03-02 23:00:00,0.0,0.0,0.0,0.0,3,0.0,0.0
2025-03-03 00:00:00,0.0,0.0,0.0,0.0,3,0.0,0.0
2025-03-03 01:00:00,0.0,0.0,0.0,0.0,3,0.0,0.0
2025-03-03 02:00:00,0.0,0.0,0.0,0.0,3,0.0,0.0
2025-03-03 03:00:00,0.0,0.0,0.0,0.0,3,0.0,0.0
2025-03-03 04:00:00,0.0,0.0,0.0,0.0,3,0.0,0.0
2025-03-03 05:00:00,0.0,0.0,0.0,0.0,3,0.0,0.0
2025-03-03 06:00:00,0.0,0.0,0.0,0.0,3,0.0,0.0
2025-03-03 07:00:00,1.147783455849567,0.8330946936038691,33.81891891891892,33.5,3,-32.67113546306935,-96.60609063642339
2025-03-03 08:00:00,66.73011870391993,55.046587052735134,144.6445945945946,136.74999999999997,3,-77.91447589067467,-53.86615110578516
2025-03-03 09:00:00,172.0709117802759,147.79882649135885,248.79054054054055,235.50000000000003,3,-76.71962876026464,-30.83703608408019
2025-03-03 10:00:00,250.20984820925594,219.4968993524056,362.75135135135133,340.5,3,-112.5415031420954,-31.024420094603776
2025-03-03 11:00:00,334.9266557590589,297.1976471472739,444.83513513513515,415.0,3,-109.90847937607623,-24.70768846590489
2025-03-03 12:00:00,385.56045701343965,344.608167996276,461.79324324324324,432.75,3,-76.2327862298036,-16.50799082602623
2025-03-03 13:00:00,340.72136888025483,306.2308636053592,428.6621621621622,404.25,3,-87.94079328190736,-20.515175129602294
2025-03-03 14:00:00,320.54227147096367,288.71838643184765,345.43378378378384,328.25,3,-24.89151231282017,-7.205870844526436
2025-03-03 15:00:00,206.6249574905977,186.33490252510344,230.00945945945946,221.0,3,-23.38450196886177,-10.16675662984349
2025-03-03 16:00:00,122.39919039263789,109.94299147481375,108.59054054054054,106.00000000000001,3,13.808649852097346,12.71625482602889
2025-03-03 17:00:00,28.14357461771668,24.891509415562,16.36756756756757,16.25,3,11.776007050149111,71.94720291537601
2025-03-03 18:00:00,0.0,0.0,0.0,0.0,3,0.0,0.0
2025-03-03 19:00:00,0.0,0.0,0.0,0.0,3,0.0,0.0
2025-03-03 20:00:00,0.0,0.0,0.0,0.0,3,0.0,0.0
2025-03-03 21:00:00,0.0,0.0,0.0,0.0,3,0.0,0.0
2025-03-03 22:00:00,0.0,0.0,0.0,0.0,3,0.0,0.0
2025-03-03 23:00:00,0.0,0.0,0.0,0.0,3,0.0,0.0
2025-03-04 00:00:00,0.0,0.0,0.0,0.0,3,0.0,0.0
2025-03-04 01:00:00,0.0,0.0,0.0,0.0,3,0.0,0.0
2025-03-04 02:00:00,0.0,0.0,0.0,0.0,3,0.0,0.0
2025-03-04 03:00:00,0.0,0.0,0.0,0.0,3,0.0,0.0
2025-03-04 04:00:00,0.0,0.0,0.0,0.0,3,0.0,0.0
2025-03-04 05:00:00,0.0,0.0,0.0,0.0,3,0.0,0.0
2025-03-04 06:00:00,0.0,0.0,0.5,0.7500000000000001,3,-0.5,0.0
2025-03-04 07:00:00,0.5379498081168053,0.3984645621818615,74.83648648648649,65.0,3,-74.29853667836969,-99.2811664024153
2025-03-04 08:00:00,25.10258220693127,20.94894722124309,229.11621621621623,203.5,3,-204.01363400928497,-89.04373395236152
2025-03-04 09:00:00,59.41810950434225,51.5086153933863,366.8810810810811,332.25,3,-307.4629715767389,-83.80453161300765
2025-03-04 10:00:00,78.18882695366085,69.10285210982832,444.29324324324324,408.25,3,-366.1044162895824,-82.40152688730993
2025-03-04 11:00:00,100.12453730773976,89.46383089208608,514.322972972973,475.75000000000006,3,-414.1984356652333,-80.5327503204876
2025-03-04 12:00:00,111.42995119976106,100.26258245659656,532.2527027027028,493.50000000000006,3,-420.82275150294174,-79.06446493668595
2025-03-04 13:00:00,93.91286824288046,84.90867348873331,481.8405405405406,450.5,3,-387.92767229766014,-80.50955443941544
2025-03-04 14:00:00,98.8482133839889,89.5668261508234,408.2013513513514,384.00000000000006,3,-309.3531379673625,-75.78444729377998
2025-03-04 15:00:00,71.93239940082718,65.20404603236719,286.9918918918919,272.0,3,-215.0594924910647,-74.93573810512957
2025-03-04 16:00:00,42.09758642215417,38.0210336459485,127.02297297297297,123.0,3,-84.92538655081879,-66.858289144979
2025-03-04 17:00:00,11.376037549669048,10.111960865879489,25.843243243243247,25.500000000000004,3,-14.467205693574199,-55.98061186595328
2025-03-04 18:00:00,0.0,0.0,0.0,0.0,3,0.0,0.0
2025-03-04 19:00:00,0.0,0.0,0.0,0.0,3,0.0,0.0
2025-03-04 20:00:00,0.0,0.0,0.0,0.0,3,0.0,0.0
2025-03-04 21:00:00,0.0,0.0,0.0,0.0,3,0.0,0.0
2025-03-04 22:00:00,0.0,0.0,0.0,0.0,3,0.0,0.0
2025-03-04 23:00:00,0.0,0.0,0.0,0.0,3,0.0,0.0
2025-03-05 00:00:00,0.0,0.0,0.0,0.0,3,0.0,0.0
2025-03-05 01:00:00,0.0,0.0,0.0,0.0,3,0.0,0.0
2025-03-05 02:00:00,0.0,0.0,0.0,0.0,3,0.0,0.0
2025-03-05 03:00:00,0.0,0.0,0.0,0.0,3,0.0,0.0
2025-03-05 04:00:00,0.0,0.0,0.0,0.0,3,0.0,0.0
2025-03-05 05:00:00,0.0,0.0,0.0,0.0,3,0.0,0.0
2025-03-05 06:00:00,0.0,0.0,0.7500000000000001,0.7500000000000001,3,-0.7500000000000001,0.0
2025-03-05 07:00:00,3.1552109271774964,2.689291960850473,42.708108108108114,41.5,3,-39.552897180930614,-92.61215008824405
2025-03-05 08:00:00,108.5148793459719,93.29228840091294,143.78378378378378,137.0,3,-35.26890443781187,-24.529125266899236
2025-03-05 09:00:00,263.00595816378086,237.00293859507508,260.3135135135135,246.5,3,2.692444650267362,1.0343084436634868
2025-03-05 10:00:00,390.5654815778561,356.88391687793387,395.80405405405406,369.75,3,-5.238572476197987,-1.323526735651517
2025-03-05 11:00:00,434.4393178057875,391.6056767853592,507.4256756756756,470.00000000000006,3,-72.98635786988814,-14.383654861906878
2025-03-05 12:00:00,480.907647786075,439.3535560073773,542.5581081081082,503.75000000000006,3,-61.650460322033155,-11.36292304929464
2025-03-05 13:00:00,493.3583959884184,458.59559483640106,496.6810810810811,464.0,3,-3.3226850926627094,-0.668977583247286
2025-03-05 14:00:00,435.9732265199402,408.5903254188835,412.01216216216216,387.5,3,23.96106435777807,5.815620643826367
2025-03-05 15:00:00,307.41032515621356,284.17106306112277,303.52702702702703,287.25,3,3.883298129186528,1.2793912183776461
2025-03-05 16:00:00,187.74771334151094,178.14637111197695,155.2391891891892,149.00000000000003,3,32.50852415232174,20.94092627133202
2025-03-05 17:00:00,48.25914039170851,47.20964524091605,26.8527027027027,26.5,3,21.406437689005813,79.71800055288763
2025-03-05 18:00:00,0.0,0.0,0.0,0.0,3,0.0,0.0
2025-03-05 19:00:00,0.0,0.0,0.0,0.0,3,0.0,0.0
2025-03-05 20:00:00,0.0,0.0,0.0,0.0,3,0.0,0.0
2025-03-05 21:00:00,0.0,0.0,0.0,0.0,3,0.0,0.0
2025-03-05 22:00:00,0.0,0.0,0.0,0.0,3,0.0,0.0
2025-03-05 23:00:00,0.0,0.0,0.0,0.0,3,0.0,0.0
2025-03-06 00:00:00,0.0,0.0,0.0,0.0,3,0.0,0.0
2025-03-06 01:00:00,0.0,0.0,0.0,0.0,3,0.0,0.0
2025-03-06 02:00:00,0.0,0.0,0.0,0.0,3,0.0,0.0
2025-03-06 03:00:00,0.0,0.0,0.0,0.0,3,0.0,0.0
2025-03-06 04:00:00,0.0,0.0,0.0,0.0,3,0.0,0.0
2025-03-06 05:00:00,0.0,0.0,0.0,0.0,3,0.0,0.0
2025-03-06 06:00:00,0.0,0.0,1.7500000000000002,1.7500000000000002,3,-1.7500000000000002,-100.0
2025-03-06 07:00:00,1.6466828032897034,1.2552891464426994,74.11486486486487,67.0,3,-72.46818206157516,-97.77820170583576
2025-03-06 08:00:00,40.85754101810069,34.30341182328346,215.6527027027027,196.5,3,-174.79516168460202,-81.0540092908427
2025-03-06 09:00:00,95.33513717146846,82.87843040098636,349.0283783783784,321.25000000000006,3,-253.69324120690996,-72.68556281457535
2025-03-06 10:00:00,107.52753760266604,95.26153680028203,453.17432432432435,419.75000000000006,3,-345.6467867216583,-76.27236764505847
2025-03-06 11:00:00,115.56383692762772,103.50028054161363,518.5824324324325,482.00000000000006,3,-403.01859550480475,-77.71543544474294
2025-03-06 12:00:00,162.89469729325882,146.780285213168,534.922972972973,498.24999999999994,3,-372.02827567971417,-69.54800868096405
2025-03-06 13:00:00,160.69467536194443,145.45033668986656,471.5716216216217,445.25000000000006,3,-310.8769462596773,-65.92359081970328
2025-03-06 14:00:00,161.1776640697953,146.22773397574372,239.73648648648648,234.0,3,-78.55882241669119,-32.76882195448351
2025-03-06 15:00:00,105.27914601292031,95.62954471768927,120.51486486486488,120.25000000000003,3,-15.235718851944569,-12.642190545563494
2025-03-06 16:00:00,66.7190986499887,60.43918641217198,62.47972972972973,63.0,3,4.239368920258961,6.785190874860238
2025-03-06 17:00:00,19.903494393071426,17.802235227998914,19.17837837837838,19.500000000000004,3,0.7251160146930467,3.780903684278851
2025-03-06 18:00:00,0.0,0.0,0.0,0.0,3,0.0,0.0
2025-03-06 19:00:00,0.0,0.0,0.0,0.0,3,0.0,0.0
2025-03-06 20:00:00,0.0,0.0,0.0,0.0,3,0.0,0.0
2025-03-06 21:00:00,0.0,0.0,0.0,0.0,3,0.0,0.0
2025-03-06 22:00:00,0.0,0.0,0.0,0.0,3,0.0,0.0
2025-03-06 23:00:00,0.0,0.0,0.0,0.0,3,0.0,0.0
2025-03-07 00:00:00,0.0,0.0,0.0,0.0,3,0.0,0.0
2025-03-07 01:00:00,0.0,0.0,0.0,0.0,3,0.0,0.0
2025-03-07 02:00:00,0.0,0.0,0.0,0.0,3,0.0,0.0
2025-03-07 03:00:00,0.0,0.0,0.0,0.0,3,0.0,0.0
2025-03-07 04:00:00,0.0,0.0,0.0,0.0,3,0.0,0.0
2025-03-07 05:00:00,0.0,0.0,0.0,0.0,3,0.0,0.0
2025-03-07 06:00:00,0.0,0.0,0.7500000000000001,0.7500000000000001,3,-0.7500000000000001,0.0
2025-03-07 07:00:00,0.6466448274203279,0.5006847319164115,29.48513513513514,30.25,3,-28.83849030771481,-97.80687853572097
2025-03-07 08:00:00,16.364869835188195,13.839971880414982,89.12972972972975,89.25,3,-72.76485989454156,-81.63926909145603
2025-03-07 09:00:00,34.37100602006893,30.042512390706545,179.47837837837838,176.25000000000003,3,-145.10737235830945,-80.84950046316577
2025-03-07 10:00:00,48.81448554293639,43.390998612438246,359.3797297297298,342.25,3,-310.5652441867934,-86.41701757089997
2025-03-07 11:00:00,62.63171557436747,56.23032859898046,477.48108108108113,448.5,3,-414.84936550671364,-86.88289064091065
2025-03-07 12:00:00,48.04608257997509,43.43435087935881,358.2581081081081,346.25,3,-310.21202552813304,-86.58897551999671
2025-03-07 13:00:00,70.75143336109446,64.2136681809853,237.52702702702706,235.75000000000003,3,-166.7755936659326,-70.21331246105143
2025-03-07 14:00:00,54.60758865094867,49.703321488430866,161.21756756756756,161.25,3,-106.60997891661889,-66.12801602526214
2025-03-07 15:00:00,40.24013641536364,36.659737981681104,91.47972972972973,92.25,3,-51.23959331436609,-56.01196403372614
2025-03-07 16:00:00,21.499747373613754,19.543562644455573,75.83783783783785,76.0,3,-54.338090464224095,-71.65036875182791
2025-03-07 17:00:00,7.026175726116054,6.308766466948666,20.933783783783785,21.0,3,-13.90760805766773,-66.43618851380879
2025-03-07 18:00:00,0.0,0.0,0.0,0.0,3,0.0,0.0
2025-03-07 19:00:00,0.0,0.0,0.0,0.0,3,0.0,0.0
2025-03-07 20:00:00,0.0,0.0,0.0,0.0,3,0.0,0.0
2025-03-07 21:00:00,0.0,0.0,0.0,0.0,3,0.0,0.0
2025-03-07 22:00:00,0.0,0.0,0.0,0.0,3,0.0,0.0
2025-03-07 23:00:00,0.0,0.0,0.0,0.0,3,0.0,0.0
2025-03-08 00:00:00,0.0,0.0,0.0,0.0,3,0.0,0.0
2025-03-08 01:00:00,0.0,0.0,0.0,0.0,3,0.0,0.0
2025-03-08 02:00:00,0.0,0.0,0.0,0.0,3,0.0,0.0
2025-03-08 03:00:00,0.0,0.0,0.0,0.0,3,0.0,0.0
2025-03-08 04:00:00,0.0,0.0,0.0,0.0,3,0.0,0.0
2025-03-08 05:00:00,0.0,0.0,0.0,0.0,3,0.0,0.0
2025-03-08 06:00:00,0.0,0.0,3.75,3.75,3,-3.75,-100.0
2025-03-08 07:00:00,7.910583051538054,6.502069383872865,78.50405405405405,72.50000000000001,3,-70.593471002516,-89.92334453696975
2025-03-08 08:00:00,91.47730995090673,76.93892968754126,218.73783783783784,202.0,3,-127.26052788693111,-58.179476008753554
2025-03-08 09:00:00,267.2901597139463,238.0159727202888,358.03513513513514,331.25000000000006,3,-90.74497542118883,-25.345271040770474
2025-03-08 10:00:00,385.00131997601426,347.70392802703736,468.25540540540544,435.00000000000006,3,-83.25408542939118,-17.779631472126113
2025-03-08 11:00:00,431.0156555768234,385.44939558980184,520.2581081081081,486.24999999999994,3,-89.2424525312847,-17.153495763056974
2025-03-08 12:00:00,386.09941878688346,347.3745348006184,529.0729729729729,497.25,3,-142.97355418608947,-27.02340914953392
2025-03-08 13:00:00,481.85007652388845,443.4667136413458,506.145945945946,476.75,3,-24.295869422057535,-4.800170705042498
2025-03-08 14:00:00,422.8291495995384,390.9317844807702,420.12162162162167,398.5,3,2.7075279779167545,0.6444628980212931
2025-03-08 15:00:00,281.36827540539576,255.29290623170476,299.7418918918919,286.75,3,-18.373616486496132,-6.12981267667549
2025-03-08 16:00:00,205.14606837956967,196.5411633633009,144.59459459459458,141.0,3,60.55147378497509,41.876720187739785
2025-03-08 17:00:00,57.29334122014125,54.27824280535515,28.735135135135135,28.75,3,28.558206085006116,99.38427625519435
2025-03-08 18:00:00,0.0,0.0,0.0,0.0,3,0.0,0.0
2025-03-08 19:00:00,0.0,0.0,0.0,0.0,3,0.0,0.0
2025-03-08 20:00:00,0.0,0.0,0.0,0.0,3,0.0,0.0
2025-03-08 21:00:00,0.0,0.0,0.0,0.0,3,0.0,0.0
2025-03-08 22:00:00,0.0,0.0,0.0,0.0,3,0.0,0.0
2025-03-08 23:00:00,0.0,0.0,0.0,0.0,3,0.0,0.0
2025-03-09 00:00:00,0.0,0.0,0.0,0.0,3,0.0,0.0
2025-03-09 01:00:00,0.0,0.0,0.0,0.0,3,0.0,0.0
2025-03-09 02:00:00,0.0,0.0,0.0,0.0,3,0.0,0.0
2025-03-09 03:00:00,0.0,0.0,0.0,0.0,3,0.0,0.0
2025-03-09 04:00:00,0.0,0.0,0.0,0.0,3,0.0,0.0
2025-03-09 05:00:00,0.0,0.0,0.0,0.0,3,0.0,0.0
2025-03-09 06:00:00,0.0,0.0,3.25,3.25,3,-3.25,-100.0
2025-03-09 07:00:00,6.133631508253084,4.857309464764357,87.69594594594595,80.75,3,-81.56231443769286,-93.00579811062903
2025-03-09 08:00:00,83.54224337876029,70.61835472713736,232.64594594594595,214.50000000000003,3,-149.10370256718568,-64.09039364985502
2025-03-09 09:00:00,200.5717335196715,174.71652741430506,359.5567567567568,334.25,3,-158.98502323708527,-44.21694774175528
2025-03-09 10:00:00,212.52977826303623,188.64623680807793,466.92837837837834,435.50000000000006,3,-254.3986001153421,-54.48343084197565
2025-03-09 11:00:00,283.00136745778656,253.58798440857987,535.0864864864865,500.49999999999994,3,-252.08511902869992,-47.11109799912062
2025-03-09 12:00:00,329.3923017249682,297.00882754905234,550.418918918919,517.0000000000001,3,-221.02661719395076,-40.15607196570758
2025-03-09 13:00:00,298.60695244910943,270.59328050289884,506.6675675675676,478.75000000000006,3,-208.06061511845814,-41.06452207259385
2025-03-09 14:00:00,268.5035661247953,244.02445554122323,412.18783783783783,392.75000000000006,3,-143.6842717130425,-34.85893044946428
2025-03-09 15:00:00,234.15427685189354,212.99045626792852,291.67027027027024,280.75,3,-57.515993418376695,-19.719525533089364
2025-03-09 16:00:00,121.10764130447973,110.13842293780641,143.372972972973,140.25,3,-22.265331668493275,-15.529657512710207
2025-03-09 17:00:00,39.639940041865046,35.75726806190291,28.36756756756757,28.25,3,11.272372474297477,39.73683132136115
2025-03-09 18:00:00,0.0,0.0,0.0,0.0,3,0.0,0.0
2025-03-09 19:00:00,0.0,0.0,0.0,0.0,3,0.0,0.0
2025-03-09 20:00:00,0.0,0.0,0.0,0.0,3,0.0,0.0
2025-03-09 21:00:00,0.0,0.0,0.0,0.0,3,0.0,0.0
2025-03-09 22:00:00,0.0,0.0,0.0,0.0,3,0.0,0.0
2025-03-09 23:00:00,0.0,0.0,0.0,0.0,3,0.0,0.0
2025-03-10 00:00:00,0.0,0.0,0.0,0.0,3,0.0,0.0
2025-03-10 01:00:00,0.0,0.0,0.0,0.0,3,0.0,0.0
2025-03-10 02:00:00,0.0,0.0,0.0,0.0,3,0.0,0.0
2025-03-10 03:00:00,0.0,0.0,0.0,0.0,3,0.0,0.0
2025-03-10 04:00:00,0.0,0.0,0.0,0.0,3,0.0,0.0
2025-03-10 05:00:00,0.0,0.0,0.0,0.0,3,0.0,0.0
2025-03-10 06:00:00,0.0,0.0,3.750000000000001,3.750000000000001,3,-3.750000000000001,-100.0
2025-03-10 07:00:00,11.047726038412767,8.791082446630098,88.01351351351353,82.0,3,-76.96578747510077,-87.44769343094512
2025-03-10 08:00:00,129.6685622359255,109.90528614586682,215.90540540540536,202.75,3,-86.23684316947987,-39.941956528394016
2025-03-10 09:00:00,215.95187800240086,188.43036403750952,344.82162162162166,325.0,3,-128.8697436192208,-37.372872099253584
2025-03-10 10:00:00,407.14532387326454,371.2836012005228,404.395945945946,384.0,3,2.7493779273185623,0.679872771940711
2025-03-10 11:00:00,441.43478187232495,395.71212928323837,281.4027027027027,276.75,3,160.03207916962225,56.86941796671139
2025-03-10 12:00:00,475.3403357033544,429.6620174071831,261.23243243243246,258.50000000000006,3,214.10790327092195,81.96068967290299
2025-03-10 13:00:00,417.67693366169556,378.21916161766814,269.4337837837838,266.5,3,148.24314987791178,55.020253138290364
2025-03-10 14:00:00,437.6109669753674,406.5941549446757,302.4675675675675,295.0,3,135.14339940779985,44.6802943186993
2025-03-10 15:00:00,281.7095726054359,256.3633488572868,113.83783783783785,114.75000000000001,3,167.871734767598,147.46567394114734
2025-03-10 16:00:00,155.0613711083612,141.13909418105874,57.7445945945946,58.25,3,97.31677651376658,168.5296731183152
2025-03-10 17:00:00,59.73542741238905,54.00643439463248,13.25,13.5,3,46.48542741238905,350.8334144331249
2025-03-10 18:00:00,0.0,0.0,0.0,0.0,3,0.0,0.0
2025-03-10 19:00:00,0.0,0.0,0.0,0.0,3,0.0,0.0
2025-03-10 20:00:00,0.0,0.0,0.0,0.0,3,0.0,0.0
2025-03-10 21:00:00,0.0,0.0,0.0,0.0,3,0.0,0.0
2025-03-10 22:00:00,0.0,0.0,0.0,0.0,3,0.0,0.0
2025-03-10 23:00:00,0.0,0.0,0.0,0.0,3,0.0,0.0
2025-03-11 00:00:00,0.0,0.0,0.0,0.0,3,0.0,0.0
2025-03-11 01:00:00,0.0,0.0,0.0,0.0,3,0.0,0.0
2025-03-11 02:00:00,0.0,0.0,0.0,0.0,3,0.0,0.0
2025-03-11 03:00:00,0.0,0.0,0.0,0.0,3,0.0,0.0
2025-03-11 04:00:00,0.0,0.0,0.0,0.0,3,0.0,0.0
2025-03-11 05:00:00,0.0,0.0,0.0,0.0,3,0.0,0.0
2025-03-11 06:00:00,0.0,0.0,4.75,4.75,3,-4.75,-100.0
2025-03-11 07:00:00,14.66045281619484,11.725214899224794,68.34189189189189,65.25,3,-53.68143907569705,-78.54836556268329
2025-03-11 08:00:00,114.8938294974085,97.55824267601976,227.90945945945944,211.75,3,-113.01562996205094,-49.58795050898454
2025-03-11 09:00:00,225.87114064778117,197.45886512907606,390.66081081081086,361.25,3,-164.78967016302968,-42.182288471938385
2025-03-11 10:00:00,281.1401606171025,249.90837362146982,412.58513513513515,390.25,3,-131.44497451803267,-31.85887307233697
2025-03-11 11:00:00,431.7203053410065,386.7905448740585,420.56891891891894,402.0,3,11.151386422087569,2.651500365446034
2025-03-11 12:00:00,357.2583309453939,322.75756685785177,235.49054054054056,234.0,3,121.76779040485332,51.70814510228301
2025-03-11 13:00:00,422.8900804025643,383.3627057910782,165.07972972972973,165.49999999999997,3,257.8103506728346,156.17323283417318
2025-03-11 14:00:00,348.5987414554724,317.16505702894966,211.6945945945946,208.00000000000003,3,136.9041468608778,64.67059167148594
2025-03-11 15:00:00,307.80288957027017,280.3662787515534,134.04324324324324,134.25,3,173.75964632702693,129.62954500564555
2025-03-11 16:00:00,182.0551987360454,165.89291930019795,107.02972972972974,106.5,3,75.02546900631567,70.0977842285215
2025-03-11 17:00:00,51.49540264989776,46.70327119394022,32.74459459459459,33.0,3,18.750808055303175,57.26382716736558
2025-03-11 18:00:00,0.010187399819447567,0.007934547268424281,0.0,0.0,3,0.010187399819447567,0.0
2025-03-11 19:00:00,0.0,0.0,0.0,0.0,3,0.0,0.0
2025-03-11 20:00:00,0.0,0.0,0.0,0.0,3,0.0,0.0
2025-03-11 21:00:00,0.0,0.0,0.0,0.0,3,0.0,0.0
2025-03-11 22:00:00,0.0,0.0,0.0,0.0,3,0.0,0.0
2025-03-11 23:00:00,0.0,0.0,0.0,0.0,3,0.0,0.0
2025-03-12 00:00:00,0.0,0.0,0.0,0.0,3,0.0,0.0
2025-03-12 01:00:00,0.0,0.0,0.0,0.0,3,0.0,0.0
2025-03-12 02:00:00,0.0,0.0,0.0,0.0,3,0.0,0.0
2025-03-12 03:00:00,0.0,0.0,0.0,0.0,3,0.0,0.0
2025-03-12 04:00:00,0.0,0.0,0.0,0.0,3,0.0,0.0
2025-03-12 05:00:00,0.0,0.0,0.0,0.0,3,0.0,0.0
2025-03-12 06:00:00,0.0,0.0,5.500000000000001,5.500000000000001,3,-5.500000000000001,-100.0
2025-03-12 07:00:00,14.874507486348513,11.979984093897539,133.51486486486485,117.25,3,-118.64035737851634,-88.85928731500906
2025-03-12 08:00:00,110.75486123217097,94.4345964933807,251.35270270270271,230.5,3,-140.59784147053176,-55.93647490507766
2025-03-12 09:00:00,193.9196679070191,170.12714292499774,273.9783783783784,262.75000000000006,3,-80.05871047135932,-29.220813315711386
2025-03-12 10:00:00,317.0162636241428,282.00094890433775,231.79054054054055,224.75,3,85.22572308360228,36.76842156062713
2025-03-12 11:00:00,327.8889092399135,294.7175618252502,134.1391891891892,135.0,3,193.7497200507243,144.43931055633615
2025-03-12 12:00:00,394.54412350250396,356.65119269635176,195.97432432432436,192.50000000000003,3,198.5697991781796,101.32439535781224
2025-03-12 13:00:00,326.43689664843316,296.6970674446103,265.7418918918919,258.25000000000006,3,60.695004756541266,22.839833164593024
2025-03-12 14:00:00,257.4154288343444,234.83090511131172,348.00540540540544,336.0,3,-90.58997657106102,-26.031198126227128
2025-03-12 15:00:00,268.37013096632217,244.98098184671878,208.42297297297299,202.75,3,59.94715799334918,28.762260291298485
2025-03-12 16:00:00,129.4252304432371,118.30975442697843,150.4445945945946,147.75,3,-21.019364151357507,-13.971498416409519
2025-03-12 17:00:00,43.75131311018348,39.7966477647126,40.10810810810811,39.75,3,3.6432050020753692,9.083462606252604
2025-03-12 18:00:00,0.04032802838242036,0.03374410156078177,0.0,0.0,3,0.04032802838242036,0.0
2025-03-12 19:00:00,0.0,0.0,0.0,0.0,3,0.0,0.0
2025-03-12 20:00:00,0.0,0.0,0.0,0.0,3,0.0,0.0
2025-03-12 21:00:00,0.0,0.0,0.0,0.0,3,0.0,0.0
2025-03-12 22:00:00,0.0,0.0,0.0,0.0,3,0.0,0.0
2025-03-12 23:00:00,0.0,0.0,0.0,0.0,3,0.0,0.0
2025-03-13 00:00:00,0.0,0.0,0.0,0.0,3,0.0,0.0
2025-03-13 01:00:00,0.0,0.0,0.0,0.0,3,0.0,0.0
2025-03-13 02:00:00,0.0,0.0,0.0,0.0,3,0.0,0.0
2025-03-13 03:00:00,0.0,0.0,0.0,0.0,3,0.0,0.0
2025-03-13 04:00:00,0.0,0.0,0.0,0.0,3,0.0,0.0
2025-03-13 05:00:00,0.0,0.0,0.0,0.0,3,0.0,0.0
2025-03-13 06:00:00,0.0,0.0,6.749999999999999,6.749999999999999,3,-6.749999999999999,-100.0
2025-03-13 07:00:00,15.20558492105083,12.32798378100084,79.41081081081082,75.75000000000001,3,-64.20522588975999,-80.85199638966441
2025-03-13 08:00:00,125.54301872639795,107.28874580391141,148.10945945945943,143.50000000000003,3,-22.566440733061484,-15.23632644087691
2025-03-13 09:00:00,224.72966757970082,197.34393819593114,213.66621621621624,207.75,3,11.063451363484575,5.177913270242538
2025-03-13 10:00:00,265.80851333816736,237.11180099477124,197.15675675675675,195.75,3,68.65175658141061,34.82089973011176
2025-03-13 11:00:00,388.8792868046999,349.6043475895828,367.6270270270271,353.25,3,21.252259777672805,5.780929642071824
2025-03-13 12:00:00,360.47804443378203,326.4034355615054,305.9364864864865,297.0,3,54.54155794729553,17.827738879293392
2025-03-13 13:00:00,385.10253890352243,350.1046993854387,264.39864864864865,257.5,3,120.70389025487378,45.65223418190519
2025-03-13 14:00:00,341.44518901232215,311.4372423189229,307.4121621621622,295.75,3,34.033026850159956,11.070813402693965
2025-03-13 15:00:00,280.85630545969116,256.668623314088,205.49864864864864,200.25000000000003,3,75.35765681104252,36.67063375189649
2025-03-13 16:00:00,192.7719325003388,176.24395996914137,151.34594594594597,148.75,3,41.425986554392836,27.37171867767661
2025-03-13 17:00:00,63.67926894319209,58.04959819454482,15.060810810810812,15.25,3,48.61845813238128,322.81434740208294
2025-03-13 18:00:00,0.1064767132271299,0.09096949966992217,0.0,0.0,3,0.1064767132271299,0.0
2025-03-13 19:00:00,0.0,0.0,0.0,0.0,3,0.0,0.0
2025-03-13 20:00:00,0.0,0.0,0.0,0.0,3,0.0,0.0
2025-03-13 21:00:00,0.0,0.0,0.0,0.0,3,0.0,0.0
2025-03-13 22:00:00,0.0,0.0,0.0,0.0,3,0.0,0.0
2025-03-13 23:00:00,0.0,0.0,0.0,0.0,3,0.0,0.0
2025-03-14 00:00:00,0.0,0.0,0.0,0.0,3,0.0,0.0
2025-03-14 01:00:00,0.0,0.0,0.0,0.0,3,0.0,0.0
2025-03-14 02:00:00,0.0,0.0,0.0,0.0,3,0.0,0.0
2025-03-14 03:00:00,0.0,0.0,0.0,0.0,3,0.0,0.0
2025-03-14 04:00:00,0.0,0.0,0.0,0.0,3,0.0,0.0
2025-03-14 05:00:00,0.0,0.0,0.0,0.0,3,0.0,0.0
2025-03-14 06:00:00,0.0,0.0,9.608108108108109,9.250000000000002,3,-9.608108108108109,-100.0
2025-03-14 07:00:00,14.759991227000627,12.046412162638942,94.16621621621623,88.75000000000001,3,-79.4062249892156,-84.32559805407278
2025-03-14 08:00:00,102.20686874444992,87.82190305868451,287.7310810810811,263.5,3,-185.52421233663114,-64.47833568746486
2025-03-14 09:00:00,183.25281583938158,161.51109283568528,404.30270270270273,375.0,3,-221.04988686332115,-54.674352999778606
2025-03-14 10:00:00,266.4211206485406,238.01371592253489,260.7905405405405,254.25000000000003,3,5.630580108000061,2.1590430758452963
2025-03-14 11:00:00,287.22149379831137,258.99668788730725,169.02702702702703,168.5,3,118.19446677128434,69.92637145087177
2025-03-14 12:00:00,432.8726524084035,391.9752427342282,267.1689189189189,263.75000000000006,3,165.7037334894846,62.02208481435402
2025-03-14 13:00:00,409.46845542126874,372.53881961151575,246.53918918918922,243.75000000000003,3,162.92926623207953,66.08655880142888
2025-03-14 14:00:00,281.6241136369697,257.40430598659265,154.94594594594597,153.50000000000003,3,126.67816769102373,81.75636149603834
2025-03-14 15:00:00,249.73600169829254,228.6604459398541,210.91216216216216,207.75,3,38.82383953613038,18.407586901641185
2025-03-14 16:00:00,168.76789887048517,154.64975568187896,84.3891891891892,84.25,3,84.37870968129597,99.98758193082087
2025-03-14 17:00:00,66.55085092333603,60.819901010115366,43.641891891891895,44.00000000000001,3,22.908959031444134,52.49304747876965
2025-03-14 18:00:00,0.23663055113428919,0.2053537575556048,0.25,0.25,3,-0.013369448865710815,0.0
2025-03-14 19:00:00,0.0,0.0,0.0,0.0,3,0.0,0.0
2025-03-14 20:00:00,0.0,0.0,0.0,0.0,3,0.0,0.0
2025-03-14 21:00:00,0.0,0.0,0.0,0.0,3,0.0,0.0
2025-03-14 22:00:00,0.0,0.0,0.0,0.0,3,0.0,0.0
2025-03-14 23:00:00,0.0,0.0,0.0,0.0,3,0.0,0.0
2025-03-15 00:00:00,0.0,0.0,0.0,0.0,3,0.0,0.0
2025-03-15 01:00:00,0.0,0.0,0.0,0.0,3,0.0,0.0
2025-03-15 02:00:00,0.0,0.0,0.0,0.0,3,0.0,0.0
2025-03-15 03:00:00,0.0,0.0,0.0,0.0,3,0.0,0.0
2025-03-15 04:00:00,0.0,0.0,0.0,0.0,3,0.0,0.0
2025-03-15 05:00:00,0.0,0.0,0.0,0.0,3,0.0,0.0
2025-03-15 06:00:00,0.0,0.0,15.162162162162161,13.75,3,-15.162162162162161,-100.0
2025-03-15 07:00:00,30.091622185632954,26.35290708089781,130.67297297297299,119.75,3,-100.58135078734003,-76.97180870610728
2025-03-15 08:00:00,170.2026978473245,152.42793750082902,263.68243243243245,245.24999999999997,3,-93.47973458510796,-35.45163540959892
2025-03-15 09:00:00,329.8102746746434,303.50463582631346,370.2851351351352,348.75,3,-40.47486046049181,-10.930727868868015
2025-03-15 10:00:00,408.97120403227063,368.8394366345162,243.4756756756757,239.5,3,165.49552835659495,67.97209942936763
2025-03-15 11:00:00,505.97182431970424,465.2125086953796,217.30810810810812,217.00000000000003,3,288.6637162115961,132.83614620950522
2025-03-15 12:00:00,522.9368034698718,480.2155140850442,279.51621621621626,275.0,3,243.42058725365558,87.0863918197006
2025-03-15 13:00:00,438.9778975293802,399.660316286898,178.43918918918922,176.25000000000003,3,260.53870834019096,146.0098028488328
2025-03-15 14:00:00,478.19955501128226,450.2362278817916,165.36216216216215,165.25,3,312.8373928491201,189.1831775532401
2025-03-15 15:00:00,338.052076556727,311.2650685956787,221.19864864864866,217.50000000000003,3,116.85342790807834,52.82736970680504
2025-03-15 16:00:00,211.82360132789105,194.55780680929632,105.49729729729731,105.5,3,106.32630403059375,100.78580850366265
2025-03-15 17:00:00,73.35416023702155,67.19603479968838,33.810810810810814,34.0,3,39.54334942621073,116.9547505011828
2025-03-15 18:00:00,0.518655616056408,0.5415344868273498,0.25,0.25,3,0.268655616056408,0.0
2025-03-15 19:00:00,0.0,0.0,0.0,0.0,3,0.0,0.0
2025-03-15 20:00:00,0.0,0.0,0.0,0.0,3,0.0,0.0
2025-03-15 21:00:00,0.0,0.0,0.0,0.0,3,0.0,0.0
2025-03-15 22:00:00,0.0,0.0,0.0,0.0,3,0.0,0.0
2025-03-15 23:00:00,0.0,0.0,0.0,0.0,3,0.0,0.0
2025-03-16 00:00:00,0.0,0.0,0.0,0.0,3,0.0,0.0
2025-03-16 01:00:00,0.0,0.0,0.0,0.0,3,0.0,0.0
2025-03-16 02:00:00,0.0,0.0,0.0,0.0,3,0.0,0.0
2025-03-16 03:00:00,0.0,0.0,0.0,0.0,3,0.0,0.0
2025-03-16 04:00:00,0.0,0.0,0.0,0.0,3,0.0,0.0
2025-03-16 05:00:00,0.0,0.0,0.0,0.0,3,0.0,0.0
2025-03-16 06:00:00,0.0,0.0,16.279729729729727,15.000000000000002,3,-16.279729729729727,-100.0
2025-03-16 07:00:00,6.464613303715754,5.3537241445377175,148.84054054054056,134.75,3,-142.3759272368248,-95.65668514758252
2025-03-16 08:00:00,30.60694995519734,26.610805166825678,288.4432432432433,266.25,3,-257.8362932880459,-89.38891769103199
2025-03-16 09:00:00,62.237147894997385,55.304251251632735,378.5067567567568,356.50000000000006,3,-316.26960886175937,-83.5571897240943
2025-03-16 10:00:00,87.02317087575908,78.28155994355352,421.3594594594595,401.0,3,-334.3362885837004,-79.34704705872826
2025-03-16 11:00:00,95.78834684312477,86.86014184202078,355.1148648648649,346.5,3,-259.3265180217401,-73.02609484410742
2025-03-16 12:00:00,107.08191532991411,97.63705060095367,227.2054054054054,227.25,3,-120.12349007549129,-52.86999658355551
2025-03-16 13:00:00,89.45242858878373,81.92116888722327,204.93783783783783,205.50000000000003,3,-115.4854092490541,-56.35143342364859
2025-03-16 14:00:00,81.35234114606689,74.73980613420255,111.97972972972974,112.99999999999999,3,-30.62738858366285,-27.35083274230436
2025-03-16 15:00:00,68.85893955578076,63.40495303566716,100.60675675675678,101.5,3,-31.747817200976016,-31.556346933769756
2025-03-16 16:00:00,52.06644844110716,47.98727453925847,81.86216216216216,82.75,3,-29.795713721055,-36.39741845815428
2025-03-16 17:00:00,16.82193826090873,15.460611904252495,37.443243243243245,38.25,3,-20.621304982334514,-55.07350110772175
2025-03-16 18:00:00,0.15031612875496497,0.13356547647439915,0.5,0.5,3,-0.349683871245035,0.0
2025-03-16 19:00:00,0.0,0.0,0.0,0.0,3,0.0,0.0
2025-03-16 20:00:00,0.0,0.0,0.0,0.0,3,0.0,0.0
2025-03-16 21:00:00,0.0,0.0,0.0,0.0,3,0.0,0.0
2025-03-16 22:00:00,0.0,0.0,0.0,0.0,3,0.0,0.0
2025-03-16 23:00:00,0.0,0.0,0.0,0.0,3,0.0,0.0
2025-03-17 00:00:00,0.0,0.0,0.0,0.0,3,0.0,0.0
2025-03-17 01:00:00,0.0,0.0,0.0,0.0,3,0.0,0.0
2025-03-17 02:00:00,0.0,0.0,0.0,0.0,3,0.0,0.0
2025-03-17 03:00:00,0.0,0.0,0.0,0.0,3,0.0,0.0
2025-03-17 04:00:00,0.0,0.0,0.0,0.0,3,0.0,0.0
2025-03-17 05:00:00,0.0,0.0,0.0,0.0,3,0.0,0.0
2025-03-17 06:00:00,0.0,0.0,12.791891891891892,12.750000000000002,3,-12.791891891891892,-100.0
2025-03-17 07:00:00,17.90786558648904,14.860212188260451,72.87297297297299,71.50000000000001,3,-54.96510738648395,-75.42591600711738
2025-03-17 08:00:00,68.78118567877891,59.810974608870495,98.58783783783784,99.25,3,-29.806652159058928,-30.233599613054086
2025-03-17 09:00:00,126.98883163227273,112.81101842199864,89.17297297297297,90.25,3,37.815858659299764,42.40730952276448
2025-03-17 10:00:00,160.87615921738706,144.6959942848392,98.36216216216216,99.5,3,62.51399705522489,63.55492364244988
2025-03-17 11:00:00,212.6692039502525,192.71710614068334,124.59729729729729,125.75,3,88.0719066529552,70.68524644062694
2025-03-17 12:00:00,248.93752403514833,226.78669616023444,148.2054054054054,149.25,3,100.73211862974293,67.96791139580729
2025-03-17 13:00:00,230.39637385972807,210.83341314738388,143.08243243243243,144.00000000000003,3,87.31394142729565,61.02352325365153
2025-03-17 14:00:00,211.3452224128919,194.0367372408861,94.36756756756756,95.5,3,116.97765484532434,123.95959529376219
2025-03-17 15:00:00,117.02913562518273,107.81711706480588,151.33513513513515,151.25000000000003,3,-34.305999509952414,-22.668892771872688
2025-03-17 16:00:00,94.26512042870918,86.95404879139718,137.01891891891893,136.25,3,-42.753798490209746,-31.20284324787977
2025-03-17 17:00:00,40.050410357252616,36.89564776251999,56.52972972972974,57.00000000000001,3,-16.47931937247712,-29.15159766598075
2025-03-17 18:00:00,0.6123809172291844,0.547205665219337,1.7500000000000002,1.7500000000000002,3,-1.137619082770816,-65.0068047297609
2025-03-17 19:00:00,0.0,0.0,0.0,0.0,3,0.0,0.0
2025-03-17 20:00:00,0.0,0.0,0.0,0.0,3,0.0,0.0
2025-03-17 21:00:00,0.0,0.0,0.0,0.0,3,0.0,0.0
2025-03-17 22:00:00,0.0,0.0,0.0,0.0,3,0.0,0.0
2025-03-17 23:00:00,0.0,0.0,0.0,0.0,3,0.0,0.0
2025-03-18 00:00:00,0.0,0.0,0.0,0.0,3,0.0,0.0
2025-03-18 01:00:00,0.0,0.0,0.0,0.0,3,0.0,0.0
2025-03-18 02:00:00,0.0,0.0,0.0,0.0,3,0.0,0.0
2025-03-18 03:00:00,0.0,0.0,0.0,0.0,3,0.0,0.0
2025-03-18 04:00:00,0.0,0.0,0.0,0.0,3,0.0,0.0
2025-03-18 05:00:00,0.0,0.0,0.0,0.0,3,0.0,0.0
2025-03-18 06:00:00,0.0,0.0,21.995945945945945,20.0,3,-21.995945945945945,-100.0
2025-03-18 07:00:00,18.2668456894751,15.239636555010822,167.39729729729729,151.50000000000003,3,-149.13045160782218,-89.08772962024995
2025-03-18 08:00:00,63.754100748988314,55.620014253830504,333.6756756756757,305.74999999999994,3,-269.92157492668736,-80.89339277731598
2025-03-18 09:00:00,148.59899907794977,132.1703690975865,477.31486486486483,441.00000000000006,3,-328.71586578691506,-68.86772023745365
2025-03-18 10:00:00,150.14017636268224,135.2645059379572,587.4297297297297,546.25,3,-437.28955336704746,-74.4411682344099
2025-03-18 11:00:00,216.73851548124338,196.63429531479315,652.545945945946,609.75,3,-435.8074304647026,-66.78570806733705
2025-03-18 12:00:00,173.01345178446567,157.95782443123633,666.1364864864865,625.5,3,-493.12303470202085,-74.02732693760417
2025-03-18 13:00:00,202.91330676809358,185.9558045140812,622.918918918919,588.2499999999999,3,-420.0056121508254,-67.42540632410855
2025-03-18 14:00:00,172.97540883914803,159.0779146212507,527.9783783783784,501.50000000000006,3,-355.0029695392303,-67.23816430316313
2025-03-18 15:00:00,119.01347187501668,109.7856829196447,392.7864864864865,376.75000000000006,3,-273.7730146114699,-69.70021220953811
2025-03-18 16:00:00,98.35331696435436,90.87122913320066,231.90540540540542,226.25,3,-133.55208844105107,-57.58903644681417
2025-03-18 17:00:00,35.03713210082082,32.36079301710367,75.62432432432433,76.50000000000001,3,-40.587192223503514,-53.669494023431255
2025-03-18 18:00:00,0.6973211633161298,0.6260488598409328,2.5,2.5,3,-1.8026788366838702,-72.1071534673548
2025-03-18 19:00:00,0.0,0.0,0.0,0.0,3,0.0,0.0
2025-03-18 20:00:00,0.0,0.0,0.0,0.0,3,0.0,0.0
2025-03-18 21:00:00,0.0,0.0,0.0,0.0,3,0.0,0.0
2025-03-18 22:00:00,0.0,0.0,0.0,0.0,3,0.0,0.0
2025-03-18 23:00:00,0.0,0.0,0.0,0.0,3,0.0,0.0
2025-03-19 00:00:00,0.0,0.0,0.0,0.0,3,0.0,0.0
2025-03-19 01:00:00,0.0,0.0,0.0,0.0,3,0.0,0.0
2025-03-19 02:00:00,0.0,0.0,0.0,0.0,3,0.0,0.0
2025-03-19 03:00:00,0.0,0.0,0.0,0.0,3,0.0,0.0
2025-03-19 04:00:00,0.0,0.0,0.0,0.0,3,0.0,0.0
2025-03-19 05:00:00,0.0,0.0,0.0,0.0,3,0.0,0.0
2025-03-19 06:00:00,0.0,0.0,27.022972972972973,24.5,3,-27.022972972972973,-100.0
2025-03-19 07:00:00,42.12358845822081,35.133618520759384,160.55405405405406,147.50000000000003,3,-118.43046559583325,-73.7636095790898
2025-03-19 08:00:00,155.61144930611977,135.36774724976956,317.90945945945947,293.25,3,-162.2980101533397,-51.05164546827091
2025-03-19 09:00:00,311.26477546304613,276.07467585958113,459.61081081081085,426.5,3,-148.3460353477647,-32.27644604052367
2025-03-19 10:00:00,417.16791960730166,374.541674192722,569.7513513513514,531.25,3,-152.5834317440498,-26.78070554499754
2025-03-19 11:00:00,491.7520230779901,446.06651006619524,631.6243243243243,591.4999999999999,3,-139.87230124633425,-22.144856659211413
2025-03-19 12:00:00,475.6255731862211,433.0126733060903,641.5202702702702,603.4999999999999,3,-165.89469708404908,-25.859618904038406
2025-03-19 13:00:00,436.0191292919961,398.86367765024767,564.3972972972974,536.5,3,-128.37816800530135,-22.746063565516668
2025-03-19 14:00:00,378.66410598175844,347.71061021961236,300.6554054054054,294.75,3,78.00870057635302,25.9462158916337
2025-03-19 15:00:00,316.4993287431621,291.48632813201,162.76891891891893,163.0,3,153.73040982424317,94.44703008737304
2025-03-19 16:00:00,239.63179669581643,225.43251035212418,94.18108108108109,93.75,3,145.45071561473534,154.43729668967794
2025-03-19 17:00:00,85.3906907333687,79.03913415653568,50.825675675675676,51.5,3,34.565015057693024,68.0069956733212
2025-03-19 18:00:00,2.5953256879073647,2.597491140115171,1.0,1.0,3,1.5953256879073647,0.0
2025-03-19 19:00:00,0.0,0.0,0.0,0.0,3,0.0,0.0
2025-03-19 20:00:00,0.0,0.0,0.0,0.0,3,0.0,0.0
2025-03-19 21:00:00,0.0,0.0,0.0,0.0,3,0.0,0.0
2025-03-19 22:00:00,0.0,0.0,0.0,0.0,3,0.0,0.0
2025-03-19 23:00:00,0.0,0.0,0.0,0.0,3,0.0,0.0
2025-03-20 00:00:00,0.0,0.0,0.0,0.0,3,0.0,0.0
2025-03-20 01:00:00,0.0,0.0,0.0,0.0,3,0.0,0.0
2025-03-20 02:00:00,0.0,0.0,0.0,0.0,3,0.0,0.0
2025-03-20 03:00:00,0.0,0.0,0.0,0.0,3,0.0,0.0
2025-03-20 04:00:00,0.0,0.0,0.0,0.0,3,0.0,0.0
2025-03-20 05:00:00,0.0,0.0,0.0,0.0,3,0.0,0.0
2025-03-20 06:00:00,0.0,0.0,28.787837837837838,26.75,3,-28.787837837837838,-100.0
2025-03-20 07:00:00,45.85565366825385,38.43026660322897,162.0648648648649,149.75,3,-116.20921119661104,-71.7053701266528
2025-03-20 08:00:00,181.91151977491967,158.48487079606224,313.9527027027027,292.00000000000006,3,-132.04118292778304,-42.05766721900762
2025-03-20 09:00:00,355.40492041094495,327.11754364546135,451.6310810810811,422.0,3,-96.22616067013615,-21.30636368953994
2025-03-20 10:00:00,395.16447329222467,355.35802927678424,559.3054054054054,523.0000000000001,3,-164.14093211318072,-29.347281561529925
2025-03-20 11:00:00,519.2163990323185,476.4527618329851,621.4743243243244,583.75,3,-102.2579252920059,-16.454086884954123
2025-03-20 12:00:00,531.0105956302092,486.0205520695586,627.9418918918919,592.25,3,-96.93129626168275,-15.436348094191283
2025-03-20 13:00:00,530.5586339455461,491.0477439986123,582.4743243243244,552.25,3,-51.91569037877821,-8.91295774092719
2025-03-20 14:00:00,507.7933434181131,480.7814737885879,467.53648648648647,448.75000000000006,3,40.25685693162666,8.610420383263548
2025-03-20 15:00:00,387.1469492747463,365.94492975462475,317.1648648648649,309.5,3,69.9820844098814,22.064891847241277
2025-03-20 16:00:00,244.47430946677267,230.35750695564798,171.87972972972972,170.24999999999997,3,72.59457973704295,42.23568413284885
2025-03-20 17:00:00,110.34392183939276,110.38075375339444,55.855405405405406,57.0,3,54.48851643398736,97.55280807381666
2025-03-20 18:00:00,3.438676199269255,3.1697324422558806,1.5000000000000002,1.5000000000000002,3,1.9386761992692547,129.24507995128363
2025-03-20 19:00:00,0.0,0.0,0.0,0.0,3,0.0,0.0
2025-03-20 20:00:00,0.0,0.0,0.0,0.0,3,0.0,0.0
2025-03-20 21:00:00,0.0,0.0,0.0,0.0,3,0.0,0.0
2025-03-20 22:00:00,0.0,0.0,0.0,0.0,3,0.0,0.0
2025-03-20 23:00:00,0.0,0.0,0.0,0.0,3,0.0,0.0
2025-03-21 00:00:00,0.0,0.0,0.0,0.0,3,0.0,0.0
2025-03-21 01:00:00,0.0,0.0,0.0,0.0,3,0.0,0.0
2025-03-21 02:00:00,0.0,0.0,0.0,0.0,3,0.0,0.0
2025-03-21 03:00:00,0.0,0.0,0.0,0.0,3,0.0,0.0
2025-03-21 04:00:00,0.0,0.0,0.0,0.0,3,0.0,0.0
2025-03-21 05:00:00,0.0,0.0,0.0,0.0,3,0.0,0.0
2025-03-21 06:00:00,0.0,0.0,13.500000000000002,13.75,3,-13.500000000000002,-100.0
2025-03-21 07:00:00,52.91191905604767,44.524105819649336,95.57837837837839,94.0,3,-42.66645932233072,-44.640283761063124
2025-03-21 08:00:00,185.73677072906992,162.27009658907443,200.0648648648649,195.25,3,-14.32809413579497,-7.161724346487812
2025-03-21 09:00:00,298.44896216705985,265.8157840575162,230.77027027027032,227.5,3,67.67869189678953,29.327301050315775
2025-03-21 10:00:00,463.17226361688984,425.5098021289521,261.49729729729734,259.25,3,201.6749663195925,77.12315515456643
2025-03-21 11:00:00,458.66645693687275,416.18988605831424,389.3081081081081,379.25000000000006,3,69.35834882876463,17.81579869112418
2025-03-21 12:00:00,503.2996161402923,459.12578617746897,410.1621621621622,399.75,3,93.13745397813011,22.70747098834221
2025-03-21 13:00:00,428.60851477714345,393.01172429875106,249.63243243243244,248.25,3,178.97608234471102,71.69584520759503
2025-03-21 14:00:00,402.03108601043095,369.944274895368,181.10945945945946,182.0,3,220.9216265509715,121.9823786180665
2025-03-21 15:00:00,298.4344406737202,275.6657217970433,168.97702702702705,169.25,3,129.45741364669314,76.61243420147701
2025-03-21 16:00:00,216.0035515723494,200.17638269654017,96.36216216216218,97.25,3,119.64138941018723,124.1580582312483
2025-03-21 17:00:00,83.34829886343822,77.52438961222362,51.71351351351352,52.25000000000001,3,31.634785349924698,61.17315030559286
2025-03-21 18:00:00,4.428690576068612,4.045978822618013,1.5000000000000002,1.5000000000000002,3,2.928690576068612,195.2460384045741
2025-03-21 19:00:00,0.0,0.0,0.0,0.0,3,0.0,0.0
2025-03-21 20:00:00,0.0,0.0,0.0,0.0,3,0.0,0.0
2025-03-21 21:00:00,0.0,0.0,0.0,0.0,3,0.0,0.0
2025-03-21 22:00:00,0.0,0.0,0.0,0.0,3,0.0,0.0
2025-03-21 23:00:00,0.0,0.0,0.0,0.0,3,0.0,0.0
2025-03-22 00:00:00,0.0,0.0,0.0,0.0,3,0.0,0.0
2025-03-22 01:00:00,0.0,0.0,0.0,0.0,3,0.0,0.0
2025-03-22 02:00:00,0.0,0.0,0.0,0.0,3,0.0,0.0
2025-03-22 03:00:00,0.0,0.0,0.0,0.0,3,0.0,0.0
2025-03-22 04:00:00,0.0,0.0,0.0,0.0,3,0.0,0.0
2025-03-22 05:00:00,0.0,0.0,0.0,0.0,3,0.0,0.0
2025-03-22 06:00:00,0.0,0.0,16.424324324324324,16.25,3,-16.424324324324324,-100.0
2025-03-22 07:00:00,36.65648290944115,31.095120885492754,64.72567567567567,65.0,3,-28.069192766234522,-43.366395905826145
2025-03-22 08:00:00,103.01686589318975,90.65284098595012,122.05810810810812,122.5,3,-19.04124221491837,-15.600145299690658
2025-03-22 09:00:00,205.19999151019795,183.56918806791856,163.2783783783784,163.75,3,41.921613131819555,25.674932313861643
2025-03-22 10:00:00,270.4151666278388,244.43574012538338,200.4945945945946,200.75,3,69.92057203324421,34.87404344971268
2025-03-22 11:00:00,327.54756209604466,298.1165965529882,274.7445945945946,273.75000000000006,3,52.80296750145004,19.218928612358912
2025-03-22 12:00:00,326.1967753475277,298.5338981270322,235.71891891891894,236.0,3,90.47785642860876,38.38379067898693
2025-03-22 13:00:00,335.9372802409452,308.70108806094856,173.93513513513514,174.75000000000003,3,162.00214510581006,93.1394022144784
2025-03-22 14:00:00,260.6115120380106,240.4909432178545,117.29594594594595,118.50000000000001,3,143.3155660920646,122.18288103333887
2025-03-22 15:00:00,209.47857406757848,193.97565865736982,45.877027027027026,46.5,3,163.60154704055145,356.6088686264929
2025-03-22 16:00:00,140.2732906126152,130.3508148574437,40.0,40.0,3,100.2732906126152,250.683226531538
2025-03-22 17:00:00,60.719443966185715,56.60786995587389,21.750000000000004,21.750000000000004,3,38.96944396618571,179.16985731579632
2025-03-22 18:00:00,3.9847681685599547,3.6566233244412865,0.7500000000000001,0.7500000000000001,3,3.2347681685599547,0.0
2025-03-22 19:00:00,0.0,0.0,0.0,0.0,3,0.0,0.0
2025-03-22 20:00:00,0.0,0.0,0.0,0.0,3,0.0,0.0
2025-03-22 21:00:00,0.0,0.0,0.0,0.0,3,0.0,0.0
2025-03-22 22:00:00,0.0,0.0,0.0,0.0,3,0.0,0.0
2025-03-22 23:00:00,0.0,0.0,0.0,0.0,3,0.0,0.0
2025-03-23 00:00:00,0.0,0.0,0.0,0.0,3,0.0,0.0
2025-03-23 01:00:00,0.0,0.0,0.0,0.0,3,0.0,0.0
2025-03-23 02:00:00,0.0,0.0,0.0,0.0,3,0.0,0.0
2025-03-23 03:00:00,0.0,0.0,0.0,0.0,3,0.0,0.0
2025-03-23 04:00:00,0.0,0.0,0.0,0.0,3,0.0,0.0
2025-03-23 05:00:00,0.0,0.0,0.0,0.0,3,0.0,0.0
2025-03-23 06:00:00,0.0,0.0,10.56081081081081,11.000000000000002,3,-10.56081081081081,-100.0
2025-03-23 07:00:00,25.556440358610754,21.821006483876477,41.87702702702703,42.75,3,-16.32058666841628,-38.97264879353333
2025-03-23 08:00:00,81.18721862024536,71.70529802331558,68.75,69.75,3,12.43721862024536,18.09049981126598
2025-03-23 09:00:00,120.12682036640369,107.89074316849852,62.75,63.75,3,57.37682036640369,91.43716393052381
2025-03-23 10:00:00,131.313848277242,119.14498549221908,91.36756756756758,92.5,3,39.94628070967441,43.720416087616194
2025-03-23 11:00:00,154.3127284860789,140.93685772374354,117.72972972972974,119.00000000000001,3,36.582998756349156,31.073713360535322
2025-03-23 12:00:00,203.34488248365224,186.56460336297653,126.97027027027028,128.0,3,76.37461221338197,60.151570955004
2025-03-23 13:00:00,173.6423977396231,160.01945832013024,110.05000000000001,111.00000000000001,3,63.592397739623095,57.785004761129564
2025-03-23 14:00:00,156.39820803598505,144.6537338594789,84.37567567567568,85.49999999999999,3,72.02253236030937,85.35935479456249
2025-03-23 15:00:00,115.12009800367353,106.85964894431737,87.80540540540541,88.75000000000001,3,27.314692598268124,31.108213067468622
2025-03-23 16:00:00,87.29971910515297,81.3078421923032,56.00000000000001,56.5,3,31.299719105152967,55.89235554491601
2025-03-23 17:00:00,43.33854264914068,40.49231084518903,26.56081081081081,27.0,3,16.777731838329867,63.16724273906945
2025-03-23 18:00:00,2.0465473611040172,1.8846932383579538,0.7500000000000001,0.7500000000000001,3,1.2965473611040172,0.0
2025-03-23 19:00:00,0.0,0.0,0.0,0.0,3,0.0,0.0
2025-03-23 20:00:00,0.0,0.0,0.0,0.0,3,0.0,0.0
2025-03-23 21:00:00,0.0,0.0,0.0,0.0,3,0.0,0.0
2025-03-23 22:00:00,0.0,0.0,0.0,0.0,3,0.0,0.0
2025-03-23 23:00:00,0.0,0.0,0.0,0.0,3,0.0,0.0
2025-03-24 00:00:00,0.0,0.0,0.0,0.0,3,0.0,0.0
2025-03-24 01:00:00,0.0,0.0,0.0,0.0,3,0.0,0.0
2025-03-24 02:00:00,0.0,0.0,0.0,0.0,3,0.0,0.0
2025-03-24 03:00:00,0.0,0.0,0.0,0.0,3,0.0,0.0
2025-03-24 04:00:00,0.0,0.0,0.0,0.0,3,0.0,0.0
2025-03-24 05:00:00,0.0,0.0,0.0,0.0,3,0.0,0.0
2025-03-24 06:00:00,0.004909903281931281,0.002236404441967294,15.683783783783785,15.75,3,-15.678873880501854,-99.96869439575539
2025-03-24 07:00:00,50.710917521577535,43.331898214563815,76.43648648648649,76.25,3,-25.725568964908952,-33.65613746447788
2025-03-24 08:00:00,178.73765764052607,157.52548270692193,172.74054054054056,170.75,3,5.997117099985502,3.4717484854564504
2025-03-24 09:00:00,217.9684360230667,195.611937734753,358.36081081081085,345.75000000000006,3,-140.39237478774416,-39.17626329455466
2025-03-24 10:00:00,340.47498755667135,308.24054050939804,513.4256756756756,490.0,3,-172.95068811900427,-33.68563286037432
2025-03-24 11:00:00,365.6125932562953,333.36969084202696,590.5054054054056,562.5,3,-224.89281214911023,-38.084801610700296
2025-03-24 12:00:00,440.960256409325,403.90041667835817,570.9297297297297,547.75,3,-129.96947332040475,-22.76453065107163
2025-03-24 13:00:00,354.27880194884796,326.1742280233173,438.55135135135134,427.5,3,-84.27254940250339,-19.216118965960565
2025-03-24 14:00:00,390.23906680800957,360.377637918965,407.6689189189189,397.75000000000006,3,-17.429852110909337,-4.27549202355943
2025-03-24 15:00:00,275.95708114365516,255.95575057128653,295.3945945945946,291.25,3,-19.437513450939434,-6.580185895959222
2025-03-24 16:00:00,163.93404480046541,152.75444823916555,201.47027027027028,200.74999999999997,3,-37.53622546980486,-18.631148615351737
2025-03-24 17:00:00,78.88965670480563,73.86882536385765,72.16621621621621,73.5,3,6.723440488589418,9.316603864120312
2025-03-24 18:00:00,5.846250497316503,5.41999755335759,2.8162162162162168,3.0,3,3.0300342811002863,107.59238810048998
2025-03-24 19:00:00,0.0,0.0,0.0,0.0,3,0.0,0.0
2025-03-24 20:00:00,0.0,0.0,0.0,0.0,3,0.0,0.0
2025-03-24 21:00:00,0.0,0.0,0.0,0.0,3,0.0,0.0
2025-03-24 22:00:00,0.0,0.0,0.0,0.0,3,0.0,0.0
2025-03-24 23:00:00,0.0,0.0,0.0,0.0,3,0.0,0.0
2025-03-25 00:00:00,0.0,0.0,0.0,0.0,3,0.0,0.0
2025-03-25 01:00:00,0.0,0.0,0.0,0.0,3,0.0,0.0
2025-03-25 02:00:00,0.0,0.0,0.0,0.0,3,0.0,0.0
2025-03-25 03:00:00,0.0,0.0,0.0,0.0,3,0.0,0.0
2025-03-25 04:00:00,0.0,0.0,0.0,0.0,3,0.0,0.0
2025-03-25 05:00:00,0.0,0.0,0.0,0.0,3,0.0,0.0
2025-03-25 06:00:00,0.07103184900436736,0.056627136736659416,25.466216216216214,25.25,3,-25.395184367211847,-99.72107419334979
2025-03-25 07:00:00,74.0936147669609,63.40404268553553,39.05135135135135,39.25,3,35.04226341560955,89.7338048569142
2025-03-25 08:00:00,189.0853904772833,167.0014081671622,112.37432432432435,113.00000000000001,3,76.71106615295896,68.26387309930567
2025-03-25 09:00:00,375.5792106405197,344.82663565841136,200.03378378378378,199.00000000000003,3,175.54542685673593,87.75788946055368
2025-03-25 10:00:00,397.64453693321224,360.1530212922684,276.92837837837834,274.0,3,120.7161585548339,43.59111163027668
2025-03-25 11:00:00,518.5335671997797,472.4403214147874,271.0824324324325,269.25,3,247.45113476734718,91.28261560402834
2025-03-25 12:00:00,557.0711005109556,512.4977632278428,299.77972972972975,297.25,3,257.29137078122585,85.8268072404996
2025-03-25 13:00:00,547.6948233327416,507.56929073953114,207.0283783783784,207.75000000000003,3,340.6664449543632,164.5506029766312
2025-03-25 14:00:00,484.59001422598635,450.3123655687987,183.36891891891892,184.5,3,301.22109530706746,164.27053018743038
2025-03-25 15:00:00,368.50008728299696,341.84125330674306,166.25675675675677,167.25,3,202.2433305262402,121.64517970366393
2025-03-25 16:00:00,264.8241891206079,250.1826674209382,145.51216216216216,146.25,3,119.31202695844576,81.99453927808567
2025-03-25 17:00:00,125.27529002283944,121.46216295770178,87.66351351351352,89.75,3,37.61177650932592,42.90471029720704
2025-03-25 18:00:00,10.34999009002245,10.383550679675157,5.698648648648649,5.750000000000001,3,4.651341441373801,81.62183226503706
2025-03-25 19:00:00,0.0,0.0,0.0,0.0,3,0.0,0.0
2025-03-25 20:00:00,0.0,0.0,0.0,0.0,3,0.0,0.0
2025-03-25 21:00:00,0.0,0.0,0.0,0.0,3,0.0,0.0
2025-03-25 22:00:00,0.0,0.0,0.0,0.0,3,0.0,0.0
2025-03-25 23:00:00,0.0,0.0,0.0,0.0,3,0.0,0.0
2025-03-26 00:00:00,0.0,0.0,0.0,0.0,3,0.0,0.0
2025-03-26 01:00:00,0.0,0.0,0.0,0.0,3,0.0,0.0
2025-03-26 02:00:00,0.0,0.0,0.0,0.0,3,0.0,0.0
2025-03-26 03:00:00,0.0,0.0,0.0,0.0,3,0.0,0.0
2025-03-26 04:00:00,0.0,0.0,0.0,0.0,3,0.0,0.0
2025-03-26 05:00:00,0.0,0.0,0.0,0.0,3,0.0,0.0
2025-03-26 06:00:00,0.16133638766097227,0.12773307886540314,54.26081081081082,50.75,3,-54.09947442314984,-99.70266498924335
2025-03-26 07:00:00,86.04937443220906,77.64653767912004,202.2054054054054,189.25000000000003,3,-116.15603097319634,-57.444572631633136
2025-03-26 08:00:00,220.28243236206913,194.7923876718841,362.26621621621626,339.75,3,-141.98378385414713,-39.19321689367938
2025-03-26 09:00:00,332.5027806447455,298.6159410347802,503.38378378378377,472.75,3,-170.88100313903828,-33.94646562799012
2025-03-26 10:00:00,453.7587688471636,411.17289946653915,583.7594594594595,550.7500000000001,3,-130.00069061229595,-22.269564716376838
2025-03-26 11:00:00,557.7983177709568,516.0403277613581,612.1364864864865,581.25,3,-54.33816871552972,-8.876806057978587
2025-03-26 12:00:00,605.9411700153854,567.0566053146823,673.8256756756756,639.2500000000001,3,-67.88450566029019,-10.074490793515595
2025-03-26 13:00:00,548.652477884828,508.1074702919107,642.6797297297297,612.0,3,-94.02725184490168,-14.630499064354119
2025-03-26 14:00:00,404.81890640490934,374.60151139667414,540.5554054054055,519.0,3,-135.73649900049617,-25.11056177464298
2025-03-26 15:00:00,351.31499742832915,326.3653125906296,410.2986486486487,399.0,3,-58.98365122031953,-14.375784910476035
2025-03-26 16:00:00,211.7656918966254,197.7950537907718,239.8972972972973,237.25,3,-28.1316054006719,-11.726520355837636
2025-03-26 17:00:00,118.7415023270318,111.65812756981113,94.30540540540541,96.50000000000001,3,24.436096921626387,25.911660966387995
2025-03-26 18:00:00,10.258008247184607,9.611482815448722,6.448648648648648,7.0,3,3.809359598535959,59.07221506531035
2025-03-26 19:00:00,0.0,0.0,0.0,0.0,3,0.0,0.0
2025-03-26 20:00:00,0.0,0.0,0.0,0.0,3,0.0,0.0
2025-03-26 21:00:00,0.0,0.0,0.0,0.0,3,0.0,0.0
2025-03-26 22:00:00,0.0,0.0,0.0,0.0,3,0.0,0.0
2025-03-26 23:00:00,0.0,0.0,0.0,0.0,3,0.0,0.0
2025-03-27 00:00:00,0.0,0.0,0.0,0.0,3,0.0,0.0
2025-03-27 01:00:00,0.0,0.0,0.0,0.0,3,0.0,0.0
2025-03-27 02:00:00,0.0,0.0,0.0,0.0,3,0.0,0.0
2025-03-27 03:00:00,0.0,0.0,0.0,0.0,3,0.0,0.0
2025-03-27 04:00:00,0.0,0.0,0.0,0.0,3,0.0,0.0
2025-03-27 05:00:00,0.0,0.0,0.5,0.5,3,-0.5,0.0
2025-03-27 06:00:00,0.34974586019834697,0.2822881415762402,27.617567567567566,28.0,3,-27.26782170736922,-98.73361091869268
2025-03-27 07:00:00,67.27440597098325,58.12790972176425,121.0810810810811,118.75000000000001,3,-53.80667511009784,-44.43854864003616
2025-03-27 08:00:00,142.61239673991014,126.81894224727307,352.3324324324324,332.0,3,-209.7200356925223,-59.52334113685114
2025-03-27 09:00:00,247.22211515442785,222.82179766512616,512.8202702702704,481.25,3,-265.59815511584253,-51.791664743646926
2025-03-27 10:00:00,370.5272863190225,336.6234131513248,623.9716216216217,586.7500000000001,3,-253.4443353025992,-40.61792660440712
2025-03-27 11:00:00,392.21965033169437,358.7191411460577,680.8175675675676,642.75,3,-288.59791723587324,-42.38990457707767
2025-03-27 12:00:00,372.80886885437803,342.7926296401334,686.6716216216216,650.75,3,-313.8627527672436,-45.70783805307629
2025-03-27 13:00:00,365.6875675097655,337.659714027766,633.8608108108108,604.25,3,-268.1732433010453,-42.30790715046861
2025-03-27 14:00:00,346.50294055194996,321.16807251070884,507.4581081081081,489.25000000000006,3,-160.95516755615813,-31.7179221268583
2025-03-27 15:00:00,279.1410399890077,259.8310357866467,330.4054054054054,324.25000000000006,3,-51.26436541639771,-15.515595258950635
2025-03-27 16:00:00,210.5424420535266,196.93919934607294,221.6540540540541,220.25,3,-11.111612000527487,-5.013042530599387
2025-03-27 17:00:00,75.42315117921348,71.04981714322015,87.97972972972974,90.0,3,-12.556578550516264,-14.27212676043627
2025-03-27 18:00:00,9.384583830676902,8.824187291420213,6.514864864864865,6.750000000000001,3,2.8697189658120372,44.04878727859173
2025-03-27 19:00:00,0.0,0.0,0.0,0.0,3,0.0,0.0
2025-03-27 20:00:00,0.0,0.0,0.0,0.0,3,0.0,0.0
2025-03-27 21:00:00,0.0,0.0,0.0,0.0,3,0.0,0.0
2025-03-27 22:00:00,0.0,0.0,0.0,0.0,3,0.0,0.0
2025-03-27 23:00:00,0.0,0.0,0.0,0.0,3,0.0,0.0
2025-03-28 00:00:00,0.0,0.0,0.0,0.0,3,0.0,0.0
2025-03-28 01:00:00,0.0,0.0,0.0,0.0,3,0.0,0.0
2025-03-28 02:00:00,0.0,0.0,0.0,0.0,3,0.0,0.0
2025-03-28 03:00:00,0.0,0.0,0.0,0.0,3,0.0,0.0
2025-03-28 04:00:00,0.0,0.0,0.0,0.0,3,0.0,0.0
2025-03-28 05:00:00,0.0,0.0,0.0,0.0,3,0.0,0.0
2025-03-28 06:00:00,0.4695412015387078,0.3845651272742068,57.6581081081081,54.99999999999999,3,-57.18856690656939,-99.18564584072317
2025-03-28 07:00:00,45.1820965061748,39.288110662951325,217.8202702702703,204.00000000000003,3,-172.63817376409548,-79.2571662636755
2025-03-28 08:00:00,112.12414503026416,100.04997656206051,288.672972972973,275.0,3,-176.54882794270884,-61.158765964293515
2025-03-28 09:00:00,183.4495504143694,165.83118807894766,335.61351351351357,323.75,3,-152.16396309914415,-45.33904535194387
2025-03-28 10:00:00,263.80994602739327,240.3507312490379,556.5716216216217,528.5,3,-292.76167559422845,-52.600898827942544
2025-03-28 11:00:00,292.6422705844724,268.24542170150335,570.6621621621622,545.0,3,-278.0198915776898,-48.718823502211855
2025-03-28 12:00:00,326.53829845807496,300.68553583616114,604.5878378378379,577.5,3,-278.04953937976296,-45.989932641407385
2025-03-28 13:00:00,195.23615785539954,180.74400498020486,580.8027027027027,556.7500000000001,3,-385.5665448473032,-66.38511547090103
2025-03-28 14:00:00,159.1038090861215,147.89297529348767,523.1959459459459,503.75000000000006,3,-364.09213685982445,-69.59001492290628
2025-03-28 15:00:00,193.67930436521704,180.64886184183476,355.3081081081081,347.75,3,-161.62880374289108,-45.48975946637079
2025-03-28 16:00:00,161.66662793561383,151.50890809978418,237.13918918918918,235.50000000000003,3,-75.47256125357535,-31.826271107540766
2025-03-28 17:00:00,60.181081952845055,56.79357990849953,99.12162162162163,101.0,3,-38.94053966877657,-39.285616025759595
2025-03-28 18:00:00,7.722968182748408,7.284417271956375,7.590540540540541,8.25,3,0.13242764220786718,1.7446404706039114
2025-03-28 19:00:00,0.0,0.0,0.0,0.0,3,0.0,0.0
2025-03-28 20:00:00,0.0,0.0,0.0,0.0,3,0.0,0.0
2025-03-28 21:00:00,0.0,0.0,0.0,0.0,3,0.0,0.0
2025-03-28 22:00:00,0.0,0.0,0.0,0.0,3,0.0,0.0
2025-03-28 23:00:00,0.0,0.0,0.0,0.0,3,0.0,0.0
2025-03-29 00:00:00,0.0,0.0,0.0,0.0,3,0.0,0.0
2025-03-29 01:00:00,0.0,0.0,0.0,0.0,3,0.0,0.0
2025-03-29 02:00:00,0.0,0.0,0.0,0.0,3,0.0,0.0
2025-03-29 03:00:00,0.0,0.0,0.0,0.0,3,0.0,0.0
2025-03-29 04:00:00,0.0,0.0,0.0,0.0,3,0.0,0.0
2025-03-29 05:00:00,0.0,0.0,0.5,0.5,3,-0.5,0.0
2025-03-29 06:00:00,1.0099884783405177,0.8322406084234083,59.28513513513514,55.99999999999999,3,-58.275146656794625,-98.29638833404303
2025-03-29 07:00:00,50.576185047085815,44.119936407803536,166.5810810810811,159.5,3,-116.00489603399528,-69.63869803290055
2025-03-29 08:00:00,146.1869974151025,130.56207525763227,355.30945945945945,335.5,3,-209.12246204435695,-58.856429649382214
2025-03-29 09:00:00,214.4413426423894,194.01432362015905,465.60945945945946,441.5,3,-251.16811681707006,-53.943946308277106
2025-03-29 10:00:00,270.4201304469795,246.64576032750506,616.622972972973,581.5,3,-346.2028425259935,-56.144979622932055
2025-03-29 11:00:00,316.85429074347064,290.6599646476877,700.8445945945946,662.0,3,-383.99030385112394,-54.78965048924208
2025-03-29 12:00:00,321.19375579622516,296.0641407114208,617.2554054054053,588.75,3,-296.06164960918017,-47.964205257097866
2025-03-29 13:00:00,292.3064171864436,270.6108135240176,510.4918918918919,493.50000000000006,3,-218.1854747054483,-42.74024292469154
2025-03-29 14:00:00,284.18295657063555,264.0972921109522,424.71081081081087,414.25,3,-140.52785424017532,-33.08789196392131
2025-03-29 15:00:00,259.43043130542287,242.08203522947625,199.8108108108108,199.75000000000003,3,59.619620494612064,29.838035415942738
2025-03-29 16:00:00,181.29521204239754,170.1011536162069,170.75135135135133,170.75,3,10.543860691046206,6.174979353077173
2025-03-29 17:00:00,71.57143364054782,67.6705106405886,63.916216216216206,65.0,3,7.655217424331617,11.976956518257428
2025-03-29 18:00:00,9.590457846291319,9.085597752795048,6.0,6.0,3,3.5904578462913186,59.84096410485531
2025-03-29 19:00:00,0.0,0.0,0.0,0.0,3,0.0,0.0
2025-03-29 20:00:00,0.0,0.0,0.0,0.0,3,0.0,0.0
2025-03-29 21:00:00,0.0,0.0,0.0,0.0,3,0.0,0.0
2025-03-29 22:00:00,0.0,0.0,0.0,0.0,3,0.0,0.0
2025-03-29 23:00:00,0.0,0.0,0.0,0.0,3,0.0,0.0
2025-03-30 00:00:00,0.0,0.0,0.0,0.0,3,0.0,0.0
2025-03-30 01:00:00,0.0,0.0,0.0,0.0,3,0.0,0.0
2025-03-30 02:00:00,0.0,0.0,0.0,0.0,3,0.0,0.0
2025-03-30 03:00:00,0.0,0.0,0.0,0.0,3,0.0,0.0
2025-03-30 04:00:00,0.0,0.0,0.0,0.0,3,0.0,0.0
2025-03-30 05:00:00,0.0,0.0,0.25,0.25,3,-0.25,0.0
2025-03-30 06:00:00,1.8406279000946846,1.5253573430539635,34.605405405405406,33.75,3,-32.76477750531072,-94.68109713343459
2025-03-30 07:00:00,71.54547631472688,62.522433307941824,205.37297297297297,194.0,3,-133.8274966582461,-65.163149133483
2025-03-30 08:00:00,208.69529673631135,186.38462033983203,347.75540540540544,328.75,3,-139.0601086690941,-39.98790716336413
2025-03-30 09:00:00,291.7463622983554,263.9456209433162,492.2918918918919,465.0,3,-200.54552959353651,-40.737118139978755
2025-03-30 10:00:00,331.1236923005315,302.11597002004845,634.0378378378379,597.0,3,-302.91414553730635,-47.775405103627264
2025-03-30 11:00:00,371.10614576248867,340.5725662432759,697.4716216216217,659.0,3,-326.365475859133,-46.792653025844004
2025-03-30 12:00:00,467.5953982278099,430.8146087152764,704.8878378378378,669.0,3,-237.29243961002788,-33.663857832743304
2025-03-30 13:00:00,398.19840568024944,368.62949491437945,656.7459459459459,626.5,3,-258.54754026569645,-39.3679689782168
2025-03-30 14:00:00,365.8238817226731,340.0439548161813,562.7851351351352,541.0,3,-196.9612534124621,-34.99759341816447
2025-03-30 15:00:00,301.69448766185025,281.7144527848834,429.2283783783784,417.25,3,-127.53389071652816,-29.71236226233462
2025-03-30 16:00:00,204.30727012065887,191.9070239237256,275.0810810810811,272.0,3,-70.77381096042222,-25.7283455053608
2025-03-30 17:00:00,114.05746506405437,108.06460078223986,117.34189189189189,120.75,3,-3.284426827837521,-2.7990232430064212
2025-03-30 18:00:00,13.92554234495937,13.258923935736547,10.313513513513513,11.000000000000002,3,3.6120288314458566,35.022292128798924
2025-03-30 19:00:00,0.0,0.0,0.0,0.0,3,0.0,0.0
2025-03-30 20:00:00,0.0,0.0,0.0,0.0,3,0.0,0.0
2025-03-30 21:00:00,0.0,0.0,0.0,0.0,3,0.0,0.0
2025-03-30 22:00:00,0.0,0.0,0.0,0.0,3,0.0,0.0
2025-03-30 23:00:00,0.0,0.0,0.0,0.0,3,0.0,0.0
2025-03-31 00:00:00,0.0,0.0,0.0,0.0,3,0.0,0.0
2025-03-31 01:00:00,0.0,0.0,0.0,0.0,3,0.0,0.0
2025-03-31 02:00:00,0.0,0.0,0.0,0.0,3,0.0,0.0
2025-03-31 03:00:00,0.0,0.0,0.0,0.0,3,0.0,0.0
2025-03-31 04:00:00,0.0,0.0,0.0,0.0,3,0.0,0.0
2025-03-31 05:00:00,0.0,0.0,1.5000000000000002,1.7500000000000002,3,-1.5000000000000002,-100.0
2025-03-31 06:00:00,2.602475345041638,2.1691881141752836,81.46486486486488,76.50000000000001,3,-78.86238951982324,-96.80540150731403
2025-03-31 07:00:00,70.79334363396934,62.09102121402312,235.8621621621622,221.75,3,-165.06881852819288,-69.98529014361498
2025-03-31 08:00:00,169.3435833641736,151.76331444396314,398.2675675675676,373.75,3,-228.92398420339399,-57.47994635906579
2025-03-31 09:00:00,300.840632746411,272.53571184094045,525.0675675675676,494.50000000000006,3,-224.2269348211566,-42.70439628558895
2025-03-31 10:00:00,411.8165623886516,375.77857119189747,606.8013513513514,573.25,3,-194.98478896269978,-32.13321600692996
2025-03-31 11:00:00,404.9349125919305,371.86258056225716,624.2608108108109,594.25,3,-219.32589821888035,-35.133696432747804
2025-03-31 12:00:00,479.45860983488103,442.12104949966994,652.3027027027027,622.0,3,-172.8440928678217,-26.497528241362833
2025-03-31 13:00:00,362.3920926257463,335.9014839950815,628.1594594594595,601.0,3,-265.76736683371325,-42.30890147899866
2025-03-31 14:00:00,331.81615662622534,308.82788862745673,520.9310810810811,503.2500000000001,3,-189.11492445485572,-36.30325225793557
2025-03-31 15:00:00,339.5704895046703,317.3169080031802,406.5581081081081,397.25,3,-66.9876186034378,-16.47676365751512
2025-03-31 16:00:00,194.08024034868183,182.5544331072716,256.5581081081081,254.75000000000003,3,-62.47786775942629,-24.352326348267056
2025-03-31 17:00:00,97.26786237933901,92.30557239442498,109.76081081081082,112.75,3,-12.492948431471817,-11.381975350934024
2025-03-31 18:00:00,20.118959764451105,19.258131895898774,12.195945945945946,13.250000000000002,3,7.92301381850516,64.96432383040242
2025-03-31 19:00:00,0.0,0.0,0.0,0.0,3,0.0,0.0
2025-03-31 20:00:00,0.0,0.0,0.0,0.0,3,0.0,0.0
2025-03-31 21:00:00,0.0,0.0,0.0,0.0,3,0.0,0.0
2025-03-31 22:00:00,0.0,0.0,0.0,0.0,3,0.0,0.0
2025-03-31 23:00:00,0.0,0.0,0.0,0.0,3,0.0,0.0
