name,azimuth,slope,array_capacity,time,gti,gti_low,gti_high,ghi
Finlay Beverages,57.0,6.0,797.4,2025-08-01 00:00:30+00:00,0.0,0.0,0.0,0.0
Finlay Beverages,57.0,6.0,797.4,2025-08-01 00:15:30+00:00,0.0,0.0,0.0,0.0
Finlay Beverages,57.0,6.0,797.4,2025-08-01 00:30:30+00:00,0.0,0.0,0.0,0.0
Finlay Beverages,57.0,6.0,797.4,2025-08-01 00:45:30+00:00,0.0,0.0,0.0,0.0
Finlay Beverages,57.0,6.0,797.4,2025-08-01 01:00:30+00:00,0.0,0.0,0.0,0.0
Finlay Beverages,57.0,6.0,797.4,2025-08-01 01:15:30+00:00,0.0,0.0,0.0,0.0
Finlay Beverages,57.0,6.0,797.4,2025-08-01 01:30:30+00:00,0.0,0.0,0.0,0.0
Finlay Beverages,57.0,6.0,797.4,2025-08-01 01:45:30+00:00,0.0,0.0,0.0,0.0
Finlay Beverages,57.0,6.0,797.4,2025-08-01 02:00:30+00:00,0.0,0.0,0.0,0.0
Finlay Beverages,57.0,6.0,797.4,2025-08-01 02:15:30+00:00,0.0,0.0,0.0,0.0
Finlay Beverages,57.0,6.0,797.4,2025-08-01 02:30:30+00:00,0.0,0.0,0.0,0.0
Finlay Beverages,57.0,6.0,797.4,2025-08-01 02:45:30+00:00,0.0,0.0,0.0,0.0
Finlay Beverages,57.0,6.0,797.4,2025-08-01 03:00:30+00:00,0.0,0.0,0.0,0.0
Finlay Beverages,57.0,6.0,797.4,2025-08-01 03:15:30+00:00,0.0,0.0,0.0,0.0
Finlay Beverages,57.0,6.0,797.4,2025-08-01 03:30:30+00:00,0.0,0.0,0.0,0.0
Finlay Beverages,57.0,6.0,797.4,2025-08-01 03:45:30+00:00,0.0,0.0,0.0,0.0
Finlay Beverages,57.0,6.0,797.4,2025-08-01 04:00:30+00:00,0.0,0.0,0.0,0.0
Finlay Beverages,57.0,6.0,797.4,2025-08-01 04:15:30+00:00,0.0005,0.00025,0.001,0.0005
Finlay Beverages,57.0,6.0,797.4,2025-08-01 04:30:30+00:00,0.00125,0.0005,0.00275,0.00125
Finlay Beverages,57.0,6.0,797.4,2025-08-01 04:45:30+00:00,0.00325,0.001,0.00625,0.00325
Finlay Beverages,57.0,6.0,797.4,2025-08-01 05:00:30+00:00,0.0065,0.00225,0.01125,0.0065
Finlay Beverages,57.0,6.0,797.4,2025-08-01 05:15:30+00:00,0.011,0.00225,0.01625,0.0105
Finlay Beverages,57.0,6.0,797.4,2025-08-01 05:30:30+00:00,0.00975,0.00225,0.02,0.00975
Finlay Beverages,57.0,6.0,797.4,2025-08-01 05:45:30+00:00,0.013,0.0035,0.02225,0.013
Finlay Beverages,57.0,6.0,797.4,2025-08-01 06:00:30+00:00,0.01575,0.006,0.025,0.01575
Finlay Beverages,57.0,6.0,797.4,2025-08-01 06:15:30+00:00,0.01725,0.009,0.027,0.01725
Finlay Beverages,57.0,6.0,797.4,2025-08-01 06:30:30+00:00,0.02075,0.012,0.0305,0.02075
Finlay Beverages,57.0,6.0,797.4,2025-08-01 06:45:30+00:00,0.0255,0.0165,0.035,0.0255
Finlay Beverages,57.0,6.0,797.4,2025-08-01 07:00:30+00:00,0.03075,0.021,0.03925,0.0305
Finlay Beverages,57.0,6.0,797.4,2025-08-01 07:15:30+00:00,0.034,0.02425,0.04275,0.034
Finlay Beverages,57.0,6.0,797.4,2025-08-01 07:30:30+00:00,0.03575,0.02575,0.0455,0.0355
Finlay Beverages,57.0,6.0,797.4,2025-08-01 07:45:30+00:00,0.037,0.026,0.05025,0.03675
Finlay Beverages,57.0,6.0,797.4,2025-08-01 08:00:30+00:00,0.0415,0.0265,0.058,0.0415
Finlay Beverages,57.0,6.0,797.4,2025-08-01 08:15:30+00:00,0.048,0.029,0.06875,0.04775
Finlay Beverages,57.0,6.0,797.4,2025-08-01 08:30:30+00:00,0.05675,0.03475,0.0785,0.0565
Finlay Beverages,57.0,6.0,797.4,2025-08-01 08:45:30+00:00,0.065,0.043,0.087,0.0645
Finlay Beverages,57.0,6.0,797.4,2025-08-01 09:00:30+00:00,0.073,0.0475,0.093,0.07275
Finlay Beverages,57.0,6.0,797.4,2025-08-01 09:15:30+00:00,0.07225,0.0435,0.096,0.07225
Finlay Beverages,57.0,6.0,797.4,2025-08-01 09:30:30+00:00,0.0635,0.03575,0.0965,0.06375
Finlay Beverages,57.0,6.0,797.4,2025-08-01 09:45:30+00:00,0.062,0.03925,0.10525,0.06225
Finlay Beverages,57.0,6.0,797.4,2025-08-01 10:00:30+00:00,0.0915,0.04675,0.117,0.09125
Finlay Beverages,57.0,6.0,797.4,2025-08-01 10:15:30+00:00,0.091,0.05225,0.1295,0.091
Finlay Beverages,57.0,6.0,797.4,2025-08-01 10:30:30+00:00,0.08925,0.0515,0.13625,0.0895
Finlay Beverages,57.0,6.0,797.4,2025-08-01 10:45:30+00:00,0.101,0.0615,0.153,0.1015
Finlay Beverages,57.0,6.0,797.4,2025-08-01 11:00:30+00:00,0.131,0.0635,0.17425,0.132
Finlay Beverages,57.0,6.0,797.4,2025-08-01 11:15:30+00:00,0.12375,0.04875,0.18225,0.12525
Finlay Beverages,57.0,6.0,797.4,2025-08-01 11:30:30+00:00,0.091,0.0195,0.1685,0.09225
Finlay Beverages,57.0,6.0,797.4,2025-08-01 11:45:30+00:00,0.066,0.016,0.14225,0.06675
Finlay Beverages,57.0,6.0,797.4,2025-08-01 12:00:30+00:00,0.0615,0.016,0.126,0.06225
Finlay Beverages,57.0,6.0,797.4,2025-08-01 12:15:30+00:00,0.07025,0.016,0.1115,0.0715
Finlay Beverages,57.0,6.0,797.4,2025-08-01 12:30:30+00:00,0.0425,0.016,0.09825,0.043
Finlay Beverages,57.0,6.0,797.4,2025-08-01 12:45:30+00:00,0.02675,0.016,0.07725,0.027
Finlay Beverages,57.0,6.0,797.4,2025-08-01 13:00:30+00:00,0.02775,0.01575,0.08025,0.028
Finlay Beverages,57.0,6.0,797.4,2025-08-01 13:15:30+00:00,0.03825,0.0155,0.09275,0.03875
Finlay Beverages,57.0,6.0,797.4,2025-08-01 13:30:30+00:00,0.04425,0.01525,0.11975,0.045
Finlay Beverages,57.0,6.0,797.4,2025-08-01 13:45:30+00:00,0.07825,0.0155,0.1295,0.08075
Finlay Beverages,57.0,6.0,797.4,2025-08-01 14:00:30+00:00,0.08575,0.03725,0.12575,0.0885
Finlay Beverages,57.0,6.0,797.4,2025-08-01 14:15:30+00:00,0.08025,0.042,0.115,0.0825
Finlay Beverages,57.0,6.0,797.4,2025-08-01 14:30:30+00:00,0.0685,0.04625,0.1075,0.07025
Finlay Beverages,57.0,6.0,797.4,2025-08-01 14:45:30+00:00,0.07975,0.04575,0.111,0.08325
Finlay Beverages,57.0,6.0,797.4,2025-08-01 15:00:30+00:00,0.08675,0.0565,0.1095,0.09125
Finlay Beverages,57.0,6.0,797.4,2025-08-01 15:15:30+00:00,0.0825,0.06225,0.10125,0.087
Finlay Beverages,57.0,6.0,797.4,2025-08-01 15:30:30+00:00,0.07575,0.05875,0.0935,0.07975
Finlay Beverages,57.0,6.0,797.4,2025-08-01 15:45:30+00:00,0.07,0.0465,0.0935,0.07375
Finlay Beverages,57.0,6.0,797.4,2025-08-01 16:00:30+00:00,0.064,0.029,0.092,0.06725
Finlay Beverages,57.0,6.0,797.4,2025-08-01 16:15:30+00:00,0.0475,0.0135,0.0825,0.04925
Finlay Beverages,57.0,6.0,797.4,2025-08-01 16:30:30+00:00,0.032,0.0085,0.06525,0.0325
Finlay Beverages,57.0,6.0,797.4,2025-08-01 16:45:30+00:00,0.02525,0.00775,0.048,0.0255
Finlay Beverages,57.0,6.0,797.4,2025-08-01 17:00:30+00:00,0.0235,0.01025,0.03725,0.024
Finlay Beverages,57.0,6.0,797.4,2025-08-01 17:15:30+00:00,0.0225,0.012,0.03275,0.023
Finlay Beverages,57.0,6.0,797.4,2025-08-01 17:30:30+00:00,0.021,0.01075,0.0315,0.02125
Finlay Beverages,57.0,6.0,797.4,2025-08-01 17:45:30+00:00,0.0195,0.00925,0.02925,0.01975
Finlay Beverages,57.0,6.0,797.4,2025-08-01 18:00:30+00:00,0.0175,0.00825,0.0265,0.01775
Finlay Beverages,57.0,6.0,797.4,2025-08-01 18:15:30+00:00,0.015,0.00675,0.02325,0.01525
Finlay Beverages,57.0,6.0,797.4,2025-08-01 18:30:30+00:00,0.01225,0.0045,0.0195,0.01225
Finlay Beverages,57.0,6.0,797.4,2025-08-01 18:45:30+00:00,0.00875,0.00275,0.016,0.00875
Finlay Beverages,57.0,6.0,797.4,2025-08-01 19:00:30+00:00,0.007,0.00175,0.012,0.007
Finlay Beverages,57.0,6.0,797.4,2025-08-01 19:15:30+00:00,0.0045,0.00125,0.008,0.0045
Finlay Beverages,57.0,6.0,797.4,2025-08-01 19:30:30+00:00,0.002,0.0005,0.00425,0.002
Finlay Beverages,57.0,6.0,797.4,2025-08-01 19:45:30+00:00,0.00075,0.00025,0.0015,0.00075
Finlay Beverages,57.0,6.0,797.4,2025-08-01 20:00:30+00:00,0.0,0.0,0.0,0.0
Finlay Beverages,57.0,6.0,797.4,2025-08-01 20:15:30+00:00,0.0,0.0,0.0,0.0
Finlay Beverages,57.0,6.0,797.4,2025-08-01 20:30:30+00:00,0.0,0.0,0.0,0.0
Finlay Beverages,57.0,6.0,797.4,2025-08-01 20:45:30+00:00,0.0,0.0,0.0,0.0
Finlay Beverages,57.0,6.0,797.4,2025-08-01 21:00:30+00:00,0.0,0.0,0.0,0.0
Finlay Beverages,57.0,6.0,797.4,2025-08-01 21:15:30+00:00,0.0,0.0,0.0,0.0
Finlay Beverages,57.0,6.0,797.4,2025-08-01 21:30:30+00:00,0.0,0.0,0.0,0.0
Finlay Beverages,57.0,6.0,797.4,2025-08-01 21:45:30+00:00,0.0,0.0,0.0,0.0
Finlay Beverages,57.0,6.0,797.4,2025-08-01 22:00:30+00:00,0.0,0.0,0.0,0.0
Finlay Beverages,57.0,6.0,797.4,2025-08-01 22:15:30+00:00,0.0,0.0,0.0,0.0
Finlay Beverages,57.0,6.0,797.4,2025-08-01 22:30:30+00:00,0.0,0.0,0.0,0.0
Finlay Beverages,57.0,6.0,797.4,2025-08-01 22:45:30+00:00,0.0,0.0,0.0,0.0
Finlay Beverages,57.0,6.0,797.4,2025-08-01 23:00:30+00:00,0.0,0.0,0.0,0.0
Finlay Beverages,57.0,6.0,797.4,2025-08-01 23:15:30+00:00,0.0,0.0,0.0,0.0
Finlay Beverages,57.0,6.0,797.4,2025-08-01 23:30:30+00:00,0.0,0.0,0.0,0.0
Finlay Beverages,57.0,6.0,797.4,2025-08-01 23:45:30+00:00,0.0,0.0,0.0,0.0
Finlay Beverages,57.0,6.0,797.4,2025-08-02 00:00:30+00:00,0.0,0.0,0.0,0.0
Finlay Beverages,57.0,6.0,797.4,2025-08-02 00:15:30+00:00,0.0,0.0,0.0,0.0
Finlay Beverages,57.0,6.0,797.4,2025-08-02 00:30:30+00:00,0.0,0.0,0.0,0.0
Finlay Beverages,57.0,6.0,797.4,2025-08-02 00:45:30+00:00,0.0,0.0,0.0,0.0
Finlay Beverages,57.0,6.0,797.4,2025-08-02 01:00:30+00:00,0.0,0.0,0.0,0.0
Finlay Beverages,57.0,6.0,797.4,2025-08-02 01:15:30+00:00,0.0,0.0,0.0,0.0
Finlay Beverages,57.0,6.0,797.4,2025-08-02 01:30:30+00:00,0.0,0.0,0.0,0.0
Finlay Beverages,57.0,6.0,797.4,2025-08-02 01:45:30+00:00,0.0,0.0,0.0,0.0
Finlay Beverages,57.0,6.0,797.4,2025-08-02 02:00:30+00:00,0.0,0.0,0.0,0.0
Finlay Beverages,57.0,6.0,797.4,2025-08-02 02:15:30+00:00,0.0,0.0,0.0,0.0
Finlay Beverages,57.0,6.0,797.4,2025-08-02 02:30:30+00:00,0.0,0.0,0.0,0.0
Finlay Beverages,57.0,6.0,797.4,2025-08-02 02:45:30+00:00,0.0,0.0,0.0,0.0
Finlay Beverages,57.0,6.0,797.4,2025-08-02 03:00:30+00:00,0.0,0.0,0.0,0.0
Finlay Beverages,57.0,6.0,797.4,2025-08-02 03:15:30+00:00,0.0,0.0,0.0,0.0
Finlay Beverages,57.0,6.0,797.4,2025-08-02 03:30:30+00:00,0.0,0.0,0.0,0.0
Finlay Beverages,57.0,6.0,797.4,2025-08-02 03:45:30+00:00,0.0,0.0,0.0,0.0
Finlay Beverages,57.0,6.0,797.4,2025-08-02 04:00:30+00:00,0.0,0.0,0.0,0.0
Finlay Beverages,57.0,6.0,797.4,2025-08-02 04:15:30+00:00,0.0,0.0,0.0,0.0
Finlay Beverages,57.0,6.0,797.4,2025-08-02 04:30:30+00:00,0.001,0.00025,0.00225,0.001
Finlay Beverages,57.0,6.0,797.4,2025-08-02 04:45:30+00:00,0.003,0.001,0.0055,0.003
Finlay Beverages,57.0,6.0,797.4,2025-08-02 05:00:30+00:00,0.006,0.002,0.00975,0.006
Finlay Beverages,57.0,6.0,797.4,2025-08-02 05:15:30+00:00,0.009,0.00375,0.01475,0.009
Finlay Beverages,57.0,6.0,797.4,2025-08-02 05:30:30+00:00,0.013,0.006,0.0205,0.013
Finlay Beverages,57.0,6.0,797.4,2025-08-02 05:45:30+00:00,0.0175,0.00925,0.02675,0.017
Finlay Beverages,57.0,6.0,797.4,2025-08-02 06:00:30+00:00,0.0235,0.01425,0.034,0.02275
Finlay Beverages,57.0,6.0,797.4,2025-08-02 06:15:30+00:00,0.03175,0.02,0.04125,0.03
Finlay Beverages,57.0,6.0,797.4,2025-08-02 06:30:30+00:00,0.0355,0.0235,0.04525,0.034
Finlay Beverages,57.0,6.0,797.4,2025-08-02 06:45:30+00:00,0.035,0.02525,0.0475,0.03425
Finlay Beverages,57.0,6.0,797.4,2025-08-02 07:00:30+00:00,0.03925,0.02775,0.05075,0.0385
Finlay Beverages,57.0,6.0,797.4,2025-08-02 07:15:30+00:00,0.04375,0.02875,0.05675,0.043
Finlay Beverages,57.0,6.0,797.4,2025-08-02 07:30:30+00:00,0.04525,0.0265,0.0615,0.04475
Finlay Beverages,57.0,6.0,797.4,2025-08-02 07:45:30+00:00,0.04275,0.02125,0.064,0.0425
Finlay Beverages,57.0,6.0,797.4,2025-08-02 08:00:30+00:00,0.03925,0.01875,0.0625,0.03925
Finlay Beverages,57.0,6.0,797.4,2025-08-02 08:15:30+00:00,0.0395,0.017,0.0615,0.0395
Finlay Beverages,57.0,6.0,797.4,2025-08-02 08:30:30+00:00,0.03875,0.012,0.07075,0.039
Finlay Beverages,57.0,6.0,797.4,2025-08-02 08:45:30+00:00,0.0455,0.01175,0.0895,0.0455
Finlay Beverages,57.0,6.0,797.4,2025-08-02 09:00:30+00:00,0.06225,0.01675,0.11575,0.062
Finlay Beverages,57.0,6.0,797.4,2025-08-02 09:15:30+00:00,0.091,0.038,0.13175,0.08975
Finlay Beverages,57.0,6.0,797.4,2025-08-02 09:30:30+00:00,0.10025,0.0495,0.14675,0.09875
Finlay Beverages,57.0,6.0,797.4,2025-08-02 09:45:30+00:00,0.10175,0.041,0.144,0.1005
Finlay Beverages,57.0,6.0,797.4,2025-08-02 10:00:30+00:00,0.07425,0.01825,0.13525,0.074
Finlay Beverages,57.0,6.0,797.4,2025-08-02 10:15:30+00:00,0.054,0.01475,0.1205,0.05425
Finlay Beverages,57.0,6.0,797.4,2025-08-02 10:30:30+00:00,0.069,0.01525,0.12975,0.06925
Finlay Beverages,57.0,6.0,797.4,2025-08-02 10:45:30+00:00,0.08775,0.02575,0.14425,0.08825
Finlay Beverages,57.0,6.0,797.4,2025-08-02 11:00:30+00:00,0.09725,0.03825,0.16925,0.098
Finlay Beverages,57.0,6.0,797.4,2025-08-02 11:15:30+00:00,0.12525,0.04025,0.16725,0.12675
Finlay Beverages,57.0,6.0,797.4,2025-08-02 11:30:30+00:00,0.08825,0.02775,0.15975,0.0895
Finlay Beverages,57.0,6.0,797.4,2025-08-02 11:45:30+00:00,0.06725,0.024,0.14875,0.06825
Finlay Beverages,57.0,6.0,797.4,2025-08-02 12:00:30+00:00,0.10175,0.02675,0.14275,0.10375
Finlay Beverages,57.0,6.0,797.4,2025-08-02 12:15:30+00:00,0.085,0.02675,0.13475,0.0865
Finlay Beverages,57.0,6.0,797.4,2025-08-02 12:30:30+00:00,0.055,0.02325,0.121,0.05575
Finlay Beverages,57.0,6.0,797.4,2025-08-02 12:45:30+00:00,0.07525,0.02,0.12,0.07675
Finlay Beverages,57.0,6.0,797.4,2025-08-02 13:00:30+00:00,0.07925,0.024,0.13275,0.081
Finlay Beverages,57.0,6.0,797.4,2025-08-02 13:15:30+00:00,0.07975,0.0215,0.1525,0.08125
Finlay Beverages,57.0,6.0,797.4,2025-08-02 13:30:30+00:00,0.1,0.03425,0.17,0.1035
Finlay Beverages,57.0,6.0,797.4,2025-08-02 13:45:30+00:00,0.12475,0.059,0.1775,0.1315
Finlay Beverages,57.0,6.0,797.4,2025-08-02 14:00:30+00:00,0.1295,0.06975,0.1705,0.138
Finlay Beverages,57.0,6.0,797.4,2025-08-02 14:15:30+00:00,0.10775,0.07475,0.16475,0.11375
Finlay Beverages,57.0,6.0,797.4,2025-08-02 14:30:30+00:00,0.11825,0.07325,0.16575,0.127
Finlay Beverages,57.0,6.0,797.4,2025-08-02 14:45:30+00:00,0.1305,0.083,0.1645,0.14325
Finlay Beverages,57.0,6.0,797.4,2025-08-02 15:00:30+00:00,0.12925,0.09475,0.15575,0.14325
Finlay Beverages,57.0,6.0,797.4,2025-08-02 15:15:30+00:00,0.12425,0.1025,0.1465,0.13875
Finlay Beverages,57.0,6.0,797.4,2025-08-02 15:30:30+00:00,0.11925,0.105,0.13325,0.13525
Finlay Beverages,57.0,6.0,797.4,2025-08-02 15:45:30+00:00,0.11425,0.1025,0.1235,0.13075
Finlay Beverages,57.0,6.0,797.4,2025-08-02 16:00:30+00:00,0.10575,0.098,0.114,0.12225
Finlay Beverages,57.0,6.0,797.4,2025-08-02 16:15:30+00:00,0.098,0.092,0.104,0.11425
Finlay Beverages,57.0,6.0,797.4,2025-08-02 16:30:30+00:00,0.09,0.08525,0.09475,0.106
Finlay Beverages,57.0,6.0,797.4,2025-08-02 16:45:30+00:00,0.08175,0.0775,0.08575,0.09725
Finlay Beverages,57.0,6.0,797.4,2025-08-02 17:00:30+00:00,0.07325,0.069,0.07725,0.088
Finlay Beverages,57.0,6.0,797.4,2025-08-02 17:15:30+00:00,0.06425,0.05975,0.06925,0.07825
Finlay Beverages,57.0,6.0,797.4,2025-08-02 17:30:30+00:00,0.05575,0.05025,0.0615,0.069
Finlay Beverages,57.0,6.0,797.4,2025-08-02 17:45:30+00:00,0.0475,0.0415,0.053,0.05925
Finlay Beverages,57.0,6.0,797.4,2025-08-02 18:00:30+00:00,0.0395,0.03275,0.044,0.05
Finlay Beverages,57.0,6.0,797.4,2025-08-02 18:15:30+00:00,0.03125,0.02475,0.0355,0.0405
Finlay Beverages,57.0,6.0,797.4,2025-08-02 18:30:30+00:00,0.02375,0.0175,0.02775,0.03125
Finlay Beverages,57.0,6.0,797.4,2025-08-02 18:45:30+00:00,0.017,0.0115,0.0205,0.02275
Finlay Beverages,57.0,6.0,797.4,2025-08-02 19:00:30+00:00,0.01075,0.007,0.01375,0.0145
Finlay Beverages,57.0,6.0,797.4,2025-08-02 19:15:30+00:00,0.00625,0.004,0.0085,0.008
Finlay Beverages,57.0,6.0,797.4,2025-08-02 19:30:30+00:00,0.003,0.00225,0.004,0.00325
Finlay Beverages,57.0,6.0,797.4,2025-08-02 19:45:30+00:00,0.00125,0.00075,0.0015,0.00125
Finlay Beverages,57.0,6.0,797.4,2025-08-02 20:00:30+00:00,0.0,0.0,0.0,0.0
Finlay Beverages,57.0,6.0,797.4,2025-08-02 20:15:30+00:00,0.0,0.0,0.0,0.0
Finlay Beverages,57.0,6.0,797.4,2025-08-02 20:30:30+00:00,0.0,0.0,0.0,0.0
Finlay Beverages,57.0,6.0,797.4,2025-08-02 20:45:30+00:00,0.0,0.0,0.0,0.0
Finlay Beverages,57.0,6.0,797.4,2025-08-02 21:00:30+00:00,0.0,0.0,0.0,0.0
Finlay Beverages,57.0,6.0,797.4,2025-08-02 21:15:30+00:00,0.0,0.0,0.0,0.0
Finlay Beverages,57.0,6.0,797.4,2025-08-02 21:30:30+00:00,0.0,0.0,0.0,0.0
Finlay Beverages,57.0,6.0,797.4,2025-08-02 21:45:30+00:00,0.0,0.0,0.0,0.0
Finlay Beverages,57.0,6.0,797.4,2025-08-02 22:00:30+00:00,0.0,0.0,0.0,0.0
Finlay Beverages,57.0,6.0,797.4,2025-08-02 22:15:30+00:00,0.0,0.0,0.0,0.0
Finlay Beverages,57.0,6.0,797.4,2025-08-02 22:30:30+00:00,0.0,0.0,0.0,0.0
Finlay Beverages,57.0,6.0,797.4,2025-08-02 22:45:30+00:00,0.0,0.0,0.0,0.0
Finlay Beverages,57.0,6.0,797.4,2025-08-02 23:00:30+00:00,0.0,0.0,0.0,0.0
Finlay Beverages,57.0,6.0,797.4,2025-08-02 23:15:30+00:00,0.0,0.0,0.0,0.0
Finlay Beverages,57.0,6.0,797.4,2025-08-02 23:30:30+00:00,0.0,0.0,0.0,0.0
Finlay Beverages,57.0,6.0,797.4,2025-08-02 23:45:30+00:00,0.0,0.0,0.0,0.0
Finlay Beverages,57.0,6.0,797.4,2025-08-03 00:00:30+00:00,0.0,0.0,0.0,0.0
Finlay Beverages,57.0,6.0,797.4,2025-08-03 00:15:30+00:00,0.0,0.0,0.0,0.0
Finlay Beverages,57.0,6.0,797.4,2025-08-03 00:30:30+00:00,0.0,0.0,0.0,0.0
Finlay Beverages,57.0,6.0,797.4,2025-08-03 00:45:30+00:00,0.0,0.0,0.0,0.0
Finlay Beverages,57.0,6.0,797.4,2025-08-03 01:00:30+00:00,0.0,0.0,0.0,0.0
Finlay Beverages,57.0,6.0,797.4,2025-08-03 01:15:30+00:00,0.0,0.0,0.0,0.0
Finlay Beverages,57.0,6.0,797.4,2025-08-03 01:30:30+00:00,0.0,0.0,0.0,0.0
Finlay Beverages,57.0,6.0,797.4,2025-08-03 01:45:30+00:00,0.0,0.0,0.0,0.0
Finlay Beverages,57.0,6.0,797.4,2025-08-03 02:00:30+00:00,0.0,0.0,0.0,0.0
Finlay Beverages,57.0,6.0,797.4,2025-08-03 02:15:30+00:00,0.0,0.0,0.0,0.0
Finlay Beverages,57.0,6.0,797.4,2025-08-03 02:30:30+00:00,0.0,0.0,0.0,0.0
Finlay Beverages,57.0,6.0,797.4,2025-08-03 02:45:30+00:00,0.0,0.0,0.0,0.0
Finlay Beverages,57.0,6.0,797.4,2025-08-03 03:00:30+00:00,0.0,0.0,0.0,0.0
Finlay Beverages,57.0,6.0,797.4,2025-08-03 03:15:30+00:00,0.0,0.0,0.0,0.0
Finlay Beverages,57.0,6.0,797.4,2025-08-03 03:30:30+00:00,0.0,0.0,0.0,0.0
Finlay Beverages,57.0,6.0,797.4,2025-08-03 03:45:30+00:00,0.0,0.0,0.0,0.0
Finlay Beverages,57.0,6.0,797.4,2025-08-03 04:00:30+00:00,0.0,0.0,0.0,0.0
Finlay Beverages,57.0,6.0,797.4,2025-08-03 04:15:30+00:00,0.0,0.0,0.0,0.0
Finlay Beverages,57.0,6.0,797.4,2025-08-03 04:30:30+00:00,0.0005,0.00025,0.00175,0.0005
Finlay Beverages,57.0,6.0,797.4,2025-08-03 04:45:30+00:00,0.00175,0.0005,0.0045,0.00175
Finlay Beverages,57.0,6.0,797.4,2025-08-03 05:00:30+00:00,0.00425,0.001,0.00775,0.00425
Finlay Beverages,57.0,6.0,797.4,2025-08-03 05:15:30+00:00,0.0045,0.0015,0.0115,0.0045
Finlay Beverages,57.0,6.0,797.4,2025-08-03 05:30:30+00:00,0.00725,0.00225,0.0155,0.00725
Finlay Beverages,57.0,6.0,797.4,2025-08-03 05:45:30+00:00,0.00975,0.003,0.019,0.00975
Finlay Beverages,57.0,6.0,797.4,2025-08-03 06:00:30+00:00,0.00825,0.0035,0.0205,0.0085
Finlay Beverages,57.0,6.0,797.4,2025-08-03 06:15:30+00:00,0.00525,0.00425,0.02075,0.00525
Finlay Beverages,57.0,6.0,797.4,2025-08-03 06:30:30+00:00,0.01225,0.00525,0.0415,0.012
Finlay Beverages,57.0,6.0,797.4,2025-08-03 06:45:30+00:00,0.022,0.006,0.06375,0.022
Finlay Beverages,57.0,6.0,797.4,2025-08-03 07:00:30+00:00,0.05,0.01,0.09175,0.04725
Finlay Beverages,57.0,6.0,797.4,2025-08-03 07:15:30+00:00,0.07425,0.01475,0.1075,0.0685
Finlay Beverages,57.0,6.0,797.4,2025-08-03 07:30:30+00:00,0.04825,0.0095,0.102,0.0465
Finlay Beverages,57.0,6.0,797.4,2025-08-03 07:45:30+00:00,0.0315,0.009,0.08175,0.0315
Finlay Beverages,57.0,6.0,797.4,2025-08-03 08:00:30+00:00,0.0205,0.0095,0.06375,0.0205
Finlay Beverages,57.0,6.0,797.4,2025-08-03 08:15:30+00:00,0.01775,0.01025,0.06,0.018
Finlay Beverages,57.0,6.0,797.4,2025-08-03 08:30:30+00:00,0.0235,0.011,0.071,0.02375
Finlay Beverages,57.0,6.0,797.4,2025-08-03 08:45:30+00:00,0.03,0.0115,0.10225,0.03025
Finlay Beverages,57.0,6.0,797.4,2025-08-03 09:00:30+00:00,0.07375,0.01475,0.13025,0.0725
Finlay Beverages,57.0,6.0,797.4,2025-08-03 09:15:30+00:00,0.0915,0.01825,0.13725,0.0895
Finlay Beverages,57.0,6.0,797.4,2025-08-03 09:30:30+00:00,0.05825,0.0135,0.12575,0.058
Finlay Beverages,57.0,6.0,797.4,2025-08-03 09:45:30+00:00,0.04375,0.01375,0.1035,0.044
Finlay Beverages,57.0,6.0,797.4,2025-08-03 10:00:30+00:00,0.04725,0.01425,0.09075,0.0475
Finlay Beverages,57.0,6.0,797.4,2025-08-03 10:15:30+00:00,0.04075,0.01475,0.0905,0.041
Finlay Beverages,57.0,6.0,797.4,2025-08-03 10:30:30+00:00,0.0315,0.015,0.11275,0.03175
Finlay Beverages,57.0,6.0,797.4,2025-08-03 10:45:30+00:00,0.06025,0.0155,0.15375,0.06075
Finlay Beverages,57.0,6.0,797.4,2025-08-03 11:00:30+00:00,0.105,0.021,0.19275,0.1055
Finlay Beverages,57.0,6.0,797.4,2025-08-03 11:15:30+00:00,0.12825,0.0485,0.21225,0.12975
Finlay Beverages,57.0,6.0,797.4,2025-08-03 11:30:30+00:00,0.156,0.07125,0.19975,0.15925
Finlay Beverages,57.0,6.0,797.4,2025-08-03 11:45:30+00:00,0.122,0.08625,0.18925,0.1245
Finlay Beverages,57.0,6.0,797.4,2025-08-03 12:00:30+00:00,0.1335,0.083,0.1875,0.137
Finlay Beverages,57.0,6.0,797.4,2025-08-03 12:15:30+00:00,0.14875,0.09675,0.20425,0.15375
Finlay Beverages,57.0,6.0,797.4,2025-08-03 12:30:30+00:00,0.16725,0.1135,0.2095,0.17475
Finlay Beverages,57.0,6.0,797.4,2025-08-03 12:45:30+00:00,0.168,0.1285,0.204,0.17675
Finlay Beverages,57.0,6.0,797.4,2025-08-03 13:00:30+00:00,0.1635,0.136,0.19925,0.17275
Finlay Beverages,57.0,6.0,797.4,2025-08-03 13:15:30+00:00,0.17075,0.142,0.19725,0.182
Finlay Beverages,57.0,6.0,797.4,2025-08-03 13:30:30+00:00,0.17375,0.148,0.194,0.1875
Finlay Beverages,57.0,6.0,797.4,2025-08-03 13:45:30+00:00,0.17075,0.14425,0.18825,0.1855
Finlay Beverages,57.0,6.0,797.4,2025-08-03 14:00:30+00:00,0.1615,0.1365,0.18275,0.17625
Finlay Beverages,57.0,6.0,797.4,2025-08-03 14:15:30+00:00,0.152,0.1215,0.17625,0.16575
Finlay Beverages,57.0,6.0,797.4,2025-08-03 14:30:30+00:00,0.13375,0.11825,0.166,0.14475
Finlay Beverages,57.0,6.0,797.4,2025-08-03 14:45:30+00:00,0.137,0.112,0.15,0.15075
Finlay Beverages,57.0,6.0,797.4,2025-08-03 15:00:30+00:00,0.1245,0.1075,0.1495,0.1365
Finlay Beverages,57.0,6.0,797.4,2025-08-03 15:15:30+00:00,0.12125,0.09525,0.14375,0.135
Finlay Beverages,57.0,6.0,797.4,2025-08-03 15:30:30+00:00,0.1135,0.07875,0.136,0.127
Finlay Beverages,57.0,6.0,797.4,2025-08-03 15:45:30+00:00,0.08975,0.06125,0.13075,0.09775
Finlay Beverages,57.0,6.0,797.4,2025-08-03 16:00:30+00:00,0.0815,0.046,0.1185,0.0885
Finlay Beverages,57.0,6.0,797.4,2025-08-03 16:15:30+00:00,0.07425,0.031,0.10725,0.08125
Finlay Beverages,57.0,6.0,797.4,2025-08-03 16:30:30+00:00,0.0525,0.022,0.092,0.05575
Finlay Beverages,57.0,6.0,797.4,2025-08-03 16:45:30+00:00,0.04225,0.013,0.073,0.04375
Finlay Beverages,57.0,6.0,797.4,2025-08-03 17:00:30+00:00,0.033,0.01175,0.057,0.034
Finlay Beverages,57.0,6.0,797.4,2025-08-03 17:15:30+00:00,0.0275,0.013,0.0435,0.028
Finlay Beverages,57.0,6.0,797.4,2025-08-03 17:30:30+00:00,0.02375,0.01325,0.03975,0.02425
Finlay Beverages,57.0,6.0,797.4,2025-08-03 17:45:30+00:00,0.027,0.01225,0.0365,0.0285
Finlay Beverages,57.0,6.0,797.4,2025-08-03 18:00:30+00:00,0.02325,0.011,0.03375,0.02425
Finlay Beverages,57.0,6.0,797.4,2025-08-03 18:15:30+00:00,0.017,0.0065,0.02775,0.0175
Finlay Beverages,57.0,6.0,797.4,2025-08-03 18:30:30+00:00,0.0105,0.00275,0.021,0.0105
Finlay Beverages,57.0,6.0,797.4,2025-08-03 18:45:30+00:00,0.00775,0.002,0.01575,0.00775
Finlay Beverages,57.0,6.0,797.4,2025-08-03 19:00:30+00:00,0.007,0.0015,0.012,0.00725
Finlay Beverages,57.0,6.0,797.4,2025-08-03 19:15:30+00:00,0.0045,0.001,0.00775,0.0045
Finlay Beverages,57.0,6.0,797.4,2025-08-03 19:30:30+00:00,0.00175,0.0005,0.00375,0.00175
Finlay Beverages,57.0,6.0,797.4,2025-08-03 19:45:30+00:00,0.0005,0.00025,0.00125,0.0005
Finlay Beverages,57.0,6.0,797.4,2025-08-03 20:00:30+00:00,0.0,0.0,0.0,0.0
Finlay Beverages,57.0,6.0,797.4,2025-08-03 20:15:30+00:00,0.0,0.0,0.0,0.0
Finlay Beverages,57.0,6.0,797.4,2025-08-03 20:30:30+00:00,0.0,0.0,0.0,0.0
Finlay Beverages,57.0,6.0,797.4,2025-08-03 20:45:30+00:00,0.0,0.0,0.0,0.0
Finlay Beverages,57.0,6.0,797.4,2025-08-03 21:00:30+00:00,0.0,0.0,0.0,0.0
Finlay Beverages,57.0,6.0,797.4,2025-08-03 21:15:30+00:00,0.0,0.0,0.0,0.0
Finlay Beverages,57.0,6.0,797.4,2025-08-03 21:30:30+00:00,0.0,0.0,0.0,0.0
Finlay Beverages,57.0,6.0,797.4,2025-08-03 21:45:30+00:00,0.0,0.0,0.0,0.0
Finlay Beverages,57.0,6.0,797.4,2025-08-03 22:00:30+00:00,0.0,0.0,0.0,0.0
Finlay Beverages,57.0,6.0,797.4,2025-08-03 22:15:30+00:00,0.0,0.0,0.0,0.0
Finlay Beverages,57.0,6.0,797.4,2025-08-03 22:30:30+00:00,0.0,0.0,0.0,0.0
Finlay Beverages,57.0,6.0,797.4,2025-08-03 22:45:30+00:00,0.0,0.0,0.0,0.0
Finlay Beverages,57.0,6.0,797.4,2025-08-03 23:00:30+00:00,0.0,0.0,0.0,0.0
Finlay Beverages,57.0,6.0,797.4,2025-08-03 23:15:30+00:00,0.0,0.0,0.0,0.0
Finlay Beverages,57.0,6.0,797.4,2025-08-03 23:30:30+00:00,0.0,0.0,0.0,0.0
Finlay Beverages,57.0,6.0,797.4,2025-08-03 23:45:30+00:00,0.0,0.0,0.0,0.0
Finlay Beverages,57.0,6.0,797.4,2025-08-04 00:00:30+00:00,0.0,0.0,0.0,0.0
Finlay Beverages,57.0,6.0,797.4,2025-08-04 00:15:30+00:00,0.0,0.0,0.0,0.0
Finlay Beverages,57.0,6.0,797.4,2025-08-04 00:30:30+00:00,0.0,0.0,0.0,0.0
Finlay Beverages,57.0,6.0,797.4,2025-08-04 00:45:30+00:00,0.0,0.0,0.0,0.0
Finlay Beverages,57.0,6.0,797.4,2025-08-04 01:00:30+00:00,0.0,0.0,0.0,0.0
Finlay Beverages,57.0,6.0,797.4,2025-08-04 01:15:30+00:00,0.0,0.0,0.0,0.0
Finlay Beverages,57.0,6.0,797.4,2025-08-04 01:30:30+00:00,0.0,0.0,0.0,0.0
Finlay Beverages,57.0,6.0,797.4,2025-08-04 01:45:30+00:00,0.0,0.0,0.0,0.0
Finlay Beverages,57.0,6.0,797.4,2025-08-04 02:00:30+00:00,0.0,0.0,0.0,0.0
Finlay Beverages,57.0,6.0,797.4,2025-08-04 02:15:30+00:00,0.0,0.0,0.0,0.0
Finlay Beverages,57.0,6.0,797.4,2025-08-04 02:30:30+00:00,0.0,0.0,0.0,0.0
Finlay Beverages,57.0,6.0,797.4,2025-08-04 02:45:30+00:00,0.0,0.0,0.0,0.0
Finlay Beverages,57.0,6.0,797.4,2025-08-04 03:00:30+00:00,0.0,0.0,0.0,0.0
Finlay Beverages,57.0,6.0,797.4,2025-08-04 03:15:30+00:00,0.0,0.0,0.0,0.0
Finlay Beverages,57.0,6.0,797.4,2025-08-04 03:30:30+00:00,0.0,0.0,0.0,0.0
Finlay Beverages,57.0,6.0,797.4,2025-08-04 03:45:30+00:00,0.0,0.0,0.0,0.0
Finlay Beverages,57.0,6.0,797.4,2025-08-04 04:00:30+00:00,0.0,0.0,0.0,0.0
Finlay Beverages,57.0,6.0,797.4,2025-08-04 04:15:30+00:00,0.0,0.0,0.0,0.0
Finlay Beverages,57.0,6.0,797.4,2025-08-04 04:30:30+00:00,0.0,0.0,0.00025,0.0
Finlay Beverages,57.0,6.0,797.4,2025-08-04 04:45:30+00:00,0.00025,0.00025,0.0015,0.00025
Finlay Beverages,57.0,6.0,797.4,2025-08-04 05:00:30+00:00,0.00075,0.0005,0.003,0.00075
Finlay Beverages,57.0,6.0,797.4,2025-08-04 05:15:30+00:00,0.00125,0.00075,0.00475,0.00125
Finlay Beverages,57.0,6.0,797.4,2025-08-04 05:30:30+00:00,0.002,0.00125,0.008,0.002
Finlay Beverages,57.0,6.0,797.4,2025-08-04 05:45:30+00:00,0.0195,0.004,0.03325,0.0175
Finlay Beverages,57.0,6.0,797.4,2025-08-04 06:00:30+00:00,0.012,0.004,0.04525,0.0115
Finlay Beverages,57.0,6.0,797.4,2025-08-04 06:15:30+00:00,0.0325,0.0065,0.05125,0.0295
Finlay Beverages,57.0,6.0,797.4,2025-08-04 06:30:30+00:00,0.0135,0.0055,0.05125,0.0125
Finlay Beverages,57.0,6.0,797.4,2025-08-04 06:45:30+00:00,0.00475,0.003,0.019,0.00475
Finlay Beverages,57.0,6.0,797.4,2025-08-04 07:00:30+00:00,0.00975,0.00675,0.0305,0.00975
Finlay Beverages,57.0,6.0,797.4,2025-08-04 07:15:30+00:00,0.00775,0.0075,0.0265,0.00775
Finlay Beverages,57.0,6.0,797.4,2025-08-04 07:30:30+00:00,0.012,0.00825,0.03125,0.01225
Finlay Beverages,57.0,6.0,797.4,2025-08-04 07:45:30+00:00,0.021,0.009,0.037,0.02125
Finlay Beverages,57.0,6.0,797.4,2025-08-04 08:00:30+00:00,0.024,0.00975,0.04025,0.02425
Finlay Beverages,57.0,6.0,797.4,2025-08-04 08:15:30+00:00,0.0235,0.0105,0.0445,0.0235
Finlay Beverages,57.0,6.0,797.4,2025-08-04 08:30:30+00:00,0.026,0.01125,0.0515,0.02625
Finlay Beverages,57.0,6.0,797.4,2025-08-04 08:45:30+00:00,0.03475,0.01175,0.06425,0.035
Finlay Beverages,57.0,6.0,797.4,2025-08-04 09:00:30+00:00,0.04975,0.01575,0.07275,0.04975
Finlay Beverages,57.0,6.0,797.4,2025-08-04 09:15:30+00:00,0.0475,0.01675,0.076,0.04775
Finlay Beverages,57.0,6.0,797.4,2025-08-04 09:30:30+00:00,0.04125,0.01375,0.083,0.0415
Finlay Beverages,57.0,6.0,797.4,2025-08-04 09:45:30+00:00,0.032,0.01425,0.10525,0.03225
Finlay Beverages,57.0,6.0,797.4,2025-08-04 10:00:30+00:00,0.05525,0.01475,0.1445,0.0555
Finlay Beverages,57.0,6.0,797.4,2025-08-04 10:15:30+00:00,0.0985,0.0195,0.18125,0.0985
Finlay Beverages,57.0,6.0,797.4,2025-08-04 10:30:30+00:00,0.126,0.04,0.18975,0.12575
Finlay Beverages,57.0,6.0,797.4,2025-08-04 10:45:30+00:00,0.11875,0.07225,0.18425,0.11925
Finlay Beverages,57.0,6.0,797.4,2025-08-04 11:00:30+00:00,0.13925,0.08225,0.19,0.14025
Finlay Beverages,57.0,6.0,797.4,2025-08-04 11:15:30+00:00,0.1495,0.07375,0.2125,0.1515
Finlay Beverages,57.0,6.0,797.4,2025-08-04 11:30:30+00:00,0.14,0.07075,0.22025,0.1425
Finlay Beverages,57.0,6.0,797.4,2025-08-04 11:45:30+00:00,0.1915,0.0435,0.2195,0.19675
Finlay Beverages,57.0,6.0,797.4,2025-08-04 12:00:30+00:00,0.09025,0.018,0.20625,0.09225
Finlay Beverages,57.0,6.0,797.4,2025-08-04 12:15:30+00:00,0.0425,0.01625,0.171,0.043
Finlay Beverages,57.0,6.0,797.4,2025-08-04 12:30:30+00:00,0.14025,0.028,0.216,0.146
Finlay Beverages,57.0,6.0,797.4,2025-08-04 12:45:30+00:00,0.18,0.08725,0.2115,0.19
Finlay Beverages,57.0,6.0,797.4,2025-08-04 13:00:30+00:00,0.18,0.114,0.20725,0.1915
Finlay Beverages,57.0,6.0,797.4,2025-08-04 13:15:30+00:00,0.16225,0.1225,0.20375,0.17275
Finlay Beverages,57.0,6.0,797.4,2025-08-04 13:30:30+00:00,0.147,0.11825,0.1835,0.156
Finlay Beverages,57.0,6.0,797.4,2025-08-04 13:45:30+00:00,0.14175,0.1155,0.1715,0.15125
Finlay Beverages,57.0,6.0,797.4,2025-08-04 14:00:30+00:00,0.14125,0.11175,0.1605,0.15175
Finlay Beverages,57.0,6.0,797.4,2025-08-04 14:15:30+00:00,0.126,0.11,0.15975,0.135
Finlay Beverages,57.0,6.0,797.4,2025-08-04 14:30:30+00:00,0.13425,0.1015,0.15875,0.1465
Finlay Beverages,57.0,6.0,797.4,2025-08-04 14:45:30+00:00,0.1305,0.10375,0.15925,0.1435
Finlay Beverages,57.0,6.0,797.4,2025-08-04 15:00:30+00:00,0.129,0.10475,0.15325,0.14325
Finlay Beverages,57.0,6.0,797.4,2025-08-04 15:15:30+00:00,0.12675,0.10825,0.1425,0.143
Finlay Beverages,57.0,6.0,797.4,2025-08-04 15:30:30+00:00,0.12075,0.107,0.1335,0.13775
Finlay Beverages,57.0,6.0,797.4,2025-08-04 15:45:30+00:00,0.113,0.1015,0.12375,0.13025
Finlay Beverages,57.0,6.0,797.4,2025-08-04 16:00:30+00:00,0.10425,0.0925,0.11425,0.1205
Finlay Beverages,57.0,6.0,797.4,2025-08-04 16:15:30+00:00,0.09325,0.0815,0.1055,0.10775
Finlay Beverages,57.0,6.0,797.4,2025-08-04 16:30:30+00:00,0.08275,0.07375,0.095,0.096
Finlay Beverages,57.0,6.0,797.4,2025-08-04 16:45:30+00:00,0.0765,0.06425,0.08475,0.0895
Finlay Beverages,57.0,6.0,797.4,2025-08-04 17:00:30+00:00,0.065,0.0585,0.07775,0.076
Finlay Beverages,57.0,6.0,797.4,2025-08-04 17:15:30+00:00,0.06075,0.05,0.0695,0.07275
Finlay Beverages,57.0,6.0,797.4,2025-08-04 17:30:30+00:00,0.0535,0.0445,0.062,0.066
Finlay Beverages,57.0,6.0,797.4,2025-08-04 17:45:30+00:00,0.0455,0.03775,0.05225,0.0575
Finlay Beverages,57.0,6.0,797.4,2025-08-04 18:00:30+00:00,0.0375,0.03075,0.04325,0.0485
Finlay Beverages,57.0,6.0,797.4,2025-08-04 18:15:30+00:00,0.02975,0.024,0.035,0.039
Finlay Beverages,57.0,6.0,797.4,2025-08-04 18:30:30+00:00,0.023,0.0175,0.0265,0.031
Finlay Beverages,57.0,6.0,797.4,2025-08-04 18:45:30+00:00,0.01625,0.01175,0.01875,0.023
Finlay Beverages,57.0,6.0,797.4,2025-08-04 19:00:30+00:00,0.01,0.00725,0.012,0.015
Finlay Beverages,57.0,6.0,797.4,2025-08-04 19:15:30+00:00,0.00525,0.0035,0.0065,0.008
Finlay Beverages,57.0,6.0,797.4,2025-08-04 19:30:30+00:00,0.0025,0.002,0.003,0.00275
Finlay Beverages,57.0,6.0,797.4,2025-08-04 19:45:30+00:00,0.00025,0.00025,0.0005,0.0005
Finlay Beverages,57.0,6.0,797.4,2025-08-04 20:00:30+00:00,0.0,0.0,0.0,0.0
Finlay Beverages,57.0,6.0,797.4,2025-08-04 20:15:30+00:00,0.0,0.0,0.0,0.0
Finlay Beverages,57.0,6.0,797.4,2025-08-04 20:30:30+00:00,0.0,0.0,0.0,0.0
Finlay Beverages,57.0,6.0,797.4,2025-08-04 20:45:30+00:00,0.0,0.0,0.0,0.0
Finlay Beverages,57.0,6.0,797.4,2025-08-04 21:00:30+00:00,0.0,0.0,0.0,0.0
Finlay Beverages,57.0,6.0,797.4,2025-08-04 21:15:30+00:00,0.0,0.0,0.0,0.0
Finlay Beverages,57.0,6.0,797.4,2025-08-04 21:30:30+00:00,0.0,0.0,0.0,0.0
Finlay Beverages,57.0,6.0,797.4,2025-08-04 21:45:30+00:00,0.0,0.0,0.0,0.0
Finlay Beverages,57.0,6.0,797.4,2025-08-04 22:00:30+00:00,0.0,0.0,0.0,0.0
Finlay Beverages,57.0,6.0,797.4,2025-08-04 22:15:30+00:00,0.0,0.0,0.0,0.0
Finlay Beverages,57.0,6.0,797.4,2025-08-04 22:30:30+00:00,0.0,0.0,0.0,0.0
Finlay Beverages,57.0,6.0,797.4,2025-08-04 22:45:30+00:00,0.0,0.0,0.0,0.0
Finlay Beverages,57.0,6.0,797.4,2025-08-04 23:00:30+00:00,0.0,0.0,0.0,0.0
Finlay Beverages,57.0,6.0,797.4,2025-08-04 23:15:30+00:00,0.0,0.0,0.0,0.0
Finlay Beverages,57.0,6.0,797.4,2025-08-04 23:30:30+00:00,0.0,0.0,0.0,0.0
Finlay Beverages,57.0,6.0,797.4,2025-08-04 23:45:30+00:00,0.0,0.0,0.0,0.0
Finlay Beverages,57.0,6.0,797.4,2025-08-05 00:00:30+00:00,0.0,0.0,0.0,0.0
Finlay Beverages,57.0,6.0,797.4,2025-08-05 00:15:30+00:00,0.0,0.0,0.0,0.0
Finlay Beverages,57.0,6.0,797.4,2025-08-05 00:30:30+00:00,0.0,0.0,0.0,0.0
Finlay Beverages,57.0,6.0,797.4,2025-08-05 00:45:30+00:00,0.0,0.0,0.0,0.0
Finlay Beverages,57.0,6.0,797.4,2025-08-05 01:00:30+00:00,0.0,0.0,0.0,0.0
Finlay Beverages,57.0,6.0,797.4,2025-08-05 01:15:30+00:00,0.0,0.0,0.0,0.0
Finlay Beverages,57.0,6.0,797.4,2025-08-05 01:30:30+00:00,0.0,0.0,0.0,0.0
Finlay Beverages,57.0,6.0,797.4,2025-08-05 01:45:30+00:00,0.0,0.0,0.0,0.0
Finlay Beverages,57.0,6.0,797.4,2025-08-05 02:00:30+00:00,0.0,0.0,0.0,0.0
Finlay Beverages,57.0,6.0,797.4,2025-08-05 02:15:30+00:00,0.0,0.0,0.0,0.0
Finlay Beverages,57.0,6.0,797.4,2025-08-05 02:30:30+00:00,0.0,0.0,0.0,0.0
Finlay Beverages,57.0,6.0,797.4,2025-08-05 02:45:30+00:00,0.0,0.0,0.0,0.0
Finlay Beverages,57.0,6.0,797.4,2025-08-05 03:00:30+00:00,0.0,0.0,0.0,0.0
Finlay Beverages,57.0,6.0,797.4,2025-08-05 03:15:30+00:00,0.0,0.0,0.0,0.0
Finlay Beverages,57.0,6.0,797.4,2025-08-05 03:30:30+00:00,0.0,0.0,0.0,0.0
Finlay Beverages,57.0,6.0,797.4,2025-08-05 03:45:30+00:00,0.0,0.0,0.0,0.0
Finlay Beverages,57.0,6.0,797.4,2025-08-05 04:00:30+00:00,0.0,0.0,0.0,0.0
Finlay Beverages,57.0,6.0,797.4,2025-08-05 04:15:30+00:00,0.0,0.0,0.0,0.0
Finlay Beverages,57.0,6.0,797.4,2025-08-05 04:30:30+00:00,0.0005,0.00025,0.001,0.0005
Finlay Beverages,57.0,6.0,797.4,2025-08-05 04:45:30+00:00,0.0035,0.00175,0.00625,0.00325
Finlay Beverages,57.0,6.0,797.4,2025-08-05 05:00:30+00:00,0.009,0.003,0.01375,0.0075
Finlay Beverages,57.0,6.0,797.4,2025-08-05 05:15:30+00:00,0.011,0.0045,0.02225,0.01025
Finlay Beverages,57.0,6.0,797.4,2025-08-05 05:30:30+00:00,0.024,0.0085,0.037,0.0195
Finlay Beverages,57.0,6.0,797.4,2025-08-05 05:45:30+00:00,0.036,0.0175,0.04925,0.02875
Finlay Beverages,57.0,6.0,797.4,2025-08-05 06:00:30+00:00,0.05125,0.0255,0.06175,0.041
Finlay Beverages,57.0,6.0,797.4,2025-08-05 06:15:30+00:00,0.063,0.025,0.0715,0.0525
Finlay Beverages,57.0,6.0,797.4,2025-08-05 06:30:30+00:00,0.04725,0.01575,0.078,0.04225
Finlay Beverages,57.0,6.0,797.4,2025-08-05 06:45:30+00:00,0.041,0.01025,0.0845,0.03875
Finlay Beverages,57.0,6.0,797.4,2025-08-05 07:00:30+00:00,0.05775,0.02125,0.09875,0.05325
Finlay Beverages,57.0,6.0,797.4,2025-08-05 07:15:30+00:00,0.09625,0.04175,0.1135,0.086
Finlay Beverages,57.0,6.0,797.4,2025-08-05 07:30:30+00:00,0.118,0.0365,0.12375,0.1065
Finlay Beverages,57.0,6.0,797.4,2025-08-05 07:45:30+00:00,0.057,0.0245,0.129,0.054
Finlay Beverages,57.0,6.0,797.4,2025-08-05 08:00:30+00:00,0.0725,0.0145,0.1155,0.06975
Finlay Beverages,57.0,6.0,797.4,2025-08-05 08:15:30+00:00,0.0595,0.01175,0.10925,0.05825
Finlay Beverages,57.0,6.0,797.4,2025-08-05 08:30:30+00:00,0.0435,0.011,0.105,0.0435
Finlay Beverages,57.0,6.0,797.4,2025-08-05 08:45:30+00:00,0.05125,0.01175,0.11025,0.05125
Finlay Beverages,57.0,6.0,797.4,2025-08-05 09:00:30+00:00,0.03675,0.01225,0.1445,0.03675
Finlay Beverages,57.0,6.0,797.4,2025-08-05 09:15:30+00:00,0.1255,0.02625,0.18275,0.1215
Finlay Beverages,57.0,6.0,797.4,2025-08-05 09:30:30+00:00,0.1555,0.0445,0.1895,0.15125
Finlay Beverages,57.0,6.0,797.4,2025-08-05 09:45:30+00:00,0.09025,0.04175,0.194,0.08925
Finlay Beverages,57.0,6.0,797.4,2025-08-05 10:00:30+00:00,0.118,0.04075,0.1995,0.117
Finlay Beverages,57.0,6.0,797.4,2025-08-05 10:15:30+00:00,0.15175,0.075,0.205,0.15075
Finlay Beverages,57.0,6.0,797.4,2025-08-05 10:30:30+00:00,0.17675,0.105,0.20925,0.17625
Finlay Beverages,57.0,6.0,797.4,2025-08-05 10:45:30+00:00,0.1615,0.129,0.212,0.162
Finlay Beverages,57.0,6.0,797.4,2025-08-05 11:00:30+00:00,0.17375,0.1415,0.20775,0.1755
Finlay Beverages,57.0,6.0,797.4,2025-08-05 11:15:30+00:00,0.18775,0.142,0.20725,0.191
Finlay Beverages,57.0,6.0,797.4,2025-08-05 11:30:30+00:00,0.16275,0.1265,0.217,0.16625
Finlay Beverages,57.0,6.0,797.4,2025-08-05 11:45:30+00:00,0.16975,0.112,0.217,0.1745
Finlay Beverages,57.0,6.0,797.4,2025-08-05 12:00:30+00:00,0.182,0.0845,0.21575,0.18825
Finlay Beverages,57.0,6.0,797.4,2025-08-05 12:15:30+00:00,0.11825,0.07275,0.213,0.122
Finlay Beverages,57.0,6.0,797.4,2025-08-05 12:30:30+00:00,0.127,0.06525,0.2035,0.13125
Finlay Beverages,57.0,6.0,797.4,2025-08-05 12:45:30+00:00,0.155,0.08375,0.2105,0.16225
Finlay Beverages,57.0,6.0,797.4,2025-08-05 13:00:30+00:00,0.1715,0.09525,0.2055,0.18175
Finlay Beverages,57.0,6.0,797.4,2025-08-05 13:15:30+00:00,0.15925,0.0755,0.20225,0.16925
Finlay Beverages,57.0,6.0,797.4,2025-08-05 13:30:30+00:00,0.1075,0.06575,0.2015,0.1125
Finlay Beverages,57.0,6.0,797.4,2025-08-05 13:45:30+00:00,0.1465,0.06525,0.19275,0.15675
Finlay Beverages,57.0,6.0,797.4,2025-08-05 14:00:30+00:00,0.16575,0.0885,0.18475,0.18
Finlay Beverages,57.0,6.0,797.4,2025-08-05 14:15:30+00:00,0.13375,0.10325,0.1795,0.145
Finlay Beverages,57.0,6.0,797.4,2025-08-05 14:30:30+00:00,0.14475,0.11,0.171,0.159
Finlay Beverages,57.0,6.0,797.4,2025-08-05 14:45:30+00:00,0.14575,0.11475,0.16175,0.1625
Finlay Beverages,57.0,6.0,797.4,2025-08-05 15:00:30+00:00,0.13275,0.11225,0.15375,0.14875
Finlay Beverages,57.0,6.0,797.4,2025-08-05 15:15:30+00:00,0.12075,0.11,0.14,0.1355
Finlay Beverages,57.0,6.0,797.4,2025-08-05 15:30:30+00:00,0.1195,0.10425,0.13025,0.13575
Finlay Beverages,57.0,6.0,797.4,2025-08-05 15:45:30+00:00,0.112,0.101,0.12225,0.12875
Finlay Beverages,57.0,6.0,797.4,2025-08-05 16:00:30+00:00,0.10375,0.094,0.1125,0.1205
Finlay Beverages,57.0,6.0,797.4,2025-08-05 16:15:30+00:00,0.094,0.08575,0.10175,0.10975
Finlay Beverages,57.0,6.0,797.4,2025-08-05 16:30:30+00:00,0.08375,0.0775,0.0925,0.098
Finlay Beverages,57.0,6.0,797.4,2025-08-05 16:45:30+00:00,0.076,0.06775,0.0845,0.09
Finlay Beverages,57.0,6.0,797.4,2025-08-05 17:00:30+00:00,0.0685,0.0565,0.07825,0.082
Finlay Beverages,57.0,6.0,797.4,2025-08-05 17:15:30+00:00,0.05875,0.04525,0.072,0.06975
Finlay Beverages,57.0,6.0,797.4,2025-08-05 17:30:30+00:00,0.04825,0.0325,0.06375,0.05675
Finlay Beverages,57.0,6.0,797.4,2025-08-05 17:45:30+00:00,0.03775,0.024,0.0555,0.044
Finlay Beverages,57.0,6.0,797.4,2025-08-05 18:00:30+00:00,0.03775,0.01325,0.04525,0.04525
Finlay Beverages,57.0,6.0,797.4,2025-08-05 18:15:30+00:00,0.0215,0.007,0.03925,0.02425
Finlay Beverages,57.0,6.0,797.4,2025-08-05 18:30:30+00:00,0.01425,0.00275,0.02975,0.015
Finlay Beverages,57.0,6.0,797.4,2025-08-05 18:45:30+00:00,0.00825,0.00175,0.01925,0.0085
Finlay Beverages,57.0,6.0,797.4,2025-08-05 19:00:30+00:00,0.00525,0.00125,0.011,0.0055
Finlay Beverages,57.0,6.0,797.4,2025-08-05 19:15:30+00:00,0.00325,0.00075,0.006,0.00325
Finlay Beverages,57.0,6.0,797.4,2025-08-05 19:30:30+00:00,0.001,0.00025,0.0025,0.001
Finlay Beverages,57.0,6.0,797.4,2025-08-05 19:45:30+00:00,0.0,0.0,0.00025,0.0
Finlay Beverages,57.0,6.0,797.4,2025-08-05 20:00:30+00:00,0.0,0.0,0.0,0.0
Finlay Beverages,57.0,6.0,797.4,2025-08-05 20:15:30+00:00,0.0,0.0,0.0,0.0
Finlay Beverages,57.0,6.0,797.4,2025-08-05 20:30:30+00:00,0.0,0.0,0.0,0.0
Finlay Beverages,57.0,6.0,797.4,2025-08-05 20:45:30+00:00,0.0,0.0,0.0,0.0
Finlay Beverages,57.0,6.0,797.4,2025-08-05 21:00:30+00:00,0.0,0.0,0.0,0.0
Finlay Beverages,57.0,6.0,797.4,2025-08-05 21:15:30+00:00,0.0,0.0,0.0,0.0
Finlay Beverages,57.0,6.0,797.4,2025-08-05 21:30:30+00:00,0.0,0.0,0.0,0.0
Finlay Beverages,57.0,6.0,797.4,2025-08-05 21:45:30+00:00,0.0,0.0,0.0,0.0
Finlay Beverages,57.0,6.0,797.4,2025-08-05 22:00:30+00:00,0.0,0.0,0.0,0.0
Finlay Beverages,57.0,6.0,797.4,2025-08-05 22:15:30+00:00,0.0,0.0,0.0,0.0
Finlay Beverages,57.0,6.0,797.4,2025-08-05 22:30:30+00:00,0.0,0.0,0.0,0.0
Finlay Beverages,57.0,6.0,797.4,2025-08-05 22:45:30+00:00,0.0,0.0,0.0,0.0
Finlay Beverages,57.0,6.0,797.4,2025-08-05 23:00:30+00:00,0.0,0.0,0.0,0.0
Finlay Beverages,57.0,6.0,797.4,2025-08-05 23:15:30+00:00,0.0,0.0,0.0,0.0
Finlay Beverages,57.0,6.0,797.4,2025-08-05 23:30:30+00:00,0.0,0.0,0.0,0.0
Finlay Beverages,57.0,6.0,797.4,2025-08-05 23:45:30+00:00,0.0,0.0,0.0,0.0
Finlay Beverages,57.0,6.0,797.4,2025-08-06 00:00:30+00:00,0.0,0.0,0.0,0.0
Finlay Beverages,57.0,6.0,797.4,2025-08-06 00:15:30+00:00,0.0,0.0,0.0,0.0
Finlay Beverages,57.0,6.0,797.4,2025-08-06 00:30:30+00:00,0.0,0.0,0.0,0.0
Finlay Beverages,57.0,6.0,797.4,2025-08-06 00:45:30+00:00,0.0,0.0,0.0,0.0
Finlay Beverages,57.0,6.0,797.4,2025-08-06 01:00:30+00:00,0.0,0.0,0.0,0.0
Finlay Beverages,57.0,6.0,797.4,2025-08-06 01:15:30+00:00,0.0,0.0,0.0,0.0
Finlay Beverages,57.0,6.0,797.4,2025-08-06 01:30:30+00:00,0.0,0.0,0.0,0.0
Finlay Beverages,57.0,6.0,797.4,2025-08-06 01:45:30+00:00,0.0,0.0,0.0,0.0
Finlay Beverages,57.0,6.0,797.4,2025-08-06 02:00:30+00:00,0.0,0.0,0.0,0.0
Finlay Beverages,57.0,6.0,797.4,2025-08-06 02:15:30+00:00,0.0,0.0,0.0,0.0
Finlay Beverages,57.0,6.0,797.4,2025-08-06 02:30:30+00:00,0.0,0.0,0.0,0.0
Finlay Beverages,57.0,6.0,797.4,2025-08-06 02:45:30+00:00,0.0,0.0,0.0,0.0
Finlay Beverages,57.0,6.0,797.4,2025-08-06 03:00:30+00:00,0.0,0.0,0.0,0.0
Finlay Beverages,57.0,6.0,797.4,2025-08-06 03:15:30+00:00,0.0,0.0,0.0,0.0
Finlay Beverages,57.0,6.0,797.4,2025-08-06 03:30:30+00:00,0.0,0.0,0.0,0.0
Finlay Beverages,57.0,6.0,797.4,2025-08-06 03:45:30+00:00,0.0,0.0,0.0,0.0
Finlay Beverages,57.0,6.0,797.4,2025-08-06 04:00:30+00:00,0.0,0.0,0.0,0.0
Finlay Beverages,57.0,6.0,797.4,2025-08-06 04:15:30+00:00,0.0,0.0,0.0,0.0
Finlay Beverages,57.0,6.0,797.4,2025-08-06 04:30:30+00:00,0.00025,0.00025,0.00025,0.00025
Finlay Beverages,57.0,6.0,797.4,2025-08-06 04:45:30+00:00,0.002,0.00125,0.0035,0.002
Finlay Beverages,57.0,6.0,797.4,2025-08-06 05:00:30+00:00,0.00525,0.003,0.00875,0.00525
Finlay Beverages,57.0,6.0,797.4,2025-08-06 05:15:30+00:00,0.011,0.0065,0.01675,0.01025
Finlay Beverages,57.0,6.0,797.4,2025-08-06 05:30:30+00:00,0.019,0.0115,0.02575,0.017
Finlay Beverages,57.0,6.0,797.4,2025-08-06 05:45:30+00:00,0.02575,0.01825,0.035,0.023
Finlay Beverages,57.0,6.0,797.4,2025-08-06 06:00:30+00:00,0.036,0.027,0.04525,0.0315
Finlay Beverages,57.0,6.0,797.4,2025-08-06 06:15:30+00:00,0.0455,0.03575,0.05375,0.03975
Finlay Beverages,57.0,6.0,797.4,2025-08-06 06:30:30+00:00,0.05175,0.044,0.062,0.046
Finlay Beverages,57.0,6.0,797.4,2025-08-06 06:45:30+00:00,0.06175,0.0535,0.07075,0.0555
Finlay Beverages,57.0,6.0,797.4,2025-08-06 07:00:30+00:00,0.07325,0.06475,0.08025,0.0655
Finlay Beverages,57.0,6.0,797.4,2025-08-06 07:15:30+00:00,0.08125,0.0745,0.08825,0.07375
Finlay Beverages,57.0,6.0,797.4,2025-08-06 07:30:30+00:00,0.08925,0.083,0.09525,0.08175
Finlay Beverages,57.0,6.0,797.4,2025-08-06 07:45:30+00:00,0.09625,0.0905,0.1045,0.089
Finlay Beverages,57.0,6.0,797.4,2025-08-06 08:00:30+00:00,0.107,0.09475,0.116,0.0995
Finlay Beverages,57.0,6.0,797.4,2025-08-06 08:15:30+00:00,0.11225,0.09725,0.126,0.1055
Finlay Beverages,57.0,6.0,797.4,2025-08-06 08:30:30+00:00,0.11575,0.0975,0.131,0.10975
Finlay Beverages,57.0,6.0,797.4,2025-08-06 08:45:30+00:00,0.1135,0.1025,0.134,0.1095
Finlay Beverages,57.0,6.0,797.4,2025-08-06 09:00:30+00:00,0.127,0.10825,0.13725,0.1225
Finlay Beverages,57.0,6.0,797.4,2025-08-06 09:15:30+00:00,0.12575,0.1135,0.14075,0.1225
Finlay Beverages,57.0,6.0,797.4,2025-08-06 09:30:30+00:00,0.129,0.1155,0.1435,0.1265
Finlay Beverages,57.0,6.0,797.4,2025-08-06 09:45:30+00:00,0.1335,0.1185,0.1495,0.13175
Finlay Beverages,57.0,6.0,797.4,2025-08-06 10:00:30+00:00,0.139,0.12275,0.16,0.13775
Finlay Beverages,57.0,6.0,797.4,2025-08-06 10:15:30+00:00,0.1515,0.12775,0.171,0.15025
Finlay Beverages,57.0,6.0,797.4,2025-08-06 10:30:30+00:00,0.157,0.13525,0.18025,0.15675
Finlay Beverages,57.0,6.0,797.4,2025-08-06 10:45:30+00:00,0.1645,0.142,0.185,0.16525
Finlay Beverages,57.0,6.0,797.4,2025-08-06 11:00:30+00:00,0.169,0.1505,0.18875,0.1705
Finlay Beverages,57.0,6.0,797.4,2025-08-06 11:15:30+00:00,0.175,0.15625,0.1915,0.17775
Finlay Beverages,57.0,6.0,797.4,2025-08-06 11:30:30+00:00,0.17725,0.16225,0.192,0.181
Finlay Beverages,57.0,6.0,797.4,2025-08-06 11:45:30+00:00,0.17925,0.1625,0.19525,0.1845
Finlay Beverages,57.0,6.0,797.4,2025-08-06 12:00:30+00:00,0.18,0.155,0.2025,0.18625
Finlay Beverages,57.0,6.0,797.4,2025-08-06 12:15:30+00:00,0.17675,0.14025,0.20125,0.184
Finlay Beverages,57.0,6.0,797.4,2025-08-06 12:30:30+00:00,0.16325,0.12325,0.2,0.17
Finlay Beverages,57.0,6.0,797.4,2025-08-06 12:45:30+00:00,0.1445,0.1155,0.18375,0.15075
Finlay Beverages,57.0,6.0,797.4,2025-08-06 13:00:30+00:00,0.14075,0.115,0.16825,0.14725
Finlay Beverages,57.0,6.0,797.4,2025-08-06 13:15:30+00:00,0.13825,0.10725,0.1675,0.1455
Finlay Beverages,57.0,6.0,797.4,2025-08-06 13:30:30+00:00,0.13375,0.09,0.174,0.14075
Finlay Beverages,57.0,6.0,797.4,2025-08-06 13:45:30+00:00,0.123,0.05625,0.174,0.1295
Finlay Beverages,57.0,6.0,797.4,2025-08-06 14:00:30+00:00,0.089,0.0295,0.16225,0.0925
Finlay Beverages,57.0,6.0,797.4,2025-08-06 14:15:30+00:00,0.07375,0.01475,0.13975,0.07575
Finlay Beverages,57.0,6.0,797.4,2025-08-06 14:30:30+00:00,0.06175,0.0125,0.1175,0.06325
Finlay Beverages,57.0,6.0,797.4,2025-08-06 14:45:30+00:00,0.05025,0.012,0.09125,0.05125
Finlay Beverages,57.0,6.0,797.4,2025-08-06 15:00:30+00:00,0.0325,0.0115,0.07025,0.03275
Finlay Beverages,57.0,6.0,797.4,2025-08-06 15:15:30+00:00,0.0295,0.011,0.057,0.03
Finlay Beverages,57.0,6.0,797.4,2025-08-06 15:30:30+00:00,0.02975,0.01025,0.0545,0.03025
Finlay Beverages,57.0,6.0,797.4,2025-08-06 15:45:30+00:00,0.03575,0.014,0.05575,0.0365
Finlay Beverages,57.0,6.0,797.4,2025-08-06 16:00:30+00:00,0.0385,0.016,0.05175,0.0395
Finlay Beverages,57.0,6.0,797.4,2025-08-06 16:15:30+00:00,0.0275,0.015,0.04575,0.028
Finlay Beverages,57.0,6.0,797.4,2025-08-06 16:30:30+00:00,0.0245,0.012,0.038,0.025
Finlay Beverages,57.0,6.0,797.4,2025-08-06 16:45:30+00:00,0.0225,0.01275,0.036,0.02275
Finlay Beverages,57.0,6.0,797.4,2025-08-06 17:00:30+00:00,0.0255,0.01275,0.03375,0.026
Finlay Beverages,57.0,6.0,797.4,2025-08-06 17:15:30+00:00,0.0215,0.01025,0.03125,0.022
Finlay Beverages,57.0,6.0,797.4,2025-08-06 17:30:30+00:00,0.015,0.0065,0.02775,0.015
Finlay Beverages,57.0,6.0,797.4,2025-08-06 17:45:30+00:00,0.0145,0.004,0.02325,0.0145
Finlay Beverages,57.0,6.0,797.4,2025-08-06 18:00:30+00:00,0.009,0.00325,0.01925,0.00925
Finlay Beverages,57.0,6.0,797.4,2025-08-06 18:15:30+00:00,0.00625,0.0025,0.01475,0.0065
Finlay Beverages,57.0,6.0,797.4,2025-08-06 18:30:30+00:00,0.005,0.002,0.012,0.005
Finlay Beverages,57.0,6.0,797.4,2025-08-06 18:45:30+00:00,0.00525,0.0015,0.00925,0.00525
Finlay Beverages,57.0,6.0,797.4,2025-08-06 19:00:30+00:00,0.00275,0.00075,0.0065,0.00275
Finlay Beverages,57.0,6.0,797.4,2025-08-06 19:15:30+00:00,0.001,0.0005,0.00325,0.001
Finlay Beverages,57.0,6.0,797.4,2025-08-06 19:30:30+00:00,0.00025,0.0,0.001,0.00025
Finlay Beverages,57.0,6.0,797.4,2025-08-06 19:45:30+00:00,0.0,0.0,0.0,0.0
Finlay Beverages,57.0,6.0,797.4,2025-08-06 20:00:30+00:00,0.0,0.0,0.0,0.0
Finlay Beverages,57.0,6.0,797.4,2025-08-06 20:15:30+00:00,0.0,0.0,0.0,0.0
Finlay Beverages,57.0,6.0,797.4,2025-08-06 20:30:30+00:00,0.0,0.0,0.0,0.0
Finlay Beverages,57.0,6.0,797.4,2025-08-06 20:45:30+00:00,0.0,0.0,0.0,0.0
Finlay Beverages,57.0,6.0,797.4,2025-08-06 21:00:30+00:00,0.0,0.0,0.0,0.0
Finlay Beverages,57.0,6.0,797.4,2025-08-06 21:15:30+00:00,0.0,0.0,0.0,0.0
Finlay Beverages,57.0,6.0,797.4,2025-08-06 21:30:30+00:00,0.0,0.0,0.0,0.0
Finlay Beverages,57.0,6.0,797.4,2025-08-06 21:45:30+00:00,0.0,0.0,0.0,0.0
Finlay Beverages,57.0,6.0,797.4,2025-08-06 22:00:30+00:00,0.0,0.0,0.0,0.0
Finlay Beverages,57.0,6.0,797.4,2025-08-06 22:15:30+00:00,0.0,0.0,0.0,0.0
Finlay Beverages,57.0,6.0,797.4,2025-08-06 22:30:30+00:00,0.0,0.0,0.0,0.0
Finlay Beverages,57.0,6.0,797.4,2025-08-06 22:45:30+00:00,0.0,0.0,0.0,0.0
Finlay Beverages,57.0,6.0,797.4,2025-08-06 23:00:30+00:00,0.0,0.0,0.0,0.0
Finlay Beverages,57.0,6.0,797.4,2025-08-06 23:15:30+00:00,0.0,0.0,0.0,0.0
Finlay Beverages,57.0,6.0,797.4,2025-08-06 23:30:30+00:00,0.0,0.0,0.0,0.0
Finlay Beverages,57.0,6.0,797.4,2025-08-06 23:45:30+00:00,0.0,0.0,0.0,0.0
Finlay Beverages,57.0,6.0,797.4,2025-08-07 00:00:30+00:00,0.0,0.0,0.0,0.0
Finlay Beverages,57.0,6.0,797.4,2025-08-07 00:15:30+00:00,0.0,0.0,0.0,0.0
Finlay Beverages,57.0,6.0,797.4,2025-08-07 00:30:30+00:00,0.0,0.0,0.0,0.0
Finlay Beverages,57.0,6.0,797.4,2025-08-07 00:45:30+00:00,0.0,0.0,0.0,0.0
Finlay Beverages,57.0,6.0,797.4,2025-08-07 01:00:30+00:00,0.0,0.0,0.0,0.0
Finlay Beverages,57.0,6.0,797.4,2025-08-07 01:15:30+00:00,0.0,0.0,0.0,0.0
Finlay Beverages,57.0,6.0,797.4,2025-08-07 01:30:30+00:00,0.0,0.0,0.0,0.0
Finlay Beverages,57.0,6.0,797.4,2025-08-07 01:45:30+00:00,0.0,0.0,0.0,0.0
Finlay Beverages,57.0,6.0,797.4,2025-08-07 02:00:30+00:00,0.0,0.0,0.0,0.0
Finlay Beverages,57.0,6.0,797.4,2025-08-07 02:15:30+00:00,0.0,0.0,0.0,0.0
Finlay Beverages,57.0,6.0,797.4,2025-08-07 02:30:30+00:00,0.0,0.0,0.0,0.0
Finlay Beverages,57.0,6.0,797.4,2025-08-07 02:45:30+00:00,0.0,0.0,0.0,0.0
Finlay Beverages,57.0,6.0,797.4,2025-08-07 03:00:30+00:00,0.0,0.0,0.0,0.0
Finlay Beverages,57.0,6.0,797.4,2025-08-07 03:15:30+00:00,0.0,0.0,0.0,0.0
Finlay Beverages,57.0,6.0,797.4,2025-08-07 03:30:30+00:00,0.0,0.0,0.0,0.0
Finlay Beverages,57.0,6.0,797.4,2025-08-07 03:45:30+00:00,0.0,0.0,0.0,0.0
Finlay Beverages,57.0,6.0,797.4,2025-08-07 04:00:30+00:00,0.0,0.0,0.0,0.0
Finlay Beverages,57.0,6.0,797.4,2025-08-07 04:15:30+00:00,0.0,0.0,0.0,0.0
Finlay Beverages,57.0,6.0,797.4,2025-08-07 04:30:30+00:00,0.00025,0.0,0.00025,0.00025
Finlay Beverages,57.0,6.0,797.4,2025-08-07 04:45:30+00:00,0.0025,0.00125,0.0035,0.0025
Finlay Beverages,57.0,6.0,797.4,2025-08-07 05:00:30+00:00,0.008,0.0035,0.011,0.00675
Finlay Beverages,57.0,6.0,797.4,2025-08-07 05:15:30+00:00,0.0175,0.0035,0.0205,0.01425
Finlay Beverages,57.0,6.0,797.4,2025-08-07 05:30:30+00:00,0.009,0.002,0.02625,0.0085
Finlay Beverages,57.0,6.0,797.4,2025-08-07 05:45:30+00:00,0.017,0.0035,0.032,0.016
Finlay Beverages,57.0,6.0,797.4,2025-08-07 06:00:30+00:00,0.02275,0.00775,0.03875,0.02175
Finlay Beverages,57.0,6.0,797.4,2025-08-07 06:15:30+00:00,0.03,0.0175,0.04625,0.028
Finlay Beverages,57.0,6.0,797.4,2025-08-07 06:30:30+00:00,0.04375,0.024,0.05225,0.03975
Finlay Beverages,57.0,6.0,797.4,2025-08-07 06:45:30+00:00,0.038,0.0255,0.061,0.036
Finlay Beverages,57.0,6.0,797.4,2025-08-07 07:00:30+00:00,0.05025,0.0205,0.07225,0.0475
Finlay Beverages,57.0,6.0,797.4,2025-08-07 07:15:30+00:00,0.04975,0.02625,0.09425,0.04775
Finlay Beverages,57.0,6.0,797.4,2025-08-07 07:30:30+00:00,0.084,0.03775,0.112,0.07775
Finlay Beverages,57.0,6.0,797.4,2025-08-07 07:45:30+00:00,0.105,0.06475,0.12425,0.0965
Finlay Beverages,57.0,6.0,797.4,2025-08-07 08:00:30+00:00,0.113,0.0885,0.13375,0.10475
Finlay Beverages,57.0,6.0,797.4,2025-08-07 08:15:30+00:00,0.125,0.1105,0.13775,0.116
Finlay Beverages,57.0,6.0,797.4,2025-08-07 08:30:30+00:00,0.13325,0.11925,0.1455,0.12475
Finlay Beverages,57.0,6.0,797.4,2025-08-07 08:45:30+00:00,0.1385,0.1165,0.15825,0.13075
Finlay Beverages,57.0,6.0,797.4,2025-08-07 09:00:30+00:00,0.1395,0.108,0.168,0.13325
Finlay Beverages,57.0,6.0,797.4,2025-08-07 09:15:30+00:00,0.1365,0.099,0.171,0.132
Finlay Beverages,57.0,6.0,797.4,2025-08-07 09:30:30+00:00,0.12925,0.09475,0.16475,0.126
Finlay Beverages,57.0,6.0,797.4,2025-08-07 09:45:30+00:00,0.1225,0.099,0.15725,0.121
Finlay Beverages,57.0,6.0,797.4,2025-08-07 10:00:30+00:00,0.133,0.10575,0.15475,0.13175
Finlay Beverages,57.0,6.0,797.4,2025-08-07 10:15:30+00:00,0.1345,0.09925,0.163,0.134
Finlay Beverages,57.0,6.0,797.4,2025-08-07 10:30:30+00:00,0.1255,0.085,0.1725,0.1255
Finlay Beverages,57.0,6.0,797.4,2025-08-07 10:45:30+00:00,0.1255,0.0495,0.18325,0.12625
Finlay Beverages,57.0,6.0,797.4,2025-08-07 11:00:30+00:00,0.09725,0.02375,0.18525,0.09825
Finlay Beverages,57.0,6.0,797.4,2025-08-07 11:15:30+00:00,0.08975,0.01775,0.1595,0.09075
Finlay Beverages,57.0,6.0,797.4,2025-08-07 11:30:30+00:00,0.03675,0.0155,0.14,0.03725
Finlay Beverages,57.0,6.0,797.4,2025-08-07 11:45:30+00:00,0.068,0.0155,0.1165,0.06875
Finlay Beverages,57.0,6.0,797.4,2025-08-07 12:00:30+00:00,0.07125,0.0185,0.1185,0.07225
Finlay Beverages,57.0,6.0,797.4,2025-08-07 12:15:30+00:00,0.06575,0.0155,0.12825,0.0665
Finlay Beverages,57.0,6.0,797.4,2025-08-07 12:30:30+00:00,0.064,0.0155,0.155,0.065
Finlay Beverages,57.0,6.0,797.4,2025-08-07 12:45:30+00:00,0.10025,0.02175,0.20375,0.1035
Finlay Beverages,57.0,6.0,797.4,2025-08-07 13:00:30+00:00,0.17025,0.034,0.19925,0.1795
Finlay Beverages,57.0,6.0,797.4,2025-08-07 13:15:30+00:00,0.0875,0.0325,0.1985,0.091
Finlay Beverages,57.0,6.0,797.4,2025-08-07 13:30:30+00:00,0.09925,0.03025,0.1605,0.1035
Finlay Beverages,57.0,6.0,797.4,2025-08-07 13:45:30+00:00,0.099,0.04875,0.142,0.10275
Finlay Beverages,57.0,6.0,797.4,2025-08-07 14:00:30+00:00,0.087,0.0605,0.1235,0.0905
Finlay Beverages,57.0,6.0,797.4,2025-08-07 14:15:30+00:00,0.089,0.0535,0.13375,0.09275
Finlay Beverages,57.0,6.0,797.4,2025-08-07 14:30:30+00:00,0.10275,0.05375,0.14575,0.109
Finlay Beverages,57.0,6.0,797.4,2025-08-07 14:45:30+00:00,0.10725,0.061,0.1525,0.11475
Finlay Beverages,57.0,6.0,797.4,2025-08-07 15:00:30+00:00,0.1095,0.06925,0.15,0.11825
Finlay Beverages,57.0,6.0,797.4,2025-08-07 15:15:30+00:00,0.111,0.0795,0.1415,0.122
Finlay Beverages,57.0,6.0,797.4,2025-08-07 15:30:30+00:00,0.111,0.0865,0.13175,0.1235
Finlay Beverages,57.0,6.0,797.4,2025-08-07 15:45:30+00:00,0.10575,0.08025,0.12275,0.11825
Finlay Beverages,57.0,6.0,797.4,2025-08-07 16:00:30+00:00,0.08875,0.0705,0.115,0.09875
Finlay Beverages,57.0,6.0,797.4,2025-08-07 16:15:30+00:00,0.0825,0.056,0.1005,0.092
Finlay Beverages,57.0,6.0,797.4,2025-08-07 16:30:30+00:00,0.06475,0.05025,0.089,0.07075
Finlay Beverages,57.0,6.0,797.4,2025-08-07 16:45:30+00:00,0.05975,0.045,0.07425,0.066
Finlay Beverages,57.0,6.0,797.4,2025-08-07 17:00:30+00:00,0.0545,0.03775,0.06675,0.0605
Finlay Beverages,57.0,6.0,797.4,2025-08-07 17:15:30+00:00,0.0435,0.03325,0.062,0.04775
Finlay Beverages,57.0,6.0,797.4,2025-08-07 17:30:30+00:00,0.043,0.025,0.0585,0.04875
Finlay Beverages,57.0,6.0,797.4,2025-08-07 17:45:30+00:00,0.03875,0.0205,0.049,0.0455
Finlay Beverages,57.0,6.0,797.4,2025-08-07 18:00:30+00:00,0.0335,0.01175,0.04025,0.0395
Finlay Beverages,57.0,6.0,797.4,2025-08-07 18:15:30+00:00,0.01725,0.0035,0.035,0.01875
Finlay Beverages,57.0,6.0,797.4,2025-08-07 18:30:30+00:00,0.007,0.002,0.02325,0.00725
Finlay Beverages,57.0,6.0,797.4,2025-08-07 18:45:30+00:00,0.00325,0.0015,0.013,0.00325
Finlay Beverages,57.0,6.0,797.4,2025-08-07 19:00:30+00:00,0.002,0.001,0.007,0.002
Finlay Beverages,57.0,6.0,797.4,2025-08-07 19:15:30+00:00,0.001,0.0005,0.003,0.001
Finlay Beverages,57.0,6.0,797.4,2025-08-07 19:30:30+00:00,0.00025,0.0,0.00075,0.00025
Finlay Beverages,57.0,6.0,797.4,2025-08-07 19:45:30+00:00,0.0,0.0,0.0,0.0
Finlay Beverages,57.0,6.0,797.4,2025-08-07 20:00:30+00:00,0.0,0.0,0.0,0.0
Finlay Beverages,57.0,6.0,797.4,2025-08-07 20:15:30+00:00,0.0,0.0,0.0,0.0
Finlay Beverages,57.0,6.0,797.4,2025-08-07 20:30:30+00:00,0.0,0.0,0.0,0.0
Finlay Beverages,57.0,6.0,797.4,2025-08-07 20:45:30+00:00,0.0,0.0,0.0,0.0
Finlay Beverages,57.0,6.0,797.4,2025-08-07 21:00:30+00:00,0.0,0.0,0.0,0.0
Finlay Beverages,57.0,6.0,797.4,2025-08-07 21:15:30+00:00,0.0,0.0,0.0,0.0
Finlay Beverages,57.0,6.0,797.4,2025-08-07 21:30:30+00:00,0.0,0.0,0.0,0.0
Finlay Beverages,57.0,6.0,797.4,2025-08-07 21:45:30+00:00,0.0,0.0,0.0,0.0
Finlay Beverages,57.0,6.0,797.4,2025-08-07 22:00:30+00:00,0.0,0.0,0.0,0.0
Finlay Beverages,57.0,6.0,797.4,2025-08-07 22:15:30+00:00,0.0,0.0,0.0,0.0
Finlay Beverages,57.0,6.0,797.4,2025-08-07 22:30:30+00:00,0.0,0.0,0.0,0.0
Finlay Beverages,57.0,6.0,797.4,2025-08-07 22:45:30+00:00,0.0,0.0,0.0,0.0
Finlay Beverages,57.0,6.0,797.4,2025-08-07 23:00:30+00:00,0.0,0.0,0.0,0.0
Finlay Beverages,57.0,6.0,797.4,2025-08-07 23:15:30+00:00,0.0,0.0,0.0,0.0
Finlay Beverages,57.0,6.0,797.4,2025-08-07 23:30:30+00:00,0.0,0.0,0.0,0.0
Finlay Beverages,57.0,6.0,797.4,2025-08-07 23:45:30+00:00,0.0,0.0,0.0,0.0
Finlay Beverages,57.0,6.0,797.4,2025-08-08 00:00:30+00:00,0.0,0.0,0.0,0.0
Finlay Beverages,57.0,6.0,797.4,2025-08-08 00:15:30+00:00,0.0,0.0,0.0,0.0
Finlay Beverages,57.0,6.0,797.4,2025-08-08 00:30:30+00:00,0.0,0.0,0.0,0.0
Finlay Beverages,57.0,6.0,797.4,2025-08-08 00:45:30+00:00,0.0,0.0,0.0,0.0
Finlay Beverages,57.0,6.0,797.4,2025-08-08 01:00:30+00:00,0.0,0.0,0.0,0.0
Finlay Beverages,57.0,6.0,797.4,2025-08-08 01:15:30+00:00,0.0,0.0,0.0,0.0
Finlay Beverages,57.0,6.0,797.4,2025-08-08 01:30:30+00:00,0.0,0.0,0.0,0.0
Finlay Beverages,57.0,6.0,797.4,2025-08-08 01:45:30+00:00,0.0,0.0,0.0,0.0
Finlay Beverages,57.0,6.0,797.4,2025-08-08 02:00:30+00:00,0.0,0.0,0.0,0.0
Finlay Beverages,57.0,6.0,797.4,2025-08-08 02:15:30+00:00,0.0,0.0,0.0,0.0
Finlay Beverages,57.0,6.0,797.4,2025-08-08 02:30:30+00:00,0.0,0.0,0.0,0.0
Finlay Beverages,57.0,6.0,797.4,2025-08-08 02:45:30+00:00,0.0,0.0,0.0,0.0
Finlay Beverages,57.0,6.0,797.4,2025-08-08 03:00:30+00:00,0.0,0.0,0.0,0.0
Finlay Beverages,57.0,6.0,797.4,2025-08-08 03:15:30+00:00,0.0,0.0,0.0,0.0
Finlay Beverages,57.0,6.0,797.4,2025-08-08 03:30:30+00:00,0.0,0.0,0.0,0.0
Finlay Beverages,57.0,6.0,797.4,2025-08-08 03:45:30+00:00,0.0,0.0,0.0,0.0
Finlay Beverages,57.0,6.0,797.4,2025-08-08 04:00:30+00:00,0.0,0.0,0.0,0.0
Finlay Beverages,57.0,6.0,797.4,2025-08-08 04:15:30+00:00,0.0,0.0,0.0,0.0
Finlay Beverages,57.0,6.0,797.4,2025-08-08 04:30:30+00:00,0.0,0.0,0.0,0.0
Finlay Beverages,57.0,6.0,797.4,2025-08-08 04:45:30+00:00,0.00275,0.002,0.00375,0.00275
Finlay Beverages,57.0,6.0,797.4,2025-08-08 05:00:30+00:00,0.01025,0.0055,0.01375,0.0075
Finlay Beverages,57.0,6.0,797.4,2025-08-08 05:15:30+00:00,0.01725,0.00725,0.02375,0.013
Finlay Beverages,57.0,6.0,797.4,2025-08-08 05:30:30+00:00,0.019,0.01175,0.03175,0.016
Finlay Beverages,57.0,6.0,797.4,2025-08-08 05:45:30+00:00,0.03825,0.01975,0.04525,0.0305
Finlay Beverages,57.0,6.0,797.4,2025-08-08 06:00:30+00:00,0.0515,0.034,0.0585,0.04025
Finlay Beverages,57.0,6.0,797.4,2025-08-08 06:15:30+00:00,0.0595,0.04475,0.06975,0.04775
Finlay Beverages,57.0,6.0,797.4,2025-08-08 06:30:30+00:00,0.06575,0.05525,0.0775,0.0545
Finlay Beverages,57.0,6.0,797.4,2025-08-08 06:45:30+00:00,0.0735,0.056,0.0905,0.0625
Finlay Beverages,57.0,6.0,797.4,2025-08-08 07:00:30+00:00,0.08625,0.05725,0.1015,0.07425
Finlay Beverages,57.0,6.0,797.4,2025-08-08 07:15:30+00:00,0.0945,0.043,0.10975,0.084
Finlay Beverages,57.0,6.0,797.4,2025-08-08 07:30:30+00:00,0.06225,0.03675,0.11525,0.0585
Finlay Beverages,57.0,6.0,797.4,2025-08-08 07:45:30+00:00,0.0835,0.04,0.1265,0.078
Finlay Beverages,57.0,6.0,797.4,2025-08-08 08:00:30+00:00,0.1195,0.065,0.14025,0.1095
Finlay Beverages,57.0,6.0,797.4,2025-08-08 08:15:30+00:00,0.1365,0.095,0.151,0.125
Finlay Beverages,57.0,6.0,797.4,2025-08-08 08:30:30+00:00,0.14425,0.108,0.15925,0.13375
Finlay Beverages,57.0,6.0,797.4,2025-08-08 08:45:30+00:00,0.1395,0.1105,0.16625,0.1315
Finlay Beverages,57.0,6.0,797.4,2025-08-08 09:00:30+00:00,0.14025,0.1035,0.1705,0.13375
Finlay Beverages,57.0,6.0,797.4,2025-08-08 09:15:30+00:00,0.13025,0.10275,0.16725,0.12625
Finlay Beverages,57.0,6.0,797.4,2025-08-08 09:30:30+00:00,0.135,0.104,0.16325,0.1315
Finlay Beverages,57.0,6.0,797.4,2025-08-08 09:45:30+00:00,0.13525,0.105,0.1635,0.13275
Finlay Beverages,57.0,6.0,797.4,2025-08-08 10:00:30+00:00,0.13175,0.1025,0.15725,0.1305
Finlay Beverages,57.0,6.0,797.4,2025-08-08 10:15:30+00:00,0.123,0.102,0.1515,0.1225
Finlay Beverages,57.0,6.0,797.4,2025-08-08 10:30:30+00:00,0.1255,0.1015,0.154,0.1255
Finlay Beverages,57.0,6.0,797.4,2025-08-08 10:45:30+00:00,0.1345,0.1005,0.1585,0.13525
Finlay Beverages,57.0,6.0,797.4,2025-08-08 11:00:30+00:00,0.128,0.09075,0.158,0.12925
Finlay Beverages,57.0,6.0,797.4,2025-08-08 11:15:30+00:00,0.1105,0.08725,0.1515,0.11175
Finlay Beverages,57.0,6.0,797.4,2025-08-08 11:30:30+00:00,0.11925,0.0905,0.1515,0.12125
Finlay Beverages,57.0,6.0,797.4,2025-08-08 11:45:30+00:00,0.1325,0.0975,0.15575,0.13525
Finlay Beverages,57.0,6.0,797.4,2025-08-08 12:00:30+00:00,0.128,0.08375,0.16375,0.13125
Finlay Beverages,57.0,6.0,797.4,2025-08-08 12:15:30+00:00,0.11075,0.073,0.176,0.1135
Finlay Beverages,57.0,6.0,797.4,2025-08-08 12:30:30+00:00,0.1325,0.0735,0.1965,0.137
Finlay Beverages,57.0,6.0,797.4,2025-08-08 12:45:30+00:00,0.15975,0.097,0.20375,0.1675
Finlay Beverages,57.0,6.0,797.4,2025-08-08 13:00:30+00:00,0.1585,0.114,0.194,0.16775
Finlay Beverages,57.0,6.0,797.4,2025-08-08 13:15:30+00:00,0.14525,0.124,0.17825,0.1535
Finlay Beverages,57.0,6.0,797.4,2025-08-08 13:30:30+00:00,0.14825,0.127,0.17,0.158
Finlay Beverages,57.0,6.0,797.4,2025-08-08 13:45:30+00:00,0.15125,0.128,0.16575,0.163
Finlay Beverages,57.0,6.0,797.4,2025-08-08 14:00:30+00:00,0.142,0.12475,0.15975,0.1535
Finlay Beverages,57.0,6.0,797.4,2025-08-08 14:15:30+00:00,0.13375,0.11975,0.15,0.1445
Finlay Beverages,57.0,6.0,797.4,2025-08-08 14:30:30+00:00,0.12825,0.11375,0.1405,0.13925
Finlay Beverages,57.0,6.0,797.4,2025-08-08 14:45:30+00:00,0.12,0.10975,0.131,0.13075
Finlay Beverages,57.0,6.0,797.4,2025-08-08 15:00:30+00:00,0.113,0.10375,0.1235,0.1235
Finlay Beverages,57.0,6.0,797.4,2025-08-08 15:15:30+00:00,0.10775,0.09625,0.1195,0.11875
Finlay Beverages,57.0,6.0,797.4,2025-08-08 15:30:30+00:00,0.1025,0.08875,0.1175,0.11375
Finlay Beverages,57.0,6.0,797.4,2025-08-08 15:45:30+00:00,0.098,0.08275,0.11375,0.1105
Finlay Beverages,57.0,6.0,797.4,2025-08-08 16:00:30+00:00,0.09425,0.07975,0.108,0.1075
Finlay Beverages,57.0,6.0,797.4,2025-08-08 16:15:30+00:00,0.08925,0.07425,0.102,0.1035
Finlay Beverages,57.0,6.0,797.4,2025-08-08 16:30:30+00:00,0.0815,0.0665,0.09425,0.09525
Finlay Beverages,57.0,6.0,797.4,2025-08-08 16:45:30+00:00,0.07125,0.05125,0.088,0.08275
Finlay Beverages,57.0,6.0,797.4,2025-08-08 17:00:30+00:00,0.05675,0.04225,0.0805,0.065
Finlay Beverages,57.0,6.0,797.4,2025-08-08 17:15:30+00:00,0.0545,0.02925,0.068,0.06325
Finlay Beverages,57.0,6.0,797.4,2025-08-08 17:30:30+00:00,0.0365,0.02675,0.06,0.04075
Finlay Beverages,57.0,6.0,797.4,2025-08-08 17:45:30+00:00,0.0355,0.02,0.048,0.04125
Finlay Beverages,57.0,6.0,797.4,2025-08-08 18:00:30+00:00,0.03075,0.019,0.04175,0.03675
Finlay Beverages,57.0,6.0,797.4,2025-08-08 18:15:30+00:00,0.0245,0.016,0.03225,0.0305
Finlay Beverages,57.0,6.0,797.4,2025-08-08 18:30:30+00:00,0.01875,0.012,0.02325,0.025
Finlay Beverages,57.0,6.0,797.4,2025-08-08 18:45:30+00:00,0.0125,0.00775,0.016,0.01675
Finlay Beverages,57.0,6.0,797.4,2025-08-08 19:00:30+00:00,0.00725,0.00425,0.01075,0.009
Finlay Beverages,57.0,6.0,797.4,2025-08-08 19:15:30+00:00,0.00375,0.002,0.00575,0.00375
Finlay Beverages,57.0,6.0,797.4,2025-08-08 19:30:30+00:00,0.00075,0.00075,0.00125,0.00075
Finlay Beverages,57.0,6.0,797.4,2025-08-08 19:45:30+00:00,0.0,0.0,0.0,0.0
Finlay Beverages,57.0,6.0,797.4,2025-08-08 20:00:30+00:00,0.0,0.0,0.0,0.0
Finlay Beverages,57.0,6.0,797.4,2025-08-08 20:15:30+00:00,0.0,0.0,0.0,0.0
Finlay Beverages,57.0,6.0,797.4,2025-08-08 20:30:30+00:00,0.0,0.0,0.0,0.0
Finlay Beverages,57.0,6.0,797.4,2025-08-08 20:45:30+00:00,0.0,0.0,0.0,0.0
Finlay Beverages,57.0,6.0,797.4,2025-08-08 21:00:30+00:00,0.0,0.0,0.0,0.0
Finlay Beverages,57.0,6.0,797.4,2025-08-08 21:15:30+00:00,0.0,0.0,0.0,0.0
Finlay Beverages,57.0,6.0,797.4,2025-08-08 21:30:30+00:00,0.0,0.0,0.0,0.0
Finlay Beverages,57.0,6.0,797.4,2025-08-08 21:45:30+00:00,0.0,0.0,0.0,0.0
Finlay Beverages,57.0,6.0,797.4,2025-08-08 22:00:30+00:00,0.0,0.0,0.0,0.0
Finlay Beverages,57.0,6.0,797.4,2025-08-08 22:15:30+00:00,0.0,0.0,0.0,0.0
Finlay Beverages,57.0,6.0,797.4,2025-08-08 22:30:30+00:00,0.0,0.0,0.0,0.0
Finlay Beverages,57.0,6.0,797.4,2025-08-08 22:45:30+00:00,0.0,0.0,0.0,0.0
Finlay Beverages,57.0,6.0,797.4,2025-08-08 23:00:30+00:00,0.0,0.0,0.0,0.0
Finlay Beverages,57.0,6.0,797.4,2025-08-08 23:15:30+00:00,0.0,0.0,0.0,0.0
Finlay Beverages,57.0,6.0,797.4,2025-08-08 23:30:30+00:00,0.0,0.0,0.0,0.0
Finlay Beverages,57.0,6.0,797.4,2025-08-08 23:45:30+00:00,0.0,0.0,0.0,0.0
Finlay Beverages,57.0,6.0,797.4,2025-08-09 00:00:30+00:00,0.0,0.0,0.0,0.0
Finlay Beverages,57.0,6.0,797.4,2025-08-09 00:15:30+00:00,0.0,0.0,0.0,0.0
Finlay Beverages,57.0,6.0,797.4,2025-08-09 00:30:30+00:00,0.0,0.0,0.0,0.0
Finlay Beverages,57.0,6.0,797.4,2025-08-09 00:45:30+00:00,0.0,0.0,0.0,0.0
Finlay Beverages,57.0,6.0,797.4,2025-08-09 01:00:30+00:00,0.0,0.0,0.0,0.0
Finlay Beverages,57.0,6.0,797.4,2025-08-09 01:15:30+00:00,0.0,0.0,0.0,0.0
Finlay Beverages,57.0,6.0,797.4,2025-08-09 01:30:30+00:00,0.0,0.0,0.0,0.0
Finlay Beverages,57.0,6.0,797.4,2025-08-09 01:45:30+00:00,0.0,0.0,0.0,0.0
Finlay Beverages,57.0,6.0,797.4,2025-08-09 02:00:30+00:00,0.0,0.0,0.0,0.0
Finlay Beverages,57.0,6.0,797.4,2025-08-09 02:15:30+00:00,0.0,0.0,0.0,0.0
Finlay Beverages,57.0,6.0,797.4,2025-08-09 02:30:30+00:00,0.0,0.0,0.0,0.0
Finlay Beverages,57.0,6.0,797.4,2025-08-09 02:45:30+00:00,0.0,0.0,0.0,0.0
Finlay Beverages,57.0,6.0,797.4,2025-08-09 03:00:30+00:00,0.0,0.0,0.0,0.0
Finlay Beverages,57.0,6.0,797.4,2025-08-09 03:15:30+00:00,0.0,0.0,0.0,0.0
Finlay Beverages,57.0,6.0,797.4,2025-08-09 03:30:30+00:00,0.0,0.0,0.0,0.0
Finlay Beverages,57.0,6.0,797.4,2025-08-09 03:45:30+00:00,0.0,0.0,0.0,0.0
Finlay Beverages,57.0,6.0,797.4,2025-08-09 04:00:30+00:00,0.0,0.0,0.0,0.0
Finlay Beverages,57.0,6.0,797.4,2025-08-09 04:15:30+00:00,0.0,0.0,0.0,0.0
Finlay Beverages,57.0,6.0,797.4,2025-08-09 04:30:30+00:00,0.0,0.0,0.0,0.0
Finlay Beverages,57.0,6.0,797.4,2025-08-09 04:45:30+00:00,0.00225,0.00125,0.003,0.00225
Finlay Beverages,57.0,6.0,797.4,2025-08-09 05:00:30+00:00,0.00775,0.00525,0.01125,0.0065
Finlay Beverages,57.0,6.0,797.4,2025-08-09 05:15:30+00:00,0.02025,0.00875,0.023,0.015
Finlay Beverages,57.0,6.0,797.4,2025-08-09 05:30:30+00:00,0.021,0.01375,0.03125,0.01725
Finlay Beverages,57.0,6.0,797.4,2025-08-09 05:45:30+00:00,0.03675,0.0155,0.04375,0.0295
Finlay Beverages,57.0,6.0,797.4,2025-08-09 06:00:30+00:00,0.031,0.02075,0.0515,0.027
Finlay Beverages,57.0,6.0,797.4,2025-08-09 06:15:30+00:00,0.049,0.02525,0.06525,0.04125
Finlay Beverages,57.0,6.0,797.4,2025-08-09 06:30:30+00:00,0.05675,0.0385,0.076,0.04875
Finlay Beverages,57.0,6.0,797.4,2025-08-09 06:45:30+00:00,0.07525,0.05275,0.08875,0.064
Finlay Beverages,57.0,6.0,797.4,2025-08-09 07:00:30+00:00,0.09075,0.07275,0.10075,0.0775
Finlay Beverages,57.0,6.0,797.4,2025-08-09 07:15:30+00:00,0.10175,0.089,0.112,0.08775
Finlay Beverages,57.0,6.0,797.4,2025-08-09 07:30:30+00:00,0.1115,0.10325,0.11975,0.09775
Finlay Beverages,57.0,6.0,797.4,2025-08-09 07:45:30+00:00,0.1205,0.1085,0.1315,0.1075
Finlay Beverages,57.0,6.0,797.4,2025-08-09 08:00:30+00:00,0.128,0.11025,0.14075,0.11575
Finlay Beverages,57.0,6.0,797.4,2025-08-09 08:15:30+00:00,0.13275,0.10575,0.1485,0.1225
Finlay Beverages,57.0,6.0,797.4,2025-08-09 08:30:30+00:00,0.12325,0.104,0.152,0.1165
Finlay Beverages,57.0,6.0,797.4,2025-08-09 08:45:30+00:00,0.13025,0.10075,0.16275,0.12325
Finlay Beverages,57.0,6.0,797.4,2025-08-09 09:00:30+00:00,0.1405,0.09425,0.172,0.134
Finlay Beverages,57.0,6.0,797.4,2025-08-09 09:15:30+00:00,0.1355,0.077,0.178,0.131
Finlay Beverages,57.0,6.0,797.4,2025-08-09 09:30:30+00:00,0.10925,0.062,0.16825,0.10725
Finlay Beverages,57.0,6.0,797.4,2025-08-09 09:45:30+00:00,0.10125,0.06825,0.17075,0.1
Finlay Beverages,57.0,6.0,797.4,2025-08-09 10:00:30+00:00,0.1485,0.0835,0.1825,0.1465
Finlay Beverages,57.0,6.0,797.4,2025-08-09 10:15:30+00:00,0.1475,0.10025,0.1975,0.1465
Finlay Beverages,57.0,6.0,797.4,2025-08-09 10:30:30+00:00,0.14975,0.0975,0.19,0.14975
Finlay Beverages,57.0,6.0,797.4,2025-08-09 10:45:30+00:00,0.133,0.09,0.1775,0.13375
Finlay Beverages,57.0,6.0,797.4,2025-08-09 11:00:30+00:00,0.118,0.081,0.17225,0.119
Finlay Beverages,57.0,6.0,797.4,2025-08-09 11:15:30+00:00,0.128,0.07575,0.17625,0.12975
Finlay Beverages,57.0,6.0,797.4,2025-08-09 11:30:30+00:00,0.13125,0.062,0.17225,0.1335
Finlay Beverages,57.0,6.0,797.4,2025-08-09 11:45:30+00:00,0.09225,0.0445,0.15925,0.09375
Finlay Beverages,57.0,6.0,797.4,2025-08-09 12:00:30+00:00,0.08175,0.037,0.1535,0.083
Finlay Beverages,57.0,6.0,797.4,2025-08-09 12:15:30+00:00,0.10975,0.04525,0.169,0.1125
Finlay Beverages,57.0,6.0,797.4,2025-08-09 12:30:30+00:00,0.12875,0.0665,0.1795,0.13325
Finlay Beverages,57.0,6.0,797.4,2025-08-09 12:45:30+00:00,0.13,0.0775,0.188,0.135
Finlay Beverages,57.0,6.0,797.4,2025-08-09 13:00:30+00:00,0.13775,0.08475,0.18475,0.1445
Finlay Beverages,57.0,6.0,797.4,2025-08-09 13:15:30+00:00,0.13675,0.06675,0.1745,0.14425
Finlay Beverages,57.0,6.0,797.4,2025-08-09 13:30:30+00:00,0.08825,0.0595,0.1695,0.092
Finlay Beverages,57.0,6.0,797.4,2025-08-09 13:45:30+00:00,0.1145,0.0495,0.14775,0.12075
Finlay Beverages,57.0,6.0,797.4,2025-08-09 14:00:30+00:00,0.0945,0.0485,0.14325,0.09875
Finlay Beverages,57.0,6.0,797.4,2025-08-09 14:15:30+00:00,0.0775,0.0375,0.146,0.08025
Finlay Beverages,57.0,6.0,797.4,2025-08-09 14:30:30+00:00,0.09925,0.02975,0.1585,0.1055
Finlay Beverages,57.0,6.0,797.4,2025-08-09 14:45:30+00:00,0.10575,0.04775,0.1635,0.1135
Finlay Beverages,57.0,6.0,797.4,2025-08-09 15:00:30+00:00,0.12525,0.06775,0.15075,0.13925
Finlay Beverages,57.0,6.0,797.4,2025-08-09 15:15:30+00:00,0.119,0.08075,0.142,0.13325
Finlay Beverages,57.0,6.0,797.4,2025-08-09 15:30:30+00:00,0.10225,0.07,0.13475,0.11325
Finlay Beverages,57.0,6.0,797.4,2025-08-09 15:45:30+00:00,0.085,0.061,0.123,0.09275
Finlay Beverages,57.0,6.0,797.4,2025-08-09 16:00:30+00:00,0.086,0.04925,0.1065,0.095
Finlay Beverages,57.0,6.0,797.4,2025-08-09 16:15:30+00:00,0.06425,0.04625,0.09325,0.06975
Finlay Beverages,57.0,6.0,797.4,2025-08-09 16:30:30+00:00,0.05775,0.04275,0.0845,0.06225
Finlay Beverages,57.0,6.0,797.4,2025-08-09 16:45:30+00:00,0.065,0.03925,0.07825,0.07375
Finlay Beverages,57.0,6.0,797.4,2025-08-09 17:00:30+00:00,0.05625,0.04125,0.07325,0.06375
Finlay Beverages,57.0,6.0,797.4,2025-08-09 17:15:30+00:00,0.04875,0.0355,0.06525,0.0565
Finlay Beverages,57.0,6.0,797.4,2025-08-09 17:30:30+00:00,0.0455,0.03,0.055,0.05425
Finlay Beverages,57.0,6.0,797.4,2025-08-09 17:45:30+00:00,0.035,0.0215,0.049,0.041
Finlay Beverages,57.0,6.0,797.4,2025-08-09 18:00:30+00:00,0.025,0.01675,0.04225,0.0285
Finlay Beverages,57.0,6.0,797.4,2025-08-09 18:15:30+00:00,0.02575,0.01275,0.032,0.0315
Finlay Beverages,57.0,6.0,797.4,2025-08-09 18:30:30+00:00,0.01875,0.0115,0.023,0.02425
Finlay Beverages,57.0,6.0,797.4,2025-08-09 18:45:30+00:00,0.01175,0.00775,0.015,0.01625
Finlay Beverages,57.0,6.0,797.4,2025-08-09 19:00:30+00:00,0.00675,0.0045,0.0085,0.00975
Finlay Beverages,57.0,6.0,797.4,2025-08-09 19:15:30+00:00,0.00375,0.003,0.00475,0.00425
Finlay Beverages,57.0,6.0,797.4,2025-08-09 19:30:30+00:00,0.00175,0.00125,0.002,0.00175
Finlay Beverages,57.0,6.0,797.4,2025-08-09 19:45:30+00:00,0.0,0.0,0.0,0.0
Finlay Beverages,57.0,6.0,797.4,2025-08-09 20:00:30+00:00,0.0,0.0,0.0,0.0
Finlay Beverages,57.0,6.0,797.4,2025-08-09 20:15:30+00:00,0.0,0.0,0.0,0.0
Finlay Beverages,57.0,6.0,797.4,2025-08-09 20:30:30+00:00,0.0,0.0,0.0,0.0
Finlay Beverages,57.0,6.0,797.4,2025-08-09 20:45:30+00:00,0.0,0.0,0.0,0.0
Finlay Beverages,57.0,6.0,797.4,2025-08-09 21:00:30+00:00,0.0,0.0,0.0,0.0
Finlay Beverages,57.0,6.0,797.4,2025-08-09 21:15:30+00:00,0.0,0.0,0.0,0.0
Finlay Beverages,57.0,6.0,797.4,2025-08-09 21:30:30+00:00,0.0,0.0,0.0,0.0
Finlay Beverages,57.0,6.0,797.4,2025-08-09 21:45:30+00:00,0.0,0.0,0.0,0.0
Finlay Beverages,57.0,6.0,797.4,2025-08-09 22:00:30+00:00,0.0,0.0,0.0,0.0
Finlay Beverages,57.0,6.0,797.4,2025-08-09 22:15:30+00:00,0.0,0.0,0.0,0.0
Finlay Beverages,57.0,6.0,797.4,2025-08-09 22:30:30+00:00,0.0,0.0,0.0,0.0
Finlay Beverages,57.0,6.0,797.4,2025-08-09 22:45:30+00:00,0.0,0.0,0.0,0.0
Finlay Beverages,57.0,6.0,797.4,2025-08-09 23:00:30+00:00,0.0,0.0,0.0,0.0
Finlay Beverages,57.0,6.0,797.4,2025-08-09 23:15:30+00:00,0.0,0.0,0.0,0.0
Finlay Beverages,57.0,6.0,797.4,2025-08-09 23:30:30+00:00,0.0,0.0,0.0,0.0
Finlay Beverages,57.0,6.0,797.4,2025-08-09 23:45:30+00:00,0.0,0.0,0.0,0.0
Finlay Beverages,57.0,6.0,797.4,2025-08-10 00:00:30+00:00,0.0,0.0,0.0,0.0
Finlay Beverages,57.0,6.0,797.4,2025-08-10 00:15:30+00:00,0.0,0.0,0.0,0.0
Finlay Beverages,57.0,6.0,797.4,2025-08-10 00:30:30+00:00,0.0,0.0,0.0,0.0
Finlay Beverages,57.0,6.0,797.4,2025-08-10 00:45:30+00:00,0.0,0.0,0.0,0.0
Finlay Beverages,57.0,6.0,797.4,2025-08-10 01:00:30+00:00,0.0,0.0,0.0,0.0
Finlay Beverages,57.0,6.0,797.4,2025-08-10 01:15:30+00:00,0.0,0.0,0.0,0.0
Finlay Beverages,57.0,6.0,797.4,2025-08-10 01:30:30+00:00,0.0,0.0,0.0,0.0
Finlay Beverages,57.0,6.0,797.4,2025-08-10 01:45:30+00:00,0.0,0.0,0.0,0.0
Finlay Beverages,57.0,6.0,797.4,2025-08-10 02:00:30+00:00,0.0,0.0,0.0,0.0
Finlay Beverages,57.0,6.0,797.4,2025-08-10 02:15:30+00:00,0.0,0.0,0.0,0.0
Finlay Beverages,57.0,6.0,797.4,2025-08-10 02:30:30+00:00,0.0,0.0,0.0,0.0
Finlay Beverages,57.0,6.0,797.4,2025-08-10 02:45:30+00:00,0.0,0.0,0.0,0.0
Finlay Beverages,57.0,6.0,797.4,2025-08-10 03:00:30+00:00,0.0,0.0,0.0,0.0
Finlay Beverages,57.0,6.0,797.4,2025-08-10 03:15:30+00:00,0.0,0.0,0.0,0.0
Finlay Beverages,57.0,6.0,797.4,2025-08-10 03:30:30+00:00,0.0,0.0,0.0,0.0
Finlay Beverages,57.0,6.0,797.4,2025-08-10 03:45:30+00:00,0.0,0.0,0.0,0.0
Finlay Beverages,57.0,6.0,797.4,2025-08-10 04:00:30+00:00,0.0,0.0,0.0,0.0
Finlay Beverages,57.0,6.0,797.4,2025-08-10 04:15:30+00:00,0.0,0.0,0.0,0.0
Finlay Beverages,57.0,6.0,797.4,2025-08-10 04:30:30+00:00,0.001,0.00075,0.001,0.001
Finlay Beverages,57.0,6.0,797.4,2025-08-10 04:45:30+00:00,0.00225,0.00225,0.00275,0.0025
Finlay Beverages,57.0,6.0,797.4,2025-08-10 05:00:30+00:00,0.0095,0.007,0.01125,0.00675
Finlay Beverages,57.0,6.0,797.4,2025-08-10 05:15:30+00:00,0.01925,0.014,0.0225,0.013
Finlay Beverages,57.0,6.0,797.4,2025-08-10 05:30:30+00:00,0.02875,0.0215,0.033,0.0205
Finlay Beverages,57.0,6.0,797.4,2025-08-10 05:45:30+00:00,0.03825,0.02975,0.0435,0.0285
Finlay Beverages,57.0,6.0,797.4,2025-08-10 06:00:30+00:00,0.048,0.03875,0.054,0.03725
Finlay Beverages,57.0,6.0,797.4,2025-08-10 06:15:30+00:00,0.0575,0.04825,0.06425,0.046
Finlay Beverages,57.0,6.0,797.4,2025-08-10 06:30:30+00:00,0.0675,0.05825,0.075,0.05525
Finlay Beverages,57.0,6.0,797.4,2025-08-10 06:45:30+00:00,0.07675,0.068,0.0845,0.06425
Finlay Beverages,57.0,6.0,797.4,2025-08-10 07:00:30+00:00,0.0845,0.07725,0.092,0.0725
Finlay Beverages,57.0,6.0,797.4,2025-08-10 07:15:30+00:00,0.09275,0.0865,0.09975,0.081
Finlay Beverages,57.0,6.0,797.4,2025-08-10 07:30:30+00:00,0.10225,0.096,0.109,0.0905
Finlay Beverages,57.0,6.0,797.4,2025-08-10 07:45:30+00:00,0.1125,0.10475,0.1185,0.101
Finlay Beverages,57.0,6.0,797.4,2025-08-10 08:00:30+00:00,0.11975,0.112,0.1285,0.109
Finlay Beverages,57.0,6.0,797.4,2025-08-10 08:15:30+00:00,0.12825,0.11725,0.1365,0.118
Finlay Beverages,57.0,6.0,797.4,2025-08-10 08:30:30+00:00,0.13225,0.12175,0.143,0.12325
Finlay Beverages,57.0,6.0,797.4,2025-08-10 08:45:30+00:00,0.1365,0.12725,0.14725,0.12875
Finlay Beverages,57.0,6.0,797.4,2025-08-10 09:00:30+00:00,0.14275,0.13325,0.152,0.13575
Finlay Beverages,57.0,6.0,797.4,2025-08-10 09:15:30+00:00,0.1485,0.14,0.15825,0.1425
Finlay Beverages,57.0,6.0,797.4,2025-08-10 09:30:30+00:00,0.156,0.1445,0.16625,0.151
Finlay Beverages,57.0,6.0,797.4,2025-08-10 09:45:30+00:00,0.1615,0.15025,0.17375,0.1575
Finlay Beverages,57.0,6.0,797.4,2025-08-10 10:00:30+00:00,0.1685,0.15625,0.18025,0.16525
Finlay Beverages,57.0,6.0,797.4,2025-08-10 10:15:30+00:00,0.17425,0.16175,0.1845,0.1725
Finlay Beverages,57.0,6.0,797.4,2025-08-10 10:30:30+00:00,0.1765,0.16375,0.18675,0.176
Finlay Beverages,57.0,6.0,797.4,2025-08-10 10:45:30+00:00,0.17475,0.16475,0.188,0.1755
Finlay Beverages,57.0,6.0,797.4,2025-08-10 11:00:30+00:00,0.178,0.16625,0.1905,0.18025
Finlay Beverages,57.0,6.0,797.4,2025-08-10 11:15:30+00:00,0.182,0.16925,0.19325,0.18575
Finlay Beverages,57.0,6.0,797.4,2025-08-10 11:30:30+00:00,0.18325,0.1725,0.194,0.18825
Finlay Beverages,57.0,6.0,797.4,2025-08-10 11:45:30+00:00,0.184,0.1745,0.19275,0.1905
Finlay Beverages,57.0,6.0,797.4,2025-08-10 12:00:30+00:00,0.18325,0.175,0.191,0.19075
Finlay Beverages,57.0,6.0,797.4,2025-08-10 12:15:30+00:00,0.1815,0.17325,0.1895,0.19025
Finlay Beverages,57.0,6.0,797.4,2025-08-10 12:30:30+00:00,0.17925,0.17075,0.187,0.189
Finlay Beverages,57.0,6.0,797.4,2025-08-10 12:45:30+00:00,0.176,0.1675,0.18375,0.18675
Finlay Beverages,57.0,6.0,797.4,2025-08-10 13:00:30+00:00,0.172,0.16425,0.18,0.18375
Finlay Beverages,57.0,6.0,797.4,2025-08-10 13:15:30+00:00,0.16875,0.15975,0.17675,0.1815
Finlay Beverages,57.0,6.0,797.4,2025-08-10 13:30:30+00:00,0.164,0.1545,0.17275,0.1775
Finlay Beverages,57.0,6.0,797.4,2025-08-10 13:45:30+00:00,0.158,0.148,0.167,0.172
Finlay Beverages,57.0,6.0,797.4,2025-08-10 14:00:30+00:00,0.1505,0.14225,0.1605,0.16475
Finlay Beverages,57.0,6.0,797.4,2025-08-10 14:15:30+00:00,0.14525,0.136,0.155,0.16
Finlay Beverages,57.0,6.0,797.4,2025-08-10 14:30:30+00:00,0.14025,0.1305,0.15,0.15575
Finlay Beverages,57.0,6.0,797.4,2025-08-10 14:45:30+00:00,0.135,0.12575,0.14425,0.15125
Finlay Beverages,57.0,6.0,797.4,2025-08-10 15:00:30+00:00,0.1295,0.121,0.13675,0.146
Finlay Beverages,57.0,6.0,797.4,2025-08-10 15:15:30+00:00,0.122,0.115,0.12825,0.13875
Finlay Beverages,57.0,6.0,797.4,2025-08-10 15:30:30+00:00,0.1135,0.1075,0.1195,0.13
Finlay Beverages,57.0,6.0,797.4,2025-08-10 15:45:30+00:00,0.10525,0.099,0.1115,0.121
Finlay Beverages,57.0,6.0,797.4,2025-08-10 16:00:30+00:00,0.09675,0.09025,0.10325,0.11225
Finlay Beverages,57.0,6.0,797.4,2025-08-10 16:15:30+00:00,0.08825,0.081,0.09475,0.103
Finlay Beverages,57.0,6.0,797.4,2025-08-10 16:30:30+00:00,0.07875,0.06825,0.09,0.0925
Finlay Beverages,57.0,6.0,797.4,2025-08-10 16:45:30+00:00,0.06975,0.05275,0.08125,0.0825
Finlay Beverages,57.0,6.0,797.4,2025-08-10 17:00:30+00:00,0.062,0.03675,0.07325,0.07275
Finlay Beverages,57.0,6.0,797.4,2025-08-10 17:15:30+00:00,0.046,0.02425,0.06675,0.052
Finlay Beverages,57.0,6.0,797.4,2025-08-10 17:30:30+00:00,0.033,0.01775,0.05825,0.036
Finlay Beverages,57.0,6.0,797.4,2025-08-10 17:45:30+00:00,0.03125,0.01475,0.04725,0.03575
Finlay Beverages,57.0,6.0,797.4,2025-08-10 18:00:30+00:00,0.0285,0.0155,0.03775,0.03425
Finlay Beverages,57.0,6.0,797.4,2025-08-10 18:15:30+00:00,0.02325,0.01425,0.0285,0.02925
Finlay Beverages,57.0,6.0,797.4,2025-08-10 18:30:30+00:00,0.01675,0.0115,0.0205,0.02225
Finlay Beverages,57.0,6.0,797.4,2025-08-10 18:45:30+00:00,0.01125,0.00775,0.01375,0.01475
Finlay Beverages,57.0,6.0,797.4,2025-08-10 19:00:30+00:00,0.0065,0.0045,0.00825,0.0085
Finlay Beverages,57.0,6.0,797.4,2025-08-10 19:15:30+00:00,0.003,0.0025,0.004,0.00325
Finlay Beverages,57.0,6.0,797.4,2025-08-10 19:30:30+00:00,0.00125,0.001,0.0015,0.00125
Finlay Beverages,57.0,6.0,797.4,2025-08-10 19:45:30+00:00,0.0,0.0,0.0,0.0
Finlay Beverages,57.0,6.0,797.4,2025-08-10 20:00:30+00:00,0.0,0.0,0.0,0.0
Finlay Beverages,57.0,6.0,797.4,2025-08-10 20:15:30+00:00,0.0,0.0,0.0,0.0
Finlay Beverages,57.0,6.0,797.4,2025-08-10 20:30:30+00:00,0.0,0.0,0.0,0.0
Finlay Beverages,57.0,6.0,797.4,2025-08-10 20:45:30+00:00,0.0,0.0,0.0,0.0
Finlay Beverages,57.0,6.0,797.4,2025-08-10 21:00:30+00:00,0.0,0.0,0.0,0.0
Finlay Beverages,57.0,6.0,797.4,2025-08-10 21:15:30+00:00,0.0,0.0,0.0,0.0
Finlay Beverages,57.0,6.0,797.4,2025-08-10 21:30:30+00:00,0.0,0.0,0.0,0.0
Finlay Beverages,57.0,6.0,797.4,2025-08-10 21:45:30+00:00,0.0,0.0,0.0,0.0
Finlay Beverages,57.0,6.0,797.4,2025-08-10 22:00:30+00:00,0.0,0.0,0.0,0.0
Finlay Beverages,57.0,6.0,797.4,2025-08-10 22:15:30+00:00,0.0,0.0,0.0,0.0
Finlay Beverages,57.0,6.0,797.4,2025-08-10 22:30:30+00:00,0.0,0.0,0.0,0.0
Finlay Beverages,57.0,6.0,797.4,2025-08-10 22:45:30+00:00,0.0,0.0,0.0,0.0
Finlay Beverages,57.0,6.0,797.4,2025-08-10 23:00:30+00:00,0.0,0.0,0.0,0.0
Finlay Beverages,57.0,6.0,797.4,2025-08-10 23:15:30+00:00,0.0,0.0,0.0,0.0
Finlay Beverages,57.0,6.0,797.4,2025-08-10 23:30:30+00:00,0.0,0.0,0.0,0.0
Finlay Beverages,57.0,6.0,797.4,2025-08-10 23:45:30+00:00,0.0,0.0,0.0,0.0
Finlay Beverages,57.0,6.0,797.4,2025-08-11 00:00:30+00:00,0.0,0.0,0.0,0.0
Finlay Beverages,57.0,6.0,797.4,2025-08-11 00:15:30+00:00,0.0,0.0,0.0,0.0
Finlay Beverages,57.0,6.0,797.4,2025-08-11 00:30:30+00:00,0.0,0.0,0.0,0.0
Finlay Beverages,57.0,6.0,797.4,2025-08-11 00:45:30+00:00,0.0,0.0,0.0,0.0
Finlay Beverages,57.0,6.0,797.4,2025-08-11 01:00:30+00:00,0.0,0.0,0.0,0.0
Finlay Beverages,57.0,6.0,797.4,2025-08-11 01:15:30+00:00,0.0,0.0,0.0,0.0
Finlay Beverages,57.0,6.0,797.4,2025-08-11 01:30:30+00:00,0.0,0.0,0.0,0.0
Finlay Beverages,57.0,6.0,797.4,2025-08-11 01:45:30+00:00,0.0,0.0,0.0,0.0
Finlay Beverages,57.0,6.0,797.4,2025-08-11 02:00:30+00:00,0.0,0.0,0.0,0.0
Finlay Beverages,57.0,6.0,797.4,2025-08-11 02:15:30+00:00,0.0,0.0,0.0,0.0
Finlay Beverages,57.0,6.0,797.4,2025-08-11 02:30:30+00:00,0.0,0.0,0.0,0.0
Finlay Beverages,57.0,6.0,797.4,2025-08-11 02:45:30+00:00,0.0,0.0,0.0,0.0
Finlay Beverages,57.0,6.0,797.4,2025-08-11 03:00:30+00:00,0.0,0.0,0.0,0.0
Finlay Beverages,57.0,6.0,797.4,2025-08-11 03:15:30+00:00,0.0,0.0,0.0,0.0
Finlay Beverages,57.0,6.0,797.4,2025-08-11 03:30:30+00:00,0.0,0.0,0.0,0.0
Finlay Beverages,57.0,6.0,797.4,2025-08-11 03:45:30+00:00,0.0,0.0,0.0,0.0
Finlay Beverages,57.0,6.0,797.4,2025-08-11 04:00:30+00:00,0.0,0.0,0.0,0.0
Finlay Beverages,57.0,6.0,797.4,2025-08-11 04:15:30+00:00,0.0,0.0,0.0,0.0
Finlay Beverages,57.0,6.0,797.4,2025-08-11 04:30:30+00:00,0.0,0.0,0.0,0.0
Finlay Beverages,57.0,6.0,797.4,2025-08-11 04:45:30+00:00,0.001,0.00025,0.002,0.001
Finlay Beverages,57.0,6.0,797.4,2025-08-11 05:00:30+00:00,0.003,0.0005,0.00625,0.003
Finlay Beverages,57.0,6.0,797.4,2025-08-11 05:15:30+00:00,0.00575,0.0025,0.01275,0.006
Finlay Beverages,57.0,6.0,797.4,2025-08-11 05:30:30+00:00,0.0205,0.0075,0.0245,0.017
Finlay Beverages,57.0,6.0,797.4,2025-08-11 05:45:30+00:00,0.029,0.00975,0.0345,0.02425
Finlay Beverages,57.0,6.0,797.4,2025-08-11 06:00:30+00:00,0.02325,0.013,0.0415,0.021
Finlay Beverages,57.0,6.0,797.4,2025-08-11 06:15:30+00:00,0.04375,0.0205,0.054,0.03775
Finlay Beverages,57.0,6.0,797.4,2025-08-11 06:30:30+00:00,0.06,0.0325,0.0655,0.05175
Finlay Beverages,57.0,6.0,797.4,2025-08-11 06:45:30+00:00,0.058,0.0405,0.074,0.05175
Finlay Beverages,57.0,6.0,797.4,2025-08-11 07:00:30+00:00,0.0685,0.04525,0.085,0.06125
Finlay Beverages,57.0,6.0,797.4,2025-08-11 07:15:30+00:00,0.06675,0.04975,0.0925,0.06175
Finlay Beverages,57.0,6.0,797.4,2025-08-11 07:30:30+00:00,0.0795,0.052,0.1035,0.0735
Finlay Beverages,57.0,6.0,797.4,2025-08-11 07:45:30+00:00,0.105,0.05125,0.11475,0.09675
Finlay Beverages,57.0,6.0,797.4,2025-08-11 08:00:30+00:00,0.0955,0.034,0.12225,0.08975
Finlay Beverages,57.0,6.0,797.4,2025-08-11 08:15:30+00:00,0.06325,0.0125,0.122,0.0615
Finlay Beverages,57.0,6.0,797.4,2025-08-11 08:30:30+00:00,0.03925,0.012,0.1305,0.03925
Finlay Beverages,57.0,6.0,797.4,2025-08-11 08:45:30+00:00,0.11675,0.02325,0.144,0.11175
Finlay Beverages,57.0,6.0,797.4,2025-08-11 09:00:30+00:00,0.074,0.03175,0.15425,0.07225
Finlay Beverages,57.0,6.0,797.4,2025-08-11 09:15:30+00:00,0.092,0.03025,0.156,0.09025
Finlay Beverages,57.0,6.0,797.4,2025-08-11 09:30:30+00:00,0.11225,0.05525,0.16875,0.11025
Finlay Beverages,57.0,6.0,797.4,2025-08-11 09:45:30+00:00,0.13575,0.07875,0.17575,0.13325
Finlay Beverages,57.0,6.0,797.4,2025-08-11 10:00:30+00:00,0.15425,0.10725,0.18175,0.15175
Finlay Beverages,57.0,6.0,797.4,2025-08-11 10:15:30+00:00,0.1585,0.13125,0.186,0.157
Finlay Beverages,57.0,6.0,797.4,2025-08-11 10:30:30+00:00,0.1685,0.143,0.18975,0.16825
Finlay Beverages,57.0,6.0,797.4,2025-08-11 10:45:30+00:00,0.1715,0.14625,0.1925,0.1725
Finlay Beverages,57.0,6.0,797.4,2025-08-11 11:00:30+00:00,0.17275,0.13025,0.195,0.17475
Finlay Beverages,57.0,6.0,797.4,2025-08-11 11:15:30+00:00,0.15275,0.11525,0.19675,0.15525
Finlay Beverages,57.0,6.0,797.4,2025-08-11 11:30:30+00:00,0.1495,0.10375,0.1885,0.15275
Finlay Beverages,57.0,6.0,797.4,2025-08-11 11:45:30+00:00,0.1355,0.1035,0.17425,0.13875
Finlay Beverages,57.0,6.0,797.4,2025-08-11 12:00:30+00:00,0.13075,0.11175,0.16075,0.13425
Finlay Beverages,57.0,6.0,797.4,2025-08-11 12:15:30+00:00,0.14175,0.1145,0.15575,0.14675
Finlay Beverages,57.0,6.0,797.4,2025-08-11 12:30:30+00:00,0.1335,0.11625,0.157,0.1385
Finlay Beverages,57.0,6.0,797.4,2025-08-11 12:45:30+00:00,0.13425,0.099,0.165,0.13975
Finlay Beverages,57.0,6.0,797.4,2025-08-11 13:00:30+00:00,0.12825,0.0815,0.17175,0.13375
Finlay Beverages,57.0,6.0,797.4,2025-08-11 13:15:30+00:00,0.117,0.05425,0.162,0.12225
Finlay Beverages,57.0,6.0,797.4,2025-08-11 13:30:30+00:00,0.0795,0.0445,0.1445,0.082
Finlay Beverages,57.0,6.0,797.4,2025-08-11 13:45:30+00:00,0.0845,0.04575,0.12075,0.0875
Finlay Beverages,57.0,6.0,797.4,2025-08-11 14:00:30+00:00,0.0855,0.05375,0.107,0.0885
Finlay Beverages,57.0,6.0,797.4,2025-08-11 14:15:30+00:00,0.07175,0.055,0.0985,0.07375
Finlay Beverages,57.0,6.0,797.4,2025-08-11 14:30:30+00:00,0.072,0.044,0.09975,0.074
Finlay Beverages,57.0,6.0,797.4,2025-08-11 14:45:30+00:00,0.0715,0.04175,0.10925,0.07375
Finlay Beverages,57.0,6.0,797.4,2025-08-11 15:00:30+00:00,0.08075,0.04475,0.11375,0.08525
Finlay Beverages,57.0,6.0,797.4,2025-08-11 15:15:30+00:00,0.08525,0.05525,0.1105,0.09125
Finlay Beverages,57.0,6.0,797.4,2025-08-11 15:30:30+00:00,0.08375,0.061,0.1035,0.0895
Finlay Beverages,57.0,6.0,797.4,2025-08-11 15:45:30+00:00,0.0775,0.06,0.092,0.08275
Finlay Beverages,57.0,6.0,797.4,2025-08-11 16:00:30+00:00,0.06725,0.0485,0.08575,0.07175
Finlay Beverages,57.0,6.0,797.4,2025-08-11 16:15:30+00:00,0.05675,0.03975,0.08225,0.06025
Finlay Beverages,57.0,6.0,797.4,2025-08-11 16:30:30+00:00,0.0575,0.02675,0.07275,0.06225
Finlay Beverages,57.0,6.0,797.4,2025-08-11 16:45:30+00:00,0.03725,0.01825,0.0665,0.03925
Finlay Beverages,57.0,6.0,797.4,2025-08-11 17:00:30+00:00,0.031,0.01,0.055,0.032
Finlay Beverages,57.0,6.0,797.4,2025-08-11 17:15:30+00:00,0.028,0.0055,0.04625,0.029
Finlay Beverages,57.0,6.0,797.4,2025-08-11 17:30:30+00:00,0.0185,0.00825,0.041,0.01875
Finlay Beverages,57.0,6.0,797.4,2025-08-11 17:45:30+00:00,0.025,0.007,0.03375,0.027
Finlay Beverages,57.0,6.0,797.4,2025-08-11 18:00:30+00:00,0.019,0.0055,0.03175,0.02025
Finlay Beverages,57.0,6.0,797.4,2025-08-11 18:15:30+00:00,0.0115,0.00225,0.0255,0.0115
Finlay Beverages,57.0,6.0,797.4,2025-08-11 18:30:30+00:00,0.007,0.00175,0.01775,0.00725
Finlay Beverages,57.0,6.0,797.4,2025-08-11 18:45:30+00:00,0.00225,0.001,0.00925,0.00225
Finlay Beverages,57.0,6.0,797.4,2025-08-11 19:00:30+00:00,0.0005,0.0005,0.0025,0.0005
Finlay Beverages,57.0,6.0,797.4,2025-08-11 19:15:30+00:00,0.00025,0.00025,0.00075,0.00025
Finlay Beverages,57.0,6.0,797.4,2025-08-11 19:30:30+00:00,0.0,0.0,0.0,0.0
Finlay Beverages,57.0,6.0,797.4,2025-08-11 19:45:30+00:00,0.0,0.0,0.0,0.0
Finlay Beverages,57.0,6.0,797.4,2025-08-11 20:00:30+00:00,0.0,0.0,0.0,0.0
Finlay Beverages,57.0,6.0,797.4,2025-08-11 20:15:30+00:00,0.0,0.0,0.0,0.0
Finlay Beverages,57.0,6.0,797.4,2025-08-11 20:30:30+00:00,0.0,0.0,0.0,0.0
Finlay Beverages,57.0,6.0,797.4,2025-08-11 20:45:30+00:00,0.0,0.0,0.0,0.0
Finlay Beverages,57.0,6.0,797.4,2025-08-11 21:00:30+00:00,0.0,0.0,0.0,0.0
Finlay Beverages,57.0,6.0,797.4,2025-08-11 21:15:30+00:00,0.0,0.0,0.0,0.0
Finlay Beverages,57.0,6.0,797.4,2025-08-11 21:30:30+00:00,0.0,0.0,0.0,0.0
Finlay Beverages,57.0,6.0,797.4,2025-08-11 21:45:30+00:00,0.0,0.0,0.0,0.0
Finlay Beverages,57.0,6.0,797.4,2025-08-11 22:00:30+00:00,0.0,0.0,0.0,0.0
Finlay Beverages,57.0,6.0,797.4,2025-08-11 22:15:30+00:00,0.0,0.0,0.0,0.0
Finlay Beverages,57.0,6.0,797.4,2025-08-11 22:30:30+00:00,0.0,0.0,0.0,0.0
Finlay Beverages,57.0,6.0,797.4,2025-08-11 22:45:30+00:00,0.0,0.0,0.0,0.0
Finlay Beverages,57.0,6.0,797.4,2025-08-11 23:00:30+00:00,0.0,0.0,0.0,0.0
Finlay Beverages,57.0,6.0,797.4,2025-08-11 23:15:30+00:00,0.0,0.0,0.0,0.0
Finlay Beverages,57.0,6.0,797.4,2025-08-11 23:30:30+00:00,0.0,0.0,0.0,0.0
Finlay Beverages,57.0,6.0,797.4,2025-08-11 23:45:30+00:00,0.0,0.0,0.0,0.0
Finlay Beverages,57.0,6.0,797.4,2025-08-12 00:00:30+00:00,0.0,0.0,0.0,0.0
Finlay Beverages,57.0,6.0,797.4,2025-08-12 00:15:30+00:00,0.0,0.0,0.0,0.0
Finlay Beverages,57.0,6.0,797.4,2025-08-12 00:30:30+00:00,0.0,0.0,0.0,0.0
Finlay Beverages,57.0,6.0,797.4,2025-08-12 00:45:30+00:00,0.0,0.0,0.0,0.0
Finlay Beverages,57.0,6.0,797.4,2025-08-12 01:00:30+00:00,0.0,0.0,0.0,0.0
Finlay Beverages,57.0,6.0,797.4,2025-08-12 01:15:30+00:00,0.0,0.0,0.0,0.0
Finlay Beverages,57.0,6.0,797.4,2025-08-12 01:30:30+00:00,0.0,0.0,0.0,0.0
Finlay Beverages,57.0,6.0,797.4,2025-08-12 01:45:30+00:00,0.0,0.0,0.0,0.0
Finlay Beverages,57.0,6.0,797.4,2025-08-12 02:00:30+00:00,0.0,0.0,0.0,0.0
Finlay Beverages,57.0,6.0,797.4,2025-08-12 02:15:30+00:00,0.0,0.0,0.0,0.0
Finlay Beverages,57.0,6.0,797.4,2025-08-12 02:30:30+00:00,0.0,0.0,0.0,0.0
Finlay Beverages,57.0,6.0,797.4,2025-08-12 02:45:30+00:00,0.0,0.0,0.0,0.0
Finlay Beverages,57.0,6.0,797.4,2025-08-12 03:00:30+00:00,0.0,0.0,0.0,0.0
Finlay Beverages,57.0,6.0,797.4,2025-08-12 03:15:30+00:00,0.0,0.0,0.0,0.0
Finlay Beverages,57.0,6.0,797.4,2025-08-12 03:30:30+00:00,0.0,0.0,0.0,0.0
Finlay Beverages,57.0,6.0,797.4,2025-08-12 03:45:30+00:00,0.0,0.0,0.0,0.0
Finlay Beverages,57.0,6.0,797.4,2025-08-12 04:00:30+00:00,0.0,0.0,0.0,0.0
Finlay Beverages,57.0,6.0,797.4,2025-08-12 04:15:30+00:00,0.0,0.0,0.0,0.0
Finlay Beverages,57.0,6.0,797.4,2025-08-12 04:30:30+00:00,0.0,0.0,0.0,0.0
Finlay Beverages,57.0,6.0,797.4,2025-08-12 04:45:30+00:00,0.0005,0.00025,0.00125,0.0005
Finlay Beverages,57.0,6.0,797.4,2025-08-12 05:00:30+00:00,0.002,0.0005,0.004,0.002
Finlay Beverages,57.0,6.0,797.4,2025-08-12 05:15:30+00:00,0.0045,0.0015,0.00825,0.0045
Finlay Beverages,57.0,6.0,797.4,2025-08-12 05:30:30+00:00,0.008,0.002,0.01225,0.00825
Finlay Beverages,57.0,6.0,797.4,2025-08-12 05:45:30+00:00,0.00875,0.002,0.0165,0.00875
Finlay Beverages,57.0,6.0,797.4,2025-08-12 06:00:30+00:00,0.011,0.0025,0.02125,0.011
Finlay Beverages,57.0,6.0,797.4,2025-08-12 06:15:30+00:00,0.01375,0.00325,0.02625,0.01375
Finlay Beverages,57.0,6.0,797.4,2025-08-12 06:30:30+00:00,0.01375,0.00375,0.03625,0.014
Finlay Beverages,57.0,6.0,797.4,2025-08-12 06:45:30+00:00,0.0335,0.00925,0.04975,0.03175
Finlay Beverages,57.0,6.0,797.4,2025-08-12 07:00:30+00:00,0.03975,0.01775,0.0555,0.03825
Finlay Beverages,57.0,6.0,797.4,2025-08-12 07:15:30+00:00,0.0355,0.02075,0.05425,0.035
Finlay Beverages,57.0,6.0,797.4,2025-08-12 07:30:30+00:00,0.03775,0.025,0.05175,0.0375
Finlay Beverages,57.0,6.0,797.4,2025-08-12 07:45:30+00:00,0.04175,0.02625,0.05725,0.0415
Finlay Beverages,57.0,6.0,797.4,2025-08-12 08:00:30+00:00,0.0455,0.023,0.06375,0.04525
Finlay Beverages,57.0,6.0,797.4,2025-08-12 08:15:30+00:00,0.04225,0.013,0.06875,0.042
Finlay Beverages,57.0,6.0,797.4,2025-08-12 08:30:30+00:00,0.03475,0.0095,0.06625,0.035
Finlay Beverages,57.0,6.0,797.4,2025-08-12 08:45:30+00:00,0.0275,0.01,0.0605,0.02775
Finlay Beverages,57.0,6.0,797.4,2025-08-12 09:00:30+00:00,0.02525,0.01075,0.054,0.0255
Finlay Beverages,57.0,6.0,797.4,2025-08-12 09:15:30+00:00,0.0295,0.01125,0.04825,0.02975
Finlay Beverages,57.0,6.0,797.4,2025-08-12 09:30:30+00:00,0.0185,0.01175,0.04525,0.01875
Finlay Beverages,57.0,6.0,797.4,2025-08-12 09:45:30+00:00,0.0215,0.01225,0.04375,0.0215
Finlay Beverages,57.0,6.0,797.4,2025-08-12 10:00:30+00:00,0.024,0.01275,0.044,0.02425
Finlay Beverages,57.0,6.0,797.4,2025-08-12 10:15:30+00:00,0.018,0.01325,0.04725,0.01825
Finlay Beverages,57.0,6.0,797.4,2025-08-12 10:30:30+00:00,0.03175,0.0135,0.05025,0.032
Finlay Beverages,57.0,6.0,797.4,2025-08-12 10:45:30+00:00,0.03075,0.01375,0.05225,0.031
Finlay Beverages,57.0,6.0,797.4,2025-08-12 11:00:30+00:00,0.02825,0.014,0.0525,0.0285
Finlay Beverages,57.0,6.0,797.4,2025-08-12 11:15:30+00:00,0.03375,0.01425,0.0555,0.034
Finlay Beverages,57.0,6.0,797.4,2025-08-12 11:30:30+00:00,0.035,0.0145,0.06075,0.0355
Finlay Beverages,57.0,6.0,797.4,2025-08-12 11:45:30+00:00,0.0395,0.01475,0.06675,0.04
Finlay Beverages,57.0,6.0,797.4,2025-08-12 12:00:30+00:00,0.047,0.0145,0.0885,0.04775
Finlay Beverages,57.0,6.0,797.4,2025-08-12 12:15:30+00:00,0.04575,0.0145,0.11375,0.04625
Finlay Beverages,57.0,6.0,797.4,2025-08-12 12:30:30+00:00,0.0515,0.0145,0.156,0.05225
Finlay Beverages,57.0,6.0,797.4,2025-08-12 12:45:30+00:00,0.11175,0.02225,0.18775,0.116
Finlay Beverages,57.0,6.0,797.4,2025-08-12 13:00:30+00:00,0.14625,0.065,0.1845,0.15425
Finlay Beverages,57.0,6.0,797.4,2025-08-12 13:15:30+00:00,0.15325,0.095,0.18,0.16275
Finlay Beverages,57.0,6.0,797.4,2025-08-12 13:30:30+00:00,0.13725,0.1125,0.1715,0.146
Finlay Beverages,57.0,6.0,797.4,2025-08-12 13:45:30+00:00,0.134,0.1155,0.1545,0.14325
Finlay Beverages,57.0,6.0,797.4,2025-08-12 14:00:30+00:00,0.13325,0.11275,0.15525,0.143
Finlay Beverages,57.0,6.0,797.4,2025-08-12 14:15:30+00:00,0.134,0.112,0.15525,0.1455
Finlay Beverages,57.0,6.0,797.4,2025-08-12 14:30:30+00:00,0.133,0.11375,0.14975,0.146
Finlay Beverages,57.0,6.0,797.4,2025-08-12 14:45:30+00:00,0.12825,0.115,0.14,0.14175
Finlay Beverages,57.0,6.0,797.4,2025-08-12 15:00:30+00:00,0.1215,0.11325,0.12925,0.135
Finlay Beverages,57.0,6.0,797.4,2025-08-12 15:15:30+00:00,0.11425,0.10825,0.12,0.12775
Finlay Beverages,57.0,6.0,797.4,2025-08-12 15:30:30+00:00,0.10725,0.101,0.11275,0.12
Finlay Beverages,57.0,6.0,797.4,2025-08-12 15:45:30+00:00,0.09875,0.09175,0.106,0.11075
Finlay Beverages,57.0,6.0,797.4,2025-08-12 16:00:30+00:00,0.0905,0.07775,0.10175,0.102
Finlay Beverages,57.0,6.0,797.4,2025-08-12 16:15:30+00:00,0.0815,0.061,0.09275,0.09225
Finlay Beverages,57.0,6.0,797.4,2025-08-12 16:30:30+00:00,0.07125,0.043,0.0845,0.08075
Finlay Beverages,57.0,6.0,797.4,2025-08-12 16:45:30+00:00,0.0535,0.0275,0.078,0.05875
Finlay Beverages,57.0,6.0,797.4,2025-08-12 17:00:30+00:00,0.041,0.01825,0.071,0.04375
Finlay Beverages,57.0,6.0,797.4,2025-08-12 17:15:30+00:00,0.0415,0.00825,0.0595,0.046
Finlay Beverages,57.0,6.0,797.4,2025-08-12 17:30:30+00:00,0.02375,0.00475,0.04975,0.02525
Finlay Beverages,57.0,6.0,797.4,2025-08-12 17:45:30+00:00,0.00975,0.0035,0.039,0.01
Finlay Beverages,57.0,6.0,797.4,2025-08-12 18:00:30+00:00,0.01775,0.0035,0.0325,0.019
Finlay Beverages,57.0,6.0,797.4,2025-08-12 18:15:30+00:00,0.019,0.005,0.02625,0.021
Finlay Beverages,57.0,6.0,797.4,2025-08-12 18:30:30+00:00,0.01425,0.0065,0.0185,0.01625
Finlay Beverages,57.0,6.0,797.4,2025-08-12 18:45:30+00:00,0.0095,0.0055,0.01225,0.0105
Finlay Beverages,57.0,6.0,797.4,2025-08-12 19:00:30+00:00,0.00525,0.0035,0.00675,0.00525
Finlay Beverages,57.0,6.0,797.4,2025-08-12 19:15:30+00:00,0.0015,0.0015,0.002,0.0015
Finlay Beverages,57.0,6.0,797.4,2025-08-12 19:30:30+00:00,0.00025,0.0,0.00025,0.00025
Finlay Beverages,57.0,6.0,797.4,2025-08-12 19:45:30+00:00,0.0,0.0,0.0,0.0
Finlay Beverages,57.0,6.0,797.4,2025-08-12 20:00:30+00:00,0.0,0.0,0.0,0.0
Finlay Beverages,57.0,6.0,797.4,2025-08-12 20:15:30+00:00,0.0,0.0,0.0,0.0
Finlay Beverages,57.0,6.0,797.4,2025-08-12 20:30:30+00:00,0.0,0.0,0.0,0.0
Finlay Beverages,57.0,6.0,797.4,2025-08-12 20:45:30+00:00,0.0,0.0,0.0,0.0
Finlay Beverages,57.0,6.0,797.4,2025-08-12 21:00:30+00:00,0.0,0.0,0.0,0.0
Finlay Beverages,57.0,6.0,797.4,2025-08-12 21:15:30+00:00,0.0,0.0,0.0,0.0
Finlay Beverages,57.0,6.0,797.4,2025-08-12 21:30:30+00:00,0.0,0.0,0.0,0.0
Finlay Beverages,57.0,6.0,797.4,2025-08-12 21:45:30+00:00,0.0,0.0,0.0,0.0
Finlay Beverages,57.0,6.0,797.4,2025-08-12 22:00:30+00:00,0.0,0.0,0.0,0.0
Finlay Beverages,57.0,6.0,797.4,2025-08-12 22:15:30+00:00,0.0,0.0,0.0,0.0
Finlay Beverages,57.0,6.0,797.4,2025-08-12 22:30:30+00:00,0.0,0.0,0.0,0.0
Finlay Beverages,57.0,6.0,797.4,2025-08-12 22:45:30+00:00,0.0,0.0,0.0,0.0
Finlay Beverages,57.0,6.0,797.4,2025-08-12 23:00:30+00:00,0.0,0.0,0.0,0.0
Finlay Beverages,57.0,6.0,797.4,2025-08-12 23:15:30+00:00,0.0,0.0,0.0,0.0
Finlay Beverages,57.0,6.0,797.4,2025-08-12 23:30:30+00:00,0.0,0.0,0.0,0.0
Finlay Beverages,57.0,6.0,797.4,2025-08-12 23:45:30+00:00,0.0,0.0,0.0,0.0
Finlay Beverages,57.0,6.0,797.4,2025-08-13 00:00:30+00:00,0.0,0.0,0.0,0.0
Finlay Beverages,57.0,6.0,797.4,2025-08-13 00:15:30+00:00,0.0,0.0,0.0,0.0
Finlay Beverages,57.0,6.0,797.4,2025-08-13 00:30:30+00:00,0.0,0.0,0.0,0.0
Finlay Beverages,57.0,6.0,797.4,2025-08-13 00:45:30+00:00,0.0,0.0,0.0,0.0
Finlay Beverages,57.0,6.0,797.4,2025-08-13 01:00:30+00:00,0.0,0.0,0.0,0.0
Finlay Beverages,57.0,6.0,797.4,2025-08-13 01:15:30+00:00,0.0,0.0,0.0,0.0
Finlay Beverages,57.0,6.0,797.4,2025-08-13 01:30:30+00:00,0.0,0.0,0.0,0.0
Finlay Beverages,57.0,6.0,797.4,2025-08-13 01:45:30+00:00,0.0,0.0,0.0,0.0
Finlay Beverages,57.0,6.0,797.4,2025-08-13 02:00:30+00:00,0.0,0.0,0.0,0.0
Finlay Beverages,57.0,6.0,797.4,2025-08-13 02:15:30+00:00,0.0,0.0,0.0,0.0
Finlay Beverages,57.0,6.0,797.4,2025-08-13 02:30:30+00:00,0.0,0.0,0.0,0.0
Finlay Beverages,57.0,6.0,797.4,2025-08-13 02:45:30+00:00,0.0,0.0,0.0,0.0
Finlay Beverages,57.0,6.0,797.4,2025-08-13 03:00:30+00:00,0.0,0.0,0.0,0.0
Finlay Beverages,57.0,6.0,797.4,2025-08-13 03:15:30+00:00,0.0,0.0,0.0,0.0
Finlay Beverages,57.0,6.0,797.4,2025-08-13 03:30:30+00:00,0.0,0.0,0.0,0.0
Finlay Beverages,57.0,6.0,797.4,2025-08-13 03:45:30+00:00,0.0,0.0,0.0,0.0
Finlay Beverages,57.0,6.0,797.4,2025-08-13 04:00:30+00:00,0.0,0.0,0.0,0.0
Finlay Beverages,57.0,6.0,797.4,2025-08-13 04:15:30+00:00,0.0,0.0,0.0,0.0
Finlay Beverages,57.0,6.0,797.4,2025-08-13 04:30:30+00:00,0.0,0.0,0.0,0.0
Finlay Beverages,57.0,6.0,797.4,2025-08-13 04:45:30+00:00,0.00075,0.0005,0.001,0.00075
Finlay Beverages,57.0,6.0,797.4,2025-08-13 05:00:30+00:00,0.0035,0.00225,0.00525,0.0035
Finlay Beverages,57.0,6.0,797.4,2025-08-13 05:15:30+00:00,0.0085,0.0055,0.0125,0.00775
Finlay Beverages,57.0,6.0,797.4,2025-08-13 05:30:30+00:00,0.01625,0.0105,0.02225,0.01375
Finlay Beverages,57.0,6.0,797.4,2025-08-13 05:45:30+00:00,0.02475,0.017,0.03275,0.02075
Finlay Beverages,57.0,6.0,797.4,2025-08-13 06:00:30+00:00,0.0345,0.025,0.04375,0.02875
Finlay Beverages,57.0,6.0,797.4,2025-08-13 06:15:30+00:00,0.04475,0.03425,0.0545,0.0375
Finlay Beverages,57.0,6.0,797.4,2025-08-13 06:30:30+00:00,0.0545,0.04425,0.06475,0.0465
Finlay Beverages,57.0,6.0,797.4,2025-08-13 06:45:30+00:00,0.064,0.05475,0.0735,0.05575
Finlay Beverages,57.0,6.0,797.4,2025-08-13 07:00:30+00:00,0.07375,0.066,0.082,0.06525
Finlay Beverages,57.0,6.0,797.4,2025-08-13 07:15:30+00:00,0.08375,0.077,0.08975,0.07475
Finlay Beverages,57.0,6.0,797.4,2025-08-13 07:30:30+00:00,0.092,0.08575,0.09775,0.08325
Finlay Beverages,57.0,6.0,797.4,2025-08-13 07:45:30+00:00,0.0995,0.09375,0.10675,0.09125
Finlay Beverages,57.0,6.0,797.4,2025-08-13 08:00:30+00:00,0.10925,0.1015,0.117,0.10075
Finlay Beverages,57.0,6.0,797.4,2025-08-13 08:15:30+00:00,0.11975,0.11125,0.12775,0.111
Finlay Beverages,57.0,6.0,797.4,2025-08-13 08:30:30+00:00,0.1285,0.12,0.1355,0.12025
Finlay Beverages,57.0,6.0,797.4,2025-08-13 08:45:30+00:00,0.13475,0.12675,0.14225,0.127
Finlay Beverages,57.0,6.0,797.4,2025-08-13 09:00:30+00:00,0.14025,0.133,0.1485,0.1335
Finlay Beverages,57.0,6.0,797.4,2025-08-13 09:15:30+00:00,0.14725,0.138,0.154,0.1415
Finlay Beverages,57.0,6.0,797.4,2025-08-13 09:30:30+00:00,0.1505,0.14325,0.15925,0.146
Finlay Beverages,57.0,6.0,797.4,2025-08-13 09:45:30+00:00,0.156,0.14675,0.16425,0.15225
Finlay Beverages,57.0,6.0,797.4,2025-08-13 10:00:30+00:00,0.16,0.1515,0.17025,0.1575
Finlay Beverages,57.0,6.0,797.4,2025-08-13 10:15:30+00:00,0.16675,0.156,0.176,0.16525
Finlay Beverages,57.0,6.0,797.4,2025-08-13 10:30:30+00:00,0.171,0.158,0.183,0.171
Finlay Beverages,57.0,6.0,797.4,2025-08-13 10:45:30+00:00,0.1735,0.157,0.18925,0.1745
Finlay Beverages,57.0,6.0,797.4,2025-08-13 11:00:30+00:00,0.17475,0.15175,0.191,0.177
Finlay Beverages,57.0,6.0,797.4,2025-08-13 11:15:30+00:00,0.16575,0.1475,0.1885,0.16875
Finlay Beverages,57.0,6.0,797.4,2025-08-13 11:30:30+00:00,0.16325,0.148,0.18375,0.16725
Finlay Beverages,57.0,6.0,797.4,2025-08-13 11:45:30+00:00,0.16825,0.15075,0.1835,0.1735
Finlay Beverages,57.0,6.0,797.4,2025-08-13 12:00:30+00:00,0.16925,0.15325,0.1835,0.17575
Finlay Beverages,57.0,6.0,797.4,2025-08-13 12:15:30+00:00,0.1675,0.14725,0.18175,0.175
Finlay Beverages,57.0,6.0,797.4,2025-08-13 12:30:30+00:00,0.157,0.14325,0.18175,0.16475
Finlay Beverages,57.0,6.0,797.4,2025-08-13 12:45:30+00:00,0.162,0.1395,0.1835,0.17125
Finlay Beverages,57.0,6.0,797.4,2025-08-13 13:00:30+00:00,0.16475,0.1425,0.18425,0.17525
Finlay Beverages,57.0,6.0,797.4,2025-08-13 13:15:30+00:00,0.16325,0.14625,0.18,0.175
Finlay Beverages,57.0,6.0,797.4,2025-08-13 13:30:30+00:00,0.161,0.14825,0.17175,0.17375
Finlay Beverages,57.0,6.0,797.4,2025-08-13 13:45:30+00:00,0.15575,0.14425,0.1665,0.16925
Finlay Beverages,57.0,6.0,797.4,2025-08-13 14:00:30+00:00,0.1495,0.13525,0.16325,0.16325
Finlay Beverages,57.0,6.0,797.4,2025-08-13 14:15:30+00:00,0.1425,0.12375,0.15775,0.15625
Finlay Beverages,57.0,6.0,797.4,2025-08-13 14:30:30+00:00,0.1305,0.11375,0.14825,0.1435
Finlay Beverages,57.0,6.0,797.4,2025-08-13 14:45:30+00:00,0.1205,0.108,0.14075,0.13225
Finlay Beverages,57.0,6.0,797.4,2025-08-13 15:00:30+00:00,0.11975,0.10325,0.134,0.1335
Finlay Beverages,57.0,6.0,797.4,2025-08-13 15:15:30+00:00,0.11575,0.102,0.12725,0.13025
Finlay Beverages,57.0,6.0,797.4,2025-08-13 15:30:30+00:00,0.1085,0.09825,0.11825,0.123
Finlay Beverages,57.0,6.0,797.4,2025-08-13 15:45:30+00:00,0.1005,0.0925,0.108,0.115
Finlay Beverages,57.0,6.0,797.4,2025-08-13 16:00:30+00:00,0.092,0.08375,0.099,0.10575
Finlay Beverages,57.0,6.0,797.4,2025-08-13 16:15:30+00:00,0.082,0.07575,0.09,0.094
Finlay Beverages,57.0,6.0,797.4,2025-08-13 16:30:30+00:00,0.0735,0.0675,0.08025,0.0845
Finlay Beverages,57.0,6.0,797.4,2025-08-13 16:45:30+00:00,0.06575,0.05925,0.072,0.076
Finlay Beverages,57.0,6.0,797.4,2025-08-13 17:00:30+00:00,0.0575,0.049,0.0655,0.06725
Finlay Beverages,57.0,6.0,797.4,2025-08-13 17:15:30+00:00,0.04875,0.03775,0.05825,0.05725
Finlay Beverages,57.0,6.0,797.4,2025-08-13 17:30:30+00:00,0.03975,0.02725,0.05,0.04675
Finlay Beverages,57.0,6.0,797.4,2025-08-13 17:45:30+00:00,0.03025,0.01925,0.043,0.03425
Finlay Beverages,57.0,6.0,797.4,2025-08-13 18:00:30+00:00,0.023,0.01275,0.03525,0.02525
Finlay Beverages,57.0,6.0,797.4,2025-08-13 18:15:30+00:00,0.01775,0.00675,0.02675,0.02
Finlay Beverages,57.0,6.0,797.4,2025-08-13 18:30:30+00:00,0.0115,0.00275,0.0205,0.01225
Finlay Beverages,57.0,6.0,797.4,2025-08-13 18:45:30+00:00,0.00525,0.001,0.01275,0.00525
Finlay Beverages,57.0,6.0,797.4,2025-08-13 19:00:30+00:00,0.002,0.0005,0.006,0.00225
Finlay Beverages,57.0,6.0,797.4,2025-08-13 19:15:30+00:00,0.0005,0.00025,0.002,0.0005
Finlay Beverages,57.0,6.0,797.4,2025-08-13 19:30:30+00:00,0.0,0.0,0.0,0.0
Finlay Beverages,57.0,6.0,797.4,2025-08-13 19:45:30+00:00,0.0,0.0,0.0,0.0
Finlay Beverages,57.0,6.0,797.4,2025-08-13 20:00:30+00:00,0.0,0.0,0.0,0.0
Finlay Beverages,57.0,6.0,797.4,2025-08-13 20:15:30+00:00,0.0,0.0,0.0,0.0
Finlay Beverages,57.0,6.0,797.4,2025-08-13 20:30:30+00:00,0.0,0.0,0.0,0.0
Finlay Beverages,57.0,6.0,797.4,2025-08-13 20:45:30+00:00,0.0,0.0,0.0,0.0
Finlay Beverages,57.0,6.0,797.4,2025-08-13 21:00:30+00:00,0.0,0.0,0.0,0.0
Finlay Beverages,57.0,6.0,797.4,2025-08-13 21:15:30+00:00,0.0,0.0,0.0,0.0
Finlay Beverages,57.0,6.0,797.4,2025-08-13 21:30:30+00:00,0.0,0.0,0.0,0.0
Finlay Beverages,57.0,6.0,797.4,2025-08-13 21:45:30+00:00,0.0,0.0,0.0,0.0
Finlay Beverages,57.0,6.0,797.4,2025-08-13 22:00:30+00:00,0.0,0.0,0.0,0.0
Finlay Beverages,57.0,6.0,797.4,2025-08-13 22:15:30+00:00,0.0,0.0,0.0,0.0
Finlay Beverages,57.0,6.0,797.4,2025-08-13 22:30:30+00:00,0.0,0.0,0.0,0.0
Finlay Beverages,57.0,6.0,797.4,2025-08-13 22:45:30+00:00,0.0,0.0,0.0,0.0
Finlay Beverages,57.0,6.0,797.4,2025-08-13 23:00:30+00:00,0.0,0.0,0.0,0.0
Finlay Beverages,57.0,6.0,797.4,2025-08-13 23:15:30+00:00,0.0,0.0,0.0,0.0
Finlay Beverages,57.0,6.0,797.4,2025-08-13 23:30:30+00:00,0.0,0.0,0.0,0.0
Finlay Beverages,57.0,6.0,797.4,2025-08-13 23:45:30+00:00,0.0,0.0,0.0,0.0
Finlay Beverages,57.0,6.0,797.4,2025-08-14 00:00:30+00:00,0.0,0.0,0.0,0.0
Finlay Beverages,57.0,6.0,797.4,2025-08-14 00:15:30+00:00,0.0,0.0,0.0,0.0
Finlay Beverages,57.0,6.0,797.4,2025-08-14 00:30:30+00:00,0.0,0.0,0.0,0.0
Finlay Beverages,57.0,6.0,797.4,2025-08-14 00:45:30+00:00,0.0,0.0,0.0,0.0
Finlay Beverages,57.0,6.0,797.4,2025-08-14 01:00:30+00:00,0.0,0.0,0.0,0.0
Finlay Beverages,57.0,6.0,797.4,2025-08-14 01:15:30+00:00,0.0,0.0,0.0,0.0
Finlay Beverages,57.0,6.0,797.4,2025-08-14 01:30:30+00:00,0.0,0.0,0.0,0.0
Finlay Beverages,57.0,6.0,797.4,2025-08-14 01:45:30+00:00,0.0,0.0,0.0,0.0
Finlay Beverages,57.0,6.0,797.4,2025-08-14 02:00:30+00:00,0.0,0.0,0.0,0.0
Finlay Beverages,57.0,6.0,797.4,2025-08-14 02:15:30+00:00,0.0,0.0,0.0,0.0
Finlay Beverages,57.0,6.0,797.4,2025-08-14 02:30:30+00:00,0.0,0.0,0.0,0.0
Finlay Beverages,57.0,6.0,797.4,2025-08-14 02:45:30+00:00,0.0,0.0,0.0,0.0
Finlay Beverages,57.0,6.0,797.4,2025-08-14 03:00:30+00:00,0.0,0.0,0.0,0.0
Finlay Beverages,57.0,6.0,797.4,2025-08-14 03:15:30+00:00,0.0,0.0,0.0,0.0
Finlay Beverages,57.0,6.0,797.4,2025-08-14 03:30:30+00:00,0.0,0.0,0.0,0.0
Finlay Beverages,57.0,6.0,797.4,2025-08-14 03:45:30+00:00,0.0,0.0,0.0,0.0
Finlay Beverages,57.0,6.0,797.4,2025-08-14 04:00:30+00:00,0.0,0.0,0.0,0.0
Finlay Beverages,57.0,6.0,797.4,2025-08-14 04:15:30+00:00,0.0,0.0,0.0,0.0
Finlay Beverages,57.0,6.0,797.4,2025-08-14 04:30:30+00:00,0.0,0.0,0.0,0.0
Finlay Beverages,57.0,6.0,797.4,2025-08-14 04:45:30+00:00,0.0005,0.00025,0.00075,0.0005
Finlay Beverages,57.0,6.0,797.4,2025-08-14 05:00:30+00:00,0.00225,0.001,0.0045,0.00225
Finlay Beverages,57.0,6.0,797.4,2025-08-14 05:15:30+00:00,0.0055,0.00125,0.0105,0.0055
Finlay Beverages,57.0,6.0,797.4,2025-08-14 05:30:30+00:00,0.01,0.0025,0.01925,0.00975
Finlay Beverages,57.0,6.0,797.4,2025-08-14 05:45:30+00:00,0.01825,0.008,0.0315,0.0165
Finlay Beverages,57.0,6.0,797.4,2025-08-14 06:00:30+00:00,0.03675,0.016,0.0455,0.03025
Finlay Beverages,57.0,6.0,797.4,2025-08-14 06:15:30+00:00,0.03825,0.0225,0.054,0.03325
Finlay Beverages,57.0,6.0,797.4,2025-08-14 06:30:30+00:00,0.04175,0.025,0.05925,0.0375
Finlay Beverages,57.0,6.0,797.4,2025-08-14 06:45:30+00:00,0.0465,0.03375,0.0715,0.04225
Finlay Beverages,57.0,6.0,797.4,2025-08-14 07:00:30+00:00,0.072,0.04575,0.08725,0.0635
Finlay Beverages,57.0,6.0,797.4,2025-08-14 07:15:30+00:00,0.08275,0.06,0.098,0.0735
Finlay Beverages,57.0,6.0,797.4,2025-08-14 07:30:30+00:00,0.091,0.067,0.10775,0.082
Finlay Beverages,57.0,6.0,797.4,2025-08-14 07:45:30+00:00,0.0935,0.068,0.1125,0.08575
Finlay Beverages,57.0,6.0,797.4,2025-08-14 08:00:30+00:00,0.085,0.06875,0.11625,0.08025
Finlay Beverages,57.0,6.0,797.4,2025-08-14 08:15:30+00:00,0.102,0.07625,0.13025,0.09575
Finlay Beverages,57.0,6.0,797.4,2025-08-14 08:30:30+00:00,0.12275,0.088,0.14475,0.115
Finlay Beverages,57.0,6.0,797.4,2025-08-14 08:45:30+00:00,0.12275,0.09175,0.15175,0.117
Finlay Beverages,57.0,6.0,797.4,2025-08-14 09:00:30+00:00,0.13925,0.08025,0.16025,0.133
Finlay Beverages,57.0,6.0,797.4,2025-08-14 09:15:30+00:00,0.11825,0.0605,0.16575,0.1145
Finlay Beverages,57.0,6.0,797.4,2025-08-14 09:30:30+00:00,0.10075,0.044,0.163,0.099
Finlay Beverages,57.0,6.0,797.4,2025-08-14 09:45:30+00:00,0.09175,0.0495,0.16225,0.091
Finlay Beverages,57.0,6.0,797.4,2025-08-14 10:00:30+00:00,0.12575,0.0675,0.17675,0.12475
Finlay Beverages,57.0,6.0,797.4,2025-08-14 10:15:30+00:00,0.14775,0.0955,0.188,0.14675
Finlay Beverages,57.0,6.0,797.4,2025-08-14 10:30:30+00:00,0.1505,0.11125,0.19175,0.1505
Finlay Beverages,57.0,6.0,797.4,2025-08-14 10:45:30+00:00,0.15575,0.11025,0.195,0.15675
Finlay Beverages,57.0,6.0,797.4,2025-08-14 11:00:30+00:00,0.15275,0.084,0.1975,0.1545
Finlay Beverages,57.0,6.0,797.4,2025-08-14 11:15:30+00:00,0.1285,0.0495,0.1995,0.1305
Finlay Beverages,57.0,6.0,797.4,2025-08-14 11:30:30+00:00,0.09975,0.02675,0.181,0.10125
Finlay Beverages,57.0,6.0,797.4,2025-08-14 11:45:30+00:00,0.082,0.02575,0.14825,0.08325
Finlay Beverages,57.0,6.0,797.4,2025-08-14 12:00:30+00:00,0.07825,0.0315,0.12475,0.0795
Finlay Beverages,57.0,6.0,797.4,2025-08-14 12:15:30+00:00,0.07325,0.037,0.112,0.07425
Finlay Beverages,57.0,6.0,797.4,2025-08-14 12:30:30+00:00,0.0715,0.02725,0.10225,0.07275
Finlay Beverages,57.0,6.0,797.4,2025-08-14 12:45:30+00:00,0.049,0.01875,0.09375,0.04975
Finlay Beverages,57.0,6.0,797.4,2025-08-14 13:00:30+00:00,0.04775,0.0145,0.1,0.0485
Finlay Beverages,57.0,6.0,797.4,2025-08-14 13:15:30+00:00,0.07325,0.0145,0.122,0.075
Finlay Beverages,57.0,6.0,797.4,2025-08-14 13:30:30+00:00,0.0755,0.0195,0.13875,0.0775
Finlay Beverages,57.0,6.0,797.4,2025-08-14 13:45:30+00:00,0.08725,0.03425,0.1475,0.09075
Finlay Beverages,57.0,6.0,797.4,2025-08-14 14:00:30+00:00,0.1075,0.04525,0.134,0.114
Finlay Beverages,57.0,6.0,797.4,2025-08-14 14:15:30+00:00,0.07625,0.042,0.12625,0.0795
Finlay Beverages,57.0,6.0,797.4,2025-08-14 14:30:30+00:00,0.06675,0.0325,0.113,0.06925
Finlay Beverages,57.0,6.0,797.4,2025-08-14 14:45:30+00:00,0.07325,0.03275,0.10825,0.0765
Finlay Beverages,57.0,6.0,797.4,2025-08-14 15:00:30+00:00,0.07125,0.03825,0.11575,0.0745
Finlay Beverages,57.0,6.0,797.4,2025-08-14 15:15:30+00:00,0.0835,0.03325,0.1115,0.09
Finlay Beverages,57.0,6.0,797.4,2025-08-14 15:30:30+00:00,0.06525,0.0225,0.105,0.069
Finlay Beverages,57.0,6.0,797.4,2025-08-14 15:45:30+00:00,0.0415,0.0135,0.08475,0.0425
Finlay Beverages,57.0,6.0,797.4,2025-08-14 16:00:30+00:00,0.03825,0.01575,0.07075,0.03925
Finlay Beverages,57.0,6.0,797.4,2025-08-14 16:15:30+00:00,0.048,0.02225,0.0605,0.05075
Finlay Beverages,57.0,6.0,797.4,2025-08-14 16:30:30+00:00,0.039,0.02325,0.05525,0.04075
Finlay Beverages,57.0,6.0,797.4,2025-08-14 16:45:30+00:00,0.03025,0.0195,0.04625,0.03125
Finlay Beverages,57.0,6.0,797.4,2025-08-14 17:00:30+00:00,0.0285,0.01725,0.03975,0.02925
Finlay Beverages,57.0,6.0,797.4,2025-08-14 17:15:30+00:00,0.0265,0.01525,0.03625,0.0275
Finlay Beverages,57.0,6.0,797.4,2025-08-14 17:30:30+00:00,0.022,0.01025,0.03225,0.02275
Finlay Beverages,57.0,6.0,797.4,2025-08-14 17:45:30+00:00,0.01525,0.00525,0.02675,0.0155
Finlay Beverages,57.0,6.0,797.4,2025-08-14 18:00:30+00:00,0.0105,0.003,0.022,0.01075
Finlay Beverages,57.0,6.0,797.4,2025-08-14 18:15:30+00:00,0.01075,0.00225,0.018,0.011
Finlay Beverages,57.0,6.0,797.4,2025-08-14 18:30:30+00:00,0.00875,0.00225,0.01425,0.009
Finlay Beverages,57.0,6.0,797.4,2025-08-14 18:45:30+00:00,0.0055,0.00175,0.00975,0.00575
Finlay Beverages,57.0,6.0,797.4,2025-08-14 19:00:30+00:00,0.00275,0.00075,0.00525,0.00275
Finlay Beverages,57.0,6.0,797.4,2025-08-14 19:15:30+00:00,0.00075,0.00025,0.0015,0.00075
Finlay Beverages,57.0,6.0,797.4,2025-08-14 19:30:30+00:00,0.0,0.0,0.0,0.0
Finlay Beverages,57.0,6.0,797.4,2025-08-14 19:45:30+00:00,0.0,0.0,0.0,0.0
Finlay Beverages,57.0,6.0,797.4,2025-08-14 20:00:30+00:00,0.0,0.0,0.0,0.0
Finlay Beverages,57.0,6.0,797.4,2025-08-14 20:15:30+00:00,0.0,0.0,0.0,0.0
Finlay Beverages,57.0,6.0,797.4,2025-08-14 20:30:30+00:00,0.0,0.0,0.0,0.0
Finlay Beverages,57.0,6.0,797.4,2025-08-14 20:45:30+00:00,0.0,0.0,0.0,0.0
Finlay Beverages,57.0,6.0,797.4,2025-08-14 21:00:30+00:00,0.0,0.0,0.0,0.0
Finlay Beverages,57.0,6.0,797.4,2025-08-14 21:15:30+00:00,0.0,0.0,0.0,0.0
Finlay Beverages,57.0,6.0,797.4,2025-08-14 21:30:30+00:00,0.0,0.0,0.0,0.0
Finlay Beverages,57.0,6.0,797.4,2025-08-14 21:45:30+00:00,0.0,0.0,0.0,0.0
Finlay Beverages,57.0,6.0,797.4,2025-08-14 22:00:30+00:00,0.0,0.0,0.0,0.0
Finlay Beverages,57.0,6.0,797.4,2025-08-14 22:15:30+00:00,0.0,0.0,0.0,0.0
Finlay Beverages,57.0,6.0,797.4,2025-08-14 22:30:30+00:00,0.0,0.0,0.0,0.0
Finlay Beverages,57.0,6.0,797.4,2025-08-14 22:45:30+00:00,0.0,0.0,0.0,0.0
Finlay Beverages,57.0,6.0,797.4,2025-08-14 23:00:30+00:00,0.0,0.0,0.0,0.0
Finlay Beverages,57.0,6.0,797.4,2025-08-14 23:15:30+00:00,0.0,0.0,0.0,0.0
Finlay Beverages,57.0,6.0,797.4,2025-08-14 23:30:30+00:00,0.0,0.0,0.0,0.0
Finlay Beverages,57.0,6.0,797.4,2025-08-14 23:45:30+00:00,0.0,0.0,0.0,0.0
Finlay Beverages,57.0,6.0,797.4,2025-08-15 00:00:30+00:00,0.0,0.0,0.0,0.0
Finlay Beverages,57.0,6.0,797.4,2025-08-15 00:15:30+00:00,0.0,0.0,0.0,0.0
Finlay Beverages,57.0,6.0,797.4,2025-08-15 00:30:30+00:00,0.0,0.0,0.0,0.0
Finlay Beverages,57.0,6.0,797.4,2025-08-15 00:45:30+00:00,0.0,0.0,0.0,0.0
Finlay Beverages,57.0,6.0,797.4,2025-08-15 01:00:30+00:00,0.0,0.0,0.0,0.0
Finlay Beverages,57.0,6.0,797.4,2025-08-15 01:15:30+00:00,0.0,0.0,0.0,0.0
Finlay Beverages,57.0,6.0,797.4,2025-08-15 01:30:30+00:00,0.0,0.0,0.0,0.0
Finlay Beverages,57.0,6.0,797.4,2025-08-15 01:45:30+00:00,0.0,0.0,0.0,0.0
Finlay Beverages,57.0,6.0,797.4,2025-08-15 02:00:30+00:00,0.0,0.0,0.0,0.0
Finlay Beverages,57.0,6.0,797.4,2025-08-15 02:15:30+00:00,0.0,0.0,0.0,0.0
Finlay Beverages,57.0,6.0,797.4,2025-08-15 02:30:30+00:00,0.0,0.0,0.0,0.0
Finlay Beverages,57.0,6.0,797.4,2025-08-15 02:45:30+00:00,0.0,0.0,0.0,0.0
Finlay Beverages,57.0,6.0,797.4,2025-08-15 03:00:30+00:00,0.0,0.0,0.0,0.0
Finlay Beverages,57.0,6.0,797.4,2025-08-15 03:15:30+00:00,0.0,0.0,0.0,0.0
Finlay Beverages,57.0,6.0,797.4,2025-08-15 03:30:30+00:00,0.0,0.0,0.0,0.0
Finlay Beverages,57.0,6.0,797.4,2025-08-15 03:45:30+00:00,0.0,0.0,0.0,0.0
Finlay Beverages,57.0,6.0,797.4,2025-08-15 04:00:30+00:00,0.0,0.0,0.0,0.0
Finlay Beverages,57.0,6.0,797.4,2025-08-15 04:15:30+00:00,0.0,0.0,0.0,0.0
Finlay Beverages,57.0,6.0,797.4,2025-08-15 04:30:30+00:00,0.0,0.0,0.0,0.0
Finlay Beverages,57.0,6.0,797.4,2025-08-15 04:45:30+00:00,0.0005,0.00025,0.0005,0.0005
Finlay Beverages,57.0,6.0,797.4,2025-08-15 05:00:30+00:00,0.0035,0.0025,0.0045,0.0035
Finlay Beverages,57.0,6.0,797.4,2025-08-15 05:15:30+00:00,0.0115,0.008,0.01475,0.00875
Finlay Beverages,57.0,6.0,797.4,2025-08-15 05:30:30+00:00,0.021,0.01475,0.0255,0.01575
Finlay Beverages,57.0,6.0,797.4,2025-08-15 05:45:30+00:00,0.03175,0.02325,0.03675,0.02375
Finlay Beverages,57.0,6.0,797.4,2025-08-15 06:00:30+00:00,0.04175,0.0325,0.0475,0.03225
Finlay Beverages,57.0,6.0,797.4,2025-08-15 06:15:30+00:00,0.0515,0.042,0.058,0.04125
Finlay Beverages,57.0,6.0,797.4,2025-08-15 06:30:30+00:00,0.06125,0.05225,0.0685,0.05025
Finlay Beverages,57.0,6.0,797.4,2025-08-15 06:45:30+00:00,0.071,0.0625,0.07925,0.0595
Finlay Beverages,57.0,6.0,797.4,2025-08-15 07:00:30+00:00,0.08075,0.07325,0.088,0.069
Finlay Beverages,57.0,6.0,797.4,2025-08-15 07:15:30+00:00,0.08975,0.08375,0.096,0.07825
Finlay Beverages,57.0,6.0,797.4,2025-08-15 07:30:30+00:00,0.099,0.094,0.10425,0.08775
Finlay Beverages,57.0,6.0,797.4,2025-08-15 07:45:30+00:00,0.10825,0.10325,0.11275,0.097
Finlay Beverages,57.0,6.0,797.4,2025-08-15 08:00:30+00:00,0.11675,0.11175,0.1215,0.106
Finlay Beverages,57.0,6.0,797.4,2025-08-15 08:15:30+00:00,0.12475,0.11975,0.1295,0.115
Finlay Beverages,57.0,6.0,797.4,2025-08-15 08:30:30+00:00,0.13225,0.127,0.13725,0.12325
Finlay Beverages,57.0,6.0,797.4,2025-08-15 08:45:30+00:00,0.13925,0.13375,0.14475,0.131
Finlay Beverages,57.0,6.0,797.4,2025-08-15 09:00:30+00:00,0.14675,0.14075,0.15225,0.139
Finlay Beverages,57.0,6.0,797.4,2025-08-15 09:15:30+00:00,0.153,0.14675,0.159,0.1465
Finlay Beverages,57.0,6.0,797.4,2025-08-15 09:30:30+00:00,0.1585,0.15225,0.16475,0.15325
Finlay Beverages,57.0,6.0,797.4,2025-08-15 09:45:30+00:00,0.16375,0.15725,0.17025,0.1595
Finlay Beverages,57.0,6.0,797.4,2025-08-15 10:00:30+00:00,0.1685,0.1615,0.17475,0.16575
Finlay Beverages,57.0,6.0,797.4,2025-08-15 10:15:30+00:00,0.17225,0.1655,0.179,0.17075
Finlay Beverages,57.0,6.0,797.4,2025-08-15 10:30:30+00:00,0.1755,0.16875,0.182,0.1755
Finlay Beverages,57.0,6.0,797.4,2025-08-15 10:45:30+00:00,0.178,0.17125,0.1845,0.17925
Finlay Beverages,57.0,6.0,797.4,2025-08-15 11:00:30+00:00,0.18,0.17275,0.18675,0.1825
Finlay Beverages,57.0,6.0,797.4,2025-08-15 11:15:30+00:00,0.181,0.1715,0.19,0.185
Finlay Beverages,57.0,6.0,797.4,2025-08-15 11:30:30+00:00,0.1815,0.163,0.199,0.18675
Finlay Beverages,57.0,6.0,797.4,2025-08-15 11:45:30+00:00,0.1805,0.14875,0.19925,0.187
Finlay Beverages,57.0,6.0,797.4,2025-08-15 12:00:30+00:00,0.17475,0.13,0.199,0.18175
Finlay Beverages,57.0,6.0,797.4,2025-08-15 12:15:30+00:00,0.15425,0.11575,0.1985,0.16075
Finlay Beverages,57.0,6.0,797.4,2025-08-15 12:30:30+00:00,0.14175,0.11175,0.1815,0.14775
Finlay Beverages,57.0,6.0,797.4,2025-08-15 12:45:30+00:00,0.1425,0.11675,0.17375,0.1495
Finlay Beverages,57.0,6.0,797.4,2025-08-15 13:00:30+00:00,0.15025,0.12475,0.17075,0.1595
Finlay Beverages,57.0,6.0,797.4,2025-08-15 13:15:30+00:00,0.15075,0.12925,0.16875,0.161
Finlay Beverages,57.0,6.0,797.4,2025-08-15 13:30:30+00:00,0.146,0.127,0.161,0.157
Finlay Beverages,57.0,6.0,797.4,2025-08-15 13:45:30+00:00,0.13625,0.12225,0.153,0.14625
Finlay Beverages,57.0,6.0,797.4,2025-08-15 14:00:30+00:00,0.13,0.114,0.14575,0.14025
Finlay Beverages,57.0,6.0,797.4,2025-08-15 14:15:30+00:00,0.1235,0.10875,0.1435,0.13375
Finlay Beverages,57.0,6.0,797.4,2025-08-15 14:30:30+00:00,0.124,0.104,0.142,0.1355
Finlay Beverages,57.0,6.0,797.4,2025-08-15 14:45:30+00:00,0.121,0.1025,0.1395,0.13425
Finlay Beverages,57.0,6.0,797.4,2025-08-15 15:00:30+00:00,0.11825,0.10175,0.13225,0.13275
Finlay Beverages,57.0,6.0,797.4,2025-08-15 15:15:30+00:00,0.112,0.10125,0.123,0.1265
Finlay Beverages,57.0,6.0,797.4,2025-08-15 15:30:30+00:00,0.10575,0.09675,0.11325,0.1205
Finlay Beverages,57.0,6.0,797.4,2025-08-15 15:45:30+00:00,0.0975,0.08875,0.10725,0.112
Finlay Beverages,57.0,6.0,797.4,2025-08-15 16:00:30+00:00,0.09075,0.07325,0.103,0.10525
Finlay Beverages,57.0,6.0,797.4,2025-08-15 16:15:30+00:00,0.084,0.05525,0.09425,0.09775
Finlay Beverages,57.0,6.0,797.4,2025-08-15 16:30:30+00:00,0.06875,0.03575,0.08725,0.07875
Finlay Beverages,57.0,6.0,797.4,2025-08-15 16:45:30+00:00,0.04775,0.025,0.081,0.05275
Finlay Beverages,57.0,6.0,797.4,2025-08-15 17:00:30+00:00,0.04025,0.02,0.06775,0.0435
Finlay Beverages,57.0,6.0,797.4,2025-08-15 17:15:30+00:00,0.04025,0.02125,0.05825,0.04575
Finlay Beverages,57.0,6.0,797.4,2025-08-15 17:30:30+00:00,0.0385,0.022,0.0495,0.046
Finlay Beverages,57.0,6.0,797.4,2025-08-15 17:45:30+00:00,0.03275,0.02175,0.04,0.04025
Finlay Beverages,57.0,6.0,797.4,2025-08-15 18:00:30+00:00,0.02575,0.01875,0.0315,0.03225
Finlay Beverages,57.0,6.0,797.4,2025-08-15 18:15:30+00:00,0.019,0.0135,0.02375,0.024
Finlay Beverages,57.0,6.0,797.4,2025-08-15 18:30:30+00:00,0.01275,0.0085,0.0165,0.01625
Finlay Beverages,57.0,6.0,797.4,2025-08-15 18:45:30+00:00,0.00775,0.005,0.01075,0.00925
Finlay Beverages,57.0,6.0,797.4,2025-08-15 19:00:30+00:00,0.004,0.0025,0.00575,0.00425
Finlay Beverages,57.0,6.0,797.4,2025-08-15 19:15:30+00:00,0.00075,0.0005,0.00125,0.00075
Finlay Beverages,57.0,6.0,797.4,2025-08-15 19:30:30+00:00,0.0,0.0,0.0,0.0
Finlay Beverages,57.0,6.0,797.4,2025-08-15 19:45:30+00:00,0.0,0.0,0.0,0.0
Finlay Beverages,57.0,6.0,797.4,2025-08-15 20:00:30+00:00,0.0,0.0,0.0,0.0
Finlay Beverages,57.0,6.0,797.4,2025-08-15 20:15:30+00:00,0.0,0.0,0.0,0.0
Finlay Beverages,57.0,6.0,797.4,2025-08-15 20:30:30+00:00,0.0,0.0,0.0,0.0
Finlay Beverages,57.0,6.0,797.4,2025-08-15 20:45:30+00:00,0.0,0.0,0.0,0.0
Finlay Beverages,57.0,6.0,797.4,2025-08-15 21:00:30+00:00,0.0,0.0,0.0,0.0
Finlay Beverages,57.0,6.0,797.4,2025-08-15 21:15:30+00:00,0.0,0.0,0.0,0.0
Finlay Beverages,57.0,6.0,797.4,2025-08-15 21:30:30+00:00,0.0,0.0,0.0,0.0
Finlay Beverages,57.0,6.0,797.4,2025-08-15 21:45:30+00:00,0.0,0.0,0.0,0.0
Finlay Beverages,57.0,6.0,797.4,2025-08-15 22:00:30+00:00,0.0,0.0,0.0,0.0
Finlay Beverages,57.0,6.0,797.4,2025-08-15 22:15:30+00:00,0.0,0.0,0.0,0.0
Finlay Beverages,57.0,6.0,797.4,2025-08-15 22:30:30+00:00,0.0,0.0,0.0,0.0
Finlay Beverages,57.0,6.0,797.4,2025-08-15 22:45:30+00:00,0.0,0.0,0.0,0.0
Finlay Beverages,57.0,6.0,797.4,2025-08-15 23:00:30+00:00,0.0,0.0,0.0,0.0
Finlay Beverages,57.0,6.0,797.4,2025-08-15 23:15:30+00:00,0.0,0.0,0.0,0.0
Finlay Beverages,57.0,6.0,797.4,2025-08-15 23:30:30+00:00,0.0,0.0,0.0,0.0
Finlay Beverages,57.0,6.0,797.4,2025-08-15 23:45:30+00:00,0.0,0.0,0.0,0.0
Finlay Beverages,57.0,6.0,797.4,2025-08-16 00:00:30+00:00,0.0,0.0,0.0,0.0
Finlay Beverages,57.0,6.0,797.4,2025-08-16 00:15:30+00:00,0.0,0.0,0.0,0.0
Finlay Beverages,57.0,6.0,797.4,2025-08-16 00:30:30+00:00,0.0,0.0,0.0,0.0
Finlay Beverages,57.0,6.0,797.4,2025-08-16 00:45:30+00:00,0.0,0.0,0.0,0.0
Finlay Beverages,57.0,6.0,797.4,2025-08-16 01:00:30+00:00,0.0,0.0,0.0,0.0
Finlay Beverages,57.0,6.0,797.4,2025-08-16 01:15:30+00:00,0.0,0.0,0.0,0.0
Finlay Beverages,57.0,6.0,797.4,2025-08-16 01:30:30+00:00,0.0,0.0,0.0,0.0
Finlay Beverages,57.0,6.0,797.4,2025-08-16 01:45:30+00:00,0.0,0.0,0.0,0.0
Finlay Beverages,57.0,6.0,797.4,2025-08-16 02:00:30+00:00,0.0,0.0,0.0,0.0
Finlay Beverages,57.0,6.0,797.4,2025-08-16 02:15:30+00:00,0.0,0.0,0.0,0.0
Finlay Beverages,57.0,6.0,797.4,2025-08-16 02:30:30+00:00,0.0,0.0,0.0,0.0
Finlay Beverages,57.0,6.0,797.4,2025-08-16 02:45:30+00:00,0.0,0.0,0.0,0.0
Finlay Beverages,57.0,6.0,797.4,2025-08-16 03:00:30+00:00,0.0,0.0,0.0,0.0
Finlay Beverages,57.0,6.0,797.4,2025-08-16 03:15:30+00:00,0.0,0.0,0.0,0.0
Finlay Beverages,57.0,6.0,797.4,2025-08-16 03:30:30+00:00,0.0,0.0,0.0,0.0
Finlay Beverages,57.0,6.0,797.4,2025-08-16 03:45:30+00:00,0.0,0.0,0.0,0.0
Finlay Beverages,57.0,6.0,797.4,2025-08-16 04:00:30+00:00,0.0,0.0,0.0,0.0
Finlay Beverages,57.0,6.0,797.4,2025-08-16 04:15:30+00:00,0.0,0.0,0.0,0.0
Finlay Beverages,57.0,6.0,797.4,2025-08-16 04:30:30+00:00,0.0,0.0,0.0,0.0
Finlay Beverages,57.0,6.0,797.4,2025-08-16 04:45:30+00:00,0.0,0.0,0.00025,0.0
Finlay Beverages,57.0,6.0,797.4,2025-08-16 05:00:30+00:00,0.00125,0.00025,0.003,0.0015
Finlay Beverages,57.0,6.0,797.4,2025-08-16 05:15:30+00:00,0.0035,0.001,0.0065,0.00375
Finlay Beverages,57.0,6.0,797.4,2025-08-16 05:30:30+00:00,0.00625,0.00175,0.01075,0.00625
Finlay Beverages,57.0,6.0,797.4,2025-08-16 05:45:30+00:00,0.00875,0.00275,0.01475,0.00875
Finlay Beverages,57.0,6.0,797.4,2025-08-16 06:00:30+00:00,0.011,0.00375,0.0185,0.01125
Finlay Beverages,57.0,6.0,797.4,2025-08-16 06:15:30+00:00,0.01325,0.005,0.0215,0.01325
Finlay Beverages,57.0,6.0,797.4,2025-08-16 06:30:30+00:00,0.01525,0.007,0.02425,0.0155
Finlay Beverages,57.0,6.0,797.4,2025-08-16 06:45:30+00:00,0.01775,0.00925,0.02625,0.018
Finlay Beverages,57.0,6.0,797.4,2025-08-16 07:00:30+00:00,0.02,0.012,0.0285,0.02025
Finlay Beverages,57.0,6.0,797.4,2025-08-16 07:15:30+00:00,0.023,0.01475,0.031,0.023
Finlay Beverages,57.0,6.0,797.4,2025-08-16 07:30:30+00:00,0.02525,0.01675,0.0335,0.02525
Finlay Beverages,57.0,6.0,797.4,2025-08-16 07:45:30+00:00,0.02725,0.018,0.036,0.02725
Finlay Beverages,57.0,6.0,797.4,2025-08-16 08:00:30+00:00,0.02875,0.0195,0.03875,0.02875
Finlay Beverages,57.0,6.0,797.4,2025-08-16 08:15:30+00:00,0.03125,0.02025,0.0425,0.03125
Finlay Beverages,57.0,6.0,797.4,2025-08-16 08:30:30+00:00,0.034,0.019,0.0485,0.03425
Finlay Beverages,57.0,6.0,797.4,2025-08-16 08:45:30+00:00,0.03575,0.01325,0.0545,0.036
Finlay Beverages,57.0,6.0,797.4,2025-08-16 09:00:30+00:00,0.0315,0.011,0.05625,0.03175
Finlay Beverages,57.0,6.0,797.4,2025-08-16 09:15:30+00:00,0.0245,0.0115,0.05175,0.02475
Finlay Beverages,57.0,6.0,797.4,2025-08-16 09:30:30+00:00,0.01925,0.01225,0.04875,0.01925
Finlay Beverages,57.0,6.0,797.4,2025-08-16 09:45:30+00:00,0.02275,0.01275,0.054,0.02275
Finlay Beverages,57.0,6.0,797.4,2025-08-16 10:00:30+00:00,0.034,0.013,0.06575,0.03425
Finlay Beverages,57.0,6.0,797.4,2025-08-16 10:15:30+00:00,0.0415,0.0135,0.076,0.04175
Finlay Beverages,57.0,6.0,797.4,2025-08-16 10:30:30+00:00,0.0505,0.01925,0.07975,0.051
Finlay Beverages,57.0,6.0,797.4,2025-08-16 10:45:30+00:00,0.056,0.0305,0.08075,0.0565
Finlay Beverages,57.0,6.0,797.4,2025-08-16 11:00:30+00:00,0.05975,0.03475,0.07975,0.06025
Finlay Beverages,57.0,6.0,797.4,2025-08-16 11:15:30+00:00,0.0555,0.03225,0.07775,0.056
Finlay Beverages,57.0,6.0,797.4,2025-08-16 11:30:30+00:00,0.04925,0.0295,0.07725,0.04975
Finlay Beverages,57.0,6.0,797.4,2025-08-16 11:45:30+00:00,0.055,0.03175,0.081,0.05575
Finlay Beverages,57.0,6.0,797.4,2025-08-16 12:00:30+00:00,0.06425,0.0375,0.08325,0.06525
Finlay Beverages,57.0,6.0,797.4,2025-08-16 12:15:30+00:00,0.06125,0.03875,0.0815,0.062
Finlay Beverages,57.0,6.0,797.4,2025-08-16 12:30:30+00:00,0.05475,0.0355,0.08,0.0555
Finlay Beverages,57.0,6.0,797.4,2025-08-16 12:45:30+00:00,0.057,0.03275,0.08325,0.05775
Finlay Beverages,57.0,6.0,797.4,2025-08-16 13:00:30+00:00,0.062,0.0355,0.09,0.063
Finlay Beverages,57.0,6.0,797.4,2025-08-16 13:15:30+00:00,0.069,0.04225,0.09275,0.0705
Finlay Beverages,57.0,6.0,797.4,2025-08-16 13:30:30+00:00,0.0715,0.046,0.09075,0.073
Finlay Beverages,57.0,6.0,797.4,2025-08-16 13:45:30+00:00,0.06475,0.04375,0.0845,0.06625
Finlay Beverages,57.0,6.0,797.4,2025-08-16 14:00:30+00:00,0.056,0.03975,0.0775,0.057
Finlay Beverages,57.0,6.0,797.4,2025-08-16 14:15:30+00:00,0.055,0.0365,0.0745,0.05625
Finlay Beverages,57.0,6.0,797.4,2025-08-16 14:30:30+00:00,0.055,0.034,0.07425,0.05625
Finlay Beverages,57.0,6.0,797.4,2025-08-16 14:45:30+00:00,0.05225,0.034,0.0775,0.0535
Finlay Beverages,57.0,6.0,797.4,2025-08-16 15:00:30+00:00,0.059,0.03475,0.07975,0.06075
Finlay Beverages,57.0,6.0,797.4,2025-08-16 15:15:30+00:00,0.0605,0.0365,0.0805,0.0625
Finlay Beverages,57.0,6.0,797.4,2025-08-16 15:30:30+00:00,0.056,0.0345,0.08125,0.05775
Finlay Beverages,57.0,6.0,797.4,2025-08-16 15:45:30+00:00,0.05675,0.03375,0.08125,0.05875
Finlay Beverages,57.0,6.0,797.4,2025-08-16 16:00:30+00:00,0.05825,0.035,0.08125,0.062
Finlay Beverages,57.0,6.0,797.4,2025-08-16 16:15:30+00:00,0.0595,0.03775,0.0775,0.06425
Finlay Beverages,57.0,6.0,797.4,2025-08-16 16:30:30+00:00,0.05525,0.04,0.071,0.05975
Finlay Beverages,57.0,6.0,797.4,2025-08-16 16:45:30+00:00,0.05125,0.03775,0.06425,0.056
Finlay Beverages,57.0,6.0,797.4,2025-08-16 17:00:30+00:00,0.046,0.0335,0.059,0.05125
Finlay Beverages,57.0,6.0,797.4,2025-08-16 17:15:30+00:00,0.04125,0.02875,0.05475,0.04675
Finlay Beverages,57.0,6.0,797.4,2025-08-16 17:30:30+00:00,0.03675,0.0255,0.04725,0.04375
Finlay Beverages,57.0,6.0,797.4,2025-08-16 17:45:30+00:00,0.0315,0.02225,0.0385,0.039
Finlay Beverages,57.0,6.0,797.4,2025-08-16 18:00:30+00:00,0.02425,0.018,0.0305,0.03025
Finlay Beverages,57.0,6.0,797.4,2025-08-16 18:15:30+00:00,0.0175,0.01325,0.02275,0.022
Finlay Beverages,57.0,6.0,797.4,2025-08-16 18:30:30+00:00,0.01225,0.00825,0.01525,0.016
Finlay Beverages,57.0,6.0,797.4,2025-08-16 18:45:30+00:00,0.00725,0.005,0.009,0.00975
Finlay Beverages,57.0,6.0,797.4,2025-08-16 19:00:30+00:00,0.004,0.003,0.00475,0.00425
Finlay Beverages,57.0,6.0,797.4,2025-08-16 19:15:30+00:00,0.00175,0.00125,0.002,0.00175
Finlay Beverages,57.0,6.0,797.4,2025-08-16 19:30:30+00:00,0.0,0.0,0.0,0.0
Finlay Beverages,57.0,6.0,797.4,2025-08-16 19:45:30+00:00,0.0,0.0,0.0,0.0
Finlay Beverages,57.0,6.0,797.4,2025-08-16 20:00:30+00:00,0.0,0.0,0.0,0.0
Finlay Beverages,57.0,6.0,797.4,2025-08-16 20:15:30+00:00,0.0,0.0,0.0,0.0
Finlay Beverages,57.0,6.0,797.4,2025-08-16 20:30:30+00:00,0.0,0.0,0.0,0.0
Finlay Beverages,57.0,6.0,797.4,2025-08-16 20:45:30+00:00,0.0,0.0,0.0,0.0
Finlay Beverages,57.0,6.0,797.4,2025-08-16 21:00:30+00:00,0.0,0.0,0.0,0.0
Finlay Beverages,57.0,6.0,797.4,2025-08-16 21:15:30+00:00,0.0,0.0,0.0,0.0
Finlay Beverages,57.0,6.0,797.4,2025-08-16 21:30:30+00:00,0.0,0.0,0.0,0.0
Finlay Beverages,57.0,6.0,797.4,2025-08-16 21:45:30+00:00,0.0,0.0,0.0,0.0
Finlay Beverages,57.0,6.0,797.4,2025-08-16 22:00:30+00:00,0.0,0.0,0.0,0.0
Finlay Beverages,57.0,6.0,797.4,2025-08-16 22:15:30+00:00,0.0,0.0,0.0,0.0
Finlay Beverages,57.0,6.0,797.4,2025-08-16 22:30:30+00:00,0.0,0.0,0.0,0.0
Finlay Beverages,57.0,6.0,797.4,2025-08-16 22:45:30+00:00,0.0,0.0,0.0,0.0
Finlay Beverages,57.0,6.0,797.4,2025-08-16 23:00:30+00:00,0.0,0.0,0.0,0.0
Finlay Beverages,57.0,6.0,797.4,2025-08-16 23:15:30+00:00,0.0,0.0,0.0,0.0
Finlay Beverages,57.0,6.0,797.4,2025-08-16 23:30:30+00:00,0.0,0.0,0.0,0.0
Finlay Beverages,57.0,6.0,797.4,2025-08-16 23:45:30+00:00,0.0,0.0,0.0,0.0
Finlay Beverages,57.0,6.0,797.4,2025-08-17 00:00:30+00:00,0.0,0.0,0.0,0.0
Finlay Beverages,57.0,6.0,797.4,2025-08-17 00:15:30+00:00,0.0,0.0,0.0,0.0
Finlay Beverages,57.0,6.0,797.4,2025-08-17 00:30:30+00:00,0.0,0.0,0.0,0.0
Finlay Beverages,57.0,6.0,797.4,2025-08-17 00:45:30+00:00,0.0,0.0,0.0,0.0
Finlay Beverages,57.0,6.0,797.4,2025-08-17 01:00:30+00:00,0.0,0.0,0.0,0.0
Finlay Beverages,57.0,6.0,797.4,2025-08-17 01:15:30+00:00,0.0,0.0,0.0,0.0
Finlay Beverages,57.0,6.0,797.4,2025-08-17 01:30:30+00:00,0.0,0.0,0.0,0.0
Finlay Beverages,57.0,6.0,797.4,2025-08-17 01:45:30+00:00,0.0,0.0,0.0,0.0
Finlay Beverages,57.0,6.0,797.4,2025-08-17 02:00:30+00:00,0.0,0.0,0.0,0.0
Finlay Beverages,57.0,6.0,797.4,2025-08-17 02:15:30+00:00,0.0,0.0,0.0,0.0
Finlay Beverages,57.0,6.0,797.4,2025-08-17 02:30:30+00:00,0.0,0.0,0.0,0.0
Finlay Beverages,57.0,6.0,797.4,2025-08-17 02:45:30+00:00,0.0,0.0,0.0,0.0
Finlay Beverages,57.0,6.0,797.4,2025-08-17 03:00:30+00:00,0.0,0.0,0.0,0.0
Finlay Beverages,57.0,6.0,797.4,2025-08-17 03:15:30+00:00,0.0,0.0,0.0,0.0
Finlay Beverages,57.0,6.0,797.4,2025-08-17 03:30:30+00:00,0.0,0.0,0.0,0.0
Finlay Beverages,57.0,6.0,797.4,2025-08-17 03:45:30+00:00,0.0,0.0,0.0,0.0
Finlay Beverages,57.0,6.0,797.4,2025-08-17 04:00:30+00:00,0.0,0.0,0.0,0.0
Finlay Beverages,57.0,6.0,797.4,2025-08-17 04:15:30+00:00,0.0,0.0,0.0,0.0
Finlay Beverages,57.0,6.0,797.4,2025-08-17 04:30:30+00:00,0.0,0.0,0.0,0.0
Finlay Beverages,57.0,6.0,797.4,2025-08-17 04:45:30+00:00,0.0,0.0,0.0,0.0
Finlay Beverages,57.0,6.0,797.4,2025-08-17 05:00:30+00:00,0.00175,0.001,0.0035,0.00175
Finlay Beverages,57.0,6.0,797.4,2025-08-17 05:15:30+00:00,0.005,0.0025,0.00825,0.00525
Finlay Beverages,57.0,6.0,797.4,2025-08-17 05:30:30+00:00,0.00975,0.005,0.0145,0.00925
Finlay Beverages,57.0,6.0,797.4,2025-08-17 05:45:30+00:00,0.01425,0.00825,0.022,0.0135
Finlay Beverages,57.0,6.0,797.4,2025-08-17 06:00:30+00:00,0.02125,0.0115,0.03175,0.01975
Finlay Beverages,57.0,6.0,797.4,2025-08-17 06:15:30+00:00,0.02925,0.0165,0.0435,0.02675
Finlay Beverages,57.0,6.0,797.4,2025-08-17 06:30:30+00:00,0.0395,0.02425,0.05675,0.0355
Finlay Beverages,57.0,6.0,797.4,2025-08-17 06:45:30+00:00,0.05375,0.037,0.07075,0.047
Finlay Beverages,57.0,6.0,797.4,2025-08-17 07:00:30+00:00,0.06675,0.04925,0.079,0.05825
Finlay Beverages,57.0,6.0,797.4,2025-08-17 07:15:30+00:00,0.07,0.0565,0.083,0.063
Finlay Beverages,57.0,6.0,797.4,2025-08-17 07:30:30+00:00,0.07175,0.05975,0.0865,0.0665
Finlay Beverages,57.0,6.0,797.4,2025-08-17 07:45:30+00:00,0.0785,0.06325,0.09325,0.07325
Finlay Beverages,57.0,6.0,797.4,2025-08-17 08:00:30+00:00,0.084,0.06275,0.101,0.07925
Finlay Beverages,57.0,6.0,797.4,2025-08-17 08:15:30+00:00,0.08225,0.0555,0.11,0.07875
Finlay Beverages,57.0,6.0,797.4,2025-08-17 08:30:30+00:00,0.08175,0.0435,0.1175,0.0795
Finlay Beverages,57.0,6.0,797.4,2025-08-17 08:45:30+00:00,0.0775,0.02825,0.122,0.076
Finlay Beverages,57.0,6.0,797.4,2025-08-17 09:00:30+00:00,0.06575,0.0145,0.1175,0.065
Finlay Beverages,57.0,6.0,797.4,2025-08-17 09:15:30+00:00,0.05425,0.01175,0.1045,0.05425
Finlay Beverages,57.0,6.0,797.4,2025-08-17 09:30:30+00:00,0.04425,0.01225,0.0875,0.0445
Finlay Beverages,57.0,6.0,797.4,2025-08-17 09:45:30+00:00,0.03925,0.01275,0.071,0.0395
Finlay Beverages,57.0,6.0,797.4,2025-08-17 10:00:30+00:00,0.03825,0.01725,0.061,0.0385
Finlay Beverages,57.0,6.0,797.4,2025-08-17 10:15:30+00:00,0.0395,0.02225,0.05725,0.03975
Finlay Beverages,57.0,6.0,797.4,2025-08-17 10:30:30+00:00,0.04125,0.0235,0.0575,0.0415
Finlay Beverages,57.0,6.0,797.4,2025-08-17 10:45:30+00:00,0.0405,0.02275,0.0585,0.041
Finlay Beverages,57.0,6.0,797.4,2025-08-17 11:00:30+00:00,0.0395,0.021,0.05825,0.04
Finlay Beverages,57.0,6.0,797.4,2025-08-17 11:15:30+00:00,0.0385,0.02,0.05725,0.039
Finlay Beverages,57.0,6.0,797.4,2025-08-17 11:30:30+00:00,0.03775,0.02,0.05625,0.038
Finlay Beverages,57.0,6.0,797.4,2025-08-17 11:45:30+00:00,0.0375,0.02025,0.05575,0.038
Finlay Beverages,57.0,6.0,797.4,2025-08-17 12:00:30+00:00,0.03825,0.0205,0.05575,0.0385
Finlay Beverages,57.0,6.0,797.4,2025-08-17 12:15:30+00:00,0.03825,0.02025,0.05675,0.03875
Finlay Beverages,57.0,6.0,797.4,2025-08-17 12:30:30+00:00,0.039,0.01975,0.05825,0.0395
Finlay Beverages,57.0,6.0,797.4,2025-08-17 12:45:30+00:00,0.03925,0.019,0.0615,0.03975
Finlay Beverages,57.0,6.0,797.4,2025-08-17 13:00:30+00:00,0.0425,0.01825,0.06625,0.043
Finlay Beverages,57.0,6.0,797.4,2025-08-17 13:15:30+00:00,0.0445,0.0185,0.0725,0.04525
Finlay Beverages,57.0,6.0,797.4,2025-08-17 13:30:30+00:00,0.049,0.01975,0.079,0.04975
Finlay Beverages,57.0,6.0,797.4,2025-08-17 13:45:30+00:00,0.054,0.02375,0.084,0.055
Finlay Beverages,57.0,6.0,797.4,2025-08-17 14:00:30+00:00,0.058,0.029,0.0875,0.05925
Finlay Beverages,57.0,6.0,797.4,2025-08-17 14:15:30+00:00,0.06225,0.035,0.0875,0.06375
Finlay Beverages,57.0,6.0,797.4,2025-08-17 14:30:30+00:00,0.06325,0.03925,0.0875,0.065
Finlay Beverages,57.0,6.0,797.4,2025-08-17 14:45:30+00:00,0.06425,0.0385,0.08875,0.06625
Finlay Beverages,57.0,6.0,797.4,2025-08-17 15:00:30+00:00,0.06325,0.03775,0.09175,0.06525
Finlay Beverages,57.0,6.0,797.4,2025-08-17 15:15:30+00:00,0.0655,0.03575,0.0975,0.06875
Finlay Beverages,57.0,6.0,797.4,2025-08-17 15:30:30+00:00,0.0705,0.0355,0.10125,0.075
Finlay Beverages,57.0,6.0,797.4,2025-08-17 15:45:30+00:00,0.06875,0.0365,0.105,0.07375
Finlay Beverages,57.0,6.0,797.4,2025-08-17 16:00:30+00:00,0.07125,0.039,0.10225,0.0785
Finlay Beverages,57.0,6.0,797.4,2025-08-17 16:15:30+00:00,0.071,0.045,0.09475,0.08075
Finlay Beverages,57.0,6.0,797.4,2025-08-17 16:30:30+00:00,0.068,0.0485,0.08325,0.07975
Finlay Beverages,57.0,6.0,797.4,2025-08-17 16:45:30+00:00,0.062,0.04975,0.0725,0.074
Finlay Beverages,57.0,6.0,797.4,2025-08-17 17:00:30+00:00,0.054,0.0465,0.062,0.06525
Finlay Beverages,57.0,6.0,797.4,2025-08-17 17:15:30+00:00,0.0465,0.04,0.05275,0.05725
Finlay Beverages,57.0,6.0,797.4,2025-08-17 17:30:30+00:00,0.039,0.03275,0.045,0.04925
Finlay Beverages,57.0,6.0,797.4,2025-08-17 17:45:30+00:00,0.0315,0.0255,0.0365,0.04075
Finlay Beverages,57.0,6.0,797.4,2025-08-17 18:00:30+00:00,0.02425,0.019,0.02825,0.03225
Finlay Beverages,57.0,6.0,797.4,2025-08-17 18:15:30+00:00,0.0175,0.013,0.0205,0.024
Finlay Beverages,57.0,6.0,797.4,2025-08-17 18:30:30+00:00,0.0115,0.00825,0.01375,0.01625
Finlay Beverages,57.0,6.0,797.4,2025-08-17 18:45:30+00:00,0.00675,0.00475,0.008,0.00925
Finlay Beverages,57.0,6.0,797.4,2025-08-17 19:00:30+00:00,0.0035,0.00275,0.00425,0.00375
Finlay Beverages,57.0,6.0,797.4,2025-08-17 19:15:30+00:00,0.0015,0.001,0.00175,0.0015
Finlay Beverages,57.0,6.0,797.4,2025-08-17 19:30:30+00:00,0.0,0.0,0.0,0.0
Finlay Beverages,57.0,6.0,797.4,2025-08-17 19:45:30+00:00,0.0,0.0,0.0,0.0
Finlay Beverages,57.0,6.0,797.4,2025-08-17 20:00:30+00:00,0.0,0.0,0.0,0.0
Finlay Beverages,57.0,6.0,797.4,2025-08-17 20:15:30+00:00,0.0,0.0,0.0,0.0
Finlay Beverages,57.0,6.0,797.4,2025-08-17 20:30:30+00:00,0.0,0.0,0.0,0.0
Finlay Beverages,57.0,6.0,797.4,2025-08-17 20:45:30+00:00,0.0,0.0,0.0,0.0
Finlay Beverages,57.0,6.0,797.4,2025-08-17 21:00:30+00:00,0.0,0.0,0.0,0.0
Finlay Beverages,57.0,6.0,797.4,2025-08-17 21:15:30+00:00,0.0,0.0,0.0,0.0
Finlay Beverages,57.0,6.0,797.4,2025-08-17 21:30:30+00:00,0.0,0.0,0.0,0.0
Finlay Beverages,57.0,6.0,797.4,2025-08-17 21:45:30+00:00,0.0,0.0,0.0,0.0
Finlay Beverages,57.0,6.0,797.4,2025-08-17 22:00:30+00:00,0.0,0.0,0.0,0.0
Finlay Beverages,57.0,6.0,797.4,2025-08-17 22:15:30+00:00,0.0,0.0,0.0,0.0
Finlay Beverages,57.0,6.0,797.4,2025-08-17 22:30:30+00:00,0.0,0.0,0.0,0.0
Finlay Beverages,57.0,6.0,797.4,2025-08-17 22:45:30+00:00,0.0,0.0,0.0,0.0
Finlay Beverages,57.0,6.0,797.4,2025-08-17 23:00:30+00:00,0.0,0.0,0.0,0.0
Finlay Beverages,57.0,6.0,797.4,2025-08-17 23:15:30+00:00,0.0,0.0,0.0,0.0
Finlay Beverages,57.0,6.0,797.4,2025-08-17 23:30:30+00:00,0.0,0.0,0.0,0.0
Finlay Beverages,57.0,6.0,797.4,2025-08-17 23:45:30+00:00,0.0,0.0,0.0,0.0
Finlay Beverages,57.0,6.0,797.4,2025-08-18 00:00:30+00:00,0.0,0.0,0.0,0.0
Finlay Beverages,57.0,6.0,797.4,2025-08-18 00:15:30+00:00,0.0,0.0,0.0,0.0
Finlay Beverages,57.0,6.0,797.4,2025-08-18 00:30:30+00:00,0.0,0.0,0.0,0.0
Finlay Beverages,57.0,6.0,797.4,2025-08-18 00:45:30+00:00,0.0,0.0,0.0,0.0
Finlay Beverages,57.0,6.0,797.4,2025-08-18 01:00:30+00:00,0.0,0.0,0.0,0.0
Finlay Beverages,57.0,6.0,797.4,2025-08-18 01:15:30+00:00,0.0,0.0,0.0,0.0
Finlay Beverages,57.0,6.0,797.4,2025-08-18 01:30:30+00:00,0.0,0.0,0.0,0.0
Finlay Beverages,57.0,6.0,797.4,2025-08-18 01:45:30+00:00,0.0,0.0,0.0,0.0
Finlay Beverages,57.0,6.0,797.4,2025-08-18 02:00:30+00:00,0.0,0.0,0.0,0.0
Finlay Beverages,57.0,6.0,797.4,2025-08-18 02:15:30+00:00,0.0,0.0,0.0,0.0
Finlay Beverages,57.0,6.0,797.4,2025-08-18 02:30:30+00:00,0.0,0.0,0.0,0.0
Finlay Beverages,57.0,6.0,797.4,2025-08-18 02:45:30+00:00,0.0,0.0,0.0,0.0
Finlay Beverages,57.0,6.0,797.4,2025-08-18 03:00:30+00:00,0.0,0.0,0.0,0.0
Finlay Beverages,57.0,6.0,797.4,2025-08-18 03:15:30+00:00,0.0,0.0,0.0,0.0
Finlay Beverages,57.0,6.0,797.4,2025-08-18 03:30:30+00:00,0.0,0.0,0.0,0.0
Finlay Beverages,57.0,6.0,797.4,2025-08-18 03:45:30+00:00,0.0,0.0,0.0,0.0
Finlay Beverages,57.0,6.0,797.4,2025-08-18 04:00:30+00:00,0.0,0.0,0.0,0.0
Finlay Beverages,57.0,6.0,797.4,2025-08-18 04:15:30+00:00,0.0,0.0,0.0,0.0
Finlay Beverages,57.0,6.0,797.4,2025-08-18 04:30:30+00:00,0.0,0.0,0.0,0.0
Finlay Beverages,57.0,6.0,797.4,2025-08-18 04:45:30+00:00,0.00025,0.0,0.001,0.00025
Finlay Beverages,57.0,6.0,797.4,2025-08-18 05:00:30+00:00,0.001,0.00025,0.00275,0.001
Finlay Beverages,57.0,6.0,797.4,2025-08-18 05:15:30+00:00,0.00275,0.00075,0.0055,0.00275
Finlay Beverages,57.0,6.0,797.4,2025-08-18 05:30:30+00:00,0.005,0.00125,0.00925,0.00525
Finlay Beverages,57.0,6.0,797.4,2025-08-18 05:45:30+00:00,0.008,0.0025,0.0135,0.008
Finlay Beverages,57.0,6.0,797.4,2025-08-18 06:00:30+00:00,0.011,0.00425,0.01775,0.011
Finlay Beverages,57.0,6.0,797.4,2025-08-18 06:15:30+00:00,0.014,0.0065,0.02175,0.014
Finlay Beverages,57.0,6.0,797.4,2025-08-18 06:30:30+00:00,0.01725,0.00875,0.02525,0.01725
Finlay Beverages,57.0,6.0,797.4,2025-08-18 06:45:30+00:00,0.01975,0.01125,0.028,0.01975
Finlay Beverages,57.0,6.0,797.4,2025-08-18 07:00:30+00:00,0.02225,0.01425,0.0305,0.02225
Finlay Beverages,57.0,6.0,797.4,2025-08-18 07:15:30+00:00,0.02525,0.0175,0.0335,0.02525
Finlay Beverages,57.0,6.0,797.4,2025-08-18 07:30:30+00:00,0.02875,0.02075,0.03675,0.02875
Finlay Beverages,57.0,6.0,797.4,2025-08-18 07:45:30+00:00,0.0325,0.024,0.04125,0.03225
Finlay Beverages,57.0,6.0,797.4,2025-08-18 08:00:30+00:00,0.0365,0.02625,0.04475,0.0365
Finlay Beverages,57.0,6.0,797.4,2025-08-18 08:15:30+00:00,0.0375,0.02825,0.05025,0.0375
Finlay Beverages,57.0,6.0,797.4,2025-08-18 08:30:30+00:00,0.04325,0.02725,0.05625,0.04325
Finlay Beverages,57.0,6.0,797.4,2025-08-18 08:45:30+00:00,0.04425,0.022,0.064,0.04425
Finlay Beverages,57.0,6.0,797.4,2025-08-18 09:00:30+00:00,0.04075,0.014,0.06725,0.041
Finlay Beverages,57.0,6.0,797.4,2025-08-18 09:15:30+00:00,0.0365,0.0115,0.064,0.0365
Finlay Beverages,57.0,6.0,797.4,2025-08-18 09:30:30+00:00,0.0275,0.012,0.05675,0.02775
Finlay Beverages,57.0,6.0,797.4,2025-08-18 09:45:30+00:00,0.0275,0.0125,0.04975,0.02775
Finlay Beverages,57.0,6.0,797.4,2025-08-18 10:00:30+00:00,0.03,0.013,0.04675,0.03025
Finlay Beverages,57.0,6.0,797.4,2025-08-18 10:15:30+00:00,0.02925,0.0135,0.047,0.0295
Finlay Beverages,57.0,6.0,797.4,2025-08-18 10:30:30+00:00,0.03075,0.01375,0.05025,0.031
Finlay Beverages,57.0,6.0,797.4,2025-08-18 10:45:30+00:00,0.03175,0.014,0.0555,0.032
Finlay Beverages,57.0,6.0,797.4,2025-08-18 11:00:30+00:00,0.0385,0.0155,0.06075,0.039
Finlay Beverages,57.0,6.0,797.4,2025-08-18 11:15:30+00:00,0.04375,0.02,0.06275,0.04425
Finlay Beverages,57.0,6.0,797.4,2025-08-18 11:30:30+00:00,0.0415,0.0215,0.0625,0.04175
Finlay Beverages,57.0,6.0,797.4,2025-08-18 11:45:30+00:00,0.04,0.01975,0.06025,0.0405
Finlay Beverages,57.0,6.0,797.4,2025-08-18 12:00:30+00:00,0.03825,0.01825,0.0595,0.03875
Finlay Beverages,57.0,6.0,797.4,2025-08-18 12:15:30+00:00,0.03775,0.01575,0.057,0.03825
Finlay Beverages,57.0,6.0,797.4,2025-08-18 12:30:30+00:00,0.03275,0.01475,0.05425,0.03325
Finlay Beverages,57.0,6.0,797.4,2025-08-18 12:45:30+00:00,0.0315,0.0145,0.0515,0.032
Finlay Beverages,57.0,6.0,797.4,2025-08-18 13:00:30+00:00,0.0325,0.01425,0.0505,0.03275
Finlay Beverages,57.0,6.0,797.4,2025-08-18 13:15:30+00:00,0.03125,0.01425,0.05125,0.03175
Finlay Beverages,57.0,6.0,797.4,2025-08-18 13:30:30+00:00,0.034,0.01375,0.05075,0.0345
Finlay Beverages,57.0,6.0,797.4,2025-08-18 13:45:30+00:00,0.031,0.0135,0.04925,0.03125
Finlay Beverages,57.0,6.0,797.4,2025-08-18 14:00:30+00:00,0.02625,0.013,0.04625,0.0265
Finlay Beverages,57.0,6.0,797.4,2025-08-18 14:15:30+00:00,0.0245,0.01275,0.0465,0.02475
Finlay Beverages,57.0,6.0,797.4,2025-08-18 14:30:30+00:00,0.02725,0.01225,0.051,0.0275
Finlay Beverages,57.0,6.0,797.4,2025-08-18 14:45:30+00:00,0.0305,0.0115,0.057,0.031
Finlay Beverages,57.0,6.0,797.4,2025-08-18 15:00:30+00:00,0.03525,0.011,0.0605,0.03575
Finlay Beverages,57.0,6.0,797.4,2025-08-18 15:15:30+00:00,0.03825,0.015,0.06025,0.039
Finlay Beverages,57.0,6.0,797.4,2025-08-18 15:30:30+00:00,0.03925,0.0185,0.05925,0.04
Finlay Beverages,57.0,6.0,797.4,2025-08-18 15:45:30+00:00,0.03875,0.02,0.05725,0.0395
Finlay Beverages,57.0,6.0,797.4,2025-08-18 16:00:30+00:00,0.03775,0.021,0.05675,0.03875
Finlay Beverages,57.0,6.0,797.4,2025-08-18 16:15:30+00:00,0.03975,0.0225,0.05475,0.041
Finlay Beverages,57.0,6.0,797.4,2025-08-18 16:30:30+00:00,0.0385,0.025,0.05175,0.03975
Finlay Beverages,57.0,6.0,797.4,2025-08-18 16:45:30+00:00,0.0365,0.02375,0.04675,0.038
Finlay Beverages,57.0,6.0,797.4,2025-08-18 17:00:30+00:00,0.03075,0.0195,0.0415,0.03175
Finlay Beverages,57.0,6.0,797.4,2025-08-18 17:15:30+00:00,0.024,0.01325,0.03625,0.02475
Finlay Beverages,57.0,6.0,797.4,2025-08-18 17:30:30+00:00,0.019,0.00825,0.03,0.01925
Finlay Beverages,57.0,6.0,797.4,2025-08-18 17:45:30+00:00,0.01425,0.0055,0.02375,0.0145
Finlay Beverages,57.0,6.0,797.4,2025-08-18 18:00:30+00:00,0.0105,0.00375,0.01875,0.01075
Finlay Beverages,57.0,6.0,797.4,2025-08-18 18:15:30+00:00,0.0085,0.00225,0.0145,0.0085
Finlay Beverages,57.0,6.0,797.4,2025-08-18 18:30:30+00:00,0.006,0.00125,0.0105,0.006
Finlay Beverages,57.0,6.0,797.4,2025-08-18 18:45:30+00:00,0.0035,0.00075,0.0065,0.0035
Finlay Beverages,57.0,6.0,797.4,2025-08-18 19:00:30+00:00,0.00125,0.00025,0.003,0.00125
Finlay Beverages,57.0,6.0,797.4,2025-08-18 19:15:30+00:00,0.00025,0.0,0.0005,0.00025
Finlay Beverages,57.0,6.0,797.4,2025-08-18 19:30:30+00:00,0.0,0.0,0.0,0.0
Finlay Beverages,57.0,6.0,797.4,2025-08-18 19:45:30+00:00,0.0,0.0,0.0,0.0
Finlay Beverages,57.0,6.0,797.4,2025-08-18 20:00:30+00:00,0.0,0.0,0.0,0.0
Finlay Beverages,57.0,6.0,797.4,2025-08-18 20:15:30+00:00,0.0,0.0,0.0,0.0
Finlay Beverages,57.0,6.0,797.4,2025-08-18 20:30:30+00:00,0.0,0.0,0.0,0.0
Finlay Beverages,57.0,6.0,797.4,2025-08-18 20:45:30+00:00,0.0,0.0,0.0,0.0
Finlay Beverages,57.0,6.0,797.4,2025-08-18 21:00:30+00:00,0.0,0.0,0.0,0.0
Finlay Beverages,57.0,6.0,797.4,2025-08-18 21:15:30+00:00,0.0,0.0,0.0,0.0
Finlay Beverages,57.0,6.0,797.4,2025-08-18 21:30:30+00:00,0.0,0.0,0.0,0.0
Finlay Beverages,57.0,6.0,797.4,2025-08-18 21:45:30+00:00,0.0,0.0,0.0,0.0
Finlay Beverages,57.0,6.0,797.4,2025-08-18 22:00:30+00:00,0.0,0.0,0.0,0.0
Finlay Beverages,57.0,6.0,797.4,2025-08-18 22:15:30+00:00,0.0,0.0,0.0,0.0
Finlay Beverages,57.0,6.0,797.4,2025-08-18 22:30:30+00:00,0.0,0.0,0.0,0.0
Finlay Beverages,57.0,6.0,797.4,2025-08-18 22:45:30+00:00,0.0,0.0,0.0,0.0
Finlay Beverages,57.0,6.0,797.4,2025-08-18 23:00:30+00:00,0.0,0.0,0.0,0.0
Finlay Beverages,57.0,6.0,797.4,2025-08-18 23:15:30+00:00,0.0,0.0,0.0,0.0
Finlay Beverages,57.0,6.0,797.4,2025-08-18 23:30:30+00:00,0.0,0.0,0.0,0.0
Finlay Beverages,57.0,6.0,797.4,2025-08-18 23:45:30+00:00,0.0,0.0,0.0,0.0
Finlay Beverages,57.0,6.0,797.4,2025-08-19 00:00:30+00:00,0.0,0.0,0.0,0.0
Finlay Beverages,57.0,6.0,797.4,2025-08-19 00:15:30+00:00,0.0,0.0,0.0,0.0
Finlay Beverages,57.0,6.0,797.4,2025-08-19 00:30:30+00:00,0.0,0.0,0.0,0.0
Finlay Beverages,57.0,6.0,797.4,2025-08-19 00:45:30+00:00,0.0,0.0,0.0,0.0
Finlay Beverages,57.0,6.0,797.4,2025-08-19 01:00:30+00:00,0.0,0.0,0.0,0.0
Finlay Beverages,57.0,6.0,797.4,2025-08-19 01:15:30+00:00,0.0,0.0,0.0,0.0
Finlay Beverages,57.0,6.0,797.4,2025-08-19 01:30:30+00:00,0.0,0.0,0.0,0.0
Finlay Beverages,57.0,6.0,797.4,2025-08-19 01:45:30+00:00,0.0,0.0,0.0,0.0
Finlay Beverages,57.0,6.0,797.4,2025-08-19 02:00:30+00:00,0.0,0.0,0.0,0.0
Finlay Beverages,57.0,6.0,797.4,2025-08-19 02:15:30+00:00,0.0,0.0,0.0,0.0
Finlay Beverages,57.0,6.0,797.4,2025-08-19 02:30:30+00:00,0.0,0.0,0.0,0.0
Finlay Beverages,57.0,6.0,797.4,2025-08-19 02:45:30+00:00,0.0,0.0,0.0,0.0
Finlay Beverages,57.0,6.0,797.4,2025-08-19 03:00:30+00:00,0.0,0.0,0.0,0.0
Finlay Beverages,57.0,6.0,797.4,2025-08-19 03:15:30+00:00,0.0,0.0,0.0,0.0
Finlay Beverages,57.0,6.0,797.4,2025-08-19 03:30:30+00:00,0.0,0.0,0.0,0.0
Finlay Beverages,57.0,6.0,797.4,2025-08-19 03:45:30+00:00,0.0,0.0,0.0,0.0
Finlay Beverages,57.0,6.0,797.4,2025-08-19 04:00:30+00:00,0.0,0.0,0.0,0.0
Finlay Beverages,57.0,6.0,797.4,2025-08-19 04:15:30+00:00,0.0,0.0,0.0,0.0
Finlay Beverages,57.0,6.0,797.4,2025-08-19 04:30:30+00:00,0.0,0.0,0.0,0.0
Finlay Beverages,57.0,6.0,797.4,2025-08-19 04:45:30+00:00,0.0,0.0,0.00025,0.0
Finlay Beverages,57.0,6.0,797.4,2025-08-19 05:00:30+00:00,0.00025,0.00025,0.00075,0.00025
Finlay Beverages,57.0,6.0,797.4,2025-08-19 05:15:30+00:00,0.00075,0.0005,0.0025,0.00075
Finlay Beverages,57.0,6.0,797.4,2025-08-19 05:30:30+00:00,0.00125,0.00125,0.005,0.00125
Finlay Beverages,57.0,6.0,797.4,2025-08-19 05:45:30+00:00,0.00175,0.00175,0.00725,0.00175
Finlay Beverages,57.0,6.0,797.4,2025-08-19 06:00:30+00:00,0.003,0.0025,0.01125,0.00325
Finlay Beverages,57.0,6.0,797.4,2025-08-19 06:15:30+00:00,0.00375,0.00325,0.01475,0.00375
Finlay Beverages,57.0,6.0,797.4,2025-08-19 06:30:30+00:00,0.007,0.00375,0.028,0.007
Finlay Beverages,57.0,6.0,797.4,2025-08-19 06:45:30+00:00,0.0165,0.0045,0.04175,0.01675
Finlay Beverages,57.0,6.0,797.4,2025-08-19 07:00:30+00:00,0.02825,0.0055,0.05375,0.02775
Finlay Beverages,57.0,6.0,797.4,2025-08-19 07:15:30+00:00,0.04075,0.0165,0.05825,0.03925
Finlay Beverages,57.0,6.0,797.4,2025-08-19 07:30:30+00:00,0.04125,0.0265,0.05725,0.0405
Finlay Beverages,57.0,6.0,797.4,2025-08-19 07:45:30+00:00,0.04425,0.0305,0.05725,0.0435
Finlay Beverages,57.0,6.0,797.4,2025-08-19 08:00:30+00:00,0.046,0.03075,0.06175,0.04575
Finlay Beverages,57.0,6.0,797.4,2025-08-19 08:15:30+00:00,0.0485,0.02825,0.06575,0.048
Finlay Beverages,57.0,6.0,797.4,2025-08-19 08:30:30+00:00,0.046,0.02275,0.069,0.04575
Finlay Beverages,57.0,6.0,797.4,2025-08-19 08:45:30+00:00,0.04325,0.017,0.06925,0.04325
Finlay Beverages,57.0,6.0,797.4,2025-08-19 09:00:30+00:00,0.04025,0.012,0.0685,0.04025
Finlay Beverages,57.0,6.0,797.4,2025-08-19 09:15:30+00:00,0.03675,0.0115,0.0645,0.037
Finlay Beverages,57.0,6.0,797.4,2025-08-19 09:30:30+00:00,0.03225,0.012,0.059,0.0325
Finlay Beverages,57.0,6.0,797.4,2025-08-19 09:45:30+00:00,0.028,0.0125,0.0535,0.02825
Finlay Beverages,57.0,6.0,797.4,2025-08-19 10:00:30+00:00,0.0275,0.013,0.04875,0.0275
Finlay Beverages,57.0,6.0,797.4,2025-08-19 10:15:30+00:00,0.02625,0.0135,0.0455,0.0265
Finlay Beverages,57.0,6.0,797.4,2025-08-19 10:30:30+00:00,0.02425,0.01375,0.044,0.0245
Finlay Beverages,57.0,6.0,797.4,2025-08-19 10:45:30+00:00,0.02775,0.014,0.04375,0.028
Finlay Beverages,57.0,6.0,797.4,2025-08-19 11:00:30+00:00,0.02625,0.01425,0.0445,0.0265
Finlay Beverages,57.0,6.0,797.4,2025-08-19 11:15:30+00:00,0.02625,0.0145,0.046,0.0265
Finlay Beverages,57.0,6.0,797.4,2025-08-19 11:30:30+00:00,0.026,0.01475,0.04975,0.02625
Finlay Beverages,57.0,6.0,797.4,2025-08-19 11:45:30+00:00,0.02975,0.01475,0.057,0.03
Finlay Beverages,57.0,6.0,797.4,2025-08-19 12:00:30+00:00,0.038,0.01475,0.063,0.0385
Finlay Beverages,57.0,6.0,797.4,2025-08-19 12:15:30+00:00,0.0405,0.01475,0.069,0.041
Finlay Beverages,57.0,6.0,797.4,2025-08-19 12:30:30+00:00,0.043,0.01475,0.07275,0.0435
Finlay Beverages,57.0,6.0,797.4,2025-08-19 12:45:30+00:00,0.0455,0.01875,0.0785,0.04625
Finlay Beverages,57.0,6.0,797.4,2025-08-19 13:00:30+00:00,0.0565,0.026,0.0825,0.0575
Finlay Beverages,57.0,6.0,797.4,2025-08-19 13:15:30+00:00,0.06025,0.0295,0.08575,0.0615
Finlay Beverages,57.0,6.0,797.4,2025-08-19 13:30:30+00:00,0.05575,0.0245,0.0835,0.05675
Finlay Beverages,57.0,6.0,797.4,2025-08-19 13:45:30+00:00,0.04575,0.014,0.07625,0.0465
Finlay Beverages,57.0,6.0,797.4,2025-08-19 14:00:30+00:00,0.03375,0.013,0.065,0.03425
Finlay Beverages,57.0,6.0,797.4,2025-08-19 14:15:30+00:00,0.03075,0.0125,0.0605,0.031
Finlay Beverages,57.0,6.0,797.4,2025-08-19 14:30:30+00:00,0.0385,0.012,0.06125,0.03925
Finlay Beverages,57.0,6.0,797.4,2025-08-19 14:45:30+00:00,0.03975,0.0165,0.065,0.0405
Finlay Beverages,57.0,6.0,797.4,2025-08-19 15:00:30+00:00,0.04325,0.02,0.064,0.04425
Finlay Beverages,57.0,6.0,797.4,2025-08-19 15:15:30+00:00,0.04275,0.02525,0.06075,0.04375
Finlay Beverages,57.0,6.0,797.4,2025-08-19 15:30:30+00:00,0.04275,0.02725,0.05825,0.044
Finlay Beverages,57.0,6.0,797.4,2025-08-19 15:45:30+00:00,0.04225,0.027,0.0545,0.04325
Finlay Beverages,57.0,6.0,797.4,2025-08-19 16:00:30+00:00,0.037,0.02225,0.05,0.03775
Finlay Beverages,57.0,6.0,797.4,2025-08-19 16:15:30+00:00,0.029,0.017,0.04375,0.0295
Finlay Beverages,57.0,6.0,797.4,2025-08-19 16:30:30+00:00,0.025,0.01375,0.03675,0.0255
Finlay Beverages,57.0,6.0,797.4,2025-08-19 16:45:30+00:00,0.0215,0.01175,0.032,0.022
Finlay Beverages,57.0,6.0,797.4,2025-08-19 17:00:30+00:00,0.01875,0.00925,0.029,0.019
Finlay Beverages,57.0,6.0,797.4,2025-08-19 17:15:30+00:00,0.017,0.00625,0.0285,0.017
Finlay Beverages,57.0,6.0,797.4,2025-08-19 17:30:30+00:00,0.0165,0.0045,0.028,0.01675
Finlay Beverages,57.0,6.0,797.4,2025-08-19 17:45:30+00:00,0.01525,0.00325,0.027,0.01575
Finlay Beverages,57.0,6.0,797.4,2025-08-19 18:00:30+00:00,0.0135,0.00275,0.02425,0.01375
Finlay Beverages,57.0,6.0,797.4,2025-08-19 18:15:30+00:00,0.01125,0.0025,0.01975,0.01175
Finlay Beverages,57.0,6.0,797.4,2025-08-19 18:30:30+00:00,0.00875,0.0025,0.01375,0.0095
Finlay Beverages,57.0,6.0,797.4,2025-08-19 18:45:30+00:00,0.0055,0.00225,0.00875,0.00575
Finlay Beverages,57.0,6.0,797.4,2025-08-19 19:00:30+00:00,0.00175,0.00125,0.003,0.00175
Finlay Beverages,57.0,6.0,797.4,2025-08-19 19:15:30+00:00,0.00025,0.00025,0.0005,0.00025
Finlay Beverages,57.0,6.0,797.4,2025-08-19 19:30:30+00:00,0.0,0.0,0.0,0.0
Finlay Beverages,57.0,6.0,797.4,2025-08-19 19:45:30+00:00,0.0,0.0,0.0,0.0
Finlay Beverages,57.0,6.0,797.4,2025-08-19 20:00:30+00:00,0.0,0.0,0.0,0.0
Finlay Beverages,57.0,6.0,797.4,2025-08-19 20:15:30+00:00,0.0,0.0,0.0,0.0
Finlay Beverages,57.0,6.0,797.4,2025-08-19 20:30:30+00:00,0.0,0.0,0.0,0.0
Finlay Beverages,57.0,6.0,797.4,2025-08-19 20:45:30+00:00,0.0,0.0,0.0,0.0
Finlay Beverages,57.0,6.0,797.4,2025-08-19 21:00:30+00:00,0.0,0.0,0.0,0.0
Finlay Beverages,57.0,6.0,797.4,2025-08-19 21:15:30+00:00,0.0,0.0,0.0,0.0
Finlay Beverages,57.0,6.0,797.4,2025-08-19 21:30:30+00:00,0.0,0.0,0.0,0.0
Finlay Beverages,57.0,6.0,797.4,2025-08-19 21:45:30+00:00,0.0,0.0,0.0,0.0
Finlay Beverages,57.0,6.0,797.4,2025-08-19 22:00:30+00:00,0.0,0.0,0.0,0.0
Finlay Beverages,57.0,6.0,797.4,2025-08-19 22:15:30+00:00,0.0,0.0,0.0,0.0
Finlay Beverages,57.0,6.0,797.4,2025-08-19 22:30:30+00:00,0.0,0.0,0.0,0.0
Finlay Beverages,57.0,6.0,797.4,2025-08-19 22:45:30+00:00,0.0,0.0,0.0,0.0
Finlay Beverages,57.0,6.0,797.4,2025-08-19 23:00:30+00:00,0.0,0.0,0.0,0.0
Finlay Beverages,57.0,6.0,797.4,2025-08-19 23:15:30+00:00,0.0,0.0,0.0,0.0
Finlay Beverages,57.0,6.0,797.4,2025-08-19 23:30:30+00:00,0.0,0.0,0.0,0.0
Finlay Beverages,57.0,6.0,797.4,2025-08-19 23:45:30+00:00,0.0,0.0,0.0,0.0
Finlay Beverages,57.0,6.0,797.4,2025-08-20 00:00:30+00:00,0.0,0.0,0.0,0.0
Finlay Beverages,57.0,6.0,797.4,2025-08-20 00:15:30+00:00,0.0,0.0,0.0,0.0
Finlay Beverages,57.0,6.0,797.4,2025-08-20 00:30:30+00:00,0.0,0.0,0.0,0.0
Finlay Beverages,57.0,6.0,797.4,2025-08-20 00:45:30+00:00,0.0,0.0,0.0,0.0
Finlay Beverages,57.0,6.0,797.4,2025-08-20 01:00:30+00:00,0.0,0.0,0.0,0.0
Finlay Beverages,57.0,6.0,797.4,2025-08-20 01:15:30+00:00,0.0,0.0,0.0,0.0
Finlay Beverages,57.0,6.0,797.4,2025-08-20 01:30:30+00:00,0.0,0.0,0.0,0.0
Finlay Beverages,57.0,6.0,797.4,2025-08-20 01:45:30+00:00,0.0,0.0,0.0,0.0
Finlay Beverages,57.0,6.0,797.4,2025-08-20 02:00:30+00:00,0.0,0.0,0.0,0.0
Finlay Beverages,57.0,6.0,797.4,2025-08-20 02:15:30+00:00,0.0,0.0,0.0,0.0
Finlay Beverages,57.0,6.0,797.4,2025-08-20 02:30:30+00:00,0.0,0.0,0.0,0.0
Finlay Beverages,57.0,6.0,797.4,2025-08-20 02:45:30+00:00,0.0,0.0,0.0,0.0
Finlay Beverages,57.0,6.0,797.4,2025-08-20 03:00:30+00:00,0.0,0.0,0.0,0.0
Finlay Beverages,57.0,6.0,797.4,2025-08-20 03:15:30+00:00,0.0,0.0,0.0,0.0
Finlay Beverages,57.0,6.0,797.4,2025-08-20 03:30:30+00:00,0.0,0.0,0.0,0.0
Finlay Beverages,57.0,6.0,797.4,2025-08-20 03:45:30+00:00,0.0,0.0,0.0,0.0
Finlay Beverages,57.0,6.0,797.4,2025-08-20 04:00:30+00:00,0.0,0.0,0.0,0.0
Finlay Beverages,57.0,6.0,797.4,2025-08-20 04:15:30+00:00,0.0,0.0,0.0,0.0
Finlay Beverages,57.0,6.0,797.4,2025-08-20 04:30:30+00:00,0.0,0.0,0.0,0.0
Finlay Beverages,57.0,6.0,797.4,2025-08-20 04:45:30+00:00,0.0,0.0,0.0,0.0
Finlay Beverages,57.0,6.0,797.4,2025-08-20 05:00:30+00:00,0.0005,0.00025,0.00175,0.0005
Finlay Beverages,57.0,6.0,797.4,2025-08-20 05:15:30+00:00,0.0015,0.0005,0.004,0.0015
Finlay Beverages,57.0,6.0,797.4,2025-08-20 05:30:30+00:00,0.00275,0.00125,0.0075,0.00275
Finlay Beverages,57.0,6.0,797.4,2025-08-20 05:45:30+00:00,0.005,0.00175,0.01175,0.005
Finlay Beverages,57.0,6.0,797.4,2025-08-20 06:00:30+00:00,0.00775,0.0025,0.01675,0.00775
Finlay Beverages,57.0,6.0,797.4,2025-08-20 06:15:30+00:00,0.01225,0.00325,0.022,0.01225
Finlay Beverages,57.0,6.0,797.4,2025-08-20 06:30:30+00:00,0.017,0.00575,0.026,0.017
Finlay Beverages,57.0,6.0,797.4,2025-08-20 06:45:30+00:00,0.018,0.0075,0.02875,0.018
Finlay Beverages,57.0,6.0,797.4,2025-08-20 07:00:30+00:00,0.01925,0.008,0.0305,0.01925
Finlay Beverages,57.0,6.0,797.4,2025-08-20 07:15:30+00:00,0.0205,0.00825,0.035,0.0205
Finlay Beverages,57.0,6.0,797.4,2025-08-20 07:30:30+00:00,0.025,0.00975,0.044,0.02525
Finlay Beverages,57.0,6.0,797.4,2025-08-20 07:45:30+00:00,0.03475,0.01425,0.055,0.0345
Finlay Beverages,57.0,6.0,797.4,2025-08-20 08:00:30+00:00,0.044,0.02375,0.06375,0.04375
Finlay Beverages,57.0,6.0,797.4,2025-08-20 08:15:30+00:00,0.0525,0.03425,0.06725,0.052
Finlay Beverages,57.0,6.0,797.4,2025-08-20 08:30:30+00:00,0.0555,0.041,0.07,0.05525
Finlay Beverages,57.0,6.0,797.4,2025-08-20 08:45:30+00:00,0.0585,0.04125,0.075,0.05825
Finlay Beverages,57.0,6.0,797.4,2025-08-20 09:00:30+00:00,0.06025,0.03725,0.07925,0.06025
Finlay Beverages,57.0,6.0,797.4,2025-08-20 09:15:30+00:00,0.0555,0.0315,0.079,0.0555
Finlay Beverages,57.0,6.0,797.4,2025-08-20 09:30:30+00:00,0.0495,0.02925,0.076,0.04975
Finlay Beverages,57.0,6.0,797.4,2025-08-20 09:45:30+00:00,0.05225,0.0305,0.073,0.0525
Finlay Beverages,57.0,6.0,797.4,2025-08-20 10:00:30+00:00,0.053,0.0325,0.07075,0.05325
Finlay Beverages,57.0,6.0,797.4,2025-08-20 10:15:30+00:00,0.0495,0.033,0.0685,0.04975
Finlay Beverages,57.0,6.0,797.4,2025-08-20 10:30:30+00:00,0.0495,0.033,0.068,0.04975
Finlay Beverages,57.0,6.0,797.4,2025-08-20 10:45:30+00:00,0.0525,0.0325,0.0705,0.053
Finlay Beverages,57.0,6.0,797.4,2025-08-20 11:00:30+00:00,0.052,0.033,0.074,0.0525
Finlay Beverages,57.0,6.0,797.4,2025-08-20 11:15:30+00:00,0.05575,0.03525,0.0805,0.05625
Finlay Beverages,57.0,6.0,797.4,2025-08-20 11:30:30+00:00,0.0655,0.04025,0.08425,0.06625
Finlay Beverages,57.0,6.0,797.4,2025-08-20 11:45:30+00:00,0.065,0.04025,0.084,0.066
Finlay Beverages,57.0,6.0,797.4,2025-08-20 12:00:30+00:00,0.05525,0.03675,0.08,0.056
Finlay Beverages,57.0,6.0,797.4,2025-08-20 12:15:30+00:00,0.0545,0.028,0.082,0.05525
Finlay Beverages,57.0,6.0,797.4,2025-08-20 12:30:30+00:00,0.05475,0.02475,0.091,0.0555
Finlay Beverages,57.0,6.0,797.4,2025-08-20 12:45:30+00:00,0.06375,0.02775,0.1055,0.06475
Finlay Beverages,57.0,6.0,797.4,2025-08-20 13:00:30+00:00,0.08025,0.03975,0.11175,0.0825
Finlay Beverages,57.0,6.0,797.4,2025-08-20 13:15:30+00:00,0.083,0.048,0.11125,0.0855
Finlay Beverages,57.0,6.0,797.4,2025-08-20 13:30:30+00:00,0.07575,0.04775,0.10925,0.07825
Finlay Beverages,57.0,6.0,797.4,2025-08-20 13:45:30+00:00,0.076,0.038,0.102,0.0785
Finlay Beverages,57.0,6.0,797.4,2025-08-20 14:00:30+00:00,0.05825,0.02675,0.09475,0.05975
Finlay Beverages,57.0,6.0,797.4,2025-08-20 14:15:30+00:00,0.04675,0.02425,0.08025,0.0475
Finlay Beverages,57.0,6.0,797.4,2025-08-20 14:30:30+00:00,0.05075,0.0275,0.07275,0.052
Finlay Beverages,57.0,6.0,797.4,2025-08-20 14:45:30+00:00,0.05225,0.0345,0.06625,0.05375
Finlay Beverages,57.0,6.0,797.4,2025-08-20 15:00:30+00:00,0.048,0.03475,0.06225,0.049
Finlay Beverages,57.0,6.0,797.4,2025-08-20 15:15:30+00:00,0.045,0.034,0.05675,0.04625
Finlay Beverages,57.0,6.0,797.4,2025-08-20 15:30:30+00:00,0.043,0.03175,0.05275,0.044
Finlay Beverages,57.0,6.0,797.4,2025-08-20 15:45:30+00:00,0.0385,0.029,0.049,0.0395
Finlay Beverages,57.0,6.0,797.4,2025-08-20 16:00:30+00:00,0.03525,0.02625,0.04575,0.036
Finlay Beverages,57.0,6.0,797.4,2025-08-20 16:15:30+00:00,0.03375,0.0245,0.04325,0.0345
Finlay Beverages,57.0,6.0,797.4,2025-08-20 16:30:30+00:00,0.03225,0.02275,0.04,0.033
Finlay Beverages,57.0,6.0,797.4,2025-08-20 16:45:30+00:00,0.02825,0.02025,0.03675,0.029
Finlay Beverages,57.0,6.0,797.4,2025-08-20 17:00:30+00:00,0.025,0.01675,0.033,0.02575
Finlay Beverages,57.0,6.0,797.4,2025-08-20 17:15:30+00:00,0.0215,0.0135,0.02975,0.022
Finlay Beverages,57.0,6.0,797.4,2025-08-20 17:30:30+00:00,0.018,0.01,0.0265,0.0185
Finlay Beverages,57.0,6.0,797.4,2025-08-20 17:45:30+00:00,0.015,0.00725,0.02275,0.01525
Finlay Beverages,57.0,6.0,797.4,2025-08-20 18:00:30+00:00,0.01175,0.00475,0.019,0.012
Finlay Beverages,57.0,6.0,797.4,2025-08-20 18:15:30+00:00,0.009,0.003,0.01475,0.009
Finlay Beverages,57.0,6.0,797.4,2025-08-20 18:30:30+00:00,0.006,0.00175,0.0105,0.006
Finlay Beverages,57.0,6.0,797.4,2025-08-20 18:45:30+00:00,0.00325,0.00075,0.006,0.00325
Finlay Beverages,57.0,6.0,797.4,2025-08-20 19:00:30+00:00,0.001,0.00025,0.0025,0.001
Finlay Beverages,57.0,6.0,797.4,2025-08-20 19:15:30+00:00,0.0,0.0,0.0,0.0
Finlay Beverages,57.0,6.0,797.4,2025-08-20 19:30:30+00:00,0.0,0.0,0.0,0.0
Finlay Beverages,57.0,6.0,797.4,2025-08-20 19:45:30+00:00,0.0,0.0,0.0,0.0
Finlay Beverages,57.0,6.0,797.4,2025-08-20 20:00:30+00:00,0.0,0.0,0.0,0.0
Finlay Beverages,57.0,6.0,797.4,2025-08-20 20:15:30+00:00,0.0,0.0,0.0,0.0
Finlay Beverages,57.0,6.0,797.4,2025-08-20 20:30:30+00:00,0.0,0.0,0.0,0.0
Finlay Beverages,57.0,6.0,797.4,2025-08-20 20:45:30+00:00,0.0,0.0,0.0,0.0
Finlay Beverages,57.0,6.0,797.4,2025-08-20 21:00:30+00:00,0.0,0.0,0.0,0.0
Finlay Beverages,57.0,6.0,797.4,2025-08-20 21:15:30+00:00,0.0,0.0,0.0,0.0
Finlay Beverages,57.0,6.0,797.4,2025-08-20 21:30:30+00:00,0.0,0.0,0.0,0.0
Finlay Beverages,57.0,6.0,797.4,2025-08-20 21:45:30+00:00,0.0,0.0,0.0,0.0
Finlay Beverages,57.0,6.0,797.4,2025-08-20 22:00:30+00:00,0.0,0.0,0.0,0.0
Finlay Beverages,57.0,6.0,797.4,2025-08-20 22:15:30+00:00,0.0,0.0,0.0,0.0
Finlay Beverages,57.0,6.0,797.4,2025-08-20 22:30:30+00:00,0.0,0.0,0.0,0.0
Finlay Beverages,57.0,6.0,797.4,2025-08-20 22:45:30+00:00,0.0,0.0,0.0,0.0
Finlay Beverages,57.0,6.0,797.4,2025-08-20 23:00:30+00:00,0.0,0.0,0.0,0.0
Finlay Beverages,57.0,6.0,797.4,2025-08-20 23:15:30+00:00,0.0,0.0,0.0,0.0
Finlay Beverages,57.0,6.0,797.4,2025-08-20 23:30:30+00:00,0.0,0.0,0.0,0.0
Finlay Beverages,57.0,6.0,797.4,2025-08-20 23:45:30+00:00,0.0,0.0,0.0,0.0
Finlay Beverages,57.0,6.0,797.4,2025-08-21 00:00:30+00:00,0.0,0.0,0.0,0.0
Finlay Beverages,57.0,6.0,797.4,2025-08-21 00:15:30+00:00,0.0,0.0,0.0,0.0
Finlay Beverages,57.0,6.0,797.4,2025-08-21 00:30:30+00:00,0.0,0.0,0.0,0.0
Finlay Beverages,57.0,6.0,797.4,2025-08-21 00:45:30+00:00,0.0,0.0,0.0,0.0
Finlay Beverages,57.0,6.0,797.4,2025-08-21 01:00:30+00:00,0.0,0.0,0.0,0.0
Finlay Beverages,57.0,6.0,797.4,2025-08-21 01:15:30+00:00,0.0,0.0,0.0,0.0
Finlay Beverages,57.0,6.0,797.4,2025-08-21 01:30:30+00:00,0.0,0.0,0.0,0.0
Finlay Beverages,57.0,6.0,797.4,2025-08-21 01:45:30+00:00,0.0,0.0,0.0,0.0
Finlay Beverages,57.0,6.0,797.4,2025-08-21 02:00:30+00:00,0.0,0.0,0.0,0.0
Finlay Beverages,57.0,6.0,797.4,2025-08-21 02:15:30+00:00,0.0,0.0,0.0,0.0
Finlay Beverages,57.0,6.0,797.4,2025-08-21 02:30:30+00:00,0.0,0.0,0.0,0.0
Finlay Beverages,57.0,6.0,797.4,2025-08-21 02:45:30+00:00,0.0,0.0,0.0,0.0
Finlay Beverages,57.0,6.0,797.4,2025-08-21 03:00:30+00:00,0.0,0.0,0.0,0.0
Finlay Beverages,57.0,6.0,797.4,2025-08-21 03:15:30+00:00,0.0,0.0,0.0,0.0
Finlay Beverages,57.0,6.0,797.4,2025-08-21 03:30:30+00:00,0.0,0.0,0.0,0.0
Finlay Beverages,57.0,6.0,797.4,2025-08-21 03:45:30+00:00,0.0,0.0,0.0,0.0
Finlay Beverages,57.0,6.0,797.4,2025-08-21 04:00:30+00:00,0.0,0.0,0.0,0.0
Finlay Beverages,57.0,6.0,797.4,2025-08-21 04:15:30+00:00,0.0,0.0,0.0,0.0
Finlay Beverages,57.0,6.0,797.4,2025-08-21 04:30:30+00:00,0.0,0.0,0.0,0.0
Finlay Beverages,57.0,6.0,797.4,2025-08-21 04:45:30+00:00,0.0,0.0,0.0,0.0
Finlay Beverages,57.0,6.0,797.4,2025-08-21 05:00:30+00:00,0.00075,0.00025,0.00175,0.00075
Finlay Beverages,57.0,6.0,797.4,2025-08-21 05:15:30+00:00,0.00275,0.001,0.00525,0.00275
Finlay Beverages,57.0,6.0,797.4,2025-08-21 05:30:30+00:00,0.006,0.0025,0.01,0.006
Finlay Beverages,57.0,6.0,797.4,2025-08-21 05:45:30+00:00,0.00975,0.0045,0.01525,0.00975
Finlay Beverages,57.0,6.0,797.4,2025-08-21 06:00:30+00:00,0.014,0.00725,0.0205,0.01375
Finlay Beverages,57.0,6.0,797.4,2025-08-21 06:15:30+00:00,0.018,0.0105,0.0255,0.01775
Finlay Beverages,57.0,6.0,797.4,2025-08-21 06:30:30+00:00,0.022,0.01375,0.03075,0.02175
Finlay Beverages,57.0,6.0,797.4,2025-08-21 06:45:30+00:00,0.0265,0.01725,0.0355,0.02625
Finlay Beverages,57.0,6.0,797.4,2025-08-21 07:00:30+00:00,0.03025,0.02,0.03925,0.02975
Finlay Beverages,57.0,6.0,797.4,2025-08-21 07:15:30+00:00,0.0315,0.0225,0.04175,0.03125
Finlay Beverages,57.0,6.0,797.4,2025-08-21 07:30:30+00:00,0.03425,0.02575,0.04425,0.034
Finlay Beverages,57.0,6.0,797.4,2025-08-21 07:45:30+00:00,0.039,0.0285,0.0495,0.03875
Finlay Beverages,57.0,6.0,797.4,2025-08-21 08:00:30+00:00,0.04325,0.02875,0.059,0.043
Finlay Beverages,57.0,6.0,797.4,2025-08-21 08:15:30+00:00,0.04875,0.0285,0.0725,0.0485
Finlay Beverages,57.0,6.0,797.4,2025-08-21 08:30:30+00:00,0.05925,0.0315,0.091,0.05875
Finlay Beverages,57.0,6.0,797.4,2025-08-21 08:45:30+00:00,0.076,0.041,0.10725,0.0745
Finlay Beverages,57.0,6.0,797.4,2025-08-21 09:00:30+00:00,0.086,0.0545,0.121,0.0845
Finlay Beverages,57.0,6.0,797.4,2025-08-21 09:15:30+00:00,0.10075,0.05775,0.1205,0.09875
Finlay Beverages,57.0,6.0,797.4,2025-08-21 09:30:30+00:00,0.0785,0.06175,0.12375,0.078
Finlay Beverages,57.0,6.0,797.4,2025-08-21 09:45:30+00:00,0.09975,0.055,0.138,0.09875
Finlay Beverages,57.0,6.0,797.4,2025-08-21 10:00:30+00:00,0.11,0.043,0.15975,0.10925
Finlay Beverages,57.0,6.0,797.4,2025-08-21 10:15:30+00:00,0.09325,0.0185,0.16225,0.09325
Finlay Beverages,57.0,6.0,797.4,2025-08-21 10:30:30+00:00,0.057,0.01375,0.14025,0.05725
Finlay Beverages,57.0,6.0,797.4,2025-08-21 10:45:30+00:00,0.03175,0.01425,0.10575,0.032
Finlay Beverages,57.0,6.0,797.4,2025-08-21 11:00:30+00:00,0.03175,0.0145,0.09475,0.032
Finlay Beverages,57.0,6.0,797.4,2025-08-21 11:15:30+00:00,0.04775,0.0145,0.10175,0.04825
Finlay Beverages,57.0,6.0,797.4,2025-08-21 11:30:30+00:00,0.06425,0.01475,0.12175,0.065
Finlay Beverages,57.0,6.0,797.4,2025-08-21 11:45:30+00:00,0.08625,0.034,0.12375,0.08775
Finlay Beverages,57.0,6.0,797.4,2025-08-21 12:00:30+00:00,0.08575,0.05325,0.11525,0.0875
Finlay Beverages,57.0,6.0,797.4,2025-08-21 12:15:30+00:00,0.08025,0.0585,0.10325,0.08175
Finlay Beverages,57.0,6.0,797.4,2025-08-21 12:30:30+00:00,0.07625,0.06025,0.09625,0.0775
Finlay Beverages,57.0,6.0,797.4,2025-08-21 12:45:30+00:00,0.078,0.05975,0.0975,0.07975
Finlay Beverages,57.0,6.0,797.4,2025-08-21 13:00:30+00:00,0.081,0.0585,0.0975,0.08325
Finlay Beverages,57.0,6.0,797.4,2025-08-21 13:15:30+00:00,0.075,0.0525,0.09575,0.07675
Finlay Beverages,57.0,6.0,797.4,2025-08-21 13:30:30+00:00,0.06575,0.048,0.08975,0.06725
Finlay Beverages,57.0,6.0,797.4,2025-08-21 13:45:30+00:00,0.065,0.04275,0.08425,0.0665
Finlay Beverages,57.0,6.0,797.4,2025-08-21 14:00:30+00:00,0.05975,0.0355,0.0875,0.061
Finlay Beverages,57.0,6.0,797.4,2025-08-21 14:15:30+00:00,0.059,0.02975,0.09425,0.0605
Finlay Beverages,57.0,6.0,797.4,2025-08-21 14:30:30+00:00,0.066,0.03275,0.105,0.0685
Finlay Beverages,57.0,6.0,797.4,2025-08-21 14:45:30+00:00,0.08025,0.0435,0.10425,0.085
Finlay Beverages,57.0,6.0,797.4,2025-08-21 15:00:30+00:00,0.07625,0.05425,0.097,0.08075
Finlay Beverages,57.0,6.0,797.4,2025-08-21 15:15:30+00:00,0.07,0.058,0.0845,0.074
Finlay Beverages,57.0,6.0,797.4,2025-08-21 15:30:30+00:00,0.067,0.05725,0.076,0.07125
Finlay Beverages,57.0,6.0,797.4,2025-08-21 15:45:30+00:00,0.06325,0.05125,0.0735,0.0675
Finlay Beverages,57.0,6.0,797.4,2025-08-21 16:00:30+00:00,0.05675,0.04325,0.069,0.06075
Finlay Beverages,57.0,6.0,797.4,2025-08-21 16:15:30+00:00,0.04825,0.035,0.0615,0.05125
Finlay Beverages,57.0,6.0,797.4,2025-08-21 16:30:30+00:00,0.04,0.03,0.053,0.04175
Finlay Beverages,57.0,6.0,797.4,2025-08-21 16:45:30+00:00,0.0355,0.02575,0.046,0.037
Finlay Beverages,57.0,6.0,797.4,2025-08-21 17:00:30+00:00,0.03175,0.02225,0.0415,0.0335
Finlay Beverages,57.0,6.0,797.4,2025-08-21 17:15:30+00:00,0.02875,0.017,0.04,0.0305
Finlay Beverages,57.0,6.0,797.4,2025-08-21 17:30:30+00:00,0.025,0.01175,0.0385,0.02675
Finlay Beverages,57.0,6.0,797.4,2025-08-21 17:45:30+00:00,0.02125,0.0085,0.03575,0.0235
Finlay Beverages,57.0,6.0,797.4,2025-08-21 18:00:30+00:00,0.01825,0.00725,0.027,0.0225
Finlay Beverages,57.0,6.0,797.4,2025-08-21 18:15:30+00:00,0.01425,0.00675,0.01775,0.01925
Finlay Beverages,57.0,6.0,797.4,2025-08-21 18:30:30+00:00,0.009,0.00525,0.01075,0.0125
Finlay Beverages,57.0,6.0,797.4,2025-08-21 18:45:30+00:00,0.00525,0.0035,0.0065,0.006
Finlay Beverages,57.0,6.0,797.4,2025-08-21 19:00:30+00:00,0.0015,0.001,0.00175,0.0015
Finlay Beverages,57.0,6.0,797.4,2025-08-21 19:15:30+00:00,0.0,0.0,0.0,0.0
Finlay Beverages,57.0,6.0,797.4,2025-08-21 19:30:30+00:00,0.0,0.0,0.0,0.0
Finlay Beverages,57.0,6.0,797.4,2025-08-21 19:45:30+00:00,0.0,0.0,0.0,0.0
Finlay Beverages,57.0,6.0,797.4,2025-08-21 20:00:30+00:00,0.0,0.0,0.0,0.0
Finlay Beverages,57.0,6.0,797.4,2025-08-21 20:15:30+00:00,0.0,0.0,0.0,0.0
Finlay Beverages,57.0,6.0,797.4,2025-08-21 20:30:30+00:00,0.0,0.0,0.0,0.0
Finlay Beverages,57.0,6.0,797.4,2025-08-21 20:45:30+00:00,0.0,0.0,0.0,0.0
Finlay Beverages,57.0,6.0,797.4,2025-08-21 21:00:30+00:00,0.0,0.0,0.0,0.0
Finlay Beverages,57.0,6.0,797.4,2025-08-21 21:15:30+00:00,0.0,0.0,0.0,0.0
Finlay Beverages,57.0,6.0,797.4,2025-08-21 21:30:30+00:00,0.0,0.0,0.0,0.0
Finlay Beverages,57.0,6.0,797.4,2025-08-21 21:45:30+00:00,0.0,0.0,0.0,0.0
Finlay Beverages,57.0,6.0,797.4,2025-08-21 22:00:30+00:00,0.0,0.0,0.0,0.0
Finlay Beverages,57.0,6.0,797.4,2025-08-21 22:15:30+00:00,0.0,0.0,0.0,0.0
Finlay Beverages,57.0,6.0,797.4,2025-08-21 22:30:30+00:00,0.0,0.0,0.0,0.0
Finlay Beverages,57.0,6.0,797.4,2025-08-21 22:45:30+00:00,0.0,0.0,0.0,0.0
Finlay Beverages,57.0,6.0,797.4,2025-08-21 23:00:30+00:00,0.0,0.0,0.0,0.0
Finlay Beverages,57.0,6.0,797.4,2025-08-21 23:15:30+00:00,0.0,0.0,0.0,0.0
Finlay Beverages,57.0,6.0,797.4,2025-08-21 23:30:30+00:00,0.0,0.0,0.0,0.0
Finlay Beverages,57.0,6.0,797.4,2025-08-21 23:45:30+00:00,0.0,0.0,0.0,0.0
Finlay Beverages,57.0,6.0,797.4,2025-08-22 00:00:30+00:00,0.0,0.0,0.0,0.0
Finlay Beverages,57.0,6.0,797.4,2025-08-22 00:15:30+00:00,0.0,0.0,0.0,0.0
Finlay Beverages,57.0,6.0,797.4,2025-08-22 00:30:30+00:00,0.0,0.0,0.0,0.0
Finlay Beverages,57.0,6.0,797.4,2025-08-22 00:45:30+00:00,0.0,0.0,0.0,0.0
Finlay Beverages,57.0,6.0,797.4,2025-08-22 01:00:30+00:00,0.0,0.0,0.0,0.0
Finlay Beverages,57.0,6.0,797.4,2025-08-22 01:15:30+00:00,0.0,0.0,0.0,0.0
Finlay Beverages,57.0,6.0,797.4,2025-08-22 01:30:30+00:00,0.0,0.0,0.0,0.0
Finlay Beverages,57.0,6.0,797.4,2025-08-22 01:45:30+00:00,0.0,0.0,0.0,0.0
Finlay Beverages,57.0,6.0,797.4,2025-08-22 02:00:30+00:00,0.0,0.0,0.0,0.0
Finlay Beverages,57.0,6.0,797.4,2025-08-22 02:15:30+00:00,0.0,0.0,0.0,0.0
Finlay Beverages,57.0,6.0,797.4,2025-08-22 02:30:30+00:00,0.0,0.0,0.0,0.0
Finlay Beverages,57.0,6.0,797.4,2025-08-22 02:45:30+00:00,0.0,0.0,0.0,0.0
Finlay Beverages,57.0,6.0,797.4,2025-08-22 03:00:30+00:00,0.0,0.0,0.0,0.0
Finlay Beverages,57.0,6.0,797.4,2025-08-22 03:15:30+00:00,0.0,0.0,0.0,0.0
Finlay Beverages,57.0,6.0,797.4,2025-08-22 03:30:30+00:00,0.0,0.0,0.0,0.0
Finlay Beverages,57.0,6.0,797.4,2025-08-22 03:45:30+00:00,0.0,0.0,0.0,0.0
Finlay Beverages,57.0,6.0,797.4,2025-08-22 04:00:30+00:00,0.0,0.0,0.0,0.0
Finlay Beverages,57.0,6.0,797.4,2025-08-22 04:15:30+00:00,0.0,0.0,0.0,0.0
Finlay Beverages,57.0,6.0,797.4,2025-08-22 04:30:30+00:00,0.0,0.0,0.0,0.0
Finlay Beverages,57.0,6.0,797.4,2025-08-22 04:45:30+00:00,0.0,0.0,0.0,0.0
Finlay Beverages,57.0,6.0,797.4,2025-08-22 05:00:30+00:00,0.0,0.0,0.00025,0.0
Finlay Beverages,57.0,6.0,797.4,2025-08-22 05:15:30+00:00,0.00025,0.00025,0.0015,0.00025
Finlay Beverages,57.0,6.0,797.4,2025-08-22 05:30:30+00:00,0.00075,0.0005,0.00325,0.00075
Finlay Beverages,57.0,6.0,797.4,2025-08-22 05:45:30+00:00,0.0065,0.0015,0.0175,0.00625
Finlay Beverages,57.0,6.0,797.4,2025-08-22 06:00:30+00:00,0.01525,0.003,0.0285,0.0145
Finlay Beverages,57.0,6.0,797.4,2025-08-22 06:15:30+00:00,0.02,0.00775,0.039,0.019
Finlay Beverages,57.0,6.0,797.4,2025-08-22 06:30:30+00:00,0.04025,0.01275,0.053,0.0355
Finlay Beverages,57.0,6.0,797.4,2025-08-22 06:45:30+00:00,0.0405,0.0125,0.06175,0.037
Finlay Beverages,57.0,6.0,797.4,2025-08-22 07:00:30+00:00,0.03325,0.0065,0.06425,0.032
Finlay Beverages,57.0,6.0,797.4,2025-08-22 07:15:30+00:00,0.028,0.0055,0.05675,0.02775
Finlay Beverages,57.0,6.0,797.4,2025-08-22 07:30:30+00:00,0.02,0.00625,0.05175,0.02025
Finlay Beverages,57.0,6.0,797.4,2025-08-22 07:45:30+00:00,0.027,0.007,0.0525,0.02725
Finlay Beverages,57.0,6.0,797.4,2025-08-22 08:00:30+00:00,0.039,0.015,0.0625,0.03875
Finlay Beverages,57.0,6.0,797.4,2025-08-22 08:15:30+00:00,0.05025,0.0165,0.06825,0.0495
Finlay Beverages,57.0,6.0,797.4,2025-08-22 08:30:30+00:00,0.0365,0.01275,0.06675,0.0365
Finlay Beverages,57.0,6.0,797.4,2025-08-22 08:45:30+00:00,0.03275,0.01275,0.0615,0.033
Finlay Beverages,57.0,6.0,797.4,2025-08-22 09:00:30+00:00,0.042,0.01975,0.062,0.042
Finlay Beverages,57.0,6.0,797.4,2025-08-22 09:15:30+00:00,0.0475,0.02425,0.0625,0.0475
Finlay Beverages,57.0,6.0,797.4,2025-08-22 09:30:30+00:00,0.0405,0.02125,0.0675,0.04075
Finlay Beverages,57.0,6.0,797.4,2025-08-22 09:45:30+00:00,0.04475,0.01525,0.066,0.045
Finlay Beverages,57.0,6.0,797.4,2025-08-22 10:00:30+00:00,0.03625,0.0125,0.06375,0.0365
Finlay Beverages,57.0,6.0,797.4,2025-08-22 10:15:30+00:00,0.03175,0.01275,0.05875,0.032
Finlay Beverages,57.0,6.0,797.4,2025-08-22 10:30:30+00:00,0.03675,0.01325,0.059,0.037
Finlay Beverages,57.0,6.0,797.4,2025-08-22 10:45:30+00:00,0.0365,0.0135,0.06,0.03675
Finlay Beverages,57.0,6.0,797.4,2025-08-22 11:00:30+00:00,0.0275,0.01375,0.05875,0.02775
Finlay Beverages,57.0,6.0,797.4,2025-08-22 11:15:30+00:00,0.02275,0.014,0.051,0.023
Finlay Beverages,57.0,6.0,797.4,2025-08-22 11:30:30+00:00,0.015,0.014,0.0435,0.015
Finlay Beverages,57.0,6.0,797.4,2025-08-22 11:45:30+00:00,0.0165,0.01425,0.0395,0.0165
Finlay Beverages,57.0,6.0,797.4,2025-08-22 12:00:30+00:00,0.022,0.01425,0.04075,0.02225
Finlay Beverages,57.0,6.0,797.4,2025-08-22 12:15:30+00:00,0.02325,0.01425,0.043,0.0235
Finlay Beverages,57.0,6.0,797.4,2025-08-22 12:30:30+00:00,0.01875,0.014,0.04575,0.019
Finlay Beverages,57.0,6.0,797.4,2025-08-22 12:45:30+00:00,0.02,0.014,0.0525,0.02025
Finlay Beverages,57.0,6.0,797.4,2025-08-22 13:00:30+00:00,0.03225,0.01375,0.06075,0.0325
Finlay Beverages,57.0,6.0,797.4,2025-08-22 13:15:30+00:00,0.039,0.0135,0.05975,0.0395
Finlay Beverages,57.0,6.0,797.4,2025-08-22 13:30:30+00:00,0.01975,0.01325,0.061,0.02
Finlay Beverages,57.0,6.0,797.4,2025-08-22 13:45:30+00:00,0.03825,0.01275,0.05725,0.039
Finlay Beverages,57.0,6.0,797.4,2025-08-22 14:00:30+00:00,0.03125,0.01225,0.0635,0.03175
Finlay Beverages,57.0,6.0,797.4,2025-08-22 14:15:30+00:00,0.0195,0.012,0.07025,0.0195
Finlay Beverages,57.0,6.0,797.4,2025-08-22 14:30:30+00:00,0.02475,0.0115,0.091,0.025
Finlay Beverages,57.0,6.0,797.4,2025-08-22 14:45:30+00:00,0.05375,0.01075,0.109,0.05575
Finlay Beverages,57.0,6.0,797.4,2025-08-22 15:00:30+00:00,0.06425,0.01275,0.125,0.0675
Finlay Beverages,57.0,6.0,797.4,2025-08-22 15:15:30+00:00,0.07525,0.0235,0.12425,0.081
Finlay Beverages,57.0,6.0,797.4,2025-08-22 15:30:30+00:00,0.088,0.04025,0.112,0.09825
Finlay Beverages,57.0,6.0,797.4,2025-08-22 15:45:30+00:00,0.08375,0.057,0.10275,0.09475
Finlay Beverages,57.0,6.0,797.4,2025-08-22 16:00:30+00:00,0.0785,0.0595,0.09325,0.0895
Finlay Beverages,57.0,6.0,797.4,2025-08-22 16:15:30+00:00,0.06975,0.053,0.08425,0.08025
Finlay Beverages,57.0,6.0,797.4,2025-08-22 16:30:30+00:00,0.062,0.03675,0.0755,0.07125
Finlay Beverages,57.0,6.0,797.4,2025-08-22 16:45:30+00:00,0.0455,0.0235,0.069,0.05075
Finlay Beverages,57.0,6.0,797.4,2025-08-22 17:00:30+00:00,0.0335,0.01575,0.05675,0.03575
Finlay Beverages,57.0,6.0,797.4,2025-08-22 17:15:30+00:00,0.02775,0.01275,0.04325,0.0295
Finlay Beverages,57.0,6.0,797.4,2025-08-22 17:30:30+00:00,0.02275,0.01025,0.03425,0.02375
Finlay Beverages,57.0,6.0,797.4,2025-08-22 17:45:30+00:00,0.01625,0.00625,0.0295,0.01675
Finlay Beverages,57.0,6.0,797.4,2025-08-22 18:00:30+00:00,0.01375,0.00275,0.026,0.0145
Finlay Beverages,57.0,6.0,797.4,2025-08-22 18:15:30+00:00,0.01225,0.00275,0.017,0.01425
Finlay Beverages,57.0,6.0,797.4,2025-08-22 18:30:30+00:00,0.0085,0.00325,0.00975,0.01075
Finlay Beverages,57.0,6.0,797.4,2025-08-22 18:45:30+00:00,0.0045,0.0025,0.005,0.005
Finlay Beverages,57.0,6.0,797.4,2025-08-22 19:00:30+00:00,0.001,0.0005,0.001,0.001
Finlay Beverages,57.0,6.0,797.4,2025-08-22 19:15:30+00:00,0.0,0.0,0.0,0.0
Finlay Beverages,57.0,6.0,797.4,2025-08-22 19:30:30+00:00,0.0,0.0,0.0,0.0
Finlay Beverages,57.0,6.0,797.4,2025-08-22 19:45:30+00:00,0.0,0.0,0.0,0.0
Finlay Beverages,57.0,6.0,797.4,2025-08-22 20:00:30+00:00,0.0,0.0,0.0,0.0
Finlay Beverages,57.0,6.0,797.4,2025-08-22 20:15:30+00:00,0.0,0.0,0.0,0.0
Finlay Beverages,57.0,6.0,797.4,2025-08-22 20:30:30+00:00,0.0,0.0,0.0,0.0
Finlay Beverages,57.0,6.0,797.4,2025-08-22 20:45:30+00:00,0.0,0.0,0.0,0.0
Finlay Beverages,57.0,6.0,797.4,2025-08-22 21:00:30+00:00,0.0,0.0,0.0,0.0
Finlay Beverages,57.0,6.0,797.4,2025-08-22 21:15:30+00:00,0.0,0.0,0.0,0.0
Finlay Beverages,57.0,6.0,797.4,2025-08-22 21:30:30+00:00,0.0,0.0,0.0,0.0
Finlay Beverages,57.0,6.0,797.4,2025-08-22 21:45:30+00:00,0.0,0.0,0.0,0.0
Finlay Beverages,57.0,6.0,797.4,2025-08-22 22:00:30+00:00,0.0,0.0,0.0,0.0
Finlay Beverages,57.0,6.0,797.4,2025-08-22 22:15:30+00:00,0.0,0.0,0.0,0.0
Finlay Beverages,57.0,6.0,797.4,2025-08-22 22:30:30+00:00,0.0,0.0,0.0,0.0
Finlay Beverages,57.0,6.0,797.4,2025-08-22 22:45:30+00:00,0.0,0.0,0.0,0.0
Finlay Beverages,57.0,6.0,797.4,2025-08-22 23:00:30+00:00,0.0,0.0,0.0,0.0
Finlay Beverages,57.0,6.0,797.4,2025-08-22 23:15:30+00:00,0.0,0.0,0.0,0.0
Finlay Beverages,57.0,6.0,797.4,2025-08-22 23:30:30+00:00,0.0,0.0,0.0,0.0
Finlay Beverages,57.0,6.0,797.4,2025-08-22 23:45:30+00:00,0.0,0.0,0.0,0.0
Finlay Beverages,57.0,6.0,797.4,2025-08-23 00:00:30+00:00,0.0,0.0,0.0,0.0
Finlay Beverages,57.0,6.0,797.4,2025-08-23 00:15:30+00:00,0.0,0.0,0.0,0.0
Finlay Beverages,57.0,6.0,797.4,2025-08-23 00:30:30+00:00,0.0,0.0,0.0,0.0
Finlay Beverages,57.0,6.0,797.4,2025-08-23 00:45:30+00:00,0.0,0.0,0.0,0.0
Finlay Beverages,57.0,6.0,797.4,2025-08-23 01:00:30+00:00,0.0,0.0,0.0,0.0
Finlay Beverages,57.0,6.0,797.4,2025-08-23 01:15:30+00:00,0.0,0.0,0.0,0.0
Finlay Beverages,57.0,6.0,797.4,2025-08-23 01:30:30+00:00,0.0,0.0,0.0,0.0
Finlay Beverages,57.0,6.0,797.4,2025-08-23 01:45:30+00:00,0.0,0.0,0.0,0.0
Finlay Beverages,57.0,6.0,797.4,2025-08-23 02:00:30+00:00,0.0,0.0,0.0,0.0
Finlay Beverages,57.0,6.0,797.4,2025-08-23 02:15:30+00:00,0.0,0.0,0.0,0.0
Finlay Beverages,57.0,6.0,797.4,2025-08-23 02:30:30+00:00,0.0,0.0,0.0,0.0
Finlay Beverages,57.0,6.0,797.4,2025-08-23 02:45:30+00:00,0.0,0.0,0.0,0.0
Finlay Beverages,57.0,6.0,797.4,2025-08-23 03:00:30+00:00,0.0,0.0,0.0,0.0
Finlay Beverages,57.0,6.0,797.4,2025-08-23 03:15:30+00:00,0.0,0.0,0.0,0.0
Finlay Beverages,57.0,6.0,797.4,2025-08-23 03:30:30+00:00,0.0,0.0,0.0,0.0
Finlay Beverages,57.0,6.0,797.4,2025-08-23 03:45:30+00:00,0.0,0.0,0.0,0.0
Finlay Beverages,57.0,6.0,797.4,2025-08-23 04:00:30+00:00,0.0,0.0,0.0,0.0
Finlay Beverages,57.0,6.0,797.4,2025-08-23 04:15:30+00:00,0.0,0.0,0.0,0.0
Finlay Beverages,57.0,6.0,797.4,2025-08-23 04:30:30+00:00,0.0,0.0,0.0,0.0
Finlay Beverages,57.0,6.0,797.4,2025-08-23 04:45:30+00:00,0.0,0.0,0.0,0.0
Finlay Beverages,57.0,6.0,797.4,2025-08-23 05:00:30+00:00,0.00025,0.00025,0.0005,0.00025
Finlay Beverages,57.0,6.0,797.4,2025-08-23 05:15:30+00:00,0.00225,0.001,0.00425,0.00225
Finlay Beverages,57.0,6.0,797.4,2025-08-23 05:30:30+00:00,0.0055,0.0025,0.009,0.0055
Finlay Beverages,57.0,6.0,797.4,2025-08-23 05:45:30+00:00,0.01025,0.0045,0.01825,0.00975
Finlay Beverages,57.0,6.0,797.4,2025-08-23 06:00:30+00:00,0.01925,0.00525,0.029,0.0175
Finlay Beverages,57.0,6.0,797.4,2025-08-23 06:15:30+00:00,0.02125,0.00425,0.03525,0.02
Finlay Beverages,57.0,6.0,797.4,2025-08-23 06:30:30+00:00,0.0135,0.00325,0.0345,0.0135
Finlay Beverages,57.0,6.0,797.4,2025-08-23 06:45:30+00:00,0.014,0.004,0.037,0.01425
Finlay Beverages,57.0,6.0,797.4,2025-08-23 07:00:30+00:00,0.026,0.00625,0.04625,0.02575
Finlay Beverages,57.0,6.0,797.4,2025-08-23 07:15:30+00:00,0.039,0.01125,0.05925,0.0375
Finlay Beverages,57.0,6.0,797.4,2025-08-23 07:30:30+00:00,0.0385,0.01525,0.06875,0.038
Finlay Beverages,57.0,6.0,797.4,2025-08-23 07:45:30+00:00,0.04925,0.02475,0.086,0.048
Finlay Beverages,57.0,6.0,797.4,2025-08-23 08:00:30+00:00,0.0795,0.03975,0.10125,0.075
Finlay Beverages,57.0,6.0,797.4,2025-08-23 08:15:30+00:00,0.08,0.0495,0.1085,0.0765
Finlay Beverages,57.0,6.0,797.4,2025-08-23 08:30:30+00:00,0.07675,0.047,0.10725,0.07475
Finlay Beverages,57.0,6.0,797.4,2025-08-23 08:45:30+00:00,0.07525,0.04325,0.10925,0.07375
Finlay Beverages,57.0,6.0,797.4,2025-08-23 09:00:30+00:00,0.0765,0.0355,0.11025,0.0755
Finlay Beverages,57.0,6.0,797.4,2025-08-23 09:15:30+00:00,0.066,0.028,0.10625,0.0655
Finlay Beverages,57.0,6.0,797.4,2025-08-23 09:30:30+00:00,0.05875,0.02325,0.095,0.05875
Finlay Beverages,57.0,6.0,797.4,2025-08-23 09:45:30+00:00,0.0525,0.024,0.085,0.05275
Finlay Beverages,57.0,6.0,797.4,2025-08-23 10:00:30+00:00,0.052,0.0305,0.0755,0.05225
Finlay Beverages,57.0,6.0,797.4,2025-08-23 10:15:30+00:00,0.0545,0.03375,0.07075,0.05475
Finlay Beverages,57.0,6.0,797.4,2025-08-23 10:30:30+00:00,0.05,0.03625,0.06925,0.0505
Finlay Beverages,57.0,6.0,797.4,2025-08-23 10:45:30+00:00,0.05325,0.03725,0.0705,0.05375
Finlay Beverages,57.0,6.0,797.4,2025-08-23 11:00:30+00:00,0.05775,0.0385,0.076,0.05825
Finlay Beverages,57.0,6.0,797.4,2025-08-23 11:15:30+00:00,0.06025,0.038,0.0805,0.06075
Finlay Beverages,57.0,6.0,797.4,2025-08-23 11:30:30+00:00,0.05925,0.0395,0.087,0.06
Finlay Beverages,57.0,6.0,797.4,2025-08-23 11:45:30+00:00,0.06975,0.04425,0.0925,0.07075
Finlay Beverages,57.0,6.0,797.4,2025-08-23 12:00:30+00:00,0.07575,0.0465,0.09275,0.077
Finlay Beverages,57.0,6.0,797.4,2025-08-23 12:15:30+00:00,0.06325,0.04075,0.09475,0.06425
Finlay Beverages,57.0,6.0,797.4,2025-08-23 12:30:30+00:00,0.0635,0.03325,0.0925,0.0645
Finlay Beverages,57.0,6.0,797.4,2025-08-23 12:45:30+00:00,0.0615,0.024,0.08975,0.0625
Finlay Beverages,57.0,6.0,797.4,2025-08-23 13:00:30+00:00,0.04525,0.01725,0.0795,0.046
Finlay Beverages,57.0,6.0,797.4,2025-08-23 13:15:30+00:00,0.0375,0.01525,0.07025,0.038
Finlay Beverages,57.0,6.0,797.4,2025-08-23 13:30:30+00:00,0.04475,0.01975,0.067,0.0455
Finlay Beverages,57.0,6.0,797.4,2025-08-23 13:45:30+00:00,0.047,0.0255,0.064,0.048
Finlay Beverages,57.0,6.0,797.4,2025-08-23 14:00:30+00:00,0.042,0.02425,0.06,0.04275
Finlay Beverages,57.0,6.0,797.4,2025-08-23 14:15:30+00:00,0.03675,0.02175,0.05575,0.03725
Finlay Beverages,57.0,6.0,797.4,2025-08-23 14:30:30+00:00,0.03725,0.02025,0.0565,0.038
Finlay Beverages,57.0,6.0,797.4,2025-08-23 14:45:30+00:00,0.04075,0.01825,0.06025,0.0415
Finlay Beverages,57.0,6.0,797.4,2025-08-23 15:00:30+00:00,0.03975,0.01575,0.066,0.0405
Finlay Beverages,57.0,6.0,797.4,2025-08-23 15:15:30+00:00,0.0415,0.01275,0.073,0.0425
Finlay Beverages,57.0,6.0,797.4,2025-08-23 15:30:30+00:00,0.04675,0.015,0.07875,0.048
Finlay Beverages,57.0,6.0,797.4,2025-08-23 15:45:30+00:00,0.05125,0.022,0.0795,0.05375
Finlay Beverages,57.0,6.0,797.4,2025-08-23 16:00:30+00:00,0.05375,0.0305,0.0735,0.05725
Finlay Beverages,57.0,6.0,797.4,2025-08-23 16:15:30+00:00,0.05075,0.03325,0.06375,0.0545
Finlay Beverages,57.0,6.0,797.4,2025-08-23 16:30:30+00:00,0.04125,0.0295,0.054,0.044
Finlay Beverages,57.0,6.0,797.4,2025-08-23 16:45:30+00:00,0.033,0.024,0.046,0.0345
Finlay Beverages,57.0,6.0,797.4,2025-08-23 17:00:30+00:00,0.02925,0.0205,0.03975,0.0305
Finlay Beverages,57.0,6.0,797.4,2025-08-23 17:15:30+00:00,0.02725,0.017,0.03525,0.029
Finlay Beverages,57.0,6.0,797.4,2025-08-23 17:30:30+00:00,0.0225,0.011,0.0325,0.024
Finlay Beverages,57.0,6.0,797.4,2025-08-23 17:45:30+00:00,0.01575,0.004,0.02825,0.01625
Finlay Beverages,57.0,6.0,797.4,2025-08-23 18:00:30+00:00,0.0095,0.002,0.02125,0.00975
Finlay Beverages,57.0,6.0,797.4,2025-08-23 18:15:30+00:00,0.00375,0.00125,0.013,0.00375
Finlay Beverages,57.0,6.0,797.4,2025-08-23 18:30:30+00:00,0.0015,0.00075,0.006,0.0015
Finlay Beverages,57.0,6.0,797.4,2025-08-23 18:45:30+00:00,0.00075,0.00025,0.0025,0.00075
Finlay Beverages,57.0,6.0,797.4,2025-08-23 19:00:30+00:00,0.00025,0.0,0.001,0.00025
Finlay Beverages,57.0,6.0,797.4,2025-08-23 19:15:30+00:00,0.0,0.0,0.0,0.0
Finlay Beverages,57.0,6.0,797.4,2025-08-23 19:30:30+00:00,0.0,0.0,0.0,0.0
Finlay Beverages,57.0,6.0,797.4,2025-08-23 19:45:30+00:00,0.0,0.0,0.0,0.0
Finlay Beverages,57.0,6.0,797.4,2025-08-23 20:00:30+00:00,0.0,0.0,0.0,0.0
Finlay Beverages,57.0,6.0,797.4,2025-08-23 20:15:30+00:00,0.0,0.0,0.0,0.0
Finlay Beverages,57.0,6.0,797.4,2025-08-23 20:30:30+00:00,0.0,0.0,0.0,0.0
Finlay Beverages,57.0,6.0,797.4,2025-08-23 20:45:30+00:00,0.0,0.0,0.0,0.0
Finlay Beverages,57.0,6.0,797.4,2025-08-23 21:00:30+00:00,0.0,0.0,0.0,0.0
Finlay Beverages,57.0,6.0,797.4,2025-08-23 21:15:30+00:00,0.0,0.0,0.0,0.0
Finlay Beverages,57.0,6.0,797.4,2025-08-23 21:30:30+00:00,0.0,0.0,0.0,0.0
Finlay Beverages,57.0,6.0,797.4,2025-08-23 21:45:30+00:00,0.0,0.0,0.0,0.0
Finlay Beverages,57.0,6.0,797.4,2025-08-23 22:00:30+00:00,0.0,0.0,0.0,0.0
Finlay Beverages,57.0,6.0,797.4,2025-08-23 22:15:30+00:00,0.0,0.0,0.0,0.0
Finlay Beverages,57.0,6.0,797.4,2025-08-23 22:30:30+00:00,0.0,0.0,0.0,0.0
Finlay Beverages,57.0,6.0,797.4,2025-08-23 22:45:30+00:00,0.0,0.0,0.0,0.0
Finlay Beverages,57.0,6.0,797.4,2025-08-23 23:00:30+00:00,0.0,0.0,0.0,0.0
Finlay Beverages,57.0,6.0,797.4,2025-08-23 23:15:30+00:00,0.0,0.0,0.0,0.0
Finlay Beverages,57.0,6.0,797.4,2025-08-23 23:30:30+00:00,0.0,0.0,0.0,0.0
Finlay Beverages,57.0,6.0,797.4,2025-08-23 23:45:30+00:00,0.0,0.0,0.0,0.0
Finlay Beverages,57.0,6.0,797.4,2025-08-24 00:00:30+00:00,0.0,0.0,0.0,0.0
Finlay Beverages,57.0,6.0,797.4,2025-08-24 00:15:30+00:00,0.0,0.0,0.0,0.0
Finlay Beverages,57.0,6.0,797.4,2025-08-24 00:30:30+00:00,0.0,0.0,0.0,0.0
Finlay Beverages,57.0,6.0,797.4,2025-08-24 00:45:30+00:00,0.0,0.0,0.0,0.0
Finlay Beverages,57.0,6.0,797.4,2025-08-24 01:00:30+00:00,0.0,0.0,0.0,0.0
Finlay Beverages,57.0,6.0,797.4,2025-08-24 01:15:30+00:00,0.0,0.0,0.0,0.0
Finlay Beverages,57.0,6.0,797.4,2025-08-24 01:30:30+00:00,0.0,0.0,0.0,0.0
Finlay Beverages,57.0,6.0,797.4,2025-08-24 01:45:30+00:00,0.0,0.0,0.0,0.0
Finlay Beverages,57.0,6.0,797.4,2025-08-24 02:00:30+00:00,0.0,0.0,0.0,0.0
Finlay Beverages,57.0,6.0,797.4,2025-08-24 02:15:30+00:00,0.0,0.0,0.0,0.0
Finlay Beverages,57.0,6.0,797.4,2025-08-24 02:30:30+00:00,0.0,0.0,0.0,0.0
Finlay Beverages,57.0,6.0,797.4,2025-08-24 02:45:30+00:00,0.0,0.0,0.0,0.0
Finlay Beverages,57.0,6.0,797.4,2025-08-24 03:00:30+00:00,0.0,0.0,0.0,0.0
Finlay Beverages,57.0,6.0,797.4,2025-08-24 03:15:30+00:00,0.0,0.0,0.0,0.0
Finlay Beverages,57.0,6.0,797.4,2025-08-24 03:30:30+00:00,0.0,0.0,0.0,0.0
Finlay Beverages,57.0,6.0,797.4,2025-08-24 03:45:30+00:00,0.0,0.0,0.0,0.0
Finlay Beverages,57.0,6.0,797.4,2025-08-24 04:00:30+00:00,0.0,0.0,0.0,0.0
Finlay Beverages,57.0,6.0,797.4,2025-08-24 04:15:30+00:00,0.0,0.0,0.0,0.0
Finlay Beverages,57.0,6.0,797.4,2025-08-24 04:30:30+00:00,0.0,0.0,0.0,0.0
Finlay Beverages,57.0,6.0,797.4,2025-08-24 04:45:30+00:00,0.0,0.0,0.0,0.0
Finlay Beverages,57.0,6.0,797.4,2025-08-24 05:00:30+00:00,0.00025,0.00025,0.00025,0.00025
Finlay Beverages,57.0,6.0,797.4,2025-08-24 05:15:30+00:00,0.0015,0.0005,0.00325,0.0015
Finlay Beverages,57.0,6.0,797.4,2025-08-24 05:30:30+00:00,0.004,0.00125,0.00675,0.004
Finlay Beverages,57.0,6.0,797.4,2025-08-24 05:45:30+00:00,0.0065,0.00225,0.011,0.0065
Finlay Beverages,57.0,6.0,797.4,2025-08-24 06:00:30+00:00,0.00925,0.00375,0.01525,0.0095
Finlay Beverages,57.0,6.0,797.4,2025-08-24 06:15:30+00:00,0.01275,0.00525,0.02075,0.01275
Finlay Beverages,57.0,6.0,797.4,2025-08-24 06:30:30+00:00,0.017,0.00575,0.02925,0.017
Finlay Beverages,57.0,6.0,797.4,2025-08-24 06:45:30+00:00,0.02275,0.00825,0.04,0.0225
Finlay Beverages,57.0,6.0,797.4,2025-08-24 07:00:30+00:00,0.03325,0.01575,0.0545,0.032
Finlay Beverages,57.0,6.0,797.4,2025-08-24 07:15:30+00:00,0.05,0.0265,0.0655,0.047
Finlay Beverages,57.0,6.0,797.4,2025-08-24 07:30:30+00:00,0.05325,0.031,0.0695,0.05075
Finlay Beverages,57.0,6.0,797.4,2025-08-24 07:45:30+00:00,0.04675,0.031,0.068,0.0455
Finlay Beverages,57.0,6.0,797.4,2025-08-24 08:00:30+00:00,0.04875,0.0345,0.06975,0.04825
Finlay Beverages,57.0,6.0,797.4,2025-08-24 08:15:30+00:00,0.062,0.0405,0.07675,0.0605
Finlay Beverages,57.0,6.0,797.4,2025-08-24 08:30:30+00:00,0.06375,0.0495,0.0845,0.0625
Finlay Beverages,57.0,6.0,797.4,2025-08-24 08:45:30+00:00,0.07575,0.05675,0.093,0.07425
Finlay Beverages,57.0,6.0,797.4,2025-08-24 09:00:30+00:00,0.0845,0.0685,0.09825,0.08325
Finlay Beverages,57.0,6.0,797.4,2025-08-24 09:15:30+00:00,0.0895,0.0745,0.1045,0.08825
Finlay Beverages,57.0,6.0,797.4,2025-08-24 09:30:30+00:00,0.09425,0.0775,0.1075,0.09325
Finlay Beverages,57.0,6.0,797.4,2025-08-24 09:45:30+00:00,0.0935,0.073,0.12525,0.093
Finlay Beverages,57.0,6.0,797.4,2025-08-24 10:00:30+00:00,0.10975,0.06225,0.14325,0.10925
Finlay Beverages,57.0,6.0,797.4,2025-08-24 10:15:30+00:00,0.104,0.066,0.17275,0.104
Finlay Beverages,57.0,6.0,797.4,2025-08-24 10:30:30+00:00,0.1435,0.0785,0.177,0.144
Finlay Beverages,57.0,6.0,797.4,2025-08-24 10:45:30+00:00,0.161,0.11075,0.18,0.16275
Finlay Beverages,57.0,6.0,797.4,2025-08-24 11:00:30+00:00,0.1625,0.1295,0.18225,0.16525
Finlay Beverages,57.0,6.0,797.4,2025-08-24 11:15:30+00:00,0.163,0.13825,0.18375,0.167
Finlay Beverages,57.0,6.0,797.4,2025-08-24 11:30:30+00:00,0.16,0.11625,0.1845,0.16475
Finlay Beverages,57.0,6.0,797.4,2025-08-24 11:45:30+00:00,0.151,0.08825,0.18475,0.15625
Finlay Beverages,57.0,6.0,797.4,2025-08-24 12:00:30+00:00,0.1405,0.04875,0.1845,0.14575
Finlay Beverages,57.0,6.0,797.4,2025-08-24 12:15:30+00:00,0.09375,0.01875,0.1775,0.0965
Finlay Beverages,57.0,6.0,797.4,2025-08-24 12:30:30+00:00,0.05125,0.01375,0.13775,0.052
Finlay Beverages,57.0,6.0,797.4,2025-08-24 12:45:30+00:00,0.03675,0.0135,0.106,0.03725
Finlay Beverages,57.0,6.0,797.4,2025-08-24 13:00:30+00:00,0.03775,0.0135,0.09575,0.03825
Finlay Beverages,57.0,6.0,797.4,2025-08-24 13:15:30+00:00,0.052,0.013,0.10175,0.05275
Finlay Beverages,57.0,6.0,797.4,2025-08-24 13:30:30+00:00,0.0695,0.0215,0.11075,0.07125
Finlay Beverages,57.0,6.0,797.4,2025-08-24 13:45:30+00:00,0.076,0.03675,0.106,0.07875
Finlay Beverages,57.0,6.0,797.4,2025-08-24 14:00:30+00:00,0.069,0.0425,0.0945,0.071
Finlay Beverages,57.0,6.0,797.4,2025-08-24 14:15:30+00:00,0.0595,0.03825,0.08325,0.06125
Finlay Beverages,57.0,6.0,797.4,2025-08-24 14:30:30+00:00,0.05325,0.0365,0.08075,0.0545
Finlay Beverages,57.0,6.0,797.4,2025-08-24 14:45:30+00:00,0.0615,0.03775,0.07975,0.064
Finlay Beverages,57.0,6.0,797.4,2025-08-24 15:00:30+00:00,0.06175,0.03825,0.078,0.0645
Finlay Beverages,57.0,6.0,797.4,2025-08-24 15:15:30+00:00,0.0515,0.03,0.07475,0.053
Finlay Beverages,57.0,6.0,797.4,2025-08-24 15:30:30+00:00,0.043,0.025,0.0735,0.044
Finlay Beverages,57.0,6.0,797.4,2025-08-24 15:45:30+00:00,0.05125,0.02475,0.07425,0.054
Finlay Beverages,57.0,6.0,797.4,2025-08-24 16:00:30+00:00,0.05425,0.032,0.07,0.05775
Finlay Beverages,57.0,6.0,797.4,2025-08-24 16:15:30+00:00,0.048,0.03525,0.06125,0.051
Finlay Beverages,57.0,6.0,797.4,2025-08-24 16:30:30+00:00,0.04225,0.034,0.051,0.04525
Finlay Beverages,57.0,6.0,797.4,2025-08-24 16:45:30+00:00,0.03725,0.029,0.04675,0.03975
Finlay Beverages,57.0,6.0,797.4,2025-08-24 17:00:30+00:00,0.03375,0.023,0.0445,0.0365
Finlay Beverages,57.0,6.0,797.4,2025-08-24 17:15:30+00:00,0.03,0.016,0.03925,0.033
Finlay Beverages,57.0,6.0,797.4,2025-08-24 17:30:30+00:00,0.02025,0.01025,0.0335,0.0215
Finlay Beverages,57.0,6.0,797.4,2025-08-24 17:45:30+00:00,0.0145,0.0055,0.025,0.01475
Finlay Beverages,57.0,6.0,797.4,2025-08-24 18:00:30+00:00,0.01,0.0035,0.01775,0.01025
Finlay Beverages,57.0,6.0,797.4,2025-08-24 18:15:30+00:00,0.00725,0.00275,0.01175,0.00725
Finlay Beverages,57.0,6.0,797.4,2025-08-24 18:30:30+00:00,0.0045,0.0015,0.00725,0.0045
Finlay Beverages,57.0,6.0,797.4,2025-08-24 18:45:30+00:00,0.00175,0.00075,0.00375,0.00175
Finlay Beverages,57.0,6.0,797.4,2025-08-24 19:00:30+00:00,0.0005,0.00025,0.00125,0.0005
Finlay Beverages,57.0,6.0,797.4,2025-08-24 19:15:30+00:00,0.0,0.0,0.0,0.0
Finlay Beverages,57.0,6.0,797.4,2025-08-24 19:30:30+00:00,0.0,0.0,0.0,0.0
Finlay Beverages,57.0,6.0,797.4,2025-08-24 19:45:30+00:00,0.0,0.0,0.0,0.0
Finlay Beverages,57.0,6.0,797.4,2025-08-24 20:00:30+00:00,0.0,0.0,0.0,0.0
Finlay Beverages,57.0,6.0,797.4,2025-08-24 20:15:30+00:00,0.0,0.0,0.0,0.0
Finlay Beverages,57.0,6.0,797.4,2025-08-24 20:30:30+00:00,0.0,0.0,0.0,0.0
Finlay Beverages,57.0,6.0,797.4,2025-08-24 20:45:30+00:00,0.0,0.0,0.0,0.0
Finlay Beverages,57.0,6.0,797.4,2025-08-24 21:00:30+00:00,0.0,0.0,0.0,0.0
Finlay Beverages,57.0,6.0,797.4,2025-08-24 21:15:30+00:00,0.0,0.0,0.0,0.0
Finlay Beverages,57.0,6.0,797.4,2025-08-24 21:30:30+00:00,0.0,0.0,0.0,0.0
Finlay Beverages,57.0,6.0,797.4,2025-08-24 21:45:30+00:00,0.0,0.0,0.0,0.0
Finlay Beverages,57.0,6.0,797.4,2025-08-24 22:00:30+00:00,0.0,0.0,0.0,0.0
Finlay Beverages,57.0,6.0,797.4,2025-08-24 22:15:30+00:00,0.0,0.0,0.0,0.0
Finlay Beverages,57.0,6.0,797.4,2025-08-24 22:30:30+00:00,0.0,0.0,0.0,0.0
Finlay Beverages,57.0,6.0,797.4,2025-08-24 22:45:30+00:00,0.0,0.0,0.0,0.0
Finlay Beverages,57.0,6.0,797.4,2025-08-24 23:00:30+00:00,0.0,0.0,0.0,0.0
Finlay Beverages,57.0,6.0,797.4,2025-08-24 23:15:30+00:00,0.0,0.0,0.0,0.0
Finlay Beverages,57.0,6.0,797.4,2025-08-24 23:30:30+00:00,0.0,0.0,0.0,0.0
Finlay Beverages,57.0,6.0,797.4,2025-08-24 23:45:30+00:00,0.0,0.0,0.0,0.0
Finlay Beverages,57.0,6.0,797.4,2025-08-25 00:00:30+00:00,0.0,0.0,0.0,0.0
Finlay Beverages,57.0,6.0,797.4,2025-08-25 00:15:30+00:00,0.0,0.0,0.0,0.0
Finlay Beverages,57.0,6.0,797.4,2025-08-25 00:30:30+00:00,0.0,0.0,0.0,0.0
Finlay Beverages,57.0,6.0,797.4,2025-08-25 00:45:30+00:00,0.0,0.0,0.0,0.0
Finlay Beverages,57.0,6.0,797.4,2025-08-25 01:00:30+00:00,0.0,0.0,0.0,0.0
Finlay Beverages,57.0,6.0,797.4,2025-08-25 01:15:30+00:00,0.0,0.0,0.0,0.0
Finlay Beverages,57.0,6.0,797.4,2025-08-25 01:30:30+00:00,0.0,0.0,0.0,0.0
Finlay Beverages,57.0,6.0,797.4,2025-08-25 01:45:30+00:00,0.0,0.0,0.0,0.0
Finlay Beverages,57.0,6.0,797.4,2025-08-25 02:00:30+00:00,0.0,0.0,0.0,0.0
Finlay Beverages,57.0,6.0,797.4,2025-08-25 02:15:30+00:00,0.0,0.0,0.0,0.0
Finlay Beverages,57.0,6.0,797.4,2025-08-25 02:30:30+00:00,0.0,0.0,0.0,0.0
Finlay Beverages,57.0,6.0,797.4,2025-08-25 02:45:30+00:00,0.0,0.0,0.0,0.0
Finlay Beverages,57.0,6.0,797.4,2025-08-25 03:00:30+00:00,0.0,0.0,0.0,0.0
Finlay Beverages,57.0,6.0,797.4,2025-08-25 03:15:30+00:00,0.0,0.0,0.0,0.0
Finlay Beverages,57.0,6.0,797.4,2025-08-25 03:30:30+00:00,0.0,0.0,0.0,0.0
Finlay Beverages,57.0,6.0,797.4,2025-08-25 03:45:30+00:00,0.0,0.0,0.0,0.0
Finlay Beverages,57.0,6.0,797.4,2025-08-25 04:00:30+00:00,0.0,0.0,0.0,0.0
Finlay Beverages,57.0,6.0,797.4,2025-08-25 04:15:30+00:00,0.0,0.0,0.0,0.0
Finlay Beverages,57.0,6.0,797.4,2025-08-25 04:30:30+00:00,0.0,0.0,0.0,0.0
Finlay Beverages,57.0,6.0,797.4,2025-08-25 04:45:30+00:00,0.0,0.0,0.0,0.0
Finlay Beverages,57.0,6.0,797.4,2025-08-25 05:00:30+00:00,0.00025,0.0,0.00025,0.00025
Finlay Beverages,57.0,6.0,797.4,2025-08-25 05:15:30+00:00,0.00375,0.003,0.0045,0.0035
Finlay Beverages,57.0,6.0,797.4,2025-08-25 05:30:30+00:00,0.013,0.00975,0.01525,0.00925
Finlay Beverages,57.0,6.0,797.4,2025-08-25 05:45:30+00:00,0.025,0.01775,0.02725,0.0175
Finlay Beverages,57.0,6.0,797.4,2025-08-25 06:00:30+00:00,0.03425,0.026,0.03825,0.025
Finlay Beverages,57.0,6.0,797.4,2025-08-25 06:15:30+00:00,0.04325,0.03425,0.049,0.03325
Finlay Beverages,57.0,6.0,797.4,2025-08-25 06:30:30+00:00,0.0525,0.043,0.0595,0.042
Finlay Beverages,57.0,6.0,797.4,2025-08-25 06:45:30+00:00,0.0615,0.0525,0.07,0.05075
Finlay Beverages,57.0,6.0,797.4,2025-08-25 07:00:30+00:00,0.07125,0.0625,0.08,0.06
Finlay Beverages,57.0,6.0,797.4,2025-08-25 07:15:30+00:00,0.0805,0.073,0.08825,0.0695
Finlay Beverages,57.0,6.0,797.4,2025-08-25 07:30:30+00:00,0.08975,0.08325,0.09625,0.07875
Finlay Beverages,57.0,6.0,797.4,2025-08-25 07:45:30+00:00,0.09875,0.09325,0.1045,0.08825
Finlay Beverages,57.0,6.0,797.4,2025-08-25 08:00:30+00:00,0.1075,0.10225,0.11275,0.09725
Finlay Beverages,57.0,6.0,797.4,2025-08-25 08:15:30+00:00,0.11575,0.11025,0.121,0.10625
Finlay Beverages,57.0,6.0,797.4,2025-08-25 08:30:30+00:00,0.124,0.11825,0.1295,0.11475
Finlay Beverages,57.0,6.0,797.4,2025-08-25 08:45:30+00:00,0.1315,0.1255,0.137,0.12325
Finlay Beverages,57.0,6.0,797.4,2025-08-25 09:00:30+00:00,0.13825,0.13225,0.14375,0.131
Finlay Beverages,57.0,6.0,797.4,2025-08-25 09:15:30+00:00,0.14425,0.138,0.15,0.13825
Finlay Beverages,57.0,6.0,797.4,2025-08-25 09:30:30+00:00,0.14925,0.143,0.1555,0.14425
Finlay Beverages,57.0,6.0,797.4,2025-08-25 09:45:30+00:00,0.15425,0.14775,0.16075,0.15075
Finlay Beverages,57.0,6.0,797.4,2025-08-25 10:00:30+00:00,0.159,0.152,0.1655,0.15675
Finlay Beverages,57.0,6.0,797.4,2025-08-25 10:15:30+00:00,0.16275,0.155,0.16925,0.162
Finlay Beverages,57.0,6.0,797.4,2025-08-25 10:30:30+00:00,0.1645,0.15775,0.17225,0.165
Finlay Beverages,57.0,6.0,797.4,2025-08-25 10:45:30+00:00,0.1675,0.16,0.17475,0.1695
Finlay Beverages,57.0,6.0,797.4,2025-08-25 11:00:30+00:00,0.17,0.162,0.17675,0.17325
Finlay Beverages,57.0,6.0,797.4,2025-08-25 11:15:30+00:00,0.17075,0.1625,0.1785,0.1755
Finlay Beverages,57.0,6.0,797.4,2025-08-25 11:30:30+00:00,0.17075,0.1615,0.17975,0.17675
Finlay Beverages,57.0,6.0,797.4,2025-08-25 11:45:30+00:00,0.17025,0.159,0.17975,0.17775
Finlay Beverages,57.0,6.0,797.4,2025-08-25 12:00:30+00:00,0.16725,0.15325,0.18125,0.17575
Finlay Beverages,57.0,6.0,797.4,2025-08-25 12:15:30+00:00,0.16375,0.148,0.1805,0.173
Finlay Beverages,57.0,6.0,797.4,2025-08-25 12:30:30+00:00,0.1615,0.1365,0.18025,0.17175
Finlay Beverages,57.0,6.0,797.4,2025-08-25 12:45:30+00:00,0.15025,0.129,0.17775,0.16
Finlay Beverages,57.0,6.0,797.4,2025-08-25 13:00:30+00:00,0.14775,0.11475,0.1715,0.15825
Finlay Beverages,57.0,6.0,797.4,2025-08-25 13:15:30+00:00,0.1325,0.11125,0.17075,0.1415
Finlay Beverages,57.0,6.0,797.4,2025-08-25 13:30:30+00:00,0.13975,0.10875,0.169,0.1515
Finlay Beverages,57.0,6.0,797.4,2025-08-25 13:45:30+00:00,0.14475,0.11525,0.16175,0.15975
Finlay Beverages,57.0,6.0,797.4,2025-08-25 14:00:30+00:00,0.14125,0.12075,0.155,0.1575
Finlay Beverages,57.0,6.0,797.4,2025-08-25 14:15:30+00:00,0.13225,0.122,0.1445,0.14825
Finlay Beverages,57.0,6.0,797.4,2025-08-25 14:30:30+00:00,0.12575,0.1185,0.1325,0.142
Finlay Beverages,57.0,6.0,797.4,2025-08-25 14:45:30+00:00,0.11875,0.11275,0.125,0.1355
Finlay Beverages,57.0,6.0,797.4,2025-08-25 15:00:30+00:00,0.11225,0.1055,0.1185,0.12925
Finlay Beverages,57.0,6.0,797.4,2025-08-25 15:15:30+00:00,0.105,0.09725,0.11175,0.122
Finlay Beverages,57.0,6.0,797.4,2025-08-25 15:30:30+00:00,0.097,0.088,0.10375,0.11325
Finlay Beverages,57.0,6.0,797.4,2025-08-25 15:45:30+00:00,0.086,0.081,0.09525,0.10075
Finlay Beverages,57.0,6.0,797.4,2025-08-25 16:00:30+00:00,0.08025,0.073,0.086,0.0955
Finlay Beverages,57.0,6.0,797.4,2025-08-25 16:15:30+00:00,0.07225,0.0665,0.07775,0.0875
Finlay Beverages,57.0,6.0,797.4,2025-08-25 16:30:30+00:00,0.064,0.05825,0.0695,0.0785
Finlay Beverages,57.0,6.0,797.4,2025-08-25 16:45:30+00:00,0.0555,0.0495,0.061,0.06925
Finlay Beverages,57.0,6.0,797.4,2025-08-25 17:00:30+00:00,0.0465,0.0405,0.053,0.059
Finlay Beverages,57.0,6.0,797.4,2025-08-25 17:15:30+00:00,0.03825,0.03225,0.04425,0.0495
Finlay Beverages,57.0,6.0,797.4,2025-08-25 17:30:30+00:00,0.03075,0.0245,0.0355,0.04075
Finlay Beverages,57.0,6.0,797.4,2025-08-25 17:45:30+00:00,0.02325,0.01775,0.027,0.03175
Finlay Beverages,57.0,6.0,797.4,2025-08-25 18:00:30+00:00,0.01625,0.012,0.01975,0.023
Finlay Beverages,57.0,6.0,797.4,2025-08-25 18:15:30+00:00,0.01025,0.00725,0.01275,0.015
Finlay Beverages,57.0,6.0,797.4,2025-08-25 18:30:30+00:00,0.006,0.004,0.0075,0.00825
Finlay Beverages,57.0,6.0,797.4,2025-08-25 18:45:30+00:00,0.00275,0.00225,0.0035,0.003
Finlay Beverages,57.0,6.0,797.4,2025-08-25 19:00:30+00:00,0.0005,0.00025,0.0005,0.0005
Finlay Beverages,57.0,6.0,797.4,2025-08-25 19:15:30+00:00,0.0,0.0,0.0,0.0
Finlay Beverages,57.0,6.0,797.4,2025-08-25 19:30:30+00:00,0.0,0.0,0.0,0.0
Finlay Beverages,57.0,6.0,797.4,2025-08-25 19:45:30+00:00,0.0,0.0,0.0,0.0
Finlay Beverages,57.0,6.0,797.4,2025-08-25 20:00:30+00:00,0.0,0.0,0.0,0.0
Finlay Beverages,57.0,6.0,797.4,2025-08-25 20:15:30+00:00,0.0,0.0,0.0,0.0
Finlay Beverages,57.0,6.0,797.4,2025-08-25 20:30:30+00:00,0.0,0.0,0.0,0.0
Finlay Beverages,57.0,6.0,797.4,2025-08-25 20:45:30+00:00,0.0,0.0,0.0,0.0
Finlay Beverages,57.0,6.0,797.4,2025-08-25 21:00:30+00:00,0.0,0.0,0.0,0.0
Finlay Beverages,57.0,6.0,797.4,2025-08-25 21:15:30+00:00,0.0,0.0,0.0,0.0
Finlay Beverages,57.0,6.0,797.4,2025-08-25 21:30:30+00:00,0.0,0.0,0.0,0.0
Finlay Beverages,57.0,6.0,797.4,2025-08-25 21:45:30+00:00,0.0,0.0,0.0,0.0
Finlay Beverages,57.0,6.0,797.4,2025-08-25 22:00:30+00:00,0.0,0.0,0.0,0.0
Finlay Beverages,57.0,6.0,797.4,2025-08-25 22:15:30+00:00,0.0,0.0,0.0,0.0
Finlay Beverages,57.0,6.0,797.4,2025-08-25 22:30:30+00:00,0.0,0.0,0.0,0.0
Finlay Beverages,57.0,6.0,797.4,2025-08-25 22:45:30+00:00,0.0,0.0,0.0,0.0
Finlay Beverages,57.0,6.0,797.4,2025-08-25 23:00:30+00:00,0.0,0.0,0.0,0.0
Finlay Beverages,57.0,6.0,797.4,2025-08-25 23:15:30+00:00,0.0,0.0,0.0,0.0
Finlay Beverages,57.0,6.0,797.4,2025-08-25 23:30:30+00:00,0.0,0.0,0.0,0.0
Finlay Beverages,57.0,6.0,797.4,2025-08-25 23:45:30+00:00,0.0,0.0,0.0,0.0
Finlay Beverages,57.0,6.0,797.4,2025-08-26 00:00:30+00:00,0.0,0.0,0.0,0.0
Finlay Beverages,57.0,6.0,797.4,2025-08-26 00:15:30+00:00,0.0,0.0,0.0,0.0
Finlay Beverages,57.0,6.0,797.4,2025-08-26 00:30:30+00:00,0.0,0.0,0.0,0.0
Finlay Beverages,57.0,6.0,797.4,2025-08-26 00:45:30+00:00,0.0,0.0,0.0,0.0
Finlay Beverages,57.0,6.0,797.4,2025-08-26 01:00:30+00:00,0.0,0.0,0.0,0.0
Finlay Beverages,57.0,6.0,797.4,2025-08-26 01:15:30+00:00,0.0,0.0,0.0,0.0
Finlay Beverages,57.0,6.0,797.4,2025-08-26 01:30:30+00:00,0.0,0.0,0.0,0.0
Finlay Beverages,57.0,6.0,797.4,2025-08-26 01:45:30+00:00,0.0,0.0,0.0,0.0
Finlay Beverages,57.0,6.0,797.4,2025-08-26 02:00:30+00:00,0.0,0.0,0.0,0.0
Finlay Beverages,57.0,6.0,797.4,2025-08-26 02:15:30+00:00,0.0,0.0,0.0,0.0
Finlay Beverages,57.0,6.0,797.4,2025-08-26 02:30:30+00:00,0.0,0.0,0.0,0.0
Finlay Beverages,57.0,6.0,797.4,2025-08-26 02:45:30+00:00,0.0,0.0,0.0,0.0
Finlay Beverages,57.0,6.0,797.4,2025-08-26 03:00:30+00:00,0.0,0.0,0.0,0.0
Finlay Beverages,57.0,6.0,797.4,2025-08-26 03:15:30+00:00,0.0,0.0,0.0,0.0
Finlay Beverages,57.0,6.0,797.4,2025-08-26 03:30:30+00:00,0.0,0.0,0.0,0.0
Finlay Beverages,57.0,6.0,797.4,2025-08-26 03:45:30+00:00,0.0,0.0,0.0,0.0
Finlay Beverages,57.0,6.0,797.4,2025-08-26 04:00:30+00:00,0.0,0.0,0.0,0.0
Finlay Beverages,57.0,6.0,797.4,2025-08-26 04:15:30+00:00,0.0,0.0,0.0,0.0
Finlay Beverages,57.0,6.0,797.4,2025-08-26 04:30:30+00:00,0.0,0.0,0.0,0.0
Finlay Beverages,57.0,6.0,797.4,2025-08-26 04:45:30+00:00,0.0,0.0,0.0,0.0
Finlay Beverages,57.0,6.0,797.4,2025-08-26 05:00:30+00:00,0.0,0.0,0.0,0.0
Finlay Beverages,57.0,6.0,797.4,2025-08-26 05:15:30+00:00,0.00025,0.00025,0.00075,0.00025
Finlay Beverages,57.0,6.0,797.4,2025-08-26 05:30:30+00:00,0.0005,0.00025,0.00225,0.0005
Finlay Beverages,57.0,6.0,797.4,2025-08-26 05:45:30+00:00,0.01875,0.00375,0.025,0.0145
Finlay Beverages,57.0,6.0,797.4,2025-08-26 06:00:30+00:00,0.0185,0.00375,0.033,0.016
Finlay Beverages,57.0,6.0,797.4,2025-08-26 06:15:30+00:00,0.01625,0.00325,0.0325,0.01575
Finlay Beverages,57.0,6.0,797.4,2025-08-26 06:30:30+00:00,0.00825,0.0035,0.033,0.00825
Finlay Beverages,57.0,6.0,797.4,2025-08-26 06:45:30+00:00,0.019,0.00425,0.0475,0.01875
Finlay Beverages,57.0,6.0,797.4,2025-08-26 07:00:30+00:00,0.0415,0.00825,0.05875,0.038
Finlay Beverages,57.0,6.0,797.4,2025-08-26 07:15:30+00:00,0.02625,0.006,0.06675,0.0255
Finlay Beverages,57.0,6.0,797.4,2025-08-26 07:30:30+00:00,0.0375,0.0075,0.0795,0.03625
Finlay Beverages,57.0,6.0,797.4,2025-08-26 07:45:30+00:00,0.064,0.01925,0.106,0.06
Finlay Beverages,57.0,6.0,797.4,2025-08-26 08:00:30+00:00,0.0875,0.0305,0.118,0.08125
Finlay Beverages,57.0,6.0,797.4,2025-08-26 08:15:30+00:00,0.07125,0.02475,0.11825,0.06825
Finlay Beverages,57.0,6.0,797.4,2025-08-26 08:30:30+00:00,0.05575,0.01375,0.11875,0.05475
Finlay Beverages,57.0,6.0,797.4,2025-08-26 08:45:30+00:00,0.073,0.02275,0.14075,0.0715
Finlay Beverages,57.0,6.0,797.4,2025-08-26 09:00:30+00:00,0.12325,0.049,0.15225,0.1185
Finlay Beverages,57.0,6.0,797.4,2025-08-26 09:15:30+00:00,0.14325,0.0875,0.161,0.1375
Finlay Beverages,57.0,6.0,797.4,2025-08-26 09:30:30+00:00,0.1435,0.10975,0.16675,0.13925
Finlay Beverages,57.0,6.0,797.4,2025-08-26 09:45:30+00:00,0.142,0.1285,0.16075,0.139
Finlay Beverages,57.0,6.0,797.4,2025-08-26 10:00:30+00:00,0.14825,0.13425,0.1625,0.1465
Finlay Beverages,57.0,6.0,797.4,2025-08-26 10:15:30+00:00,0.155,0.13925,0.16975,0.15425
Finlay Beverages,57.0,6.0,797.4,2025-08-26 10:30:30+00:00,0.1595,0.1405,0.177,0.16
Finlay Beverages,57.0,6.0,797.4,2025-08-26 10:45:30+00:00,0.16125,0.1295,0.1835,0.16325
Finlay Beverages,57.0,6.0,797.4,2025-08-26 11:00:30+00:00,0.149,0.119,0.19,0.1515
Finlay Beverages,57.0,6.0,797.4,2025-08-26 11:15:30+00:00,0.1655,0.088,0.191,0.1695
Finlay Beverages,57.0,6.0,797.4,2025-08-26 11:30:30+00:00,0.13275,0.061,0.19275,0.13625
Finlay Beverages,57.0,6.0,797.4,2025-08-26 11:45:30+00:00,0.11375,0.0225,0.18525,0.11675
Finlay Beverages,57.0,6.0,797.4,2025-08-26 12:00:30+00:00,0.05175,0.01425,0.17625,0.05275
Finlay Beverages,57.0,6.0,797.4,2025-08-26 12:15:30+00:00,0.107,0.02125,0.17325,0.11125
Finlay Beverages,57.0,6.0,797.4,2025-08-26 12:30:30+00:00,0.1215,0.041,0.18525,0.12675
Finlay Beverages,57.0,6.0,797.4,2025-08-26 12:45:30+00:00,0.11025,0.04775,0.18225,0.115
Finlay Beverages,57.0,6.0,797.4,2025-08-26 13:00:30+00:00,0.11175,0.034,0.15425,0.11725
Finlay Beverages,57.0,6.0,797.4,2025-08-26 13:15:30+00:00,0.06125,0.03025,0.15475,0.06325
Finlay Beverages,57.0,6.0,797.4,2025-08-26 13:30:30+00:00,0.099,0.01975,0.13725,0.105
Finlay Beverages,57.0,6.0,797.4,2025-08-26 13:45:30+00:00,0.057,0.01275,0.13975,0.0595
Finlay Beverages,57.0,6.0,797.4,2025-08-26 14:00:30+00:00,0.044,0.0125,0.14625,0.04525
Finlay Beverages,57.0,6.0,797.4,2025-08-26 14:15:30+00:00,0.105,0.02075,0.14475,0.11425
Finlay Beverages,57.0,6.0,797.4,2025-08-26 14:30:30+00:00,0.0835,0.0165,0.14275,0.0895
Finlay Beverages,57.0,6.0,797.4,2025-08-26 14:45:30+00:00,0.04,0.011,0.13875,0.04125
Finlay Beverages,57.0,6.0,797.4,2025-08-26 15:00:30+00:00,0.08475,0.017,0.1295,0.09375
Finlay Beverages,57.0,6.0,797.4,2025-08-26 15:15:30+00:00,0.09,0.0395,0.12275,0.10025
Finlay Beverages,57.0,6.0,797.4,2025-08-26 15:30:30+00:00,0.07875,0.0505,0.11525,0.0875
Finlay Beverages,57.0,6.0,797.4,2025-08-26 15:45:30+00:00,0.0805,0.05525,0.101,0.09225
Finlay Beverages,57.0,6.0,797.4,2025-08-26 16:00:30+00:00,0.07525,0.05675,0.09275,0.0885
Finlay Beverages,57.0,6.0,797.4,2025-08-26 16:15:30+00:00,0.07125,0.052,0.0815,0.0865
Finlay Beverages,57.0,6.0,797.4,2025-08-26 16:30:30+00:00,0.06375,0.0435,0.071,0.07975
Finlay Beverages,57.0,6.0,797.4,2025-08-26 16:45:30+00:00,0.0565,0.0285,0.06325,0.07
Finlay Beverages,57.0,6.0,797.4,2025-08-26 17:00:30+00:00,0.039,0.01275,0.05825,0.04525
Finlay Beverages,57.0,6.0,797.4,2025-08-26 17:15:30+00:00,0.0205,0.004,0.05075,0.02175
Finlay Beverages,57.0,6.0,797.4,2025-08-26 17:30:30+00:00,0.014,0.0035,0.03975,0.01425
Finlay Beverages,57.0,6.0,797.4,2025-08-26 17:45:30+00:00,0.01625,0.00325,0.03175,0.0185
Finlay Beverages,57.0,6.0,797.4,2025-08-26 18:00:30+00:00,0.0165,0.004,0.021,0.02175
Finlay Beverages,57.0,6.0,797.4,2025-08-26 18:15:30+00:00,0.01,0.00425,0.01125,0.01625
Finlay Beverages,57.0,6.0,797.4,2025-08-26 18:30:30+00:00,0.00475,0.00275,0.0055,0.0085
Finlay Beverages,57.0,6.0,797.4,2025-08-26 18:45:30+00:00,0.0025,0.00225,0.00275,0.00275
Finlay Beverages,57.0,6.0,797.4,2025-08-26 19:00:30+00:00,0.00025,0.00025,0.0005,0.00025
Finlay Beverages,57.0,6.0,797.4,2025-08-26 19:15:30+00:00,0.0,0.0,0.0,0.0
Finlay Beverages,57.0,6.0,797.4,2025-08-26 19:30:30+00:00,0.0,0.0,0.0,0.0
Finlay Beverages,57.0,6.0,797.4,2025-08-26 19:45:30+00:00,0.0,0.0,0.0,0.0
Finlay Beverages,57.0,6.0,797.4,2025-08-26 20:00:30+00:00,0.0,0.0,0.0,0.0
Finlay Beverages,57.0,6.0,797.4,2025-08-26 20:15:30+00:00,0.0,0.0,0.0,0.0
Finlay Beverages,57.0,6.0,797.4,2025-08-26 20:30:30+00:00,0.0,0.0,0.0,0.0
Finlay Beverages,57.0,6.0,797.4,2025-08-26 20:45:30+00:00,0.0,0.0,0.0,0.0
Finlay Beverages,57.0,6.0,797.4,2025-08-26 21:00:30+00:00,0.0,0.0,0.0,0.0
Finlay Beverages,57.0,6.0,797.4,2025-08-26 21:15:30+00:00,0.0,0.0,0.0,0.0
Finlay Beverages,57.0,6.0,797.4,2025-08-26 21:30:30+00:00,0.0,0.0,0.0,0.0
Finlay Beverages,57.0,6.0,797.4,2025-08-26 21:45:30+00:00,0.0,0.0,0.0,0.0
Finlay Beverages,57.0,6.0,797.4,2025-08-26 22:00:30+00:00,0.0,0.0,0.0,0.0
Finlay Beverages,57.0,6.0,797.4,2025-08-26 22:15:30+00:00,0.0,0.0,0.0,0.0
Finlay Beverages,57.0,6.0,797.4,2025-08-26 22:30:30+00:00,0.0,0.0,0.0,0.0
Finlay Beverages,57.0,6.0,797.4,2025-08-26 22:45:30+00:00,0.0,0.0,0.0,0.0
Finlay Beverages,57.0,6.0,797.4,2025-08-26 23:00:30+00:00,0.0,0.0,0.0,0.0
Finlay Beverages,57.0,6.0,797.4,2025-08-26 23:15:30+00:00,0.0,0.0,0.0,0.0
Finlay Beverages,57.0,6.0,797.4,2025-08-26 23:30:30+00:00,0.0,0.0,0.0,0.0
Finlay Beverages,57.0,6.0,797.4,2025-08-26 23:45:30+00:00,0.0,0.0,0.0,0.0
Finlay Beverages,57.0,6.0,797.4,2025-08-27 00:00:30+00:00,0.0,0.0,0.0,0.0
Finlay Beverages,57.0,6.0,797.4,2025-08-27 00:15:30+00:00,0.0,0.0,0.0,0.0
Finlay Beverages,57.0,6.0,797.4,2025-08-27 00:30:30+00:00,0.0,0.0,0.0,0.0
Finlay Beverages,57.0,6.0,797.4,2025-08-27 00:45:30+00:00,0.0,0.0,0.0,0.0
Finlay Beverages,57.0,6.0,797.4,2025-08-27 01:00:30+00:00,0.0,0.0,0.0,0.0
Finlay Beverages,57.0,6.0,797.4,2025-08-27 01:15:30+00:00,0.0,0.0,0.0,0.0
Finlay Beverages,57.0,6.0,797.4,2025-08-27 01:30:30+00:00,0.0,0.0,0.0,0.0
Finlay Beverages,57.0,6.0,797.4,2025-08-27 01:45:30+00:00,0.0,0.0,0.0,0.0
Finlay Beverages,57.0,6.0,797.4,2025-08-27 02:00:30+00:00,0.0,0.0,0.0,0.0
Finlay Beverages,57.0,6.0,797.4,2025-08-27 02:15:30+00:00,0.0,0.0,0.0,0.0
Finlay Beverages,57.0,6.0,797.4,2025-08-27 02:30:30+00:00,0.0,0.0,0.0,0.0
Finlay Beverages,57.0,6.0,797.4,2025-08-27 02:45:30+00:00,0.0,0.0,0.0,0.0
Finlay Beverages,57.0,6.0,797.4,2025-08-27 03:00:30+00:00,0.0,0.0,0.0,0.0
Finlay Beverages,57.0,6.0,797.4,2025-08-27 03:15:30+00:00,0.0,0.0,0.0,0.0
Finlay Beverages,57.0,6.0,797.4,2025-08-27 03:30:30+00:00,0.0,0.0,0.0,0.0
Finlay Beverages,57.0,6.0,797.4,2025-08-27 03:45:30+00:00,0.0,0.0,0.0,0.0
Finlay Beverages,57.0,6.0,797.4,2025-08-27 04:00:30+00:00,0.0,0.0,0.0,0.0
Finlay Beverages,57.0,6.0,797.4,2025-08-27 04:15:30+00:00,0.0,0.0,0.0,0.0
Finlay Beverages,57.0,6.0,797.4,2025-08-27 04:30:30+00:00,0.0,0.0,0.0,0.0
Finlay Beverages,57.0,6.0,797.4,2025-08-27 04:45:30+00:00,0.0,0.0,0.0,0.0
Finlay Beverages,57.0,6.0,797.4,2025-08-27 05:00:30+00:00,0.001,0.00075,0.00125,0.001
Finlay Beverages,57.0,6.0,797.4,2025-08-27 05:15:30+00:00,0.00275,0.00225,0.00375,0.00275
Finlay Beverages,57.0,6.0,797.4,2025-08-27 05:30:30+00:00,0.0105,0.007,0.01375,0.0075
Finlay Beverages,57.0,6.0,797.4,2025-08-27 05:45:30+00:00,0.02,0.014,0.02625,0.014
Finlay Beverages,57.0,6.0,797.4,2025-08-27 06:00:30+00:00,0.03125,0.02075,0.03775,0.023
Finlay Beverages,57.0,6.0,797.4,2025-08-27 06:15:30+00:00,0.042,0.0275,0.04875,0.032
Finlay Beverages,57.0,6.0,797.4,2025-08-27 06:30:30+00:00,0.04875,0.028,0.0585,0.0395
Finlay Beverages,57.0,6.0,797.4,2025-08-27 06:45:30+00:00,0.04325,0.02875,0.066,0.03775
Finlay Beverages,57.0,6.0,797.4,2025-08-27 07:00:30+00:00,0.056,0.03675,0.0775,0.049
Finlay Beverages,57.0,6.0,797.4,2025-08-27 07:15:30+00:00,0.08125,0.05275,0.0905,0.0705
Finlay Beverages,57.0,6.0,797.4,2025-08-27 07:30:30+00:00,0.09275,0.0735,0.10175,0.081
Finlay Beverages,57.0,6.0,797.4,2025-08-27 07:45:30+00:00,0.10125,0.09025,0.1125,0.08925
Finlay Beverages,57.0,6.0,797.4,2025-08-27 08:00:30+00:00,0.10975,0.10425,0.115,0.0985
Finlay Beverages,57.0,6.0,797.4,2025-08-27 08:15:30+00:00,0.11775,0.11125,0.124,0.1075
Finlay Beverages,57.0,6.0,797.4,2025-08-27 08:30:30+00:00,0.12525,0.11125,0.139,0.11575
Finlay Beverages,57.0,6.0,797.4,2025-08-27 08:45:30+00:00,0.13175,0.0955,0.14675,0.1235
Finlay Beverages,57.0,6.0,797.4,2025-08-27 09:00:30+00:00,0.13375,0.07275,0.15325,0.12725
Finlay Beverages,57.0,6.0,797.4,2025-08-27 09:15:30+00:00,0.11825,0.036,0.159,0.11475
Finlay Beverages,57.0,6.0,797.4,2025-08-27 09:30:30+00:00,0.06625,0.0235,0.15875,0.06575
Finlay Beverages,57.0,6.0,797.4,2025-08-27 09:45:30+00:00,0.091,0.02075,0.158,0.09
Finlay Beverages,57.0,6.0,797.4,2025-08-27 10:00:30+00:00,0.10925,0.045,0.1675,0.1085
Finlay Beverages,57.0,6.0,797.4,2025-08-27 10:15:30+00:00,0.1175,0.071,0.1775,0.1175
Finlay Beverages,57.0,6.0,797.4,2025-08-27 10:30:30+00:00,0.14475,0.078,0.18475,0.1455
Finlay Beverages,57.0,6.0,797.4,2025-08-27 10:45:30+00:00,0.14225,0.066,0.18775,0.144
Finlay Beverages,57.0,6.0,797.4,2025-08-27 11:00:30+00:00,0.1155,0.023,0.19025,0.11725
Finlay Beverages,57.0,6.0,797.4,2025-08-27 11:15:30+00:00,0.06,0.01425,0.174,0.06075
Finlay Beverages,57.0,6.0,797.4,2025-08-27 11:30:30+00:00,0.091,0.018,0.1455,0.09275
Finlay Beverages,57.0,6.0,797.4,2025-08-27 11:45:30+00:00,0.0595,0.01425,0.13025,0.0605
Finlay Beverages,57.0,6.0,797.4,2025-08-27 12:00:30+00:00,0.041,0.0145,0.0995,0.0415
Finlay Beverages,57.0,6.0,797.4,2025-08-27 12:15:30+00:00,0.04225,0.0145,0.09225,0.04275
Finlay Beverages,57.0,6.0,797.4,2025-08-27 12:30:30+00:00,0.0585,0.0155,0.09825,0.05925
Finlay Beverages,57.0,6.0,797.4,2025-08-27 12:45:30+00:00,0.06925,0.014,0.10975,0.07075
Finlay Beverages,57.0,6.0,797.4,2025-08-27 13:00:30+00:00,0.05425,0.014,0.1075,0.05525
Finlay Beverages,57.0,6.0,797.4,2025-08-27 13:15:30+00:00,0.02675,0.01375,0.0905,0.02725
Finlay Beverages,57.0,6.0,797.4,2025-08-27 13:30:30+00:00,0.01225,0.008,0.0495,0.0125
Finlay Beverages,57.0,6.0,797.4,2025-08-27 13:45:30+00:00,0.027,0.013,0.10175,0.02725
Finlay Beverages,57.0,6.0,797.4,2025-08-27 14:00:30+00:00,0.05475,0.0125,0.13725,0.0565
Finlay Beverages,57.0,6.0,797.4,2025-08-27 14:15:30+00:00,0.0995,0.02625,0.1545,0.10825
Finlay Beverages,57.0,6.0,797.4,2025-08-27 14:30:30+00:00,0.12675,0.0595,0.14325,0.14225
Finlay Beverages,57.0,6.0,797.4,2025-08-27 14:45:30+00:00,0.12225,0.0835,0.1335,0.14025
Finlay Beverages,57.0,6.0,797.4,2025-08-27 15:00:30+00:00,0.114,0.09475,0.1245,0.13275
Finlay Beverages,57.0,6.0,797.4,2025-08-27 15:15:30+00:00,0.10625,0.08275,0.11625,0.12475
Finlay Beverages,57.0,6.0,797.4,2025-08-27 15:30:30+00:00,0.0945,0.0625,0.1085,0.111
Finlay Beverages,57.0,6.0,797.4,2025-08-27 15:45:30+00:00,0.088,0.032,0.101,0.1025
Finlay Beverages,57.0,6.0,797.4,2025-08-27 16:00:30+00:00,0.0485,0.01275,0.0985,0.05325
Finlay Beverages,57.0,6.0,797.4,2025-08-27 16:15:30+00:00,0.028,0.007,0.07225,0.02875
Finlay Beverages,57.0,6.0,797.4,2025-08-27 16:30:30+00:00,0.01,0.00625,0.04025,0.01025
Finlay Beverages,57.0,6.0,797.4,2025-08-27 16:45:30+00:00,0.03375,0.00675,0.06175,0.0385
Finlay Beverages,57.0,6.0,797.4,2025-08-27 17:00:30+00:00,0.04575,0.01525,0.05325,0.0575
Finlay Beverages,57.0,6.0,797.4,2025-08-27 17:15:30+00:00,0.03925,0.021,0.0425,0.052
Finlay Beverages,57.0,6.0,797.4,2025-08-27 17:30:30+00:00,0.029,0.01975,0.03425,0.039
Finlay Beverages,57.0,6.0,797.4,2025-08-27 17:45:30+00:00,0.022,0.01675,0.0255,0.03125
Finlay Beverages,57.0,6.0,797.4,2025-08-27 18:00:30+00:00,0.0155,0.01125,0.01675,0.024
Finlay Beverages,57.0,6.0,797.4,2025-08-27 18:15:30+00:00,0.00875,0.0065,0.00975,0.01575
Finlay Beverages,57.0,6.0,797.4,2025-08-27 18:30:30+00:00,0.00475,0.0035,0.00525,0.00775
Finlay Beverages,57.0,6.0,797.4,2025-08-27 18:45:30+00:00,0.002,0.00125,0.002,0.00225
Finlay Beverages,57.0,6.0,797.4,2025-08-27 19:00:30+00:00,0.0,0.0,0.0,0.0
Finlay Beverages,57.0,6.0,797.4,2025-08-27 19:15:30+00:00,0.0,0.0,0.0,0.0
Finlay Beverages,57.0,6.0,797.4,2025-08-27 19:30:30+00:00,0.0,0.0,0.0,0.0
Finlay Beverages,57.0,6.0,797.4,2025-08-27 19:45:30+00:00,0.0,0.0,0.0,0.0
Finlay Beverages,57.0,6.0,797.4,2025-08-27 20:00:30+00:00,0.0,0.0,0.0,0.0
Finlay Beverages,57.0,6.0,797.4,2025-08-27 20:15:30+00:00,0.0,0.0,0.0,0.0
Finlay Beverages,57.0,6.0,797.4,2025-08-27 20:30:30+00:00,0.0,0.0,0.0,0.0
Finlay Beverages,57.0,6.0,797.4,2025-08-27 20:45:30+00:00,0.0,0.0,0.0,0.0
Finlay Beverages,57.0,6.0,797.4,2025-08-27 21:00:30+00:00,0.0,0.0,0.0,0.0
Finlay Beverages,57.0,6.0,797.4,2025-08-27 21:15:30+00:00,0.0,0.0,0.0,0.0
Finlay Beverages,57.0,6.0,797.4,2025-08-27 21:30:30+00:00,0.0,0.0,0.0,0.0
Finlay Beverages,57.0,6.0,797.4,2025-08-27 21:45:30+00:00,0.0,0.0,0.0,0.0
Finlay Beverages,57.0,6.0,797.4,2025-08-27 22:00:30+00:00,0.0,0.0,0.0,0.0
Finlay Beverages,57.0,6.0,797.4,2025-08-27 22:15:30+00:00,0.0,0.0,0.0,0.0
Finlay Beverages,57.0,6.0,797.4,2025-08-27 22:30:30+00:00,0.0,0.0,0.0,0.0
Finlay Beverages,57.0,6.0,797.4,2025-08-27 22:45:30+00:00,0.0,0.0,0.0,0.0
Finlay Beverages,57.0,6.0,797.4,2025-08-27 23:00:30+00:00,0.0,0.0,0.0,0.0
Finlay Beverages,57.0,6.0,797.4,2025-08-27 23:15:30+00:00,0.0,0.0,0.0,0.0
Finlay Beverages,57.0,6.0,797.4,2025-08-27 23:30:30+00:00,0.0,0.0,0.0,0.0
Finlay Beverages,57.0,6.0,797.4,2025-08-27 23:45:30+00:00,0.0,0.0,0.0,0.0
Finlay Beverages,57.0,6.0,797.4,2025-08-28 00:00:30+00:00,0.0,0.0,0.0,0.0
Finlay Beverages,57.0,6.0,797.4,2025-08-28 00:15:30+00:00,0.0,0.0,0.0,0.0
Finlay Beverages,57.0,6.0,797.4,2025-08-28 00:30:30+00:00,0.0,0.0,0.0,0.0
Finlay Beverages,57.0,6.0,797.4,2025-08-28 00:45:30+00:00,0.0,0.0,0.0,0.0
Finlay Beverages,57.0,6.0,797.4,2025-08-28 01:00:30+00:00,0.0,0.0,0.0,0.0
Finlay Beverages,57.0,6.0,797.4,2025-08-28 01:15:30+00:00,0.0,0.0,0.0,0.0
Finlay Beverages,57.0,6.0,797.4,2025-08-28 01:30:30+00:00,0.0,0.0,0.0,0.0
Finlay Beverages,57.0,6.0,797.4,2025-08-28 01:45:30+00:00,0.0,0.0,0.0,0.0
Finlay Beverages,57.0,6.0,797.4,2025-08-28 02:00:30+00:00,0.0,0.0,0.0,0.0
Finlay Beverages,57.0,6.0,797.4,2025-08-28 02:15:30+00:00,0.0,0.0,0.0,0.0
Finlay Beverages,57.0,6.0,797.4,2025-08-28 02:30:30+00:00,0.0,0.0,0.0,0.0
Finlay Beverages,57.0,6.0,797.4,2025-08-28 02:45:30+00:00,0.0,0.0,0.0,0.0
Finlay Beverages,57.0,6.0,797.4,2025-08-28 03:00:30+00:00,0.0,0.0,0.0,0.0
Finlay Beverages,57.0,6.0,797.4,2025-08-28 03:15:30+00:00,0.0,0.0,0.0,0.0
Finlay Beverages,57.0,6.0,797.4,2025-08-28 03:30:30+00:00,0.0,0.0,0.0,0.0
Finlay Beverages,57.0,6.0,797.4,2025-08-28 03:45:30+00:00,0.0,0.0,0.0,0.0
Finlay Beverages,57.0,6.0,797.4,2025-08-28 04:00:30+00:00,0.0,0.0,0.0,0.0
Finlay Beverages,57.0,6.0,797.4,2025-08-28 04:15:30+00:00,0.0,0.0,0.0,0.0
Finlay Beverages,57.0,6.0,797.4,2025-08-28 04:30:30+00:00,0.0,0.0,0.0,0.0
Finlay Beverages,57.0,6.0,797.4,2025-08-28 04:45:30+00:00,0.0,0.0,0.0,0.0
Finlay Beverages,57.0,6.0,797.4,2025-08-28 05:00:30+00:00,0.0,0.0,0.0,0.0
Finlay Beverages,57.0,6.0,797.4,2025-08-28 05:15:30+00:00,0.00275,0.00225,0.00325,0.00275
Finlay Beverages,57.0,6.0,797.4,2025-08-28 05:30:30+00:00,0.01275,0.009,0.0155,0.00775
Finlay Beverages,57.0,6.0,797.4,2025-08-28 05:45:30+00:00,0.02375,0.0155,0.028,0.015
Finlay Beverages,57.0,6.0,797.4,2025-08-28 06:00:30+00:00,0.03025,0.01875,0.037,0.02225
Finlay Beverages,57.0,6.0,797.4,2025-08-28 06:15:30+00:00,0.03225,0.0245,0.0455,0.02625
Finlay Beverages,57.0,6.0,797.4,2025-08-28 06:30:30+00:00,0.047,0.03225,0.0575,0.038
Finlay Beverages,57.0,6.0,797.4,2025-08-28 06:45:30+00:00,0.0535,0.0395,0.066,0.0445
Finlay Beverages,57.0,6.0,797.4,2025-08-28 07:00:30+00:00,0.056,0.04375,0.07,0.0485
Finlay Beverages,57.0,6.0,797.4,2025-08-28 07:15:30+00:00,0.06175,0.04975,0.076,0.05475
Finlay Beverages,57.0,6.0,797.4,2025-08-28 07:30:30+00:00,0.07075,0.05975,0.086,0.06375
Finlay Beverages,57.0,6.0,797.4,2025-08-28 07:45:30+00:00,0.087,0.06875,0.10025,0.07825
Finlay Beverages,57.0,6.0,797.4,2025-08-28 08:00:30+00:00,0.094,0.0755,0.111,0.08575
Finlay Beverages,57.0,6.0,797.4,2025-08-28 08:15:30+00:00,0.09775,0.08225,0.123,0.09125
Finlay Beverages,57.0,6.0,797.4,2025-08-28 08:30:30+00:00,0.11825,0.0935,0.13725,0.11025
Finlay Beverages,57.0,6.0,797.4,2025-08-28 08:45:30+00:00,0.1295,0.10975,0.146,0.12125
Finlay Beverages,57.0,6.0,797.4,2025-08-28 09:00:30+00:00,0.13875,0.12125,0.1535,0.13125
Finlay Beverages,57.0,6.0,797.4,2025-08-28 09:15:30+00:00,0.145,0.12925,0.15625,0.139
Finlay Beverages,57.0,6.0,797.4,2025-08-28 09:30:30+00:00,0.14425,0.12175,0.166,0.1395
Finlay Beverages,57.0,6.0,797.4,2025-08-28 09:45:30+00:00,0.14575,0.11625,0.1715,0.1425
Finlay Beverages,57.0,6.0,797.4,2025-08-28 10:00:30+00:00,0.15075,0.10325,0.176,0.149
Finlay Beverages,57.0,6.0,797.4,2025-08-28 10:15:30+00:00,0.125,0.099,0.16975,0.12475
Finlay Beverages,57.0,6.0,797.4,2025-08-28 10:30:30+00:00,0.1275,0.10225,0.163,0.128
Finlay Beverages,57.0,6.0,797.4,2025-08-28 10:45:30+00:00,0.145,0.113,0.165,0.1465
Finlay Beverages,57.0,6.0,797.4,2025-08-28 11:00:30+00:00,0.1445,0.1225,0.1625,0.147
Finlay Beverages,57.0,6.0,797.4,2025-08-28 11:15:30+00:00,0.13775,0.11775,0.16625,0.141
Finlay Beverages,57.0,6.0,797.4,2025-08-28 11:30:30+00:00,0.1435,0.11175,0.167,0.148
Finlay Beverages,57.0,6.0,797.4,2025-08-28 11:45:30+00:00,0.137,0.10075,0.16525,0.14175
Finlay Beverages,57.0,6.0,797.4,2025-08-28 12:00:30+00:00,0.1185,0.08775,0.168,0.1225
Finlay Beverages,57.0,6.0,797.4,2025-08-28 12:15:30+00:00,0.12625,0.06725,0.17775,0.13175
Finlay Beverages,57.0,6.0,797.4,2025-08-28 12:30:30+00:00,0.1225,0.0405,0.18125,0.128
Finlay Beverages,57.0,6.0,797.4,2025-08-28 12:45:30+00:00,0.084,0.01675,0.164,0.08675
Finlay Beverages,57.0,6.0,797.4,2025-08-28 13:00:30+00:00,0.053,0.01375,0.14025,0.054
Finlay Beverages,57.0,6.0,797.4,2025-08-28 13:15:30+00:00,0.071,0.01425,0.1255,0.07325
Finlay Beverages,57.0,6.0,797.4,2025-08-28 13:30:30+00:00,0.06875,0.03125,0.126,0.071
Finlay Beverages,57.0,6.0,797.4,2025-08-28 13:45:30+00:00,0.09275,0.03925,0.1175,0.09825
Finlay Beverages,57.0,6.0,797.4,2025-08-28 14:00:30+00:00,0.07575,0.0465,0.10975,0.07925
Finlay Beverages,57.0,6.0,797.4,2025-08-28 14:15:30+00:00,0.065,0.0405,0.0975,0.0675
Finlay Beverages,57.0,6.0,797.4,2025-08-28 14:30:30+00:00,0.065,0.0385,0.092,0.06775
Finlay Beverages,57.0,6.0,797.4,2025-08-28 14:45:30+00:00,0.0655,0.02475,0.0935,0.069
Finlay Beverages,57.0,6.0,797.4,2025-08-28 15:00:30+00:00,0.04775,0.01025,0.0955,0.04925
Finlay Beverages,57.0,6.0,797.4,2025-08-28 15:15:30+00:00,0.03925,0.00975,0.107,0.04025
Finlay Beverages,57.0,6.0,797.4,2025-08-28 15:30:30+00:00,0.07325,0.01525,0.10125,0.08225
Finlay Beverages,57.0,6.0,797.4,2025-08-28 15:45:30+00:00,0.066,0.0305,0.097,0.073
Finlay Beverages,57.0,6.0,797.4,2025-08-28 16:00:30+00:00,0.05175,0.0325,0.0795,0.05575
Finlay Beverages,57.0,6.0,797.4,2025-08-28 16:15:30+00:00,0.048,0.03375,0.06025,0.052
Finlay Beverages,57.0,6.0,797.4,2025-08-28 16:30:30+00:00,0.04175,0.0325,0.05575,0.04525
Finlay Beverages,57.0,6.0,797.4,2025-08-28 16:45:30+00:00,0.04075,0.02125,0.05275,0.0465
Finlay Beverages,57.0,6.0,797.4,2025-08-28 17:00:30+00:00,0.0315,0.0125,0.053,0.03525
Finlay Beverages,57.0,6.0,797.4,2025-08-28 17:15:30+00:00,0.02475,0.005,0.04425,0.028
Finlay Beverages,57.0,6.0,797.4,2025-08-28 17:30:30+00:00,0.008,0.003,0.03175,0.00875
Finlay Beverages,57.0,6.0,797.4,2025-08-28 17:45:30+00:00,0.00175,0.00125,0.0075,0.002
Finlay Beverages,57.0,6.0,797.4,2025-08-28 18:00:30+00:00,0.004,0.00175,0.0155,0.004
Finlay Beverages,57.0,6.0,797.4,2025-08-28 18:15:30+00:00,0.007,0.0015,0.012,0.0085
Finlay Beverages,57.0,6.0,797.4,2025-08-28 18:30:30+00:00,0.00475,0.001,0.0075,0.005
Finlay Beverages,57.0,6.0,797.4,2025-08-28 18:45:30+00:00,0.001,0.0005,0.00175,0.001
Finlay Beverages,57.0,6.0,797.4,2025-08-28 19:00:30+00:00,0.0,0.0,0.0,0.0
Finlay Beverages,57.0,6.0,797.4,2025-08-28 19:15:30+00:00,0.0,0.0,0.0,0.0
Finlay Beverages,57.0,6.0,797.4,2025-08-28 19:30:30+00:00,0.0,0.0,0.0,0.0
Finlay Beverages,57.0,6.0,797.4,2025-08-28 19:45:30+00:00,0.0,0.0,0.0,0.0
Finlay Beverages,57.0,6.0,797.4,2025-08-28 20:00:30+00:00,0.0,0.0,0.0,0.0
Finlay Beverages,57.0,6.0,797.4,2025-08-28 20:15:30+00:00,0.0,0.0,0.0,0.0
Finlay Beverages,57.0,6.0,797.4,2025-08-28 20:30:30+00:00,0.0,0.0,0.0,0.0
Finlay Beverages,57.0,6.0,797.4,2025-08-28 20:45:30+00:00,0.0,0.0,0.0,0.0
Finlay Beverages,57.0,6.0,797.4,2025-08-28 21:00:30+00:00,0.0,0.0,0.0,0.0
Finlay Beverages,57.0,6.0,797.4,2025-08-28 21:15:30+00:00,0.0,0.0,0.0,0.0
Finlay Beverages,57.0,6.0,797.4,2025-08-28 21:30:30+00:00,0.0,0.0,0.0,0.0
Finlay Beverages,57.0,6.0,797.4,2025-08-28 21:45:30+00:00,0.0,0.0,0.0,0.0
Finlay Beverages,57.0,6.0,797.4,2025-08-28 22:00:30+00:00,0.0,0.0,0.0,0.0
Finlay Beverages,57.0,6.0,797.4,2025-08-28 22:15:30+00:00,0.0,0.0,0.0,0.0
Finlay Beverages,57.0,6.0,797.4,2025-08-28 22:30:30+00:00,0.0,0.0,0.0,0.0
Finlay Beverages,57.0,6.0,797.4,2025-08-28 22:45:30+00:00,0.0,0.0,0.0,0.0
Finlay Beverages,57.0,6.0,797.4,2025-08-28 23:00:30+00:00,0.0,0.0,0.0,0.0
Finlay Beverages,57.0,6.0,797.4,2025-08-28 23:15:30+00:00,0.0,0.0,0.0,0.0
Finlay Beverages,57.0,6.0,797.4,2025-08-28 23:30:30+00:00,0.0,0.0,0.0,0.0
Finlay Beverages,57.0,6.0,797.4,2025-08-28 23:45:30+00:00,0.0,0.0,0.0,0.0
Finlay Beverages,57.0,6.0,797.4,2025-08-29 00:00:30+00:00,0.0,0.0,0.0,0.0
Finlay Beverages,57.0,6.0,797.4,2025-08-29 00:15:30+00:00,0.0,0.0,0.0,0.0
Finlay Beverages,57.0,6.0,797.4,2025-08-29 00:30:30+00:00,0.0,0.0,0.0,0.0
Finlay Beverages,57.0,6.0,797.4,2025-08-29 00:45:30+00:00,0.0,0.0,0.0,0.0
Finlay Beverages,57.0,6.0,797.4,2025-08-29 01:00:30+00:00,0.0,0.0,0.0,0.0
Finlay Beverages,57.0,6.0,797.4,2025-08-29 01:15:30+00:00,0.0,0.0,0.0,0.0
Finlay Beverages,57.0,6.0,797.4,2025-08-29 01:30:30+00:00,0.0,0.0,0.0,0.0
Finlay Beverages,57.0,6.0,797.4,2025-08-29 01:45:30+00:00,0.0,0.0,0.0,0.0
Finlay Beverages,57.0,6.0,797.4,2025-08-29 02:00:30+00:00,0.0,0.0,0.0,0.0
Finlay Beverages,57.0,6.0,797.4,2025-08-29 02:15:30+00:00,0.0,0.0,0.0,0.0
Finlay Beverages,57.0,6.0,797.4,2025-08-29 02:30:30+00:00,0.0,0.0,0.0,0.0
Finlay Beverages,57.0,6.0,797.4,2025-08-29 02:45:30+00:00,0.0,0.0,0.0,0.0
Finlay Beverages,57.0,6.0,797.4,2025-08-29 03:00:30+00:00,0.0,0.0,0.0,0.0
Finlay Beverages,57.0,6.0,797.4,2025-08-29 03:15:30+00:00,0.0,0.0,0.0,0.0
Finlay Beverages,57.0,6.0,797.4,2025-08-29 03:30:30+00:00,0.0,0.0,0.0,0.0
Finlay Beverages,57.0,6.0,797.4,2025-08-29 03:45:30+00:00,0.0,0.0,0.0,0.0
Finlay Beverages,57.0,6.0,797.4,2025-08-29 04:00:30+00:00,0.0,0.0,0.0,0.0
Finlay Beverages,57.0,6.0,797.4,2025-08-29 04:15:30+00:00,0.0,0.0,0.0,0.0
Finlay Beverages,57.0,6.0,797.4,2025-08-29 04:30:30+00:00,0.0,0.0,0.0,0.0
Finlay Beverages,57.0,6.0,797.4,2025-08-29 04:45:30+00:00,0.0,0.0,0.0,0.0
Finlay Beverages,57.0,6.0,797.4,2025-08-29 05:00:30+00:00,0.0,0.0,0.0,0.0
Finlay Beverages,57.0,6.0,797.4,2025-08-29 05:15:30+00:00,0.00075,0.00025,0.00225,0.00075
Finlay Beverages,57.0,6.0,797.4,2025-08-29 05:30:30+00:00,0.0025,0.0005,0.00575,0.00275
Finlay Beverages,57.0,6.0,797.4,2025-08-29 05:45:30+00:00,0.005,0.00125,0.01175,0.00525
Finlay Beverages,57.0,6.0,797.4,2025-08-29 06:00:30+00:00,0.0095,0.002,0.01975,0.0095
Finlay Beverages,57.0,6.0,797.4,2025-08-29 06:15:30+00:00,0.01575,0.00475,0.03175,0.015
Finlay Beverages,57.0,6.0,797.4,2025-08-29 06:30:30+00:00,0.03175,0.013,0.0455,0.02775
Finlay Beverages,57.0,6.0,797.4,2025-08-29 06:45:30+00:00,0.0375,0.01675,0.0525,0.0335
Finlay Beverages,57.0,6.0,797.4,2025-08-29 07:00:30+00:00,0.033,0.0205,0.0585,0.03125
Finlay Beverages,57.0,6.0,797.4,2025-08-29 07:15:30+00:00,0.05125,0.028,0.0735,0.04675
Finlay Beverages,57.0,6.0,797.4,2025-08-29 07:30:30+00:00,0.06725,0.0345,0.08525,0.061
Finlay Beverages,57.0,6.0,797.4,2025-08-29 07:45:30+00:00,0.05825,0.03375,0.08725,0.055
Finlay Beverages,57.0,6.0,797.4,2025-08-29 08:00:30+00:00,0.0565,0.03225,0.0815,0.05475
Finlay Beverages,57.0,6.0,797.4,2025-08-29 08:15:30+00:00,0.0565,0.03175,0.08825,0.055
Finlay Beverages,57.0,6.0,797.4,2025-08-29 08:30:30+00:00,0.06725,0.03675,0.101,0.0655
Finlay Beverages,57.0,6.0,797.4,2025-08-29 08:45:30+00:00,0.083,0.044,0.129,0.0805
Finlay Beverages,57.0,6.0,797.4,2025-08-29 09:00:30+00:00,0.109,0.04475,0.1435,0.105
Finlay Beverages,57.0,6.0,797.4,2025-08-29 09:15:30+00:00,0.08775,0.033,0.14375,0.086
Finlay Beverages,57.0,6.0,797.4,2025-08-29 09:30:30+00:00,0.06825,0.0225,0.1245,0.068
Finlay Beverages,57.0,6.0,797.4,2025-08-29 09:45:30+00:00,0.0645,0.0175,0.11925,0.06475
Finlay Beverages,57.0,6.0,797.4,2025-08-29 10:00:30+00:00,0.0725,0.0295,0.131,0.0725
Finlay Beverages,57.0,6.0,797.4,2025-08-29 10:15:30+00:00,0.103,0.041,0.16025,0.103
Finlay Beverages,57.0,6.0,797.4,2025-08-29 10:30:30+00:00,0.12525,0.046,0.17075,0.12575
Finlay Beverages,57.0,6.0,797.4,2025-08-29 10:45:30+00:00,0.09575,0.03175,0.16175,0.09675
Finlay Beverages,57.0,6.0,797.4,2025-08-29 11:00:30+00:00,0.06875,0.027,0.14175,0.0695
Finlay Beverages,57.0,6.0,797.4,2025-08-29 11:15:30+00:00,0.0875,0.038,0.136,0.089
Finlay Beverages,57.0,6.0,797.4,2025-08-29 11:30:30+00:00,0.10375,0.0455,0.14575,0.106
Finlay Beverages,57.0,6.0,797.4,2025-08-29 11:45:30+00:00,0.09525,0.03375,0.16275,0.0975
Finlay Beverages,57.0,6.0,797.4,2025-08-29 12:00:30+00:00,0.09425,0.01875,0.1525,0.097
Finlay Beverages,57.0,6.0,797.4,2025-08-29 12:15:30+00:00,0.0395,0.014,0.13575,0.04025
Finlay Beverages,57.0,6.0,797.4,2025-08-29 12:30:30+00:00,0.027,0.014,0.10825,0.02725
Finlay Beverages,57.0,6.0,797.4,2025-08-29 12:45:30+00:00,0.09375,0.01875,0.15575,0.098
Finlay Beverages,57.0,6.0,797.4,2025-08-29 13:00:30+00:00,0.101,0.02675,0.16725,0.10575
Finlay Beverages,57.0,6.0,797.4,2025-08-29 13:15:30+00:00,0.0955,0.0265,0.14525,0.09975
Finlay Beverages,57.0,6.0,797.4,2025-08-29 13:30:30+00:00,0.061,0.01525,0.12575,0.06275
Finlay Beverages,57.0,6.0,797.4,2025-08-29 13:45:30+00:00,0.05375,0.01275,0.12025,0.055
Finlay Beverages,57.0,6.0,797.4,2025-08-29 14:00:30+00:00,0.05975,0.01225,0.1405,0.06175
Finlay Beverages,57.0,6.0,797.4,2025-08-29 14:15:30+00:00,0.10125,0.022,0.14975,0.1105
Finlay Beverages,57.0,6.0,797.4,2025-08-29 14:30:30+00:00,0.0985,0.0485,0.14425,0.108
Finlay Beverages,57.0,6.0,797.4,2025-08-29 14:45:30+00:00,0.09625,0.06375,0.1355,0.10675
Finlay Beverages,57.0,6.0,797.4,2025-08-29 15:00:30+00:00,0.10175,0.07575,0.117,0.116
Finlay Beverages,57.0,6.0,797.4,2025-08-29 15:15:30+00:00,0.09325,0.0695,0.11,0.10675
Finlay Beverages,57.0,6.0,797.4,2025-08-29 15:30:30+00:00,0.07625,0.06,0.1045,0.08575
Finlay Beverages,57.0,6.0,797.4,2025-08-29 15:45:30+00:00,0.07375,0.05275,0.0995,0.0845
Finlay Beverages,57.0,6.0,797.4,2025-08-29 16:00:30+00:00,0.0755,0.052,0.0875,0.091
Finlay Beverages,57.0,6.0,797.4,2025-08-29 16:15:30+00:00,0.06875,0.05325,0.076,0.0865
Finlay Beverages,57.0,6.0,797.4,2025-08-29 16:30:30+00:00,0.0595,0.0505,0.06625,0.07675
Finlay Beverages,57.0,6.0,797.4,2025-08-29 16:45:30+00:00,0.05125,0.045,0.05675,0.06775
Finlay Beverages,57.0,6.0,797.4,2025-08-29 17:00:30+00:00,0.04275,0.03675,0.04725,0.058
Finlay Beverages,57.0,6.0,797.4,2025-08-29 17:15:30+00:00,0.035,0.029,0.03825,0.0495
Finlay Beverages,57.0,6.0,797.4,2025-08-29 17:30:30+00:00,0.027,0.02125,0.02925,0.0405
Finlay Beverages,57.0,6.0,797.4,2025-08-29 17:45:30+00:00,0.0195,0.014,0.021,0.0315
Finlay Beverages,57.0,6.0,797.4,2025-08-29 18:00:30+00:00,0.01275,0.0075,0.0135,0.023
Finlay Beverages,57.0,6.0,797.4,2025-08-29 18:15:30+00:00,0.00725,0.00425,0.00925,0.0115
Finlay Beverages,57.0,6.0,797.4,2025-08-29 18:30:30+00:00,0.00425,0.00225,0.0065,0.00475
Finlay Beverages,57.0,6.0,797.4,2025-08-29 18:45:30+00:00,0.00075,0.00075,0.00125,0.001
Finlay Beverages,57.0,6.0,797.4,2025-08-29 19:00:30+00:00,0.0,0.0,0.0,0.0
Finlay Beverages,57.0,6.0,797.4,2025-08-29 19:15:30+00:00,0.0,0.0,0.0,0.0
Finlay Beverages,57.0,6.0,797.4,2025-08-29 19:30:30+00:00,0.0,0.0,0.0,0.0
Finlay Beverages,57.0,6.0,797.4,2025-08-29 19:45:30+00:00,0.0,0.0,0.0,0.0
Finlay Beverages,57.0,6.0,797.4,2025-08-29 20:00:30+00:00,0.0,0.0,0.0,0.0
Finlay Beverages,57.0,6.0,797.4,2025-08-29 20:15:30+00:00,0.0,0.0,0.0,0.0
Finlay Beverages,57.0,6.0,797.4,2025-08-29 20:30:30+00:00,0.0,0.0,0.0,0.0
Finlay Beverages,57.0,6.0,797.4,2025-08-29 20:45:30+00:00,0.0,0.0,0.0,0.0
Finlay Beverages,57.0,6.0,797.4,2025-08-29 21:00:30+00:00,0.0,0.0,0.0,0.0
Finlay Beverages,57.0,6.0,797.4,2025-08-29 21:15:30+00:00,0.0,0.0,0.0,0.0
Finlay Beverages,57.0,6.0,797.4,2025-08-29 21:30:30+00:00,0.0,0.0,0.0,0.0
Finlay Beverages,57.0,6.0,797.4,2025-08-29 21:45:30+00:00,0.0,0.0,0.0,0.0
Finlay Beverages,57.0,6.0,797.4,2025-08-29 22:00:30+00:00,0.0,0.0,0.0,0.0
Finlay Beverages,57.0,6.0,797.4,2025-08-29 22:15:30+00:00,0.0,0.0,0.0,0.0
Finlay Beverages,57.0,6.0,797.4,2025-08-29 22:30:30+00:00,0.0,0.0,0.0,0.0
Finlay Beverages,57.0,6.0,797.4,2025-08-29 22:45:30+00:00,0.0,0.0,0.0,0.0
Finlay Beverages,57.0,6.0,797.4,2025-08-29 23:00:30+00:00,0.0,0.0,0.0,0.0
Finlay Beverages,57.0,6.0,797.4,2025-08-29 23:15:30+00:00,0.0,0.0,0.0,0.0
Finlay Beverages,57.0,6.0,797.4,2025-08-29 23:30:30+00:00,0.0,0.0,0.0,0.0
Finlay Beverages,57.0,6.0,797.4,2025-08-29 23:45:30+00:00,0.0,0.0,0.0,0.0
Finlay Beverages,57.0,6.0,797.4,2025-08-30 00:00:30+00:00,0.0,0.0,0.0,0.0
Finlay Beverages,57.0,6.0,797.4,2025-08-30 00:15:30+00:00,0.0,0.0,0.0,0.0
Finlay Beverages,57.0,6.0,797.4,2025-08-30 00:30:30+00:00,0.0,0.0,0.0,0.0
Finlay Beverages,57.0,6.0,797.4,2025-08-30 00:45:30+00:00,0.0,0.0,0.0,0.0
Finlay Beverages,57.0,6.0,797.4,2025-08-30 01:00:30+00:00,0.0,0.0,0.0,0.0
Finlay Beverages,57.0,6.0,797.4,2025-08-30 01:15:30+00:00,0.0,0.0,0.0,0.0
Finlay Beverages,57.0,6.0,797.4,2025-08-30 01:30:30+00:00,0.0,0.0,0.0,0.0
Finlay Beverages,57.0,6.0,797.4,2025-08-30 01:45:30+00:00,0.0,0.0,0.0,0.0
Finlay Beverages,57.0,6.0,797.4,2025-08-30 02:00:30+00:00,0.0,0.0,0.0,0.0
Finlay Beverages,57.0,6.0,797.4,2025-08-30 02:15:30+00:00,0.0,0.0,0.0,0.0
Finlay Beverages,57.0,6.0,797.4,2025-08-30 02:30:30+00:00,0.0,0.0,0.0,0.0
Finlay Beverages,57.0,6.0,797.4,2025-08-30 02:45:30+00:00,0.0,0.0,0.0,0.0
Finlay Beverages,57.0,6.0,797.4,2025-08-30 03:00:30+00:00,0.0,0.0,0.0,0.0
Finlay Beverages,57.0,6.0,797.4,2025-08-30 03:15:30+00:00,0.0,0.0,0.0,0.0
Finlay Beverages,57.0,6.0,797.4,2025-08-30 03:30:30+00:00,0.0,0.0,0.0,0.0
Finlay Beverages,57.0,6.0,797.4,2025-08-30 03:45:30+00:00,0.0,0.0,0.0,0.0
Finlay Beverages,57.0,6.0,797.4,2025-08-30 04:00:30+00:00,0.0,0.0,0.0,0.0
Finlay Beverages,57.0,6.0,797.4,2025-08-30 04:15:30+00:00,0.0,0.0,0.0,0.0
Finlay Beverages,57.0,6.0,797.4,2025-08-30 04:30:30+00:00,0.0,0.0,0.0,0.0
Finlay Beverages,57.0,6.0,797.4,2025-08-30 04:45:30+00:00,0.0,0.0,0.0,0.0
Finlay Beverages,57.0,6.0,797.4,2025-08-30 05:00:30+00:00,0.0,0.0,0.0,0.0
Finlay Beverages,57.0,6.0,797.4,2025-08-30 05:15:30+00:00,0.00175,0.00175,0.002,0.002
Finlay Beverages,57.0,6.0,797.4,2025-08-30 05:30:30+00:00,0.01225,0.0095,0.01425,0.00675
Finlay Beverages,57.0,6.0,797.4,2025-08-30 05:45:30+00:00,0.02325,0.01625,0.026,0.01425
Finlay Beverages,57.0,6.0,797.4,2025-08-30 06:00:30+00:00,0.0315,0.02325,0.037,0.0215
Finlay Beverages,57.0,6.0,797.4,2025-08-30 06:15:30+00:00,0.041,0.032,0.048,0.02975
Finlay Beverages,57.0,6.0,797.4,2025-08-30 06:30:30+00:00,0.053,0.04125,0.05925,0.0405
Finlay Beverages,57.0,6.0,797.4,2025-08-30 06:45:30+00:00,0.0615,0.0515,0.07,0.04875
Finlay Beverages,57.0,6.0,797.4,2025-08-30 07:00:30+00:00,0.07275,0.06175,0.08075,0.0595
Finlay Beverages,57.0,6.0,797.4,2025-08-30 07:15:30+00:00,0.0825,0.07325,0.09125,0.06925
Finlay Beverages,57.0,6.0,797.4,2025-08-30 07:30:30+00:00,0.09175,0.0835,0.1,0.07875
Finlay Beverages,57.0,6.0,797.4,2025-08-30 07:45:30+00:00,0.1005,0.089,0.11075,0.08825
Finlay Beverages,57.0,6.0,797.4,2025-08-30 08:00:30+00:00,0.10825,0.086,0.12,0.097
Finlay Beverages,57.0,6.0,797.4,2025-08-30 08:15:30+00:00,0.1125,0.07775,0.12825,0.10275
Finlay Beverages,57.0,6.0,797.4,2025-08-30 08:30:30+00:00,0.106,0.066,0.135,0.09925
Finlay Beverages,57.0,6.0,797.4,2025-08-30 08:45:30+00:00,0.091,0.06975,0.1355,0.08775
Finlay Beverages,57.0,6.0,797.4,2025-08-30 09:00:30+00:00,0.11375,0.0805,0.13925,0.1095
Finlay Beverages,57.0,6.0,797.4,2025-08-30 09:15:30+00:00,0.124,0.0935,0.146,0.1195
Finlay Beverages,57.0,6.0,797.4,2025-08-30 09:30:30+00:00,0.11975,0.09,0.14575,0.117
Finlay Beverages,57.0,6.0,797.4,2025-08-30 09:45:30+00:00,0.10975,0.09,0.143,0.10875
Finlay Beverages,57.0,6.0,797.4,2025-08-30 10:00:30+00:00,0.1205,0.077,0.15275,0.1195
Finlay Beverages,57.0,6.0,797.4,2025-08-30 10:15:30+00:00,0.11325,0.07025,0.16675,0.11325
Finlay Beverages,57.0,6.0,797.4,2025-08-30 10:30:30+00:00,0.122,0.03625,0.16825,0.1225
Finlay Beverages,57.0,6.0,797.4,2025-08-30 10:45:30+00:00,0.071,0.0335,0.1765,0.0715
Finlay Beverages,57.0,6.0,797.4,2025-08-30 11:00:30+00:00,0.12075,0.036,0.18775,0.12275
Finlay Beverages,57.0,6.0,797.4,2025-08-30 11:15:30+00:00,0.14375,0.05,0.189,0.1475
Finlay Beverages,57.0,6.0,797.4,2025-08-30 11:30:30+00:00,0.11325,0.035,0.1875,0.116
Finlay Beverages,57.0,6.0,797.4,2025-08-30 11:45:30+00:00,0.07575,0.03025,0.1755,0.07725
Finlay Beverages,57.0,6.0,797.4,2025-08-30 12:00:30+00:00,0.116,0.031,0.1765,0.12
Finlay Beverages,57.0,6.0,797.4,2025-08-30 12:15:30+00:00,0.119,0.025,0.172,0.12375
Finlay Beverages,57.0,6.0,797.4,2025-08-30 12:30:30+00:00,0.061,0.014,0.15525,0.06275
Finlay Beverages,57.0,6.0,797.4,2025-08-30 12:45:30+00:00,0.046,0.014,0.1545,0.04675
Finlay Beverages,57.0,6.0,797.4,2025-08-30 13:00:30+00:00,0.1125,0.0225,0.15825,0.1195
Finlay Beverages,57.0,6.0,797.4,2025-08-30 13:15:30+00:00,0.0955,0.03525,0.1575,0.10075
Finlay Beverages,57.0,6.0,797.4,2025-08-30 13:30:30+00:00,0.08,0.03875,0.1375,0.08325
Finlay Beverages,57.0,6.0,797.4,2025-08-30 13:45:30+00:00,0.08575,0.03725,0.126,0.09
Finlay Beverages,57.0,6.0,797.4,2025-08-30 14:00:30+00:00,0.07925,0.02175,0.12525,0.08325
Finlay Beverages,57.0,6.0,797.4,2025-08-30 14:15:30+00:00,0.0555,0.01175,0.1135,0.0575
Finlay Beverages,57.0,6.0,797.4,2025-08-30 14:30:30+00:00,0.02675,0.0115,0.0885,0.027
Finlay Beverages,57.0,6.0,797.4,2025-08-30 14:45:30+00:00,0.02525,0.011,0.0645,0.02575
Finlay Beverages,57.0,6.0,797.4,2025-08-30 15:00:30+00:00,0.019,0.01025,0.05575,0.01925
Finlay Beverages,57.0,6.0,797.4,2025-08-30 15:15:30+00:00,0.03475,0.0095,0.051,0.0355
Finlay Beverages,57.0,6.0,797.4,2025-08-30 15:30:30+00:00,0.02725,0.009,0.0515,0.028
Finlay Beverages,57.0,6.0,797.4,2025-08-30 15:45:30+00:00,0.0135,0.00825,0.04975,0.01375
Finlay Beverages,57.0,6.0,797.4,2025-08-30 16:00:30+00:00,0.0245,0.0075,0.05175,0.025
Finlay Beverages,57.0,6.0,797.4,2025-08-30 16:15:30+00:00,0.03225,0.00675,0.05175,0.03375
Finlay Beverages,57.0,6.0,797.4,2025-08-30 16:30:30+00:00,0.02525,0.006,0.04575,0.02625
Finlay Beverages,57.0,6.0,797.4,2025-08-30 16:45:30+00:00,0.0125,0.00525,0.039,0.01275
Finlay Beverages,57.0,6.0,797.4,2025-08-30 17:00:30+00:00,0.00875,0.0045,0.033,0.009
Finlay Beverages,57.0,6.0,797.4,2025-08-30 17:15:30+00:00,0.00575,0.00375,0.023,0.00575
Finlay Beverages,57.0,6.0,797.4,2025-08-30 17:30:30+00:00,0.01775,0.0035,0.0285,0.02075
Finlay Beverages,57.0,6.0,797.4,2025-08-30 17:45:30+00:00,0.0125,0.0025,0.02725,0.014
Finlay Beverages,57.0,6.0,797.4,2025-08-30 18:00:30+00:00,0.01025,0.002,0.0175,0.0125
Finlay Beverages,57.0,6.0,797.4,2025-08-30 18:15:30+00:00,0.00675,0.00275,0.01,0.00875
Finlay Beverages,57.0,6.0,797.4,2025-08-30 18:30:30+00:00,0.0035,0.002,0.0055,0.0035
Finlay Beverages,57.0,6.0,797.4,2025-08-30 18:45:30+00:00,0.00125,0.00075,0.00225,0.00125
Finlay Beverages,57.0,6.0,797.4,2025-08-30 19:00:30+00:00,0.0,0.0,0.0,0.0
Finlay Beverages,57.0,6.0,797.4,2025-08-30 19:15:30+00:00,0.0,0.0,0.0,0.0
Finlay Beverages,57.0,6.0,797.4,2025-08-30 19:30:30+00:00,0.0,0.0,0.0,0.0
Finlay Beverages,57.0,6.0,797.4,2025-08-30 19:45:30+00:00,0.0,0.0,0.0,0.0
Finlay Beverages,57.0,6.0,797.4,2025-08-30 20:00:30+00:00,0.0,0.0,0.0,0.0
Finlay Beverages,57.0,6.0,797.4,2025-08-30 20:15:30+00:00,0.0,0.0,0.0,0.0
Finlay Beverages,57.0,6.0,797.4,2025-08-30 20:30:30+00:00,0.0,0.0,0.0,0.0
Finlay Beverages,57.0,6.0,797.4,2025-08-30 20:45:30+00:00,0.0,0.0,0.0,0.0
Finlay Beverages,57.0,6.0,797.4,2025-08-30 21:00:30+00:00,0.0,0.0,0.0,0.0
Finlay Beverages,57.0,6.0,797.4,2025-08-30 21:15:30+00:00,0.0,0.0,0.0,0.0
Finlay Beverages,57.0,6.0,797.4,2025-08-30 21:30:30+00:00,0.0,0.0,0.0,0.0
Finlay Beverages,57.0,6.0,797.4,2025-08-30 21:45:30+00:00,0.0,0.0,0.0,0.0
Finlay Beverages,57.0,6.0,797.4,2025-08-30 22:00:30+00:00,0.0,0.0,0.0,0.0
Finlay Beverages,57.0,6.0,797.4,2025-08-30 22:15:30+00:00,0.0,0.0,0.0,0.0
Finlay Beverages,57.0,6.0,797.4,2025-08-30 22:30:30+00:00,0.0,0.0,0.0,0.0
Finlay Beverages,57.0,6.0,797.4,2025-08-30 22:45:30+00:00,0.0,0.0,0.0,0.0
Finlay Beverages,57.0,6.0,797.4,2025-08-30 23:00:30+00:00,0.0,0.0,0.0,0.0
Finlay Beverages,57.0,6.0,797.4,2025-08-30 23:15:30+00:00,0.0,0.0,0.0,0.0
Finlay Beverages,57.0,6.0,797.4,2025-08-30 23:30:30+00:00,0.0,0.0,0.0,0.0
Finlay Beverages,57.0,6.0,797.4,2025-08-30 23:45:30+00:00,0.0,0.0,0.0,0.0
Finlay Beverages,57.0,6.0,797.4,2025-08-31 00:00:30+00:00,0.0,0.0,0.0,0.0
Finlay Beverages,57.0,6.0,797.4,2025-08-31 00:15:30+00:00,0.0,0.0,0.0,0.0
Finlay Beverages,57.0,6.0,797.4,2025-08-31 00:30:30+00:00,0.0,0.0,0.0,0.0
Finlay Beverages,57.0,6.0,797.4,2025-08-31 00:45:30+00:00,0.0,0.0,0.0,0.0
Finlay Beverages,57.0,6.0,797.4,2025-08-31 01:00:30+00:00,0.0,0.0,0.0,0.0
Finlay Beverages,57.0,6.0,797.4,2025-08-31 01:15:30+00:00,0.0,0.0,0.0,0.0
Finlay Beverages,57.0,6.0,797.4,2025-08-31 01:30:30+00:00,0.0,0.0,0.0,0.0
Finlay Beverages,57.0,6.0,797.4,2025-08-31 01:45:30+00:00,0.0,0.0,0.0,0.0
Finlay Beverages,57.0,6.0,797.4,2025-08-31 02:00:30+00:00,0.0,0.0,0.0,0.0
Finlay Beverages,57.0,6.0,797.4,2025-08-31 02:15:30+00:00,0.0,0.0,0.0,0.0
Finlay Beverages,57.0,6.0,797.4,2025-08-31 02:30:30+00:00,0.0,0.0,0.0,0.0
Finlay Beverages,57.0,6.0,797.4,2025-08-31 02:45:30+00:00,0.0,0.0,0.0,0.0
Finlay Beverages,57.0,6.0,797.4,2025-08-31 03:00:30+00:00,0.0,0.0,0.0,0.0
Finlay Beverages,57.0,6.0,797.4,2025-08-31 03:15:30+00:00,0.0,0.0,0.0,0.0
Finlay Beverages,57.0,6.0,797.4,2025-08-31 03:30:30+00:00,0.0,0.0,0.0,0.0
Finlay Beverages,57.0,6.0,797.4,2025-08-31 03:45:30+00:00,0.0,0.0,0.0,0.0
Finlay Beverages,57.0,6.0,797.4,2025-08-31 04:00:30+00:00,0.0,0.0,0.0,0.0
Finlay Beverages,57.0,6.0,797.4,2025-08-31 04:15:30+00:00,0.0,0.0,0.0,0.0
Finlay Beverages,57.0,6.0,797.4,2025-08-31 04:30:30+00:00,0.0,0.0,0.0,0.0
Finlay Beverages,57.0,6.0,797.4,2025-08-31 04:45:30+00:00,0.0,0.0,0.0,0.0
Finlay Beverages,57.0,6.0,797.4,2025-08-31 05:00:30+00:00,0.0,0.0,0.0,0.0
Finlay Beverages,57.0,6.0,797.4,2025-08-31 05:15:30+00:00,0.00125,0.00075,0.00125,0.00125
Finlay Beverages,57.0,6.0,797.4,2025-08-31 05:30:30+00:00,0.0115,0.009,0.01325,0.006
Finlay Beverages,57.0,6.0,797.4,2025-08-31 05:45:30+00:00,0.02325,0.0165,0.02575,0.01375
Finlay Beverages,57.0,6.0,797.4,2025-08-31 06:00:30+00:00,0.0335,0.025,0.037,0.022
Finlay Beverages,57.0,6.0,797.4,2025-08-31 06:15:30+00:00,0.0435,0.034,0.048,0.031
Finlay Beverages,57.0,6.0,797.4,2025-08-31 06:30:30+00:00,0.05375,0.0435,0.059,0.04025
Finlay Beverages,57.0,6.0,797.4,2025-08-31 06:45:30+00:00,0.0635,0.05325,0.06975,0.04975
Finlay Beverages,57.0,6.0,797.4,2025-08-31 07:00:30+00:00,0.07275,0.06325,0.08025,0.05925
Finlay Beverages,57.0,6.0,797.4,2025-08-31 07:15:30+00:00,0.08225,0.0735,0.0905,0.06875
Finlay Beverages,57.0,6.0,797.4,2025-08-31 07:30:30+00:00,0.09125,0.084,0.09825,0.07825
Finlay Beverages,57.0,6.0,797.4,2025-08-31 07:45:30+00:00,0.09975,0.094,0.1055,0.0875
Finlay Beverages,57.0,6.0,797.4,2025-08-31 08:00:30+00:00,0.10825,0.1025,0.114,0.09675
Finlay Beverages,57.0,6.0,797.4,2025-08-31 08:15:30+00:00,0.11625,0.10875,0.12325,0.1055
Finlay Beverages,57.0,6.0,797.4,2025-08-31 08:30:30+00:00,0.123,0.11325,0.1315,0.1135
Finlay Beverages,57.0,6.0,797.4,2025-08-31 08:45:30+00:00,0.12775,0.1135,0.14125,0.1195
Finlay Beverages,57.0,6.0,797.4,2025-08-31 09:00:30+00:00,0.131,0.11525,0.1495,0.12425
Finlay Beverages,57.0,6.0,797.4,2025-08-31 09:15:30+00:00,0.13825,0.11325,0.153,0.13275
Finlay Beverages,57.0,6.0,797.4,2025-08-31 09:30:30+00:00,0.12975,0.11475,0.1535,0.12625
Finlay Beverages,57.0,6.0,797.4,2025-08-31 09:45:30+00:00,0.135,0.11625,0.152,0.13225
Finlay Beverages,57.0,6.0,797.4,2025-08-31 10:00:30+00:00,0.13725,0.12425,0.15725,0.136
Finlay Beverages,57.0,6.0,797.4,2025-08-31 10:15:30+00:00,0.15,0.1315,0.1615,0.14975
Finlay Beverages,57.0,6.0,797.4,2025-08-31 10:30:30+00:00,0.15225,0.1365,0.16475,0.153
Finlay Beverages,57.0,6.0,797.4,2025-08-31 10:45:30+00:00,0.1495,0.138,0.1645,0.15175
Finlay Beverages,57.0,6.0,797.4,2025-08-31 11:00:30+00:00,0.152,0.13925,0.163,0.15525
Finlay Beverages,57.0,6.0,797.4,2025-08-31 11:15:30+00:00,0.15175,0.14,0.16325,0.156
Finlay Beverages,57.0,6.0,797.4,2025-08-31 11:30:30+00:00,0.15125,0.1335,0.167,0.1565
Finlay Beverages,57.0,6.0,797.4,2025-08-31 11:45:30+00:00,0.148,0.11275,0.1875,0.15425
Finlay Beverages,57.0,6.0,797.4,2025-08-31 12:00:30+00:00,0.15075,0.09775,0.18675,0.158
Finlay Beverages,57.0,6.0,797.4,2025-08-31 12:15:30+00:00,0.16675,0.06675,0.18475,0.1765
Finlay Beverages,57.0,6.0,797.4,2025-08-31 12:30:30+00:00,0.1,0.05425,0.185,0.10475
Finlay Beverages,57.0,6.0,797.4,2025-08-31 12:45:30+00:00,0.10975,0.03625,0.16975,0.11525
Finlay Beverages,57.0,6.0,797.4,2025-08-31 13:00:30+00:00,0.098,0.05625,0.1785,0.10275
Finlay Beverages,57.0,6.0,797.4,2025-08-31 13:15:30+00:00,0.13875,0.068,0.17125,0.15025
Finlay Beverages,57.0,6.0,797.4,2025-08-31 13:30:30+00:00,0.13675,0.075,0.166,0.14925
Finlay Beverages,57.0,6.0,797.4,2025-08-31 13:45:30+00:00,0.13375,0.05,0.16125,0.14575
Finlay Beverages,57.0,6.0,797.4,2025-08-31 14:00:30+00:00,0.0795,0.01575,0.1555,0.085
Finlay Beverages,57.0,6.0,797.4,2025-08-31 14:15:30+00:00,0.039,0.01175,0.13975,0.04
Finlay Beverages,57.0,6.0,797.4,2025-08-31 14:30:30+00:00,0.0805,0.016,0.13925,0.08725
Finlay Beverages,57.0,6.0,797.4,2025-08-31 14:45:30+00:00,0.10375,0.03825,0.132,0.117
Finlay Beverages,57.0,6.0,797.4,2025-08-31 15:00:30+00:00,0.0965,0.046,0.1245,0.10925
Finlay Beverages,57.0,6.0,797.4,2025-08-31 15:15:30+00:00,0.088,0.03275,0.1165,0.09975
Finlay Beverages,57.0,6.0,797.4,2025-08-31 15:30:30+00:00,0.052,0.01625,0.1075,0.0565
Finlay Beverages,57.0,6.0,797.4,2025-08-31 15:45:30+00:00,0.0425,0.00875,0.0965,0.045
Finlay Beverages,57.0,6.0,797.4,2025-08-31 16:00:30+00:00,0.058,0.013,0.09025,0.06575
Finlay Beverages,57.0,6.0,797.4,2025-08-31 16:15:30+00:00,0.05525,0.0265,0.08075,0.06375
Finlay Beverages,57.0,6.0,797.4,2025-08-31 16:30:30+00:00,0.05625,0.0265,0.068,0.0685
Finlay Beverages,57.0,6.0,797.4,2025-08-31 16:45:30+00:00,0.04375,0.02425,0.0595,0.0535
Finlay Beverages,57.0,6.0,797.4,2025-08-31 17:00:30+00:00,0.03325,0.01275,0.05275,0.03925
Finlay Beverages,57.0,6.0,797.4,2025-08-31 17:15:30+00:00,0.02225,0.00675,0.04525,0.0245
Finlay Beverages,57.0,6.0,797.4,2025-08-31 17:30:30+00:00,0.01875,0.00475,0.0355,0.022
Finlay Beverages,57.0,6.0,797.4,2025-08-31 17:45:30+00:00,0.01825,0.00525,0.02325,0.0245
Finlay Beverages,57.0,6.0,797.4,2025-08-31 18:00:30+00:00,0.0115,0.00525,0.01275,0.01925
Finlay Beverages,57.0,6.0,797.4,2025-08-31 18:15:30+00:00,0.00475,0.00275,0.0055,0.01125
Finlay Beverages,57.0,6.0,797.4,2025-08-31 18:30:30+00:00,0.0035,0.003,0.004,0.00425
Finlay Beverages,57.0,6.0,797.4,2025-08-31 18:45:30+00:00,0.0015,0.00125,0.00175,0.0015
Finlay Beverages,57.0,6.0,797.4,2025-08-31 19:00:30+00:00,0.0,0.0,0.0,0.0
Finlay Beverages,57.0,6.0,797.4,2025-08-31 19:15:30+00:00,0.0,0.0,0.0,0.0
Finlay Beverages,57.0,6.0,797.4,2025-08-31 19:30:30+00:00,0.0,0.0,0.0,0.0
Finlay Beverages,57.0,6.0,797.4,2025-08-31 19:45:30+00:00,0.0,0.0,0.0,0.0
Finlay Beverages,57.0,6.0,797.4,2025-08-31 20:00:30+00:00,0.0,0.0,0.0,0.0
Finlay Beverages,57.0,6.0,797.4,2025-08-31 20:15:30+00:00,0.0,0.0,0.0,0.0
Finlay Beverages,57.0,6.0,797.4,2025-08-31 20:30:30+00:00,0.0,0.0,0.0,0.0
Finlay Beverages,57.0,6.0,797.4,2025-08-31 20:45:30+00:00,0.0,0.0,0.0,0.0
Finlay Beverages,57.0,6.0,797.4,2025-08-31 21:00:30+00:00,0.0,0.0,0.0,0.0
Finlay Beverages,57.0,6.0,797.4,2025-08-31 21:15:30+00:00,0.0,0.0,0.0,0.0
Finlay Beverages,57.0,6.0,797.4,2025-08-31 21:30:30+00:00,0.0,0.0,0.0,0.0
Finlay Beverages,57.0,6.0,797.4,2025-08-31 21:45:30+00:00,0.0,0.0,0.0,0.0
Finlay Beverages,57.0,6.0,797.4,2025-08-31 22:00:30+00:00,0.0,0.0,0.0,0.0
Finlay Beverages,57.0,6.0,797.4,2025-08-31 22:15:30+00:00,0.0,0.0,0.0,0.0
Finlay Beverages,57.0,6.0,797.4,2025-08-31 22:30:30+00:00,0.0,0.0,0.0,0.0
Finlay Beverages,57.0,6.0,797.4,2025-08-31 22:45:30+00:00,0.0,0.0,0.0,0.0
Finlay Beverages,57.0,6.0,797.4,2025-08-31 23:00:30+00:00,0.0,0.0,0.0,0.0
Finlay Beverages,57.0,6.0,797.4,2025-08-31 23:15:30+00:00,0.0,0.0,0.0,0.0
Finlay Beverages,57.0,6.0,797.4,2025-08-31 23:30:30+00:00,0.0,0.0,0.0,0.0
Finlay Beverages,57.0,6.0,797.4,2025-08-31 23:45:30+00:00,0.0,0.0,0.0,0.0
Finlay Beverages,237.0,6.0,802.8,2025-08-01 00:00:30+00:00,0.0,0.0,0.0,0.0
Finlay Beverages,237.0,6.0,802.8,2025-08-01 00:15:30+00:00,0.0,0.0,0.0,0.0
Finlay Beverages,237.0,6.0,802.8,2025-08-01 00:30:30+00:00,0.0,0.0,0.0,0.0
Finlay Beverages,237.0,6.0,802.8,2025-08-01 00:45:30+00:00,0.0,0.0,0.0,0.0
Finlay Beverages,237.0,6.0,802.8,2025-08-01 01:00:30+00:00,0.0,0.0,0.0,0.0
Finlay Beverages,237.0,6.0,802.8,2025-08-01 01:15:30+00:00,0.0,0.0,0.0,0.0
Finlay Beverages,237.0,6.0,802.8,2025-08-01 01:30:30+00:00,0.0,0.0,0.0,0.0
Finlay Beverages,237.0,6.0,802.8,2025-08-01 01:45:30+00:00,0.0,0.0,0.0,0.0
Finlay Beverages,237.0,6.0,802.8,2025-08-01 02:00:30+00:00,0.0,0.0,0.0,0.0
Finlay Beverages,237.0,6.0,802.8,2025-08-01 02:15:30+00:00,0.0,0.0,0.0,0.0
Finlay Beverages,237.0,6.0,802.8,2025-08-01 02:30:30+00:00,0.0,0.0,0.0,0.0
Finlay Beverages,237.0,6.0,802.8,2025-08-01 02:45:30+00:00,0.0,0.0,0.0,0.0
Finlay Beverages,237.0,6.0,802.8,2025-08-01 03:00:30+00:00,0.0,0.0,0.0,0.0
Finlay Beverages,237.0,6.0,802.8,2025-08-01 03:15:30+00:00,0.0,0.0,0.0,0.0
Finlay Beverages,237.0,6.0,802.8,2025-08-01 03:30:30+00:00,0.0,0.0,0.0,0.0
Finlay Beverages,237.0,6.0,802.8,2025-08-01 03:45:30+00:00,0.0,0.0,0.0,0.0
Finlay Beverages,237.0,6.0,802.8,2025-08-01 04:00:30+00:00,0.0,0.0,0.0,0.0
Finlay Beverages,237.0,6.0,802.8,2025-08-01 04:15:30+00:00,0.0005,0.00025,0.001,0.0005
Finlay Beverages,237.0,6.0,802.8,2025-08-01 04:30:30+00:00,0.00125,0.0005,0.00275,0.00125
Finlay Beverages,237.0,6.0,802.8,2025-08-01 04:45:30+00:00,0.00325,0.001,0.00625,0.00325
Finlay Beverages,237.0,6.0,802.8,2025-08-01 05:00:30+00:00,0.00625,0.00225,0.01125,0.0065
Finlay Beverages,237.0,6.0,802.8,2025-08-01 05:15:30+00:00,0.0105,0.00225,0.01575,0.0105
Finlay Beverages,237.0,6.0,802.8,2025-08-01 05:30:30+00:00,0.00975,0.00225,0.01975,0.00975
Finlay Beverages,237.0,6.0,802.8,2025-08-01 05:45:30+00:00,0.013,0.0035,0.02225,0.013
Finlay Beverages,237.0,6.0,802.8,2025-08-01 06:00:30+00:00,0.01575,0.00575,0.02475,0.01575
Finlay Beverages,237.0,6.0,802.8,2025-08-01 06:15:30+00:00,0.017,0.009,0.02675,0.01725
Finlay Beverages,237.0,6.0,802.8,2025-08-01 06:30:30+00:00,0.02075,0.01175,0.03025,0.02075
Finlay Beverages,237.0,6.0,802.8,2025-08-01 06:45:30+00:00,0.02525,0.01625,0.0345,0.0255
Finlay Beverages,237.0,6.0,802.8,2025-08-01 07:00:30+00:00,0.03025,0.02075,0.03875,0.0305
Finlay Beverages,237.0,6.0,802.8,2025-08-01 07:15:30+00:00,0.0335,0.024,0.04225,0.034
Finlay Beverages,237.0,6.0,802.8,2025-08-01 07:30:30+00:00,0.03525,0.02525,0.045,0.0355
Finlay Beverages,237.0,6.0,802.8,2025-08-01 07:45:30+00:00,0.0365,0.0255,0.04975,0.03675
Finlay Beverages,237.0,6.0,802.8,2025-08-01 08:00:30+00:00,0.041,0.02625,0.05725,0.0415
Finlay Beverages,237.0,6.0,802.8,2025-08-01 08:15:30+00:00,0.04725,0.0285,0.0675,0.04775
Finlay Beverages,237.0,6.0,802.8,2025-08-01 08:30:30+00:00,0.0555,0.03425,0.077,0.0565
Finlay Beverages,237.0,6.0,802.8,2025-08-01 08:45:30+00:00,0.0635,0.042,0.08525,0.0645
Finlay Beverages,237.0,6.0,802.8,2025-08-01 09:00:30+00:00,0.0715,0.0465,0.09075,0.07275
Finlay Beverages,237.0,6.0,802.8,2025-08-01 09:15:30+00:00,0.071,0.04275,0.094,0.07225
Finlay Beverages,237.0,6.0,802.8,2025-08-01 09:30:30+00:00,0.0625,0.03525,0.095,0.06375
Finlay Beverages,237.0,6.0,802.8,2025-08-01 09:45:30+00:00,0.06125,0.03875,0.104,0.06225
Finlay Beverages,237.0,6.0,802.8,2025-08-01 10:00:30+00:00,0.08875,0.0455,0.1135,0.09125
Finlay Beverages,237.0,6.0,802.8,2025-08-01 10:15:30+00:00,0.08875,0.05075,0.126,0.091
Finlay Beverages,237.0,6.0,802.8,2025-08-01 10:30:30+00:00,0.08725,0.0505,0.13325,0.0895
Finlay Beverages,237.0,6.0,802.8,2025-08-01 10:45:30+00:00,0.0985,0.06,0.14925,0.1015
Finlay Beverages,237.0,6.0,802.8,2025-08-01 11:00:30+00:00,0.1265,0.06125,0.16825,0.132
Finlay Beverages,237.0,6.0,802.8,2025-08-01 11:15:30+00:00,0.12,0.04725,0.17675,0.12525
Finlay Beverages,237.0,6.0,802.8,2025-08-01 11:30:30+00:00,0.0895,0.01925,0.1655,0.09225
Finlay Beverages,237.0,6.0,802.8,2025-08-01 11:45:30+00:00,0.0655,0.016,0.1415,0.06675
Finlay Beverages,237.0,6.0,802.8,2025-08-01 12:00:30+00:00,0.061,0.016,0.125,0.06225
Finlay Beverages,237.0,6.0,802.8,2025-08-01 12:15:30+00:00,0.06975,0.016,0.1105,0.0715
Finlay Beverages,237.0,6.0,802.8,2025-08-01 12:30:30+00:00,0.04225,0.016,0.098,0.043
Finlay Beverages,237.0,6.0,802.8,2025-08-01 12:45:30+00:00,0.02675,0.016,0.07725,0.027
Finlay Beverages,237.0,6.0,802.8,2025-08-01 13:00:30+00:00,0.02775,0.01575,0.08025,0.028
Finlay Beverages,237.0,6.0,802.8,2025-08-01 13:15:30+00:00,0.03825,0.0155,0.09275,0.03875
Finlay Beverages,237.0,6.0,802.8,2025-08-01 13:30:30+00:00,0.04425,0.01525,0.11975,0.045
Finlay Beverages,237.0,6.0,802.8,2025-08-01 13:45:30+00:00,0.07875,0.01575,0.13025,0.08075
Finlay Beverages,237.0,6.0,802.8,2025-08-01 14:00:30+00:00,0.08625,0.0375,0.1265,0.0885
Finlay Beverages,237.0,6.0,802.8,2025-08-01 14:15:30+00:00,0.08075,0.04225,0.11575,0.0825
Finlay Beverages,237.0,6.0,802.8,2025-08-01 14:30:30+00:00,0.069,0.0465,0.10825,0.07025
Finlay Beverages,237.0,6.0,802.8,2025-08-01 14:45:30+00:00,0.08125,0.0465,0.113,0.08325
Finlay Beverages,237.0,6.0,802.8,2025-08-01 15:00:30+00:00,0.08875,0.05775,0.112,0.09125
Finlay Beverages,237.0,6.0,802.8,2025-08-01 15:15:30+00:00,0.08475,0.064,0.104,0.087
Finlay Beverages,237.0,6.0,802.8,2025-08-01 15:30:30+00:00,0.078,0.0605,0.09625,0.07975
Finlay Beverages,237.0,6.0,802.8,2025-08-01 15:45:30+00:00,0.07225,0.048,0.0965,0.07375
Finlay Beverages,237.0,6.0,802.8,2025-08-01 16:00:30+00:00,0.06625,0.03,0.09525,0.06725
Finlay Beverages,237.0,6.0,802.8,2025-08-01 16:15:30+00:00,0.04875,0.01375,0.08475,0.04925
Finlay Beverages,237.0,6.0,802.8,2025-08-01 16:30:30+00:00,0.03225,0.0085,0.06575,0.0325
Finlay Beverages,237.0,6.0,802.8,2025-08-01 16:45:30+00:00,0.02525,0.00775,0.04825,0.0255
Finlay Beverages,237.0,6.0,802.8,2025-08-01 17:00:30+00:00,0.02375,0.0105,0.0375,0.024
Finlay Beverages,237.0,6.0,802.8,2025-08-01 17:15:30+00:00,0.02275,0.01225,0.033,0.023
Finlay Beverages,237.0,6.0,802.8,2025-08-01 17:30:30+00:00,0.02125,0.01075,0.03175,0.02125
Finlay Beverages,237.0,6.0,802.8,2025-08-01 17:45:30+00:00,0.01975,0.0095,0.0295,0.01975
Finlay Beverages,237.0,6.0,802.8,2025-08-01 18:00:30+00:00,0.0175,0.00825,0.02675,0.01775
Finlay Beverages,237.0,6.0,802.8,2025-08-01 18:15:30+00:00,0.01525,0.00675,0.0235,0.01525
Finlay Beverages,237.0,6.0,802.8,2025-08-01 18:30:30+00:00,0.01225,0.0045,0.01975,0.01225
Finlay Beverages,237.0,6.0,802.8,2025-08-01 18:45:30+00:00,0.00875,0.00275,0.016,0.00875
Finlay Beverages,237.0,6.0,802.8,2025-08-01 19:00:30+00:00,0.007,0.00175,0.012,0.007
Finlay Beverages,237.0,6.0,802.8,2025-08-01 19:15:30+00:00,0.0045,0.00125,0.008,0.0045
Finlay Beverages,237.0,6.0,802.8,2025-08-01 19:30:30+00:00,0.002,0.0005,0.00425,0.002
Finlay Beverages,237.0,6.0,802.8,2025-08-01 19:45:30+00:00,0.00075,0.00025,0.0015,0.00075
Finlay Beverages,237.0,6.0,802.8,2025-08-01 20:00:30+00:00,0.0,0.0,0.0,0.0
Finlay Beverages,237.0,6.0,802.8,2025-08-01 20:15:30+00:00,0.0,0.0,0.0,0.0
Finlay Beverages,237.0,6.0,802.8,2025-08-01 20:30:30+00:00,0.0,0.0,0.0,0.0
Finlay Beverages,237.0,6.0,802.8,2025-08-01 20:45:30+00:00,0.0,0.0,0.0,0.0
Finlay Beverages,237.0,6.0,802.8,2025-08-01 21:00:30+00:00,0.0,0.0,0.0,0.0
Finlay Beverages,237.0,6.0,802.8,2025-08-01 21:15:30+00:00,0.0,0.0,0.0,0.0
Finlay Beverages,237.0,6.0,802.8,2025-08-01 21:30:30+00:00,0.0,0.0,0.0,0.0
Finlay Beverages,237.0,6.0,802.8,2025-08-01 21:45:30+00:00,0.0,0.0,0.0,0.0
Finlay Beverages,237.0,6.0,802.8,2025-08-01 22:00:30+00:00,0.0,0.0,0.0,0.0
Finlay Beverages,237.0,6.0,802.8,2025-08-01 22:15:30+00:00,0.0,0.0,0.0,0.0
Finlay Beverages,237.0,6.0,802.8,2025-08-01 22:30:30+00:00,0.0,0.0,0.0,0.0
Finlay Beverages,237.0,6.0,802.8,2025-08-01 22:45:30+00:00,0.0,0.0,0.0,0.0
Finlay Beverages,237.0,6.0,802.8,2025-08-01 23:00:30+00:00,0.0,0.0,0.0,0.0
Finlay Beverages,237.0,6.0,802.8,2025-08-01 23:15:30+00:00,0.0,0.0,0.0,0.0
Finlay Beverages,237.0,6.0,802.8,2025-08-01 23:30:30+00:00,0.0,0.0,0.0,0.0
Finlay Beverages,237.0,6.0,802.8,2025-08-01 23:45:30+00:00,0.0,0.0,0.0,0.0
Finlay Beverages,237.0,6.0,802.8,2025-08-02 00:00:30+00:00,0.0,0.0,0.0,0.0
Finlay Beverages,237.0,6.0,802.8,2025-08-02 00:15:30+00:00,0.0,0.0,0.0,0.0
Finlay Beverages,237.0,6.0,802.8,2025-08-02 00:30:30+00:00,0.0,0.0,0.0,0.0
Finlay Beverages,237.0,6.0,802.8,2025-08-02 00:45:30+00:00,0.0,0.0,0.0,0.0
Finlay Beverages,237.0,6.0,802.8,2025-08-02 01:00:30+00:00,0.0,0.0,0.0,0.0
Finlay Beverages,237.0,6.0,802.8,2025-08-02 01:15:30+00:00,0.0,0.0,0.0,0.0
Finlay Beverages,237.0,6.0,802.8,2025-08-02 01:30:30+00:00,0.0,0.0,0.0,0.0
Finlay Beverages,237.0,6.0,802.8,2025-08-02 01:45:30+00:00,0.0,0.0,0.0,0.0
Finlay Beverages,237.0,6.0,802.8,2025-08-02 02:00:30+00:00,0.0,0.0,0.0,0.0
Finlay Beverages,237.0,6.0,802.8,2025-08-02 02:15:30+00:00,0.0,0.0,0.0,0.0
Finlay Beverages,237.0,6.0,802.8,2025-08-02 02:30:30+00:00,0.0,0.0,0.0,0.0
Finlay Beverages,237.0,6.0,802.8,2025-08-02 02:45:30+00:00,0.0,0.0,0.0,0.0
Finlay Beverages,237.0,6.0,802.8,2025-08-02 03:00:30+00:00,0.0,0.0,0.0,0.0
Finlay Beverages,237.0,6.0,802.8,2025-08-02 03:15:30+00:00,0.0,0.0,0.0,0.0
Finlay Beverages,237.0,6.0,802.8,2025-08-02 03:30:30+00:00,0.0,0.0,0.0,0.0
Finlay Beverages,237.0,6.0,802.8,2025-08-02 03:45:30+00:00,0.0,0.0,0.0,0.0
Finlay Beverages,237.0,6.0,802.8,2025-08-02 04:00:30+00:00,0.0,0.0,0.0,0.0
Finlay Beverages,237.0,6.0,802.8,2025-08-02 04:15:30+00:00,0.0,0.0,0.0,0.0
Finlay Beverages,237.0,6.0,802.8,2025-08-02 04:30:30+00:00,0.001,0.00025,0.00225,0.001
Finlay Beverages,237.0,6.0,802.8,2025-08-02 04:45:30+00:00,0.003,0.001,0.0055,0.003
Finlay Beverages,237.0,6.0,802.8,2025-08-02 05:00:30+00:00,0.006,0.002,0.00975,0.006
Finlay Beverages,237.0,6.0,802.8,2025-08-02 05:15:30+00:00,0.009,0.00375,0.01475,0.009
Finlay Beverages,237.0,6.0,802.8,2025-08-02 05:30:30+00:00,0.01275,0.00575,0.02025,0.013
Finlay Beverages,237.0,6.0,802.8,2025-08-02 05:45:30+00:00,0.017,0.009,0.02625,0.017
Finlay Beverages,237.0,6.0,802.8,2025-08-02 06:00:30+00:00,0.02275,0.01375,0.033,0.02275
Finlay Beverages,237.0,6.0,802.8,2025-08-02 06:15:30+00:00,0.03,0.019,0.03925,0.03
Finlay Beverages,237.0,6.0,802.8,2025-08-02 06:30:30+00:00,0.034,0.0225,0.043,0.034
Finlay Beverages,237.0,6.0,802.8,2025-08-02 06:45:30+00:00,0.034,0.0245,0.046,0.03425
Finlay Beverages,237.0,6.0,802.8,2025-08-02 07:00:30+00:00,0.038,0.027,0.0495,0.0385
Finlay Beverages,237.0,6.0,802.8,2025-08-02 07:15:30+00:00,0.0425,0.028,0.05525,0.043
Finlay Beverages,237.0,6.0,802.8,2025-08-02 07:30:30+00:00,0.04425,0.026,0.06,0.04475
Finlay Beverages,237.0,6.0,802.8,2025-08-02 07:45:30+00:00,0.042,0.02075,0.063,0.0425
Finlay Beverages,237.0,6.0,802.8,2025-08-02 08:00:30+00:00,0.039,0.01875,0.06175,0.03925
Finlay Beverages,237.0,6.0,802.8,2025-08-02 08:15:30+00:00,0.03925,0.017,0.061,0.0395
Finlay Beverages,237.0,6.0,802.8,2025-08-02 08:30:30+00:00,0.0385,0.01175,0.07025,0.039
Finlay Beverages,237.0,6.0,802.8,2025-08-02 08:45:30+00:00,0.045,0.0115,0.0885,0.0455
Finlay Beverages,237.0,6.0,802.8,2025-08-02 09:00:30+00:00,0.061,0.0165,0.11325,0.062
Finlay Beverages,237.0,6.0,802.8,2025-08-02 09:15:30+00:00,0.08725,0.0365,0.1265,0.08975
Finlay Beverages,237.0,6.0,802.8,2025-08-02 09:30:30+00:00,0.0955,0.04725,0.13975,0.09875
Finlay Beverages,237.0,6.0,802.8,2025-08-02 09:45:30+00:00,0.09725,0.03925,0.13775,0.1005
Finlay Beverages,237.0,6.0,802.8,2025-08-02 10:00:30+00:00,0.07225,0.01775,0.132,0.074
Finlay Beverages,237.0,6.0,802.8,2025-08-02 10:15:30+00:00,0.0535,0.01475,0.11925,0.05425
Finlay Beverages,237.0,6.0,802.8,2025-08-02 10:30:30+00:00,0.06775,0.015,0.1275,0.06925
Finlay Beverages,237.0,6.0,802.8,2025-08-02 10:45:30+00:00,0.086,0.02525,0.141,0.08825
Finlay Beverages,237.0,6.0,802.8,2025-08-02 11:00:30+00:00,0.095,0.0375,0.16575,0.098
Finlay Beverages,237.0,6.0,802.8,2025-08-02 11:15:30+00:00,0.1215,0.039,0.16225,0.12675
Finlay Beverages,237.0,6.0,802.8,2025-08-02 11:30:30+00:00,0.08675,0.02725,0.157,0.0895
Finlay Beverages,237.0,6.0,802.8,2025-08-02 11:45:30+00:00,0.06675,0.02375,0.14725,0.06825
Finlay Beverages,237.0,6.0,802.8,2025-08-02 12:00:30+00:00,0.10025,0.0265,0.14075,0.10375
Finlay Beverages,237.0,6.0,802.8,2025-08-02 12:15:30+00:00,0.084,0.0265,0.1335,0.0865
Finlay Beverages,237.0,6.0,802.8,2025-08-02 12:30:30+00:00,0.055,0.02325,0.12075,0.05575
Finlay Beverages,237.0,6.0,802.8,2025-08-02 12:45:30+00:00,0.075,0.02,0.1195,0.07675
Finlay Beverages,237.0,6.0,802.8,2025-08-02 13:00:30+00:00,0.07925,0.024,0.13275,0.081
Finlay Beverages,237.0,6.0,802.8,2025-08-02 13:15:30+00:00,0.07975,0.0215,0.1525,0.08125
Finlay Beverages,237.0,6.0,802.8,2025-08-02 13:30:30+00:00,0.10025,0.0345,0.1705,0.1035
Finlay Beverages,237.0,6.0,802.8,2025-08-02 13:45:30+00:00,0.126,0.0595,0.17925,0.1315
Finlay Beverages,237.0,6.0,802.8,2025-08-02 14:00:30+00:00,0.1315,0.071,0.17325,0.138
Finlay Beverages,237.0,6.0,802.8,2025-08-02 14:15:30+00:00,0.10975,0.076,0.16775,0.11375
Finlay Beverages,237.0,6.0,802.8,2025-08-02 14:30:30+00:00,0.1215,0.07525,0.1705,0.127
Finlay Beverages,237.0,6.0,802.8,2025-08-02 14:45:30+00:00,0.13625,0.08675,0.17175,0.14325
Finlay Beverages,237.0,6.0,802.8,2025-08-02 15:00:30+00:00,0.1365,0.1,0.1645,0.14325
Finlay Beverages,237.0,6.0,802.8,2025-08-02 15:15:30+00:00,0.1325,0.1095,0.15625,0.13875
Finlay Beverages,237.0,6.0,802.8,2025-08-02 15:30:30+00:00,0.12925,0.11375,0.1445,0.13525
Finlay Beverages,237.0,6.0,802.8,2025-08-02 15:45:30+00:00,0.1255,0.11275,0.13575,0.13075
Finlay Beverages,237.0,6.0,802.8,2025-08-02 16:00:30+00:00,0.118,0.10925,0.127,0.12225
Finlay Beverages,237.0,6.0,802.8,2025-08-02 16:15:30+00:00,0.111,0.104,0.11775,0.11425
Finlay Beverages,237.0,6.0,802.8,2025-08-02 16:30:30+00:00,0.10375,0.09825,0.109,0.106
Finlay Beverages,237.0,6.0,802.8,2025-08-02 16:45:30+00:00,0.09575,0.091,0.1005,0.09725
Finlay Beverages,237.0,6.0,802.8,2025-08-02 17:00:30+00:00,0.0875,0.0825,0.09225,0.088
Finlay Beverages,237.0,6.0,802.8,2025-08-02 17:15:30+00:00,0.07875,0.07325,0.08475,0.07825
Finlay Beverages,237.0,6.0,802.8,2025-08-02 17:30:30+00:00,0.07025,0.063,0.07725,0.069
Finlay Beverages,237.0,6.0,802.8,2025-08-02 17:45:30+00:00,0.061,0.05325,0.06825,0.05925
Finlay Beverages,237.0,6.0,802.8,2025-08-02 18:00:30+00:00,0.05275,0.04375,0.05875,0.05
Finlay Beverages,237.0,6.0,802.8,2025-08-02 18:15:30+00:00,0.0435,0.03425,0.04925,0.0405
Finlay Beverages,237.0,6.0,802.8,2025-08-02 18:30:30+00:00,0.0345,0.0255,0.04,0.03125
Finlay Beverages,237.0,6.0,802.8,2025-08-02 18:45:30+00:00,0.02575,0.0175,0.031,0.02275
Finlay Beverages,237.0,6.0,802.8,2025-08-02 19:00:30+00:00,0.017,0.01125,0.022,0.0145
Finlay Beverages,237.0,6.0,802.8,2025-08-02 19:15:30+00:00,0.0095,0.006,0.01275,0.008
Finlay Beverages,237.0,6.0,802.8,2025-08-02 19:30:30+00:00,0.0035,0.00275,0.00475,0.00325
Finlay Beverages,237.0,6.0,802.8,2025-08-02 19:45:30+00:00,0.00125,0.00075,0.0015,0.00125
Finlay Beverages,237.0,6.0,802.8,2025-08-02 20:00:30+00:00,0.0,0.0,0.0,0.0
Finlay Beverages,237.0,6.0,802.8,2025-08-02 20:15:30+00:00,0.0,0.0,0.0,0.0
Finlay Beverages,237.0,6.0,802.8,2025-08-02 20:30:30+00:00,0.0,0.0,0.0,0.0
Finlay Beverages,237.0,6.0,802.8,2025-08-02 20:45:30+00:00,0.0,0.0,0.0,0.0
Finlay Beverages,237.0,6.0,802.8,2025-08-02 21:00:30+00:00,0.0,0.0,0.0,0.0
Finlay Beverages,237.0,6.0,802.8,2025-08-02 21:15:30+00:00,0.0,0.0,0.0,0.0
Finlay Beverages,237.0,6.0,802.8,2025-08-02 21:30:30+00:00,0.0,0.0,0.0,0.0
Finlay Beverages,237.0,6.0,802.8,2025-08-02 21:45:30+00:00,0.0,0.0,0.0,0.0
Finlay Beverages,237.0,6.0,802.8,2025-08-02 22:00:30+00:00,0.0,0.0,0.0,0.0
Finlay Beverages,237.0,6.0,802.8,2025-08-02 22:15:30+00:00,0.0,0.0,0.0,0.0
Finlay Beverages,237.0,6.0,802.8,2025-08-02 22:30:30+00:00,0.0,0.0,0.0,0.0
Finlay Beverages,237.0,6.0,802.8,2025-08-02 22:45:30+00:00,0.0,0.0,0.0,0.0
Finlay Beverages,237.0,6.0,802.8,2025-08-02 23:00:30+00:00,0.0,0.0,0.0,0.0
Finlay Beverages,237.0,6.0,802.8,2025-08-02 23:15:30+00:00,0.0,0.0,0.0,0.0
Finlay Beverages,237.0,6.0,802.8,2025-08-02 23:30:30+00:00,0.0,0.0,0.0,0.0
Finlay Beverages,237.0,6.0,802.8,2025-08-02 23:45:30+00:00,0.0,0.0,0.0,0.0
Finlay Beverages,237.0,6.0,802.8,2025-08-03 00:00:30+00:00,0.0,0.0,0.0,0.0
Finlay Beverages,237.0,6.0,802.8,2025-08-03 00:15:30+00:00,0.0,0.0,0.0,0.0
Finlay Beverages,237.0,6.0,802.8,2025-08-03 00:30:30+00:00,0.0,0.0,0.0,0.0
Finlay Beverages,237.0,6.0,802.8,2025-08-03 00:45:30+00:00,0.0,0.0,0.0,0.0
Finlay Beverages,237.0,6.0,802.8,2025-08-03 01:00:30+00:00,0.0,0.0,0.0,0.0
Finlay Beverages,237.0,6.0,802.8,2025-08-03 01:15:30+00:00,0.0,0.0,0.0,0.0
Finlay Beverages,237.0,6.0,802.8,2025-08-03 01:30:30+00:00,0.0,0.0,0.0,0.0
Finlay Beverages,237.0,6.0,802.8,2025-08-03 01:45:30+00:00,0.0,0.0,0.0,0.0
Finlay Beverages,237.0,6.0,802.8,2025-08-03 02:00:30+00:00,0.0,0.0,0.0,0.0
Finlay Beverages,237.0,6.0,802.8,2025-08-03 02:15:30+00:00,0.0,0.0,0.0,0.0
Finlay Beverages,237.0,6.0,802.8,2025-08-03 02:30:30+00:00,0.0,0.0,0.0,0.0
Finlay Beverages,237.0,6.0,802.8,2025-08-03 02:45:30+00:00,0.0,0.0,0.0,0.0
Finlay Beverages,237.0,6.0,802.8,2025-08-03 03:00:30+00:00,0.0,0.0,0.0,0.0
Finlay Beverages,237.0,6.0,802.8,2025-08-03 03:15:30+00:00,0.0,0.0,0.0,0.0
Finlay Beverages,237.0,6.0,802.8,2025-08-03 03:30:30+00:00,0.0,0.0,0.0,0.0
Finlay Beverages,237.0,6.0,802.8,2025-08-03 03:45:30+00:00,0.0,0.0,0.0,0.0
Finlay Beverages,237.0,6.0,802.8,2025-08-03 04:00:30+00:00,0.0,0.0,0.0,0.0
Finlay Beverages,237.0,6.0,802.8,2025-08-03 04:15:30+00:00,0.0,0.0,0.0,0.0
Finlay Beverages,237.0,6.0,802.8,2025-08-03 04:30:30+00:00,0.0005,0.00025,0.00175,0.0005
Finlay Beverages,237.0,6.0,802.8,2025-08-03 04:45:30+00:00,0.00175,0.0005,0.0045,0.00175
Finlay Beverages,237.0,6.0,802.8,2025-08-03 05:00:30+00:00,0.00425,0.001,0.00775,0.00425
Finlay Beverages,237.0,6.0,802.8,2025-08-03 05:15:30+00:00,0.0045,0.0015,0.0115,0.0045
Finlay Beverages,237.0,6.0,802.8,2025-08-03 05:30:30+00:00,0.00725,0.00225,0.0155,0.00725
Finlay Beverages,237.0,6.0,802.8,2025-08-03 05:45:30+00:00,0.00975,0.003,0.019,0.00975
Finlay Beverages,237.0,6.0,802.8,2025-08-03 06:00:30+00:00,0.00825,0.0035,0.0205,0.0085
Finlay Beverages,237.0,6.0,802.8,2025-08-03 06:15:30+00:00,0.00525,0.00425,0.02075,0.00525
Finlay Beverages,237.0,6.0,802.8,2025-08-03 06:30:30+00:00,0.012,0.005,0.04075,0.012
Finlay Beverages,237.0,6.0,802.8,2025-08-03 06:45:30+00:00,0.02175,0.00575,0.06275,0.022
Finlay Beverages,237.0,6.0,802.8,2025-08-03 07:00:30+00:00,0.04675,0.00925,0.08575,0.04725
Finlay Beverages,237.0,6.0,802.8,2025-08-03 07:15:30+00:00,0.06775,0.0135,0.098,0.0685
Finlay Beverages,237.0,6.0,802.8,2025-08-03 07:30:30+00:00,0.046,0.00925,0.09725,0.0465
Finlay Beverages,237.0,6.0,802.8,2025-08-03 07:45:30+00:00,0.03125,0.00875,0.081,0.0315
Finlay Beverages,237.0,6.0,802.8,2025-08-03 08:00:30+00:00,0.0205,0.0095,0.0635,0.0205
Finlay Beverages,237.0,6.0,802.8,2025-08-03 08:15:30+00:00,0.01775,0.01025,0.06,0.018
Finlay Beverages,237.0,6.0,802.8,2025-08-03 08:30:30+00:00,0.0235,0.011,0.071,0.02375
Finlay Beverages,237.0,6.0,802.8,2025-08-03 08:45:30+00:00,0.03,0.0115,0.10175,0.03025
Finlay Beverages,237.0,6.0,802.8,2025-08-03 09:00:30+00:00,0.07075,0.014,0.125,0.0725
Finlay Beverages,237.0,6.0,802.8,2025-08-03 09:15:30+00:00,0.087,0.01725,0.1305,0.0895
Finlay Beverages,237.0,6.0,802.8,2025-08-03 09:30:30+00:00,0.05675,0.01325,0.12275,0.058
Finlay Beverages,237.0,6.0,802.8,2025-08-03 09:45:30+00:00,0.0435,0.01375,0.1025,0.044
Finlay Beverages,237.0,6.0,802.8,2025-08-03 10:00:30+00:00,0.04675,0.01425,0.09,0.0475
Finlay Beverages,237.0,6.0,802.8,2025-08-03 10:15:30+00:00,0.0405,0.01475,0.09,0.041
Finlay Beverages,237.0,6.0,802.8,2025-08-03 10:30:30+00:00,0.0315,0.015,0.1125,0.03175
Finlay Beverages,237.0,6.0,802.8,2025-08-03 10:45:30+00:00,0.0595,0.01525,0.15225,0.06075
Finlay Beverages,237.0,6.0,802.8,2025-08-03 11:00:30+00:00,0.10175,0.02025,0.187,0.1055
Finlay Beverages,237.0,6.0,802.8,2025-08-03 11:15:30+00:00,0.12425,0.047,0.2055,0.12975
Finlay Beverages,237.0,6.0,802.8,2025-08-03 11:30:30+00:00,0.1505,0.06875,0.1925,0.15925
Finlay Beverages,237.0,6.0,802.8,2025-08-03 11:45:30+00:00,0.11925,0.08425,0.18475,0.1245
Finlay Beverages,237.0,6.0,802.8,2025-08-03 12:00:30+00:00,0.13075,0.08125,0.1835,0.137
Finlay Beverages,237.0,6.0,802.8,2025-08-03 12:15:30+00:00,0.14575,0.09475,0.19975,0.15375
Finlay Beverages,237.0,6.0,802.8,2025-08-03 12:30:30+00:00,0.164,0.11125,0.2055,0.17475
Finlay Beverages,237.0,6.0,802.8,2025-08-03 12:45:30+00:00,0.16575,0.12675,0.20125,0.17675
Finlay Beverages,237.0,6.0,802.8,2025-08-03 13:00:30+00:00,0.16225,0.135,0.19775,0.17275
Finlay Beverages,237.0,6.0,802.8,2025-08-03 13:15:30+00:00,0.1705,0.142,0.197,0.182
Finlay Beverages,237.0,6.0,802.8,2025-08-03 13:30:30+00:00,0.175,0.149,0.19525,0.1875
Finlay Beverages,237.0,6.0,802.8,2025-08-03 13:45:30+00:00,0.17325,0.1465,0.191,0.1855
Finlay Beverages,237.0,6.0,802.8,2025-08-03 14:00:30+00:00,0.16525,0.13975,0.18675,0.17625
Finlay Beverages,237.0,6.0,802.8,2025-08-03 14:15:30+00:00,0.1565,0.125,0.1815,0.16575
Finlay Beverages,237.0,6.0,802.8,2025-08-03 14:30:30+00:00,0.138,0.122,0.17125,0.14475
Finlay Beverages,237.0,6.0,802.8,2025-08-03 14:45:30+00:00,0.14325,0.117,0.15675,0.15075
Finlay Beverages,237.0,6.0,802.8,2025-08-03 15:00:30+00:00,0.1305,0.1125,0.15675,0.1365
Finlay Beverages,237.0,6.0,802.8,2025-08-03 15:15:30+00:00,0.129,0.10125,0.15275,0.135
Finlay Beverages,237.0,6.0,802.8,2025-08-03 15:30:30+00:00,0.122,0.08475,0.146,0.127
Finlay Beverages,237.0,6.0,802.8,2025-08-03 15:45:30+00:00,0.095,0.065,0.13825,0.09775
Finlay Beverages,237.0,6.0,802.8,2025-08-03 16:00:30+00:00,0.0865,0.04875,0.12575,0.0885
Finlay Beverages,237.0,6.0,802.8,2025-08-03 16:15:30+00:00,0.0795,0.033,0.1145,0.08125
Finlay Beverages,237.0,6.0,802.8,2025-08-03 16:30:30+00:00,0.055,0.023,0.096,0.05575
Finlay Beverages,237.0,6.0,802.8,2025-08-03 16:45:30+00:00,0.04325,0.0135,0.075,0.04375
Finlay Beverages,237.0,6.0,802.8,2025-08-03 17:00:30+00:00,0.03375,0.012,0.058,0.034
Finlay Beverages,237.0,6.0,802.8,2025-08-03 17:15:30+00:00,0.02775,0.01325,0.044,0.028
Finlay Beverages,237.0,6.0,802.8,2025-08-03 17:30:30+00:00,0.024,0.0135,0.04025,0.02425
Finlay Beverages,237.0,6.0,802.8,2025-08-03 17:45:30+00:00,0.02875,0.013,0.0385,0.0285
Finlay Beverages,237.0,6.0,802.8,2025-08-03 18:00:30+00:00,0.0245,0.01175,0.0355,0.02425
Finlay Beverages,237.0,6.0,802.8,2025-08-03 18:15:30+00:00,0.0175,0.0065,0.02825,0.0175
Finlay Beverages,237.0,6.0,802.8,2025-08-03 18:30:30+00:00,0.0105,0.00275,0.021,0.0105
Finlay Beverages,237.0,6.0,802.8,2025-08-03 18:45:30+00:00,0.00775,0.002,0.01575,0.00775
Finlay Beverages,237.0,6.0,802.8,2025-08-03 19:00:30+00:00,0.007,0.0015,0.012,0.00725
Finlay Beverages,237.0,6.0,802.8,2025-08-03 19:15:30+00:00,0.0045,0.001,0.00775,0.0045
Finlay Beverages,237.0,6.0,802.8,2025-08-03 19:30:30+00:00,0.00175,0.0005,0.00375,0.00175
Finlay Beverages,237.0,6.0,802.8,2025-08-03 19:45:30+00:00,0.0005,0.00025,0.00125,0.0005
Finlay Beverages,237.0,6.0,802.8,2025-08-03 20:00:30+00:00,0.0,0.0,0.0,0.0
Finlay Beverages,237.0,6.0,802.8,2025-08-03 20:15:30+00:00,0.0,0.0,0.0,0.0
Finlay Beverages,237.0,6.0,802.8,2025-08-03 20:30:30+00:00,0.0,0.0,0.0,0.0
Finlay Beverages,237.0,6.0,802.8,2025-08-03 20:45:30+00:00,0.0,0.0,0.0,0.0
Finlay Beverages,237.0,6.0,802.8,2025-08-03 21:00:30+00:00,0.0,0.0,0.0,0.0
Finlay Beverages,237.0,6.0,802.8,2025-08-03 21:15:30+00:00,0.0,0.0,0.0,0.0
Finlay Beverages,237.0,6.0,802.8,2025-08-03 21:30:30+00:00,0.0,0.0,0.0,0.0
Finlay Beverages,237.0,6.0,802.8,2025-08-03 21:45:30+00:00,0.0,0.0,0.0,0.0
Finlay Beverages,237.0,6.0,802.8,2025-08-03 22:00:30+00:00,0.0,0.0,0.0,0.0
Finlay Beverages,237.0,6.0,802.8,2025-08-03 22:15:30+00:00,0.0,0.0,0.0,0.0
Finlay Beverages,237.0,6.0,802.8,2025-08-03 22:30:30+00:00,0.0,0.0,0.0,0.0
Finlay Beverages,237.0,6.0,802.8,2025-08-03 22:45:30+00:00,0.0,0.0,0.0,0.0
Finlay Beverages,237.0,6.0,802.8,2025-08-03 23:00:30+00:00,0.0,0.0,0.0,0.0
Finlay Beverages,237.0,6.0,802.8,2025-08-03 23:15:30+00:00,0.0,0.0,0.0,0.0
Finlay Beverages,237.0,6.0,802.8,2025-08-03 23:30:30+00:00,0.0,0.0,0.0,0.0
Finlay Beverages,237.0,6.0,802.8,2025-08-03 23:45:30+00:00,0.0,0.0,0.0,0.0
Finlay Beverages,237.0,6.0,802.8,2025-08-04 00:00:30+00:00,0.0,0.0,0.0,0.0
Finlay Beverages,237.0,6.0,802.8,2025-08-04 00:15:30+00:00,0.0,0.0,0.0,0.0
Finlay Beverages,237.0,6.0,802.8,2025-08-04 00:30:30+00:00,0.0,0.0,0.0,0.0
Finlay Beverages,237.0,6.0,802.8,2025-08-04 00:45:30+00:00,0.0,0.0,0.0,0.0
Finlay Beverages,237.0,6.0,802.8,2025-08-04 01:00:30+00:00,0.0,0.0,0.0,0.0
Finlay Beverages,237.0,6.0,802.8,2025-08-04 01:15:30+00:00,0.0,0.0,0.0,0.0
Finlay Beverages,237.0,6.0,802.8,2025-08-04 01:30:30+00:00,0.0,0.0,0.0,0.0
Finlay Beverages,237.0,6.0,802.8,2025-08-04 01:45:30+00:00,0.0,0.0,0.0,0.0
Finlay Beverages,237.0,6.0,802.8,2025-08-04 02:00:30+00:00,0.0,0.0,0.0,0.0
Finlay Beverages,237.0,6.0,802.8,2025-08-04 02:15:30+00:00,0.0,0.0,0.0,0.0
Finlay Beverages,237.0,6.0,802.8,2025-08-04 02:30:30+00:00,0.0,0.0,0.0,0.0
Finlay Beverages,237.0,6.0,802.8,2025-08-04 02:45:30+00:00,0.0,0.0,0.0,0.0
Finlay Beverages,237.0,6.0,802.8,2025-08-04 03:00:30+00:00,0.0,0.0,0.0,0.0
Finlay Beverages,237.0,6.0,802.8,2025-08-04 03:15:30+00:00,0.0,0.0,0.0,0.0
Finlay Beverages,237.0,6.0,802.8,2025-08-04 03:30:30+00:00,0.0,0.0,0.0,0.0
Finlay Beverages,237.0,6.0,802.8,2025-08-04 03:45:30+00:00,0.0,0.0,0.0,0.0
Finlay Beverages,237.0,6.0,802.8,2025-08-04 04:00:30+00:00,0.0,0.0,0.0,0.0
Finlay Beverages,237.0,6.0,802.8,2025-08-04 04:15:30+00:00,0.0,0.0,0.0,0.0
Finlay Beverages,237.0,6.0,802.8,2025-08-04 04:30:30+00:00,0.0,0.0,0.00025,0.0
Finlay Beverages,237.0,6.0,802.8,2025-08-04 04:45:30+00:00,0.00025,0.00025,0.0015,0.00025
Finlay Beverages,237.0,6.0,802.8,2025-08-04 05:00:30+00:00,0.00075,0.0005,0.003,0.00075
Finlay Beverages,237.0,6.0,802.8,2025-08-04 05:15:30+00:00,0.00125,0.00075,0.00475,0.00125
Finlay Beverages,237.0,6.0,802.8,2025-08-04 05:30:30+00:00,0.002,0.00125,0.008,0.002
Finlay Beverages,237.0,6.0,802.8,2025-08-04 05:45:30+00:00,0.018,0.0035,0.0305,0.0175
Finlay Beverages,237.0,6.0,802.8,2025-08-04 06:00:30+00:00,0.01175,0.00375,0.0435,0.0115
Finlay Beverages,237.0,6.0,802.8,2025-08-04 06:15:30+00:00,0.02975,0.006,0.04675,0.0295
Finlay Beverages,237.0,6.0,802.8,2025-08-04 06:30:30+00:00,0.01275,0.00525,0.0485,0.0125
Finlay Beverages,237.0,6.0,802.8,2025-08-04 06:45:30+00:00,0.00475,0.003,0.019,0.00475
Finlay Beverages,237.0,6.0,802.8,2025-08-04 07:00:30+00:00,0.00975,0.00675,0.0305,0.00975
Finlay Beverages,237.0,6.0,802.8,2025-08-04 07:15:30+00:00,0.00775,0.0075,0.0265,0.00775
Finlay Beverages,237.0,6.0,802.8,2025-08-04 07:30:30+00:00,0.012,0.00825,0.03125,0.01225
Finlay Beverages,237.0,6.0,802.8,2025-08-04 07:45:30+00:00,0.021,0.009,0.037,0.02125
Finlay Beverages,237.0,6.0,802.8,2025-08-04 08:00:30+00:00,0.024,0.00975,0.04025,0.02425
Finlay Beverages,237.0,6.0,802.8,2025-08-04 08:15:30+00:00,0.02325,0.0105,0.04425,0.0235
Finlay Beverages,237.0,6.0,802.8,2025-08-04 08:30:30+00:00,0.026,0.01125,0.0515,0.02625
Finlay Beverages,237.0,6.0,802.8,2025-08-04 08:45:30+00:00,0.0345,0.01175,0.06375,0.035
Finlay Beverages,237.0,6.0,802.8,2025-08-04 09:00:30+00:00,0.049,0.0155,0.07175,0.04975
Finlay Beverages,237.0,6.0,802.8,2025-08-04 09:15:30+00:00,0.047,0.0165,0.07525,0.04775
Finlay Beverages,237.0,6.0,802.8,2025-08-04 09:30:30+00:00,0.041,0.0135,0.0825,0.0415
Finlay Beverages,237.0,6.0,802.8,2025-08-04 09:45:30+00:00,0.032,0.014,0.10475,0.03225
Finlay Beverages,237.0,6.0,802.8,2025-08-04 10:00:30+00:00,0.05425,0.0145,0.142,0.0555
Finlay Beverages,237.0,6.0,802.8,2025-08-04 10:15:30+00:00,0.09525,0.019,0.1755,0.0985
Finlay Beverages,237.0,6.0,802.8,2025-08-04 10:30:30+00:00,0.12075,0.0385,0.182,0.12575
Finlay Beverages,237.0,6.0,802.8,2025-08-04 10:45:30+00:00,0.1145,0.06975,0.1775,0.11925
Finlay Beverages,237.0,6.0,802.8,2025-08-04 11:00:30+00:00,0.13325,0.07875,0.182,0.14025
Finlay Beverages,237.0,6.0,802.8,2025-08-04 11:15:30+00:00,0.1435,0.07075,0.204,0.1515
Finlay Beverages,237.0,6.0,802.8,2025-08-04 11:30:30+00:00,0.13575,0.06875,0.2135,0.1425
Finlay Beverages,237.0,6.0,802.8,2025-08-04 11:45:30+00:00,0.1845,0.042,0.2115,0.19675
Finlay Beverages,237.0,6.0,802.8,2025-08-04 12:00:30+00:00,0.088,0.0175,0.2015,0.09225
Finlay Beverages,237.0,6.0,802.8,2025-08-04 12:15:30+00:00,0.0425,0.01625,0.1705,0.043
Finlay Beverages,237.0,6.0,802.8,2025-08-04 12:30:30+00:00,0.13775,0.0275,0.21225,0.146
Finlay Beverages,237.0,6.0,802.8,2025-08-04 12:45:30+00:00,0.1775,0.086,0.2085,0.19
Finlay Beverages,237.0,6.0,802.8,2025-08-04 13:00:30+00:00,0.1785,0.113,0.2055,0.1915
Finlay Beverages,237.0,6.0,802.8,2025-08-04 13:15:30+00:00,0.16225,0.1225,0.2035,0.17275
Finlay Beverages,237.0,6.0,802.8,2025-08-04 13:30:30+00:00,0.1475,0.11875,0.1845,0.156
Finlay Beverages,237.0,6.0,802.8,2025-08-04 13:45:30+00:00,0.1435,0.11675,0.1735,0.15125
Finlay Beverages,237.0,6.0,802.8,2025-08-04 14:00:30+00:00,0.144,0.11375,0.16325,0.15175
Finlay Beverages,237.0,6.0,802.8,2025-08-04 14:15:30+00:00,0.129,0.1125,0.1635,0.135
Finlay Beverages,237.0,6.0,802.8,2025-08-04 14:30:30+00:00,0.139,0.105,0.16425,0.1465
Finlay Beverages,237.0,6.0,802.8,2025-08-04 14:45:30+00:00,0.13625,0.1085,0.16625,0.1435
Finlay Beverages,237.0,6.0,802.8,2025-08-04 15:00:30+00:00,0.13625,0.11075,0.162,0.14325
Finlay Beverages,237.0,6.0,802.8,2025-08-04 15:15:30+00:00,0.136,0.11625,0.153,0.143
Finlay Beverages,237.0,6.0,802.8,2025-08-04 15:30:30+00:00,0.1315,0.11625,0.145,0.13775
Finlay Beverages,237.0,6.0,802.8,2025-08-04 15:45:30+00:00,0.12475,0.11175,0.1365,0.13025
Finlay Beverages,237.0,6.0,802.8,2025-08-04 16:00:30+00:00,0.11625,0.10325,0.12725,0.1205
Finlay Beverages,237.0,6.0,802.8,2025-08-04 16:15:30+00:00,0.1045,0.0915,0.11825,0.10775
Finlay Beverages,237.0,6.0,802.8,2025-08-04 16:30:30+00:00,0.09375,0.0835,0.10775,0.096
Finlay Beverages,237.0,6.0,802.8,2025-08-04 16:45:30+00:00,0.08825,0.074,0.09775,0.0895
Finlay Beverages,237.0,6.0,802.8,2025-08-04 17:00:30+00:00,0.0755,0.068,0.09,0.076
Finlay Beverages,237.0,6.0,802.8,2025-08-04 17:15:30+00:00,0.073,0.06,0.0835,0.07275
Finlay Beverages,237.0,6.0,802.8,2025-08-04 17:30:30+00:00,0.067,0.0555,0.0775,0.066
Finlay Beverages,237.0,6.0,802.8,2025-08-04 17:45:30+00:00,0.0595,0.0495,0.0685,0.0575
Finlay Beverages,237.0,6.0,802.8,2025-08-04 18:00:30+00:00,0.051,0.04225,0.059,0.0485
Finlay Beverages,237.0,6.0,802.8,2025-08-04 18:15:30+00:00,0.04175,0.03375,0.04925,0.039
Finlay Beverages,237.0,6.0,802.8,2025-08-04 18:30:30+00:00,0.03425,0.02625,0.03975,0.031
Finlay Beverages,237.0,6.0,802.8,2025-08-04 18:45:30+00:00,0.0265,0.01925,0.0305,0.023
Finlay Beverages,237.0,6.0,802.8,2025-08-04 19:00:30+00:00,0.018,0.01275,0.0215,0.015
Finlay Beverages,237.0,6.0,802.8,2025-08-04 19:15:30+00:00,0.01,0.007,0.0125,0.008
Finlay Beverages,237.0,6.0,802.8,2025-08-04 19:30:30+00:00,0.00325,0.00275,0.004,0.00275
Finlay Beverages,237.0,6.0,802.8,2025-08-04 19:45:30+00:00,0.00025,0.00025,0.0005,0.0005
Finlay Beverages,237.0,6.0,802.8,2025-08-04 20:00:30+00:00,0.0,0.0,0.0,0.0
Finlay Beverages,237.0,6.0,802.8,2025-08-04 20:15:30+00:00,0.0,0.0,0.0,0.0
Finlay Beverages,237.0,6.0,802.8,2025-08-04 20:30:30+00:00,0.0,0.0,0.0,0.0
Finlay Beverages,237.0,6.0,802.8,2025-08-04 20:45:30+00:00,0.0,0.0,0.0,0.0
Finlay Beverages,237.0,6.0,802.8,2025-08-04 21:00:30+00:00,0.0,0.0,0.0,0.0
Finlay Beverages,237.0,6.0,802.8,2025-08-04 21:15:30+00:00,0.0,0.0,0.0,0.0
Finlay Beverages,237.0,6.0,802.8,2025-08-04 21:30:30+00:00,0.0,0.0,0.0,0.0
Finlay Beverages,237.0,6.0,802.8,2025-08-04 21:45:30+00:00,0.0,0.0,0.0,0.0
Finlay Beverages,237.0,6.0,802.8,2025-08-04 22:00:30+00:00,0.0,0.0,0.0,0.0
Finlay Beverages,237.0,6.0,802.8,2025-08-04 22:15:30+00:00,0.0,0.0,0.0,0.0
Finlay Beverages,237.0,6.0,802.8,2025-08-04 22:30:30+00:00,0.0,0.0,0.0,0.0
Finlay Beverages,237.0,6.0,802.8,2025-08-04 22:45:30+00:00,0.0,0.0,0.0,0.0
Finlay Beverages,237.0,6.0,802.8,2025-08-04 23:00:30+00:00,0.0,0.0,0.0,0.0
Finlay Beverages,237.0,6.0,802.8,2025-08-04 23:15:30+00:00,0.0,0.0,0.0,0.0
Finlay Beverages,237.0,6.0,802.8,2025-08-04 23:30:30+00:00,0.0,0.0,0.0,0.0
Finlay Beverages,237.0,6.0,802.8,2025-08-04 23:45:30+00:00,0.0,0.0,0.0,0.0
Finlay Beverages,237.0,6.0,802.8,2025-08-05 00:00:30+00:00,0.0,0.0,0.0,0.0
Finlay Beverages,237.0,6.0,802.8,2025-08-05 00:15:30+00:00,0.0,0.0,0.0,0.0
Finlay Beverages,237.0,6.0,802.8,2025-08-05 00:30:30+00:00,0.0,0.0,0.0,0.0
Finlay Beverages,237.0,6.0,802.8,2025-08-05 00:45:30+00:00,0.0,0.0,0.0,0.0
Finlay Beverages,237.0,6.0,802.8,2025-08-05 01:00:30+00:00,0.0,0.0,0.0,0.0
Finlay Beverages,237.0,6.0,802.8,2025-08-05 01:15:30+00:00,0.0,0.0,0.0,0.0
Finlay Beverages,237.0,6.0,802.8,2025-08-05 01:30:30+00:00,0.0,0.0,0.0,0.0
Finlay Beverages,237.0,6.0,802.8,2025-08-05 01:45:30+00:00,0.0,0.0,0.0,0.0
Finlay Beverages,237.0,6.0,802.8,2025-08-05 02:00:30+00:00,0.0,0.0,0.0,0.0
Finlay Beverages,237.0,6.0,802.8,2025-08-05 02:15:30+00:00,0.0,0.0,0.0,0.0
Finlay Beverages,237.0,6.0,802.8,2025-08-05 02:30:30+00:00,0.0,0.0,0.0,0.0
Finlay Beverages,237.0,6.0,802.8,2025-08-05 02:45:30+00:00,0.0,0.0,0.0,0.0
Finlay Beverages,237.0,6.0,802.8,2025-08-05 03:00:30+00:00,0.0,0.0,0.0,0.0
Finlay Beverages,237.0,6.0,802.8,2025-08-05 03:15:30+00:00,0.0,0.0,0.0,0.0
Finlay Beverages,237.0,6.0,802.8,2025-08-05 03:30:30+00:00,0.0,0.0,0.0,0.0
Finlay Beverages,237.0,6.0,802.8,2025-08-05 03:45:30+00:00,0.0,0.0,0.0,0.0
Finlay Beverages,237.0,6.0,802.8,2025-08-05 04:00:30+00:00,0.0,0.0,0.0,0.0
Finlay Beverages,237.0,6.0,802.8,2025-08-05 04:15:30+00:00,0.0,0.0,0.0,0.0
Finlay Beverages,237.0,6.0,802.8,2025-08-05 04:30:30+00:00,0.0005,0.00025,0.001,0.0005
Finlay Beverages,237.0,6.0,802.8,2025-08-05 04:45:30+00:00,0.0035,0.00175,0.006,0.00325
Finlay Beverages,237.0,6.0,802.8,2025-08-05 05:00:30+00:00,0.008,0.00275,0.0125,0.0075
Finlay Beverages,237.0,6.0,802.8,2025-08-05 05:15:30+00:00,0.0105,0.00425,0.02125,0.01025
Finlay Beverages,237.0,6.0,802.8,2025-08-05 05:30:30+00:00,0.02075,0.00725,0.032,0.0195
Finlay Beverages,237.0,6.0,802.8,2025-08-05 05:45:30+00:00,0.03075,0.01475,0.042,0.02875
Finlay Beverages,237.0,6.0,802.8,2025-08-05 06:00:30+00:00,0.04325,0.0215,0.052,0.041
Finlay Beverages,237.0,6.0,802.8,2025-08-05 06:15:30+00:00,0.054,0.0215,0.06125,0.0525
Finlay Beverages,237.0,6.0,802.8,2025-08-05 06:30:30+00:00,0.04275,0.01425,0.0705,0.04225
Finlay Beverages,237.0,6.0,802.8,2025-08-05 06:45:30+00:00,0.03875,0.00975,0.08,0.03875
Finlay Beverages,237.0,6.0,802.8,2025-08-05 07:00:30+00:00,0.053,0.0195,0.0905,0.05325
Finlay Beverages,237.0,6.0,802.8,2025-08-05 07:15:30+00:00,0.08475,0.03675,0.10025,0.086
Finlay Beverages,237.0,6.0,802.8,2025-08-05 07:30:30+00:00,0.1045,0.03225,0.10975,0.1065
Finlay Beverages,237.0,6.0,802.8,2025-08-05 07:45:30+00:00,0.053,0.02275,0.12,0.054
Finlay Beverages,237.0,6.0,802.8,2025-08-05 08:00:30+00:00,0.06825,0.0135,0.109,0.06975
Finlay Beverages,237.0,6.0,802.8,2025-08-05 08:15:30+00:00,0.05725,0.0115,0.105,0.05825
Finlay Beverages,237.0,6.0,802.8,2025-08-05 08:30:30+00:00,0.043,0.011,0.10375,0.0435
Finlay Beverages,237.0,6.0,802.8,2025-08-05 08:45:30+00:00,0.0505,0.0115,0.1085,0.05125
Finlay Beverages,237.0,6.0,802.8,2025-08-05 09:00:30+00:00,0.03625,0.01225,0.14325,0.03675
Finlay Beverages,237.0,6.0,802.8,2025-08-05 09:15:30+00:00,0.11625,0.02425,0.1695,0.1215
Finlay Beverages,237.0,6.0,802.8,2025-08-05 09:30:30+00:00,0.144,0.04125,0.1755,0.15125
Finlay Beverages,237.0,6.0,802.8,2025-08-05 09:45:30+00:00,0.08575,0.0395,0.1845,0.08925
Finlay Beverages,237.0,6.0,802.8,2025-08-05 10:00:30+00:00,0.11225,0.03875,0.18975,0.117
Finlay Beverages,237.0,6.0,802.8,2025-08-05 10:15:30+00:00,0.14275,0.0705,0.193,0.15075
Finlay Beverages,237.0,6.0,802.8,2025-08-05 10:30:30+00:00,0.1655,0.09825,0.19575,0.17625
Finlay Beverages,237.0,6.0,802.8,2025-08-05 10:45:30+00:00,0.153,0.12225,0.201,0.162
Finlay Beverages,237.0,6.0,802.8,2025-08-05 11:00:30+00:00,0.1645,0.134,0.19675,0.1755
Finlay Beverages,237.0,6.0,802.8,2025-08-05 11:15:30+00:00,0.178,0.13475,0.1965,0.191
Finlay Beverages,237.0,6.0,802.8,2025-08-05 11:30:30+00:00,0.1565,0.1215,0.20875,0.16625
Finlay Beverages,237.0,6.0,802.8,2025-08-05 11:45:30+00:00,0.1635,0.108,0.209,0.1745
Finlay Beverages,237.0,6.0,802.8,2025-08-05 12:00:30+00:00,0.176,0.08175,0.209,0.18825
Finlay Beverages,237.0,6.0,802.8,2025-08-05 12:15:30+00:00,0.11575,0.07125,0.2085,0.122
Finlay Beverages,237.0,6.0,802.8,2025-08-05 12:30:30+00:00,0.12525,0.06425,0.2005,0.13125
Finlay Beverages,237.0,6.0,802.8,2025-08-05 12:45:30+00:00,0.153,0.08275,0.208,0.16225
Finlay Beverages,237.0,6.0,802.8,2025-08-05 13:00:30+00:00,0.17025,0.0945,0.204,0.18175
Finlay Beverages,237.0,6.0,802.8,2025-08-05 13:15:30+00:00,0.159,0.07525,0.202,0.16925
Finlay Beverages,237.0,6.0,802.8,2025-08-05 13:30:30+00:00,0.108,0.066,0.202,0.1125
Finlay Beverages,237.0,6.0,802.8,2025-08-05 13:45:30+00:00,0.14825,0.066,0.19475,0.15675
Finlay Beverages,237.0,6.0,802.8,2025-08-05 14:00:30+00:00,0.16925,0.09025,0.18875,0.18
Finlay Beverages,237.0,6.0,802.8,2025-08-05 14:15:30+00:00,0.13725,0.106,0.18425,0.145
Finlay Beverages,237.0,6.0,802.8,2025-08-05 14:30:30+00:00,0.15025,0.11425,0.17725,0.159
Finlay Beverages,237.0,6.0,802.8,2025-08-05 14:45:30+00:00,0.15325,0.1205,0.17025,0.1625
Finlay Beverages,237.0,6.0,802.8,2025-08-05 15:00:30+00:00,0.14075,0.119,0.16325,0.14875
Finlay Beverages,237.0,6.0,802.8,2025-08-05 15:15:30+00:00,0.129,0.1175,0.1495,0.1355
Finlay Beverages,237.0,6.0,802.8,2025-08-05 15:30:30+00:00,0.1295,0.11325,0.1415,0.13575
Finlay Beverages,237.0,6.0,802.8,2025-08-05 15:45:30+00:00,0.1235,0.11125,0.13475,0.12875
Finlay Beverages,237.0,6.0,802.8,2025-08-05 16:00:30+00:00,0.116,0.10475,0.1255,0.1205
Finlay Beverages,237.0,6.0,802.8,2025-08-05 16:15:30+00:00,0.10625,0.097,0.115,0.10975
Finlay Beverages,237.0,6.0,802.8,2025-08-05 16:30:30+00:00,0.0955,0.08825,0.1055,0.098
Finlay Beverages,237.0,6.0,802.8,2025-08-05 16:45:30+00:00,0.0885,0.07875,0.09825,0.09
Finlay Beverages,237.0,6.0,802.8,2025-08-05 17:00:30+00:00,0.0815,0.067,0.093,0.082
Finlay Beverages,237.0,6.0,802.8,2025-08-05 17:15:30+00:00,0.07,0.054,0.08575,0.06975
Finlay Beverages,237.0,6.0,802.8,2025-08-05 17:30:30+00:00,0.05725,0.0385,0.07575,0.05675
Finlay Beverages,237.0,6.0,802.8,2025-08-05 17:45:30+00:00,0.04475,0.0285,0.06575,0.044
Finlay Beverages,237.0,6.0,802.8,2025-08-05 18:00:30+00:00,0.04675,0.01625,0.056,0.04525
Finlay Beverages,237.0,6.0,802.8,2025-08-05 18:15:30+00:00,0.025,0.008,0.0455,0.02425
Finlay Beverages,237.0,6.0,802.8,2025-08-05 18:30:30+00:00,0.01525,0.003,0.03175,0.015
Finlay Beverages,237.0,6.0,802.8,2025-08-05 18:45:30+00:00,0.0085,0.00175,0.01975,0.0085
Finlay Beverages,237.0,6.0,802.8,2025-08-05 19:00:30+00:00,0.0055,0.00125,0.011,0.0055
Finlay Beverages,237.0,6.0,802.8,2025-08-05 19:15:30+00:00,0.00325,0.00075,0.006,0.00325
Finlay Beverages,237.0,6.0,802.8,2025-08-05 19:30:30+00:00,0.001,0.00025,0.0025,0.001
Finlay Beverages,237.0,6.0,802.8,2025-08-05 19:45:30+00:00,0.0,0.0,0.00025,0.0
Finlay Beverages,237.0,6.0,802.8,2025-08-05 20:00:30+00:00,0.0,0.0,0.0,0.0
Finlay Beverages,237.0,6.0,802.8,2025-08-05 20:15:30+00:00,0.0,0.0,0.0,0.0
Finlay Beverages,237.0,6.0,802.8,2025-08-05 20:30:30+00:00,0.0,0.0,0.0,0.0
Finlay Beverages,237.0,6.0,802.8,2025-08-05 20:45:30+00:00,0.0,0.0,0.0,0.0
Finlay Beverages,237.0,6.0,802.8,2025-08-05 21:00:30+00:00,0.0,0.0,0.0,0.0
Finlay Beverages,237.0,6.0,802.8,2025-08-05 21:15:30+00:00,0.0,0.0,0.0,0.0
Finlay Beverages,237.0,6.0,802.8,2025-08-05 21:30:30+00:00,0.0,0.0,0.0,0.0
Finlay Beverages,237.0,6.0,802.8,2025-08-05 21:45:30+00:00,0.0,0.0,0.0,0.0
Finlay Beverages,237.0,6.0,802.8,2025-08-05 22:00:30+00:00,0.0,0.0,0.0,0.0
Finlay Beverages,237.0,6.0,802.8,2025-08-05 22:15:30+00:00,0.0,0.0,0.0,0.0
Finlay Beverages,237.0,6.0,802.8,2025-08-05 22:30:30+00:00,0.0,0.0,0.0,0.0
Finlay Beverages,237.0,6.0,802.8,2025-08-05 22:45:30+00:00,0.0,0.0,0.0,0.0
Finlay Beverages,237.0,6.0,802.8,2025-08-05 23:00:30+00:00,0.0,0.0,0.0,0.0
Finlay Beverages,237.0,6.0,802.8,2025-08-05 23:15:30+00:00,0.0,0.0,0.0,0.0
Finlay Beverages,237.0,6.0,802.8,2025-08-05 23:30:30+00:00,0.0,0.0,0.0,0.0
Finlay Beverages,237.0,6.0,802.8,2025-08-05 23:45:30+00:00,0.0,0.0,0.0,0.0
Finlay Beverages,237.0,6.0,802.8,2025-08-06 00:00:30+00:00,0.0,0.0,0.0,0.0
Finlay Beverages,237.0,6.0,802.8,2025-08-06 00:15:30+00:00,0.0,0.0,0.0,0.0
Finlay Beverages,237.0,6.0,802.8,2025-08-06 00:30:30+00:00,0.0,0.0,0.0,0.0
Finlay Beverages,237.0,6.0,802.8,2025-08-06 00:45:30+00:00,0.0,0.0,0.0,0.0
Finlay Beverages,237.0,6.0,802.8,2025-08-06 01:00:30+00:00,0.0,0.0,0.0,0.0
Finlay Beverages,237.0,6.0,802.8,2025-08-06 01:15:30+00:00,0.0,0.0,0.0,0.0
Finlay Beverages,237.0,6.0,802.8,2025-08-06 01:30:30+00:00,0.0,0.0,0.0,0.0
Finlay Beverages,237.0,6.0,802.8,2025-08-06 01:45:30+00:00,0.0,0.0,0.0,0.0
Finlay Beverages,237.0,6.0,802.8,2025-08-06 02:00:30+00:00,0.0,0.0,0.0,0.0
Finlay Beverages,237.0,6.0,802.8,2025-08-06 02:15:30+00:00,0.0,0.0,0.0,0.0
Finlay Beverages,237.0,6.0,802.8,2025-08-06 02:30:30+00:00,0.0,0.0,0.0,0.0
Finlay Beverages,237.0,6.0,802.8,2025-08-06 02:45:30+00:00,0.0,0.0,0.0,0.0
Finlay Beverages,237.0,6.0,802.8,2025-08-06 03:00:30+00:00,0.0,0.0,0.0,0.0
Finlay Beverages,237.0,6.0,802.8,2025-08-06 03:15:30+00:00,0.0,0.0,0.0,0.0
Finlay Beverages,237.0,6.0,802.8,2025-08-06 03:30:30+00:00,0.0,0.0,0.0,0.0
Finlay Beverages,237.0,6.0,802.8,2025-08-06 03:45:30+00:00,0.0,0.0,0.0,0.0
Finlay Beverages,237.0,6.0,802.8,2025-08-06 04:00:30+00:00,0.0,0.0,0.0,0.0
Finlay Beverages,237.0,6.0,802.8,2025-08-06 04:15:30+00:00,0.0,0.0,0.0,0.0
Finlay Beverages,237.0,6.0,802.8,2025-08-06 04:30:30+00:00,0.00025,0.00025,0.00025,0.00025
Finlay Beverages,237.0,6.0,802.8,2025-08-06 04:45:30+00:00,0.002,0.00125,0.0035,0.002
Finlay Beverages,237.0,6.0,802.8,2025-08-06 05:00:30+00:00,0.00525,0.003,0.00875,0.00525
Finlay Beverages,237.0,6.0,802.8,2025-08-06 05:15:30+00:00,0.0105,0.00625,0.016,0.01025
Finlay Beverages,237.0,6.0,802.8,2025-08-06 05:30:30+00:00,0.0175,0.01075,0.024,0.017
Finlay Beverages,237.0,6.0,802.8,2025-08-06 05:45:30+00:00,0.0235,0.01675,0.032,0.023
Finlay Beverages,237.0,6.0,802.8,2025-08-06 06:00:30+00:00,0.03225,0.024,0.0405,0.0315
Finlay Beverages,237.0,6.0,802.8,2025-08-06 06:15:30+00:00,0.0405,0.03175,0.048,0.03975
Finlay Beverages,237.0,6.0,802.8,2025-08-06 06:30:30+00:00,0.0465,0.0395,0.0555,0.046
Finlay Beverages,237.0,6.0,802.8,2025-08-06 06:45:30+00:00,0.0555,0.048,0.0635,0.0555
Finlay Beverages,237.0,6.0,802.8,2025-08-06 07:00:30+00:00,0.06525,0.05775,0.07175,0.0655
Finlay Beverages,237.0,6.0,802.8,2025-08-06 07:15:30+00:00,0.073,0.06675,0.079,0.07375
Finlay Beverages,237.0,6.0,802.8,2025-08-06 07:30:30+00:00,0.0805,0.07475,0.08575,0.08175
Finlay Beverages,237.0,6.0,802.8,2025-08-06 07:45:30+00:00,0.08725,0.08175,0.0945,0.089
Finlay Beverages,237.0,6.0,802.8,2025-08-06 08:00:30+00:00,0.09675,0.08575,0.105,0.0995
Finlay Beverages,237.0,6.0,802.8,2025-08-06 08:15:30+00:00,0.10225,0.08875,0.115,0.1055
Finlay Beverages,237.0,6.0,802.8,2025-08-06 08:30:30+00:00,0.10625,0.08925,0.12,0.10975
Finlay Beverages,237.0,6.0,802.8,2025-08-06 08:45:30+00:00,0.10575,0.09525,0.12475,0.1095
Finlay Beverages,237.0,6.0,802.8,2025-08-06 09:00:30+00:00,0.1175,0.1,0.127,0.1225
Finlay Beverages,237.0,6.0,802.8,2025-08-06 09:15:30+00:00,0.11775,0.10625,0.13175,0.1225
Finlay Beverages,237.0,6.0,802.8,2025-08-06 09:30:30+00:00,0.12125,0.1085,0.135,0.1265
Finlay Beverages,237.0,6.0,802.8,2025-08-06 09:45:30+00:00,0.126,0.11175,0.141,0.13175
Finlay Beverages,237.0,6.0,802.8,2025-08-06 10:00:30+00:00,0.1315,0.11625,0.15125,0.13775
Finlay Beverages,237.0,6.0,802.8,2025-08-06 10:15:30+00:00,0.1425,0.12025,0.161,0.15025
Finlay Beverages,237.0,6.0,802.8,2025-08-06 10:30:30+00:00,0.14825,0.12775,0.1705,0.15675
Finlay Beverages,237.0,6.0,802.8,2025-08-06 10:45:30+00:00,0.156,0.13475,0.1755,0.16525
Finlay Beverages,237.0,6.0,802.8,2025-08-06 11:00:30+00:00,0.16025,0.14275,0.179,0.1705
Finlay Beverages,237.0,6.0,802.8,2025-08-06 11:15:30+00:00,0.16675,0.14875,0.18225,0.17775
Finlay Beverages,237.0,6.0,802.8,2025-08-06 11:30:30+00:00,0.16975,0.1555,0.184,0.181
Finlay Beverages,237.0,6.0,802.8,2025-08-06 11:45:30+00:00,0.1725,0.1565,0.188,0.1845
Finlay Beverages,237.0,6.0,802.8,2025-08-06 12:00:30+00:00,0.17425,0.15025,0.196,0.18625
Finlay Beverages,237.0,6.0,802.8,2025-08-06 12:15:30+00:00,0.17225,0.13675,0.19625,0.184
Finlay Beverages,237.0,6.0,802.8,2025-08-06 12:30:30+00:00,0.16025,0.121,0.19625,0.17
Finlay Beverages,237.0,6.0,802.8,2025-08-06 12:45:30+00:00,0.14275,0.11425,0.18175,0.15075
Finlay Beverages,237.0,6.0,802.8,2025-08-06 13:00:30+00:00,0.14,0.11425,0.16725,0.14725
Finlay Beverages,237.0,6.0,802.8,2025-08-06 13:15:30+00:00,0.138,0.107,0.1675,0.1455
Finlay Beverages,237.0,6.0,802.8,2025-08-06 13:30:30+00:00,0.13425,0.09025,0.1745,0.14075
Finlay Beverages,237.0,6.0,802.8,2025-08-06 13:45:30+00:00,0.124,0.05675,0.1755,0.1295
Finlay Beverages,237.0,6.0,802.8,2025-08-06 14:00:30+00:00,0.08975,0.02975,0.1635,0.0925
Finlay Beverages,237.0,6.0,802.8,2025-08-06 14:15:30+00:00,0.07425,0.01475,0.14075,0.07575
Finlay Beverages,237.0,6.0,802.8,2025-08-06 14:30:30+00:00,0.062,0.0125,0.11825,0.06325
Finlay Beverages,237.0,6.0,802.8,2025-08-06 14:45:30+00:00,0.0505,0.012,0.09175,0.05125
Finlay Beverages,237.0,6.0,802.8,2025-08-06 15:00:30+00:00,0.0325,0.0115,0.0705,0.03275
Finlay Beverages,237.0,6.0,802.8,2025-08-06 15:15:30+00:00,0.0295,0.011,0.05725,0.03
Finlay Beverages,237.0,6.0,802.8,2025-08-06 15:30:30+00:00,0.02975,0.01025,0.05475,0.03025
Finlay Beverages,237.0,6.0,802.8,2025-08-06 15:45:30+00:00,0.036,0.014,0.056,0.0365
Finlay Beverages,237.0,6.0,802.8,2025-08-06 16:00:30+00:00,0.039,0.01625,0.05225,0.0395
Finlay Beverages,237.0,6.0,802.8,2025-08-06 16:15:30+00:00,0.02775,0.01525,0.04575,0.028
Finlay Beverages,237.0,6.0,802.8,2025-08-06 16:30:30+00:00,0.02475,0.012,0.038,0.025
Finlay Beverages,237.0,6.0,802.8,2025-08-06 16:45:30+00:00,0.0225,0.01275,0.036,0.02275
Finlay Beverages,237.0,6.0,802.8,2025-08-06 17:00:30+00:00,0.02575,0.01275,0.034,0.026
Finlay Beverages,237.0,6.0,802.8,2025-08-06 17:15:30+00:00,0.02175,0.01025,0.0315,0.022
Finlay Beverages,237.0,6.0,802.8,2025-08-06 17:30:30+00:00,0.015,0.0065,0.02775,0.015
Finlay Beverages,237.0,6.0,802.8,2025-08-06 17:45:30+00:00,0.0145,0.004,0.02325,0.0145
Finlay Beverages,237.0,6.0,802.8,2025-08-06 18:00:30+00:00,0.009,0.00325,0.01925,0.00925
Finlay Beverages,237.0,6.0,802.8,2025-08-06 18:15:30+00:00,0.00625,0.0025,0.01475,0.0065
Finlay Beverages,237.0,6.0,802.8,2025-08-06 18:30:30+00:00,0.005,0.002,0.012,0.005
Finlay Beverages,237.0,6.0,802.8,2025-08-06 18:45:30+00:00,0.00525,0.0015,0.00925,0.00525
Finlay Beverages,237.0,6.0,802.8,2025-08-06 19:00:30+00:00,0.00275,0.00075,0.0065,0.00275
Finlay Beverages,237.0,6.0,802.8,2025-08-06 19:15:30+00:00,0.001,0.0005,0.00325,0.001
Finlay Beverages,237.0,6.0,802.8,2025-08-06 19:30:30+00:00,0.00025,0.0,0.001,0.00025
Finlay Beverages,237.0,6.0,802.8,2025-08-06 19:45:30+00:00,0.0,0.0,0.0,0.0
Finlay Beverages,237.0,6.0,802.8,2025-08-06 20:00:30+00:00,0.0,0.0,0.0,0.0
Finlay Beverages,237.0,6.0,802.8,2025-08-06 20:15:30+00:00,0.0,0.0,0.0,0.0
Finlay Beverages,237.0,6.0,802.8,2025-08-06 20:30:30+00:00,0.0,0.0,0.0,0.0
Finlay Beverages,237.0,6.0,802.8,2025-08-06 20:45:30+00:00,0.0,0.0,0.0,0.0
Finlay Beverages,237.0,6.0,802.8,2025-08-06 21:00:30+00:00,0.0,0.0,0.0,0.0
Finlay Beverages,237.0,6.0,802.8,2025-08-06 21:15:30+00:00,0.0,0.0,0.0,0.0
Finlay Beverages,237.0,6.0,802.8,2025-08-06 21:30:30+00:00,0.0,0.0,0.0,0.0
Finlay Beverages,237.0,6.0,802.8,2025-08-06 21:45:30+00:00,0.0,0.0,0.0,0.0
Finlay Beverages,237.0,6.0,802.8,2025-08-06 22:00:30+00:00,0.0,0.0,0.0,0.0
Finlay Beverages,237.0,6.0,802.8,2025-08-06 22:15:30+00:00,0.0,0.0,0.0,0.0
Finlay Beverages,237.0,6.0,802.8,2025-08-06 22:30:30+00:00,0.0,0.0,0.0,0.0
Finlay Beverages,237.0,6.0,802.8,2025-08-06 22:45:30+00:00,0.0,0.0,0.0,0.0
Finlay Beverages,237.0,6.0,802.8,2025-08-06 23:00:30+00:00,0.0,0.0,0.0,0.0
Finlay Beverages,237.0,6.0,802.8,2025-08-06 23:15:30+00:00,0.0,0.0,0.0,0.0
Finlay Beverages,237.0,6.0,802.8,2025-08-06 23:30:30+00:00,0.0,0.0,0.0,0.0
Finlay Beverages,237.0,6.0,802.8,2025-08-06 23:45:30+00:00,0.0,0.0,0.0,0.0
Finlay Beverages,237.0,6.0,802.8,2025-08-07 00:00:30+00:00,0.0,0.0,0.0,0.0
Finlay Beverages,237.0,6.0,802.8,2025-08-07 00:15:30+00:00,0.0,0.0,0.0,0.0
Finlay Beverages,237.0,6.0,802.8,2025-08-07 00:30:30+00:00,0.0,0.0,0.0,0.0
Finlay Beverages,237.0,6.0,802.8,2025-08-07 00:45:30+00:00,0.0,0.0,0.0,0.0
Finlay Beverages,237.0,6.0,802.8,2025-08-07 01:00:30+00:00,0.0,0.0,0.0,0.0
Finlay Beverages,237.0,6.0,802.8,2025-08-07 01:15:30+00:00,0.0,0.0,0.0,0.0
Finlay Beverages,237.0,6.0,802.8,2025-08-07 01:30:30+00:00,0.0,0.0,0.0,0.0
Finlay Beverages,237.0,6.0,802.8,2025-08-07 01:45:30+00:00,0.0,0.0,0.0,0.0
Finlay Beverages,237.0,6.0,802.8,2025-08-07 02:00:30+00:00,0.0,0.0,0.0,0.0
Finlay Beverages,237.0,6.0,802.8,2025-08-07 02:15:30+00:00,0.0,0.0,0.0,0.0
Finlay Beverages,237.0,6.0,802.8,2025-08-07 02:30:30+00:00,0.0,0.0,0.0,0.0
Finlay Beverages,237.0,6.0,802.8,2025-08-07 02:45:30+00:00,0.0,0.0,0.0,0.0
Finlay Beverages,237.0,6.0,802.8,2025-08-07 03:00:30+00:00,0.0,0.0,0.0,0.0
Finlay Beverages,237.0,6.0,802.8,2025-08-07 03:15:30+00:00,0.0,0.0,0.0,0.0
Finlay Beverages,237.0,6.0,802.8,2025-08-07 03:30:30+00:00,0.0,0.0,0.0,0.0
Finlay Beverages,237.0,6.0,802.8,2025-08-07 03:45:30+00:00,0.0,0.0,0.0,0.0
Finlay Beverages,237.0,6.0,802.8,2025-08-07 04:00:30+00:00,0.0,0.0,0.0,0.0
Finlay Beverages,237.0,6.0,802.8,2025-08-07 04:15:30+00:00,0.0,0.0,0.0,0.0
Finlay Beverages,237.0,6.0,802.8,2025-08-07 04:30:30+00:00,0.00025,0.0,0.00025,0.00025
Finlay Beverages,237.0,6.0,802.8,2025-08-07 04:45:30+00:00,0.0025,0.00125,0.0035,0.0025
Finlay Beverages,237.0,6.0,802.8,2025-08-07 05:00:30+00:00,0.00725,0.00325,0.01,0.00675
Finlay Beverages,237.0,6.0,802.8,2025-08-07 05:15:30+00:00,0.01525,0.003,0.018,0.01425
Finlay Beverages,237.0,6.0,802.8,2025-08-07 05:30:30+00:00,0.0085,0.00175,0.02525,0.0085
Finlay Beverages,237.0,6.0,802.8,2025-08-07 05:45:30+00:00,0.01625,0.00325,0.0305,0.016
Finlay Beverages,237.0,6.0,802.8,2025-08-07 06:00:30+00:00,0.02175,0.0075,0.037,0.02175
Finlay Beverages,237.0,6.0,802.8,2025-08-07 06:15:30+00:00,0.02825,0.0165,0.0435,0.028
Finlay Beverages,237.0,6.0,802.8,2025-08-07 06:30:30+00:00,0.04,0.022,0.048,0.03975
Finlay Beverages,237.0,6.0,802.8,2025-08-07 06:45:30+00:00,0.036,0.02425,0.05775,0.036
Finlay Beverages,237.0,6.0,802.8,2025-08-07 07:00:30+00:00,0.047,0.01925,0.06775,0.0475
Finlay Beverages,237.0,6.0,802.8,2025-08-07 07:15:30+00:00,0.04725,0.025,0.08925,0.04775
Finlay Beverages,237.0,6.0,802.8,2025-08-07 07:30:30+00:00,0.0765,0.03425,0.102,0.07775
Finlay Beverages,237.0,6.0,802.8,2025-08-07 07:45:30+00:00,0.094,0.058,0.11125,0.0965
Finlay Beverages,237.0,6.0,802.8,2025-08-07 08:00:30+00:00,0.1015,0.0795,0.12025,0.10475
Finlay Beverages,237.0,6.0,802.8,2025-08-07 08:15:30+00:00,0.11175,0.099,0.12325,0.116
Finlay Beverages,237.0,6.0,802.8,2025-08-07 08:30:30+00:00,0.11975,0.107,0.13075,0.12475
Finlay Beverages,237.0,6.0,802.8,2025-08-07 08:45:30+00:00,0.125,0.105,0.14275,0.13075
Finlay Beverages,237.0,6.0,802.8,2025-08-07 09:00:30+00:00,0.12725,0.09825,0.153,0.13325
Finlay Beverages,237.0,6.0,802.8,2025-08-07 09:15:30+00:00,0.126,0.0915,0.15775,0.132
Finlay Beverages,237.0,6.0,802.8,2025-08-07 09:30:30+00:00,0.1205,0.08825,0.1535,0.126
Finlay Beverages,237.0,6.0,802.8,2025-08-07 09:45:30+00:00,0.116,0.09375,0.149,0.121
Finlay Beverages,237.0,6.0,802.8,2025-08-07 10:00:30+00:00,0.126,0.10025,0.1465,0.13175
Finlay Beverages,237.0,6.0,802.8,2025-08-07 10:15:30+00:00,0.128,0.0945,0.15525,0.134
Finlay Beverages,237.0,6.0,802.8,2025-08-07 10:30:30+00:00,0.12025,0.0815,0.16525,0.1255
Finlay Beverages,237.0,6.0,802.8,2025-08-07 10:45:30+00:00,0.12075,0.04775,0.17625,0.12625
Finlay Beverages,237.0,6.0,802.8,2025-08-07 11:00:30+00:00,0.095,0.02325,0.18075,0.09825
Finlay Beverages,237.0,6.0,802.8,2025-08-07 11:15:30+00:00,0.088,0.0175,0.1565,0.09075
Finlay Beverages,237.0,6.0,802.8,2025-08-07 11:30:30+00:00,0.0365,0.0155,0.139,0.03725
Finlay Beverages,237.0,6.0,802.8,2025-08-07 11:45:30+00:00,0.067,0.01525,0.11525,0.06875
Finlay Beverages,237.0,6.0,802.8,2025-08-07 12:00:30+00:00,0.07075,0.0185,0.11775,0.07225
Finlay Beverages,237.0,6.0,802.8,2025-08-07 12:15:30+00:00,0.0655,0.0155,0.1275,0.0665
Finlay Beverages,237.0,6.0,802.8,2025-08-07 12:30:30+00:00,0.06375,0.0155,0.1545,0.065
Finlay Beverages,237.0,6.0,802.8,2025-08-07 12:45:30+00:00,0.09925,0.02175,0.202,0.1035
Finlay Beverages,237.0,6.0,802.8,2025-08-07 13:00:30+00:00,0.169,0.03375,0.19775,0.1795
Finlay Beverages,237.0,6.0,802.8,2025-08-07 13:15:30+00:00,0.0875,0.0325,0.19825,0.091
Finlay Beverages,237.0,6.0,802.8,2025-08-07 13:30:30+00:00,0.0995,0.0305,0.161,0.1035
Finlay Beverages,237.0,6.0,802.8,2025-08-07 13:45:30+00:00,0.0995,0.049,0.14275,0.10275
Finlay Beverages,237.0,6.0,802.8,2025-08-07 14:00:30+00:00,0.08775,0.061,0.1245,0.0905
Finlay Beverages,237.0,6.0,802.8,2025-08-07 14:15:30+00:00,0.09,0.054,0.1355,0.09275
Finlay Beverages,237.0,6.0,802.8,2025-08-07 14:30:30+00:00,0.105,0.055,0.149,0.109
Finlay Beverages,237.0,6.0,802.8,2025-08-07 14:45:30+00:00,0.1105,0.063,0.157,0.11475
Finlay Beverages,237.0,6.0,802.8,2025-08-07 15:00:30+00:00,0.11375,0.072,0.15575,0.11825
Finlay Beverages,237.0,6.0,802.8,2025-08-07 15:15:30+00:00,0.117,0.08375,0.149,0.122
Finlay Beverages,237.0,6.0,802.8,2025-08-07 15:30:30+00:00,0.1185,0.09225,0.14075,0.1235
Finlay Beverages,237.0,6.0,802.8,2025-08-07 15:45:30+00:00,0.114,0.0865,0.1325,0.11825
Finlay Beverages,237.0,6.0,802.8,2025-08-07 16:00:30+00:00,0.096,0.076,0.12425,0.09875
Finlay Beverages,237.0,6.0,802.8,2025-08-07 16:15:30+00:00,0.08975,0.06075,0.1095,0.092
Finlay Beverages,237.0,6.0,802.8,2025-08-07 16:30:30+00:00,0.0695,0.05425,0.09575,0.07075
Finlay Beverages,237.0,6.0,802.8,2025-08-07 16:45:30+00:00,0.065,0.049,0.08075,0.066
Finlay Beverages,237.0,6.0,802.8,2025-08-07 17:00:30+00:00,0.06,0.0415,0.07375,0.0605
Finlay Beverages,237.0,6.0,802.8,2025-08-07 17:15:30+00:00,0.0475,0.0365,0.068,0.04775
Finlay Beverages,237.0,6.0,802.8,2025-08-07 17:30:30+00:00,0.049,0.0285,0.0665,0.04875
Finlay Beverages,237.0,6.0,802.8,2025-08-07 17:45:30+00:00,0.04625,0.0245,0.0585,0.0455
Finlay Beverages,237.0,6.0,802.8,2025-08-07 18:00:30+00:00,0.04075,0.01425,0.049,0.0395
Finlay Beverages,237.0,6.0,802.8,2025-08-07 18:15:30+00:00,0.019,0.004,0.0385,0.01875
Finlay Beverages,237.0,6.0,802.8,2025-08-07 18:30:30+00:00,0.007,0.002,0.02325,0.00725
Finlay Beverages,237.0,6.0,802.8,2025-08-07 18:45:30+00:00,0.00325,0.0015,0.013,0.00325
Finlay Beverages,237.0,6.0,802.8,2025-08-07 19:00:30+00:00,0.002,0.001,0.007,0.002
Finlay Beverages,237.0,6.0,802.8,2025-08-07 19:15:30+00:00,0.001,0.0005,0.003,0.001
Finlay Beverages,237.0,6.0,802.8,2025-08-07 19:30:30+00:00,0.00025,0.0,0.00075,0.00025
Finlay Beverages,237.0,6.0,802.8,2025-08-07 19:45:30+00:00,0.0,0.0,0.0,0.0
Finlay Beverages,237.0,6.0,802.8,2025-08-07 20:00:30+00:00,0.0,0.0,0.0,0.0
Finlay Beverages,237.0,6.0,802.8,2025-08-07 20:15:30+00:00,0.0,0.0,0.0,0.0
Finlay Beverages,237.0,6.0,802.8,2025-08-07 20:30:30+00:00,0.0,0.0,0.0,0.0
Finlay Beverages,237.0,6.0,802.8,2025-08-07 20:45:30+00:00,0.0,0.0,0.0,0.0
Finlay Beverages,237.0,6.0,802.8,2025-08-07 21:00:30+00:00,0.0,0.0,0.0,0.0
Finlay Beverages,237.0,6.0,802.8,2025-08-07 21:15:30+00:00,0.0,0.0,0.0,0.0
Finlay Beverages,237.0,6.0,802.8,2025-08-07 21:30:30+00:00,0.0,0.0,0.0,0.0
Finlay Beverages,237.0,6.0,802.8,2025-08-07 21:45:30+00:00,0.0,0.0,0.0,0.0
Finlay Beverages,237.0,6.0,802.8,2025-08-07 22:00:30+00:00,0.0,0.0,0.0,0.0
Finlay Beverages,237.0,6.0,802.8,2025-08-07 22:15:30+00:00,0.0,0.0,0.0,0.0
Finlay Beverages,237.0,6.0,802.8,2025-08-07 22:30:30+00:00,0.0,0.0,0.0,0.0
Finlay Beverages,237.0,6.0,802.8,2025-08-07 22:45:30+00:00,0.0,0.0,0.0,0.0
Finlay Beverages,237.0,6.0,802.8,2025-08-07 23:00:30+00:00,0.0,0.0,0.0,0.0
Finlay Beverages,237.0,6.0,802.8,2025-08-07 23:15:30+00:00,0.0,0.0,0.0,0.0
Finlay Beverages,237.0,6.0,802.8,2025-08-07 23:30:30+00:00,0.0,0.0,0.0,0.0
Finlay Beverages,237.0,6.0,802.8,2025-08-07 23:45:30+00:00,0.0,0.0,0.0,0.0
Finlay Beverages,237.0,6.0,802.8,2025-08-08 00:00:30+00:00,0.0,0.0,0.0,0.0
Finlay Beverages,237.0,6.0,802.8,2025-08-08 00:15:30+00:00,0.0,0.0,0.0,0.0
Finlay Beverages,237.0,6.0,802.8,2025-08-08 00:30:30+00:00,0.0,0.0,0.0,0.0
Finlay Beverages,237.0,6.0,802.8,2025-08-08 00:45:30+00:00,0.0,0.0,0.0,0.0
Finlay Beverages,237.0,6.0,802.8,2025-08-08 01:00:30+00:00,0.0,0.0,0.0,0.0
Finlay Beverages,237.0,6.0,802.8,2025-08-08 01:15:30+00:00,0.0,0.0,0.0,0.0
Finlay Beverages,237.0,6.0,802.8,2025-08-08 01:30:30+00:00,0.0,0.0,0.0,0.0
Finlay Beverages,237.0,6.0,802.8,2025-08-08 01:45:30+00:00,0.0,0.0,0.0,0.0
Finlay Beverages,237.0,6.0,802.8,2025-08-08 02:00:30+00:00,0.0,0.0,0.0,0.0
Finlay Beverages,237.0,6.0,802.8,2025-08-08 02:15:30+00:00,0.0,0.0,0.0,0.0
Finlay Beverages,237.0,6.0,802.8,2025-08-08 02:30:30+00:00,0.0,0.0,0.0,0.0
Finlay Beverages,237.0,6.0,802.8,2025-08-08 02:45:30+00:00,0.0,0.0,0.0,0.0
Finlay Beverages,237.0,6.0,802.8,2025-08-08 03:00:30+00:00,0.0,0.0,0.0,0.0
Finlay Beverages,237.0,6.0,802.8,2025-08-08 03:15:30+00:00,0.0,0.0,0.0,0.0
Finlay Beverages,237.0,6.0,802.8,2025-08-08 03:30:30+00:00,0.0,0.0,0.0,0.0
Finlay Beverages,237.0,6.0,802.8,2025-08-08 03:45:30+00:00,0.0,0.0,0.0,0.0
Finlay Beverages,237.0,6.0,802.8,2025-08-08 04:00:30+00:00,0.0,0.0,0.0,0.0
Finlay Beverages,237.0,6.0,802.8,2025-08-08 04:15:30+00:00,0.0,0.0,0.0,0.0
Finlay Beverages,237.0,6.0,802.8,2025-08-08 04:30:30+00:00,0.0,0.0,0.0,0.0
Finlay Beverages,237.0,6.0,802.8,2025-08-08 04:45:30+00:00,0.00275,0.002,0.00375,0.00275
Finlay Beverages,237.0,6.0,802.8,2025-08-08 05:00:30+00:00,0.0085,0.00475,0.0115,0.0075
Finlay Beverages,237.0,6.0,802.8,2025-08-08 05:15:30+00:00,0.0145,0.006,0.02,0.013
Finlay Beverages,237.0,6.0,802.8,2025-08-08 05:30:30+00:00,0.01675,0.01025,0.028,0.016
Finlay Beverages,237.0,6.0,802.8,2025-08-08 05:45:30+00:00,0.03225,0.01675,0.03825,0.0305
Finlay Beverages,237.0,6.0,802.8,2025-08-08 06:00:30+00:00,0.0425,0.02825,0.04825,0.04025
Finlay Beverages,237.0,6.0,802.8,2025-08-08 06:15:30+00:00,0.0495,0.03725,0.058,0.04775
Finlay Beverages,237.0,6.0,802.8,2025-08-08 06:30:30+00:00,0.0555,0.0465,0.0655,0.0545
Finlay Beverages,237.0,6.0,802.8,2025-08-08 06:45:30+00:00,0.06275,0.04775,0.07725,0.0625
Finlay Beverages,237.0,6.0,802.8,2025-08-08 07:00:30+00:00,0.07375,0.049,0.087,0.07425
Finlay Beverages,237.0,6.0,802.8,2025-08-08 07:15:30+00:00,0.083,0.03775,0.0965,0.084
Finlay Beverages,237.0,6.0,802.8,2025-08-08 07:30:30+00:00,0.05775,0.034,0.1065,0.0585
Finlay Beverages,237.0,6.0,802.8,2025-08-08 07:45:30+00:00,0.07625,0.03675,0.116,0.078
Finlay Beverages,237.0,6.0,802.8,2025-08-08 08:00:30+00:00,0.106,0.0575,0.1245,0.1095
Finlay Beverages,237.0,6.0,802.8,2025-08-08 08:15:30+00:00,0.11975,0.0835,0.1325,0.125
Finlay Beverages,237.0,6.0,802.8,2025-08-08 08:30:30+00:00,0.1275,0.09575,0.141,0.13375
Finlay Beverages,237.0,6.0,802.8,2025-08-08 08:45:30+00:00,0.1255,0.0995,0.1495,0.1315
Finlay Beverages,237.0,6.0,802.8,2025-08-08 09:00:30+00:00,0.12725,0.09375,0.15475,0.13375
Finlay Beverages,237.0,6.0,802.8,2025-08-08 09:15:30+00:00,0.1205,0.095,0.1545,0.12625
Finlay Beverages,237.0,6.0,802.8,2025-08-08 09:30:30+00:00,0.12525,0.09675,0.1515,0.1315
Finlay Beverages,237.0,6.0,802.8,2025-08-08 09:45:30+00:00,0.12625,0.098,0.15275,0.13275
Finlay Beverages,237.0,6.0,802.8,2025-08-08 10:00:30+00:00,0.1245,0.097,0.14875,0.1305
Finlay Beverages,237.0,6.0,802.8,2025-08-08 10:15:30+00:00,0.1175,0.0975,0.14475,0.1225
Finlay Beverages,237.0,6.0,802.8,2025-08-08 10:30:30+00:00,0.12025,0.09725,0.14775,0.1255
Finlay Beverages,237.0,6.0,802.8,2025-08-08 10:45:30+00:00,0.129,0.09625,0.152,0.13525
Finlay Beverages,237.0,6.0,802.8,2025-08-08 11:00:30+00:00,0.1235,0.0875,0.15225,0.12925
Finlay Beverages,237.0,6.0,802.8,2025-08-08 11:15:30+00:00,0.10775,0.08525,0.14775,0.11175
Finlay Beverages,237.0,6.0,802.8,2025-08-08 11:30:30+00:00,0.116,0.088,0.14725,0.12125
Finlay Beverages,237.0,6.0,802.8,2025-08-08 11:45:30+00:00,0.129,0.095,0.15175,0.13525
Finlay Beverages,237.0,6.0,802.8,2025-08-08 12:00:30+00:00,0.12525,0.082,0.16025,0.13125
Finlay Beverages,237.0,6.0,802.8,2025-08-08 12:15:30+00:00,0.10925,0.072,0.17375,0.1135
Finlay Beverages,237.0,6.0,802.8,2025-08-08 12:30:30+00:00,0.1305,0.0725,0.19375,0.137
Finlay Beverages,237.0,6.0,802.8,2025-08-08 12:45:30+00:00,0.1575,0.09575,0.201,0.1675
Finlay Beverages,237.0,6.0,802.8,2025-08-08 13:00:30+00:00,0.15725,0.11325,0.1925,0.16775
Finlay Beverages,237.0,6.0,802.8,2025-08-08 13:15:30+00:00,0.145,0.124,0.17825,0.1535
Finlay Beverages,237.0,6.0,802.8,2025-08-08 13:30:30+00:00,0.149,0.12775,0.17075,0.158
Finlay Beverages,237.0,6.0,802.8,2025-08-08 13:45:30+00:00,0.15325,0.1295,0.16775,0.163
Finlay Beverages,237.0,6.0,802.8,2025-08-08 14:00:30+00:00,0.14475,0.12725,0.16275,0.1535
Finlay Beverages,237.0,6.0,802.8,2025-08-08 14:15:30+00:00,0.137,0.12275,0.15375,0.1445
Finlay Beverages,237.0,6.0,802.8,2025-08-08 14:30:30+00:00,0.13225,0.1175,0.145,0.13925
Finlay Beverages,237.0,6.0,802.8,2025-08-08 14:45:30+00:00,0.1245,0.114,0.136,0.13075
Finlay Beverages,237.0,6.0,802.8,2025-08-08 15:00:30+00:00,0.11825,0.10875,0.12925,0.1235
Finlay Beverages,237.0,6.0,802.8,2025-08-08 15:15:30+00:00,0.11375,0.1015,0.126,0.11875
Finlay Beverages,237.0,6.0,802.8,2025-08-08 15:30:30+00:00,0.10925,0.0945,0.125,0.11375
Finlay Beverages,237.0,6.0,802.8,2025-08-08 15:45:30+00:00,0.10625,0.0895,0.12325,0.1105
Finlay Beverages,237.0,6.0,802.8,2025-08-08 16:00:30+00:00,0.10375,0.088,0.119,0.1075
Finlay Beverages,237.0,6.0,802.8,2025-08-08 16:15:30+00:00,0.10025,0.08325,0.1145,0.1035
Finlay Beverages,237.0,6.0,802.8,2025-08-08 16:30:30+00:00,0.09275,0.07575,0.1075,0.09525
Finlay Beverages,237.0,6.0,802.8,2025-08-08 16:45:30+00:00,0.0815,0.05875,0.10075,0.08275
Finlay Beverages,237.0,6.0,802.8,2025-08-08 17:00:30+00:00,0.06425,0.04775,0.091,0.065
Finlay Beverages,237.0,6.0,802.8,2025-08-08 17:15:30+00:00,0.06325,0.034,0.07875,0.06325
Finlay Beverages,237.0,6.0,802.8,2025-08-08 17:30:30+00:00,0.041,0.03,0.06725,0.04075
Finlay Beverages,237.0,6.0,802.8,2025-08-08 17:45:30+00:00,0.042,0.02375,0.057,0.04125
Finlay Beverages,237.0,6.0,802.8,2025-08-08 18:00:30+00:00,0.038,0.0235,0.0515,0.03675
Finlay Beverages,237.0,6.0,802.8,2025-08-08 18:15:30+00:00,0.03225,0.02075,0.0425,0.0305
Finlay Beverages,237.0,6.0,802.8,2025-08-08 18:30:30+00:00,0.02725,0.0175,0.03375,0.025
Finlay Beverages,237.0,6.0,802.8,2025-08-08 18:45:30+00:00,0.019,0.01175,0.0245,0.01675
Finlay Beverages,237.0,6.0,802.8,2025-08-08 19:00:30+00:00,0.01,0.006,0.015,0.009
Finlay Beverages,237.0,6.0,802.8,2025-08-08 19:15:30+00:00,0.004,0.00225,0.00625,0.00375
Finlay Beverages,237.0,6.0,802.8,2025-08-08 19:30:30+00:00,0.00075,0.00075,0.00125,0.00075
Finlay Beverages,237.0,6.0,802.8,2025-08-08 19:45:30+00:00,0.0,0.0,0.0,0.0
Finlay Beverages,237.0,6.0,802.8,2025-08-08 20:00:30+00:00,0.0,0.0,0.0,0.0
Finlay Beverages,237.0,6.0,802.8,2025-08-08 20:15:30+00:00,0.0,0.0,0.0,0.0
Finlay Beverages,237.0,6.0,802.8,2025-08-08 20:30:30+00:00,0.0,0.0,0.0,0.0
Finlay Beverages,237.0,6.0,802.8,2025-08-08 20:45:30+00:00,0.0,0.0,0.0,0.0
Finlay Beverages,237.0,6.0,802.8,2025-08-08 21:00:30+00:00,0.0,0.0,0.0,0.0
Finlay Beverages,237.0,6.0,802.8,2025-08-08 21:15:30+00:00,0.0,0.0,0.0,0.0
Finlay Beverages,237.0,6.0,802.8,2025-08-08 21:30:30+00:00,0.0,0.0,0.0,0.0
Finlay Beverages,237.0,6.0,802.8,2025-08-08 21:45:30+00:00,0.0,0.0,0.0,0.0
Finlay Beverages,237.0,6.0,802.8,2025-08-08 22:00:30+00:00,0.0,0.0,0.0,0.0
Finlay Beverages,237.0,6.0,802.8,2025-08-08 22:15:30+00:00,0.0,0.0,0.0,0.0
Finlay Beverages,237.0,6.0,802.8,2025-08-08 22:30:30+00:00,0.0,0.0,0.0,0.0
Finlay Beverages,237.0,6.0,802.8,2025-08-08 22:45:30+00:00,0.0,0.0,0.0,0.0
Finlay Beverages,237.0,6.0,802.8,2025-08-08 23:00:30+00:00,0.0,0.0,0.0,0.0
Finlay Beverages,237.0,6.0,802.8,2025-08-08 23:15:30+00:00,0.0,0.0,0.0,0.0
Finlay Beverages,237.0,6.0,802.8,2025-08-08 23:30:30+00:00,0.0,0.0,0.0,0.0
Finlay Beverages,237.0,6.0,802.8,2025-08-08 23:45:30+00:00,0.0,0.0,0.0,0.0
Finlay Beverages,237.0,6.0,802.8,2025-08-09 00:00:30+00:00,0.0,0.0,0.0,0.0
Finlay Beverages,237.0,6.0,802.8,2025-08-09 00:15:30+00:00,0.0,0.0,0.0,0.0
Finlay Beverages,237.0,6.0,802.8,2025-08-09 00:30:30+00:00,0.0,0.0,0.0,0.0
Finlay Beverages,237.0,6.0,802.8,2025-08-09 00:45:30+00:00,0.0,0.0,0.0,0.0
Finlay Beverages,237.0,6.0,802.8,2025-08-09 01:00:30+00:00,0.0,0.0,0.0,0.0
Finlay Beverages,237.0,6.0,802.8,2025-08-09 01:15:30+00:00,0.0,0.0,0.0,0.0
Finlay Beverages,237.0,6.0,802.8,2025-08-09 01:30:30+00:00,0.0,0.0,0.0,0.0
Finlay Beverages,237.0,6.0,802.8,2025-08-09 01:45:30+00:00,0.0,0.0,0.0,0.0
Finlay Beverages,237.0,6.0,802.8,2025-08-09 02:00:30+00:00,0.0,0.0,0.0,0.0
Finlay Beverages,237.0,6.0,802.8,2025-08-09 02:15:30+00:00,0.0,0.0,0.0,0.0
Finlay Beverages,237.0,6.0,802.8,2025-08-09 02:30:30+00:00,0.0,0.0,0.0,0.0
Finlay Beverages,237.0,6.0,802.8,2025-08-09 02:45:30+00:00,0.0,0.0,0.0,0.0
Finlay Beverages,237.0,6.0,802.8,2025-08-09 03:00:30+00:00,0.0,0.0,0.0,0.0
Finlay Beverages,237.0,6.0,802.8,2025-08-09 03:15:30+00:00,0.0,0.0,0.0,0.0
Finlay Beverages,237.0,6.0,802.8,2025-08-09 03:30:30+00:00,0.0,0.0,0.0,0.0
Finlay Beverages,237.0,6.0,802.8,2025-08-09 03:45:30+00:00,0.0,0.0,0.0,0.0
Finlay Beverages,237.0,6.0,802.8,2025-08-09 04:00:30+00:00,0.0,0.0,0.0,0.0
Finlay Beverages,237.0,6.0,802.8,2025-08-09 04:15:30+00:00,0.0,0.0,0.0,0.0
Finlay Beverages,237.0,6.0,802.8,2025-08-09 04:30:30+00:00,0.0,0.0,0.0,0.0
Finlay Beverages,237.0,6.0,802.8,2025-08-09 04:45:30+00:00,0.00225,0.00125,0.003,0.00225
Finlay Beverages,237.0,6.0,802.8,2025-08-09 05:00:30+00:00,0.007,0.00475,0.01,0.0065
Finlay Beverages,237.0,6.0,802.8,2025-08-09 05:15:30+00:00,0.01675,0.00725,0.019,0.015
Finlay Beverages,237.0,6.0,802.8,2025-08-09 05:30:30+00:00,0.01825,0.012,0.02725,0.01725
Finlay Beverages,237.0,6.0,802.8,2025-08-09 05:45:30+00:00,0.03125,0.01325,0.037,0.0295
Finlay Beverages,237.0,6.0,802.8,2025-08-09 06:00:30+00:00,0.0275,0.0185,0.046,0.027
Finlay Beverages,237.0,6.0,802.8,2025-08-09 06:15:30+00:00,0.04225,0.02175,0.05625,0.04125
Finlay Beverages,237.0,6.0,802.8,2025-08-09 06:30:30+00:00,0.04925,0.0335,0.066,0.04875
Finlay Beverages,237.0,6.0,802.8,2025-08-09 06:45:30+00:00,0.0645,0.04525,0.076,0.064
Finlay Beverages,237.0,6.0,802.8,2025-08-09 07:00:30+00:00,0.077,0.06175,0.0855,0.0775
Finlay Beverages,237.0,6.0,802.8,2025-08-09 07:15:30+00:00,0.0865,0.07575,0.095,0.08775
Finlay Beverages,237.0,6.0,802.8,2025-08-09 07:30:30+00:00,0.0955,0.08825,0.1025,0.09775
Finlay Beverages,237.0,6.0,802.8,2025-08-09 07:45:30+00:00,0.104,0.0935,0.1135,0.1075
Finlay Beverages,237.0,6.0,802.8,2025-08-09 08:00:30+00:00,0.11125,0.09575,0.12225,0.11575
Finlay Beverages,237.0,6.0,802.8,2025-08-09 08:15:30+00:00,0.11725,0.0935,0.13125,0.1225
Finlay Beverages,237.0,6.0,802.8,2025-08-09 08:30:30+00:00,0.11175,0.09425,0.13775,0.1165
Finlay Beverages,237.0,6.0,802.8,2025-08-09 08:45:30+00:00,0.11775,0.09125,0.147,0.12325
Finlay Beverages,237.0,6.0,802.8,2025-08-09 09:00:30+00:00,0.12725,0.08525,0.15575,0.134
Finlay Beverages,237.0,6.0,802.8,2025-08-09 09:15:30+00:00,0.12475,0.071,0.164,0.131
Finlay Beverages,237.0,6.0,802.8,2025-08-09 09:30:30+00:00,0.103,0.0585,0.15875,0.10725
Finlay Beverages,237.0,6.0,802.8,2025-08-09 09:45:30+00:00,0.0965,0.06525,0.16275,0.1
Finlay Beverages,237.0,6.0,802.8,2025-08-09 10:00:30+00:00,0.13875,0.078,0.1705,0.1465
Finlay Beverages,237.0,6.0,802.8,2025-08-09 10:15:30+00:00,0.13875,0.09425,0.1855,0.1465
Finlay Beverages,237.0,6.0,802.8,2025-08-09 10:30:30+00:00,0.1415,0.092,0.1795,0.14975
Finlay Beverages,237.0,6.0,802.8,2025-08-09 10:45:30+00:00,0.1275,0.08625,0.17,0.13375
Finlay Beverages,237.0,6.0,802.8,2025-08-09 11:00:30+00:00,0.114,0.07825,0.1665,0.119
Finlay Beverages,237.0,6.0,802.8,2025-08-09 11:15:30+00:00,0.12375,0.073,0.17025,0.12975
Finlay Beverages,237.0,6.0,802.8,2025-08-09 11:30:30+00:00,0.12725,0.06025,0.167,0.1335
Finlay Beverages,237.0,6.0,802.8,2025-08-09 11:45:30+00:00,0.0905,0.04375,0.1565,0.09375
Finlay Beverages,237.0,6.0,802.8,2025-08-09 12:00:30+00:00,0.08075,0.0365,0.15175,0.083
Finlay Beverages,237.0,6.0,802.8,2025-08-09 12:15:30+00:00,0.108,0.0445,0.16625,0.1125
Finlay Beverages,237.0,6.0,802.8,2025-08-09 12:30:30+00:00,0.127,0.0655,0.177,0.13325
Finlay Beverages,237.0,6.0,802.8,2025-08-09 12:45:30+00:00,0.12875,0.07675,0.18625,0.135
Finlay Beverages,237.0,6.0,802.8,2025-08-09 13:00:30+00:00,0.13675,0.08425,0.18375,0.1445
Finlay Beverages,237.0,6.0,802.8,2025-08-09 13:15:30+00:00,0.1365,0.06675,0.17425,0.14425
Finlay Beverages,237.0,6.0,802.8,2025-08-09 13:30:30+00:00,0.0885,0.05975,0.17,0.092
Finlay Beverages,237.0,6.0,802.8,2025-08-09 13:45:30+00:00,0.11525,0.04975,0.149,0.12075
Finlay Beverages,237.0,6.0,802.8,2025-08-09 14:00:30+00:00,0.0955,0.049,0.1445,0.09875
Finlay Beverages,237.0,6.0,802.8,2025-08-09 14:15:30+00:00,0.07825,0.03775,0.1475,0.08025
Finlay Beverages,237.0,6.0,802.8,2025-08-09 14:30:30+00:00,0.1015,0.0305,0.16225,0.1055
Finlay Beverages,237.0,6.0,802.8,2025-08-09 14:45:30+00:00,0.109,0.04925,0.16825,0.1135
Finlay Beverages,237.0,6.0,802.8,2025-08-09 15:00:30+00:00,0.13225,0.0715,0.159,0.13925
Finlay Beverages,237.0,6.0,802.8,2025-08-09 15:15:30+00:00,0.12675,0.08625,0.1515,0.13325
Finlay Beverages,237.0,6.0,802.8,2025-08-09 15:30:30+00:00,0.10875,0.0745,0.14325,0.11325
Finlay Beverages,237.0,6.0,802.8,2025-08-09 15:45:30+00:00,0.09,0.0645,0.13025,0.09275
Finlay Beverages,237.0,6.0,802.8,2025-08-09 16:00:30+00:00,0.09225,0.05275,0.11425,0.095
Finlay Beverages,237.0,6.0,802.8,2025-08-09 16:15:30+00:00,0.06825,0.04925,0.09925,0.06975
Finlay Beverages,237.0,6.0,802.8,2025-08-09 16:30:30+00:00,0.06125,0.04525,0.0895,0.06225
Finlay Beverages,237.0,6.0,802.8,2025-08-09 16:45:30+00:00,0.0725,0.044,0.08725,0.07375
Finlay Beverages,237.0,6.0,802.8,2025-08-09 17:00:30+00:00,0.063,0.046,0.082,0.06375
Finlay Beverages,237.0,6.0,802.8,2025-08-09 17:15:30+00:00,0.05625,0.041,0.07525,0.0565
Finlay Beverages,237.0,6.0,802.8,2025-08-09 17:30:30+00:00,0.05475,0.036,0.06625,0.05425
Finlay Beverages,237.0,6.0,802.8,2025-08-09 17:45:30+00:00,0.04175,0.0255,0.05875,0.041
Finlay Beverages,237.0,6.0,802.8,2025-08-09 18:00:30+00:00,0.02925,0.0195,0.0495,0.0285
Finlay Beverages,237.0,6.0,802.8,2025-08-09 18:15:30+00:00,0.033,0.0165,0.041,0.0315
Finlay Beverages,237.0,6.0,802.8,2025-08-09 18:30:30+00:00,0.026,0.016,0.032,0.02425
Finlay Beverages,237.0,6.0,802.8,2025-08-09 18:45:30+00:00,0.0185,0.012,0.0235,0.01625
Finlay Beverages,237.0,6.0,802.8,2025-08-09 19:00:30+00:00,0.01175,0.008,0.01475,0.00975
Finlay Beverages,237.0,6.0,802.8,2025-08-09 19:15:30+00:00,0.00475,0.00375,0.00575,0.00425
Finlay Beverages,237.0,6.0,802.8,2025-08-09 19:30:30+00:00,0.00175,0.00125,0.002,0.00175
Finlay Beverages,237.0,6.0,802.8,2025-08-09 19:45:30+00:00,0.0,0.0,0.0,0.0
Finlay Beverages,237.0,6.0,802.8,2025-08-09 20:00:30+00:00,0.0,0.0,0.0,0.0
Finlay Beverages,237.0,6.0,802.8,2025-08-09 20:15:30+00:00,0.0,0.0,0.0,0.0
Finlay Beverages,237.0,6.0,802.8,2025-08-09 20:30:30+00:00,0.0,0.0,0.0,0.0
Finlay Beverages,237.0,6.0,802.8,2025-08-09 20:45:30+00:00,0.0,0.0,0.0,0.0
Finlay Beverages,237.0,6.0,802.8,2025-08-09 21:00:30+00:00,0.0,0.0,0.0,0.0
Finlay Beverages,237.0,6.0,802.8,2025-08-09 21:15:30+00:00,0.0,0.0,0.0,0.0
Finlay Beverages,237.0,6.0,802.8,2025-08-09 21:30:30+00:00,0.0,0.0,0.0,0.0
Finlay Beverages,237.0,6.0,802.8,2025-08-09 21:45:30+00:00,0.0,0.0,0.0,0.0
Finlay Beverages,237.0,6.0,802.8,2025-08-09 22:00:30+00:00,0.0,0.0,0.0,0.0
Finlay Beverages,237.0,6.0,802.8,2025-08-09 22:15:30+00:00,0.0,0.0,0.0,0.0
Finlay Beverages,237.0,6.0,802.8,2025-08-09 22:30:30+00:00,0.0,0.0,0.0,0.0
Finlay Beverages,237.0,6.0,802.8,2025-08-09 22:45:30+00:00,0.0,0.0,0.0,0.0
Finlay Beverages,237.0,6.0,802.8,2025-08-09 23:00:30+00:00,0.0,0.0,0.0,0.0
Finlay Beverages,237.0,6.0,802.8,2025-08-09 23:15:30+00:00,0.0,0.0,0.0,0.0
Finlay Beverages,237.0,6.0,802.8,2025-08-09 23:30:30+00:00,0.0,0.0,0.0,0.0
Finlay Beverages,237.0,6.0,802.8,2025-08-09 23:45:30+00:00,0.0,0.0,0.0,0.0
Finlay Beverages,237.0,6.0,802.8,2025-08-10 00:00:30+00:00,0.0,0.0,0.0,0.0
Finlay Beverages,237.0,6.0,802.8,2025-08-10 00:15:30+00:00,0.0,0.0,0.0,0.0
Finlay Beverages,237.0,6.0,802.8,2025-08-10 00:30:30+00:00,0.0,0.0,0.0,0.0
Finlay Beverages,237.0,6.0,802.8,2025-08-10 00:45:30+00:00,0.0,0.0,0.0,0.0
Finlay Beverages,237.0,6.0,802.8,2025-08-10 01:00:30+00:00,0.0,0.0,0.0,0.0
Finlay Beverages,237.0,6.0,802.8,2025-08-10 01:15:30+00:00,0.0,0.0,0.0,0.0
Finlay Beverages,237.0,6.0,802.8,2025-08-10 01:30:30+00:00,0.0,0.0,0.0,0.0
Finlay Beverages,237.0,6.0,802.8,2025-08-10 01:45:30+00:00,0.0,0.0,0.0,0.0
Finlay Beverages,237.0,6.0,802.8,2025-08-10 02:00:30+00:00,0.0,0.0,0.0,0.0
Finlay Beverages,237.0,6.0,802.8,2025-08-10 02:15:30+00:00,0.0,0.0,0.0,0.0
Finlay Beverages,237.0,6.0,802.8,2025-08-10 02:30:30+00:00,0.0,0.0,0.0,0.0
Finlay Beverages,237.0,6.0,802.8,2025-08-10 02:45:30+00:00,0.0,0.0,0.0,0.0
Finlay Beverages,237.0,6.0,802.8,2025-08-10 03:00:30+00:00,0.0,0.0,0.0,0.0
Finlay Beverages,237.0,6.0,802.8,2025-08-10 03:15:30+00:00,0.0,0.0,0.0,0.0
Finlay Beverages,237.0,6.0,802.8,2025-08-10 03:30:30+00:00,0.0,0.0,0.0,0.0
Finlay Beverages,237.0,6.0,802.8,2025-08-10 03:45:30+00:00,0.0,0.0,0.0,0.0
Finlay Beverages,237.0,6.0,802.8,2025-08-10 04:00:30+00:00,0.0,0.0,0.0,0.0
Finlay Beverages,237.0,6.0,802.8,2025-08-10 04:15:30+00:00,0.0,0.0,0.0,0.0
Finlay Beverages,237.0,6.0,802.8,2025-08-10 04:30:30+00:00,0.001,0.00075,0.001,0.001
Finlay Beverages,237.0,6.0,802.8,2025-08-10 04:45:30+00:00,0.00225,0.00225,0.00275,0.0025
Finlay Beverages,237.0,6.0,802.8,2025-08-10 05:00:30+00:00,0.00775,0.00575,0.00925,0.00675
Finlay Beverages,237.0,6.0,802.8,2025-08-10 05:15:30+00:00,0.01525,0.011,0.01775,0.013
Finlay Beverages,237.0,6.0,802.8,2025-08-10 05:30:30+00:00,0.02275,0.017,0.02625,0.0205
Finlay Beverages,237.0,6.0,802.8,2025-08-10 05:45:30+00:00,0.031,0.024,0.035,0.0285
Finlay Beverages,237.0,6.0,802.8,2025-08-10 06:00:30+00:00,0.03925,0.03175,0.044,0.03725
Finlay Beverages,237.0,6.0,802.8,2025-08-10 06:15:30+00:00,0.0475,0.04,0.05325,0.046
Finlay Beverages,237.0,6.0,802.8,2025-08-10 06:30:30+00:00,0.05625,0.0485,0.0625,0.05525
Finlay Beverages,237.0,6.0,802.8,2025-08-10 06:45:30+00:00,0.0645,0.05725,0.07125,0.06425
Finlay Beverages,237.0,6.0,802.8,2025-08-10 07:00:30+00:00,0.072,0.06575,0.0785,0.0725
Finlay Beverages,237.0,6.0,802.8,2025-08-10 07:15:30+00:00,0.07975,0.0745,0.08575,0.081
Finlay Beverages,237.0,6.0,802.8,2025-08-10 07:30:30+00:00,0.0885,0.08325,0.09425,0.0905
Finlay Beverages,237.0,6.0,802.8,2025-08-10 07:45:30+00:00,0.09775,0.09125,0.103,0.101
Finlay Beverages,237.0,6.0,802.8,2025-08-10 08:00:30+00:00,0.105,0.098,0.1125,0.109
Finlay Beverages,237.0,6.0,802.8,2025-08-10 08:15:30+00:00,0.113,0.1035,0.12025,0.118
Finlay Beverages,237.0,6.0,802.8,2025-08-10 08:30:30+00:00,0.11775,0.10825,0.12725,0.12325
Finlay Beverages,237.0,6.0,802.8,2025-08-10 08:45:30+00:00,0.1225,0.114,0.132,0.12875
Finlay Beverages,237.0,6.0,802.8,2025-08-10 09:00:30+00:00,0.12875,0.12025,0.137,0.13575
Finlay Beverages,237.0,6.0,802.8,2025-08-10 09:15:30+00:00,0.1345,0.12675,0.1435,0.1425
Finlay Beverages,237.0,6.0,802.8,2025-08-10 09:30:30+00:00,0.142,0.13175,0.15125,0.151
Finlay Beverages,237.0,6.0,802.8,2025-08-10 09:45:30+00:00,0.148,0.1375,0.159,0.1575
Finlay Beverages,237.0,6.0,802.8,2025-08-10 10:00:30+00:00,0.1545,0.1435,0.16525,0.16525
Finlay Beverages,237.0,6.0,802.8,2025-08-10 10:15:30+00:00,0.16075,0.149,0.17,0.1725
Finlay Beverages,237.0,6.0,802.8,2025-08-10 10:30:30+00:00,0.16375,0.15175,0.17325,0.176
Finlay Beverages,237.0,6.0,802.8,2025-08-10 10:45:30+00:00,0.16325,0.154,0.17575,0.1755
Finlay Beverages,237.0,6.0,802.8,2025-08-10 11:00:30+00:00,0.16725,0.15625,0.179,0.18025
Finlay Beverages,237.0,6.0,802.8,2025-08-10 11:15:30+00:00,0.172,0.16,0.1825,0.18575
Finlay Beverages,237.0,6.0,802.8,2025-08-10 11:30:30+00:00,0.17425,0.164,0.1845,0.18825
Finlay Beverages,237.0,6.0,802.8,2025-08-10 11:45:30+00:00,0.176,0.167,0.18425,0.1905
Finlay Beverages,237.0,6.0,802.8,2025-08-10 12:00:30+00:00,0.1765,0.1685,0.184,0.19075
Finlay Beverages,237.0,6.0,802.8,2025-08-10 12:15:30+00:00,0.176,0.168,0.18375,0.19025
Finlay Beverages,237.0,6.0,802.8,2025-08-10 12:30:30+00:00,0.175,0.1665,0.18275,0.189
Finlay Beverages,237.0,6.0,802.8,2025-08-10 12:45:30+00:00,0.173,0.16475,0.18075,0.18675
Finlay Beverages,237.0,6.0,802.8,2025-08-10 13:00:30+00:00,0.1705,0.16275,0.1785,0.18375
Finlay Beverages,237.0,6.0,802.8,2025-08-10 13:15:30+00:00,0.16825,0.1595,0.17625,0.1815
Finlay Beverages,237.0,6.0,802.8,2025-08-10 13:30:30+00:00,0.16475,0.15525,0.17375,0.1775
Finlay Beverages,237.0,6.0,802.8,2025-08-10 13:45:30+00:00,0.16025,0.15,0.16925,0.172
Finlay Beverages,237.0,6.0,802.8,2025-08-10 14:00:30+00:00,0.154,0.1455,0.16425,0.16475
Finlay Beverages,237.0,6.0,802.8,2025-08-10 14:15:30+00:00,0.14975,0.14025,0.15975,0.16
Finlay Beverages,237.0,6.0,802.8,2025-08-10 14:30:30+00:00,0.14625,0.136,0.15625,0.15575
Finlay Beverages,237.0,6.0,802.8,2025-08-10 14:45:30+00:00,0.142,0.13225,0.15175,0.15125
Finlay Beverages,237.0,6.0,802.8,2025-08-10 15:00:30+00:00,0.13775,0.1285,0.14525,0.146
Finlay Beverages,237.0,6.0,802.8,2025-08-10 15:15:30+00:00,0.13125,0.12375,0.138,0.13875
Finlay Beverages,237.0,6.0,802.8,2025-08-10 15:30:30+00:00,0.1235,0.11675,0.13,0.13
Finlay Beverages,237.0,6.0,802.8,2025-08-10 15:45:30+00:00,0.1155,0.10875,0.1225,0.121
Finlay Beverages,237.0,6.0,802.8,2025-08-10 16:00:30+00:00,0.10775,0.1005,0.115,0.11225
Finlay Beverages,237.0,6.0,802.8,2025-08-10 16:15:30+00:00,0.0995,0.0915,0.10675,0.103
Finlay Beverages,237.0,6.0,802.8,2025-08-10 16:30:30+00:00,0.09,0.07775,0.10275,0.0925
Finlay Beverages,237.0,6.0,802.8,2025-08-10 16:45:30+00:00,0.081,0.06125,0.09425,0.0825
Finlay Beverages,237.0,6.0,802.8,2025-08-10 17:00:30+00:00,0.07175,0.0425,0.08475,0.07275
Finlay Beverages,237.0,6.0,802.8,2025-08-10 17:15:30+00:00,0.05175,0.02725,0.07525,0.052
Finlay Beverages,237.0,6.0,802.8,2025-08-10 17:30:30+00:00,0.036,0.01925,0.06325,0.036
Finlay Beverages,237.0,6.0,802.8,2025-08-10 17:45:30+00:00,0.03625,0.01725,0.0545,0.03575
Finlay Beverages,237.0,6.0,802.8,2025-08-10 18:00:30+00:00,0.0355,0.0195,0.047,0.03425
Finlay Beverages,237.0,6.0,802.8,2025-08-10 18:15:30+00:00,0.031,0.019,0.038,0.02925
Finlay Beverages,237.0,6.0,802.8,2025-08-10 18:30:30+00:00,0.02425,0.0165,0.0295,0.02225
Finlay Beverages,237.0,6.0,802.8,2025-08-10 18:45:30+00:00,0.0165,0.0115,0.0205,0.01475
Finlay Beverages,237.0,6.0,802.8,2025-08-10 19:00:30+00:00,0.0095,0.0065,0.01225,0.0085
Finlay Beverages,237.0,6.0,802.8,2025-08-10 19:15:30+00:00,0.0035,0.00275,0.0045,0.00325
Finlay Beverages,237.0,6.0,802.8,2025-08-10 19:30:30+00:00,0.00125,0.001,0.0015,0.00125
Finlay Beverages,237.0,6.0,802.8,2025-08-10 19:45:30+00:00,0.0,0.0,0.0,0.0
Finlay Beverages,237.0,6.0,802.8,2025-08-10 20:00:30+00:00,0.0,0.0,0.0,0.0
Finlay Beverages,237.0,6.0,802.8,2025-08-10 20:15:30+00:00,0.0,0.0,0.0,0.0
Finlay Beverages,237.0,6.0,802.8,2025-08-10 20:30:30+00:00,0.0,0.0,0.0,0.0
Finlay Beverages,237.0,6.0,802.8,2025-08-10 20:45:30+00:00,0.0,0.0,0.0,0.0
Finlay Beverages,237.0,6.0,802.8,2025-08-10 21:00:30+00:00,0.0,0.0,0.0,0.0
Finlay Beverages,237.0,6.0,802.8,2025-08-10 21:15:30+00:00,0.0,0.0,0.0,0.0
Finlay Beverages,237.0,6.0,802.8,2025-08-10 21:30:30+00:00,0.0,0.0,0.0,0.0
Finlay Beverages,237.0,6.0,802.8,2025-08-10 21:45:30+00:00,0.0,0.0,0.0,0.0
Finlay Beverages,237.0,6.0,802.8,2025-08-10 22:00:30+00:00,0.0,0.0,0.0,0.0
Finlay Beverages,237.0,6.0,802.8,2025-08-10 22:15:30+00:00,0.0,0.0,0.0,0.0
Finlay Beverages,237.0,6.0,802.8,2025-08-10 22:30:30+00:00,0.0,0.0,0.0,0.0
Finlay Beverages,237.0,6.0,802.8,2025-08-10 22:45:30+00:00,0.0,0.0,0.0,0.0
Finlay Beverages,237.0,6.0,802.8,2025-08-10 23:00:30+00:00,0.0,0.0,0.0,0.0
Finlay Beverages,237.0,6.0,802.8,2025-08-10 23:15:30+00:00,0.0,0.0,0.0,0.0
Finlay Beverages,237.0,6.0,802.8,2025-08-10 23:30:30+00:00,0.0,0.0,0.0,0.0
Finlay Beverages,237.0,6.0,802.8,2025-08-10 23:45:30+00:00,0.0,0.0,0.0,0.0
Finlay Beverages,237.0,6.0,802.8,2025-08-11 00:00:30+00:00,0.0,0.0,0.0,0.0
Finlay Beverages,237.0,6.0,802.8,2025-08-11 00:15:30+00:00,0.0,0.0,0.0,0.0
Finlay Beverages,237.0,6.0,802.8,2025-08-11 00:30:30+00:00,0.0,0.0,0.0,0.0
Finlay Beverages,237.0,6.0,802.8,2025-08-11 00:45:30+00:00,0.0,0.0,0.0,0.0
Finlay Beverages,237.0,6.0,802.8,2025-08-11 01:00:30+00:00,0.0,0.0,0.0,0.0
Finlay Beverages,237.0,6.0,802.8,2025-08-11 01:15:30+00:00,0.0,0.0,0.0,0.0
Finlay Beverages,237.0,6.0,802.8,2025-08-11 01:30:30+00:00,0.0,0.0,0.0,0.0
Finlay Beverages,237.0,6.0,802.8,2025-08-11 01:45:30+00:00,0.0,0.0,0.0,0.0
Finlay Beverages,237.0,6.0,802.8,2025-08-11 02:00:30+00:00,0.0,0.0,0.0,0.0
Finlay Beverages,237.0,6.0,802.8,2025-08-11 02:15:30+00:00,0.0,0.0,0.0,0.0
Finlay Beverages,237.0,6.0,802.8,2025-08-11 02:30:30+00:00,0.0,0.0,0.0,0.0
Finlay Beverages,237.0,6.0,802.8,2025-08-11 02:45:30+00:00,0.0,0.0,0.0,0.0
Finlay Beverages,237.0,6.0,802.8,2025-08-11 03:00:30+00:00,0.0,0.0,0.0,0.0
Finlay Beverages,237.0,6.0,802.8,2025-08-11 03:15:30+00:00,0.0,0.0,0.0,0.0
Finlay Beverages,237.0,6.0,802.8,2025-08-11 03:30:30+00:00,0.0,0.0,0.0,0.0
Finlay Beverages,237.0,6.0,802.8,2025-08-11 03:45:30+00:00,0.0,0.0,0.0,0.0
Finlay Beverages,237.0,6.0,802.8,2025-08-11 04:00:30+00:00,0.0,0.0,0.0,0.0
Finlay Beverages,237.0,6.0,802.8,2025-08-11 04:15:30+00:00,0.0,0.0,0.0,0.0
Finlay Beverages,237.0,6.0,802.8,2025-08-11 04:30:30+00:00,0.0,0.0,0.0,0.0
Finlay Beverages,237.0,6.0,802.8,2025-08-11 04:45:30+00:00,0.001,0.00025,0.002,0.001
Finlay Beverages,237.0,6.0,802.8,2025-08-11 05:00:30+00:00,0.003,0.0005,0.00625,0.003
Finlay Beverages,237.0,6.0,802.8,2025-08-11 05:15:30+00:00,0.00575,0.0025,0.01275,0.006
Finlay Beverages,237.0,6.0,802.8,2025-08-11 05:30:30+00:00,0.018,0.0065,0.0215,0.017
Finlay Beverages,237.0,6.0,802.8,2025-08-11 05:45:30+00:00,0.02525,0.0085,0.03,0.02425
Finlay Beverages,237.0,6.0,802.8,2025-08-11 06:00:30+00:00,0.0215,0.012,0.038,0.021
Finlay Beverages,237.0,6.0,802.8,2025-08-11 06:15:30+00:00,0.0385,0.018,0.0475,0.03775
Finlay Beverages,237.0,6.0,802.8,2025-08-11 06:30:30+00:00,0.05225,0.02825,0.057,0.05175
Finlay Beverages,237.0,6.0,802.8,2025-08-11 06:45:30+00:00,0.05175,0.036,0.066,0.05175
Finlay Beverages,237.0,6.0,802.8,2025-08-11 07:00:30+00:00,0.06075,0.04025,0.0755,0.06125
Finlay Beverages,237.0,6.0,802.8,2025-08-11 07:15:30+00:00,0.06075,0.04525,0.08425,0.06175
Finlay Beverages,237.0,6.0,802.8,2025-08-11 07:30:30+00:00,0.072,0.04725,0.09375,0.0735
Finlay Beverages,237.0,6.0,802.8,2025-08-11 07:45:30+00:00,0.094,0.046,0.10275,0.09675
Finlay Beverages,237.0,6.0,802.8,2025-08-11 08:00:30+00:00,0.08725,0.03125,0.11175,0.08975
Finlay Beverages,237.0,6.0,802.8,2025-08-11 08:15:30+00:00,0.06025,0.012,0.11625,0.0615
Finlay Beverages,237.0,6.0,802.8,2025-08-11 08:30:30+00:00,0.0385,0.012,0.12825,0.03925
Finlay Beverages,237.0,6.0,802.8,2025-08-11 08:45:30+00:00,0.10725,0.02125,0.13225,0.11175
Finlay Beverages,237.0,6.0,802.8,2025-08-11 09:00:30+00:00,0.07025,0.03,0.146,0.07225
Finlay Beverages,237.0,6.0,802.8,2025-08-11 09:15:30+00:00,0.08725,0.0285,0.14775,0.09025
Finlay Beverages,237.0,6.0,802.8,2025-08-11 09:30:30+00:00,0.106,0.052,0.15925,0.11025
Finlay Beverages,237.0,6.0,802.8,2025-08-11 09:45:30+00:00,0.12675,0.0735,0.164,0.13325
Finlay Beverages,237.0,6.0,802.8,2025-08-11 10:00:30+00:00,0.14275,0.09925,0.16825,0.15175
Finlay Beverages,237.0,6.0,802.8,2025-08-11 10:15:30+00:00,0.1475,0.12225,0.173,0.157
Finlay Beverages,237.0,6.0,802.8,2025-08-11 10:30:30+00:00,0.15725,0.1335,0.177,0.16825
Finlay Beverages,237.0,6.0,802.8,2025-08-11 10:45:30+00:00,0.161,0.13725,0.18075,0.1725
Finlay Beverages,237.0,6.0,802.8,2025-08-11 11:00:30+00:00,0.16325,0.123,0.18425,0.17475
Finlay Beverages,237.0,6.0,802.8,2025-08-11 11:15:30+00:00,0.146,0.11025,0.188,0.15525
Finlay Beverages,237.0,6.0,802.8,2025-08-11 11:30:30+00:00,0.144,0.09975,0.18125,0.15275
Finlay Beverages,237.0,6.0,802.8,2025-08-11 11:45:30+00:00,0.13175,0.10075,0.1695,0.13875
Finlay Beverages,237.0,6.0,802.8,2025-08-11 12:00:30+00:00,0.128,0.10925,0.15725,0.13425
Finlay Beverages,237.0,6.0,802.8,2025-08-11 12:15:30+00:00,0.1385,0.112,0.1525,0.14675
Finlay Beverages,237.0,6.0,802.8,2025-08-11 12:30:30+00:00,0.1315,0.11475,0.15475,0.1385
Finlay Beverages,237.0,6.0,802.8,2025-08-11 12:45:30+00:00,0.13275,0.098,0.16325,0.13975
Finlay Beverages,237.0,6.0,802.8,2025-08-11 13:00:30+00:00,0.1275,0.081,0.17075,0.13375
Finlay Beverages,237.0,6.0,802.8,2025-08-11 13:15:30+00:00,0.11675,0.05425,0.162,0.12225
Finlay Beverages,237.0,6.0,802.8,2025-08-11 13:30:30+00:00,0.07975,0.0445,0.14475,0.082
Finlay Beverages,237.0,6.0,802.8,2025-08-11 13:45:30+00:00,0.08475,0.046,0.12125,0.0875
Finlay Beverages,237.0,6.0,802.8,2025-08-11 14:00:30+00:00,0.086,0.05425,0.10775,0.0885
Finlay Beverages,237.0,6.0,802.8,2025-08-11 14:15:30+00:00,0.07225,0.05525,0.099,0.07375
Finlay Beverages,237.0,6.0,802.8,2025-08-11 14:30:30+00:00,0.0725,0.04425,0.1005,0.074
Finlay Beverages,237.0,6.0,802.8,2025-08-11 14:45:30+00:00,0.07225,0.042,0.11025,0.07375
Finlay Beverages,237.0,6.0,802.8,2025-08-11 15:00:30+00:00,0.08275,0.04575,0.1165,0.08525
Finlay Beverages,237.0,6.0,802.8,2025-08-11 15:15:30+00:00,0.0885,0.0575,0.1145,0.09125
Finlay Beverages,237.0,6.0,802.8,2025-08-11 15:30:30+00:00,0.087,0.0635,0.1075,0.0895
Finlay Beverages,237.0,6.0,802.8,2025-08-11 15:45:30+00:00,0.08075,0.06275,0.096,0.08275
Finlay Beverages,237.0,6.0,802.8,2025-08-11 16:00:30+00:00,0.07025,0.05075,0.0895,0.07175
Finlay Beverages,237.0,6.0,802.8,2025-08-11 16:15:30+00:00,0.059,0.0415,0.08575,0.06025
Finlay Beverages,237.0,6.0,802.8,2025-08-11 16:30:30+00:00,0.061,0.0285,0.07725,0.06225
Finlay Beverages,237.0,6.0,802.8,2025-08-11 16:45:30+00:00,0.03875,0.019,0.069,0.03925
Finlay Beverages,237.0,6.0,802.8,2025-08-11 17:00:30+00:00,0.0315,0.01025,0.056,0.032
Finlay Beverages,237.0,6.0,802.8,2025-08-11 17:15:30+00:00,0.02875,0.00575,0.04725,0.029
Finlay Beverages,237.0,6.0,802.8,2025-08-11 17:30:30+00:00,0.01875,0.00825,0.04125,0.01875
Finlay Beverages,237.0,6.0,802.8,2025-08-11 17:45:30+00:00,0.027,0.0075,0.03675,0.027
Finlay Beverages,237.0,6.0,802.8,2025-08-11 18:00:30+00:00,0.02025,0.00575,0.0335,0.02025
Finlay Beverages,237.0,6.0,802.8,2025-08-11 18:15:30+00:00,0.0115,0.00225,0.02575,0.0115
Finlay Beverages,237.0,6.0,802.8,2025-08-11 18:30:30+00:00,0.007,0.00175,0.01775,0.00725
Finlay Beverages,237.0,6.0,802.8,2025-08-11 18:45:30+00:00,0.00225,0.001,0.00925,0.00225
Finlay Beverages,237.0,6.0,802.8,2025-08-11 19:00:30+00:00,0.0005,0.0005,0.0025,0.0005
Finlay Beverages,237.0,6.0,802.8,2025-08-11 19:15:30+00:00,0.00025,0.00025,0.00075,0.00025
Finlay Beverages,237.0,6.0,802.8,2025-08-11 19:30:30+00:00,0.0,0.0,0.0,0.0
Finlay Beverages,237.0,6.0,802.8,2025-08-11 19:45:30+00:00,0.0,0.0,0.0,0.0
Finlay Beverages,237.0,6.0,802.8,2025-08-11 20:00:30+00:00,0.0,0.0,0.0,0.0
Finlay Beverages,237.0,6.0,802.8,2025-08-11 20:15:30+00:00,0.0,0.0,0.0,0.0
Finlay Beverages,237.0,6.0,802.8,2025-08-11 20:30:30+00:00,0.0,0.0,0.0,0.0
Finlay Beverages,237.0,6.0,802.8,2025-08-11 20:45:30+00:00,0.0,0.0,0.0,0.0
Finlay Beverages,237.0,6.0,802.8,2025-08-11 21:00:30+00:00,0.0,0.0,0.0,0.0
Finlay Beverages,237.0,6.0,802.8,2025-08-11 21:15:30+00:00,0.0,0.0,0.0,0.0
Finlay Beverages,237.0,6.0,802.8,2025-08-11 21:30:30+00:00,0.0,0.0,0.0,0.0
Finlay Beverages,237.0,6.0,802.8,2025-08-11 21:45:30+00:00,0.0,0.0,0.0,0.0
Finlay Beverages,237.0,6.0,802.8,2025-08-11 22:00:30+00:00,0.0,0.0,0.0,0.0
Finlay Beverages,237.0,6.0,802.8,2025-08-11 22:15:30+00:00,0.0,0.0,0.0,0.0
Finlay Beverages,237.0,6.0,802.8,2025-08-11 22:30:30+00:00,0.0,0.0,0.0,0.0
Finlay Beverages,237.0,6.0,802.8,2025-08-11 22:45:30+00:00,0.0,0.0,0.0,0.0
Finlay Beverages,237.0,6.0,802.8,2025-08-11 23:00:30+00:00,0.0,0.0,0.0,0.0
Finlay Beverages,237.0,6.0,802.8,2025-08-11 23:15:30+00:00,0.0,0.0,0.0,0.0
Finlay Beverages,237.0,6.0,802.8,2025-08-11 23:30:30+00:00,0.0,0.0,0.0,0.0
Finlay Beverages,237.0,6.0,802.8,2025-08-11 23:45:30+00:00,0.0,0.0,0.0,0.0
Finlay Beverages,237.0,6.0,802.8,2025-08-12 00:00:30+00:00,0.0,0.0,0.0,0.0
Finlay Beverages,237.0,6.0,802.8,2025-08-12 00:15:30+00:00,0.0,0.0,0.0,0.0
Finlay Beverages,237.0,6.0,802.8,2025-08-12 00:30:30+00:00,0.0,0.0,0.0,0.0
Finlay Beverages,237.0,6.0,802.8,2025-08-12 00:45:30+00:00,0.0,0.0,0.0,0.0
Finlay Beverages,237.0,6.0,802.8,2025-08-12 01:00:30+00:00,0.0,0.0,0.0,0.0
Finlay Beverages,237.0,6.0,802.8,2025-08-12 01:15:30+00:00,0.0,0.0,0.0,0.0
Finlay Beverages,237.0,6.0,802.8,2025-08-12 01:30:30+00:00,0.0,0.0,0.0,0.0
Finlay Beverages,237.0,6.0,802.8,2025-08-12 01:45:30+00:00,0.0,0.0,0.0,0.0
Finlay Beverages,237.0,6.0,802.8,2025-08-12 02:00:30+00:00,0.0,0.0,0.0,0.0
Finlay Beverages,237.0,6.0,802.8,2025-08-12 02:15:30+00:00,0.0,0.0,0.0,0.0
Finlay Beverages,237.0,6.0,802.8,2025-08-12 02:30:30+00:00,0.0,0.0,0.0,0.0
Finlay Beverages,237.0,6.0,802.8,2025-08-12 02:45:30+00:00,0.0,0.0,0.0,0.0
Finlay Beverages,237.0,6.0,802.8,2025-08-12 03:00:30+00:00,0.0,0.0,0.0,0.0
Finlay Beverages,237.0,6.0,802.8,2025-08-12 03:15:30+00:00,0.0,0.0,0.0,0.0
Finlay Beverages,237.0,6.0,802.8,2025-08-12 03:30:30+00:00,0.0,0.0,0.0,0.0
Finlay Beverages,237.0,6.0,802.8,2025-08-12 03:45:30+00:00,0.0,0.0,0.0,0.0
Finlay Beverages,237.0,6.0,802.8,2025-08-12 04:00:30+00:00,0.0,0.0,0.0,0.0
Finlay Beverages,237.0,6.0,802.8,2025-08-12 04:15:30+00:00,0.0,0.0,0.0,0.0
Finlay Beverages,237.0,6.0,802.8,2025-08-12 04:30:30+00:00,0.0,0.0,0.0,0.0
Finlay Beverages,237.0,6.0,802.8,2025-08-12 04:45:30+00:00,0.0005,0.00025,0.00125,0.0005
Finlay Beverages,237.0,6.0,802.8,2025-08-12 05:00:30+00:00,0.002,0.0005,0.004,0.002
Finlay Beverages,237.0,6.0,802.8,2025-08-12 05:15:30+00:00,0.0045,0.0015,0.00825,0.0045
Finlay Beverages,237.0,6.0,802.8,2025-08-12 05:30:30+00:00,0.008,0.002,0.01225,0.00825
Finlay Beverages,237.0,6.0,802.8,2025-08-12 05:45:30+00:00,0.00875,0.002,0.0165,0.00875
Finlay Beverages,237.0,6.0,802.8,2025-08-12 06:00:30+00:00,0.011,0.0025,0.021,0.011
Finlay Beverages,237.0,6.0,802.8,2025-08-12 06:15:30+00:00,0.01375,0.00325,0.02625,0.01375
Finlay Beverages,237.0,6.0,802.8,2025-08-12 06:30:30+00:00,0.01375,0.00375,0.03625,0.014
Finlay Beverages,237.0,6.0,802.8,2025-08-12 06:45:30+00:00,0.03175,0.00875,0.04725,0.03175
Finlay Beverages,237.0,6.0,802.8,2025-08-12 07:00:30+00:00,0.038,0.01675,0.05275,0.03825
Finlay Beverages,237.0,6.0,802.8,2025-08-12 07:15:30+00:00,0.03475,0.02025,0.053,0.035
Finlay Beverages,237.0,6.0,802.8,2025-08-12 07:30:30+00:00,0.037,0.0245,0.05075,0.0375
Finlay Beverages,237.0,6.0,802.8,2025-08-12 07:45:30+00:00,0.041,0.02575,0.05625,0.0415
Finlay Beverages,237.0,6.0,802.8,2025-08-12 08:00:30+00:00,0.04475,0.0225,0.0625,0.04525
Finlay Beverages,237.0,6.0,802.8,2025-08-12 08:15:30+00:00,0.0415,0.013,0.068,0.042
Finlay Beverages,237.0,6.0,802.8,2025-08-12 08:30:30+00:00,0.0345,0.0095,0.06575,0.035
Finlay Beverages,237.0,6.0,802.8,2025-08-12 08:45:30+00:00,0.0275,0.01,0.06025,0.02775
Finlay Beverages,237.0,6.0,802.8,2025-08-12 09:00:30+00:00,0.02525,0.01075,0.054,0.0255
Finlay Beverages,237.0,6.0,802.8,2025-08-12 09:15:30+00:00,0.0295,0.01125,0.048,0.02975
Finlay Beverages,237.0,6.0,802.8,2025-08-12 09:30:30+00:00,0.0185,0.01175,0.04525,0.01875
Finlay Beverages,237.0,6.0,802.8,2025-08-12 09:45:30+00:00,0.0215,0.01225,0.0435,0.0215
Finlay Beverages,237.0,6.0,802.8,2025-08-12 10:00:30+00:00,0.024,0.01275,0.044,0.02425
Finlay Beverages,237.0,6.0,802.8,2025-08-12 10:15:30+00:00,0.018,0.01325,0.04725,0.01825
Finlay Beverages,237.0,6.0,802.8,2025-08-12 10:30:30+00:00,0.0315,0.0135,0.05,0.032
Finlay Beverages,237.0,6.0,802.8,2025-08-12 10:45:30+00:00,0.0305,0.01375,0.05225,0.031
Finlay Beverages,237.0,6.0,802.8,2025-08-12 11:00:30+00:00,0.028,0.014,0.0525,0.0285
Finlay Beverages,237.0,6.0,802.8,2025-08-12 11:15:30+00:00,0.0335,0.01425,0.05525,0.034
Finlay Beverages,237.0,6.0,802.8,2025-08-12 11:30:30+00:00,0.035,0.01425,0.06075,0.0355
Finlay Beverages,237.0,6.0,802.8,2025-08-12 11:45:30+00:00,0.0395,0.01475,0.0665,0.04
Finlay Beverages,237.0,6.0,802.8,2025-08-12 12:00:30+00:00,0.047,0.0145,0.08825,0.04775
Finlay Beverages,237.0,6.0,802.8,2025-08-12 12:15:30+00:00,0.0455,0.0145,0.1135,0.04625
Finlay Beverages,237.0,6.0,802.8,2025-08-12 12:30:30+00:00,0.05125,0.01425,0.1555,0.05225
Finlay Beverages,237.0,6.0,802.8,2025-08-12 12:45:30+00:00,0.1105,0.022,0.186,0.116
Finlay Beverages,237.0,6.0,802.8,2025-08-12 13:00:30+00:00,0.14525,0.0645,0.18325,0.15425
Finlay Beverages,237.0,6.0,802.8,2025-08-12 13:15:30+00:00,0.153,0.09475,0.17975,0.16275
Finlay Beverages,237.0,6.0,802.8,2025-08-12 13:30:30+00:00,0.138,0.113,0.17225,0.146
Finlay Beverages,237.0,6.0,802.8,2025-08-12 13:45:30+00:00,0.1355,0.1165,0.15625,0.14325
Finlay Beverages,237.0,6.0,802.8,2025-08-12 14:00:30+00:00,0.1355,0.11475,0.158,0.143
Finlay Beverages,237.0,6.0,802.8,2025-08-12 14:15:30+00:00,0.1375,0.11475,0.15925,0.1455
Finlay Beverages,237.0,6.0,802.8,2025-08-12 14:30:30+00:00,0.13775,0.11775,0.155,0.146
Finlay Beverages,237.0,6.0,802.8,2025-08-12 14:45:30+00:00,0.134,0.12025,0.14625,0.14175
Finlay Beverages,237.0,6.0,802.8,2025-08-12 15:00:30+00:00,0.128,0.1195,0.1365,0.135
Finlay Beverages,237.0,6.0,802.8,2025-08-12 15:15:30+00:00,0.1215,0.11525,0.1275,0.12775
Finlay Beverages,237.0,6.0,802.8,2025-08-12 15:30:30+00:00,0.11475,0.108,0.1205,0.12
Finlay Beverages,237.0,6.0,802.8,2025-08-12 15:45:30+00:00,0.1065,0.099,0.11425,0.11075
Finlay Beverages,237.0,6.0,802.8,2025-08-12 16:00:30+00:00,0.0985,0.0845,0.11075,0.102
Finlay Beverages,237.0,6.0,802.8,2025-08-12 16:15:30+00:00,0.0895,0.067,0.102,0.09225
Finlay Beverages,237.0,6.0,802.8,2025-08-12 16:30:30+00:00,0.07875,0.04775,0.09325,0.08075
Finlay Beverages,237.0,6.0,802.8,2025-08-12 16:45:30+00:00,0.05775,0.02975,0.0845,0.05875
Finlay Beverages,237.0,6.0,802.8,2025-08-12 17:00:30+00:00,0.04325,0.01925,0.07525,0.04375
Finlay Beverages,237.0,6.0,802.8,2025-08-12 17:15:30+00:00,0.04575,0.00925,0.06575,0.046
Finlay Beverages,237.0,6.0,802.8,2025-08-12 17:30:30+00:00,0.025,0.005,0.05275,0.02525
Finlay Beverages,237.0,6.0,802.8,2025-08-12 17:45:30+00:00,0.00975,0.0035,0.0395,0.01
Finlay Beverages,237.0,6.0,802.8,2025-08-12 18:00:30+00:00,0.019,0.00375,0.03475,0.019
Finlay Beverages,237.0,6.0,802.8,2025-08-12 18:15:30+00:00,0.02125,0.00575,0.02975,0.021
Finlay Beverages,237.0,6.0,802.8,2025-08-12 18:30:30+00:00,0.017,0.00775,0.02175,0.01625
Finlay Beverages,237.0,6.0,802.8,2025-08-12 18:45:30+00:00,0.01075,0.0065,0.014,0.0105
Finlay Beverages,237.0,6.0,802.8,2025-08-12 19:00:30+00:00,0.0055,0.00375,0.007,0.00525
Finlay Beverages,237.0,6.0,802.8,2025-08-12 19:15:30+00:00,0.0015,0.0015,0.002,0.0015
Finlay Beverages,237.0,6.0,802.8,2025-08-12 19:30:30+00:00,0.00025,0.0,0.00025,0.00025
Finlay Beverages,237.0,6.0,802.8,2025-08-12 19:45:30+00:00,0.0,0.0,0.0,0.0
Finlay Beverages,237.0,6.0,802.8,2025-08-12 20:00:30+00:00,0.0,0.0,0.0,0.0
Finlay Beverages,237.0,6.0,802.8,2025-08-12 20:15:30+00:00,0.0,0.0,0.0,0.0
Finlay Beverages,237.0,6.0,802.8,2025-08-12 20:30:30+00:00,0.0,0.0,0.0,0.0
Finlay Beverages,237.0,6.0,802.8,2025-08-12 20:45:30+00:00,0.0,0.0,0.0,0.0
Finlay Beverages,237.0,6.0,802.8,2025-08-12 21:00:30+00:00,0.0,0.0,0.0,0.0
Finlay Beverages,237.0,6.0,802.8,2025-08-12 21:15:30+00:00,0.0,0.0,0.0,0.0
Finlay Beverages,237.0,6.0,802.8,2025-08-12 21:30:30+00:00,0.0,0.0,0.0,0.0
Finlay Beverages,237.0,6.0,802.8,2025-08-12 21:45:30+00:00,0.0,0.0,0.0,0.0
Finlay Beverages,237.0,6.0,802.8,2025-08-12 22:00:30+00:00,0.0,0.0,0.0,0.0
Finlay Beverages,237.0,6.0,802.8,2025-08-12 22:15:30+00:00,0.0,0.0,0.0,0.0
Finlay Beverages,237.0,6.0,802.8,2025-08-12 22:30:30+00:00,0.0,0.0,0.0,0.0
Finlay Beverages,237.0,6.0,802.8,2025-08-12 22:45:30+00:00,0.0,0.0,0.0,0.0
Finlay Beverages,237.0,6.0,802.8,2025-08-12 23:00:30+00:00,0.0,0.0,0.0,0.0
Finlay Beverages,237.0,6.0,802.8,2025-08-12 23:15:30+00:00,0.0,0.0,0.0,0.0
Finlay Beverages,237.0,6.0,802.8,2025-08-12 23:30:30+00:00,0.0,0.0,0.0,0.0
Finlay Beverages,237.0,6.0,802.8,2025-08-12 23:45:30+00:00,0.0,0.0,0.0,0.0
Finlay Beverages,237.0,6.0,802.8,2025-08-13 00:00:30+00:00,0.0,0.0,0.0,0.0
Finlay Beverages,237.0,6.0,802.8,2025-08-13 00:15:30+00:00,0.0,0.0,0.0,0.0
Finlay Beverages,237.0,6.0,802.8,2025-08-13 00:30:30+00:00,0.0,0.0,0.0,0.0
Finlay Beverages,237.0,6.0,802.8,2025-08-13 00:45:30+00:00,0.0,0.0,0.0,0.0
Finlay Beverages,237.0,6.0,802.8,2025-08-13 01:00:30+00:00,0.0,0.0,0.0,0.0
Finlay Beverages,237.0,6.0,802.8,2025-08-13 01:15:30+00:00,0.0,0.0,0.0,0.0
Finlay Beverages,237.0,6.0,802.8,2025-08-13 01:30:30+00:00,0.0,0.0,0.0,0.0
Finlay Beverages,237.0,6.0,802.8,2025-08-13 01:45:30+00:00,0.0,0.0,0.0,0.0
Finlay Beverages,237.0,6.0,802.8,2025-08-13 02:00:30+00:00,0.0,0.0,0.0,0.0
Finlay Beverages,237.0,6.0,802.8,2025-08-13 02:15:30+00:00,0.0,0.0,0.0,0.0
Finlay Beverages,237.0,6.0,802.8,2025-08-13 02:30:30+00:00,0.0,0.0,0.0,0.0
Finlay Beverages,237.0,6.0,802.8,2025-08-13 02:45:30+00:00,0.0,0.0,0.0,0.0
Finlay Beverages,237.0,6.0,802.8,2025-08-13 03:00:30+00:00,0.0,0.0,0.0,0.0
Finlay Beverages,237.0,6.0,802.8,2025-08-13 03:15:30+00:00,0.0,0.0,0.0,0.0
Finlay Beverages,237.0,6.0,802.8,2025-08-13 03:30:30+00:00,0.0,0.0,0.0,0.0
Finlay Beverages,237.0,6.0,802.8,2025-08-13 03:45:30+00:00,0.0,0.0,0.0,0.0
Finlay Beverages,237.0,6.0,802.8,2025-08-13 04:00:30+00:00,0.0,0.0,0.0,0.0
Finlay Beverages,237.0,6.0,802.8,2025-08-13 04:15:30+00:00,0.0,0.0,0.0,0.0
Finlay Beverages,237.0,6.0,802.8,2025-08-13 04:30:30+00:00,0.0,0.0,0.0,0.0
Finlay Beverages,237.0,6.0,802.8,2025-08-13 04:45:30+00:00,0.00075,0.0005,0.001,0.00075
Finlay Beverages,237.0,6.0,802.8,2025-08-13 05:00:30+00:00,0.0035,0.00225,0.00525,0.0035
Finlay Beverages,237.0,6.0,802.8,2025-08-13 05:15:30+00:00,0.008,0.005,0.01175,0.00775
Finlay Beverages,237.0,6.0,802.8,2025-08-13 05:30:30+00:00,0.0145,0.00925,0.02,0.01375
Finlay Beverages,237.0,6.0,802.8,2025-08-13 05:45:30+00:00,0.02175,0.01475,0.0285,0.02075
Finlay Beverages,237.0,6.0,802.8,2025-08-13 06:00:30+00:00,0.02975,0.0215,0.03775,0.02875
Finlay Beverages,237.0,6.0,802.8,2025-08-13 06:15:30+00:00,0.0385,0.0295,0.04675,0.0375
Finlay Beverages,237.0,6.0,802.8,2025-08-13 06:30:30+00:00,0.047,0.03825,0.056,0.0465
Finlay Beverages,237.0,6.0,802.8,2025-08-13 06:45:30+00:00,0.05575,0.04775,0.064,0.05575
Finlay Beverages,237.0,6.0,802.8,2025-08-13 07:00:30+00:00,0.0645,0.05775,0.0715,0.06525
Finlay Beverages,237.0,6.0,802.8,2025-08-13 07:15:30+00:00,0.0735,0.0675,0.07875,0.07475
Finlay Beverages,237.0,6.0,802.8,2025-08-13 07:30:30+00:00,0.08125,0.07575,0.08625,0.08325
Finlay Beverages,237.0,6.0,802.8,2025-08-13 07:45:30+00:00,0.0885,0.08325,0.09475,0.09125
Finlay Beverages,237.0,6.0,802.8,2025-08-13 08:00:30+00:00,0.09725,0.0905,0.1045,0.10075
Finlay Beverages,237.0,6.0,802.8,2025-08-13 08:15:30+00:00,0.10625,0.09875,0.1135,0.111
Finlay Beverages,237.0,6.0,802.8,2025-08-13 08:30:30+00:00,0.1145,0.107,0.12075,0.12025
Finlay Beverages,237.0,6.0,802.8,2025-08-13 08:45:30+00:00,0.12075,0.11375,0.1275,0.127
Finlay Beverages,237.0,6.0,802.8,2025-08-13 09:00:30+00:00,0.1265,0.12,0.134,0.1335
Finlay Beverages,237.0,6.0,802.8,2025-08-13 09:15:30+00:00,0.1335,0.12525,0.13975,0.1415
Finlay Beverages,237.0,6.0,802.8,2025-08-13 09:30:30+00:00,0.1375,0.13075,0.14525,0.146
Finlay Beverages,237.0,6.0,802.8,2025-08-13 09:45:30+00:00,0.143,0.13475,0.15075,0.15225
Finlay Beverages,237.0,6.0,802.8,2025-08-13 10:00:30+00:00,0.14775,0.13975,0.15725,0.1575
Finlay Beverages,237.0,6.0,802.8,2025-08-13 10:15:30+00:00,0.1545,0.1445,0.163,0.16525
Finlay Beverages,237.0,6.0,802.8,2025-08-13 10:30:30+00:00,0.15925,0.147,0.1705,0.171
Finlay Beverages,237.0,6.0,802.8,2025-08-13 10:45:30+00:00,0.1625,0.147,0.17725,0.1745
Finlay Beverages,237.0,6.0,802.8,2025-08-13 11:00:30+00:00,0.16475,0.143,0.18,0.177
Finlay Beverages,237.0,6.0,802.8,2025-08-13 11:15:30+00:00,0.1575,0.14025,0.17925,0.16875
Finlay Beverages,237.0,6.0,802.8,2025-08-13 11:30:30+00:00,0.156,0.1415,0.17575,0.16725
Finlay Beverages,237.0,6.0,802.8,2025-08-13 11:45:30+00:00,0.16175,0.14475,0.17625,0.1735
Finlay Beverages,237.0,6.0,802.8,2025-08-13 12:00:30+00:00,0.1635,0.14825,0.17725,0.17575
Finlay Beverages,237.0,6.0,802.8,2025-08-13 12:15:30+00:00,0.16275,0.14325,0.17675,0.175
Finlay Beverages,237.0,6.0,802.8,2025-08-13 12:30:30+00:00,0.15375,0.14025,0.178,0.16475
Finlay Beverages,237.0,6.0,802.8,2025-08-13 12:45:30+00:00,0.15975,0.13725,0.18075,0.17125
Finlay Beverages,237.0,6.0,802.8,2025-08-13 13:00:30+00:00,0.16325,0.14125,0.1825,0.17525
Finlay Beverages,237.0,6.0,802.8,2025-08-13 13:15:30+00:00,0.16275,0.14575,0.1795,0.175
Finlay Beverages,237.0,6.0,802.8,2025-08-13 13:30:30+00:00,0.16175,0.149,0.1725,0.17375
Finlay Beverages,237.0,6.0,802.8,2025-08-13 13:45:30+00:00,0.15775,0.14625,0.16875,0.16925
Finlay Beverages,237.0,6.0,802.8,2025-08-13 14:00:30+00:00,0.1525,0.138,0.16675,0.16325
Finlay Beverages,237.0,6.0,802.8,2025-08-13 14:15:30+00:00,0.1465,0.1275,0.16225,0.15625
Finlay Beverages,237.0,6.0,802.8,2025-08-13 14:30:30+00:00,0.13525,0.11775,0.15375,0.1435
Finlay Beverages,237.0,6.0,802.8,2025-08-13 14:45:30+00:00,0.1255,0.1125,0.1465,0.13225
Finlay Beverages,237.0,6.0,802.8,2025-08-13 15:00:30+00:00,0.1265,0.109,0.14125,0.1335
Finlay Beverages,237.0,6.0,802.8,2025-08-13 15:15:30+00:00,0.1235,0.109,0.13575,0.13025
Finlay Beverages,237.0,6.0,802.8,2025-08-13 15:30:30+00:00,0.11725,0.10625,0.12775,0.123
Finlay Beverages,237.0,6.0,802.8,2025-08-13 15:45:30+00:00,0.10975,0.10125,0.118,0.115
Finlay Beverages,237.0,6.0,802.8,2025-08-13 16:00:30+00:00,0.10175,0.0925,0.10925,0.10575
Finlay Beverages,237.0,6.0,802.8,2025-08-13 16:15:30+00:00,0.091,0.08375,0.09975,0.094
Finlay Beverages,237.0,6.0,802.8,2025-08-13 16:30:30+00:00,0.08225,0.0755,0.08975,0.0845
Finlay Beverages,237.0,6.0,802.8,2025-08-13 16:45:30+00:00,0.0745,0.06725,0.0815,0.076
Finlay Beverages,237.0,6.0,802.8,2025-08-13 17:00:30+00:00,0.06625,0.0565,0.0755,0.06725
Finlay Beverages,237.0,6.0,802.8,2025-08-13 17:15:30+00:00,0.057,0.04425,0.06825,0.05725
Finlay Beverages,237.0,6.0,802.8,2025-08-13 17:30:30+00:00,0.047,0.03225,0.059,0.04675
Finlay Beverages,237.0,6.0,802.8,2025-08-13 17:45:30+00:00,0.0345,0.022,0.04925,0.03425
Finlay Beverages,237.0,6.0,802.8,2025-08-13 18:00:30+00:00,0.0255,0.01425,0.0395,0.02525
Finlay Beverages,237.0,6.0,802.8,2025-08-13 18:15:30+00:00,0.0205,0.008,0.03125,0.02
Finlay Beverages,237.0,6.0,802.8,2025-08-13 18:30:30+00:00,0.01225,0.003,0.022,0.01225
Finlay Beverages,237.0,6.0,802.8,2025-08-13 18:45:30+00:00,0.00525,0.001,0.01275,0.00525
Finlay Beverages,237.0,6.0,802.8,2025-08-13 19:00:30+00:00,0.002,0.0005,0.006,0.00225
Finlay Beverages,237.0,6.0,802.8,2025-08-13 19:15:30+00:00,0.0005,0.00025,0.002,0.0005
Finlay Beverages,237.0,6.0,802.8,2025-08-13 19:30:30+00:00,0.0,0.0,0.0,0.0
Finlay Beverages,237.0,6.0,802.8,2025-08-13 19:45:30+00:00,0.0,0.0,0.0,0.0
Finlay Beverages,237.0,6.0,802.8,2025-08-13 20:00:30+00:00,0.0,0.0,0.0,0.0
Finlay Beverages,237.0,6.0,802.8,2025-08-13 20:15:30+00:00,0.0,0.0,0.0,0.0
Finlay Beverages,237.0,6.0,802.8,2025-08-13 20:30:30+00:00,0.0,0.0,0.0,0.0
Finlay Beverages,237.0,6.0,802.8,2025-08-13 20:45:30+00:00,0.0,0.0,0.0,0.0
Finlay Beverages,237.0,6.0,802.8,2025-08-13 21:00:30+00:00,0.0,0.0,0.0,0.0
Finlay Beverages,237.0,6.0,802.8,2025-08-13 21:15:30+00:00,0.0,0.0,0.0,0.0
Finlay Beverages,237.0,6.0,802.8,2025-08-13 21:30:30+00:00,0.0,0.0,0.0,0.0
Finlay Beverages,237.0,6.0,802.8,2025-08-13 21:45:30+00:00,0.0,0.0,0.0,0.0
Finlay Beverages,237.0,6.0,802.8,2025-08-13 22:00:30+00:00,0.0,0.0,0.0,0.0
Finlay Beverages,237.0,6.0,802.8,2025-08-13 22:15:30+00:00,0.0,0.0,0.0,0.0
Finlay Beverages,237.0,6.0,802.8,2025-08-13 22:30:30+00:00,0.0,0.0,0.0,0.0
Finlay Beverages,237.0,6.0,802.8,2025-08-13 22:45:30+00:00,0.0,0.0,0.0,0.0
Finlay Beverages,237.0,6.0,802.8,2025-08-13 23:00:30+00:00,0.0,0.0,0.0,0.0
Finlay Beverages,237.0,6.0,802.8,2025-08-13 23:15:30+00:00,0.0,0.0,0.0,0.0
Finlay Beverages,237.0,6.0,802.8,2025-08-13 23:30:30+00:00,0.0,0.0,0.0,0.0
Finlay Beverages,237.0,6.0,802.8,2025-08-13 23:45:30+00:00,0.0,0.0,0.0,0.0
Finlay Beverages,237.0,6.0,802.8,2025-08-14 00:00:30+00:00,0.0,0.0,0.0,0.0
Finlay Beverages,237.0,6.0,802.8,2025-08-14 00:15:30+00:00,0.0,0.0,0.0,0.0
Finlay Beverages,237.0,6.0,802.8,2025-08-14 00:30:30+00:00,0.0,0.0,0.0,0.0
Finlay Beverages,237.0,6.0,802.8,2025-08-14 00:45:30+00:00,0.0,0.0,0.0,0.0
Finlay Beverages,237.0,6.0,802.8,2025-08-14 01:00:30+00:00,0.0,0.0,0.0,0.0
Finlay Beverages,237.0,6.0,802.8,2025-08-14 01:15:30+00:00,0.0,0.0,0.0,0.0
Finlay Beverages,237.0,6.0,802.8,2025-08-14 01:30:30+00:00,0.0,0.0,0.0,0.0
Finlay Beverages,237.0,6.0,802.8,2025-08-14 01:45:30+00:00,0.0,0.0,0.0,0.0
Finlay Beverages,237.0,6.0,802.8,2025-08-14 02:00:30+00:00,0.0,0.0,0.0,0.0
Finlay Beverages,237.0,6.0,802.8,2025-08-14 02:15:30+00:00,0.0,0.0,0.0,0.0
Finlay Beverages,237.0,6.0,802.8,2025-08-14 02:30:30+00:00,0.0,0.0,0.0,0.0
Finlay Beverages,237.0,6.0,802.8,2025-08-14 02:45:30+00:00,0.0,0.0,0.0,0.0
Finlay Beverages,237.0,6.0,802.8,2025-08-14 03:00:30+00:00,0.0,0.0,0.0,0.0
Finlay Beverages,237.0,6.0,802.8,2025-08-14 03:15:30+00:00,0.0,0.0,0.0,0.0
Finlay Beverages,237.0,6.0,802.8,2025-08-14 03:30:30+00:00,0.0,0.0,0.0,0.0
Finlay Beverages,237.0,6.0,802.8,2025-08-14 03:45:30+00:00,0.0,0.0,0.0,0.0
Finlay Beverages,237.0,6.0,802.8,2025-08-14 04:00:30+00:00,0.0,0.0,0.0,0.0
Finlay Beverages,237.0,6.0,802.8,2025-08-14 04:15:30+00:00,0.0,0.0,0.0,0.0
Finlay Beverages,237.0,6.0,802.8,2025-08-14 04:30:30+00:00,0.0,0.0,0.0,0.0
Finlay Beverages,237.0,6.0,802.8,2025-08-14 04:45:30+00:00,0.0005,0.00025,0.00075,0.0005
Finlay Beverages,237.0,6.0,802.8,2025-08-14 05:00:30+00:00,0.00225,0.001,0.0045,0.00225
Finlay Beverages,237.0,6.0,802.8,2025-08-14 05:15:30+00:00,0.0055,0.00125,0.0105,0.0055
Finlay Beverages,237.0,6.0,802.8,2025-08-14 05:30:30+00:00,0.00975,0.0025,0.01875,0.00975
Finlay Beverages,237.0,6.0,802.8,2025-08-14 05:45:30+00:00,0.01675,0.00725,0.02875,0.0165
Finlay Beverages,237.0,6.0,802.8,2025-08-14 06:00:30+00:00,0.0315,0.01375,0.03875,0.03025
Finlay Beverages,237.0,6.0,802.8,2025-08-14 06:15:30+00:00,0.03375,0.01975,0.04775,0.03325
Finlay Beverages,237.0,6.0,802.8,2025-08-14 06:30:30+00:00,0.0375,0.0225,0.05325,0.0375
Finlay Beverages,237.0,6.0,802.8,2025-08-14 06:45:30+00:00,0.042,0.0305,0.06475,0.04225
Finlay Beverages,237.0,6.0,802.8,2025-08-14 07:00:30+00:00,0.063,0.04,0.07625,0.0635
Finlay Beverages,237.0,6.0,802.8,2025-08-14 07:15:30+00:00,0.07225,0.0525,0.0855,0.0735
Finlay Beverages,237.0,6.0,802.8,2025-08-14 07:30:30+00:00,0.08,0.059,0.09475,0.082
Finlay Beverages,237.0,6.0,802.8,2025-08-14 07:45:30+00:00,0.08325,0.0605,0.10025,0.08575
Finlay Beverages,237.0,6.0,802.8,2025-08-14 08:00:30+00:00,0.07775,0.063,0.1065,0.08025
Finlay Beverages,237.0,6.0,802.8,2025-08-14 08:15:30+00:00,0.09225,0.06925,0.118,0.09575
Finlay Beverages,237.0,6.0,802.8,2025-08-14 08:30:30+00:00,0.10975,0.07875,0.12975,0.115
Finlay Beverages,237.0,6.0,802.8,2025-08-14 08:45:30+00:00,0.11175,0.08325,0.138,0.117
Finlay Beverages,237.0,6.0,802.8,2025-08-14 09:00:30+00:00,0.12625,0.07275,0.145,0.133
Finlay Beverages,237.0,6.0,802.8,2025-08-14 09:15:30+00:00,0.1095,0.056,0.1535,0.1145
Finlay Beverages,237.0,6.0,802.8,2025-08-14 09:30:30+00:00,0.0955,0.04175,0.1545,0.099
Finlay Beverages,237.0,6.0,802.8,2025-08-14 09:45:30+00:00,0.088,0.0475,0.156,0.091
Finlay Beverages,237.0,6.0,802.8,2025-08-14 10:00:30+00:00,0.11875,0.064,0.167,0.12475
Finlay Beverages,237.0,6.0,802.8,2025-08-14 10:15:30+00:00,0.13825,0.0895,0.176,0.14675
Finlay Beverages,237.0,6.0,802.8,2025-08-14 10:30:30+00:00,0.1415,0.10475,0.1805,0.1505
Finlay Beverages,237.0,6.0,802.8,2025-08-14 10:45:30+00:00,0.147,0.10425,0.18425,0.15675
Finlay Beverages,237.0,6.0,802.8,2025-08-14 11:00:30+00:00,0.14525,0.08,0.18775,0.1545
Finlay Beverages,237.0,6.0,802.8,2025-08-14 11:15:30+00:00,0.124,0.04775,0.1925,0.1305
Finlay Beverages,237.0,6.0,802.8,2025-08-14 11:30:30+00:00,0.09775,0.026,0.17725,0.10125
Finlay Beverages,237.0,6.0,802.8,2025-08-14 11:45:30+00:00,0.081,0.0255,0.14625,0.08325
Finlay Beverages,237.0,6.0,802.8,2025-08-14 12:00:30+00:00,0.07775,0.03125,0.12375,0.0795
Finlay Beverages,237.0,6.0,802.8,2025-08-14 12:15:30+00:00,0.07275,0.03675,0.1115,0.07425
Finlay Beverages,237.0,6.0,802.8,2025-08-14 12:30:30+00:00,0.07125,0.027,0.10175,0.07275
Finlay Beverages,237.0,6.0,802.8,2025-08-14 12:45:30+00:00,0.04875,0.01875,0.09375,0.04975
Finlay Beverages,237.0,6.0,802.8,2025-08-14 13:00:30+00:00,0.04775,0.0145,0.1,0.0485
Finlay Beverages,237.0,6.0,802.8,2025-08-14 13:15:30+00:00,0.07325,0.0145,0.12175,0.075
Finlay Beverages,237.0,6.0,802.8,2025-08-14 13:30:30+00:00,0.0755,0.0195,0.139,0.0775
Finlay Beverages,237.0,6.0,802.8,2025-08-14 13:45:30+00:00,0.08775,0.0345,0.14825,0.09075
Finlay Beverages,237.0,6.0,802.8,2025-08-14 14:00:30+00:00,0.109,0.04575,0.13575,0.114
Finlay Beverages,237.0,6.0,802.8,2025-08-14 14:15:30+00:00,0.077,0.0425,0.12775,0.0795
Finlay Beverages,237.0,6.0,802.8,2025-08-14 14:30:30+00:00,0.0675,0.03275,0.11425,0.06925
Finlay Beverages,237.0,6.0,802.8,2025-08-14 14:45:30+00:00,0.0745,0.03325,0.11,0.0765
Finlay Beverages,237.0,6.0,802.8,2025-08-14 15:00:30+00:00,0.0725,0.039,0.118,0.0745
Finlay Beverages,237.0,6.0,802.8,2025-08-14 15:15:30+00:00,0.087,0.03475,0.116,0.09
Finlay Beverages,237.0,6.0,802.8,2025-08-14 15:30:30+00:00,0.06725,0.02325,0.10825,0.069
Finlay Beverages,237.0,6.0,802.8,2025-08-14 15:45:30+00:00,0.042,0.0135,0.08575,0.0425
Finlay Beverages,237.0,6.0,802.8,2025-08-14 16:00:30+00:00,0.03875,0.01575,0.07175,0.03925
Finlay Beverages,237.0,6.0,802.8,2025-08-14 16:15:30+00:00,0.05,0.023,0.06275,0.05075
Finlay Beverages,237.0,6.0,802.8,2025-08-14 16:30:30+00:00,0.04025,0.024,0.057,0.04075
Finlay Beverages,237.0,6.0,802.8,2025-08-14 16:45:30+00:00,0.03075,0.01975,0.047,0.03125
Finlay Beverages,237.0,6.0,802.8,2025-08-14 17:00:30+00:00,0.029,0.0175,0.0405,0.02925
Finlay Beverages,237.0,6.0,802.8,2025-08-14 17:15:30+00:00,0.02725,0.0155,0.03725,0.0275
Finlay Beverages,237.0,6.0,802.8,2025-08-14 17:30:30+00:00,0.0225,0.0105,0.033,0.02275
Finlay Beverages,237.0,6.0,802.8,2025-08-14 17:45:30+00:00,0.01525,0.00525,0.027,0.0155
Finlay Beverages,237.0,6.0,802.8,2025-08-14 18:00:30+00:00,0.0105,0.003,0.022,0.01075
Finlay Beverages,237.0,6.0,802.8,2025-08-14 18:15:30+00:00,0.011,0.00225,0.01825,0.011
Finlay Beverages,237.0,6.0,802.8,2025-08-14 18:30:30+00:00,0.00875,0.00225,0.01475,0.009
Finlay Beverages,237.0,6.0,802.8,2025-08-14 18:45:30+00:00,0.00575,0.00175,0.01,0.00575
Finlay Beverages,237.0,6.0,802.8,2025-08-14 19:00:30+00:00,0.00275,0.00075,0.00525,0.00275
Finlay Beverages,237.0,6.0,802.8,2025-08-14 19:15:30+00:00,0.00075,0.00025,0.0015,0.00075
Finlay Beverages,237.0,6.0,802.8,2025-08-14 19:30:30+00:00,0.0,0.0,0.0,0.0
Finlay Beverages,237.0,6.0,802.8,2025-08-14 19:45:30+00:00,0.0,0.0,0.0,0.0
Finlay Beverages,237.0,6.0,802.8,2025-08-14 20:00:30+00:00,0.0,0.0,0.0,0.0
Finlay Beverages,237.0,6.0,802.8,2025-08-14 20:15:30+00:00,0.0,0.0,0.0,0.0
Finlay Beverages,237.0,6.0,802.8,2025-08-14 20:30:30+00:00,0.0,0.0,0.0,0.0
Finlay Beverages,237.0,6.0,802.8,2025-08-14 20:45:30+00:00,0.0,0.0,0.0,0.0
Finlay Beverages,237.0,6.0,802.8,2025-08-14 21:00:30+00:00,0.0,0.0,0.0,0.0
Finlay Beverages,237.0,6.0,802.8,2025-08-14 21:15:30+00:00,0.0,0.0,0.0,0.0
Finlay Beverages,237.0,6.0,802.8,2025-08-14 21:30:30+00:00,0.0,0.0,0.0,0.0
Finlay Beverages,237.0,6.0,802.8,2025-08-14 21:45:30+00:00,0.0,0.0,0.0,0.0
Finlay Beverages,237.0,6.0,802.8,2025-08-14 22:00:30+00:00,0.0,0.0,0.0,0.0
Finlay Beverages,237.0,6.0,802.8,2025-08-14 22:15:30+00:00,0.0,0.0,0.0,0.0
Finlay Beverages,237.0,6.0,802.8,2025-08-14 22:30:30+00:00,0.0,0.0,0.0,0.0
Finlay Beverages,237.0,6.0,802.8,2025-08-14 22:45:30+00:00,0.0,0.0,0.0,0.0
Finlay Beverages,237.0,6.0,802.8,2025-08-14 23:00:30+00:00,0.0,0.0,0.0,0.0
Finlay Beverages,237.0,6.0,802.8,2025-08-14 23:15:30+00:00,0.0,0.0,0.0,0.0
Finlay Beverages,237.0,6.0,802.8,2025-08-14 23:30:30+00:00,0.0,0.0,0.0,0.0
Finlay Beverages,237.0,6.0,802.8,2025-08-14 23:45:30+00:00,0.0,0.0,0.0,0.0
Finlay Beverages,237.0,6.0,802.8,2025-08-15 00:00:30+00:00,0.0,0.0,0.0,0.0
Finlay Beverages,237.0,6.0,802.8,2025-08-15 00:15:30+00:00,0.0,0.0,0.0,0.0
Finlay Beverages,237.0,6.0,802.8,2025-08-15 00:30:30+00:00,0.0,0.0,0.0,0.0
Finlay Beverages,237.0,6.0,802.8,2025-08-15 00:45:30+00:00,0.0,0.0,0.0,0.0
Finlay Beverages,237.0,6.0,802.8,2025-08-15 01:00:30+00:00,0.0,0.0,0.0,0.0
Finlay Beverages,237.0,6.0,802.8,2025-08-15 01:15:30+00:00,0.0,0.0,0.0,0.0
Finlay Beverages,237.0,6.0,802.8,2025-08-15 01:30:30+00:00,0.0,0.0,0.0,0.0
Finlay Beverages,237.0,6.0,802.8,2025-08-15 01:45:30+00:00,0.0,0.0,0.0,0.0
Finlay Beverages,237.0,6.0,802.8,2025-08-15 02:00:30+00:00,0.0,0.0,0.0,0.0
Finlay Beverages,237.0,6.0,802.8,2025-08-15 02:15:30+00:00,0.0,0.0,0.0,0.0
Finlay Beverages,237.0,6.0,802.8,2025-08-15 02:30:30+00:00,0.0,0.0,0.0,0.0
Finlay Beverages,237.0,6.0,802.8,2025-08-15 02:45:30+00:00,0.0,0.0,0.0,0.0
Finlay Beverages,237.0,6.0,802.8,2025-08-15 03:00:30+00:00,0.0,0.0,0.0,0.0
Finlay Beverages,237.0,6.0,802.8,2025-08-15 03:15:30+00:00,0.0,0.0,0.0,0.0
Finlay Beverages,237.0,6.0,802.8,2025-08-15 03:30:30+00:00,0.0,0.0,0.0,0.0
Finlay Beverages,237.0,6.0,802.8,2025-08-15 03:45:30+00:00,0.0,0.0,0.0,0.0
Finlay Beverages,237.0,6.0,802.8,2025-08-15 04:00:30+00:00,0.0,0.0,0.0,0.0
Finlay Beverages,237.0,6.0,802.8,2025-08-15 04:15:30+00:00,0.0,0.0,0.0,0.0
Finlay Beverages,237.0,6.0,802.8,2025-08-15 04:30:30+00:00,0.0,0.0,0.0,0.0
Finlay Beverages,237.0,6.0,802.8,2025-08-15 04:45:30+00:00,0.0005,0.00025,0.0005,0.0005
Finlay Beverages,237.0,6.0,802.8,2025-08-15 05:00:30+00:00,0.0035,0.0025,0.0045,0.0035
Finlay Beverages,237.0,6.0,802.8,2025-08-15 05:15:30+00:00,0.0095,0.00675,0.01225,0.00875
Finlay Beverages,237.0,6.0,802.8,2025-08-15 05:30:30+00:00,0.017,0.012,0.0205,0.01575
Finlay Beverages,237.0,6.0,802.8,2025-08-15 05:45:30+00:00,0.0255,0.01875,0.0295,0.02375
Finlay Beverages,237.0,6.0,802.8,2025-08-15 06:00:30+00:00,0.034,0.02625,0.0385,0.03225
Finlay Beverages,237.0,6.0,802.8,2025-08-15 06:15:30+00:00,0.0425,0.0345,0.04775,0.04125
Finlay Beverages,237.0,6.0,802.8,2025-08-15 06:30:30+00:00,0.051,0.04325,0.057,0.05025
Finlay Beverages,237.0,6.0,802.8,2025-08-15 06:45:30+00:00,0.0595,0.0525,0.0665,0.0595
Finlay Beverages,237.0,6.0,802.8,2025-08-15 07:00:30+00:00,0.06825,0.062,0.0745,0.069
Finlay Beverages,237.0,6.0,802.8,2025-08-15 07:15:30+00:00,0.07675,0.0715,0.082,0.07825
Finlay Beverages,237.0,6.0,802.8,2025-08-15 07:30:30+00:00,0.08525,0.08075,0.0895,0.08775
Finlay Beverages,237.0,6.0,802.8,2025-08-15 07:45:30+00:00,0.09375,0.0895,0.0975,0.097
Finlay Beverages,237.0,6.0,802.8,2025-08-15 08:00:30+00:00,0.10175,0.0975,0.10575,0.106
Finlay Beverages,237.0,6.0,802.8,2025-08-15 08:15:30+00:00,0.1095,0.105,0.11375,0.115
Finlay Beverages,237.0,6.0,802.8,2025-08-15 08:30:30+00:00,0.11675,0.11225,0.12125,0.12325
Finlay Beverages,237.0,6.0,802.8,2025-08-15 08:45:30+00:00,0.12375,0.119,0.12875,0.131
Finlay Beverages,237.0,6.0,802.8,2025-08-15 09:00:30+00:00,0.13075,0.1255,0.13575,0.139
Finlay Beverages,237.0,6.0,802.8,2025-08-15 09:15:30+00:00,0.13725,0.1315,0.1425,0.1465
Finlay Beverages,237.0,6.0,802.8,2025-08-15 09:30:30+00:00,0.14325,0.13725,0.14875,0.15325
Finlay Beverages,237.0,6.0,802.8,2025-08-15 09:45:30+00:00,0.1485,0.14275,0.1545,0.1595
Finlay Beverages,237.0,6.0,802.8,2025-08-15 10:00:30+00:00,0.154,0.1475,0.15975,0.16575
Finlay Beverages,237.0,6.0,802.8,2025-08-15 10:15:30+00:00,0.1585,0.15225,0.1645,0.17075
Finlay Beverages,237.0,6.0,802.8,2025-08-15 10:30:30+00:00,0.1625,0.156,0.16825,0.1755
Finlay Beverages,237.0,6.0,802.8,2025-08-15 10:45:30+00:00,0.16575,0.15925,0.17175,0.17925
Finlay Beverages,237.0,6.0,802.8,2025-08-15 11:00:30+00:00,0.1685,0.16175,0.175,0.1825
Finlay Beverages,237.0,6.0,802.8,2025-08-15 11:15:30+00:00,0.17075,0.16175,0.17925,0.185
Finlay Beverages,237.0,6.0,802.8,2025-08-15 11:30:30+00:00,0.172,0.15475,0.18875,0.18675
Finlay Beverages,237.0,6.0,802.8,2025-08-15 11:45:30+00:00,0.1725,0.14225,0.19025,0.187
Finlay Beverages,237.0,6.0,802.8,2025-08-15 12:00:30+00:00,0.1685,0.12525,0.192,0.18175
Finlay Beverages,237.0,6.0,802.8,2025-08-15 12:15:30+00:00,0.1505,0.113,0.1935,0.16075
Finlay Beverages,237.0,6.0,802.8,2025-08-15 12:30:30+00:00,0.13925,0.10975,0.178,0.14775
Finlay Beverages,237.0,6.0,802.8,2025-08-15 12:45:30+00:00,0.1405,0.11525,0.1715,0.1495
Finlay Beverages,237.0,6.0,802.8,2025-08-15 13:00:30+00:00,0.149,0.12375,0.16925,0.1595
Finlay Beverages,237.0,6.0,802.8,2025-08-15 13:15:30+00:00,0.15025,0.129,0.16825,0.161
Finlay Beverages,237.0,6.0,802.8,2025-08-15 13:30:30+00:00,0.14675,0.1275,0.162,0.157
Finlay Beverages,237.0,6.0,802.8,2025-08-15 13:45:30+00:00,0.13775,0.12375,0.15475,0.14625
Finlay Beverages,237.0,6.0,802.8,2025-08-15 14:00:30+00:00,0.13225,0.116,0.14825,0.14025
Finlay Beverages,237.0,6.0,802.8,2025-08-15 14:15:30+00:00,0.1265,0.1115,0.147,0.13375
Finlay Beverages,237.0,6.0,802.8,2025-08-15 14:30:30+00:00,0.128,0.1075,0.14675,0.1355
Finlay Beverages,237.0,6.0,802.8,2025-08-15 14:45:30+00:00,0.12675,0.10725,0.146,0.13425
Finlay Beverages,237.0,6.0,802.8,2025-08-15 15:00:30+00:00,0.12525,0.10775,0.14,0.13275
Finlay Beverages,237.0,6.0,802.8,2025-08-15 15:15:30+00:00,0.11975,0.10825,0.1315,0.1265
Finlay Beverages,237.0,6.0,802.8,2025-08-15 15:30:30+00:00,0.1145,0.10475,0.1225,0.1205
Finlay Beverages,237.0,6.0,802.8,2025-08-15 15:45:30+00:00,0.10675,0.09725,0.11775,0.112
Finlay Beverages,237.0,6.0,802.8,2025-08-15 16:00:30+00:00,0.10075,0.0815,0.1145,0.10525
Finlay Beverages,237.0,6.0,802.8,2025-08-15 16:15:30+00:00,0.09425,0.062,0.106,0.09775
Finlay Beverages,237.0,6.0,802.8,2025-08-15 16:30:30+00:00,0.07675,0.04,0.09725,0.07875
Finlay Beverages,237.0,6.0,802.8,2025-08-15 16:45:30+00:00,0.052,0.02725,0.08775,0.05275
Finlay Beverages,237.0,6.0,802.8,2025-08-15 17:00:30+00:00,0.043,0.0215,0.07225,0.0435
Finlay Beverages,237.0,6.0,802.8,2025-08-15 17:15:30+00:00,0.04525,0.024,0.06575,0.04575
Finlay Beverages,237.0,6.0,802.8,2025-08-15 17:30:30+00:00,0.04625,0.0265,0.0595,0.046
Finlay Beverages,237.0,6.0,802.8,2025-08-15 17:45:30+00:00,0.041,0.02725,0.05,0.04025
Finlay Beverages,237.0,6.0,802.8,2025-08-15 18:00:30+00:00,0.03325,0.02425,0.04075,0.03225
Finlay Beverages,237.0,6.0,802.8,2025-08-15 18:15:30+00:00,0.0255,0.01825,0.03175,0.024
Finlay Beverages,237.0,6.0,802.8,2025-08-15 18:30:30+00:00,0.0175,0.01175,0.02275,0.01625
Finlay Beverages,237.0,6.0,802.8,2025-08-15 18:45:30+00:00,0.01,0.0065,0.014,0.00925
Finlay Beverages,237.0,6.0,802.8,2025-08-15 19:00:30+00:00,0.00425,0.00275,0.00625,0.00425
Finlay Beverages,237.0,6.0,802.8,2025-08-15 19:15:30+00:00,0.00075,0.0005,0.00125,0.00075
Finlay Beverages,237.0,6.0,802.8,2025-08-15 19:30:30+00:00,0.0,0.0,0.0,0.0
Finlay Beverages,237.0,6.0,802.8,2025-08-15 19:45:30+00:00,0.0,0.0,0.0,0.0
Finlay Beverages,237.0,6.0,802.8,2025-08-15 20:00:30+00:00,0.0,0.0,0.0,0.0
Finlay Beverages,237.0,6.0,802.8,2025-08-15 20:15:30+00:00,0.0,0.0,0.0,0.0
Finlay Beverages,237.0,6.0,802.8,2025-08-15 20:30:30+00:00,0.0,0.0,0.0,0.0
Finlay Beverages,237.0,6.0,802.8,2025-08-15 20:45:30+00:00,0.0,0.0,0.0,0.0
Finlay Beverages,237.0,6.0,802.8,2025-08-15 21:00:30+00:00,0.0,0.0,0.0,0.0
Finlay Beverages,237.0,6.0,802.8,2025-08-15 21:15:30+00:00,0.0,0.0,0.0,0.0
Finlay Beverages,237.0,6.0,802.8,2025-08-15 21:30:30+00:00,0.0,0.0,0.0,0.0
Finlay Beverages,237.0,6.0,802.8,2025-08-15 21:45:30+00:00,0.0,0.0,0.0,0.0
Finlay Beverages,237.0,6.0,802.8,2025-08-15 22:00:30+00:00,0.0,0.0,0.0,0.0
Finlay Beverages,237.0,6.0,802.8,2025-08-15 22:15:30+00:00,0.0,0.0,0.0,0.0
Finlay Beverages,237.0,6.0,802.8,2025-08-15 22:30:30+00:00,0.0,0.0,0.0,0.0
Finlay Beverages,237.0,6.0,802.8,2025-08-15 22:45:30+00:00,0.0,0.0,0.0,0.0
Finlay Beverages,237.0,6.0,802.8,2025-08-15 23:00:30+00:00,0.0,0.0,0.0,0.0
Finlay Beverages,237.0,6.0,802.8,2025-08-15 23:15:30+00:00,0.0,0.0,0.0,0.0
Finlay Beverages,237.0,6.0,802.8,2025-08-15 23:30:30+00:00,0.0,0.0,0.0,0.0
Finlay Beverages,237.0,6.0,802.8,2025-08-15 23:45:30+00:00,0.0,0.0,0.0,0.0
Finlay Beverages,237.0,6.0,802.8,2025-08-16 00:00:30+00:00,0.0,0.0,0.0,0.0
Finlay Beverages,237.0,6.0,802.8,2025-08-16 00:15:30+00:00,0.0,0.0,0.0,0.0
Finlay Beverages,237.0,6.0,802.8,2025-08-16 00:30:30+00:00,0.0,0.0,0.0,0.0
Finlay Beverages,237.0,6.0,802.8,2025-08-16 00:45:30+00:00,0.0,0.0,0.0,0.0
Finlay Beverages,237.0,6.0,802.8,2025-08-16 01:00:30+00:00,0.0,0.0,0.0,0.0
Finlay Beverages,237.0,6.0,802.8,2025-08-16 01:15:30+00:00,0.0,0.0,0.0,0.0
Finlay Beverages,237.0,6.0,802.8,2025-08-16 01:30:30+00:00,0.0,0.0,0.0,0.0
Finlay Beverages,237.0,6.0,802.8,2025-08-16 01:45:30+00:00,0.0,0.0,0.0,0.0
Finlay Beverages,237.0,6.0,802.8,2025-08-16 02:00:30+00:00,0.0,0.0,0.0,0.0
Finlay Beverages,237.0,6.0,802.8,2025-08-16 02:15:30+00:00,0.0,0.0,0.0,0.0
Finlay Beverages,237.0,6.0,802.8,2025-08-16 02:30:30+00:00,0.0,0.0,0.0,0.0
Finlay Beverages,237.0,6.0,802.8,2025-08-16 02:45:30+00:00,0.0,0.0,0.0,0.0
Finlay Beverages,237.0,6.0,802.8,2025-08-16 03:00:30+00:00,0.0,0.0,0.0,0.0
Finlay Beverages,237.0,6.0,802.8,2025-08-16 03:15:30+00:00,0.0,0.0,0.0,0.0
Finlay Beverages,237.0,6.0,802.8,2025-08-16 03:30:30+00:00,0.0,0.0,0.0,0.0
Finlay Beverages,237.0,6.0,802.8,2025-08-16 03:45:30+00:00,0.0,0.0,0.0,0.0
Finlay Beverages,237.0,6.0,802.8,2025-08-16 04:00:30+00:00,0.0,0.0,0.0,0.0
Finlay Beverages,237.0,6.0,802.8,2025-08-16 04:15:30+00:00,0.0,0.0,0.0,0.0
Finlay Beverages,237.0,6.0,802.8,2025-08-16 04:30:30+00:00,0.0,0.0,0.0,0.0
Finlay Beverages,237.0,6.0,802.8,2025-08-16 04:45:30+00:00,0.0,0.0,0.00025,0.0
Finlay Beverages,237.0,6.0,802.8,2025-08-16 05:00:30+00:00,0.00125,0.00025,0.003,0.0015
Finlay Beverages,237.0,6.0,802.8,2025-08-16 05:15:30+00:00,0.0035,0.001,0.0065,0.00375
Finlay Beverages,237.0,6.0,802.8,2025-08-16 05:30:30+00:00,0.00625,0.00175,0.01075,0.00625
Finlay Beverages,237.0,6.0,802.8,2025-08-16 05:45:30+00:00,0.00875,0.00275,0.01475,0.00875
Finlay Beverages,237.0,6.0,802.8,2025-08-16 06:00:30+00:00,0.011,0.00375,0.0185,0.01125
Finlay Beverages,237.0,6.0,802.8,2025-08-16 06:15:30+00:00,0.01325,0.005,0.0215,0.01325
Finlay Beverages,237.0,6.0,802.8,2025-08-16 06:30:30+00:00,0.01525,0.00675,0.024,0.0155
Finlay Beverages,237.0,6.0,802.8,2025-08-16 06:45:30+00:00,0.01775,0.00925,0.02625,0.018
Finlay Beverages,237.0,6.0,802.8,2025-08-16 07:00:30+00:00,0.02,0.012,0.0285,0.02025
Finlay Beverages,237.0,6.0,802.8,2025-08-16 07:15:30+00:00,0.02275,0.0145,0.03075,0.023
Finlay Beverages,237.0,6.0,802.8,2025-08-16 07:30:30+00:00,0.025,0.01675,0.03325,0.02525
Finlay Beverages,237.0,6.0,802.8,2025-08-16 07:45:30+00:00,0.027,0.018,0.03575,0.02725
Finlay Beverages,237.0,6.0,802.8,2025-08-16 08:00:30+00:00,0.0285,0.01925,0.0385,0.02875
Finlay Beverages,237.0,6.0,802.8,2025-08-16 08:15:30+00:00,0.031,0.02,0.042,0.03125
Finlay Beverages,237.0,6.0,802.8,2025-08-16 08:30:30+00:00,0.03375,0.01875,0.048,0.03425
Finlay Beverages,237.0,6.0,802.8,2025-08-16 08:45:30+00:00,0.0355,0.01325,0.054,0.036
Finlay Beverages,237.0,6.0,802.8,2025-08-16 09:00:30+00:00,0.0315,0.011,0.056,0.03175
Finlay Beverages,237.0,6.0,802.8,2025-08-16 09:15:30+00:00,0.0245,0.0115,0.05175,0.02475
Finlay Beverages,237.0,6.0,802.8,2025-08-16 09:30:30+00:00,0.01925,0.012,0.04875,0.01925
Finlay Beverages,237.0,6.0,802.8,2025-08-16 09:45:30+00:00,0.0225,0.0125,0.054,0.02275
Finlay Beverages,237.0,6.0,802.8,2025-08-16 10:00:30+00:00,0.034,0.013,0.0655,0.03425
Finlay Beverages,237.0,6.0,802.8,2025-08-16 10:15:30+00:00,0.04125,0.0135,0.0755,0.04175
Finlay Beverages,237.0,6.0,802.8,2025-08-16 10:30:30+00:00,0.05025,0.019,0.079,0.051
Finlay Beverages,237.0,6.0,802.8,2025-08-16 10:45:30+00:00,0.0555,0.03025,0.08,0.0565
Finlay Beverages,237.0,6.0,802.8,2025-08-16 11:00:30+00:00,0.05925,0.03425,0.079,0.06025
Finlay Beverages,237.0,6.0,802.8,2025-08-16 11:15:30+00:00,0.055,0.032,0.077,0.056
Finlay Beverages,237.0,6.0,802.8,2025-08-16 11:30:30+00:00,0.049,0.0295,0.07675,0.04975
Finlay Beverages,237.0,6.0,802.8,2025-08-16 11:45:30+00:00,0.05475,0.03175,0.0805,0.05575
Finlay Beverages,237.0,6.0,802.8,2025-08-16 12:00:30+00:00,0.064,0.03725,0.08275,0.06525
Finlay Beverages,237.0,6.0,802.8,2025-08-16 12:15:30+00:00,0.061,0.03875,0.08125,0.062
Finlay Beverages,237.0,6.0,802.8,2025-08-16 12:30:30+00:00,0.0545,0.0355,0.07975,0.0555
Finlay Beverages,237.0,6.0,802.8,2025-08-16 12:45:30+00:00,0.05675,0.03275,0.083,0.05775
Finlay Beverages,237.0,6.0,802.8,2025-08-16 13:00:30+00:00,0.06175,0.0355,0.08975,0.063
Finlay Beverages,237.0,6.0,802.8,2025-08-16 13:15:30+00:00,0.069,0.04225,0.09275,0.0705
Finlay Beverages,237.0,6.0,802.8,2025-08-16 13:30:30+00:00,0.0715,0.046,0.09075,0.073
Finlay Beverages,237.0,6.0,802.8,2025-08-16 13:45:30+00:00,0.06475,0.04375,0.08475,0.06625
Finlay Beverages,237.0,6.0,802.8,2025-08-16 14:00:30+00:00,0.056,0.04,0.07775,0.057
Finlay Beverages,237.0,6.0,802.8,2025-08-16 14:15:30+00:00,0.05525,0.0365,0.07475,0.05625
Finlay Beverages,237.0,6.0,802.8,2025-08-16 14:30:30+00:00,0.05525,0.03425,0.07475,0.05625
Finlay Beverages,237.0,6.0,802.8,2025-08-16 14:45:30+00:00,0.05275,0.03425,0.078,0.0535
Finlay Beverages,237.0,6.0,802.8,2025-08-16 15:00:30+00:00,0.05975,0.03525,0.08075,0.06075
Finlay Beverages,237.0,6.0,802.8,2025-08-16 15:15:30+00:00,0.06125,0.03725,0.0815,0.0625
Finlay Beverages,237.0,6.0,802.8,2025-08-16 15:30:30+00:00,0.05675,0.035,0.0825,0.05775
Finlay Beverages,237.0,6.0,802.8,2025-08-16 15:45:30+00:00,0.05775,0.03425,0.08275,0.05875
Finlay Beverages,237.0,6.0,802.8,2025-08-16 16:00:30+00:00,0.0605,0.0365,0.0845,0.062
Finlay Beverages,237.0,6.0,802.8,2025-08-16 16:15:30+00:00,0.06275,0.03975,0.0815,0.06425
Finlay Beverages,237.0,6.0,802.8,2025-08-16 16:30:30+00:00,0.05875,0.0425,0.0755,0.05975
Finlay Beverages,237.0,6.0,802.8,2025-08-16 16:45:30+00:00,0.055,0.0405,0.069,0.056
Finlay Beverages,237.0,6.0,802.8,2025-08-16 17:00:30+00:00,0.05075,0.03675,0.065,0.05125
Finlay Beverages,237.0,6.0,802.8,2025-08-16 17:15:30+00:00,0.0465,0.0325,0.0615,0.04675
Finlay Beverages,237.0,6.0,802.8,2025-08-16 17:30:30+00:00,0.044,0.03025,0.0565,0.04375
Finlay Beverages,237.0,6.0,802.8,2025-08-16 17:45:30+00:00,0.03975,0.028,0.04825,0.039
Finlay Beverages,237.0,6.0,802.8,2025-08-16 18:00:30+00:00,0.03125,0.02325,0.039,0.03025
Finlay Beverages,237.0,6.0,802.8,2025-08-16 18:15:30+00:00,0.02325,0.01725,0.03,0.022
Finlay Beverages,237.0,6.0,802.8,2025-08-16 18:30:30+00:00,0.01725,0.01175,0.0215,0.016
Finlay Beverages,237.0,6.0,802.8,2025-08-16 18:45:30+00:00,0.01075,0.00725,0.01325,0.00975
Finlay Beverages,237.0,6.0,802.8,2025-08-16 19:00:30+00:00,0.0045,0.0035,0.0055,0.00425
Finlay Beverages,237.0,6.0,802.8,2025-08-16 19:15:30+00:00,0.00175,0.00125,0.002,0.00175
Finlay Beverages,237.0,6.0,802.8,2025-08-16 19:30:30+00:00,0.0,0.0,0.0,0.0
Finlay Beverages,237.0,6.0,802.8,2025-08-16 19:45:30+00:00,0.0,0.0,0.0,0.0
Finlay Beverages,237.0,6.0,802.8,2025-08-16 20:00:30+00:00,0.0,0.0,0.0,0.0
Finlay Beverages,237.0,6.0,802.8,2025-08-16 20:15:30+00:00,0.0,0.0,0.0,0.0
Finlay Beverages,237.0,6.0,802.8,2025-08-16 20:30:30+00:00,0.0,0.0,0.0,0.0
Finlay Beverages,237.0,6.0,802.8,2025-08-16 20:45:30+00:00,0.0,0.0,0.0,0.0
Finlay Beverages,237.0,6.0,802.8,2025-08-16 21:00:30+00:00,0.0,0.0,0.0,0.0
Finlay Beverages,237.0,6.0,802.8,2025-08-16 21:15:30+00:00,0.0,0.0,0.0,0.0
Finlay Beverages,237.0,6.0,802.8,2025-08-16 21:30:30+00:00,0.0,0.0,0.0,0.0
Finlay Beverages,237.0,6.0,802.8,2025-08-16 21:45:30+00:00,0.0,0.0,0.0,0.0
Finlay Beverages,237.0,6.0,802.8,2025-08-16 22:00:30+00:00,0.0,0.0,0.0,0.0
Finlay Beverages,237.0,6.0,802.8,2025-08-16 22:15:30+00:00,0.0,0.0,0.0,0.0
Finlay Beverages,237.0,6.0,802.8,2025-08-16 22:30:30+00:00,0.0,0.0,0.0,0.0
Finlay Beverages,237.0,6.0,802.8,2025-08-16 22:45:30+00:00,0.0,0.0,0.0,0.0
Finlay Beverages,237.0,6.0,802.8,2025-08-16 23:00:30+00:00,0.0,0.0,0.0,0.0
Finlay Beverages,237.0,6.0,802.8,2025-08-16 23:15:30+00:00,0.0,0.0,0.0,0.0
Finlay Beverages,237.0,6.0,802.8,2025-08-16 23:30:30+00:00,0.0,0.0,0.0,0.0
Finlay Beverages,237.0,6.0,802.8,2025-08-16 23:45:30+00:00,0.0,0.0,0.0,0.0
Finlay Beverages,237.0,6.0,802.8,2025-08-17 00:00:30+00:00,0.0,0.0,0.0,0.0
Finlay Beverages,237.0,6.0,802.8,2025-08-17 00:15:30+00:00,0.0,0.0,0.0,0.0
Finlay Beverages,237.0,6.0,802.8,2025-08-17 00:30:30+00:00,0.0,0.0,0.0,0.0
Finlay Beverages,237.0,6.0,802.8,2025-08-17 00:45:30+00:00,0.0,0.0,0.0,0.0
Finlay Beverages,237.0,6.0,802.8,2025-08-17 01:00:30+00:00,0.0,0.0,0.0,0.0
Finlay Beverages,237.0,6.0,802.8,2025-08-17 01:15:30+00:00,0.0,0.0,0.0,0.0
Finlay Beverages,237.0,6.0,802.8,2025-08-17 01:30:30+00:00,0.0,0.0,0.0,0.0
Finlay Beverages,237.0,6.0,802.8,2025-08-17 01:45:30+00:00,0.0,0.0,0.0,0.0
Finlay Beverages,237.0,6.0,802.8,2025-08-17 02:00:30+00:00,0.0,0.0,0.0,0.0
Finlay Beverages,237.0,6.0,802.8,2025-08-17 02:15:30+00:00,0.0,0.0,0.0,0.0
Finlay Beverages,237.0,6.0,802.8,2025-08-17 02:30:30+00:00,0.0,0.0,0.0,0.0
Finlay Beverages,237.0,6.0,802.8,2025-08-17 02:45:30+00:00,0.0,0.0,0.0,0.0
Finlay Beverages,237.0,6.0,802.8,2025-08-17 03:00:30+00:00,0.0,0.0,0.0,0.0
Finlay Beverages,237.0,6.0,802.8,2025-08-17 03:15:30+00:00,0.0,0.0,0.0,0.0
Finlay Beverages,237.0,6.0,802.8,2025-08-17 03:30:30+00:00,0.0,0.0,0.0,0.0
Finlay Beverages,237.0,6.0,802.8,2025-08-17 03:45:30+00:00,0.0,0.0,0.0,0.0
Finlay Beverages,237.0,6.0,802.8,2025-08-17 04:00:30+00:00,0.0,0.0,0.0,0.0
Finlay Beverages,237.0,6.0,802.8,2025-08-17 04:15:30+00:00,0.0,0.0,0.0,0.0
Finlay Beverages,237.0,6.0,802.8,2025-08-17 04:30:30+00:00,0.0,0.0,0.0,0.0
Finlay Beverages,237.0,6.0,802.8,2025-08-17 04:45:30+00:00,0.0,0.0,0.0,0.0
Finlay Beverages,237.0,6.0,802.8,2025-08-17 05:00:30+00:00,0.00175,0.001,0.0035,0.00175
Finlay Beverages,237.0,6.0,802.8,2025-08-17 05:15:30+00:00,0.005,0.0025,0.00825,0.00525
Finlay Beverages,237.0,6.0,802.8,2025-08-17 05:30:30+00:00,0.00925,0.00475,0.014,0.00925
Finlay Beverages,237.0,6.0,802.8,2025-08-17 05:45:30+00:00,0.0135,0.00775,0.02075,0.0135
Finlay Beverages,237.0,6.0,802.8,2025-08-17 06:00:30+00:00,0.01975,0.01075,0.0295,0.01975
Finlay Beverages,237.0,6.0,802.8,2025-08-17 06:15:30+00:00,0.02675,0.015,0.03975,0.02675
Finlay Beverages,237.0,6.0,802.8,2025-08-17 06:30:30+00:00,0.0355,0.022,0.051,0.0355
Finlay Beverages,237.0,6.0,802.8,2025-08-17 06:45:30+00:00,0.04675,0.03225,0.0615,0.047
Finlay Beverages,237.0,6.0,802.8,2025-08-17 07:00:30+00:00,0.0575,0.0425,0.06825,0.05825
Finlay Beverages,237.0,6.0,802.8,2025-08-17 07:15:30+00:00,0.06175,0.05,0.073,0.063
Finlay Beverages,237.0,6.0,802.8,2025-08-17 07:30:30+00:00,0.06475,0.054,0.078,0.0665
Finlay Beverages,237.0,6.0,802.8,2025-08-17 07:45:30+00:00,0.07125,0.0575,0.0845,0.07325
Finlay Beverages,237.0,6.0,802.8,2025-08-17 08:00:30+00:00,0.07675,0.05725,0.09225,0.07925
Finlay Beverages,237.0,6.0,802.8,2025-08-17 08:15:30+00:00,0.0765,0.05175,0.10225,0.07875
Finlay Beverages,237.0,6.0,802.8,2025-08-17 08:30:30+00:00,0.07725,0.041,0.111,0.0795
Finlay Beverages,237.0,6.0,802.8,2025-08-17 08:45:30+00:00,0.074,0.027,0.1165,0.076
Finlay Beverages,237.0,6.0,802.8,2025-08-17 09:00:30+00:00,0.0635,0.014,0.1135,0.065
Finlay Beverages,237.0,6.0,802.8,2025-08-17 09:15:30+00:00,0.05325,0.0115,0.10275,0.05425
Finlay Beverages,237.0,6.0,802.8,2025-08-17 09:30:30+00:00,0.044,0.012,0.08675,0.0445
Finlay Beverages,237.0,6.0,802.8,2025-08-17 09:45:30+00:00,0.039,0.0125,0.0705,0.0395
Finlay Beverages,237.0,6.0,802.8,2025-08-17 10:00:30+00:00,0.038,0.01725,0.0605,0.0385
Finlay Beverages,237.0,6.0,802.8,2025-08-17 10:15:30+00:00,0.03925,0.022,0.057,0.03975
Finlay Beverages,237.0,6.0,802.8,2025-08-17 10:30:30+00:00,0.041,0.0235,0.057,0.0415
Finlay Beverages,237.0,6.0,802.8,2025-08-17 10:45:30+00:00,0.0405,0.0225,0.058,0.041
Finlay Beverages,237.0,6.0,802.8,2025-08-17 11:00:30+00:00,0.03925,0.021,0.058,0.04
Finlay Beverages,237.0,6.0,802.8,2025-08-17 11:15:30+00:00,0.0385,0.02,0.057,0.039
Finlay Beverages,237.0,6.0,802.8,2025-08-17 11:30:30+00:00,0.0375,0.01975,0.056,0.038
Finlay Beverages,237.0,6.0,802.8,2025-08-17 11:45:30+00:00,0.0375,0.02,0.0555,0.038
Finlay Beverages,237.0,6.0,802.8,2025-08-17 12:00:30+00:00,0.038,0.02025,0.0555,0.0385
Finlay Beverages,237.0,6.0,802.8,2025-08-17 12:15:30+00:00,0.03825,0.02025,0.05675,0.03875
Finlay Beverages,237.0,6.0,802.8,2025-08-17 12:30:30+00:00,0.039,0.0195,0.05825,0.0395
Finlay Beverages,237.0,6.0,802.8,2025-08-17 12:45:30+00:00,0.03925,0.019,0.0615,0.03975
Finlay Beverages,237.0,6.0,802.8,2025-08-17 13:00:30+00:00,0.0425,0.018,0.06625,0.043
Finlay Beverages,237.0,6.0,802.8,2025-08-17 13:15:30+00:00,0.0445,0.0185,0.0725,0.04525
Finlay Beverages,237.0,6.0,802.8,2025-08-17 13:30:30+00:00,0.049,0.01975,0.079,0.04975
Finlay Beverages,237.0,6.0,802.8,2025-08-17 13:45:30+00:00,0.054,0.02375,0.084,0.055
Finlay Beverages,237.0,6.0,802.8,2025-08-17 14:00:30+00:00,0.05825,0.02925,0.08775,0.05925
Finlay Beverages,237.0,6.0,802.8,2025-08-17 14:15:30+00:00,0.0625,0.03525,0.088,0.06375
Finlay Beverages,237.0,6.0,802.8,2025-08-17 14:30:30+00:00,0.06375,0.0395,0.088,0.065
Finlay Beverages,237.0,6.0,802.8,2025-08-17 14:45:30+00:00,0.06475,0.03875,0.08975,0.06625
Finlay Beverages,237.0,6.0,802.8,2025-08-17 15:00:30+00:00,0.064,0.03825,0.093,0.06525
Finlay Beverages,237.0,6.0,802.8,2025-08-17 15:15:30+00:00,0.067,0.0365,0.09975,0.06875
Finlay Beverages,237.0,6.0,802.8,2025-08-17 15:30:30+00:00,0.073,0.03675,0.10475,0.075
Finlay Beverages,237.0,6.0,802.8,2025-08-17 15:45:30+00:00,0.07175,0.03825,0.1095,0.07375
Finlay Beverages,237.0,6.0,802.8,2025-08-17 16:00:30+00:00,0.076,0.04175,0.10925,0.0785
Finlay Beverages,237.0,6.0,802.8,2025-08-17 16:15:30+00:00,0.07825,0.0495,0.10425,0.08075
Finlay Beverages,237.0,6.0,802.8,2025-08-17 16:30:30+00:00,0.0775,0.05525,0.095,0.07975
Finlay Beverages,237.0,6.0,802.8,2025-08-17 16:45:30+00:00,0.07225,0.05825,0.0845,0.074
Finlay Beverages,237.0,6.0,802.8,2025-08-17 17:00:30+00:00,0.06425,0.0555,0.07375,0.06525
Finlay Beverages,237.0,6.0,802.8,2025-08-17 17:15:30+00:00,0.057,0.04925,0.065,0.05725
Finlay Beverages,237.0,6.0,802.8,2025-08-17 17:30:30+00:00,0.0495,0.04175,0.05725,0.04925
Finlay Beverages,237.0,6.0,802.8,2025-08-17 17:45:30+00:00,0.04175,0.034,0.04825,0.04075
Finlay Beverages,237.0,6.0,802.8,2025-08-17 18:00:30+00:00,0.03375,0.0265,0.03925,0.03225
Finlay Beverages,237.0,6.0,802.8,2025-08-17 18:15:30+00:00,0.02575,0.01925,0.03025,0.024
Finlay Beverages,237.0,6.0,802.8,2025-08-17 18:30:30+00:00,0.01775,0.01275,0.0215,0.01625
Finlay Beverages,237.0,6.0,802.8,2025-08-17 18:45:30+00:00,0.0105,0.00725,0.01275,0.00925
Finlay Beverages,237.0,6.0,802.8,2025-08-17 19:00:30+00:00,0.004,0.00325,0.005,0.00375
Finlay Beverages,237.0,6.0,802.8,2025-08-17 19:15:30+00:00,0.00125,0.001,0.00175,0.0015
Finlay Beverages,237.0,6.0,802.8,2025-08-17 19:30:30+00:00,0.0,0.0,0.0,0.0
Finlay Beverages,237.0,6.0,802.8,2025-08-17 19:45:30+00:00,0.0,0.0,0.0,0.0
Finlay Beverages,237.0,6.0,802.8,2025-08-17 20:00:30+00:00,0.0,0.0,0.0,0.0
Finlay Beverages,237.0,6.0,802.8,2025-08-17 20:15:30+00:00,0.0,0.0,0.0,0.0
Finlay Beverages,237.0,6.0,802.8,2025-08-17 20:30:30+00:00,0.0,0.0,0.0,0.0
Finlay Beverages,237.0,6.0,802.8,2025-08-17 20:45:30+00:00,0.0,0.0,0.0,0.0
Finlay Beverages,237.0,6.0,802.8,2025-08-17 21:00:30+00:00,0.0,0.0,0.0,0.0
Finlay Beverages,237.0,6.0,802.8,2025-08-17 21:15:30+00:00,0.0,0.0,0.0,0.0
Finlay Beverages,237.0,6.0,802.8,2025-08-17 21:30:30+00:00,0.0,0.0,0.0,0.0
Finlay Beverages,237.0,6.0,802.8,2025-08-17 21:45:30+00:00,0.0,0.0,0.0,0.0
Finlay Beverages,237.0,6.0,802.8,2025-08-17 22:00:30+00:00,0.0,0.0,0.0,0.0
Finlay Beverages,237.0,6.0,802.8,2025-08-17 22:15:30+00:00,0.0,0.0,0.0,0.0
Finlay Beverages,237.0,6.0,802.8,2025-08-17 22:30:30+00:00,0.0,0.0,0.0,0.0
Finlay Beverages,237.0,6.0,802.8,2025-08-17 22:45:30+00:00,0.0,0.0,0.0,0.0
Finlay Beverages,237.0,6.0,802.8,2025-08-17 23:00:30+00:00,0.0,0.0,0.0,0.0
Finlay Beverages,237.0,6.0,802.8,2025-08-17 23:15:30+00:00,0.0,0.0,0.0,0.0
Finlay Beverages,237.0,6.0,802.8,2025-08-17 23:30:30+00:00,0.0,0.0,0.0,0.0
Finlay Beverages,237.0,6.0,802.8,2025-08-17 23:45:30+00:00,0.0,0.0,0.0,0.0
Finlay Beverages,237.0,6.0,802.8,2025-08-18 00:00:30+00:00,0.0,0.0,0.0,0.0
Finlay Beverages,237.0,6.0,802.8,2025-08-18 00:15:30+00:00,0.0,0.0,0.0,0.0
Finlay Beverages,237.0,6.0,802.8,2025-08-18 00:30:30+00:00,0.0,0.0,0.0,0.0
Finlay Beverages,237.0,6.0,802.8,2025-08-18 00:45:30+00:00,0.0,0.0,0.0,0.0
Finlay Beverages,237.0,6.0,802.8,2025-08-18 01:00:30+00:00,0.0,0.0,0.0,0.0
Finlay Beverages,237.0,6.0,802.8,2025-08-18 01:15:30+00:00,0.0,0.0,0.0,0.0
Finlay Beverages,237.0,6.0,802.8,2025-08-18 01:30:30+00:00,0.0,0.0,0.0,0.0
Finlay Beverages,237.0,6.0,802.8,2025-08-18 01:45:30+00:00,0.0,0.0,0.0,0.0
Finlay Beverages,237.0,6.0,802.8,2025-08-18 02:00:30+00:00,0.0,0.0,0.0,0.0
Finlay Beverages,237.0,6.0,802.8,2025-08-18 02:15:30+00:00,0.0,0.0,0.0,0.0
Finlay Beverages,237.0,6.0,802.8,2025-08-18 02:30:30+00:00,0.0,0.0,0.0,0.0
Finlay Beverages,237.0,6.0,802.8,2025-08-18 02:45:30+00:00,0.0,0.0,0.0,0.0
Finlay Beverages,237.0,6.0,802.8,2025-08-18 03:00:30+00:00,0.0,0.0,0.0,0.0
Finlay Beverages,237.0,6.0,802.8,2025-08-18 03:15:30+00:00,0.0,0.0,0.0,0.0
Finlay Beverages,237.0,6.0,802.8,2025-08-18 03:30:30+00:00,0.0,0.0,0.0,0.0
Finlay Beverages,237.0,6.0,802.8,2025-08-18 03:45:30+00:00,0.0,0.0,0.0,0.0
Finlay Beverages,237.0,6.0,802.8,2025-08-18 04:00:30+00:00,0.0,0.0,0.0,0.0
Finlay Beverages,237.0,6.0,802.8,2025-08-18 04:15:30+00:00,0.0,0.0,0.0,0.0
Finlay Beverages,237.0,6.0,802.8,2025-08-18 04:30:30+00:00,0.0,0.0,0.0,0.0
Finlay Beverages,237.0,6.0,802.8,2025-08-18 04:45:30+00:00,0.00025,0.0,0.001,0.00025
Finlay Beverages,237.0,6.0,802.8,2025-08-18 05:00:30+00:00,0.001,0.00025,0.00275,0.001
Finlay Beverages,237.0,6.0,802.8,2025-08-18 05:15:30+00:00,0.00275,0.00075,0.0055,0.00275
Finlay Beverages,237.0,6.0,802.8,2025-08-18 05:30:30+00:00,0.005,0.00125,0.00925,0.00525
Finlay Beverages,237.0,6.0,802.8,2025-08-18 05:45:30+00:00,0.008,0.0025,0.0135,0.008
Finlay Beverages,237.0,6.0,802.8,2025-08-18 06:00:30+00:00,0.011,0.00425,0.01775,0.011
Finlay Beverages,237.0,6.0,802.8,2025-08-18 06:15:30+00:00,0.014,0.0065,0.0215,0.014
Finlay Beverages,237.0,6.0,802.8,2025-08-18 06:30:30+00:00,0.017,0.00875,0.025,0.01725
Finlay Beverages,237.0,6.0,802.8,2025-08-18 06:45:30+00:00,0.0195,0.01125,0.028,0.01975
Finlay Beverages,237.0,6.0,802.8,2025-08-18 07:00:30+00:00,0.022,0.014,0.03025,0.02225
Finlay Beverages,237.0,6.0,802.8,2025-08-18 07:15:30+00:00,0.025,0.01725,0.033,0.02525
Finlay Beverages,237.0,6.0,802.8,2025-08-18 07:30:30+00:00,0.0285,0.0205,0.0365,0.02875
Finlay Beverages,237.0,6.0,802.8,2025-08-18 07:45:30+00:00,0.032,0.02375,0.04075,0.03225
Finlay Beverages,237.0,6.0,802.8,2025-08-18 08:00:30+00:00,0.036,0.026,0.04425,0.0365
Finlay Beverages,237.0,6.0,802.8,2025-08-18 08:15:30+00:00,0.03725,0.02775,0.0495,0.0375
Finlay Beverages,237.0,6.0,802.8,2025-08-18 08:30:30+00:00,0.04275,0.027,0.0555,0.04325
Finlay Beverages,237.0,6.0,802.8,2025-08-18 08:45:30+00:00,0.04375,0.02175,0.063,0.04425
Finlay Beverages,237.0,6.0,802.8,2025-08-18 09:00:30+00:00,0.0405,0.014,0.0665,0.041
Finlay Beverages,237.0,6.0,802.8,2025-08-18 09:15:30+00:00,0.03625,0.0115,0.0635,0.0365
Finlay Beverages,237.0,6.0,802.8,2025-08-18 09:30:30+00:00,0.02725,0.012,0.0565,0.02775
Finlay Beverages,237.0,6.0,802.8,2025-08-18 09:45:30+00:00,0.02725,0.0125,0.0495,0.02775
Finlay Beverages,237.0,6.0,802.8,2025-08-18 10:00:30+00:00,0.03,0.013,0.0465,0.03025
Finlay Beverages,237.0,6.0,802.8,2025-08-18 10:15:30+00:00,0.02925,0.0135,0.047,0.0295
Finlay Beverages,237.0,6.0,802.8,2025-08-18 10:30:30+00:00,0.03075,0.01375,0.05,0.031
Finlay Beverages,237.0,6.0,802.8,2025-08-18 10:45:30+00:00,0.03175,0.014,0.05525,0.032
Finlay Beverages,237.0,6.0,802.8,2025-08-18 11:00:30+00:00,0.03825,0.0155,0.0605,0.039
Finlay Beverages,237.0,6.0,802.8,2025-08-18 11:15:30+00:00,0.04375,0.02,0.0625,0.04425
Finlay Beverages,237.0,6.0,802.8,2025-08-18 11:30:30+00:00,0.04125,0.02125,0.06225,0.04175
Finlay Beverages,237.0,6.0,802.8,2025-08-18 11:45:30+00:00,0.04,0.01975,0.06,0.0405
Finlay Beverages,237.0,6.0,802.8,2025-08-18 12:00:30+00:00,0.03825,0.018,0.0595,0.03875
Finlay Beverages,237.0,6.0,802.8,2025-08-18 12:15:30+00:00,0.03775,0.01575,0.057,0.03825
Finlay Beverages,237.0,6.0,802.8,2025-08-18 12:30:30+00:00,0.03275,0.01475,0.054,0.03325
Finlay Beverages,237.0,6.0,802.8,2025-08-18 12:45:30+00:00,0.0315,0.0145,0.0515,0.032
Finlay Beverages,237.0,6.0,802.8,2025-08-18 13:00:30+00:00,0.0325,0.01425,0.0505,0.03275
Finlay Beverages,237.0,6.0,802.8,2025-08-18 13:15:30+00:00,0.03125,0.01425,0.05125,0.03175
Finlay Beverages,237.0,6.0,802.8,2025-08-18 13:30:30+00:00,0.03425,0.01375,0.051,0.0345
Finlay Beverages,237.0,6.0,802.8,2025-08-18 13:45:30+00:00,0.031,0.0135,0.04925,0.03125
Finlay Beverages,237.0,6.0,802.8,2025-08-18 14:00:30+00:00,0.02625,0.013,0.04625,0.0265
Finlay Beverages,237.0,6.0,802.8,2025-08-18 14:15:30+00:00,0.0245,0.01275,0.0465,0.02475
Finlay Beverages,237.0,6.0,802.8,2025-08-18 14:30:30+00:00,0.02725,0.01225,0.051,0.0275
Finlay Beverages,237.0,6.0,802.8,2025-08-18 14:45:30+00:00,0.0305,0.0115,0.057,0.031
Finlay Beverages,237.0,6.0,802.8,2025-08-18 15:00:30+00:00,0.03525,0.011,0.06075,0.03575
Finlay Beverages,237.0,6.0,802.8,2025-08-18 15:15:30+00:00,0.0385,0.015,0.06075,0.039
Finlay Beverages,237.0,6.0,802.8,2025-08-18 15:30:30+00:00,0.0395,0.01875,0.0595,0.04
Finlay Beverages,237.0,6.0,802.8,2025-08-18 15:45:30+00:00,0.039,0.02025,0.05775,0.0395
Finlay Beverages,237.0,6.0,802.8,2025-08-18 16:00:30+00:00,0.03825,0.021,0.0575,0.03875
Finlay Beverages,237.0,6.0,802.8,2025-08-18 16:15:30+00:00,0.04025,0.023,0.05575,0.041
Finlay Beverages,237.0,6.0,802.8,2025-08-18 16:30:30+00:00,0.03925,0.0255,0.05275,0.03975
Finlay Beverages,237.0,6.0,802.8,2025-08-18 16:45:30+00:00,0.0375,0.0245,0.048,0.038
Finlay Beverages,237.0,6.0,802.8,2025-08-18 17:00:30+00:00,0.0315,0.02,0.0425,0.03175
Finlay Beverages,237.0,6.0,802.8,2025-08-18 17:15:30+00:00,0.0245,0.0135,0.03675,0.02475
Finlay Beverages,237.0,6.0,802.8,2025-08-18 17:30:30+00:00,0.01925,0.0085,0.03025,0.01925
Finlay Beverages,237.0,6.0,802.8,2025-08-18 17:45:30+00:00,0.01425,0.0055,0.024,0.0145
Finlay Beverages,237.0,6.0,802.8,2025-08-18 18:00:30+00:00,0.0105,0.00375,0.01875,0.01075
Finlay Beverages,237.0,6.0,802.8,2025-08-18 18:15:30+00:00,0.0085,0.00225,0.0145,0.0085
Finlay Beverages,237.0,6.0,802.8,2025-08-18 18:30:30+00:00,0.006,0.00125,0.0105,0.006
Finlay Beverages,237.0,6.0,802.8,2025-08-18 18:45:30+00:00,0.0035,0.00075,0.0065,0.0035
Finlay Beverages,237.0,6.0,802.8,2025-08-18 19:00:30+00:00,0.00125,0.00025,0.003,0.00125
Finlay Beverages,237.0,6.0,802.8,2025-08-18 19:15:30+00:00,0.00025,0.0,0.0005,0.00025
Finlay Beverages,237.0,6.0,802.8,2025-08-18 19:30:30+00:00,0.0,0.0,0.0,0.0
Finlay Beverages,237.0,6.0,802.8,2025-08-18 19:45:30+00:00,0.0,0.0,0.0,0.0
Finlay Beverages,237.0,6.0,802.8,2025-08-18 20:00:30+00:00,0.0,0.0,0.0,0.0
Finlay Beverages,237.0,6.0,802.8,2025-08-18 20:15:30+00:00,0.0,0.0,0.0,0.0
Finlay Beverages,237.0,6.0,802.8,2025-08-18 20:30:30+00:00,0.0,0.0,0.0,0.0
Finlay Beverages,237.0,6.0,802.8,2025-08-18 20:45:30+00:00,0.0,0.0,0.0,0.0
Finlay Beverages,237.0,6.0,802.8,2025-08-18 21:00:30+00:00,0.0,0.0,0.0,0.0
Finlay Beverages,237.0,6.0,802.8,2025-08-18 21:15:30+00:00,0.0,0.0,0.0,0.0
Finlay Beverages,237.0,6.0,802.8,2025-08-18 21:30:30+00:00,0.0,0.0,0.0,0.0
Finlay Beverages,237.0,6.0,802.8,2025-08-18 21:45:30+00:00,0.0,0.0,0.0,0.0
Finlay Beverages,237.0,6.0,802.8,2025-08-18 22:00:30+00:00,0.0,0.0,0.0,0.0
Finlay Beverages,237.0,6.0,802.8,2025-08-18 22:15:30+00:00,0.0,0.0,0.0,0.0
Finlay Beverages,237.0,6.0,802.8,2025-08-18 22:30:30+00:00,0.0,0.0,0.0,0.0
Finlay Beverages,237.0,6.0,802.8,2025-08-18 22:45:30+00:00,0.0,0.0,0.0,0.0
Finlay Beverages,237.0,6.0,802.8,2025-08-18 23:00:30+00:00,0.0,0.0,0.0,0.0
Finlay Beverages,237.0,6.0,802.8,2025-08-18 23:15:30+00:00,0.0,0.0,0.0,0.0
Finlay Beverages,237.0,6.0,802.8,2025-08-18 23:30:30+00:00,0.0,0.0,0.0,0.0
Finlay Beverages,237.0,6.0,802.8,2025-08-18 23:45:30+00:00,0.0,0.0,0.0,0.0
Finlay Beverages,237.0,6.0,802.8,2025-08-19 00:00:30+00:00,0.0,0.0,0.0,0.0
Finlay Beverages,237.0,6.0,802.8,2025-08-19 00:15:30+00:00,0.0,0.0,0.0,0.0
Finlay Beverages,237.0,6.0,802.8,2025-08-19 00:30:30+00:00,0.0,0.0,0.0,0.0
Finlay Beverages,237.0,6.0,802.8,2025-08-19 00:45:30+00:00,0.0,0.0,0.0,0.0
Finlay Beverages,237.0,6.0,802.8,2025-08-19 01:00:30+00:00,0.0,0.0,0.0,0.0
Finlay Beverages,237.0,6.0,802.8,2025-08-19 01:15:30+00:00,0.0,0.0,0.0,0.0
Finlay Beverages,237.0,6.0,802.8,2025-08-19 01:30:30+00:00,0.0,0.0,0.0,0.0
Finlay Beverages,237.0,6.0,802.8,2025-08-19 01:45:30+00:00,0.0,0.0,0.0,0.0
Finlay Beverages,237.0,6.0,802.8,2025-08-19 02:00:30+00:00,0.0,0.0,0.0,0.0
Finlay Beverages,237.0,6.0,802.8,2025-08-19 02:15:30+00:00,0.0,0.0,0.0,0.0
Finlay Beverages,237.0,6.0,802.8,2025-08-19 02:30:30+00:00,0.0,0.0,0.0,0.0
Finlay Beverages,237.0,6.0,802.8,2025-08-19 02:45:30+00:00,0.0,0.0,0.0,0.0
Finlay Beverages,237.0,6.0,802.8,2025-08-19 03:00:30+00:00,0.0,0.0,0.0,0.0
Finlay Beverages,237.0,6.0,802.8,2025-08-19 03:15:30+00:00,0.0,0.0,0.0,0.0
Finlay Beverages,237.0,6.0,802.8,2025-08-19 03:30:30+00:00,0.0,0.0,0.0,0.0
Finlay Beverages,237.0,6.0,802.8,2025-08-19 03:45:30+00:00,0.0,0.0,0.0,0.0
Finlay Beverages,237.0,6.0,802.8,2025-08-19 04:00:30+00:00,0.0,0.0,0.0,0.0
Finlay Beverages,237.0,6.0,802.8,2025-08-19 04:15:30+00:00,0.0,0.0,0.0,0.0
Finlay Beverages,237.0,6.0,802.8,2025-08-19 04:30:30+00:00,0.0,0.0,0.0,0.0
Finlay Beverages,237.0,6.0,802.8,2025-08-19 04:45:30+00:00,0.0,0.0,0.00025,0.0
Finlay Beverages,237.0,6.0,802.8,2025-08-19 05:00:30+00:00,0.00025,0.00025,0.00075,0.00025
Finlay Beverages,237.0,6.0,802.8,2025-08-19 05:15:30+00:00,0.00075,0.0005,0.0025,0.00075
Finlay Beverages,237.0,6.0,802.8,2025-08-19 05:30:30+00:00,0.00125,0.00125,0.005,0.00125
Finlay Beverages,237.0,6.0,802.8,2025-08-19 05:45:30+00:00,0.00175,0.00175,0.00725,0.00175
Finlay Beverages,237.0,6.0,802.8,2025-08-19 06:00:30+00:00,0.003,0.0025,0.01125,0.00325
Finlay Beverages,237.0,6.0,802.8,2025-08-19 06:15:30+00:00,0.00375,0.00325,0.01475,0.00375
Finlay Beverages,237.0,6.0,802.8,2025-08-19 06:30:30+00:00,0.007,0.00375,0.028,0.007
Finlay Beverages,237.0,6.0,802.8,2025-08-19 06:45:30+00:00,0.0165,0.0045,0.0415,0.01675
Finlay Beverages,237.0,6.0,802.8,2025-08-19 07:00:30+00:00,0.0275,0.0055,0.05275,0.02775
Finlay Beverages,237.0,6.0,802.8,2025-08-19 07:15:30+00:00,0.03875,0.01575,0.0555,0.03925
Finlay Beverages,237.0,6.0,802.8,2025-08-19 07:30:30+00:00,0.04,0.02575,0.0555,0.0405
Finlay Beverages,237.0,6.0,802.8,2025-08-19 07:45:30+00:00,0.043,0.02975,0.05575,0.0435
Finlay Beverages,237.0,6.0,802.8,2025-08-19 08:00:30+00:00,0.045,0.03025,0.06025,0.04575
Finlay Beverages,237.0,6.0,802.8,2025-08-19 08:15:30+00:00,0.04725,0.0275,0.06425,0.048
Finlay Beverages,237.0,6.0,802.8,2025-08-19 08:30:30+00:00,0.04525,0.0225,0.06775,0.04575
Finlay Beverages,237.0,6.0,802.8,2025-08-19 08:45:30+00:00,0.0425,0.01675,0.0685,0.04325
Finlay Beverages,237.0,6.0,802.8,2025-08-19 09:00:30+00:00,0.03975,0.01175,0.06775,0.04025
Finlay Beverages,237.0,6.0,802.8,2025-08-19 09:15:30+00:00,0.0365,0.0115,0.064,0.037
Finlay Beverages,237.0,6.0,802.8,2025-08-19 09:30:30+00:00,0.03225,0.012,0.05875,0.0325
Finlay Beverages,237.0,6.0,802.8,2025-08-19 09:45:30+00:00,0.028,0.0125,0.0535,0.02825
Finlay Beverages,237.0,6.0,802.8,2025-08-19 10:00:30+00:00,0.02725,0.013,0.04875,0.0275
Finlay Beverages,237.0,6.0,802.8,2025-08-19 10:15:30+00:00,0.02625,0.0135,0.04525,0.0265
Finlay Beverages,237.0,6.0,802.8,2025-08-19 10:30:30+00:00,0.02425,0.01375,0.044,0.0245
Finlay Beverages,237.0,6.0,802.8,2025-08-19 10:45:30+00:00,0.02775,0.014,0.04375,0.028
Finlay Beverages,237.0,6.0,802.8,2025-08-19 11:00:30+00:00,0.026,0.01425,0.0445,0.0265
Finlay Beverages,237.0,6.0,802.8,2025-08-19 11:15:30+00:00,0.02625,0.0145,0.046,0.0265
Finlay Beverages,237.0,6.0,802.8,2025-08-19 11:30:30+00:00,0.026,0.01475,0.04975,0.02625
Finlay Beverages,237.0,6.0,802.8,2025-08-19 11:45:30+00:00,0.02975,0.01475,0.057,0.03
Finlay Beverages,237.0,6.0,802.8,2025-08-19 12:00:30+00:00,0.038,0.01475,0.06275,0.0385
Finlay Beverages,237.0,6.0,802.8,2025-08-19 12:15:30+00:00,0.0405,0.01475,0.06875,0.041
Finlay Beverages,237.0,6.0,802.8,2025-08-19 12:30:30+00:00,0.043,0.0145,0.0725,0.0435
Finlay Beverages,237.0,6.0,802.8,2025-08-19 12:45:30+00:00,0.0455,0.01875,0.07825,0.04625
Finlay Beverages,237.0,6.0,802.8,2025-08-19 13:00:30+00:00,0.0565,0.026,0.08225,0.0575
Finlay Beverages,237.0,6.0,802.8,2025-08-19 13:15:30+00:00,0.06025,0.0295,0.0855,0.0615
Finlay Beverages,237.0,6.0,802.8,2025-08-19 13:30:30+00:00,0.05575,0.0245,0.08375,0.05675
Finlay Beverages,237.0,6.0,802.8,2025-08-19 13:45:30+00:00,0.04575,0.014,0.0765,0.0465
Finlay Beverages,237.0,6.0,802.8,2025-08-19 14:00:30+00:00,0.03375,0.013,0.065,0.03425
Finlay Beverages,237.0,6.0,802.8,2025-08-19 14:15:30+00:00,0.03075,0.0125,0.0605,0.031
Finlay Beverages,237.0,6.0,802.8,2025-08-19 14:30:30+00:00,0.03875,0.012,0.0615,0.03925
Finlay Beverages,237.0,6.0,802.8,2025-08-19 14:45:30+00:00,0.03975,0.0165,0.06525,0.0405
Finlay Beverages,237.0,6.0,802.8,2025-08-19 15:00:30+00:00,0.0435,0.02,0.0645,0.04425
Finlay Beverages,237.0,6.0,802.8,2025-08-19 15:15:30+00:00,0.043,0.0255,0.06125,0.04375
Finlay Beverages,237.0,6.0,802.8,2025-08-19 15:30:30+00:00,0.04325,0.0275,0.05875,0.044
Finlay Beverages,237.0,6.0,802.8,2025-08-19 15:45:30+00:00,0.04275,0.02725,0.055,0.04325
Finlay Beverages,237.0,6.0,802.8,2025-08-19 16:00:30+00:00,0.0375,0.0225,0.0505,0.03775
Finlay Beverages,237.0,6.0,802.8,2025-08-19 16:15:30+00:00,0.02925,0.01725,0.04425,0.0295
Finlay Beverages,237.0,6.0,802.8,2025-08-19 16:30:30+00:00,0.02525,0.01375,0.037,0.0255
Finlay Beverages,237.0,6.0,802.8,2025-08-19 16:45:30+00:00,0.02175,0.01175,0.032,0.022
Finlay Beverages,237.0,6.0,802.8,2025-08-19 17:00:30+00:00,0.01875,0.00925,0.02925,0.019
Finlay Beverages,237.0,6.0,802.8,2025-08-19 17:15:30+00:00,0.017,0.00625,0.0285,0.017
Finlay Beverages,237.0,6.0,802.8,2025-08-19 17:30:30+00:00,0.0165,0.0045,0.02825,0.01675
Finlay Beverages,237.0,6.0,802.8,2025-08-19 17:45:30+00:00,0.0155,0.00325,0.02725,0.01575
Finlay Beverages,237.0,6.0,802.8,2025-08-19 18:00:30+00:00,0.01375,0.00275,0.02475,0.01375
Finlay Beverages,237.0,6.0,802.8,2025-08-19 18:15:30+00:00,0.01175,0.00275,0.02075,0.01175
Finlay Beverages,237.0,6.0,802.8,2025-08-19 18:30:30+00:00,0.00975,0.003,0.0155,0.0095
Finlay Beverages,237.0,6.0,802.8,2025-08-19 18:45:30+00:00,0.00575,0.00225,0.009,0.00575
Finlay Beverages,237.0,6.0,802.8,2025-08-19 19:00:30+00:00,0.00175,0.00125,0.003,0.00175
Finlay Beverages,237.0,6.0,802.8,2025-08-19 19:15:30+00:00,0.00025,0.00025,0.0005,0.00025
Finlay Beverages,237.0,6.0,802.8,2025-08-19 19:30:30+00:00,0.0,0.0,0.0,0.0
Finlay Beverages,237.0,6.0,802.8,2025-08-19 19:45:30+00:00,0.0,0.0,0.0,0.0
Finlay Beverages,237.0,6.0,802.8,2025-08-19 20:00:30+00:00,0.0,0.0,0.0,0.0
Finlay Beverages,237.0,6.0,802.8,2025-08-19 20:15:30+00:00,0.0,0.0,0.0,0.0
Finlay Beverages,237.0,6.0,802.8,2025-08-19 20:30:30+00:00,0.0,0.0,0.0,0.0
Finlay Beverages,237.0,6.0,802.8,2025-08-19 20:45:30+00:00,0.0,0.0,0.0,0.0
Finlay Beverages,237.0,6.0,802.8,2025-08-19 21:00:30+00:00,0.0,0.0,0.0,0.0
Finlay Beverages,237.0,6.0,802.8,2025-08-19 21:15:30+00:00,0.0,0.0,0.0,0.0
Finlay Beverages,237.0,6.0,802.8,2025-08-19 21:30:30+00:00,0.0,0.0,0.0,0.0
Finlay Beverages,237.0,6.0,802.8,2025-08-19 21:45:30+00:00,0.0,0.0,0.0,0.0
Finlay Beverages,237.0,6.0,802.8,2025-08-19 22:00:30+00:00,0.0,0.0,0.0,0.0
Finlay Beverages,237.0,6.0,802.8,2025-08-19 22:15:30+00:00,0.0,0.0,0.0,0.0
Finlay Beverages,237.0,6.0,802.8,2025-08-19 22:30:30+00:00,0.0,0.0,0.0,0.0
Finlay Beverages,237.0,6.0,802.8,2025-08-19 22:45:30+00:00,0.0,0.0,0.0,0.0
Finlay Beverages,237.0,6.0,802.8,2025-08-19 23:00:30+00:00,0.0,0.0,0.0,0.0
Finlay Beverages,237.0,6.0,802.8,2025-08-19 23:15:30+00:00,0.0,0.0,0.0,0.0
Finlay Beverages,237.0,6.0,802.8,2025-08-19 23:30:30+00:00,0.0,0.0,0.0,0.0
Finlay Beverages,237.0,6.0,802.8,2025-08-19 23:45:30+00:00,0.0,0.0,0.0,0.0
Finlay Beverages,237.0,6.0,802.8,2025-08-20 00:00:30+00:00,0.0,0.0,0.0,0.0
Finlay Beverages,237.0,6.0,802.8,2025-08-20 00:15:30+00:00,0.0,0.0,0.0,0.0
Finlay Beverages,237.0,6.0,802.8,2025-08-20 00:30:30+00:00,0.0,0.0,0.0,0.0
Finlay Beverages,237.0,6.0,802.8,2025-08-20 00:45:30+00:00,0.0,0.0,0.0,0.0
Finlay Beverages,237.0,6.0,802.8,2025-08-20 01:00:30+00:00,0.0,0.0,0.0,0.0
Finlay Beverages,237.0,6.0,802.8,2025-08-20 01:15:30+00:00,0.0,0.0,0.0,0.0
Finlay Beverages,237.0,6.0,802.8,2025-08-20 01:30:30+00:00,0.0,0.0,0.0,0.0
Finlay Beverages,237.0,6.0,802.8,2025-08-20 01:45:30+00:00,0.0,0.0,0.0,0.0
Finlay Beverages,237.0,6.0,802.8,2025-08-20 02:00:30+00:00,0.0,0.0,0.0,0.0
Finlay Beverages,237.0,6.0,802.8,2025-08-20 02:15:30+00:00,0.0,0.0,0.0,0.0
Finlay Beverages,237.0,6.0,802.8,2025-08-20 02:30:30+00:00,0.0,0.0,0.0,0.0
Finlay Beverages,237.0,6.0,802.8,2025-08-20 02:45:30+00:00,0.0,0.0,0.0,0.0
Finlay Beverages,237.0,6.0,802.8,2025-08-20 03:00:30+00:00,0.0,0.0,0.0,0.0
Finlay Beverages,237.0,6.0,802.8,2025-08-20 03:15:30+00:00,0.0,0.0,0.0,0.0
Finlay Beverages,237.0,6.0,802.8,2025-08-20 03:30:30+00:00,0.0,0.0,0.0,0.0
Finlay Beverages,237.0,6.0,802.8,2025-08-20 03:45:30+00:00,0.0,0.0,0.0,0.0
Finlay Beverages,237.0,6.0,802.8,2025-08-20 04:00:30+00:00,0.0,0.0,0.0,0.0
Finlay Beverages,237.0,6.0,802.8,2025-08-20 04:15:30+00:00,0.0,0.0,0.0,0.0
Finlay Beverages,237.0,6.0,802.8,2025-08-20 04:30:30+00:00,0.0,0.0,0.0,0.0
Finlay Beverages,237.0,6.0,802.8,2025-08-20 04:45:30+00:00,0.0,0.0,0.0,0.0
Finlay Beverages,237.0,6.0,802.8,2025-08-20 05:00:30+00:00,0.0005,0.00025,0.00175,0.0005
Finlay Beverages,237.0,6.0,802.8,2025-08-20 05:15:30+00:00,0.0015,0.0005,0.004,0.0015
Finlay Beverages,237.0,6.0,802.8,2025-08-20 05:30:30+00:00,0.00275,0.00125,0.0075,0.00275
Finlay Beverages,237.0,6.0,802.8,2025-08-20 05:45:30+00:00,0.005,0.00175,0.01175,0.005
Finlay Beverages,237.0,6.0,802.8,2025-08-20 06:00:30+00:00,0.00775,0.0025,0.01675,0.00775
Finlay Beverages,237.0,6.0,802.8,2025-08-20 06:15:30+00:00,0.01225,0.00325,0.02175,0.01225
Finlay Beverages,237.0,6.0,802.8,2025-08-20 06:30:30+00:00,0.01675,0.00575,0.02575,0.017
Finlay Beverages,237.0,6.0,802.8,2025-08-20 06:45:30+00:00,0.018,0.0075,0.0285,0.018
Finlay Beverages,237.0,6.0,802.8,2025-08-20 07:00:30+00:00,0.019,0.008,0.0305,0.01925
Finlay Beverages,237.0,6.0,802.8,2025-08-20 07:15:30+00:00,0.0205,0.00825,0.035,0.0205
Finlay Beverages,237.0,6.0,802.8,2025-08-20 07:30:30+00:00,0.025,0.0095,0.0435,0.02525
Finlay Beverages,237.0,6.0,802.8,2025-08-20 07:45:30+00:00,0.03425,0.014,0.05425,0.0345
Finlay Beverages,237.0,6.0,802.8,2025-08-20 08:00:30+00:00,0.043,0.02325,0.0625,0.04375
Finlay Beverages,237.0,6.0,802.8,2025-08-20 08:15:30+00:00,0.051,0.0335,0.0655,0.052
Finlay Beverages,237.0,6.0,802.8,2025-08-20 08:30:30+00:00,0.05425,0.04,0.06825,0.05525
Finlay Beverages,237.0,6.0,802.8,2025-08-20 08:45:30+00:00,0.057,0.04025,0.07325,0.05825
Finlay Beverages,237.0,6.0,802.8,2025-08-20 09:00:30+00:00,0.059,0.0365,0.0775,0.06025
Finlay Beverages,237.0,6.0,802.8,2025-08-20 09:15:30+00:00,0.0545,0.031,0.07775,0.0555
Finlay Beverages,237.0,6.0,802.8,2025-08-20 09:30:30+00:00,0.049,0.02875,0.075,0.04975
Finlay Beverages,237.0,6.0,802.8,2025-08-20 09:45:30+00:00,0.05175,0.03,0.072,0.0525
Finlay Beverages,237.0,6.0,802.8,2025-08-20 10:00:30+00:00,0.05225,0.032,0.07,0.05325
Finlay Beverages,237.0,6.0,802.8,2025-08-20 10:15:30+00:00,0.049,0.0325,0.068,0.04975
Finlay Beverages,237.0,6.0,802.8,2025-08-20 10:30:30+00:00,0.049,0.03275,0.0675,0.04975
Finlay Beverages,237.0,6.0,802.8,2025-08-20 10:45:30+00:00,0.052,0.03225,0.07,0.053
Finlay Beverages,237.0,6.0,802.8,2025-08-20 11:00:30+00:00,0.05175,0.03275,0.0735,0.0525
Finlay Beverages,237.0,6.0,802.8,2025-08-20 11:15:30+00:00,0.05525,0.035,0.07975,0.05625
Finlay Beverages,237.0,6.0,802.8,2025-08-20 11:30:30+00:00,0.065,0.03975,0.0835,0.06625
Finlay Beverages,237.0,6.0,802.8,2025-08-20 11:45:30+00:00,0.0645,0.04,0.08325,0.066
Finlay Beverages,237.0,6.0,802.8,2025-08-20 12:00:30+00:00,0.055,0.0365,0.07975,0.056
Finlay Beverages,237.0,6.0,802.8,2025-08-20 12:15:30+00:00,0.05425,0.028,0.0815,0.05525
Finlay Beverages,237.0,6.0,802.8,2025-08-20 12:30:30+00:00,0.0545,0.02475,0.09075,0.0555
Finlay Beverages,237.0,6.0,802.8,2025-08-20 12:45:30+00:00,0.0635,0.0275,0.10525,0.06475
Finlay Beverages,237.0,6.0,802.8,2025-08-20 13:00:30+00:00,0.08,0.0395,0.1115,0.0825
Finlay Beverages,237.0,6.0,802.8,2025-08-20 13:15:30+00:00,0.083,0.048,0.11125,0.0855
Finlay Beverages,237.0,6.0,802.8,2025-08-20 13:30:30+00:00,0.076,0.04775,0.1095,0.07825
Finlay Beverages,237.0,6.0,802.8,2025-08-20 13:45:30+00:00,0.07625,0.038,0.1025,0.0785
Finlay Beverages,237.0,6.0,802.8,2025-08-20 14:00:30+00:00,0.0585,0.02675,0.095,0.05975
Finlay Beverages,237.0,6.0,802.8,2025-08-20 14:15:30+00:00,0.04675,0.02425,0.0805,0.0475
Finlay Beverages,237.0,6.0,802.8,2025-08-20 14:30:30+00:00,0.051,0.0275,0.073,0.052
Finlay Beverages,237.0,6.0,802.8,2025-08-20 14:45:30+00:00,0.05275,0.03475,0.06675,0.05375
Finlay Beverages,237.0,6.0,802.8,2025-08-20 15:00:30+00:00,0.04825,0.035,0.06275,0.049
Finlay Beverages,237.0,6.0,802.8,2025-08-20 15:15:30+00:00,0.0455,0.03425,0.05725,0.04625
Finlay Beverages,237.0,6.0,802.8,2025-08-20 15:30:30+00:00,0.04325,0.032,0.05325,0.044
Finlay Beverages,237.0,6.0,802.8,2025-08-20 15:45:30+00:00,0.039,0.02925,0.0495,0.0395
Finlay Beverages,237.0,6.0,802.8,2025-08-20 16:00:30+00:00,0.0355,0.0265,0.046,0.036
Finlay Beverages,237.0,6.0,802.8,2025-08-20 16:15:30+00:00,0.03425,0.02475,0.04375,0.0345
Finlay Beverages,237.0,6.0,802.8,2025-08-20 16:30:30+00:00,0.03275,0.023,0.0405,0.033
Finlay Beverages,237.0,6.0,802.8,2025-08-20 16:45:30+00:00,0.0285,0.02075,0.03725,0.029
Finlay Beverages,237.0,6.0,802.8,2025-08-20 17:00:30+00:00,0.0255,0.017,0.0335,0.02575
Finlay Beverages,237.0,6.0,802.8,2025-08-20 17:15:30+00:00,0.02175,0.0135,0.03025,0.022
Finlay Beverages,237.0,6.0,802.8,2025-08-20 17:30:30+00:00,0.01825,0.01025,0.02675,0.0185
Finlay Beverages,237.0,6.0,802.8,2025-08-20 17:45:30+00:00,0.015,0.00725,0.023,0.01525
Finlay Beverages,237.0,6.0,802.8,2025-08-20 18:00:30+00:00,0.01175,0.005,0.019,0.012
Finlay Beverages,237.0,6.0,802.8,2025-08-20 18:15:30+00:00,0.009,0.003,0.015,0.009
Finlay Beverages,237.0,6.0,802.8,2025-08-20 18:30:30+00:00,0.006,0.00175,0.0105,0.006
Finlay Beverages,237.0,6.0,802.8,2025-08-20 18:45:30+00:00,0.00325,0.00075,0.006,0.00325
Finlay Beverages,237.0,6.0,802.8,2025-08-20 19:00:30+00:00,0.001,0.00025,0.0025,0.001
Finlay Beverages,237.0,6.0,802.8,2025-08-20 19:15:30+00:00,0.0,0.0,0.0,0.0
Finlay Beverages,237.0,6.0,802.8,2025-08-20 19:30:30+00:00,0.0,0.0,0.0,0.0
Finlay Beverages,237.0,6.0,802.8,2025-08-20 19:45:30+00:00,0.0,0.0,0.0,0.0
Finlay Beverages,237.0,6.0,802.8,2025-08-20 20:00:30+00:00,0.0,0.0,0.0,0.0
Finlay Beverages,237.0,6.0,802.8,2025-08-20 20:15:30+00:00,0.0,0.0,0.0,0.0
Finlay Beverages,237.0,6.0,802.8,2025-08-20 20:30:30+00:00,0.0,0.0,0.0,0.0
Finlay Beverages,237.0,6.0,802.8,2025-08-20 20:45:30+00:00,0.0,0.0,0.0,0.0
Finlay Beverages,237.0,6.0,802.8,2025-08-20 21:00:30+00:00,0.0,0.0,0.0,0.0
Finlay Beverages,237.0,6.0,802.8,2025-08-20 21:15:30+00:00,0.0,0.0,0.0,0.0
Finlay Beverages,237.0,6.0,802.8,2025-08-20 21:30:30+00:00,0.0,0.0,0.0,0.0
Finlay Beverages,237.0,6.0,802.8,2025-08-20 21:45:30+00:00,0.0,0.0,0.0,0.0
Finlay Beverages,237.0,6.0,802.8,2025-08-20 22:00:30+00:00,0.0,0.0,0.0,0.0
Finlay Beverages,237.0,6.0,802.8,2025-08-20 22:15:30+00:00,0.0,0.0,0.0,0.0
Finlay Beverages,237.0,6.0,802.8,2025-08-20 22:30:30+00:00,0.0,0.0,0.0,0.0
Finlay Beverages,237.0,6.0,802.8,2025-08-20 22:45:30+00:00,0.0,0.0,0.0,0.0
Finlay Beverages,237.0,6.0,802.8,2025-08-20 23:00:30+00:00,0.0,0.0,0.0,0.0
Finlay Beverages,237.0,6.0,802.8,2025-08-20 23:15:30+00:00,0.0,0.0,0.0,0.0
Finlay Beverages,237.0,6.0,802.8,2025-08-20 23:30:30+00:00,0.0,0.0,0.0,0.0
Finlay Beverages,237.0,6.0,802.8,2025-08-20 23:45:30+00:00,0.0,0.0,0.0,0.0
Finlay Beverages,237.0,6.0,802.8,2025-08-21 00:00:30+00:00,0.0,0.0,0.0,0.0
Finlay Beverages,237.0,6.0,802.8,2025-08-21 00:15:30+00:00,0.0,0.0,0.0,0.0
Finlay Beverages,237.0,6.0,802.8,2025-08-21 00:30:30+00:00,0.0,0.0,0.0,0.0
Finlay Beverages,237.0,6.0,802.8,2025-08-21 00:45:30+00:00,0.0,0.0,0.0,0.0
Finlay Beverages,237.0,6.0,802.8,2025-08-21 01:00:30+00:00,0.0,0.0,0.0,0.0
Finlay Beverages,237.0,6.0,802.8,2025-08-21 01:15:30+00:00,0.0,0.0,0.0,0.0
Finlay Beverages,237.0,6.0,802.8,2025-08-21 01:30:30+00:00,0.0,0.0,0.0,0.0
Finlay Beverages,237.0,6.0,802.8,2025-08-21 01:45:30+00:00,0.0,0.0,0.0,0.0
Finlay Beverages,237.0,6.0,802.8,2025-08-21 02:00:30+00:00,0.0,0.0,0.0,0.0
Finlay Beverages,237.0,6.0,802.8,2025-08-21 02:15:30+00:00,0.0,0.0,0.0,0.0
Finlay Beverages,237.0,6.0,802.8,2025-08-21 02:30:30+00:00,0.0,0.0,0.0,0.0
Finlay Beverages,237.0,6.0,802.8,2025-08-21 02:45:30+00:00,0.0,0.0,0.0,0.0
Finlay Beverages,237.0,6.0,802.8,2025-08-21 03:00:30+00:00,0.0,0.0,0.0,0.0
Finlay Beverages,237.0,6.0,802.8,2025-08-21 03:15:30+00:00,0.0,0.0,0.0,0.0
Finlay Beverages,237.0,6.0,802.8,2025-08-21 03:30:30+00:00,0.0,0.0,0.0,0.0
Finlay Beverages,237.0,6.0,802.8,2025-08-21 03:45:30+00:00,0.0,0.0,0.0,0.0
Finlay Beverages,237.0,6.0,802.8,2025-08-21 04:00:30+00:00,0.0,0.0,0.0,0.0
Finlay Beverages,237.0,6.0,802.8,2025-08-21 04:15:30+00:00,0.0,0.0,0.0,0.0
Finlay Beverages,237.0,6.0,802.8,2025-08-21 04:30:30+00:00,0.0,0.0,0.0,0.0
Finlay Beverages,237.0,6.0,802.8,2025-08-21 04:45:30+00:00,0.0,0.0,0.0,0.0
Finlay Beverages,237.0,6.0,802.8,2025-08-21 05:00:30+00:00,0.00075,0.00025,0.00175,0.00075
Finlay Beverages,237.0,6.0,802.8,2025-08-21 05:15:30+00:00,0.00275,0.001,0.00525,0.00275
Finlay Beverages,237.0,6.0,802.8,2025-08-21 05:30:30+00:00,0.006,0.0025,0.01,0.006
Finlay Beverages,237.0,6.0,802.8,2025-08-21 05:45:30+00:00,0.00975,0.0045,0.015,0.00975
Finlay Beverages,237.0,6.0,802.8,2025-08-21 06:00:30+00:00,0.0135,0.00725,0.02,0.01375
Finlay Beverages,237.0,6.0,802.8,2025-08-21 06:15:30+00:00,0.0175,0.01025,0.025,0.01775
Finlay Beverages,237.0,6.0,802.8,2025-08-21 06:30:30+00:00,0.0215,0.0135,0.03,0.02175
Finlay Beverages,237.0,6.0,802.8,2025-08-21 06:45:30+00:00,0.026,0.01675,0.0345,0.02625
Finlay Beverages,237.0,6.0,802.8,2025-08-21 07:00:30+00:00,0.0295,0.0195,0.03825,0.02975
Finlay Beverages,237.0,6.0,802.8,2025-08-21 07:15:30+00:00,0.03075,0.022,0.04075,0.03125
Finlay Beverages,237.0,6.0,802.8,2025-08-21 07:30:30+00:00,0.03375,0.02525,0.04325,0.034
Finlay Beverages,237.0,6.0,802.8,2025-08-21 07:45:30+00:00,0.03825,0.02775,0.0485,0.03875
Finlay Beverages,237.0,6.0,802.8,2025-08-21 08:00:30+00:00,0.0425,0.028,0.05775,0.043
Finlay Beverages,237.0,6.0,802.8,2025-08-21 08:15:30+00:00,0.04775,0.028,0.07075,0.0485
Finlay Beverages,237.0,6.0,802.8,2025-08-21 08:30:30+00:00,0.0575,0.0305,0.0885,0.05875
Finlay Beverages,237.0,6.0,802.8,2025-08-21 08:45:30+00:00,0.07225,0.03925,0.102,0.0745
Finlay Beverages,237.0,6.0,802.8,2025-08-21 09:00:30+00:00,0.0815,0.0515,0.1145,0.0845
Finlay Beverages,237.0,6.0,802.8,2025-08-21 09:15:30+00:00,0.0945,0.054,0.11275,0.09875
Finlay Beverages,237.0,6.0,802.8,2025-08-21 09:30:30+00:00,0.07525,0.05925,0.1185,0.078
Finlay Beverages,237.0,6.0,802.8,2025-08-21 09:45:30+00:00,0.0945,0.052,0.13075,0.09875
Finlay Beverages,237.0,6.0,802.8,2025-08-21 10:00:30+00:00,0.10425,0.04075,0.1515,0.10925
Finlay Beverages,237.0,6.0,802.8,2025-08-21 10:15:30+00:00,0.08975,0.01775,0.1565,0.09325
Finlay Beverages,237.0,6.0,802.8,2025-08-21 10:30:30+00:00,0.056,0.0135,0.13775,0.05725
Finlay Beverages,237.0,6.0,802.8,2025-08-21 10:45:30+00:00,0.03175,0.014,0.10525,0.032
Finlay Beverages,237.0,6.0,802.8,2025-08-21 11:00:30+00:00,0.0315,0.01425,0.0945,0.032
Finlay Beverages,237.0,6.0,802.8,2025-08-21 11:15:30+00:00,0.0475,0.0145,0.101,0.04825
Finlay Beverages,237.0,6.0,802.8,2025-08-21 11:30:30+00:00,0.0635,0.0145,0.12075,0.065
Finlay Beverages,237.0,6.0,802.8,2025-08-21 11:45:30+00:00,0.085,0.0335,0.122,0.08775
Finlay Beverages,237.0,6.0,802.8,2025-08-21 12:00:30+00:00,0.08475,0.0525,0.11375,0.0875
Finlay Beverages,237.0,6.0,802.8,2025-08-21 12:15:30+00:00,0.07975,0.05825,0.1025,0.08175
Finlay Beverages,237.0,6.0,802.8,2025-08-21 12:30:30+00:00,0.07575,0.06,0.09575,0.0775
Finlay Beverages,237.0,6.0,802.8,2025-08-21 12:45:30+00:00,0.07775,0.0595,0.097,0.07975
Finlay Beverages,237.0,6.0,802.8,2025-08-21 13:00:30+00:00,0.08075,0.05825,0.097,0.08325
Finlay Beverages,237.0,6.0,802.8,2025-08-21 13:15:30+00:00,0.075,0.0525,0.09575,0.07675
Finlay Beverages,237.0,6.0,802.8,2025-08-21 13:30:30+00:00,0.066,0.048,0.08975,0.06725
Finlay Beverages,237.0,6.0,802.8,2025-08-21 13:45:30+00:00,0.06525,0.043,0.0845,0.0665
Finlay Beverages,237.0,6.0,802.8,2025-08-21 14:00:30+00:00,0.05975,0.0355,0.08775,0.061
Finlay Beverages,237.0,6.0,802.8,2025-08-21 14:15:30+00:00,0.0595,0.03,0.09475,0.0605
Finlay Beverages,237.0,6.0,802.8,2025-08-21 14:30:30+00:00,0.06675,0.03325,0.10625,0.0685
Finlay Beverages,237.0,6.0,802.8,2025-08-21 14:45:30+00:00,0.082,0.0445,0.1065,0.085
Finlay Beverages,237.0,6.0,802.8,2025-08-21 15:00:30+00:00,0.07825,0.0555,0.09925,0.08075
Finlay Beverages,237.0,6.0,802.8,2025-08-21 15:15:30+00:00,0.07175,0.0595,0.08675,0.074
Finlay Beverages,237.0,6.0,802.8,2025-08-21 15:30:30+00:00,0.06925,0.05925,0.0785,0.07125
Finlay Beverages,237.0,6.0,802.8,2025-08-21 15:45:30+00:00,0.06575,0.05325,0.07625,0.0675
Finlay Beverages,237.0,6.0,802.8,2025-08-21 16:00:30+00:00,0.05925,0.045,0.07175,0.06075
Finlay Beverages,237.0,6.0,802.8,2025-08-21 16:15:30+00:00,0.05025,0.0365,0.064,0.05125
Finlay Beverages,237.0,6.0,802.8,2025-08-21 16:30:30+00:00,0.04125,0.031,0.0545,0.04175
Finlay Beverages,237.0,6.0,802.8,2025-08-21 16:45:30+00:00,0.0365,0.02675,0.0475,0.037
Finlay Beverages,237.0,6.0,802.8,2025-08-21 17:00:30+00:00,0.03325,0.02325,0.0435,0.0335
Finlay Beverages,237.0,6.0,802.8,2025-08-21 17:15:30+00:00,0.03025,0.018,0.04225,0.0305
Finlay Beverages,237.0,6.0,802.8,2025-08-21 17:30:30+00:00,0.02675,0.0125,0.04125,0.02675
Finlay Beverages,237.0,6.0,802.8,2025-08-21 17:45:30+00:00,0.0235,0.00925,0.0395,0.0235
Finlay Beverages,237.0,6.0,802.8,2025-08-21 18:00:30+00:00,0.023,0.009,0.034,0.0225
Finlay Beverages,237.0,6.0,802.8,2025-08-21 18:15:30+00:00,0.02025,0.0095,0.02525,0.01925
Finlay Beverages,237.0,6.0,802.8,2025-08-21 18:30:30+00:00,0.01375,0.008,0.0165,0.0125
Finlay Beverages,237.0,6.0,802.8,2025-08-21 18:45:30+00:00,0.0065,0.00425,0.008,0.006
Finlay Beverages,237.0,6.0,802.8,2025-08-21 19:00:30+00:00,0.0015,0.001,0.00175,0.0015
Finlay Beverages,237.0,6.0,802.8,2025-08-21 19:15:30+00:00,0.0,0.0,0.0,0.0
Finlay Beverages,237.0,6.0,802.8,2025-08-21 19:30:30+00:00,0.0,0.0,0.0,0.0
Finlay Beverages,237.0,6.0,802.8,2025-08-21 19:45:30+00:00,0.0,0.0,0.0,0.0
Finlay Beverages,237.0,6.0,802.8,2025-08-21 20:00:30+00:00,0.0,0.0,0.0,0.0
Finlay Beverages,237.0,6.0,802.8,2025-08-21 20:15:30+00:00,0.0,0.0,0.0,0.0
Finlay Beverages,237.0,6.0,802.8,2025-08-21 20:30:30+00:00,0.0,0.0,0.0,0.0
Finlay Beverages,237.0,6.0,802.8,2025-08-21 20:45:30+00:00,0.0,0.0,0.0,0.0
Finlay Beverages,237.0,6.0,802.8,2025-08-21 21:00:30+00:00,0.0,0.0,0.0,0.0
Finlay Beverages,237.0,6.0,802.8,2025-08-21 21:15:30+00:00,0.0,0.0,0.0,0.0
Finlay Beverages,237.0,6.0,802.8,2025-08-21 21:30:30+00:00,0.0,0.0,0.0,0.0
Finlay Beverages,237.0,6.0,802.8,2025-08-21 21:45:30+00:00,0.0,0.0,0.0,0.0
Finlay Beverages,237.0,6.0,802.8,2025-08-21 22:00:30+00:00,0.0,0.0,0.0,0.0
Finlay Beverages,237.0,6.0,802.8,2025-08-21 22:15:30+00:00,0.0,0.0,0.0,0.0
Finlay Beverages,237.0,6.0,802.8,2025-08-21 22:30:30+00:00,0.0,0.0,0.0,0.0
Finlay Beverages,237.0,6.0,802.8,2025-08-21 22:45:30+00:00,0.0,0.0,0.0,0.0
Finlay Beverages,237.0,6.0,802.8,2025-08-21 23:00:30+00:00,0.0,0.0,0.0,0.0
Finlay Beverages,237.0,6.0,802.8,2025-08-21 23:15:30+00:00,0.0,0.0,0.0,0.0
Finlay Beverages,237.0,6.0,802.8,2025-08-21 23:30:30+00:00,0.0,0.0,0.0,0.0
Finlay Beverages,237.0,6.0,802.8,2025-08-21 23:45:30+00:00,0.0,0.0,0.0,0.0
Finlay Beverages,237.0,6.0,802.8,2025-08-22 00:00:30+00:00,0.0,0.0,0.0,0.0
Finlay Beverages,237.0,6.0,802.8,2025-08-22 00:15:30+00:00,0.0,0.0,0.0,0.0
Finlay Beverages,237.0,6.0,802.8,2025-08-22 00:30:30+00:00,0.0,0.0,0.0,0.0
Finlay Beverages,237.0,6.0,802.8,2025-08-22 00:45:30+00:00,0.0,0.0,0.0,0.0
Finlay Beverages,237.0,6.0,802.8,2025-08-22 01:00:30+00:00,0.0,0.0,0.0,0.0
Finlay Beverages,237.0,6.0,802.8,2025-08-22 01:15:30+00:00,0.0,0.0,0.0,0.0
Finlay Beverages,237.0,6.0,802.8,2025-08-22 01:30:30+00:00,0.0,0.0,0.0,0.0
Finlay Beverages,237.0,6.0,802.8,2025-08-22 01:45:30+00:00,0.0,0.0,0.0,0.0
Finlay Beverages,237.0,6.0,802.8,2025-08-22 02:00:30+00:00,0.0,0.0,0.0,0.0
Finlay Beverages,237.0,6.0,802.8,2025-08-22 02:15:30+00:00,0.0,0.0,0.0,0.0
Finlay Beverages,237.0,6.0,802.8,2025-08-22 02:30:30+00:00,0.0,0.0,0.0,0.0
Finlay Beverages,237.0,6.0,802.8,2025-08-22 02:45:30+00:00,0.0,0.0,0.0,0.0
Finlay Beverages,237.0,6.0,802.8,2025-08-22 03:00:30+00:00,0.0,0.0,0.0,0.0
Finlay Beverages,237.0,6.0,802.8,2025-08-22 03:15:30+00:00,0.0,0.0,0.0,0.0
Finlay Beverages,237.0,6.0,802.8,2025-08-22 03:30:30+00:00,0.0,0.0,0.0,0.0
Finlay Beverages,237.0,6.0,802.8,2025-08-22 03:45:30+00:00,0.0,0.0,0.0,0.0
Finlay Beverages,237.0,6.0,802.8,2025-08-22 04:00:30+00:00,0.0,0.0,0.0,0.0
Finlay Beverages,237.0,6.0,802.8,2025-08-22 04:15:30+00:00,0.0,0.0,0.0,0.0
Finlay Beverages,237.0,6.0,802.8,2025-08-22 04:30:30+00:00,0.0,0.0,0.0,0.0
Finlay Beverages,237.0,6.0,802.8,2025-08-22 04:45:30+00:00,0.0,0.0,0.0,0.0
Finlay Beverages,237.0,6.0,802.8,2025-08-22 05:00:30+00:00,0.0,0.0,0.00025,0.0
Finlay Beverages,237.0,6.0,802.8,2025-08-22 05:15:30+00:00,0.00025,0.00025,0.0015,0.00025
Finlay Beverages,237.0,6.0,802.8,2025-08-22 05:30:30+00:00,0.00075,0.0005,0.00325,0.00075
Finlay Beverages,237.0,6.0,802.8,2025-08-22 05:45:30+00:00,0.00625,0.0015,0.017,0.00625
Finlay Beverages,237.0,6.0,802.8,2025-08-22 06:00:30+00:00,0.0145,0.003,0.027,0.0145
Finlay Beverages,237.0,6.0,802.8,2025-08-22 06:15:30+00:00,0.019,0.0075,0.037,0.019
Finlay Beverages,237.0,6.0,802.8,2025-08-22 06:30:30+00:00,0.0355,0.01125,0.0465,0.0355
Finlay Beverages,237.0,6.0,802.8,2025-08-22 06:45:30+00:00,0.03675,0.01125,0.056,0.037
Finlay Beverages,237.0,6.0,802.8,2025-08-22 07:00:30+00:00,0.03175,0.00625,0.06125,0.032
Finlay Beverages,237.0,6.0,802.8,2025-08-22 07:15:30+00:00,0.0275,0.0055,0.05575,0.02775
Finlay Beverages,237.0,6.0,802.8,2025-08-22 07:30:30+00:00,0.02,0.00625,0.05175,0.02025
Finlay Beverages,237.0,6.0,802.8,2025-08-22 07:45:30+00:00,0.02675,0.007,0.052,0.02725
Finlay Beverages,237.0,6.0,802.8,2025-08-22 08:00:30+00:00,0.03825,0.01475,0.0615,0.03875
Finlay Beverages,237.0,6.0,802.8,2025-08-22 08:15:30+00:00,0.0485,0.016,0.06575,0.0495
Finlay Beverages,237.0,6.0,802.8,2025-08-22 08:30:30+00:00,0.036,0.0125,0.06575,0.0365
Finlay Beverages,237.0,6.0,802.8,2025-08-22 08:45:30+00:00,0.03275,0.01275,0.061,0.033
Finlay Beverages,237.0,6.0,802.8,2025-08-22 09:00:30+00:00,0.0415,0.0195,0.06125,0.042
Finlay Beverages,237.0,6.0,802.8,2025-08-22 09:15:30+00:00,0.04675,0.024,0.06175,0.0475
Finlay Beverages,237.0,6.0,802.8,2025-08-22 09:30:30+00:00,0.04,0.021,0.06675,0.04075
Finlay Beverages,237.0,6.0,802.8,2025-08-22 09:45:30+00:00,0.04425,0.01525,0.06525,0.045
Finlay Beverages,237.0,6.0,802.8,2025-08-22 10:00:30+00:00,0.036,0.01225,0.06325,0.0365
Finlay Beverages,237.0,6.0,802.8,2025-08-22 10:15:30+00:00,0.03175,0.01275,0.0585,0.032
Finlay Beverages,237.0,6.0,802.8,2025-08-22 10:30:30+00:00,0.0365,0.013,0.05875,0.037
Finlay Beverages,237.0,6.0,802.8,2025-08-22 10:45:30+00:00,0.03625,0.0135,0.05975,0.03675
Finlay Beverages,237.0,6.0,802.8,2025-08-22 11:00:30+00:00,0.02725,0.01375,0.0585,0.02775
Finlay Beverages,237.0,6.0,802.8,2025-08-22 11:15:30+00:00,0.02275,0.014,0.051,0.023
Finlay Beverages,237.0,6.0,802.8,2025-08-22 11:30:30+00:00,0.015,0.014,0.0435,0.015
Finlay Beverages,237.0,6.0,802.8,2025-08-22 11:45:30+00:00,0.0165,0.01425,0.0395,0.0165
Finlay Beverages,237.0,6.0,802.8,2025-08-22 12:00:30+00:00,0.022,0.01425,0.04075,0.02225
Finlay Beverages,237.0,6.0,802.8,2025-08-22 12:15:30+00:00,0.02325,0.01425,0.043,0.0235
Finlay Beverages,237.0,6.0,802.8,2025-08-22 12:30:30+00:00,0.01875,0.014,0.04575,0.019
Finlay Beverages,237.0,6.0,802.8,2025-08-22 12:45:30+00:00,0.02,0.014,0.0525,0.02025
Finlay Beverages,237.0,6.0,802.8,2025-08-22 13:00:30+00:00,0.03225,0.01375,0.06075,0.0325
Finlay Beverages,237.0,6.0,802.8,2025-08-22 13:15:30+00:00,0.039,0.0135,0.05975,0.0395
Finlay Beverages,237.0,6.0,802.8,2025-08-22 13:30:30+00:00,0.01975,0.01325,0.061,0.02
Finlay Beverages,237.0,6.0,802.8,2025-08-22 13:45:30+00:00,0.03825,0.01275,0.05725,0.039
Finlay Beverages,237.0,6.0,802.8,2025-08-22 14:00:30+00:00,0.03125,0.01225,0.0635,0.03175
Finlay Beverages,237.0,6.0,802.8,2025-08-22 14:15:30+00:00,0.0195,0.012,0.07025,0.0195
Finlay Beverages,237.0,6.0,802.8,2025-08-22 14:30:30+00:00,0.02475,0.0115,0.09125,0.025
Finlay Beverages,237.0,6.0,802.8,2025-08-22 14:45:30+00:00,0.0545,0.01075,0.1105,0.05575
Finlay Beverages,237.0,6.0,802.8,2025-08-22 15:00:30+00:00,0.0655,0.013,0.1275,0.0675
Finlay Beverages,237.0,6.0,802.8,2025-08-22 15:15:30+00:00,0.078,0.02425,0.129,0.081
Finlay Beverages,237.0,6.0,802.8,2025-08-22 15:30:30+00:00,0.09375,0.043,0.1195,0.09825
Finlay Beverages,237.0,6.0,802.8,2025-08-22 15:45:30+00:00,0.0905,0.0615,0.111,0.09475
Finlay Beverages,237.0,6.0,802.8,2025-08-22 16:00:30+00:00,0.086,0.06525,0.102,0.0895
Finlay Beverages,237.0,6.0,802.8,2025-08-22 16:15:30+00:00,0.07725,0.05875,0.09325,0.08025
Finlay Beverages,237.0,6.0,802.8,2025-08-22 16:30:30+00:00,0.06925,0.041,0.08425,0.07125
Finlay Beverages,237.0,6.0,802.8,2025-08-22 16:45:30+00:00,0.04975,0.02575,0.0755,0.05075
Finlay Beverages,237.0,6.0,802.8,2025-08-22 17:00:30+00:00,0.0355,0.0165,0.06,0.03575
Finlay Beverages,237.0,6.0,802.8,2025-08-22 17:15:30+00:00,0.02925,0.0135,0.0455,0.0295
Finlay Beverages,237.0,6.0,802.8,2025-08-22 17:30:30+00:00,0.02375,0.01075,0.03575,0.02375
Finlay Beverages,237.0,6.0,802.8,2025-08-22 17:45:30+00:00,0.01675,0.0065,0.03025,0.01675
Finlay Beverages,237.0,6.0,802.8,2025-08-22 18:00:30+00:00,0.0145,0.003,0.0275,0.0145
Finlay Beverages,237.0,6.0,802.8,2025-08-22 18:15:30+00:00,0.01475,0.00325,0.0205,0.01425
Finlay Beverages,237.0,6.0,802.8,2025-08-22 18:30:30+00:00,0.0115,0.00425,0.013,0.01075
Finlay Beverages,237.0,6.0,802.8,2025-08-22 18:45:30+00:00,0.00525,0.00275,0.00575,0.005
Finlay Beverages,237.0,6.0,802.8,2025-08-22 19:00:30+00:00,0.001,0.0005,0.001,0.001
Finlay Beverages,237.0,6.0,802.8,2025-08-22 19:15:30+00:00,0.0,0.0,0.0,0.0
Finlay Beverages,237.0,6.0,802.8,2025-08-22 19:30:30+00:00,0.0,0.0,0.0,0.0
Finlay Beverages,237.0,6.0,802.8,2025-08-22 19:45:30+00:00,0.0,0.0,0.0,0.0
Finlay Beverages,237.0,6.0,802.8,2025-08-22 20:00:30+00:00,0.0,0.0,0.0,0.0
Finlay Beverages,237.0,6.0,802.8,2025-08-22 20:15:30+00:00,0.0,0.0,0.0,0.0
Finlay Beverages,237.0,6.0,802.8,2025-08-22 20:30:30+00:00,0.0,0.0,0.0,0.0
Finlay Beverages,237.0,6.0,802.8,2025-08-22 20:45:30+00:00,0.0,0.0,0.0,0.0
Finlay Beverages,237.0,6.0,802.8,2025-08-22 21:00:30+00:00,0.0,0.0,0.0,0.0
Finlay Beverages,237.0,6.0,802.8,2025-08-22 21:15:30+00:00,0.0,0.0,0.0,0.0
Finlay Beverages,237.0,6.0,802.8,2025-08-22 21:30:30+00:00,0.0,0.0,0.0,0.0
Finlay Beverages,237.0,6.0,802.8,2025-08-22 21:45:30+00:00,0.0,0.0,0.0,0.0
Finlay Beverages,237.0,6.0,802.8,2025-08-22 22:00:30+00:00,0.0,0.0,0.0,0.0
Finlay Beverages,237.0,6.0,802.8,2025-08-22 22:15:30+00:00,0.0,0.0,0.0,0.0
Finlay Beverages,237.0,6.0,802.8,2025-08-22 22:30:30+00:00,0.0,0.0,0.0,0.0
Finlay Beverages,237.0,6.0,802.8,2025-08-22 22:45:30+00:00,0.0,0.0,0.0,0.0
Finlay Beverages,237.0,6.0,802.8,2025-08-22 23:00:30+00:00,0.0,0.0,0.0,0.0
Finlay Beverages,237.0,6.0,802.8,2025-08-22 23:15:30+00:00,0.0,0.0,0.0,0.0
Finlay Beverages,237.0,6.0,802.8,2025-08-22 23:30:30+00:00,0.0,0.0,0.0,0.0
Finlay Beverages,237.0,6.0,802.8,2025-08-22 23:45:30+00:00,0.0,0.0,0.0,0.0
Finlay Beverages,237.0,6.0,802.8,2025-08-23 00:00:30+00:00,0.0,0.0,0.0,0.0
Finlay Beverages,237.0,6.0,802.8,2025-08-23 00:15:30+00:00,0.0,0.0,0.0,0.0
Finlay Beverages,237.0,6.0,802.8,2025-08-23 00:30:30+00:00,0.0,0.0,0.0,0.0
Finlay Beverages,237.0,6.0,802.8,2025-08-23 00:45:30+00:00,0.0,0.0,0.0,0.0
Finlay Beverages,237.0,6.0,802.8,2025-08-23 01:00:30+00:00,0.0,0.0,0.0,0.0
Finlay Beverages,237.0,6.0,802.8,2025-08-23 01:15:30+00:00,0.0,0.0,0.0,0.0
Finlay Beverages,237.0,6.0,802.8,2025-08-23 01:30:30+00:00,0.0,0.0,0.0,0.0
Finlay Beverages,237.0,6.0,802.8,2025-08-23 01:45:30+00:00,0.0,0.0,0.0,0.0
Finlay Beverages,237.0,6.0,802.8,2025-08-23 02:00:30+00:00,0.0,0.0,0.0,0.0
Finlay Beverages,237.0,6.0,802.8,2025-08-23 02:15:30+00:00,0.0,0.0,0.0,0.0
Finlay Beverages,237.0,6.0,802.8,2025-08-23 02:30:30+00:00,0.0,0.0,0.0,0.0
Finlay Beverages,237.0,6.0,802.8,2025-08-23 02:45:30+00:00,0.0,0.0,0.0,0.0
Finlay Beverages,237.0,6.0,802.8,2025-08-23 03:00:30+00:00,0.0,0.0,0.0,0.0
Finlay Beverages,237.0,6.0,802.8,2025-08-23 03:15:30+00:00,0.0,0.0,0.0,0.0
Finlay Beverages,237.0,6.0,802.8,2025-08-23 03:30:30+00:00,0.0,0.0,0.0,0.0
Finlay Beverages,237.0,6.0,802.8,2025-08-23 03:45:30+00:00,0.0,0.0,0.0,0.0
Finlay Beverages,237.0,6.0,802.8,2025-08-23 04:00:30+00:00,0.0,0.0,0.0,0.0
Finlay Beverages,237.0,6.0,802.8,2025-08-23 04:15:30+00:00,0.0,0.0,0.0,0.0
Finlay Beverages,237.0,6.0,802.8,2025-08-23 04:30:30+00:00,0.0,0.0,0.0,0.0
Finlay Beverages,237.0,6.0,802.8,2025-08-23 04:45:30+00:00,0.0,0.0,0.0,0.0
Finlay Beverages,237.0,6.0,802.8,2025-08-23 05:00:30+00:00,0.00025,0.00025,0.0005,0.00025
Finlay Beverages,237.0,6.0,802.8,2025-08-23 05:15:30+00:00,0.00225,0.001,0.00425,0.00225
Finlay Beverages,237.0,6.0,802.8,2025-08-23 05:30:30+00:00,0.0055,0.0025,0.009,0.0055
Finlay Beverages,237.0,6.0,802.8,2025-08-23 05:45:30+00:00,0.00975,0.00425,0.01775,0.00975
Finlay Beverages,237.0,6.0,802.8,2025-08-23 06:00:30+00:00,0.0175,0.005,0.0265,0.0175
Finlay Beverages,237.0,6.0,802.8,2025-08-23 06:15:30+00:00,0.02,0.004,0.033,0.02
Finlay Beverages,237.0,6.0,802.8,2025-08-23 06:30:30+00:00,0.0135,0.00325,0.03425,0.0135
Finlay Beverages,237.0,6.0,802.8,2025-08-23 06:45:30+00:00,0.014,0.004,0.037,0.01425
Finlay Beverages,237.0,6.0,802.8,2025-08-23 07:00:30+00:00,0.0255,0.00625,0.04525,0.02575
Finlay Beverages,237.0,6.0,802.8,2025-08-23 07:15:30+00:00,0.037,0.0105,0.05625,0.0375
Finlay Beverages,237.0,6.0,802.8,2025-08-23 07:30:30+00:00,0.0375,0.01475,0.06675,0.038
Finlay Beverages,237.0,6.0,802.8,2025-08-23 07:45:30+00:00,0.047,0.0235,0.08175,0.048
Finlay Beverages,237.0,6.0,802.8,2025-08-23 08:00:30+00:00,0.0725,0.03625,0.09225,0.075
Finlay Beverages,237.0,6.0,802.8,2025-08-23 08:15:30+00:00,0.074,0.04575,0.10025,0.0765
Finlay Beverages,237.0,6.0,802.8,2025-08-23 08:30:30+00:00,0.0725,0.0445,0.10125,0.07475
Finlay Beverages,237.0,6.0,802.8,2025-08-23 08:45:30+00:00,0.0715,0.04125,0.104,0.07375
Finlay Beverages,237.0,6.0,802.8,2025-08-23 09:00:30+00:00,0.073,0.03375,0.10525,0.0755
Finlay Beverages,237.0,6.0,802.8,2025-08-23 09:15:30+00:00,0.06375,0.02725,0.103,0.0655
Finlay Beverages,237.0,6.0,802.8,2025-08-23 09:30:30+00:00,0.05775,0.02275,0.09325,0.05875
Finlay Beverages,237.0,6.0,802.8,2025-08-23 09:45:30+00:00,0.05175,0.02375,0.084,0.05275
Finlay Beverages,237.0,6.0,802.8,2025-08-23 10:00:30+00:00,0.05125,0.03025,0.07475,0.05225
Finlay Beverages,237.0,6.0,802.8,2025-08-23 10:15:30+00:00,0.05375,0.03325,0.07,0.05475
Finlay Beverages,237.0,6.0,802.8,2025-08-23 10:30:30+00:00,0.04975,0.036,0.0685,0.0505
Finlay Beverages,237.0,6.0,802.8,2025-08-23 10:45:30+00:00,0.053,0.037,0.06975,0.05375
Finlay Beverages,237.0,6.0,802.8,2025-08-23 11:00:30+00:00,0.05725,0.038,0.07525,0.05825
Finlay Beverages,237.0,6.0,802.8,2025-08-23 11:15:30+00:00,0.0595,0.0375,0.07975,0.06075
Finlay Beverages,237.0,6.0,802.8,2025-08-23 11:30:30+00:00,0.059,0.03925,0.08625,0.06
Finlay Beverages,237.0,6.0,802.8,2025-08-23 11:45:30+00:00,0.06925,0.044,0.09175,0.07075
Finlay Beverages,237.0,6.0,802.8,2025-08-23 12:00:30+00:00,0.07525,0.04625,0.092,0.077
Finlay Beverages,237.0,6.0,802.8,2025-08-23 12:15:30+00:00,0.063,0.0405,0.09425,0.06425
Finlay Beverages,237.0,6.0,802.8,2025-08-23 12:30:30+00:00,0.06325,0.03325,0.092,0.0645
Finlay Beverages,237.0,6.0,802.8,2025-08-23 12:45:30+00:00,0.06125,0.024,0.0895,0.0625
Finlay Beverages,237.0,6.0,802.8,2025-08-23 13:00:30+00:00,0.04525,0.01725,0.07925,0.046
Finlay Beverages,237.0,6.0,802.8,2025-08-23 13:15:30+00:00,0.0375,0.01525,0.07025,0.038
Finlay Beverages,237.0,6.0,802.8,2025-08-23 13:30:30+00:00,0.04475,0.01975,0.067,0.0455
Finlay Beverages,237.0,6.0,802.8,2025-08-23 13:45:30+00:00,0.04725,0.0255,0.064,0.048
Finlay Beverages,237.0,6.0,802.8,2025-08-23 14:00:30+00:00,0.04225,0.02425,0.06,0.04275
Finlay Beverages,237.0,6.0,802.8,2025-08-23 14:15:30+00:00,0.03675,0.02175,0.056,0.03725
Finlay Beverages,237.0,6.0,802.8,2025-08-23 14:30:30+00:00,0.0375,0.02025,0.0565,0.038
Finlay Beverages,237.0,6.0,802.8,2025-08-23 14:45:30+00:00,0.04075,0.0185,0.0605,0.0415
Finlay Beverages,237.0,6.0,802.8,2025-08-23 15:00:30+00:00,0.04,0.01575,0.06625,0.0405
Finlay Beverages,237.0,6.0,802.8,2025-08-23 15:15:30+00:00,0.04175,0.013,0.0735,0.0425
Finlay Beverages,237.0,6.0,802.8,2025-08-23 15:30:30+00:00,0.04725,0.01525,0.07975,0.048
Finlay Beverages,237.0,6.0,802.8,2025-08-23 15:45:30+00:00,0.05275,0.0225,0.08175,0.05375
Finlay Beverages,237.0,6.0,802.8,2025-08-23 16:00:30+00:00,0.056,0.03175,0.0765,0.05725
Finlay Beverages,237.0,6.0,802.8,2025-08-23 16:15:30+00:00,0.05325,0.03475,0.067,0.0545
Finlay Beverages,237.0,6.0,802.8,2025-08-23 16:30:30+00:00,0.04325,0.03075,0.05625,0.044
Finlay Beverages,237.0,6.0,802.8,2025-08-23 16:45:30+00:00,0.034,0.0245,0.047,0.0345
Finlay Beverages,237.0,6.0,802.8,2025-08-23 17:00:30+00:00,0.03,0.021,0.041,0.0305
Finlay Beverages,237.0,6.0,802.8,2025-08-23 17:15:30+00:00,0.02875,0.018,0.03725,0.029
Finlay Beverages,237.0,6.0,802.8,2025-08-23 17:30:30+00:00,0.02375,0.01175,0.03425,0.024
Finlay Beverages,237.0,6.0,802.8,2025-08-23 17:45:30+00:00,0.01625,0.004,0.029,0.01625
Finlay Beverages,237.0,6.0,802.8,2025-08-23 18:00:30+00:00,0.0095,0.002,0.02125,0.00975
Finlay Beverages,237.0,6.0,802.8,2025-08-23 18:15:30+00:00,0.00375,0.00125,0.013,0.00375
Finlay Beverages,237.0,6.0,802.8,2025-08-23 18:30:30+00:00,0.0015,0.00075,0.006,0.0015
Finlay Beverages,237.0,6.0,802.8,2025-08-23 18:45:30+00:00,0.00075,0.00025,0.0025,0.00075
Finlay Beverages,237.0,6.0,802.8,2025-08-23 19:00:30+00:00,0.00025,0.0,0.001,0.00025
Finlay Beverages,237.0,6.0,802.8,2025-08-23 19:15:30+00:00,0.0,0.0,0.0,0.0
Finlay Beverages,237.0,6.0,802.8,2025-08-23 19:30:30+00:00,0.0,0.0,0.0,0.0
Finlay Beverages,237.0,6.0,802.8,2025-08-23 19:45:30+00:00,0.0,0.0,0.0,0.0
Finlay Beverages,237.0,6.0,802.8,2025-08-23 20:00:30+00:00,0.0,0.0,0.0,0.0
Finlay Beverages,237.0,6.0,802.8,2025-08-23 20:15:30+00:00,0.0,0.0,0.0,0.0
Finlay Beverages,237.0,6.0,802.8,2025-08-23 20:30:30+00:00,0.0,0.0,0.0,0.0
Finlay Beverages,237.0,6.0,802.8,2025-08-23 20:45:30+00:00,0.0,0.0,0.0,0.0
Finlay Beverages,237.0,6.0,802.8,2025-08-23 21:00:30+00:00,0.0,0.0,0.0,0.0
Finlay Beverages,237.0,6.0,802.8,2025-08-23 21:15:30+00:00,0.0,0.0,0.0,0.0
Finlay Beverages,237.0,6.0,802.8,2025-08-23 21:30:30+00:00,0.0,0.0,0.0,0.0
Finlay Beverages,237.0,6.0,802.8,2025-08-23 21:45:30+00:00,0.0,0.0,0.0,0.0
Finlay Beverages,237.0,6.0,802.8,2025-08-23 22:00:30+00:00,0.0,0.0,0.0,0.0
Finlay Beverages,237.0,6.0,802.8,2025-08-23 22:15:30+00:00,0.0,0.0,0.0,0.0
Finlay Beverages,237.0,6.0,802.8,2025-08-23 22:30:30+00:00,0.0,0.0,0.0,0.0
Finlay Beverages,237.0,6.0,802.8,2025-08-23 22:45:30+00:00,0.0,0.0,0.0,0.0
Finlay Beverages,237.0,6.0,802.8,2025-08-23 23:00:30+00:00,0.0,0.0,0.0,0.0
Finlay Beverages,237.0,6.0,802.8,2025-08-23 23:15:30+00:00,0.0,0.0,0.0,0.0
Finlay Beverages,237.0,6.0,802.8,2025-08-23 23:30:30+00:00,0.0,0.0,0.0,0.0
Finlay Beverages,237.0,6.0,802.8,2025-08-23 23:45:30+00:00,0.0,0.0,0.0,0.0
Finlay Beverages,237.0,6.0,802.8,2025-08-24 00:00:30+00:00,0.0,0.0,0.0,0.0
Finlay Beverages,237.0,6.0,802.8,2025-08-24 00:15:30+00:00,0.0,0.0,0.0,0.0
Finlay Beverages,237.0,6.0,802.8,2025-08-24 00:30:30+00:00,0.0,0.0,0.0,0.0
Finlay Beverages,237.0,6.0,802.8,2025-08-24 00:45:30+00:00,0.0,0.0,0.0,0.0
Finlay Beverages,237.0,6.0,802.8,2025-08-24 01:00:30+00:00,0.0,0.0,0.0,0.0
Finlay Beverages,237.0,6.0,802.8,2025-08-24 01:15:30+00:00,0.0,0.0,0.0,0.0
Finlay Beverages,237.0,6.0,802.8,2025-08-24 01:30:30+00:00,0.0,0.0,0.0,0.0
Finlay Beverages,237.0,6.0,802.8,2025-08-24 01:45:30+00:00,0.0,0.0,0.0,0.0
Finlay Beverages,237.0,6.0,802.8,2025-08-24 02:00:30+00:00,0.0,0.0,0.0,0.0
Finlay Beverages,237.0,6.0,802.8,2025-08-24 02:15:30+00:00,0.0,0.0,0.0,0.0
Finlay Beverages,237.0,6.0,802.8,2025-08-24 02:30:30+00:00,0.0,0.0,0.0,0.0
Finlay Beverages,237.0,6.0,802.8,2025-08-24 02:45:30+00:00,0.0,0.0,0.0,0.0
Finlay Beverages,237.0,6.0,802.8,2025-08-24 03:00:30+00:00,0.0,0.0,0.0,0.0
Finlay Beverages,237.0,6.0,802.8,2025-08-24 03:15:30+00:00,0.0,0.0,0.0,0.0
Finlay Beverages,237.0,6.0,802.8,2025-08-24 03:30:30+00:00,0.0,0.0,0.0,0.0
Finlay Beverages,237.0,6.0,802.8,2025-08-24 03:45:30+00:00,0.0,0.0,0.0,0.0
Finlay Beverages,237.0,6.0,802.8,2025-08-24 04:00:30+00:00,0.0,0.0,0.0,0.0
Finlay Beverages,237.0,6.0,802.8,2025-08-24 04:15:30+00:00,0.0,0.0,0.0,0.0
Finlay Beverages,237.0,6.0,802.8,2025-08-24 04:30:30+00:00,0.0,0.0,0.0,0.0
Finlay Beverages,237.0,6.0,802.8,2025-08-24 04:45:30+00:00,0.0,0.0,0.0,0.0
Finlay Beverages,237.0,6.0,802.8,2025-08-24 05:00:30+00:00,0.00025,0.00025,0.00025,0.00025
Finlay Beverages,237.0,6.0,802.8,2025-08-24 05:15:30+00:00,0.0015,0.0005,0.00325,0.0015
Finlay Beverages,237.0,6.0,802.8,2025-08-24 05:30:30+00:00,0.004,0.00125,0.00675,0.004
Finlay Beverages,237.0,6.0,802.8,2025-08-24 05:45:30+00:00,0.0065,0.00225,0.011,0.0065
Finlay Beverages,237.0,6.0,802.8,2025-08-24 06:00:30+00:00,0.00925,0.00375,0.01525,0.0095
Finlay Beverages,237.0,6.0,802.8,2025-08-24 06:15:30+00:00,0.0125,0.00525,0.0205,0.01275
Finlay Beverages,237.0,6.0,802.8,2025-08-24 06:30:30+00:00,0.01675,0.00575,0.02875,0.017
Finlay Beverages,237.0,6.0,802.8,2025-08-24 06:45:30+00:00,0.02225,0.008,0.03925,0.0225
Finlay Beverages,237.0,6.0,802.8,2025-08-24 07:00:30+00:00,0.0315,0.015,0.052,0.032
Finlay Beverages,237.0,6.0,802.8,2025-08-24 07:15:30+00:00,0.046,0.02425,0.0605,0.047
Finlay Beverages,237.0,6.0,802.8,2025-08-24 07:30:30+00:00,0.0495,0.02875,0.06475,0.05075
Finlay Beverages,237.0,6.0,802.8,2025-08-24 07:45:30+00:00,0.04475,0.02975,0.065,0.0455
Finlay Beverages,237.0,6.0,802.8,2025-08-24 08:00:30+00:00,0.04725,0.0335,0.0675,0.04825
Finlay Beverages,237.0,6.0,802.8,2025-08-24 08:15:30+00:00,0.05875,0.03825,0.073,0.0605
Finlay Beverages,237.0,6.0,802.8,2025-08-24 08:30:30+00:00,0.06075,0.0475,0.08075,0.0625
Finlay Beverages,237.0,6.0,802.8,2025-08-24 08:45:30+00:00,0.072,0.054,0.0885,0.07425
Finlay Beverages,237.0,6.0,802.8,2025-08-24 09:00:30+00:00,0.08025,0.065,0.09325,0.08325
Finlay Beverages,237.0,6.0,802.8,2025-08-24 09:15:30+00:00,0.085,0.07075,0.09925,0.08825
Finlay Beverages,237.0,6.0,802.8,2025-08-24 09:30:30+00:00,0.0895,0.07375,0.1025,0.09325
Finlay Beverages,237.0,6.0,802.8,2025-08-24 09:45:30+00:00,0.0895,0.06975,0.11975,0.093
Finlay Beverages,237.0,6.0,802.8,2025-08-24 10:00:30+00:00,0.104,0.059,0.1355,0.10925
Finlay Beverages,237.0,6.0,802.8,2025-08-24 10:15:30+00:00,0.09925,0.06275,0.16475,0.104
Finlay Beverages,237.0,6.0,802.8,2025-08-24 10:30:30+00:00,0.1345,0.07375,0.166,0.144
Finlay Beverages,237.0,6.0,802.8,2025-08-24 10:45:30+00:00,0.1505,0.1035,0.16825,0.16275
Finlay Beverages,237.0,6.0,802.8,2025-08-24 11:00:30+00:00,0.1525,0.1215,0.171,0.16525
Finlay Beverages,237.0,6.0,802.8,2025-08-24 11:15:30+00:00,0.154,0.1305,0.1735,0.167
Finlay Beverages,237.0,6.0,802.8,2025-08-24 11:30:30+00:00,0.15225,0.1105,0.1755,0.16475
Finlay Beverages,237.0,6.0,802.8,2025-08-24 11:45:30+00:00,0.14525,0.085,0.17775,0.15625
Finlay Beverages,237.0,6.0,802.8,2025-08-24 12:00:30+00:00,0.136,0.04725,0.179,0.14575
Finlay Beverages,237.0,6.0,802.8,2025-08-24 12:15:30+00:00,0.092,0.01825,0.1745,0.0965
Finlay Beverages,237.0,6.0,802.8,2025-08-24 12:30:30+00:00,0.051,0.01375,0.13725,0.052
Finlay Beverages,237.0,6.0,802.8,2025-08-24 12:45:30+00:00,0.03675,0.0135,0.10575,0.03725
Finlay Beverages,237.0,6.0,802.8,2025-08-24 13:00:30+00:00,0.03775,0.0135,0.09575,0.03825
Finlay Beverages,237.0,6.0,802.8,2025-08-24 13:15:30+00:00,0.052,0.013,0.10175,0.05275
Finlay Beverages,237.0,6.0,802.8,2025-08-24 13:30:30+00:00,0.0695,0.0215,0.111,0.07125
Finlay Beverages,237.0,6.0,802.8,2025-08-24 13:45:30+00:00,0.0765,0.03675,0.10625,0.07875
Finlay Beverages,237.0,6.0,802.8,2025-08-24 14:00:30+00:00,0.06925,0.0425,0.095,0.071
Finlay Beverages,237.0,6.0,802.8,2025-08-24 14:15:30+00:00,0.06,0.0385,0.08375,0.06125
Finlay Beverages,237.0,6.0,802.8,2025-08-24 14:30:30+00:00,0.0535,0.03675,0.081,0.0545
Finlay Beverages,237.0,6.0,802.8,2025-08-24 14:45:30+00:00,0.0625,0.0385,0.08075,0.064
Finlay Beverages,237.0,6.0,802.8,2025-08-24 15:00:30+00:00,0.063,0.03875,0.0795,0.0645
Finlay Beverages,237.0,6.0,802.8,2025-08-24 15:15:30+00:00,0.05225,0.0305,0.07575,0.053
Finlay Beverages,237.0,6.0,802.8,2025-08-24 15:30:30+00:00,0.04325,0.02525,0.07425,0.044
Finlay Beverages,237.0,6.0,802.8,2025-08-24 15:45:30+00:00,0.05275,0.0255,0.0765,0.054
Finlay Beverages,237.0,6.0,802.8,2025-08-24 16:00:30+00:00,0.0565,0.03325,0.07275,0.05775
Finlay Beverages,237.0,6.0,802.8,2025-08-24 16:15:30+00:00,0.05,0.03675,0.064,0.051
Finlay Beverages,237.0,6.0,802.8,2025-08-24 16:30:30+00:00,0.04425,0.0355,0.0535,0.04525
Finlay Beverages,237.0,6.0,802.8,2025-08-24 16:45:30+00:00,0.039,0.0305,0.04925,0.03975
Finlay Beverages,237.0,6.0,802.8,2025-08-24 17:00:30+00:00,0.036,0.0245,0.0475,0.0365
Finlay Beverages,237.0,6.0,802.8,2025-08-24 17:15:30+00:00,0.0325,0.0175,0.04275,0.033
Finlay Beverages,237.0,6.0,802.8,2025-08-24 17:30:30+00:00,0.02125,0.01075,0.03525,0.0215
Finlay Beverages,237.0,6.0,802.8,2025-08-24 17:45:30+00:00,0.01475,0.0055,0.02525,0.01475
Finlay Beverages,237.0,6.0,802.8,2025-08-24 18:00:30+00:00,0.01,0.0035,0.018,0.01025
Finlay Beverages,237.0,6.0,802.8,2025-08-24 18:15:30+00:00,0.00725,0.00275,0.01175,0.00725
Finlay Beverages,237.0,6.0,802.8,2025-08-24 18:30:30+00:00,0.0045,0.0015,0.00725,0.0045
Finlay Beverages,237.0,6.0,802.8,2025-08-24 18:45:30+00:00,0.00175,0.00075,0.00375,0.00175
Finlay Beverages,237.0,6.0,802.8,2025-08-24 19:00:30+00:00,0.0005,0.00025,0.00125,0.0005
Finlay Beverages,237.0,6.0,802.8,2025-08-24 19:15:30+00:00,0.0,0.0,0.0,0.0
Finlay Beverages,237.0,6.0,802.8,2025-08-24 19:30:30+00:00,0.0,0.0,0.0,0.0
Finlay Beverages,237.0,6.0,802.8,2025-08-24 19:45:30+00:00,0.0,0.0,0.0,0.0
Finlay Beverages,237.0,6.0,802.8,2025-08-24 20:00:30+00:00,0.0,0.0,0.0,0.0
Finlay Beverages,237.0,6.0,802.8,2025-08-24 20:15:30+00:00,0.0,0.0,0.0,0.0
Finlay Beverages,237.0,6.0,802.8,2025-08-24 20:30:30+00:00,0.0,0.0,0.0,0.0
Finlay Beverages,237.0,6.0,802.8,2025-08-24 20:45:30+00:00,0.0,0.0,0.0,0.0
Finlay Beverages,237.0,6.0,802.8,2025-08-24 21:00:30+00:00,0.0,0.0,0.0,0.0
Finlay Beverages,237.0,6.0,802.8,2025-08-24 21:15:30+00:00,0.0,0.0,0.0,0.0
Finlay Beverages,237.0,6.0,802.8,2025-08-24 21:30:30+00:00,0.0,0.0,0.0,0.0
Finlay Beverages,237.0,6.0,802.8,2025-08-24 21:45:30+00:00,0.0,0.0,0.0,0.0
Finlay Beverages,237.0,6.0,802.8,2025-08-24 22:00:30+00:00,0.0,0.0,0.0,0.0
Finlay Beverages,237.0,6.0,802.8,2025-08-24 22:15:30+00:00,0.0,0.0,0.0,0.0
Finlay Beverages,237.0,6.0,802.8,2025-08-24 22:30:30+00:00,0.0,0.0,0.0,0.0
Finlay Beverages,237.0,6.0,802.8,2025-08-24 22:45:30+00:00,0.0,0.0,0.0,0.0
Finlay Beverages,237.0,6.0,802.8,2025-08-24 23:00:30+00:00,0.0,0.0,0.0,0.0
Finlay Beverages,237.0,6.0,802.8,2025-08-24 23:15:30+00:00,0.0,0.0,0.0,0.0
Finlay Beverages,237.0,6.0,802.8,2025-08-24 23:30:30+00:00,0.0,0.0,0.0,0.0
Finlay Beverages,237.0,6.0,802.8,2025-08-24 23:45:30+00:00,0.0,0.0,0.0,0.0
Finlay Beverages,237.0,6.0,802.8,2025-08-25 00:00:30+00:00,0.0,0.0,0.0,0.0
Finlay Beverages,237.0,6.0,802.8,2025-08-25 00:15:30+00:00,0.0,0.0,0.0,0.0
Finlay Beverages,237.0,6.0,802.8,2025-08-25 00:30:30+00:00,0.0,0.0,0.0,0.0
Finlay Beverages,237.0,6.0,802.8,2025-08-25 00:45:30+00:00,0.0,0.0,0.0,0.0
Finlay Beverages,237.0,6.0,802.8,2025-08-25 01:00:30+00:00,0.0,0.0,0.0,0.0
Finlay Beverages,237.0,6.0,802.8,2025-08-25 01:15:30+00:00,0.0,0.0,0.0,0.0
Finlay Beverages,237.0,6.0,802.8,2025-08-25 01:30:30+00:00,0.0,0.0,0.0,0.0
Finlay Beverages,237.0,6.0,802.8,2025-08-25 01:45:30+00:00,0.0,0.0,0.0,0.0
Finlay Beverages,237.0,6.0,802.8,2025-08-25 02:00:30+00:00,0.0,0.0,0.0,0.0
Finlay Beverages,237.0,6.0,802.8,2025-08-25 02:15:30+00:00,0.0,0.0,0.0,0.0
Finlay Beverages,237.0,6.0,802.8,2025-08-25 02:30:30+00:00,0.0,0.0,0.0,0.0
Finlay Beverages,237.0,6.0,802.8,2025-08-25 02:45:30+00:00,0.0,0.0,0.0,0.0
Finlay Beverages,237.0,6.0,802.8,2025-08-25 03:00:30+00:00,0.0,0.0,0.0,0.0
Finlay Beverages,237.0,6.0,802.8,2025-08-25 03:15:30+00:00,0.0,0.0,0.0,0.0
Finlay Beverages,237.0,6.0,802.8,2025-08-25 03:30:30+00:00,0.0,0.0,0.0,0.0
Finlay Beverages,237.0,6.0,802.8,2025-08-25 03:45:30+00:00,0.0,0.0,0.0,0.0
Finlay Beverages,237.0,6.0,802.8,2025-08-25 04:00:30+00:00,0.0,0.0,0.0,0.0
Finlay Beverages,237.0,6.0,802.8,2025-08-25 04:15:30+00:00,0.0,0.0,0.0,0.0
Finlay Beverages,237.0,6.0,802.8,2025-08-25 04:30:30+00:00,0.0,0.0,0.0,0.0
Finlay Beverages,237.0,6.0,802.8,2025-08-25 04:45:30+00:00,0.0,0.0,0.0,0.0
Finlay Beverages,237.0,6.0,802.8,2025-08-25 05:00:30+00:00,0.00025,0.0,0.00025,0.00025
Finlay Beverages,237.0,6.0,802.8,2025-08-25 05:15:30+00:00,0.0035,0.00275,0.00425,0.0035
Finlay Beverages,237.0,6.0,802.8,2025-08-25 05:30:30+00:00,0.01025,0.00775,0.012,0.00925
Finlay Beverages,237.0,6.0,802.8,2025-08-25 05:45:30+00:00,0.019,0.0135,0.0205,0.0175
Finlay Beverages,237.0,6.0,802.8,2025-08-25 06:00:30+00:00,0.02625,0.02,0.0295,0.025
Finlay Beverages,237.0,6.0,802.8,2025-08-25 06:15:30+00:00,0.03375,0.02675,0.0385,0.03325
Finlay Beverages,237.0,6.0,802.8,2025-08-25 06:30:30+00:00,0.042,0.0345,0.0475,0.042
Finlay Beverages,237.0,6.0,802.8,2025-08-25 06:45:30+00:00,0.05,0.04275,0.057,0.05075
Finlay Beverages,237.0,6.0,802.8,2025-08-25 07:00:30+00:00,0.05875,0.0515,0.06575,0.06
Finlay Beverages,237.0,6.0,802.8,2025-08-25 07:15:30+00:00,0.067,0.06075,0.0735,0.0695
Finlay Beverages,237.0,6.0,802.8,2025-08-25 07:30:30+00:00,0.0755,0.07,0.081,0.07875
Finlay Beverages,237.0,6.0,802.8,2025-08-25 07:45:30+00:00,0.084,0.07925,0.08875,0.08825
Finlay Beverages,237.0,6.0,802.8,2025-08-25 08:00:30+00:00,0.092,0.0875,0.0965,0.09725
Finlay Beverages,237.0,6.0,802.8,2025-08-25 08:15:30+00:00,0.09975,0.09525,0.1045,0.10625
Finlay Beverages,237.0,6.0,802.8,2025-08-25 08:30:30+00:00,0.1075,0.1025,0.11225,0.11475
Finlay Beverages,237.0,6.0,802.8,2025-08-25 08:45:30+00:00,0.11475,0.10975,0.1195,0.12325
Finlay Beverages,237.0,6.0,802.8,2025-08-25 09:00:30+00:00,0.12175,0.11625,0.1265,0.131
Finlay Beverages,237.0,6.0,802.8,2025-08-25 09:15:30+00:00,0.128,0.12225,0.133,0.13825
Finlay Beverages,237.0,6.0,802.8,2025-08-25 09:30:30+00:00,0.13325,0.12775,0.13875,0.14425
Finlay Beverages,237.0,6.0,802.8,2025-08-25 09:45:30+00:00,0.13875,0.13275,0.1445,0.15075
Finlay Beverages,237.0,6.0,802.8,2025-08-25 10:00:30+00:00,0.144,0.1375,0.15,0.15675
Finlay Beverages,237.0,6.0,802.8,2025-08-25 10:15:30+00:00,0.1485,0.14125,0.15425,0.162
Finlay Beverages,237.0,6.0,802.8,2025-08-25 10:30:30+00:00,0.15125,0.14475,0.15825,0.165
Finlay Beverages,237.0,6.0,802.8,2025-08-25 10:45:30+00:00,0.155,0.148,0.16175,0.1695
Finlay Beverages,237.0,6.0,802.8,2025-08-25 11:00:30+00:00,0.15825,0.151,0.1645,0.17325
Finlay Beverages,237.0,6.0,802.8,2025-08-25 11:15:30+00:00,0.16,0.15225,0.16725,0.1755
Finlay Beverages,237.0,6.0,802.8,2025-08-25 11:30:30+00:00,0.16125,0.1525,0.16975,0.17675
Finlay Beverages,237.0,6.0,802.8,2025-08-25 11:45:30+00:00,0.162,0.15125,0.171,0.17775
Finlay Beverages,237.0,6.0,802.8,2025-08-25 12:00:30+00:00,0.16025,0.14675,0.17375,0.17575
Finlay Beverages,237.0,6.0,802.8,2025-08-25 12:15:30+00:00,0.15825,0.143,0.17425,0.173
Finlay Beverages,237.0,6.0,802.8,2025-08-25 12:30:30+00:00,0.15725,0.13275,0.1755,0.17175
Finlay Beverages,237.0,6.0,802.8,2025-08-25 12:45:30+00:00,0.1475,0.12675,0.17475,0.16
Finlay Beverages,237.0,6.0,802.8,2025-08-25 13:00:30+00:00,0.14625,0.11375,0.16975,0.15825
Finlay Beverages,237.0,6.0,802.8,2025-08-25 13:15:30+00:00,0.13225,0.111,0.17025,0.1415
Finlay Beverages,237.0,6.0,802.8,2025-08-25 13:30:30+00:00,0.1405,0.10925,0.16975,0.1515
Finlay Beverages,237.0,6.0,802.8,2025-08-25 13:45:30+00:00,0.14675,0.117,0.164,0.15975
Finlay Beverages,237.0,6.0,802.8,2025-08-25 14:00:30+00:00,0.14475,0.1235,0.15875,0.1575
Finlay Beverages,237.0,6.0,802.8,2025-08-25 14:15:30+00:00,0.13675,0.12625,0.14925,0.14825
Finlay Beverages,237.0,6.0,802.8,2025-08-25 14:30:30+00:00,0.13125,0.12375,0.1385,0.142
Finlay Beverages,237.0,6.0,802.8,2025-08-25 14:45:30+00:00,0.1255,0.11925,0.13225,0.1355
Finlay Beverages,237.0,6.0,802.8,2025-08-25 15:00:30+00:00,0.12,0.11275,0.12675,0.12925
Finlay Beverages,237.0,6.0,802.8,2025-08-25 15:15:30+00:00,0.11375,0.1055,0.121,0.122
Finlay Beverages,237.0,6.0,802.8,2025-08-25 15:30:30+00:00,0.10625,0.09625,0.11375,0.11325
Finlay Beverages,237.0,6.0,802.8,2025-08-25 15:45:30+00:00,0.09525,0.0895,0.1055,0.10075
Finlay Beverages,237.0,6.0,802.8,2025-08-25 16:00:30+00:00,0.0905,0.0825,0.097,0.0955
Finlay Beverages,237.0,6.0,802.8,2025-08-25 16:15:30+00:00,0.08325,0.0765,0.0895,0.0875
Finlay Beverages,237.0,6.0,802.8,2025-08-25 16:30:30+00:00,0.07525,0.06875,0.08175,0.0785
Finlay Beverages,237.0,6.0,802.8,2025-08-25 16:45:30+00:00,0.067,0.05975,0.07375,0.06925
Finlay Beverages,237.0,6.0,802.8,2025-08-25 17:00:30+00:00,0.05775,0.05025,0.06575,0.059
Finlay Beverages,237.0,6.0,802.8,2025-08-25 17:15:30+00:00,0.049,0.041,0.0565,0.0495
Finlay Beverages,237.0,6.0,802.8,2025-08-25 17:30:30+00:00,0.04075,0.03275,0.04725,0.04075
Finlay Beverages,237.0,6.0,802.8,2025-08-25 17:45:30+00:00,0.0325,0.02475,0.038,0.03175
Finlay Beverages,237.0,6.0,802.8,2025-08-25 18:00:30+00:00,0.024,0.0175,0.029,0.023
Finlay Beverages,237.0,6.0,802.8,2025-08-25 18:15:30+00:00,0.01625,0.01125,0.02,0.015
Finlay Beverages,237.0,6.0,802.8,2025-08-25 18:30:30+00:00,0.009,0.00625,0.0115,0.00825
Finlay Beverages,237.0,6.0,802.8,2025-08-25 18:45:30+00:00,0.003,0.0025,0.004,0.003
Finlay Beverages,237.0,6.0,802.8,2025-08-25 19:00:30+00:00,0.0005,0.00025,0.0005,0.0005
Finlay Beverages,237.0,6.0,802.8,2025-08-25 19:15:30+00:00,0.0,0.0,0.0,0.0
Finlay Beverages,237.0,6.0,802.8,2025-08-25 19:30:30+00:00,0.0,0.0,0.0,0.0
Finlay Beverages,237.0,6.0,802.8,2025-08-25 19:45:30+00:00,0.0,0.0,0.0,0.0
Finlay Beverages,237.0,6.0,802.8,2025-08-25 20:00:30+00:00,0.0,0.0,0.0,0.0
Finlay Beverages,237.0,6.0,802.8,2025-08-25 20:15:30+00:00,0.0,0.0,0.0,0.0
Finlay Beverages,237.0,6.0,802.8,2025-08-25 20:30:30+00:00,0.0,0.0,0.0,0.0
Finlay Beverages,237.0,6.0,802.8,2025-08-25 20:45:30+00:00,0.0,0.0,0.0,0.0
Finlay Beverages,237.0,6.0,802.8,2025-08-25 21:00:30+00:00,0.0,0.0,0.0,0.0
Finlay Beverages,237.0,6.0,802.8,2025-08-25 21:15:30+00:00,0.0,0.0,0.0,0.0
Finlay Beverages,237.0,6.0,802.8,2025-08-25 21:30:30+00:00,0.0,0.0,0.0,0.0
Finlay Beverages,237.0,6.0,802.8,2025-08-25 21:45:30+00:00,0.0,0.0,0.0,0.0
Finlay Beverages,237.0,6.0,802.8,2025-08-25 22:00:30+00:00,0.0,0.0,0.0,0.0
Finlay Beverages,237.0,6.0,802.8,2025-08-25 22:15:30+00:00,0.0,0.0,0.0,0.0
Finlay Beverages,237.0,6.0,802.8,2025-08-25 22:30:30+00:00,0.0,0.0,0.0,0.0
Finlay Beverages,237.0,6.0,802.8,2025-08-25 22:45:30+00:00,0.0,0.0,0.0,0.0
Finlay Beverages,237.0,6.0,802.8,2025-08-25 23:00:30+00:00,0.0,0.0,0.0,0.0
Finlay Beverages,237.0,6.0,802.8,2025-08-25 23:15:30+00:00,0.0,0.0,0.0,0.0
Finlay Beverages,237.0,6.0,802.8,2025-08-25 23:30:30+00:00,0.0,0.0,0.0,0.0
Finlay Beverages,237.0,6.0,802.8,2025-08-25 23:45:30+00:00,0.0,0.0,0.0,0.0
Finlay Beverages,237.0,6.0,802.8,2025-08-26 00:00:30+00:00,0.0,0.0,0.0,0.0
Finlay Beverages,237.0,6.0,802.8,2025-08-26 00:15:30+00:00,0.0,0.0,0.0,0.0
Finlay Beverages,237.0,6.0,802.8,2025-08-26 00:30:30+00:00,0.0,0.0,0.0,0.0
Finlay Beverages,237.0,6.0,802.8,2025-08-26 00:45:30+00:00,0.0,0.0,0.0,0.0
Finlay Beverages,237.0,6.0,802.8,2025-08-26 01:00:30+00:00,0.0,0.0,0.0,0.0
Finlay Beverages,237.0,6.0,802.8,2025-08-26 01:15:30+00:00,0.0,0.0,0.0,0.0
Finlay Beverages,237.0,6.0,802.8,2025-08-26 01:30:30+00:00,0.0,0.0,0.0,0.0
Finlay Beverages,237.0,6.0,802.8,2025-08-26 01:45:30+00:00,0.0,0.0,0.0,0.0
Finlay Beverages,237.0,6.0,802.8,2025-08-26 02:00:30+00:00,0.0,0.0,0.0,0.0
Finlay Beverages,237.0,6.0,802.8,2025-08-26 02:15:30+00:00,0.0,0.0,0.0,0.0
Finlay Beverages,237.0,6.0,802.8,2025-08-26 02:30:30+00:00,0.0,0.0,0.0,0.0
Finlay Beverages,237.0,6.0,802.8,2025-08-26 02:45:30+00:00,0.0,0.0,0.0,0.0
Finlay Beverages,237.0,6.0,802.8,2025-08-26 03:00:30+00:00,0.0,0.0,0.0,0.0
Finlay Beverages,237.0,6.0,802.8,2025-08-26 03:15:30+00:00,0.0,0.0,0.0,0.0
Finlay Beverages,237.0,6.0,802.8,2025-08-26 03:30:30+00:00,0.0,0.0,0.0,0.0
Finlay Beverages,237.0,6.0,802.8,2025-08-26 03:45:30+00:00,0.0,0.0,0.0,0.0
Finlay Beverages,237.0,6.0,802.8,2025-08-26 04:00:30+00:00,0.0,0.0,0.0,0.0
Finlay Beverages,237.0,6.0,802.8,2025-08-26 04:15:30+00:00,0.0,0.0,0.0,0.0
Finlay Beverages,237.0,6.0,802.8,2025-08-26 04:30:30+00:00,0.0,0.0,0.0,0.0
Finlay Beverages,237.0,6.0,802.8,2025-08-26 04:45:30+00:00,0.0,0.0,0.0,0.0
Finlay Beverages,237.0,6.0,802.8,2025-08-26 05:00:30+00:00,0.0,0.0,0.0,0.0
Finlay Beverages,237.0,6.0,802.8,2025-08-26 05:15:30+00:00,0.00025,0.00025,0.00075,0.00025
Finlay Beverages,237.0,6.0,802.8,2025-08-26 05:30:30+00:00,0.0005,0.00025,0.00225,0.0005
Finlay Beverages,237.0,6.0,802.8,2025-08-26 05:45:30+00:00,0.01525,0.003,0.02025,0.0145
Finlay Beverages,237.0,6.0,802.8,2025-08-26 06:00:30+00:00,0.01625,0.00325,0.02875,0.016
Finlay Beverages,237.0,6.0,802.8,2025-08-26 06:15:30+00:00,0.01575,0.003,0.03125,0.01575
Finlay Beverages,237.0,6.0,802.8,2025-08-26 06:30:30+00:00,0.00825,0.0035,0.033,0.00825
Finlay Beverages,237.0,6.0,802.8,2025-08-26 06:45:30+00:00,0.01875,0.00425,0.0465,0.01875
Finlay Beverages,237.0,6.0,802.8,2025-08-26 07:00:30+00:00,0.0375,0.0075,0.05325,0.038
Finlay Beverages,237.0,6.0,802.8,2025-08-26 07:15:30+00:00,0.025,0.00575,0.064,0.0255
Finlay Beverages,237.0,6.0,802.8,2025-08-26 07:30:30+00:00,0.03575,0.007,0.076,0.03625
Finlay Beverages,237.0,6.0,802.8,2025-08-26 07:45:30+00:00,0.05825,0.0175,0.09675,0.06
Finlay Beverages,237.0,6.0,802.8,2025-08-26 08:00:30+00:00,0.07775,0.02725,0.105,0.08125
Finlay Beverages,237.0,6.0,802.8,2025-08-26 08:15:30+00:00,0.06575,0.02275,0.10875,0.06825
Finlay Beverages,237.0,6.0,802.8,2025-08-26 08:30:30+00:00,0.0535,0.013,0.11375,0.05475
Finlay Beverages,237.0,6.0,802.8,2025-08-26 08:45:30+00:00,0.06925,0.0215,0.133,0.0715
Finlay Beverages,237.0,6.0,802.8,2025-08-26 09:00:30+00:00,0.11125,0.04425,0.1375,0.1185
Finlay Beverages,237.0,6.0,802.8,2025-08-26 09:15:30+00:00,0.12725,0.07775,0.143,0.1375
Finlay Beverages,237.0,6.0,802.8,2025-08-26 09:30:30+00:00,0.12875,0.09875,0.14975,0.13925
Finlay Beverages,237.0,6.0,802.8,2025-08-26 09:45:30+00:00,0.12875,0.1165,0.14575,0.139
Finlay Beverages,237.0,6.0,802.8,2025-08-26 10:00:30+00:00,0.13525,0.1225,0.14825,0.1465
Finlay Beverages,237.0,6.0,802.8,2025-08-26 10:15:30+00:00,0.14175,0.12725,0.155,0.15425
Finlay Beverages,237.0,6.0,802.8,2025-08-26 10:30:30+00:00,0.14675,0.12925,0.1625,0.16
Finlay Beverages,237.0,6.0,802.8,2025-08-26 10:45:30+00:00,0.14975,0.12025,0.1705,0.16325
Finlay Beverages,237.0,6.0,802.8,2025-08-26 11:00:30+00:00,0.14,0.11175,0.1785,0.1515
Finlay Beverages,237.0,6.0,802.8,2025-08-26 11:15:30+00:00,0.15625,0.083,0.18025,0.1695
Finlay Beverages,237.0,6.0,802.8,2025-08-26 11:30:30+00:00,0.12725,0.05875,0.18475,0.13625
Finlay Beverages,237.0,6.0,802.8,2025-08-26 11:45:30+00:00,0.1105,0.022,0.18,0.11675
Finlay Beverages,237.0,6.0,802.8,2025-08-26 12:00:30+00:00,0.051,0.01425,0.17425,0.05275
Finlay Beverages,237.0,6.0,802.8,2025-08-26 12:15:30+00:00,0.10425,0.02075,0.169,0.11125
Finlay Beverages,237.0,6.0,802.8,2025-08-26 12:30:30+00:00,0.1195,0.04025,0.18225,0.12675
Finlay Beverages,237.0,6.0,802.8,2025-08-26 12:45:30+00:00,0.109,0.04725,0.18025,0.115
Finlay Beverages,237.0,6.0,802.8,2025-08-26 13:00:30+00:00,0.111,0.03375,0.15325,0.11725
Finlay Beverages,237.0,6.0,802.8,2025-08-26 13:15:30+00:00,0.06125,0.03,0.15475,0.06325
Finlay Beverages,237.0,6.0,802.8,2025-08-26 13:30:30+00:00,0.09925,0.01975,0.13775,0.105
Finlay Beverages,237.0,6.0,802.8,2025-08-26 13:45:30+00:00,0.05725,0.01275,0.1405,0.0595
Finlay Beverages,237.0,6.0,802.8,2025-08-26 14:00:30+00:00,0.04425,0.0125,0.147,0.04525
Finlay Beverages,237.0,6.0,802.8,2025-08-26 14:15:30+00:00,0.1075,0.0215,0.14825,0.11425
Finlay Beverages,237.0,6.0,802.8,2025-08-26 14:30:30+00:00,0.08525,0.017,0.14625,0.0895
Finlay Beverages,237.0,6.0,802.8,2025-08-26 14:45:30+00:00,0.0405,0.011,0.14,0.04125
Finlay Beverages,237.0,6.0,802.8,2025-08-26 15:00:30+00:00,0.08875,0.01775,0.13575,0.09375
Finlay Beverages,237.0,6.0,802.8,2025-08-26 15:15:30+00:00,0.09525,0.04175,0.13,0.10025
Finlay Beverages,237.0,6.0,802.8,2025-08-26 15:30:30+00:00,0.0835,0.0535,0.12225,0.0875
Finlay Beverages,237.0,6.0,802.8,2025-08-26 15:45:30+00:00,0.08775,0.06025,0.11,0.09225
Finlay Beverages,237.0,6.0,802.8,2025-08-26 16:00:30+00:00,0.08425,0.06325,0.1035,0.0885
Finlay Beverages,237.0,6.0,802.8,2025-08-26 16:15:30+00:00,0.08225,0.06025,0.094,0.0865
Finlay Beverages,237.0,6.0,802.8,2025-08-26 16:30:30+00:00,0.07625,0.052,0.08475,0.07975
Finlay Beverages,237.0,6.0,802.8,2025-08-26 16:45:30+00:00,0.06775,0.03425,0.07575,0.07
Finlay Beverages,237.0,6.0,802.8,2025-08-26 17:00:30+00:00,0.0445,0.01475,0.0665,0.04525
Finlay Beverages,237.0,6.0,802.8,2025-08-26 17:15:30+00:00,0.0215,0.00425,0.05325,0.02175
Finlay Beverages,237.0,6.0,802.8,2025-08-26 17:30:30+00:00,0.014,0.0035,0.04,0.01425
Finlay Beverages,237.0,6.0,802.8,2025-08-26 17:45:30+00:00,0.0185,0.00375,0.03625,0.0185
Finlay Beverages,237.0,6.0,802.8,2025-08-26 18:00:30+00:00,0.02225,0.0055,0.0285,0.02175
Finlay Beverages,237.0,6.0,802.8,2025-08-26 18:15:30+00:00,0.0175,0.0075,0.02,0.01625
Finlay Beverages,237.0,6.0,802.8,2025-08-26 18:30:30+00:00,0.01,0.0055,0.0115,0.0085
Finlay Beverages,237.0,6.0,802.8,2025-08-26 18:45:30+00:00,0.003,0.00275,0.0035,0.00275
Finlay Beverages,237.0,6.0,802.8,2025-08-26 19:00:30+00:00,0.00025,0.00025,0.0005,0.00025
Finlay Beverages,237.0,6.0,802.8,2025-08-26 19:15:30+00:00,0.0,0.0,0.0,0.0
Finlay Beverages,237.0,6.0,802.8,2025-08-26 19:30:30+00:00,0.0,0.0,0.0,0.0
Finlay Beverages,237.0,6.0,802.8,2025-08-26 19:45:30+00:00,0.0,0.0,0.0,0.0
Finlay Beverages,237.0,6.0,802.8,2025-08-26 20:00:30+00:00,0.0,0.0,0.0,0.0
Finlay Beverages,237.0,6.0,802.8,2025-08-26 20:15:30+00:00,0.0,0.0,0.0,0.0
Finlay Beverages,237.0,6.0,802.8,2025-08-26 20:30:30+00:00,0.0,0.0,0.0,0.0
Finlay Beverages,237.0,6.0,802.8,2025-08-26 20:45:30+00:00,0.0,0.0,0.0,0.0
Finlay Beverages,237.0,6.0,802.8,2025-08-26 21:00:30+00:00,0.0,0.0,0.0,0.0
Finlay Beverages,237.0,6.0,802.8,2025-08-26 21:15:30+00:00,0.0,0.0,0.0,0.0
Finlay Beverages,237.0,6.0,802.8,2025-08-26 21:30:30+00:00,0.0,0.0,0.0,0.0
Finlay Beverages,237.0,6.0,802.8,2025-08-26 21:45:30+00:00,0.0,0.0,0.0,0.0
Finlay Beverages,237.0,6.0,802.8,2025-08-26 22:00:30+00:00,0.0,0.0,0.0,0.0
Finlay Beverages,237.0,6.0,802.8,2025-08-26 22:15:30+00:00,0.0,0.0,0.0,0.0
Finlay Beverages,237.0,6.0,802.8,2025-08-26 22:30:30+00:00,0.0,0.0,0.0,0.0
Finlay Beverages,237.0,6.0,802.8,2025-08-26 22:45:30+00:00,0.0,0.0,0.0,0.0
Finlay Beverages,237.0,6.0,802.8,2025-08-26 23:00:30+00:00,0.0,0.0,0.0,0.0
Finlay Beverages,237.0,6.0,802.8,2025-08-26 23:15:30+00:00,0.0,0.0,0.0,0.0
Finlay Beverages,237.0,6.0,802.8,2025-08-26 23:30:30+00:00,0.0,0.0,0.0,0.0
Finlay Beverages,237.0,6.0,802.8,2025-08-26 23:45:30+00:00,0.0,0.0,0.0,0.0
Finlay Beverages,237.0,6.0,802.8,2025-08-27 00:00:30+00:00,0.0,0.0,0.0,0.0
Finlay Beverages,237.0,6.0,802.8,2025-08-27 00:15:30+00:00,0.0,0.0,0.0,0.0
Finlay Beverages,237.0,6.0,802.8,2025-08-27 00:30:30+00:00,0.0,0.0,0.0,0.0
Finlay Beverages,237.0,6.0,802.8,2025-08-27 00:45:30+00:00,0.0,0.0,0.0,0.0
Finlay Beverages,237.0,6.0,802.8,2025-08-27 01:00:30+00:00,0.0,0.0,0.0,0.0
Finlay Beverages,237.0,6.0,802.8,2025-08-27 01:15:30+00:00,0.0,0.0,0.0,0.0
Finlay Beverages,237.0,6.0,802.8,2025-08-27 01:30:30+00:00,0.0,0.0,0.0,0.0
Finlay Beverages,237.0,6.0,802.8,2025-08-27 01:45:30+00:00,0.0,0.0,0.0,0.0
Finlay Beverages,237.0,6.0,802.8,2025-08-27 02:00:30+00:00,0.0,0.0,0.0,0.0
Finlay Beverages,237.0,6.0,802.8,2025-08-27 02:15:30+00:00,0.0,0.0,0.0,0.0
Finlay Beverages,237.0,6.0,802.8,2025-08-27 02:30:30+00:00,0.0,0.0,0.0,0.0
Finlay Beverages,237.0,6.0,802.8,2025-08-27 02:45:30+00:00,0.0,0.0,0.0,0.0
Finlay Beverages,237.0,6.0,802.8,2025-08-27 03:00:30+00:00,0.0,0.0,0.0,0.0
Finlay Beverages,237.0,6.0,802.8,2025-08-27 03:15:30+00:00,0.0,0.0,0.0,0.0
Finlay Beverages,237.0,6.0,802.8,2025-08-27 03:30:30+00:00,0.0,0.0,0.0,0.0
Finlay Beverages,237.0,6.0,802.8,2025-08-27 03:45:30+00:00,0.0,0.0,0.0,0.0
Finlay Beverages,237.0,6.0,802.8,2025-08-27 04:00:30+00:00,0.0,0.0,0.0,0.0
Finlay Beverages,237.0,6.0,802.8,2025-08-27 04:15:30+00:00,0.0,0.0,0.0,0.0
Finlay Beverages,237.0,6.0,802.8,2025-08-27 04:30:30+00:00,0.0,0.0,0.0,0.0
Finlay Beverages,237.0,6.0,802.8,2025-08-27 04:45:30+00:00,0.0,0.0,0.0,0.0
Finlay Beverages,237.0,6.0,802.8,2025-08-27 05:00:30+00:00,0.001,0.00075,0.00125,0.001
Finlay Beverages,237.0,6.0,802.8,2025-08-27 05:15:30+00:00,0.00275,0.00225,0.00375,0.00275
Finlay Beverages,237.0,6.0,802.8,2025-08-27 05:30:30+00:00,0.00825,0.0055,0.01075,0.0075
Finlay Beverages,237.0,6.0,802.8,2025-08-27 05:45:30+00:00,0.015,0.0105,0.01975,0.014
Finlay Beverages,237.0,6.0,802.8,2025-08-27 06:00:30+00:00,0.024,0.016,0.02875,0.023
Finlay Beverages,237.0,6.0,802.8,2025-08-27 06:15:30+00:00,0.03275,0.0215,0.038,0.032
Finlay Beverages,237.0,6.0,802.8,2025-08-27 06:30:30+00:00,0.0395,0.0225,0.04725,0.0395
Finlay Beverages,237.0,6.0,802.8,2025-08-27 06:45:30+00:00,0.0375,0.025,0.057,0.03775
Finlay Beverages,237.0,6.0,802.8,2025-08-27 07:00:30+00:00,0.048,0.0315,0.06675,0.049
Finlay Beverages,237.0,6.0,802.8,2025-08-27 07:15:30+00:00,0.068,0.04425,0.076,0.0705
Finlay Beverages,237.0,6.0,802.8,2025-08-27 07:30:30+00:00,0.07725,0.06125,0.085,0.081
Finlay Beverages,237.0,6.0,802.8,2025-08-27 07:45:30+00:00,0.0845,0.0755,0.094,0.08925
Finlay Beverages,237.0,6.0,802.8,2025-08-27 08:00:30+00:00,0.09275,0.088,0.097,0.0985
Finlay Beverages,237.0,6.0,802.8,2025-08-27 08:15:30+00:00,0.1005,0.095,0.10575,0.1075
Finlay Beverages,237.0,6.0,802.8,2025-08-27 08:30:30+00:00,0.10775,0.09575,0.1195,0.11575
Finlay Beverages,237.0,6.0,802.8,2025-08-27 08:45:30+00:00,0.1145,0.083,0.1275,0.1235
Finlay Beverages,237.0,6.0,802.8,2025-08-27 09:00:30+00:00,0.1185,0.0645,0.136,0.12725
Finlay Beverages,237.0,6.0,802.8,2025-08-27 09:15:30+00:00,0.108,0.03275,0.145,0.11475
Finlay Beverages,237.0,6.0,802.8,2025-08-27 09:30:30+00:00,0.0635,0.0225,0.15225,0.06575
Finlay Beverages,237.0,6.0,802.8,2025-08-27 09:45:30+00:00,0.086,0.0195,0.14925,0.09
Finlay Beverages,237.0,6.0,802.8,2025-08-27 10:00:30+00:00,0.103,0.0425,0.158,0.1085
Finlay Beverages,237.0,6.0,802.8,2025-08-27 10:15:30+00:00,0.111,0.067,0.16775,0.1175
Finlay Beverages,237.0,6.0,802.8,2025-08-27 10:30:30+00:00,0.13525,0.07275,0.1725,0.1455
Finlay Beverages,237.0,6.0,802.8,2025-08-27 10:45:30+00:00,0.134,0.062,0.1765,0.144
Finlay Beverages,237.0,6.0,802.8,2025-08-27 11:00:30+00:00,0.11075,0.022,0.1825,0.11725
Finlay Beverages,237.0,6.0,802.8,2025-08-27 11:15:30+00:00,0.059,0.014,0.171,0.06075
Finlay Beverages,237.0,6.0,802.8,2025-08-27 11:30:30+00:00,0.08825,0.0175,0.14125,0.09275
Finlay Beverages,237.0,6.0,802.8,2025-08-27 11:45:30+00:00,0.05875,0.01425,0.1285,0.0605
Finlay Beverages,237.0,6.0,802.8,2025-08-27 12:00:30+00:00,0.04075,0.0145,0.09925,0.0415
Finlay Beverages,237.0,6.0,802.8,2025-08-27 12:15:30+00:00,0.042,0.0145,0.092,0.04275
Finlay Beverages,237.0,6.0,802.8,2025-08-27 12:30:30+00:00,0.05825,0.0155,0.09775,0.05925
Finlay Beverages,237.0,6.0,802.8,2025-08-27 12:45:30+00:00,0.069,0.014,0.10925,0.07075
Finlay Beverages,237.0,6.0,802.8,2025-08-27 13:00:30+00:00,0.054,0.01375,0.10725,0.05525
Finlay Beverages,237.0,6.0,802.8,2025-08-27 13:15:30+00:00,0.02675,0.01375,0.0905,0.02725
Finlay Beverages,237.0,6.0,802.8,2025-08-27 13:30:30+00:00,0.01225,0.008,0.0495,0.0125
Finlay Beverages,237.0,6.0,802.8,2025-08-27 13:45:30+00:00,0.027,0.013,0.10175,0.02725
Finlay Beverages,237.0,6.0,802.8,2025-08-27 14:00:30+00:00,0.055,0.0125,0.138,0.0565
Finlay Beverages,237.0,6.0,802.8,2025-08-27 14:15:30+00:00,0.102,0.02675,0.15825,0.10825
Finlay Beverages,237.0,6.0,802.8,2025-08-27 14:30:30+00:00,0.132,0.062,0.14925,0.14225
Finlay Beverages,237.0,6.0,802.8,2025-08-27 14:45:30+00:00,0.1295,0.0885,0.14125,0.14025
Finlay Beverages,237.0,6.0,802.8,2025-08-27 15:00:30+00:00,0.1225,0.10175,0.134,0.13275
Finlay Beverages,237.0,6.0,802.8,2025-08-27 15:15:30+00:00,0.11575,0.09,0.1265,0.12475
Finlay Beverages,237.0,6.0,802.8,2025-08-27 15:30:30+00:00,0.10375,0.0685,0.119,0.111
Finlay Beverages,237.0,6.0,802.8,2025-08-27 15:45:30+00:00,0.097,0.03525,0.11125,0.1025
Finlay Beverages,237.0,6.0,802.8,2025-08-27 16:00:30+00:00,0.0515,0.0135,0.1045,0.05325
Finlay Beverages,237.0,6.0,802.8,2025-08-27 16:15:30+00:00,0.02825,0.007,0.0735,0.02875
Finlay Beverages,237.0,6.0,802.8,2025-08-27 16:30:30+00:00,0.01,0.00625,0.0405,0.01025
Finlay Beverages,237.0,6.0,802.8,2025-08-27 16:45:30+00:00,0.0375,0.0075,0.06875,0.0385
Finlay Beverages,237.0,6.0,802.8,2025-08-27 17:00:30+00:00,0.05625,0.0185,0.06525,0.0575
Finlay Beverages,237.0,6.0,802.8,2025-08-27 17:15:30+00:00,0.05125,0.0275,0.0555,0.052
Finlay Beverages,237.0,6.0,802.8,2025-08-27 17:30:30+00:00,0.039,0.0265,0.046,0.039
Finlay Beverages,237.0,6.0,802.8,2025-08-27 17:45:30+00:00,0.03175,0.02425,0.03675,0.03125
Finlay Beverages,237.0,6.0,802.8,2025-08-27 18:00:30+00:00,0.02525,0.01825,0.0275,0.024
Finlay Beverages,237.0,6.0,802.8,2025-08-27 18:15:30+00:00,0.01725,0.0125,0.01875,0.01575
Finlay Beverages,237.0,6.0,802.8,2025-08-27 18:30:30+00:00,0.009,0.00675,0.01025,0.00775
Finlay Beverages,237.0,6.0,802.8,2025-08-27 18:45:30+00:00,0.0025,0.0015,0.00275,0.00225
Finlay Beverages,237.0,6.0,802.8,2025-08-27 19:00:30+00:00,0.0,0.0,0.0,0.0
Finlay Beverages,237.0,6.0,802.8,2025-08-27 19:15:30+00:00,0.0,0.0,0.0,0.0
Finlay Beverages,237.0,6.0,802.8,2025-08-27 19:30:30+00:00,0.0,0.0,0.0,0.0
Finlay Beverages,237.0,6.0,802.8,2025-08-27 19:45:30+00:00,0.0,0.0,0.0,0.0
Finlay Beverages,237.0,6.0,802.8,2025-08-27 20:00:30+00:00,0.0,0.0,0.0,0.0
Finlay Beverages,237.0,6.0,802.8,2025-08-27 20:15:30+00:00,0.0,0.0,0.0,0.0
Finlay Beverages,237.0,6.0,802.8,2025-08-27 20:30:30+00:00,0.0,0.0,0.0,0.0
Finlay Beverages,237.0,6.0,802.8,2025-08-27 20:45:30+00:00,0.0,0.0,0.0,0.0
Finlay Beverages,237.0,6.0,802.8,2025-08-27 21:00:30+00:00,0.0,0.0,0.0,0.0
Finlay Beverages,237.0,6.0,802.8,2025-08-27 21:15:30+00:00,0.0,0.0,0.0,0.0
Finlay Beverages,237.0,6.0,802.8,2025-08-27 21:30:30+00:00,0.0,0.0,0.0,0.0
Finlay Beverages,237.0,6.0,802.8,2025-08-27 21:45:30+00:00,0.0,0.0,0.0,0.0
Finlay Beverages,237.0,6.0,802.8,2025-08-27 22:00:30+00:00,0.0,0.0,0.0,0.0
Finlay Beverages,237.0,6.0,802.8,2025-08-27 22:15:30+00:00,0.0,0.0,0.0,0.0
Finlay Beverages,237.0,6.0,802.8,2025-08-27 22:30:30+00:00,0.0,0.0,0.0,0.0
Finlay Beverages,237.0,6.0,802.8,2025-08-27 22:45:30+00:00,0.0,0.0,0.0,0.0
Finlay Beverages,237.0,6.0,802.8,2025-08-27 23:00:30+00:00,0.0,0.0,0.0,0.0
Finlay Beverages,237.0,6.0,802.8,2025-08-27 23:15:30+00:00,0.0,0.0,0.0,0.0
Finlay Beverages,237.0,6.0,802.8,2025-08-27 23:30:30+00:00,0.0,0.0,0.0,0.0
Finlay Beverages,237.0,6.0,802.8,2025-08-27 23:45:30+00:00,0.0,0.0,0.0,0.0
Finlay Beverages,237.0,6.0,802.8,2025-08-28 00:00:30+00:00,0.0,0.0,0.0,0.0
Finlay Beverages,237.0,6.0,802.8,2025-08-28 00:15:30+00:00,0.0,0.0,0.0,0.0
Finlay Beverages,237.0,6.0,802.8,2025-08-28 00:30:30+00:00,0.0,0.0,0.0,0.0
Finlay Beverages,237.0,6.0,802.8,2025-08-28 00:45:30+00:00,0.0,0.0,0.0,0.0
Finlay Beverages,237.0,6.0,802.8,2025-08-28 01:00:30+00:00,0.0,0.0,0.0,0.0
Finlay Beverages,237.0,6.0,802.8,2025-08-28 01:15:30+00:00,0.0,0.0,0.0,0.0
Finlay Beverages,237.0,6.0,802.8,2025-08-28 01:30:30+00:00,0.0,0.0,0.0,0.0
Finlay Beverages,237.0,6.0,802.8,2025-08-28 01:45:30+00:00,0.0,0.0,0.0,0.0
Finlay Beverages,237.0,6.0,802.8,2025-08-28 02:00:30+00:00,0.0,0.0,0.0,0.0
Finlay Beverages,237.0,6.0,802.8,2025-08-28 02:15:30+00:00,0.0,0.0,0.0,0.0
Finlay Beverages,237.0,6.0,802.8,2025-08-28 02:30:30+00:00,0.0,0.0,0.0,0.0
Finlay Beverages,237.0,6.0,802.8,2025-08-28 02:45:30+00:00,0.0,0.0,0.0,0.0
Finlay Beverages,237.0,6.0,802.8,2025-08-28 03:00:30+00:00,0.0,0.0,0.0,0.0
Finlay Beverages,237.0,6.0,802.8,2025-08-28 03:15:30+00:00,0.0,0.0,0.0,0.0
Finlay Beverages,237.0,6.0,802.8,2025-08-28 03:30:30+00:00,0.0,0.0,0.0,0.0
Finlay Beverages,237.0,6.0,802.8,2025-08-28 03:45:30+00:00,0.0,0.0,0.0,0.0
Finlay Beverages,237.0,6.0,802.8,2025-08-28 04:00:30+00:00,0.0,0.0,0.0,0.0
Finlay Beverages,237.0,6.0,802.8,2025-08-28 04:15:30+00:00,0.0,0.0,0.0,0.0
Finlay Beverages,237.0,6.0,802.8,2025-08-28 04:30:30+00:00,0.0,0.0,0.0,0.0
Finlay Beverages,237.0,6.0,802.8,2025-08-28 04:45:30+00:00,0.0,0.0,0.0,0.0
Finlay Beverages,237.0,6.0,802.8,2025-08-28 05:00:30+00:00,0.0,0.0,0.0,0.0
Finlay Beverages,237.0,6.0,802.8,2025-08-28 05:15:30+00:00,0.00275,0.00225,0.00325,0.00275
Finlay Beverages,237.0,6.0,802.8,2025-08-28 05:30:30+00:00,0.009,0.00625,0.01075,0.00775
Finlay Beverages,237.0,6.0,802.8,2025-08-28 05:45:30+00:00,0.0165,0.01075,0.0195,0.015
Finlay Beverages,237.0,6.0,802.8,2025-08-28 06:00:30+00:00,0.023,0.01425,0.028,0.02225
Finlay Beverages,237.0,6.0,802.8,2025-08-28 06:15:30+00:00,0.0265,0.02,0.03725,0.02625
Finlay Beverages,237.0,6.0,802.8,2025-08-28 06:30:30+00:00,0.038,0.026,0.04625,0.038
Finlay Beverages,237.0,6.0,802.8,2025-08-28 06:45:30+00:00,0.04375,0.03225,0.054,0.0445
Finlay Beverages,237.0,6.0,802.8,2025-08-28 07:00:30+00:00,0.04725,0.037,0.05925,0.0485
Finlay Beverages,237.0,6.0,802.8,2025-08-28 07:15:30+00:00,0.053,0.04275,0.06525,0.05475
Finlay Beverages,237.0,6.0,802.8,2025-08-28 07:30:30+00:00,0.06125,0.05175,0.0745,0.06375
Finlay Beverages,237.0,6.0,802.8,2025-08-28 07:45:30+00:00,0.0745,0.05875,0.086,0.07825
Finlay Beverages,237.0,6.0,802.8,2025-08-28 08:00:30+00:00,0.08125,0.0655,0.096,0.08575
Finlay Beverages,237.0,6.0,802.8,2025-08-28 08:15:30+00:00,0.0865,0.07275,0.10875,0.09125
Finlay Beverages,237.0,6.0,802.8,2025-08-28 08:30:30+00:00,0.103,0.0815,0.1195,0.11025
Finlay Beverages,237.0,6.0,802.8,2025-08-28 08:45:30+00:00,0.1125,0.09525,0.12675,0.12125
Finlay Beverages,237.0,6.0,802.8,2025-08-28 09:00:30+00:00,0.121,0.10575,0.13375,0.13125
Finlay Beverages,237.0,6.0,802.8,2025-08-28 09:15:30+00:00,0.12775,0.11375,0.1375,0.139
Finlay Beverages,237.0,6.0,802.8,2025-08-28 09:30:30+00:00,0.1285,0.10825,0.14775,0.1395
Finlay Beverages,237.0,6.0,802.8,2025-08-28 09:45:30+00:00,0.131,0.1045,0.154,0.1425
Finlay Beverages,237.0,6.0,802.8,2025-08-28 10:00:30+00:00,0.13725,0.094,0.16,0.149
Finlay Beverages,237.0,6.0,802.8,2025-08-28 10:15:30+00:00,0.1165,0.09225,0.1585,0.12475
Finlay Beverages,237.0,6.0,802.8,2025-08-28 10:30:30+00:00,0.1195,0.096,0.153,0.128
Finlay Beverages,237.0,6.0,802.8,2025-08-28 10:45:30+00:00,0.13525,0.1055,0.15425,0.1465
Finlay Beverages,237.0,6.0,802.8,2025-08-28 11:00:30+00:00,0.13575,0.115,0.15275,0.147
Finlay Beverages,237.0,6.0,802.8,2025-08-28 11:15:30+00:00,0.131,0.112,0.15825,0.141
Finlay Beverages,237.0,6.0,802.8,2025-08-28 11:30:30+00:00,0.1365,0.1065,0.15875,0.148
Finlay Beverages,237.0,6.0,802.8,2025-08-28 11:45:30+00:00,0.132,0.097,0.159,0.14175
Finlay Beverages,237.0,6.0,802.8,2025-08-28 12:00:30+00:00,0.1155,0.0855,0.16375,0.1225
Finlay Beverages,237.0,6.0,802.8,2025-08-28 12:15:30+00:00,0.123,0.0655,0.17325,0.13175
Finlay Beverages,237.0,6.0,802.8,2025-08-28 12:30:30+00:00,0.12025,0.03975,0.178,0.128
Finlay Beverages,237.0,6.0,802.8,2025-08-28 12:45:30+00:00,0.0835,0.0165,0.16275,0.08675
Finlay Beverages,237.0,6.0,802.8,2025-08-28 13:00:30+00:00,0.05275,0.01375,0.14,0.054
Finlay Beverages,237.0,6.0,802.8,2025-08-28 13:15:30+00:00,0.071,0.01425,0.12525,0.07325
Finlay Beverages,237.0,6.0,802.8,2025-08-28 13:30:30+00:00,0.069,0.03125,0.12625,0.071
Finlay Beverages,237.0,6.0,802.8,2025-08-28 13:45:30+00:00,0.0935,0.03975,0.11825,0.09825
Finlay Beverages,237.0,6.0,802.8,2025-08-28 14:00:30+00:00,0.0765,0.047,0.11075,0.07925
Finlay Beverages,237.0,6.0,802.8,2025-08-28 14:15:30+00:00,0.0655,0.041,0.0985,0.0675
Finlay Beverages,237.0,6.0,802.8,2025-08-28 14:30:30+00:00,0.06575,0.039,0.09325,0.06775
Finlay Beverages,237.0,6.0,802.8,2025-08-28 14:45:30+00:00,0.06675,0.025,0.09525,0.069
Finlay Beverages,237.0,6.0,802.8,2025-08-28 15:00:30+00:00,0.04825,0.01025,0.0965,0.04925
Finlay Beverages,237.0,6.0,802.8,2025-08-28 15:15:30+00:00,0.0395,0.00975,0.10775,0.04025
Finlay Beverages,237.0,6.0,802.8,2025-08-28 15:30:30+00:00,0.07825,0.01625,0.10825,0.08225
Finlay Beverages,237.0,6.0,802.8,2025-08-28 15:45:30+00:00,0.07,0.03225,0.103,0.073
Finlay Beverages,237.0,6.0,802.8,2025-08-28 16:00:30+00:00,0.05425,0.034,0.08325,0.05575
Finlay Beverages,237.0,6.0,802.8,2025-08-28 16:15:30+00:00,0.0505,0.03575,0.06375,0.052
Finlay Beverages,237.0,6.0,802.8,2025-08-28 16:30:30+00:00,0.04425,0.0345,0.05925,0.04525
Finlay Beverages,237.0,6.0,802.8,2025-08-28 16:45:30+00:00,0.04525,0.02375,0.059,0.0465
Finlay Beverages,237.0,6.0,802.8,2025-08-28 17:00:30+00:00,0.0345,0.01375,0.05825,0.03525
Finlay Beverages,237.0,6.0,802.8,2025-08-28 17:15:30+00:00,0.0275,0.0055,0.04925,0.028
Finlay Beverages,237.0,6.0,802.8,2025-08-28 17:30:30+00:00,0.0085,0.00325,0.034,0.00875
Finlay Beverages,237.0,6.0,802.8,2025-08-28 17:45:30+00:00,0.00175,0.00125,0.0075,0.002
Finlay Beverages,237.0,6.0,802.8,2025-08-28 18:00:30+00:00,0.004,0.00175,0.0155,0.004
Finlay Beverages,237.0,6.0,802.8,2025-08-28 18:15:30+00:00,0.00875,0.00175,0.01475,0.0085
Finlay Beverages,237.0,6.0,802.8,2025-08-28 18:30:30+00:00,0.00525,0.001,0.00825,0.005
Finlay Beverages,237.0,6.0,802.8,2025-08-28 18:45:30+00:00,0.001,0.0005,0.00175,0.001
Finlay Beverages,237.0,6.0,802.8,2025-08-28 19:00:30+00:00,0.0,0.0,0.0,0.0
Finlay Beverages,237.0,6.0,802.8,2025-08-28 19:15:30+00:00,0.0,0.0,0.0,0.0
Finlay Beverages,237.0,6.0,802.8,2025-08-28 19:30:30+00:00,0.0,0.0,0.0,0.0
Finlay Beverages,237.0,6.0,802.8,2025-08-28 19:45:30+00:00,0.0,0.0,0.0,0.0
Finlay Beverages,237.0,6.0,802.8,2025-08-28 20:00:30+00:00,0.0,0.0,0.0,0.0
Finlay Beverages,237.0,6.0,802.8,2025-08-28 20:15:30+00:00,0.0,0.0,0.0,0.0
Finlay Beverages,237.0,6.0,802.8,2025-08-28 20:30:30+00:00,0.0,0.0,0.0,0.0
Finlay Beverages,237.0,6.0,802.8,2025-08-28 20:45:30+00:00,0.0,0.0,0.0,0.0
Finlay Beverages,237.0,6.0,802.8,2025-08-28 21:00:30+00:00,0.0,0.0,0.0,0.0
Finlay Beverages,237.0,6.0,802.8,2025-08-28 21:15:30+00:00,0.0,0.0,0.0,0.0
Finlay Beverages,237.0,6.0,802.8,2025-08-28 21:30:30+00:00,0.0,0.0,0.0,0.0
Finlay Beverages,237.0,6.0,802.8,2025-08-28 21:45:30+00:00,0.0,0.0,0.0,0.0
Finlay Beverages,237.0,6.0,802.8,2025-08-28 22:00:30+00:00,0.0,0.0,0.0,0.0
Finlay Beverages,237.0,6.0,802.8,2025-08-28 22:15:30+00:00,0.0,0.0,0.0,0.0
Finlay Beverages,237.0,6.0,802.8,2025-08-28 22:30:30+00:00,0.0,0.0,0.0,0.0
Finlay Beverages,237.0,6.0,802.8,2025-08-28 22:45:30+00:00,0.0,0.0,0.0,0.0
Finlay Beverages,237.0,6.0,802.8,2025-08-28 23:00:30+00:00,0.0,0.0,0.0,0.0
Finlay Beverages,237.0,6.0,802.8,2025-08-28 23:15:30+00:00,0.0,0.0,0.0,0.0
Finlay Beverages,237.0,6.0,802.8,2025-08-28 23:30:30+00:00,0.0,0.0,0.0,0.0
Finlay Beverages,237.0,6.0,802.8,2025-08-28 23:45:30+00:00,0.0,0.0,0.0,0.0
Finlay Beverages,237.0,6.0,802.8,2025-08-29 00:00:30+00:00,0.0,0.0,0.0,0.0
Finlay Beverages,237.0,6.0,802.8,2025-08-29 00:15:30+00:00,0.0,0.0,0.0,0.0
Finlay Beverages,237.0,6.0,802.8,2025-08-29 00:30:30+00:00,0.0,0.0,0.0,0.0
Finlay Beverages,237.0,6.0,802.8,2025-08-29 00:45:30+00:00,0.0,0.0,0.0,0.0
Finlay Beverages,237.0,6.0,802.8,2025-08-29 01:00:30+00:00,0.0,0.0,0.0,0.0
Finlay Beverages,237.0,6.0,802.8,2025-08-29 01:15:30+00:00,0.0,0.0,0.0,0.0
Finlay Beverages,237.0,6.0,802.8,2025-08-29 01:30:30+00:00,0.0,0.0,0.0,0.0
Finlay Beverages,237.0,6.0,802.8,2025-08-29 01:45:30+00:00,0.0,0.0,0.0,0.0
Finlay Beverages,237.0,6.0,802.8,2025-08-29 02:00:30+00:00,0.0,0.0,0.0,0.0
Finlay Beverages,237.0,6.0,802.8,2025-08-29 02:15:30+00:00,0.0,0.0,0.0,0.0
Finlay Beverages,237.0,6.0,802.8,2025-08-29 02:30:30+00:00,0.0,0.0,0.0,0.0
Finlay Beverages,237.0,6.0,802.8,2025-08-29 02:45:30+00:00,0.0,0.0,0.0,0.0
Finlay Beverages,237.0,6.0,802.8,2025-08-29 03:00:30+00:00,0.0,0.0,0.0,0.0
Finlay Beverages,237.0,6.0,802.8,2025-08-29 03:15:30+00:00,0.0,0.0,0.0,0.0
Finlay Beverages,237.0,6.0,802.8,2025-08-29 03:30:30+00:00,0.0,0.0,0.0,0.0
Finlay Beverages,237.0,6.0,802.8,2025-08-29 03:45:30+00:00,0.0,0.0,0.0,0.0
Finlay Beverages,237.0,6.0,802.8,2025-08-29 04:00:30+00:00,0.0,0.0,0.0,0.0
Finlay Beverages,237.0,6.0,802.8,2025-08-29 04:15:30+00:00,0.0,0.0,0.0,0.0
Finlay Beverages,237.0,6.0,802.8,2025-08-29 04:30:30+00:00,0.0,0.0,0.0,0.0
Finlay Beverages,237.0,6.0,802.8,2025-08-29 04:45:30+00:00,0.0,0.0,0.0,0.0
Finlay Beverages,237.0,6.0,802.8,2025-08-29 05:00:30+00:00,0.0,0.0,0.0,0.0
Finlay Beverages,237.0,6.0,802.8,2025-08-29 05:15:30+00:00,0.00075,0.00025,0.00225,0.00075
Finlay Beverages,237.0,6.0,802.8,2025-08-29 05:30:30+00:00,0.0025,0.0005,0.00575,0.00275
Finlay Beverages,237.0,6.0,802.8,2025-08-29 05:45:30+00:00,0.005,0.00125,0.01175,0.00525
Finlay Beverages,237.0,6.0,802.8,2025-08-29 06:00:30+00:00,0.00925,0.002,0.0195,0.0095
Finlay Beverages,237.0,6.0,802.8,2025-08-29 06:15:30+00:00,0.015,0.0045,0.03025,0.015
Finlay Beverages,237.0,6.0,802.8,2025-08-29 06:30:30+00:00,0.0275,0.01125,0.0395,0.02775
Finlay Beverages,237.0,6.0,802.8,2025-08-29 06:45:30+00:00,0.033,0.01475,0.04625,0.0335
Finlay Beverages,237.0,6.0,802.8,2025-08-29 07:00:30+00:00,0.03075,0.019,0.05425,0.03125
Finlay Beverages,237.0,6.0,802.8,2025-08-29 07:15:30+00:00,0.0455,0.025,0.0655,0.04675
Finlay Beverages,237.0,6.0,802.8,2025-08-29 07:30:30+00:00,0.05875,0.03025,0.0745,0.061
Finlay Beverages,237.0,6.0,802.8,2025-08-29 07:45:30+00:00,0.05325,0.03075,0.07975,0.055
Finlay Beverages,237.0,6.0,802.8,2025-08-29 08:00:30+00:00,0.05325,0.03025,0.07675,0.05475
Finlay Beverages,237.0,6.0,802.8,2025-08-29 08:15:30+00:00,0.05375,0.03025,0.084,0.055
Finlay Beverages,237.0,6.0,802.8,2025-08-29 08:30:30+00:00,0.0635,0.0345,0.0955,0.0655
Finlay Beverages,237.0,6.0,802.8,2025-08-29 08:45:30+00:00,0.077,0.041,0.11975,0.0805
Finlay Beverages,237.0,6.0,802.8,2025-08-29 09:00:30+00:00,0.099,0.04075,0.1305,0.105
Finlay Beverages,237.0,6.0,802.8,2025-08-29 09:15:30+00:00,0.082,0.031,0.13425,0.086
Finlay Beverages,237.0,6.0,802.8,2025-08-29 09:30:30+00:00,0.066,0.02175,0.12025,0.068
Finlay Beverages,237.0,6.0,802.8,2025-08-29 09:45:30+00:00,0.06325,0.01725,0.11675,0.06475
Finlay Beverages,237.0,6.0,802.8,2025-08-29 10:00:30+00:00,0.07,0.0285,0.127,0.0725
Finlay Beverages,237.0,6.0,802.8,2025-08-29 10:15:30+00:00,0.09775,0.03875,0.152,0.103
Finlay Beverages,237.0,6.0,802.8,2025-08-29 10:30:30+00:00,0.11775,0.04325,0.1605,0.12575
Finlay Beverages,237.0,6.0,802.8,2025-08-29 10:45:30+00:00,0.092,0.03025,0.15525,0.09675
Finlay Beverages,237.0,6.0,802.8,2025-08-29 11:00:30+00:00,0.0675,0.0265,0.139,0.0695
Finlay Beverages,237.0,6.0,802.8,2025-08-29 11:15:30+00:00,0.08475,0.03675,0.13175,0.089
Finlay Beverages,237.0,6.0,802.8,2025-08-29 11:30:30+00:00,0.1005,0.044,0.1415,0.106
Finlay Beverages,237.0,6.0,802.8,2025-08-29 11:45:30+00:00,0.09325,0.03325,0.1595,0.0975
Finlay Beverages,237.0,6.0,802.8,2025-08-29 12:00:30+00:00,0.09225,0.01825,0.149,0.097
Finlay Beverages,237.0,6.0,802.8,2025-08-29 12:15:30+00:00,0.039,0.014,0.1345,0.04025
Finlay Beverages,237.0,6.0,802.8,2025-08-29 12:30:30+00:00,0.027,0.014,0.108,0.02725
Finlay Beverages,237.0,6.0,802.8,2025-08-29 12:45:30+00:00,0.09275,0.0185,0.154,0.098
Finlay Beverages,237.0,6.0,802.8,2025-08-29 13:00:30+00:00,0.10025,0.0265,0.16625,0.10575
Finlay Beverages,237.0,6.0,802.8,2025-08-29 13:15:30+00:00,0.09525,0.0265,0.145,0.09975
Finlay Beverages,237.0,6.0,802.8,2025-08-29 13:30:30+00:00,0.061,0.01525,0.126,0.06275
Finlay Beverages,237.0,6.0,802.8,2025-08-29 13:45:30+00:00,0.05375,0.01275,0.1205,0.055
Finlay Beverages,237.0,6.0,802.8,2025-08-29 14:00:30+00:00,0.06,0.01225,0.1415,0.06175
Finlay Beverages,237.0,6.0,802.8,2025-08-29 14:15:30+00:00,0.10375,0.0225,0.1535,0.1105
Finlay Beverages,237.0,6.0,802.8,2025-08-29 14:30:30+00:00,0.10175,0.05,0.14875,0.108
Finlay Beverages,237.0,6.0,802.8,2025-08-29 14:45:30+00:00,0.10025,0.0665,0.14125,0.10675
Finlay Beverages,237.0,6.0,802.8,2025-08-29 15:00:30+00:00,0.10825,0.0805,0.1245,0.116
Finlay Beverages,237.0,6.0,802.8,2025-08-29 15:15:30+00:00,0.1,0.07475,0.11825,0.10675
Finlay Beverages,237.0,6.0,802.8,2025-08-29 15:30:30+00:00,0.0815,0.06425,0.11175,0.08575
Finlay Beverages,237.0,6.0,802.8,2025-08-29 15:45:30+00:00,0.08025,0.0575,0.10825,0.0845
Finlay Beverages,237.0,6.0,802.8,2025-08-29 16:00:30+00:00,0.08575,0.059,0.0995,0.091
Finlay Beverages,237.0,6.0,802.8,2025-08-29 16:15:30+00:00,0.0815,0.063,0.09,0.0865
Finlay Beverages,237.0,6.0,802.8,2025-08-29 16:30:30+00:00,0.07275,0.06175,0.081,0.07675
Finlay Beverages,237.0,6.0,802.8,2025-08-29 16:45:30+00:00,0.06475,0.05675,0.07175,0.06775
Finlay Beverages,237.0,6.0,802.8,2025-08-29 17:00:30+00:00,0.05625,0.04875,0.0625,0.058
Finlay Beverages,237.0,6.0,802.8,2025-08-29 17:15:30+00:00,0.04875,0.04025,0.05325,0.0495
Finlay Beverages,237.0,6.0,802.8,2025-08-29 17:30:30+00:00,0.0405,0.03175,0.04375,0.0405
Finlay Beverages,237.0,6.0,802.8,2025-08-29 17:45:30+00:00,0.0325,0.023,0.03475,0.0315
Finlay Beverages,237.0,6.0,802.8,2025-08-29 18:00:30+00:00,0.02425,0.0145,0.0255,0.023
Finlay Beverages,237.0,6.0,802.8,2025-08-29 18:15:30+00:00,0.0125,0.0075,0.01625,0.0115
Finlay Beverages,237.0,6.0,802.8,2025-08-29 18:30:30+00:00,0.00475,0.0025,0.00725,0.00475
Finlay Beverages,237.0,6.0,802.8,2025-08-29 18:45:30+00:00,0.00075,0.00075,0.00125,0.001
Finlay Beverages,237.0,6.0,802.8,2025-08-29 19:00:30+00:00,0.0,0.0,0.0,0.0
Finlay Beverages,237.0,6.0,802.8,2025-08-29 19:15:30+00:00,0.0,0.0,0.0,0.0
Finlay Beverages,237.0,6.0,802.8,2025-08-29 19:30:30+00:00,0.0,0.0,0.0,0.0
Finlay Beverages,237.0,6.0,802.8,2025-08-29 19:45:30+00:00,0.0,0.0,0.0,0.0
Finlay Beverages,237.0,6.0,802.8,2025-08-29 20:00:30+00:00,0.0,0.0,0.0,0.0
Finlay Beverages,237.0,6.0,802.8,2025-08-29 20:15:30+00:00,0.0,0.0,0.0,0.0
Finlay Beverages,237.0,6.0,802.8,2025-08-29 20:30:30+00:00,0.0,0.0,0.0,0.0
Finlay Beverages,237.0,6.0,802.8,2025-08-29 20:45:30+00:00,0.0,0.0,0.0,0.0
Finlay Beverages,237.0,6.0,802.8,2025-08-29 21:00:30+00:00,0.0,0.0,0.0,0.0
Finlay Beverages,237.0,6.0,802.8,2025-08-29 21:15:30+00:00,0.0,0.0,0.0,0.0
Finlay Beverages,237.0,6.0,802.8,2025-08-29 21:30:30+00:00,0.0,0.0,0.0,0.0
Finlay Beverages,237.0,6.0,802.8,2025-08-29 21:45:30+00:00,0.0,0.0,0.0,0.0
Finlay Beverages,237.0,6.0,802.8,2025-08-29 22:00:30+00:00,0.0,0.0,0.0,0.0
Finlay Beverages,237.0,6.0,802.8,2025-08-29 22:15:30+00:00,0.0,0.0,0.0,0.0
Finlay Beverages,237.0,6.0,802.8,2025-08-29 22:30:30+00:00,0.0,0.0,0.0,0.0
Finlay Beverages,237.0,6.0,802.8,2025-08-29 22:45:30+00:00,0.0,0.0,0.0,0.0
Finlay Beverages,237.0,6.0,802.8,2025-08-29 23:00:30+00:00,0.0,0.0,0.0,0.0
Finlay Beverages,237.0,6.0,802.8,2025-08-29 23:15:30+00:00,0.0,0.0,0.0,0.0
Finlay Beverages,237.0,6.0,802.8,2025-08-29 23:30:30+00:00,0.0,0.0,0.0,0.0
Finlay Beverages,237.0,6.0,802.8,2025-08-29 23:45:30+00:00,0.0,0.0,0.0,0.0
Finlay Beverages,237.0,6.0,802.8,2025-08-30 00:00:30+00:00,0.0,0.0,0.0,0.0
Finlay Beverages,237.0,6.0,802.8,2025-08-30 00:15:30+00:00,0.0,0.0,0.0,0.0
Finlay Beverages,237.0,6.0,802.8,2025-08-30 00:30:30+00:00,0.0,0.0,0.0,0.0
Finlay Beverages,237.0,6.0,802.8,2025-08-30 00:45:30+00:00,0.0,0.0,0.0,0.0
Finlay Beverages,237.0,6.0,802.8,2025-08-30 01:00:30+00:00,0.0,0.0,0.0,0.0
Finlay Beverages,237.0,6.0,802.8,2025-08-30 01:15:30+00:00,0.0,0.0,0.0,0.0
Finlay Beverages,237.0,6.0,802.8,2025-08-30 01:30:30+00:00,0.0,0.0,0.0,0.0
Finlay Beverages,237.0,6.0,802.8,2025-08-30 01:45:30+00:00,0.0,0.0,0.0,0.0
Finlay Beverages,237.0,6.0,802.8,2025-08-30 02:00:30+00:00,0.0,0.0,0.0,0.0
Finlay Beverages,237.0,6.0,802.8,2025-08-30 02:15:30+00:00,0.0,0.0,0.0,0.0
Finlay Beverages,237.0,6.0,802.8,2025-08-30 02:30:30+00:00,0.0,0.0,0.0,0.0
Finlay Beverages,237.0,6.0,802.8,2025-08-30 02:45:30+00:00,0.0,0.0,0.0,0.0
Finlay Beverages,237.0,6.0,802.8,2025-08-30 03:00:30+00:00,0.0,0.0,0.0,0.0
Finlay Beverages,237.0,6.0,802.8,2025-08-30 03:15:30+00:00,0.0,0.0,0.0,0.0
Finlay Beverages,237.0,6.0,802.8,2025-08-30 03:30:30+00:00,0.0,0.0,0.0,0.0
Finlay Beverages,237.0,6.0,802.8,2025-08-30 03:45:30+00:00,0.0,0.0,0.0,0.0
Finlay Beverages,237.0,6.0,802.8,2025-08-30 04:00:30+00:00,0.0,0.0,0.0,0.0
Finlay Beverages,237.0,6.0,802.8,2025-08-30 04:15:30+00:00,0.0,0.0,0.0,0.0
Finlay Beverages,237.0,6.0,802.8,2025-08-30 04:30:30+00:00,0.0,0.0,0.0,0.0
Finlay Beverages,237.0,6.0,802.8,2025-08-30 04:45:30+00:00,0.0,0.0,0.0,0.0
Finlay Beverages,237.0,6.0,802.8,2025-08-30 05:00:30+00:00,0.0,0.0,0.0,0.0
Finlay Beverages,237.0,6.0,802.8,2025-08-30 05:15:30+00:00,0.00175,0.00175,0.002,0.002
Finlay Beverages,237.0,6.0,802.8,2025-08-30 05:30:30+00:00,0.00775,0.006,0.00925,0.00675
Finlay Beverages,237.0,6.0,802.8,2025-08-30 05:45:30+00:00,0.01575,0.011,0.01775,0.01425
Finlay Beverages,237.0,6.0,802.8,2025-08-30 06:00:30+00:00,0.0225,0.01675,0.0265,0.0215
Finlay Beverages,237.0,6.0,802.8,2025-08-30 06:15:30+00:00,0.0305,0.02375,0.03575,0.02975
Finlay Beverages,237.0,6.0,802.8,2025-08-30 06:30:30+00:00,0.04025,0.03125,0.045,0.0405
Finlay Beverages,237.0,6.0,802.8,2025-08-30 06:45:30+00:00,0.04775,0.04,0.0545,0.04875
Finlay Beverages,237.0,6.0,802.8,2025-08-30 07:00:30+00:00,0.05725,0.04875,0.06375,0.0595
Finlay Beverages,237.0,6.0,802.8,2025-08-30 07:15:30+00:00,0.066,0.05875,0.073,0.06925
Finlay Beverages,237.0,6.0,802.8,2025-08-30 07:30:30+00:00,0.0745,0.06775,0.08125,0.07875
Finlay Beverages,237.0,6.0,802.8,2025-08-30 07:45:30+00:00,0.08275,0.07325,0.09125,0.08825
Finlay Beverages,237.0,6.0,802.8,2025-08-30 08:00:30+00:00,0.0905,0.072,0.10025,0.097
Finlay Beverages,237.0,6.0,802.8,2025-08-30 08:15:30+00:00,0.09575,0.06625,0.10925,0.10275
Finlay Beverages,237.0,6.0,802.8,2025-08-30 08:30:30+00:00,0.09325,0.058,0.11875,0.09925
Finlay Beverages,237.0,6.0,802.8,2025-08-30 08:45:30+00:00,0.0835,0.064,0.12425,0.08775
Finlay Beverages,237.0,6.0,802.8,2025-08-30 09:00:30+00:00,0.1025,0.0725,0.1255,0.1095
Finlay Beverages,237.0,6.0,802.8,2025-08-30 09:15:30+00:00,0.11125,0.084,0.131,0.1195
Finlay Beverages,237.0,6.0,802.8,2025-08-30 09:30:30+00:00,0.1095,0.08225,0.13325,0.117
Finlay Beverages,237.0,6.0,802.8,2025-08-30 09:45:30+00:00,0.1025,0.084,0.1335,0.10875
Finlay Beverages,237.0,6.0,802.8,2025-08-30 10:00:30+00:00,0.11175,0.0715,0.142,0.1195
Finlay Beverages,237.0,6.0,802.8,2025-08-30 10:15:30+00:00,0.10675,0.0665,0.1575,0.11325
Finlay Beverages,237.0,6.0,802.8,2025-08-30 10:30:30+00:00,0.1145,0.034,0.158,0.1225
Finlay Beverages,237.0,6.0,802.8,2025-08-30 10:45:30+00:00,0.06825,0.03225,0.17,0.0715
Finlay Beverages,237.0,6.0,802.8,2025-08-30 11:00:30+00:00,0.1145,0.034,0.17825,0.12275
Finlay Beverages,237.0,6.0,802.8,2025-08-30 11:15:30+00:00,0.13675,0.0475,0.1795,0.1475
Finlay Beverages,237.0,6.0,802.8,2025-08-30 11:30:30+00:00,0.1095,0.03375,0.181,0.116
Finlay Beverages,237.0,6.0,802.8,2025-08-30 11:45:30+00:00,0.0745,0.02975,0.1725,0.07725
Finlay Beverages,237.0,6.0,802.8,2025-08-30 12:00:30+00:00,0.11275,0.03,0.17175,0.12
Finlay Beverages,237.0,6.0,802.8,2025-08-30 12:15:30+00:00,0.11625,0.0245,0.16825,0.12375
Finlay Beverages,237.0,6.0,802.8,2025-08-30 12:30:30+00:00,0.0605,0.01375,0.154,0.06275
Finlay Beverages,237.0,6.0,802.8,2025-08-30 12:45:30+00:00,0.046,0.014,0.15425,0.04675
Finlay Beverages,237.0,6.0,802.8,2025-08-30 13:00:30+00:00,0.1115,0.02225,0.15675,0.1195
Finlay Beverages,237.0,6.0,802.8,2025-08-30 13:15:30+00:00,0.0955,0.035,0.157,0.10075
Finlay Beverages,237.0,6.0,802.8,2025-08-30 13:30:30+00:00,0.08,0.03875,0.1375,0.08325
Finlay Beverages,237.0,6.0,802.8,2025-08-30 13:45:30+00:00,0.08625,0.0375,0.12675,0.09
Finlay Beverages,237.0,6.0,802.8,2025-08-30 14:00:30+00:00,0.08,0.022,0.12625,0.08325
Finlay Beverages,237.0,6.0,802.8,2025-08-30 14:15:30+00:00,0.056,0.01175,0.11425,0.0575
Finlay Beverages,237.0,6.0,802.8,2025-08-30 14:30:30+00:00,0.02675,0.0115,0.08875,0.027
Finlay Beverages,237.0,6.0,802.8,2025-08-30 14:45:30+00:00,0.02525,0.011,0.0645,0.02575
Finlay Beverages,237.0,6.0,802.8,2025-08-30 15:00:30+00:00,0.019,0.01025,0.05575,0.01925
Finlay Beverages,237.0,6.0,802.8,2025-08-30 15:15:30+00:00,0.035,0.0095,0.0515,0.0355
Finlay Beverages,237.0,6.0,802.8,2025-08-30 15:30:30+00:00,0.0275,0.009,0.05175,0.028
Finlay Beverages,237.0,6.0,802.8,2025-08-30 15:45:30+00:00,0.0135,0.00825,0.04975,0.01375
Finlay Beverages,237.0,6.0,802.8,2025-08-30 16:00:30+00:00,0.02475,0.0075,0.05225,0.025
Finlay Beverages,237.0,6.0,802.8,2025-08-30 16:15:30+00:00,0.03325,0.00675,0.05325,0.03375
Finlay Beverages,237.0,6.0,802.8,2025-08-30 16:30:30+00:00,0.026,0.006,0.047,0.02625
Finlay Beverages,237.0,6.0,802.8,2025-08-30 16:45:30+00:00,0.01275,0.00525,0.03925,0.01275
Finlay Beverages,237.0,6.0,802.8,2025-08-30 17:00:30+00:00,0.00875,0.0045,0.033,0.009
Finlay Beverages,237.0,6.0,802.8,2025-08-30 17:15:30+00:00,0.00575,0.00375,0.023,0.00575
Finlay Beverages,237.0,6.0,802.8,2025-08-30 17:30:30+00:00,0.0205,0.004,0.03325,0.02075
Finlay Beverages,237.0,6.0,802.8,2025-08-30 17:45:30+00:00,0.01425,0.00275,0.0305,0.014
Finlay Beverages,237.0,6.0,802.8,2025-08-30 18:00:30+00:00,0.01275,0.0025,0.02175,0.0125
Finlay Beverages,237.0,6.0,802.8,2025-08-30 18:15:30+00:00,0.009,0.00375,0.01375,0.00875
Finlay Beverages,237.0,6.0,802.8,2025-08-30 18:30:30+00:00,0.00375,0.002,0.006,0.0035
Finlay Beverages,237.0,6.0,802.8,2025-08-30 18:45:30+00:00,0.00125,0.00075,0.00225,0.00125
Finlay Beverages,237.0,6.0,802.8,2025-08-30 19:00:30+00:00,0.0,0.0,0.0,0.0
Finlay Beverages,237.0,6.0,802.8,2025-08-30 19:15:30+00:00,0.0,0.0,0.0,0.0
Finlay Beverages,237.0,6.0,802.8,2025-08-30 19:30:30+00:00,0.0,0.0,0.0,0.0
Finlay Beverages,237.0,6.0,802.8,2025-08-30 19:45:30+00:00,0.0,0.0,0.0,0.0
Finlay Beverages,237.0,6.0,802.8,2025-08-30 20:00:30+00:00,0.0,0.0,0.0,0.0
Finlay Beverages,237.0,6.0,802.8,2025-08-30 20:15:30+00:00,0.0,0.0,0.0,0.0
Finlay Beverages,237.0,6.0,802.8,2025-08-30 20:30:30+00:00,0.0,0.0,0.0,0.0
Finlay Beverages,237.0,6.0,802.8,2025-08-30 20:45:30+00:00,0.0,0.0,0.0,0.0
Finlay Beverages,237.0,6.0,802.8,2025-08-30 21:00:30+00:00,0.0,0.0,0.0,0.0
Finlay Beverages,237.0,6.0,802.8,2025-08-30 21:15:30+00:00,0.0,0.0,0.0,0.0
Finlay Beverages,237.0,6.0,802.8,2025-08-30 21:30:30+00:00,0.0,0.0,0.0,0.0
Finlay Beverages,237.0,6.0,802.8,2025-08-30 21:45:30+00:00,0.0,0.0,0.0,0.0
Finlay Beverages,237.0,6.0,802.8,2025-08-30 22:00:30+00:00,0.0,0.0,0.0,0.0
Finlay Beverages,237.0,6.0,802.8,2025-08-30 22:15:30+00:00,0.0,0.0,0.0,0.0
Finlay Beverages,237.0,6.0,802.8,2025-08-30 22:30:30+00:00,0.0,0.0,0.0,0.0
Finlay Beverages,237.0,6.0,802.8,2025-08-30 22:45:30+00:00,0.0,0.0,0.0,0.0
Finlay Beverages,237.0,6.0,802.8,2025-08-30 23:00:30+00:00,0.0,0.0,0.0,0.0
Finlay Beverages,237.0,6.0,802.8,2025-08-30 23:15:30+00:00,0.0,0.0,0.0,0.0
Finlay Beverages,237.0,6.0,802.8,2025-08-30 23:30:30+00:00,0.0,0.0,0.0,0.0
Finlay Beverages,237.0,6.0,802.8,2025-08-30 23:45:30+00:00,0.0,0.0,0.0,0.0
Finlay Beverages,237.0,6.0,802.8,2025-08-31 00:00:30+00:00,0.0,0.0,0.0,0.0
Finlay Beverages,237.0,6.0,802.8,2025-08-31 00:15:30+00:00,0.0,0.0,0.0,0.0
Finlay Beverages,237.0,6.0,802.8,2025-08-31 00:30:30+00:00,0.0,0.0,0.0,0.0
Finlay Beverages,237.0,6.0,802.8,2025-08-31 00:45:30+00:00,0.0,0.0,0.0,0.0
Finlay Beverages,237.0,6.0,802.8,2025-08-31 01:00:30+00:00,0.0,0.0,0.0,0.0
Finlay Beverages,237.0,6.0,802.8,2025-08-31 01:15:30+00:00,0.0,0.0,0.0,0.0
Finlay Beverages,237.0,6.0,802.8,2025-08-31 01:30:30+00:00,0.0,0.0,0.0,0.0
Finlay Beverages,237.0,6.0,802.8,2025-08-31 01:45:30+00:00,0.0,0.0,0.0,0.0
Finlay Beverages,237.0,6.0,802.8,2025-08-31 02:00:30+00:00,0.0,0.0,0.0,0.0
Finlay Beverages,237.0,6.0,802.8,2025-08-31 02:15:30+00:00,0.0,0.0,0.0,0.0
Finlay Beverages,237.0,6.0,802.8,2025-08-31 02:30:30+00:00,0.0,0.0,0.0,0.0
Finlay Beverages,237.0,6.0,802.8,2025-08-31 02:45:30+00:00,0.0,0.0,0.0,0.0
Finlay Beverages,237.0,6.0,802.8,2025-08-31 03:00:30+00:00,0.0,0.0,0.0,0.0
Finlay Beverages,237.0,6.0,802.8,2025-08-31 03:15:30+00:00,0.0,0.0,0.0,0.0
Finlay Beverages,237.0,6.0,802.8,2025-08-31 03:30:30+00:00,0.0,0.0,0.0,0.0
Finlay Beverages,237.0,6.0,802.8,2025-08-31 03:45:30+00:00,0.0,0.0,0.0,0.0
Finlay Beverages,237.0,6.0,802.8,2025-08-31 04:00:30+00:00,0.0,0.0,0.0,0.0
Finlay Beverages,237.0,6.0,802.8,2025-08-31 04:15:30+00:00,0.0,0.0,0.0,0.0
Finlay Beverages,237.0,6.0,802.8,2025-08-31 04:30:30+00:00,0.0,0.0,0.0,0.0
Finlay Beverages,237.0,6.0,802.8,2025-08-31 04:45:30+00:00,0.0,0.0,0.0,0.0
Finlay Beverages,237.0,6.0,802.8,2025-08-31 05:00:30+00:00,0.0,0.0,0.0,0.0
Finlay Beverages,237.0,6.0,802.8,2025-08-31 05:15:30+00:00,0.00125,0.00075,0.00125,0.00125
Finlay Beverages,237.0,6.0,802.8,2025-08-31 05:30:30+00:00,0.00725,0.0055,0.0085,0.006
Finlay Beverages,237.0,6.0,802.8,2025-08-31 05:45:30+00:00,0.01525,0.011,0.01675,0.01375
Finlay Beverages,237.0,6.0,802.8,2025-08-31 06:00:30+00:00,0.02325,0.0175,0.02575,0.022
Finlay Beverages,237.0,6.0,802.8,2025-08-31 06:15:30+00:00,0.0315,0.02475,0.03475,0.031
Finlay Beverages,237.0,6.0,802.8,2025-08-31 06:30:30+00:00,0.04,0.0325,0.044,0.04025
Finlay Beverages,237.0,6.0,802.8,2025-08-31 06:45:30+00:00,0.0485,0.04075,0.0535,0.04975
Finlay Beverages,237.0,6.0,802.8,2025-08-31 07:00:30+00:00,0.057,0.0495,0.06275,0.05925
Finlay Beverages,237.0,6.0,802.8,2025-08-31 07:15:30+00:00,0.0655,0.0585,0.072,0.06875
Finlay Beverages,237.0,6.0,802.8,2025-08-31 07:30:30+00:00,0.07375,0.068,0.0795,0.07825
Finlay Beverages,237.0,6.0,802.8,2025-08-31 07:45:30+00:00,0.082,0.07725,0.08675,0.0875
Finlay Beverages,237.0,6.0,802.8,2025-08-31 08:00:30+00:00,0.09,0.08525,0.0945,0.09675
Finlay Beverages,237.0,6.0,802.8,2025-08-31 08:15:30+00:00,0.09775,0.09125,0.1035,0.1055
Finlay Beverages,237.0,6.0,802.8,2025-08-31 08:30:30+00:00,0.1045,0.09625,0.11175,0.1135
Finlay Beverages,237.0,6.0,802.8,2025-08-31 08:45:30+00:00,0.10975,0.0975,0.1215,0.1195
Finlay Beverages,237.0,6.0,802.8,2025-08-31 09:00:30+00:00,0.114,0.1005,0.13025,0.12425
Finlay Beverages,237.0,6.0,802.8,2025-08-31 09:15:30+00:00,0.12175,0.09975,0.135,0.13275
Finlay Beverages,237.0,6.0,802.8,2025-08-31 09:30:30+00:00,0.11675,0.10325,0.13825,0.12625
Finlay Beverages,237.0,6.0,802.8,2025-08-31 09:45:30+00:00,0.122,0.105,0.1375,0.13225
Finlay Beverages,237.0,6.0,802.8,2025-08-31 10:00:30+00:00,0.125,0.11325,0.14325,0.136
Finlay Beverages,237.0,6.0,802.8,2025-08-31 10:15:30+00:00,0.137,0.12025,0.1475,0.14975
Finlay Beverages,237.0,6.0,802.8,2025-08-31 10:30:30+00:00,0.1395,0.12525,0.15125,0.153
Finlay Beverages,237.0,6.0,802.8,2025-08-31 10:45:30+00:00,0.13875,0.128,0.1525,0.15175
Finlay Beverages,237.0,6.0,802.8,2025-08-31 11:00:30+00:00,0.14175,0.13,0.152,0.15525
Finlay Beverages,237.0,6.0,802.8,2025-08-31 11:15:30+00:00,0.1425,0.13175,0.1535,0.156
Finlay Beverages,237.0,6.0,802.8,2025-08-31 11:30:30+00:00,0.143,0.1265,0.158,0.1565
Finlay Beverages,237.0,6.0,802.8,2025-08-31 11:45:30+00:00,0.14125,0.10775,0.179,0.15425
Finlay Beverages,237.0,6.0,802.8,2025-08-31 12:00:30+00:00,0.14475,0.094,0.17925,0.158
Finlay Beverages,237.0,6.0,802.8,2025-08-31 12:15:30+00:00,0.16125,0.0645,0.1785,0.1765
Finlay Beverages,237.0,6.0,802.8,2025-08-31 12:30:30+00:00,0.098,0.053,0.1815,0.10475
Finlay Beverages,237.0,6.0,802.8,2025-08-31 12:45:30+00:00,0.1085,0.03575,0.1675,0.11525
Finlay Beverages,237.0,6.0,802.8,2025-08-31 13:00:30+00:00,0.0975,0.05575,0.17725,0.10275
Finlay Beverages,237.0,6.0,802.8,2025-08-31 13:15:30+00:00,0.13825,0.06775,0.17075,0.15025
Finlay Beverages,237.0,6.0,802.8,2025-08-31 13:30:30+00:00,0.13725,0.07525,0.1665,0.14925
Finlay Beverages,237.0,6.0,802.8,2025-08-31 13:45:30+00:00,0.13525,0.0505,0.16325,0.14575
Finlay Beverages,237.0,6.0,802.8,2025-08-31 14:00:30+00:00,0.08075,0.016,0.1575,0.085
Finlay Beverages,237.0,6.0,802.8,2025-08-31 14:15:30+00:00,0.03925,0.01175,0.1405,0.04
Finlay Beverages,237.0,6.0,802.8,2025-08-31 14:30:30+00:00,0.0825,0.0165,0.143,0.08725
Finlay Beverages,237.0,6.0,802.8,2025-08-31 14:45:30+00:00,0.109,0.04025,0.1385,0.117
Finlay Beverages,237.0,6.0,802.8,2025-08-31 15:00:30+00:00,0.102,0.04875,0.1315,0.10925
Finlay Beverages,237.0,6.0,802.8,2025-08-31 15:15:30+00:00,0.09375,0.03475,0.12425,0.09975
Finlay Beverages,237.0,6.0,802.8,2025-08-31 15:30:30+00:00,0.05425,0.017,0.1125,0.0565
Finlay Beverages,237.0,6.0,802.8,2025-08-31 15:45:30+00:00,0.04375,0.00925,0.09975,0.045
Finlay Beverages,237.0,6.0,802.8,2025-08-31 16:00:30+00:00,0.063,0.014,0.09775,0.06575
Finlay Beverages,237.0,6.0,802.8,2025-08-31 16:15:30+00:00,0.06125,0.0295,0.08975,0.06375
Finlay Beverages,237.0,6.0,802.8,2025-08-31 16:30:30+00:00,0.0655,0.031,0.0795,0.0685
Finlay Beverages,237.0,6.0,802.8,2025-08-31 16:45:30+00:00,0.05175,0.02875,0.07,0.0535
Finlay Beverages,237.0,6.0,802.8,2025-08-31 17:00:30+00:00,0.03825,0.01475,0.06075,0.03925
Finlay Beverages,237.0,6.0,802.8,2025-08-31 17:15:30+00:00,0.02425,0.00725,0.04925,0.0245
Finlay Beverages,237.0,6.0,802.8,2025-08-31 17:30:30+00:00,0.02175,0.0055,0.041,0.022
Finlay Beverages,237.0,6.0,802.8,2025-08-31 17:45:30+00:00,0.025,0.007,0.0315,0.0245
Finlay Beverages,237.0,6.0,802.8,2025-08-31 18:00:30+00:00,0.02025,0.009,0.02275,0.01925
Finlay Beverages,237.0,6.0,802.8,2025-08-31 18:15:30+00:00,0.0125,0.00725,0.01425,0.01125
Finlay Beverages,237.0,6.0,802.8,2025-08-31 18:30:30+00:00,0.00475,0.004,0.00525,0.00425
Finlay Beverages,237.0,6.0,802.8,2025-08-31 18:45:30+00:00,0.0015,0.00125,0.00175,0.0015
Finlay Beverages,237.0,6.0,802.8,2025-08-31 19:00:30+00:00,0.0,0.0,0.0,0.0
Finlay Beverages,237.0,6.0,802.8,2025-08-31 19:15:30+00:00,0.0,0.0,0.0,0.0
Finlay Beverages,237.0,6.0,802.8,2025-08-31 19:30:30+00:00,0.0,0.0,0.0,0.0
Finlay Beverages,237.0,6.0,802.8,2025-08-31 19:45:30+00:00,0.0,0.0,0.0,0.0
Finlay Beverages,237.0,6.0,802.8,2025-08-31 20:00:30+00:00,0.0,0.0,0.0,0.0
Finlay Beverages,237.0,6.0,802.8,2025-08-31 20:15:30+00:00,0.0,0.0,0.0,0.0
Finlay Beverages,237.0,6.0,802.8,2025-08-31 20:30:30+00:00,0.0,0.0,0.0,0.0
Finlay Beverages,237.0,6.0,802.8,2025-08-31 20:45:30+00:00,0.0,0.0,0.0,0.0
Finlay Beverages,237.0,6.0,802.8,2025-08-31 21:00:30+00:00,0.0,0.0,0.0,0.0
Finlay Beverages,237.0,6.0,802.8,2025-08-31 21:15:30+00:00,0.0,0.0,0.0,0.0
Finlay Beverages,237.0,6.0,802.8,2025-08-31 21:30:30+00:00,0.0,0.0,0.0,0.0
Finlay Beverages,237.0,6.0,802.8,2025-08-31 21:45:30+00:00,0.0,0.0,0.0,0.0
Finlay Beverages,237.0,6.0,802.8,2025-08-31 22:00:30+00:00,0.0,0.0,0.0,0.0
Finlay Beverages,237.0,6.0,802.8,2025-08-31 22:15:30+00:00,0.0,0.0,0.0,0.0
Finlay Beverages,237.0,6.0,802.8,2025-08-31 22:30:30+00:00,0.0,0.0,0.0,0.0
Finlay Beverages,237.0,6.0,802.8,2025-08-31 22:45:30+00:00,0.0,0.0,0.0,0.0
Finlay Beverages,237.0,6.0,802.8,2025-08-31 23:00:30+00:00,0.0,0.0,0.0,0.0
Finlay Beverages,237.0,6.0,802.8,2025-08-31 23:15:30+00:00,0.0,0.0,0.0,0.0
Finlay Beverages,237.0,6.0,802.8,2025-08-31 23:30:30+00:00,0.0,0.0,0.0,0.0
Finlay Beverages,237.0,6.0,802.8,2025-08-31 23:45:30+00:00,0.0,0.0,0.0,0.0
