name,azimuth,slope,array_capacity,time,gti,gti_low,gti_high,ghi
Hibernian Stadium,64.0,7.0,116.64,2025-07-01 00:00:30+00:00,0.0,0.0,0.0,0.0
Hibernian Stadium,64.0,7.0,116.64,2025-07-01 00:15:30+00:00,0.0,0.0,0.0,0.0
Hibernian Stadium,64.0,7.0,116.64,2025-07-01 00:30:30+00:00,0.0,0.0,0.0,0.0
Hibernian Stadium,64.0,7.0,116.64,2025-07-01 00:45:30+00:00,0.0,0.0,0.0,0.0
Hibernian Stadium,64.0,7.0,116.64,2025-07-01 01:00:30+00:00,0.0,0.0,0.0,0.0
Hibernian Stadium,64.0,7.0,116.64,2025-07-01 01:15:30+00:00,0.0,0.0,0.0,0.0
Hibernian Stadium,64.0,7.0,116.64,2025-07-01 01:30:30+00:00,0.0,0.0,0.0,0.0
Hibernian Stadium,64.0,7.0,116.64,2025-07-01 01:45:30+00:00,0.0,0.0,0.0,0.0
Hibernian Stadium,64.0,7.0,116.64,2025-07-01 02:00:30+00:00,0.0,0.0,0.0,0.0
Hibernian Stadium,64.0,7.0,116.64,2025-07-01 02:15:30+00:00,0.0,0.0,0.0,0.0
Hibernian Stadium,64.0,7.0,116.64,2025-07-01 02:30:30+00:00,0.0,0.0,0.0,0.0
Hibernian Stadium,64.0,7.0,116.64,2025-07-01 02:45:30+00:00,0.0,0.0,0.0,0.0
Hibernian Stadium,64.0,7.0,116.64,2025-07-01 03:00:30+00:00,0.0,0.0,0.0,0.0
Hibernian Stadium,64.0,7.0,116.64,2025-07-01 03:15:30+00:00,0.0,0.0,0.0,0.0
Hibernian Stadium,64.0,7.0,116.64,2025-07-01 03:30:30+00:00,0.0,0.0,0.0,0.0
Hibernian Stadium,64.0,7.0,116.64,2025-07-01 03:45:30+00:00,0.00075,0.00025,0.00225,0.00075
Hibernian Stadium,64.0,7.0,116.64,2025-07-01 04:00:30+00:00,0.00275,0.0005,0.00475,0.00275
Hibernian Stadium,64.0,7.0,116.64,2025-07-01 04:15:30+00:00,0.0025,0.001,0.0085,0.0025
Hibernian Stadium,64.0,7.0,116.64,2025-07-01 04:30:30+00:00,0.005,0.00125,0.014,0.005
Hibernian Stadium,64.0,7.0,116.64,2025-07-01 04:45:30+00:00,0.01225,0.0025,0.023,0.0115
Hibernian Stadium,64.0,7.0,116.64,2025-07-01 05:00:30+00:00,0.01975,0.0055,0.0295,0.01775
Hibernian Stadium,64.0,7.0,116.64,2025-07-01 05:15:30+00:00,0.0185,0.00825,0.03075,0.0175
Hibernian Stadium,64.0,7.0,116.64,2025-07-01 05:30:30+00:00,0.02075,0.01125,0.033,0.0205
Hibernian Stadium,64.0,7.0,116.64,2025-07-01 05:45:30+00:00,0.02775,0.0165,0.04,0.02675
Hibernian Stadium,64.0,7.0,116.64,2025-07-01 06:00:30+00:00,0.03625,0.0235,0.0485,0.034
Hibernian Stadium,64.0,7.0,116.64,2025-07-01 06:15:30+00:00,0.04275,0.0275,0.05525,0.04
Hibernian Stadium,64.0,7.0,116.64,2025-07-01 06:30:30+00:00,0.044,0.02575,0.06025,0.04175
Hibernian Stadium,64.0,7.0,116.64,2025-07-01 06:45:30+00:00,0.04125,0.01825,0.06525,0.04025
Hibernian Stadium,64.0,7.0,116.64,2025-07-01 07:00:30+00:00,0.04075,0.0125,0.0675,0.04
Hibernian Stadium,64.0,7.0,116.64,2025-07-01 07:15:30+00:00,0.038,0.00875,0.064,0.0375
Hibernian Stadium,64.0,7.0,116.64,2025-07-01 07:30:30+00:00,0.027,0.00925,0.05675,0.02725
Hibernian Stadium,64.0,7.0,116.64,2025-07-01 07:45:30+00:00,0.02825,0.01,0.05675,0.02825
Hibernian Stadium,64.0,7.0,116.64,2025-07-01 08:00:30+00:00,0.04175,0.01625,0.06525,0.04175
Hibernian Stadium,64.0,7.0,116.64,2025-07-01 08:15:30+00:00,0.052,0.02625,0.07225,0.0515
Hibernian Stadium,64.0,7.0,116.64,2025-07-01 08:30:30+00:00,0.0535,0.03,0.073,0.05325
Hibernian Stadium,64.0,7.0,116.64,2025-07-01 08:45:30+00:00,0.049,0.0305,0.06975,0.04875
Hibernian Stadium,64.0,7.0,116.64,2025-07-01 09:00:30+00:00,0.04775,0.03,0.0675,0.048
Hibernian Stadium,64.0,7.0,116.64,2025-07-01 09:15:30+00:00,0.04925,0.032,0.06725,0.0495
Hibernian Stadium,64.0,7.0,116.64,2025-07-01 09:30:30+00:00,0.0515,0.03525,0.06925,0.05175
Hibernian Stadium,64.0,7.0,116.64,2025-07-01 09:45:30+00:00,0.05525,0.03475,0.07125,0.0555
Hibernian Stadium,64.0,7.0,116.64,2025-07-01 10:00:30+00:00,0.05175,0.03375,0.072,0.052
Hibernian Stadium,64.0,7.0,116.64,2025-07-01 10:15:30+00:00,0.05125,0.0335,0.07225,0.0515
Hibernian Stadium,64.0,7.0,116.64,2025-07-01 10:30:30+00:00,0.05525,0.03525,0.07525,0.0555
Hibernian Stadium,64.0,7.0,116.64,2025-07-01 10:45:30+00:00,0.059,0.03775,0.0775,0.0595
Hibernian Stadium,64.0,7.0,116.64,2025-07-01 11:00:30+00:00,0.058,0.04025,0.08025,0.0585
Hibernian Stadium,64.0,7.0,116.64,2025-07-01 11:15:30+00:00,0.06325,0.04025,0.0805,0.064
Hibernian Stadium,64.0,7.0,116.64,2025-07-01 11:30:30+00:00,0.059,0.0395,0.08125,0.05975
Hibernian Stadium,64.0,7.0,116.64,2025-07-01 11:45:30+00:00,0.05875,0.0395,0.08375,0.05925
Hibernian Stadium,64.0,7.0,116.64,2025-07-01 12:00:30+00:00,0.067,0.04075,0.086,0.068
Hibernian Stadium,64.0,7.0,116.64,2025-07-01 12:15:30+00:00,0.06425,0.04525,0.08875,0.065
Hibernian Stadium,64.0,7.0,116.64,2025-07-01 12:30:30+00:00,0.0695,0.04525,0.0865,0.0705
Hibernian Stadium,64.0,7.0,116.64,2025-07-01 12:45:30+00:00,0.06375,0.0445,0.0875,0.06475
Hibernian Stadium,64.0,7.0,116.64,2025-07-01 13:00:30+00:00,0.0645,0.03825,0.09275,0.0655
Hibernian Stadium,64.0,7.0,116.64,2025-07-01 13:15:30+00:00,0.06775,0.03725,0.10175,0.069
Hibernian Stadium,64.0,7.0,116.64,2025-07-01 13:30:30+00:00,0.07575,0.042,0.1115,0.07725
Hibernian Stadium,64.0,7.0,116.64,2025-07-01 13:45:30+00:00,0.08575,0.0435,0.11125,0.08825
Hibernian Stadium,64.0,7.0,116.64,2025-07-01 14:00:30+00:00,0.07125,0.0355,0.1085,0.073
Hibernian Stadium,64.0,7.0,116.64,2025-07-01 14:15:30+00:00,0.058,0.0255,0.09775,0.059
Hibernian Stadium,64.0,7.0,116.64,2025-07-01 14:30:30+00:00,0.055,0.02,0.086,0.05625
Hibernian Stadium,64.0,7.0,116.64,2025-07-01 14:45:30+00:00,0.046,0.019,0.07575,0.04675
Hibernian Stadium,64.0,7.0,116.64,2025-07-01 15:00:30+00:00,0.04075,0.0165,0.06575,0.0415
Hibernian Stadium,64.0,7.0,116.64,2025-07-01 15:15:30+00:00,0.03625,0.0135,0.058,0.03675
Hibernian Stadium,64.0,7.0,116.64,2025-07-01 15:30:30+00:00,0.03,0.0135,0.05125,0.0305
Hibernian Stadium,64.0,7.0,116.64,2025-07-01 15:45:30+00:00,0.03025,0.0125,0.046,0.03075
Hibernian Stadium,64.0,7.0,116.64,2025-07-01 16:00:30+00:00,0.02725,0.01125,0.0435,0.02775
Hibernian Stadium,64.0,7.0,116.64,2025-07-01 16:15:30+00:00,0.02325,0.0105,0.04,0.02375
Hibernian Stadium,64.0,7.0,116.64,2025-07-01 16:30:30+00:00,0.02125,0.01,0.03575,0.0215
Hibernian Stadium,64.0,7.0,116.64,2025-07-01 16:45:30+00:00,0.01625,0.00925,0.031,0.0165
Hibernian Stadium,64.0,7.0,116.64,2025-07-01 17:00:30+00:00,0.0145,0.0085,0.02725,0.0145
Hibernian Stadium,64.0,7.0,116.64,2025-07-01 17:15:30+00:00,0.01275,0.008,0.02475,0.013
Hibernian Stadium,64.0,7.0,116.64,2025-07-01 17:30:30+00:00,0.01125,0.00725,0.03125,0.01125
Hibernian Stadium,64.0,7.0,116.64,2025-07-01 17:45:30+00:00,0.0065,0.00425,0.02575,0.0065
Hibernian Stadium,64.0,7.0,116.64,2025-07-01 18:00:30+00:00,0.00575,0.00375,0.02325,0.00575
Hibernian Stadium,64.0,7.0,116.64,2025-07-01 18:15:30+00:00,0.03425,0.00675,0.0515,0.03875
Hibernian Stadium,64.0,7.0,116.64,2025-07-01 18:30:30+00:00,0.0305,0.00625,0.04975,0.034
Hibernian Stadium,64.0,7.0,116.64,2025-07-01 18:45:30+00:00,0.0195,0.0075,0.04075,0.02025
Hibernian Stadium,64.0,7.0,116.64,2025-07-01 19:00:30+00:00,0.019,0.008,0.02875,0.0205
Hibernian Stadium,64.0,7.0,116.64,2025-07-01 19:15:30+00:00,0.017,0.0075,0.0255,0.0185
Hibernian Stadium,64.0,7.0,116.64,2025-07-01 19:30:30+00:00,0.01325,0.005,0.01975,0.015
Hibernian Stadium,64.0,7.0,116.64,2025-07-01 19:45:30+00:00,0.008,0.0025,0.016,0.00825
Hibernian Stadium,64.0,7.0,116.64,2025-07-01 20:00:30+00:00,0.0055,0.00125,0.01175,0.0055
Hibernian Stadium,64.0,7.0,116.64,2025-07-01 20:15:30+00:00,0.0045,0.001,0.00925,0.00475
Hibernian Stadium,64.0,7.0,116.64,2025-07-01 20:30:30+00:00,0.00375,0.00075,0.00675,0.004
Hibernian Stadium,64.0,7.0,116.64,2025-07-01 20:45:30+00:00,0.00225,0.0005,0.004,0.00225
Hibernian Stadium,64.0,7.0,116.64,2025-07-01 21:00:30+00:00,0.0,0.0,0.0,0.0
Hibernian Stadium,64.0,7.0,116.64,2025-07-01 21:15:30+00:00,0.0,0.0,0.0,0.0
Hibernian Stadium,64.0,7.0,116.64,2025-07-01 21:30:30+00:00,0.0,0.0,0.0,0.0
Hibernian Stadium,64.0,7.0,116.64,2025-07-01 21:45:30+00:00,0.0,0.0,0.0,0.0
Hibernian Stadium,64.0,7.0,116.64,2025-07-01 22:00:30+00:00,0.0,0.0,0.0,0.0
Hibernian Stadium,64.0,7.0,116.64,2025-07-01 22:15:30+00:00,0.0,0.0,0.0,0.0
Hibernian Stadium,64.0,7.0,116.64,2025-07-01 22:30:30+00:00,0.0,0.0,0.0,0.0
Hibernian Stadium,64.0,7.0,116.64,2025-07-01 22:45:30+00:00,0.0,0.0,0.0,0.0
Hibernian Stadium,64.0,7.0,116.64,2025-07-01 23:00:30+00:00,0.0,0.0,0.0,0.0
Hibernian Stadium,64.0,7.0,116.64,2025-07-01 23:15:30+00:00,0.0,0.0,0.0,0.0
Hibernian Stadium,64.0,7.0,116.64,2025-07-01 23:30:30+00:00,0.0,0.0,0.0,0.0
Hibernian Stadium,64.0,7.0,116.64,2025-07-01 23:45:30+00:00,0.0,0.0,0.0,0.0
Hibernian Stadium,64.0,7.0,116.64,2025-07-02 00:00:30+00:00,0.0,0.0,0.0,0.0
Hibernian Stadium,64.0,7.0,116.64,2025-07-02 00:15:30+00:00,0.0,0.0,0.0,0.0
Hibernian Stadium,64.0,7.0,116.64,2025-07-02 00:30:30+00:00,0.0,0.0,0.0,0.0
Hibernian Stadium,64.0,7.0,116.64,2025-07-02 00:45:30+00:00,0.0,0.0,0.0,0.0
Hibernian Stadium,64.0,7.0,116.64,2025-07-02 01:00:30+00:00,0.0,0.0,0.0,0.0
Hibernian Stadium,64.0,7.0,116.64,2025-07-02 01:15:30+00:00,0.0,0.0,0.0,0.0
Hibernian Stadium,64.0,7.0,116.64,2025-07-02 01:30:30+00:00,0.0,0.0,0.0,0.0
Hibernian Stadium,64.0,7.0,116.64,2025-07-02 01:45:30+00:00,0.0,0.0,0.0,0.0
Hibernian Stadium,64.0,7.0,116.64,2025-07-02 02:00:30+00:00,0.0,0.0,0.0,0.0
Hibernian Stadium,64.0,7.0,116.64,2025-07-02 02:15:30+00:00,0.0,0.0,0.0,0.0
Hibernian Stadium,64.0,7.0,116.64,2025-07-02 02:30:30+00:00,0.0,0.0,0.0,0.0
Hibernian Stadium,64.0,7.0,116.64,2025-07-02 02:45:30+00:00,0.0,0.0,0.0,0.0
Hibernian Stadium,64.0,7.0,116.64,2025-07-02 03:00:30+00:00,0.0,0.0,0.0,0.0
Hibernian Stadium,64.0,7.0,116.64,2025-07-02 03:15:30+00:00,0.0,0.0,0.0,0.0
Hibernian Stadium,64.0,7.0,116.64,2025-07-02 03:30:30+00:00,0.0,0.0,0.0,0.0
Hibernian Stadium,64.0,7.0,116.64,2025-07-02 03:45:30+00:00,0.0,0.0,0.0005,0.0
Hibernian Stadium,64.0,7.0,116.64,2025-07-02 04:00:30+00:00,0.00025,0.00025,0.0015,0.00025
Hibernian Stadium,64.0,7.0,116.64,2025-07-02 04:15:30+00:00,0.00075,0.0005,0.00325,0.00075
Hibernian Stadium,64.0,7.0,116.64,2025-07-02 04:30:30+00:00,0.002,0.00125,0.00725,0.002
Hibernian Stadium,64.0,7.0,116.64,2025-07-02 04:45:30+00:00,0.0035,0.002,0.01025,0.0035
Hibernian Stadium,64.0,7.0,116.64,2025-07-02 05:00:30+00:00,0.0055,0.0025,0.01275,0.00575
Hibernian Stadium,64.0,7.0,116.64,2025-07-02 05:15:30+00:00,0.00675,0.003,0.0145,0.00675
Hibernian Stadium,64.0,7.0,116.64,2025-07-02 05:30:30+00:00,0.0065,0.00375,0.016,0.00675
Hibernian Stadium,64.0,7.0,116.64,2025-07-02 05:45:30+00:00,0.0085,0.0045,0.01725,0.0085
Hibernian Stadium,64.0,7.0,116.64,2025-07-02 06:00:30+00:00,0.00975,0.005,0.019,0.00975
Hibernian Stadium,64.0,7.0,116.64,2025-07-02 06:15:30+00:00,0.01125,0.00575,0.02,0.0115
Hibernian Stadium,64.0,7.0,116.64,2025-07-02 06:30:30+00:00,0.0115,0.0065,0.021,0.0115
Hibernian Stadium,64.0,7.0,116.64,2025-07-02 06:45:30+00:00,0.012,0.00725,0.02175,0.01225
Hibernian Stadium,64.0,7.0,116.64,2025-07-02 07:00:30+00:00,0.01225,0.00775,0.023,0.01225
Hibernian Stadium,64.0,7.0,116.64,2025-07-02 07:15:30+00:00,0.01325,0.0085,0.02625,0.01325
Hibernian Stadium,64.0,7.0,116.64,2025-07-02 07:30:30+00:00,0.017,0.00925,0.03225,0.017
Hibernian Stadium,64.0,7.0,116.64,2025-07-02 07:45:30+00:00,0.0195,0.01,0.03975,0.01975
Hibernian Stadium,64.0,7.0,116.64,2025-07-02 08:00:30+00:00,0.025,0.01075,0.0475,0.025
Hibernian Stadium,64.0,7.0,116.64,2025-07-02 08:15:30+00:00,0.033,0.01125,0.054,0.03325
Hibernian Stadium,64.0,7.0,116.64,2025-07-02 08:30:30+00:00,0.039,0.018,0.05725,0.03925
Hibernian Stadium,64.0,7.0,116.64,2025-07-02 08:45:30+00:00,0.04025,0.023,0.05875,0.0405
Hibernian Stadium,64.0,7.0,116.64,2025-07-02 09:00:30+00:00,0.04275,0.0235,0.06375,0.043
Hibernian Stadium,64.0,7.0,116.64,2025-07-02 09:15:30+00:00,0.0475,0.0175,0.07175,0.04775
Hibernian Stadium,64.0,7.0,116.64,2025-07-02 09:30:30+00:00,0.043,0.01425,0.07775,0.04325
Hibernian Stadium,64.0,7.0,116.64,2025-07-02 09:45:30+00:00,0.0325,0.01475,0.0735,0.03275
Hibernian Stadium,64.0,7.0,116.64,2025-07-02 10:00:30+00:00,0.02,0.015,0.06125,0.02025
Hibernian Stadium,64.0,7.0,116.64,2025-07-02 10:15:30+00:00,0.014,0.00925,0.0485,0.01425
Hibernian Stadium,64.0,7.0,116.64,2025-07-02 10:30:30+00:00,0.016,0.01575,0.04475,0.01625
Hibernian Stadium,64.0,7.0,116.64,2025-07-02 10:45:30+00:00,0.016,0.01025,0.051,0.01625
Hibernian Stadium,64.0,7.0,116.64,2025-07-02 11:00:30+00:00,0.0255,0.0165,0.06325,0.02575
Hibernian Stadium,64.0,7.0,116.64,2025-07-02 11:15:30+00:00,0.03875,0.0165,0.0715,0.03925
Hibernian Stadium,64.0,7.0,116.64,2025-07-02 11:30:30+00:00,0.04425,0.01675,0.0735,0.04475
Hibernian Stadium,64.0,7.0,116.64,2025-07-02 11:45:30+00:00,0.04375,0.01675,0.07075,0.044
Hibernian Stadium,64.0,7.0,116.64,2025-07-02 12:00:30+00:00,0.03975,0.017,0.0675,0.04025
Hibernian Stadium,64.0,7.0,116.64,2025-07-02 12:15:30+00:00,0.034,0.017,0.0635,0.03425
Hibernian Stadium,64.0,7.0,116.64,2025-07-02 12:30:30+00:00,0.028,0.01675,0.05675,0.02825
Hibernian Stadium,64.0,7.0,116.64,2025-07-02 12:45:30+00:00,0.02525,0.01675,0.0505,0.0255
Hibernian Stadium,64.0,7.0,116.64,2025-07-02 13:00:30+00:00,0.024,0.0165,0.04725,0.02425
Hibernian Stadium,64.0,7.0,116.64,2025-07-02 13:15:30+00:00,0.0245,0.0165,0.04525,0.02475
Hibernian Stadium,64.0,7.0,116.64,2025-07-02 13:30:30+00:00,0.0215,0.01625,0.0435,0.02175
Hibernian Stadium,64.0,7.0,116.64,2025-07-02 13:45:30+00:00,0.017,0.016,0.0425,0.01725
Hibernian Stadium,64.0,7.0,116.64,2025-07-02 14:00:30+00:00,0.0175,0.0155,0.04525,0.0175
Hibernian Stadium,64.0,7.0,116.64,2025-07-02 14:15:30+00:00,0.02575,0.01525,0.04975,0.026
Hibernian Stadium,64.0,7.0,116.64,2025-07-02 14:30:30+00:00,0.0295,0.01475,0.05,0.02975
Hibernian Stadium,64.0,7.0,116.64,2025-07-02 14:45:30+00:00,0.026,0.01425,0.052,0.02625
Hibernian Stadium,64.0,7.0,116.64,2025-07-02 15:00:30+00:00,0.0275,0.01375,0.059,0.02775
Hibernian Stadium,64.0,7.0,116.64,2025-07-02 15:15:30+00:00,0.02775,0.01325,0.076,0.028
Hibernian Stadium,64.0,7.0,116.64,2025-07-02 15:30:30+00:00,0.04125,0.0125,0.0945,0.04225
Hibernian Stadium,64.0,7.0,116.64,2025-07-02 15:45:30+00:00,0.05775,0.01175,0.103,0.05975
Hibernian Stadium,64.0,7.0,116.64,2025-07-02 16:00:30+00:00,0.06425,0.0205,0.10375,0.06725
Hibernian Stadium,64.0,7.0,116.64,2025-07-02 16:15:30+00:00,0.06425,0.02875,0.097,0.06775
Hibernian Stadium,64.0,7.0,116.64,2025-07-02 16:30:30+00:00,0.06,0.0315,0.0985,0.06325
Hibernian Stadium,64.0,7.0,116.64,2025-07-02 16:45:30+00:00,0.06775,0.03075,0.0995,0.07425
Hibernian Stadium,64.0,7.0,116.64,2025-07-02 17:00:30+00:00,0.06825,0.03575,0.1025,0.0755
Hibernian Stadium,64.0,7.0,116.64,2025-07-02 17:15:30+00:00,0.069,0.04,0.0965,0.079
Hibernian Stadium,64.0,7.0,116.64,2025-07-02 17:30:30+00:00,0.067,0.04575,0.08575,0.07875
Hibernian Stadium,64.0,7.0,116.64,2025-07-02 17:45:30+00:00,0.0615,0.0465,0.07525,0.07425
Hibernian Stadium,64.0,7.0,116.64,2025-07-02 18:00:30+00:00,0.055,0.04525,0.066,0.0675
Hibernian Stadium,64.0,7.0,116.64,2025-07-02 18:15:30+00:00,0.05,0.04125,0.05675,0.06275
Hibernian Stadium,64.0,7.0,116.64,2025-07-02 18:30:30+00:00,0.04225,0.03525,0.049,0.05375
Hibernian Stadium,64.0,7.0,116.64,2025-07-02 18:45:30+00:00,0.03575,0.027,0.0415,0.04575
Hibernian Stadium,64.0,7.0,116.64,2025-07-02 19:00:30+00:00,0.02875,0.01775,0.03425,0.03725
Hibernian Stadium,64.0,7.0,116.64,2025-07-02 19:15:30+00:00,0.0225,0.00975,0.02875,0.028
Hibernian Stadium,64.0,7.0,116.64,2025-07-02 19:30:30+00:00,0.0145,0.0035,0.024,0.017
Hibernian Stadium,64.0,7.0,116.64,2025-07-02 19:45:30+00:00,0.008,0.0015,0.0195,0.00825
Hibernian Stadium,64.0,7.0,116.64,2025-07-02 20:00:30+00:00,0.0055,0.00125,0.01325,0.00575
Hibernian Stadium,64.0,7.0,116.64,2025-07-02 20:15:30+00:00,0.00475,0.001,0.0095,0.00475
Hibernian Stadium,64.0,7.0,116.64,2025-07-02 20:30:30+00:00,0.004,0.00075,0.007,0.004
Hibernian Stadium,64.0,7.0,116.64,2025-07-02 20:45:30+00:00,0.00225,0.0005,0.004,0.00225
Hibernian Stadium,64.0,7.0,116.64,2025-07-02 21:00:30+00:00,0.0,0.0,0.0,0.0
Hibernian Stadium,64.0,7.0,116.64,2025-07-02 21:15:30+00:00,0.0,0.0,0.0,0.0
Hibernian Stadium,64.0,7.0,116.64,2025-07-02 21:30:30+00:00,0.0,0.0,0.0,0.0
Hibernian Stadium,64.0,7.0,116.64,2025-07-02 21:45:30+00:00,0.0,0.0,0.0,0.0
Hibernian Stadium,64.0,7.0,116.64,2025-07-02 22:00:30+00:00,0.0,0.0,0.0,0.0
Hibernian Stadium,64.0,7.0,116.64,2025-07-02 22:15:30+00:00,0.0,0.0,0.0,0.0
Hibernian Stadium,64.0,7.0,116.64,2025-07-02 22:30:30+00:00,0.0,0.0,0.0,0.0
Hibernian Stadium,64.0,7.0,116.64,2025-07-02 22:45:30+00:00,0.0,0.0,0.0,0.0
Hibernian Stadium,64.0,7.0,116.64,2025-07-02 23:00:30+00:00,0.0,0.0,0.0,0.0
Hibernian Stadium,64.0,7.0,116.64,2025-07-02 23:15:30+00:00,0.0,0.0,0.0,0.0
Hibernian Stadium,64.0,7.0,116.64,2025-07-02 23:30:30+00:00,0.0,0.0,0.0,0.0
Hibernian Stadium,64.0,7.0,116.64,2025-07-02 23:45:30+00:00,0.0,0.0,0.0,0.0
Hibernian Stadium,64.0,7.0,116.64,2025-07-03 00:00:30+00:00,0.0,0.0,0.0,0.0
Hibernian Stadium,64.0,7.0,116.64,2025-07-03 00:15:30+00:00,0.0,0.0,0.0,0.0
Hibernian Stadium,64.0,7.0,116.64,2025-07-03 00:30:30+00:00,0.0,0.0,0.0,0.0
Hibernian Stadium,64.0,7.0,116.64,2025-07-03 00:45:30+00:00,0.0,0.0,0.0,0.0
Hibernian Stadium,64.0,7.0,116.64,2025-07-03 01:00:30+00:00,0.0,0.0,0.0,0.0
Hibernian Stadium,64.0,7.0,116.64,2025-07-03 01:15:30+00:00,0.0,0.0,0.0,0.0
Hibernian Stadium,64.0,7.0,116.64,2025-07-03 01:30:30+00:00,0.0,0.0,0.0,0.0
Hibernian Stadium,64.0,7.0,116.64,2025-07-03 01:45:30+00:00,0.0,0.0,0.0,0.0
Hibernian Stadium,64.0,7.0,116.64,2025-07-03 02:00:30+00:00,0.0,0.0,0.0,0.0
Hibernian Stadium,64.0,7.0,116.64,2025-07-03 02:15:30+00:00,0.0,0.0,0.0,0.0
Hibernian Stadium,64.0,7.0,116.64,2025-07-03 02:30:30+00:00,0.0,0.0,0.0,0.0
Hibernian Stadium,64.0,7.0,116.64,2025-07-03 02:45:30+00:00,0.0,0.0,0.0,0.0
Hibernian Stadium,64.0,7.0,116.64,2025-07-03 03:00:30+00:00,0.0,0.0,0.0,0.0
Hibernian Stadium,64.0,7.0,116.64,2025-07-03 03:15:30+00:00,0.0,0.0,0.0,0.0
Hibernian Stadium,64.0,7.0,116.64,2025-07-03 03:30:30+00:00,0.0005,0.00025,0.00075,0.0005
Hibernian Stadium,64.0,7.0,116.64,2025-07-03 03:45:30+00:00,0.0015,0.001,0.00225,0.0015
Hibernian Stadium,64.0,7.0,116.64,2025-07-03 04:00:30+00:00,0.00425,0.00225,0.007,0.004
Hibernian Stadium,64.0,7.0,116.64,2025-07-03 04:15:30+00:00,0.01075,0.00575,0.01675,0.008
Hibernian Stadium,64.0,7.0,116.64,2025-07-03 04:30:30+00:00,0.0215,0.01225,0.02925,0.014
Hibernian Stadium,64.0,7.0,116.64,2025-07-03 04:45:30+00:00,0.03225,0.0205,0.0395,0.0215
Hibernian Stadium,64.0,7.0,116.64,2025-07-03 05:00:30+00:00,0.04225,0.03,0.04975,0.02925
Hibernian Stadium,64.0,7.0,116.64,2025-07-03 05:15:30+00:00,0.05125,0.04,0.05975,0.03675
Hibernian Stadium,64.0,7.0,116.64,2025-07-03 05:30:30+00:00,0.06125,0.04975,0.07,0.045
Hibernian Stadium,64.0,7.0,116.64,2025-07-03 05:45:30+00:00,0.0705,0.06,0.0805,0.053
Hibernian Stadium,64.0,7.0,116.64,2025-07-03 06:00:30+00:00,0.07825,0.06775,0.0895,0.061
Hibernian Stadium,64.0,7.0,116.64,2025-07-03 06:15:30+00:00,0.08925,0.073,0.1005,0.0705
Hibernian Stadium,64.0,7.0,116.64,2025-07-03 06:30:30+00:00,0.09575,0.0705,0.109,0.07825
Hibernian Stadium,64.0,7.0,116.64,2025-07-03 06:45:30+00:00,0.09525,0.059,0.11675,0.0805
Hibernian Stadium,64.0,7.0,116.64,2025-07-03 07:00:30+00:00,0.08675,0.04725,0.12275,0.07675
Hibernian Stadium,64.0,7.0,116.64,2025-07-03 07:15:30+00:00,0.082,0.04075,0.1205,0.07525
Hibernian Stadium,64.0,7.0,116.64,2025-07-03 07:30:30+00:00,0.07325,0.04225,0.10825,0.0695
Hibernian Stadium,64.0,7.0,116.64,2025-07-03 07:45:30+00:00,0.07175,0.05225,0.10125,0.06875
Hibernian Stadium,64.0,7.0,116.64,2025-07-03 08:00:30+00:00,0.08625,0.058,0.103,0.08225
Hibernian Stadium,64.0,7.0,116.64,2025-07-03 08:15:30+00:00,0.082,0.058,0.10825,0.079
Hibernian Stadium,64.0,7.0,116.64,2025-07-03 08:30:30+00:00,0.081,0.0495,0.11075,0.0785
Hibernian Stadium,64.0,7.0,116.64,2025-07-03 08:45:30+00:00,0.07725,0.04275,0.11225,0.0755
Hibernian Stadium,64.0,7.0,116.64,2025-07-03 09:00:30+00:00,0.07375,0.0375,0.1065,0.073
Hibernian Stadium,64.0,7.0,116.64,2025-07-03 09:15:30+00:00,0.06525,0.02925,0.1035,0.06525
Hibernian Stadium,64.0,7.0,116.64,2025-07-03 09:30:30+00:00,0.05975,0.02825,0.114,0.05975
Hibernian Stadium,64.0,7.0,116.64,2025-07-03 09:45:30+00:00,0.089,0.03225,0.1355,0.088
Hibernian Stadium,64.0,7.0,116.64,2025-07-03 10:00:30+00:00,0.10125,0.0515,0.1545,0.10025
Hibernian Stadium,64.0,7.0,116.64,2025-07-03 10:15:30+00:00,0.11825,0.06,0.1565,0.11675
Hibernian Stadium,64.0,7.0,116.64,2025-07-03 10:30:30+00:00,0.103,0.07375,0.16225,0.10275
Hibernian Stadium,64.0,7.0,116.64,2025-07-03 10:45:30+00:00,0.13325,0.0615,0.16,0.13275
Hibernian Stadium,64.0,7.0,116.64,2025-07-03 11:00:30+00:00,0.09475,0.045,0.17625,0.095
Hibernian Stadium,64.0,7.0,116.64,2025-07-03 11:15:30+00:00,0.10375,0.02075,0.17975,0.1045
Hibernian Stadium,64.0,7.0,116.64,2025-07-03 11:30:30+00:00,0.08725,0.0175,0.17925,0.08825
Hibernian Stadium,64.0,7.0,116.64,2025-07-03 11:45:30+00:00,0.047,0.01675,0.18875,0.0475
Hibernian Stadium,64.0,7.0,116.64,2025-07-03 12:00:30+00:00,0.16025,0.032,0.19925,0.1645
Hibernian Stadium,64.0,7.0,116.64,2025-07-03 12:15:30+00:00,0.08925,0.01775,0.20225,0.0915
Hibernian Stadium,64.0,7.0,116.64,2025-07-03 12:30:30+00:00,0.05525,0.01675,0.1565,0.056
Hibernian Stadium,64.0,7.0,116.64,2025-07-03 12:45:30+00:00,0.0465,0.01675,0.14,0.04725
Hibernian Stadium,64.0,7.0,116.64,2025-07-03 13:00:30+00:00,0.07075,0.0165,0.1465,0.07225
Hibernian Stadium,64.0,7.0,116.64,2025-07-03 13:15:30+00:00,0.107,0.027,0.1515,0.11075
Hibernian Stadium,64.0,7.0,116.64,2025-07-03 13:30:30+00:00,0.09,0.03425,0.1495,0.093
Hibernian Stadium,64.0,7.0,116.64,2025-07-03 13:45:30+00:00,0.07775,0.024,0.13075,0.07975
Hibernian Stadium,64.0,7.0,116.64,2025-07-03 14:00:30+00:00,0.06275,0.02825,0.13825,0.06425
Hibernian Stadium,64.0,7.0,116.64,2025-07-03 14:15:30+00:00,0.10475,0.03575,0.13925,0.11075
Hibernian Stadium,64.0,7.0,116.64,2025-07-03 14:30:30+00:00,0.097,0.041,0.137,0.102
Hibernian Stadium,64.0,7.0,116.64,2025-07-03 14:45:30+00:00,0.06475,0.03,0.12475,0.067
Hibernian Stadium,64.0,7.0,116.64,2025-07-03 15:00:30+00:00,0.06775,0.0195,0.12575,0.07025
Hibernian Stadium,64.0,7.0,116.64,2025-07-03 15:15:30+00:00,0.083,0.0165,0.1255,0.0875
Hibernian Stadium,64.0,7.0,116.64,2025-07-03 15:30:30+00:00,0.046,0.01225,0.147,0.04775
Hibernian Stadium,64.0,7.0,116.64,2025-07-03 15:45:30+00:00,0.09525,0.019,0.13675,0.106
Hibernian Stadium,64.0,7.0,116.64,2025-07-03 16:00:30+00:00,0.083,0.03625,0.144,0.0905
Hibernian Stadium,64.0,7.0,116.64,2025-07-03 16:15:30+00:00,0.09125,0.03375,0.13,0.10225
Hibernian Stadium,64.0,7.0,116.64,2025-07-03 16:30:30+00:00,0.07425,0.02875,0.1195,0.0815
Hibernian Stadium,64.0,7.0,116.64,2025-07-03 16:45:30+00:00,0.05625,0.01125,0.1085,0.05975
Hibernian Stadium,64.0,7.0,116.64,2025-07-03 17:00:30+00:00,0.03825,0.0085,0.09225,0.0395
Hibernian Stadium,64.0,7.0,116.64,2025-07-03 17:15:30+00:00,0.02525,0.008,0.0915,0.02575
Hibernian Stadium,64.0,7.0,116.64,2025-07-03 17:30:30+00:00,0.057,0.01125,0.08725,0.06575
Hibernian Stadium,64.0,7.0,116.64,2025-07-03 17:45:30+00:00,0.0635,0.025,0.077,0.07525
Hibernian Stadium,64.0,7.0,116.64,2025-07-03 18:00:30+00:00,0.04975,0.02275,0.06975,0.05825
Hibernian Stadium,64.0,7.0,116.64,2025-07-03 18:15:30+00:00,0.0355,0.0185,0.0615,0.0395
Hibernian Stadium,64.0,7.0,116.64,2025-07-03 18:30:30+00:00,0.03125,0.01225,0.0475,0.035
Hibernian Stadium,64.0,7.0,116.64,2025-07-03 18:45:30+00:00,0.0235,0.01425,0.04075,0.0255
Hibernian Stadium,64.0,7.0,116.64,2025-07-03 19:00:30+00:00,0.0245,0.01025,0.03175,0.029
Hibernian Stadium,64.0,7.0,116.64,2025-07-03 19:15:30+00:00,0.0175,0.00925,0.0295,0.02025
Hibernian Stadium,64.0,7.0,116.64,2025-07-03 19:30:30+00:00,0.01425,0.00625,0.02375,0.01675
Hibernian Stadium,64.0,7.0,116.64,2025-07-03 19:45:30+00:00,0.012,0.00575,0.016,0.01575
Hibernian Stadium,64.0,7.0,116.64,2025-07-03 20:00:30+00:00,0.00975,0.00525,0.01225,0.0135
Hibernian Stadium,64.0,7.0,116.64,2025-07-03 20:15:30+00:00,0.00775,0.00425,0.01,0.011
Hibernian Stadium,64.0,7.0,116.64,2025-07-03 20:30:30+00:00,0.00625,0.00325,0.009,0.00825
Hibernian Stadium,64.0,7.0,116.64,2025-07-03 20:45:30+00:00,0.004,0.002,0.006,0.00425
Hibernian Stadium,64.0,7.0,116.64,2025-07-03 21:00:30+00:00,0.0,0.0,0.0,0.0
Hibernian Stadium,64.0,7.0,116.64,2025-07-03 21:15:30+00:00,0.0,0.0,0.0,0.0
Hibernian Stadium,64.0,7.0,116.64,2025-07-03 21:30:30+00:00,0.0,0.0,0.0,0.0
Hibernian Stadium,64.0,7.0,116.64,2025-07-03 21:45:30+00:00,0.0,0.0,0.0,0.0
Hibernian Stadium,64.0,7.0,116.64,2025-07-03 22:00:30+00:00,0.0,0.0,0.0,0.0
Hibernian Stadium,64.0,7.0,116.64,2025-07-03 22:15:30+00:00,0.0,0.0,0.0,0.0
Hibernian Stadium,64.0,7.0,116.64,2025-07-03 22:30:30+00:00,0.0,0.0,0.0,0.0
Hibernian Stadium,64.0,7.0,116.64,2025-07-03 22:45:30+00:00,0.0,0.0,0.0,0.0
Hibernian Stadium,64.0,7.0,116.64,2025-07-03 23:00:30+00:00,0.0,0.0,0.0,0.0
Hibernian Stadium,64.0,7.0,116.64,2025-07-03 23:15:30+00:00,0.0,0.0,0.0,0.0
Hibernian Stadium,64.0,7.0,116.64,2025-07-03 23:30:30+00:00,0.0,0.0,0.0,0.0
Hibernian Stadium,64.0,7.0,116.64,2025-07-03 23:45:30+00:00,0.0,0.0,0.0,0.0
Hibernian Stadium,64.0,7.0,116.64,2025-07-04 00:00:30+00:00,0.0,0.0,0.0,0.0
Hibernian Stadium,64.0,7.0,116.64,2025-07-04 00:15:30+00:00,0.0,0.0,0.0,0.0
Hibernian Stadium,64.0,7.0,116.64,2025-07-04 00:30:30+00:00,0.0,0.0,0.0,0.0
Hibernian Stadium,64.0,7.0,116.64,2025-07-04 00:45:30+00:00,0.0,0.0,0.0,0.0
Hibernian Stadium,64.0,7.0,116.64,2025-07-04 01:00:30+00:00,0.0,0.0,0.0,0.0
Hibernian Stadium,64.0,7.0,116.64,2025-07-04 01:15:30+00:00,0.0,0.0,0.0,0.0
Hibernian Stadium,64.0,7.0,116.64,2025-07-04 01:30:30+00:00,0.0,0.0,0.0,0.0
Hibernian Stadium,64.0,7.0,116.64,2025-07-04 01:45:30+00:00,0.0,0.0,0.0,0.0
Hibernian Stadium,64.0,7.0,116.64,2025-07-04 02:00:30+00:00,0.0,0.0,0.0,0.0
Hibernian Stadium,64.0,7.0,116.64,2025-07-04 02:15:30+00:00,0.0,0.0,0.0,0.0
Hibernian Stadium,64.0,7.0,116.64,2025-07-04 02:30:30+00:00,0.0,0.0,0.0,0.0
Hibernian Stadium,64.0,7.0,116.64,2025-07-04 02:45:30+00:00,0.0,0.0,0.0,0.0
Hibernian Stadium,64.0,7.0,116.64,2025-07-04 03:00:30+00:00,0.0,0.0,0.0,0.0
Hibernian Stadium,64.0,7.0,116.64,2025-07-04 03:15:30+00:00,0.0,0.0,0.0,0.0
Hibernian Stadium,64.0,7.0,116.64,2025-07-04 03:30:30+00:00,0.0,0.0,0.00025,0.0
Hibernian Stadium,64.0,7.0,116.64,2025-07-04 03:45:30+00:00,0.00025,0.0,0.0005,0.00025
Hibernian Stadium,64.0,7.0,116.64,2025-07-04 04:00:30+00:00,0.0005,0.00025,0.00175,0.0005
Hibernian Stadium,64.0,7.0,116.64,2025-07-04 04:15:30+00:00,0.00075,0.0005,0.003,0.00075
Hibernian Stadium,64.0,7.0,116.64,2025-07-04 04:30:30+00:00,0.00825,0.00175,0.01325,0.0075
Hibernian Stadium,64.0,7.0,116.64,2025-07-04 04:45:30+00:00,0.004,0.002,0.01625,0.00375
Hibernian Stadium,64.0,7.0,116.64,2025-07-04 05:00:30+00:00,0.01425,0.00275,0.023,0.01325
Hibernian Stadium,64.0,7.0,116.64,2025-07-04 05:15:30+00:00,0.0105,0.003,0.025,0.01025
Hibernian Stadium,64.0,7.0,116.64,2025-07-04 05:30:30+00:00,0.01125,0.0035,0.028,0.01125
Hibernian Stadium,64.0,7.0,116.64,2025-07-04 05:45:30+00:00,0.0235,0.00475,0.0365,0.02275
Hibernian Stadium,64.0,7.0,116.64,2025-07-04 06:00:30+00:00,0.023,0.0075,0.04375,0.02275
Hibernian Stadium,64.0,7.0,116.64,2025-07-04 06:15:30+00:00,0.03075,0.01325,0.0535,0.03
Hibernian Stadium,64.0,7.0,116.64,2025-07-04 06:30:30+00:00,0.048,0.022,0.05925,0.04475
Hibernian Stadium,64.0,7.0,116.64,2025-07-04 06:45:30+00:00,0.04,0.0265,0.0675,0.03825
Hibernian Stadium,64.0,7.0,116.64,2025-07-04 07:00:30+00:00,0.05525,0.026,0.072,0.05225
Hibernian Stadium,64.0,7.0,116.64,2025-07-04 07:15:30+00:00,0.04975,0.022,0.0745,0.04775
Hibernian Stadium,64.0,7.0,116.64,2025-07-04 07:30:30+00:00,0.0395,0.019,0.07275,0.03925
Hibernian Stadium,64.0,7.0,116.64,2025-07-04 07:45:30+00:00,0.04975,0.025,0.0825,0.04925
Hibernian Stadium,64.0,7.0,116.64,2025-07-04 08:00:30+00:00,0.073,0.0385,0.0955,0.07025
Hibernian Stadium,64.0,7.0,116.64,2025-07-04 08:15:30+00:00,0.076,0.04075,0.10275,0.0735
Hibernian Stadium,64.0,7.0,116.64,2025-07-04 08:30:30+00:00,0.06475,0.035,0.101,0.064
Hibernian Stadium,64.0,7.0,116.64,2025-07-04 08:45:30+00:00,0.064,0.03875,0.1145,0.0635
Hibernian Stadium,64.0,7.0,116.64,2025-07-04 09:00:30+00:00,0.10375,0.0445,0.12825,0.1
Hibernian Stadium,64.0,7.0,116.64,2025-07-04 09:15:30+00:00,0.087,0.05275,0.14025,0.0855
Hibernian Stadium,64.0,7.0,116.64,2025-07-04 09:30:30+00:00,0.0995,0.0415,0.13125,0.09775
Hibernian Stadium,64.0,7.0,116.64,2025-07-04 09:45:30+00:00,0.07125,0.046,0.13925,0.07075
Hibernian Stadium,64.0,7.0,116.64,2025-07-04 10:00:30+00:00,0.10825,0.0345,0.135,0.1065
Hibernian Stadium,64.0,7.0,116.64,2025-07-04 10:15:30+00:00,0.072,0.02175,0.1415,0.07175
Hibernian Stadium,64.0,7.0,116.64,2025-07-04 10:30:30+00:00,0.0645,0.0155,0.1225,0.065
Hibernian Stadium,64.0,7.0,116.64,2025-07-04 10:45:30+00:00,0.0635,0.01575,0.10975,0.064
Hibernian Stadium,64.0,7.0,116.64,2025-07-04 11:00:30+00:00,0.04625,0.016,0.09325,0.0465
Hibernian Stadium,64.0,7.0,116.64,2025-07-04 11:15:30+00:00,0.04475,0.01625,0.08025,0.045
Hibernian Stadium,64.0,7.0,116.64,2025-07-04 11:30:30+00:00,0.0355,0.0165,0.07125,0.03575
Hibernian Stadium,64.0,7.0,116.64,2025-07-04 11:45:30+00:00,0.0315,0.0165,0.0705,0.03175
Hibernian Stadium,64.0,7.0,116.64,2025-07-04 12:00:30+00:00,0.038,0.0165,0.088,0.0385
Hibernian Stadium,64.0,7.0,116.64,2025-07-04 12:15:30+00:00,0.0485,0.0165,0.11125,0.04925
Hibernian Stadium,64.0,7.0,116.64,2025-07-04 12:30:30+00:00,0.07,0.0165,0.1305,0.07125
Hibernian Stadium,64.0,7.0,116.64,2025-07-04 12:45:30+00:00,0.089,0.01775,0.12925,0.091
Hibernian Stadium,64.0,7.0,116.64,2025-07-04 13:00:30+00:00,0.05725,0.01625,0.1185,0.05825
Hibernian Stadium,64.0,7.0,116.64,2025-07-04 13:15:30+00:00,0.04,0.016,0.10175,0.04075
Hibernian Stadium,64.0,7.0,116.64,2025-07-04 13:30:30+00:00,0.06075,0.01575,0.09275,0.06175
Hibernian Stadium,64.0,7.0,116.64,2025-07-04 13:45:30+00:00,0.05325,0.01575,0.084,0.05425
Hibernian Stadium,64.0,7.0,116.64,2025-07-04 14:00:30+00:00,0.035,0.01525,0.0785,0.0355
Hibernian Stadium,64.0,7.0,116.64,2025-07-04 14:15:30+00:00,0.033,0.01475,0.07925,0.0335
Hibernian Stadium,64.0,7.0,116.64,2025-07-04 14:30:30+00:00,0.04725,0.01425,0.09075,0.04825
Hibernian Stadium,64.0,7.0,116.64,2025-07-04 14:45:30+00:00,0.06425,0.0185,0.09075,0.066
Hibernian Stadium,64.0,7.0,116.64,2025-07-04 15:00:30+00:00,0.0525,0.02775,0.0845,0.05375
Hibernian Stadium,64.0,7.0,116.64,2025-07-04 15:15:30+00:00,0.05125,0.03025,0.07075,0.05225
Hibernian Stadium,64.0,7.0,116.64,2025-07-04 15:30:30+00:00,0.0475,0.0325,0.0665,0.0485
Hibernian Stadium,64.0,7.0,116.64,2025-07-04 15:45:30+00:00,0.04925,0.03275,0.06425,0.0505
Hibernian Stadium,64.0,7.0,116.64,2025-07-04 16:00:30+00:00,0.0485,0.02675,0.0645,0.05
Hibernian Stadium,64.0,7.0,116.64,2025-07-04 16:15:30+00:00,0.03875,0.021,0.06425,0.03975
Hibernian Stadium,64.0,7.0,116.64,2025-07-04 16:30:30+00:00,0.0395,0.01075,0.0565,0.04075
Hibernian Stadium,64.0,7.0,116.64,2025-07-04 16:45:30+00:00,0.023,0.00925,0.0495,0.0235
Hibernian Stadium,64.0,7.0,116.64,2025-07-04 17:00:30+00:00,0.023,0.0085,0.04275,0.02325
Hibernian Stadium,64.0,7.0,116.64,2025-07-04 17:15:30+00:00,0.02625,0.00775,0.04825,0.02675
Hibernian Stadium,64.0,7.0,116.64,2025-07-04 17:30:30+00:00,0.02825,0.007,0.0505,0.029
Hibernian Stadium,64.0,7.0,116.64,2025-07-04 17:45:30+00:00,0.02425,0.0065,0.0555,0.02475
Hibernian Stadium,64.0,7.0,116.64,2025-07-04 18:00:30+00:00,0.0355,0.00775,0.0475,0.039
Hibernian Stadium,64.0,7.0,116.64,2025-07-04 18:15:30+00:00,0.0255,0.00725,0.0465,0.027
Hibernian Stadium,64.0,7.0,116.64,2025-07-04 18:30:30+00:00,0.01825,0.0045,0.039,0.01875
Hibernian Stadium,64.0,7.0,116.64,2025-07-04 18:45:30+00:00,0.0125,0.00375,0.0315,0.01275
Hibernian Stadium,64.0,7.0,116.64,2025-07-04 19:00:30+00:00,0.00825,0.00325,0.02825,0.00825
Hibernian Stadium,64.0,7.0,116.64,2025-07-04 19:15:30+00:00,0.015,0.003,0.02125,0.017
Hibernian Stadium,64.0,7.0,116.64,2025-07-04 19:30:30+00:00,0.00625,0.00175,0.0185,0.007
Hibernian Stadium,64.0,7.0,116.64,2025-07-04 19:45:30+00:00,0.00525,0.0015,0.0135,0.0055
Hibernian Stadium,64.0,7.0,116.64,2025-07-04 20:00:30+00:00,0.006,0.00125,0.01075,0.006
Hibernian Stadium,64.0,7.0,116.64,2025-07-04 20:15:30+00:00,0.005,0.001,0.00925,0.00525
Hibernian Stadium,64.0,7.0,116.64,2025-07-04 20:30:30+00:00,0.00425,0.00075,0.007,0.00425
Hibernian Stadium,64.0,7.0,116.64,2025-07-04 20:45:30+00:00,0.00225,0.0005,0.004,0.0025
Hibernian Stadium,64.0,7.0,116.64,2025-07-04 21:00:30+00:00,0.0,0.0,0.0,0.0
Hibernian Stadium,64.0,7.0,116.64,2025-07-04 21:15:30+00:00,0.0,0.0,0.0,0.0
Hibernian Stadium,64.0,7.0,116.64,2025-07-04 21:30:30+00:00,0.0,0.0,0.0,0.0
Hibernian Stadium,64.0,7.0,116.64,2025-07-04 21:45:30+00:00,0.0,0.0,0.0,0.0
Hibernian Stadium,64.0,7.0,116.64,2025-07-04 22:00:30+00:00,0.0,0.0,0.0,0.0
Hibernian Stadium,64.0,7.0,116.64,2025-07-04 22:15:30+00:00,0.0,0.0,0.0,0.0
Hibernian Stadium,64.0,7.0,116.64,2025-07-04 22:30:30+00:00,0.0,0.0,0.0,0.0
Hibernian Stadium,64.0,7.0,116.64,2025-07-04 22:45:30+00:00,0.0,0.0,0.0,0.0
Hibernian Stadium,64.0,7.0,116.64,2025-07-04 23:00:30+00:00,0.0,0.0,0.0,0.0
Hibernian Stadium,64.0,7.0,116.64,2025-07-04 23:15:30+00:00,0.0,0.0,0.0,0.0
Hibernian Stadium,64.0,7.0,116.64,2025-07-04 23:30:30+00:00,0.0,0.0,0.0,0.0
Hibernian Stadium,64.0,7.0,116.64,2025-07-04 23:45:30+00:00,0.0,0.0,0.0,0.0
Hibernian Stadium,64.0,7.0,116.64,2025-07-05 00:00:30+00:00,0.0,0.0,0.0,0.0
Hibernian Stadium,64.0,7.0,116.64,2025-07-05 00:15:30+00:00,0.0,0.0,0.0,0.0
Hibernian Stadium,64.0,7.0,116.64,2025-07-05 00:30:30+00:00,0.0,0.0,0.0,0.0
Hibernian Stadium,64.0,7.0,116.64,2025-07-05 00:45:30+00:00,0.0,0.0,0.0,0.0
Hibernian Stadium,64.0,7.0,116.64,2025-07-05 01:00:30+00:00,0.0,0.0,0.0,0.0
Hibernian Stadium,64.0,7.0,116.64,2025-07-05 01:15:30+00:00,0.0,0.0,0.0,0.0
Hibernian Stadium,64.0,7.0,116.64,2025-07-05 01:30:30+00:00,0.0,0.0,0.0,0.0
Hibernian Stadium,64.0,7.0,116.64,2025-07-05 01:45:30+00:00,0.0,0.0,0.0,0.0
Hibernian Stadium,64.0,7.0,116.64,2025-07-05 02:00:30+00:00,0.0,0.0,0.0,0.0
Hibernian Stadium,64.0,7.0,116.64,2025-07-05 02:15:30+00:00,0.0,0.0,0.0,0.0
Hibernian Stadium,64.0,7.0,116.64,2025-07-05 02:30:30+00:00,0.0,0.0,0.0,0.0
Hibernian Stadium,64.0,7.0,116.64,2025-07-05 02:45:30+00:00,0.0,0.0,0.0,0.0
Hibernian Stadium,64.0,7.0,116.64,2025-07-05 03:00:30+00:00,0.0,0.0,0.0,0.0
Hibernian Stadium,64.0,7.0,116.64,2025-07-05 03:15:30+00:00,0.0,0.0,0.0,0.0
Hibernian Stadium,64.0,7.0,116.64,2025-07-05 03:30:30+00:00,0.00025,0.0,0.0005,0.00025
Hibernian Stadium,64.0,7.0,116.64,2025-07-05 03:45:30+00:00,0.00075,0.00025,0.00175,0.00075
Hibernian Stadium,64.0,7.0,116.64,2025-07-05 04:00:30+00:00,0.00225,0.0005,0.005,0.00225
Hibernian Stadium,64.0,7.0,116.64,2025-07-05 04:15:30+00:00,0.0045,0.001,0.00875,0.0045
Hibernian Stadium,64.0,7.0,116.64,2025-07-05 04:30:30+00:00,0.0045,0.00125,0.0165,0.00475
Hibernian Stadium,64.0,7.0,116.64,2025-07-05 04:45:30+00:00,0.01875,0.00375,0.02775,0.0155
Hibernian Stadium,64.0,7.0,116.64,2025-07-05 05:00:30+00:00,0.01325,0.005,0.0345,0.0125
Hibernian Stadium,64.0,7.0,116.64,2025-07-05 05:15:30+00:00,0.042,0.011,0.05125,0.03325
Hibernian Stadium,64.0,7.0,116.64,2025-07-05 05:30:30+00:00,0.0475,0.02425,0.06125,0.03825
Hibernian Stadium,64.0,7.0,116.64,2025-07-05 05:45:30+00:00,0.05375,0.03425,0.072,0.0435
Hibernian Stadium,64.0,7.0,116.64,2025-07-05 06:00:30+00:00,0.067,0.0405,0.0795,0.05475
Hibernian Stadium,64.0,7.0,116.64,2025-07-05 06:15:30+00:00,0.055,0.04175,0.08125,0.04825
Hibernian Stadium,64.0,7.0,116.64,2025-07-05 06:30:30+00:00,0.0665,0.048,0.08425,0.0585
Hibernian Stadium,64.0,7.0,116.64,2025-07-05 06:45:30+00:00,0.077,0.06,0.09375,0.0675
Hibernian Stadium,64.0,7.0,116.64,2025-07-05 07:00:30+00:00,0.086,0.0675,0.098,0.07575
Hibernian Stadium,64.0,7.0,116.64,2025-07-05 07:15:30+00:00,0.083,0.0655,0.1015,0.07575
Hibernian Stadium,64.0,7.0,116.64,2025-07-05 07:30:30+00:00,0.08225,0.065,0.1065,0.07725
Hibernian Stadium,64.0,7.0,116.64,2025-07-05 07:45:30+00:00,0.09475,0.073,0.1235,0.088
Hibernian Stadium,64.0,7.0,116.64,2025-07-05 08:00:30+00:00,0.11775,0.07575,0.13475,0.108
Hibernian Stadium,64.0,7.0,116.64,2025-07-05 08:15:30+00:00,0.09925,0.07275,0.1375,0.0935
Hibernian Stadium,64.0,7.0,116.64,2025-07-05 08:30:30+00:00,0.1005,0.07225,0.12875,0.09575
Hibernian Stadium,64.0,7.0,116.64,2025-07-05 08:45:30+00:00,0.10175,0.0835,0.12925,0.0975
Hibernian Stadium,64.0,7.0,116.64,2025-07-05 09:00:30+00:00,0.1175,0.095,0.1295,0.11275
Hibernian Stadium,64.0,7.0,116.64,2025-07-05 09:15:30+00:00,0.11675,0.09875,0.1395,0.113
Hibernian Stadium,64.0,7.0,116.64,2025-07-05 09:30:30+00:00,0.123,0.09475,0.1495,0.1195
Hibernian Stadium,64.0,7.0,116.64,2025-07-05 09:45:30+00:00,0.12625,0.09925,0.16625,0.12325
Hibernian Stadium,64.0,7.0,116.64,2025-07-05 10:00:30+00:00,0.14925,0.10725,0.187,0.14525
Hibernian Stadium,64.0,7.0,116.64,2025-07-05 10:15:30+00:00,0.1645,0.12425,0.19625,0.16075
Hibernian Stadium,64.0,7.0,116.64,2025-07-05 10:30:30+00:00,0.16525,0.13675,0.20075,0.163
Hibernian Stadium,64.0,7.0,116.64,2025-07-05 10:45:30+00:00,0.177,0.14475,0.20025,0.17525
Hibernian Stadium,64.0,7.0,116.64,2025-07-05 11:00:30+00:00,0.1745,0.13925,0.20275,0.17425
Hibernian Stadium,64.0,7.0,116.64,2025-07-05 11:15:30+00:00,0.161,0.1285,0.1985,0.16175
Hibernian Stadium,64.0,7.0,116.64,2025-07-05 11:30:30+00:00,0.15475,0.12075,0.18925,0.1565
Hibernian Stadium,64.0,7.0,116.64,2025-07-05 11:45:30+00:00,0.1485,0.1265,0.189,0.151
Hibernian Stadium,64.0,7.0,116.64,2025-07-05 12:00:30+00:00,0.16875,0.132,0.1925,0.17275
Hibernian Stadium,64.0,7.0,116.64,2025-07-05 12:15:30+00:00,0.16925,0.14025,0.19225,0.1745
Hibernian Stadium,64.0,7.0,116.64,2025-07-05 12:30:30+00:00,0.161,0.1435,0.18975,0.16675
Hibernian Stadium,64.0,7.0,116.64,2025-07-05 12:45:30+00:00,0.16825,0.14425,0.1855,0.176
Hibernian Stadium,64.0,7.0,116.64,2025-07-05 13:00:30+00:00,0.16575,0.13375,0.189,0.1745
Hibernian Stadium,64.0,7.0,116.64,2025-07-05 13:15:30+00:00,0.15075,0.11025,0.1975,0.1585
Hibernian Stadium,64.0,7.0,116.64,2025-07-05 13:30:30+00:00,0.14375,0.0805,0.20075,0.15175
Hibernian Stadium,64.0,7.0,116.64,2025-07-05 13:45:30+00:00,0.12725,0.047,0.19825,0.13425
Hibernian Stadium,64.0,7.0,116.64,2025-07-05 14:00:30+00:00,0.0965,0.023,0.1775,0.1005
Hibernian Stadium,64.0,7.0,116.64,2025-07-05 14:15:30+00:00,0.075,0.015,0.1435,0.07725
Hibernian Stadium,64.0,7.0,116.64,2025-07-05 14:30:30+00:00,0.05775,0.01725,0.11975,0.05925
Hibernian Stadium,64.0,7.0,116.64,2025-07-05 14:45:30+00:00,0.071,0.02075,0.1185,0.073
Hibernian Stadium,64.0,7.0,116.64,2025-07-05 15:00:30+00:00,0.079,0.026,0.12775,0.08225
Hibernian Stadium,64.0,7.0,116.64,2025-07-05 15:15:30+00:00,0.08025,0.03725,0.13725,0.08425
Hibernian Stadium,64.0,7.0,116.64,2025-07-05 15:30:30+00:00,0.09925,0.047,0.135,0.1075
Hibernian Stadium,64.0,7.0,116.64,2025-07-05 15:45:30+00:00,0.09525,0.04425,0.1315,0.10375
Hibernian Stadium,64.0,7.0,116.64,2025-07-05 16:00:30+00:00,0.0705,0.024,0.1195,0.07475
Hibernian Stadium,64.0,7.0,116.64,2025-07-05 16:15:30+00:00,0.04775,0.01225,0.0985,0.049
Hibernian Stadium,64.0,7.0,116.64,2025-07-05 16:30:30+00:00,0.0455,0.0135,0.0875,0.047
Hibernian Stadium,64.0,7.0,116.64,2025-07-05 16:45:30+00:00,0.056,0.0245,0.08375,0.0595
Hibernian Stadium,64.0,7.0,116.64,2025-07-05 17:00:30+00:00,0.0605,0.03275,0.081,0.0655
Hibernian Stadium,64.0,7.0,116.64,2025-07-05 17:15:30+00:00,0.05475,0.0355,0.07425,0.05925
Hibernian Stadium,64.0,7.0,116.64,2025-07-05 17:30:30+00:00,0.04925,0.03225,0.07025,0.053
Hibernian Stadium,64.0,7.0,116.64,2025-07-05 17:45:30+00:00,0.04825,0.02675,0.0695,0.05375
Hibernian Stadium,64.0,7.0,116.64,2025-07-05 18:00:30+00:00,0.0465,0.025,0.0695,0.05325
Hibernian Stadium,64.0,7.0,116.64,2025-07-05 18:15:30+00:00,0.047,0.02575,0.05775,0.057
Hibernian Stadium,64.0,7.0,116.64,2025-07-05 18:30:30+00:00,0.041,0.02725,0.04825,0.05175
Hibernian Stadium,64.0,7.0,116.64,2025-07-05 18:45:30+00:00,0.03625,0.02475,0.0405,0.04625
Hibernian Stadium,64.0,7.0,116.64,2025-07-05 19:00:30+00:00,0.02825,0.02,0.0335,0.03625
Hibernian Stadium,64.0,7.0,116.64,2025-07-05 19:15:30+00:00,0.02075,0.015,0.0275,0.026
Hibernian Stadium,64.0,7.0,116.64,2025-07-05 19:30:30+00:00,0.017,0.01025,0.02125,0.0215
Hibernian Stadium,64.0,7.0,116.64,2025-07-05 19:45:30+00:00,0.0115,0.00725,0.0155,0.01425
Hibernian Stadium,64.0,7.0,116.64,2025-07-05 20:00:30+00:00,0.00825,0.0045,0.0125,0.0105
Hibernian Stadium,64.0,7.0,116.64,2025-07-05 20:15:30+00:00,0.00675,0.003,0.0105,0.0085
Hibernian Stadium,64.0,7.0,116.64,2025-07-05 20:30:30+00:00,0.0055,0.00225,0.00825,0.0065
Hibernian Stadium,64.0,7.0,116.64,2025-07-05 20:45:30+00:00,0.0035,0.00125,0.00525,0.0035
Hibernian Stadium,64.0,7.0,116.64,2025-07-05 21:00:30+00:00,0.0,0.0,0.0,0.0
Hibernian Stadium,64.0,7.0,116.64,2025-07-05 21:15:30+00:00,0.0,0.0,0.0,0.0
Hibernian Stadium,64.0,7.0,116.64,2025-07-05 21:30:30+00:00,0.0,0.0,0.0,0.0
Hibernian Stadium,64.0,7.0,116.64,2025-07-05 21:45:30+00:00,0.0,0.0,0.0,0.0
Hibernian Stadium,64.0,7.0,116.64,2025-07-05 22:00:30+00:00,0.0,0.0,0.0,0.0
Hibernian Stadium,64.0,7.0,116.64,2025-07-05 22:15:30+00:00,0.0,0.0,0.0,0.0
Hibernian Stadium,64.0,7.0,116.64,2025-07-05 22:30:30+00:00,0.0,0.0,0.0,0.0
Hibernian Stadium,64.0,7.0,116.64,2025-07-05 22:45:30+00:00,0.0,0.0,0.0,0.0
Hibernian Stadium,64.0,7.0,116.64,2025-07-05 23:00:30+00:00,0.0,0.0,0.0,0.0
Hibernian Stadium,64.0,7.0,116.64,2025-07-05 23:15:30+00:00,0.0,0.0,0.0,0.0
Hibernian Stadium,64.0,7.0,116.64,2025-07-05 23:30:30+00:00,0.0,0.0,0.0,0.0
Hibernian Stadium,64.0,7.0,116.64,2025-07-05 23:45:30+00:00,0.0,0.0,0.0,0.0
Hibernian Stadium,64.0,7.0,116.64,2025-07-06 00:00:30+00:00,0.0,0.0,0.0,0.0
Hibernian Stadium,64.0,7.0,116.64,2025-07-06 00:15:30+00:00,0.0,0.0,0.0,0.0
Hibernian Stadium,64.0,7.0,116.64,2025-07-06 00:30:30+00:00,0.0,0.0,0.0,0.0
Hibernian Stadium,64.0,7.0,116.64,2025-07-06 00:45:30+00:00,0.0,0.0,0.0,0.0
Hibernian Stadium,64.0,7.0,116.64,2025-07-06 01:00:30+00:00,0.0,0.0,0.0,0.0
Hibernian Stadium,64.0,7.0,116.64,2025-07-06 01:15:30+00:00,0.0,0.0,0.0,0.0
Hibernian Stadium,64.0,7.0,116.64,2025-07-06 01:30:30+00:00,0.0,0.0,0.0,0.0
Hibernian Stadium,64.0,7.0,116.64,2025-07-06 01:45:30+00:00,0.0,0.0,0.0,0.0
Hibernian Stadium,64.0,7.0,116.64,2025-07-06 02:00:30+00:00,0.0,0.0,0.0,0.0
Hibernian Stadium,64.0,7.0,116.64,2025-07-06 02:15:30+00:00,0.0,0.0,0.0,0.0
Hibernian Stadium,64.0,7.0,116.64,2025-07-06 02:30:30+00:00,0.0,0.0,0.0,0.0
Hibernian Stadium,64.0,7.0,116.64,2025-07-06 02:45:30+00:00,0.0,0.0,0.0,0.0
Hibernian Stadium,64.0,7.0,116.64,2025-07-06 03:00:30+00:00,0.0,0.0,0.0,0.0
Hibernian Stadium,64.0,7.0,116.64,2025-07-06 03:15:30+00:00,0.0,0.0,0.0,0.0
Hibernian Stadium,64.0,7.0,116.64,2025-07-06 03:30:30+00:00,0.00025,0.0,0.0005,0.00025
Hibernian Stadium,64.0,7.0,116.64,2025-07-06 03:45:30+00:00,0.00075,0.00025,0.00175,0.00075
Hibernian Stadium,64.0,7.0,116.64,2025-07-06 04:00:30+00:00,0.002,0.0005,0.004,0.002
Hibernian Stadium,64.0,7.0,116.64,2025-07-06 04:15:30+00:00,0.004,0.00125,0.0075,0.00425
Hibernian Stadium,64.0,7.0,116.64,2025-07-06 04:30:30+00:00,0.00675,0.002,0.0115,0.007
Hibernian Stadium,64.0,7.0,116.64,2025-07-06 04:45:30+00:00,0.00925,0.00225,0.0155,0.00925
Hibernian Stadium,64.0,7.0,116.64,2025-07-06 05:00:30+00:00,0.01025,0.0025,0.019,0.01025
Hibernian Stadium,64.0,7.0,116.64,2025-07-06 05:15:30+00:00,0.0125,0.003,0.0215,0.0125
Hibernian Stadium,64.0,7.0,116.64,2025-07-06 05:30:30+00:00,0.0125,0.0045,0.02575,0.0125
Hibernian Stadium,64.0,7.0,116.64,2025-07-06 05:45:30+00:00,0.02125,0.008,0.03175,0.02075
Hibernian Stadium,64.0,7.0,116.64,2025-07-06 06:00:30+00:00,0.0255,0.01325,0.0365,0.025
Hibernian Stadium,64.0,7.0,116.64,2025-07-06 06:15:30+00:00,0.02775,0.017,0.03875,0.0275
Hibernian Stadium,64.0,7.0,116.64,2025-07-06 06:30:30+00:00,0.03025,0.0195,0.0395,0.02975
Hibernian Stadium,64.0,7.0,116.64,2025-07-06 06:45:30+00:00,0.03025,0.021,0.0425,0.03025
Hibernian Stadium,64.0,7.0,116.64,2025-07-06 07:00:30+00:00,0.0345,0.0195,0.04775,0.03425
Hibernian Stadium,64.0,7.0,116.64,2025-07-06 07:15:30+00:00,0.03575,0.01425,0.05575,0.0355
Hibernian Stadium,64.0,7.0,116.64,2025-07-06 07:30:30+00:00,0.0345,0.0145,0.069,0.0345
Hibernian Stadium,64.0,7.0,116.64,2025-07-06 07:45:30+00:00,0.05625,0.0215,0.087,0.0545
Hibernian Stadium,64.0,7.0,116.64,2025-07-06 08:00:30+00:00,0.07125,0.0385,0.09525,0.06875
Hibernian Stadium,64.0,7.0,116.64,2025-07-06 08:15:30+00:00,0.072,0.048,0.09425,0.07
Hibernian Stadium,64.0,7.0,116.64,2025-07-06 08:30:30+00:00,0.069,0.0535,0.09225,0.06825
Hibernian Stadium,64.0,7.0,116.64,2025-07-06 08:45:30+00:00,0.079,0.05225,0.098,0.07725
Hibernian Stadium,64.0,7.0,116.64,2025-07-06 09:00:30+00:00,0.076,0.05825,0.111,0.0745
Hibernian Stadium,64.0,7.0,116.64,2025-07-06 09:15:30+00:00,0.09975,0.06325,0.12425,0.0975
Hibernian Stadium,64.0,7.0,116.64,2025-07-06 09:30:30+00:00,0.10425,0.064,0.132,0.10225
Hibernian Stadium,64.0,7.0,116.64,2025-07-06 09:45:30+00:00,0.08925,0.05275,0.12825,0.08825
Hibernian Stadium,64.0,7.0,116.64,2025-07-06 10:00:30+00:00,0.07775,0.0495,0.1245,0.07725
Hibernian Stadium,64.0,7.0,116.64,2025-07-06 10:15:30+00:00,0.09375,0.05375,0.12975,0.09325
Hibernian Stadium,64.0,7.0,116.64,2025-07-06 10:30:30+00:00,0.10325,0.0565,0.15,0.103
Hibernian Stadium,64.0,7.0,116.64,2025-07-06 10:45:30+00:00,0.11225,0.03925,0.15925,0.112
Hibernian Stadium,64.0,7.0,116.64,2025-07-06 11:00:30+00:00,0.0805,0.01625,0.156,0.081
Hibernian Stadium,64.0,7.0,116.64,2025-07-06 11:15:30+00:00,0.054,0.0165,0.13,0.0545
Hibernian Stadium,64.0,7.0,116.64,2025-07-06 11:30:30+00:00,0.04675,0.01675,0.10175,0.047
Hibernian Stadium,64.0,7.0,116.64,2025-07-06 11:45:30+00:00,0.04125,0.01675,0.0775,0.0415
Hibernian Stadium,64.0,7.0,116.64,2025-07-06 12:00:30+00:00,0.0385,0.01675,0.06625,0.03875
Hibernian Stadium,64.0,7.0,116.64,2025-07-06 12:15:30+00:00,0.04175,0.01825,0.0665,0.04225
Hibernian Stadium,64.0,7.0,116.64,2025-07-06 12:30:30+00:00,0.0465,0.02075,0.07025,0.047
Hibernian Stadium,64.0,7.0,116.64,2025-07-06 12:45:30+00:00,0.04825,0.024,0.0715,0.04875
Hibernian Stadium,64.0,7.0,116.64,2025-07-06 13:00:30+00:00,0.04825,0.027,0.0725,0.049
Hibernian Stadium,64.0,7.0,116.64,2025-07-06 13:15:30+00:00,0.0525,0.02675,0.07175,0.05325
Hibernian Stadium,64.0,7.0,116.64,2025-07-06 13:30:30+00:00,0.047,0.0205,0.07525,0.04775
Hibernian Stadium,64.0,7.0,116.64,2025-07-06 13:45:30+00:00,0.04375,0.01575,0.09125,0.0445
Hibernian Stadium,64.0,7.0,116.64,2025-07-06 14:00:30+00:00,0.0545,0.01525,0.11075,0.05575
Hibernian Stadium,64.0,7.0,116.64,2025-07-06 14:15:30+00:00,0.067,0.01475,0.13225,0.0685
Hibernian Stadium,64.0,7.0,116.64,2025-07-06 14:30:30+00:00,0.0935,0.0335,0.131,0.098
Hibernian Stadium,64.0,7.0,116.64,2025-07-06 14:45:30+00:00,0.08725,0.044,0.12475,0.091
Hibernian Stadium,64.0,7.0,116.64,2025-07-06 15:00:30+00:00,0.07275,0.03825,0.11275,0.075
Hibernian Stadium,64.0,7.0,116.64,2025-07-06 15:15:30+00:00,0.065,0.02975,0.09825,0.06675
Hibernian Stadium,64.0,7.0,116.64,2025-07-06 15:30:30+00:00,0.05375,0.02525,0.08425,0.05525
Hibernian Stadium,64.0,7.0,116.64,2025-07-06 15:45:30+00:00,0.045,0.02525,0.06975,0.046
Hibernian Stadium,64.0,7.0,116.64,2025-07-06 16:00:30+00:00,0.04325,0.02475,0.061,0.04425
Hibernian Stadium,64.0,7.0,116.64,2025-07-06 16:15:30+00:00,0.04,0.02325,0.05525,0.04075
Hibernian Stadium,64.0,7.0,116.64,2025-07-06 16:30:30+00:00,0.0345,0.0195,0.0505,0.035
Hibernian Stadium,64.0,7.0,116.64,2025-07-06 16:45:30+00:00,0.03,0.015,0.04525,0.03075
Hibernian Stadium,64.0,7.0,116.64,2025-07-06 17:00:30+00:00,0.0255,0.00975,0.042,0.026
Hibernian Stadium,64.0,7.0,116.64,2025-07-06 17:15:30+00:00,0.02175,0.008,0.04275,0.022
Hibernian Stadium,64.0,7.0,116.64,2025-07-06 17:30:30+00:00,0.02475,0.00725,0.047,0.02525
Hibernian Stadium,64.0,7.0,116.64,2025-07-06 17:45:30+00:00,0.0295,0.0085,0.0485,0.03025
Hibernian Stadium,64.0,7.0,116.64,2025-07-06 18:00:30+00:00,0.031,0.01225,0.0465,0.03225
Hibernian Stadium,64.0,7.0,116.64,2025-07-06 18:15:30+00:00,0.0275,0.01325,0.042,0.02875
Hibernian Stadium,64.0,7.0,116.64,2025-07-06 18:30:30+00:00,0.02375,0.0125,0.03875,0.02475
Hibernian Stadium,64.0,7.0,116.64,2025-07-06 18:45:30+00:00,0.0235,0.009,0.03075,0.02625
Hibernian Stadium,64.0,7.0,116.64,2025-07-06 19:00:30+00:00,0.01475,0.00675,0.0275,0.0155
Hibernian Stadium,64.0,7.0,116.64,2025-07-06 19:15:30+00:00,0.012,0.00325,0.0215,0.01225
Hibernian Stadium,64.0,7.0,116.64,2025-07-06 19:30:30+00:00,0.01,0.00275,0.0175,0.0105
Hibernian Stadium,64.0,7.0,116.64,2025-07-06 19:45:30+00:00,0.00825,0.00275,0.01375,0.009
Hibernian Stadium,64.0,7.0,116.64,2025-07-06 20:00:30+00:00,0.007,0.0025,0.01125,0.00775
Hibernian Stadium,64.0,7.0,116.64,2025-07-06 20:15:30+00:00,0.00575,0.002,0.0095,0.0065
Hibernian Stadium,64.0,7.0,116.64,2025-07-06 20:30:30+00:00,0.0045,0.00125,0.00725,0.005
Hibernian Stadium,64.0,7.0,116.64,2025-07-06 20:45:30+00:00,0.00275,0.00075,0.0045,0.00275
Hibernian Stadium,64.0,7.0,116.64,2025-07-06 21:00:30+00:00,0.0,0.0,0.0,0.0
Hibernian Stadium,64.0,7.0,116.64,2025-07-06 21:15:30+00:00,0.0,0.0,0.0,0.0
Hibernian Stadium,64.0,7.0,116.64,2025-07-06 21:30:30+00:00,0.0,0.0,0.0,0.0
Hibernian Stadium,64.0,7.0,116.64,2025-07-06 21:45:30+00:00,0.0,0.0,0.0,0.0
Hibernian Stadium,64.0,7.0,116.64,2025-07-06 22:00:30+00:00,0.0,0.0,0.0,0.0
Hibernian Stadium,64.0,7.0,116.64,2025-07-06 22:15:30+00:00,0.0,0.0,0.0,0.0
Hibernian Stadium,64.0,7.0,116.64,2025-07-06 22:30:30+00:00,0.0,0.0,0.0,0.0
Hibernian Stadium,64.0,7.0,116.64,2025-07-06 22:45:30+00:00,0.0,0.0,0.0,0.0
Hibernian Stadium,64.0,7.0,116.64,2025-07-06 23:00:30+00:00,0.0,0.0,0.0,0.0
Hibernian Stadium,64.0,7.0,116.64,2025-07-06 23:15:30+00:00,0.0,0.0,0.0,0.0
Hibernian Stadium,64.0,7.0,116.64,2025-07-06 23:30:30+00:00,0.0,0.0,0.0,0.0
Hibernian Stadium,64.0,7.0,116.64,2025-07-06 23:45:30+00:00,0.0,0.0,0.0,0.0
Hibernian Stadium,64.0,7.0,116.64,2025-07-07 00:00:30+00:00,0.0,0.0,0.0,0.0
Hibernian Stadium,64.0,7.0,116.64,2025-07-07 00:15:30+00:00,0.0,0.0,0.0,0.0
Hibernian Stadium,64.0,7.0,116.64,2025-07-07 00:30:30+00:00,0.0,0.0,0.0,0.0
Hibernian Stadium,64.0,7.0,116.64,2025-07-07 00:45:30+00:00,0.0,0.0,0.0,0.0
Hibernian Stadium,64.0,7.0,116.64,2025-07-07 01:00:30+00:00,0.0,0.0,0.0,0.0
Hibernian Stadium,64.0,7.0,116.64,2025-07-07 01:15:30+00:00,0.0,0.0,0.0,0.0
Hibernian Stadium,64.0,7.0,116.64,2025-07-07 01:30:30+00:00,0.0,0.0,0.0,0.0
Hibernian Stadium,64.0,7.0,116.64,2025-07-07 01:45:30+00:00,0.0,0.0,0.0,0.0
Hibernian Stadium,64.0,7.0,116.64,2025-07-07 02:00:30+00:00,0.0,0.0,0.0,0.0
Hibernian Stadium,64.0,7.0,116.64,2025-07-07 02:15:30+00:00,0.0,0.0,0.0,0.0
Hibernian Stadium,64.0,7.0,116.64,2025-07-07 02:30:30+00:00,0.0,0.0,0.0,0.0
Hibernian Stadium,64.0,7.0,116.64,2025-07-07 02:45:30+00:00,0.0,0.0,0.0,0.0
Hibernian Stadium,64.0,7.0,116.64,2025-07-07 03:00:30+00:00,0.0,0.0,0.0,0.0
Hibernian Stadium,64.0,7.0,116.64,2025-07-07 03:15:30+00:00,0.0,0.0,0.0,0.0
Hibernian Stadium,64.0,7.0,116.64,2025-07-07 03:30:30+00:00,0.0,0.0,0.0,0.0
Hibernian Stadium,64.0,7.0,116.64,2025-07-07 03:45:30+00:00,0.0005,0.0,0.0015,0.0005
Hibernian Stadium,64.0,7.0,116.64,2025-07-07 04:00:30+00:00,0.00175,0.00025,0.00475,0.00175
Hibernian Stadium,64.0,7.0,116.64,2025-07-07 04:15:30+00:00,0.00325,0.00075,0.01075,0.00325
Hibernian Stadium,64.0,7.0,116.64,2025-07-07 04:30:30+00:00,0.016,0.00325,0.02225,0.01225
Hibernian Stadium,64.0,7.0,116.64,2025-07-07 04:45:30+00:00,0.01075,0.00225,0.02675,0.00975
Hibernian Stadium,64.0,7.0,116.64,2025-07-07 05:00:30+00:00,0.02275,0.0045,0.03875,0.019
Hibernian Stadium,64.0,7.0,116.64,2025-07-07 05:15:30+00:00,0.03575,0.0155,0.05125,0.02825
Hibernian Stadium,64.0,7.0,116.64,2025-07-07 05:30:30+00:00,0.05475,0.03025,0.06375,0.0425
Hibernian Stadium,64.0,7.0,116.64,2025-07-07 05:45:30+00:00,0.0685,0.04925,0.07675,0.05225
Hibernian Stadium,64.0,7.0,116.64,2025-07-07 06:00:30+00:00,0.0765,0.064,0.087,0.05975
Hibernian Stadium,64.0,7.0,116.64,2025-07-07 06:15:30+00:00,0.08525,0.07675,0.095,0.068
Hibernian Stadium,64.0,7.0,116.64,2025-07-07 06:30:30+00:00,0.09525,0.0875,0.10325,0.0775
Hibernian Stadium,64.0,7.0,116.64,2025-07-07 06:45:30+00:00,0.10575,0.09875,0.11225,0.08675
Hibernian Stadium,64.0,7.0,116.64,2025-07-07 07:00:30+00:00,0.1145,0.10875,0.12025,0.09575
Hibernian Stadium,64.0,7.0,116.64,2025-07-07 07:15:30+00:00,0.123,0.11775,0.128,0.1045
Hibernian Stadium,64.0,7.0,116.64,2025-07-07 07:30:30+00:00,0.131,0.1255,0.1365,0.113
Hibernian Stadium,64.0,7.0,116.64,2025-07-07 07:45:30+00:00,0.139,0.13275,0.145,0.1215
Hibernian Stadium,64.0,7.0,116.64,2025-07-07 08:00:30+00:00,0.1465,0.13925,0.15275,0.12975
Hibernian Stadium,64.0,7.0,116.64,2025-07-07 08:15:30+00:00,0.1525,0.14575,0.15975,0.13675
Hibernian Stadium,64.0,7.0,116.64,2025-07-07 08:30:30+00:00,0.1595,0.15225,0.1665,0.14475
Hibernian Stadium,64.0,7.0,116.64,2025-07-07 08:45:30+00:00,0.166,0.15875,0.1735,0.1525
Hibernian Stadium,64.0,7.0,116.64,2025-07-07 09:00:30+00:00,0.17275,0.165,0.17975,0.1605
Hibernian Stadium,64.0,7.0,116.64,2025-07-07 09:15:30+00:00,0.178,0.16975,0.186,0.167
Hibernian Stadium,64.0,7.0,116.64,2025-07-07 09:30:30+00:00,0.18275,0.17325,0.192,0.173
Hibernian Stadium,64.0,7.0,116.64,2025-07-07 09:45:30+00:00,0.18675,0.17675,0.19825,0.1785
Hibernian Stadium,64.0,7.0,116.64,2025-07-07 10:00:30+00:00,0.19325,0.18125,0.2045,0.1865
Hibernian Stadium,64.0,7.0,116.64,2025-07-07 10:15:30+00:00,0.1985,0.1865,0.209,0.19325
Hibernian Stadium,64.0,7.0,116.64,2025-07-07 10:30:30+00:00,0.2015,0.19125,0.21125,0.19775
Hibernian Stadium,64.0,7.0,116.64,2025-07-07 10:45:30+00:00,0.20375,0.19225,0.215,0.20175
Hibernian Stadium,64.0,7.0,116.64,2025-07-07 11:00:30+00:00,0.20575,0.19175,0.2185,0.2055
Hibernian Stadium,64.0,7.0,116.64,2025-07-07 11:15:30+00:00,0.206,0.1875,0.21925,0.20725
Hibernian Stadium,64.0,7.0,116.64,2025-07-07 11:30:30+00:00,0.19875,0.1865,0.218,0.2015
Hibernian Stadium,64.0,7.0,116.64,2025-07-07 11:45:30+00:00,0.2015,0.1865,0.21725,0.20625
Hibernian Stadium,64.0,7.0,116.64,2025-07-07 12:00:30+00:00,0.20475,0.18925,0.2175,0.21125
Hibernian Stadium,64.0,7.0,116.64,2025-07-07 12:15:30+00:00,0.20375,0.18975,0.216,0.21175
Hibernian Stadium,64.0,7.0,116.64,2025-07-07 12:30:30+00:00,0.2005,0.18625,0.21325,0.21
Hibernian Stadium,64.0,7.0,116.64,2025-07-07 12:45:30+00:00,0.19525,0.1795,0.2115,0.20575
Hibernian Stadium,64.0,7.0,116.64,2025-07-07 13:00:30+00:00,0.19075,0.1725,0.2075,0.20275
Hibernian Stadium,64.0,7.0,116.64,2025-07-07 13:15:30+00:00,0.184,0.16525,0.2015,0.19675
Hibernian Stadium,64.0,7.0,116.64,2025-07-07 13:30:30+00:00,0.17575,0.16075,0.1935,0.18825
Hibernian Stadium,64.0,7.0,116.64,2025-07-07 13:45:30+00:00,0.1705,0.15375,0.1865,0.184
Hibernian Stadium,64.0,7.0,116.64,2025-07-07 14:00:30+00:00,0.164,0.139,0.19125,0.17825
Hibernian Stadium,64.0,7.0,116.64,2025-07-07 14:15:30+00:00,0.1605,0.118,0.1905,0.1755
Hibernian Stadium,64.0,7.0,116.64,2025-07-07 14:30:30+00:00,0.14625,0.09025,0.18525,0.15975
Hibernian Stadium,64.0,7.0,116.64,2025-07-07 14:45:30+00:00,0.1145,0.06875,0.177,0.123
Hibernian Stadium,64.0,7.0,116.64,2025-07-07 15:00:30+00:00,0.10425,0.06175,0.17425,0.11175
Hibernian Stadium,64.0,7.0,116.64,2025-07-07 15:15:30+00:00,0.12875,0.06725,0.16275,0.14375
Hibernian Stadium,64.0,7.0,116.64,2025-07-07 15:30:30+00:00,0.13625,0.08775,0.152,0.15575
Hibernian Stadium,64.0,7.0,116.64,2025-07-07 15:45:30+00:00,0.13025,0.10225,0.14275,0.15075
Hibernian Stadium,64.0,7.0,116.64,2025-07-07 16:00:30+00:00,0.12275,0.1055,0.134,0.14375
Hibernian Stadium,64.0,7.0,116.64,2025-07-07 16:15:30+00:00,0.11425,0.09525,0.1255,0.13475
Hibernian Stadium,64.0,7.0,116.64,2025-07-07 16:30:30+00:00,0.1085,0.07625,0.11825,0.12725
Hibernian Stadium,64.0,7.0,116.64,2025-07-07 16:45:30+00:00,0.08825,0.061,0.11275,0.101
Hibernian Stadium,64.0,7.0,116.64,2025-07-07 17:00:30+00:00,0.07275,0.05475,0.106,0.082
Hibernian Stadium,64.0,7.0,116.64,2025-07-07 17:15:30+00:00,0.07975,0.0435,0.09425,0.093
Hibernian Stadium,64.0,7.0,116.64,2025-07-07 17:30:30+00:00,0.067,0.034,0.086,0.07825
Hibernian Stadium,64.0,7.0,116.64,2025-07-07 17:45:30+00:00,0.05075,0.0165,0.07975,0.05775
Hibernian Stadium,64.0,7.0,116.64,2025-07-07 18:00:30+00:00,0.03225,0.01125,0.0725,0.03475
Hibernian Stadium,64.0,7.0,116.64,2025-07-07 18:15:30+00:00,0.037,0.01125,0.06125,0.042
Hibernian Stadium,64.0,7.0,116.64,2025-07-07 18:30:30+00:00,0.03875,0.0165,0.051,0.04675
Hibernian Stadium,64.0,7.0,116.64,2025-07-07 18:45:30+00:00,0.0335,0.01975,0.0425,0.04125
Hibernian Stadium,64.0,7.0,116.64,2025-07-07 19:00:30+00:00,0.0275,0.01875,0.03325,0.036
Hibernian Stadium,64.0,7.0,116.64,2025-07-07 19:15:30+00:00,0.02175,0.01525,0.02625,0.029
Hibernian Stadium,64.0,7.0,116.64,2025-07-07 19:30:30+00:00,0.0155,0.01,0.02,0.02075
Hibernian Stadium,64.0,7.0,116.64,2025-07-07 19:45:30+00:00,0.01075,0.00675,0.01525,0.0135
Hibernian Stadium,64.0,7.0,116.64,2025-07-07 20:00:30+00:00,0.00825,0.0045,0.0125,0.01025
Hibernian Stadium,64.0,7.0,116.64,2025-07-07 20:15:30+00:00,0.0065,0.003,0.009,0.0085
Hibernian Stadium,64.0,7.0,116.64,2025-07-07 20:30:30+00:00,0.004,0.002,0.00625,0.0045
Hibernian Stadium,64.0,7.0,116.64,2025-07-07 20:45:30+00:00,0.001,0.001,0.0015,0.001
Hibernian Stadium,64.0,7.0,116.64,2025-07-07 21:00:30+00:00,0.0,0.0,0.0,0.0
Hibernian Stadium,64.0,7.0,116.64,2025-07-07 21:15:30+00:00,0.0,0.0,0.0,0.0
Hibernian Stadium,64.0,7.0,116.64,2025-07-07 21:30:30+00:00,0.0,0.0,0.0,0.0
Hibernian Stadium,64.0,7.0,116.64,2025-07-07 21:45:30+00:00,0.0,0.0,0.0,0.0
Hibernian Stadium,64.0,7.0,116.64,2025-07-07 22:00:30+00:00,0.0,0.0,0.0,0.0
Hibernian Stadium,64.0,7.0,116.64,2025-07-07 22:15:30+00:00,0.0,0.0,0.0,0.0
Hibernian Stadium,64.0,7.0,116.64,2025-07-07 22:30:30+00:00,0.0,0.0,0.0,0.0
Hibernian Stadium,64.0,7.0,116.64,2025-07-07 22:45:30+00:00,0.0,0.0,0.0,0.0
Hibernian Stadium,64.0,7.0,116.64,2025-07-07 23:00:30+00:00,0.0,0.0,0.0,0.0
Hibernian Stadium,64.0,7.0,116.64,2025-07-07 23:15:30+00:00,0.0,0.0,0.0,0.0
Hibernian Stadium,64.0,7.0,116.64,2025-07-07 23:30:30+00:00,0.0,0.0,0.0,0.0
Hibernian Stadium,64.0,7.0,116.64,2025-07-07 23:45:30+00:00,0.0,0.0,0.0,0.0
Hibernian Stadium,64.0,7.0,116.64,2025-07-08 00:00:30+00:00,0.0,0.0,0.0,0.0
Hibernian Stadium,64.0,7.0,116.64,2025-07-08 00:15:30+00:00,0.0,0.0,0.0,0.0
Hibernian Stadium,64.0,7.0,116.64,2025-07-08 00:30:30+00:00,0.0,0.0,0.0,0.0
Hibernian Stadium,64.0,7.0,116.64,2025-07-08 00:45:30+00:00,0.0,0.0,0.0,0.0
Hibernian Stadium,64.0,7.0,116.64,2025-07-08 01:00:30+00:00,0.0,0.0,0.0,0.0
Hibernian Stadium,64.0,7.0,116.64,2025-07-08 01:15:30+00:00,0.0,0.0,0.0,0.0
Hibernian Stadium,64.0,7.0,116.64,2025-07-08 01:30:30+00:00,0.0,0.0,0.0,0.0
Hibernian Stadium,64.0,7.0,116.64,2025-07-08 01:45:30+00:00,0.0,0.0,0.0,0.0
Hibernian Stadium,64.0,7.0,116.64,2025-07-08 02:00:30+00:00,0.0,0.0,0.0,0.0
Hibernian Stadium,64.0,7.0,116.64,2025-07-08 02:15:30+00:00,0.0,0.0,0.0,0.0
Hibernian Stadium,64.0,7.0,116.64,2025-07-08 02:30:30+00:00,0.0,0.0,0.0,0.0
Hibernian Stadium,64.0,7.0,116.64,2025-07-08 02:45:30+00:00,0.0,0.0,0.0,0.0
Hibernian Stadium,64.0,7.0,116.64,2025-07-08 03:00:30+00:00,0.0,0.0,0.0,0.0
Hibernian Stadium,64.0,7.0,116.64,2025-07-08 03:15:30+00:00,0.0,0.0,0.0,0.0
Hibernian Stadium,64.0,7.0,116.64,2025-07-08 03:30:30+00:00,0.0,0.0,0.0,0.0
Hibernian Stadium,64.0,7.0,116.64,2025-07-08 03:45:30+00:00,0.00075,0.00075,0.00125,0.00075
Hibernian Stadium,64.0,7.0,116.64,2025-07-08 04:00:30+00:00,0.003,0.00175,0.0045,0.003
Hibernian Stadium,64.0,7.0,116.64,2025-07-08 04:15:30+00:00,0.00775,0.0045,0.012,0.0065
Hibernian Stadium,64.0,7.0,116.64,2025-07-08 04:30:30+00:00,0.01675,0.00975,0.02325,0.01175
Hibernian Stadium,64.0,7.0,116.64,2025-07-08 04:45:30+00:00,0.02675,0.01675,0.03475,0.018
Hibernian Stadium,64.0,7.0,116.64,2025-07-08 05:00:30+00:00,0.0365,0.02475,0.0445,0.02525
Hibernian Stadium,64.0,7.0,116.64,2025-07-08 05:15:30+00:00,0.04625,0.03425,0.05475,0.03325
Hibernian Stadium,64.0,7.0,116.64,2025-07-08 05:30:30+00:00,0.057,0.04475,0.065,0.04175
Hibernian Stadium,64.0,7.0,116.64,2025-07-08 05:45:30+00:00,0.06725,0.0555,0.075,0.0505
Hibernian Stadium,64.0,7.0,116.64,2025-07-08 06:00:30+00:00,0.076,0.066,0.08475,0.05875
Hibernian Stadium,64.0,7.0,116.64,2025-07-08 06:15:30+00:00,0.086,0.07725,0.095,0.06775
Hibernian Stadium,64.0,7.0,116.64,2025-07-08 06:30:30+00:00,0.09525,0.08825,0.1025,0.0765
Hibernian Stadium,64.0,7.0,116.64,2025-07-08 06:45:30+00:00,0.10425,0.0985,0.11,0.0855
Hibernian Stadium,64.0,7.0,116.64,2025-07-08 07:00:30+00:00,0.11275,0.108,0.11775,0.094
Hibernian Stadium,64.0,7.0,116.64,2025-07-08 07:15:30+00:00,0.121,0.1165,0.12575,0.10275
Hibernian Stadium,64.0,7.0,116.64,2025-07-08 07:30:30+00:00,0.1295,0.124,0.1345,0.1115
Hibernian Stadium,64.0,7.0,116.64,2025-07-08 07:45:30+00:00,0.13725,0.13125,0.143,0.11975
Hibernian Stadium,64.0,7.0,116.64,2025-07-08 08:00:30+00:00,0.14425,0.1375,0.15075,0.12775
Hibernian Stadium,64.0,7.0,116.64,2025-07-08 08:15:30+00:00,0.15075,0.14225,0.16,0.135
Hibernian Stadium,64.0,7.0,116.64,2025-07-08 08:30:30+00:00,0.1585,0.143,0.172,0.14375
Hibernian Stadium,64.0,7.0,116.64,2025-07-08 08:45:30+00:00,0.163,0.14125,0.1815,0.14975
Hibernian Stadium,64.0,7.0,116.64,2025-07-08 09:00:30+00:00,0.16175,0.137,0.18325,0.151
Hibernian Stadium,64.0,7.0,116.64,2025-07-08 09:15:30+00:00,0.15625,0.13975,0.183,0.14775
Hibernian Stadium,64.0,7.0,116.64,2025-07-08 09:30:30+00:00,0.16625,0.14675,0.18725,0.15825
Hibernian Stadium,64.0,7.0,116.64,2025-07-08 09:45:30+00:00,0.17825,0.152,0.19225,0.17075
Hibernian Stadium,64.0,7.0,116.64,2025-07-08 10:00:30+00:00,0.171,0.1555,0.1985,0.1655
Hibernian Stadium,64.0,7.0,116.64,2025-07-08 10:15:30+00:00,0.1815,0.15925,0.205,0.177
Hibernian Stadium,64.0,7.0,116.64,2025-07-08 10:30:30+00:00,0.1935,0.169,0.21175,0.19
Hibernian Stadium,64.0,7.0,116.64,2025-07-08 10:45:30+00:00,0.195,0.1735,0.213,0.19325
Hibernian Stadium,64.0,7.0,116.64,2025-07-08 11:00:30+00:00,0.19075,0.17325,0.209,0.1905
Hibernian Stadium,64.0,7.0,116.64,2025-07-08 11:15:30+00:00,0.18725,0.173,0.20475,0.18825
Hibernian Stadium,64.0,7.0,116.64,2025-07-08 11:30:30+00:00,0.18825,0.1735,0.202,0.19075
Hibernian Stadium,64.0,7.0,116.64,2025-07-08 11:45:30+00:00,0.1875,0.175,0.201,0.19125
Hibernian Stadium,64.0,7.0,116.64,2025-07-08 12:00:30+00:00,0.188,0.164,0.2145,0.19325
Hibernian Stadium,64.0,7.0,116.64,2025-07-08 12:15:30+00:00,0.19175,0.152,0.21875,0.19875
Hibernian Stadium,64.0,7.0,116.64,2025-07-08 12:30:30+00:00,0.186,0.12725,0.217,0.19375
Hibernian Stadium,64.0,7.0,116.64,2025-07-08 12:45:30+00:00,0.14825,0.119,0.21125,0.15425
Hibernian Stadium,64.0,7.0,116.64,2025-07-08 13:00:30+00:00,0.1585,0.11675,0.20275,0.1665
Hibernian Stadium,64.0,7.0,116.64,2025-07-08 13:15:30+00:00,0.17075,0.1245,0.2025,0.1815
Hibernian Stadium,64.0,7.0,116.64,2025-07-08 13:30:30+00:00,0.16175,0.13225,0.20125,0.17275
Hibernian Stadium,64.0,7.0,116.64,2025-07-08 13:45:30+00:00,0.16625,0.136,0.1975,0.17925
Hibernian Stadium,64.0,7.0,116.64,2025-07-08 14:00:30+00:00,0.17075,0.142,0.19075,0.18675
Hibernian Stadium,64.0,7.0,116.64,2025-07-08 14:15:30+00:00,0.1675,0.14175,0.18425,0.185
Hibernian Stadium,64.0,7.0,116.64,2025-07-08 14:30:30+00:00,0.15975,0.1335,0.17825,0.177
Hibernian Stadium,64.0,7.0,116.64,2025-07-08 14:45:30+00:00,0.14175,0.1275,0.1725,0.1565
Hibernian Stadium,64.0,7.0,116.64,2025-07-08 15:00:30+00:00,0.145,0.1175,0.165,0.16225
Hibernian Stadium,64.0,7.0,116.64,2025-07-08 15:15:30+00:00,0.1425,0.10075,0.1555,0.16225
Hibernian Stadium,64.0,7.0,116.64,2025-07-08 15:30:30+00:00,0.13725,0.075,0.1485,0.1565
Hibernian Stadium,64.0,7.0,116.64,2025-07-08 15:45:30+00:00,0.10775,0.04125,0.145,0.12
Hibernian Stadium,64.0,7.0,116.64,2025-07-08 16:00:30+00:00,0.0695,0.02375,0.1435,0.074
Hibernian Stadium,64.0,7.0,116.64,2025-07-08 16:15:30+00:00,0.0705,0.0195,0.12825,0.07525
Hibernian Stadium,64.0,7.0,116.64,2025-07-08 16:30:30+00:00,0.07875,0.03575,0.1225,0.087
Hibernian Stadium,64.0,7.0,116.64,2025-07-08 16:45:30+00:00,0.09175,0.0465,0.10925,0.1055
Hibernian Stadium,64.0,7.0,116.64,2025-07-08 17:00:30+00:00,0.078,0.04825,0.10175,0.0895
Hibernian Stadium,64.0,7.0,116.64,2025-07-08 17:15:30+00:00,0.061,0.04175,0.0955,0.06825
Hibernian Stadium,64.0,7.0,116.64,2025-07-08 17:30:30+00:00,0.06825,0.02625,0.08325,0.07975
Hibernian Stadium,64.0,7.0,116.64,2025-07-08 17:45:30+00:00,0.04775,0.011,0.07825,0.0535
Hibernian Stadium,64.0,7.0,116.64,2025-07-08 18:00:30+00:00,0.02,0.0055,0.0635,0.02075
Hibernian Stadium,64.0,7.0,116.64,2025-07-08 18:15:30+00:00,0.02025,0.005,0.0525,0.02075
Hibernian Stadium,64.0,7.0,116.64,2025-07-08 18:30:30+00:00,0.03025,0.006,0.04125,0.034
Hibernian Stadium,64.0,7.0,116.64,2025-07-08 18:45:30+00:00,0.01275,0.0035,0.03675,0.01375
Hibernian Stadium,64.0,7.0,116.64,2025-07-08 19:00:30+00:00,0.00925,0.003,0.02975,0.0095
Hibernian Stadium,64.0,7.0,116.64,2025-07-08 19:15:30+00:00,0.015,0.003,0.02325,0.01625
Hibernian Stadium,64.0,7.0,116.64,2025-07-08 19:30:30+00:00,0.0065,0.00175,0.01875,0.007
Hibernian Stadium,64.0,7.0,116.64,2025-07-08 19:45:30+00:00,0.0025,0.00125,0.01025,0.0025
Hibernian Stadium,64.0,7.0,116.64,2025-07-08 20:00:30+00:00,0.00225,0.001,0.00775,0.00225
Hibernian Stadium,64.0,7.0,116.64,2025-07-08 20:15:30+00:00,0.002,0.001,0.00525,0.002
Hibernian Stadium,64.0,7.0,116.64,2025-07-08 20:30:30+00:00,0.001,0.0005,0.00325,0.001
Hibernian Stadium,64.0,7.0,116.64,2025-07-08 20:45:30+00:00,0.00025,0.0,0.00075,0.00025
Hibernian Stadium,64.0,7.0,116.64,2025-07-08 21:00:30+00:00,0.0,0.0,0.0,0.0
Hibernian Stadium,64.0,7.0,116.64,2025-07-08 21:15:30+00:00,0.0,0.0,0.0,0.0
Hibernian Stadium,64.0,7.0,116.64,2025-07-08 21:30:30+00:00,0.0,0.0,0.0,0.0
Hibernian Stadium,64.0,7.0,116.64,2025-07-08 21:45:30+00:00,0.0,0.0,0.0,0.0
Hibernian Stadium,64.0,7.0,116.64,2025-07-08 22:00:30+00:00,0.0,0.0,0.0,0.0
Hibernian Stadium,64.0,7.0,116.64,2025-07-08 22:15:30+00:00,0.0,0.0,0.0,0.0
Hibernian Stadium,64.0,7.0,116.64,2025-07-08 22:30:30+00:00,0.0,0.0,0.0,0.0
Hibernian Stadium,64.0,7.0,116.64,2025-07-08 22:45:30+00:00,0.0,0.0,0.0,0.0
Hibernian Stadium,64.0,7.0,116.64,2025-07-08 23:00:30+00:00,0.0,0.0,0.0,0.0
Hibernian Stadium,64.0,7.0,116.64,2025-07-08 23:15:30+00:00,0.0,0.0,0.0,0.0
Hibernian Stadium,64.0,7.0,116.64,2025-07-08 23:30:30+00:00,0.0,0.0,0.0,0.0
Hibernian Stadium,64.0,7.0,116.64,2025-07-08 23:45:30+00:00,0.0,0.0,0.0,0.0
Hibernian Stadium,64.0,7.0,116.64,2025-07-09 00:00:30+00:00,0.0,0.0,0.0,0.0
Hibernian Stadium,64.0,7.0,116.64,2025-07-09 00:15:30+00:00,0.0,0.0,0.0,0.0
Hibernian Stadium,64.0,7.0,116.64,2025-07-09 00:30:30+00:00,0.0,0.0,0.0,0.0
Hibernian Stadium,64.0,7.0,116.64,2025-07-09 00:45:30+00:00,0.0,0.0,0.0,0.0
Hibernian Stadium,64.0,7.0,116.64,2025-07-09 01:00:30+00:00,0.0,0.0,0.0,0.0
Hibernian Stadium,64.0,7.0,116.64,2025-07-09 01:15:30+00:00,0.0,0.0,0.0,0.0
Hibernian Stadium,64.0,7.0,116.64,2025-07-09 01:30:30+00:00,0.0,0.0,0.0,0.0
Hibernian Stadium,64.0,7.0,116.64,2025-07-09 01:45:30+00:00,0.0,0.0,0.0,0.0
Hibernian Stadium,64.0,7.0,116.64,2025-07-09 02:00:30+00:00,0.0,0.0,0.0,0.0
Hibernian Stadium,64.0,7.0,116.64,2025-07-09 02:15:30+00:00,0.0,0.0,0.0,0.0
Hibernian Stadium,64.0,7.0,116.64,2025-07-09 02:30:30+00:00,0.0,0.0,0.0,0.0
Hibernian Stadium,64.0,7.0,116.64,2025-07-09 02:45:30+00:00,0.0,0.0,0.0,0.0
Hibernian Stadium,64.0,7.0,116.64,2025-07-09 03:00:30+00:00,0.0,0.0,0.0,0.0
Hibernian Stadium,64.0,7.0,116.64,2025-07-09 03:15:30+00:00,0.0,0.0,0.0,0.0
Hibernian Stadium,64.0,7.0,116.64,2025-07-09 03:30:30+00:00,0.0,0.0,0.0,0.0
Hibernian Stadium,64.0,7.0,116.64,2025-07-09 03:45:30+00:00,0.00025,0.0,0.001,0.00025
Hibernian Stadium,64.0,7.0,116.64,2025-07-09 04:00:30+00:00,0.001,0.00025,0.003,0.001
Hibernian Stadium,64.0,7.0,116.64,2025-07-09 04:15:30+00:00,0.0025,0.00075,0.00625,0.0025
Hibernian Stadium,64.0,7.0,116.64,2025-07-09 04:30:30+00:00,0.00275,0.001,0.01125,0.00275
Hibernian Stadium,64.0,7.0,116.64,2025-07-09 04:45:30+00:00,0.01025,0.002,0.02275,0.0095
Hibernian Stadium,64.0,7.0,116.64,2025-07-09 05:00:30+00:00,0.0215,0.00425,0.03575,0.018
Hibernian Stadium,64.0,7.0,116.64,2025-07-09 05:15:30+00:00,0.02875,0.00575,0.04275,0.02425
Hibernian Stadium,64.0,7.0,116.64,2025-07-09 05:30:30+00:00,0.0115,0.00375,0.03925,0.01075
Hibernian Stadium,64.0,7.0,116.64,2025-07-09 05:45:30+00:00,0.009,0.004,0.03125,0.009
Hibernian Stadium,64.0,7.0,116.64,2025-07-09 06:00:30+00:00,0.01425,0.00475,0.031,0.01425
Hibernian Stadium,64.0,7.0,116.64,2025-07-09 06:15:30+00:00,0.01575,0.00525,0.03375,0.01575
Hibernian Stadium,64.0,7.0,116.64,2025-07-09 06:30:30+00:00,0.024,0.006,0.046,0.024
Hibernian Stadium,64.0,7.0,116.64,2025-07-09 06:45:30+00:00,0.03075,0.00675,0.06225,0.0305
Hibernian Stadium,64.0,7.0,116.64,2025-07-09 07:00:30+00:00,0.042,0.0085,0.08425,0.04125
Hibernian Stadium,64.0,7.0,116.64,2025-07-09 07:15:30+00:00,0.06225,0.0185,0.1065,0.059
Hibernian Stadium,64.0,7.0,116.64,2025-07-09 07:30:30+00:00,0.083,0.039,0.12625,0.07675
Hibernian Stadium,64.0,7.0,116.64,2025-07-09 07:45:30+00:00,0.10075,0.06,0.13025,0.093
Hibernian Stadium,64.0,7.0,116.64,2025-07-09 08:00:30+00:00,0.09925,0.07925,0.13425,0.09275
Hibernian Stadium,64.0,7.0,116.64,2025-07-09 08:15:30+00:00,0.1225,0.0855,0.13775,0.11325
Hibernian Stadium,64.0,7.0,116.64,2025-07-09 08:30:30+00:00,0.10875,0.0905,0.148,0.10275
Hibernian Stadium,64.0,7.0,116.64,2025-07-09 08:45:30+00:00,0.1295,0.0965,0.163,0.12175
Hibernian Stadium,64.0,7.0,116.64,2025-07-09 09:00:30+00:00,0.1505,0.1145,0.17675,0.141
Hibernian Stadium,64.0,7.0,116.64,2025-07-09 09:15:30+00:00,0.15475,0.12925,0.18,0.14625
Hibernian Stadium,64.0,7.0,116.64,2025-07-09 09:30:30+00:00,0.1585,0.14125,0.18025,0.151
Hibernian Stadium,64.0,7.0,116.64,2025-07-09 09:45:30+00:00,0.169,0.1505,0.18625,0.16225
Hibernian Stadium,64.0,7.0,116.64,2025-07-09 10:00:30+00:00,0.1775,0.1575,0.19375,0.1715
Hibernian Stadium,64.0,7.0,116.64,2025-07-09 10:15:30+00:00,0.17975,0.1635,0.1985,0.17525
Hibernian Stadium,64.0,7.0,116.64,2025-07-09 10:30:30+00:00,0.186,0.17025,0.2025,0.18275
Hibernian Stadium,64.0,7.0,116.64,2025-07-09 10:45:30+00:00,0.1925,0.17675,0.20575,0.1905
Hibernian Stadium,64.0,7.0,116.64,2025-07-09 11:00:30+00:00,0.195,0.1805,0.20725,0.1945
Hibernian Stadium,64.0,7.0,116.64,2025-07-09 11:15:30+00:00,0.194,0.18325,0.20775,0.19525
Hibernian Stadium,64.0,7.0,116.64,2025-07-09 11:30:30+00:00,0.197,0.1845,0.209,0.19975
Hibernian Stadium,64.0,7.0,116.64,2025-07-09 11:45:30+00:00,0.19875,0.1815,0.21275,0.20325
Hibernian Stadium,64.0,7.0,116.64,2025-07-09 12:00:30+00:00,0.1955,0.17475,0.21575,0.20125
Hibernian Stadium,64.0,7.0,116.64,2025-07-09 12:15:30+00:00,0.19125,0.1635,0.21475,0.1985
Hibernian Stadium,64.0,7.0,116.64,2025-07-09 12:30:30+00:00,0.18075,0.15025,0.21375,0.18825
Hibernian Stadium,64.0,7.0,116.64,2025-07-09 12:45:30+00:00,0.1735,0.134,0.21375,0.18175
Hibernian Stadium,64.0,7.0,116.64,2025-07-09 13:00:30+00:00,0.167,0.11775,0.20925,0.176
Hibernian Stadium,64.0,7.0,116.64,2025-07-09 13:15:30+00:00,0.1505,0.10125,0.1955,0.1585
Hibernian Stadium,64.0,7.0,116.64,2025-07-09 13:30:30+00:00,0.12775,0.08675,0.18475,0.134
Hibernian Stadium,64.0,7.0,116.64,2025-07-09 13:45:30+00:00,0.127,0.08475,0.19075,0.134
Hibernian Stadium,64.0,7.0,116.64,2025-07-09 14:00:30+00:00,0.15425,0.092,0.192,0.16675
Hibernian Stadium,64.0,7.0,116.64,2025-07-09 14:15:30+00:00,0.161,0.114,0.18425,0.17675
Hibernian Stadium,64.0,7.0,116.64,2025-07-09 14:30:30+00:00,0.15775,0.1285,0.17725,0.175
Hibernian Stadium,64.0,7.0,116.64,2025-07-09 14:45:30+00:00,0.1495,0.13825,0.16325,0.16625
Hibernian Stadium,64.0,7.0,116.64,2025-07-09 15:00:30+00:00,0.1435,0.1355,0.15125,0.16125
Hibernian Stadium,64.0,7.0,116.64,2025-07-09 15:15:30+00:00,0.1375,0.12975,0.1445,0.156
Hibernian Stadium,64.0,7.0,116.64,2025-07-09 15:30:30+00:00,0.1305,0.123,0.13675,0.149
Hibernian Stadium,64.0,7.0,116.64,2025-07-09 15:45:30+00:00,0.122,0.11625,0.129,0.13975
Hibernian Stadium,64.0,7.0,116.64,2025-07-09 16:00:30+00:00,0.11475,0.108,0.1215,0.1325
Hibernian Stadium,64.0,7.0,116.64,2025-07-09 16:15:30+00:00,0.1075,0.10075,0.1145,0.125
Hibernian Stadium,64.0,7.0,116.64,2025-07-09 16:30:30+00:00,0.1005,0.09225,0.10625,0.118
Hibernian Stadium,64.0,7.0,116.64,2025-07-09 16:45:30+00:00,0.09025,0.08575,0.0985,0.10625
Hibernian Stadium,64.0,7.0,116.64,2025-07-09 17:00:30+00:00,0.08425,0.078,0.0895,0.1005
Hibernian Stadium,64.0,7.0,116.64,2025-07-09 17:15:30+00:00,0.07675,0.07125,0.08175,0.0925
Hibernian Stadium,64.0,7.0,116.64,2025-07-09 17:30:30+00:00,0.06875,0.06375,0.07425,0.08325
Hibernian Stadium,64.0,7.0,116.64,2025-07-09 17:45:30+00:00,0.06125,0.05625,0.0675,0.07525
Hibernian Stadium,64.0,7.0,116.64,2025-07-09 18:00:30+00:00,0.055,0.04875,0.06075,0.069
Hibernian Stadium,64.0,7.0,116.64,2025-07-09 18:15:30+00:00,0.048,0.0415,0.053,0.06125
Hibernian Stadium,64.0,7.0,116.64,2025-07-09 18:30:30+00:00,0.04025,0.03425,0.0455,0.05175
Hibernian Stadium,64.0,7.0,116.64,2025-07-09 18:45:30+00:00,0.03325,0.0275,0.038,0.04325
Hibernian Stadium,64.0,7.0,116.64,2025-07-09 19:00:30+00:00,0.02725,0.0215,0.03075,0.03625
Hibernian Stadium,64.0,7.0,116.64,2025-07-09 19:15:30+00:00,0.02125,0.016,0.024,0.029
Hibernian Stadium,64.0,7.0,116.64,2025-07-09 19:30:30+00:00,0.0155,0.01125,0.018,0.0215
Hibernian Stadium,64.0,7.0,116.64,2025-07-09 19:45:30+00:00,0.0105,0.0075,0.01275,0.0145
Hibernian Stadium,64.0,7.0,116.64,2025-07-09 20:00:30+00:00,0.00825,0.00525,0.0105,0.01125
Hibernian Stadium,64.0,7.0,116.64,2025-07-09 20:15:30+00:00,0.00675,0.0035,0.00875,0.009
Hibernian Stadium,64.0,7.0,116.64,2025-07-09 20:30:30+00:00,0.00425,0.0025,0.00575,0.00475
Hibernian Stadium,64.0,7.0,116.64,2025-07-09 20:45:30+00:00,0.001,0.00075,0.00125,0.001
Hibernian Stadium,64.0,7.0,116.64,2025-07-09 21:00:30+00:00,0.0,0.0,0.0,0.0
Hibernian Stadium,64.0,7.0,116.64,2025-07-09 21:15:30+00:00,0.0,0.0,0.0,0.0
Hibernian Stadium,64.0,7.0,116.64,2025-07-09 21:30:30+00:00,0.0,0.0,0.0,0.0
Hibernian Stadium,64.0,7.0,116.64,2025-07-09 21:45:30+00:00,0.0,0.0,0.0,0.0
Hibernian Stadium,64.0,7.0,116.64,2025-07-09 22:00:30+00:00,0.0,0.0,0.0,0.0
Hibernian Stadium,64.0,7.0,116.64,2025-07-09 22:15:30+00:00,0.0,0.0,0.0,0.0
Hibernian Stadium,64.0,7.0,116.64,2025-07-09 22:30:30+00:00,0.0,0.0,0.0,0.0
Hibernian Stadium,64.0,7.0,116.64,2025-07-09 22:45:30+00:00,0.0,0.0,0.0,0.0
Hibernian Stadium,64.0,7.0,116.64,2025-07-09 23:00:30+00:00,0.0,0.0,0.0,0.0
Hibernian Stadium,64.0,7.0,116.64,2025-07-09 23:15:30+00:00,0.0,0.0,0.0,0.0
Hibernian Stadium,64.0,7.0,116.64,2025-07-09 23:30:30+00:00,0.0,0.0,0.0,0.0
Hibernian Stadium,64.0,7.0,116.64,2025-07-09 23:45:30+00:00,0.0,0.0,0.0,0.0
Hibernian Stadium,64.0,7.0,116.64,2025-07-10 00:00:30+00:00,0.0,0.0,0.0,0.0
Hibernian Stadium,64.0,7.0,116.64,2025-07-10 00:15:30+00:00,0.0,0.0,0.0,0.0
Hibernian Stadium,64.0,7.0,116.64,2025-07-10 00:30:30+00:00,0.0,0.0,0.0,0.0
Hibernian Stadium,64.0,7.0,116.64,2025-07-10 00:45:30+00:00,0.0,0.0,0.0,0.0
Hibernian Stadium,64.0,7.0,116.64,2025-07-10 01:00:30+00:00,0.0,0.0,0.0,0.0
Hibernian Stadium,64.0,7.0,116.64,2025-07-10 01:15:30+00:00,0.0,0.0,0.0,0.0
Hibernian Stadium,64.0,7.0,116.64,2025-07-10 01:30:30+00:00,0.0,0.0,0.0,0.0
Hibernian Stadium,64.0,7.0,116.64,2025-07-10 01:45:30+00:00,0.0,0.0,0.0,0.0
Hibernian Stadium,64.0,7.0,116.64,2025-07-10 02:00:30+00:00,0.0,0.0,0.0,0.0
Hibernian Stadium,64.0,7.0,116.64,2025-07-10 02:15:30+00:00,0.0,0.0,0.0,0.0
Hibernian Stadium,64.0,7.0,116.64,2025-07-10 02:30:30+00:00,0.0,0.0,0.0,0.0
Hibernian Stadium,64.0,7.0,116.64,2025-07-10 02:45:30+00:00,0.0,0.0,0.0,0.0
Hibernian Stadium,64.0,7.0,116.64,2025-07-10 03:00:30+00:00,0.0,0.0,0.0,0.0
Hibernian Stadium,64.0,7.0,116.64,2025-07-10 03:15:30+00:00,0.0,0.0,0.0,0.0
Hibernian Stadium,64.0,7.0,116.64,2025-07-10 03:30:30+00:00,0.0,0.0,0.0,0.0
Hibernian Stadium,64.0,7.0,116.64,2025-07-10 03:45:30+00:00,0.0,0.0,0.00025,0.0
Hibernian Stadium,64.0,7.0,116.64,2025-07-10 04:00:30+00:00,0.00025,0.00025,0.00125,0.00025
Hibernian Stadium,64.0,7.0,116.64,2025-07-10 04:15:30+00:00,0.00075,0.0005,0.00275,0.00075
Hibernian Stadium,64.0,7.0,116.64,2025-07-10 04:30:30+00:00,0.008,0.0015,0.016,0.00725
Hibernian Stadium,64.0,7.0,116.64,2025-07-10 04:45:30+00:00,0.0175,0.0065,0.0265,0.014
Hibernian Stadium,64.0,7.0,116.64,2025-07-10 05:00:30+00:00,0.03225,0.008,0.0375,0.02475
Hibernian Stadium,64.0,7.0,116.64,2025-07-10 05:15:30+00:00,0.02225,0.00725,0.041,0.01975
Hibernian Stadium,64.0,7.0,116.64,2025-07-10 05:30:30+00:00,0.02875,0.00575,0.04575,0.02525
Hibernian Stadium,64.0,7.0,116.64,2025-07-10 05:45:30+00:00,0.0225,0.0045,0.044,0.0215
Hibernian Stadium,64.0,7.0,116.64,2025-07-10 06:00:30+00:00,0.02175,0.007,0.03975,0.0215
Hibernian Stadium,64.0,7.0,116.64,2025-07-10 06:15:30+00:00,0.027,0.0085,0.03925,0.02675
Hibernian Stadium,64.0,7.0,116.64,2025-07-10 06:30:30+00:00,0.0225,0.01325,0.03825,0.0225
Hibernian Stadium,64.0,7.0,116.64,2025-07-10 06:45:30+00:00,0.02775,0.01575,0.041,0.02775
Hibernian Stadium,64.0,7.0,116.64,2025-07-10 07:00:30+00:00,0.03475,0.02025,0.04875,0.0345
Hibernian Stadium,64.0,7.0,116.64,2025-07-10 07:15:30+00:00,0.04075,0.022,0.054,0.04025
Hibernian Stadium,64.0,7.0,116.64,2025-07-10 07:30:30+00:00,0.038,0.02275,0.066,0.03775
Hibernian Stadium,64.0,7.0,116.64,2025-07-10 07:45:30+00:00,0.0555,0.014,0.085,0.054
Hibernian Stadium,64.0,7.0,116.64,2025-07-10 08:00:30+00:00,0.0525,0.0125,0.111,0.05175
Hibernian Stadium,64.0,7.0,116.64,2025-07-10 08:15:30+00:00,0.0795,0.02025,0.144,0.07625
Hibernian Stadium,64.0,7.0,116.64,2025-07-10 08:30:30+00:00,0.114,0.04975,0.164,0.10775
Hibernian Stadium,64.0,7.0,116.64,2025-07-10 08:45:30+00:00,0.1315,0.082,0.17375,0.1235
Hibernian Stadium,64.0,7.0,116.64,2025-07-10 09:00:30+00:00,0.1365,0.10875,0.1655,0.129
Hibernian Stadium,64.0,7.0,116.64,2025-07-10 09:15:30+00:00,0.14325,0.1265,0.1625,0.1365
Hibernian Stadium,64.0,7.0,116.64,2025-07-10 09:30:30+00:00,0.15425,0.13775,0.16825,0.147
Hibernian Stadium,64.0,7.0,116.64,2025-07-10 09:45:30+00:00,0.16025,0.1395,0.17375,0.154
Hibernian Stadium,64.0,7.0,116.64,2025-07-10 10:00:30+00:00,0.15425,0.1385,0.17625,0.15025
Hibernian Stadium,64.0,7.0,116.64,2025-07-10 10:15:30+00:00,0.15825,0.1365,0.175,0.155
Hibernian Stadium,64.0,7.0,116.64,2025-07-10 10:30:30+00:00,0.1545,0.13825,0.17625,0.15225
Hibernian Stadium,64.0,7.0,116.64,2025-07-10 10:45:30+00:00,0.15875,0.1415,0.179,0.1575
Hibernian Stadium,64.0,7.0,116.64,2025-07-10 11:00:30+00:00,0.1675,0.147,0.1865,0.16725
Hibernian Stadium,64.0,7.0,116.64,2025-07-10 11:15:30+00:00,0.173,0.15125,0.187,0.174
Hibernian Stadium,64.0,7.0,116.64,2025-07-10 11:30:30+00:00,0.16625,0.15225,0.1845,0.16825
Hibernian Stadium,64.0,7.0,116.64,2025-07-10 11:45:30+00:00,0.16575,0.15375,0.182,0.16875
Hibernian Stadium,64.0,7.0,116.64,2025-07-10 12:00:30+00:00,0.171,0.15475,0.18175,0.1755
Hibernian Stadium,64.0,7.0,116.64,2025-07-10 12:15:30+00:00,0.168,0.15625,0.18,0.1735
Hibernian Stadium,64.0,7.0,116.64,2025-07-10 12:30:30+00:00,0.16525,0.15475,0.1765,0.17175
Hibernian Stadium,64.0,7.0,116.64,2025-07-10 12:45:30+00:00,0.16375,0.15,0.177,0.17125
Hibernian Stadium,64.0,7.0,116.64,2025-07-10 13:00:30+00:00,0.16125,0.13825,0.1855,0.16975
Hibernian Stadium,64.0,7.0,116.64,2025-07-10 13:15:30+00:00,0.1605,0.11775,0.1925,0.17
Hibernian Stadium,64.0,7.0,116.64,2025-07-10 13:30:30+00:00,0.14475,0.09425,0.1915,0.15325
Hibernian Stadium,64.0,7.0,116.64,2025-07-10 13:45:30+00:00,0.123,0.07725,0.175,0.12925
Hibernian Stadium,64.0,7.0,116.64,2025-07-10 14:00:30+00:00,0.109,0.07325,0.1505,0.1145
Hibernian Stadium,64.0,7.0,116.64,2025-07-10 14:15:30+00:00,0.10325,0.07925,0.133,0.10825
Hibernian Stadium,64.0,7.0,116.64,2025-07-10 14:30:30+00:00,0.105,0.08625,0.1245,0.1105
Hibernian Stadium,64.0,7.0,116.64,2025-07-10 14:45:30+00:00,0.10675,0.08575,0.1195,0.11375
Hibernian Stadium,64.0,7.0,116.64,2025-07-10 15:00:30+00:00,0.09725,0.0795,0.118,0.103
Hibernian Stadium,64.0,7.0,116.64,2025-07-10 15:15:30+00:00,0.091,0.0695,0.11425,0.0965
Hibernian Stadium,64.0,7.0,116.64,2025-07-10 15:30:30+00:00,0.08675,0.05775,0.10875,0.09225
Hibernian Stadium,64.0,7.0,116.64,2025-07-10 15:45:30+00:00,0.07275,0.04875,0.09875,0.07675
Hibernian Stadium,64.0,7.0,116.64,2025-07-10 16:00:30+00:00,0.0615,0.03875,0.0935,0.064
Hibernian Stadium,64.0,7.0,116.64,2025-07-10 16:15:30+00:00,0.062,0.03075,0.0905,0.06525
Hibernian Stadium,64.0,7.0,116.64,2025-07-10 16:30:30+00:00,0.0585,0.03425,0.096,0.06175
Hibernian Stadium,64.0,7.0,116.64,2025-07-10 16:45:30+00:00,0.0715,0.03575,0.09475,0.079
Hibernian Stadium,64.0,7.0,116.64,2025-07-10 17:00:30+00:00,0.0675,0.04025,0.08925,0.075
Hibernian Stadium,64.0,7.0,116.64,2025-07-10 17:15:30+00:00,0.0555,0.038,0.087,0.0615
Hibernian Stadium,64.0,7.0,116.64,2025-07-10 17:30:30+00:00,0.061,0.03575,0.07675,0.0705
Hibernian Stadium,64.0,7.0,116.64,2025-07-10 17:45:30+00:00,0.0545,0.02525,0.07375,0.06225
Hibernian Stadium,64.0,7.0,116.64,2025-07-10 18:00:30+00:00,0.03425,0.01775,0.07,0.03675
Hibernian Stadium,64.0,7.0,116.64,2025-07-10 18:15:30+00:00,0.038,0.0125,0.0575,0.04375
Hibernian Stadium,64.0,7.0,116.64,2025-07-10 18:30:30+00:00,0.0405,0.018,0.0465,0.05
Hibernian Stadium,64.0,7.0,116.64,2025-07-10 18:45:30+00:00,0.0345,0.021,0.03725,0.04475
Hibernian Stadium,64.0,7.0,116.64,2025-07-10 19:00:30+00:00,0.02775,0.02025,0.03,0.037
Hibernian Stadium,64.0,7.0,116.64,2025-07-10 19:15:30+00:00,0.0215,0.0165,0.02325,0.02925
Hibernian Stadium,64.0,7.0,116.64,2025-07-10 19:30:30+00:00,0.0155,0.0115,0.0175,0.02175
Hibernian Stadium,64.0,7.0,116.64,2025-07-10 19:45:30+00:00,0.0105,0.008,0.01225,0.015
Hibernian Stadium,64.0,7.0,116.64,2025-07-10 20:00:30+00:00,0.00825,0.0055,0.00975,0.0115
Hibernian Stadium,64.0,7.0,116.64,2025-07-10 20:15:30+00:00,0.00675,0.00375,0.00825,0.00925
Hibernian Stadium,64.0,7.0,116.64,2025-07-10 20:30:30+00:00,0.00425,0.00275,0.0055,0.005
Hibernian Stadium,64.0,7.0,116.64,2025-07-10 20:45:30+00:00,0.001,0.00075,0.00125,0.001
Hibernian Stadium,64.0,7.0,116.64,2025-07-10 21:00:30+00:00,0.0,0.0,0.0,0.0
Hibernian Stadium,64.0,7.0,116.64,2025-07-10 21:15:30+00:00,0.0,0.0,0.0,0.0
Hibernian Stadium,64.0,7.0,116.64,2025-07-10 21:30:30+00:00,0.0,0.0,0.0,0.0
Hibernian Stadium,64.0,7.0,116.64,2025-07-10 21:45:30+00:00,0.0,0.0,0.0,0.0
Hibernian Stadium,64.0,7.0,116.64,2025-07-10 22:00:30+00:00,0.0,0.0,0.0,0.0
Hibernian Stadium,64.0,7.0,116.64,2025-07-10 22:15:30+00:00,0.0,0.0,0.0,0.0
Hibernian Stadium,64.0,7.0,116.64,2025-07-10 22:30:30+00:00,0.0,0.0,0.0,0.0
Hibernian Stadium,64.0,7.0,116.64,2025-07-10 22:45:30+00:00,0.0,0.0,0.0,0.0
Hibernian Stadium,64.0,7.0,116.64,2025-07-10 23:00:30+00:00,0.0,0.0,0.0,0.0
Hibernian Stadium,64.0,7.0,116.64,2025-07-10 23:15:30+00:00,0.0,0.0,0.0,0.0
Hibernian Stadium,64.0,7.0,116.64,2025-07-10 23:30:30+00:00,0.0,0.0,0.0,0.0
Hibernian Stadium,64.0,7.0,116.64,2025-07-10 23:45:30+00:00,0.0,0.0,0.0,0.0
Hibernian Stadium,64.0,7.0,116.64,2025-07-11 00:00:30+00:00,0.0,0.0,0.0,0.0
Hibernian Stadium,64.0,7.0,116.64,2025-07-11 00:15:30+00:00,0.0,0.0,0.0,0.0
Hibernian Stadium,64.0,7.0,116.64,2025-07-11 00:30:30+00:00,0.0,0.0,0.0,0.0
Hibernian Stadium,64.0,7.0,116.64,2025-07-11 00:45:30+00:00,0.0,0.0,0.0,0.0
Hibernian Stadium,64.0,7.0,116.64,2025-07-11 01:00:30+00:00,0.0,0.0,0.0,0.0
Hibernian Stadium,64.0,7.0,116.64,2025-07-11 01:15:30+00:00,0.0,0.0,0.0,0.0
Hibernian Stadium,64.0,7.0,116.64,2025-07-11 01:30:30+00:00,0.0,0.0,0.0,0.0
Hibernian Stadium,64.0,7.0,116.64,2025-07-11 01:45:30+00:00,0.0,0.0,0.0,0.0
Hibernian Stadium,64.0,7.0,116.64,2025-07-11 02:00:30+00:00,0.0,0.0,0.0,0.0
Hibernian Stadium,64.0,7.0,116.64,2025-07-11 02:15:30+00:00,0.0,0.0,0.0,0.0
Hibernian Stadium,64.0,7.0,116.64,2025-07-11 02:30:30+00:00,0.0,0.0,0.0,0.0
Hibernian Stadium,64.0,7.0,116.64,2025-07-11 02:45:30+00:00,0.0,0.0,0.0,0.0
Hibernian Stadium,64.0,7.0,116.64,2025-07-11 03:00:30+00:00,0.0,0.0,0.0,0.0
Hibernian Stadium,64.0,7.0,116.64,2025-07-11 03:15:30+00:00,0.0,0.0,0.0,0.0
Hibernian Stadium,64.0,7.0,116.64,2025-07-11 03:30:30+00:00,0.0,0.0,0.0,0.0
Hibernian Stadium,64.0,7.0,116.64,2025-07-11 03:45:30+00:00,0.00025,0.00025,0.0005,0.00025
Hibernian Stadium,64.0,7.0,116.64,2025-07-11 04:00:30+00:00,0.002,0.00075,0.0035,0.002
Hibernian Stadium,64.0,7.0,116.64,2025-07-11 04:15:30+00:00,0.00475,0.0025,0.00875,0.00475
Hibernian Stadium,64.0,7.0,116.64,2025-07-11 04:30:30+00:00,0.0135,0.00675,0.0205,0.01
Hibernian Stadium,64.0,7.0,116.64,2025-07-11 04:45:30+00:00,0.02375,0.0135,0.03225,0.01625
Hibernian Stadium,64.0,7.0,116.64,2025-07-11 05:00:30+00:00,0.0325,0.021,0.04175,0.023
Hibernian Stadium,64.0,7.0,116.64,2025-07-11 05:15:30+00:00,0.042,0.03,0.052,0.0305
Hibernian Stadium,64.0,7.0,116.64,2025-07-11 05:30:30+00:00,0.052,0.03975,0.0625,0.0385
Hibernian Stadium,64.0,7.0,116.64,2025-07-11 05:45:30+00:00,0.062,0.05025,0.07275,0.047
Hibernian Stadium,64.0,7.0,116.64,2025-07-11 06:00:30+00:00,0.072,0.061,0.08275,0.056
Hibernian Stadium,64.0,7.0,116.64,2025-07-11 06:15:30+00:00,0.08175,0.072,0.0915,0.065
Hibernian Stadium,64.0,7.0,116.64,2025-07-11 06:30:30+00:00,0.091,0.083,0.099,0.07375
Hibernian Stadium,64.0,7.0,116.64,2025-07-11 06:45:30+00:00,0.1,0.0935,0.1065,0.0825
Hibernian Stadium,64.0,7.0,116.64,2025-07-11 07:00:30+00:00,0.1095,0.10375,0.115,0.09125
Hibernian Stadium,64.0,7.0,116.64,2025-07-11 07:15:30+00:00,0.118,0.1125,0.1235,0.1
Hibernian Stadium,64.0,7.0,116.64,2025-07-11 07:30:30+00:00,0.1265,0.1205,0.132,0.109
Hibernian Stadium,64.0,7.0,116.64,2025-07-11 07:45:30+00:00,0.13425,0.12825,0.1405,0.11725
Hibernian Stadium,64.0,7.0,116.64,2025-07-11 08:00:30+00:00,0.1425,0.13575,0.149,0.126
Hibernian Stadium,64.0,7.0,116.64,2025-07-11 08:15:30+00:00,0.15,0.143,0.15675,0.1345
Hibernian Stadium,64.0,7.0,116.64,2025-07-11 08:30:30+00:00,0.15725,0.15,0.164,0.1425
Hibernian Stadium,64.0,7.0,116.64,2025-07-11 08:45:30+00:00,0.16375,0.15675,0.17075,0.15025
Hibernian Stadium,64.0,7.0,116.64,2025-07-11 09:00:30+00:00,0.17025,0.163,0.177,0.15775
Hibernian Stadium,64.0,7.0,116.64,2025-07-11 09:15:30+00:00,0.17575,0.1685,0.1825,0.1645
Hibernian Stadium,64.0,7.0,116.64,2025-07-11 09:30:30+00:00,0.1805,0.17325,0.1875,0.17075
Hibernian Stadium,64.0,7.0,116.64,2025-07-11 09:45:30+00:00,0.18475,0.17725,0.19225,0.1765
Hibernian Stadium,64.0,7.0,116.64,2025-07-11 10:00:30+00:00,0.18875,0.18075,0.19675,0.182
Hibernian Stadium,64.0,7.0,116.64,2025-07-11 10:15:30+00:00,0.1925,0.18375,0.20125,0.18725
Hibernian Stadium,64.0,7.0,116.64,2025-07-11 10:30:30+00:00,0.196,0.18675,0.20475,0.1925
Hibernian Stadium,64.0,7.0,116.64,2025-07-11 10:45:30+00:00,0.19875,0.1895,0.2075,0.19675
Hibernian Stadium,64.0,7.0,116.64,2025-07-11 11:00:30+00:00,0.20075,0.19175,0.20925,0.2005
Hibernian Stadium,64.0,7.0,116.64,2025-07-11 11:15:30+00:00,0.20175,0.19325,0.21,0.20325
Hibernian Stadium,64.0,7.0,116.64,2025-07-11 11:30:30+00:00,0.2025,0.19425,0.21025,0.20575
Hibernian Stadium,64.0,7.0,116.64,2025-07-11 11:45:30+00:00,0.20225,0.19425,0.21,0.20725
Hibernian Stadium,64.0,7.0,116.64,2025-07-11 12:00:30+00:00,0.2015,0.1935,0.20925,0.208
Hibernian Stadium,64.0,7.0,116.64,2025-07-11 12:15:30+00:00,0.20025,0.192,0.208,0.20825
Hibernian Stadium,64.0,7.0,116.64,2025-07-11 12:30:30+00:00,0.198,0.1895,0.20575,0.2075
Hibernian Stadium,64.0,7.0,116.64,2025-07-11 12:45:30+00:00,0.19475,0.18675,0.20275,0.20575
Hibernian Stadium,64.0,7.0,116.64,2025-07-11 13:00:30+00:00,0.19125,0.18375,0.199,0.20375
Hibernian Stadium,64.0,7.0,116.64,2025-07-11 13:15:30+00:00,0.188,0.18025,0.195,0.20175
Hibernian Stadium,64.0,7.0,116.64,2025-07-11 13:30:30+00:00,0.18375,0.17625,0.19075,0.19875
Hibernian Stadium,64.0,7.0,116.64,2025-07-11 13:45:30+00:00,0.17875,0.1715,0.186,0.19475
Hibernian Stadium,64.0,7.0,116.64,2025-07-11 14:00:30+00:00,0.1735,0.16625,0.1805,0.1905
Hibernian Stadium,64.0,7.0,116.64,2025-07-11 14:15:30+00:00,0.1675,0.1605,0.17425,0.18525
Hibernian Stadium,64.0,7.0,116.64,2025-07-11 14:30:30+00:00,0.1615,0.15475,0.16775,0.18
Hibernian Stadium,64.0,7.0,116.64,2025-07-11 14:45:30+00:00,0.155,0.1485,0.16125,0.174
Hibernian Stadium,64.0,7.0,116.64,2025-07-11 15:00:30+00:00,0.1485,0.142,0.1545,0.16825
Hibernian Stadium,64.0,7.0,116.64,2025-07-11 15:15:30+00:00,0.14175,0.1355,0.14775,0.16175
Hibernian Stadium,64.0,7.0,116.64,2025-07-11 15:30:30+00:00,0.1345,0.12875,0.14025,0.155
Hibernian Stadium,64.0,7.0,116.64,2025-07-11 15:45:30+00:00,0.12725,0.12175,0.13225,0.148
Hibernian Stadium,64.0,7.0,116.64,2025-07-11 16:00:30+00:00,0.1195,0.11425,0.1245,0.14
Hibernian Stadium,64.0,7.0,116.64,2025-07-11 16:15:30+00:00,0.1115,0.106,0.1165,0.13175
Hibernian Stadium,64.0,7.0,116.64,2025-07-11 16:30:30+00:00,0.103,0.09775,0.108,0.123
Hibernian Stadium,64.0,7.0,116.64,2025-07-11 16:45:30+00:00,0.0945,0.09,0.09925,0.11375
Hibernian Stadium,64.0,7.0,116.64,2025-07-11 17:00:30+00:00,0.08625,0.0825,0.09025,0.105
Hibernian Stadium,64.0,7.0,116.64,2025-07-11 17:15:30+00:00,0.07825,0.075,0.08175,0.09625
Hibernian Stadium,64.0,7.0,116.64,2025-07-11 17:30:30+00:00,0.07025,0.067,0.07375,0.0875
Hibernian Stadium,64.0,7.0,116.64,2025-07-11 17:45:30+00:00,0.0625,0.0585,0.0665,0.07875
Hibernian Stadium,64.0,7.0,116.64,2025-07-11 18:00:30+00:00,0.05475,0.05,0.05975,0.07025
Hibernian Stadium,64.0,7.0,116.64,2025-07-11 18:15:30+00:00,0.04725,0.042,0.0525,0.0615
Hibernian Stadium,64.0,7.0,116.64,2025-07-11 18:30:30+00:00,0.04025,0.0345,0.04475,0.053
Hibernian Stadium,64.0,7.0,116.64,2025-07-11 18:45:30+00:00,0.0335,0.02775,0.03725,0.04475
Hibernian Stadium,64.0,7.0,116.64,2025-07-11 19:00:30+00:00,0.02675,0.02125,0.03,0.03675
Hibernian Stadium,64.0,7.0,116.64,2025-07-11 19:15:30+00:00,0.02075,0.0155,0.02325,0.029
Hibernian Stadium,64.0,7.0,116.64,2025-07-11 19:30:30+00:00,0.015,0.01075,0.0175,0.0215
Hibernian Stadium,64.0,7.0,116.64,2025-07-11 19:45:30+00:00,0.00975,0.007,0.01225,0.01425
Hibernian Stadium,64.0,7.0,116.64,2025-07-11 20:00:30+00:00,0.0075,0.00475,0.0095,0.011
Hibernian Stadium,64.0,7.0,116.64,2025-07-11 20:15:30+00:00,0.0065,0.00325,0.0085,0.00875
Hibernian Stadium,64.0,7.0,116.64,2025-07-11 20:30:30+00:00,0.004,0.00225,0.00575,0.00475
Hibernian Stadium,64.0,7.0,116.64,2025-07-11 20:45:30+00:00,0.0,0.0,0.0,0.0
Hibernian Stadium,64.0,7.0,116.64,2025-07-11 21:00:30+00:00,0.0,0.0,0.0,0.0
Hibernian Stadium,64.0,7.0,116.64,2025-07-11 21:15:30+00:00,0.0,0.0,0.0,0.0
Hibernian Stadium,64.0,7.0,116.64,2025-07-11 21:30:30+00:00,0.0,0.0,0.0,0.0
Hibernian Stadium,64.0,7.0,116.64,2025-07-11 21:45:30+00:00,0.0,0.0,0.0,0.0
Hibernian Stadium,64.0,7.0,116.64,2025-07-11 22:00:30+00:00,0.0,0.0,0.0,0.0
Hibernian Stadium,64.0,7.0,116.64,2025-07-11 22:15:30+00:00,0.0,0.0,0.0,0.0
Hibernian Stadium,64.0,7.0,116.64,2025-07-11 22:30:30+00:00,0.0,0.0,0.0,0.0
Hibernian Stadium,64.0,7.0,116.64,2025-07-11 22:45:30+00:00,0.0,0.0,0.0,0.0
Hibernian Stadium,64.0,7.0,116.64,2025-07-11 23:00:30+00:00,0.0,0.0,0.0,0.0
Hibernian Stadium,64.0,7.0,116.64,2025-07-11 23:15:30+00:00,0.0,0.0,0.0,0.0
Hibernian Stadium,64.0,7.0,116.64,2025-07-11 23:30:30+00:00,0.0,0.0,0.0,0.0
Hibernian Stadium,64.0,7.0,116.64,2025-07-11 23:45:30+00:00,0.0,0.0,0.0,0.0
Hibernian Stadium,64.0,7.0,116.64,2025-07-12 00:00:30+00:00,0.0,0.0,0.0,0.0
Hibernian Stadium,64.0,7.0,116.64,2025-07-12 00:15:30+00:00,0.0,0.0,0.0,0.0
Hibernian Stadium,64.0,7.0,116.64,2025-07-12 00:30:30+00:00,0.0,0.0,0.0,0.0
Hibernian Stadium,64.0,7.0,116.64,2025-07-12 00:45:30+00:00,0.0,0.0,0.0,0.0
Hibernian Stadium,64.0,7.0,116.64,2025-07-12 01:00:30+00:00,0.0,0.0,0.0,0.0
Hibernian Stadium,64.0,7.0,116.64,2025-07-12 01:15:30+00:00,0.0,0.0,0.0,0.0
Hibernian Stadium,64.0,7.0,116.64,2025-07-12 01:30:30+00:00,0.0,0.0,0.0,0.0
Hibernian Stadium,64.0,7.0,116.64,2025-07-12 01:45:30+00:00,0.0,0.0,0.0,0.0
Hibernian Stadium,64.0,7.0,116.64,2025-07-12 02:00:30+00:00,0.0,0.0,0.0,0.0
Hibernian Stadium,64.0,7.0,116.64,2025-07-12 02:15:30+00:00,0.0,0.0,0.0,0.0
Hibernian Stadium,64.0,7.0,116.64,2025-07-12 02:30:30+00:00,0.0,0.0,0.0,0.0
Hibernian Stadium,64.0,7.0,116.64,2025-07-12 02:45:30+00:00,0.0,0.0,0.0,0.0
Hibernian Stadium,64.0,7.0,116.64,2025-07-12 03:00:30+00:00,0.0,0.0,0.0,0.0
Hibernian Stadium,64.0,7.0,116.64,2025-07-12 03:15:30+00:00,0.0,0.0,0.0,0.0
Hibernian Stadium,64.0,7.0,116.64,2025-07-12 03:30:30+00:00,0.0,0.0,0.0,0.0
Hibernian Stadium,64.0,7.0,116.64,2025-07-12 03:45:30+00:00,0.00025,0.00025,0.00025,0.00025
Hibernian Stadium,64.0,7.0,116.64,2025-07-12 04:00:30+00:00,0.00225,0.0015,0.00325,0.0025
Hibernian Stadium,64.0,7.0,116.64,2025-07-12 04:15:30+00:00,0.0085,0.00525,0.01225,0.006
Hibernian Stadium,64.0,7.0,116.64,2025-07-12 04:30:30+00:00,0.019,0.01175,0.0245,0.01175
Hibernian Stadium,64.0,7.0,116.64,2025-07-12 04:45:30+00:00,0.02975,0.01975,0.03525,0.01875
Hibernian Stadium,64.0,7.0,116.64,2025-07-12 05:00:30+00:00,0.04,0.02875,0.04625,0.026
Hibernian Stadium,64.0,7.0,116.64,2025-07-12 05:15:30+00:00,0.049,0.038,0.056,0.0335
Hibernian Stadium,64.0,7.0,116.64,2025-07-12 05:30:30+00:00,0.0585,0.0475,0.06625,0.0415
Hibernian Stadium,64.0,7.0,116.64,2025-07-12 05:45:30+00:00,0.06825,0.05725,0.07625,0.05
Hibernian Stadium,64.0,7.0,116.64,2025-07-12 06:00:30+00:00,0.07725,0.06725,0.08625,0.0585
Hibernian Stadium,64.0,7.0,116.64,2025-07-12 06:15:30+00:00,0.0865,0.0775,0.0955,0.06725
Hibernian Stadium,64.0,7.0,116.64,2025-07-12 06:30:30+00:00,0.0955,0.088,0.103,0.076
Hibernian Stadium,64.0,7.0,116.64,2025-07-12 06:45:30+00:00,0.10425,0.09825,0.11,0.0845
Hibernian Stadium,64.0,7.0,116.64,2025-07-12 07:00:30+00:00,0.1125,0.1075,0.11775,0.09325
Hibernian Stadium,64.0,7.0,116.64,2025-07-12 07:15:30+00:00,0.121,0.116,0.126,0.102
Hibernian Stadium,64.0,7.0,116.64,2025-07-12 07:30:30+00:00,0.1295,0.124,0.13475,0.111
Hibernian Stadium,64.0,7.0,116.64,2025-07-12 07:45:30+00:00,0.1375,0.1315,0.14325,0.1195
Hibernian Stadium,64.0,7.0,116.64,2025-07-12 08:00:30+00:00,0.14525,0.139,0.1515,0.128
Hibernian Stadium,64.0,7.0,116.64,2025-07-12 08:15:30+00:00,0.15275,0.146,0.15925,0.1365
Hibernian Stadium,64.0,7.0,116.64,2025-07-12 08:30:30+00:00,0.15975,0.153,0.1665,0.14475
Hibernian Stadium,64.0,7.0,116.64,2025-07-12 08:45:30+00:00,0.1665,0.1595,0.1735,0.1525
Hibernian Stadium,64.0,7.0,116.64,2025-07-12 09:00:30+00:00,0.17275,0.1655,0.17975,0.15975
Hibernian Stadium,64.0,7.0,116.64,2025-07-12 09:15:30+00:00,0.17825,0.171,0.1855,0.16675
Hibernian Stadium,64.0,7.0,116.64,2025-07-12 09:30:30+00:00,0.1835,0.176,0.19075,0.1735
Hibernian Stadium,64.0,7.0,116.64,2025-07-12 09:45:30+00:00,0.18825,0.18075,0.1955,0.17975
Hibernian Stadium,64.0,7.0,116.64,2025-07-12 10:00:30+00:00,0.19225,0.1845,0.1995,0.1855
Hibernian Stadium,64.0,7.0,116.64,2025-07-12 10:15:30+00:00,0.1955,0.188,0.203,0.19025
Hibernian Stadium,64.0,7.0,116.64,2025-07-12 10:30:30+00:00,0.1985,0.19025,0.206,0.195
Hibernian Stadium,64.0,7.0,116.64,2025-07-12 10:45:30+00:00,0.20025,0.19175,0.209,0.19825
Hibernian Stadium,64.0,7.0,116.64,2025-07-12 11:00:30+00:00,0.20225,0.1905,0.2135,0.20225
Hibernian Stadium,64.0,7.0,116.64,2025-07-12 11:15:30+00:00,0.2035,0.1875,0.21725,0.205
Hibernian Stadium,64.0,7.0,116.64,2025-07-12 11:30:30+00:00,0.20125,0.18225,0.21725,0.2045
Hibernian Stadium,64.0,7.0,116.64,2025-07-12 11:45:30+00:00,0.19425,0.17875,0.2135,0.19875
Hibernian Stadium,64.0,7.0,116.64,2025-07-12 12:00:30+00:00,0.19225,0.17575,0.21075,0.198
Hibernian Stadium,64.0,7.0,116.64,2025-07-12 12:15:30+00:00,0.193,0.1705,0.212,0.2005
Hibernian Stadium,64.0,7.0,116.64,2025-07-12 12:30:30+00:00,0.1885,0.161,0.21225,0.19725
Hibernian Stadium,64.0,7.0,116.64,2025-07-12 12:45:30+00:00,0.17825,0.14925,0.2065,0.18725
Hibernian Stadium,64.0,7.0,116.64,2025-07-12 13:00:30+00:00,0.1665,0.14275,0.1945,0.1755
Hibernian Stadium,64.0,7.0,116.64,2025-07-12 13:15:30+00:00,0.1605,0.14125,0.18225,0.17025
Hibernian Stadium,64.0,7.0,116.64,2025-07-12 13:30:30+00:00,0.158,0.1375,0.1765,0.16875
Hibernian Stadium,64.0,7.0,116.64,2025-07-12 13:45:30+00:00,0.15275,0.13375,0.17825,0.16425
Hibernian Stadium,64.0,7.0,116.64,2025-07-12 14:00:30+00:00,0.15625,0.12975,0.1835,0.16925
Hibernian Stadium,64.0,7.0,116.64,2025-07-12 14:15:30+00:00,0.1595,0.132,0.18275,0.1755
Hibernian Stadium,64.0,7.0,116.64,2025-07-12 14:30:30+00:00,0.15675,0.13625,0.17625,0.17425
Hibernian Stadium,64.0,7.0,116.64,2025-07-12 14:45:30+00:00,0.1525,0.1385,0.16425,0.17125
Hibernian Stadium,64.0,7.0,116.64,2025-07-12 15:00:30+00:00,0.14525,0.13575,0.15425,0.1645
Hibernian Stadium,64.0,7.0,116.64,2025-07-12 15:15:30+00:00,0.13725,0.1295,0.147,0.15625
Hibernian Stadium,64.0,7.0,116.64,2025-07-12 15:30:30+00:00,0.13175,0.1225,0.141,0.15175
Hibernian Stadium,64.0,7.0,116.64,2025-07-12 15:45:30+00:00,0.126,0.117,0.134,0.14675
Hibernian Stadium,64.0,7.0,116.64,2025-07-12 16:00:30+00:00,0.119,0.11125,0.12575,0.13975
Hibernian Stadium,64.0,7.0,116.64,2025-07-12 16:15:30+00:00,0.11075,0.1035,0.118,0.13125
Hibernian Stadium,64.0,7.0,116.64,2025-07-12 16:30:30+00:00,0.10275,0.0925,0.112,0.123
Hibernian Stadium,64.0,7.0,116.64,2025-07-12 16:45:30+00:00,0.09375,0.07925,0.10525,0.11325
Hibernian Stadium,64.0,7.0,116.64,2025-07-12 17:00:30+00:00,0.084,0.06725,0.09775,0.101
Hibernian Stadium,64.0,7.0,116.64,2025-07-12 17:15:30+00:00,0.072,0.05375,0.0905,0.086
Hibernian Stadium,64.0,7.0,116.64,2025-07-12 17:30:30+00:00,0.06225,0.0415,0.083,0.0735
Hibernian Stadium,64.0,7.0,116.64,2025-07-12 17:45:30+00:00,0.057,0.028,0.07425,0.06775
Hibernian Stadium,64.0,7.0,116.64,2025-07-12 18:00:30+00:00,0.042,0.01625,0.06925,0.04775
Hibernian Stadium,64.0,7.0,116.64,2025-07-12 18:15:30+00:00,0.02875,0.00975,0.0625,0.03075
Hibernian Stadium,64.0,7.0,116.64,2025-07-12 18:30:30+00:00,0.03175,0.0085,0.05175,0.03675
Hibernian Stadium,64.0,7.0,116.64,2025-07-12 18:45:30+00:00,0.0325,0.013,0.0395,0.04175
Hibernian Stadium,64.0,7.0,116.64,2025-07-12 19:00:30+00:00,0.027,0.01525,0.03025,0.03725
Hibernian Stadium,64.0,7.0,116.64,2025-07-12 19:15:30+00:00,0.0205,0.01375,0.02275,0.03
Hibernian Stadium,64.0,7.0,116.64,2025-07-12 19:30:30+00:00,0.01475,0.01075,0.0165,0.0225
Hibernian Stadium,64.0,7.0,116.64,2025-07-12 19:45:30+00:00,0.00975,0.00725,0.0115,0.01525
Hibernian Stadium,64.0,7.0,116.64,2025-07-12 20:00:30+00:00,0.0075,0.005,0.009,0.01175
Hibernian Stadium,64.0,7.0,116.64,2025-07-12 20:15:30+00:00,0.00675,0.00375,0.0085,0.0095
Hibernian Stadium,64.0,7.0,116.64,2025-07-12 20:30:30+00:00,0.00425,0.0025,0.00575,0.005
Hibernian Stadium,64.0,7.0,116.64,2025-07-12 20:45:30+00:00,0.0,0.0,0.0,0.0
Hibernian Stadium,64.0,7.0,116.64,2025-07-12 21:00:30+00:00,0.0,0.0,0.0,0.0
Hibernian Stadium,64.0,7.0,116.64,2025-07-12 21:15:30+00:00,0.0,0.0,0.0,0.0
Hibernian Stadium,64.0,7.0,116.64,2025-07-12 21:30:30+00:00,0.0,0.0,0.0,0.0
Hibernian Stadium,64.0,7.0,116.64,2025-07-12 21:45:30+00:00,0.0,0.0,0.0,0.0
Hibernian Stadium,64.0,7.0,116.64,2025-07-12 22:00:30+00:00,0.0,0.0,0.0,0.0
Hibernian Stadium,64.0,7.0,116.64,2025-07-12 22:15:30+00:00,0.0,0.0,0.0,0.0
Hibernian Stadium,64.0,7.0,116.64,2025-07-12 22:30:30+00:00,0.0,0.0,0.0,0.0
Hibernian Stadium,64.0,7.0,116.64,2025-07-12 22:45:30+00:00,0.0,0.0,0.0,0.0
Hibernian Stadium,64.0,7.0,116.64,2025-07-12 23:00:30+00:00,0.0,0.0,0.0,0.0
Hibernian Stadium,64.0,7.0,116.64,2025-07-12 23:15:30+00:00,0.0,0.0,0.0,0.0
Hibernian Stadium,64.0,7.0,116.64,2025-07-12 23:30:30+00:00,0.0,0.0,0.0,0.0
Hibernian Stadium,64.0,7.0,116.64,2025-07-12 23:45:30+00:00,0.0,0.0,0.0,0.0
Hibernian Stadium,64.0,7.0,116.64,2025-07-13 00:00:30+00:00,0.0,0.0,0.0,0.0
Hibernian Stadium,64.0,7.0,116.64,2025-07-13 00:15:30+00:00,0.0,0.0,0.0,0.0
Hibernian Stadium,64.0,7.0,116.64,2025-07-13 00:30:30+00:00,0.0,0.0,0.0,0.0
Hibernian Stadium,64.0,7.0,116.64,2025-07-13 00:45:30+00:00,0.0,0.0,0.0,0.0
Hibernian Stadium,64.0,7.0,116.64,2025-07-13 01:00:30+00:00,0.0,0.0,0.0,0.0
Hibernian Stadium,64.0,7.0,116.64,2025-07-13 01:15:30+00:00,0.0,0.0,0.0,0.0
Hibernian Stadium,64.0,7.0,116.64,2025-07-13 01:30:30+00:00,0.0,0.0,0.0,0.0
Hibernian Stadium,64.0,7.0,116.64,2025-07-13 01:45:30+00:00,0.0,0.0,0.0,0.0
Hibernian Stadium,64.0,7.0,116.64,2025-07-13 02:00:30+00:00,0.0,0.0,0.0,0.0
Hibernian Stadium,64.0,7.0,116.64,2025-07-13 02:15:30+00:00,0.0,0.0,0.0,0.0
Hibernian Stadium,64.0,7.0,116.64,2025-07-13 02:30:30+00:00,0.0,0.0,0.0,0.0
Hibernian Stadium,64.0,7.0,116.64,2025-07-13 02:45:30+00:00,0.0,0.0,0.0,0.0
Hibernian Stadium,64.0,7.0,116.64,2025-07-13 03:00:30+00:00,0.0,0.0,0.0,0.0
Hibernian Stadium,64.0,7.0,116.64,2025-07-13 03:15:30+00:00,0.0,0.0,0.0,0.0
Hibernian Stadium,64.0,7.0,116.64,2025-07-13 03:30:30+00:00,0.0,0.0,0.0,0.0
Hibernian Stadium,64.0,7.0,116.64,2025-07-13 03:45:30+00:00,0.0,0.0,0.0,0.0
Hibernian Stadium,64.0,7.0,116.64,2025-07-13 04:00:30+00:00,0.0005,0.00025,0.00175,0.0005
Hibernian Stadium,64.0,7.0,116.64,2025-07-13 04:15:30+00:00,0.0015,0.0005,0.00425,0.0015
Hibernian Stadium,64.0,7.0,116.64,2025-07-13 04:30:30+00:00,0.00325,0.001,0.00825,0.00325
Hibernian Stadium,64.0,7.0,116.64,2025-07-13 04:45:30+00:00,0.00625,0.0015,0.013,0.00625
Hibernian Stadium,64.0,7.0,116.64,2025-07-13 05:00:30+00:00,0.01,0.002,0.01875,0.01
Hibernian Stadium,64.0,7.0,116.64,2025-07-13 05:15:30+00:00,0.01475,0.00375,0.0265,0.01425
Hibernian Stadium,64.0,7.0,116.64,2025-07-13 05:30:30+00:00,0.021,0.007,0.03625,0.01975
Hibernian Stadium,64.0,7.0,116.64,2025-07-13 05:45:30+00:00,0.02925,0.01275,0.04825,0.027
Hibernian Stadium,64.0,7.0,116.64,2025-07-13 06:00:30+00:00,0.0425,0.023,0.0615,0.03725
Hibernian Stadium,64.0,7.0,116.64,2025-07-13 06:15:30+00:00,0.05325,0.036,0.07,0.04675
Hibernian Stadium,64.0,7.0,116.64,2025-07-13 06:30:30+00:00,0.0625,0.049,0.07475,0.05525
Hibernian Stadium,64.0,7.0,116.64,2025-07-13 06:45:30+00:00,0.0695,0.0595,0.079,0.062
Hibernian Stadium,64.0,7.0,116.64,2025-07-13 07:00:30+00:00,0.075,0.067,0.085,0.06775
Hibernian Stadium,64.0,7.0,116.64,2025-07-13 07:15:30+00:00,0.08325,0.074,0.0945,0.07575
Hibernian Stadium,64.0,7.0,116.64,2025-07-13 07:30:30+00:00,0.096,0.0825,0.1065,0.0865
Hibernian Stadium,64.0,7.0,116.64,2025-07-13 07:45:30+00:00,0.10025,0.08725,0.116,0.09225
Hibernian Stadium,64.0,7.0,116.64,2025-07-13 08:00:30+00:00,0.11075,0.0925,0.1295,0.1015
Hibernian Stadium,64.0,7.0,116.64,2025-07-13 08:15:30+00:00,0.1205,0.09925,0.14525,0.111
Hibernian Stadium,64.0,7.0,116.64,2025-07-13 08:30:30+00:00,0.136,0.1085,0.1625,0.125
Hibernian Stadium,64.0,7.0,116.64,2025-07-13 08:45:30+00:00,0.14825,0.122,0.17425,0.13725
Hibernian Stadium,64.0,7.0,116.64,2025-07-13 09:00:30+00:00,0.1595,0.13675,0.182,0.14875
Hibernian Stadium,64.0,7.0,116.64,2025-07-13 09:15:30+00:00,0.17025,0.15175,0.18575,0.15975
Hibernian Stadium,64.0,7.0,116.64,2025-07-13 09:30:30+00:00,0.17525,0.16325,0.188,0.16575
Hibernian Stadium,64.0,7.0,116.64,2025-07-13 09:45:30+00:00,0.18075,0.16025,0.2005,0.17275
Hibernian Stadium,64.0,7.0,116.64,2025-07-13 10:00:30+00:00,0.18475,0.15475,0.20675,0.178
Hibernian Stadium,64.0,7.0,116.64,2025-07-13 10:15:30+00:00,0.18775,0.13525,0.21025,0.18275
Hibernian Stadium,64.0,7.0,116.64,2025-07-13 10:30:30+00:00,0.155,0.1285,0.21075,0.153
Hibernian Stadium,64.0,7.0,116.64,2025-07-13 10:45:30+00:00,0.1675,0.11275,0.21575,0.166
Hibernian Stadium,64.0,7.0,116.64,2025-07-13 11:00:30+00:00,0.1935,0.1005,0.21775,0.19325
Hibernian Stadium,64.0,7.0,116.64,2025-07-13 11:15:30+00:00,0.1745,0.0525,0.21925,0.1755
Hibernian Stadium,64.0,7.0,116.64,2025-07-13 11:30:30+00:00,0.0795,0.01625,0.204,0.08025
Hibernian Stadium,64.0,7.0,116.64,2025-07-13 11:45:30+00:00,0.06425,0.01625,0.155,0.065
Hibernian Stadium,64.0,7.0,116.64,2025-07-13 12:00:30+00:00,0.071,0.01625,0.16125,0.072
Hibernian Stadium,64.0,7.0,116.64,2025-07-13 12:15:30+00:00,0.108,0.0215,0.16975,0.11025
Hibernian Stadium,64.0,7.0,116.64,2025-07-13 12:30:30+00:00,0.09325,0.02175,0.209,0.09525
Hibernian Stadium,64.0,7.0,116.64,2025-07-13 12:45:30+00:00,0.141,0.04325,0.21475,0.1465
Hibernian Stadium,64.0,7.0,116.64,2025-07-13 13:00:30+00:00,0.17775,0.086,0.2095,0.18775
Hibernian Stadium,64.0,7.0,116.64,2025-07-13 13:15:30+00:00,0.1745,0.12025,0.2055,0.18575
Hibernian Stadium,64.0,7.0,116.64,2025-07-13 13:30:30+00:00,0.1675,0.14125,0.2005,0.17925
Hibernian Stadium,64.0,7.0,116.64,2025-07-13 13:45:30+00:00,0.16925,0.14375,0.193,0.18325
Hibernian Stadium,64.0,7.0,116.64,2025-07-13 14:00:30+00:00,0.1685,0.13225,0.1895,0.184
Hibernian Stadium,64.0,7.0,116.64,2025-07-13 14:15:30+00:00,0.14975,0.11725,0.18425,0.16325
Hibernian Stadium,64.0,7.0,116.64,2025-07-13 14:30:30+00:00,0.1335,0.10925,0.1695,0.14475
Hibernian Stadium,64.0,7.0,116.64,2025-07-13 14:45:30+00:00,0.13225,0.109,0.162,0.14425
Hibernian Stadium,64.0,7.0,116.64,2025-07-13 15:00:30+00:00,0.1385,0.11225,0.15525,0.1545
Hibernian Stadium,64.0,7.0,116.64,2025-07-13 15:15:30+00:00,0.13225,0.1105,0.14725,0.1485
Hibernian Stadium,64.0,7.0,116.64,2025-07-13 15:30:30+00:00,0.11725,0.10625,0.1375,0.13075
Hibernian Stadium,64.0,7.0,116.64,2025-07-13 15:45:30+00:00,0.113,0.0975,0.12725,0.128
Hibernian Stadium,64.0,7.0,116.64,2025-07-13 16:00:30+00:00,0.10775,0.09175,0.12175,0.12325
Hibernian Stadium,64.0,7.0,116.64,2025-07-13 16:15:30+00:00,0.1,0.08775,0.1175,0.11475
Hibernian Stadium,64.0,7.0,116.64,2025-07-13 16:30:30+00:00,0.09875,0.0835,0.11075,0.11575
Hibernian Stadium,64.0,7.0,116.64,2025-07-13 16:45:30+00:00,0.09275,0.08025,0.1035,0.11075
Hibernian Stadium,64.0,7.0,116.64,2025-07-13 17:00:30+00:00,0.0845,0.072,0.09475,0.102
Hibernian Stadium,64.0,7.0,116.64,2025-07-13 17:15:30+00:00,0.07675,0.058,0.0865,0.093
Hibernian Stadium,64.0,7.0,116.64,2025-07-13 17:30:30+00:00,0.0655,0.04025,0.07925,0.07875
Hibernian Stadium,64.0,7.0,116.64,2025-07-13 17:45:30+00:00,0.054,0.02325,0.073,0.06325
Hibernian Stadium,64.0,7.0,116.64,2025-07-13 18:00:30+00:00,0.03925,0.00975,0.06775,0.044
Hibernian Stadium,64.0,7.0,116.64,2025-07-13 18:15:30+00:00,0.02625,0.00525,0.055,0.02775
Hibernian Stadium,64.0,7.0,116.64,2025-07-13 18:30:30+00:00,0.01725,0.00425,0.04,0.0175
Hibernian Stadium,64.0,7.0,116.64,2025-07-13 18:45:30+00:00,0.01425,0.0035,0.0275,0.01425
Hibernian Stadium,64.0,7.0,116.64,2025-07-13 19:00:30+00:00,0.01125,0.003,0.02025,0.01125
Hibernian Stadium,64.0,7.0,116.64,2025-07-13 19:15:30+00:00,0.00775,0.00225,0.01575,0.00775
Hibernian Stadium,64.0,7.0,116.64,2025-07-13 19:30:30+00:00,0.007,0.00175,0.01275,0.007
Hibernian Stadium,64.0,7.0,116.64,2025-07-13 19:45:30+00:00,0.0055,0.00125,0.01025,0.0055
Hibernian Stadium,64.0,7.0,116.64,2025-07-13 20:00:30+00:00,0.00425,0.001,0.00825,0.00425
Hibernian Stadium,64.0,7.0,116.64,2025-07-13 20:15:30+00:00,0.00375,0.00075,0.00625,0.00375
Hibernian Stadium,64.0,7.0,116.64,2025-07-13 20:30:30+00:00,0.002,0.0005,0.00375,0.002
Hibernian Stadium,64.0,7.0,116.64,2025-07-13 20:45:30+00:00,0.0,0.0,0.0,0.0
Hibernian Stadium,64.0,7.0,116.64,2025-07-13 21:00:30+00:00,0.0,0.0,0.0,0.0
Hibernian Stadium,64.0,7.0,116.64,2025-07-13 21:15:30+00:00,0.0,0.0,0.0,0.0
Hibernian Stadium,64.0,7.0,116.64,2025-07-13 21:30:30+00:00,0.0,0.0,0.0,0.0
Hibernian Stadium,64.0,7.0,116.64,2025-07-13 21:45:30+00:00,0.0,0.0,0.0,0.0
Hibernian Stadium,64.0,7.0,116.64,2025-07-13 22:00:30+00:00,0.0,0.0,0.0,0.0
Hibernian Stadium,64.0,7.0,116.64,2025-07-13 22:15:30+00:00,0.0,0.0,0.0,0.0
Hibernian Stadium,64.0,7.0,116.64,2025-07-13 22:30:30+00:00,0.0,0.0,0.0,0.0
Hibernian Stadium,64.0,7.0,116.64,2025-07-13 22:45:30+00:00,0.0,0.0,0.0,0.0
Hibernian Stadium,64.0,7.0,116.64,2025-07-13 23:00:30+00:00,0.0,0.0,0.0,0.0
Hibernian Stadium,64.0,7.0,116.64,2025-07-13 23:15:30+00:00,0.0,0.0,0.0,0.0
Hibernian Stadium,64.0,7.0,116.64,2025-07-13 23:30:30+00:00,0.0,0.0,0.0,0.0
Hibernian Stadium,64.0,7.0,116.64,2025-07-13 23:45:30+00:00,0.0,0.0,0.0,0.0
Hibernian Stadium,64.0,7.0,116.64,2025-07-14 00:00:30+00:00,0.0,0.0,0.0,0.0
Hibernian Stadium,64.0,7.0,116.64,2025-07-14 00:15:30+00:00,0.0,0.0,0.0,0.0
Hibernian Stadium,64.0,7.0,116.64,2025-07-14 00:30:30+00:00,0.0,0.0,0.0,0.0
Hibernian Stadium,64.0,7.0,116.64,2025-07-14 00:45:30+00:00,0.0,0.0,0.0,0.0
Hibernian Stadium,64.0,7.0,116.64,2025-07-14 01:00:30+00:00,0.0,0.0,0.0,0.0
Hibernian Stadium,64.0,7.0,116.64,2025-07-14 01:15:30+00:00,0.0,0.0,0.0,0.0
Hibernian Stadium,64.0,7.0,116.64,2025-07-14 01:30:30+00:00,0.0,0.0,0.0,0.0
Hibernian Stadium,64.0,7.0,116.64,2025-07-14 01:45:30+00:00,0.0,0.0,0.0,0.0
Hibernian Stadium,64.0,7.0,116.64,2025-07-14 02:00:30+00:00,0.0,0.0,0.0,0.0
Hibernian Stadium,64.0,7.0,116.64,2025-07-14 02:15:30+00:00,0.0,0.0,0.0,0.0
Hibernian Stadium,64.0,7.0,116.64,2025-07-14 02:30:30+00:00,0.0,0.0,0.0,0.0
Hibernian Stadium,64.0,7.0,116.64,2025-07-14 02:45:30+00:00,0.0,0.0,0.0,0.0
Hibernian Stadium,64.0,7.0,116.64,2025-07-14 03:00:30+00:00,0.0,0.0,0.0,0.0
Hibernian Stadium,64.0,7.0,116.64,2025-07-14 03:15:30+00:00,0.0,0.0,0.0,0.0
Hibernian Stadium,64.0,7.0,116.64,2025-07-14 03:30:30+00:00,0.0,0.0,0.0,0.0
Hibernian Stadium,64.0,7.0,116.64,2025-07-14 03:45:30+00:00,0.0,0.0,0.0,0.0
Hibernian Stadium,64.0,7.0,116.64,2025-07-14 04:00:30+00:00,0.0,0.0,0.0005,0.0
Hibernian Stadium,64.0,7.0,116.64,2025-07-14 04:15:30+00:00,0.00025,0.00025,0.0015,0.0005
Hibernian Stadium,64.0,7.0,116.64,2025-07-14 04:30:30+00:00,0.00075,0.0005,0.00325,0.00075
Hibernian Stadium,64.0,7.0,116.64,2025-07-14 04:45:30+00:00,0.001,0.00075,0.0045,0.001
Hibernian Stadium,64.0,7.0,116.64,2025-07-14 05:00:30+00:00,0.0035,0.002,0.00925,0.0035
Hibernian Stadium,64.0,7.0,116.64,2025-07-14 05:15:30+00:00,0.0035,0.0025,0.011,0.0035
Hibernian Stadium,64.0,7.0,116.64,2025-07-14 05:30:30+00:00,0.00275,0.00175,0.01075,0.00275
Hibernian Stadium,64.0,7.0,116.64,2025-07-14 05:45:30+00:00,0.00325,0.002,0.01275,0.00325
Hibernian Stadium,64.0,7.0,116.64,2025-07-14 06:00:30+00:00,0.005,0.0045,0.015,0.005
Hibernian Stadium,64.0,7.0,116.64,2025-07-14 06:15:30+00:00,0.00725,0.00525,0.018,0.00725
Hibernian Stadium,64.0,7.0,116.64,2025-07-14 06:30:30+00:00,0.01025,0.006,0.02025,0.01025
Hibernian Stadium,64.0,7.0,116.64,2025-07-14 06:45:30+00:00,0.0105,0.0065,0.023,0.01075
Hibernian Stadium,64.0,7.0,116.64,2025-07-14 07:00:30+00:00,0.01375,0.00725,0.0265,0.014
Hibernian Stadium,64.0,7.0,116.64,2025-07-14 07:15:30+00:00,0.0185,0.008,0.0305,0.0185
Hibernian Stadium,64.0,7.0,116.64,2025-07-14 07:30:30+00:00,0.0215,0.00875,0.03275,0.02175
Hibernian Stadium,64.0,7.0,116.64,2025-07-14 07:45:30+00:00,0.019,0.0095,0.03325,0.019
Hibernian Stadium,64.0,7.0,116.64,2025-07-14 08:00:30+00:00,0.02025,0.01,0.03375,0.02025
Hibernian Stadium,64.0,7.0,116.64,2025-07-14 08:15:30+00:00,0.022,0.01075,0.0355,0.02225
Hibernian Stadium,64.0,7.0,116.64,2025-07-14 08:30:30+00:00,0.0235,0.0115,0.038,0.02375
Hibernian Stadium,64.0,7.0,116.64,2025-07-14 08:45:30+00:00,0.02575,0.012,0.04075,0.026
Hibernian Stadium,64.0,7.0,116.64,2025-07-14 09:00:30+00:00,0.02425,0.0125,0.0435,0.0245
Hibernian Stadium,64.0,7.0,116.64,2025-07-14 09:15:30+00:00,0.02425,0.01325,0.04325,0.0245
Hibernian Stadium,64.0,7.0,116.64,2025-07-14 09:30:30+00:00,0.02025,0.01375,0.04175,0.0205
Hibernian Stadium,64.0,7.0,116.64,2025-07-14 09:45:30+00:00,0.018,0.01425,0.04075,0.01825
Hibernian Stadium,64.0,7.0,116.64,2025-07-14 10:00:30+00:00,0.019,0.0145,0.04225,0.01925
Hibernian Stadium,64.0,7.0,116.64,2025-07-14 10:15:30+00:00,0.0205,0.015,0.04875,0.02075
Hibernian Stadium,64.0,7.0,116.64,2025-07-14 10:30:30+00:00,0.03275,0.01525,0.05375,0.033
Hibernian Stadium,64.0,7.0,116.64,2025-07-14 10:45:30+00:00,0.0335,0.01575,0.05775,0.03375
Hibernian Stadium,64.0,7.0,116.64,2025-07-14 11:00:30+00:00,0.033,0.016,0.056,0.03325
Hibernian Stadium,64.0,7.0,116.64,2025-07-14 11:15:30+00:00,0.02675,0.01625,0.05325,0.027
Hibernian Stadium,64.0,7.0,116.64,2025-07-14 11:30:30+00:00,0.02375,0.01625,0.05025,0.024
Hibernian Stadium,64.0,7.0,116.64,2025-07-14 11:45:30+00:00,0.022,0.0165,0.05375,0.02225
Hibernian Stadium,64.0,7.0,116.64,2025-07-14 12:00:30+00:00,0.035,0.0165,0.05675,0.0355
Hibernian Stadium,64.0,7.0,116.64,2025-07-14 12:15:30+00:00,0.03025,0.0165,0.05675,0.0305
Hibernian Stadium,64.0,7.0,116.64,2025-07-14 12:30:30+00:00,0.01925,0.0165,0.0515,0.01925
Hibernian Stadium,64.0,7.0,116.64,2025-07-14 12:45:30+00:00,0.02225,0.01625,0.045,0.02225
Hibernian Stadium,64.0,7.0,116.64,2025-07-14 13:00:30+00:00,0.018,0.01625,0.0415,0.018
Hibernian Stadium,64.0,7.0,116.64,2025-07-14 13:15:30+00:00,0.01725,0.016,0.041,0.0175
Hibernian Stadium,64.0,7.0,116.64,2025-07-14 13:30:30+00:00,0.02225,0.01575,0.0445,0.0225
Hibernian Stadium,64.0,7.0,116.64,2025-07-14 13:45:30+00:00,0.02075,0.0155,0.05225,0.021
Hibernian Stadium,64.0,7.0,116.64,2025-07-14 14:00:30+00:00,0.026,0.015,0.063,0.02625
Hibernian Stadium,64.0,7.0,116.64,2025-07-14 14:15:30+00:00,0.03275,0.01475,0.07375,0.03325
Hibernian Stadium,64.0,7.0,116.64,2025-07-14 14:30:30+00:00,0.04275,0.01425,0.08125,0.0435
Hibernian Stadium,64.0,7.0,116.64,2025-07-14 14:45:30+00:00,0.053,0.0145,0.0805,0.05425
Hibernian Stadium,64.0,7.0,116.64,2025-07-14 15:00:30+00:00,0.0465,0.01325,0.08775,0.0475
Hibernian Stadium,64.0,7.0,116.64,2025-07-14 15:15:30+00:00,0.045,0.01275,0.09725,0.046
Hibernian Stadium,64.0,7.0,116.64,2025-07-14 15:30:30+00:00,0.05675,0.012,0.11675,0.0585
Hibernian Stadium,64.0,7.0,116.64,2025-07-14 15:45:30+00:00,0.08275,0.01675,0.11675,0.08925
Hibernian Stadium,64.0,7.0,116.64,2025-07-14 16:00:30+00:00,0.0635,0.01275,0.11075,0.06725
Hibernian Stadium,64.0,7.0,116.64,2025-07-14 16:15:30+00:00,0.03725,0.01025,0.08925,0.03825
Hibernian Stadium,64.0,7.0,116.64,2025-07-14 16:30:30+00:00,0.03075,0.00975,0.06475,0.03125
Hibernian Stadium,64.0,7.0,116.64,2025-07-14 16:45:30+00:00,0.031,0.0115,0.05,0.03175
Hibernian Stadium,64.0,7.0,116.64,2025-07-14 17:00:30+00:00,0.03025,0.01425,0.0445,0.031
Hibernian Stadium,64.0,7.0,116.64,2025-07-14 17:15:30+00:00,0.0265,0.01,0.047,0.027
Hibernian Stadium,64.0,7.0,116.64,2025-07-14 17:30:30+00:00,0.028,0.009,0.05025,0.02875
Hibernian Stadium,64.0,7.0,116.64,2025-07-14 17:45:30+00:00,0.0335,0.01125,0.05175,0.035
Hibernian Stadium,64.0,7.0,116.64,2025-07-14 18:00:30+00:00,0.0325,0.00875,0.04975,0.0345
Hibernian Stadium,64.0,7.0,116.64,2025-07-14 18:15:30+00:00,0.0225,0.00475,0.0445,0.02325
Hibernian Stadium,64.0,7.0,116.64,2025-07-14 18:30:30+00:00,0.01275,0.00425,0.042,0.01275
Hibernian Stadium,64.0,7.0,116.64,2025-07-14 18:45:30+00:00,0.02325,0.00475,0.03175,0.02625
Hibernian Stadium,64.0,7.0,116.64,2025-07-14 19:00:30+00:00,0.012,0.00275,0.02925,0.013
Hibernian Stadium,64.0,7.0,116.64,2025-07-14 19:15:30+00:00,0.01025,0.00225,0.0225,0.0105
Hibernian Stadium,64.0,7.0,116.64,2025-07-14 19:30:30+00:00,0.01125,0.00225,0.01625,0.0125
Hibernian Stadium,64.0,7.0,116.64,2025-07-14 19:45:30+00:00,0.00725,0.0025,0.0135,0.0075
Hibernian Stadium,64.0,7.0,116.64,2025-07-14 20:00:30+00:00,0.005,0.00125,0.00975,0.005
Hibernian Stadium,64.0,7.0,116.64,2025-07-14 20:15:30+00:00,0.00425,0.00075,0.007,0.00425
Hibernian Stadium,64.0,7.0,116.64,2025-07-14 20:30:30+00:00,0.00225,0.0005,0.004,0.0025
Hibernian Stadium,64.0,7.0,116.64,2025-07-14 20:45:30+00:00,0.0,0.0,0.0,0.0
Hibernian Stadium,64.0,7.0,116.64,2025-07-14 21:00:30+00:00,0.0,0.0,0.0,0.0
Hibernian Stadium,64.0,7.0,116.64,2025-07-14 21:15:30+00:00,0.0,0.0,0.0,0.0
Hibernian Stadium,64.0,7.0,116.64,2025-07-14 21:30:30+00:00,0.0,0.0,0.0,0.0
Hibernian Stadium,64.0,7.0,116.64,2025-07-14 21:45:30+00:00,0.0,0.0,0.0,0.0
Hibernian Stadium,64.0,7.0,116.64,2025-07-14 22:00:30+00:00,0.0,0.0,0.0,0.0
Hibernian Stadium,64.0,7.0,116.64,2025-07-14 22:15:30+00:00,0.0,0.0,0.0,0.0
Hibernian Stadium,64.0,7.0,116.64,2025-07-14 22:30:30+00:00,0.0,0.0,0.0,0.0
Hibernian Stadium,64.0,7.0,116.64,2025-07-14 22:45:30+00:00,0.0,0.0,0.0,0.0
Hibernian Stadium,64.0,7.0,116.64,2025-07-14 23:00:30+00:00,0.0,0.0,0.0,0.0
Hibernian Stadium,64.0,7.0,116.64,2025-07-14 23:15:30+00:00,0.0,0.0,0.0,0.0
Hibernian Stadium,64.0,7.0,116.64,2025-07-14 23:30:30+00:00,0.0,0.0,0.0,0.0
Hibernian Stadium,64.0,7.0,116.64,2025-07-14 23:45:30+00:00,0.0,0.0,0.0,0.0
Hibernian Stadium,64.0,7.0,116.64,2025-07-15 00:00:30+00:00,0.0,0.0,0.0,0.0
Hibernian Stadium,64.0,7.0,116.64,2025-07-15 00:15:30+00:00,0.0,0.0,0.0,0.0
Hibernian Stadium,64.0,7.0,116.64,2025-07-15 00:30:30+00:00,0.0,0.0,0.0,0.0
Hibernian Stadium,64.0,7.0,116.64,2025-07-15 00:45:30+00:00,0.0,0.0,0.0,0.0
Hibernian Stadium,64.0,7.0,116.64,2025-07-15 01:00:30+00:00,0.0,0.0,0.0,0.0
Hibernian Stadium,64.0,7.0,116.64,2025-07-15 01:15:30+00:00,0.0,0.0,0.0,0.0
Hibernian Stadium,64.0,7.0,116.64,2025-07-15 01:30:30+00:00,0.0,0.0,0.0,0.0
Hibernian Stadium,64.0,7.0,116.64,2025-07-15 01:45:30+00:00,0.0,0.0,0.0,0.0
Hibernian Stadium,64.0,7.0,116.64,2025-07-15 02:00:30+00:00,0.0,0.0,0.0,0.0
Hibernian Stadium,64.0,7.0,116.64,2025-07-15 02:15:30+00:00,0.0,0.0,0.0,0.0
Hibernian Stadium,64.0,7.0,116.64,2025-07-15 02:30:30+00:00,0.0,0.0,0.0,0.0
Hibernian Stadium,64.0,7.0,116.64,2025-07-15 02:45:30+00:00,0.0,0.0,0.0,0.0
Hibernian Stadium,64.0,7.0,116.64,2025-07-15 03:00:30+00:00,0.0,0.0,0.0,0.0
Hibernian Stadium,64.0,7.0,116.64,2025-07-15 03:15:30+00:00,0.0,0.0,0.0,0.0
Hibernian Stadium,64.0,7.0,116.64,2025-07-15 03:30:30+00:00,0.0,0.0,0.0,0.0
Hibernian Stadium,64.0,7.0,116.64,2025-07-15 03:45:30+00:00,0.0,0.0,0.0,0.0
Hibernian Stadium,64.0,7.0,116.64,2025-07-15 04:00:30+00:00,0.0015,0.00025,0.00225,0.0015
Hibernian Stadium,64.0,7.0,116.64,2025-07-15 04:15:30+00:00,0.00475,0.002,0.0075,0.00425
Hibernian Stadium,64.0,7.0,116.64,2025-07-15 04:30:30+00:00,0.013,0.00675,0.0185,0.009
Hibernian Stadium,64.0,7.0,116.64,2025-07-15 04:45:30+00:00,0.02425,0.0145,0.03075,0.01575
Hibernian Stadium,64.0,7.0,116.64,2025-07-15 05:00:30+00:00,0.03375,0.023,0.041,0.02275
Hibernian Stadium,64.0,7.0,116.64,2025-07-15 05:15:30+00:00,0.04325,0.03225,0.05125,0.03025
Hibernian Stadium,64.0,7.0,116.64,2025-07-15 05:30:30+00:00,0.05275,0.04175,0.0615,0.03825
Hibernian Stadium,64.0,7.0,116.64,2025-07-15 05:45:30+00:00,0.06125,0.05075,0.07125,0.04575
Hibernian Stadium,64.0,7.0,116.64,2025-07-15 06:00:30+00:00,0.07025,0.052,0.0815,0.054
Hibernian Stadium,64.0,7.0,116.64,2025-07-15 06:15:30+00:00,0.07625,0.04925,0.0905,0.0605
Hibernian Stadium,64.0,7.0,116.64,2025-07-15 06:30:30+00:00,0.08675,0.03425,0.099,0.0715
Hibernian Stadium,64.0,7.0,116.64,2025-07-15 06:45:30+00:00,0.059,0.018,0.102,0.053
Hibernian Stadium,64.0,7.0,116.64,2025-07-15 07:00:30+00:00,0.04725,0.01925,0.093,0.045
Hibernian Stadium,64.0,7.0,116.64,2025-07-15 07:15:30+00:00,0.06725,0.02825,0.09625,0.06225
Hibernian Stadium,64.0,7.0,116.64,2025-07-15 07:30:30+00:00,0.069,0.03575,0.09375,0.065
Hibernian Stadium,64.0,7.0,116.64,2025-07-15 07:45:30+00:00,0.0575,0.02575,0.09125,0.0555
Hibernian Stadium,64.0,7.0,116.64,2025-07-15 08:00:30+00:00,0.04875,0.02275,0.08275,0.04825
Hibernian Stadium,64.0,7.0,116.64,2025-07-15 08:15:30+00:00,0.053,0.02425,0.079,0.05275
Hibernian Stadium,64.0,7.0,116.64,2025-07-15 08:30:30+00:00,0.0525,0.02775,0.07675,0.05225
Hibernian Stadium,64.0,7.0,116.64,2025-07-15 08:45:30+00:00,0.05075,0.024,0.073,0.0505
Hibernian Stadium,64.0,7.0,116.64,2025-07-15 09:00:30+00:00,0.042,0.0235,0.071,0.042
Hibernian Stadium,64.0,7.0,116.64,2025-07-15 09:15:30+00:00,0.04925,0.025,0.07575,0.04925
Hibernian Stadium,64.0,7.0,116.64,2025-07-15 09:30:30+00:00,0.05925,0.023,0.08125,0.05925
Hibernian Stadium,64.0,7.0,116.64,2025-07-15 09:45:30+00:00,0.04725,0.01475,0.08225,0.0475
Hibernian Stadium,64.0,7.0,116.64,2025-07-15 10:00:30+00:00,0.03875,0.0145,0.073,0.039
Hibernian Stadium,64.0,7.0,116.64,2025-07-15 10:15:30+00:00,0.03625,0.015,0.0695,0.0365
Hibernian Stadium,64.0,7.0,116.64,2025-07-15 10:30:30+00:00,0.046,0.01925,0.0705,0.0465
Hibernian Stadium,64.0,7.0,116.64,2025-07-15 10:45:30+00:00,0.052,0.02625,0.07525,0.05225
Hibernian Stadium,64.0,7.0,116.64,2025-07-15 11:00:30+00:00,0.05375,0.02775,0.078,0.05425
Hibernian Stadium,64.0,7.0,116.64,2025-07-15 11:15:30+00:00,0.05225,0.0285,0.08125,0.05275
Hibernian Stadium,64.0,7.0,116.64,2025-07-15 11:30:30+00:00,0.05825,0.031,0.08925,0.05875
Hibernian Stadium,64.0,7.0,116.64,2025-07-15 11:45:30+00:00,0.0695,0.03875,0.0955,0.07025
Hibernian Stadium,64.0,7.0,116.64,2025-07-15 12:00:30+00:00,0.07325,0.04075,0.09725,0.07425
Hibernian Stadium,64.0,7.0,116.64,2025-07-15 12:15:30+00:00,0.06375,0.03425,0.097,0.06475
Hibernian Stadium,64.0,7.0,116.64,2025-07-15 12:30:30+00:00,0.05975,0.02425,0.09375,0.0605
Hibernian Stadium,64.0,7.0,116.64,2025-07-15 12:45:30+00:00,0.05275,0.0165,0.08725,0.0535
Hibernian Stadium,64.0,7.0,116.64,2025-07-15 13:00:30+00:00,0.04275,0.016,0.07575,0.04325
Hibernian Stadium,64.0,7.0,116.64,2025-07-15 13:15:30+00:00,0.0375,0.016,0.06925,0.038
Hibernian Stadium,64.0,7.0,116.64,2025-07-15 13:30:30+00:00,0.045,0.01575,0.067,0.04575
Hibernian Stadium,64.0,7.0,116.64,2025-07-15 13:45:30+00:00,0.0405,0.01825,0.07,0.041
Hibernian Stadium,64.0,7.0,116.64,2025-07-15 14:00:30+00:00,0.04625,0.01925,0.072,0.047
Hibernian Stadium,64.0,7.0,116.64,2025-07-15 14:15:30+00:00,0.05,0.026,0.07325,0.051
Hibernian Stadium,64.0,7.0,116.64,2025-07-15 14:30:30+00:00,0.05225,0.0285,0.07225,0.05325
Hibernian Stadium,64.0,7.0,116.64,2025-07-15 14:45:30+00:00,0.04875,0.027,0.06975,0.04975
Hibernian Stadium,64.0,7.0,116.64,2025-07-15 15:00:30+00:00,0.044,0.02075,0.06525,0.04475
Hibernian Stadium,64.0,7.0,116.64,2025-07-15 15:15:30+00:00,0.03625,0.01475,0.06,0.03675
Hibernian Stadium,64.0,7.0,116.64,2025-07-15 15:30:30+00:00,0.03125,0.01225,0.0605,0.03175
Hibernian Stadium,64.0,7.0,116.64,2025-07-15 15:45:30+00:00,0.03625,0.0115,0.07,0.037
Hibernian Stadium,64.0,7.0,116.64,2025-07-15 16:00:30+00:00,0.04025,0.011,0.08425,0.041
Hibernian Stadium,64.0,7.0,116.64,2025-07-15 16:15:30+00:00,0.0495,0.01025,0.09325,0.05125
Hibernian Stadium,64.0,7.0,116.64,2025-07-15 16:30:30+00:00,0.05875,0.02125,0.09225,0.06225
Hibernian Stadium,64.0,7.0,116.64,2025-07-15 16:45:30+00:00,0.06175,0.0285,0.08525,0.0665
Hibernian Stadium,64.0,7.0,116.64,2025-07-15 17:00:30+00:00,0.051,0.0225,0.0775,0.05425
Hibernian Stadium,64.0,7.0,116.64,2025-07-15 17:15:30+00:00,0.03675,0.0115,0.0685,0.03875
Hibernian Stadium,64.0,7.0,116.64,2025-07-15 17:30:30+00:00,0.0315,0.00675,0.0565,0.0325
Hibernian Stadium,64.0,7.0,116.64,2025-07-15 17:45:30+00:00,0.01875,0.00625,0.04625,0.019
Hibernian Stadium,64.0,7.0,116.64,2025-07-15 18:00:30+00:00,0.021,0.0055,0.0435,0.02125
Hibernian Stadium,64.0,7.0,116.64,2025-07-15 18:15:30+00:00,0.0265,0.00525,0.04125,0.02825
Hibernian Stadium,64.0,7.0,116.64,2025-07-15 18:30:30+00:00,0.0125,0.004,0.04525,0.013
Hibernian Stadium,64.0,7.0,116.64,2025-07-15 18:45:30+00:00,0.02225,0.0045,0.039,0.02575
Hibernian Stadium,64.0,7.0,116.64,2025-07-15 19:00:30+00:00,0.02275,0.00725,0.032,0.0285
Hibernian Stadium,64.0,7.0,116.64,2025-07-15 19:15:30+00:00,0.019,0.00925,0.02425,0.0245
Hibernian Stadium,64.0,7.0,116.64,2025-07-15 19:30:30+00:00,0.01325,0.008,0.017,0.01825
Hibernian Stadium,64.0,7.0,116.64,2025-07-15 19:45:30+00:00,0.00875,0.006,0.012,0.01175
Hibernian Stadium,64.0,7.0,116.64,2025-07-15 20:00:30+00:00,0.0065,0.00375,0.0095,0.009
Hibernian Stadium,64.0,7.0,116.64,2025-07-15 20:15:30+00:00,0.00575,0.00275,0.00775,0.00725
Hibernian Stadium,64.0,7.0,116.64,2025-07-15 20:30:30+00:00,0.0035,0.00175,0.005,0.00375
Hibernian Stadium,64.0,7.0,116.64,2025-07-15 20:45:30+00:00,0.0,0.0,0.0,0.0
Hibernian Stadium,64.0,7.0,116.64,2025-07-15 21:00:30+00:00,0.0,0.0,0.0,0.0
Hibernian Stadium,64.0,7.0,116.64,2025-07-15 21:15:30+00:00,0.0,0.0,0.0,0.0
Hibernian Stadium,64.0,7.0,116.64,2025-07-15 21:30:30+00:00,0.0,0.0,0.0,0.0
Hibernian Stadium,64.0,7.0,116.64,2025-07-15 21:45:30+00:00,0.0,0.0,0.0,0.0
Hibernian Stadium,64.0,7.0,116.64,2025-07-15 22:00:30+00:00,0.0,0.0,0.0,0.0
Hibernian Stadium,64.0,7.0,116.64,2025-07-15 22:15:30+00:00,0.0,0.0,0.0,0.0
Hibernian Stadium,64.0,7.0,116.64,2025-07-15 22:30:30+00:00,0.0,0.0,0.0,0.0
Hibernian Stadium,64.0,7.0,116.64,2025-07-15 22:45:30+00:00,0.0,0.0,0.0,0.0
Hibernian Stadium,64.0,7.0,116.64,2025-07-15 23:00:30+00:00,0.0,0.0,0.0,0.0
Hibernian Stadium,64.0,7.0,116.64,2025-07-15 23:15:30+00:00,0.0,0.0,0.0,0.0
Hibernian Stadium,64.0,7.0,116.64,2025-07-15 23:30:30+00:00,0.0,0.0,0.0,0.0
Hibernian Stadium,64.0,7.0,116.64,2025-07-15 23:45:30+00:00,0.0,0.0,0.0,0.0
Hibernian Stadium,64.0,7.0,116.64,2025-07-16 00:00:30+00:00,0.0,0.0,0.0,0.0
Hibernian Stadium,64.0,7.0,116.64,2025-07-16 00:15:30+00:00,0.0,0.0,0.0,0.0
Hibernian Stadium,64.0,7.0,116.64,2025-07-16 00:30:30+00:00,0.0,0.0,0.0,0.0
Hibernian Stadium,64.0,7.0,116.64,2025-07-16 00:45:30+00:00,0.0,0.0,0.0,0.0
Hibernian Stadium,64.0,7.0,116.64,2025-07-16 01:00:30+00:00,0.0,0.0,0.0,0.0
Hibernian Stadium,64.0,7.0,116.64,2025-07-16 01:15:30+00:00,0.0,0.0,0.0,0.0
Hibernian Stadium,64.0,7.0,116.64,2025-07-16 01:30:30+00:00,0.0,0.0,0.0,0.0
Hibernian Stadium,64.0,7.0,116.64,2025-07-16 01:45:30+00:00,0.0,0.0,0.0,0.0
Hibernian Stadium,64.0,7.0,116.64,2025-07-16 02:00:30+00:00,0.0,0.0,0.0,0.0
Hibernian Stadium,64.0,7.0,116.64,2025-07-16 02:15:30+00:00,0.0,0.0,0.0,0.0
Hibernian Stadium,64.0,7.0,116.64,2025-07-16 02:30:30+00:00,0.0,0.0,0.0,0.0
Hibernian Stadium,64.0,7.0,116.64,2025-07-16 02:45:30+00:00,0.0,0.0,0.0,0.0
Hibernian Stadium,64.0,7.0,116.64,2025-07-16 03:00:30+00:00,0.0,0.0,0.0,0.0
Hibernian Stadium,64.0,7.0,116.64,2025-07-16 03:15:30+00:00,0.0,0.0,0.0,0.0
Hibernian Stadium,64.0,7.0,116.64,2025-07-16 03:30:30+00:00,0.0,0.0,0.0,0.0
Hibernian Stadium,64.0,7.0,116.64,2025-07-16 03:45:30+00:00,0.00025,0.00025,0.00075,0.00025
Hibernian Stadium,64.0,7.0,116.64,2025-07-16 04:00:30+00:00,0.001,0.0005,0.00225,0.001
Hibernian Stadium,64.0,7.0,116.64,2025-07-16 04:15:30+00:00,0.00275,0.00075,0.0055,0.00275
Hibernian Stadium,64.0,7.0,116.64,2025-07-16 04:30:30+00:00,0.00575,0.001,0.00975,0.0055
Hibernian Stadium,64.0,7.0,116.64,2025-07-16 04:45:30+00:00,0.0075,0.00325,0.01625,0.0075
Hibernian Stadium,64.0,7.0,116.64,2025-07-16 05:00:30+00:00,0.0195,0.00675,0.0275,0.016
Hibernian Stadium,64.0,7.0,116.64,2025-07-16 05:15:30+00:00,0.021,0.0105,0.0335,0.0185
Hibernian Stadium,64.0,7.0,116.64,2025-07-16 05:30:30+00:00,0.02675,0.013,0.04225,0.02375
Hibernian Stadium,64.0,7.0,116.64,2025-07-16 05:45:30+00:00,0.03625,0.012,0.05075,0.03125
Hibernian Stadium,64.0,7.0,116.64,2025-07-16 06:00:30+00:00,0.028,0.00625,0.05175,0.02625
Hibernian Stadium,64.0,7.0,116.64,2025-07-16 06:15:30+00:00,0.02375,0.00525,0.04575,0.0235
Hibernian Stadium,64.0,7.0,116.64,2025-07-16 06:30:30+00:00,0.02375,0.00675,0.04225,0.02375
Hibernian Stadium,64.0,7.0,116.64,2025-07-16 06:45:30+00:00,0.026,0.01325,0.0405,0.026
Hibernian Stadium,64.0,7.0,116.64,2025-07-16 07:00:30+00:00,0.031,0.014,0.04175,0.03075
Hibernian Stadium,64.0,7.0,116.64,2025-07-16 07:15:30+00:00,0.02625,0.01275,0.04325,0.02625
Hibernian Stadium,64.0,7.0,116.64,2025-07-16 07:30:30+00:00,0.02675,0.00875,0.05275,0.02675
Hibernian Stadium,64.0,7.0,116.64,2025-07-16 07:45:30+00:00,0.027,0.00925,0.07225,0.027
Hibernian Stadium,64.0,7.0,116.64,2025-07-16 08:00:30+00:00,0.041,0.01,0.10575,0.04075
Hibernian Stadium,64.0,7.0,116.64,2025-07-16 08:15:30+00:00,0.0815,0.01625,0.1435,0.07725
Hibernian Stadium,64.0,7.0,116.64,2025-07-16 08:30:30+00:00,0.1015,0.03875,0.162,0.09625
Hibernian Stadium,64.0,7.0,116.64,2025-07-16 08:45:30+00:00,0.118,0.0665,0.16825,0.111
Hibernian Stadium,64.0,7.0,116.64,2025-07-16 09:00:30+00:00,0.1305,0.095,0.16625,0.1235
Hibernian Stadium,64.0,7.0,116.64,2025-07-16 09:15:30+00:00,0.14275,0.113,0.17125,0.13575
Hibernian Stadium,64.0,7.0,116.64,2025-07-16 09:30:30+00:00,0.153,0.12725,0.17675,0.146
Hibernian Stadium,64.0,7.0,116.64,2025-07-16 09:45:30+00:00,0.159,0.13775,0.18325,0.1525
Hibernian Stadium,64.0,7.0,116.64,2025-07-16 10:00:30+00:00,0.169,0.147,0.1885,0.1635
Hibernian Stadium,64.0,7.0,116.64,2025-07-16 10:15:30+00:00,0.17475,0.15725,0.1935,0.1705
Hibernian Stadium,64.0,7.0,116.64,2025-07-16 10:30:30+00:00,0.182,0.163,0.1975,0.17875
Hibernian Stadium,64.0,7.0,116.64,2025-07-16 10:45:30+00:00,0.18375,0.162,0.203,0.182
Hibernian Stadium,64.0,7.0,116.64,2025-07-16 11:00:30+00:00,0.18125,0.152,0.2085,0.181
Hibernian Stadium,64.0,7.0,116.64,2025-07-16 11:15:30+00:00,0.17525,0.14,0.208,0.17625
Hibernian Stadium,64.0,7.0,116.64,2025-07-16 11:30:30+00:00,0.16475,0.13025,0.2015,0.167
Hibernian Stadium,64.0,7.0,116.64,2025-07-16 11:45:30+00:00,0.15725,0.12625,0.19125,0.16
Hibernian Stadium,64.0,7.0,116.64,2025-07-16 12:00:30+00:00,0.15375,0.126,0.18025,0.1575
Hibernian Stadium,64.0,7.0,116.64,2025-07-16 12:15:30+00:00,0.148,0.12625,0.17,0.15225
Hibernian Stadium,64.0,7.0,116.64,2025-07-16 12:30:30+00:00,0.1425,0.124,0.16525,0.14725
Hibernian Stadium,64.0,7.0,116.64,2025-07-16 12:45:30+00:00,0.14275,0.1235,0.16675,0.1485
Hibernian Stadium,64.0,7.0,116.64,2025-07-16 13:00:30+00:00,0.1495,0.12575,0.1705,0.1565
Hibernian Stadium,64.0,7.0,116.64,2025-07-16 13:15:30+00:00,0.152,0.12175,0.17425,0.1605
Hibernian Stadium,64.0,7.0,116.64,2025-07-16 13:30:30+00:00,0.1425,0.11475,0.17825,0.151
Hibernian Stadium,64.0,7.0,116.64,2025-07-16 13:45:30+00:00,0.14425,0.1115,0.1885,0.15375
Hibernian Stadium,64.0,7.0,116.64,2025-07-16 14:00:30+00:00,0.16075,0.116,0.19,0.1745
Hibernian Stadium,64.0,7.0,116.64,2025-07-16 14:15:30+00:00,0.15925,0.12775,0.183,0.17525
Hibernian Stadium,64.0,7.0,116.64,2025-07-16 14:30:30+00:00,0.15575,0.1345,0.17575,0.17325
Hibernian Stadium,64.0,7.0,116.64,2025-07-16 14:45:30+00:00,0.15125,0.13925,0.162,0.16975
Hibernian Stadium,64.0,7.0,116.64,2025-07-16 15:00:30+00:00,0.14525,0.13675,0.153,0.1645
Hibernian Stadium,64.0,7.0,116.64,2025-07-16 15:15:30+00:00,0.13825,0.13175,0.1445,0.158
Hibernian Stadium,64.0,7.0,116.64,2025-07-16 15:30:30+00:00,0.13075,0.12525,0.13625,0.15075
Hibernian Stadium,64.0,7.0,116.64,2025-07-16 15:45:30+00:00,0.12325,0.118,0.12825,0.14325
Hibernian Stadium,64.0,7.0,116.64,2025-07-16 16:00:30+00:00,0.1155,0.10775,0.123,0.13525
Hibernian Stadium,64.0,7.0,116.64,2025-07-16 16:15:30+00:00,0.1075,0.09725,0.11775,0.127
Hibernian Stadium,64.0,7.0,116.64,2025-07-16 16:30:30+00:00,0.10025,0.08475,0.111,0.11875
Hibernian Stadium,64.0,7.0,116.64,2025-07-16 16:45:30+00:00,0.0865,0.0755,0.10175,0.102
Hibernian Stadium,64.0,7.0,116.64,2025-07-16 17:00:30+00:00,0.078,0.06725,0.08925,0.09225
Hibernian Stadium,64.0,7.0,116.64,2025-07-16 17:15:30+00:00,0.0705,0.06225,0.081,0.08325
Hibernian Stadium,64.0,7.0,116.64,2025-07-16 17:30:30+00:00,0.064,0.05625,0.07175,0.07725
Hibernian Stadium,64.0,7.0,116.64,2025-07-16 17:45:30+00:00,0.058,0.05025,0.06525,0.072
Hibernian Stadium,64.0,7.0,116.64,2025-07-16 18:00:30+00:00,0.0515,0.04425,0.058,0.06525
Hibernian Stadium,64.0,7.0,116.64,2025-07-16 18:15:30+00:00,0.04425,0.038,0.0505,0.057
Hibernian Stadium,64.0,7.0,116.64,2025-07-16 18:30:30+00:00,0.03725,0.03125,0.04325,0.0485
Hibernian Stadium,64.0,7.0,116.64,2025-07-16 18:45:30+00:00,0.0305,0.024,0.0355,0.0405
Hibernian Stadium,64.0,7.0,116.64,2025-07-16 19:00:30+00:00,0.02425,0.017,0.0285,0.03275
Hibernian Stadium,64.0,7.0,116.64,2025-07-16 19:15:30+00:00,0.01825,0.0105,0.02225,0.025
Hibernian Stadium,64.0,7.0,116.64,2025-07-16 19:30:30+00:00,0.01275,0.00575,0.01775,0.01625
Hibernian Stadium,64.0,7.0,116.64,2025-07-16 19:45:30+00:00,0.00775,0.003,0.01375,0.00875
Hibernian Stadium,64.0,7.0,116.64,2025-07-16 20:00:30+00:00,0.00575,0.0015,0.01075,0.006
Hibernian Stadium,64.0,7.0,116.64,2025-07-16 20:15:30+00:00,0.00475,0.00125,0.0075,0.005
Hibernian Stadium,64.0,7.0,116.64,2025-07-16 20:30:30+00:00,0.00275,0.00075,0.00425,0.00275
Hibernian Stadium,64.0,7.0,116.64,2025-07-16 20:45:30+00:00,0.0,0.0,0.0,0.0
Hibernian Stadium,64.0,7.0,116.64,2025-07-16 21:00:30+00:00,0.0,0.0,0.0,0.0
Hibernian Stadium,64.0,7.0,116.64,2025-07-16 21:15:30+00:00,0.0,0.0,0.0,0.0
Hibernian Stadium,64.0,7.0,116.64,2025-07-16 21:30:30+00:00,0.0,0.0,0.0,0.0
Hibernian Stadium,64.0,7.0,116.64,2025-07-16 21:45:30+00:00,0.0,0.0,0.0,0.0
Hibernian Stadium,64.0,7.0,116.64,2025-07-16 22:00:30+00:00,0.0,0.0,0.0,0.0
Hibernian Stadium,64.0,7.0,116.64,2025-07-16 22:15:30+00:00,0.0,0.0,0.0,0.0
Hibernian Stadium,64.0,7.0,116.64,2025-07-16 22:30:30+00:00,0.0,0.0,0.0,0.0
Hibernian Stadium,64.0,7.0,116.64,2025-07-16 22:45:30+00:00,0.0,0.0,0.0,0.0
Hibernian Stadium,64.0,7.0,116.64,2025-07-16 23:00:30+00:00,0.0,0.0,0.0,0.0
Hibernian Stadium,64.0,7.0,116.64,2025-07-16 23:15:30+00:00,0.0,0.0,0.0,0.0
Hibernian Stadium,64.0,7.0,116.64,2025-07-16 23:30:30+00:00,0.0,0.0,0.0,0.0
Hibernian Stadium,64.0,7.0,116.64,2025-07-16 23:45:30+00:00,0.0,0.0,0.0,0.0
Hibernian Stadium,64.0,7.0,116.64,2025-07-17 00:00:30+00:00,0.0,0.0,0.0,0.0
Hibernian Stadium,64.0,7.0,116.64,2025-07-17 00:15:30+00:00,0.0,0.0,0.0,0.0
Hibernian Stadium,64.0,7.0,116.64,2025-07-17 00:30:30+00:00,0.0,0.0,0.0,0.0
Hibernian Stadium,64.0,7.0,116.64,2025-07-17 00:45:30+00:00,0.0,0.0,0.0,0.0
Hibernian Stadium,64.0,7.0,116.64,2025-07-17 01:00:30+00:00,0.0,0.0,0.0,0.0
Hibernian Stadium,64.0,7.0,116.64,2025-07-17 01:15:30+00:00,0.0,0.0,0.0,0.0
Hibernian Stadium,64.0,7.0,116.64,2025-07-17 01:30:30+00:00,0.0,0.0,0.0,0.0
Hibernian Stadium,64.0,7.0,116.64,2025-07-17 01:45:30+00:00,0.0,0.0,0.0,0.0
Hibernian Stadium,64.0,7.0,116.64,2025-07-17 02:00:30+00:00,0.0,0.0,0.0,0.0
Hibernian Stadium,64.0,7.0,116.64,2025-07-17 02:15:30+00:00,0.0,0.0,0.0,0.0
Hibernian Stadium,64.0,7.0,116.64,2025-07-17 02:30:30+00:00,0.0,0.0,0.0,0.0
Hibernian Stadium,64.0,7.0,116.64,2025-07-17 02:45:30+00:00,0.0,0.0,0.0,0.0
Hibernian Stadium,64.0,7.0,116.64,2025-07-17 03:00:30+00:00,0.0,0.0,0.0,0.0
Hibernian Stadium,64.0,7.0,116.64,2025-07-17 03:15:30+00:00,0.0,0.0,0.0,0.0
Hibernian Stadium,64.0,7.0,116.64,2025-07-17 03:30:30+00:00,0.0,0.0,0.0,0.0
Hibernian Stadium,64.0,7.0,116.64,2025-07-17 03:45:30+00:00,0.0005,0.00025,0.0005,0.0005
Hibernian Stadium,64.0,7.0,116.64,2025-07-17 04:00:30+00:00,0.00125,0.001,0.0015,0.00125
Hibernian Stadium,64.0,7.0,116.64,2025-07-17 04:15:30+00:00,0.004,0.0025,0.0055,0.00375
Hibernian Stadium,64.0,7.0,116.64,2025-07-17 04:30:30+00:00,0.01,0.007,0.0135,0.00775
Hibernian Stadium,64.0,7.0,116.64,2025-07-17 04:45:30+00:00,0.02075,0.0135,0.0245,0.0145
Hibernian Stadium,64.0,7.0,116.64,2025-07-17 05:00:30+00:00,0.0275,0.01975,0.03325,0.02
Hibernian Stadium,64.0,7.0,116.64,2025-07-17 05:15:30+00:00,0.0345,0.02625,0.042,0.02625
Hibernian Stadium,64.0,7.0,116.64,2025-07-17 05:30:30+00:00,0.0435,0.034,0.052,0.0335
Hibernian Stadium,64.0,7.0,116.64,2025-07-17 05:45:30+00:00,0.0525,0.0425,0.0615,0.0415
Hibernian Stadium,64.0,7.0,116.64,2025-07-17 06:00:30+00:00,0.0635,0.05325,0.073,0.05
Hibernian Stadium,64.0,7.0,116.64,2025-07-17 06:15:30+00:00,0.073,0.0635,0.0825,0.0585
Hibernian Stadium,64.0,7.0,116.64,2025-07-17 06:30:30+00:00,0.082,0.07375,0.09075,0.067
Hibernian Stadium,64.0,7.0,116.64,2025-07-17 06:45:30+00:00,0.09125,0.08275,0.098,0.076
Hibernian Stadium,64.0,7.0,116.64,2025-07-17 07:00:30+00:00,0.097,0.09,0.10475,0.08225
Hibernian Stadium,64.0,7.0,116.64,2025-07-17 07:15:30+00:00,0.10375,0.09725,0.11175,0.08975
Hibernian Stadium,64.0,7.0,116.64,2025-07-17 07:30:30+00:00,0.11275,0.10575,0.121,0.0985
Hibernian Stadium,64.0,7.0,116.64,2025-07-17 07:45:30+00:00,0.12325,0.1145,0.13,0.109
Hibernian Stadium,64.0,7.0,116.64,2025-07-17 08:00:30+00:00,0.12975,0.12275,0.138,0.116
Hibernian Stadium,64.0,7.0,116.64,2025-07-17 08:15:30+00:00,0.138,0.12875,0.14675,0.12475
Hibernian Stadium,64.0,7.0,116.64,2025-07-17 08:30:30+00:00,0.14525,0.131,0.1575,0.1325
Hibernian Stadium,64.0,7.0,116.64,2025-07-17 08:45:30+00:00,0.149,0.13025,0.16625,0.1375
Hibernian Stadium,64.0,7.0,116.64,2025-07-17 09:00:30+00:00,0.15025,0.128,0.169,0.1405
Hibernian Stadium,64.0,7.0,116.64,2025-07-17 09:15:30+00:00,0.14525,0.131,0.16825,0.138
Hibernian Stadium,64.0,7.0,116.64,2025-07-17 09:30:30+00:00,0.15525,0.13625,0.168,0.14775
Hibernian Stadium,64.0,7.0,116.64,2025-07-17 09:45:30+00:00,0.15425,0.14375,0.17075,0.14875
Hibernian Stadium,64.0,7.0,116.64,2025-07-17 10:00:30+00:00,0.164,0.14825,0.177,0.15875
Hibernian Stadium,64.0,7.0,116.64,2025-07-17 10:15:30+00:00,0.1685,0.151,0.18225,0.1645
Hibernian Stadium,64.0,7.0,116.64,2025-07-17 10:30:30+00:00,0.167,0.14775,0.19525,0.16425
Hibernian Stadium,64.0,7.0,116.64,2025-07-17 10:45:30+00:00,0.17825,0.13775,0.20625,0.17675
Hibernian Stadium,64.0,7.0,116.64,2025-07-17 11:00:30+00:00,0.17025,0.121,0.2115,0.16975
Hibernian Stadium,64.0,7.0,116.64,2025-07-17 11:15:30+00:00,0.14975,0.1045,0.20175,0.15075
Hibernian Stadium,64.0,7.0,116.64,2025-07-17 11:30:30+00:00,0.139,0.098,0.18725,0.14075
Hibernian Stadium,64.0,7.0,116.64,2025-07-17 11:45:30+00:00,0.1385,0.096,0.177,0.14075
Hibernian Stadium,64.0,7.0,116.64,2025-07-17 12:00:30+00:00,0.13125,0.0895,0.171,0.134
Hibernian Stadium,64.0,7.0,116.64,2025-07-17 12:15:30+00:00,0.1205,0.0765,0.16375,0.12325
Hibernian Stadium,64.0,7.0,116.64,2025-07-17 12:30:30+00:00,0.10825,0.06525,0.1515,0.11075
Hibernian Stadium,64.0,7.0,116.64,2025-07-17 12:45:30+00:00,0.096,0.063,0.13375,0.09825
Hibernian Stadium,64.0,7.0,116.64,2025-07-17 13:00:30+00:00,0.0905,0.06625,0.1175,0.09275
Hibernian Stadium,64.0,7.0,116.64,2025-07-17 13:15:30+00:00,0.089,0.0715,0.11,0.09125
Hibernian Stadium,64.0,7.0,116.64,2025-07-17 13:30:30+00:00,0.0925,0.064,0.11325,0.09525
Hibernian Stadium,64.0,7.0,116.64,2025-07-17 13:45:30+00:00,0.0845,0.05625,0.12175,0.087
Hibernian Stadium,64.0,7.0,116.64,2025-07-17 14:00:30+00:00,0.08925,0.0555,0.13525,0.0925
Hibernian Stadium,64.0,7.0,116.64,2025-07-17 14:15:30+00:00,0.11025,0.06425,0.1375,0.11675
Hibernian Stadium,64.0,7.0,116.64,2025-07-17 14:30:30+00:00,0.1045,0.06525,0.14425,0.11025
Hibernian Stadium,64.0,7.0,116.64,2025-07-17 14:45:30+00:00,0.0985,0.0465,0.13875,0.10425
Hibernian Stadium,64.0,7.0,116.64,2025-07-17 15:00:30+00:00,0.075,0.02275,0.13225,0.0785
Hibernian Stadium,64.0,7.0,116.64,2025-07-17 15:15:30+00:00,0.0585,0.012,0.111,0.06
Hibernian Stadium,64.0,7.0,116.64,2025-07-17 15:30:30+00:00,0.04175,0.01175,0.08625,0.04275
Hibernian Stadium,64.0,7.0,116.64,2025-07-17 15:45:30+00:00,0.03625,0.01375,0.06375,0.037
Hibernian Stadium,64.0,7.0,116.64,2025-07-17 16:00:30+00:00,0.03775,0.01925,0.05175,0.0385
Hibernian Stadium,64.0,7.0,116.64,2025-07-17 16:15:30+00:00,0.03225,0.02175,0.04725,0.03275
Hibernian Stadium,64.0,7.0,116.64,2025-07-17 16:30:30+00:00,0.03325,0.01825,0.04425,0.03375
Hibernian Stadium,64.0,7.0,116.64,2025-07-17 16:45:30+00:00,0.02825,0.015,0.04125,0.02875
Hibernian Stadium,64.0,7.0,116.64,2025-07-17 17:00:30+00:00,0.02275,0.0115,0.036,0.023
Hibernian Stadium,64.0,7.0,116.64,2025-07-17 17:15:30+00:00,0.02,0.01025,0.032,0.02025
Hibernian Stadium,64.0,7.0,116.64,2025-07-17 17:30:30+00:00,0.02025,0.01,0.03,0.0205
Hibernian Stadium,64.0,7.0,116.64,2025-07-17 17:45:30+00:00,0.01975,0.00775,0.029,0.02
Hibernian Stadium,64.0,7.0,116.64,2025-07-17 18:00:30+00:00,0.015,0.00525,0.027,0.01525
Hibernian Stadium,64.0,7.0,116.64,2025-07-17 18:15:30+00:00,0.0115,0.0045,0.02275,0.01175
Hibernian Stadium,64.0,7.0,116.64,2025-07-17 18:30:30+00:00,0.00675,0.00375,0.01825,0.007
Hibernian Stadium,64.0,7.0,116.64,2025-07-17 18:45:30+00:00,0.0055,0.00325,0.01475,0.0055
Hibernian Stadium,64.0,7.0,116.64,2025-07-17 19:00:30+00:00,0.00525,0.0025,0.013,0.0055
Hibernian Stadium,64.0,7.0,116.64,2025-07-17 19:15:30+00:00,0.00525,0.002,0.01125,0.00525
Hibernian Stadium,64.0,7.0,116.64,2025-07-17 19:30:30+00:00,0.00375,0.0015,0.00875,0.00375
Hibernian Stadium,64.0,7.0,116.64,2025-07-17 19:45:30+00:00,0.00225,0.001,0.0065,0.00225
Hibernian Stadium,64.0,7.0,116.64,2025-07-17 20:00:30+00:00,0.0015,0.00075,0.005,0.0015
Hibernian Stadium,64.0,7.0,116.64,2025-07-17 20:15:30+00:00,0.00125,0.00075,0.00375,0.00125
Hibernian Stadium,64.0,7.0,116.64,2025-07-17 20:30:30+00:00,0.00075,0.00025,0.00225,0.00075
Hibernian Stadium,64.0,7.0,116.64,2025-07-17 20:45:30+00:00,0.0,0.0,0.0,0.0
Hibernian Stadium,64.0,7.0,116.64,2025-07-17 21:00:30+00:00,0.0,0.0,0.0,0.0
Hibernian Stadium,64.0,7.0,116.64,2025-07-17 21:15:30+00:00,0.0,0.0,0.0,0.0
Hibernian Stadium,64.0,7.0,116.64,2025-07-17 21:30:30+00:00,0.0,0.0,0.0,0.0
Hibernian Stadium,64.0,7.0,116.64,2025-07-17 21:45:30+00:00,0.0,0.0,0.0,0.0
Hibernian Stadium,64.0,7.0,116.64,2025-07-17 22:00:30+00:00,0.0,0.0,0.0,0.0
Hibernian Stadium,64.0,7.0,116.64,2025-07-17 22:15:30+00:00,0.0,0.0,0.0,0.0
Hibernian Stadium,64.0,7.0,116.64,2025-07-17 22:30:30+00:00,0.0,0.0,0.0,0.0
Hibernian Stadium,64.0,7.0,116.64,2025-07-17 22:45:30+00:00,0.0,0.0,0.0,0.0
Hibernian Stadium,64.0,7.0,116.64,2025-07-17 23:00:30+00:00,0.0,0.0,0.0,0.0
Hibernian Stadium,64.0,7.0,116.64,2025-07-17 23:15:30+00:00,0.0,0.0,0.0,0.0
Hibernian Stadium,64.0,7.0,116.64,2025-07-17 23:30:30+00:00,0.0,0.0,0.0,0.0
Hibernian Stadium,64.0,7.0,116.64,2025-07-17 23:45:30+00:00,0.0,0.0,0.0,0.0
Hibernian Stadium,64.0,7.0,116.64,2025-07-18 00:00:30+00:00,0.0,0.0,0.0,0.0
Hibernian Stadium,64.0,7.0,116.64,2025-07-18 00:15:30+00:00,0.0,0.0,0.0,0.0
Hibernian Stadium,64.0,7.0,116.64,2025-07-18 00:30:30+00:00,0.0,0.0,0.0,0.0
Hibernian Stadium,64.0,7.0,116.64,2025-07-18 00:45:30+00:00,0.0,0.0,0.0,0.0
Hibernian Stadium,64.0,7.0,116.64,2025-07-18 01:00:30+00:00,0.0,0.0,0.0,0.0
Hibernian Stadium,64.0,7.0,116.64,2025-07-18 01:15:30+00:00,0.0,0.0,0.0,0.0
Hibernian Stadium,64.0,7.0,116.64,2025-07-18 01:30:30+00:00,0.0,0.0,0.0,0.0
Hibernian Stadium,64.0,7.0,116.64,2025-07-18 01:45:30+00:00,0.0,0.0,0.0,0.0
Hibernian Stadium,64.0,7.0,116.64,2025-07-18 02:00:30+00:00,0.0,0.0,0.0,0.0
Hibernian Stadium,64.0,7.0,116.64,2025-07-18 02:15:30+00:00,0.0,0.0,0.0,0.0
Hibernian Stadium,64.0,7.0,116.64,2025-07-18 02:30:30+00:00,0.0,0.0,0.0,0.0
Hibernian Stadium,64.0,7.0,116.64,2025-07-18 02:45:30+00:00,0.0,0.0,0.0,0.0
Hibernian Stadium,64.0,7.0,116.64,2025-07-18 03:00:30+00:00,0.0,0.0,0.0,0.0
Hibernian Stadium,64.0,7.0,116.64,2025-07-18 03:15:30+00:00,0.0,0.0,0.0,0.0
Hibernian Stadium,64.0,7.0,116.64,2025-07-18 03:30:30+00:00,0.0,0.0,0.0,0.0
Hibernian Stadium,64.0,7.0,116.64,2025-07-18 03:45:30+00:00,0.0,0.0,0.0,0.0
Hibernian Stadium,64.0,7.0,116.64,2025-07-18 04:00:30+00:00,0.00025,0.0,0.00075,0.00025
Hibernian Stadium,64.0,7.0,116.64,2025-07-18 04:15:30+00:00,0.00075,0.00025,0.00275,0.00075
Hibernian Stadium,64.0,7.0,116.64,2025-07-18 04:30:30+00:00,0.00175,0.00075,0.00475,0.00175
Hibernian Stadium,64.0,7.0,116.64,2025-07-18 04:45:30+00:00,0.00125,0.00125,0.0055,0.0015
Hibernian Stadium,64.0,7.0,116.64,2025-07-18 05:00:30+00:00,0.0015,0.001,0.006,0.0015
Hibernian Stadium,64.0,7.0,116.64,2025-07-18 05:15:30+00:00,0.0085,0.00225,0.02725,0.0085
Hibernian Stadium,64.0,7.0,116.64,2025-07-18 05:30:30+00:00,0.03025,0.0065,0.048,0.0255
Hibernian Stadium,64.0,7.0,116.64,2025-07-18 05:45:30+00:00,0.04925,0.017,0.06125,0.0395
Hibernian Stadium,64.0,7.0,116.64,2025-07-18 06:00:30+00:00,0.04975,0.0145,0.06875,0.042
Hibernian Stadium,64.0,7.0,116.64,2025-07-18 06:15:30+00:00,0.03225,0.008,0.06725,0.03025
Hibernian Stadium,64.0,7.0,116.64,2025-07-18 06:30:30+00:00,0.0345,0.01375,0.078,0.033
Hibernian Stadium,64.0,7.0,116.64,2025-07-18 06:45:30+00:00,0.0785,0.0255,0.09975,0.06825
Hibernian Stadium,64.0,7.0,116.64,2025-07-18 07:00:30+00:00,0.07375,0.02875,0.107,0.0665
Hibernian Stadium,64.0,7.0,116.64,2025-07-18 07:15:30+00:00,0.05575,0.0175,0.1025,0.053
Hibernian Stadium,64.0,7.0,116.64,2025-07-18 07:30:30+00:00,0.05225,0.017,0.0945,0.051
Hibernian Stadium,64.0,7.0,116.64,2025-07-18 07:45:30+00:00,0.06125,0.0175,0.09025,0.059
Hibernian Stadium,64.0,7.0,116.64,2025-07-18 08:00:30+00:00,0.04575,0.017,0.0815,0.04525
Hibernian Stadium,64.0,7.0,116.64,2025-07-18 08:15:30+00:00,0.04175,0.0135,0.073,0.04175
Hibernian Stadium,64.0,7.0,116.64,2025-07-18 08:30:30+00:00,0.042,0.01275,0.07175,0.042
Hibernian Stadium,64.0,7.0,116.64,2025-07-18 08:45:30+00:00,0.0425,0.01175,0.0825,0.0425
Hibernian Stadium,64.0,7.0,116.64,2025-07-18 09:00:30+00:00,0.038,0.01225,0.107,0.038
Hibernian Stadium,64.0,7.0,116.64,2025-07-18 09:15:30+00:00,0.06675,0.01325,0.14875,0.06575
Hibernian Stadium,64.0,7.0,116.64,2025-07-18 09:30:30+00:00,0.1165,0.02325,0.1615,0.113
Hibernian Stadium,64.0,7.0,116.64,2025-07-18 09:45:30+00:00,0.0735,0.01475,0.158,0.07225
Hibernian Stadium,64.0,7.0,116.64,2025-07-18 10:00:30+00:00,0.058,0.0145,0.126,0.058
Hibernian Stadium,64.0,7.0,116.64,2025-07-18 10:15:30+00:00,0.06775,0.01475,0.11225,0.068
Hibernian Stadium,64.0,7.0,116.64,2025-07-18 10:30:30+00:00,0.05175,0.015,0.10925,0.052
Hibernian Stadium,64.0,7.0,116.64,2025-07-18 10:45:30+00:00,0.05725,0.01525,0.13075,0.05775
Hibernian Stadium,64.0,7.0,116.64,2025-07-18 11:00:30+00:00,0.0955,0.02225,0.15975,0.09575
Hibernian Stadium,64.0,7.0,116.64,2025-07-18 11:15:30+00:00,0.119,0.036,0.17525,0.11975
Hibernian Stadium,64.0,7.0,116.64,2025-07-18 11:30:30+00:00,0.10075,0.04225,0.1805,0.10175
Hibernian Stadium,64.0,7.0,116.64,2025-07-18 11:45:30+00:00,0.11375,0.0565,0.1965,0.11525
Hibernian Stadium,64.0,7.0,116.64,2025-07-18 12:00:30+00:00,0.1625,0.0585,0.19375,0.1665
Hibernian Stadium,64.0,7.0,116.64,2025-07-18 12:15:30+00:00,0.10275,0.061,0.19525,0.105
Hibernian Stadium,64.0,7.0,116.64,2025-07-18 12:30:30+00:00,0.11775,0.05575,0.18675,0.121
Hibernian Stadium,64.0,7.0,116.64,2025-07-18 12:45:30+00:00,0.14125,0.0795,0.19725,0.14675
Hibernian Stadium,64.0,7.0,116.64,2025-07-18 13:00:30+00:00,0.1545,0.0945,0.201,0.16225
Hibernian Stadium,64.0,7.0,116.64,2025-07-18 13:15:30+00:00,0.14775,0.092,0.189,0.15575
Hibernian Stadium,64.0,7.0,116.64,2025-07-18 13:30:30+00:00,0.12,0.07675,0.173,0.1255
Hibernian Stadium,64.0,7.0,116.64,2025-07-18 13:45:30+00:00,0.10575,0.0745,0.15025,0.11025
Hibernian Stadium,64.0,7.0,116.64,2025-07-18 14:00:30+00:00,0.1095,0.07925,0.134,0.11525
Hibernian Stadium,64.0,7.0,116.64,2025-07-18 14:15:30+00:00,0.1055,0.086,0.12975,0.111
Hibernian Stadium,64.0,7.0,116.64,2025-07-18 14:30:30+00:00,0.10725,0.07675,0.12625,0.114
Hibernian Stadium,64.0,7.0,116.64,2025-07-18 14:45:30+00:00,0.09325,0.0665,0.12175,0.09825
Hibernian Stadium,64.0,7.0,116.64,2025-07-18 15:00:30+00:00,0.081,0.055,0.11275,0.08475
Hibernian Stadium,64.0,7.0,116.64,2025-07-18 15:15:30+00:00,0.07625,0.04475,0.1145,0.08
Hibernian Stadium,64.0,7.0,116.64,2025-07-18 15:30:30+00:00,0.08025,0.04175,0.123,0.085
Hibernian Stadium,64.0,7.0,116.64,2025-07-18 15:45:30+00:00,0.08875,0.04725,0.13075,0.0965
Hibernian Stadium,64.0,7.0,116.64,2025-07-18 16:00:30+00:00,0.09675,0.05925,0.1245,0.10825
Hibernian Stadium,64.0,7.0,116.64,2025-07-18 16:15:30+00:00,0.092,0.068,0.115,0.1035
Hibernian Stadium,64.0,7.0,116.64,2025-07-18 16:30:30+00:00,0.0855,0.06725,0.10125,0.09725
Hibernian Stadium,64.0,7.0,116.64,2025-07-18 16:45:30+00:00,0.0765,0.0595,0.09125,0.08575
Hibernian Stadium,64.0,7.0,116.64,2025-07-18 17:00:30+00:00,0.0635,0.05,0.085,0.07075
Hibernian Stadium,64.0,7.0,116.64,2025-07-18 17:15:30+00:00,0.06025,0.0425,0.08125,0.068
Hibernian Stadium,64.0,7.0,116.64,2025-07-18 17:30:30+00:00,0.06,0.03975,0.078,0.07025
Hibernian Stadium,64.0,7.0,116.64,2025-07-18 17:45:30+00:00,0.05625,0.04,0.06725,0.0685
Hibernian Stadium,64.0,7.0,116.64,2025-07-18 18:00:30+00:00,0.0505,0.039,0.05775,0.06325
Hibernian Stadium,64.0,7.0,116.64,2025-07-18 18:15:30+00:00,0.0435,0.0355,0.0495,0.0555
Hibernian Stadium,64.0,7.0,116.64,2025-07-18 18:30:30+00:00,0.0365,0.029,0.042,0.04675
Hibernian Stadium,64.0,7.0,116.64,2025-07-18 18:45:30+00:00,0.02875,0.023,0.0355,0.0365
Hibernian Stadium,64.0,7.0,116.64,2025-07-18 19:00:30+00:00,0.02325,0.0165,0.02825,0.02975
Hibernian Stadium,64.0,7.0,116.64,2025-07-18 19:15:30+00:00,0.01725,0.0115,0.02175,0.0225
Hibernian Stadium,64.0,7.0,116.64,2025-07-18 19:30:30+00:00,0.012,0.0075,0.01625,0.0155
Hibernian Stadium,64.0,7.0,116.64,2025-07-18 19:45:30+00:00,0.008,0.00475,0.0115,0.00925
Hibernian Stadium,64.0,7.0,116.64,2025-07-18 20:00:30+00:00,0.006,0.003,0.00925,0.00675
Hibernian Stadium,64.0,7.0,116.64,2025-07-18 20:15:30+00:00,0.00475,0.002,0.007,0.0055
Hibernian Stadium,64.0,7.0,116.64,2025-07-18 20:30:30+00:00,0.003,0.00125,0.00425,0.003
Hibernian Stadium,64.0,7.0,116.64,2025-07-18 20:45:30+00:00,0.0,0.0,0.0,0.0
Hibernian Stadium,64.0,7.0,116.64,2025-07-18 21:00:30+00:00,0.0,0.0,0.0,0.0
Hibernian Stadium,64.0,7.0,116.64,2025-07-18 21:15:30+00:00,0.0,0.0,0.0,0.0
Hibernian Stadium,64.0,7.0,116.64,2025-07-18 21:30:30+00:00,0.0,0.0,0.0,0.0
Hibernian Stadium,64.0,7.0,116.64,2025-07-18 21:45:30+00:00,0.0,0.0,0.0,0.0
Hibernian Stadium,64.0,7.0,116.64,2025-07-18 22:00:30+00:00,0.0,0.0,0.0,0.0
Hibernian Stadium,64.0,7.0,116.64,2025-07-18 22:15:30+00:00,0.0,0.0,0.0,0.0
Hibernian Stadium,64.0,7.0,116.64,2025-07-18 22:30:30+00:00,0.0,0.0,0.0,0.0
Hibernian Stadium,64.0,7.0,116.64,2025-07-18 22:45:30+00:00,0.0,0.0,0.0,0.0
Hibernian Stadium,64.0,7.0,116.64,2025-07-18 23:00:30+00:00,0.0,0.0,0.0,0.0
Hibernian Stadium,64.0,7.0,116.64,2025-07-18 23:15:30+00:00,0.0,0.0,0.0,0.0
Hibernian Stadium,64.0,7.0,116.64,2025-07-18 23:30:30+00:00,0.0,0.0,0.0,0.0
Hibernian Stadium,64.0,7.0,116.64,2025-07-18 23:45:30+00:00,0.0,0.0,0.0,0.0
Hibernian Stadium,64.0,7.0,116.64,2025-07-19 00:00:30+00:00,0.0,0.0,0.0,0.0
Hibernian Stadium,64.0,7.0,116.64,2025-07-19 00:15:30+00:00,0.0,0.0,0.0,0.0
Hibernian Stadium,64.0,7.0,116.64,2025-07-19 00:30:30+00:00,0.0,0.0,0.0,0.0
Hibernian Stadium,64.0,7.0,116.64,2025-07-19 00:45:30+00:00,0.0,0.0,0.0,0.0
Hibernian Stadium,64.0,7.0,116.64,2025-07-19 01:00:30+00:00,0.0,0.0,0.0,0.0
Hibernian Stadium,64.0,7.0,116.64,2025-07-19 01:15:30+00:00,0.0,0.0,0.0,0.0
Hibernian Stadium,64.0,7.0,116.64,2025-07-19 01:30:30+00:00,0.0,0.0,0.0,0.0
Hibernian Stadium,64.0,7.0,116.64,2025-07-19 01:45:30+00:00,0.0,0.0,0.0,0.0
Hibernian Stadium,64.0,7.0,116.64,2025-07-19 02:00:30+00:00,0.0,0.0,0.0,0.0
Hibernian Stadium,64.0,7.0,116.64,2025-07-19 02:15:30+00:00,0.0,0.0,0.0,0.0
Hibernian Stadium,64.0,7.0,116.64,2025-07-19 02:30:30+00:00,0.0,0.0,0.0,0.0
Hibernian Stadium,64.0,7.0,116.64,2025-07-19 02:45:30+00:00,0.0,0.0,0.0,0.0
Hibernian Stadium,64.0,7.0,116.64,2025-07-19 03:00:30+00:00,0.0,0.0,0.0,0.0
Hibernian Stadium,64.0,7.0,116.64,2025-07-19 03:15:30+00:00,0.0,0.0,0.0,0.0
Hibernian Stadium,64.0,7.0,116.64,2025-07-19 03:30:30+00:00,0.0,0.0,0.0,0.0
Hibernian Stadium,64.0,7.0,116.64,2025-07-19 03:45:30+00:00,0.0,0.0,0.0,0.0
Hibernian Stadium,64.0,7.0,116.64,2025-07-19 04:00:30+00:00,0.00025,0.0,0.001,0.00025
Hibernian Stadium,64.0,7.0,116.64,2025-07-19 04:15:30+00:00,0.00125,0.00025,0.0035,0.00125
Hibernian Stadium,64.0,7.0,116.64,2025-07-19 04:30:30+00:00,0.00325,0.00075,0.006,0.0035
Hibernian Stadium,64.0,7.0,116.64,2025-07-19 04:45:30+00:00,0.00225,0.001,0.0085,0.00225
Hibernian Stadium,64.0,7.0,116.64,2025-07-19 05:00:30+00:00,0.00225,0.00175,0.00875,0.00225
Hibernian Stadium,64.0,7.0,116.64,2025-07-19 05:15:30+00:00,0.0025,0.00225,0.01,0.0025
Hibernian Stadium,64.0,7.0,116.64,2025-07-19 05:30:30+00:00,0.0075,0.00275,0.0165,0.0075
Hibernian Stadium,64.0,7.0,116.64,2025-07-19 05:45:30+00:00,0.00925,0.0035,0.0215,0.00925
Hibernian Stadium,64.0,7.0,116.64,2025-07-19 06:00:30+00:00,0.01475,0.004,0.02425,0.015
Hibernian Stadium,64.0,7.0,116.64,2025-07-19 06:15:30+00:00,0.01475,0.00475,0.028,0.015
Hibernian Stadium,64.0,7.0,116.64,2025-07-19 06:30:30+00:00,0.013,0.00525,0.035,0.013
Hibernian Stadium,64.0,7.0,116.64,2025-07-19 06:45:30+00:00,0.023,0.006,0.0475,0.023
Hibernian Stadium,64.0,7.0,116.64,2025-07-19 07:00:30+00:00,0.03775,0.01225,0.058,0.037
Hibernian Stadium,64.0,7.0,116.64,2025-07-19 07:15:30+00:00,0.044,0.01675,0.0675,0.04325
Hibernian Stadium,64.0,7.0,116.64,2025-07-19 07:30:30+00:00,0.044,0.0185,0.074,0.04325
Hibernian Stadium,64.0,7.0,116.64,2025-07-19 07:45:30+00:00,0.051,0.026,0.09325,0.05025
Hibernian Stadium,64.0,7.0,116.64,2025-07-19 08:00:30+00:00,0.0875,0.0365,0.1155,0.082
Hibernian Stadium,64.0,7.0,116.64,2025-07-19 08:15:30+00:00,0.08475,0.034,0.12825,0.081
Hibernian Stadium,64.0,7.0,116.64,2025-07-19 08:30:30+00:00,0.07125,0.01425,0.127,0.0695
Hibernian Stadium,64.0,7.0,116.64,2025-07-19 08:45:30+00:00,0.0555,0.0115,0.11775,0.05525
Hibernian Stadium,64.0,7.0,116.64,2025-07-19 09:00:30+00:00,0.044,0.012,0.1015,0.04425
Hibernian Stadium,64.0,7.0,116.64,2025-07-19 09:15:30+00:00,0.03375,0.0125,0.082,0.034
Hibernian Stadium,64.0,7.0,116.64,2025-07-19 09:30:30+00:00,0.025,0.013,0.06375,0.02525
Hibernian Stadium,64.0,7.0,116.64,2025-07-19 09:45:30+00:00,0.02125,0.0135,0.04975,0.0215
Hibernian Stadium,64.0,7.0,116.64,2025-07-19 10:00:30+00:00,0.01925,0.01375,0.0425,0.01925
Hibernian Stadium,64.0,7.0,116.64,2025-07-19 10:15:30+00:00,0.02275,0.01425,0.04025,0.02275
Hibernian Stadium,64.0,7.0,116.64,2025-07-19 10:30:30+00:00,0.021,0.0145,0.0415,0.02125
Hibernian Stadium,64.0,7.0,116.64,2025-07-19 10:45:30+00:00,0.0195,0.015,0.0455,0.01975
Hibernian Stadium,64.0,7.0,116.64,2025-07-19 11:00:30+00:00,0.0265,0.01525,0.053,0.02675
Hibernian Stadium,64.0,7.0,116.64,2025-07-19 11:15:30+00:00,0.03125,0.0155,0.06225,0.0315
Hibernian Stadium,64.0,7.0,116.64,2025-07-19 11:30:30+00:00,0.03575,0.0155,0.06875,0.03625
Hibernian Stadium,64.0,7.0,116.64,2025-07-19 11:45:30+00:00,0.04275,0.01575,0.07425,0.04325
Hibernian Stadium,64.0,7.0,116.64,2025-07-19 12:00:30+00:00,0.05125,0.0205,0.07525,0.05175
Hibernian Stadium,64.0,7.0,116.64,2025-07-19 12:15:30+00:00,0.0495,0.027,0.0765,0.05
Hibernian Stadium,64.0,7.0,116.64,2025-07-19 12:30:30+00:00,0.05425,0.02775,0.07525,0.05475
Hibernian Stadium,64.0,7.0,116.64,2025-07-19 12:45:30+00:00,0.05075,0.024,0.075,0.05125
Hibernian Stadium,64.0,7.0,116.64,2025-07-19 13:00:30+00:00,0.0435,0.0175,0.071,0.044
Hibernian Stadium,64.0,7.0,116.64,2025-07-19 13:15:30+00:00,0.03825,0.01525,0.064,0.03875
Hibernian Stadium,64.0,7.0,116.64,2025-07-19 13:30:30+00:00,0.03475,0.015,0.059,0.035
Hibernian Stadium,64.0,7.0,116.64,2025-07-19 13:45:30+00:00,0.0345,0.01475,0.05775,0.035
Hibernian Stadium,64.0,7.0,116.64,2025-07-19 14:00:30+00:00,0.03525,0.01425,0.056,0.03575
Hibernian Stadium,64.0,7.0,116.64,2025-07-19 14:15:30+00:00,0.0255,0.014,0.0515,0.026
Hibernian Stadium,64.0,7.0,116.64,2025-07-19 14:30:30+00:00,0.0195,0.01375,0.0455,0.0195
Hibernian Stadium,64.0,7.0,116.64,2025-07-19 14:45:30+00:00,0.0205,0.01325,0.0455,0.02075
Hibernian Stadium,64.0,7.0,116.64,2025-07-19 15:00:30+00:00,0.0285,0.01275,0.0475,0.02875
Hibernian Stadium,64.0,7.0,116.64,2025-07-19 15:15:30+00:00,0.0285,0.012,0.048,0.02875
Hibernian Stadium,64.0,7.0,116.64,2025-07-19 15:30:30+00:00,0.023,0.0115,0.04325,0.02325
Hibernian Stadium,64.0,7.0,116.64,2025-07-19 15:45:30+00:00,0.01475,0.011,0.038,0.015
Hibernian Stadium,64.0,7.0,116.64,2025-07-19 16:00:30+00:00,0.01225,0.0105,0.0345,0.0125
Hibernian Stadium,64.0,7.0,116.64,2025-07-19 16:15:30+00:00,0.01425,0.00975,0.03675,0.0145
Hibernian Stadium,64.0,7.0,116.64,2025-07-19 16:30:30+00:00,0.02325,0.009,0.037,0.02375
Hibernian Stadium,64.0,7.0,116.64,2025-07-19 16:45:30+00:00,0.0195,0.0085,0.0345,0.0195
Hibernian Stadium,64.0,7.0,116.64,2025-07-19 17:00:30+00:00,0.01525,0.00775,0.029,0.0155
Hibernian Stadium,64.0,7.0,116.64,2025-07-19 17:15:30+00:00,0.01625,0.007,0.02575,0.0165
Hibernian Stadium,64.0,7.0,116.64,2025-07-19 17:30:30+00:00,0.01375,0.0065,0.02725,0.01375
Hibernian Stadium,64.0,7.0,116.64,2025-07-19 17:45:30+00:00,0.01075,0.00575,0.02925,0.01075
Hibernian Stadium,64.0,7.0,116.64,2025-07-19 18:00:30+00:00,0.0145,0.005,0.033,0.01475
Hibernian Stadium,64.0,7.0,116.64,2025-07-19 18:15:30+00:00,0.01975,0.00425,0.02975,0.02075
Hibernian Stadium,64.0,7.0,116.64,2025-07-19 18:30:30+00:00,0.01075,0.00375,0.02825,0.01125
Hibernian Stadium,64.0,7.0,116.64,2025-07-19 18:45:30+00:00,0.013,0.003,0.024,0.0135
Hibernian Stadium,64.0,7.0,116.64,2025-07-19 19:00:30+00:00,0.01275,0.0025,0.02325,0.01325
Hibernian Stadium,64.0,7.0,116.64,2025-07-19 19:15:30+00:00,0.0115,0.00225,0.01925,0.01175
Hibernian Stadium,64.0,7.0,116.64,2025-07-19 19:30:30+00:00,0.007,0.00125,0.014,0.007
Hibernian Stadium,64.0,7.0,116.64,2025-07-19 19:45:30+00:00,0.00275,0.001,0.009,0.00275
Hibernian Stadium,64.0,7.0,116.64,2025-07-19 20:00:30+00:00,0.0015,0.00075,0.0055,0.0015
Hibernian Stadium,64.0,7.0,116.64,2025-07-19 20:15:30+00:00,0.00125,0.0005,0.00375,0.00125
Hibernian Stadium,64.0,7.0,116.64,2025-07-19 20:30:30+00:00,0.00075,0.00025,0.002,0.00075
Hibernian Stadium,64.0,7.0,116.64,2025-07-19 20:45:30+00:00,0.0,0.0,0.0,0.0
Hibernian Stadium,64.0,7.0,116.64,2025-07-19 21:00:30+00:00,0.0,0.0,0.0,0.0
Hibernian Stadium,64.0,7.0,116.64,2025-07-19 21:15:30+00:00,0.0,0.0,0.0,0.0
Hibernian Stadium,64.0,7.0,116.64,2025-07-19 21:30:30+00:00,0.0,0.0,0.0,0.0
Hibernian Stadium,64.0,7.0,116.64,2025-07-19 21:45:30+00:00,0.0,0.0,0.0,0.0
Hibernian Stadium,64.0,7.0,116.64,2025-07-19 22:00:30+00:00,0.0,0.0,0.0,0.0
Hibernian Stadium,64.0,7.0,116.64,2025-07-19 22:15:30+00:00,0.0,0.0,0.0,0.0
Hibernian Stadium,64.0,7.0,116.64,2025-07-19 22:30:30+00:00,0.0,0.0,0.0,0.0
Hibernian Stadium,64.0,7.0,116.64,2025-07-19 22:45:30+00:00,0.0,0.0,0.0,0.0
Hibernian Stadium,64.0,7.0,116.64,2025-07-19 23:00:30+00:00,0.0,0.0,0.0,0.0
Hibernian Stadium,64.0,7.0,116.64,2025-07-19 23:15:30+00:00,0.0,0.0,0.0,0.0
Hibernian Stadium,64.0,7.0,116.64,2025-07-19 23:30:30+00:00,0.0,0.0,0.0,0.0
Hibernian Stadium,64.0,7.0,116.64,2025-07-19 23:45:30+00:00,0.0,0.0,0.0,0.0
Hibernian Stadium,64.0,7.0,116.64,2025-07-20 00:00:30+00:00,0.0,0.0,0.0,0.0
Hibernian Stadium,64.0,7.0,116.64,2025-07-20 00:15:30+00:00,0.0,0.0,0.0,0.0
Hibernian Stadium,64.0,7.0,116.64,2025-07-20 00:30:30+00:00,0.0,0.0,0.0,0.0
Hibernian Stadium,64.0,7.0,116.64,2025-07-20 00:45:30+00:00,0.0,0.0,0.0,0.0
Hibernian Stadium,64.0,7.0,116.64,2025-07-20 01:00:30+00:00,0.0,0.0,0.0,0.0
Hibernian Stadium,64.0,7.0,116.64,2025-07-20 01:15:30+00:00,0.0,0.0,0.0,0.0
Hibernian Stadium,64.0,7.0,116.64,2025-07-20 01:30:30+00:00,0.0,0.0,0.0,0.0
Hibernian Stadium,64.0,7.0,116.64,2025-07-20 01:45:30+00:00,0.0,0.0,0.0,0.0
Hibernian Stadium,64.0,7.0,116.64,2025-07-20 02:00:30+00:00,0.0,0.0,0.0,0.0
Hibernian Stadium,64.0,7.0,116.64,2025-07-20 02:15:30+00:00,0.0,0.0,0.0,0.0
Hibernian Stadium,64.0,7.0,116.64,2025-07-20 02:30:30+00:00,0.0,0.0,0.0,0.0
Hibernian Stadium,64.0,7.0,116.64,2025-07-20 02:45:30+00:00,0.0,0.0,0.0,0.0
Hibernian Stadium,64.0,7.0,116.64,2025-07-20 03:00:30+00:00,0.0,0.0,0.0,0.0
Hibernian Stadium,64.0,7.0,116.64,2025-07-20 03:15:30+00:00,0.0,0.0,0.0,0.0
Hibernian Stadium,64.0,7.0,116.64,2025-07-20 03:30:30+00:00,0.0,0.0,0.0,0.0
Hibernian Stadium,64.0,7.0,116.64,2025-07-20 03:45:30+00:00,0.0,0.0,0.0,0.0
Hibernian Stadium,64.0,7.0,116.64,2025-07-20 04:00:30+00:00,0.0,0.0,0.00025,0.0
Hibernian Stadium,64.0,7.0,116.64,2025-07-20 04:15:30+00:00,0.00025,0.00025,0.00125,0.00025
Hibernian Stadium,64.0,7.0,116.64,2025-07-20 04:30:30+00:00,0.00075,0.00075,0.003,0.00075
Hibernian Stadium,64.0,7.0,116.64,2025-07-20 04:45:30+00:00,0.00425,0.001,0.0095,0.00425
Hibernian Stadium,64.0,7.0,116.64,2025-07-20 05:00:30+00:00,0.007,0.0015,0.0135,0.007
Hibernian Stadium,64.0,7.0,116.64,2025-07-20 05:15:30+00:00,0.0085,0.00225,0.01575,0.0085
Hibernian Stadium,64.0,7.0,116.64,2025-07-20 05:30:30+00:00,0.00675,0.00275,0.01725,0.00675
Hibernian Stadium,64.0,7.0,116.64,2025-07-20 05:45:30+00:00,0.00925,0.00325,0.01925,0.00925
Hibernian Stadium,64.0,7.0,116.64,2025-07-20 06:00:30+00:00,0.0135,0.004,0.02175,0.0135
Hibernian Stadium,64.0,7.0,116.64,2025-07-20 06:15:30+00:00,0.01375,0.0055,0.02375,0.014
Hibernian Stadium,64.0,7.0,116.64,2025-07-20 06:30:30+00:00,0.01625,0.008,0.026,0.0165
Hibernian Stadium,64.0,7.0,116.64,2025-07-20 06:45:30+00:00,0.02075,0.0115,0.029,0.021
Hibernian Stadium,64.0,7.0,116.64,2025-07-20 07:00:30+00:00,0.0235,0.014,0.03175,0.0235
Hibernian Stadium,64.0,7.0,116.64,2025-07-20 07:15:30+00:00,0.024,0.015,0.0345,0.024
Hibernian Stadium,64.0,7.0,116.64,2025-07-20 07:30:30+00:00,0.0265,0.0165,0.03825,0.0265
Hibernian Stadium,64.0,7.0,116.64,2025-07-20 07:45:30+00:00,0.03175,0.0195,0.04375,0.03175
Hibernian Stadium,64.0,7.0,116.64,2025-07-20 08:00:30+00:00,0.0365,0.02275,0.04775,0.0365
Hibernian Stadium,64.0,7.0,116.64,2025-07-20 08:15:30+00:00,0.037,0.02575,0.05125,0.03725
Hibernian Stadium,64.0,7.0,116.64,2025-07-20 08:30:30+00:00,0.04175,0.02875,0.05425,0.04175
Hibernian Stadium,64.0,7.0,116.64,2025-07-20 08:45:30+00:00,0.0455,0.032,0.05775,0.0455
Hibernian Stadium,64.0,7.0,116.64,2025-07-20 09:00:30+00:00,0.04725,0.03375,0.06075,0.04725
Hibernian Stadium,64.0,7.0,116.64,2025-07-20 09:15:30+00:00,0.04875,0.035,0.063,0.04875
Hibernian Stadium,64.0,7.0,116.64,2025-07-20 09:30:30+00:00,0.0505,0.03475,0.0645,0.05075
Hibernian Stadium,64.0,7.0,116.64,2025-07-20 09:45:30+00:00,0.0495,0.036,0.06675,0.04975
Hibernian Stadium,64.0,7.0,116.64,2025-07-20 10:00:30+00:00,0.0535,0.03625,0.06825,0.05375
Hibernian Stadium,64.0,7.0,116.64,2025-07-20 10:15:30+00:00,0.0535,0.03025,0.076,0.05375
Hibernian Stadium,64.0,7.0,116.64,2025-07-20 10:30:30+00:00,0.052,0.0155,0.09175,0.05225
Hibernian Stadium,64.0,7.0,116.64,2025-07-20 10:45:30+00:00,0.055,0.015,0.11675,0.0555
Hibernian Stadium,64.0,7.0,116.64,2025-07-20 11:00:30+00:00,0.08275,0.02175,0.145,0.083
Hibernian Stadium,64.0,7.0,116.64,2025-07-20 11:15:30+00:00,0.11125,0.0495,0.15475,0.112
Hibernian Stadium,64.0,7.0,116.64,2025-07-20 11:30:30+00:00,0.1115,0.06375,0.14625,0.11275
Hibernian Stadium,64.0,7.0,116.64,2025-07-20 11:45:30+00:00,0.09225,0.06325,0.13525,0.0935
Hibernian Stadium,64.0,7.0,116.64,2025-07-20 12:00:30+00:00,0.0935,0.045,0.149,0.095
Hibernian Stadium,64.0,7.0,116.64,2025-07-20 12:15:30+00:00,0.1045,0.03975,0.1785,0.1065
Hibernian Stadium,64.0,7.0,116.64,2025-07-20 12:30:30+00:00,0.12775,0.05575,0.2095,0.13175
Hibernian Stadium,64.0,7.0,116.64,2025-07-20 12:45:30+00:00,0.163,0.076,0.20575,0.1705
Hibernian Stadium,64.0,7.0,116.64,2025-07-20 13:00:30+00:00,0.14425,0.076,0.2,0.15125
Hibernian Stadium,64.0,7.0,116.64,2025-07-20 13:15:30+00:00,0.10725,0.06425,0.17825,0.11125
Hibernian Stadium,64.0,7.0,116.64,2025-07-20 13:30:30+00:00,0.10925,0.06475,0.15825,0.1135
Hibernian Stadium,64.0,7.0,116.64,2025-07-20 13:45:30+00:00,0.1165,0.06925,0.14175,0.12275
Hibernian Stadium,64.0,7.0,116.64,2025-07-20 14:00:30+00:00,0.09225,0.069,0.134,0.096
Hibernian Stadium,64.0,7.0,116.64,2025-07-20 14:15:30+00:00,0.0935,0.05525,0.1315,0.09775
Hibernian Stadium,64.0,7.0,116.64,2025-07-20 14:30:30+00:00,0.0935,0.044,0.1305,0.09825
Hibernian Stadium,64.0,7.0,116.64,2025-07-20 14:45:30+00:00,0.075,0.0275,0.1185,0.078
Hibernian Stadium,64.0,7.0,116.64,2025-07-20 15:00:30+00:00,0.05,0.0125,0.106,0.05125
Hibernian Stadium,64.0,7.0,116.64,2025-07-20 15:15:30+00:00,0.049,0.012,0.09675,0.05025
Hibernian Stadium,64.0,7.0,116.64,2025-07-20 15:30:30+00:00,0.05425,0.01125,0.0845,0.05575
Hibernian Stadium,64.0,7.0,116.64,2025-07-20 15:45:30+00:00,0.0225,0.011,0.07025,0.02275
Hibernian Stadium,64.0,7.0,116.64,2025-07-20 16:00:30+00:00,0.0185,0.0105,0.06225,0.01875
Hibernian Stadium,64.0,7.0,116.64,2025-07-20 16:15:30+00:00,0.03,0.00975,0.063,0.0305
Hibernian Stadium,64.0,7.0,116.64,2025-07-20 16:30:30+00:00,0.028,0.009,0.068,0.0285
Hibernian Stadium,64.0,7.0,116.64,2025-07-20 16:45:30+00:00,0.0435,0.00875,0.058,0.04575
Hibernian Stadium,64.0,7.0,116.64,2025-07-20 17:00:30+00:00,0.02275,0.00775,0.052,0.02325
Hibernian Stadium,64.0,7.0,116.64,2025-07-20 17:15:30+00:00,0.02075,0.007,0.043,0.021
Hibernian Stadium,64.0,7.0,116.64,2025-07-20 17:30:30+00:00,0.02725,0.00725,0.038,0.028
Hibernian Stadium,64.0,7.0,116.64,2025-07-20 17:45:30+00:00,0.02025,0.01075,0.036,0.02075
Hibernian Stadium,64.0,7.0,116.64,2025-07-20 18:00:30+00:00,0.02175,0.00675,0.033,0.02225
Hibernian Stadium,64.0,7.0,116.64,2025-07-20 18:15:30+00:00,0.0175,0.00575,0.0335,0.018
Hibernian Stadium,64.0,7.0,116.64,2025-07-20 18:30:30+00:00,0.01875,0.00375,0.02875,0.01925
Hibernian Stadium,64.0,7.0,116.64,2025-07-20 18:45:30+00:00,0.00775,0.003,0.0235,0.008
Hibernian Stadium,64.0,7.0,116.64,2025-07-20 19:00:30+00:00,0.005,0.0025,0.0165,0.005
Hibernian Stadium,64.0,7.0,116.64,2025-07-20 19:15:30+00:00,0.006,0.002,0.0125,0.006
Hibernian Stadium,64.0,7.0,116.64,2025-07-20 19:30:30+00:00,0.00375,0.00125,0.009,0.00375
Hibernian Stadium,64.0,7.0,116.64,2025-07-20 19:45:30+00:00,0.0015,0.001,0.006,0.0015
Hibernian Stadium,64.0,7.0,116.64,2025-07-20 20:00:30+00:00,0.001,0.00075,0.00375,0.001
Hibernian Stadium,64.0,7.0,116.64,2025-07-20 20:15:30+00:00,0.0005,0.00025,0.00225,0.0005
Hibernian Stadium,64.0,7.0,116.64,2025-07-20 20:30:30+00:00,0.0,0.0,0.0005,0.0
Hibernian Stadium,64.0,7.0,116.64,2025-07-20 20:45:30+00:00,0.0,0.0,0.0,0.0
Hibernian Stadium,64.0,7.0,116.64,2025-07-20 21:00:30+00:00,0.0,0.0,0.0,0.0
Hibernian Stadium,64.0,7.0,116.64,2025-07-20 21:15:30+00:00,0.0,0.0,0.0,0.0
Hibernian Stadium,64.0,7.0,116.64,2025-07-20 21:30:30+00:00,0.0,0.0,0.0,0.0
Hibernian Stadium,64.0,7.0,116.64,2025-07-20 21:45:30+00:00,0.0,0.0,0.0,0.0
Hibernian Stadium,64.0,7.0,116.64,2025-07-20 22:00:30+00:00,0.0,0.0,0.0,0.0
Hibernian Stadium,64.0,7.0,116.64,2025-07-20 22:15:30+00:00,0.0,0.0,0.0,0.0
Hibernian Stadium,64.0,7.0,116.64,2025-07-20 22:30:30+00:00,0.0,0.0,0.0,0.0
Hibernian Stadium,64.0,7.0,116.64,2025-07-20 22:45:30+00:00,0.0,0.0,0.0,0.0
Hibernian Stadium,64.0,7.0,116.64,2025-07-20 23:00:30+00:00,0.0,0.0,0.0,0.0
Hibernian Stadium,64.0,7.0,116.64,2025-07-20 23:15:30+00:00,0.0,0.0,0.0,0.0
Hibernian Stadium,64.0,7.0,116.64,2025-07-20 23:30:30+00:00,0.0,0.0,0.0,0.0
Hibernian Stadium,64.0,7.0,116.64,2025-07-20 23:45:30+00:00,0.0,0.0,0.0,0.0
Hibernian Stadium,64.0,7.0,116.64,2025-07-21 00:00:30+00:00,0.0,0.0,0.0,0.0
Hibernian Stadium,64.0,7.0,116.64,2025-07-21 00:15:30+00:00,0.0,0.0,0.0,0.0
Hibernian Stadium,64.0,7.0,116.64,2025-07-21 00:30:30+00:00,0.0,0.0,0.0,0.0
Hibernian Stadium,64.0,7.0,116.64,2025-07-21 00:45:30+00:00,0.0,0.0,0.0,0.0
Hibernian Stadium,64.0,7.0,116.64,2025-07-21 01:00:30+00:00,0.0,0.0,0.0,0.0
Hibernian Stadium,64.0,7.0,116.64,2025-07-21 01:15:30+00:00,0.0,0.0,0.0,0.0
Hibernian Stadium,64.0,7.0,116.64,2025-07-21 01:30:30+00:00,0.0,0.0,0.0,0.0
Hibernian Stadium,64.0,7.0,116.64,2025-07-21 01:45:30+00:00,0.0,0.0,0.0,0.0
Hibernian Stadium,64.0,7.0,116.64,2025-07-21 02:00:30+00:00,0.0,0.0,0.0,0.0
Hibernian Stadium,64.0,7.0,116.64,2025-07-21 02:15:30+00:00,0.0,0.0,0.0,0.0
Hibernian Stadium,64.0,7.0,116.64,2025-07-21 02:30:30+00:00,0.0,0.0,0.0,0.0
Hibernian Stadium,64.0,7.0,116.64,2025-07-21 02:45:30+00:00,0.0,0.0,0.0,0.0
Hibernian Stadium,64.0,7.0,116.64,2025-07-21 03:00:30+00:00,0.0,0.0,0.0,0.0
Hibernian Stadium,64.0,7.0,116.64,2025-07-21 03:15:30+00:00,0.0,0.0,0.0,0.0
Hibernian Stadium,64.0,7.0,116.64,2025-07-21 03:30:30+00:00,0.0,0.0,0.0,0.0
Hibernian Stadium,64.0,7.0,116.64,2025-07-21 03:45:30+00:00,0.0,0.0,0.0,0.0
Hibernian Stadium,64.0,7.0,116.64,2025-07-21 04:00:30+00:00,0.0,0.0,0.00025,0.0
Hibernian Stadium,64.0,7.0,116.64,2025-07-21 04:15:30+00:00,0.00075,0.00025,0.00225,0.00075
Hibernian Stadium,64.0,7.0,116.64,2025-07-21 04:30:30+00:00,0.00175,0.0005,0.005,0.00175
Hibernian Stadium,64.0,7.0,116.64,2025-07-21 04:45:30+00:00,0.004,0.001,0.00925,0.004
Hibernian Stadium,64.0,7.0,116.64,2025-07-21 05:00:30+00:00,0.0075,0.0015,0.013,0.0075
Hibernian Stadium,64.0,7.0,116.64,2025-07-21 05:15:30+00:00,0.00725,0.002,0.02075,0.00725
Hibernian Stadium,64.0,7.0,116.64,2025-07-21 05:30:30+00:00,0.01675,0.00325,0.02975,0.016
Hibernian Stadium,64.0,7.0,116.64,2025-07-21 05:45:30+00:00,0.01775,0.00525,0.04075,0.01725
Hibernian Stadium,64.0,7.0,116.64,2025-07-21 06:00:30+00:00,0.039,0.01125,0.053,0.034
Hibernian Stadium,64.0,7.0,116.64,2025-07-21 06:15:30+00:00,0.035,0.01675,0.0585,0.0325
Hibernian Stadium,64.0,7.0,116.64,2025-07-21 06:30:30+00:00,0.04025,0.01625,0.06625,0.038
Hibernian Stadium,64.0,7.0,116.64,2025-07-21 06:45:30+00:00,0.04875,0.0265,0.0855,0.04525
Hibernian Stadium,64.0,7.0,116.64,2025-07-21 07:00:30+00:00,0.08325,0.04275,0.1045,0.073
Hibernian Stadium,64.0,7.0,116.64,2025-07-21 07:15:30+00:00,0.09525,0.06325,0.115,0.08375
Hibernian Stadium,64.0,7.0,116.64,2025-07-21 07:30:30+00:00,0.09975,0.07275,0.12375,0.08875
Hibernian Stadium,64.0,7.0,116.64,2025-07-21 07:45:30+00:00,0.09875,0.0785,0.119,0.0895
Hibernian Stadium,64.0,7.0,116.64,2025-07-21 08:00:30+00:00,0.09675,0.08175,0.11925,0.09
Hibernian Stadium,64.0,7.0,116.64,2025-07-21 08:15:30+00:00,0.1075,0.0895,0.12475,0.1005
Hibernian Stadium,64.0,7.0,116.64,2025-07-21 08:30:30+00:00,0.11775,0.1025,0.134,0.1095
Hibernian Stadium,64.0,7.0,116.64,2025-07-21 08:45:30+00:00,0.1285,0.113,0.1405,0.1205
Hibernian Stadium,64.0,7.0,116.64,2025-07-21 09:00:30+00:00,0.13325,0.122,0.14375,0.12575
Hibernian Stadium,64.0,7.0,116.64,2025-07-21 09:15:30+00:00,0.13675,0.12775,0.147,0.13025
Hibernian Stadium,64.0,7.0,116.64,2025-07-21 09:30:30+00:00,0.1425,0.13325,0.15225,0.13675
Hibernian Stadium,64.0,7.0,116.64,2025-07-21 09:45:30+00:00,0.149,0.13875,0.15775,0.14375
Hibernian Stadium,64.0,7.0,116.64,2025-07-21 10:00:30+00:00,0.15325,0.14325,0.16275,0.149
Hibernian Stadium,64.0,7.0,116.64,2025-07-21 10:15:30+00:00,0.1565,0.1445,0.16875,0.15325
Hibernian Stadium,64.0,7.0,116.64,2025-07-21 10:30:30+00:00,0.16025,0.14175,0.18025,0.1575
Hibernian Stadium,64.0,7.0,116.64,2025-07-21 10:45:30+00:00,0.16525,0.1345,0.18675,0.16375
Hibernian Stadium,64.0,7.0,116.64,2025-07-21 11:00:30+00:00,0.15575,0.12425,0.1855,0.15575
Hibernian Stadium,64.0,7.0,116.64,2025-07-21 11:15:30+00:00,0.14325,0.118,0.18575,0.14425
Hibernian Stadium,64.0,7.0,116.64,2025-07-21 11:30:30+00:00,0.1565,0.11725,0.19425,0.1585
Hibernian Stadium,64.0,7.0,116.64,2025-07-21 11:45:30+00:00,0.1665,0.12775,0.2065,0.16975
Hibernian Stadium,64.0,7.0,116.64,2025-07-21 12:00:30+00:00,0.17725,0.14075,0.20875,0.18225
Hibernian Stadium,64.0,7.0,116.64,2025-07-21 12:15:30+00:00,0.18,0.15025,0.20825,0.1865
Hibernian Stadium,64.0,7.0,116.64,2025-07-21 12:30:30+00:00,0.18025,0.151,0.206,0.18825
Hibernian Stadium,64.0,7.0,116.64,2025-07-21 12:45:30+00:00,0.17525,0.13775,0.20125,0.184
Hibernian Stadium,64.0,7.0,116.64,2025-07-21 13:00:30+00:00,0.154,0.11825,0.2025,0.16175
Hibernian Stadium,64.0,7.0,116.64,2025-07-21 13:15:30+00:00,0.16725,0.08675,0.1975,0.178
Hibernian Stadium,64.0,7.0,116.64,2025-07-21 13:30:30+00:00,0.14025,0.05175,0.195,0.14875
Hibernian Stadium,64.0,7.0,116.64,2025-07-21 13:45:30+00:00,0.09625,0.02125,0.18975,0.1
Hibernian Stadium,64.0,7.0,116.64,2025-07-21 14:00:30+00:00,0.077,0.01525,0.1495,0.07925
Hibernian Stadium,64.0,7.0,116.64,2025-07-21 14:15:30+00:00,0.069,0.0235,0.115,0.07075
Hibernian Stadium,64.0,7.0,116.64,2025-07-21 14:30:30+00:00,0.06125,0.039,0.08725,0.06275
Hibernian Stadium,64.0,7.0,116.64,2025-07-21 14:45:30+00:00,0.05925,0.043,0.07625,0.06075
Hibernian Stadium,64.0,7.0,116.64,2025-07-21 15:00:30+00:00,0.05825,0.0425,0.0755,0.06
Hibernian Stadium,64.0,7.0,116.64,2025-07-21 15:15:30+00:00,0.05925,0.038,0.075,0.06125
Hibernian Stadium,64.0,7.0,116.64,2025-07-21 15:30:30+00:00,0.05175,0.03075,0.07175,0.05325
Hibernian Stadium,64.0,7.0,116.64,2025-07-21 15:45:30+00:00,0.0425,0.02325,0.06525,0.04325
Hibernian Stadium,64.0,7.0,116.64,2025-07-21 16:00:30+00:00,0.038,0.01675,0.06125,0.03875
Hibernian Stadium,64.0,7.0,116.64,2025-07-21 16:15:30+00:00,0.03625,0.0105,0.05775,0.037
Hibernian Stadium,64.0,7.0,116.64,2025-07-21 16:30:30+00:00,0.02825,0.009,0.05175,0.02875
Hibernian Stadium,64.0,7.0,116.64,2025-07-21 16:45:30+00:00,0.01525,0.0085,0.04225,0.01525
Hibernian Stadium,64.0,7.0,116.64,2025-07-21 17:00:30+00:00,0.01225,0.00775,0.03175,0.0125
Hibernian Stadium,64.0,7.0,116.64,2025-07-21 17:15:30+00:00,0.00925,0.007,0.0245,0.00925
Hibernian Stadium,64.0,7.0,116.64,2025-07-21 17:30:30+00:00,0.00675,0.00625,0.0215,0.00675
Hibernian Stadium,64.0,7.0,116.64,2025-07-21 17:45:30+00:00,0.012,0.00575,0.0205,0.01225
Hibernian Stadium,64.0,7.0,116.64,2025-07-21 18:00:30+00:00,0.0065,0.005,0.02,0.0065
Hibernian Stadium,64.0,7.0,116.64,2025-07-21 18:15:30+00:00,0.0035,0.00225,0.0145,0.00375
Hibernian Stadium,64.0,7.0,116.64,2025-07-21 18:30:30+00:00,0.00875,0.00375,0.019,0.00875
Hibernian Stadium,64.0,7.0,116.64,2025-07-21 18:45:30+00:00,0.0085,0.003,0.018,0.0085
Hibernian Stadium,64.0,7.0,116.64,2025-07-21 19:00:30+00:00,0.005,0.0025,0.01575,0.00525
Hibernian Stadium,64.0,7.0,116.64,2025-07-21 19:15:30+00:00,0.0065,0.00175,0.0125,0.00675
Hibernian Stadium,64.0,7.0,116.64,2025-07-21 19:30:30+00:00,0.0045,0.00125,0.00975,0.0045
Hibernian Stadium,64.0,7.0,116.64,2025-07-21 19:45:30+00:00,0.00125,0.00075,0.0055,0.00125
Hibernian Stadium,64.0,7.0,116.64,2025-07-21 20:00:30+00:00,0.0005,0.00025,0.00225,0.0005
Hibernian Stadium,64.0,7.0,116.64,2025-07-21 20:15:30+00:00,0.00025,0.00025,0.00125,0.00025
Hibernian Stadium,64.0,7.0,116.64,2025-07-21 20:30:30+00:00,0.0,0.0,0.00025,0.0
Hibernian Stadium,64.0,7.0,116.64,2025-07-21 20:45:30+00:00,0.0,0.0,0.0,0.0
Hibernian Stadium,64.0,7.0,116.64,2025-07-21 21:00:30+00:00,0.0,0.0,0.0,0.0
Hibernian Stadium,64.0,7.0,116.64,2025-07-21 21:15:30+00:00,0.0,0.0,0.0,0.0
Hibernian Stadium,64.0,7.0,116.64,2025-07-21 21:30:30+00:00,0.0,0.0,0.0,0.0
Hibernian Stadium,64.0,7.0,116.64,2025-07-21 21:45:30+00:00,0.0,0.0,0.0,0.0
Hibernian Stadium,64.0,7.0,116.64,2025-07-21 22:00:30+00:00,0.0,0.0,0.0,0.0
Hibernian Stadium,64.0,7.0,116.64,2025-07-21 22:15:30+00:00,0.0,0.0,0.0,0.0
Hibernian Stadium,64.0,7.0,116.64,2025-07-21 22:30:30+00:00,0.0,0.0,0.0,0.0
Hibernian Stadium,64.0,7.0,116.64,2025-07-21 22:45:30+00:00,0.0,0.0,0.0,0.0
Hibernian Stadium,64.0,7.0,116.64,2025-07-21 23:00:30+00:00,0.0,0.0,0.0,0.0
Hibernian Stadium,64.0,7.0,116.64,2025-07-21 23:15:30+00:00,0.0,0.0,0.0,0.0
Hibernian Stadium,64.0,7.0,116.64,2025-07-21 23:30:30+00:00,0.0,0.0,0.0,0.0
Hibernian Stadium,64.0,7.0,116.64,2025-07-21 23:45:30+00:00,0.0,0.0,0.0,0.0
Hibernian Stadium,64.0,7.0,116.64,2025-07-22 00:00:30+00:00,0.0,0.0,0.0,0.0
Hibernian Stadium,64.0,7.0,116.64,2025-07-22 00:15:30+00:00,0.0,0.0,0.0,0.0
Hibernian Stadium,64.0,7.0,116.64,2025-07-22 00:30:30+00:00,0.0,0.0,0.0,0.0
Hibernian Stadium,64.0,7.0,116.64,2025-07-22 00:45:30+00:00,0.0,0.0,0.0,0.0
Hibernian Stadium,64.0,7.0,116.64,2025-07-22 01:00:30+00:00,0.0,0.0,0.0,0.0
Hibernian Stadium,64.0,7.0,116.64,2025-07-22 01:15:30+00:00,0.0,0.0,0.0,0.0
Hibernian Stadium,64.0,7.0,116.64,2025-07-22 01:30:30+00:00,0.0,0.0,0.0,0.0
Hibernian Stadium,64.0,7.0,116.64,2025-07-22 01:45:30+00:00,0.0,0.0,0.0,0.0
Hibernian Stadium,64.0,7.0,116.64,2025-07-22 02:00:30+00:00,0.0,0.0,0.0,0.0
Hibernian Stadium,64.0,7.0,116.64,2025-07-22 02:15:30+00:00,0.0,0.0,0.0,0.0
Hibernian Stadium,64.0,7.0,116.64,2025-07-22 02:30:30+00:00,0.0,0.0,0.0,0.0
Hibernian Stadium,64.0,7.0,116.64,2025-07-22 02:45:30+00:00,0.0,0.0,0.0,0.0
Hibernian Stadium,64.0,7.0,116.64,2025-07-22 03:00:30+00:00,0.0,0.0,0.0,0.0
Hibernian Stadium,64.0,7.0,116.64,2025-07-22 03:15:30+00:00,0.0,0.0,0.0,0.0
Hibernian Stadium,64.0,7.0,116.64,2025-07-22 03:30:30+00:00,0.0,0.0,0.0,0.0
Hibernian Stadium,64.0,7.0,116.64,2025-07-22 03:45:30+00:00,0.0,0.0,0.0,0.0
Hibernian Stadium,64.0,7.0,116.64,2025-07-22 04:00:30+00:00,0.00025,0.00025,0.00025,0.00025
Hibernian Stadium,64.0,7.0,116.64,2025-07-22 04:15:30+00:00,0.0025,0.00175,0.00325,0.0025
Hibernian Stadium,64.0,7.0,116.64,2025-07-22 04:30:30+00:00,0.009,0.00625,0.01175,0.0065
Hibernian Stadium,64.0,7.0,116.64,2025-07-22 04:45:30+00:00,0.01875,0.01075,0.023,0.012
Hibernian Stadium,64.0,7.0,116.64,2025-07-22 05:00:30+00:00,0.02525,0.01225,0.03225,0.01725
Hibernian Stadium,64.0,7.0,116.64,2025-07-22 05:15:30+00:00,0.0275,0.01025,0.039,0.021
Hibernian Stadium,64.0,7.0,116.64,2025-07-22 05:30:30+00:00,0.02425,0.00825,0.041,0.021
Hibernian Stadium,64.0,7.0,116.64,2025-07-22 05:45:30+00:00,0.023,0.0085,0.0425,0.0215
Hibernian Stadium,64.0,7.0,116.64,2025-07-22 06:00:30+00:00,0.0315,0.014,0.053,0.029
Hibernian Stadium,64.0,7.0,116.64,2025-07-22 06:15:30+00:00,0.0475,0.02575,0.07025,0.0415
Hibernian Stadium,64.0,7.0,116.64,2025-07-22 06:30:30+00:00,0.06425,0.03475,0.0785,0.05475
Hibernian Stadium,64.0,7.0,116.64,2025-07-22 06:45:30+00:00,0.05425,0.039,0.0785,0.049
Hibernian Stadium,64.0,7.0,116.64,2025-07-22 07:00:30+00:00,0.0595,0.04375,0.0825,0.055
Hibernian Stadium,64.0,7.0,116.64,2025-07-22 07:15:30+00:00,0.07875,0.056,0.09925,0.071
Hibernian Stadium,64.0,7.0,116.64,2025-07-22 07:30:30+00:00,0.0935,0.06425,0.118,0.08375
Hibernian Stadium,64.0,7.0,116.64,2025-07-22 07:45:30+00:00,0.0985,0.057,0.12775,0.0895
Hibernian Stadium,64.0,7.0,116.64,2025-07-22 08:00:30+00:00,0.083,0.0375,0.13275,0.078
Hibernian Stadium,64.0,7.0,116.64,2025-07-22 08:15:30+00:00,0.0745,0.0245,0.12475,0.07175
Hibernian Stadium,64.0,7.0,116.64,2025-07-22 08:30:30+00:00,0.067,0.0195,0.11125,0.0655
Hibernian Stadium,64.0,7.0,116.64,2025-07-22 08:45:30+00:00,0.05375,0.02225,0.1,0.0535
Hibernian Stadium,64.0,7.0,116.64,2025-07-22 09:00:30+00:00,0.06375,0.0265,0.1045,0.063
Hibernian Stadium,64.0,7.0,116.64,2025-07-22 09:15:30+00:00,0.0785,0.041,0.1215,0.07725
Hibernian Stadium,64.0,7.0,116.64,2025-07-22 09:30:30+00:00,0.101,0.0555,0.13025,0.099
Hibernian Stadium,64.0,7.0,116.64,2025-07-22 09:45:30+00:00,0.09775,0.05925,0.12725,0.09625
Hibernian Stadium,64.0,7.0,116.64,2025-07-22 10:00:30+00:00,0.0805,0.0555,0.12475,0.08
Hibernian Stadium,64.0,7.0,116.64,2025-07-22 10:15:30+00:00,0.0925,0.052,0.1355,0.092
Hibernian Stadium,64.0,7.0,116.64,2025-07-22 10:30:30+00:00,0.10775,0.0435,0.14075,0.10725
Hibernian Stadium,64.0,7.0,116.64,2025-07-22 10:45:30+00:00,0.0755,0.0285,0.136,0.07575
Hibernian Stadium,64.0,7.0,116.64,2025-07-22 11:00:30+00:00,0.063,0.019,0.119,0.0635
Hibernian Stadium,64.0,7.0,116.64,2025-07-22 11:15:30+00:00,0.06775,0.0215,0.11375,0.0685
Hibernian Stadium,64.0,7.0,116.64,2025-07-22 11:30:30+00:00,0.0715,0.03925,0.12,0.072
Hibernian Stadium,64.0,7.0,116.64,2025-07-22 11:45:30+00:00,0.09875,0.0505,0.12675,0.1
Hibernian Stadium,64.0,7.0,116.64,2025-07-22 12:00:30+00:00,0.0955,0.05275,0.1355,0.097
Hibernian Stadium,64.0,7.0,116.64,2025-07-22 12:15:30+00:00,0.088,0.04725,0.13975,0.08975
Hibernian Stadium,64.0,7.0,116.64,2025-07-22 12:30:30+00:00,0.096,0.05375,0.15675,0.09825
Hibernian Stadium,64.0,7.0,116.64,2025-07-22 12:45:30+00:00,0.12975,0.05875,0.1565,0.1345
Hibernian Stadium,64.0,7.0,116.64,2025-07-22 13:00:30+00:00,0.09825,0.06575,0.15675,0.1015
Hibernian Stadium,64.0,7.0,116.64,2025-07-22 13:15:30+00:00,0.10375,0.0685,0.152,0.1075
Hibernian Stadium,64.0,7.0,116.64,2025-07-22 13:30:30+00:00,0.1265,0.07825,0.15175,0.133
Hibernian Stadium,64.0,7.0,116.64,2025-07-22 13:45:30+00:00,0.11575,0.08875,0.1475,0.12175
Hibernian Stadium,64.0,7.0,116.64,2025-07-22 14:00:30+00:00,0.11125,0.088,0.13525,0.11725
Hibernian Stadium,64.0,7.0,116.64,2025-07-22 14:15:30+00:00,0.1075,0.0905,0.1305,0.11375
Hibernian Stadium,64.0,7.0,116.64,2025-07-22 14:30:30+00:00,0.1115,0.09,0.1315,0.11925
Hibernian Stadium,64.0,7.0,116.64,2025-07-22 14:45:30+00:00,0.11325,0.08525,0.13475,0.122
Hibernian Stadium,64.0,7.0,116.64,2025-07-22 15:00:30+00:00,0.10525,0.07125,0.136,0.11375
Hibernian Stadium,64.0,7.0,116.64,2025-07-22 15:15:30+00:00,0.09225,0.0495,0.132,0.09925
Hibernian Stadium,64.0,7.0,116.64,2025-07-22 15:30:30+00:00,0.07475,0.03375,0.1195,0.079
Hibernian Stadium,64.0,7.0,116.64,2025-07-22 15:45:30+00:00,0.0615,0.0265,0.0995,0.06375
Hibernian Stadium,64.0,7.0,116.64,2025-07-22 16:00:30+00:00,0.0515,0.0285,0.079,0.053
Hibernian Stadium,64.0,7.0,116.64,2025-07-22 16:15:30+00:00,0.04775,0.03225,0.0635,0.0495
Hibernian Stadium,64.0,7.0,116.64,2025-07-22 16:30:30+00:00,0.04425,0.0335,0.0555,0.0455
Hibernian Stadium,64.0,7.0,116.64,2025-07-22 16:45:30+00:00,0.041,0.03225,0.051,0.04225
Hibernian Stadium,64.0,7.0,116.64,2025-07-22 17:00:30+00:00,0.0395,0.0305,0.04825,0.041
Hibernian Stadium,64.0,7.0,116.64,2025-07-22 17:15:30+00:00,0.03725,0.0285,0.045,0.03875
Hibernian Stadium,64.0,7.0,116.64,2025-07-22 17:30:30+00:00,0.0335,0.02475,0.041,0.03475
Hibernian Stadium,64.0,7.0,116.64,2025-07-22 17:45:30+00:00,0.028,0.02025,0.037,0.029
Hibernian Stadium,64.0,7.0,116.64,2025-07-22 18:00:30+00:00,0.024,0.016,0.0335,0.02475
Hibernian Stadium,64.0,7.0,116.64,2025-07-22 18:15:30+00:00,0.0215,0.012,0.03025,0.022
Hibernian Stadium,64.0,7.0,116.64,2025-07-22 18:30:30+00:00,0.01775,0.00775,0.027,0.018
Hibernian Stadium,64.0,7.0,116.64,2025-07-22 18:45:30+00:00,0.013,0.00375,0.023,0.01325
Hibernian Stadium,64.0,7.0,116.64,2025-07-22 19:00:30+00:00,0.00925,0.0025,0.01825,0.0095
Hibernian Stadium,64.0,7.0,116.64,2025-07-22 19:15:30+00:00,0.006,0.002,0.01375,0.006
Hibernian Stadium,64.0,7.0,116.64,2025-07-22 19:30:30+00:00,0.00375,0.00125,0.0095,0.00375
Hibernian Stadium,64.0,7.0,116.64,2025-07-22 19:45:30+00:00,0.00175,0.00075,0.00625,0.00175
Hibernian Stadium,64.0,7.0,116.64,2025-07-22 20:00:30+00:00,0.001,0.00075,0.00375,0.001
Hibernian Stadium,64.0,7.0,116.64,2025-07-22 20:15:30+00:00,0.0005,0.00025,0.002,0.0005
Hibernian Stadium,64.0,7.0,116.64,2025-07-22 20:30:30+00:00,0.0,0.0,0.0,0.0
Hibernian Stadium,64.0,7.0,116.64,2025-07-22 20:45:30+00:00,0.0,0.0,0.0,0.0
Hibernian Stadium,64.0,7.0,116.64,2025-07-22 21:00:30+00:00,0.0,0.0,0.0,0.0
Hibernian Stadium,64.0,7.0,116.64,2025-07-22 21:15:30+00:00,0.0,0.0,0.0,0.0
Hibernian Stadium,64.0,7.0,116.64,2025-07-22 21:30:30+00:00,0.0,0.0,0.0,0.0
Hibernian Stadium,64.0,7.0,116.64,2025-07-22 21:45:30+00:00,0.0,0.0,0.0,0.0
Hibernian Stadium,64.0,7.0,116.64,2025-07-22 22:00:30+00:00,0.0,0.0,0.0,0.0
Hibernian Stadium,64.0,7.0,116.64,2025-07-22 22:15:30+00:00,0.0,0.0,0.0,0.0
Hibernian Stadium,64.0,7.0,116.64,2025-07-22 22:30:30+00:00,0.0,0.0,0.0,0.0
Hibernian Stadium,64.0,7.0,116.64,2025-07-22 22:45:30+00:00,0.0,0.0,0.0,0.0
Hibernian Stadium,64.0,7.0,116.64,2025-07-22 23:00:30+00:00,0.0,0.0,0.0,0.0
Hibernian Stadium,64.0,7.0,116.64,2025-07-22 23:15:30+00:00,0.0,0.0,0.0,0.0
Hibernian Stadium,64.0,7.0,116.64,2025-07-22 23:30:30+00:00,0.0,0.0,0.0,0.0
Hibernian Stadium,64.0,7.0,116.64,2025-07-22 23:45:30+00:00,0.0,0.0,0.0,0.0
Hibernian Stadium,64.0,7.0,116.64,2025-07-23 00:00:30+00:00,0.0,0.0,0.0,0.0
Hibernian Stadium,64.0,7.0,116.64,2025-07-23 00:15:30+00:00,0.0,0.0,0.0,0.0
Hibernian Stadium,64.0,7.0,116.64,2025-07-23 00:30:30+00:00,0.0,0.0,0.0,0.0
Hibernian Stadium,64.0,7.0,116.64,2025-07-23 00:45:30+00:00,0.0,0.0,0.0,0.0
Hibernian Stadium,64.0,7.0,116.64,2025-07-23 01:00:30+00:00,0.0,0.0,0.0,0.0
Hibernian Stadium,64.0,7.0,116.64,2025-07-23 01:15:30+00:00,0.0,0.0,0.0,0.0
Hibernian Stadium,64.0,7.0,116.64,2025-07-23 01:30:30+00:00,0.0,0.0,0.0,0.0
Hibernian Stadium,64.0,7.0,116.64,2025-07-23 01:45:30+00:00,0.0,0.0,0.0,0.0
Hibernian Stadium,64.0,7.0,116.64,2025-07-23 02:00:30+00:00,0.0,0.0,0.0,0.0
Hibernian Stadium,64.0,7.0,116.64,2025-07-23 02:15:30+00:00,0.0,0.0,0.0,0.0
Hibernian Stadium,64.0,7.0,116.64,2025-07-23 02:30:30+00:00,0.0,0.0,0.0,0.0
Hibernian Stadium,64.0,7.0,116.64,2025-07-23 02:45:30+00:00,0.0,0.0,0.0,0.0
Hibernian Stadium,64.0,7.0,116.64,2025-07-23 03:00:30+00:00,0.0,0.0,0.0,0.0
Hibernian Stadium,64.0,7.0,116.64,2025-07-23 03:15:30+00:00,0.0,0.0,0.0,0.0
Hibernian Stadium,64.0,7.0,116.64,2025-07-23 03:30:30+00:00,0.0,0.0,0.0,0.0
Hibernian Stadium,64.0,7.0,116.64,2025-07-23 03:45:30+00:00,0.0,0.0,0.0,0.0
Hibernian Stadium,64.0,7.0,116.64,2025-07-23 04:00:30+00:00,0.0,0.0,0.0,0.0
Hibernian Stadium,64.0,7.0,116.64,2025-07-23 04:15:30+00:00,0.00175,0.00125,0.0025,0.00175
Hibernian Stadium,64.0,7.0,116.64,2025-07-23 04:30:30+00:00,0.0055,0.003,0.0075,0.005
Hibernian Stadium,64.0,7.0,116.64,2025-07-23 04:45:30+00:00,0.01325,0.00425,0.01625,0.01025
Hibernian Stadium,64.0,7.0,116.64,2025-07-23 05:00:30+00:00,0.0125,0.003,0.02175,0.01125
Hibernian Stadium,64.0,7.0,116.64,2025-07-23 05:15:30+00:00,0.013,0.0035,0.02475,0.01275
Hibernian Stadium,64.0,7.0,116.64,2025-07-23 05:30:30+00:00,0.0175,0.006,0.02775,0.017
Hibernian Stadium,64.0,7.0,116.64,2025-07-23 05:45:30+00:00,0.0195,0.0085,0.02925,0.019
Hibernian Stadium,64.0,7.0,116.64,2025-07-23 06:00:30+00:00,0.0195,0.012,0.0315,0.01925
Hibernian Stadium,64.0,7.0,116.64,2025-07-23 06:15:30+00:00,0.0265,0.015,0.0345,0.026
Hibernian Stadium,64.0,7.0,116.64,2025-07-23 06:30:30+00:00,0.02775,0.0195,0.03825,0.0275
Hibernian Stadium,64.0,7.0,116.64,2025-07-23 06:45:30+00:00,0.0325,0.022,0.04075,0.032
Hibernian Stadium,64.0,7.0,116.64,2025-07-23 07:00:30+00:00,0.0335,0.023,0.04475,0.03325
Hibernian Stadium,64.0,7.0,116.64,2025-07-23 07:15:30+00:00,0.0355,0.02375,0.05075,0.03525
Hibernian Stadium,64.0,7.0,116.64,2025-07-23 07:30:30+00:00,0.04325,0.0255,0.063,0.04275
Hibernian Stadium,64.0,7.0,116.64,2025-07-23 07:45:30+00:00,0.05425,0.0315,0.0755,0.05325
Hibernian Stadium,64.0,7.0,116.64,2025-07-23 08:00:30+00:00,0.06325,0.037,0.09125,0.06125
Hibernian Stadium,64.0,7.0,116.64,2025-07-23 08:15:30+00:00,0.074,0.042,0.104,0.0715
Hibernian Stadium,64.0,7.0,116.64,2025-07-23 08:30:30+00:00,0.08075,0.0525,0.12,0.07825
Hibernian Stadium,64.0,7.0,116.64,2025-07-23 08:45:30+00:00,0.105,0.068,0.1355,0.1
Hibernian Stadium,64.0,7.0,116.64,2025-07-23 09:00:30+00:00,0.11725,0.0795,0.1475,0.11225
Hibernian Stadium,64.0,7.0,116.64,2025-07-23 09:15:30+00:00,0.11675,0.074,0.161,0.11275
Hibernian Stadium,64.0,7.0,116.64,2025-07-23 09:30:30+00:00,0.11775,0.058,0.16225,0.11425
Hibernian Stadium,64.0,7.0,116.64,2025-07-23 09:45:30+00:00,0.09425,0.0375,0.15275,0.093
Hibernian Stadium,64.0,7.0,116.64,2025-07-23 10:00:30+00:00,0.0735,0.0355,0.13,0.0735
Hibernian Stadium,64.0,7.0,116.64,2025-07-23 10:15:30+00:00,0.08075,0.04625,0.1185,0.081
Hibernian Stadium,64.0,7.0,116.64,2025-07-23 10:30:30+00:00,0.09275,0.06275,0.114,0.09275
Hibernian Stadium,64.0,7.0,116.64,2025-07-23 10:45:30+00:00,0.0905,0.0635,0.1125,0.0905
Hibernian Stadium,64.0,7.0,116.64,2025-07-23 11:00:30+00:00,0.08,0.05825,0.11325,0.08075
Hibernian Stadium,64.0,7.0,116.64,2025-07-23 11:15:30+00:00,0.08675,0.05325,0.111,0.08725
Hibernian Stadium,64.0,7.0,116.64,2025-07-23 11:30:30+00:00,0.07875,0.049,0.1075,0.07975
Hibernian Stadium,64.0,7.0,116.64,2025-07-23 11:45:30+00:00,0.069,0.04725,0.09825,0.07
Hibernian Stadium,64.0,7.0,116.64,2025-07-23 12:00:30+00:00,0.07,0.0445,0.09525,0.071
Hibernian Stadium,64.0,7.0,116.64,2025-07-23 12:15:30+00:00,0.07,0.0455,0.09775,0.071
Hibernian Stadium,64.0,7.0,116.64,2025-07-23 12:30:30+00:00,0.07425,0.045,0.10875,0.0755
Hibernian Stadium,64.0,7.0,116.64,2025-07-23 12:45:30+00:00,0.08575,0.047,0.11925,0.0875
Hibernian Stadium,64.0,7.0,116.64,2025-07-23 13:00:30+00:00,0.08925,0.05525,0.12625,0.0915
Hibernian Stadium,64.0,7.0,116.64,2025-07-23 13:15:30+00:00,0.0965,0.0655,0.12625,0.0995
Hibernian Stadium,64.0,7.0,116.64,2025-07-23 13:30:30+00:00,0.1015,0.0725,0.12075,0.10525
Hibernian Stadium,64.0,7.0,116.64,2025-07-23 13:45:30+00:00,0.09225,0.065,0.1235,0.0955
Hibernian Stadium,64.0,7.0,116.64,2025-07-23 14:00:30+00:00,0.0885,0.053,0.13375,0.092
Hibernian Stadium,64.0,7.0,116.64,2025-07-23 14:15:30+00:00,0.098,0.04825,0.15325,0.1035
Hibernian Stadium,64.0,7.0,116.64,2025-07-23 14:30:30+00:00,0.11475,0.05675,0.16775,0.12325
Hibernian Stadium,64.0,7.0,116.64,2025-07-23 14:45:30+00:00,0.12225,0.07075,0.1645,0.1335
Hibernian Stadium,64.0,7.0,116.64,2025-07-23 15:00:30+00:00,0.12175,0.08425,0.15675,0.134
Hibernian Stadium,64.0,7.0,116.64,2025-07-23 15:15:30+00:00,0.12275,0.09425,0.14825,0.137
Hibernian Stadium,64.0,7.0,116.64,2025-07-23 15:30:30+00:00,0.12025,0.1,0.13875,0.1365
Hibernian Stadium,64.0,7.0,116.64,2025-07-23 15:45:30+00:00,0.116,0.1015,0.12775,0.13325
Hibernian Stadium,64.0,7.0,116.64,2025-07-23 16:00:30+00:00,0.10775,0.098,0.11775,0.12475
Hibernian Stadium,64.0,7.0,116.64,2025-07-23 16:15:30+00:00,0.09975,0.091,0.10825,0.116
Hibernian Stadium,64.0,7.0,116.64,2025-07-23 16:30:30+00:00,0.0915,0.08025,0.10125,0.10725
Hibernian Stadium,64.0,7.0,116.64,2025-07-23 16:45:30+00:00,0.08175,0.07025,0.0955,0.095
Hibernian Stadium,64.0,7.0,116.64,2025-07-23 17:00:30+00:00,0.07425,0.05775,0.08825,0.08675
Hibernian Stadium,64.0,7.0,116.64,2025-07-23 17:15:30+00:00,0.0635,0.0465,0.081,0.074
Hibernian Stadium,64.0,7.0,116.64,2025-07-23 17:30:30+00:00,0.05375,0.037,0.0705,0.06175
Hibernian Stadium,64.0,7.0,116.64,2025-07-23 17:45:30+00:00,0.0435,0.03,0.05975,0.049
Hibernian Stadium,64.0,7.0,116.64,2025-07-23 18:00:30+00:00,0.037,0.026,0.04925,0.04075
Hibernian Stadium,64.0,7.0,116.64,2025-07-23 18:15:30+00:00,0.0315,0.02125,0.0415,0.03475
Hibernian Stadium,64.0,7.0,116.64,2025-07-23 18:30:30+00:00,0.0255,0.015,0.03675,0.028
Hibernian Stadium,64.0,7.0,116.64,2025-07-23 18:45:30+00:00,0.0205,0.00825,0.03175,0.02225
Hibernian Stadium,64.0,7.0,116.64,2025-07-23 19:00:30+00:00,0.014,0.00275,0.02575,0.01475
Hibernian Stadium,64.0,7.0,116.64,2025-07-23 19:15:30+00:00,0.007,0.00175,0.01775,0.007
Hibernian Stadium,64.0,7.0,116.64,2025-07-23 19:30:30+00:00,0.00425,0.00125,0.01075,0.00425
Hibernian Stadium,64.0,7.0,116.64,2025-07-23 19:45:30+00:00,0.003,0.00075,0.00675,0.003
Hibernian Stadium,64.0,7.0,116.64,2025-07-23 20:00:30+00:00,0.00225,0.0005,0.00425,0.00225
Hibernian Stadium,64.0,7.0,116.64,2025-07-23 20:15:30+00:00,0.00125,0.00025,0.0025,0.00125
Hibernian Stadium,64.0,7.0,116.64,2025-07-23 20:30:30+00:00,0.0,0.0,0.0,0.0
Hibernian Stadium,64.0,7.0,116.64,2025-07-23 20:45:30+00:00,0.0,0.0,0.0,0.0
Hibernian Stadium,64.0,7.0,116.64,2025-07-23 21:00:30+00:00,0.0,0.0,0.0,0.0
Hibernian Stadium,64.0,7.0,116.64,2025-07-23 21:15:30+00:00,0.0,0.0,0.0,0.0
Hibernian Stadium,64.0,7.0,116.64,2025-07-23 21:30:30+00:00,0.0,0.0,0.0,0.0
Hibernian Stadium,64.0,7.0,116.64,2025-07-23 21:45:30+00:00,0.0,0.0,0.0,0.0
Hibernian Stadium,64.0,7.0,116.64,2025-07-23 22:00:30+00:00,0.0,0.0,0.0,0.0
Hibernian Stadium,64.0,7.0,116.64,2025-07-23 22:15:30+00:00,0.0,0.0,0.0,0.0
Hibernian Stadium,64.0,7.0,116.64,2025-07-23 22:30:30+00:00,0.0,0.0,0.0,0.0
Hibernian Stadium,64.0,7.0,116.64,2025-07-23 22:45:30+00:00,0.0,0.0,0.0,0.0
Hibernian Stadium,64.0,7.0,116.64,2025-07-23 23:00:30+00:00,0.0,0.0,0.0,0.0
Hibernian Stadium,64.0,7.0,116.64,2025-07-23 23:15:30+00:00,0.0,0.0,0.0,0.0
Hibernian Stadium,64.0,7.0,116.64,2025-07-23 23:30:30+00:00,0.0,0.0,0.0,0.0
Hibernian Stadium,64.0,7.0,116.64,2025-07-23 23:45:30+00:00,0.0,0.0,0.0,0.0
Hibernian Stadium,64.0,7.0,116.64,2025-07-24 00:00:30+00:00,0.0,0.0,0.0,0.0
Hibernian Stadium,64.0,7.0,116.64,2025-07-24 00:15:30+00:00,0.0,0.0,0.0,0.0
Hibernian Stadium,64.0,7.0,116.64,2025-07-24 00:30:30+00:00,0.0,0.0,0.0,0.0
Hibernian Stadium,64.0,7.0,116.64,2025-07-24 00:45:30+00:00,0.0,0.0,0.0,0.0
Hibernian Stadium,64.0,7.0,116.64,2025-07-24 01:00:30+00:00,0.0,0.0,0.0,0.0
Hibernian Stadium,64.0,7.0,116.64,2025-07-24 01:15:30+00:00,0.0,0.0,0.0,0.0
Hibernian Stadium,64.0,7.0,116.64,2025-07-24 01:30:30+00:00,0.0,0.0,0.0,0.0
Hibernian Stadium,64.0,7.0,116.64,2025-07-24 01:45:30+00:00,0.0,0.0,0.0,0.0
Hibernian Stadium,64.0,7.0,116.64,2025-07-24 02:00:30+00:00,0.0,0.0,0.0,0.0
Hibernian Stadium,64.0,7.0,116.64,2025-07-24 02:15:30+00:00,0.0,0.0,0.0,0.0
Hibernian Stadium,64.0,7.0,116.64,2025-07-24 02:30:30+00:00,0.0,0.0,0.0,0.0
Hibernian Stadium,64.0,7.0,116.64,2025-07-24 02:45:30+00:00,0.0,0.0,0.0,0.0
Hibernian Stadium,64.0,7.0,116.64,2025-07-24 03:00:30+00:00,0.0,0.0,0.0,0.0
Hibernian Stadium,64.0,7.0,116.64,2025-07-24 03:15:30+00:00,0.0,0.0,0.0,0.0
Hibernian Stadium,64.0,7.0,116.64,2025-07-24 03:30:30+00:00,0.0,0.0,0.0,0.0
Hibernian Stadium,64.0,7.0,116.64,2025-07-24 03:45:30+00:00,0.0,0.0,0.0,0.0
Hibernian Stadium,64.0,7.0,116.64,2025-07-24 04:00:30+00:00,0.0,0.0,0.0,0.0
Hibernian Stadium,64.0,7.0,116.64,2025-07-24 04:15:30+00:00,0.00025,0.00025,0.00125,0.00025
Hibernian Stadium,64.0,7.0,116.64,2025-07-24 04:30:30+00:00,0.001,0.0005,0.00375,0.001
Hibernian Stadium,64.0,7.0,116.64,2025-07-24 04:45:30+00:00,0.0025,0.00075,0.0075,0.0025
Hibernian Stadium,64.0,7.0,116.64,2025-07-24 05:00:30+00:00,0.00575,0.00125,0.0115,0.006
Hibernian Stadium,64.0,7.0,116.64,2025-07-24 05:15:30+00:00,0.0085,0.002,0.016,0.0085
Hibernian Stadium,64.0,7.0,116.64,2025-07-24 05:30:30+00:00,0.01275,0.0045,0.0195,0.01275
Hibernian Stadium,64.0,7.0,116.64,2025-07-24 05:45:30+00:00,0.0145,0.006,0.0235,0.0145
Hibernian Stadium,64.0,7.0,116.64,2025-07-24 06:00:30+00:00,0.01675,0.0075,0.02875,0.01675
Hibernian Stadium,64.0,7.0,116.64,2025-07-24 06:15:30+00:00,0.02325,0.01025,0.0385,0.023
Hibernian Stadium,64.0,7.0,116.64,2025-07-24 06:30:30+00:00,0.033,0.014,0.04975,0.03225
Hibernian Stadium,64.0,7.0,116.64,2025-07-24 06:45:30+00:00,0.03875,0.01925,0.062,0.0375
Hibernian Stadium,64.0,7.0,116.64,2025-07-24 07:00:30+00:00,0.051,0.026,0.07725,0.048
Hibernian Stadium,64.0,7.0,116.64,2025-07-24 07:15:30+00:00,0.06425,0.038,0.092,0.06
Hibernian Stadium,64.0,7.0,116.64,2025-07-24 07:30:30+00:00,0.0805,0.0535,0.10675,0.07375
Hibernian Stadium,64.0,7.0,116.64,2025-07-24 07:45:30+00:00,0.09425,0.06425,0.11275,0.0865
Hibernian Stadium,64.0,7.0,116.64,2025-07-24 08:00:30+00:00,0.08875,0.06575,0.11275,0.083
Hibernian Stadium,64.0,7.0,116.64,2025-07-24 08:15:30+00:00,0.08425,0.06375,0.11575,0.08075
Hibernian Stadium,64.0,7.0,116.64,2025-07-24 08:30:30+00:00,0.0985,0.071,0.12925,0.0935
Hibernian Stadium,64.0,7.0,116.64,2025-07-24 08:45:30+00:00,0.1165,0.08575,0.14475,0.1105
Hibernian Stadium,64.0,7.0,116.64,2025-07-24 09:00:30+00:00,0.1305,0.0895,0.16125,0.12325
Hibernian Stadium,64.0,7.0,116.64,2025-07-24 09:15:30+00:00,0.12625,0.07525,0.1735,0.12125
Hibernian Stadium,64.0,7.0,116.64,2025-07-24 09:30:30+00:00,0.11675,0.04575,0.1805,0.11325
Hibernian Stadium,64.0,7.0,116.64,2025-07-24 09:45:30+00:00,0.09625,0.01925,0.174,0.09475
Hibernian Stadium,64.0,7.0,116.64,2025-07-24 10:00:30+00:00,0.07425,0.01475,0.15075,0.074
Hibernian Stadium,64.0,7.0,116.64,2025-07-24 10:15:30+00:00,0.05675,0.01425,0.1205,0.057
Hibernian Stadium,64.0,7.0,116.64,2025-07-24 10:30:30+00:00,0.04875,0.0145,0.09325,0.049
Hibernian Stadium,64.0,7.0,116.64,2025-07-24 10:45:30+00:00,0.047,0.01775,0.082,0.04725
Hibernian Stadium,64.0,7.0,116.64,2025-07-24 11:00:30+00:00,0.05325,0.0245,0.08525,0.05375
Hibernian Stadium,64.0,7.0,116.64,2025-07-24 11:15:30+00:00,0.06375,0.0205,0.10625,0.06425
Hibernian Stadium,64.0,7.0,116.64,2025-07-24 11:30:30+00:00,0.07225,0.0205,0.12075,0.073
Hibernian Stadium,64.0,7.0,116.64,2025-07-24 11:45:30+00:00,0.075,0.0325,0.1405,0.07575
Hibernian Stadium,64.0,7.0,116.64,2025-07-24 12:00:30+00:00,0.111,0.045,0.14675,0.11325
Hibernian Stadium,64.0,7.0,116.64,2025-07-24 12:15:30+00:00,0.10125,0.047,0.14975,0.10325
Hibernian Stadium,64.0,7.0,116.64,2025-07-24 12:30:30+00:00,0.08225,0.031,0.134,0.08375
Hibernian Stadium,64.0,7.0,116.64,2025-07-24 12:45:30+00:00,0.063,0.02675,0.1125,0.064
Hibernian Stadium,64.0,7.0,116.64,2025-07-24 13:00:30+00:00,0.06275,0.026,0.10175,0.064
Hibernian Stadium,64.0,7.0,116.64,2025-07-24 13:15:30+00:00,0.06525,0.0245,0.10575,0.0665
Hibernian Stadium,64.0,7.0,116.64,2025-07-24 13:30:30+00:00,0.067,0.01825,0.1305,0.06825
Hibernian Stadium,64.0,7.0,116.64,2025-07-24 13:45:30+00:00,0.08925,0.01775,0.156,0.0925
Hibernian Stadium,64.0,7.0,116.64,2025-07-24 14:00:30+00:00,0.1005,0.0285,0.17975,0.105
Hibernian Stadium,64.0,7.0,116.64,2025-07-24 14:15:30+00:00,0.12,0.0505,0.17925,0.12775
Hibernian Stadium,64.0,7.0,116.64,2025-07-24 14:30:30+00:00,0.135,0.07875,0.17,0.147
Hibernian Stadium,64.0,7.0,116.64,2025-07-24 14:45:30+00:00,0.1335,0.0995,0.16225,0.147
Hibernian Stadium,64.0,7.0,116.64,2025-07-24 15:00:30+00:00,0.1245,0.108,0.14275,0.1375
Hibernian Stadium,64.0,7.0,116.64,2025-07-24 15:15:30+00:00,0.118,0.10575,0.12875,0.13125
Hibernian Stadium,64.0,7.0,116.64,2025-07-24 15:30:30+00:00,0.1095,0.09325,0.1305,0.122
Hibernian Stadium,64.0,7.0,116.64,2025-07-24 15:45:30+00:00,0.10675,0.07675,0.12975,0.12
Hibernian Stadium,64.0,7.0,116.64,2025-07-24 16:00:30+00:00,0.095,0.057,0.125,0.10575
Hibernian Stadium,64.0,7.0,116.64,2025-07-24 16:15:30+00:00,0.0715,0.045,0.11,0.07725
Hibernian Stadium,64.0,7.0,116.64,2025-07-24 16:30:30+00:00,0.06325,0.04025,0.09175,0.06775
Hibernian Stadium,64.0,7.0,116.64,2025-07-24 16:45:30+00:00,0.06175,0.03625,0.08175,0.067
Hibernian Stadium,64.0,7.0,116.64,2025-07-24 17:00:30+00:00,0.0525,0.03575,0.0795,0.0565
Hibernian Stadium,64.0,7.0,116.64,2025-07-24 17:15:30+00:00,0.0555,0.03075,0.07975,0.0625
Hibernian Stadium,64.0,7.0,116.64,2025-07-24 17:30:30+00:00,0.057,0.03325,0.07175,0.06675
Hibernian Stadium,64.0,7.0,116.64,2025-07-24 17:45:30+00:00,0.04975,0.034,0.063,0.059
Hibernian Stadium,64.0,7.0,116.64,2025-07-24 18:00:30+00:00,0.04625,0.02975,0.054,0.056
Hibernian Stadium,64.0,7.0,116.64,2025-07-24 18:15:30+00:00,0.03475,0.02175,0.04825,0.04025
Hibernian Stadium,64.0,7.0,116.64,2025-07-24 18:30:30+00:00,0.028,0.012,0.041,0.032
Hibernian Stadium,64.0,7.0,116.64,2025-07-24 18:45:30+00:00,0.02175,0.00425,0.03425,0.0245
Hibernian Stadium,64.0,7.0,116.64,2025-07-24 19:00:30+00:00,0.00875,0.002,0.02675,0.00925
Hibernian Stadium,64.0,7.0,116.64,2025-07-24 19:15:30+00:00,0.0085,0.00175,0.0175,0.0085
Hibernian Stadium,64.0,7.0,116.64,2025-07-24 19:30:30+00:00,0.007,0.0015,0.01225,0.00725
Hibernian Stadium,64.0,7.0,116.64,2025-07-24 19:45:30+00:00,0.004,0.0015,0.008,0.004
Hibernian Stadium,64.0,7.0,116.64,2025-07-24 20:00:30+00:00,0.003,0.001,0.005,0.003
Hibernian Stadium,64.0,7.0,116.64,2025-07-24 20:15:30+00:00,0.00175,0.0005,0.00275,0.00175
Hibernian Stadium,64.0,7.0,116.64,2025-07-24 20:30:30+00:00,0.0,0.0,0.0,0.0
Hibernian Stadium,64.0,7.0,116.64,2025-07-24 20:45:30+00:00,0.0,0.0,0.0,0.0
Hibernian Stadium,64.0,7.0,116.64,2025-07-24 21:00:30+00:00,0.0,0.0,0.0,0.0
Hibernian Stadium,64.0,7.0,116.64,2025-07-24 21:15:30+00:00,0.0,0.0,0.0,0.0
Hibernian Stadium,64.0,7.0,116.64,2025-07-24 21:30:30+00:00,0.0,0.0,0.0,0.0
Hibernian Stadium,64.0,7.0,116.64,2025-07-24 21:45:30+00:00,0.0,0.0,0.0,0.0
Hibernian Stadium,64.0,7.0,116.64,2025-07-24 22:00:30+00:00,0.0,0.0,0.0,0.0
Hibernian Stadium,64.0,7.0,116.64,2025-07-24 22:15:30+00:00,0.0,0.0,0.0,0.0
Hibernian Stadium,64.0,7.0,116.64,2025-07-24 22:30:30+00:00,0.0,0.0,0.0,0.0
Hibernian Stadium,64.0,7.0,116.64,2025-07-24 22:45:30+00:00,0.0,0.0,0.0,0.0
Hibernian Stadium,64.0,7.0,116.64,2025-07-24 23:00:30+00:00,0.0,0.0,0.0,0.0
Hibernian Stadium,64.0,7.0,116.64,2025-07-24 23:15:30+00:00,0.0,0.0,0.0,0.0
Hibernian Stadium,64.0,7.0,116.64,2025-07-24 23:30:30+00:00,0.0,0.0,0.0,0.0
Hibernian Stadium,64.0,7.0,116.64,2025-07-24 23:45:30+00:00,0.0,0.0,0.0,0.0
Hibernian Stadium,64.0,7.0,116.64,2025-07-25 00:00:30+00:00,0.0,0.0,0.0,0.0
Hibernian Stadium,64.0,7.0,116.64,2025-07-25 00:15:30+00:00,0.0,0.0,0.0,0.0
Hibernian Stadium,64.0,7.0,116.64,2025-07-25 00:30:30+00:00,0.0,0.0,0.0,0.0
Hibernian Stadium,64.0,7.0,116.64,2025-07-25 00:45:30+00:00,0.0,0.0,0.0,0.0
Hibernian Stadium,64.0,7.0,116.64,2025-07-25 01:00:30+00:00,0.0,0.0,0.0,0.0
Hibernian Stadium,64.0,7.0,116.64,2025-07-25 01:15:30+00:00,0.0,0.0,0.0,0.0
Hibernian Stadium,64.0,7.0,116.64,2025-07-25 01:30:30+00:00,0.0,0.0,0.0,0.0
Hibernian Stadium,64.0,7.0,116.64,2025-07-25 01:45:30+00:00,0.0,0.0,0.0,0.0
Hibernian Stadium,64.0,7.0,116.64,2025-07-25 02:00:30+00:00,0.0,0.0,0.0,0.0
Hibernian Stadium,64.0,7.0,116.64,2025-07-25 02:15:30+00:00,0.0,0.0,0.0,0.0
Hibernian Stadium,64.0,7.0,116.64,2025-07-25 02:30:30+00:00,0.0,0.0,0.0,0.0
Hibernian Stadium,64.0,7.0,116.64,2025-07-25 02:45:30+00:00,0.0,0.0,0.0,0.0
Hibernian Stadium,64.0,7.0,116.64,2025-07-25 03:00:30+00:00,0.0,0.0,0.0,0.0
Hibernian Stadium,64.0,7.0,116.64,2025-07-25 03:15:30+00:00,0.0,0.0,0.0,0.0
Hibernian Stadium,64.0,7.0,116.64,2025-07-25 03:30:30+00:00,0.0,0.0,0.0,0.0
Hibernian Stadium,64.0,7.0,116.64,2025-07-25 03:45:30+00:00,0.0,0.0,0.0,0.0
Hibernian Stadium,64.0,7.0,116.64,2025-07-25 04:00:30+00:00,0.0,0.0,0.00025,0.0
Hibernian Stadium,64.0,7.0,116.64,2025-07-25 04:15:30+00:00,0.0,0.0,0.0005,0.0
Hibernian Stadium,64.0,7.0,116.64,2025-07-25 04:30:30+00:00,0.00025,0.00025,0.00125,0.00025
Hibernian Stadium,64.0,7.0,116.64,2025-07-25 04:45:30+00:00,0.00075,0.0005,0.0025,0.00075
Hibernian Stadium,64.0,7.0,116.64,2025-07-25 05:00:30+00:00,0.003,0.00125,0.0125,0.00325
Hibernian Stadium,64.0,7.0,116.64,2025-07-25 05:15:30+00:00,0.00975,0.002,0.02325,0.00975
Hibernian Stadium,64.0,7.0,116.64,2025-07-25 05:30:30+00:00,0.021,0.00425,0.03525,0.019
Hibernian Stadium,64.0,7.0,116.64,2025-07-25 05:45:30+00:00,0.02625,0.00525,0.042,0.02375
Hibernian Stadium,64.0,7.0,116.64,2025-07-25 06:00:30+00:00,0.01725,0.004,0.04275,0.01675
Hibernian Stadium,64.0,7.0,116.64,2025-07-25 06:15:30+00:00,0.018,0.0045,0.03775,0.018
Hibernian Stadium,64.0,7.0,116.64,2025-07-25 06:30:30+00:00,0.0085,0.005,0.0345,0.00875
Hibernian Stadium,64.0,7.0,116.64,2025-07-25 06:45:30+00:00,0.02625,0.006,0.04075,0.026
Hibernian Stadium,64.0,7.0,116.64,2025-07-25 07:00:30+00:00,0.0265,0.00725,0.04475,0.02625
Hibernian Stadium,64.0,7.0,116.64,2025-07-25 07:15:30+00:00,0.025,0.00975,0.04875,0.02525
Hibernian Stadium,64.0,7.0,116.64,2025-07-25 07:30:30+00:00,0.0365,0.01325,0.056,0.03625
Hibernian Stadium,64.0,7.0,116.64,2025-07-25 07:45:30+00:00,0.0415,0.02075,0.0675,0.04125
Hibernian Stadium,64.0,7.0,116.64,2025-07-25 08:00:30+00:00,0.05425,0.0305,0.0755,0.0535
Hibernian Stadium,64.0,7.0,116.64,2025-07-25 08:15:30+00:00,0.06275,0.037,0.0765,0.06175
Hibernian Stadium,64.0,7.0,116.64,2025-07-25 08:30:30+00:00,0.0525,0.03525,0.08175,0.05225
Hibernian Stadium,64.0,7.0,116.64,2025-07-25 08:45:30+00:00,0.06075,0.03175,0.0875,0.06025
Hibernian Stadium,64.0,7.0,116.64,2025-07-25 09:00:30+00:00,0.065,0.041,0.10275,0.0645
Hibernian Stadium,64.0,7.0,116.64,2025-07-25 09:15:30+00:00,0.091,0.05025,0.11425,0.089
Hibernian Stadium,64.0,7.0,116.64,2025-07-25 09:30:30+00:00,0.08875,0.052,0.126,0.0875
Hibernian Stadium,64.0,7.0,116.64,2025-07-25 09:45:30+00:00,0.08675,0.04025,0.12425,0.08575
Hibernian Stadium,64.0,7.0,116.64,2025-07-25 10:00:30+00:00,0.0705,0.02775,0.1155,0.0705
Hibernian Stadium,64.0,7.0,116.64,2025-07-25 10:15:30+00:00,0.05775,0.0265,0.09875,0.058
Hibernian Stadium,64.0,7.0,116.64,2025-07-25 10:30:30+00:00,0.05925,0.0325,0.09075,0.05975
Hibernian Stadium,64.0,7.0,116.64,2025-07-25 10:45:30+00:00,0.06725,0.044,0.09075,0.06775
Hibernian Stadium,64.0,7.0,116.64,2025-07-25 11:00:30+00:00,0.075,0.049,0.0925,0.07575
Hibernian Stadium,64.0,7.0,116.64,2025-07-25 11:15:30+00:00,0.06925,0.04875,0.093,0.06975
Hibernian Stadium,64.0,7.0,116.64,2025-07-25 11:30:30+00:00,0.068,0.04875,0.091,0.06875
Hibernian Stadium,64.0,7.0,116.64,2025-07-25 11:45:30+00:00,0.072,0.0465,0.0895,0.07275
Hibernian Stadium,64.0,7.0,116.64,2025-07-25 12:00:30+00:00,0.0635,0.0415,0.09125,0.06425
Hibernian Stadium,64.0,7.0,116.64,2025-07-25 12:15:30+00:00,0.06325,0.03475,0.094,0.064
Hibernian Stadium,64.0,7.0,116.64,2025-07-25 12:30:30+00:00,0.06575,0.038,0.1065,0.06675
Hibernian Stadium,64.0,7.0,116.64,2025-07-25 12:45:30+00:00,0.08675,0.039,0.1075,0.08875
Hibernian Stadium,64.0,7.0,116.64,2025-07-25 13:00:30+00:00,0.06775,0.03675,0.106,0.06925
Hibernian Stadium,64.0,7.0,116.64,2025-07-25 13:15:30+00:00,0.059,0.029,0.0955,0.06025
Hibernian Stadium,64.0,7.0,116.64,2025-07-25 13:30:30+00:00,0.05925,0.03225,0.0955,0.06025
Hibernian Stadium,64.0,7.0,116.64,2025-07-25 13:45:30+00:00,0.072,0.0395,0.09775,0.07425
Hibernian Stadium,64.0,7.0,116.64,2025-07-25 14:00:30+00:00,0.075,0.048,0.0995,0.0775
Hibernian Stadium,64.0,7.0,116.64,2025-07-25 14:15:30+00:00,0.074,0.04675,0.09775,0.0765
Hibernian Stadium,64.0,7.0,116.64,2025-07-25 14:30:30+00:00,0.068,0.03475,0.09975,0.07
Hibernian Stadium,64.0,7.0,116.64,2025-07-25 14:45:30+00:00,0.05875,0.0175,0.11925,0.0605
Hibernian Stadium,64.0,7.0,116.64,2025-07-25 15:00:30+00:00,0.0755,0.015,0.13875,0.07925
Hibernian Stadium,64.0,7.0,116.64,2025-07-25 15:15:30+00:00,0.0885,0.02875,0.155,0.0955
Hibernian Stadium,64.0,7.0,116.64,2025-07-25 15:30:30+00:00,0.11525,0.0425,0.1425,0.1285
Hibernian Stadium,64.0,7.0,116.64,2025-07-25 15:45:30+00:00,0.0845,0.048,0.137,0.092
Hibernian Stadium,64.0,7.0,116.64,2025-07-25 16:00:30+00:00,0.07475,0.0435,0.11625,0.08125
Hibernian Stadium,64.0,7.0,116.64,2025-07-25 16:15:30+00:00,0.07875,0.03475,0.10625,0.08675
Hibernian Stadium,64.0,7.0,116.64,2025-07-25 16:30:30+00:00,0.06025,0.025,0.0995,0.06475
Hibernian Stadium,64.0,7.0,116.64,2025-07-25 16:45:30+00:00,0.0465,0.0115,0.08575,0.0485
Hibernian Stadium,64.0,7.0,116.64,2025-07-25 17:00:30+00:00,0.037,0.0075,0.0735,0.03825
Hibernian Stadium,64.0,7.0,116.64,2025-07-25 17:15:30+00:00,0.02575,0.00675,0.0615,0.02625
Hibernian Stadium,64.0,7.0,116.64,2025-07-25 17:30:30+00:00,0.022,0.006,0.06375,0.0225
Hibernian Stadium,64.0,7.0,116.64,2025-07-25 17:45:30+00:00,0.0415,0.00825,0.058,0.047
Hibernian Stadium,64.0,7.0,116.64,2025-07-25 18:00:30+00:00,0.0335,0.01525,0.05575,0.03675
Hibernian Stadium,64.0,7.0,116.64,2025-07-25 18:15:30+00:00,0.0295,0.016,0.04425,0.03275
Hibernian Stadium,64.0,7.0,116.64,2025-07-25 18:30:30+00:00,0.02675,0.017,0.034,0.03075
Hibernian Stadium,64.0,7.0,116.64,2025-07-25 18:45:30+00:00,0.02125,0.01275,0.02875,0.02425
Hibernian Stadium,64.0,7.0,116.64,2025-07-25 19:00:30+00:00,0.015,0.00825,0.0235,0.01625
Hibernian Stadium,64.0,7.0,116.64,2025-07-25 19:15:30+00:00,0.0105,0.005,0.01725,0.01125
Hibernian Stadium,64.0,7.0,116.64,2025-07-25 19:30:30+00:00,0.00725,0.003,0.012,0.0075
Hibernian Stadium,64.0,7.0,116.64,2025-07-25 19:45:30+00:00,0.0045,0.002,0.008,0.0045
Hibernian Stadium,64.0,7.0,116.64,2025-07-25 20:00:30+00:00,0.00325,0.00125,0.005,0.00325
Hibernian Stadium,64.0,7.0,116.64,2025-07-25 20:15:30+00:00,0.00175,0.0005,0.00275,0.00175
Hibernian Stadium,64.0,7.0,116.64,2025-07-25 20:30:30+00:00,0.0,0.0,0.0,0.0
Hibernian Stadium,64.0,7.0,116.64,2025-07-25 20:45:30+00:00,0.0,0.0,0.0,0.0
Hibernian Stadium,64.0,7.0,116.64,2025-07-25 21:00:30+00:00,0.0,0.0,0.0,0.0
Hibernian Stadium,64.0,7.0,116.64,2025-07-25 21:15:30+00:00,0.0,0.0,0.0,0.0
Hibernian Stadium,64.0,7.0,116.64,2025-07-25 21:30:30+00:00,0.0,0.0,0.0,0.0
Hibernian Stadium,64.0,7.0,116.64,2025-07-25 21:45:30+00:00,0.0,0.0,0.0,0.0
Hibernian Stadium,64.0,7.0,116.64,2025-07-25 22:00:30+00:00,0.0,0.0,0.0,0.0
Hibernian Stadium,64.0,7.0,116.64,2025-07-25 22:15:30+00:00,0.0,0.0,0.0,0.0
Hibernian Stadium,64.0,7.0,116.64,2025-07-25 22:30:30+00:00,0.0,0.0,0.0,0.0
Hibernian Stadium,64.0,7.0,116.64,2025-07-25 22:45:30+00:00,0.0,0.0,0.0,0.0
Hibernian Stadium,64.0,7.0,116.64,2025-07-25 23:00:30+00:00,0.0,0.0,0.0,0.0
Hibernian Stadium,64.0,7.0,116.64,2025-07-25 23:15:30+00:00,0.0,0.0,0.0,0.0
Hibernian Stadium,64.0,7.0,116.64,2025-07-25 23:30:30+00:00,0.0,0.0,0.0,0.0
Hibernian Stadium,64.0,7.0,116.64,2025-07-25 23:45:30+00:00,0.0,0.0,0.0,0.0
Hibernian Stadium,64.0,7.0,116.64,2025-07-26 00:00:30+00:00,0.0,0.0,0.0,0.0
Hibernian Stadium,64.0,7.0,116.64,2025-07-26 00:15:30+00:00,0.0,0.0,0.0,0.0
Hibernian Stadium,64.0,7.0,116.64,2025-07-26 00:30:30+00:00,0.0,0.0,0.0,0.0
Hibernian Stadium,64.0,7.0,116.64,2025-07-26 00:45:30+00:00,0.0,0.0,0.0,0.0
Hibernian Stadium,64.0,7.0,116.64,2025-07-26 01:00:30+00:00,0.0,0.0,0.0,0.0
Hibernian Stadium,64.0,7.0,116.64,2025-07-26 01:15:30+00:00,0.0,0.0,0.0,0.0
Hibernian Stadium,64.0,7.0,116.64,2025-07-26 01:30:30+00:00,0.0,0.0,0.0,0.0
Hibernian Stadium,64.0,7.0,116.64,2025-07-26 01:45:30+00:00,0.0,0.0,0.0,0.0
Hibernian Stadium,64.0,7.0,116.64,2025-07-26 02:00:30+00:00,0.0,0.0,0.0,0.0
Hibernian Stadium,64.0,7.0,116.64,2025-07-26 02:15:30+00:00,0.0,0.0,0.0,0.0
Hibernian Stadium,64.0,7.0,116.64,2025-07-26 02:30:30+00:00,0.0,0.0,0.0,0.0
Hibernian Stadium,64.0,7.0,116.64,2025-07-26 02:45:30+00:00,0.0,0.0,0.0,0.0
Hibernian Stadium,64.0,7.0,116.64,2025-07-26 03:00:30+00:00,0.0,0.0,0.0,0.0
Hibernian Stadium,64.0,7.0,116.64,2025-07-26 03:15:30+00:00,0.0,0.0,0.0,0.0
Hibernian Stadium,64.0,7.0,116.64,2025-07-26 03:30:30+00:00,0.0,0.0,0.0,0.0
Hibernian Stadium,64.0,7.0,116.64,2025-07-26 03:45:30+00:00,0.0,0.0,0.0,0.0
Hibernian Stadium,64.0,7.0,116.64,2025-07-26 04:00:30+00:00,0.0,0.0,0.00025,0.0
Hibernian Stadium,64.0,7.0,116.64,2025-07-26 04:15:30+00:00,0.00025,0.00025,0.001,0.00025
Hibernian Stadium,64.0,7.0,116.64,2025-07-26 04:30:30+00:00,0.00075,0.0005,0.00275,0.00075
Hibernian Stadium,64.0,7.0,116.64,2025-07-26 04:45:30+00:00,0.00125,0.00075,0.005,0.00125
Hibernian Stadium,64.0,7.0,116.64,2025-07-26 05:00:30+00:00,0.0115,0.00225,0.017,0.01025
Hibernian Stadium,64.0,7.0,116.64,2025-07-26 05:15:30+00:00,0.006,0.002,0.0205,0.00575
Hibernian Stadium,64.0,7.0,116.64,2025-07-26 05:30:30+00:00,0.00325,0.0025,0.0135,0.0035
Hibernian Stadium,64.0,7.0,116.64,2025-07-26 05:45:30+00:00,0.007,0.003,0.02275,0.007
Hibernian Stadium,64.0,7.0,116.64,2025-07-26 06:00:30+00:00,0.0075,0.00375,0.02975,0.0075
Hibernian Stadium,64.0,7.0,116.64,2025-07-26 06:15:30+00:00,0.02525,0.005,0.0375,0.024
Hibernian Stadium,64.0,7.0,116.64,2025-07-26 06:30:30+00:00,0.0175,0.00525,0.042,0.0175
Hibernian Stadium,64.0,7.0,116.64,2025-07-26 06:45:30+00:00,0.01775,0.00575,0.046,0.018
Hibernian Stadium,64.0,7.0,116.64,2025-07-26 07:00:30+00:00,0.0285,0.0065,0.061,0.02825
Hibernian Stadium,64.0,7.0,116.64,2025-07-26 07:15:30+00:00,0.05325,0.0105,0.06975,0.05025
Hibernian Stadium,64.0,7.0,116.64,2025-07-26 07:30:30+00:00,0.0335,0.0105,0.07,0.03275
Hibernian Stadium,64.0,7.0,116.64,2025-07-26 07:45:30+00:00,0.03475,0.01025,0.062,0.03475
Hibernian Stadium,64.0,7.0,116.64,2025-07-26 08:00:30+00:00,0.04075,0.01625,0.06475,0.0405
Hibernian Stadium,64.0,7.0,116.64,2025-07-26 08:15:30+00:00,0.0455,0.028,0.07025,0.04525
Hibernian Stadium,64.0,7.0,116.64,2025-07-26 08:30:30+00:00,0.06175,0.031,0.084,0.0605
Hibernian Stadium,64.0,7.0,116.64,2025-07-26 08:45:30+00:00,0.06375,0.0295,0.09125,0.063
Hibernian Stadium,64.0,7.0,116.64,2025-07-26 09:00:30+00:00,0.0555,0.0335,0.10625,0.05525
Hibernian Stadium,64.0,7.0,116.64,2025-07-26 09:15:30+00:00,0.0925,0.0435,0.1205,0.08975
Hibernian Stadium,64.0,7.0,116.64,2025-07-26 09:30:30+00:00,0.09475,0.056,0.126,0.093
Hibernian Stadium,64.0,7.0,116.64,2025-07-26 09:45:30+00:00,0.08575,0.05,0.1245,0.085
Hibernian Stadium,64.0,7.0,116.64,2025-07-26 10:00:30+00:00,0.081,0.04325,0.12225,0.0805
Hibernian Stadium,64.0,7.0,116.64,2025-07-26 10:15:30+00:00,0.08125,0.04975,0.14125,0.081
Hibernian Stadium,64.0,7.0,116.64,2025-07-26 10:30:30+00:00,0.1245,0.04975,0.167,0.1235
Hibernian Stadium,64.0,7.0,116.64,2025-07-26 10:45:30+00:00,0.11725,0.05,0.18075,0.11675
Hibernian Stadium,64.0,7.0,116.64,2025-07-26 11:00:30+00:00,0.10325,0.057,0.20075,0.10375
Hibernian Stadium,64.0,7.0,116.64,2025-07-26 11:15:30+00:00,0.16575,0.0705,0.205,0.16675
Hibernian Stadium,64.0,7.0,116.64,2025-07-26 11:30:30+00:00,0.143,0.08875,0.2115,0.14475
Hibernian Stadium,64.0,7.0,116.64,2025-07-26 11:45:30+00:00,0.144,0.083,0.212,0.1465
Hibernian Stadium,64.0,7.0,116.64,2025-07-26 12:00:30+00:00,0.155,0.07325,0.20625,0.159
Hibernian Stadium,64.0,7.0,116.64,2025-07-26 12:15:30+00:00,0.12025,0.0475,0.19475,0.12325
Hibernian Stadium,64.0,7.0,116.64,2025-07-26 12:30:30+00:00,0.0875,0.03625,0.17575,0.0895
Hibernian Stadium,64.0,7.0,116.64,2025-07-26 12:45:30+00:00,0.108,0.036,0.16575,0.1115
Hibernian Stadium,64.0,7.0,116.64,2025-07-26 13:00:30+00:00,0.10675,0.063,0.1725,0.11025
Hibernian Stadium,64.0,7.0,116.64,2025-07-26 13:15:30+00:00,0.135,0.0605,0.186,0.14225
Hibernian Stadium,64.0,7.0,116.64,2025-07-26 13:30:30+00:00,0.129,0.04875,0.1915,0.136
Hibernian Stadium,64.0,7.0,116.64,2025-07-26 13:45:30+00:00,0.0965,0.01925,0.1775,0.1005
Hibernian Stadium,64.0,7.0,116.64,2025-07-26 14:00:30+00:00,0.05025,0.01425,0.1525,0.0515
Hibernian Stadium,64.0,7.0,116.64,2025-07-26 14:15:30+00:00,0.054,0.01375,0.15325,0.05525
Hibernian Stadium,64.0,7.0,116.64,2025-07-26 14:30:30+00:00,0.10225,0.02025,0.16775,0.109
Hibernian Stadium,64.0,7.0,116.64,2025-07-26 14:45:30+00:00,0.11425,0.0505,0.16775,0.1235
Hibernian Stadium,64.0,7.0,116.64,2025-07-26 15:00:30+00:00,0.11225,0.07125,0.15275,0.123
Hibernian Stadium,64.0,7.0,116.64,2025-07-26 15:15:30+00:00,0.1095,0.07975,0.1335,0.12075
Hibernian Stadium,64.0,7.0,116.64,2025-07-26 15:30:30+00:00,0.09925,0.07,0.12625,0.10875
Hibernian Stadium,64.0,7.0,116.64,2025-07-26 15:45:30+00:00,0.08475,0.05575,0.11375,0.092
Hibernian Stadium,64.0,7.0,116.64,2025-07-26 16:00:30+00:00,0.07075,0.0535,0.101,0.07575
Hibernian Stadium,64.0,7.0,116.64,2025-07-26 16:15:30+00:00,0.0735,0.0515,0.08975,0.07975
Hibernian Stadium,64.0,7.0,116.64,2025-07-26 16:30:30+00:00,0.0685,0.049,0.0825,0.0745
Hibernian Stadium,64.0,7.0,116.64,2025-07-26 16:45:30+00:00,0.0555,0.04,0.0745,0.05975
Hibernian Stadium,64.0,7.0,116.64,2025-07-26 17:00:30+00:00,0.047,0.03375,0.06425,0.04975
Hibernian Stadium,64.0,7.0,116.64,2025-07-26 17:15:30+00:00,0.0435,0.03025,0.0565,0.0465
Hibernian Stadium,64.0,7.0,116.64,2025-07-26 17:30:30+00:00,0.0395,0.027,0.0555,0.04225
Hibernian Stadium,64.0,7.0,116.64,2025-07-26 17:45:30+00:00,0.03925,0.0215,0.053,0.0435
Hibernian Stadium,64.0,7.0,116.64,2025-07-26 18:00:30+00:00,0.034,0.01275,0.048,0.0375
Hibernian Stadium,64.0,7.0,116.64,2025-07-26 18:15:30+00:00,0.01875,0.00625,0.04025,0.01975
Hibernian Stadium,64.0,7.0,116.64,2025-07-26 18:30:30+00:00,0.015,0.0035,0.03175,0.01525
Hibernian Stadium,64.0,7.0,116.64,2025-07-26 18:45:30+00:00,0.0145,0.003,0.02775,0.01475
Hibernian Stadium,64.0,7.0,116.64,2025-07-26 19:00:30+00:00,0.01325,0.00275,0.0245,0.014
Hibernian Stadium,64.0,7.0,116.64,2025-07-26 19:15:30+00:00,0.01175,0.00325,0.0185,0.0135
Hibernian Stadium,64.0,7.0,116.64,2025-07-26 19:30:30+00:00,0.00875,0.00375,0.0135,0.00975
Hibernian Stadium,64.0,7.0,116.64,2025-07-26 19:45:30+00:00,0.0055,0.00325,0.0085,0.00575
Hibernian Stadium,64.0,7.0,116.64,2025-07-26 20:00:30+00:00,0.004,0.002,0.00575,0.004
Hibernian Stadium,64.0,7.0,116.64,2025-07-26 20:15:30+00:00,0.00225,0.001,0.003,0.00225
Hibernian Stadium,64.0,7.0,116.64,2025-07-26 20:30:30+00:00,0.0,0.0,0.0,0.0
Hibernian Stadium,64.0,7.0,116.64,2025-07-26 20:45:30+00:00,0.0,0.0,0.0,0.0
Hibernian Stadium,64.0,7.0,116.64,2025-07-26 21:00:30+00:00,0.0,0.0,0.0,0.0
Hibernian Stadium,64.0,7.0,116.64,2025-07-26 21:15:30+00:00,0.0,0.0,0.0,0.0
Hibernian Stadium,64.0,7.0,116.64,2025-07-26 21:30:30+00:00,0.0,0.0,0.0,0.0
Hibernian Stadium,64.0,7.0,116.64,2025-07-26 21:45:30+00:00,0.0,0.0,0.0,0.0
Hibernian Stadium,64.0,7.0,116.64,2025-07-26 22:00:30+00:00,0.0,0.0,0.0,0.0
Hibernian Stadium,64.0,7.0,116.64,2025-07-26 22:15:30+00:00,0.0,0.0,0.0,0.0
Hibernian Stadium,64.0,7.0,116.64,2025-07-26 22:30:30+00:00,0.0,0.0,0.0,0.0
Hibernian Stadium,64.0,7.0,116.64,2025-07-26 22:45:30+00:00,0.0,0.0,0.0,0.0
Hibernian Stadium,64.0,7.0,116.64,2025-07-26 23:00:30+00:00,0.0,0.0,0.0,0.0
Hibernian Stadium,64.0,7.0,116.64,2025-07-26 23:15:30+00:00,0.0,0.0,0.0,0.0
Hibernian Stadium,64.0,7.0,116.64,2025-07-26 23:30:30+00:00,0.0,0.0,0.0,0.0
Hibernian Stadium,64.0,7.0,116.64,2025-07-26 23:45:30+00:00,0.0,0.0,0.0,0.0
Hibernian Stadium,64.0,7.0,116.64,2025-07-27 00:00:30+00:00,0.0,0.0,0.0,0.0
Hibernian Stadium,64.0,7.0,116.64,2025-07-27 00:15:30+00:00,0.0,0.0,0.0,0.0
Hibernian Stadium,64.0,7.0,116.64,2025-07-27 00:30:30+00:00,0.0,0.0,0.0,0.0
Hibernian Stadium,64.0,7.0,116.64,2025-07-27 00:45:30+00:00,0.0,0.0,0.0,0.0
Hibernian Stadium,64.0,7.0,116.64,2025-07-27 01:00:30+00:00,0.0,0.0,0.0,0.0
Hibernian Stadium,64.0,7.0,116.64,2025-07-27 01:15:30+00:00,0.0,0.0,0.0,0.0
Hibernian Stadium,64.0,7.0,116.64,2025-07-27 01:30:30+00:00,0.0,0.0,0.0,0.0
Hibernian Stadium,64.0,7.0,116.64,2025-07-27 01:45:30+00:00,0.0,0.0,0.0,0.0
Hibernian Stadium,64.0,7.0,116.64,2025-07-27 02:00:30+00:00,0.0,0.0,0.0,0.0
Hibernian Stadium,64.0,7.0,116.64,2025-07-27 02:15:30+00:00,0.0,0.0,0.0,0.0
Hibernian Stadium,64.0,7.0,116.64,2025-07-27 02:30:30+00:00,0.0,0.0,0.0,0.0
Hibernian Stadium,64.0,7.0,116.64,2025-07-27 02:45:30+00:00,0.0,0.0,0.0,0.0
Hibernian Stadium,64.0,7.0,116.64,2025-07-27 03:00:30+00:00,0.0,0.0,0.0,0.0
Hibernian Stadium,64.0,7.0,116.64,2025-07-27 03:15:30+00:00,0.0,0.0,0.0,0.0
Hibernian Stadium,64.0,7.0,116.64,2025-07-27 03:30:30+00:00,0.0,0.0,0.0,0.0
Hibernian Stadium,64.0,7.0,116.64,2025-07-27 03:45:30+00:00,0.0,0.0,0.0,0.0
Hibernian Stadium,64.0,7.0,116.64,2025-07-27 04:00:30+00:00,0.0,0.0,0.0,0.0
Hibernian Stadium,64.0,7.0,116.64,2025-07-27 04:15:30+00:00,0.0005,0.0,0.0015,0.0005
Hibernian Stadium,64.0,7.0,116.64,2025-07-27 04:30:30+00:00,0.00175,0.0005,0.00375,0.00175
Hibernian Stadium,64.0,7.0,116.64,2025-07-27 04:45:30+00:00,0.0035,0.00075,0.00675,0.0035
Hibernian Stadium,64.0,7.0,116.64,2025-07-27 05:00:30+00:00,0.00525,0.0015,0.0105,0.00525
Hibernian Stadium,64.0,7.0,116.64,2025-07-27 05:15:30+00:00,0.00725,0.002,0.01525,0.00725
Hibernian Stadium,64.0,7.0,116.64,2025-07-27 05:30:30+00:00,0.013,0.00275,0.0195,0.01275
Hibernian Stadium,64.0,7.0,116.64,2025-07-27 05:45:30+00:00,0.0115,0.00325,0.02625,0.01175
Hibernian Stadium,64.0,7.0,116.64,2025-07-27 06:00:30+00:00,0.02075,0.00425,0.0345,0.02025
Hibernian Stadium,64.0,7.0,116.64,2025-07-27 06:15:30+00:00,0.02475,0.0115,0.04325,0.02425
Hibernian Stadium,64.0,7.0,116.64,2025-07-27 06:30:30+00:00,0.0385,0.01625,0.05075,0.03575
Hibernian Stadium,64.0,7.0,116.64,2025-07-27 06:45:30+00:00,0.035,0.0175,0.0585,0.0335
Hibernian Stadium,64.0,7.0,116.64,2025-07-27 07:00:30+00:00,0.04125,0.00925,0.065,0.0395
Hibernian Stadium,64.0,7.0,116.64,2025-07-27 07:15:30+00:00,0.0335,0.0075,0.0685,0.033
Hibernian Stadium,64.0,7.0,116.64,2025-07-27 07:30:30+00:00,0.02375,0.00825,0.06175,0.024
Hibernian Stadium,64.0,7.0,116.64,2025-07-27 07:45:30+00:00,0.01575,0.00875,0.0505,0.01575
Hibernian Stadium,64.0,7.0,116.64,2025-07-27 08:00:30+00:00,0.00875,0.00575,0.0355,0.009
Hibernian Stadium,64.0,7.0,116.64,2025-07-27 08:15:30+00:00,0.018,0.01025,0.0505,0.01825
Hibernian Stadium,64.0,7.0,116.64,2025-07-27 08:30:30+00:00,0.03025,0.01075,0.06875,0.03025
Hibernian Stadium,64.0,7.0,116.64,2025-07-27 08:45:30+00:00,0.0265,0.0115,0.0915,0.0265
Hibernian Stadium,64.0,7.0,116.64,2025-07-27 09:00:30+00:00,0.056,0.01225,0.117,0.05525
Hibernian Stadium,64.0,7.0,116.64,2025-07-27 09:15:30+00:00,0.08625,0.01725,0.125,0.08425
Hibernian Stadium,64.0,7.0,116.64,2025-07-27 09:30:30+00:00,0.04075,0.01325,0.121,0.0405
Hibernian Stadium,64.0,7.0,116.64,2025-07-27 09:45:30+00:00,0.03675,0.01375,0.098,0.037
Hibernian Stadium,64.0,7.0,116.64,2025-07-27 10:00:30+00:00,0.0275,0.014,0.0935,0.02775
Hibernian Stadium,64.0,7.0,116.64,2025-07-27 10:15:30+00:00,0.042,0.0145,0.101,0.04225
Hibernian Stadium,64.0,7.0,116.64,2025-07-27 10:30:30+00:00,0.07525,0.0155,0.1155,0.07525
Hibernian Stadium,64.0,7.0,116.64,2025-07-27 10:45:30+00:00,0.07825,0.03375,0.12075,0.0785
Hibernian Stadium,64.0,7.0,116.64,2025-07-27 11:00:30+00:00,0.078,0.02975,0.12175,0.0785
Hibernian Stadium,64.0,7.0,116.64,2025-07-27 11:15:30+00:00,0.0705,0.02975,0.13525,0.071
Hibernian Stadium,64.0,7.0,116.64,2025-07-27 11:30:30+00:00,0.09825,0.036,0.1615,0.0995
Hibernian Stadium,64.0,7.0,116.64,2025-07-27 11:45:30+00:00,0.12625,0.057,0.16675,0.1285
Hibernian Stadium,64.0,7.0,116.64,2025-07-27 12:00:30+00:00,0.11025,0.0715,0.17325,0.11225
Hibernian Stadium,64.0,7.0,116.64,2025-07-27 12:15:30+00:00,0.129,0.0715,0.1625,0.1325
Hibernian Stadium,64.0,7.0,116.64,2025-07-27 12:30:30+00:00,0.11175,0.05075,0.1675,0.11475
Hibernian Stadium,64.0,7.0,116.64,2025-07-27 12:45:30+00:00,0.086,0.03375,0.158,0.088
Hibernian Stadium,64.0,7.0,116.64,2025-07-27 13:00:30+00:00,0.088,0.0175,0.1535,0.0905
Hibernian Stadium,64.0,7.0,116.64,2025-07-27 13:15:30+00:00,0.05675,0.01525,0.165,0.058
Hibernian Stadium,64.0,7.0,116.64,2025-07-27 13:30:30+00:00,0.1015,0.02025,0.18975,0.106
Hibernian Stadium,64.0,7.0,116.64,2025-07-27 13:45:30+00:00,0.1405,0.05275,0.193,0.1505
Hibernian Stadium,64.0,7.0,116.64,2025-07-27 14:00:30+00:00,0.13775,0.079,0.1875,0.1485
Hibernian Stadium,64.0,7.0,116.64,2025-07-27 14:15:30+00:00,0.12525,0.0825,0.16275,0.135
Hibernian Stadium,64.0,7.0,116.64,2025-07-27 14:30:30+00:00,0.10525,0.0835,0.1565,0.1125
Hibernian Stadium,64.0,7.0,116.64,2025-07-27 14:45:30+00:00,0.12475,0.0695,0.1425,0.1365
Hibernian Stadium,64.0,7.0,116.64,2025-07-27 15:00:30+00:00,0.09125,0.0705,0.1415,0.09825
Hibernian Stadium,64.0,7.0,116.64,2025-07-27 15:15:30+00:00,0.09825,0.0645,0.13375,0.10725
Hibernian Stadium,64.0,7.0,116.64,2025-07-27 15:30:30+00:00,0.10625,0.06875,0.1285,0.11875
Hibernian Stadium,64.0,7.0,116.64,2025-07-27 15:45:30+00:00,0.09425,0.075,0.12625,0.10425
Hibernian Stadium,64.0,7.0,116.64,2025-07-27 16:00:30+00:00,0.09725,0.0705,0.11,0.1105
Hibernian Stadium,64.0,7.0,116.64,2025-07-27 16:15:30+00:00,0.0825,0.06625,0.10325,0.09225
Hibernian Stadium,64.0,7.0,116.64,2025-07-27 16:30:30+00:00,0.07275,0.06075,0.09325,0.08125
Hibernian Stadium,64.0,7.0,116.64,2025-07-27 16:45:30+00:00,0.073,0.0555,0.086,0.08425
Hibernian Stadium,64.0,7.0,116.64,2025-07-27 17:00:30+00:00,0.06775,0.05225,0.07925,0.079
Hibernian Stadium,64.0,7.0,116.64,2025-07-27 17:15:30+00:00,0.058,0.04775,0.077,0.0665
Hibernian Stadium,64.0,7.0,116.64,2025-07-27 17:30:30+00:00,0.05775,0.04125,0.068,0.06925
Hibernian Stadium,64.0,7.0,116.64,2025-07-27 17:45:30+00:00,0.05,0.0335,0.061,0.06075
Hibernian Stadium,64.0,7.0,116.64,2025-07-27 18:00:30+00:00,0.0365,0.028,0.054,0.04225
Hibernian Stadium,64.0,7.0,116.64,2025-07-27 18:15:30+00:00,0.033,0.0205,0.04275,0.03925
Hibernian Stadium,64.0,7.0,116.64,2025-07-27 18:30:30+00:00,0.0265,0.018,0.037,0.031
Hibernian Stadium,64.0,7.0,116.64,2025-07-27 18:45:30+00:00,0.02175,0.01325,0.0285,0.02575
Hibernian Stadium,64.0,7.0,116.64,2025-07-27 19:00:30+00:00,0.01475,0.0095,0.02275,0.0175
Hibernian Stadium,64.0,7.0,116.64,2025-07-27 19:15:30+00:00,0.0115,0.00625,0.01675,0.0135
Hibernian Stadium,64.0,7.0,116.64,2025-07-27 19:30:30+00:00,0.00825,0.00425,0.012,0.01
Hibernian Stadium,64.0,7.0,116.64,2025-07-27 19:45:30+00:00,0.00525,0.00325,0.00825,0.00575
Hibernian Stadium,64.0,7.0,116.64,2025-07-27 20:00:30+00:00,0.00375,0.002,0.00575,0.004
Hibernian Stadium,64.0,7.0,116.64,2025-07-27 20:15:30+00:00,0.00225,0.001,0.003,0.00225
Hibernian Stadium,64.0,7.0,116.64,2025-07-27 20:30:30+00:00,0.0,0.0,0.0,0.0
Hibernian Stadium,64.0,7.0,116.64,2025-07-27 20:45:30+00:00,0.0,0.0,0.0,0.0
Hibernian Stadium,64.0,7.0,116.64,2025-07-27 21:00:30+00:00,0.0,0.0,0.0,0.0
Hibernian Stadium,64.0,7.0,116.64,2025-07-27 21:15:30+00:00,0.0,0.0,0.0,0.0
Hibernian Stadium,64.0,7.0,116.64,2025-07-27 21:30:30+00:00,0.0,0.0,0.0,0.0
Hibernian Stadium,64.0,7.0,116.64,2025-07-27 21:45:30+00:00,0.0,0.0,0.0,0.0
Hibernian Stadium,64.0,7.0,116.64,2025-07-27 22:00:30+00:00,0.0,0.0,0.0,0.0
Hibernian Stadium,64.0,7.0,116.64,2025-07-27 22:15:30+00:00,0.0,0.0,0.0,0.0
Hibernian Stadium,64.0,7.0,116.64,2025-07-27 22:30:30+00:00,0.0,0.0,0.0,0.0
Hibernian Stadium,64.0,7.0,116.64,2025-07-27 22:45:30+00:00,0.0,0.0,0.0,0.0
Hibernian Stadium,64.0,7.0,116.64,2025-07-27 23:00:30+00:00,0.0,0.0,0.0,0.0
Hibernian Stadium,64.0,7.0,116.64,2025-07-27 23:15:30+00:00,0.0,0.0,0.0,0.0
Hibernian Stadium,64.0,7.0,116.64,2025-07-27 23:30:30+00:00,0.0,0.0,0.0,0.0
Hibernian Stadium,64.0,7.0,116.64,2025-07-27 23:45:30+00:00,0.0,0.0,0.0,0.0
Hibernian Stadium,64.0,7.0,116.64,2025-07-28 00:00:30+00:00,0.0,0.0,0.0,0.0
Hibernian Stadium,64.0,7.0,116.64,2025-07-28 00:15:30+00:00,0.0,0.0,0.0,0.0
Hibernian Stadium,64.0,7.0,116.64,2025-07-28 00:30:30+00:00,0.0,0.0,0.0,0.0
Hibernian Stadium,64.0,7.0,116.64,2025-07-28 00:45:30+00:00,0.0,0.0,0.0,0.0
Hibernian Stadium,64.0,7.0,116.64,2025-07-28 01:00:30+00:00,0.0,0.0,0.0,0.0
Hibernian Stadium,64.0,7.0,116.64,2025-07-28 01:15:30+00:00,0.0,0.0,0.0,0.0
Hibernian Stadium,64.0,7.0,116.64,2025-07-28 01:30:30+00:00,0.0,0.0,0.0,0.0
Hibernian Stadium,64.0,7.0,116.64,2025-07-28 01:45:30+00:00,0.0,0.0,0.0,0.0
Hibernian Stadium,64.0,7.0,116.64,2025-07-28 02:00:30+00:00,0.0,0.0,0.0,0.0
Hibernian Stadium,64.0,7.0,116.64,2025-07-28 02:15:30+00:00,0.0,0.0,0.0,0.0
Hibernian Stadium,64.0,7.0,116.64,2025-07-28 02:30:30+00:00,0.0,0.0,0.0,0.0
Hibernian Stadium,64.0,7.0,116.64,2025-07-28 02:45:30+00:00,0.0,0.0,0.0,0.0
Hibernian Stadium,64.0,7.0,116.64,2025-07-28 03:00:30+00:00,0.0,0.0,0.0,0.0
Hibernian Stadium,64.0,7.0,116.64,2025-07-28 03:15:30+00:00,0.0,0.0,0.0,0.0
Hibernian Stadium,64.0,7.0,116.64,2025-07-28 03:30:30+00:00,0.0,0.0,0.0,0.0
Hibernian Stadium,64.0,7.0,116.64,2025-07-28 03:45:30+00:00,0.0,0.0,0.0,0.0
Hibernian Stadium,64.0,7.0,116.64,2025-07-28 04:00:30+00:00,0.0,0.0,0.0,0.0
Hibernian Stadium,64.0,7.0,116.64,2025-07-28 04:15:30+00:00,0.00075,0.0005,0.00125,0.00075
Hibernian Stadium,64.0,7.0,116.64,2025-07-28 04:30:30+00:00,0.00275,0.00125,0.00475,0.00275
Hibernian Stadium,64.0,7.0,116.64,2025-07-28 04:45:30+00:00,0.006,0.00225,0.00925,0.00575
Hibernian Stadium,64.0,7.0,116.64,2025-07-28 05:00:30+00:00,0.00825,0.00325,0.01375,0.008
Hibernian Stadium,64.0,7.0,116.64,2025-07-28 05:15:30+00:00,0.01125,0.005,0.018,0.011
Hibernian Stadium,64.0,7.0,116.64,2025-07-28 05:30:30+00:00,0.01475,0.0075,0.0225,0.0145
Hibernian Stadium,64.0,7.0,116.64,2025-07-28 05:45:30+00:00,0.019,0.01075,0.02675,0.0185
Hibernian Stadium,64.0,7.0,116.64,2025-07-28 06:00:30+00:00,0.0225,0.01425,0.0315,0.022
Hibernian Stadium,64.0,7.0,116.64,2025-07-28 06:15:30+00:00,0.02725,0.01825,0.036,0.0265
Hibernian Stadium,64.0,7.0,116.64,2025-07-28 06:30:30+00:00,0.0315,0.02075,0.04025,0.0305
Hibernian Stadium,64.0,7.0,116.64,2025-07-28 06:45:30+00:00,0.03275,0.02275,0.0445,0.03225
Hibernian Stadium,64.0,7.0,116.64,2025-07-28 07:00:30+00:00,0.03675,0.02575,0.053,0.036
Hibernian Stadium,64.0,7.0,116.64,2025-07-28 07:15:30+00:00,0.04975,0.028,0.06825,0.0475
Hibernian Stadium,64.0,7.0,116.64,2025-07-28 07:30:30+00:00,0.05625,0.028,0.087,0.05375
Hibernian Stadium,64.0,7.0,116.64,2025-07-28 07:45:30+00:00,0.06625,0.02675,0.112,0.063
Hibernian Stadium,64.0,7.0,116.64,2025-07-28 08:00:30+00:00,0.0865,0.03625,0.14075,0.0805
Hibernian Stadium,64.0,7.0,116.64,2025-07-28 08:15:30+00:00,0.1165,0.058,0.15325,0.1065
Hibernian Stadium,64.0,7.0,116.64,2025-07-28 08:30:30+00:00,0.141,0.09,0.164,0.12825
Hibernian Stadium,64.0,7.0,116.64,2025-07-28 08:45:30+00:00,0.15425,0.121,0.17275,0.14075
Hibernian Stadium,64.0,7.0,116.64,2025-07-28 09:00:30+00:00,0.16175,0.144,0.179,0.14925
Hibernian Stadium,64.0,7.0,116.64,2025-07-28 09:15:30+00:00,0.168,0.156,0.18,0.157
Hibernian Stadium,64.0,7.0,116.64,2025-07-28 09:30:30+00:00,0.17375,0.1605,0.186,0.164
Hibernian Stadium,64.0,7.0,116.64,2025-07-28 09:45:30+00:00,0.1775,0.1555,0.1955,0.1695
Hibernian Stadium,64.0,7.0,116.64,2025-07-28 10:00:30+00:00,0.17475,0.1425,0.201,0.1685
Hibernian Stadium,64.0,7.0,116.64,2025-07-28 10:15:30+00:00,0.17525,0.12175,0.205,0.1705
Hibernian Stadium,64.0,7.0,116.64,2025-07-28 10:30:30+00:00,0.16375,0.0945,0.208,0.161
Hibernian Stadium,64.0,7.0,116.64,2025-07-28 10:45:30+00:00,0.14075,0.07425,0.21025,0.13975
Hibernian Stadium,64.0,7.0,116.64,2025-07-28 11:00:30+00:00,0.12425,0.06475,0.1855,0.1245
Hibernian Stadium,64.0,7.0,116.64,2025-07-28 11:15:30+00:00,0.11025,0.07475,0.15975,0.11075
Hibernian Stadium,64.0,7.0,116.64,2025-07-28 11:30:30+00:00,0.1165,0.08825,0.1415,0.11775
Hibernian Stadium,64.0,7.0,116.64,2025-07-28 11:45:30+00:00,0.1175,0.096,0.1345,0.1195
Hibernian Stadium,64.0,7.0,116.64,2025-07-28 12:00:30+00:00,0.1115,0.09775,0.134,0.1135
Hibernian Stadium,64.0,7.0,116.64,2025-07-28 12:15:30+00:00,0.11825,0.09125,0.134,0.12125
Hibernian Stadium,64.0,7.0,116.64,2025-07-28 12:30:30+00:00,0.10825,0.08275,0.1385,0.11125
Hibernian Stadium,64.0,7.0,116.64,2025-07-28 12:45:30+00:00,0.10525,0.0785,0.1455,0.10825
Hibernian Stadium,64.0,7.0,116.64,2025-07-28 13:00:30+00:00,0.121,0.08125,0.15675,0.126
Hibernian Stadium,64.0,7.0,116.64,2025-07-28 13:15:30+00:00,0.1305,0.08475,0.16075,0.13675
Hibernian Stadium,64.0,7.0,116.64,2025-07-28 13:30:30+00:00,0.11725,0.07525,0.153,0.123
Hibernian Stadium,64.0,7.0,116.64,2025-07-28 13:45:30+00:00,0.09475,0.07075,0.14725,0.09875
Hibernian Stadium,64.0,7.0,116.64,2025-07-28 14:00:30+00:00,0.1115,0.071,0.1445,0.11825
Hibernian Stadium,64.0,7.0,116.64,2025-07-28 14:15:30+00:00,0.11775,0.08075,0.1405,0.12575
Hibernian Stadium,64.0,7.0,116.64,2025-07-28 14:30:30+00:00,0.1035,0.0825,0.1315,0.11025
Hibernian Stadium,64.0,7.0,116.64,2025-07-28 14:45:30+00:00,0.09875,0.0785,0.1225,0.10575
Hibernian Stadium,64.0,7.0,116.64,2025-07-28 15:00:30+00:00,0.0985,0.07375,0.12625,0.106
Hibernian Stadium,64.0,7.0,116.64,2025-07-28 15:15:30+00:00,0.10175,0.07375,0.1295,0.111
Hibernian Stadium,64.0,7.0,116.64,2025-07-28 15:30:30+00:00,0.10325,0.078,0.12525,0.11525
Hibernian Stadium,64.0,7.0,116.64,2025-07-28 15:45:30+00:00,0.1005,0.082,0.115,0.1135
Hibernian Stadium,64.0,7.0,116.64,2025-07-28 16:00:30+00:00,0.0925,0.08,0.106,0.10475
Hibernian Stadium,64.0,7.0,116.64,2025-07-28 16:15:30+00:00,0.08525,0.07475,0.099,0.09725
Hibernian Stadium,64.0,7.0,116.64,2025-07-28 16:30:30+00:00,0.082,0.069,0.096,0.09475
Hibernian Stadium,64.0,7.0,116.64,2025-07-28 16:45:30+00:00,0.079,0.0635,0.0895,0.094
Hibernian Stadium,64.0,7.0,116.64,2025-07-28 17:00:30+00:00,0.07,0.0595,0.084,0.08375
Hibernian Stadium,64.0,7.0,116.64,2025-07-28 17:15:30+00:00,0.06525,0.054,0.076,0.08025
Hibernian Stadium,64.0,7.0,116.64,2025-07-28 17:30:30+00:00,0.0595,0.04975,0.068,0.0755
Hibernian Stadium,64.0,7.0,116.64,2025-07-28 17:45:30+00:00,0.05225,0.04425,0.05975,0.0685
Hibernian Stadium,64.0,7.0,116.64,2025-07-28 18:00:30+00:00,0.045,0.0385,0.051,0.06025
Hibernian Stadium,64.0,7.0,116.64,2025-07-28 18:15:30+00:00,0.03775,0.03175,0.0425,0.052
Hibernian Stadium,64.0,7.0,116.64,2025-07-28 18:30:30+00:00,0.03075,0.02525,0.03475,0.04375
Hibernian Stadium,64.0,7.0,116.64,2025-07-28 18:45:30+00:00,0.02425,0.01925,0.02775,0.03525
Hibernian Stadium,64.0,7.0,116.64,2025-07-28 19:00:30+00:00,0.018,0.0135,0.02075,0.02725
Hibernian Stadium,64.0,7.0,116.64,2025-07-28 19:15:30+00:00,0.01225,0.00875,0.0145,0.0195
Hibernian Stadium,64.0,7.0,116.64,2025-07-28 19:30:30+00:00,0.0075,0.005,0.009,0.01275
Hibernian Stadium,64.0,7.0,116.64,2025-07-28 19:45:30+00:00,0.0045,0.00325,0.0055,0.007
Hibernian Stadium,64.0,7.0,116.64,2025-07-28 20:00:30+00:00,0.004,0.00225,0.005,0.00475
Hibernian Stadium,64.0,7.0,116.64,2025-07-28 20:15:30+00:00,0.0025,0.0015,0.0035,0.0025
Hibernian Stadium,64.0,7.0,116.64,2025-07-28 20:30:30+00:00,0.0,0.0,0.0,0.0
Hibernian Stadium,64.0,7.0,116.64,2025-07-28 20:45:30+00:00,0.0,0.0,0.0,0.0
Hibernian Stadium,64.0,7.0,116.64,2025-07-28 21:00:30+00:00,0.0,0.0,0.0,0.0
Hibernian Stadium,64.0,7.0,116.64,2025-07-28 21:15:30+00:00,0.0,0.0,0.0,0.0
Hibernian Stadium,64.0,7.0,116.64,2025-07-28 21:30:30+00:00,0.0,0.0,0.0,0.0
Hibernian Stadium,64.0,7.0,116.64,2025-07-28 21:45:30+00:00,0.0,0.0,0.0,0.0
Hibernian Stadium,64.0,7.0,116.64,2025-07-28 22:00:30+00:00,0.0,0.0,0.0,0.0
Hibernian Stadium,64.0,7.0,116.64,2025-07-28 22:15:30+00:00,0.0,0.0,0.0,0.0
Hibernian Stadium,64.0,7.0,116.64,2025-07-28 22:30:30+00:00,0.0,0.0,0.0,0.0
Hibernian Stadium,64.0,7.0,116.64,2025-07-28 22:45:30+00:00,0.0,0.0,0.0,0.0
Hibernian Stadium,64.0,7.0,116.64,2025-07-28 23:00:30+00:00,0.0,0.0,0.0,0.0
Hibernian Stadium,64.0,7.0,116.64,2025-07-28 23:15:30+00:00,0.0,0.0,0.0,0.0
Hibernian Stadium,64.0,7.0,116.64,2025-07-28 23:30:30+00:00,0.0,0.0,0.0,0.0
Hibernian Stadium,64.0,7.0,116.64,2025-07-28 23:45:30+00:00,0.0,0.0,0.0,0.0
Hibernian Stadium,64.0,7.0,116.64,2025-07-29 00:00:30+00:00,0.0,0.0,0.0,0.0
Hibernian Stadium,64.0,7.0,116.64,2025-07-29 00:15:30+00:00,0.0,0.0,0.0,0.0
Hibernian Stadium,64.0,7.0,116.64,2025-07-29 00:30:30+00:00,0.0,0.0,0.0,0.0
Hibernian Stadium,64.0,7.0,116.64,2025-07-29 00:45:30+00:00,0.0,0.0,0.0,0.0
Hibernian Stadium,64.0,7.0,116.64,2025-07-29 01:00:30+00:00,0.0,0.0,0.0,0.0
Hibernian Stadium,64.0,7.0,116.64,2025-07-29 01:15:30+00:00,0.0,0.0,0.0,0.0
Hibernian Stadium,64.0,7.0,116.64,2025-07-29 01:30:30+00:00,0.0,0.0,0.0,0.0
Hibernian Stadium,64.0,7.0,116.64,2025-07-29 01:45:30+00:00,0.0,0.0,0.0,0.0
Hibernian Stadium,64.0,7.0,116.64,2025-07-29 02:00:30+00:00,0.0,0.0,0.0,0.0
Hibernian Stadium,64.0,7.0,116.64,2025-07-29 02:15:30+00:00,0.0,0.0,0.0,0.0
Hibernian Stadium,64.0,7.0,116.64,2025-07-29 02:30:30+00:00,0.0,0.0,0.0,0.0
Hibernian Stadium,64.0,7.0,116.64,2025-07-29 02:45:30+00:00,0.0,0.0,0.0,0.0
Hibernian Stadium,64.0,7.0,116.64,2025-07-29 03:00:30+00:00,0.0,0.0,0.0,0.0
Hibernian Stadium,64.0,7.0,116.64,2025-07-29 03:15:30+00:00,0.0,0.0,0.0,0.0
Hibernian Stadium,64.0,7.0,116.64,2025-07-29 03:30:30+00:00,0.0,0.0,0.0,0.0
Hibernian Stadium,64.0,7.0,116.64,2025-07-29 03:45:30+00:00,0.0,0.0,0.0,0.0
Hibernian Stadium,64.0,7.0,116.64,2025-07-29 04:00:30+00:00,0.0,0.0,0.0,0.0
Hibernian Stadium,64.0,7.0,116.64,2025-07-29 04:15:30+00:00,0.00025,0.0,0.00075,0.00025
Hibernian Stadium,64.0,7.0,116.64,2025-07-29 04:30:30+00:00,0.001,0.00025,0.0035,0.001
Hibernian Stadium,64.0,7.0,116.64,2025-07-29 04:45:30+00:00,0.0025,0.00075,0.0085,0.0025
Hibernian Stadium,64.0,7.0,116.64,2025-07-29 05:00:30+00:00,0.00675,0.00125,0.017,0.0065
Hibernian Stadium,64.0,7.0,116.64,2025-07-29 05:15:30+00:00,0.02175,0.006,0.031,0.01725
Hibernian Stadium,64.0,7.0,116.64,2025-07-29 05:30:30+00:00,0.03575,0.01825,0.044,0.02675
Hibernian Stadium,64.0,7.0,116.64,2025-07-29 05:45:30+00:00,0.04775,0.032,0.056,0.03525
Hibernian Stadium,64.0,7.0,116.64,2025-07-29 06:00:30+00:00,0.0585,0.04525,0.0665,0.04425
Hibernian Stadium,64.0,7.0,116.64,2025-07-29 06:15:30+00:00,0.0655,0.05475,0.076,0.05125
Hibernian Stadium,64.0,7.0,116.64,2025-07-29 06:30:30+00:00,0.07225,0.06375,0.08325,0.05825
Hibernian Stadium,64.0,7.0,116.64,2025-07-29 06:45:30+00:00,0.083,0.073,0.09175,0.068
Hibernian Stadium,64.0,7.0,116.64,2025-07-29 07:00:30+00:00,0.0915,0.0835,0.10025,0.0765
Hibernian Stadium,64.0,7.0,116.64,2025-07-29 07:15:30+00:00,0.101,0.0935,0.109,0.08575
Hibernian Stadium,64.0,7.0,116.64,2025-07-29 07:30:30+00:00,0.111,0.10275,0.1185,0.0955
Hibernian Stadium,64.0,7.0,116.64,2025-07-29 07:45:30+00:00,0.11925,0.1045,0.134,0.10425
Hibernian Stadium,64.0,7.0,116.64,2025-07-29 08:00:30+00:00,0.12675,0.095,0.14275,0.11225
Hibernian Stadium,64.0,7.0,116.64,2025-07-29 08:15:30+00:00,0.1275,0.0765,0.15,0.11525
Hibernian Stadium,64.0,7.0,116.64,2025-07-29 08:30:30+00:00,0.113,0.051,0.15525,0.10525
Hibernian Stadium,64.0,7.0,116.64,2025-07-29 08:45:30+00:00,0.09125,0.039,0.15575,0.08725
Hibernian Stadium,64.0,7.0,116.64,2025-07-29 09:00:30+00:00,0.08875,0.03875,0.1335,0.08625
Hibernian Stadium,64.0,7.0,116.64,2025-07-29 09:15:30+00:00,0.07825,0.053,0.12075,0.077
Hibernian Stadium,64.0,7.0,116.64,2025-07-29 09:30:30+00:00,0.09425,0.0605,0.11375,0.0925
Hibernian Stadium,64.0,7.0,116.64,2025-07-29 09:45:30+00:00,0.08775,0.07075,0.12275,0.08675
Hibernian Stadium,64.0,7.0,116.64,2025-07-29 10:00:30+00:00,0.10925,0.07175,0.1245,0.10725
Hibernian Stadium,64.0,7.0,116.64,2025-07-29 10:15:30+00:00,0.0955,0.0735,0.127,0.095
Hibernian Stadium,64.0,7.0,116.64,2025-07-29 10:30:30+00:00,0.09625,0.06575,0.12575,0.096
Hibernian Stadium,64.0,7.0,116.64,2025-07-29 10:45:30+00:00,0.09525,0.0505,0.1405,0.09525
Hibernian Stadium,64.0,7.0,116.64,2025-07-29 11:00:30+00:00,0.0945,0.0405,0.169,0.095
Hibernian Stadium,64.0,7.0,116.64,2025-07-29 11:15:30+00:00,0.12375,0.0455,0.209,0.12475
Hibernian Stadium,64.0,7.0,116.64,2025-07-29 11:30:30+00:00,0.162,0.07,0.20975,0.1645
Hibernian Stadium,64.0,7.0,116.64,2025-07-29 11:45:30+00:00,0.1775,0.08625,0.2095,0.18175
Hibernian Stadium,64.0,7.0,116.64,2025-07-29 12:00:30+00:00,0.17425,0.06575,0.209,0.1795
Hibernian Stadium,64.0,7.0,116.64,2025-07-29 12:15:30+00:00,0.103,0.03675,0.21025,0.10575
Hibernian Stadium,64.0,7.0,116.64,2025-07-29 12:30:30+00:00,0.095,0.02675,0.193,0.09725
Hibernian Stadium,64.0,7.0,116.64,2025-07-29 12:45:30+00:00,0.12825,0.0475,0.20075,0.13325
Hibernian Stadium,64.0,7.0,116.64,2025-07-29 13:00:30+00:00,0.14725,0.083,0.20125,0.155
Hibernian Stadium,64.0,7.0,116.64,2025-07-29 13:15:30+00:00,0.15275,0.1065,0.19175,0.16275
Hibernian Stadium,64.0,7.0,116.64,2025-07-29 13:30:30+00:00,0.14775,0.119,0.17175,0.15775
Hibernian Stadium,64.0,7.0,116.64,2025-07-29 13:45:30+00:00,0.13525,0.11325,0.1615,0.1445
Hibernian Stadium,64.0,7.0,116.64,2025-07-29 14:00:30+00:00,0.1285,0.09375,0.16475,0.138
Hibernian Stadium,64.0,7.0,116.64,2025-07-29 14:15:30+00:00,0.12375,0.071,0.1705,0.1335
Hibernian Stadium,64.0,7.0,116.64,2025-07-29 14:30:30+00:00,0.1105,0.04175,0.16375,0.11875
Hibernian Stadium,64.0,7.0,116.64,2025-07-29 14:45:30+00:00,0.07425,0.02125,0.143,0.078
Hibernian Stadium,64.0,7.0,116.64,2025-07-29 15:00:30+00:00,0.059,0.01225,0.126,0.06075
Hibernian Stadium,64.0,7.0,116.64,2025-07-29 15:15:30+00:00,0.06875,0.01525,0.12675,0.07225
Hibernian Stadium,64.0,7.0,116.64,2025-07-29 15:30:30+00:00,0.083,0.02575,0.1355,0.08975
Hibernian Stadium,64.0,7.0,116.64,2025-07-29 15:45:30+00:00,0.0895,0.041,0.1355,0.0985
Hibernian Stadium,64.0,7.0,116.64,2025-07-29 16:00:30+00:00,0.0915,0.05675,0.124,0.1035
Hibernian Stadium,64.0,7.0,116.64,2025-07-29 16:15:30+00:00,0.09075,0.06325,0.10825,0.10425
Hibernian Stadium,64.0,7.0,116.64,2025-07-29 16:30:30+00:00,0.07775,0.0605,0.09675,0.08775
Hibernian Stadium,64.0,7.0,116.64,2025-07-29 16:45:30+00:00,0.06625,0.05325,0.08475,0.074
Hibernian Stadium,64.0,7.0,116.64,2025-07-29 17:00:30+00:00,0.061,0.0455,0.07675,0.0685
Hibernian Stadium,64.0,7.0,116.64,2025-07-29 17:15:30+00:00,0.056,0.03825,0.0695,0.06375
Hibernian Stadium,64.0,7.0,116.64,2025-07-29 17:30:30+00:00,0.04575,0.02775,0.06175,0.052
Hibernian Stadium,64.0,7.0,116.64,2025-07-29 17:45:30+00:00,0.0335,0.0205,0.05275,0.0365
Hibernian Stadium,64.0,7.0,116.64,2025-07-29 18:00:30+00:00,0.0285,0.01425,0.04425,0.03125
Hibernian Stadium,64.0,7.0,116.64,2025-07-29 18:15:30+00:00,0.0255,0.01375,0.041,0.02825
Hibernian Stadium,64.0,7.0,116.64,2025-07-29 18:30:30+00:00,0.0255,0.0125,0.03475,0.031
Hibernian Stadium,64.0,7.0,116.64,2025-07-29 18:45:30+00:00,0.02125,0.012,0.02875,0.0265
Hibernian Stadium,64.0,7.0,116.64,2025-07-29 19:00:30+00:00,0.0155,0.0095,0.0225,0.019
Hibernian Stadium,64.0,7.0,116.64,2025-07-29 19:15:30+00:00,0.011,0.00675,0.01625,0.013
Hibernian Stadium,64.0,7.0,116.64,2025-07-29 19:30:30+00:00,0.0075,0.00425,0.01125,0.0085
Hibernian Stadium,64.0,7.0,116.64,2025-07-29 19:45:30+00:00,0.00425,0.0025,0.007,0.0045
Hibernian Stadium,64.0,7.0,116.64,2025-07-29 20:00:30+00:00,0.002,0.00125,0.00325,0.002
Hibernian Stadium,64.0,7.0,116.64,2025-07-29 20:15:30+00:00,0.0005,0.0005,0.00075,0.0005
Hibernian Stadium,64.0,7.0,116.64,2025-07-29 20:30:30+00:00,0.0,0.0,0.0,0.0
Hibernian Stadium,64.0,7.0,116.64,2025-07-29 20:45:30+00:00,0.0,0.0,0.0,0.0
Hibernian Stadium,64.0,7.0,116.64,2025-07-29 21:00:30+00:00,0.0,0.0,0.0,0.0
Hibernian Stadium,64.0,7.0,116.64,2025-07-29 21:15:30+00:00,0.0,0.0,0.0,0.0
Hibernian Stadium,64.0,7.0,116.64,2025-07-29 21:30:30+00:00,0.0,0.0,0.0,0.0
Hibernian Stadium,64.0,7.0,116.64,2025-07-29 21:45:30+00:00,0.0,0.0,0.0,0.0
Hibernian Stadium,64.0,7.0,116.64,2025-07-29 22:00:30+00:00,0.0,0.0,0.0,0.0
Hibernian Stadium,64.0,7.0,116.64,2025-07-29 22:15:30+00:00,0.0,0.0,0.0,0.0
Hibernian Stadium,64.0,7.0,116.64,2025-07-29 22:30:30+00:00,0.0,0.0,0.0,0.0
Hibernian Stadium,64.0,7.0,116.64,2025-07-29 22:45:30+00:00,0.0,0.0,0.0,0.0
Hibernian Stadium,64.0,7.0,116.64,2025-07-29 23:00:30+00:00,0.0,0.0,0.0,0.0
Hibernian Stadium,64.0,7.0,116.64,2025-07-29 23:15:30+00:00,0.0,0.0,0.0,0.0
Hibernian Stadium,64.0,7.0,116.64,2025-07-29 23:30:30+00:00,0.0,0.0,0.0,0.0
Hibernian Stadium,64.0,7.0,116.64,2025-07-29 23:45:30+00:00,0.0,0.0,0.0,0.0
Hibernian Stadium,64.0,7.0,116.64,2025-07-30 00:00:30+00:00,0.0,0.0,0.0,0.0
Hibernian Stadium,64.0,7.0,116.64,2025-07-30 00:15:30+00:00,0.0,0.0,0.0,0.0
Hibernian Stadium,64.0,7.0,116.64,2025-07-30 00:30:30+00:00,0.0,0.0,0.0,0.0
Hibernian Stadium,64.0,7.0,116.64,2025-07-30 00:45:30+00:00,0.0,0.0,0.0,0.0
Hibernian Stadium,64.0,7.0,116.64,2025-07-30 01:00:30+00:00,0.0,0.0,0.0,0.0
Hibernian Stadium,64.0,7.0,116.64,2025-07-30 01:15:30+00:00,0.0,0.0,0.0,0.0
Hibernian Stadium,64.0,7.0,116.64,2025-07-30 01:30:30+00:00,0.0,0.0,0.0,0.0
Hibernian Stadium,64.0,7.0,116.64,2025-07-30 01:45:30+00:00,0.0,0.0,0.0,0.0
Hibernian Stadium,64.0,7.0,116.64,2025-07-30 02:00:30+00:00,0.0,0.0,0.0,0.0
Hibernian Stadium,64.0,7.0,116.64,2025-07-30 02:15:30+00:00,0.0,0.0,0.0,0.0
Hibernian Stadium,64.0,7.0,116.64,2025-07-30 02:30:30+00:00,0.0,0.0,0.0,0.0
Hibernian Stadium,64.0,7.0,116.64,2025-07-30 02:45:30+00:00,0.0,0.0,0.0,0.0
Hibernian Stadium,64.0,7.0,116.64,2025-07-30 03:00:30+00:00,0.0,0.0,0.0,0.0
Hibernian Stadium,64.0,7.0,116.64,2025-07-30 03:15:30+00:00,0.0,0.0,0.0,0.0
Hibernian Stadium,64.0,7.0,116.64,2025-07-30 03:30:30+00:00,0.0,0.0,0.0,0.0
Hibernian Stadium,64.0,7.0,116.64,2025-07-30 03:45:30+00:00,0.0,0.0,0.0,0.0
Hibernian Stadium,64.0,7.0,116.64,2025-07-30 04:00:30+00:00,0.0,0.0,0.0,0.0
Hibernian Stadium,64.0,7.0,116.64,2025-07-30 04:15:30+00:00,0.00025,0.00025,0.0005,0.00025
Hibernian Stadium,64.0,7.0,116.64,2025-07-30 04:30:30+00:00,0.0025,0.00125,0.0035,0.0025
Hibernian Stadium,64.0,7.0,116.64,2025-07-30 04:45:30+00:00,0.00725,0.00275,0.01075,0.00625
Hibernian Stadium,64.0,7.0,116.64,2025-07-30 05:00:30+00:00,0.00875,0.003,0.01475,0.00825
Hibernian Stadium,64.0,7.0,116.64,2025-07-30 05:15:30+00:00,0.011,0.00325,0.0215,0.01075
Hibernian Stadium,64.0,7.0,116.64,2025-07-30 05:30:30+00:00,0.0185,0.00625,0.03375,0.01675
Hibernian Stadium,64.0,7.0,116.64,2025-07-30 05:45:30+00:00,0.0325,0.015,0.048,0.027
Hibernian Stadium,64.0,7.0,116.64,2025-07-30 06:00:30+00:00,0.049,0.0235,0.06075,0.0395
Hibernian Stadium,64.0,7.0,116.64,2025-07-30 06:15:30+00:00,0.05125,0.024,0.06975,0.04275
Hibernian Stadium,64.0,7.0,116.64,2025-07-30 06:30:30+00:00,0.04425,0.017,0.07425,0.03975
Hibernian Stadium,64.0,7.0,116.64,2025-07-30 06:45:30+00:00,0.0425,0.01375,0.07175,0.04
Hibernian Stadium,64.0,7.0,116.64,2025-07-30 07:00:30+00:00,0.04225,0.014,0.067,0.04025
Hibernian Stadium,64.0,7.0,116.64,2025-07-30 07:15:30+00:00,0.03575,0.01675,0.05875,0.03525
Hibernian Stadium,64.0,7.0,116.64,2025-07-30 07:30:30+00:00,0.0365,0.021,0.0545,0.03625
Hibernian Stadium,64.0,7.0,116.64,2025-07-30 07:45:30+00:00,0.041,0.02675,0.05625,0.04075
Hibernian Stadium,64.0,7.0,116.64,2025-07-30 08:00:30+00:00,0.04675,0.033,0.06175,0.0465
Hibernian Stadium,64.0,7.0,116.64,2025-07-30 08:15:30+00:00,0.054,0.03625,0.071,0.05325
Hibernian Stadium,64.0,7.0,116.64,2025-07-30 08:30:30+00:00,0.05975,0.034,0.086,0.059
Hibernian Stadium,64.0,7.0,116.64,2025-07-30 08:45:30+00:00,0.066,0.02625,0.10925,0.06525
Hibernian Stadium,64.0,7.0,116.64,2025-07-30 09:00:30+00:00,0.07775,0.027,0.142,0.07625
Hibernian Stadium,64.0,7.0,116.64,2025-07-30 09:15:30+00:00,0.10975,0.04475,0.17375,0.10575
Hibernian Stadium,64.0,7.0,116.64,2025-07-30 09:30:30+00:00,0.14125,0.078,0.18225,0.1355
Hibernian Stadium,64.0,7.0,116.64,2025-07-30 09:45:30+00:00,0.14975,0.1095,0.18625,0.1445
Hibernian Stadium,64.0,7.0,116.64,2025-07-30 10:00:30+00:00,0.1515,0.1265,0.173,0.14725
Hibernian Stadium,64.0,7.0,116.64,2025-07-30 10:15:30+00:00,0.14775,0.13475,0.169,0.145
Hibernian Stadium,64.0,7.0,116.64,2025-07-30 10:30:30+00:00,0.1565,0.1365,0.1765,0.15425
Hibernian Stadium,64.0,7.0,116.64,2025-07-30 10:45:30+00:00,0.1655,0.13875,0.183,0.164
Hibernian Stadium,64.0,7.0,116.64,2025-07-30 11:00:30+00:00,0.15975,0.13375,0.18325,0.16
Hibernian Stadium,64.0,7.0,116.64,2025-07-30 11:15:30+00:00,0.15075,0.1325,0.184,0.15175
Hibernian Stadium,64.0,7.0,116.64,2025-07-30 11:30:30+00:00,0.16375,0.1355,0.18875,0.166
Hibernian Stadium,64.0,7.0,116.64,2025-07-30 11:45:30+00:00,0.17125,0.14525,0.19075,0.17525
Hibernian Stadium,64.0,7.0,116.64,2025-07-30 12:00:30+00:00,0.16875,0.1505,0.18625,0.17375
Hibernian Stadium,64.0,7.0,116.64,2025-07-30 12:15:30+00:00,0.165,0.1545,0.1805,0.171
Hibernian Stadium,64.0,7.0,116.64,2025-07-30 12:30:30+00:00,0.16875,0.15375,0.17875,0.17625
Hibernian Stadium,64.0,7.0,116.64,2025-07-30 12:45:30+00:00,0.16525,0.1515,0.17775,0.17375
Hibernian Stadium,64.0,7.0,116.64,2025-07-30 13:00:30+00:00,0.16,0.14425,0.175,0.16975
Hibernian Stadium,64.0,7.0,116.64,2025-07-30 13:15:30+00:00,0.154,0.13925,0.17575,0.16425
Hibernian Stadium,64.0,7.0,116.64,2025-07-30 13:30:30+00:00,0.15775,0.136,0.17725,0.1695
Hibernian Stadium,64.0,7.0,116.64,2025-07-30 13:45:30+00:00,0.15775,0.13825,0.17625,0.17125
Hibernian Stadium,64.0,7.0,116.64,2025-07-30 14:00:30+00:00,0.15625,0.13525,0.171,0.17125
Hibernian Stadium,64.0,7.0,116.64,2025-07-30 14:15:30+00:00,0.14625,0.12225,0.1725,0.161
Hibernian Stadium,64.0,7.0,116.64,2025-07-30 14:30:30+00:00,0.13925,0.1015,0.167,0.15425
Hibernian Stadium,64.0,7.0,116.64,2025-07-30 14:45:30+00:00,0.12875,0.07675,0.16175,0.14225
Hibernian Stadium,64.0,7.0,116.64,2025-07-30 15:00:30+00:00,0.1025,0.05625,0.158,0.111
Hibernian Stadium,64.0,7.0,116.64,2025-07-30 15:15:30+00:00,0.088,0.04125,0.1405,0.09425
Hibernian Stadium,64.0,7.0,116.64,2025-07-30 15:30:30+00:00,0.08025,0.0345,0.1215,0.08575
Hibernian Stadium,64.0,7.0,116.64,2025-07-30 15:45:30+00:00,0.0655,0.031,0.10025,0.06925
Hibernian Stadium,64.0,7.0,116.64,2025-07-30 16:00:30+00:00,0.05075,0.02375,0.0885,0.05225
Hibernian Stadium,64.0,7.0,116.64,2025-07-30 16:15:30+00:00,0.05025,0.01475,0.08875,0.05225
Hibernian Stadium,64.0,7.0,116.64,2025-07-30 16:30:30+00:00,0.0525,0.0105,0.083,0.056
Hibernian Stadium,64.0,7.0,116.64,2025-07-30 16:45:30+00:00,0.02325,0.008,0.07325,0.02375
Hibernian Stadium,64.0,7.0,116.64,2025-07-30 17:00:30+00:00,0.00825,0.0075,0.0335,0.0085
Hibernian Stadium,64.0,7.0,116.64,2025-07-30 17:15:30+00:00,0.02875,0.0065,0.0495,0.03
Hibernian Stadium,64.0,7.0,116.64,2025-07-30 17:30:30+00:00,0.025,0.00575,0.04675,0.02575
Hibernian Stadium,64.0,7.0,116.64,2025-07-30 17:45:30+00:00,0.00875,0.00525,0.03525,0.009
Hibernian Stadium,64.0,7.0,116.64,2025-07-30 18:00:30+00:00,0.0105,0.0045,0.042,0.0105
Hibernian Stadium,64.0,7.0,116.64,2025-07-30 18:15:30+00:00,0.02425,0.00475,0.0435,0.0275
Hibernian Stadium,64.0,7.0,116.64,2025-07-30 18:30:30+00:00,0.02725,0.00825,0.03575,0.03425
Hibernian Stadium,64.0,7.0,116.64,2025-07-30 18:45:30+00:00,0.02525,0.0065,0.02825,0.03225
Hibernian Stadium,64.0,7.0,116.64,2025-07-30 19:00:30+00:00,0.00825,0.00175,0.02425,0.0095
Hibernian Stadium,64.0,7.0,116.64,2025-07-30 19:15:30+00:00,0.0025,0.0015,0.01025,0.0025
Hibernian Stadium,64.0,7.0,116.64,2025-07-30 19:30:30+00:00,0.00175,0.001,0.00675,0.00175
Hibernian Stadium,64.0,7.0,116.64,2025-07-30 19:45:30+00:00,0.00075,0.0005,0.003,0.00075
Hibernian Stadium,64.0,7.0,116.64,2025-07-30 20:00:30+00:00,0.00025,0.00025,0.00125,0.00025
Hibernian Stadium,64.0,7.0,116.64,2025-07-30 20:15:30+00:00,0.0,0.0,0.00025,0.0
Hibernian Stadium,64.0,7.0,116.64,2025-07-30 20:30:30+00:00,0.0,0.0,0.0,0.0
Hibernian Stadium,64.0,7.0,116.64,2025-07-30 20:45:30+00:00,0.0,0.0,0.0,0.0
Hibernian Stadium,64.0,7.0,116.64,2025-07-30 21:00:30+00:00,0.0,0.0,0.0,0.0
Hibernian Stadium,64.0,7.0,116.64,2025-07-30 21:15:30+00:00,0.0,0.0,0.0,0.0
Hibernian Stadium,64.0,7.0,116.64,2025-07-30 21:30:30+00:00,0.0,0.0,0.0,0.0
Hibernian Stadium,64.0,7.0,116.64,2025-07-30 21:45:30+00:00,0.0,0.0,0.0,0.0
Hibernian Stadium,64.0,7.0,116.64,2025-07-30 22:00:30+00:00,0.0,0.0,0.0,0.0
Hibernian Stadium,64.0,7.0,116.64,2025-07-30 22:15:30+00:00,0.0,0.0,0.0,0.0
Hibernian Stadium,64.0,7.0,116.64,2025-07-30 22:30:30+00:00,0.0,0.0,0.0,0.0
Hibernian Stadium,64.0,7.0,116.64,2025-07-30 22:45:30+00:00,0.0,0.0,0.0,0.0
Hibernian Stadium,64.0,7.0,116.64,2025-07-30 23:00:30+00:00,0.0,0.0,0.0,0.0
Hibernian Stadium,64.0,7.0,116.64,2025-07-30 23:15:30+00:00,0.0,0.0,0.0,0.0
Hibernian Stadium,64.0,7.0,116.64,2025-07-30 23:30:30+00:00,0.0,0.0,0.0,0.0
Hibernian Stadium,64.0,7.0,116.64,2025-07-30 23:45:30+00:00,0.0,0.0,0.0,0.0
Hibernian Stadium,64.0,7.0,116.64,2025-07-31 00:00:30+00:00,0.0,0.0,0.0,0.0
Hibernian Stadium,64.0,7.0,116.64,2025-07-31 00:15:30+00:00,0.0,0.0,0.0,0.0
Hibernian Stadium,64.0,7.0,116.64,2025-07-31 00:30:30+00:00,0.0,0.0,0.0,0.0
Hibernian Stadium,64.0,7.0,116.64,2025-07-31 00:45:30+00:00,0.0,0.0,0.0,0.0
Hibernian Stadium,64.0,7.0,116.64,2025-07-31 01:00:30+00:00,0.0,0.0,0.0,0.0
Hibernian Stadium,64.0,7.0,116.64,2025-07-31 01:15:30+00:00,0.0,0.0,0.0,0.0
Hibernian Stadium,64.0,7.0,116.64,2025-07-31 01:30:30+00:00,0.0,0.0,0.0,0.0
Hibernian Stadium,64.0,7.0,116.64,2025-07-31 01:45:30+00:00,0.0,0.0,0.0,0.0
Hibernian Stadium,64.0,7.0,116.64,2025-07-31 02:00:30+00:00,0.0,0.0,0.0,0.0
Hibernian Stadium,64.0,7.0,116.64,2025-07-31 02:15:30+00:00,0.0,0.0,0.0,0.0
Hibernian Stadium,64.0,7.0,116.64,2025-07-31 02:30:30+00:00,0.0,0.0,0.0,0.0
Hibernian Stadium,64.0,7.0,116.64,2025-07-31 02:45:30+00:00,0.0,0.0,0.0,0.0
Hibernian Stadium,64.0,7.0,116.64,2025-07-31 03:00:30+00:00,0.0,0.0,0.0,0.0
Hibernian Stadium,64.0,7.0,116.64,2025-07-31 03:15:30+00:00,0.0,0.0,0.0,0.0
Hibernian Stadium,64.0,7.0,116.64,2025-07-31 03:30:30+00:00,0.0,0.0,0.0,0.0
Hibernian Stadium,64.0,7.0,116.64,2025-07-31 03:45:30+00:00,0.0,0.0,0.0,0.0
Hibernian Stadium,64.0,7.0,116.64,2025-07-31 04:00:30+00:00,0.0,0.0,0.0,0.0
Hibernian Stadium,64.0,7.0,116.64,2025-07-31 04:15:30+00:00,0.0,0.0,0.0,0.0
Hibernian Stadium,64.0,7.0,116.64,2025-07-31 04:30:30+00:00,0.0005,0.00025,0.0015,0.0005
Hibernian Stadium,64.0,7.0,116.64,2025-07-31 04:45:30+00:00,0.001,0.0005,0.004,0.001
Hibernian Stadium,64.0,7.0,116.64,2025-07-31 05:00:30+00:00,0.004,0.001,0.012,0.004
Hibernian Stadium,64.0,7.0,116.64,2025-07-31 05:15:30+00:00,0.01025,0.002,0.0195,0.00975
Hibernian Stadium,64.0,7.0,116.64,2025-07-31 05:30:30+00:00,0.01625,0.00575,0.026,0.01525
Hibernian Stadium,64.0,7.0,116.64,2025-07-31 05:45:30+00:00,0.02075,0.011,0.03,0.01925
Hibernian Stadium,64.0,7.0,116.64,2025-07-31 06:00:30+00:00,0.02375,0.01425,0.0345,0.02275
Hibernian Stadium,64.0,7.0,116.64,2025-07-31 06:15:30+00:00,0.02975,0.01575,0.04625,0.028
Hibernian Stadium,64.0,7.0,116.64,2025-07-31 06:30:30+00:00,0.0395,0.0195,0.06125,0.0365
Hibernian Stadium,64.0,7.0,116.64,2025-07-31 06:45:30+00:00,0.05275,0.03075,0.08025,0.0475
Hibernian Stadium,64.0,7.0,116.64,2025-07-31 07:00:30+00:00,0.07525,0.0475,0.09425,0.0655
Hibernian Stadium,64.0,7.0,116.64,2025-07-31 07:15:30+00:00,0.08175,0.05725,0.102,0.072
Hibernian Stadium,64.0,7.0,116.64,2025-07-31 07:30:30+00:00,0.08025,0.0595,0.10425,0.073
Hibernian Stadium,64.0,7.0,116.64,2025-07-31 07:45:30+00:00,0.0845,0.05825,0.10375,0.078
Hibernian Stadium,64.0,7.0,116.64,2025-07-31 08:00:30+00:00,0.07675,0.0595,0.101,0.073
Hibernian Stadium,64.0,7.0,116.64,2025-07-31 08:15:30+00:00,0.08075,0.06475,0.099,0.07725
Hibernian Stadium,64.0,7.0,116.64,2025-07-31 08:30:30+00:00,0.08775,0.07025,0.10375,0.08425
Hibernian Stadium,64.0,7.0,116.64,2025-07-31 08:45:30+00:00,0.092,0.0715,0.10675,0.08875
Hibernian Stadium,64.0,7.0,116.64,2025-07-31 09:00:30+00:00,0.087,0.0635,0.114,0.08475
Hibernian Stadium,64.0,7.0,116.64,2025-07-31 09:15:30+00:00,0.08725,0.056,0.1195,0.0855
Hibernian Stadium,64.0,7.0,116.64,2025-07-31 09:30:30+00:00,0.0885,0.043,0.124,0.087
Hibernian Stadium,64.0,7.0,116.64,2025-07-31 09:45:30+00:00,0.0735,0.03075,0.12125,0.07275
Hibernian Stadium,64.0,7.0,116.64,2025-07-31 10:00:30+00:00,0.06575,0.02075,0.10925,0.066
Hibernian Stadium,64.0,7.0,116.64,2025-07-31 10:15:30+00:00,0.0555,0.0195,0.0955,0.05575
Hibernian Stadium,64.0,7.0,116.64,2025-07-31 10:30:30+00:00,0.051,0.026,0.0805,0.05125
Hibernian Stadium,64.0,7.0,116.64,2025-07-31 10:45:30+00:00,0.05325,0.031,0.07375,0.0535
Hibernian Stadium,64.0,7.0,116.64,2025-07-31 11:00:30+00:00,0.05275,0.0315,0.0745,0.05325
Hibernian Stadium,64.0,7.0,116.64,2025-07-31 11:15:30+00:00,0.05275,0.03025,0.0795,0.05325
Hibernian Stadium,64.0,7.0,116.64,2025-07-31 11:30:30+00:00,0.0585,0.031,0.09125,0.059
Hibernian Stadium,64.0,7.0,116.64,2025-07-31 11:45:30+00:00,0.07175,0.0295,0.096,0.07275
Hibernian Stadium,64.0,7.0,116.64,2025-07-31 12:00:30+00:00,0.0575,0.02175,0.0955,0.05825
Hibernian Stadium,64.0,7.0,116.64,2025-07-31 12:15:30+00:00,0.046,0.0155,0.08325,0.0465
Hibernian Stadium,64.0,7.0,116.64,2025-07-31 12:30:30+00:00,0.043,0.0155,0.0725,0.0435
Hibernian Stadium,64.0,7.0,116.64,2025-07-31 12:45:30+00:00,0.04225,0.0205,0.06625,0.04275
Hibernian Stadium,64.0,7.0,116.64,2025-07-31 13:00:30+00:00,0.0445,0.0235,0.06625,0.045
Hibernian Stadium,64.0,7.0,116.64,2025-07-31 13:15:30+00:00,0.04775,0.02625,0.0685,0.0485
Hibernian Stadium,64.0,7.0,116.64,2025-07-31 13:30:30+00:00,0.04975,0.02925,0.069,0.05075
Hibernian Stadium,64.0,7.0,116.64,2025-07-31 13:45:30+00:00,0.0495,0.02875,0.06825,0.05025
Hibernian Stadium,64.0,7.0,116.64,2025-07-31 14:00:30+00:00,0.046,0.024,0.067,0.047
Hibernian Stadium,64.0,7.0,116.64,2025-07-31 14:15:30+00:00,0.041,0.018,0.0635,0.04175
Hibernian Stadium,64.0,7.0,116.64,2025-07-31 14:30:30+00:00,0.035,0.01325,0.05825,0.0355
Hibernian Stadium,64.0,7.0,116.64,2025-07-31 14:45:30+00:00,0.03025,0.01275,0.05425,0.0305
Hibernian Stadium,64.0,7.0,116.64,2025-07-31 15:00:30+00:00,0.03325,0.01225,0.061,0.03375
Hibernian Stadium,64.0,7.0,116.64,2025-07-31 15:15:30+00:00,0.03775,0.01175,0.0675,0.03825
Hibernian Stadium,64.0,7.0,116.64,2025-07-31 15:30:30+00:00,0.03575,0.01125,0.07775,0.03625
Hibernian Stadium,64.0,7.0,116.64,2025-07-31 15:45:30+00:00,0.0545,0.01425,0.07725,0.057
Hibernian Stadium,64.0,7.0,116.64,2025-07-31 16:00:30+00:00,0.048,0.01325,0.075,0.04975
Hibernian Stadium,64.0,7.0,116.64,2025-07-31 16:15:30+00:00,0.029,0.00925,0.064,0.0295
Hibernian Stadium,64.0,7.0,116.64,2025-07-31 16:30:30+00:00,0.02025,0.00875,0.053,0.0205
Hibernian Stadium,64.0,7.0,116.64,2025-07-31 16:45:30+00:00,0.0225,0.008,0.0535,0.023
Hibernian Stadium,64.0,7.0,116.64,2025-07-31 17:00:30+00:00,0.03375,0.00725,0.05575,0.035
Hibernian Stadium,64.0,7.0,116.64,2025-07-31 17:15:30+00:00,0.03325,0.013,0.05475,0.03425
Hibernian Stadium,64.0,7.0,116.64,2025-07-31 17:30:30+00:00,0.03325,0.0165,0.04525,0.03525
Hibernian Stadium,64.0,7.0,116.64,2025-07-31 17:45:30+00:00,0.0275,0.01725,0.0395,0.0285
Hibernian Stadium,64.0,7.0,116.64,2025-07-31 18:00:30+00:00,0.0235,0.0135,0.03625,0.0245
Hibernian Stadium,64.0,7.0,116.64,2025-07-31 18:15:30+00:00,0.02275,0.01075,0.0345,0.024
Hibernian Stadium,64.0,7.0,116.64,2025-07-31 18:30:30+00:00,0.02125,0.00725,0.0315,0.02325
Hibernian Stadium,64.0,7.0,116.64,2025-07-31 18:45:30+00:00,0.01525,0.003,0.02775,0.016
Hibernian Stadium,64.0,7.0,116.64,2025-07-31 19:00:30+00:00,0.008,0.002,0.02075,0.008
Hibernian Stadium,64.0,7.0,116.64,2025-07-31 19:15:30+00:00,0.0035,0.00125,0.0125,0.0035
Hibernian Stadium,64.0,7.0,116.64,2025-07-31 19:30:30+00:00,0.00175,0.00075,0.0065,0.00175
Hibernian Stadium,64.0,7.0,116.64,2025-07-31 19:45:30+00:00,0.00075,0.0005,0.00325,0.00075
Hibernian Stadium,64.0,7.0,116.64,2025-07-31 20:00:30+00:00,0.00025,0.00025,0.00125,0.00025
Hibernian Stadium,64.0,7.0,116.64,2025-07-31 20:15:30+00:00,0.0,0.0,0.0,0.0
Hibernian Stadium,64.0,7.0,116.64,2025-07-31 20:30:30+00:00,0.0,0.0,0.0,0.0
Hibernian Stadium,64.0,7.0,116.64,2025-07-31 20:45:30+00:00,0.0,0.0,0.0,0.0
Hibernian Stadium,64.0,7.0,116.64,2025-07-31 21:00:30+00:00,0.0,0.0,0.0,0.0
Hibernian Stadium,64.0,7.0,116.64,2025-07-31 21:15:30+00:00,0.0,0.0,0.0,0.0
Hibernian Stadium,64.0,7.0,116.64,2025-07-31 21:30:30+00:00,0.0,0.0,0.0,0.0
Hibernian Stadium,64.0,7.0,116.64,2025-07-31 21:45:30+00:00,0.0,0.0,0.0,0.0
Hibernian Stadium,64.0,7.0,116.64,2025-07-31 22:00:30+00:00,0.0,0.0,0.0,0.0
Hibernian Stadium,64.0,7.0,116.64,2025-07-31 22:15:30+00:00,0.0,0.0,0.0,0.0
Hibernian Stadium,64.0,7.0,116.64,2025-07-31 22:30:30+00:00,0.0,0.0,0.0,0.0
Hibernian Stadium,64.0,7.0,116.64,2025-07-31 22:45:30+00:00,0.0,0.0,0.0,0.0
Hibernian Stadium,64.0,7.0,116.64,2025-07-31 23:00:30+00:00,0.0,0.0,0.0,0.0
Hibernian Stadium,64.0,7.0,116.64,2025-07-31 23:15:30+00:00,0.0,0.0,0.0,0.0
Hibernian Stadium,64.0,7.0,116.64,2025-07-31 23:30:30+00:00,0.0,0.0,0.0,0.0
Hibernian Stadium,64.0,7.0,116.64,2025-07-31 23:45:30+00:00,0.0,0.0,0.0,0.0
