name,azimuth,slope,array_capacity,time,gti,gti_low,gti_high,ghi
Bannatynes Cookridge Hall,180.0,0.0,27.82,2025-11-19 00:00:30+00:00,0.0,0.0,0.0,0.0
Bannatynes Cookridge Hall,180.0,0.0,27.82,2025-11-19 00:15:30+00:00,0.0,0.0,0.0,0.0
Bannatynes Cookridge Hall,180.0,0.0,27.82,2025-11-19 00:30:30+00:00,0.0,0.0,0.0,0.0
Bannatynes Cookridge Hall,180.0,0.0,27.82,2025-11-19 00:45:30+00:00,0.0,0.0,0.0,0.0
Bannatynes Cookridge Hall,180.0,0.0,27.82,2025-11-19 01:00:30+00:00,0.0,0.0,0.0,0.0
Bannatynes Cookridge Hall,180.0,0.0,27.82,2025-11-19 01:15:30+00:00,0.0,0.0,0.0,0.0
Bannatynes Cookridge Hall,180.0,0.0,27.82,2025-11-19 01:30:30+00:00,0.0,0.0,0.0,0.0
Bannatynes Cookridge Hall,180.0,0.0,27.82,2025-11-19 01:45:30+00:00,0.0,0.0,0.0,0.0
Bannatynes Cookridge Hall,180.0,0.0,27.82,2025-11-19 02:00:30+00:00,0.0,0.0,0.0,0.0
Bannatynes Cookridge Hall,180.0,0.0,27.82,2025-11-19 02:15:30+00:00,0.0,0.0,0.0,0.0
Bannatynes Cookridge Hall,180.0,0.0,27.82,2025-11-19 02:30:30+00:00,0.0,0.0,0.0,0.0
Bannatynes Cookridge Hall,180.0,0.0,27.82,2025-11-19 02:45:30+00:00,0.0,0.0,0.0,0.0
Bannatynes Cookridge Hall,180.0,0.0,27.82,2025-11-19 03:00:30+00:00,0.0,0.0,0.0,0.0
Bannatynes Cookridge Hall,180.0,0.0,27.82,2025-11-19 03:15:30+00:00,0.0,0.0,0.0,0.0
Bannatynes Cookridge Hall,180.0,0.0,27.82,2025-11-19 03:30:30+00:00,0.0,0.0,0.0,0.0
Bannatynes Cookridge Hall,180.0,0.0,27.82,2025-11-19 03:45:30+00:00,0.0,0.0,0.0,0.0
Bannatynes Cookridge Hall,180.0,0.0,27.82,2025-11-19 04:00:30+00:00,0.0,0.0,0.0,0.0
Bannatynes Cookridge Hall,180.0,0.0,27.82,2025-11-19 04:15:30+00:00,0.0,0.0,0.0,0.0
Bannatynes Cookridge Hall,180.0,0.0,27.82,2025-11-19 04:30:30+00:00,0.0,0.0,0.0,0.0
Bannatynes Cookridge Hall,180.0,0.0,27.82,2025-11-19 04:45:30+00:00,0.0,0.0,0.0,0.0
Bannatynes Cookridge Hall,180.0,0.0,27.82,2025-11-19 05:00:30+00:00,0.0,0.0,0.0,0.0
Bannatynes Cookridge Hall,180.0,0.0,27.82,2025-11-19 05:15:30+00:00,0.0,0.0,0.0,0.0
Bannatynes Cookridge Hall,180.0,0.0,27.82,2025-11-19 05:30:30+00:00,0.0,0.0,0.0,0.0
Bannatynes Cookridge Hall,180.0,0.0,27.82,2025-11-19 05:45:30+00:00,0.0,0.0,0.0,0.0
Bannatynes Cookridge Hall,180.0,0.0,27.82,2025-11-19 06:00:30+00:00,0.0,0.0,0.0,0.0
Bannatynes Cookridge Hall,180.0,0.0,27.82,2025-11-19 06:15:30+00:00,0.0,0.0,0.0,0.0
Bannatynes Cookridge Hall,180.0,0.0,27.82,2025-11-19 06:30:30+00:00,0.0,0.0,0.0,0.0
Bannatynes Cookridge Hall,180.0,0.0,27.82,2025-11-19 06:45:30+00:00,0.0,0.0,0.0,0.0
Bannatynes Cookridge Hall,180.0,0.0,27.82,2025-11-19 07:00:30+00:00,0.0,0.0,0.0,0.0
Bannatynes Cookridge Hall,180.0,0.0,27.82,2025-11-19 07:15:30+00:00,0.0,0.0,0.0,0.0
Bannatynes Cookridge Hall,180.0,0.0,27.82,2025-11-19 07:30:30+00:00,0.0,0.0,0.0,0.0
Bannatynes Cookridge Hall,180.0,0.0,27.82,2025-11-19 07:45:30+00:00,0.0005,0.0,0.001,0.0005
Bannatynes Cookridge Hall,180.0,0.0,27.82,2025-11-19 08:00:30+00:00,0.0025,0.0005,0.00575,0.0025
Bannatynes Cookridge Hall,180.0,0.0,27.82,2025-11-19 08:15:30+00:00,0.0065,0.00125,0.0105,0.0065
Bannatynes Cookridge Hall,180.0,0.0,27.82,2025-11-19 08:30:30+00:00,0.00425,0.0015,0.01425,0.00425
Bannatynes Cookridge Hall,180.0,0.0,27.82,2025-11-19 08:45:30+00:00,0.0035,0.002,0.01425,0.0035
Bannatynes Cookridge Hall,180.0,0.0,27.82,2025-11-19 09:00:30+00:00,0.011,0.0025,0.023,0.011
Bannatynes Cookridge Hall,180.0,0.0,27.82,2025-11-19 09:15:30+00:00,0.01375,0.003,0.02725,0.01375
Bannatynes Cookridge Hall,180.0,0.0,27.82,2025-11-19 09:30:30+00:00,0.01925,0.005,0.029,0.01925
Bannatynes Cookridge Hall,180.0,0.0,27.82,2025-11-19 09:45:30+00:00,0.018,0.005,0.033,0.018
Bannatynes Cookridge Hall,180.0,0.0,27.82,2025-11-19 10:00:30+00:00,0.0195,0.00425,0.0385,0.0195
Bannatynes Cookridge Hall,180.0,0.0,27.82,2025-11-19 10:15:30+00:00,0.02425,0.006,0.051,0.02425
Bannatynes Cookridge Hall,180.0,0.0,27.82,2025-11-19 10:30:30+00:00,0.0415,0.00825,0.0545,0.0415
Bannatynes Cookridge Hall,180.0,0.0,27.82,2025-11-19 10:45:30+00:00,0.025,0.005,0.0555,0.025
Bannatynes Cookridge Hall,180.0,0.0,27.82,2025-11-19 11:00:30+00:00,0.0225,0.00525,0.05225,0.0225
Bannatynes Cookridge Hall,180.0,0.0,27.82,2025-11-19 11:15:30+00:00,0.0365,0.0105,0.05525,0.0365
Bannatynes Cookridge Hall,180.0,0.0,27.82,2025-11-19 11:30:30+00:00,0.03925,0.01475,0.0545,0.03925
Bannatynes Cookridge Hall,180.0,0.0,27.82,2025-11-19 11:45:30+00:00,0.028,0.0115,0.05025,0.028
Bannatynes Cookridge Hall,180.0,0.0,27.82,2025-11-19 12:00:30+00:00,0.0255,0.008,0.047,0.0255
Bannatynes Cookridge Hall,180.0,0.0,27.82,2025-11-19 12:15:30+00:00,0.0285,0.0085,0.052,0.0285
Bannatynes Cookridge Hall,180.0,0.0,27.82,2025-11-19 12:30:30+00:00,0.0365,0.01075,0.05875,0.0365
Bannatynes Cookridge Hall,180.0,0.0,27.82,2025-11-19 12:45:30+00:00,0.03875,0.0165,0.062,0.03875
Bannatynes Cookridge Hall,180.0,0.0,27.82,2025-11-19 13:00:30+00:00,0.04225,0.0225,0.0605,0.04225
Bannatynes Cookridge Hall,180.0,0.0,27.82,2025-11-19 13:15:30+00:00,0.0435,0.0275,0.056,0.0435
Bannatynes Cookridge Hall,180.0,0.0,27.82,2025-11-19 13:30:30+00:00,0.0395,0.02675,0.05075,0.0395
Bannatynes Cookridge Hall,180.0,0.0,27.82,2025-11-19 13:45:30+00:00,0.03325,0.02475,0.04575,0.03325
Bannatynes Cookridge Hall,180.0,0.0,27.82,2025-11-19 14:00:30+00:00,0.033,0.02125,0.04125,0.033
Bannatynes Cookridge Hall,180.0,0.0,27.82,2025-11-19 14:15:30+00:00,0.0275,0.01825,0.03625,0.0275
Bannatynes Cookridge Hall,180.0,0.0,27.82,2025-11-19 14:30:30+00:00,0.02125,0.014,0.03,0.02125
Bannatynes Cookridge Hall,180.0,0.0,27.82,2025-11-19 14:45:30+00:00,0.01725,0.0105,0.02425,0.01725
Bannatynes Cookridge Hall,180.0,0.0,27.82,2025-11-19 15:00:30+00:00,0.0135,0.00775,0.0185,0.0135
Bannatynes Cookridge Hall,180.0,0.0,27.82,2025-11-19 15:15:30+00:00,0.00875,0.005,0.012,0.00875
Bannatynes Cookridge Hall,180.0,0.0,27.82,2025-11-19 15:30:30+00:00,0.0035,0.0025,0.0055,0.0035
Bannatynes Cookridge Hall,180.0,0.0,27.82,2025-11-19 15:45:30+00:00,0.0015,0.001,0.00225,0.0015
Bannatynes Cookridge Hall,180.0,0.0,27.82,2025-11-19 16:00:30+00:00,0.0,0.0,0.0,0.0
Bannatynes Cookridge Hall,180.0,0.0,27.82,2025-11-19 16:15:30+00:00,0.0,0.0,0.0,0.0
Bannatynes Cookridge Hall,180.0,0.0,27.82,2025-11-19 16:30:30+00:00,0.0,0.0,0.0,0.0
Bannatynes Cookridge Hall,180.0,0.0,27.82,2025-11-19 16:45:30+00:00,0.0,0.0,0.0,0.0
Bannatynes Cookridge Hall,180.0,0.0,27.82,2025-11-19 17:00:30+00:00,0.0,0.0,0.0,0.0
Bannatynes Cookridge Hall,180.0,0.0,27.82,2025-11-19 17:15:30+00:00,0.0,0.0,0.0,0.0
Bannatynes Cookridge Hall,180.0,0.0,27.82,2025-11-19 17:30:30+00:00,0.0,0.0,0.0,0.0
Bannatynes Cookridge Hall,180.0,0.0,27.82,2025-11-19 17:45:30+00:00,0.0,0.0,0.0,0.0
Bannatynes Cookridge Hall,180.0,0.0,27.82,2025-11-19 18:00:30+00:00,0.0,0.0,0.0,0.0
Bannatynes Cookridge Hall,180.0,0.0,27.82,2025-11-19 18:15:30+00:00,0.0,0.0,0.0,0.0
Bannatynes Cookridge Hall,180.0,0.0,27.82,2025-11-19 18:30:30+00:00,0.0,0.0,0.0,0.0
Bannatynes Cookridge Hall,180.0,0.0,27.82,2025-11-19 18:45:30+00:00,0.0,0.0,0.0,0.0
Bannatynes Cookridge Hall,180.0,0.0,27.82,2025-11-19 19:00:30+00:00,0.0,0.0,0.0,0.0
Bannatynes Cookridge Hall,180.0,0.0,27.82,2025-11-19 19:15:30+00:00,0.0,0.0,0.0,0.0
Bannatynes Cookridge Hall,180.0,0.0,27.82,2025-11-19 19:30:30+00:00,0.0,0.0,0.0,0.0
Bannatynes Cookridge Hall,180.0,0.0,27.82,2025-11-19 19:45:30+00:00,0.0,0.0,0.0,0.0
Bannatynes Cookridge Hall,180.0,0.0,27.82,2025-11-19 20:00:30+00:00,0.0,0.0,0.0,0.0
Bannatynes Cookridge Hall,180.0,0.0,27.82,2025-11-19 20:15:30+00:00,0.0,0.0,0.0,0.0
Bannatynes Cookridge Hall,180.0,0.0,27.82,2025-11-19 20:30:30+00:00,0.0,0.0,0.0,0.0
Bannatynes Cookridge Hall,180.0,0.0,27.82,2025-11-19 20:45:30+00:00,0.0,0.0,0.0,0.0
Bannatynes Cookridge Hall,180.0,0.0,27.82,2025-11-19 21:00:30+00:00,0.0,0.0,0.0,0.0
Bannatynes Cookridge Hall,180.0,0.0,27.82,2025-11-19 21:15:30+00:00,0.0,0.0,0.0,0.0
Bannatynes Cookridge Hall,180.0,0.0,27.82,2025-11-19 21:30:30+00:00,0.0,0.0,0.0,0.0
Bannatynes Cookridge Hall,180.0,0.0,27.82,2025-11-19 21:45:30+00:00,0.0,0.0,0.0,0.0
Bannatynes Cookridge Hall,180.0,0.0,27.82,2025-11-19 22:00:30+00:00,0.0,0.0,0.0,0.0
Bannatynes Cookridge Hall,180.0,0.0,27.82,2025-11-19 22:15:30+00:00,0.0,0.0,0.0,0.0
Bannatynes Cookridge Hall,180.0,0.0,27.82,2025-11-19 22:30:30+00:00,0.0,0.0,0.0,0.0
Bannatynes Cookridge Hall,180.0,0.0,27.82,2025-11-19 22:45:30+00:00,0.0,0.0,0.0,0.0
Bannatynes Cookridge Hall,180.0,0.0,27.82,2025-11-19 23:00:30+00:00,0.0,0.0,0.0,0.0
Bannatynes Cookridge Hall,180.0,0.0,27.82,2025-11-19 23:15:30+00:00,0.0,0.0,0.0,0.0
Bannatynes Cookridge Hall,180.0,0.0,27.82,2025-11-19 23:30:30+00:00,0.0,0.0,0.0,0.0
Bannatynes Cookridge Hall,180.0,0.0,27.82,2025-11-19 23:45:30+00:00,0.0,0.0,0.0,0.0
Bannatynes Cookridge Hall,180.0,0.0,27.82,2025-11-20 00:00:30+00:00,0.0,0.0,0.0,0.0
Bannatynes Cookridge Hall,180.0,0.0,27.82,2025-11-20 00:15:30+00:00,0.0,0.0,0.0,0.0
Bannatynes Cookridge Hall,180.0,0.0,27.82,2025-11-20 00:30:30+00:00,0.0,0.0,0.0,0.0
Bannatynes Cookridge Hall,180.0,0.0,27.82,2025-11-20 00:45:30+00:00,0.0,0.0,0.0,0.0
Bannatynes Cookridge Hall,180.0,0.0,27.82,2025-11-20 01:00:30+00:00,0.0,0.0,0.0,0.0
Bannatynes Cookridge Hall,180.0,0.0,27.82,2025-11-20 01:15:30+00:00,0.0,0.0,0.0,0.0
Bannatynes Cookridge Hall,180.0,0.0,27.82,2025-11-20 01:30:30+00:00,0.0,0.0,0.0,0.0
Bannatynes Cookridge Hall,180.0,0.0,27.82,2025-11-20 01:45:30+00:00,0.0,0.0,0.0,0.0
Bannatynes Cookridge Hall,180.0,0.0,27.82,2025-11-20 02:00:30+00:00,0.0,0.0,0.0,0.0
Bannatynes Cookridge Hall,180.0,0.0,27.82,2025-11-20 02:15:30+00:00,0.0,0.0,0.0,0.0
Bannatynes Cookridge Hall,180.0,0.0,27.82,2025-11-20 02:30:30+00:00,0.0,0.0,0.0,0.0
Bannatynes Cookridge Hall,180.0,0.0,27.82,2025-11-20 02:45:30+00:00,0.0,0.0,0.0,0.0
Bannatynes Cookridge Hall,180.0,0.0,27.82,2025-11-20 03:00:30+00:00,0.0,0.0,0.0,0.0
Bannatynes Cookridge Hall,180.0,0.0,27.82,2025-11-20 03:15:30+00:00,0.0,0.0,0.0,0.0
Bannatynes Cookridge Hall,180.0,0.0,27.82,2025-11-20 03:30:30+00:00,0.0,0.0,0.0,0.0
Bannatynes Cookridge Hall,180.0,0.0,27.82,2025-11-20 03:45:30+00:00,0.0,0.0,0.0,0.0
Bannatynes Cookridge Hall,180.0,0.0,27.82,2025-11-20 04:00:30+00:00,0.0,0.0,0.0,0.0
Bannatynes Cookridge Hall,180.0,0.0,27.82,2025-11-20 04:15:30+00:00,0.0,0.0,0.0,0.0
Bannatynes Cookridge Hall,180.0,0.0,27.82,2025-11-20 04:30:30+00:00,0.0,0.0,0.0,0.0
Bannatynes Cookridge Hall,180.0,0.0,27.82,2025-11-20 04:45:30+00:00,0.0,0.0,0.0,0.0
Bannatynes Cookridge Hall,180.0,0.0,27.82,2025-11-20 05:00:30+00:00,0.0,0.0,0.0,0.0
Bannatynes Cookridge Hall,180.0,0.0,27.82,2025-11-20 05:15:30+00:00,0.0,0.0,0.0,0.0
Bannatynes Cookridge Hall,180.0,0.0,27.82,2025-11-20 05:30:30+00:00,0.0,0.0,0.0,0.0
Bannatynes Cookridge Hall,180.0,0.0,27.82,2025-11-20 05:45:30+00:00,0.0,0.0,0.0,0.0
Bannatynes Cookridge Hall,180.0,0.0,27.82,2025-11-20 06:00:30+00:00,0.0,0.0,0.0,0.0
Bannatynes Cookridge Hall,180.0,0.0,27.82,2025-11-20 06:15:30+00:00,0.0,0.0,0.0,0.0
Bannatynes Cookridge Hall,180.0,0.0,27.82,2025-11-20 06:30:30+00:00,0.0,0.0,0.0,0.0
Bannatynes Cookridge Hall,180.0,0.0,27.82,2025-11-20 06:45:30+00:00,0.0,0.0,0.0,0.0
Bannatynes Cookridge Hall,180.0,0.0,27.82,2025-11-20 07:00:30+00:00,0.0,0.0,0.0,0.0
Bannatynes Cookridge Hall,180.0,0.0,27.82,2025-11-20 07:15:30+00:00,0.0,0.0,0.0,0.0
Bannatynes Cookridge Hall,180.0,0.0,27.82,2025-11-20 07:30:30+00:00,0.0,0.0,0.0,0.0
Bannatynes Cookridge Hall,180.0,0.0,27.82,2025-11-20 07:45:30+00:00,0.0005,0.00025,0.00075,0.0005
Bannatynes Cookridge Hall,180.0,0.0,27.82,2025-11-20 08:00:30+00:00,0.00375,0.00275,0.00475,0.00375
Bannatynes Cookridge Hall,180.0,0.0,27.82,2025-11-20 08:15:30+00:00,0.009,0.00525,0.01125,0.009
Bannatynes Cookridge Hall,180.0,0.0,27.82,2025-11-20 08:30:30+00:00,0.013,0.0085,0.018,0.013
Bannatynes Cookridge Hall,180.0,0.0,27.82,2025-11-20 08:45:30+00:00,0.019,0.012,0.02475,0.019
Bannatynes Cookridge Hall,180.0,0.0,27.82,2025-11-20 09:00:30+00:00,0.024,0.017,0.0315,0.024
Bannatynes Cookridge Hall,180.0,0.0,27.82,2025-11-20 09:15:30+00:00,0.03175,0.02125,0.038,0.03175
Bannatynes Cookridge Hall,180.0,0.0,27.82,2025-11-20 09:30:30+00:00,0.035,0.026,0.04425,0.035
Bannatynes Cookridge Hall,180.0,0.0,27.82,2025-11-20 09:45:30+00:00,0.04025,0.0305,0.04975,0.04025
Bannatynes Cookridge Hall,180.0,0.0,27.82,2025-11-20 10:00:30+00:00,0.047,0.0345,0.05475,0.047
Bannatynes Cookridge Hall,180.0,0.0,27.82,2025-11-20 10:15:30+00:00,0.04825,0.03725,0.05925,0.04825
Bannatynes Cookridge Hall,180.0,0.0,27.82,2025-11-20 10:30:30+00:00,0.0495,0.03925,0.06175,0.0495
Bannatynes Cookridge Hall,180.0,0.0,27.82,2025-11-20 10:45:30+00:00,0.0535,0.04175,0.06475,0.0535
Bannatynes Cookridge Hall,180.0,0.0,27.82,2025-11-20 11:00:30+00:00,0.0565,0.04525,0.068,0.0565
Bannatynes Cookridge Hall,180.0,0.0,27.82,2025-11-20 11:15:30+00:00,0.0595,0.048,0.0705,0.0595
Bannatynes Cookridge Hall,180.0,0.0,27.82,2025-11-20 11:30:30+00:00,0.0615,0.05025,0.07175,0.0615
Bannatynes Cookridge Hall,180.0,0.0,27.82,2025-11-20 11:45:30+00:00,0.062,0.05125,0.072,0.062
Bannatynes Cookridge Hall,180.0,0.0,27.82,2025-11-20 12:00:30+00:00,0.0615,0.05075,0.07125,0.0615
Bannatynes Cookridge Hall,180.0,0.0,27.82,2025-11-20 12:15:30+00:00,0.05925,0.04925,0.07,0.05925
Bannatynes Cookridge Hall,180.0,0.0,27.82,2025-11-20 12:30:30+00:00,0.05825,0.048,0.06875,0.05825
Bannatynes Cookridge Hall,180.0,0.0,27.82,2025-11-20 12:45:30+00:00,0.05725,0.0465,0.06625,0.05725
Bannatynes Cookridge Hall,180.0,0.0,27.82,2025-11-20 13:00:30+00:00,0.05525,0.0445,0.06325,0.05525
Bannatynes Cookridge Hall,180.0,0.0,27.82,2025-11-20 13:15:30+00:00,0.0515,0.0415,0.05925,0.0515
Bannatynes Cookridge Hall,180.0,0.0,27.82,2025-11-20 13:30:30+00:00,0.0475,0.0375,0.05475,0.0475
Bannatynes Cookridge Hall,180.0,0.0,27.82,2025-11-20 13:45:30+00:00,0.04275,0.033,0.04975,0.04275
Bannatynes Cookridge Hall,180.0,0.0,27.82,2025-11-20 14:00:30+00:00,0.03725,0.028,0.04425,0.03725
Bannatynes Cookridge Hall,180.0,0.0,27.82,2025-11-20 14:15:30+00:00,0.03125,0.02325,0.038,0.03125
Bannatynes Cookridge Hall,180.0,0.0,27.82,2025-11-20 14:30:30+00:00,0.026,0.01875,0.03175,0.026
Bannatynes Cookridge Hall,180.0,0.0,27.82,2025-11-20 14:45:30+00:00,0.0205,0.01375,0.025,0.0205
Bannatynes Cookridge Hall,180.0,0.0,27.82,2025-11-20 15:00:30+00:00,0.0145,0.00925,0.018,0.0145
Bannatynes Cookridge Hall,180.0,0.0,27.82,2025-11-20 15:15:30+00:00,0.00875,0.005,0.01125,0.00875
Bannatynes Cookridge Hall,180.0,0.0,27.82,2025-11-20 15:30:30+00:00,0.00325,0.0025,0.00475,0.00325
Bannatynes Cookridge Hall,180.0,0.0,27.82,2025-11-20 15:45:30+00:00,0.0015,0.00075,0.00175,0.0015
Bannatynes Cookridge Hall,180.0,0.0,27.82,2025-11-20 16:00:30+00:00,0.0,0.0,0.0,0.0
Bannatynes Cookridge Hall,180.0,0.0,27.82,2025-11-20 16:15:30+00:00,0.0,0.0,0.0,0.0
Bannatynes Cookridge Hall,180.0,0.0,27.82,2025-11-20 16:30:30+00:00,0.0,0.0,0.0,0.0
Bannatynes Cookridge Hall,180.0,0.0,27.82,2025-11-20 16:45:30+00:00,0.0,0.0,0.0,0.0
Bannatynes Cookridge Hall,180.0,0.0,27.82,2025-11-20 17:00:30+00:00,0.0,0.0,0.0,0.0
Bannatynes Cookridge Hall,180.0,0.0,27.82,2025-11-20 17:15:30+00:00,0.0,0.0,0.0,0.0
Bannatynes Cookridge Hall,180.0,0.0,27.82,2025-11-20 17:30:30+00:00,0.0,0.0,0.0,0.0
Bannatynes Cookridge Hall,180.0,0.0,27.82,2025-11-20 17:45:30+00:00,0.0,0.0,0.0,0.0
Bannatynes Cookridge Hall,180.0,0.0,27.82,2025-11-20 18:00:30+00:00,0.0,0.0,0.0,0.0
Bannatynes Cookridge Hall,180.0,0.0,27.82,2025-11-20 18:15:30+00:00,0.0,0.0,0.0,0.0
Bannatynes Cookridge Hall,180.0,0.0,27.82,2025-11-20 18:30:30+00:00,0.0,0.0,0.0,0.0
Bannatynes Cookridge Hall,180.0,0.0,27.82,2025-11-20 18:45:30+00:00,0.0,0.0,0.0,0.0
Bannatynes Cookridge Hall,180.0,0.0,27.82,2025-11-20 19:00:30+00:00,0.0,0.0,0.0,0.0
Bannatynes Cookridge Hall,180.0,0.0,27.82,2025-11-20 19:15:30+00:00,0.0,0.0,0.0,0.0
Bannatynes Cookridge Hall,180.0,0.0,27.82,2025-11-20 19:30:30+00:00,0.0,0.0,0.0,0.0
Bannatynes Cookridge Hall,180.0,0.0,27.82,2025-11-20 19:45:30+00:00,0.0,0.0,0.0,0.0
Bannatynes Cookridge Hall,180.0,0.0,27.82,2025-11-20 20:00:30+00:00,0.0,0.0,0.0,0.0
Bannatynes Cookridge Hall,180.0,0.0,27.82,2025-11-20 20:15:30+00:00,0.0,0.0,0.0,0.0
Bannatynes Cookridge Hall,180.0,0.0,27.82,2025-11-20 20:30:30+00:00,0.0,0.0,0.0,0.0
Bannatynes Cookridge Hall,180.0,0.0,27.82,2025-11-20 20:45:30+00:00,0.0,0.0,0.0,0.0
Bannatynes Cookridge Hall,180.0,0.0,27.82,2025-11-20 21:00:30+00:00,0.0,0.0,0.0,0.0
Bannatynes Cookridge Hall,180.0,0.0,27.82,2025-11-20 21:15:30+00:00,0.0,0.0,0.0,0.0
Bannatynes Cookridge Hall,180.0,0.0,27.82,2025-11-20 21:30:30+00:00,0.0,0.0,0.0,0.0
Bannatynes Cookridge Hall,180.0,0.0,27.82,2025-11-20 21:45:30+00:00,0.0,0.0,0.0,0.0
Bannatynes Cookridge Hall,180.0,0.0,27.82,2025-11-20 22:00:30+00:00,0.0,0.0,0.0,0.0
Bannatynes Cookridge Hall,180.0,0.0,27.82,2025-11-20 22:15:30+00:00,0.0,0.0,0.0,0.0
Bannatynes Cookridge Hall,180.0,0.0,27.82,2025-11-20 22:30:30+00:00,0.0,0.0,0.0,0.0
Bannatynes Cookridge Hall,180.0,0.0,27.82,2025-11-20 22:45:30+00:00,0.0,0.0,0.0,0.0
Bannatynes Cookridge Hall,180.0,0.0,27.82,2025-11-20 23:00:30+00:00,0.0,0.0,0.0,0.0
Bannatynes Cookridge Hall,180.0,0.0,27.82,2025-11-20 23:15:30+00:00,0.0,0.0,0.0,0.0
Bannatynes Cookridge Hall,180.0,0.0,27.82,2025-11-20 23:30:30+00:00,0.0,0.0,0.0,0.0
Bannatynes Cookridge Hall,180.0,0.0,27.82,2025-11-20 23:45:30+00:00,0.0,0.0,0.0,0.0
Bannatynes Cookridge Hall,180.0,0.0,27.82,2025-11-21 00:00:30+00:00,0.0,0.0,0.0,0.0
Bannatynes Cookridge Hall,180.0,0.0,27.82,2025-11-21 00:15:30+00:00,0.0,0.0,0.0,0.0
Bannatynes Cookridge Hall,180.0,0.0,27.82,2025-11-21 00:30:30+00:00,0.0,0.0,0.0,0.0
Bannatynes Cookridge Hall,180.0,0.0,27.82,2025-11-21 00:45:30+00:00,0.0,0.0,0.0,0.0
Bannatynes Cookridge Hall,180.0,0.0,27.82,2025-11-21 01:00:30+00:00,0.0,0.0,0.0,0.0
Bannatynes Cookridge Hall,180.0,0.0,27.82,2025-11-21 01:15:30+00:00,0.0,0.0,0.0,0.0
Bannatynes Cookridge Hall,180.0,0.0,27.82,2025-11-21 01:30:30+00:00,0.0,0.0,0.0,0.0
Bannatynes Cookridge Hall,180.0,0.0,27.82,2025-11-21 01:45:30+00:00,0.0,0.0,0.0,0.0
Bannatynes Cookridge Hall,180.0,0.0,27.82,2025-11-21 02:00:30+00:00,0.0,0.0,0.0,0.0
Bannatynes Cookridge Hall,180.0,0.0,27.82,2025-11-21 02:15:30+00:00,0.0,0.0,0.0,0.0
Bannatynes Cookridge Hall,180.0,0.0,27.82,2025-11-21 02:30:30+00:00,0.0,0.0,0.0,0.0
Bannatynes Cookridge Hall,180.0,0.0,27.82,2025-11-21 02:45:30+00:00,0.0,0.0,0.0,0.0
Bannatynes Cookridge Hall,180.0,0.0,27.82,2025-11-21 03:00:30+00:00,0.0,0.0,0.0,0.0
Bannatynes Cookridge Hall,180.0,0.0,27.82,2025-11-21 03:15:30+00:00,0.0,0.0,0.0,0.0
Bannatynes Cookridge Hall,180.0,0.0,27.82,2025-11-21 03:30:30+00:00,0.0,0.0,0.0,0.0
Bannatynes Cookridge Hall,180.0,0.0,27.82,2025-11-21 03:45:30+00:00,0.0,0.0,0.0,0.0
Bannatynes Cookridge Hall,180.0,0.0,27.82,2025-11-21 04:00:30+00:00,0.0,0.0,0.0,0.0
Bannatynes Cookridge Hall,180.0,0.0,27.82,2025-11-21 04:15:30+00:00,0.0,0.0,0.0,0.0
Bannatynes Cookridge Hall,180.0,0.0,27.82,2025-11-21 04:30:30+00:00,0.0,0.0,0.0,0.0
Bannatynes Cookridge Hall,180.0,0.0,27.82,2025-11-21 04:45:30+00:00,0.0,0.0,0.0,0.0
Bannatynes Cookridge Hall,180.0,0.0,27.82,2025-11-21 05:00:30+00:00,0.0,0.0,0.0,0.0
Bannatynes Cookridge Hall,180.0,0.0,27.82,2025-11-21 05:15:30+00:00,0.0,0.0,0.0,0.0
Bannatynes Cookridge Hall,180.0,0.0,27.82,2025-11-21 05:30:30+00:00,0.0,0.0,0.0,0.0
Bannatynes Cookridge Hall,180.0,0.0,27.82,2025-11-21 05:45:30+00:00,0.0,0.0,0.0,0.0
Bannatynes Cookridge Hall,180.0,0.0,27.82,2025-11-21 06:00:30+00:00,0.0,0.0,0.0,0.0
Bannatynes Cookridge Hall,180.0,0.0,27.82,2025-11-21 06:15:30+00:00,0.0,0.0,0.0,0.0
Bannatynes Cookridge Hall,180.0,0.0,27.82,2025-11-21 06:30:30+00:00,0.0,0.0,0.0,0.0
Bannatynes Cookridge Hall,180.0,0.0,27.82,2025-11-21 06:45:30+00:00,0.0,0.0,0.0,0.0
Bannatynes Cookridge Hall,180.0,0.0,27.82,2025-11-21 07:00:30+00:00,0.0,0.0,0.0,0.0
Bannatynes Cookridge Hall,180.0,0.0,27.82,2025-11-21 07:15:30+00:00,0.0,0.0,0.0,0.0
Bannatynes Cookridge Hall,180.0,0.0,27.82,2025-11-21 07:30:30+00:00,0.0,0.0,0.0,0.0
Bannatynes Cookridge Hall,180.0,0.0,27.82,2025-11-21 07:45:30+00:00,0.00025,0.00025,0.00025,0.00025
Bannatynes Cookridge Hall,180.0,0.0,27.82,2025-11-21 08:00:30+00:00,0.0035,0.0025,0.00425,0.0035
Bannatynes Cookridge Hall,180.0,0.0,27.82,2025-11-21 08:15:30+00:00,0.00825,0.0055,0.0105,0.00825
Bannatynes Cookridge Hall,180.0,0.0,27.82,2025-11-21 08:30:30+00:00,0.014,0.0095,0.01725,0.014
Bannatynes Cookridge Hall,180.0,0.0,27.82,2025-11-21 08:45:30+00:00,0.01975,0.01375,0.02425,0.01975
Bannatynes Cookridge Hall,180.0,0.0,27.82,2025-11-21 09:00:30+00:00,0.0255,0.01825,0.031,0.0255
Bannatynes Cookridge Hall,180.0,0.0,27.82,2025-11-21 09:15:30+00:00,0.03125,0.023,0.0375,0.03125
Bannatynes Cookridge Hall,180.0,0.0,27.82,2025-11-21 09:30:30+00:00,0.0365,0.0275,0.0435,0.0365
Bannatynes Cookridge Hall,180.0,0.0,27.82,2025-11-21 09:45:30+00:00,0.04125,0.032,0.049,0.04125
Bannatynes Cookridge Hall,180.0,0.0,27.82,2025-11-21 10:00:30+00:00,0.04575,0.036,0.05425,0.04575
Bannatynes Cookridge Hall,180.0,0.0,27.82,2025-11-21 10:15:30+00:00,0.04975,0.03975,0.05875,0.04975
Bannatynes Cookridge Hall,180.0,0.0,27.82,2025-11-21 10:30:30+00:00,0.0535,0.043,0.0625,0.0535
Bannatynes Cookridge Hall,180.0,0.0,27.82,2025-11-21 10:45:30+00:00,0.056,0.045,0.06575,0.056
Bannatynes Cookridge Hall,180.0,0.0,27.82,2025-11-21 11:00:30+00:00,0.0565,0.04675,0.06825,0.0565
Bannatynes Cookridge Hall,180.0,0.0,27.82,2025-11-21 11:15:30+00:00,0.0595,0.0485,0.07,0.0595
Bannatynes Cookridge Hall,180.0,0.0,27.82,2025-11-21 11:30:30+00:00,0.06225,0.04975,0.07125,0.06225
Bannatynes Cookridge Hall,180.0,0.0,27.82,2025-11-21 11:45:30+00:00,0.06,0.05,0.0715,0.06
Bannatynes Cookridge Hall,180.0,0.0,27.82,2025-11-21 12:00:30+00:00,0.06075,0.04875,0.07075,0.06075
Bannatynes Cookridge Hall,180.0,0.0,27.82,2025-11-21 12:15:30+00:00,0.05825,0.04825,0.07,0.05825
Bannatynes Cookridge Hall,180.0,0.0,27.82,2025-11-21 12:30:30+00:00,0.05875,0.04725,0.06825,0.05875
Bannatynes Cookridge Hall,180.0,0.0,27.82,2025-11-21 12:45:30+00:00,0.058,0.046,0.06575,0.058
Bannatynes Cookridge Hall,180.0,0.0,27.82,2025-11-21 13:00:30+00:00,0.0555,0.0435,0.06275,0.0555
Bannatynes Cookridge Hall,180.0,0.0,27.82,2025-11-21 13:15:30+00:00,0.05075,0.03875,0.05875,0.05075
Bannatynes Cookridge Hall,180.0,0.0,27.82,2025-11-21 13:30:30+00:00,0.044,0.03375,0.05425,0.044
Bannatynes Cookridge Hall,180.0,0.0,27.82,2025-11-21 13:45:30+00:00,0.04225,0.02675,0.04925,0.04225
Bannatynes Cookridge Hall,180.0,0.0,27.82,2025-11-21 14:00:30+00:00,0.03525,0.0195,0.04375,0.03525
Bannatynes Cookridge Hall,180.0,0.0,27.82,2025-11-21 14:15:30+00:00,0.02575,0.012,0.03775,0.02575
Bannatynes Cookridge Hall,180.0,0.0,27.82,2025-11-21 14:30:30+00:00,0.01725,0.00825,0.03025,0.01725
Bannatynes Cookridge Hall,180.0,0.0,27.82,2025-11-21 14:45:30+00:00,0.0145,0.0065,0.02225,0.0145
Bannatynes Cookridge Hall,180.0,0.0,27.82,2025-11-21 15:00:30+00:00,0.011,0.0055,0.016,0.011
Bannatynes Cookridge Hall,180.0,0.0,27.82,2025-11-21 15:15:30+00:00,0.0065,0.0035,0.01,0.0065
Bannatynes Cookridge Hall,180.0,0.0,27.82,2025-11-21 15:30:30+00:00,0.00275,0.00175,0.0045,0.00275
Bannatynes Cookridge Hall,180.0,0.0,27.82,2025-11-21 15:45:30+00:00,0.001,0.0005,0.00175,0.001
Bannatynes Cookridge Hall,180.0,0.0,27.82,2025-11-21 16:00:30+00:00,0.0,0.0,0.0,0.0
Bannatynes Cookridge Hall,180.0,0.0,27.82,2025-11-21 16:15:30+00:00,0.0,0.0,0.0,0.0
Bannatynes Cookridge Hall,180.0,0.0,27.82,2025-11-21 16:30:30+00:00,0.0,0.0,0.0,0.0
Bannatynes Cookridge Hall,180.0,0.0,27.82,2025-11-21 16:45:30+00:00,0.0,0.0,0.0,0.0
Bannatynes Cookridge Hall,180.0,0.0,27.82,2025-11-21 17:00:30+00:00,0.0,0.0,0.0,0.0
Bannatynes Cookridge Hall,180.0,0.0,27.82,2025-11-21 17:15:30+00:00,0.0,0.0,0.0,0.0
Bannatynes Cookridge Hall,180.0,0.0,27.82,2025-11-21 17:30:30+00:00,0.0,0.0,0.0,0.0
Bannatynes Cookridge Hall,180.0,0.0,27.82,2025-11-21 17:45:30+00:00,0.0,0.0,0.0,0.0
Bannatynes Cookridge Hall,180.0,0.0,27.82,2025-11-21 18:00:30+00:00,0.0,0.0,0.0,0.0
Bannatynes Cookridge Hall,180.0,0.0,27.82,2025-11-21 18:15:30+00:00,0.0,0.0,0.0,0.0
Bannatynes Cookridge Hall,180.0,0.0,27.82,2025-11-21 18:30:30+00:00,0.0,0.0,0.0,0.0
Bannatynes Cookridge Hall,180.0,0.0,27.82,2025-11-21 18:45:30+00:00,0.0,0.0,0.0,0.0
Bannatynes Cookridge Hall,180.0,0.0,27.82,2025-11-21 19:00:30+00:00,0.0,0.0,0.0,0.0
Bannatynes Cookridge Hall,180.0,0.0,27.82,2025-11-21 19:15:30+00:00,0.0,0.0,0.0,0.0
Bannatynes Cookridge Hall,180.0,0.0,27.82,2025-11-21 19:30:30+00:00,0.0,0.0,0.0,0.0
Bannatynes Cookridge Hall,180.0,0.0,27.82,2025-11-21 19:45:30+00:00,0.0,0.0,0.0,0.0
Bannatynes Cookridge Hall,180.0,0.0,27.82,2025-11-21 20:00:30+00:00,0.0,0.0,0.0,0.0
Bannatynes Cookridge Hall,180.0,0.0,27.82,2025-11-21 20:15:30+00:00,0.0,0.0,0.0,0.0
Bannatynes Cookridge Hall,180.0,0.0,27.82,2025-11-21 20:30:30+00:00,0.0,0.0,0.0,0.0
Bannatynes Cookridge Hall,180.0,0.0,27.82,2025-11-21 20:45:30+00:00,0.0,0.0,0.0,0.0
Bannatynes Cookridge Hall,180.0,0.0,27.82,2025-11-21 21:00:30+00:00,0.0,0.0,0.0,0.0
Bannatynes Cookridge Hall,180.0,0.0,27.82,2025-11-21 21:15:30+00:00,0.0,0.0,0.0,0.0
Bannatynes Cookridge Hall,180.0,0.0,27.82,2025-11-21 21:30:30+00:00,0.0,0.0,0.0,0.0
Bannatynes Cookridge Hall,180.0,0.0,27.82,2025-11-21 21:45:30+00:00,0.0,0.0,0.0,0.0
Bannatynes Cookridge Hall,180.0,0.0,27.82,2025-11-21 22:00:30+00:00,0.0,0.0,0.0,0.0
Bannatynes Cookridge Hall,180.0,0.0,27.82,2025-11-21 22:15:30+00:00,0.0,0.0,0.0,0.0
Bannatynes Cookridge Hall,180.0,0.0,27.82,2025-11-21 22:30:30+00:00,0.0,0.0,0.0,0.0
Bannatynes Cookridge Hall,180.0,0.0,27.82,2025-11-21 22:45:30+00:00,0.0,0.0,0.0,0.0
Bannatynes Cookridge Hall,180.0,0.0,27.82,2025-11-21 23:00:30+00:00,0.0,0.0,0.0,0.0
Bannatynes Cookridge Hall,180.0,0.0,27.82,2025-11-21 23:15:30+00:00,0.0,0.0,0.0,0.0
Bannatynes Cookridge Hall,180.0,0.0,27.82,2025-11-21 23:30:30+00:00,0.0,0.0,0.0,0.0
Bannatynes Cookridge Hall,180.0,0.0,27.82,2025-11-21 23:45:30+00:00,0.0,0.0,0.0,0.0
Bannatynes Cookridge Hall,180.0,0.0,27.82,2025-11-22 00:00:30+00:00,0.0,0.0,0.0,0.0
Bannatynes Cookridge Hall,180.0,0.0,27.82,2025-11-22 00:15:30+00:00,0.0,0.0,0.0,0.0
Bannatynes Cookridge Hall,180.0,0.0,27.82,2025-11-22 00:30:30+00:00,0.0,0.0,0.0,0.0
Bannatynes Cookridge Hall,180.0,0.0,27.82,2025-11-22 00:45:30+00:00,0.0,0.0,0.0,0.0
Bannatynes Cookridge Hall,180.0,0.0,27.82,2025-11-22 01:00:30+00:00,0.0,0.0,0.0,0.0
Bannatynes Cookridge Hall,180.0,0.0,27.82,2025-11-22 01:15:30+00:00,0.0,0.0,0.0,0.0
Bannatynes Cookridge Hall,180.0,0.0,27.82,2025-11-22 01:30:30+00:00,0.0,0.0,0.0,0.0
Bannatynes Cookridge Hall,180.0,0.0,27.82,2025-11-22 01:45:30+00:00,0.0,0.0,0.0,0.0
Bannatynes Cookridge Hall,180.0,0.0,27.82,2025-11-22 02:00:30+00:00,0.0,0.0,0.0,0.0
Bannatynes Cookridge Hall,180.0,0.0,27.82,2025-11-22 02:15:30+00:00,0.0,0.0,0.0,0.0
Bannatynes Cookridge Hall,180.0,0.0,27.82,2025-11-22 02:30:30+00:00,0.0,0.0,0.0,0.0
Bannatynes Cookridge Hall,180.0,0.0,27.82,2025-11-22 02:45:30+00:00,0.0,0.0,0.0,0.0
Bannatynes Cookridge Hall,180.0,0.0,27.82,2025-11-22 03:00:30+00:00,0.0,0.0,0.0,0.0
Bannatynes Cookridge Hall,180.0,0.0,27.82,2025-11-22 03:15:30+00:00,0.0,0.0,0.0,0.0
Bannatynes Cookridge Hall,180.0,0.0,27.82,2025-11-22 03:30:30+00:00,0.0,0.0,0.0,0.0
Bannatynes Cookridge Hall,180.0,0.0,27.82,2025-11-22 03:45:30+00:00,0.0,0.0,0.0,0.0
Bannatynes Cookridge Hall,180.0,0.0,27.82,2025-11-22 04:00:30+00:00,0.0,0.0,0.0,0.0
Bannatynes Cookridge Hall,180.0,0.0,27.82,2025-11-22 04:15:30+00:00,0.0,0.0,0.0,0.0
Bannatynes Cookridge Hall,180.0,0.0,27.82,2025-11-22 04:30:30+00:00,0.0,0.0,0.0,0.0
Bannatynes Cookridge Hall,180.0,0.0,27.82,2025-11-22 04:45:30+00:00,0.0,0.0,0.0,0.0
Bannatynes Cookridge Hall,180.0,0.0,27.82,2025-11-22 05:00:30+00:00,0.0,0.0,0.0,0.0
Bannatynes Cookridge Hall,180.0,0.0,27.82,2025-11-22 05:15:30+00:00,0.0,0.0,0.0,0.0
Bannatynes Cookridge Hall,180.0,0.0,27.82,2025-11-22 05:30:30+00:00,0.0,0.0,0.0,0.0
Bannatynes Cookridge Hall,180.0,0.0,27.82,2025-11-22 05:45:30+00:00,0.0,0.0,0.0,0.0
Bannatynes Cookridge Hall,180.0,0.0,27.82,2025-11-22 06:00:30+00:00,0.0,0.0,0.0,0.0
Bannatynes Cookridge Hall,180.0,0.0,27.82,2025-11-22 06:15:30+00:00,0.0,0.0,0.0,0.0
Bannatynes Cookridge Hall,180.0,0.0,27.82,2025-11-22 06:30:30+00:00,0.0,0.0,0.0,0.0
Bannatynes Cookridge Hall,180.0,0.0,27.82,2025-11-22 06:45:30+00:00,0.0,0.0,0.0,0.0
Bannatynes Cookridge Hall,180.0,0.0,27.82,2025-11-22 07:00:30+00:00,0.0,0.0,0.0,0.0
Bannatynes Cookridge Hall,180.0,0.0,27.82,2025-11-22 07:15:30+00:00,0.0,0.0,0.0,0.0
Bannatynes Cookridge Hall,180.0,0.0,27.82,2025-11-22 07:30:30+00:00,0.0,0.0,0.0,0.0
Bannatynes Cookridge Hall,180.0,0.0,27.82,2025-11-22 07:45:30+00:00,0.0,0.0,0.0,0.0
Bannatynes Cookridge Hall,180.0,0.0,27.82,2025-11-22 08:00:30+00:00,0.00275,0.00175,0.0035,0.00275
Bannatynes Cookridge Hall,180.0,0.0,27.82,2025-11-22 08:15:30+00:00,0.00675,0.00375,0.00925,0.00675
Bannatynes Cookridge Hall,180.0,0.0,27.82,2025-11-22 08:30:30+00:00,0.0115,0.00525,0.01575,0.0115
Bannatynes Cookridge Hall,180.0,0.0,27.82,2025-11-22 08:45:30+00:00,0.014,0.00575,0.0215,0.014
Bannatynes Cookridge Hall,180.0,0.0,27.82,2025-11-22 09:00:30+00:00,0.01525,0.0065,0.026,0.01525
Bannatynes Cookridge Hall,180.0,0.0,27.82,2025-11-22 09:15:30+00:00,0.01925,0.007,0.02975,0.01925
Bannatynes Cookridge Hall,180.0,0.0,27.82,2025-11-22 09:30:30+00:00,0.02025,0.00725,0.03175,0.02025
Bannatynes Cookridge Hall,180.0,0.0,27.82,2025-11-22 09:45:30+00:00,0.0185,0.006,0.03275,0.0185
Bannatynes Cookridge Hall,180.0,0.0,27.82,2025-11-22 10:00:30+00:00,0.01875,0.0065,0.03575,0.01875
Bannatynes Cookridge Hall,180.0,0.0,27.82,2025-11-22 10:15:30+00:00,0.026,0.0105,0.04175,0.026
Bannatynes Cookridge Hall,180.0,0.0,27.82,2025-11-22 10:30:30+00:00,0.0335,0.016,0.046,0.0335
Bannatynes Cookridge Hall,180.0,0.0,27.82,2025-11-22 10:45:30+00:00,0.03325,0.01775,0.0465,0.03325
Bannatynes Cookridge Hall,180.0,0.0,27.82,2025-11-22 11:00:30+00:00,0.02925,0.01825,0.0455,0.02925
Bannatynes Cookridge Hall,180.0,0.0,27.82,2025-11-22 11:15:30+00:00,0.033,0.0195,0.0475,0.033
Bannatynes Cookridge Hall,180.0,0.0,27.82,2025-11-22 11:30:30+00:00,0.038,0.02325,0.05025,0.038
Bannatynes Cookridge Hall,180.0,0.0,27.82,2025-11-22 11:45:30+00:00,0.03925,0.02625,0.05075,0.03925
Bannatynes Cookridge Hall,180.0,0.0,27.82,2025-11-22 12:00:30+00:00,0.038,0.02525,0.0515,0.038
Bannatynes Cookridge Hall,180.0,0.0,27.82,2025-11-22 12:15:30+00:00,0.0375,0.023,0.05325,0.0375
Bannatynes Cookridge Hall,180.0,0.0,27.82,2025-11-22 12:30:30+00:00,0.03825,0.0225,0.059,0.03825
Bannatynes Cookridge Hall,180.0,0.0,27.82,2025-11-22 12:45:30+00:00,0.046,0.0225,0.0635,0.046
Bannatynes Cookridge Hall,180.0,0.0,27.82,2025-11-22 13:00:30+00:00,0.04625,0.0175,0.0605,0.04625
Bannatynes Cookridge Hall,180.0,0.0,27.82,2025-11-22 13:15:30+00:00,0.02925,0.0075,0.0565,0.02925
Bannatynes Cookridge Hall,180.0,0.0,27.82,2025-11-22 13:30:30+00:00,0.0215,0.00425,0.044,0.0215
Bannatynes Cookridge Hall,180.0,0.0,27.82,2025-11-22 13:45:30+00:00,0.01825,0.0035,0.03475,0.01825
Bannatynes Cookridge Hall,180.0,0.0,27.82,2025-11-22 14:00:30+00:00,0.01475,0.00375,0.02875,0.01475
Bannatynes Cookridge Hall,180.0,0.0,27.82,2025-11-22 14:15:30+00:00,0.016,0.00325,0.0245,0.016
Bannatynes Cookridge Hall,180.0,0.0,27.82,2025-11-22 14:30:30+00:00,0.00775,0.00225,0.01975,0.00775
Bannatynes Cookridge Hall,180.0,0.0,27.82,2025-11-22 14:45:30+00:00,0.005,0.00175,0.0135,0.005
Bannatynes Cookridge Hall,180.0,0.0,27.82,2025-11-22 15:00:30+00:00,0.004,0.00125,0.00925,0.004
Bannatynes Cookridge Hall,180.0,0.0,27.82,2025-11-22 15:15:30+00:00,0.0025,0.00075,0.0055,0.0025
Bannatynes Cookridge Hall,180.0,0.0,27.82,2025-11-22 15:30:30+00:00,0.001,0.00025,0.00275,0.001
Bannatynes Cookridge Hall,180.0,0.0,27.82,2025-11-22 15:45:30+00:00,0.00025,0.0,0.001,0.00025
Bannatynes Cookridge Hall,180.0,0.0,27.82,2025-11-22 16:00:30+00:00,0.0,0.0,0.0,0.0
Bannatynes Cookridge Hall,180.0,0.0,27.82,2025-11-22 16:15:30+00:00,0.0,0.0,0.0,0.0
Bannatynes Cookridge Hall,180.0,0.0,27.82,2025-11-22 16:30:30+00:00,0.0,0.0,0.0,0.0
Bannatynes Cookridge Hall,180.0,0.0,27.82,2025-11-22 16:45:30+00:00,0.0,0.0,0.0,0.0
Bannatynes Cookridge Hall,180.0,0.0,27.82,2025-11-22 17:00:30+00:00,0.0,0.0,0.0,0.0
Bannatynes Cookridge Hall,180.0,0.0,27.82,2025-11-22 17:15:30+00:00,0.0,0.0,0.0,0.0
Bannatynes Cookridge Hall,180.0,0.0,27.82,2025-11-22 17:30:30+00:00,0.0,0.0,0.0,0.0
Bannatynes Cookridge Hall,180.0,0.0,27.82,2025-11-22 17:45:30+00:00,0.0,0.0,0.0,0.0
Bannatynes Cookridge Hall,180.0,0.0,27.82,2025-11-22 18:00:30+00:00,0.0,0.0,0.0,0.0
Bannatynes Cookridge Hall,180.0,0.0,27.82,2025-11-22 18:15:30+00:00,0.0,0.0,0.0,0.0
Bannatynes Cookridge Hall,180.0,0.0,27.82,2025-11-22 18:30:30+00:00,0.0,0.0,0.0,0.0
Bannatynes Cookridge Hall,180.0,0.0,27.82,2025-11-22 18:45:30+00:00,0.0,0.0,0.0,0.0
Bannatynes Cookridge Hall,180.0,0.0,27.82,2025-11-22 19:00:30+00:00,0.0,0.0,0.0,0.0
Bannatynes Cookridge Hall,180.0,0.0,27.82,2025-11-22 19:15:30+00:00,0.0,0.0,0.0,0.0
Bannatynes Cookridge Hall,180.0,0.0,27.82,2025-11-22 19:30:30+00:00,0.0,0.0,0.0,0.0
Bannatynes Cookridge Hall,180.0,0.0,27.82,2025-11-22 19:45:30+00:00,0.0,0.0,0.0,0.0
Bannatynes Cookridge Hall,180.0,0.0,27.82,2025-11-22 20:00:30+00:00,0.0,0.0,0.0,0.0
Bannatynes Cookridge Hall,180.0,0.0,27.82,2025-11-22 20:15:30+00:00,0.0,0.0,0.0,0.0
Bannatynes Cookridge Hall,180.0,0.0,27.82,2025-11-22 20:30:30+00:00,0.0,0.0,0.0,0.0
Bannatynes Cookridge Hall,180.0,0.0,27.82,2025-11-22 20:45:30+00:00,0.0,0.0,0.0,0.0
Bannatynes Cookridge Hall,180.0,0.0,27.82,2025-11-22 21:00:30+00:00,0.0,0.0,0.0,0.0
Bannatynes Cookridge Hall,180.0,0.0,27.82,2025-11-22 21:15:30+00:00,0.0,0.0,0.0,0.0
Bannatynes Cookridge Hall,180.0,0.0,27.82,2025-11-22 21:30:30+00:00,0.0,0.0,0.0,0.0
Bannatynes Cookridge Hall,180.0,0.0,27.82,2025-11-22 21:45:30+00:00,0.0,0.0,0.0,0.0
Bannatynes Cookridge Hall,180.0,0.0,27.82,2025-11-22 22:00:30+00:00,0.0,0.0,0.0,0.0
Bannatynes Cookridge Hall,180.0,0.0,27.82,2025-11-22 22:15:30+00:00,0.0,0.0,0.0,0.0
Bannatynes Cookridge Hall,180.0,0.0,27.82,2025-11-22 22:30:30+00:00,0.0,0.0,0.0,0.0
Bannatynes Cookridge Hall,180.0,0.0,27.82,2025-11-22 22:45:30+00:00,0.0,0.0,0.0,0.0
Bannatynes Cookridge Hall,180.0,0.0,27.82,2025-11-22 23:00:30+00:00,0.0,0.0,0.0,0.0
Bannatynes Cookridge Hall,180.0,0.0,27.82,2025-11-22 23:15:30+00:00,0.0,0.0,0.0,0.0
Bannatynes Cookridge Hall,180.0,0.0,27.82,2025-11-22 23:30:30+00:00,0.0,0.0,0.0,0.0
Bannatynes Cookridge Hall,180.0,0.0,27.82,2025-11-22 23:45:30+00:00,0.0,0.0,0.0,0.0
Bannatynes Cookridge Hall,180.0,0.0,27.82,2025-11-23 00:00:30+00:00,0.0,0.0,0.0,0.0
Bannatynes Cookridge Hall,180.0,0.0,27.82,2025-11-23 00:15:30+00:00,0.0,0.0,0.0,0.0
Bannatynes Cookridge Hall,180.0,0.0,27.82,2025-11-23 00:30:30+00:00,0.0,0.0,0.0,0.0
Bannatynes Cookridge Hall,180.0,0.0,27.82,2025-11-23 00:45:30+00:00,0.0,0.0,0.0,0.0
Bannatynes Cookridge Hall,180.0,0.0,27.82,2025-11-23 01:00:30+00:00,0.0,0.0,0.0,0.0
Bannatynes Cookridge Hall,180.0,0.0,27.82,2025-11-23 01:15:30+00:00,0.0,0.0,0.0,0.0
Bannatynes Cookridge Hall,180.0,0.0,27.82,2025-11-23 01:30:30+00:00,0.0,0.0,0.0,0.0
Bannatynes Cookridge Hall,180.0,0.0,27.82,2025-11-23 01:45:30+00:00,0.0,0.0,0.0,0.0
Bannatynes Cookridge Hall,180.0,0.0,27.82,2025-11-23 02:00:30+00:00,0.0,0.0,0.0,0.0
Bannatynes Cookridge Hall,180.0,0.0,27.82,2025-11-23 02:15:30+00:00,0.0,0.0,0.0,0.0
Bannatynes Cookridge Hall,180.0,0.0,27.82,2025-11-23 02:30:30+00:00,0.0,0.0,0.0,0.0
Bannatynes Cookridge Hall,180.0,0.0,27.82,2025-11-23 02:45:30+00:00,0.0,0.0,0.0,0.0
Bannatynes Cookridge Hall,180.0,0.0,27.82,2025-11-23 03:00:30+00:00,0.0,0.0,0.0,0.0
Bannatynes Cookridge Hall,180.0,0.0,27.82,2025-11-23 03:15:30+00:00,0.0,0.0,0.0,0.0
Bannatynes Cookridge Hall,180.0,0.0,27.82,2025-11-23 03:30:30+00:00,0.0,0.0,0.0,0.0
Bannatynes Cookridge Hall,180.0,0.0,27.82,2025-11-23 03:45:30+00:00,0.0,0.0,0.0,0.0
Bannatynes Cookridge Hall,180.0,0.0,27.82,2025-11-23 04:00:30+00:00,0.0,0.0,0.0,0.0
Bannatynes Cookridge Hall,180.0,0.0,27.82,2025-11-23 04:15:30+00:00,0.0,0.0,0.0,0.0
Bannatynes Cookridge Hall,180.0,0.0,27.82,2025-11-23 04:30:30+00:00,0.0,0.0,0.0,0.0
Bannatynes Cookridge Hall,180.0,0.0,27.82,2025-11-23 04:45:30+00:00,0.0,0.0,0.0,0.0
Bannatynes Cookridge Hall,180.0,0.0,27.82,2025-11-23 05:00:30+00:00,0.0,0.0,0.0,0.0
Bannatynes Cookridge Hall,180.0,0.0,27.82,2025-11-23 05:15:30+00:00,0.0,0.0,0.0,0.0
Bannatynes Cookridge Hall,180.0,0.0,27.82,2025-11-23 05:30:30+00:00,0.0,0.0,0.0,0.0
Bannatynes Cookridge Hall,180.0,0.0,27.82,2025-11-23 05:45:30+00:00,0.0,0.0,0.0,0.0
Bannatynes Cookridge Hall,180.0,0.0,27.82,2025-11-23 06:00:30+00:00,0.0,0.0,0.0,0.0
Bannatynes Cookridge Hall,180.0,0.0,27.82,2025-11-23 06:15:30+00:00,0.0,0.0,0.0,0.0
Bannatynes Cookridge Hall,180.0,0.0,27.82,2025-11-23 06:30:30+00:00,0.0,0.0,0.0,0.0
Bannatynes Cookridge Hall,180.0,0.0,27.82,2025-11-23 06:45:30+00:00,0.0,0.0,0.0,0.0
Bannatynes Cookridge Hall,180.0,0.0,27.82,2025-11-23 07:00:30+00:00,0.0,0.0,0.0,0.0
Bannatynes Cookridge Hall,180.0,0.0,27.82,2025-11-23 07:15:30+00:00,0.0,0.0,0.0,0.0
Bannatynes Cookridge Hall,180.0,0.0,27.82,2025-11-23 07:30:30+00:00,0.0,0.0,0.0,0.0
Bannatynes Cookridge Hall,180.0,0.0,27.82,2025-11-23 07:45:30+00:00,0.0005,0.0,0.001,0.0005
Bannatynes Cookridge Hall,180.0,0.0,27.82,2025-11-23 08:00:30+00:00,0.00125,0.00025,0.00325,0.00125
Bannatynes Cookridge Hall,180.0,0.0,27.82,2025-11-23 08:15:30+00:00,0.003,0.0005,0.00775,0.003
Bannatynes Cookridge Hall,180.0,0.0,27.82,2025-11-23 08:30:30+00:00,0.00625,0.00125,0.01475,0.00625
Bannatynes Cookridge Hall,180.0,0.0,27.82,2025-11-23 08:45:30+00:00,0.015,0.00425,0.0215,0.015
Bannatynes Cookridge Hall,180.0,0.0,27.82,2025-11-23 09:00:30+00:00,0.0235,0.01125,0.028,0.0235
Bannatynes Cookridge Hall,180.0,0.0,27.82,2025-11-23 09:15:30+00:00,0.0295,0.01775,0.03425,0.0295
Bannatynes Cookridge Hall,180.0,0.0,27.82,2025-11-23 09:30:30+00:00,0.03275,0.01925,0.04,0.03275
Bannatynes Cookridge Hall,180.0,0.0,27.82,2025-11-23 09:45:30+00:00,0.03625,0.0195,0.0455,0.03625
Bannatynes Cookridge Hall,180.0,0.0,27.82,2025-11-23 10:00:30+00:00,0.0445,0.01125,0.0505,0.0445
Bannatynes Cookridge Hall,180.0,0.0,27.82,2025-11-23 10:15:30+00:00,0.02475,0.01225,0.055,0.02475
Bannatynes Cookridge Hall,180.0,0.0,27.82,2025-11-23 10:30:30+00:00,0.0445,0.01175,0.05875,0.0445
Bannatynes Cookridge Hall,180.0,0.0,27.82,2025-11-23 10:45:30+00:00,0.04775,0.0095,0.062,0.04775
Bannatynes Cookridge Hall,180.0,0.0,27.82,2025-11-23 11:00:30+00:00,0.01775,0.00475,0.0535,0.01775
Bannatynes Cookridge Hall,180.0,0.0,27.82,2025-11-23 11:15:30+00:00,0.00475,0.003,0.019,0.00475
Bannatynes Cookridge Hall,180.0,0.0,27.82,2025-11-23 11:30:30+00:00,0.00875,0.005,0.035,0.00875
Bannatynes Cookridge Hall,180.0,0.0,27.82,2025-11-23 11:45:30+00:00,0.0085,0.005,0.0345,0.0085
Bannatynes Cookridge Hall,180.0,0.0,27.82,2025-11-23 12:00:30+00:00,0.03725,0.0075,0.0585,0.03725
Bannatynes Cookridge Hall,180.0,0.0,27.82,2025-11-23 12:15:30+00:00,0.036,0.00725,0.059,0.036
Bannatynes Cookridge Hall,180.0,0.0,27.82,2025-11-23 12:30:30+00:00,0.0175,0.00475,0.05825,0.0175
Bannatynes Cookridge Hall,180.0,0.0,27.82,2025-11-23 12:45:30+00:00,0.03675,0.00725,0.0535,0.03675
Bannatynes Cookridge Hall,180.0,0.0,27.82,2025-11-23 13:00:30+00:00,0.025,0.005,0.0505,0.025
Bannatynes Cookridge Hall,180.0,0.0,27.82,2025-11-23 13:15:30+00:00,0.00675,0.004,0.02725,0.00675
Bannatynes Cookridge Hall,180.0,0.0,27.82,2025-11-23 13:30:30+00:00,0.0295,0.00575,0.05,0.0295
Bannatynes Cookridge Hall,180.0,0.0,27.82,2025-11-23 13:45:30+00:00,0.041,0.00825,0.04625,0.041
Bannatynes Cookridge Hall,180.0,0.0,27.82,2025-11-23 14:00:30+00:00,0.014,0.003,0.04075,0.014
Bannatynes Cookridge Hall,180.0,0.0,27.82,2025-11-23 14:15:30+00:00,0.0085,0.0025,0.02825,0.0085
Bannatynes Cookridge Hall,180.0,0.0,27.82,2025-11-23 14:30:30+00:00,0.011,0.00225,0.0255,0.011
Bannatynes Cookridge Hall,180.0,0.0,27.82,2025-11-23 14:45:30+00:00,0.014,0.00275,0.02225,0.014
Bannatynes Cookridge Hall,180.0,0.0,27.82,2025-11-23 15:00:30+00:00,0.01225,0.00375,0.0155,0.01225
Bannatynes Cookridge Hall,180.0,0.0,27.82,2025-11-23 15:15:30+00:00,0.007,0.00325,0.009,0.007
Bannatynes Cookridge Hall,180.0,0.0,27.82,2025-11-23 15:30:30+00:00,0.00225,0.00175,0.00325,0.00225
Bannatynes Cookridge Hall,180.0,0.0,27.82,2025-11-23 15:45:30+00:00,0.0005,0.00025,0.0005,0.0005
Bannatynes Cookridge Hall,180.0,0.0,27.82,2025-11-23 16:00:30+00:00,0.0,0.0,0.0,0.0
Bannatynes Cookridge Hall,180.0,0.0,27.82,2025-11-23 16:15:30+00:00,0.0,0.0,0.0,0.0
Bannatynes Cookridge Hall,180.0,0.0,27.82,2025-11-23 16:30:30+00:00,0.0,0.0,0.0,0.0
Bannatynes Cookridge Hall,180.0,0.0,27.82,2025-11-23 16:45:30+00:00,0.0,0.0,0.0,0.0
Bannatynes Cookridge Hall,180.0,0.0,27.82,2025-11-23 17:00:30+00:00,0.0,0.0,0.0,0.0
Bannatynes Cookridge Hall,180.0,0.0,27.82,2025-11-23 17:15:30+00:00,0.0,0.0,0.0,0.0
Bannatynes Cookridge Hall,180.0,0.0,27.82,2025-11-23 17:30:30+00:00,0.0,0.0,0.0,0.0
Bannatynes Cookridge Hall,180.0,0.0,27.82,2025-11-23 17:45:30+00:00,0.0,0.0,0.0,0.0
Bannatynes Cookridge Hall,180.0,0.0,27.82,2025-11-23 18:00:30+00:00,0.0,0.0,0.0,0.0
Bannatynes Cookridge Hall,180.0,0.0,27.82,2025-11-23 18:15:30+00:00,0.0,0.0,0.0,0.0
Bannatynes Cookridge Hall,180.0,0.0,27.82,2025-11-23 18:30:30+00:00,0.0,0.0,0.0,0.0
Bannatynes Cookridge Hall,180.0,0.0,27.82,2025-11-23 18:45:30+00:00,0.0,0.0,0.0,0.0
Bannatynes Cookridge Hall,180.0,0.0,27.82,2025-11-23 19:00:30+00:00,0.0,0.0,0.0,0.0
Bannatynes Cookridge Hall,180.0,0.0,27.82,2025-11-23 19:15:30+00:00,0.0,0.0,0.0,0.0
Bannatynes Cookridge Hall,180.0,0.0,27.82,2025-11-23 19:30:30+00:00,0.0,0.0,0.0,0.0
Bannatynes Cookridge Hall,180.0,0.0,27.82,2025-11-23 19:45:30+00:00,0.0,0.0,0.0,0.0
Bannatynes Cookridge Hall,180.0,0.0,27.82,2025-11-23 20:00:30+00:00,0.0,0.0,0.0,0.0
Bannatynes Cookridge Hall,180.0,0.0,27.82,2025-11-23 20:15:30+00:00,0.0,0.0,0.0,0.0
Bannatynes Cookridge Hall,180.0,0.0,27.82,2025-11-23 20:30:30+00:00,0.0,0.0,0.0,0.0
Bannatynes Cookridge Hall,180.0,0.0,27.82,2025-11-23 20:45:30+00:00,0.0,0.0,0.0,0.0
Bannatynes Cookridge Hall,180.0,0.0,27.82,2025-11-23 21:00:30+00:00,0.0,0.0,0.0,0.0
Bannatynes Cookridge Hall,180.0,0.0,27.82,2025-11-23 21:15:30+00:00,0.0,0.0,0.0,0.0
Bannatynes Cookridge Hall,180.0,0.0,27.82,2025-11-23 21:30:30+00:00,0.0,0.0,0.0,0.0
Bannatynes Cookridge Hall,180.0,0.0,27.82,2025-11-23 21:45:30+00:00,0.0,0.0,0.0,0.0
Bannatynes Cookridge Hall,180.0,0.0,27.82,2025-11-23 22:00:30+00:00,0.0,0.0,0.0,0.0
Bannatynes Cookridge Hall,180.0,0.0,27.82,2025-11-23 22:15:30+00:00,0.0,0.0,0.0,0.0
Bannatynes Cookridge Hall,180.0,0.0,27.82,2025-11-23 22:30:30+00:00,0.0,0.0,0.0,0.0
Bannatynes Cookridge Hall,180.0,0.0,27.82,2025-11-23 22:45:30+00:00,0.0,0.0,0.0,0.0
Bannatynes Cookridge Hall,180.0,0.0,27.82,2025-11-23 23:00:30+00:00,0.0,0.0,0.0,0.0
Bannatynes Cookridge Hall,180.0,0.0,27.82,2025-11-23 23:15:30+00:00,0.0,0.0,0.0,0.0
Bannatynes Cookridge Hall,180.0,0.0,27.82,2025-11-23 23:30:30+00:00,0.0,0.0,0.0,0.0
Bannatynes Cookridge Hall,180.0,0.0,27.82,2025-11-23 23:45:30+00:00,0.0,0.0,0.0,0.0
Bannatynes Cookridge Hall,180.0,0.0,27.82,2025-11-24 00:00:30+00:00,0.0,0.0,0.0,0.0
Bannatynes Cookridge Hall,180.0,0.0,27.82,2025-11-24 00:15:30+00:00,0.0,0.0,0.0,0.0
Bannatynes Cookridge Hall,180.0,0.0,27.82,2025-11-24 00:30:30+00:00,0.0,0.0,0.0,0.0
Bannatynes Cookridge Hall,180.0,0.0,27.82,2025-11-24 00:45:30+00:00,0.0,0.0,0.0,0.0
Bannatynes Cookridge Hall,180.0,0.0,27.82,2025-11-24 01:00:30+00:00,0.0,0.0,0.0,0.0
Bannatynes Cookridge Hall,180.0,0.0,27.82,2025-11-24 01:15:30+00:00,0.0,0.0,0.0,0.0
Bannatynes Cookridge Hall,180.0,0.0,27.82,2025-11-24 01:30:30+00:00,0.0,0.0,0.0,0.0
Bannatynes Cookridge Hall,180.0,0.0,27.82,2025-11-24 01:45:30+00:00,0.0,0.0,0.0,0.0
Bannatynes Cookridge Hall,180.0,0.0,27.82,2025-11-24 02:00:30+00:00,0.0,0.0,0.0,0.0
Bannatynes Cookridge Hall,180.0,0.0,27.82,2025-11-24 02:15:30+00:00,0.0,0.0,0.0,0.0
Bannatynes Cookridge Hall,180.0,0.0,27.82,2025-11-24 02:30:30+00:00,0.0,0.0,0.0,0.0
Bannatynes Cookridge Hall,180.0,0.0,27.82,2025-11-24 02:45:30+00:00,0.0,0.0,0.0,0.0
Bannatynes Cookridge Hall,180.0,0.0,27.82,2025-11-24 03:00:30+00:00,0.0,0.0,0.0,0.0
Bannatynes Cookridge Hall,180.0,0.0,27.82,2025-11-24 03:15:30+00:00,0.0,0.0,0.0,0.0
Bannatynes Cookridge Hall,180.0,0.0,27.82,2025-11-24 03:30:30+00:00,0.0,0.0,0.0,0.0
Bannatynes Cookridge Hall,180.0,0.0,27.82,2025-11-24 03:45:30+00:00,0.0,0.0,0.0,0.0
Bannatynes Cookridge Hall,180.0,0.0,27.82,2025-11-24 04:00:30+00:00,0.0,0.0,0.0,0.0
Bannatynes Cookridge Hall,180.0,0.0,27.82,2025-11-24 04:15:30+00:00,0.0,0.0,0.0,0.0
Bannatynes Cookridge Hall,180.0,0.0,27.82,2025-11-24 04:30:30+00:00,0.0,0.0,0.0,0.0
Bannatynes Cookridge Hall,180.0,0.0,27.82,2025-11-24 04:45:30+00:00,0.0,0.0,0.0,0.0
Bannatynes Cookridge Hall,180.0,0.0,27.82,2025-11-24 05:00:30+00:00,0.0,0.0,0.0,0.0
Bannatynes Cookridge Hall,180.0,0.0,27.82,2025-11-24 05:15:30+00:00,0.0,0.0,0.0,0.0
Bannatynes Cookridge Hall,180.0,0.0,27.82,2025-11-24 05:30:30+00:00,0.0,0.0,0.0,0.0
Bannatynes Cookridge Hall,180.0,0.0,27.82,2025-11-24 05:45:30+00:00,0.0,0.0,0.0,0.0
Bannatynes Cookridge Hall,180.0,0.0,27.82,2025-11-24 06:00:30+00:00,0.0,0.0,0.0,0.0
Bannatynes Cookridge Hall,180.0,0.0,27.82,2025-11-24 06:15:30+00:00,0.0,0.0,0.0,0.0
Bannatynes Cookridge Hall,180.0,0.0,27.82,2025-11-24 06:30:30+00:00,0.0,0.0,0.0,0.0
Bannatynes Cookridge Hall,180.0,0.0,27.82,2025-11-24 06:45:30+00:00,0.0,0.0,0.0,0.0
Bannatynes Cookridge Hall,180.0,0.0,27.82,2025-11-24 07:00:30+00:00,0.0,0.0,0.0,0.0
Bannatynes Cookridge Hall,180.0,0.0,27.82,2025-11-24 07:15:30+00:00,0.0,0.0,0.0,0.0
Bannatynes Cookridge Hall,180.0,0.0,27.82,2025-11-24 07:30:30+00:00,0.0,0.0,0.0,0.0
Bannatynes Cookridge Hall,180.0,0.0,27.82,2025-11-24 07:45:30+00:00,0.00075,0.0005,0.001,0.00075
Bannatynes Cookridge Hall,180.0,0.0,27.82,2025-11-24 08:00:30+00:00,0.002,0.00125,0.00275,0.002
Bannatynes Cookridge Hall,180.0,0.0,27.82,2025-11-24 08:15:30+00:00,0.0055,0.00275,0.00775,0.0055
Bannatynes Cookridge Hall,180.0,0.0,27.82,2025-11-24 08:30:30+00:00,0.01075,0.00325,0.01425,0.01075
Bannatynes Cookridge Hall,180.0,0.0,27.82,2025-11-24 08:45:30+00:00,0.0105,0.003,0.02075,0.0105
Bannatynes Cookridge Hall,180.0,0.0,27.82,2025-11-24 09:00:30+00:00,0.0145,0.00425,0.02725,0.0145
Bannatynes Cookridge Hall,180.0,0.0,27.82,2025-11-24 09:15:30+00:00,0.02475,0.005,0.0335,0.02475
Bannatynes Cookridge Hall,180.0,0.0,27.82,2025-11-24 09:30:30+00:00,0.01375,0.0045,0.0395,0.01375
Bannatynes Cookridge Hall,180.0,0.0,27.82,2025-11-24 09:45:30+00:00,0.029,0.00575,0.0435,0.029
Bannatynes Cookridge Hall,180.0,0.0,27.82,2025-11-24 10:00:30+00:00,0.03025,0.009,0.05,0.03025
Bannatynes Cookridge Hall,180.0,0.0,27.82,2025-11-24 10:15:30+00:00,0.03225,0.0065,0.05225,0.03225
Bannatynes Cookridge Hall,180.0,0.0,27.82,2025-11-24 10:30:30+00:00,0.0225,0.0045,0.04975,0.0225
Bannatynes Cookridge Hall,180.0,0.0,27.82,2025-11-24 10:45:30+00:00,0.013,0.0045,0.04075,0.013
Bannatynes Cookridge Hall,180.0,0.0,27.82,2025-11-24 11:00:30+00:00,0.0125,0.00475,0.0385,0.0125
Bannatynes Cookridge Hall,180.0,0.0,27.82,2025-11-24 11:15:30+00:00,0.0235,0.00475,0.0405,0.0235
Bannatynes Cookridge Hall,180.0,0.0,27.82,2025-11-24 11:30:30+00:00,0.0275,0.0095,0.04375,0.0275
Bannatynes Cookridge Hall,180.0,0.0,27.82,2025-11-24 11:45:30+00:00,0.0285,0.01225,0.04225,0.0285
Bannatynes Cookridge Hall,180.0,0.0,27.82,2025-11-24 12:00:30+00:00,0.02575,0.01125,0.0405,0.02575
Bannatynes Cookridge Hall,180.0,0.0,27.82,2025-11-24 12:15:30+00:00,0.02325,0.00575,0.0465,0.02325
Bannatynes Cookridge Hall,180.0,0.0,27.82,2025-11-24 12:30:30+00:00,0.029,0.00575,0.0545,0.029
Bannatynes Cookridge Hall,180.0,0.0,27.82,2025-11-24 12:45:30+00:00,0.0345,0.008,0.062,0.0345
Bannatynes Cookridge Hall,180.0,0.0,27.82,2025-11-24 13:00:30+00:00,0.0445,0.01475,0.05875,0.0445
Bannatynes Cookridge Hall,180.0,0.0,27.82,2025-11-24 13:15:30+00:00,0.046,0.01875,0.05525,0.046
Bannatynes Cookridge Hall,180.0,0.0,27.82,2025-11-24 13:30:30+00:00,0.04125,0.00975,0.05075,0.04125
Bannatynes Cookridge Hall,180.0,0.0,27.82,2025-11-24 13:45:30+00:00,0.01375,0.00325,0.04575,0.01375
Bannatynes Cookridge Hall,180.0,0.0,27.82,2025-11-24 14:00:30+00:00,0.016,0.00325,0.03325,0.016
Bannatynes Cookridge Hall,180.0,0.0,27.82,2025-11-24 14:15:30+00:00,0.01625,0.00325,0.0295,0.01625
Bannatynes Cookridge Hall,180.0,0.0,27.82,2025-11-24 14:30:30+00:00,0.01225,0.0025,0.02475,0.01225
Bannatynes Cookridge Hall,180.0,0.0,27.82,2025-11-24 14:45:30+00:00,0.0115,0.00225,0.0215,0.0115
Bannatynes Cookridge Hall,180.0,0.0,27.82,2025-11-24 15:00:30+00:00,0.01125,0.003,0.01525,0.01125
Bannatynes Cookridge Hall,180.0,0.0,27.82,2025-11-24 15:15:30+00:00,0.00675,0.00275,0.00875,0.00675
Bannatynes Cookridge Hall,180.0,0.0,27.82,2025-11-24 15:30:30+00:00,0.00225,0.0015,0.003,0.00225
Bannatynes Cookridge Hall,180.0,0.0,27.82,2025-11-24 15:45:30+00:00,0.00025,0.00025,0.0005,0.00025
Bannatynes Cookridge Hall,180.0,0.0,27.82,2025-11-24 16:00:30+00:00,0.0,0.0,0.0,0.0
Bannatynes Cookridge Hall,180.0,0.0,27.82,2025-11-24 16:15:30+00:00,0.0,0.0,0.0,0.0
Bannatynes Cookridge Hall,180.0,0.0,27.82,2025-11-24 16:30:30+00:00,0.0,0.0,0.0,0.0
Bannatynes Cookridge Hall,180.0,0.0,27.82,2025-11-24 16:45:30+00:00,0.0,0.0,0.0,0.0
Bannatynes Cookridge Hall,180.0,0.0,27.82,2025-11-24 17:00:30+00:00,0.0,0.0,0.0,0.0
Bannatynes Cookridge Hall,180.0,0.0,27.82,2025-11-24 17:15:30+00:00,0.0,0.0,0.0,0.0
Bannatynes Cookridge Hall,180.0,0.0,27.82,2025-11-24 17:30:30+00:00,0.0,0.0,0.0,0.0
Bannatynes Cookridge Hall,180.0,0.0,27.82,2025-11-24 17:45:30+00:00,0.0,0.0,0.0,0.0
Bannatynes Cookridge Hall,180.0,0.0,27.82,2025-11-24 18:00:30+00:00,0.0,0.0,0.0,0.0
Bannatynes Cookridge Hall,180.0,0.0,27.82,2025-11-24 18:15:30+00:00,0.0,0.0,0.0,0.0
Bannatynes Cookridge Hall,180.0,0.0,27.82,2025-11-24 18:30:30+00:00,0.0,0.0,0.0,0.0
Bannatynes Cookridge Hall,180.0,0.0,27.82,2025-11-24 18:45:30+00:00,0.0,0.0,0.0,0.0
Bannatynes Cookridge Hall,180.0,0.0,27.82,2025-11-24 19:00:30+00:00,0.0,0.0,0.0,0.0
Bannatynes Cookridge Hall,180.0,0.0,27.82,2025-11-24 19:15:30+00:00,0.0,0.0,0.0,0.0
Bannatynes Cookridge Hall,180.0,0.0,27.82,2025-11-24 19:30:30+00:00,0.0,0.0,0.0,0.0
Bannatynes Cookridge Hall,180.0,0.0,27.82,2025-11-24 19:45:30+00:00,0.0,0.0,0.0,0.0
Bannatynes Cookridge Hall,180.0,0.0,27.82,2025-11-24 20:00:30+00:00,0.0,0.0,0.0,0.0
Bannatynes Cookridge Hall,180.0,0.0,27.82,2025-11-24 20:15:30+00:00,0.0,0.0,0.0,0.0
Bannatynes Cookridge Hall,180.0,0.0,27.82,2025-11-24 20:30:30+00:00,0.0,0.0,0.0,0.0
Bannatynes Cookridge Hall,180.0,0.0,27.82,2025-11-24 20:45:30+00:00,0.0,0.0,0.0,0.0
Bannatynes Cookridge Hall,180.0,0.0,27.82,2025-11-24 21:00:30+00:00,0.0,0.0,0.0,0.0
Bannatynes Cookridge Hall,180.0,0.0,27.82,2025-11-24 21:15:30+00:00,0.0,0.0,0.0,0.0
Bannatynes Cookridge Hall,180.0,0.0,27.82,2025-11-24 21:30:30+00:00,0.0,0.0,0.0,0.0
Bannatynes Cookridge Hall,180.0,0.0,27.82,2025-11-24 21:45:30+00:00,0.0,0.0,0.0,0.0
Bannatynes Cookridge Hall,180.0,0.0,27.82,2025-11-24 22:00:30+00:00,0.0,0.0,0.0,0.0
Bannatynes Cookridge Hall,180.0,0.0,27.82,2025-11-24 22:15:30+00:00,0.0,0.0,0.0,0.0
Bannatynes Cookridge Hall,180.0,0.0,27.82,2025-11-24 22:30:30+00:00,0.0,0.0,0.0,0.0
Bannatynes Cookridge Hall,180.0,0.0,27.82,2025-11-24 22:45:30+00:00,0.0,0.0,0.0,0.0
Bannatynes Cookridge Hall,180.0,0.0,27.82,2025-11-24 23:00:30+00:00,0.0,0.0,0.0,0.0
Bannatynes Cookridge Hall,180.0,0.0,27.82,2025-11-24 23:15:30+00:00,0.0,0.0,0.0,0.0
Bannatynes Cookridge Hall,180.0,0.0,27.82,2025-11-24 23:30:30+00:00,0.0,0.0,0.0,0.0
Bannatynes Cookridge Hall,180.0,0.0,27.82,2025-11-24 23:45:30+00:00,0.0,0.0,0.0,0.0
Bannatynes Cookridge Hall,180.0,0.0,27.82,2025-11-25 00:00:30+00:00,0.0,0.0,0.0,0.0
Bannatynes Cookridge Hall,180.0,0.0,27.82,2025-11-25 00:15:30+00:00,0.0,0.0,0.0,0.0
Bannatynes Cookridge Hall,180.0,0.0,27.82,2025-11-25 00:30:30+00:00,0.0,0.0,0.0,0.0
Bannatynes Cookridge Hall,180.0,0.0,27.82,2025-11-25 00:45:30+00:00,0.0,0.0,0.0,0.0
Bannatynes Cookridge Hall,180.0,0.0,27.82,2025-11-25 01:00:30+00:00,0.0,0.0,0.0,0.0
Bannatynes Cookridge Hall,180.0,0.0,27.82,2025-11-25 01:15:30+00:00,0.0,0.0,0.0,0.0
Bannatynes Cookridge Hall,180.0,0.0,27.82,2025-11-25 01:30:30+00:00,0.0,0.0,0.0,0.0
Bannatynes Cookridge Hall,180.0,0.0,27.82,2025-11-25 01:45:30+00:00,0.0,0.0,0.0,0.0
Bannatynes Cookridge Hall,180.0,0.0,27.82,2025-11-25 02:00:30+00:00,0.0,0.0,0.0,0.0
Bannatynes Cookridge Hall,180.0,0.0,27.82,2025-11-25 02:15:30+00:00,0.0,0.0,0.0,0.0
Bannatynes Cookridge Hall,180.0,0.0,27.82,2025-11-25 02:30:30+00:00,0.0,0.0,0.0,0.0
Bannatynes Cookridge Hall,180.0,0.0,27.82,2025-11-25 02:45:30+00:00,0.0,0.0,0.0,0.0
Bannatynes Cookridge Hall,180.0,0.0,27.82,2025-11-25 03:00:30+00:00,0.0,0.0,0.0,0.0
Bannatynes Cookridge Hall,180.0,0.0,27.82,2025-11-25 03:15:30+00:00,0.0,0.0,0.0,0.0
Bannatynes Cookridge Hall,180.0,0.0,27.82,2025-11-25 03:30:30+00:00,0.0,0.0,0.0,0.0
Bannatynes Cookridge Hall,180.0,0.0,27.82,2025-11-25 03:45:30+00:00,0.0,0.0,0.0,0.0
Bannatynes Cookridge Hall,180.0,0.0,27.82,2025-11-25 04:00:30+00:00,0.0,0.0,0.0,0.0
Bannatynes Cookridge Hall,180.0,0.0,27.82,2025-11-25 04:15:30+00:00,0.0,0.0,0.0,0.0
Bannatynes Cookridge Hall,180.0,0.0,27.82,2025-11-25 04:30:30+00:00,0.0,0.0,0.0,0.0
Bannatynes Cookridge Hall,180.0,0.0,27.82,2025-11-25 04:45:30+00:00,0.0,0.0,0.0,0.0
Bannatynes Cookridge Hall,180.0,0.0,27.82,2025-11-25 05:00:30+00:00,0.0,0.0,0.0,0.0
Bannatynes Cookridge Hall,180.0,0.0,27.82,2025-11-25 05:15:30+00:00,0.0,0.0,0.0,0.0
Bannatynes Cookridge Hall,180.0,0.0,27.82,2025-11-25 05:30:30+00:00,0.0,0.0,0.0,0.0
Bannatynes Cookridge Hall,180.0,0.0,27.82,2025-11-25 05:45:30+00:00,0.0,0.0,0.0,0.0
Bannatynes Cookridge Hall,180.0,0.0,27.82,2025-11-25 06:00:30+00:00,0.0,0.0,0.0,0.0
Bannatynes Cookridge Hall,180.0,0.0,27.82,2025-11-25 06:15:30+00:00,0.0,0.0,0.0,0.0
Bannatynes Cookridge Hall,180.0,0.0,27.82,2025-11-25 06:30:30+00:00,0.0,0.0,0.0,0.0
Bannatynes Cookridge Hall,180.0,0.0,27.82,2025-11-25 06:45:30+00:00,0.0,0.0,0.0,0.0
Bannatynes Cookridge Hall,180.0,0.0,27.82,2025-11-25 07:00:30+00:00,0.0,0.0,0.0,0.0
Bannatynes Cookridge Hall,180.0,0.0,27.82,2025-11-25 07:15:30+00:00,0.0,0.0,0.0,0.0
Bannatynes Cookridge Hall,180.0,0.0,27.82,2025-11-25 07:30:30+00:00,0.0,0.0,0.0,0.0
Bannatynes Cookridge Hall,180.0,0.0,27.82,2025-11-25 07:45:30+00:00,0.00075,0.0005,0.001,0.00075
Bannatynes Cookridge Hall,180.0,0.0,27.82,2025-11-25 08:00:30+00:00,0.002,0.00175,0.0025,0.002
Bannatynes Cookridge Hall,180.0,0.0,27.82,2025-11-25 08:15:30+00:00,0.00575,0.004,0.00725,0.00575
Bannatynes Cookridge Hall,180.0,0.0,27.82,2025-11-25 08:30:30+00:00,0.01125,0.0075,0.01375,0.01125
Bannatynes Cookridge Hall,180.0,0.0,27.82,2025-11-25 08:45:30+00:00,0.01775,0.01125,0.0205,0.01775
Bannatynes Cookridge Hall,180.0,0.0,27.82,2025-11-25 09:00:30+00:00,0.02125,0.01525,0.027,0.02125
Bannatynes Cookridge Hall,180.0,0.0,27.82,2025-11-25 09:15:30+00:00,0.028,0.0195,0.0335,0.028
Bannatynes Cookridge Hall,180.0,0.0,27.82,2025-11-25 09:30:30+00:00,0.03475,0.025,0.0395,0.03475
Bannatynes Cookridge Hall,180.0,0.0,27.82,2025-11-25 09:45:30+00:00,0.04,0.03025,0.045,0.04
Bannatynes Cookridge Hall,180.0,0.0,27.82,2025-11-25 10:00:30+00:00,0.0445,0.035,0.05,0.0445
Bannatynes Cookridge Hall,180.0,0.0,27.82,2025-11-25 10:15:30+00:00,0.0485,0.039,0.0545,0.0485
Bannatynes Cookridge Hall,180.0,0.0,27.82,2025-11-25 10:30:30+00:00,0.052,0.04225,0.0585,0.052
Bannatynes Cookridge Hall,180.0,0.0,27.82,2025-11-25 10:45:30+00:00,0.05475,0.0445,0.0615,0.05475
Bannatynes Cookridge Hall,180.0,0.0,27.82,2025-11-25 11:00:30+00:00,0.057,0.0465,0.06425,0.057
Bannatynes Cookridge Hall,180.0,0.0,27.82,2025-11-25 11:15:30+00:00,0.0585,0.04675,0.066,0.0585
Bannatynes Cookridge Hall,180.0,0.0,27.82,2025-11-25 11:30:30+00:00,0.057,0.04725,0.06725,0.057
Bannatynes Cookridge Hall,180.0,0.0,27.82,2025-11-25 11:45:30+00:00,0.05875,0.04775,0.0675,0.05875
Bannatynes Cookridge Hall,180.0,0.0,27.82,2025-11-25 12:00:30+00:00,0.06,0.04725,0.06725,0.06
Bannatynes Cookridge Hall,180.0,0.0,27.82,2025-11-25 12:15:30+00:00,0.05725,0.0425,0.06625,0.05725
Bannatynes Cookridge Hall,180.0,0.0,27.82,2025-11-25 12:30:30+00:00,0.054,0.03675,0.0645,0.054
Bannatynes Cookridge Hall,180.0,0.0,27.82,2025-11-25 12:45:30+00:00,0.0505,0.028,0.06225,0.0505
Bannatynes Cookridge Hall,180.0,0.0,27.82,2025-11-25 13:00:30+00:00,0.0375,0.025,0.059,0.0375
Bannatynes Cookridge Hall,180.0,0.0,27.82,2025-11-25 13:15:30+00:00,0.042,0.02325,0.05525,0.042
Bannatynes Cookridge Hall,180.0,0.0,27.82,2025-11-25 13:30:30+00:00,0.04475,0.02425,0.051,0.04475
Bannatynes Cookridge Hall,180.0,0.0,27.82,2025-11-25 13:45:30+00:00,0.03825,0.01925,0.046,0.03825
Bannatynes Cookridge Hall,180.0,0.0,27.82,2025-11-25 14:00:30+00:00,0.02425,0.0145,0.0405,0.02425
Bannatynes Cookridge Hall,180.0,0.0,27.82,2025-11-25 14:15:30+00:00,0.02425,0.0105,0.034,0.02425
Bannatynes Cookridge Hall,180.0,0.0,27.82,2025-11-25 14:30:30+00:00,0.018,0.00925,0.02775,0.018
Bannatynes Cookridge Hall,180.0,0.0,27.82,2025-11-25 14:45:30+00:00,0.01325,0.007,0.0215,0.01325
Bannatynes Cookridge Hall,180.0,0.0,27.82,2025-11-25 15:00:30+00:00,0.0115,0.00525,0.015,0.0115
Bannatynes Cookridge Hall,180.0,0.0,27.82,2025-11-25 15:15:30+00:00,0.00675,0.0035,0.0085,0.00675
Bannatynes Cookridge Hall,180.0,0.0,27.82,2025-11-25 15:30:30+00:00,0.002,0.0015,0.00275,0.002
Bannatynes Cookridge Hall,180.0,0.0,27.82,2025-11-25 15:45:30+00:00,0.00025,0.00025,0.00025,0.00025
Bannatynes Cookridge Hall,180.0,0.0,27.82,2025-11-25 16:00:30+00:00,0.0,0.0,0.0,0.0
Bannatynes Cookridge Hall,180.0,0.0,27.82,2025-11-25 16:15:30+00:00,0.0,0.0,0.0,0.0
Bannatynes Cookridge Hall,180.0,0.0,27.82,2025-11-25 16:30:30+00:00,0.0,0.0,0.0,0.0
Bannatynes Cookridge Hall,180.0,0.0,27.82,2025-11-25 16:45:30+00:00,0.0,0.0,0.0,0.0
Bannatynes Cookridge Hall,180.0,0.0,27.82,2025-11-25 17:00:30+00:00,0.0,0.0,0.0,0.0
Bannatynes Cookridge Hall,180.0,0.0,27.82,2025-11-25 17:15:30+00:00,0.0,0.0,0.0,0.0
Bannatynes Cookridge Hall,180.0,0.0,27.82,2025-11-25 17:30:30+00:00,0.0,0.0,0.0,0.0
Bannatynes Cookridge Hall,180.0,0.0,27.82,2025-11-25 17:45:30+00:00,0.0,0.0,0.0,0.0
Bannatynes Cookridge Hall,180.0,0.0,27.82,2025-11-25 18:00:30+00:00,0.0,0.0,0.0,0.0
Bannatynes Cookridge Hall,180.0,0.0,27.82,2025-11-25 18:15:30+00:00,0.0,0.0,0.0,0.0
Bannatynes Cookridge Hall,180.0,0.0,27.82,2025-11-25 18:30:30+00:00,0.0,0.0,0.0,0.0
Bannatynes Cookridge Hall,180.0,0.0,27.82,2025-11-25 18:45:30+00:00,0.0,0.0,0.0,0.0
Bannatynes Cookridge Hall,180.0,0.0,27.82,2025-11-25 19:00:30+00:00,0.0,0.0,0.0,0.0
Bannatynes Cookridge Hall,180.0,0.0,27.82,2025-11-25 19:15:30+00:00,0.0,0.0,0.0,0.0
Bannatynes Cookridge Hall,180.0,0.0,27.82,2025-11-25 19:30:30+00:00,0.0,0.0,0.0,0.0
Bannatynes Cookridge Hall,180.0,0.0,27.82,2025-11-25 19:45:30+00:00,0.0,0.0,0.0,0.0
Bannatynes Cookridge Hall,180.0,0.0,27.82,2025-11-25 20:00:30+00:00,0.0,0.0,0.0,0.0
Bannatynes Cookridge Hall,180.0,0.0,27.82,2025-11-25 20:15:30+00:00,0.0,0.0,0.0,0.0
Bannatynes Cookridge Hall,180.0,0.0,27.82,2025-11-25 20:30:30+00:00,0.0,0.0,0.0,0.0
Bannatynes Cookridge Hall,180.0,0.0,27.82,2025-11-25 20:45:30+00:00,0.0,0.0,0.0,0.0
Bannatynes Cookridge Hall,180.0,0.0,27.82,2025-11-25 21:00:30+00:00,0.0,0.0,0.0,0.0
Bannatynes Cookridge Hall,180.0,0.0,27.82,2025-11-25 21:15:30+00:00,0.0,0.0,0.0,0.0
Bannatynes Cookridge Hall,180.0,0.0,27.82,2025-11-25 21:30:30+00:00,0.0,0.0,0.0,0.0
Bannatynes Cookridge Hall,180.0,0.0,27.82,2025-11-25 21:45:30+00:00,0.0,0.0,0.0,0.0
Bannatynes Cookridge Hall,180.0,0.0,27.82,2025-11-25 22:00:30+00:00,0.0,0.0,0.0,0.0
Bannatynes Cookridge Hall,180.0,0.0,27.82,2025-11-25 22:15:30+00:00,0.0,0.0,0.0,0.0
Bannatynes Cookridge Hall,180.0,0.0,27.82,2025-11-25 22:30:30+00:00,0.0,0.0,0.0,0.0
Bannatynes Cookridge Hall,180.0,0.0,27.82,2025-11-25 22:45:30+00:00,0.0,0.0,0.0,0.0
Bannatynes Cookridge Hall,180.0,0.0,27.82,2025-11-25 23:00:30+00:00,0.0,0.0,0.0,0.0
Bannatynes Cookridge Hall,180.0,0.0,27.82,2025-11-25 23:15:30+00:00,0.0,0.0,0.0,0.0
Bannatynes Cookridge Hall,180.0,0.0,27.82,2025-11-25 23:30:30+00:00,0.0,0.0,0.0,0.0
Bannatynes Cookridge Hall,180.0,0.0,27.82,2025-11-25 23:45:30+00:00,0.0,0.0,0.0,0.0
Bannatynes Cookridge Hall,180.0,0.0,27.82,2025-11-26 00:00:30+00:00,0.0,0.0,0.0,0.0
Bannatynes Cookridge Hall,180.0,0.0,27.82,2025-11-26 00:15:30+00:00,0.0,0.0,0.0,0.0
Bannatynes Cookridge Hall,180.0,0.0,27.82,2025-11-26 00:30:30+00:00,0.0,0.0,0.0,0.0
Bannatynes Cookridge Hall,180.0,0.0,27.82,2025-11-26 00:45:30+00:00,0.0,0.0,0.0,0.0
Bannatynes Cookridge Hall,180.0,0.0,27.82,2025-11-26 01:00:30+00:00,0.0,0.0,0.0,0.0
Bannatynes Cookridge Hall,180.0,0.0,27.82,2025-11-26 01:15:30+00:00,0.0,0.0,0.0,0.0
Bannatynes Cookridge Hall,180.0,0.0,27.82,2025-11-26 01:30:30+00:00,0.0,0.0,0.0,0.0
Bannatynes Cookridge Hall,180.0,0.0,27.82,2025-11-26 01:45:30+00:00,0.0,0.0,0.0,0.0
Bannatynes Cookridge Hall,180.0,0.0,27.82,2025-11-26 02:00:30+00:00,0.0,0.0,0.0,0.0
Bannatynes Cookridge Hall,180.0,0.0,27.82,2025-11-26 02:15:30+00:00,0.0,0.0,0.0,0.0
Bannatynes Cookridge Hall,180.0,0.0,27.82,2025-11-26 02:30:30+00:00,0.0,0.0,0.0,0.0
Bannatynes Cookridge Hall,180.0,0.0,27.82,2025-11-26 02:45:30+00:00,0.0,0.0,0.0,0.0
Bannatynes Cookridge Hall,180.0,0.0,27.82,2025-11-26 03:00:30+00:00,0.0,0.0,0.0,0.0
Bannatynes Cookridge Hall,180.0,0.0,27.82,2025-11-26 03:15:30+00:00,0.0,0.0,0.0,0.0
Bannatynes Cookridge Hall,180.0,0.0,27.82,2025-11-26 03:30:30+00:00,0.0,0.0,0.0,0.0
Bannatynes Cookridge Hall,180.0,0.0,27.82,2025-11-26 03:45:30+00:00,0.0,0.0,0.0,0.0
Bannatynes Cookridge Hall,180.0,0.0,27.82,2025-11-26 04:00:30+00:00,0.0,0.0,0.0,0.0
Bannatynes Cookridge Hall,180.0,0.0,27.82,2025-11-26 04:15:30+00:00,0.0,0.0,0.0,0.0
Bannatynes Cookridge Hall,180.0,0.0,27.82,2025-11-26 04:30:30+00:00,0.0,0.0,0.0,0.0
Bannatynes Cookridge Hall,180.0,0.0,27.82,2025-11-26 04:45:30+00:00,0.0,0.0,0.0,0.0
Bannatynes Cookridge Hall,180.0,0.0,27.82,2025-11-26 05:00:30+00:00,0.0,0.0,0.0,0.0
Bannatynes Cookridge Hall,180.0,0.0,27.82,2025-11-26 05:15:30+00:00,0.0,0.0,0.0,0.0
Bannatynes Cookridge Hall,180.0,0.0,27.82,2025-11-26 05:30:30+00:00,0.0,0.0,0.0,0.0
Bannatynes Cookridge Hall,180.0,0.0,27.82,2025-11-26 05:45:30+00:00,0.0,0.0,0.0,0.0
Bannatynes Cookridge Hall,180.0,0.0,27.82,2025-11-26 06:00:30+00:00,0.0,0.0,0.0,0.0
Bannatynes Cookridge Hall,180.0,0.0,27.82,2025-11-26 06:15:30+00:00,0.0,0.0,0.0,0.0
Bannatynes Cookridge Hall,180.0,0.0,27.82,2025-11-26 06:30:30+00:00,0.0,0.0,0.0,0.0
Bannatynes Cookridge Hall,180.0,0.0,27.82,2025-11-26 06:45:30+00:00,0.0,0.0,0.0,0.0
Bannatynes Cookridge Hall,180.0,0.0,27.82,2025-11-26 07:00:30+00:00,0.0,0.0,0.0,0.0
Bannatynes Cookridge Hall,180.0,0.0,27.82,2025-11-26 07:15:30+00:00,0.0,0.0,0.0,0.0
Bannatynes Cookridge Hall,180.0,0.0,27.82,2025-11-26 07:30:30+00:00,0.0,0.0,0.0,0.0
Bannatynes Cookridge Hall,180.0,0.0,27.82,2025-11-26 07:45:30+00:00,0.0,0.0,0.0,0.0
Bannatynes Cookridge Hall,180.0,0.0,27.82,2025-11-26 08:00:30+00:00,0.0015,0.00125,0.00175,0.0015
Bannatynes Cookridge Hall,180.0,0.0,27.82,2025-11-26 08:15:30+00:00,0.005,0.0035,0.00625,0.005
Bannatynes Cookridge Hall,180.0,0.0,27.82,2025-11-26 08:30:30+00:00,0.01025,0.00675,0.01225,0.01025
Bannatynes Cookridge Hall,180.0,0.0,27.82,2025-11-26 08:45:30+00:00,0.0155,0.01075,0.0185,0.0155
Bannatynes Cookridge Hall,180.0,0.0,27.82,2025-11-26 09:00:30+00:00,0.021,0.01475,0.025,0.021
Bannatynes Cookridge Hall,180.0,0.0,27.82,2025-11-26 09:15:30+00:00,0.0255,0.019,0.031,0.0255
Bannatynes Cookridge Hall,180.0,0.0,27.82,2025-11-26 09:30:30+00:00,0.03125,0.02275,0.03675,0.03125
Bannatynes Cookridge Hall,180.0,0.0,27.82,2025-11-26 09:45:30+00:00,0.0355,0.02675,0.04225,0.0355
Bannatynes Cookridge Hall,180.0,0.0,27.82,2025-11-26 10:00:30+00:00,0.03925,0.0305,0.047,0.03925
Bannatynes Cookridge Hall,180.0,0.0,27.82,2025-11-26 10:15:30+00:00,0.04475,0.0345,0.05125,0.04475
Bannatynes Cookridge Hall,180.0,0.0,27.82,2025-11-26 10:30:30+00:00,0.048,0.03775,0.055,0.048
Bannatynes Cookridge Hall,180.0,0.0,27.82,2025-11-26 10:45:30+00:00,0.04975,0.0395,0.05825,0.04975
Bannatynes Cookridge Hall,180.0,0.0,27.82,2025-11-26 11:00:30+00:00,0.05075,0.03975,0.06075,0.05075
Bannatynes Cookridge Hall,180.0,0.0,27.82,2025-11-26 11:15:30+00:00,0.0515,0.03925,0.0625,0.0515
Bannatynes Cookridge Hall,180.0,0.0,27.82,2025-11-26 11:30:30+00:00,0.05275,0.035,0.0635,0.05275
Bannatynes Cookridge Hall,180.0,0.0,27.82,2025-11-26 11:45:30+00:00,0.04775,0.029,0.064,0.04775
Bannatynes Cookridge Hall,180.0,0.0,27.82,2025-11-26 12:00:30+00:00,0.0445,0.02225,0.06325,0.0445
Bannatynes Cookridge Hall,180.0,0.0,27.82,2025-11-26 12:15:30+00:00,0.036,0.01775,0.05725,0.036
Bannatynes Cookridge Hall,180.0,0.0,27.82,2025-11-26 12:30:30+00:00,0.032,0.01725,0.05175,0.032
Bannatynes Cookridge Hall,180.0,0.0,27.82,2025-11-26 12:45:30+00:00,0.03525,0.0115,0.05125,0.03525
Bannatynes Cookridge Hall,180.0,0.0,27.82,2025-11-26 13:00:30+00:00,0.02625,0.00575,0.05025,0.02625
Bannatynes Cookridge Hall,180.0,0.0,27.82,2025-11-26 13:15:30+00:00,0.022,0.00425,0.042,0.022
Bannatynes Cookridge Hall,180.0,0.0,27.82,2025-11-26 13:30:30+00:00,0.00825,0.0035,0.033,0.00825
Bannatynes Cookridge Hall,180.0,0.0,27.82,2025-11-26 13:45:30+00:00,0.011,0.00325,0.02875,0.011
Bannatynes Cookridge Hall,180.0,0.0,27.82,2025-11-26 14:00:30+00:00,0.0155,0.003,0.02975,0.0155
Bannatynes Cookridge Hall,180.0,0.0,27.82,2025-11-26 14:15:30+00:00,0.01325,0.00275,0.03175,0.01325
Bannatynes Cookridge Hall,180.0,0.0,27.82,2025-11-26 14:30:30+00:00,0.01875,0.00375,0.0265,0.01875
Bannatynes Cookridge Hall,180.0,0.0,27.82,2025-11-26 14:45:30+00:00,0.016,0.00625,0.02,0.016
Bannatynes Cookridge Hall,180.0,0.0,27.82,2025-11-26 15:00:30+00:00,0.01025,0.00525,0.01375,0.01025
Bannatynes Cookridge Hall,180.0,0.0,27.82,2025-11-26 15:15:30+00:00,0.0055,0.00325,0.0075,0.0055
Bannatynes Cookridge Hall,180.0,0.0,27.82,2025-11-26 15:30:30+00:00,0.0015,0.0015,0.00225,0.0015
Bannatynes Cookridge Hall,180.0,0.0,27.82,2025-11-26 15:45:30+00:00,0.00025,0.0,0.00025,0.00025
Bannatynes Cookridge Hall,180.0,0.0,27.82,2025-11-26 16:00:30+00:00,0.0,0.0,0.0,0.0
Bannatynes Cookridge Hall,180.0,0.0,27.82,2025-11-26 16:15:30+00:00,0.0,0.0,0.0,0.0
Bannatynes Cookridge Hall,180.0,0.0,27.82,2025-11-26 16:30:30+00:00,0.0,0.0,0.0,0.0
Bannatynes Cookridge Hall,180.0,0.0,27.82,2025-11-26 16:45:30+00:00,0.0,0.0,0.0,0.0
Bannatynes Cookridge Hall,180.0,0.0,27.82,2025-11-26 17:00:30+00:00,0.0,0.0,0.0,0.0
Bannatynes Cookridge Hall,180.0,0.0,27.82,2025-11-26 17:15:30+00:00,0.0,0.0,0.0,0.0
Bannatynes Cookridge Hall,180.0,0.0,27.82,2025-11-26 17:30:30+00:00,0.0,0.0,0.0,0.0
Bannatynes Cookridge Hall,180.0,0.0,27.82,2025-11-26 17:45:30+00:00,0.0,0.0,0.0,0.0
Bannatynes Cookridge Hall,180.0,0.0,27.82,2025-11-26 18:00:30+00:00,0.0,0.0,0.0,0.0
Bannatynes Cookridge Hall,180.0,0.0,27.82,2025-11-26 18:15:30+00:00,0.0,0.0,0.0,0.0
Bannatynes Cookridge Hall,180.0,0.0,27.82,2025-11-26 18:30:30+00:00,0.0,0.0,0.0,0.0
Bannatynes Cookridge Hall,180.0,0.0,27.82,2025-11-26 18:45:30+00:00,0.0,0.0,0.0,0.0
Bannatynes Cookridge Hall,180.0,0.0,27.82,2025-11-26 19:00:30+00:00,0.0,0.0,0.0,0.0
Bannatynes Cookridge Hall,180.0,0.0,27.82,2025-11-26 19:15:30+00:00,0.0,0.0,0.0,0.0
Bannatynes Cookridge Hall,180.0,0.0,27.82,2025-11-26 19:30:30+00:00,0.0,0.0,0.0,0.0
Bannatynes Cookridge Hall,180.0,0.0,27.82,2025-11-26 19:45:30+00:00,0.0,0.0,0.0,0.0
Bannatynes Cookridge Hall,180.0,0.0,27.82,2025-11-26 20:00:30+00:00,0.0,0.0,0.0,0.0
Bannatynes Cookridge Hall,180.0,0.0,27.82,2025-11-26 20:15:30+00:00,0.0,0.0,0.0,0.0
Bannatynes Cookridge Hall,180.0,0.0,27.82,2025-11-26 20:30:30+00:00,0.0,0.0,0.0,0.0
Bannatynes Cookridge Hall,180.0,0.0,27.82,2025-11-26 20:45:30+00:00,0.0,0.0,0.0,0.0
Bannatynes Cookridge Hall,180.0,0.0,27.82,2025-11-26 21:00:30+00:00,0.0,0.0,0.0,0.0
Bannatynes Cookridge Hall,180.0,0.0,27.82,2025-11-26 21:15:30+00:00,0.0,0.0,0.0,0.0
Bannatynes Cookridge Hall,180.0,0.0,27.82,2025-11-26 21:30:30+00:00,0.0,0.0,0.0,0.0
Bannatynes Cookridge Hall,180.0,0.0,27.82,2025-11-26 21:45:30+00:00,0.0,0.0,0.0,0.0
Bannatynes Cookridge Hall,180.0,0.0,27.82,2025-11-26 22:00:30+00:00,0.0,0.0,0.0,0.0
Bannatynes Cookridge Hall,180.0,0.0,27.82,2025-11-26 22:15:30+00:00,0.0,0.0,0.0,0.0
Bannatynes Cookridge Hall,180.0,0.0,27.82,2025-11-26 22:30:30+00:00,0.0,0.0,0.0,0.0
Bannatynes Cookridge Hall,180.0,0.0,27.82,2025-11-26 22:45:30+00:00,0.0,0.0,0.0,0.0
Bannatynes Cookridge Hall,180.0,0.0,27.82,2025-11-26 23:00:30+00:00,0.0,0.0,0.0,0.0
Bannatynes Cookridge Hall,180.0,0.0,27.82,2025-11-26 23:15:30+00:00,0.0,0.0,0.0,0.0
Bannatynes Cookridge Hall,180.0,0.0,27.82,2025-11-26 23:30:30+00:00,0.0,0.0,0.0,0.0
Bannatynes Cookridge Hall,180.0,0.0,27.82,2025-11-26 23:45:30+00:00,0.0,0.0,0.0,0.0
Bannatynes Cookridge Hall,180.0,0.0,27.82,2025-11-27 00:00:30+00:00,0.0,0.0,0.0,0.0
Bannatynes Cookridge Hall,180.0,0.0,27.82,2025-11-27 00:15:30+00:00,0.0,0.0,0.0,0.0
Bannatynes Cookridge Hall,180.0,0.0,27.82,2025-11-27 00:30:30+00:00,0.0,0.0,0.0,0.0
Bannatynes Cookridge Hall,180.0,0.0,27.82,2025-11-27 00:45:30+00:00,0.0,0.0,0.0,0.0
Bannatynes Cookridge Hall,180.0,0.0,27.82,2025-11-27 01:00:30+00:00,0.0,0.0,0.0,0.0
Bannatynes Cookridge Hall,180.0,0.0,27.82,2025-11-27 01:15:30+00:00,0.0,0.0,0.0,0.0
Bannatynes Cookridge Hall,180.0,0.0,27.82,2025-11-27 01:30:30+00:00,0.0,0.0,0.0,0.0
Bannatynes Cookridge Hall,180.0,0.0,27.82,2025-11-27 01:45:30+00:00,0.0,0.0,0.0,0.0
Bannatynes Cookridge Hall,180.0,0.0,27.82,2025-11-27 02:00:30+00:00,0.0,0.0,0.0,0.0
Bannatynes Cookridge Hall,180.0,0.0,27.82,2025-11-27 02:15:30+00:00,0.0,0.0,0.0,0.0
Bannatynes Cookridge Hall,180.0,0.0,27.82,2025-11-27 02:30:30+00:00,0.0,0.0,0.0,0.0
Bannatynes Cookridge Hall,180.0,0.0,27.82,2025-11-27 02:45:30+00:00,0.0,0.0,0.0,0.0
Bannatynes Cookridge Hall,180.0,0.0,27.82,2025-11-27 03:00:30+00:00,0.0,0.0,0.0,0.0
Bannatynes Cookridge Hall,180.0,0.0,27.82,2025-11-27 03:15:30+00:00,0.0,0.0,0.0,0.0
Bannatynes Cookridge Hall,180.0,0.0,27.82,2025-11-27 03:30:30+00:00,0.0,0.0,0.0,0.0
Bannatynes Cookridge Hall,180.0,0.0,27.82,2025-11-27 03:45:30+00:00,0.0,0.0,0.0,0.0
Bannatynes Cookridge Hall,180.0,0.0,27.82,2025-11-27 04:00:30+00:00,0.0,0.0,0.0,0.0
Bannatynes Cookridge Hall,180.0,0.0,27.82,2025-11-27 04:15:30+00:00,0.0,0.0,0.0,0.0
Bannatynes Cookridge Hall,180.0,0.0,27.82,2025-11-27 04:30:30+00:00,0.0,0.0,0.0,0.0
Bannatynes Cookridge Hall,180.0,0.0,27.82,2025-11-27 04:45:30+00:00,0.0,0.0,0.0,0.0
Bannatynes Cookridge Hall,180.0,0.0,27.82,2025-11-27 05:00:30+00:00,0.0,0.0,0.0,0.0
Bannatynes Cookridge Hall,180.0,0.0,27.82,2025-11-27 05:15:30+00:00,0.0,0.0,0.0,0.0
Bannatynes Cookridge Hall,180.0,0.0,27.82,2025-11-27 05:30:30+00:00,0.0,0.0,0.0,0.0
Bannatynes Cookridge Hall,180.0,0.0,27.82,2025-11-27 05:45:30+00:00,0.0,0.0,0.0,0.0
Bannatynes Cookridge Hall,180.0,0.0,27.82,2025-11-27 06:00:30+00:00,0.0,0.0,0.0,0.0
Bannatynes Cookridge Hall,180.0,0.0,27.82,2025-11-27 06:15:30+00:00,0.0,0.0,0.0,0.0
Bannatynes Cookridge Hall,180.0,0.0,27.82,2025-11-27 06:30:30+00:00,0.0,0.0,0.0,0.0
Bannatynes Cookridge Hall,180.0,0.0,27.82,2025-11-27 06:45:30+00:00,0.0,0.0,0.0,0.0
Bannatynes Cookridge Hall,180.0,0.0,27.82,2025-11-27 07:00:30+00:00,0.0,0.0,0.0,0.0
Bannatynes Cookridge Hall,180.0,0.0,27.82,2025-11-27 07:15:30+00:00,0.0,0.0,0.0,0.0
Bannatynes Cookridge Hall,180.0,0.0,27.82,2025-11-27 07:30:30+00:00,0.0,0.0,0.0,0.0
Bannatynes Cookridge Hall,180.0,0.0,27.82,2025-11-27 07:45:30+00:00,0.0,0.0,0.0,0.0
Bannatynes Cookridge Hall,180.0,0.0,27.82,2025-11-27 08:00:30+00:00,0.00025,0.0,0.00075,0.00025
Bannatynes Cookridge Hall,180.0,0.0,27.82,2025-11-27 08:15:30+00:00,0.00075,0.0005,0.00325,0.00075
Bannatynes Cookridge Hall,180.0,0.0,27.82,2025-11-27 08:30:30+00:00,0.002,0.00075,0.0055,0.002
Bannatynes Cookridge Hall,180.0,0.0,27.82,2025-11-27 08:45:30+00:00,0.0015,0.00125,0.006,0.0015
Bannatynes Cookridge Hall,180.0,0.0,27.82,2025-11-27 09:00:30+00:00,0.00725,0.00175,0.01425,0.00725
Bannatynes Cookridge Hall,180.0,0.0,27.82,2025-11-27 09:15:30+00:00,0.009,0.00225,0.01775,0.009
Bannatynes Cookridge Hall,180.0,0.0,27.82,2025-11-27 09:30:30+00:00,0.01025,0.00275,0.01975,0.01025
Bannatynes Cookridge Hall,180.0,0.0,27.82,2025-11-27 09:45:30+00:00,0.01075,0.003,0.022,0.01075
Bannatynes Cookridge Hall,180.0,0.0,27.82,2025-11-27 10:00:30+00:00,0.015,0.0035,0.02325,0.015
Bannatynes Cookridge Hall,180.0,0.0,27.82,2025-11-27 10:15:30+00:00,0.0105,0.00375,0.02425,0.0105
Bannatynes Cookridge Hall,180.0,0.0,27.82,2025-11-27 10:30:30+00:00,0.01175,0.004,0.02375,0.01175
Bannatynes Cookridge Hall,180.0,0.0,27.82,2025-11-27 10:45:30+00:00,0.01325,0.00425,0.025,0.01325
Bannatynes Cookridge Hall,180.0,0.0,27.82,2025-11-27 11:00:30+00:00,0.01475,0.0045,0.02675,0.01475
Bannatynes Cookridge Hall,180.0,0.0,27.82,2025-11-27 11:15:30+00:00,0.01525,0.0045,0.0295,0.01525
Bannatynes Cookridge Hall,180.0,0.0,27.82,2025-11-27 11:30:30+00:00,0.01875,0.00525,0.03275,0.01875
Bannatynes Cookridge Hall,180.0,0.0,27.82,2025-11-27 11:45:30+00:00,0.023,0.007,0.03625,0.023
Bannatynes Cookridge Hall,180.0,0.0,27.82,2025-11-27 12:00:30+00:00,0.023,0.008,0.0375,0.023
Bannatynes Cookridge Hall,180.0,0.0,27.82,2025-11-27 12:15:30+00:00,0.02225,0.01025,0.03975,0.02225
Bannatynes Cookridge Hall,180.0,0.0,27.82,2025-11-27 12:30:30+00:00,0.0295,0.0085,0.0415,0.0295
Bannatynes Cookridge Hall,180.0,0.0,27.82,2025-11-27 12:45:30+00:00,0.023,0.005,0.04525,0.023
Bannatynes Cookridge Hall,180.0,0.0,27.82,2025-11-27 13:00:30+00:00,0.0225,0.0045,0.0405,0.0225
Bannatynes Cookridge Hall,180.0,0.0,27.82,2025-11-27 13:15:30+00:00,0.00925,0.00375,0.03325,0.00925
Bannatynes Cookridge Hall,180.0,0.0,27.82,2025-11-27 13:30:30+00:00,0.0045,0.0035,0.0185,0.0045
Bannatynes Cookridge Hall,180.0,0.0,27.82,2025-11-27 13:45:30+00:00,0.00375,0.00325,0.0155,0.00375
Bannatynes Cookridge Hall,180.0,0.0,27.82,2025-11-27 14:00:30+00:00,0.009,0.00275,0.022,0.009
Bannatynes Cookridge Hall,180.0,0.0,27.82,2025-11-27 14:15:30+00:00,0.0075,0.00225,0.026,0.0075
Bannatynes Cookridge Hall,180.0,0.0,27.82,2025-11-27 14:30:30+00:00,0.01525,0.003,0.02325,0.01525
Bannatynes Cookridge Hall,180.0,0.0,27.82,2025-11-27 14:45:30+00:00,0.0105,0.00275,0.019,0.0105
Bannatynes Cookridge Hall,180.0,0.0,27.82,2025-11-27 15:00:30+00:00,0.00675,0.002,0.012,0.00675
Bannatynes Cookridge Hall,180.0,0.0,27.82,2025-11-27 15:15:30+00:00,0.00375,0.0015,0.006,0.00375
Bannatynes Cookridge Hall,180.0,0.0,27.82,2025-11-27 15:30:30+00:00,0.001,0.00075,0.00175,0.001
Bannatynes Cookridge Hall,180.0,0.0,27.82,2025-11-27 15:45:30+00:00,0.0,0.0,0.0,0.0
Bannatynes Cookridge Hall,180.0,0.0,27.82,2025-11-27 16:00:30+00:00,0.0,0.0,0.0,0.0
Bannatynes Cookridge Hall,180.0,0.0,27.82,2025-11-27 16:15:30+00:00,0.0,0.0,0.0,0.0
Bannatynes Cookridge Hall,180.0,0.0,27.82,2025-11-27 16:30:30+00:00,0.0,0.0,0.0,0.0
Bannatynes Cookridge Hall,180.0,0.0,27.82,2025-11-27 16:45:30+00:00,0.0,0.0,0.0,0.0
Bannatynes Cookridge Hall,180.0,0.0,27.82,2025-11-27 17:00:30+00:00,0.0,0.0,0.0,0.0
Bannatynes Cookridge Hall,180.0,0.0,27.82,2025-11-27 17:15:30+00:00,0.0,0.0,0.0,0.0
Bannatynes Cookridge Hall,180.0,0.0,27.82,2025-11-27 17:30:30+00:00,0.0,0.0,0.0,0.0
Bannatynes Cookridge Hall,180.0,0.0,27.82,2025-11-27 17:45:30+00:00,0.0,0.0,0.0,0.0
Bannatynes Cookridge Hall,180.0,0.0,27.82,2025-11-27 18:00:30+00:00,0.0,0.0,0.0,0.0
Bannatynes Cookridge Hall,180.0,0.0,27.82,2025-11-27 18:15:30+00:00,0.0,0.0,0.0,0.0
Bannatynes Cookridge Hall,180.0,0.0,27.82,2025-11-27 18:30:30+00:00,0.0,0.0,0.0,0.0
Bannatynes Cookridge Hall,180.0,0.0,27.82,2025-11-27 18:45:30+00:00,0.0,0.0,0.0,0.0
Bannatynes Cookridge Hall,180.0,0.0,27.82,2025-11-27 19:00:30+00:00,0.0,0.0,0.0,0.0
Bannatynes Cookridge Hall,180.0,0.0,27.82,2025-11-27 19:15:30+00:00,0.0,0.0,0.0,0.0
Bannatynes Cookridge Hall,180.0,0.0,27.82,2025-11-27 19:30:30+00:00,0.0,0.0,0.0,0.0
Bannatynes Cookridge Hall,180.0,0.0,27.82,2025-11-27 19:45:30+00:00,0.0,0.0,0.0,0.0
Bannatynes Cookridge Hall,180.0,0.0,27.82,2025-11-27 20:00:30+00:00,0.0,0.0,0.0,0.0
Bannatynes Cookridge Hall,180.0,0.0,27.82,2025-11-27 20:15:30+00:00,0.0,0.0,0.0,0.0
Bannatynes Cookridge Hall,180.0,0.0,27.82,2025-11-27 20:30:30+00:00,0.0,0.0,0.0,0.0
Bannatynes Cookridge Hall,180.0,0.0,27.82,2025-11-27 20:45:30+00:00,0.0,0.0,0.0,0.0
Bannatynes Cookridge Hall,180.0,0.0,27.82,2025-11-27 21:00:30+00:00,0.0,0.0,0.0,0.0
Bannatynes Cookridge Hall,180.0,0.0,27.82,2025-11-27 21:15:30+00:00,0.0,0.0,0.0,0.0
Bannatynes Cookridge Hall,180.0,0.0,27.82,2025-11-27 21:30:30+00:00,0.0,0.0,0.0,0.0
Bannatynes Cookridge Hall,180.0,0.0,27.82,2025-11-27 21:45:30+00:00,0.0,0.0,0.0,0.0
Bannatynes Cookridge Hall,180.0,0.0,27.82,2025-11-27 22:00:30+00:00,0.0,0.0,0.0,0.0
Bannatynes Cookridge Hall,180.0,0.0,27.82,2025-11-27 22:15:30+00:00,0.0,0.0,0.0,0.0
Bannatynes Cookridge Hall,180.0,0.0,27.82,2025-11-27 22:30:30+00:00,0.0,0.0,0.0,0.0
Bannatynes Cookridge Hall,180.0,0.0,27.82,2025-11-27 22:45:30+00:00,0.0,0.0,0.0,0.0
Bannatynes Cookridge Hall,180.0,0.0,27.82,2025-11-27 23:00:30+00:00,0.0,0.0,0.0,0.0
Bannatynes Cookridge Hall,180.0,0.0,27.82,2025-11-27 23:15:30+00:00,0.0,0.0,0.0,0.0
Bannatynes Cookridge Hall,180.0,0.0,27.82,2025-11-27 23:30:30+00:00,0.0,0.0,0.0,0.0
Bannatynes Cookridge Hall,180.0,0.0,27.82,2025-11-27 23:45:30+00:00,0.0,0.0,0.0,0.0
Bannatynes Cookridge Hall,180.0,0.0,27.82,2025-11-28 00:00:30+00:00,0.0,0.0,0.0,0.0
Bannatynes Cookridge Hall,180.0,0.0,27.82,2025-11-28 00:15:30+00:00,0.0,0.0,0.0,0.0
Bannatynes Cookridge Hall,180.0,0.0,27.82,2025-11-28 00:30:30+00:00,0.0,0.0,0.0,0.0
Bannatynes Cookridge Hall,180.0,0.0,27.82,2025-11-28 00:45:30+00:00,0.0,0.0,0.0,0.0
Bannatynes Cookridge Hall,180.0,0.0,27.82,2025-11-28 01:00:30+00:00,0.0,0.0,0.0,0.0
Bannatynes Cookridge Hall,180.0,0.0,27.82,2025-11-28 01:15:30+00:00,0.0,0.0,0.0,0.0
Bannatynes Cookridge Hall,180.0,0.0,27.82,2025-11-28 01:30:30+00:00,0.0,0.0,0.0,0.0
Bannatynes Cookridge Hall,180.0,0.0,27.82,2025-11-28 01:45:30+00:00,0.0,0.0,0.0,0.0
Bannatynes Cookridge Hall,180.0,0.0,27.82,2025-11-28 02:00:30+00:00,0.0,0.0,0.0,0.0
Bannatynes Cookridge Hall,180.0,0.0,27.82,2025-11-28 02:15:30+00:00,0.0,0.0,0.0,0.0
Bannatynes Cookridge Hall,180.0,0.0,27.82,2025-11-28 02:30:30+00:00,0.0,0.0,0.0,0.0
Bannatynes Cookridge Hall,180.0,0.0,27.82,2025-11-28 02:45:30+00:00,0.0,0.0,0.0,0.0
Bannatynes Cookridge Hall,180.0,0.0,27.82,2025-11-28 03:00:30+00:00,0.0,0.0,0.0,0.0
Bannatynes Cookridge Hall,180.0,0.0,27.82,2025-11-28 03:15:30+00:00,0.0,0.0,0.0,0.0
Bannatynes Cookridge Hall,180.0,0.0,27.82,2025-11-28 03:30:30+00:00,0.0,0.0,0.0,0.0
Bannatynes Cookridge Hall,180.0,0.0,27.82,2025-11-28 03:45:30+00:00,0.0,0.0,0.0,0.0
Bannatynes Cookridge Hall,180.0,0.0,27.82,2025-11-28 04:00:30+00:00,0.0,0.0,0.0,0.0
Bannatynes Cookridge Hall,180.0,0.0,27.82,2025-11-28 04:15:30+00:00,0.0,0.0,0.0,0.0
Bannatynes Cookridge Hall,180.0,0.0,27.82,2025-11-28 04:30:30+00:00,0.0,0.0,0.0,0.0
Bannatynes Cookridge Hall,180.0,0.0,27.82,2025-11-28 04:45:30+00:00,0.0,0.0,0.0,0.0
Bannatynes Cookridge Hall,180.0,0.0,27.82,2025-11-28 05:00:30+00:00,0.0,0.0,0.0,0.0
Bannatynes Cookridge Hall,180.0,0.0,27.82,2025-11-28 05:15:30+00:00,0.0,0.0,0.0,0.0
Bannatynes Cookridge Hall,180.0,0.0,27.82,2025-11-28 05:30:30+00:00,0.0,0.0,0.0,0.0
Bannatynes Cookridge Hall,180.0,0.0,27.82,2025-11-28 05:45:30+00:00,0.0,0.0,0.0,0.0
Bannatynes Cookridge Hall,180.0,0.0,27.82,2025-11-28 06:00:30+00:00,0.0,0.0,0.0,0.0
Bannatynes Cookridge Hall,180.0,0.0,27.82,2025-11-28 06:15:30+00:00,0.0,0.0,0.0,0.0
Bannatynes Cookridge Hall,180.0,0.0,27.82,2025-11-28 06:30:30+00:00,0.0,0.0,0.0,0.0
Bannatynes Cookridge Hall,180.0,0.0,27.82,2025-11-28 06:45:30+00:00,0.0,0.0,0.0,0.0
Bannatynes Cookridge Hall,180.0,0.0,27.82,2025-11-28 07:00:30+00:00,0.0,0.0,0.0,0.0
Bannatynes Cookridge Hall,180.0,0.0,27.82,2025-11-28 07:15:30+00:00,0.0,0.0,0.0,0.0
Bannatynes Cookridge Hall,180.0,0.0,27.82,2025-11-28 07:30:30+00:00,0.0,0.0,0.0,0.0
Bannatynes Cookridge Hall,180.0,0.0,27.82,2025-11-28 07:45:30+00:00,0.0,0.0,0.0,0.0
Bannatynes Cookridge Hall,180.0,0.0,27.82,2025-11-28 08:00:30+00:00,0.00075,0.0005,0.00075,0.00075
Bannatynes Cookridge Hall,180.0,0.0,27.82,2025-11-28 08:15:30+00:00,0.004,0.003,0.00475,0.004
Bannatynes Cookridge Hall,180.0,0.0,27.82,2025-11-28 08:30:30+00:00,0.009,0.006,0.01075,0.009
Bannatynes Cookridge Hall,180.0,0.0,27.82,2025-11-28 08:45:30+00:00,0.01425,0.00975,0.017,0.01425
Bannatynes Cookridge Hall,180.0,0.0,27.82,2025-11-28 09:00:30+00:00,0.02,0.01425,0.0235,0.02
Bannatynes Cookridge Hall,180.0,0.0,27.82,2025-11-28 09:15:30+00:00,0.02575,0.01875,0.0295,0.02575
Bannatynes Cookridge Hall,180.0,0.0,27.82,2025-11-28 09:30:30+00:00,0.031,0.023,0.0355,0.031
Bannatynes Cookridge Hall,180.0,0.0,27.82,2025-11-28 09:45:30+00:00,0.03525,0.02675,0.04075,0.03525
Bannatynes Cookridge Hall,180.0,0.0,27.82,2025-11-28 10:00:30+00:00,0.04,0.0295,0.04575,0.04
Bannatynes Cookridge Hall,180.0,0.0,27.82,2025-11-28 10:15:30+00:00,0.0415,0.032,0.05025,0.0415
Bannatynes Cookridge Hall,180.0,0.0,27.82,2025-11-28 10:30:30+00:00,0.044,0.03425,0.054,0.044
Bannatynes Cookridge Hall,180.0,0.0,27.82,2025-11-28 10:45:30+00:00,0.04725,0.037,0.05725,0.04725
Bannatynes Cookridge Hall,180.0,0.0,27.82,2025-11-28 11:00:30+00:00,0.05025,0.03775,0.05975,0.05025
Bannatynes Cookridge Hall,180.0,0.0,27.82,2025-11-28 11:15:30+00:00,0.05225,0.03325,0.06175,0.05225
Bannatynes Cookridge Hall,180.0,0.0,27.82,2025-11-28 11:30:30+00:00,0.05,0.024,0.06275,0.05
Bannatynes Cookridge Hall,180.0,0.0,27.82,2025-11-28 11:45:30+00:00,0.04175,0.0125,0.06325,0.04175
Bannatynes Cookridge Hall,180.0,0.0,27.82,2025-11-28 12:00:30+00:00,0.03025,0.006,0.05675,0.03025
Bannatynes Cookridge Hall,180.0,0.0,27.82,2025-11-28 12:15:30+00:00,0.0095,0.0045,0.0385,0.0095
Bannatynes Cookridge Hall,180.0,0.0,27.82,2025-11-28 12:30:30+00:00,0.0085,0.0045,0.03425,0.0085
Bannatynes Cookridge Hall,180.0,0.0,27.82,2025-11-28 12:45:30+00:00,0.00525,0.00425,0.0215,0.00525
Bannatynes Cookridge Hall,180.0,0.0,27.82,2025-11-28 13:00:30+00:00,0.02925,0.00575,0.04175,0.02925
Bannatynes Cookridge Hall,180.0,0.0,27.82,2025-11-28 13:15:30+00:00,0.01225,0.00375,0.04225,0.01225
Bannatynes Cookridge Hall,180.0,0.0,27.82,2025-11-28 13:30:30+00:00,0.01125,0.0035,0.0405,0.01125
Bannatynes Cookridge Hall,180.0,0.0,27.82,2025-11-28 13:45:30+00:00,0.0295,0.00575,0.0415,0.0295
Bannatynes Cookridge Hall,180.0,0.0,27.82,2025-11-28 14:00:30+00:00,0.022,0.00425,0.03725,0.022
Bannatynes Cookridge Hall,180.0,0.0,27.82,2025-11-28 14:15:30+00:00,0.014,0.00275,0.0315,0.014
Bannatynes Cookridge Hall,180.0,0.0,27.82,2025-11-28 14:30:30+00:00,0.0185,0.00375,0.0255,0.0185
Bannatynes Cookridge Hall,180.0,0.0,27.82,2025-11-28 14:45:30+00:00,0.0165,0.006,0.01925,0.0165
Bannatynes Cookridge Hall,180.0,0.0,27.82,2025-11-28 15:00:30+00:00,0.00975,0.00475,0.01275,0.00975
Bannatynes Cookridge Hall,180.0,0.0,27.82,2025-11-28 15:15:30+00:00,0.00475,0.00275,0.00675,0.00475
Bannatynes Cookridge Hall,180.0,0.0,27.82,2025-11-28 15:30:30+00:00,0.00125,0.001,0.0015,0.00125
Bannatynes Cookridge Hall,180.0,0.0,27.82,2025-11-28 15:45:30+00:00,0.0,0.0,0.0,0.0
Bannatynes Cookridge Hall,180.0,0.0,27.82,2025-11-28 16:00:30+00:00,0.0,0.0,0.0,0.0
Bannatynes Cookridge Hall,180.0,0.0,27.82,2025-11-28 16:15:30+00:00,0.0,0.0,0.0,0.0
Bannatynes Cookridge Hall,180.0,0.0,27.82,2025-11-28 16:30:30+00:00,0.0,0.0,0.0,0.0
Bannatynes Cookridge Hall,180.0,0.0,27.82,2025-11-28 16:45:30+00:00,0.0,0.0,0.0,0.0
Bannatynes Cookridge Hall,180.0,0.0,27.82,2025-11-28 17:00:30+00:00,0.0,0.0,0.0,0.0
Bannatynes Cookridge Hall,180.0,0.0,27.82,2025-11-28 17:15:30+00:00,0.0,0.0,0.0,0.0
Bannatynes Cookridge Hall,180.0,0.0,27.82,2025-11-28 17:30:30+00:00,0.0,0.0,0.0,0.0
Bannatynes Cookridge Hall,180.0,0.0,27.82,2025-11-28 17:45:30+00:00,0.0,0.0,0.0,0.0
Bannatynes Cookridge Hall,180.0,0.0,27.82,2025-11-28 18:00:30+00:00,0.0,0.0,0.0,0.0
Bannatynes Cookridge Hall,180.0,0.0,27.82,2025-11-28 18:15:30+00:00,0.0,0.0,0.0,0.0
Bannatynes Cookridge Hall,180.0,0.0,27.82,2025-11-28 18:30:30+00:00,0.0,0.0,0.0,0.0
Bannatynes Cookridge Hall,180.0,0.0,27.82,2025-11-28 18:45:30+00:00,0.0,0.0,0.0,0.0
Bannatynes Cookridge Hall,180.0,0.0,27.82,2025-11-28 19:00:30+00:00,0.0,0.0,0.0,0.0
Bannatynes Cookridge Hall,180.0,0.0,27.82,2025-11-28 19:15:30+00:00,0.0,0.0,0.0,0.0
Bannatynes Cookridge Hall,180.0,0.0,27.82,2025-11-28 19:30:30+00:00,0.0,0.0,0.0,0.0
Bannatynes Cookridge Hall,180.0,0.0,27.82,2025-11-28 19:45:30+00:00,0.0,0.0,0.0,0.0
Bannatynes Cookridge Hall,180.0,0.0,27.82,2025-11-28 20:00:30+00:00,0.0,0.0,0.0,0.0
Bannatynes Cookridge Hall,180.0,0.0,27.82,2025-11-28 20:15:30+00:00,0.0,0.0,0.0,0.0
Bannatynes Cookridge Hall,180.0,0.0,27.82,2025-11-28 20:30:30+00:00,0.0,0.0,0.0,0.0
Bannatynes Cookridge Hall,180.0,0.0,27.82,2025-11-28 20:45:30+00:00,0.0,0.0,0.0,0.0
Bannatynes Cookridge Hall,180.0,0.0,27.82,2025-11-28 21:00:30+00:00,0.0,0.0,0.0,0.0
Bannatynes Cookridge Hall,180.0,0.0,27.82,2025-11-28 21:15:30+00:00,0.0,0.0,0.0,0.0
Bannatynes Cookridge Hall,180.0,0.0,27.82,2025-11-28 21:30:30+00:00,0.0,0.0,0.0,0.0
Bannatynes Cookridge Hall,180.0,0.0,27.82,2025-11-28 21:45:30+00:00,0.0,0.0,0.0,0.0
Bannatynes Cookridge Hall,180.0,0.0,27.82,2025-11-28 22:00:30+00:00,0.0,0.0,0.0,0.0
Bannatynes Cookridge Hall,180.0,0.0,27.82,2025-11-28 22:15:30+00:00,0.0,0.0,0.0,0.0
Bannatynes Cookridge Hall,180.0,0.0,27.82,2025-11-28 22:30:30+00:00,0.0,0.0,0.0,0.0
Bannatynes Cookridge Hall,180.0,0.0,27.82,2025-11-28 22:45:30+00:00,0.0,0.0,0.0,0.0
Bannatynes Cookridge Hall,180.0,0.0,27.82,2025-11-28 23:00:30+00:00,0.0,0.0,0.0,0.0
Bannatynes Cookridge Hall,180.0,0.0,27.82,2025-11-28 23:15:30+00:00,0.0,0.0,0.0,0.0
Bannatynes Cookridge Hall,180.0,0.0,27.82,2025-11-28 23:30:30+00:00,0.0,0.0,0.0,0.0
Bannatynes Cookridge Hall,180.0,0.0,27.82,2025-11-28 23:45:30+00:00,0.0,0.0,0.0,0.0
Bannatynes Cookridge Hall,180.0,0.0,27.82,2025-11-29 00:00:30+00:00,0.0,0.0,0.0,0.0
Bannatynes Cookridge Hall,180.0,0.0,27.82,2025-11-29 00:15:30+00:00,0.0,0.0,0.0,0.0
Bannatynes Cookridge Hall,180.0,0.0,27.82,2025-11-29 00:30:30+00:00,0.0,0.0,0.0,0.0
Bannatynes Cookridge Hall,180.0,0.0,27.82,2025-11-29 00:45:30+00:00,0.0,0.0,0.0,0.0
Bannatynes Cookridge Hall,180.0,0.0,27.82,2025-11-29 01:00:30+00:00,0.0,0.0,0.0,0.0
Bannatynes Cookridge Hall,180.0,0.0,27.82,2025-11-29 01:15:30+00:00,0.0,0.0,0.0,0.0
Bannatynes Cookridge Hall,180.0,0.0,27.82,2025-11-29 01:30:30+00:00,0.0,0.0,0.0,0.0
Bannatynes Cookridge Hall,180.0,0.0,27.82,2025-11-29 01:45:30+00:00,0.0,0.0,0.0,0.0
Bannatynes Cookridge Hall,180.0,0.0,27.82,2025-11-29 02:00:30+00:00,0.0,0.0,0.0,0.0
Bannatynes Cookridge Hall,180.0,0.0,27.82,2025-11-29 02:15:30+00:00,0.0,0.0,0.0,0.0
Bannatynes Cookridge Hall,180.0,0.0,27.82,2025-11-29 02:30:30+00:00,0.0,0.0,0.0,0.0
Bannatynes Cookridge Hall,180.0,0.0,27.82,2025-11-29 02:45:30+00:00,0.0,0.0,0.0,0.0
Bannatynes Cookridge Hall,180.0,0.0,27.82,2025-11-29 03:00:30+00:00,0.0,0.0,0.0,0.0
Bannatynes Cookridge Hall,180.0,0.0,27.82,2025-11-29 03:15:30+00:00,0.0,0.0,0.0,0.0
Bannatynes Cookridge Hall,180.0,0.0,27.82,2025-11-29 03:30:30+00:00,0.0,0.0,0.0,0.0
Bannatynes Cookridge Hall,180.0,0.0,27.82,2025-11-29 03:45:30+00:00,0.0,0.0,0.0,0.0
Bannatynes Cookridge Hall,180.0,0.0,27.82,2025-11-29 04:00:30+00:00,0.0,0.0,0.0,0.0
Bannatynes Cookridge Hall,180.0,0.0,27.82,2025-11-29 04:15:30+00:00,0.0,0.0,0.0,0.0
Bannatynes Cookridge Hall,180.0,0.0,27.82,2025-11-29 04:30:30+00:00,0.0,0.0,0.0,0.0
Bannatynes Cookridge Hall,180.0,0.0,27.82,2025-11-29 04:45:30+00:00,0.0,0.0,0.0,0.0
Bannatynes Cookridge Hall,180.0,0.0,27.82,2025-11-29 05:00:30+00:00,0.0,0.0,0.0,0.0
Bannatynes Cookridge Hall,180.0,0.0,27.82,2025-11-29 05:15:30+00:00,0.0,0.0,0.0,0.0
Bannatynes Cookridge Hall,180.0,0.0,27.82,2025-11-29 05:30:30+00:00,0.0,0.0,0.0,0.0
Bannatynes Cookridge Hall,180.0,0.0,27.82,2025-11-29 05:45:30+00:00,0.0,0.0,0.0,0.0
Bannatynes Cookridge Hall,180.0,0.0,27.82,2025-11-29 06:00:30+00:00,0.0,0.0,0.0,0.0
Bannatynes Cookridge Hall,180.0,0.0,27.82,2025-11-29 06:15:30+00:00,0.0,0.0,0.0,0.0
Bannatynes Cookridge Hall,180.0,0.0,27.82,2025-11-29 06:30:30+00:00,0.0,0.0,0.0,0.0
Bannatynes Cookridge Hall,180.0,0.0,27.82,2025-11-29 06:45:30+00:00,0.0,0.0,0.0,0.0
Bannatynes Cookridge Hall,180.0,0.0,27.82,2025-11-29 07:00:30+00:00,0.0,0.0,0.0,0.0
Bannatynes Cookridge Hall,180.0,0.0,27.82,2025-11-29 07:15:30+00:00,0.0,0.0,0.0,0.0
Bannatynes Cookridge Hall,180.0,0.0,27.82,2025-11-29 07:30:30+00:00,0.0,0.0,0.0,0.0
Bannatynes Cookridge Hall,180.0,0.0,27.82,2025-11-29 07:45:30+00:00,0.0,0.0,0.0,0.0
Bannatynes Cookridge Hall,180.0,0.0,27.82,2025-11-29 08:00:30+00:00,0.00025,0.00025,0.0005,0.00025
Bannatynes Cookridge Hall,180.0,0.0,27.82,2025-11-29 08:15:30+00:00,0.0025,0.00125,0.00425,0.0025
Bannatynes Cookridge Hall,180.0,0.0,27.82,2025-11-29 08:30:30+00:00,0.006,0.00275,0.0095,0.006
Bannatynes Cookridge Hall,180.0,0.0,27.82,2025-11-29 08:45:30+00:00,0.00975,0.0035,0.01425,0.00975
Bannatynes Cookridge Hall,180.0,0.0,27.82,2025-11-29 09:00:30+00:00,0.011,0.00225,0.02025,0.011
Bannatynes Cookridge Hall,180.0,0.0,27.82,2025-11-29 09:15:30+00:00,0.01225,0.0025,0.02525,0.01225
Bannatynes Cookridge Hall,180.0,0.0,27.82,2025-11-29 09:30:30+00:00,0.0135,0.00275,0.03475,0.0135
Bannatynes Cookridge Hall,180.0,0.0,27.82,2025-11-29 09:45:30+00:00,0.03225,0.0065,0.04025,0.03225
Bannatynes Cookridge Hall,180.0,0.0,27.82,2025-11-29 10:00:30+00:00,0.01775,0.0035,0.043,0.01775
Bannatynes Cookridge Hall,180.0,0.0,27.82,2025-11-29 10:15:30+00:00,0.014,0.00375,0.0405,0.014
Bannatynes Cookridge Hall,180.0,0.0,27.82,2025-11-29 10:30:30+00:00,0.02275,0.0045,0.0465,0.02275
Bannatynes Cookridge Hall,180.0,0.0,27.82,2025-11-29 10:45:30+00:00,0.03025,0.006,0.047,0.03025
Bannatynes Cookridge Hall,180.0,0.0,27.82,2025-11-29 11:00:30+00:00,0.01125,0.00425,0.04325,0.01125
Bannatynes Cookridge Hall,180.0,0.0,27.82,2025-11-29 11:15:30+00:00,0.0045,0.0045,0.0185,0.0045
Bannatynes Cookridge Hall,180.0,0.0,27.82,2025-11-29 11:30:30+00:00,0.00375,0.0025,0.01525,0.00375
Bannatynes Cookridge Hall,180.0,0.0,27.82,2025-11-29 11:45:30+00:00,0.00375,0.0025,0.0155,0.00375
Bannatynes Cookridge Hall,180.0,0.0,27.82,2025-11-29 12:00:30+00:00,0.00525,0.0045,0.02125,0.00525
Bannatynes Cookridge Hall,180.0,0.0,27.82,2025-11-29 12:15:30+00:00,0.01775,0.0045,0.0315,0.01775
Bannatynes Cookridge Hall,180.0,0.0,27.82,2025-11-29 12:30:30+00:00,0.017,0.0045,0.0325,0.017
Bannatynes Cookridge Hall,180.0,0.0,27.82,2025-11-29 12:45:30+00:00,0.01275,0.00425,0.02775,0.01275
Bannatynes Cookridge Hall,180.0,0.0,27.82,2025-11-29 13:00:30+00:00,0.00775,0.004,0.024,0.00775
Bannatynes Cookridge Hall,180.0,0.0,27.82,2025-11-29 13:15:30+00:00,0.00975,0.00375,0.021,0.00975
Bannatynes Cookridge Hall,180.0,0.0,27.82,2025-11-29 13:30:30+00:00,0.00575,0.0035,0.021,0.00575
Bannatynes Cookridge Hall,180.0,0.0,27.82,2025-11-29 13:45:30+00:00,0.01125,0.003,0.01975,0.01125
Bannatynes Cookridge Hall,180.0,0.0,27.82,2025-11-29 14:00:30+00:00,0.00775,0.00275,0.0205,0.00775
Bannatynes Cookridge Hall,180.0,0.0,27.82,2025-11-29 14:15:30+00:00,0.0055,0.00225,0.0195,0.0055
Bannatynes Cookridge Hall,180.0,0.0,27.82,2025-11-29 14:30:30+00:00,0.00725,0.00175,0.02025,0.00725
Bannatynes Cookridge Hall,180.0,0.0,27.82,2025-11-29 14:45:30+00:00,0.01075,0.00225,0.017,0.01075
Bannatynes Cookridge Hall,180.0,0.0,27.82,2025-11-29 15:00:30+00:00,0.00575,0.00125,0.012,0.00575
Bannatynes Cookridge Hall,180.0,0.0,27.82,2025-11-29 15:15:30+00:00,0.00225,0.0005,0.00575,0.00225
Bannatynes Cookridge Hall,180.0,0.0,27.82,2025-11-29 15:30:30+00:00,0.0005,0.0,0.0015,0.0005
Bannatynes Cookridge Hall,180.0,0.0,27.82,2025-11-29 15:45:30+00:00,0.0,0.0,0.0,0.0
Bannatynes Cookridge Hall,180.0,0.0,27.82,2025-11-29 16:00:30+00:00,0.0,0.0,0.0,0.0
Bannatynes Cookridge Hall,180.0,0.0,27.82,2025-11-29 16:15:30+00:00,0.0,0.0,0.0,0.0
Bannatynes Cookridge Hall,180.0,0.0,27.82,2025-11-29 16:30:30+00:00,0.0,0.0,0.0,0.0
Bannatynes Cookridge Hall,180.0,0.0,27.82,2025-11-29 16:45:30+00:00,0.0,0.0,0.0,0.0
Bannatynes Cookridge Hall,180.0,0.0,27.82,2025-11-29 17:00:30+00:00,0.0,0.0,0.0,0.0
Bannatynes Cookridge Hall,180.0,0.0,27.82,2025-11-29 17:15:30+00:00,0.0,0.0,0.0,0.0
Bannatynes Cookridge Hall,180.0,0.0,27.82,2025-11-29 17:30:30+00:00,0.0,0.0,0.0,0.0
Bannatynes Cookridge Hall,180.0,0.0,27.82,2025-11-29 17:45:30+00:00,0.0,0.0,0.0,0.0
Bannatynes Cookridge Hall,180.0,0.0,27.82,2025-11-29 18:00:30+00:00,0.0,0.0,0.0,0.0
Bannatynes Cookridge Hall,180.0,0.0,27.82,2025-11-29 18:15:30+00:00,0.0,0.0,0.0,0.0
Bannatynes Cookridge Hall,180.0,0.0,27.82,2025-11-29 18:30:30+00:00,0.0,0.0,0.0,0.0
Bannatynes Cookridge Hall,180.0,0.0,27.82,2025-11-29 18:45:30+00:00,0.0,0.0,0.0,0.0
Bannatynes Cookridge Hall,180.0,0.0,27.82,2025-11-29 19:00:30+00:00,0.0,0.0,0.0,0.0
Bannatynes Cookridge Hall,180.0,0.0,27.82,2025-11-29 19:15:30+00:00,0.0,0.0,0.0,0.0
Bannatynes Cookridge Hall,180.0,0.0,27.82,2025-11-29 19:30:30+00:00,0.0,0.0,0.0,0.0
Bannatynes Cookridge Hall,180.0,0.0,27.82,2025-11-29 19:45:30+00:00,0.0,0.0,0.0,0.0
Bannatynes Cookridge Hall,180.0,0.0,27.82,2025-11-29 20:00:30+00:00,0.0,0.0,0.0,0.0
Bannatynes Cookridge Hall,180.0,0.0,27.82,2025-11-29 20:15:30+00:00,0.0,0.0,0.0,0.0
Bannatynes Cookridge Hall,180.0,0.0,27.82,2025-11-29 20:30:30+00:00,0.0,0.0,0.0,0.0
Bannatynes Cookridge Hall,180.0,0.0,27.82,2025-11-29 20:45:30+00:00,0.0,0.0,0.0,0.0
Bannatynes Cookridge Hall,180.0,0.0,27.82,2025-11-29 21:00:30+00:00,0.0,0.0,0.0,0.0
Bannatynes Cookridge Hall,180.0,0.0,27.82,2025-11-29 21:15:30+00:00,0.0,0.0,0.0,0.0
Bannatynes Cookridge Hall,180.0,0.0,27.82,2025-11-29 21:30:30+00:00,0.0,0.0,0.0,0.0
Bannatynes Cookridge Hall,180.0,0.0,27.82,2025-11-29 21:45:30+00:00,0.0,0.0,0.0,0.0
Bannatynes Cookridge Hall,180.0,0.0,27.82,2025-11-29 22:00:30+00:00,0.0,0.0,0.0,0.0
Bannatynes Cookridge Hall,180.0,0.0,27.82,2025-11-29 22:15:30+00:00,0.0,0.0,0.0,0.0
Bannatynes Cookridge Hall,180.0,0.0,27.82,2025-11-29 22:30:30+00:00,0.0,0.0,0.0,0.0
Bannatynes Cookridge Hall,180.0,0.0,27.82,2025-11-29 22:45:30+00:00,0.0,0.0,0.0,0.0
Bannatynes Cookridge Hall,180.0,0.0,27.82,2025-11-29 23:00:30+00:00,0.0,0.0,0.0,0.0
Bannatynes Cookridge Hall,180.0,0.0,27.82,2025-11-29 23:15:30+00:00,0.0,0.0,0.0,0.0
Bannatynes Cookridge Hall,180.0,0.0,27.82,2025-11-29 23:30:30+00:00,0.0,0.0,0.0,0.0
Bannatynes Cookridge Hall,180.0,0.0,27.82,2025-11-29 23:45:30+00:00,0.0,0.0,0.0,0.0
Bannatynes Cookridge Hall,180.0,0.0,27.82,2025-11-30 00:00:30+00:00,0.0,0.0,0.0,0.0
Bannatynes Cookridge Hall,180.0,0.0,27.82,2025-11-30 00:15:30+00:00,0.0,0.0,0.0,0.0
Bannatynes Cookridge Hall,180.0,0.0,27.82,2025-11-30 00:30:30+00:00,0.0,0.0,0.0,0.0
Bannatynes Cookridge Hall,180.0,0.0,27.82,2025-11-30 00:45:30+00:00,0.0,0.0,0.0,0.0
Bannatynes Cookridge Hall,180.0,0.0,27.82,2025-11-30 01:00:30+00:00,0.0,0.0,0.0,0.0
Bannatynes Cookridge Hall,180.0,0.0,27.82,2025-11-30 01:15:30+00:00,0.0,0.0,0.0,0.0
Bannatynes Cookridge Hall,180.0,0.0,27.82,2025-11-30 01:30:30+00:00,0.0,0.0,0.0,0.0
Bannatynes Cookridge Hall,180.0,0.0,27.82,2025-11-30 01:45:30+00:00,0.0,0.0,0.0,0.0
Bannatynes Cookridge Hall,180.0,0.0,27.82,2025-11-30 02:00:30+00:00,0.0,0.0,0.0,0.0
Bannatynes Cookridge Hall,180.0,0.0,27.82,2025-11-30 02:15:30+00:00,0.0,0.0,0.0,0.0
Bannatynes Cookridge Hall,180.0,0.0,27.82,2025-11-30 02:30:30+00:00,0.0,0.0,0.0,0.0
Bannatynes Cookridge Hall,180.0,0.0,27.82,2025-11-30 02:45:30+00:00,0.0,0.0,0.0,0.0
Bannatynes Cookridge Hall,180.0,0.0,27.82,2025-11-30 03:00:30+00:00,0.0,0.0,0.0,0.0
Bannatynes Cookridge Hall,180.0,0.0,27.82,2025-11-30 03:15:30+00:00,0.0,0.0,0.0,0.0
Bannatynes Cookridge Hall,180.0,0.0,27.82,2025-11-30 03:30:30+00:00,0.0,0.0,0.0,0.0
Bannatynes Cookridge Hall,180.0,0.0,27.82,2025-11-30 03:45:30+00:00,0.0,0.0,0.0,0.0
Bannatynes Cookridge Hall,180.0,0.0,27.82,2025-11-30 04:00:30+00:00,0.0,0.0,0.0,0.0
Bannatynes Cookridge Hall,180.0,0.0,27.82,2025-11-30 04:15:30+00:00,0.0,0.0,0.0,0.0
Bannatynes Cookridge Hall,180.0,0.0,27.82,2025-11-30 04:30:30+00:00,0.0,0.0,0.0,0.0
Bannatynes Cookridge Hall,180.0,0.0,27.82,2025-11-30 04:45:30+00:00,0.0,0.0,0.0,0.0
Bannatynes Cookridge Hall,180.0,0.0,27.82,2025-11-30 05:00:30+00:00,0.0,0.0,0.0,0.0
Bannatynes Cookridge Hall,180.0,0.0,27.82,2025-11-30 05:15:30+00:00,0.0,0.0,0.0,0.0
Bannatynes Cookridge Hall,180.0,0.0,27.82,2025-11-30 05:30:30+00:00,0.0,0.0,0.0,0.0
Bannatynes Cookridge Hall,180.0,0.0,27.82,2025-11-30 05:45:30+00:00,0.0,0.0,0.0,0.0
Bannatynes Cookridge Hall,180.0,0.0,27.82,2025-11-30 06:00:30+00:00,0.0,0.0,0.0,0.0
Bannatynes Cookridge Hall,180.0,0.0,27.82,2025-11-30 06:15:30+00:00,0.0,0.0,0.0,0.0
Bannatynes Cookridge Hall,180.0,0.0,27.82,2025-11-30 06:30:30+00:00,0.0,0.0,0.0,0.0
Bannatynes Cookridge Hall,180.0,0.0,27.82,2025-11-30 06:45:30+00:00,0.0,0.0,0.0,0.0
Bannatynes Cookridge Hall,180.0,0.0,27.82,2025-11-30 07:00:30+00:00,0.0,0.0,0.0,0.0
Bannatynes Cookridge Hall,180.0,0.0,27.82,2025-11-30 07:15:30+00:00,0.0,0.0,0.0,0.0
Bannatynes Cookridge Hall,180.0,0.0,27.82,2025-11-30 07:30:30+00:00,0.0,0.0,0.0,0.0
Bannatynes Cookridge Hall,180.0,0.0,27.82,2025-11-30 07:45:30+00:00,0.0,0.0,0.0,0.0
Bannatynes Cookridge Hall,180.0,0.0,27.82,2025-11-30 08:00:30+00:00,0.00025,0.00025,0.00025,0.00025
Bannatynes Cookridge Hall,180.0,0.0,27.82,2025-11-30 08:15:30+00:00,0.00325,0.0025,0.00375,0.00325
Bannatynes Cookridge Hall,180.0,0.0,27.82,2025-11-30 08:30:30+00:00,0.008,0.00575,0.00925,0.008
Bannatynes Cookridge Hall,180.0,0.0,27.82,2025-11-30 08:45:30+00:00,0.014,0.00975,0.0155,0.014
Bannatynes Cookridge Hall,180.0,0.0,27.82,2025-11-30 09:00:30+00:00,0.01975,0.01425,0.02175,0.01975
Bannatynes Cookridge Hall,180.0,0.0,27.82,2025-11-30 09:15:30+00:00,0.025,0.0185,0.02775,0.025
Bannatynes Cookridge Hall,180.0,0.0,27.82,2025-11-30 09:30:30+00:00,0.03025,0.02275,0.0335,0.03025
Bannatynes Cookridge Hall,180.0,0.0,27.82,2025-11-30 09:45:30+00:00,0.035,0.02675,0.03875,0.035
Bannatynes Cookridge Hall,180.0,0.0,27.82,2025-11-30 10:00:30+00:00,0.03925,0.03075,0.04375,0.03925
Bannatynes Cookridge Hall,180.0,0.0,27.82,2025-11-30 10:15:30+00:00,0.04325,0.034,0.048,0.04325
Bannatynes Cookridge Hall,180.0,0.0,27.82,2025-11-30 10:30:30+00:00,0.0465,0.03725,0.05175,0.0465
Bannatynes Cookridge Hall,180.0,0.0,27.82,2025-11-30 10:45:30+00:00,0.04925,0.03975,0.055,0.04925
Bannatynes Cookridge Hall,180.0,0.0,27.82,2025-11-30 11:00:30+00:00,0.0515,0.04175,0.0575,0.0515
Bannatynes Cookridge Hall,180.0,0.0,27.82,2025-11-30 11:15:30+00:00,0.053,0.0435,0.05925,0.053
Bannatynes Cookridge Hall,180.0,0.0,27.82,2025-11-30 11:30:30+00:00,0.05425,0.0445,0.0605,0.05425
Bannatynes Cookridge Hall,180.0,0.0,27.82,2025-11-30 11:45:30+00:00,0.05475,0.045,0.061,0.05475
Bannatynes Cookridge Hall,180.0,0.0,27.82,2025-11-30 12:00:30+00:00,0.0545,0.04475,0.06075,0.0545
Bannatynes Cookridge Hall,180.0,0.0,27.82,2025-11-30 12:15:30+00:00,0.0535,0.04375,0.06,0.0535
Bannatynes Cookridge Hall,180.0,0.0,27.82,2025-11-30 12:30:30+00:00,0.052,0.0425,0.05825,0.052
Bannatynes Cookridge Hall,180.0,0.0,27.82,2025-11-30 12:45:30+00:00,0.05,0.04025,0.056,0.05
Bannatynes Cookridge Hall,180.0,0.0,27.82,2025-11-30 13:00:30+00:00,0.04725,0.03775,0.05325,0.04725
Bannatynes Cookridge Hall,180.0,0.0,27.82,2025-11-30 13:15:30+00:00,0.044,0.03375,0.04975,0.044
Bannatynes Cookridge Hall,180.0,0.0,27.82,2025-11-30 13:30:30+00:00,0.04,0.02925,0.0455,0.04
Bannatynes Cookridge Hall,180.0,0.0,27.82,2025-11-30 13:45:30+00:00,0.0355,0.0235,0.041,0.0355
Bannatynes Cookridge Hall,180.0,0.0,27.82,2025-11-30 14:00:30+00:00,0.02675,0.019,0.03575,0.02675
Bannatynes Cookridge Hall,180.0,0.0,27.82,2025-11-30 14:15:30+00:00,0.02275,0.0145,0.03025,0.02275
Bannatynes Cookridge Hall,180.0,0.0,27.82,2025-11-30 14:30:30+00:00,0.019,0.012,0.02425,0.019
Bannatynes Cookridge Hall,180.0,0.0,27.82,2025-11-30 14:45:30+00:00,0.0155,0.00875,0.018,0.0155
Bannatynes Cookridge Hall,180.0,0.0,27.82,2025-11-30 15:00:30+00:00,0.00925,0.00525,0.012,0.00925
Bannatynes Cookridge Hall,180.0,0.0,27.82,2025-11-30 15:15:30+00:00,0.004,0.00225,0.006,0.004
Bannatynes Cookridge Hall,180.0,0.0,27.82,2025-11-30 15:30:30+00:00,0.001,0.00075,0.00125,0.001
Bannatynes Cookridge Hall,180.0,0.0,27.82,2025-11-30 15:45:30+00:00,0.0,0.0,0.0,0.0
Bannatynes Cookridge Hall,180.0,0.0,27.82,2025-11-30 16:00:30+00:00,0.0,0.0,0.0,0.0
Bannatynes Cookridge Hall,180.0,0.0,27.82,2025-11-30 16:15:30+00:00,0.0,0.0,0.0,0.0
Bannatynes Cookridge Hall,180.0,0.0,27.82,2025-11-30 16:30:30+00:00,0.0,0.0,0.0,0.0
Bannatynes Cookridge Hall,180.0,0.0,27.82,2025-11-30 16:45:30+00:00,0.0,0.0,0.0,0.0
Bannatynes Cookridge Hall,180.0,0.0,27.82,2025-11-30 17:00:30+00:00,0.0,0.0,0.0,0.0
Bannatynes Cookridge Hall,180.0,0.0,27.82,2025-11-30 17:15:30+00:00,0.0,0.0,0.0,0.0
Bannatynes Cookridge Hall,180.0,0.0,27.82,2025-11-30 17:30:30+00:00,0.0,0.0,0.0,0.0
Bannatynes Cookridge Hall,180.0,0.0,27.82,2025-11-30 17:45:30+00:00,0.0,0.0,0.0,0.0
Bannatynes Cookridge Hall,180.0,0.0,27.82,2025-11-30 18:00:30+00:00,0.0,0.0,0.0,0.0
Bannatynes Cookridge Hall,180.0,0.0,27.82,2025-11-30 18:15:30+00:00,0.0,0.0,0.0,0.0
Bannatynes Cookridge Hall,180.0,0.0,27.82,2025-11-30 18:30:30+00:00,0.0,0.0,0.0,0.0
Bannatynes Cookridge Hall,180.0,0.0,27.82,2025-11-30 18:45:30+00:00,0.0,0.0,0.0,0.0
Bannatynes Cookridge Hall,180.0,0.0,27.82,2025-11-30 19:00:30+00:00,0.0,0.0,0.0,0.0
Bannatynes Cookridge Hall,180.0,0.0,27.82,2025-11-30 19:15:30+00:00,0.0,0.0,0.0,0.0
Bannatynes Cookridge Hall,180.0,0.0,27.82,2025-11-30 19:30:30+00:00,0.0,0.0,0.0,0.0
Bannatynes Cookridge Hall,180.0,0.0,27.82,2025-11-30 19:45:30+00:00,0.0,0.0,0.0,0.0
Bannatynes Cookridge Hall,180.0,0.0,27.82,2025-11-30 20:00:30+00:00,0.0,0.0,0.0,0.0
Bannatynes Cookridge Hall,180.0,0.0,27.82,2025-11-30 20:15:30+00:00,0.0,0.0,0.0,0.0
Bannatynes Cookridge Hall,180.0,0.0,27.82,2025-11-30 20:30:30+00:00,0.0,0.0,0.0,0.0
Bannatynes Cookridge Hall,180.0,0.0,27.82,2025-11-30 20:45:30+00:00,0.0,0.0,0.0,0.0
Bannatynes Cookridge Hall,180.0,0.0,27.82,2025-11-30 21:00:30+00:00,0.0,0.0,0.0,0.0
Bannatynes Cookridge Hall,180.0,0.0,27.82,2025-11-30 21:15:30+00:00,0.0,0.0,0.0,0.0
Bannatynes Cookridge Hall,180.0,0.0,27.82,2025-11-30 21:30:30+00:00,0.0,0.0,0.0,0.0
Bannatynes Cookridge Hall,180.0,0.0,27.82,2025-11-30 21:45:30+00:00,0.0,0.0,0.0,0.0
Bannatynes Cookridge Hall,180.0,0.0,27.82,2025-11-30 22:00:30+00:00,0.0,0.0,0.0,0.0
Bannatynes Cookridge Hall,180.0,0.0,27.82,2025-11-30 22:15:30+00:00,0.0,0.0,0.0,0.0
Bannatynes Cookridge Hall,180.0,0.0,27.82,2025-11-30 22:30:30+00:00,0.0,0.0,0.0,0.0
Bannatynes Cookridge Hall,180.0,0.0,27.82,2025-11-30 22:45:30+00:00,0.0,0.0,0.0,0.0
Bannatynes Cookridge Hall,180.0,0.0,27.82,2025-11-30 23:00:30+00:00,0.0,0.0,0.0,0.0
Bannatynes Cookridge Hall,180.0,0.0,27.82,2025-11-30 23:15:30+00:00,0.0,0.0,0.0,0.0
Bannatynes Cookridge Hall,180.0,0.0,27.82,2025-11-30 23:30:30+00:00,0.0,0.0,0.0,0.0
Bannatynes Cookridge Hall,180.0,0.0,27.82,2025-11-30 23:45:30+00:00,0.0,0.0,0.0,0.0
Bannatynes Cookridge Hall,185.0,18.0,4.28,2025-11-19 00:00:30+00:00,0.0,0.0,0.0,0.0
Bannatynes Cookridge Hall,185.0,18.0,4.28,2025-11-19 00:15:30+00:00,0.0,0.0,0.0,0.0
Bannatynes Cookridge Hall,185.0,18.0,4.28,2025-11-19 00:30:30+00:00,0.0,0.0,0.0,0.0
Bannatynes Cookridge Hall,185.0,18.0,4.28,2025-11-19 00:45:30+00:00,0.0,0.0,0.0,0.0
Bannatynes Cookridge Hall,185.0,18.0,4.28,2025-11-19 01:00:30+00:00,0.0,0.0,0.0,0.0
Bannatynes Cookridge Hall,185.0,18.0,4.28,2025-11-19 01:15:30+00:00,0.0,0.0,0.0,0.0
Bannatynes Cookridge Hall,185.0,18.0,4.28,2025-11-19 01:30:30+00:00,0.0,0.0,0.0,0.0
Bannatynes Cookridge Hall,185.0,18.0,4.28,2025-11-19 01:45:30+00:00,0.0,0.0,0.0,0.0
Bannatynes Cookridge Hall,185.0,18.0,4.28,2025-11-19 02:00:30+00:00,0.0,0.0,0.0,0.0
Bannatynes Cookridge Hall,185.0,18.0,4.28,2025-11-19 02:15:30+00:00,0.0,0.0,0.0,0.0
Bannatynes Cookridge Hall,185.0,18.0,4.28,2025-11-19 02:30:30+00:00,0.0,0.0,0.0,0.0
Bannatynes Cookridge Hall,185.0,18.0,4.28,2025-11-19 02:45:30+00:00,0.0,0.0,0.0,0.0
Bannatynes Cookridge Hall,185.0,18.0,4.28,2025-11-19 03:00:30+00:00,0.0,0.0,0.0,0.0
Bannatynes Cookridge Hall,185.0,18.0,4.28,2025-11-19 03:15:30+00:00,0.0,0.0,0.0,0.0
Bannatynes Cookridge Hall,185.0,18.0,4.28,2025-11-19 03:30:30+00:00,0.0,0.0,0.0,0.0
Bannatynes Cookridge Hall,185.0,18.0,4.28,2025-11-19 03:45:30+00:00,0.0,0.0,0.0,0.0
Bannatynes Cookridge Hall,185.0,18.0,4.28,2025-11-19 04:00:30+00:00,0.0,0.0,0.0,0.0
Bannatynes Cookridge Hall,185.0,18.0,4.28,2025-11-19 04:15:30+00:00,0.0,0.0,0.0,0.0
Bannatynes Cookridge Hall,185.0,18.0,4.28,2025-11-19 04:30:30+00:00,0.0,0.0,0.0,0.0
Bannatynes Cookridge Hall,185.0,18.0,4.28,2025-11-19 04:45:30+00:00,0.0,0.0,0.0,0.0
Bannatynes Cookridge Hall,185.0,18.0,4.28,2025-11-19 05:00:30+00:00,0.0,0.0,0.0,0.0
Bannatynes Cookridge Hall,185.0,18.0,4.28,2025-11-19 05:15:30+00:00,0.0,0.0,0.0,0.0
Bannatynes Cookridge Hall,185.0,18.0,4.28,2025-11-19 05:30:30+00:00,0.0,0.0,0.0,0.0
Bannatynes Cookridge Hall,185.0,18.0,4.28,2025-11-19 05:45:30+00:00,0.0,0.0,0.0,0.0
Bannatynes Cookridge Hall,185.0,18.0,4.28,2025-11-19 06:00:30+00:00,0.0,0.0,0.0,0.0
Bannatynes Cookridge Hall,185.0,18.0,4.28,2025-11-19 06:15:30+00:00,0.0,0.0,0.0,0.0
Bannatynes Cookridge Hall,185.0,18.0,4.28,2025-11-19 06:30:30+00:00,0.0,0.0,0.0,0.0
Bannatynes Cookridge Hall,185.0,18.0,4.28,2025-11-19 06:45:30+00:00,0.0,0.0,0.0,0.0
Bannatynes Cookridge Hall,185.0,18.0,4.28,2025-11-19 07:00:30+00:00,0.0,0.0,0.0,0.0
Bannatynes Cookridge Hall,185.0,18.0,4.28,2025-11-19 07:15:30+00:00,0.0,0.0,0.0,0.0
Bannatynes Cookridge Hall,185.0,18.0,4.28,2025-11-19 07:30:30+00:00,0.0,0.0,0.0,0.0
Bannatynes Cookridge Hall,185.0,18.0,4.28,2025-11-19 07:45:30+00:00,0.0005,0.0,0.001,0.0005
Bannatynes Cookridge Hall,185.0,18.0,4.28,2025-11-19 08:00:30+00:00,0.0025,0.0005,0.0055,0.0025
Bannatynes Cookridge Hall,185.0,18.0,4.28,2025-11-19 08:15:30+00:00,0.00725,0.0015,0.012,0.0065
Bannatynes Cookridge Hall,185.0,18.0,4.28,2025-11-19 08:30:30+00:00,0.0045,0.0015,0.015,0.00425
Bannatynes Cookridge Hall,185.0,18.0,4.28,2025-11-19 08:45:30+00:00,0.00325,0.00175,0.0135,0.0035
Bannatynes Cookridge Hall,185.0,18.0,4.28,2025-11-19 09:00:30+00:00,0.01225,0.00275,0.02525,0.011
Bannatynes Cookridge Hall,185.0,18.0,4.28,2025-11-19 09:15:30+00:00,0.0145,0.003,0.029,0.01375
Bannatynes Cookridge Hall,185.0,18.0,4.28,2025-11-19 09:30:30+00:00,0.0225,0.006,0.034,0.01925
Bannatynes Cookridge Hall,185.0,18.0,4.28,2025-11-19 09:45:30+00:00,0.01975,0.0055,0.03575,0.018
Bannatynes Cookridge Hall,185.0,18.0,4.28,2025-11-19 10:00:30+00:00,0.02025,0.00425,0.04025,0.0195
Bannatynes Cookridge Hall,185.0,18.0,4.28,2025-11-19 10:15:30+00:00,0.02775,0.007,0.058,0.02425
Bannatynes Cookridge Hall,185.0,18.0,4.28,2025-11-19 10:30:30+00:00,0.062,0.01225,0.08125,0.0415
Bannatynes Cookridge Hall,185.0,18.0,4.28,2025-11-19 10:45:30+00:00,0.032,0.0065,0.07075,0.025
Bannatynes Cookridge Hall,185.0,18.0,4.28,2025-11-19 11:00:30+00:00,0.02525,0.00575,0.0585,0.0225
Bannatynes Cookridge Hall,185.0,18.0,4.28,2025-11-19 11:15:30+00:00,0.0485,0.014,0.0735,0.0365
Bannatynes Cookridge Hall,185.0,18.0,4.28,2025-11-19 11:30:30+00:00,0.0525,0.02,0.073,0.03925
Bannatynes Cookridge Hall,185.0,18.0,4.28,2025-11-19 11:45:30+00:00,0.0315,0.01325,0.057,0.028
Bannatynes Cookridge Hall,185.0,18.0,4.28,2025-11-19 12:00:30+00:00,0.02625,0.00825,0.0485,0.0255
Bannatynes Cookridge Hall,185.0,18.0,4.28,2025-11-19 12:15:30+00:00,0.031,0.00925,0.0565,0.0285
Bannatynes Cookridge Hall,185.0,18.0,4.28,2025-11-19 12:30:30+00:00,0.04875,0.0145,0.0785,0.0365
Bannatynes Cookridge Hall,185.0,18.0,4.28,2025-11-19 12:45:30+00:00,0.05575,0.02375,0.089,0.03875
Bannatynes Cookridge Hall,185.0,18.0,4.28,2025-11-19 13:00:30+00:00,0.0675,0.036,0.09675,0.04225
Bannatynes Cookridge Hall,185.0,18.0,4.28,2025-11-19 13:15:30+00:00,0.07575,0.04825,0.098,0.0435
Bannatynes Cookridge Hall,185.0,18.0,4.28,2025-11-19 13:30:30+00:00,0.0695,0.04725,0.08925,0.0395
Bannatynes Cookridge Hall,185.0,18.0,4.28,2025-11-19 13:45:30+00:00,0.05425,0.04025,0.07475,0.03325
Bannatynes Cookridge Hall,185.0,18.0,4.28,2025-11-19 14:00:30+00:00,0.05875,0.038,0.0735,0.033
Bannatynes Cookridge Hall,185.0,18.0,4.28,2025-11-19 14:15:30+00:00,0.05025,0.033,0.06625,0.0275
Bannatynes Cookridge Hall,185.0,18.0,4.28,2025-11-19 14:30:30+00:00,0.03675,0.02425,0.05225,0.02125
Bannatynes Cookridge Hall,185.0,18.0,4.28,2025-11-19 14:45:30+00:00,0.0335,0.0205,0.04675,0.01725
Bannatynes Cookridge Hall,185.0,18.0,4.28,2025-11-19 15:00:30+00:00,0.02875,0.0165,0.039,0.0135
Bannatynes Cookridge Hall,185.0,18.0,4.28,2025-11-19 15:15:30+00:00,0.0195,0.01125,0.02725,0.00875
Bannatynes Cookridge Hall,185.0,18.0,4.28,2025-11-19 15:30:30+00:00,0.0035,0.0025,0.00525,0.0035
Bannatynes Cookridge Hall,185.0,18.0,4.28,2025-11-19 15:45:30+00:00,0.0015,0.00075,0.002,0.0015
Bannatynes Cookridge Hall,185.0,18.0,4.28,2025-11-19 16:00:30+00:00,0.0,0.0,0.0,0.0
Bannatynes Cookridge Hall,185.0,18.0,4.28,2025-11-19 16:15:30+00:00,0.0,0.0,0.0,0.0
Bannatynes Cookridge Hall,185.0,18.0,4.28,2025-11-19 16:30:30+00:00,0.0,0.0,0.0,0.0
Bannatynes Cookridge Hall,185.0,18.0,4.28,2025-11-19 16:45:30+00:00,0.0,0.0,0.0,0.0
Bannatynes Cookridge Hall,185.0,18.0,4.28,2025-11-19 17:00:30+00:00,0.0,0.0,0.0,0.0
Bannatynes Cookridge Hall,185.0,18.0,4.28,2025-11-19 17:15:30+00:00,0.0,0.0,0.0,0.0
Bannatynes Cookridge Hall,185.0,18.0,4.28,2025-11-19 17:30:30+00:00,0.0,0.0,0.0,0.0
Bannatynes Cookridge Hall,185.0,18.0,4.28,2025-11-19 17:45:30+00:00,0.0,0.0,0.0,0.0
Bannatynes Cookridge Hall,185.0,18.0,4.28,2025-11-19 18:00:30+00:00,0.0,0.0,0.0,0.0
Bannatynes Cookridge Hall,185.0,18.0,4.28,2025-11-19 18:15:30+00:00,0.0,0.0,0.0,0.0
Bannatynes Cookridge Hall,185.0,18.0,4.28,2025-11-19 18:30:30+00:00,0.0,0.0,0.0,0.0
Bannatynes Cookridge Hall,185.0,18.0,4.28,2025-11-19 18:45:30+00:00,0.0,0.0,0.0,0.0
Bannatynes Cookridge Hall,185.0,18.0,4.28,2025-11-19 19:00:30+00:00,0.0,0.0,0.0,0.0
Bannatynes Cookridge Hall,185.0,18.0,4.28,2025-11-19 19:15:30+00:00,0.0,0.0,0.0,0.0
Bannatynes Cookridge Hall,185.0,18.0,4.28,2025-11-19 19:30:30+00:00,0.0,0.0,0.0,0.0
Bannatynes Cookridge Hall,185.0,18.0,4.28,2025-11-19 19:45:30+00:00,0.0,0.0,0.0,0.0
Bannatynes Cookridge Hall,185.0,18.0,4.28,2025-11-19 20:00:30+00:00,0.0,0.0,0.0,0.0
Bannatynes Cookridge Hall,185.0,18.0,4.28,2025-11-19 20:15:30+00:00,0.0,0.0,0.0,0.0
Bannatynes Cookridge Hall,185.0,18.0,4.28,2025-11-19 20:30:30+00:00,0.0,0.0,0.0,0.0
Bannatynes Cookridge Hall,185.0,18.0,4.28,2025-11-19 20:45:30+00:00,0.0,0.0,0.0,0.0
Bannatynes Cookridge Hall,185.0,18.0,4.28,2025-11-19 21:00:30+00:00,0.0,0.0,0.0,0.0
Bannatynes Cookridge Hall,185.0,18.0,4.28,2025-11-19 21:15:30+00:00,0.0,0.0,0.0,0.0
Bannatynes Cookridge Hall,185.0,18.0,4.28,2025-11-19 21:30:30+00:00,0.0,0.0,0.0,0.0
Bannatynes Cookridge Hall,185.0,18.0,4.28,2025-11-19 21:45:30+00:00,0.0,0.0,0.0,0.0
Bannatynes Cookridge Hall,185.0,18.0,4.28,2025-11-19 22:00:30+00:00,0.0,0.0,0.0,0.0
Bannatynes Cookridge Hall,185.0,18.0,4.28,2025-11-19 22:15:30+00:00,0.0,0.0,0.0,0.0
Bannatynes Cookridge Hall,185.0,18.0,4.28,2025-11-19 22:30:30+00:00,0.0,0.0,0.0,0.0
Bannatynes Cookridge Hall,185.0,18.0,4.28,2025-11-19 22:45:30+00:00,0.0,0.0,0.0,0.0
Bannatynes Cookridge Hall,185.0,18.0,4.28,2025-11-19 23:00:30+00:00,0.0,0.0,0.0,0.0
Bannatynes Cookridge Hall,185.0,18.0,4.28,2025-11-19 23:15:30+00:00,0.0,0.0,0.0,0.0
Bannatynes Cookridge Hall,185.0,18.0,4.28,2025-11-19 23:30:30+00:00,0.0,0.0,0.0,0.0
Bannatynes Cookridge Hall,185.0,18.0,4.28,2025-11-19 23:45:30+00:00,0.0,0.0,0.0,0.0
Bannatynes Cookridge Hall,185.0,18.0,4.28,2025-11-20 00:00:30+00:00,0.0,0.0,0.0,0.0
Bannatynes Cookridge Hall,185.0,18.0,4.28,2025-11-20 00:15:30+00:00,0.0,0.0,0.0,0.0
Bannatynes Cookridge Hall,185.0,18.0,4.28,2025-11-20 00:30:30+00:00,0.0,0.0,0.0,0.0
Bannatynes Cookridge Hall,185.0,18.0,4.28,2025-11-20 00:45:30+00:00,0.0,0.0,0.0,0.0
Bannatynes Cookridge Hall,185.0,18.0,4.28,2025-11-20 01:00:30+00:00,0.0,0.0,0.0,0.0
Bannatynes Cookridge Hall,185.0,18.0,4.28,2025-11-20 01:15:30+00:00,0.0,0.0,0.0,0.0
Bannatynes Cookridge Hall,185.0,18.0,4.28,2025-11-20 01:30:30+00:00,0.0,0.0,0.0,0.0
Bannatynes Cookridge Hall,185.0,18.0,4.28,2025-11-20 01:45:30+00:00,0.0,0.0,0.0,0.0
Bannatynes Cookridge Hall,185.0,18.0,4.28,2025-11-20 02:00:30+00:00,0.0,0.0,0.0,0.0
Bannatynes Cookridge Hall,185.0,18.0,4.28,2025-11-20 02:15:30+00:00,0.0,0.0,0.0,0.0
Bannatynes Cookridge Hall,185.0,18.0,4.28,2025-11-20 02:30:30+00:00,0.0,0.0,0.0,0.0
Bannatynes Cookridge Hall,185.0,18.0,4.28,2025-11-20 02:45:30+00:00,0.0,0.0,0.0,0.0
Bannatynes Cookridge Hall,185.0,18.0,4.28,2025-11-20 03:00:30+00:00,0.0,0.0,0.0,0.0
Bannatynes Cookridge Hall,185.0,18.0,4.28,2025-11-20 03:15:30+00:00,0.0,0.0,0.0,0.0
Bannatynes Cookridge Hall,185.0,18.0,4.28,2025-11-20 03:30:30+00:00,0.0,0.0,0.0,0.0
Bannatynes Cookridge Hall,185.0,18.0,4.28,2025-11-20 03:45:30+00:00,0.0,0.0,0.0,0.0
Bannatynes Cookridge Hall,185.0,18.0,4.28,2025-11-20 04:00:30+00:00,0.0,0.0,0.0,0.0
Bannatynes Cookridge Hall,185.0,18.0,4.28,2025-11-20 04:15:30+00:00,0.0,0.0,0.0,0.0
Bannatynes Cookridge Hall,185.0,18.0,4.28,2025-11-20 04:30:30+00:00,0.0,0.0,0.0,0.0
Bannatynes Cookridge Hall,185.0,18.0,4.28,2025-11-20 04:45:30+00:00,0.0,0.0,0.0,0.0
Bannatynes Cookridge Hall,185.0,18.0,4.28,2025-11-20 05:00:30+00:00,0.0,0.0,0.0,0.0
Bannatynes Cookridge Hall,185.0,18.0,4.28,2025-11-20 05:15:30+00:00,0.0,0.0,0.0,0.0
Bannatynes Cookridge Hall,185.0,18.0,4.28,2025-11-20 05:30:30+00:00,0.0,0.0,0.0,0.0
Bannatynes Cookridge Hall,185.0,18.0,4.28,2025-11-20 05:45:30+00:00,0.0,0.0,0.0,0.0
Bannatynes Cookridge Hall,185.0,18.0,4.28,2025-11-20 06:00:30+00:00,0.0,0.0,0.0,0.0
Bannatynes Cookridge Hall,185.0,18.0,4.28,2025-11-20 06:15:30+00:00,0.0,0.0,0.0,0.0
Bannatynes Cookridge Hall,185.0,18.0,4.28,2025-11-20 06:30:30+00:00,0.0,0.0,0.0,0.0
Bannatynes Cookridge Hall,185.0,18.0,4.28,2025-11-20 06:45:30+00:00,0.0,0.0,0.0,0.0
Bannatynes Cookridge Hall,185.0,18.0,4.28,2025-11-20 07:00:30+00:00,0.0,0.0,0.0,0.0
Bannatynes Cookridge Hall,185.0,18.0,4.28,2025-11-20 07:15:30+00:00,0.0,0.0,0.0,0.0
Bannatynes Cookridge Hall,185.0,18.0,4.28,2025-11-20 07:30:30+00:00,0.0,0.0,0.0,0.0
Bannatynes Cookridge Hall,185.0,18.0,4.28,2025-11-20 07:45:30+00:00,0.0005,0.00025,0.0005,0.0005
Bannatynes Cookridge Hall,185.0,18.0,4.28,2025-11-20 08:00:30+00:00,0.00575,0.004,0.00725,0.00375
Bannatynes Cookridge Hall,185.0,18.0,4.28,2025-11-20 08:15:30+00:00,0.0175,0.0105,0.022,0.009
Bannatynes Cookridge Hall,185.0,18.0,4.28,2025-11-20 08:30:30+00:00,0.02575,0.017,0.03525,0.013
Bannatynes Cookridge Hall,185.0,18.0,4.28,2025-11-20 08:45:30+00:00,0.0355,0.0225,0.0465,0.019
Bannatynes Cookridge Hall,185.0,18.0,4.28,2025-11-20 09:00:30+00:00,0.04425,0.03125,0.058,0.024
Bannatynes Cookridge Hall,185.0,18.0,4.28,2025-11-20 09:15:30+00:00,0.05775,0.03875,0.06925,0.03175
Bannatynes Cookridge Hall,185.0,18.0,4.28,2025-11-20 09:30:30+00:00,0.06225,0.04625,0.07875,0.035
Bannatynes Cookridge Hall,185.0,18.0,4.28,2025-11-20 09:45:30+00:00,0.07175,0.05425,0.089,0.04025
Bannatynes Cookridge Hall,185.0,18.0,4.28,2025-11-20 10:00:30+00:00,0.086,0.063,0.1,0.047
Bannatynes Cookridge Hall,185.0,18.0,4.28,2025-11-20 10:15:30+00:00,0.085,0.0655,0.1045,0.04825
Bannatynes Cookridge Hall,185.0,18.0,4.28,2025-11-20 10:30:30+00:00,0.08625,0.06825,0.10725,0.0495
Bannatynes Cookridge Hall,185.0,18.0,4.28,2025-11-20 10:45:30+00:00,0.09375,0.07325,0.1135,0.0535
Bannatynes Cookridge Hall,185.0,18.0,4.28,2025-11-20 11:00:30+00:00,0.10175,0.08125,0.12225,0.0565
Bannatynes Cookridge Hall,185.0,18.0,4.28,2025-11-20 11:15:30+00:00,0.1075,0.087,0.1275,0.0595
Bannatynes Cookridge Hall,185.0,18.0,4.28,2025-11-20 11:30:30+00:00,0.11225,0.09175,0.1305,0.0615
Bannatynes Cookridge Hall,185.0,18.0,4.28,2025-11-20 11:45:30+00:00,0.113,0.09375,0.1315,0.062
Bannatynes Cookridge Hall,185.0,18.0,4.28,2025-11-20 12:00:30+00:00,0.1125,0.093,0.1305,0.0615
Bannatynes Cookridge Hall,185.0,18.0,4.28,2025-11-20 12:15:30+00:00,0.1085,0.09025,0.12825,0.05925
Bannatynes Cookridge Hall,185.0,18.0,4.28,2025-11-20 12:30:30+00:00,0.10725,0.0885,0.127,0.05825
Bannatynes Cookridge Hall,185.0,18.0,4.28,2025-11-20 12:45:30+00:00,0.1075,0.08725,0.1245,0.05725
Bannatynes Cookridge Hall,185.0,18.0,4.28,2025-11-20 13:00:30+00:00,0.105,0.08475,0.12025,0.05525
Bannatynes Cookridge Hall,185.0,18.0,4.28,2025-11-20 13:15:30+00:00,0.09925,0.07975,0.1145,0.0515
Bannatynes Cookridge Hall,185.0,18.0,4.28,2025-11-20 13:30:30+00:00,0.09275,0.07325,0.1075,0.0475
Bannatynes Cookridge Hall,185.0,18.0,4.28,2025-11-20 13:45:30+00:00,0.0855,0.06575,0.0995,0.04275
Bannatynes Cookridge Hall,185.0,18.0,4.28,2025-11-20 14:00:30+00:00,0.07575,0.057,0.08975,0.03725
Bannatynes Cookridge Hall,185.0,18.0,4.28,2025-11-20 14:15:30+00:00,0.063,0.04675,0.07675,0.03125
Bannatynes Cookridge Hall,185.0,18.0,4.28,2025-11-20 14:30:30+00:00,0.0545,0.039,0.06625,0.026
Bannatynes Cookridge Hall,185.0,18.0,4.28,2025-11-20 14:45:30+00:00,0.04675,0.0315,0.05675,0.0205
Bannatynes Cookridge Hall,185.0,18.0,4.28,2025-11-20 15:00:30+00:00,0.03425,0.022,0.0425,0.0145
Bannatynes Cookridge Hall,185.0,18.0,4.28,2025-11-20 15:15:30+00:00,0.02225,0.01275,0.02825,0.00875
Bannatynes Cookridge Hall,185.0,18.0,4.28,2025-11-20 15:30:30+00:00,0.00325,0.0025,0.00475,0.00325
Bannatynes Cookridge Hall,185.0,18.0,4.28,2025-11-20 15:45:30+00:00,0.0015,0.00075,0.00175,0.0015
Bannatynes Cookridge Hall,185.0,18.0,4.28,2025-11-20 16:00:30+00:00,0.0,0.0,0.0,0.0
Bannatynes Cookridge Hall,185.0,18.0,4.28,2025-11-20 16:15:30+00:00,0.0,0.0,0.0,0.0
Bannatynes Cookridge Hall,185.0,18.0,4.28,2025-11-20 16:30:30+00:00,0.0,0.0,0.0,0.0
Bannatynes Cookridge Hall,185.0,18.0,4.28,2025-11-20 16:45:30+00:00,0.0,0.0,0.0,0.0
Bannatynes Cookridge Hall,185.0,18.0,4.28,2025-11-20 17:00:30+00:00,0.0,0.0,0.0,0.0
Bannatynes Cookridge Hall,185.0,18.0,4.28,2025-11-20 17:15:30+00:00,0.0,0.0,0.0,0.0
Bannatynes Cookridge Hall,185.0,18.0,4.28,2025-11-20 17:30:30+00:00,0.0,0.0,0.0,0.0
Bannatynes Cookridge Hall,185.0,18.0,4.28,2025-11-20 17:45:30+00:00,0.0,0.0,0.0,0.0
Bannatynes Cookridge Hall,185.0,18.0,4.28,2025-11-20 18:00:30+00:00,0.0,0.0,0.0,0.0
Bannatynes Cookridge Hall,185.0,18.0,4.28,2025-11-20 18:15:30+00:00,0.0,0.0,0.0,0.0
Bannatynes Cookridge Hall,185.0,18.0,4.28,2025-11-20 18:30:30+00:00,0.0,0.0,0.0,0.0
Bannatynes Cookridge Hall,185.0,18.0,4.28,2025-11-20 18:45:30+00:00,0.0,0.0,0.0,0.0
Bannatynes Cookridge Hall,185.0,18.0,4.28,2025-11-20 19:00:30+00:00,0.0,0.0,0.0,0.0
Bannatynes Cookridge Hall,185.0,18.0,4.28,2025-11-20 19:15:30+00:00,0.0,0.0,0.0,0.0
Bannatynes Cookridge Hall,185.0,18.0,4.28,2025-11-20 19:30:30+00:00,0.0,0.0,0.0,0.0
Bannatynes Cookridge Hall,185.0,18.0,4.28,2025-11-20 19:45:30+00:00,0.0,0.0,0.0,0.0
Bannatynes Cookridge Hall,185.0,18.0,4.28,2025-11-20 20:00:30+00:00,0.0,0.0,0.0,0.0
Bannatynes Cookridge Hall,185.0,18.0,4.28,2025-11-20 20:15:30+00:00,0.0,0.0,0.0,0.0
Bannatynes Cookridge Hall,185.0,18.0,4.28,2025-11-20 20:30:30+00:00,0.0,0.0,0.0,0.0
Bannatynes Cookridge Hall,185.0,18.0,4.28,2025-11-20 20:45:30+00:00,0.0,0.0,0.0,0.0
Bannatynes Cookridge Hall,185.0,18.0,4.28,2025-11-20 21:00:30+00:00,0.0,0.0,0.0,0.0
Bannatynes Cookridge Hall,185.0,18.0,4.28,2025-11-20 21:15:30+00:00,0.0,0.0,0.0,0.0
Bannatynes Cookridge Hall,185.0,18.0,4.28,2025-11-20 21:30:30+00:00,0.0,0.0,0.0,0.0
Bannatynes Cookridge Hall,185.0,18.0,4.28,2025-11-20 21:45:30+00:00,0.0,0.0,0.0,0.0
Bannatynes Cookridge Hall,185.0,18.0,4.28,2025-11-20 22:00:30+00:00,0.0,0.0,0.0,0.0
Bannatynes Cookridge Hall,185.0,18.0,4.28,2025-11-20 22:15:30+00:00,0.0,0.0,0.0,0.0
Bannatynes Cookridge Hall,185.0,18.0,4.28,2025-11-20 22:30:30+00:00,0.0,0.0,0.0,0.0
Bannatynes Cookridge Hall,185.0,18.0,4.28,2025-11-20 22:45:30+00:00,0.0,0.0,0.0,0.0
Bannatynes Cookridge Hall,185.0,18.0,4.28,2025-11-20 23:00:30+00:00,0.0,0.0,0.0,0.0
Bannatynes Cookridge Hall,185.0,18.0,4.28,2025-11-20 23:15:30+00:00,0.0,0.0,0.0,0.0
Bannatynes Cookridge Hall,185.0,18.0,4.28,2025-11-20 23:30:30+00:00,0.0,0.0,0.0,0.0
Bannatynes Cookridge Hall,185.0,18.0,4.28,2025-11-20 23:45:30+00:00,0.0,0.0,0.0,0.0
Bannatynes Cookridge Hall,185.0,18.0,4.28,2025-11-21 00:00:30+00:00,0.0,0.0,0.0,0.0
Bannatynes Cookridge Hall,185.0,18.0,4.28,2025-11-21 00:15:30+00:00,0.0,0.0,0.0,0.0
Bannatynes Cookridge Hall,185.0,18.0,4.28,2025-11-21 00:30:30+00:00,0.0,0.0,0.0,0.0
Bannatynes Cookridge Hall,185.0,18.0,4.28,2025-11-21 00:45:30+00:00,0.0,0.0,0.0,0.0
Bannatynes Cookridge Hall,185.0,18.0,4.28,2025-11-21 01:00:30+00:00,0.0,0.0,0.0,0.0
Bannatynes Cookridge Hall,185.0,18.0,4.28,2025-11-21 01:15:30+00:00,0.0,0.0,0.0,0.0
Bannatynes Cookridge Hall,185.0,18.0,4.28,2025-11-21 01:30:30+00:00,0.0,0.0,0.0,0.0
Bannatynes Cookridge Hall,185.0,18.0,4.28,2025-11-21 01:45:30+00:00,0.0,0.0,0.0,0.0
Bannatynes Cookridge Hall,185.0,18.0,4.28,2025-11-21 02:00:30+00:00,0.0,0.0,0.0,0.0
Bannatynes Cookridge Hall,185.0,18.0,4.28,2025-11-21 02:15:30+00:00,0.0,0.0,0.0,0.0
Bannatynes Cookridge Hall,185.0,18.0,4.28,2025-11-21 02:30:30+00:00,0.0,0.0,0.0,0.0
Bannatynes Cookridge Hall,185.0,18.0,4.28,2025-11-21 02:45:30+00:00,0.0,0.0,0.0,0.0
Bannatynes Cookridge Hall,185.0,18.0,4.28,2025-11-21 03:00:30+00:00,0.0,0.0,0.0,0.0
Bannatynes Cookridge Hall,185.0,18.0,4.28,2025-11-21 03:15:30+00:00,0.0,0.0,0.0,0.0
Bannatynes Cookridge Hall,185.0,18.0,4.28,2025-11-21 03:30:30+00:00,0.0,0.0,0.0,0.0
Bannatynes Cookridge Hall,185.0,18.0,4.28,2025-11-21 03:45:30+00:00,0.0,0.0,0.0,0.0
Bannatynes Cookridge Hall,185.0,18.0,4.28,2025-11-21 04:00:30+00:00,0.0,0.0,0.0,0.0
Bannatynes Cookridge Hall,185.0,18.0,4.28,2025-11-21 04:15:30+00:00,0.0,0.0,0.0,0.0
Bannatynes Cookridge Hall,185.0,18.0,4.28,2025-11-21 04:30:30+00:00,0.0,0.0,0.0,0.0
Bannatynes Cookridge Hall,185.0,18.0,4.28,2025-11-21 04:45:30+00:00,0.0,0.0,0.0,0.0
Bannatynes Cookridge Hall,185.0,18.0,4.28,2025-11-21 05:00:30+00:00,0.0,0.0,0.0,0.0
Bannatynes Cookridge Hall,185.0,18.0,4.28,2025-11-21 05:15:30+00:00,0.0,0.0,0.0,0.0
Bannatynes Cookridge Hall,185.0,18.0,4.28,2025-11-21 05:30:30+00:00,0.0,0.0,0.0,0.0
Bannatynes Cookridge Hall,185.0,18.0,4.28,2025-11-21 05:45:30+00:00,0.0,0.0,0.0,0.0
Bannatynes Cookridge Hall,185.0,18.0,4.28,2025-11-21 06:00:30+00:00,0.0,0.0,0.0,0.0
Bannatynes Cookridge Hall,185.0,18.0,4.28,2025-11-21 06:15:30+00:00,0.0,0.0,0.0,0.0
Bannatynes Cookridge Hall,185.0,18.0,4.28,2025-11-21 06:30:30+00:00,0.0,0.0,0.0,0.0
Bannatynes Cookridge Hall,185.0,18.0,4.28,2025-11-21 06:45:30+00:00,0.0,0.0,0.0,0.0
Bannatynes Cookridge Hall,185.0,18.0,4.28,2025-11-21 07:00:30+00:00,0.0,0.0,0.0,0.0
Bannatynes Cookridge Hall,185.0,18.0,4.28,2025-11-21 07:15:30+00:00,0.0,0.0,0.0,0.0
Bannatynes Cookridge Hall,185.0,18.0,4.28,2025-11-21 07:30:30+00:00,0.0,0.0,0.0,0.0
Bannatynes Cookridge Hall,185.0,18.0,4.28,2025-11-21 07:45:30+00:00,0.00025,0.00025,0.00025,0.00025
Bannatynes Cookridge Hall,185.0,18.0,4.28,2025-11-21 08:00:30+00:00,0.00325,0.00225,0.004,0.0035
Bannatynes Cookridge Hall,185.0,18.0,4.28,2025-11-21 08:15:30+00:00,0.01875,0.0125,0.024,0.00825
Bannatynes Cookridge Hall,185.0,18.0,4.28,2025-11-21 08:30:30+00:00,0.0325,0.02175,0.0405,0.014
Bannatynes Cookridge Hall,185.0,18.0,4.28,2025-11-21 08:45:30+00:00,0.043,0.03,0.05275,0.01975
Bannatynes Cookridge Hall,185.0,18.0,4.28,2025-11-21 09:00:30+00:00,0.053,0.038,0.06425,0.0255
Bannatynes Cookridge Hall,185.0,18.0,4.28,2025-11-21 09:15:30+00:00,0.06325,0.04675,0.076,0.03125
Bannatynes Cookridge Hall,185.0,18.0,4.28,2025-11-21 09:30:30+00:00,0.0725,0.055,0.08675,0.0365
Bannatynes Cookridge Hall,185.0,18.0,4.28,2025-11-21 09:45:30+00:00,0.0805,0.0625,0.09575,0.04125
Bannatynes Cookridge Hall,185.0,18.0,4.28,2025-11-21 10:00:30+00:00,0.088,0.06925,0.10425,0.04575
Bannatynes Cookridge Hall,185.0,18.0,4.28,2025-11-21 10:15:30+00:00,0.0945,0.07575,0.1115,0.04975
Bannatynes Cookridge Hall,185.0,18.0,4.28,2025-11-21 10:30:30+00:00,0.101,0.0815,0.11825,0.0535
Bannatynes Cookridge Hall,185.0,18.0,4.28,2025-11-21 10:45:30+00:00,0.10525,0.08425,0.12325,0.056
Bannatynes Cookridge Hall,185.0,18.0,4.28,2025-11-21 11:00:30+00:00,0.10425,0.08625,0.1255,0.0565
Bannatynes Cookridge Hall,185.0,18.0,4.28,2025-11-21 11:15:30+00:00,0.11025,0.09,0.12975,0.0595
Bannatynes Cookridge Hall,185.0,18.0,4.28,2025-11-21 11:30:30+00:00,0.11575,0.0925,0.1325,0.06225
Bannatynes Cookridge Hall,185.0,18.0,4.28,2025-11-21 11:45:30+00:00,0.111,0.0925,0.132,0.06
Bannatynes Cookridge Hall,185.0,18.0,4.28,2025-11-21 12:00:30+00:00,0.113,0.091,0.13175,0.06075
Bannatynes Cookridge Hall,185.0,18.0,4.28,2025-11-21 12:15:30+00:00,0.10875,0.09,0.13075,0.05825
Bannatynes Cookridge Hall,185.0,18.0,4.28,2025-11-21 12:30:30+00:00,0.111,0.0895,0.12925,0.05875
Bannatynes Cookridge Hall,185.0,18.0,4.28,2025-11-21 12:45:30+00:00,0.11175,0.08875,0.127,0.058
Bannatynes Cookridge Hall,185.0,18.0,4.28,2025-11-21 13:00:30+00:00,0.1085,0.085,0.1225,0.0555
Bannatynes Cookridge Hall,185.0,18.0,4.28,2025-11-21 13:15:30+00:00,0.1,0.07625,0.116,0.05075
Bannatynes Cookridge Hall,185.0,18.0,4.28,2025-11-21 13:30:30+00:00,0.08575,0.0655,0.106,0.044
Bannatynes Cookridge Hall,185.0,18.0,4.28,2025-11-21 13:45:30+00:00,0.084,0.053,0.09825,0.04225
Bannatynes Cookridge Hall,185.0,18.0,4.28,2025-11-21 14:00:30+00:00,0.06625,0.0365,0.0825,0.03525
Bannatynes Cookridge Hall,185.0,18.0,4.28,2025-11-21 14:15:30+00:00,0.04525,0.021,0.06625,0.02575
Bannatynes Cookridge Hall,185.0,18.0,4.28,2025-11-21 14:30:30+00:00,0.02625,0.0125,0.04575,0.01725
Bannatynes Cookridge Hall,185.0,18.0,4.28,2025-11-21 14:45:30+00:00,0.025,0.01125,0.0385,0.0145
Bannatynes Cookridge Hall,185.0,18.0,4.28,2025-11-21 15:00:30+00:00,0.02075,0.0105,0.03,0.011
Bannatynes Cookridge Hall,185.0,18.0,4.28,2025-11-21 15:15:30+00:00,0.0115,0.006,0.0175,0.0065
Bannatynes Cookridge Hall,185.0,18.0,4.28,2025-11-21 15:30:30+00:00,0.0025,0.00175,0.00425,0.00275
Bannatynes Cookridge Hall,185.0,18.0,4.28,2025-11-21 15:45:30+00:00,0.001,0.0005,0.0015,0.001
Bannatynes Cookridge Hall,185.0,18.0,4.28,2025-11-21 16:00:30+00:00,0.0,0.0,0.0,0.0
Bannatynes Cookridge Hall,185.0,18.0,4.28,2025-11-21 16:15:30+00:00,0.0,0.0,0.0,0.0
Bannatynes Cookridge Hall,185.0,18.0,4.28,2025-11-21 16:30:30+00:00,0.0,0.0,0.0,0.0
Bannatynes Cookridge Hall,185.0,18.0,4.28,2025-11-21 16:45:30+00:00,0.0,0.0,0.0,0.0
Bannatynes Cookridge Hall,185.0,18.0,4.28,2025-11-21 17:00:30+00:00,0.0,0.0,0.0,0.0
Bannatynes Cookridge Hall,185.0,18.0,4.28,2025-11-21 17:15:30+00:00,0.0,0.0,0.0,0.0
Bannatynes Cookridge Hall,185.0,18.0,4.28,2025-11-21 17:30:30+00:00,0.0,0.0,0.0,0.0
Bannatynes Cookridge Hall,185.0,18.0,4.28,2025-11-21 17:45:30+00:00,0.0,0.0,0.0,0.0
Bannatynes Cookridge Hall,185.0,18.0,4.28,2025-11-21 18:00:30+00:00,0.0,0.0,0.0,0.0
Bannatynes Cookridge Hall,185.0,18.0,4.28,2025-11-21 18:15:30+00:00,0.0,0.0,0.0,0.0
Bannatynes Cookridge Hall,185.0,18.0,4.28,2025-11-21 18:30:30+00:00,0.0,0.0,0.0,0.0
Bannatynes Cookridge Hall,185.0,18.0,4.28,2025-11-21 18:45:30+00:00,0.0,0.0,0.0,0.0
Bannatynes Cookridge Hall,185.0,18.0,4.28,2025-11-21 19:00:30+00:00,0.0,0.0,0.0,0.0
Bannatynes Cookridge Hall,185.0,18.0,4.28,2025-11-21 19:15:30+00:00,0.0,0.0,0.0,0.0
Bannatynes Cookridge Hall,185.0,18.0,4.28,2025-11-21 19:30:30+00:00,0.0,0.0,0.0,0.0
Bannatynes Cookridge Hall,185.0,18.0,4.28,2025-11-21 19:45:30+00:00,0.0,0.0,0.0,0.0
Bannatynes Cookridge Hall,185.0,18.0,4.28,2025-11-21 20:00:30+00:00,0.0,0.0,0.0,0.0
Bannatynes Cookridge Hall,185.0,18.0,4.28,2025-11-21 20:15:30+00:00,0.0,0.0,0.0,0.0
Bannatynes Cookridge Hall,185.0,18.0,4.28,2025-11-21 20:30:30+00:00,0.0,0.0,0.0,0.0
Bannatynes Cookridge Hall,185.0,18.0,4.28,2025-11-21 20:45:30+00:00,0.0,0.0,0.0,0.0
Bannatynes Cookridge Hall,185.0,18.0,4.28,2025-11-21 21:00:30+00:00,0.0,0.0,0.0,0.0
Bannatynes Cookridge Hall,185.0,18.0,4.28,2025-11-21 21:15:30+00:00,0.0,0.0,0.0,0.0
Bannatynes Cookridge Hall,185.0,18.0,4.28,2025-11-21 21:30:30+00:00,0.0,0.0,0.0,0.0
Bannatynes Cookridge Hall,185.0,18.0,4.28,2025-11-21 21:45:30+00:00,0.0,0.0,0.0,0.0
Bannatynes Cookridge Hall,185.0,18.0,4.28,2025-11-21 22:00:30+00:00,0.0,0.0,0.0,0.0
Bannatynes Cookridge Hall,185.0,18.0,4.28,2025-11-21 22:15:30+00:00,0.0,0.0,0.0,0.0
Bannatynes Cookridge Hall,185.0,18.0,4.28,2025-11-21 22:30:30+00:00,0.0,0.0,0.0,0.0
Bannatynes Cookridge Hall,185.0,18.0,4.28,2025-11-21 22:45:30+00:00,0.0,0.0,0.0,0.0
Bannatynes Cookridge Hall,185.0,18.0,4.28,2025-11-21 23:00:30+00:00,0.0,0.0,0.0,0.0
Bannatynes Cookridge Hall,185.0,18.0,4.28,2025-11-21 23:15:30+00:00,0.0,0.0,0.0,0.0
Bannatynes Cookridge Hall,185.0,18.0,4.28,2025-11-21 23:30:30+00:00,0.0,0.0,0.0,0.0
Bannatynes Cookridge Hall,185.0,18.0,4.28,2025-11-21 23:45:30+00:00,0.0,0.0,0.0,0.0
Bannatynes Cookridge Hall,185.0,18.0,4.28,2025-11-22 00:00:30+00:00,0.0,0.0,0.0,0.0
Bannatynes Cookridge Hall,185.0,18.0,4.28,2025-11-22 00:15:30+00:00,0.0,0.0,0.0,0.0
Bannatynes Cookridge Hall,185.0,18.0,4.28,2025-11-22 00:30:30+00:00,0.0,0.0,0.0,0.0
Bannatynes Cookridge Hall,185.0,18.0,4.28,2025-11-22 00:45:30+00:00,0.0,0.0,0.0,0.0
Bannatynes Cookridge Hall,185.0,18.0,4.28,2025-11-22 01:00:30+00:00,0.0,0.0,0.0,0.0
Bannatynes Cookridge Hall,185.0,18.0,4.28,2025-11-22 01:15:30+00:00,0.0,0.0,0.0,0.0
Bannatynes Cookridge Hall,185.0,18.0,4.28,2025-11-22 01:30:30+00:00,0.0,0.0,0.0,0.0
Bannatynes Cookridge Hall,185.0,18.0,4.28,2025-11-22 01:45:30+00:00,0.0,0.0,0.0,0.0
Bannatynes Cookridge Hall,185.0,18.0,4.28,2025-11-22 02:00:30+00:00,0.0,0.0,0.0,0.0
Bannatynes Cookridge Hall,185.0,18.0,4.28,2025-11-22 02:15:30+00:00,0.0,0.0,0.0,0.0
Bannatynes Cookridge Hall,185.0,18.0,4.28,2025-11-22 02:30:30+00:00,0.0,0.0,0.0,0.0
Bannatynes Cookridge Hall,185.0,18.0,4.28,2025-11-22 02:45:30+00:00,0.0,0.0,0.0,0.0
Bannatynes Cookridge Hall,185.0,18.0,4.28,2025-11-22 03:00:30+00:00,0.0,0.0,0.0,0.0
Bannatynes Cookridge Hall,185.0,18.0,4.28,2025-11-22 03:15:30+00:00,0.0,0.0,0.0,0.0
Bannatynes Cookridge Hall,185.0,18.0,4.28,2025-11-22 03:30:30+00:00,0.0,0.0,0.0,0.0
Bannatynes Cookridge Hall,185.0,18.0,4.28,2025-11-22 03:45:30+00:00,0.0,0.0,0.0,0.0
Bannatynes Cookridge Hall,185.0,18.0,4.28,2025-11-22 04:00:30+00:00,0.0,0.0,0.0,0.0
Bannatynes Cookridge Hall,185.0,18.0,4.28,2025-11-22 04:15:30+00:00,0.0,0.0,0.0,0.0
Bannatynes Cookridge Hall,185.0,18.0,4.28,2025-11-22 04:30:30+00:00,0.0,0.0,0.0,0.0
Bannatynes Cookridge Hall,185.0,18.0,4.28,2025-11-22 04:45:30+00:00,0.0,0.0,0.0,0.0
Bannatynes Cookridge Hall,185.0,18.0,4.28,2025-11-22 05:00:30+00:00,0.0,0.0,0.0,0.0
Bannatynes Cookridge Hall,185.0,18.0,4.28,2025-11-22 05:15:30+00:00,0.0,0.0,0.0,0.0
Bannatynes Cookridge Hall,185.0,18.0,4.28,2025-11-22 05:30:30+00:00,0.0,0.0,0.0,0.0
Bannatynes Cookridge Hall,185.0,18.0,4.28,2025-11-22 05:45:30+00:00,0.0,0.0,0.0,0.0
Bannatynes Cookridge Hall,185.0,18.0,4.28,2025-11-22 06:00:30+00:00,0.0,0.0,0.0,0.0
Bannatynes Cookridge Hall,185.0,18.0,4.28,2025-11-22 06:15:30+00:00,0.0,0.0,0.0,0.0
Bannatynes Cookridge Hall,185.0,18.0,4.28,2025-11-22 06:30:30+00:00,0.0,0.0,0.0,0.0
Bannatynes Cookridge Hall,185.0,18.0,4.28,2025-11-22 06:45:30+00:00,0.0,0.0,0.0,0.0
Bannatynes Cookridge Hall,185.0,18.0,4.28,2025-11-22 07:00:30+00:00,0.0,0.0,0.0,0.0
Bannatynes Cookridge Hall,185.0,18.0,4.28,2025-11-22 07:15:30+00:00,0.0,0.0,0.0,0.0
Bannatynes Cookridge Hall,185.0,18.0,4.28,2025-11-22 07:30:30+00:00,0.0,0.0,0.0,0.0
Bannatynes Cookridge Hall,185.0,18.0,4.28,2025-11-22 07:45:30+00:00,0.0,0.0,0.0,0.0
Bannatynes Cookridge Hall,185.0,18.0,4.28,2025-11-22 08:00:30+00:00,0.0025,0.00175,0.00325,0.00275
Bannatynes Cookridge Hall,185.0,18.0,4.28,2025-11-22 08:15:30+00:00,0.01375,0.0075,0.01875,0.00675
Bannatynes Cookridge Hall,185.0,18.0,4.28,2025-11-22 08:30:30+00:00,0.023,0.0105,0.0315,0.0115
Bannatynes Cookridge Hall,185.0,18.0,4.28,2025-11-22 08:45:30+00:00,0.02275,0.0095,0.03525,0.014
Bannatynes Cookridge Hall,185.0,18.0,4.28,2025-11-22 09:00:30+00:00,0.023,0.00975,0.03925,0.01525
Bannatynes Cookridge Hall,185.0,18.0,4.28,2025-11-22 09:15:30+00:00,0.02725,0.01,0.04175,0.01925
Bannatynes Cookridge Hall,185.0,18.0,4.28,2025-11-22 09:30:30+00:00,0.02525,0.009,0.0395,0.02025
Bannatynes Cookridge Hall,185.0,18.0,4.28,2025-11-22 09:45:30+00:00,0.0205,0.0065,0.036,0.0185
Bannatynes Cookridge Hall,185.0,18.0,4.28,2025-11-22 10:00:30+00:00,0.02075,0.00725,0.039,0.01875
Bannatynes Cookridge Hall,185.0,18.0,4.28,2025-11-22 10:15:30+00:00,0.03125,0.01275,0.0505,0.026
Bannatynes Cookridge Hall,185.0,18.0,4.28,2025-11-22 10:30:30+00:00,0.0455,0.0215,0.0625,0.0335
Bannatynes Cookridge Hall,185.0,18.0,4.28,2025-11-22 10:45:30+00:00,0.044,0.02325,0.06125,0.03325
Bannatynes Cookridge Hall,185.0,18.0,4.28,2025-11-22 11:00:30+00:00,0.0345,0.0215,0.05375,0.02925
Bannatynes Cookridge Hall,185.0,18.0,4.28,2025-11-22 11:15:30+00:00,0.04275,0.02525,0.06175,0.033
Bannatynes Cookridge Hall,185.0,18.0,4.28,2025-11-22 11:30:30+00:00,0.052,0.03175,0.06875,0.038
Bannatynes Cookridge Hall,185.0,18.0,4.28,2025-11-22 11:45:30+00:00,0.05425,0.03625,0.07025,0.03925
Bannatynes Cookridge Hall,185.0,18.0,4.28,2025-11-22 12:00:30+00:00,0.0515,0.03425,0.0695,0.038
Bannatynes Cookridge Hall,185.0,18.0,4.28,2025-11-22 12:15:30+00:00,0.0505,0.03075,0.07125,0.0375
Bannatynes Cookridge Hall,185.0,18.0,4.28,2025-11-22 12:30:30+00:00,0.05375,0.0315,0.0825,0.03825
Bannatynes Cookridge Hall,185.0,18.0,4.28,2025-11-22 12:45:30+00:00,0.07375,0.036,0.10175,0.046
Bannatynes Cookridge Hall,185.0,18.0,4.28,2025-11-22 13:00:30+00:00,0.07475,0.028,0.0975,0.04625
Bannatynes Cookridge Hall,185.0,18.0,4.28,2025-11-22 13:15:30+00:00,0.04075,0.0105,0.0785,0.02925
Bannatynes Cookridge Hall,185.0,18.0,4.28,2025-11-22 13:30:30+00:00,0.026,0.00525,0.05325,0.0215
Bannatynes Cookridge Hall,185.0,18.0,4.28,2025-11-22 13:45:30+00:00,0.02025,0.004,0.03875,0.01825
Bannatynes Cookridge Hall,185.0,18.0,4.28,2025-11-22 14:00:30+00:00,0.015,0.004,0.02925,0.01475
Bannatynes Cookridge Hall,185.0,18.0,4.28,2025-11-22 14:15:30+00:00,0.021,0.00425,0.03225,0.016
Bannatynes Cookridge Hall,185.0,18.0,4.28,2025-11-22 14:30:30+00:00,0.00875,0.0025,0.02225,0.00775
Bannatynes Cookridge Hall,185.0,18.0,4.28,2025-11-22 14:45:30+00:00,0.00475,0.0015,0.01275,0.005
Bannatynes Cookridge Hall,185.0,18.0,4.28,2025-11-22 15:00:30+00:00,0.00375,0.00125,0.00875,0.004
Bannatynes Cookridge Hall,185.0,18.0,4.28,2025-11-22 15:15:30+00:00,0.00225,0.00075,0.00525,0.0025
Bannatynes Cookridge Hall,185.0,18.0,4.28,2025-11-22 15:30:30+00:00,0.00075,0.00025,0.00275,0.001
Bannatynes Cookridge Hall,185.0,18.0,4.28,2025-11-22 15:45:30+00:00,0.00025,0.0,0.001,0.00025
Bannatynes Cookridge Hall,185.0,18.0,4.28,2025-11-22 16:00:30+00:00,0.0,0.0,0.0,0.0
Bannatynes Cookridge Hall,185.0,18.0,4.28,2025-11-22 16:15:30+00:00,0.0,0.0,0.0,0.0
Bannatynes Cookridge Hall,185.0,18.0,4.28,2025-11-22 16:30:30+00:00,0.0,0.0,0.0,0.0
Bannatynes Cookridge Hall,185.0,18.0,4.28,2025-11-22 16:45:30+00:00,0.0,0.0,0.0,0.0
Bannatynes Cookridge Hall,185.0,18.0,4.28,2025-11-22 17:00:30+00:00,0.0,0.0,0.0,0.0
Bannatynes Cookridge Hall,185.0,18.0,4.28,2025-11-22 17:15:30+00:00,0.0,0.0,0.0,0.0
Bannatynes Cookridge Hall,185.0,18.0,4.28,2025-11-22 17:30:30+00:00,0.0,0.0,0.0,0.0
Bannatynes Cookridge Hall,185.0,18.0,4.28,2025-11-22 17:45:30+00:00,0.0,0.0,0.0,0.0
Bannatynes Cookridge Hall,185.0,18.0,4.28,2025-11-22 18:00:30+00:00,0.0,0.0,0.0,0.0
Bannatynes Cookridge Hall,185.0,18.0,4.28,2025-11-22 18:15:30+00:00,0.0,0.0,0.0,0.0
Bannatynes Cookridge Hall,185.0,18.0,4.28,2025-11-22 18:30:30+00:00,0.0,0.0,0.0,0.0
Bannatynes Cookridge Hall,185.0,18.0,4.28,2025-11-22 18:45:30+00:00,0.0,0.0,0.0,0.0
Bannatynes Cookridge Hall,185.0,18.0,4.28,2025-11-22 19:00:30+00:00,0.0,0.0,0.0,0.0
Bannatynes Cookridge Hall,185.0,18.0,4.28,2025-11-22 19:15:30+00:00,0.0,0.0,0.0,0.0
Bannatynes Cookridge Hall,185.0,18.0,4.28,2025-11-22 19:30:30+00:00,0.0,0.0,0.0,0.0
Bannatynes Cookridge Hall,185.0,18.0,4.28,2025-11-22 19:45:30+00:00,0.0,0.0,0.0,0.0
Bannatynes Cookridge Hall,185.0,18.0,4.28,2025-11-22 20:00:30+00:00,0.0,0.0,0.0,0.0
Bannatynes Cookridge Hall,185.0,18.0,4.28,2025-11-22 20:15:30+00:00,0.0,0.0,0.0,0.0
Bannatynes Cookridge Hall,185.0,18.0,4.28,2025-11-22 20:30:30+00:00,0.0,0.0,0.0,0.0
Bannatynes Cookridge Hall,185.0,18.0,4.28,2025-11-22 20:45:30+00:00,0.0,0.0,0.0,0.0
Bannatynes Cookridge Hall,185.0,18.0,4.28,2025-11-22 21:00:30+00:00,0.0,0.0,0.0,0.0
Bannatynes Cookridge Hall,185.0,18.0,4.28,2025-11-22 21:15:30+00:00,0.0,0.0,0.0,0.0
Bannatynes Cookridge Hall,185.0,18.0,4.28,2025-11-22 21:30:30+00:00,0.0,0.0,0.0,0.0
Bannatynes Cookridge Hall,185.0,18.0,4.28,2025-11-22 21:45:30+00:00,0.0,0.0,0.0,0.0
Bannatynes Cookridge Hall,185.0,18.0,4.28,2025-11-22 22:00:30+00:00,0.0,0.0,0.0,0.0
Bannatynes Cookridge Hall,185.0,18.0,4.28,2025-11-22 22:15:30+00:00,0.0,0.0,0.0,0.0
Bannatynes Cookridge Hall,185.0,18.0,4.28,2025-11-22 22:30:30+00:00,0.0,0.0,0.0,0.0
Bannatynes Cookridge Hall,185.0,18.0,4.28,2025-11-22 22:45:30+00:00,0.0,0.0,0.0,0.0
Bannatynes Cookridge Hall,185.0,18.0,4.28,2025-11-22 23:00:30+00:00,0.0,0.0,0.0,0.0
Bannatynes Cookridge Hall,185.0,18.0,4.28,2025-11-22 23:15:30+00:00,0.0,0.0,0.0,0.0
Bannatynes Cookridge Hall,185.0,18.0,4.28,2025-11-22 23:30:30+00:00,0.0,0.0,0.0,0.0
Bannatynes Cookridge Hall,185.0,18.0,4.28,2025-11-22 23:45:30+00:00,0.0,0.0,0.0,0.0
Bannatynes Cookridge Hall,185.0,18.0,4.28,2025-11-23 00:00:30+00:00,0.0,0.0,0.0,0.0
Bannatynes Cookridge Hall,185.0,18.0,4.28,2025-11-23 00:15:30+00:00,0.0,0.0,0.0,0.0
Bannatynes Cookridge Hall,185.0,18.0,4.28,2025-11-23 00:30:30+00:00,0.0,0.0,0.0,0.0
Bannatynes Cookridge Hall,185.0,18.0,4.28,2025-11-23 00:45:30+00:00,0.0,0.0,0.0,0.0
Bannatynes Cookridge Hall,185.0,18.0,4.28,2025-11-23 01:00:30+00:00,0.0,0.0,0.0,0.0
Bannatynes Cookridge Hall,185.0,18.0,4.28,2025-11-23 01:15:30+00:00,0.0,0.0,0.0,0.0
Bannatynes Cookridge Hall,185.0,18.0,4.28,2025-11-23 01:30:30+00:00,0.0,0.0,0.0,0.0
Bannatynes Cookridge Hall,185.0,18.0,4.28,2025-11-23 01:45:30+00:00,0.0,0.0,0.0,0.0
Bannatynes Cookridge Hall,185.0,18.0,4.28,2025-11-23 02:00:30+00:00,0.0,0.0,0.0,0.0
Bannatynes Cookridge Hall,185.0,18.0,4.28,2025-11-23 02:15:30+00:00,0.0,0.0,0.0,0.0
Bannatynes Cookridge Hall,185.0,18.0,4.28,2025-11-23 02:30:30+00:00,0.0,0.0,0.0,0.0
Bannatynes Cookridge Hall,185.0,18.0,4.28,2025-11-23 02:45:30+00:00,0.0,0.0,0.0,0.0
Bannatynes Cookridge Hall,185.0,18.0,4.28,2025-11-23 03:00:30+00:00,0.0,0.0,0.0,0.0
Bannatynes Cookridge Hall,185.0,18.0,4.28,2025-11-23 03:15:30+00:00,0.0,0.0,0.0,0.0
Bannatynes Cookridge Hall,185.0,18.0,4.28,2025-11-23 03:30:30+00:00,0.0,0.0,0.0,0.0
Bannatynes Cookridge Hall,185.0,18.0,4.28,2025-11-23 03:45:30+00:00,0.0,0.0,0.0,0.0
Bannatynes Cookridge Hall,185.0,18.0,4.28,2025-11-23 04:00:30+00:00,0.0,0.0,0.0,0.0
Bannatynes Cookridge Hall,185.0,18.0,4.28,2025-11-23 04:15:30+00:00,0.0,0.0,0.0,0.0
Bannatynes Cookridge Hall,185.0,18.0,4.28,2025-11-23 04:30:30+00:00,0.0,0.0,0.0,0.0
Bannatynes Cookridge Hall,185.0,18.0,4.28,2025-11-23 04:45:30+00:00,0.0,0.0,0.0,0.0
Bannatynes Cookridge Hall,185.0,18.0,4.28,2025-11-23 05:00:30+00:00,0.0,0.0,0.0,0.0
Bannatynes Cookridge Hall,185.0,18.0,4.28,2025-11-23 05:15:30+00:00,0.0,0.0,0.0,0.0
Bannatynes Cookridge Hall,185.0,18.0,4.28,2025-11-23 05:30:30+00:00,0.0,0.0,0.0,0.0
Bannatynes Cookridge Hall,185.0,18.0,4.28,2025-11-23 05:45:30+00:00,0.0,0.0,0.0,0.0
Bannatynes Cookridge Hall,185.0,18.0,4.28,2025-11-23 06:00:30+00:00,0.0,0.0,0.0,0.0
Bannatynes Cookridge Hall,185.0,18.0,4.28,2025-11-23 06:15:30+00:00,0.0,0.0,0.0,0.0
Bannatynes Cookridge Hall,185.0,18.0,4.28,2025-11-23 06:30:30+00:00,0.0,0.0,0.0,0.0
Bannatynes Cookridge Hall,185.0,18.0,4.28,2025-11-23 06:45:30+00:00,0.0,0.0,0.0,0.0
Bannatynes Cookridge Hall,185.0,18.0,4.28,2025-11-23 07:00:30+00:00,0.0,0.0,0.0,0.0
Bannatynes Cookridge Hall,185.0,18.0,4.28,2025-11-23 07:15:30+00:00,0.0,0.0,0.0,0.0
Bannatynes Cookridge Hall,185.0,18.0,4.28,2025-11-23 07:30:30+00:00,0.0,0.0,0.0,0.0
Bannatynes Cookridge Hall,185.0,18.0,4.28,2025-11-23 07:45:30+00:00,0.0005,0.0,0.001,0.0005
Bannatynes Cookridge Hall,185.0,18.0,4.28,2025-11-23 08:00:30+00:00,0.00125,0.00025,0.00325,0.00125
Bannatynes Cookridge Hall,185.0,18.0,4.28,2025-11-23 08:15:30+00:00,0.00275,0.0005,0.0075,0.003
Bannatynes Cookridge Hall,185.0,18.0,4.28,2025-11-23 08:30:30+00:00,0.0065,0.00125,0.01525,0.00625
Bannatynes Cookridge Hall,185.0,18.0,4.28,2025-11-23 08:45:30+00:00,0.0255,0.00725,0.036,0.015
Bannatynes Cookridge Hall,185.0,18.0,4.28,2025-11-23 09:00:30+00:00,0.04525,0.02175,0.05375,0.0235
Bannatynes Cookridge Hall,185.0,18.0,4.28,2025-11-23 09:15:30+00:00,0.05625,0.03375,0.06525,0.0295
Bannatynes Cookridge Hall,185.0,18.0,4.28,2025-11-23 09:30:30+00:00,0.05825,0.03425,0.07125,0.03275
Bannatynes Cookridge Hall,185.0,18.0,4.28,2025-11-23 09:45:30+00:00,0.06325,0.03425,0.0795,0.03625
Bannatynes Cookridge Hall,185.0,18.0,4.28,2025-11-23 10:00:30+00:00,0.075,0.01925,0.08525,0.0445
Bannatynes Cookridge Hall,185.0,18.0,4.28,2025-11-23 10:15:30+00:00,0.03675,0.01825,0.08175,0.02475
Bannatynes Cookridge Hall,185.0,18.0,4.28,2025-11-23 10:30:30+00:00,0.07,0.0185,0.09225,0.0445
Bannatynes Cookridge Hall,185.0,18.0,4.28,2025-11-23 10:45:30+00:00,0.07425,0.01475,0.09625,0.04775
Bannatynes Cookridge Hall,185.0,18.0,4.28,2025-11-23 11:00:30+00:00,0.0225,0.006,0.068,0.01775
Bannatynes Cookridge Hall,185.0,18.0,4.28,2025-11-23 11:15:30+00:00,0.0045,0.003,0.01825,0.00475
Bannatynes Cookridge Hall,185.0,18.0,4.28,2025-11-23 11:30:30+00:00,0.00825,0.00475,0.0335,0.00875
Bannatynes Cookridge Hall,185.0,18.0,4.28,2025-11-23 11:45:30+00:00,0.00825,0.00475,0.033,0.0085
Bannatynes Cookridge Hall,185.0,18.0,4.28,2025-11-23 12:00:30+00:00,0.05275,0.0105,0.083,0.03725
Bannatynes Cookridge Hall,185.0,18.0,4.28,2025-11-23 12:15:30+00:00,0.0495,0.00975,0.0815,0.036
Bannatynes Cookridge Hall,185.0,18.0,4.28,2025-11-23 12:30:30+00:00,0.01875,0.00525,0.063,0.0175
Bannatynes Cookridge Hall,185.0,18.0,4.28,2025-11-23 12:45:30+00:00,0.053,0.0105,0.0775,0.03675
Bannatynes Cookridge Hall,185.0,18.0,4.28,2025-11-23 13:00:30+00:00,0.0305,0.006,0.062,0.025
Bannatynes Cookridge Hall,185.0,18.0,4.28,2025-11-23 13:15:30+00:00,0.0065,0.004,0.026,0.00675
Bannatynes Cookridge Hall,185.0,18.0,4.28,2025-11-23 13:30:30+00:00,0.0465,0.00925,0.07875,0.0295
Bannatynes Cookridge Hall,185.0,18.0,4.28,2025-11-23 13:45:30+00:00,0.06925,0.01375,0.07825,0.041
Bannatynes Cookridge Hall,185.0,18.0,4.28,2025-11-23 14:00:30+00:00,0.0195,0.00425,0.0575,0.014
Bannatynes Cookridge Hall,185.0,18.0,4.28,2025-11-23 14:15:30+00:00,0.01,0.003,0.03375,0.0085
Bannatynes Cookridge Hall,185.0,18.0,4.28,2025-11-23 14:30:30+00:00,0.01225,0.0025,0.02875,0.011
Bannatynes Cookridge Hall,185.0,18.0,4.28,2025-11-23 14:45:30+00:00,0.0235,0.00475,0.037,0.014
Bannatynes Cookridge Hall,185.0,18.0,4.28,2025-11-23 15:00:30+00:00,0.02625,0.008,0.0335,0.01225
Bannatynes Cookridge Hall,185.0,18.0,4.28,2025-11-23 15:15:30+00:00,0.01625,0.00725,0.02075,0.007
Bannatynes Cookridge Hall,185.0,18.0,4.28,2025-11-23 15:30:30+00:00,0.00225,0.00175,0.00325,0.00225
Bannatynes Cookridge Hall,185.0,18.0,4.28,2025-11-23 15:45:30+00:00,0.00025,0.00025,0.0005,0.0005
Bannatynes Cookridge Hall,185.0,18.0,4.28,2025-11-23 16:00:30+00:00,0.0,0.0,0.0,0.0
Bannatynes Cookridge Hall,185.0,18.0,4.28,2025-11-23 16:15:30+00:00,0.0,0.0,0.0,0.0
Bannatynes Cookridge Hall,185.0,18.0,4.28,2025-11-23 16:30:30+00:00,0.0,0.0,0.0,0.0
Bannatynes Cookridge Hall,185.0,18.0,4.28,2025-11-23 16:45:30+00:00,0.0,0.0,0.0,0.0
Bannatynes Cookridge Hall,185.0,18.0,4.28,2025-11-23 17:00:30+00:00,0.0,0.0,0.0,0.0
Bannatynes Cookridge Hall,185.0,18.0,4.28,2025-11-23 17:15:30+00:00,0.0,0.0,0.0,0.0
Bannatynes Cookridge Hall,185.0,18.0,4.28,2025-11-23 17:30:30+00:00,0.0,0.0,0.0,0.0
Bannatynes Cookridge Hall,185.0,18.0,4.28,2025-11-23 17:45:30+00:00,0.0,0.0,0.0,0.0
Bannatynes Cookridge Hall,185.0,18.0,4.28,2025-11-23 18:00:30+00:00,0.0,0.0,0.0,0.0
Bannatynes Cookridge Hall,185.0,18.0,4.28,2025-11-23 18:15:30+00:00,0.0,0.0,0.0,0.0
Bannatynes Cookridge Hall,185.0,18.0,4.28,2025-11-23 18:30:30+00:00,0.0,0.0,0.0,0.0
Bannatynes Cookridge Hall,185.0,18.0,4.28,2025-11-23 18:45:30+00:00,0.0,0.0,0.0,0.0
Bannatynes Cookridge Hall,185.0,18.0,4.28,2025-11-23 19:00:30+00:00,0.0,0.0,0.0,0.0
Bannatynes Cookridge Hall,185.0,18.0,4.28,2025-11-23 19:15:30+00:00,0.0,0.0,0.0,0.0
Bannatynes Cookridge Hall,185.0,18.0,4.28,2025-11-23 19:30:30+00:00,0.0,0.0,0.0,0.0
Bannatynes Cookridge Hall,185.0,18.0,4.28,2025-11-23 19:45:30+00:00,0.0,0.0,0.0,0.0
Bannatynes Cookridge Hall,185.0,18.0,4.28,2025-11-23 20:00:30+00:00,0.0,0.0,0.0,0.0
Bannatynes Cookridge Hall,185.0,18.0,4.28,2025-11-23 20:15:30+00:00,0.0,0.0,0.0,0.0
Bannatynes Cookridge Hall,185.0,18.0,4.28,2025-11-23 20:30:30+00:00,0.0,0.0,0.0,0.0
Bannatynes Cookridge Hall,185.0,18.0,4.28,2025-11-23 20:45:30+00:00,0.0,0.0,0.0,0.0
Bannatynes Cookridge Hall,185.0,18.0,4.28,2025-11-23 21:00:30+00:00,0.0,0.0,0.0,0.0
Bannatynes Cookridge Hall,185.0,18.0,4.28,2025-11-23 21:15:30+00:00,0.0,0.0,0.0,0.0
Bannatynes Cookridge Hall,185.0,18.0,4.28,2025-11-23 21:30:30+00:00,0.0,0.0,0.0,0.0
Bannatynes Cookridge Hall,185.0,18.0,4.28,2025-11-23 21:45:30+00:00,0.0,0.0,0.0,0.0
Bannatynes Cookridge Hall,185.0,18.0,4.28,2025-11-23 22:00:30+00:00,0.0,0.0,0.0,0.0
Bannatynes Cookridge Hall,185.0,18.0,4.28,2025-11-23 22:15:30+00:00,0.0,0.0,0.0,0.0
Bannatynes Cookridge Hall,185.0,18.0,4.28,2025-11-23 22:30:30+00:00,0.0,0.0,0.0,0.0
Bannatynes Cookridge Hall,185.0,18.0,4.28,2025-11-23 22:45:30+00:00,0.0,0.0,0.0,0.0
Bannatynes Cookridge Hall,185.0,18.0,4.28,2025-11-23 23:00:30+00:00,0.0,0.0,0.0,0.0
Bannatynes Cookridge Hall,185.0,18.0,4.28,2025-11-23 23:15:30+00:00,0.0,0.0,0.0,0.0
Bannatynes Cookridge Hall,185.0,18.0,4.28,2025-11-23 23:30:30+00:00,0.0,0.0,0.0,0.0
Bannatynes Cookridge Hall,185.0,18.0,4.28,2025-11-23 23:45:30+00:00,0.0,0.0,0.0,0.0
Bannatynes Cookridge Hall,185.0,18.0,4.28,2025-11-24 00:00:30+00:00,0.0,0.0,0.0,0.0
Bannatynes Cookridge Hall,185.0,18.0,4.28,2025-11-24 00:15:30+00:00,0.0,0.0,0.0,0.0
Bannatynes Cookridge Hall,185.0,18.0,4.28,2025-11-24 00:30:30+00:00,0.0,0.0,0.0,0.0
Bannatynes Cookridge Hall,185.0,18.0,4.28,2025-11-24 00:45:30+00:00,0.0,0.0,0.0,0.0
Bannatynes Cookridge Hall,185.0,18.0,4.28,2025-11-24 01:00:30+00:00,0.0,0.0,0.0,0.0
Bannatynes Cookridge Hall,185.0,18.0,4.28,2025-11-24 01:15:30+00:00,0.0,0.0,0.0,0.0
Bannatynes Cookridge Hall,185.0,18.0,4.28,2025-11-24 01:30:30+00:00,0.0,0.0,0.0,0.0
Bannatynes Cookridge Hall,185.0,18.0,4.28,2025-11-24 01:45:30+00:00,0.0,0.0,0.0,0.0
Bannatynes Cookridge Hall,185.0,18.0,4.28,2025-11-24 02:00:30+00:00,0.0,0.0,0.0,0.0
Bannatynes Cookridge Hall,185.0,18.0,4.28,2025-11-24 02:15:30+00:00,0.0,0.0,0.0,0.0
Bannatynes Cookridge Hall,185.0,18.0,4.28,2025-11-24 02:30:30+00:00,0.0,0.0,0.0,0.0
Bannatynes Cookridge Hall,185.0,18.0,4.28,2025-11-24 02:45:30+00:00,0.0,0.0,0.0,0.0
Bannatynes Cookridge Hall,185.0,18.0,4.28,2025-11-24 03:00:30+00:00,0.0,0.0,0.0,0.0
Bannatynes Cookridge Hall,185.0,18.0,4.28,2025-11-24 03:15:30+00:00,0.0,0.0,0.0,0.0
Bannatynes Cookridge Hall,185.0,18.0,4.28,2025-11-24 03:30:30+00:00,0.0,0.0,0.0,0.0
Bannatynes Cookridge Hall,185.0,18.0,4.28,2025-11-24 03:45:30+00:00,0.0,0.0,0.0,0.0
Bannatynes Cookridge Hall,185.0,18.0,4.28,2025-11-24 04:00:30+00:00,0.0,0.0,0.0,0.0
Bannatynes Cookridge Hall,185.0,18.0,4.28,2025-11-24 04:15:30+00:00,0.0,0.0,0.0,0.0
Bannatynes Cookridge Hall,185.0,18.0,4.28,2025-11-24 04:30:30+00:00,0.0,0.0,0.0,0.0
Bannatynes Cookridge Hall,185.0,18.0,4.28,2025-11-24 04:45:30+00:00,0.0,0.0,0.0,0.0
Bannatynes Cookridge Hall,185.0,18.0,4.28,2025-11-24 05:00:30+00:00,0.0,0.0,0.0,0.0
Bannatynes Cookridge Hall,185.0,18.0,4.28,2025-11-24 05:15:30+00:00,0.0,0.0,0.0,0.0
Bannatynes Cookridge Hall,185.0,18.0,4.28,2025-11-24 05:30:30+00:00,0.0,0.0,0.0,0.0
Bannatynes Cookridge Hall,185.0,18.0,4.28,2025-11-24 05:45:30+00:00,0.0,0.0,0.0,0.0
Bannatynes Cookridge Hall,185.0,18.0,4.28,2025-11-24 06:00:30+00:00,0.0,0.0,0.0,0.0
Bannatynes Cookridge Hall,185.0,18.0,4.28,2025-11-24 06:15:30+00:00,0.0,0.0,0.0,0.0
Bannatynes Cookridge Hall,185.0,18.0,4.28,2025-11-24 06:30:30+00:00,0.0,0.0,0.0,0.0
Bannatynes Cookridge Hall,185.0,18.0,4.28,2025-11-24 06:45:30+00:00,0.0,0.0,0.0,0.0
Bannatynes Cookridge Hall,185.0,18.0,4.28,2025-11-24 07:00:30+00:00,0.0,0.0,0.0,0.0
Bannatynes Cookridge Hall,185.0,18.0,4.28,2025-11-24 07:15:30+00:00,0.0,0.0,0.0,0.0
Bannatynes Cookridge Hall,185.0,18.0,4.28,2025-11-24 07:30:30+00:00,0.0,0.0,0.0,0.0
Bannatynes Cookridge Hall,185.0,18.0,4.28,2025-11-24 07:45:30+00:00,0.00075,0.0005,0.001,0.00075
Bannatynes Cookridge Hall,185.0,18.0,4.28,2025-11-24 08:00:30+00:00,0.002,0.00125,0.00275,0.002
Bannatynes Cookridge Hall,185.0,18.0,4.28,2025-11-24 08:15:30+00:00,0.0095,0.005,0.01325,0.0055
Bannatynes Cookridge Hall,185.0,18.0,4.28,2025-11-24 08:30:30+00:00,0.0195,0.006,0.02575,0.01075
Bannatynes Cookridge Hall,185.0,18.0,4.28,2025-11-24 08:45:30+00:00,0.01475,0.00425,0.02925,0.0105
Bannatynes Cookridge Hall,185.0,18.0,4.28,2025-11-24 09:00:30+00:00,0.02,0.00575,0.0375,0.0145
Bannatynes Cookridge Hall,185.0,18.0,4.28,2025-11-24 09:15:30+00:00,0.03925,0.00775,0.05325,0.02475
Bannatynes Cookridge Hall,185.0,18.0,4.28,2025-11-24 09:30:30+00:00,0.01725,0.0055,0.04975,0.01375
Bannatynes Cookridge Hall,185.0,18.0,4.28,2025-11-24 09:45:30+00:00,0.045,0.009,0.06725,0.029
Bannatynes Cookridge Hall,185.0,18.0,4.28,2025-11-24 10:00:30+00:00,0.0435,0.013,0.072,0.03025
Bannatynes Cookridge Hall,185.0,18.0,4.28,2025-11-24 10:15:30+00:00,0.0465,0.00925,0.075,0.03225
Bannatynes Cookridge Hall,185.0,18.0,4.28,2025-11-24 10:30:30+00:00,0.02675,0.00525,0.05925,0.0225
Bannatynes Cookridge Hall,185.0,18.0,4.28,2025-11-24 10:45:30+00:00,0.01275,0.0045,0.03975,0.013
Bannatynes Cookridge Hall,185.0,18.0,4.28,2025-11-24 11:00:30+00:00,0.012,0.0045,0.03675,0.0125
Bannatynes Cookridge Hall,185.0,18.0,4.28,2025-11-24 11:15:30+00:00,0.0255,0.00525,0.04425,0.0235
Bannatynes Cookridge Hall,185.0,18.0,4.28,2025-11-24 11:30:30+00:00,0.03,0.01025,0.04775,0.0275
Bannatynes Cookridge Hall,185.0,18.0,4.28,2025-11-24 11:45:30+00:00,0.03325,0.01425,0.04925,0.0285
Bannatynes Cookridge Hall,185.0,18.0,4.28,2025-11-24 12:00:30+00:00,0.0295,0.013,0.0465,0.02575
Bannatynes Cookridge Hall,185.0,18.0,4.28,2025-11-24 12:15:30+00:00,0.02525,0.00625,0.05075,0.02325
Bannatynes Cookridge Hall,185.0,18.0,4.28,2025-11-24 12:30:30+00:00,0.038,0.0075,0.0715,0.029
Bannatynes Cookridge Hall,185.0,18.0,4.28,2025-11-24 12:45:30+00:00,0.049,0.0115,0.08775,0.0345
Bannatynes Cookridge Hall,185.0,18.0,4.28,2025-11-24 13:00:30+00:00,0.07325,0.0245,0.097,0.0445
Bannatynes Cookridge Hall,185.0,18.0,4.28,2025-11-24 13:15:30+00:00,0.0835,0.034,0.1,0.046
Bannatynes Cookridge Hall,185.0,18.0,4.28,2025-11-24 13:30:30+00:00,0.0695,0.0165,0.0855,0.04125
Bannatynes Cookridge Hall,185.0,18.0,4.28,2025-11-24 13:45:30+00:00,0.0185,0.0045,0.0615,0.01375
Bannatynes Cookridge Hall,185.0,18.0,4.28,2025-11-24 14:00:30+00:00,0.02025,0.004,0.0425,0.016
Bannatynes Cookridge Hall,185.0,18.0,4.28,2025-11-24 14:15:30+00:00,0.02075,0.00425,0.0375,0.01625
Bannatynes Cookridge Hall,185.0,18.0,4.28,2025-11-24 14:30:30+00:00,0.01425,0.00275,0.02875,0.01225
Bannatynes Cookridge Hall,185.0,18.0,4.28,2025-11-24 14:45:30+00:00,0.0165,0.00325,0.03125,0.0115
Bannatynes Cookridge Hall,185.0,18.0,4.28,2025-11-24 15:00:30+00:00,0.0225,0.00575,0.03025,0.01125
Bannatynes Cookridge Hall,185.0,18.0,4.28,2025-11-24 15:15:30+00:00,0.01525,0.00625,0.0195,0.00675
Bannatynes Cookridge Hall,185.0,18.0,4.28,2025-11-24 15:30:30+00:00,0.002,0.0015,0.00275,0.00225
Bannatynes Cookridge Hall,185.0,18.0,4.28,2025-11-24 15:45:30+00:00,0.00025,0.00025,0.00025,0.00025
Bannatynes Cookridge Hall,185.0,18.0,4.28,2025-11-24 16:00:30+00:00,0.0,0.0,0.0,0.0
Bannatynes Cookridge Hall,185.0,18.0,4.28,2025-11-24 16:15:30+00:00,0.0,0.0,0.0,0.0
Bannatynes Cookridge Hall,185.0,18.0,4.28,2025-11-24 16:30:30+00:00,0.0,0.0,0.0,0.0
Bannatynes Cookridge Hall,185.0,18.0,4.28,2025-11-24 16:45:30+00:00,0.0,0.0,0.0,0.0
Bannatynes Cookridge Hall,185.0,18.0,4.28,2025-11-24 17:00:30+00:00,0.0,0.0,0.0,0.0
Bannatynes Cookridge Hall,185.0,18.0,4.28,2025-11-24 17:15:30+00:00,0.0,0.0,0.0,0.0
Bannatynes Cookridge Hall,185.0,18.0,4.28,2025-11-24 17:30:30+00:00,0.0,0.0,0.0,0.0
Bannatynes Cookridge Hall,185.0,18.0,4.28,2025-11-24 17:45:30+00:00,0.0,0.0,0.0,0.0
Bannatynes Cookridge Hall,185.0,18.0,4.28,2025-11-24 18:00:30+00:00,0.0,0.0,0.0,0.0
Bannatynes Cookridge Hall,185.0,18.0,4.28,2025-11-24 18:15:30+00:00,0.0,0.0,0.0,0.0
Bannatynes Cookridge Hall,185.0,18.0,4.28,2025-11-24 18:30:30+00:00,0.0,0.0,0.0,0.0
Bannatynes Cookridge Hall,185.0,18.0,4.28,2025-11-24 18:45:30+00:00,0.0,0.0,0.0,0.0
Bannatynes Cookridge Hall,185.0,18.0,4.28,2025-11-24 19:00:30+00:00,0.0,0.0,0.0,0.0
Bannatynes Cookridge Hall,185.0,18.0,4.28,2025-11-24 19:15:30+00:00,0.0,0.0,0.0,0.0
Bannatynes Cookridge Hall,185.0,18.0,4.28,2025-11-24 19:30:30+00:00,0.0,0.0,0.0,0.0
Bannatynes Cookridge Hall,185.0,18.0,4.28,2025-11-24 19:45:30+00:00,0.0,0.0,0.0,0.0
Bannatynes Cookridge Hall,185.0,18.0,4.28,2025-11-24 20:00:30+00:00,0.0,0.0,0.0,0.0
Bannatynes Cookridge Hall,185.0,18.0,4.28,2025-11-24 20:15:30+00:00,0.0,0.0,0.0,0.0
Bannatynes Cookridge Hall,185.0,18.0,4.28,2025-11-24 20:30:30+00:00,0.0,0.0,0.0,0.0
Bannatynes Cookridge Hall,185.0,18.0,4.28,2025-11-24 20:45:30+00:00,0.0,0.0,0.0,0.0
Bannatynes Cookridge Hall,185.0,18.0,4.28,2025-11-24 21:00:30+00:00,0.0,0.0,0.0,0.0
Bannatynes Cookridge Hall,185.0,18.0,4.28,2025-11-24 21:15:30+00:00,0.0,0.0,0.0,0.0
Bannatynes Cookridge Hall,185.0,18.0,4.28,2025-11-24 21:30:30+00:00,0.0,0.0,0.0,0.0
Bannatynes Cookridge Hall,185.0,18.0,4.28,2025-11-24 21:45:30+00:00,0.0,0.0,0.0,0.0
Bannatynes Cookridge Hall,185.0,18.0,4.28,2025-11-24 22:00:30+00:00,0.0,0.0,0.0,0.0
Bannatynes Cookridge Hall,185.0,18.0,4.28,2025-11-24 22:15:30+00:00,0.0,0.0,0.0,0.0
Bannatynes Cookridge Hall,185.0,18.0,4.28,2025-11-24 22:30:30+00:00,0.0,0.0,0.0,0.0
Bannatynes Cookridge Hall,185.0,18.0,4.28,2025-11-24 22:45:30+00:00,0.0,0.0,0.0,0.0
Bannatynes Cookridge Hall,185.0,18.0,4.28,2025-11-24 23:00:30+00:00,0.0,0.0,0.0,0.0
Bannatynes Cookridge Hall,185.0,18.0,4.28,2025-11-24 23:15:30+00:00,0.0,0.0,0.0,0.0
Bannatynes Cookridge Hall,185.0,18.0,4.28,2025-11-24 23:30:30+00:00,0.0,0.0,0.0,0.0
Bannatynes Cookridge Hall,185.0,18.0,4.28,2025-11-24 23:45:30+00:00,0.0,0.0,0.0,0.0
Bannatynes Cookridge Hall,185.0,18.0,4.28,2025-11-25 00:00:30+00:00,0.0,0.0,0.0,0.0
Bannatynes Cookridge Hall,185.0,18.0,4.28,2025-11-25 00:15:30+00:00,0.0,0.0,0.0,0.0
Bannatynes Cookridge Hall,185.0,18.0,4.28,2025-11-25 00:30:30+00:00,0.0,0.0,0.0,0.0
Bannatynes Cookridge Hall,185.0,18.0,4.28,2025-11-25 00:45:30+00:00,0.0,0.0,0.0,0.0
Bannatynes Cookridge Hall,185.0,18.0,4.28,2025-11-25 01:00:30+00:00,0.0,0.0,0.0,0.0
Bannatynes Cookridge Hall,185.0,18.0,4.28,2025-11-25 01:15:30+00:00,0.0,0.0,0.0,0.0
Bannatynes Cookridge Hall,185.0,18.0,4.28,2025-11-25 01:30:30+00:00,0.0,0.0,0.0,0.0
Bannatynes Cookridge Hall,185.0,18.0,4.28,2025-11-25 01:45:30+00:00,0.0,0.0,0.0,0.0
Bannatynes Cookridge Hall,185.0,18.0,4.28,2025-11-25 02:00:30+00:00,0.0,0.0,0.0,0.0
Bannatynes Cookridge Hall,185.0,18.0,4.28,2025-11-25 02:15:30+00:00,0.0,0.0,0.0,0.0
Bannatynes Cookridge Hall,185.0,18.0,4.28,2025-11-25 02:30:30+00:00,0.0,0.0,0.0,0.0
Bannatynes Cookridge Hall,185.0,18.0,4.28,2025-11-25 02:45:30+00:00,0.0,0.0,0.0,0.0
Bannatynes Cookridge Hall,185.0,18.0,4.28,2025-11-25 03:00:30+00:00,0.0,0.0,0.0,0.0
Bannatynes Cookridge Hall,185.0,18.0,4.28,2025-11-25 03:15:30+00:00,0.0,0.0,0.0,0.0
Bannatynes Cookridge Hall,185.0,18.0,4.28,2025-11-25 03:30:30+00:00,0.0,0.0,0.0,0.0
Bannatynes Cookridge Hall,185.0,18.0,4.28,2025-11-25 03:45:30+00:00,0.0,0.0,0.0,0.0
Bannatynes Cookridge Hall,185.0,18.0,4.28,2025-11-25 04:00:30+00:00,0.0,0.0,0.0,0.0
Bannatynes Cookridge Hall,185.0,18.0,4.28,2025-11-25 04:15:30+00:00,0.0,0.0,0.0,0.0
Bannatynes Cookridge Hall,185.0,18.0,4.28,2025-11-25 04:30:30+00:00,0.0,0.0,0.0,0.0
Bannatynes Cookridge Hall,185.0,18.0,4.28,2025-11-25 04:45:30+00:00,0.0,0.0,0.0,0.0
Bannatynes Cookridge Hall,185.0,18.0,4.28,2025-11-25 05:00:30+00:00,0.0,0.0,0.0,0.0
Bannatynes Cookridge Hall,185.0,18.0,4.28,2025-11-25 05:15:30+00:00,0.0,0.0,0.0,0.0
Bannatynes Cookridge Hall,185.0,18.0,4.28,2025-11-25 05:30:30+00:00,0.0,0.0,0.0,0.0
Bannatynes Cookridge Hall,185.0,18.0,4.28,2025-11-25 05:45:30+00:00,0.0,0.0,0.0,0.0
Bannatynes Cookridge Hall,185.0,18.0,4.28,2025-11-25 06:00:30+00:00,0.0,0.0,0.0,0.0
Bannatynes Cookridge Hall,185.0,18.0,4.28,2025-11-25 06:15:30+00:00,0.0,0.0,0.0,0.0
Bannatynes Cookridge Hall,185.0,18.0,4.28,2025-11-25 06:30:30+00:00,0.0,0.0,0.0,0.0
Bannatynes Cookridge Hall,185.0,18.0,4.28,2025-11-25 06:45:30+00:00,0.0,0.0,0.0,0.0
Bannatynes Cookridge Hall,185.0,18.0,4.28,2025-11-25 07:00:30+00:00,0.0,0.0,0.0,0.0
Bannatynes Cookridge Hall,185.0,18.0,4.28,2025-11-25 07:15:30+00:00,0.0,0.0,0.0,0.0
Bannatynes Cookridge Hall,185.0,18.0,4.28,2025-11-25 07:30:30+00:00,0.0,0.0,0.0,0.0
Bannatynes Cookridge Hall,185.0,18.0,4.28,2025-11-25 07:45:30+00:00,0.00075,0.0005,0.00075,0.00075
Bannatynes Cookridge Hall,185.0,18.0,4.28,2025-11-25 08:00:30+00:00,0.002,0.0015,0.00225,0.002
Bannatynes Cookridge Hall,185.0,18.0,4.28,2025-11-25 08:15:30+00:00,0.01575,0.01075,0.02,0.00575
Bannatynes Cookridge Hall,185.0,18.0,4.28,2025-11-25 08:30:30+00:00,0.02925,0.0195,0.03575,0.01125
Bannatynes Cookridge Hall,185.0,18.0,4.28,2025-11-25 08:45:30+00:00,0.04,0.025,0.046,0.01775
Bannatynes Cookridge Hall,185.0,18.0,4.28,2025-11-25 09:00:30+00:00,0.04225,0.03025,0.05375,0.02125
Bannatynes Cookridge Hall,185.0,18.0,4.28,2025-11-25 09:15:30+00:00,0.0575,0.04,0.0685,0.028
Bannatynes Cookridge Hall,185.0,18.0,4.28,2025-11-25 09:30:30+00:00,0.07275,0.0525,0.083,0.03475
Bannatynes Cookridge Hall,185.0,18.0,4.28,2025-11-25 09:45:30+00:00,0.0825,0.0625,0.093,0.04
Bannatynes Cookridge Hall,185.0,18.0,4.28,2025-11-25 10:00:30+00:00,0.09,0.07075,0.10125,0.0445
Bannatynes Cookridge Hall,185.0,18.0,4.28,2025-11-25 10:15:30+00:00,0.09675,0.0775,0.1085,0.0485
Bannatynes Cookridge Hall,185.0,18.0,4.28,2025-11-25 10:30:30+00:00,0.1025,0.083,0.11475,0.052
Bannatynes Cookridge Hall,185.0,18.0,4.28,2025-11-25 10:45:30+00:00,0.107,0.087,0.12025,0.05475
Bannatynes Cookridge Hall,185.0,18.0,4.28,2025-11-25 11:00:30+00:00,0.11075,0.09,0.1245,0.057
Bannatynes Cookridge Hall,185.0,18.0,4.28,2025-11-25 11:15:30+00:00,0.11275,0.09,0.127,0.0585
Bannatynes Cookridge Hall,185.0,18.0,4.28,2025-11-25 11:30:30+00:00,0.1085,0.09025,0.128,0.057
Bannatynes Cookridge Hall,185.0,18.0,4.28,2025-11-25 11:45:30+00:00,0.1125,0.09125,0.1295,0.05875
Bannatynes Cookridge Hall,185.0,18.0,4.28,2025-11-25 12:00:30+00:00,0.11575,0.0915,0.13,0.06
Bannatynes Cookridge Hall,185.0,18.0,4.28,2025-11-25 12:15:30+00:00,0.1095,0.08125,0.12675,0.05725
Bannatynes Cookridge Hall,185.0,18.0,4.28,2025-11-25 12:30:30+00:00,0.098,0.06675,0.11675,0.054
Bannatynes Cookridge Hall,185.0,18.0,4.28,2025-11-25 12:45:30+00:00,0.08825,0.04925,0.109,0.0505
Bannatynes Cookridge Hall,185.0,18.0,4.28,2025-11-25 13:00:30+00:00,0.06,0.04,0.0945,0.0375
Bannatynes Cookridge Hall,185.0,18.0,4.28,2025-11-25 13:15:30+00:00,0.0745,0.04125,0.098,0.042
Bannatynes Cookridge Hall,185.0,18.0,4.28,2025-11-25 13:30:30+00:00,0.08875,0.048,0.101,0.04475
Bannatynes Cookridge Hall,185.0,18.0,4.28,2025-11-25 13:45:30+00:00,0.072,0.03625,0.08675,0.03825
Bannatynes Cookridge Hall,185.0,18.0,4.28,2025-11-25 14:00:30+00:00,0.04025,0.024,0.067,0.02425
Bannatynes Cookridge Hall,185.0,18.0,4.28,2025-11-25 14:15:30+00:00,0.04325,0.0185,0.06075,0.02425
Bannatynes Cookridge Hall,185.0,18.0,4.28,2025-11-25 14:30:30+00:00,0.03125,0.016,0.04825,0.018
Bannatynes Cookridge Hall,185.0,18.0,4.28,2025-11-25 14:45:30+00:00,0.023,0.0125,0.03725,0.01325
Bannatynes Cookridge Hall,185.0,18.0,4.28,2025-11-25 15:00:30+00:00,0.0265,0.012,0.03475,0.0115
Bannatynes Cookridge Hall,185.0,18.0,4.28,2025-11-25 15:15:30+00:00,0.0175,0.00925,0.02175,0.00675
Bannatynes Cookridge Hall,185.0,18.0,4.28,2025-11-25 15:30:30+00:00,0.002,0.0015,0.00275,0.002
Bannatynes Cookridge Hall,185.0,18.0,4.28,2025-11-25 15:45:30+00:00,0.00025,0.00025,0.00025,0.00025
Bannatynes Cookridge Hall,185.0,18.0,4.28,2025-11-25 16:00:30+00:00,0.0,0.0,0.0,0.0
Bannatynes Cookridge Hall,185.0,18.0,4.28,2025-11-25 16:15:30+00:00,0.0,0.0,0.0,0.0
Bannatynes Cookridge Hall,185.0,18.0,4.28,2025-11-25 16:30:30+00:00,0.0,0.0,0.0,0.0
Bannatynes Cookridge Hall,185.0,18.0,4.28,2025-11-25 16:45:30+00:00,0.0,0.0,0.0,0.0
Bannatynes Cookridge Hall,185.0,18.0,4.28,2025-11-25 17:00:30+00:00,0.0,0.0,0.0,0.0
Bannatynes Cookridge Hall,185.0,18.0,4.28,2025-11-25 17:15:30+00:00,0.0,0.0,0.0,0.0
Bannatynes Cookridge Hall,185.0,18.0,4.28,2025-11-25 17:30:30+00:00,0.0,0.0,0.0,0.0
Bannatynes Cookridge Hall,185.0,18.0,4.28,2025-11-25 17:45:30+00:00,0.0,0.0,0.0,0.0
Bannatynes Cookridge Hall,185.0,18.0,4.28,2025-11-25 18:00:30+00:00,0.0,0.0,0.0,0.0
Bannatynes Cookridge Hall,185.0,18.0,4.28,2025-11-25 18:15:30+00:00,0.0,0.0,0.0,0.0
Bannatynes Cookridge Hall,185.0,18.0,4.28,2025-11-25 18:30:30+00:00,0.0,0.0,0.0,0.0
Bannatynes Cookridge Hall,185.0,18.0,4.28,2025-11-25 18:45:30+00:00,0.0,0.0,0.0,0.0
Bannatynes Cookridge Hall,185.0,18.0,4.28,2025-11-25 19:00:30+00:00,0.0,0.0,0.0,0.0
Bannatynes Cookridge Hall,185.0,18.0,4.28,2025-11-25 19:15:30+00:00,0.0,0.0,0.0,0.0
Bannatynes Cookridge Hall,185.0,18.0,4.28,2025-11-25 19:30:30+00:00,0.0,0.0,0.0,0.0
Bannatynes Cookridge Hall,185.0,18.0,4.28,2025-11-25 19:45:30+00:00,0.0,0.0,0.0,0.0
Bannatynes Cookridge Hall,185.0,18.0,4.28,2025-11-25 20:00:30+00:00,0.0,0.0,0.0,0.0
Bannatynes Cookridge Hall,185.0,18.0,4.28,2025-11-25 20:15:30+00:00,0.0,0.0,0.0,0.0
Bannatynes Cookridge Hall,185.0,18.0,4.28,2025-11-25 20:30:30+00:00,0.0,0.0,0.0,0.0
Bannatynes Cookridge Hall,185.0,18.0,4.28,2025-11-25 20:45:30+00:00,0.0,0.0,0.0,0.0
Bannatynes Cookridge Hall,185.0,18.0,4.28,2025-11-25 21:00:30+00:00,0.0,0.0,0.0,0.0
Bannatynes Cookridge Hall,185.0,18.0,4.28,2025-11-25 21:15:30+00:00,0.0,0.0,0.0,0.0
Bannatynes Cookridge Hall,185.0,18.0,4.28,2025-11-25 21:30:30+00:00,0.0,0.0,0.0,0.0
Bannatynes Cookridge Hall,185.0,18.0,4.28,2025-11-25 21:45:30+00:00,0.0,0.0,0.0,0.0
Bannatynes Cookridge Hall,185.0,18.0,4.28,2025-11-25 22:00:30+00:00,0.0,0.0,0.0,0.0
Bannatynes Cookridge Hall,185.0,18.0,4.28,2025-11-25 22:15:30+00:00,0.0,0.0,0.0,0.0
Bannatynes Cookridge Hall,185.0,18.0,4.28,2025-11-25 22:30:30+00:00,0.0,0.0,0.0,0.0
Bannatynes Cookridge Hall,185.0,18.0,4.28,2025-11-25 22:45:30+00:00,0.0,0.0,0.0,0.0
Bannatynes Cookridge Hall,185.0,18.0,4.28,2025-11-25 23:00:30+00:00,0.0,0.0,0.0,0.0
Bannatynes Cookridge Hall,185.0,18.0,4.28,2025-11-25 23:15:30+00:00,0.0,0.0,0.0,0.0
Bannatynes Cookridge Hall,185.0,18.0,4.28,2025-11-25 23:30:30+00:00,0.0,0.0,0.0,0.0
Bannatynes Cookridge Hall,185.0,18.0,4.28,2025-11-25 23:45:30+00:00,0.0,0.0,0.0,0.0
Bannatynes Cookridge Hall,185.0,18.0,4.28,2025-11-26 00:00:30+00:00,0.0,0.0,0.0,0.0
Bannatynes Cookridge Hall,185.0,18.0,4.28,2025-11-26 00:15:30+00:00,0.0,0.0,0.0,0.0
Bannatynes Cookridge Hall,185.0,18.0,4.28,2025-11-26 00:30:30+00:00,0.0,0.0,0.0,0.0
Bannatynes Cookridge Hall,185.0,18.0,4.28,2025-11-26 00:45:30+00:00,0.0,0.0,0.0,0.0
Bannatynes Cookridge Hall,185.0,18.0,4.28,2025-11-26 01:00:30+00:00,0.0,0.0,0.0,0.0
Bannatynes Cookridge Hall,185.0,18.0,4.28,2025-11-26 01:15:30+00:00,0.0,0.0,0.0,0.0
Bannatynes Cookridge Hall,185.0,18.0,4.28,2025-11-26 01:30:30+00:00,0.0,0.0,0.0,0.0
Bannatynes Cookridge Hall,185.0,18.0,4.28,2025-11-26 01:45:30+00:00,0.0,0.0,0.0,0.0
Bannatynes Cookridge Hall,185.0,18.0,4.28,2025-11-26 02:00:30+00:00,0.0,0.0,0.0,0.0
Bannatynes Cookridge Hall,185.0,18.0,4.28,2025-11-26 02:15:30+00:00,0.0,0.0,0.0,0.0
Bannatynes Cookridge Hall,185.0,18.0,4.28,2025-11-26 02:30:30+00:00,0.0,0.0,0.0,0.0
Bannatynes Cookridge Hall,185.0,18.0,4.28,2025-11-26 02:45:30+00:00,0.0,0.0,0.0,0.0
Bannatynes Cookridge Hall,185.0,18.0,4.28,2025-11-26 03:00:30+00:00,0.0,0.0,0.0,0.0
Bannatynes Cookridge Hall,185.0,18.0,4.28,2025-11-26 03:15:30+00:00,0.0,0.0,0.0,0.0
Bannatynes Cookridge Hall,185.0,18.0,4.28,2025-11-26 03:30:30+00:00,0.0,0.0,0.0,0.0
Bannatynes Cookridge Hall,185.0,18.0,4.28,2025-11-26 03:45:30+00:00,0.0,0.0,0.0,0.0
Bannatynes Cookridge Hall,185.0,18.0,4.28,2025-11-26 04:00:30+00:00,0.0,0.0,0.0,0.0
Bannatynes Cookridge Hall,185.0,18.0,4.28,2025-11-26 04:15:30+00:00,0.0,0.0,0.0,0.0
Bannatynes Cookridge Hall,185.0,18.0,4.28,2025-11-26 04:30:30+00:00,0.0,0.0,0.0,0.0
Bannatynes Cookridge Hall,185.0,18.0,4.28,2025-11-26 04:45:30+00:00,0.0,0.0,0.0,0.0
Bannatynes Cookridge Hall,185.0,18.0,4.28,2025-11-26 05:00:30+00:00,0.0,0.0,0.0,0.0
Bannatynes Cookridge Hall,185.0,18.0,4.28,2025-11-26 05:15:30+00:00,0.0,0.0,0.0,0.0
Bannatynes Cookridge Hall,185.0,18.0,4.28,2025-11-26 05:30:30+00:00,0.0,0.0,0.0,0.0
Bannatynes Cookridge Hall,185.0,18.0,4.28,2025-11-26 05:45:30+00:00,0.0,0.0,0.0,0.0
Bannatynes Cookridge Hall,185.0,18.0,4.28,2025-11-26 06:00:30+00:00,0.0,0.0,0.0,0.0
Bannatynes Cookridge Hall,185.0,18.0,4.28,2025-11-26 06:15:30+00:00,0.0,0.0,0.0,0.0
Bannatynes Cookridge Hall,185.0,18.0,4.28,2025-11-26 06:30:30+00:00,0.0,0.0,0.0,0.0
Bannatynes Cookridge Hall,185.0,18.0,4.28,2025-11-26 06:45:30+00:00,0.0,0.0,0.0,0.0
Bannatynes Cookridge Hall,185.0,18.0,4.28,2025-11-26 07:00:30+00:00,0.0,0.0,0.0,0.0
Bannatynes Cookridge Hall,185.0,18.0,4.28,2025-11-26 07:15:30+00:00,0.0,0.0,0.0,0.0
Bannatynes Cookridge Hall,185.0,18.0,4.28,2025-11-26 07:30:30+00:00,0.0,0.0,0.0,0.0
Bannatynes Cookridge Hall,185.0,18.0,4.28,2025-11-26 07:45:30+00:00,0.0,0.0,0.0,0.0
Bannatynes Cookridge Hall,185.0,18.0,4.28,2025-11-26 08:00:30+00:00,0.0015,0.00125,0.00175,0.0015
Bannatynes Cookridge Hall,185.0,18.0,4.28,2025-11-26 08:15:30+00:00,0.01175,0.00825,0.01475,0.005
Bannatynes Cookridge Hall,185.0,18.0,4.28,2025-11-26 08:30:30+00:00,0.026,0.01725,0.03125,0.01025
Bannatynes Cookridge Hall,185.0,18.0,4.28,2025-11-26 08:45:30+00:00,0.037,0.0255,0.04425,0.0155
Bannatynes Cookridge Hall,185.0,18.0,4.28,2025-11-26 09:00:30+00:00,0.04625,0.0325,0.05475,0.021
Bannatynes Cookridge Hall,185.0,18.0,4.28,2025-11-26 09:15:30+00:00,0.05325,0.0395,0.0645,0.0255
Bannatynes Cookridge Hall,185.0,18.0,4.28,2025-11-26 09:30:30+00:00,0.06325,0.04625,0.0745,0.03125
Bannatynes Cookridge Hall,185.0,18.0,4.28,2025-11-26 09:45:30+00:00,0.07075,0.053,0.08375,0.0355
Bannatynes Cookridge Hall,185.0,18.0,4.28,2025-11-26 10:00:30+00:00,0.0765,0.05975,0.092,0.03925
Bannatynes Cookridge Hall,185.0,18.0,4.28,2025-11-26 10:15:30+00:00,0.08775,0.0675,0.1005,0.04475
Bannatynes Cookridge Hall,185.0,18.0,4.28,2025-11-26 10:30:30+00:00,0.0935,0.07325,0.10725,0.048
Bannatynes Cookridge Hall,185.0,18.0,4.28,2025-11-26 10:45:30+00:00,0.09575,0.07575,0.11175,0.04975
Bannatynes Cookridge Hall,185.0,18.0,4.28,2025-11-26 11:00:30+00:00,0.09625,0.075,0.115,0.05075
Bannatynes Cookridge Hall,185.0,18.0,4.28,2025-11-26 11:15:30+00:00,0.09625,0.0735,0.11675,0.0515
Bannatynes Cookridge Hall,185.0,18.0,4.28,2025-11-26 11:30:30+00:00,0.09775,0.06475,0.11775,0.05275
Bannatynes Cookridge Hall,185.0,18.0,4.28,2025-11-26 11:45:30+00:00,0.08275,0.0505,0.111,0.04775
Bannatynes Cookridge Hall,185.0,18.0,4.28,2025-11-26 12:00:30+00:00,0.07175,0.036,0.10225,0.0445
Bannatynes Cookridge Hall,185.0,18.0,4.28,2025-11-26 12:15:30+00:00,0.05075,0.02525,0.08125,0.036
Bannatynes Cookridge Hall,185.0,18.0,4.28,2025-11-26 12:30:30+00:00,0.04275,0.023,0.069,0.032
Bannatynes Cookridge Hall,185.0,18.0,4.28,2025-11-26 12:45:30+00:00,0.05125,0.0165,0.07425,0.03525
Bannatynes Cookridge Hall,185.0,18.0,4.28,2025-11-26 13:00:30+00:00,0.03275,0.00725,0.0625,0.02625
Bannatynes Cookridge Hall,185.0,18.0,4.28,2025-11-26 13:15:30+00:00,0.02575,0.005,0.04925,0.022
Bannatynes Cookridge Hall,185.0,18.0,4.28,2025-11-26 13:30:30+00:00,0.00875,0.00375,0.0345,0.00825
Bannatynes Cookridge Hall,185.0,18.0,4.28,2025-11-26 13:45:30+00:00,0.01075,0.003,0.02825,0.011
Bannatynes Cookridge Hall,185.0,18.0,4.28,2025-11-26 14:00:30+00:00,0.0175,0.0035,0.03375,0.0155
Bannatynes Cookridge Hall,185.0,18.0,4.28,2025-11-26 14:15:30+00:00,0.01525,0.003,0.036,0.01325
Bannatynes Cookridge Hall,185.0,18.0,4.28,2025-11-26 14:30:30+00:00,0.0335,0.00675,0.04725,0.01875
Bannatynes Cookridge Hall,185.0,18.0,4.28,2025-11-26 14:45:30+00:00,0.034,0.01325,0.04275,0.016
Bannatynes Cookridge Hall,185.0,18.0,4.28,2025-11-26 15:00:30+00:00,0.02475,0.0125,0.03325,0.01025
Bannatynes Cookridge Hall,185.0,18.0,4.28,2025-11-26 15:15:30+00:00,0.00875,0.00525,0.012,0.0055
Bannatynes Cookridge Hall,185.0,18.0,4.28,2025-11-26 15:30:30+00:00,0.0015,0.00125,0.002,0.0015
Bannatynes Cookridge Hall,185.0,18.0,4.28,2025-11-26 15:45:30+00:00,0.00025,0.0,0.00025,0.00025
Bannatynes Cookridge Hall,185.0,18.0,4.28,2025-11-26 16:00:30+00:00,0.0,0.0,0.0,0.0
Bannatynes Cookridge Hall,185.0,18.0,4.28,2025-11-26 16:15:30+00:00,0.0,0.0,0.0,0.0
Bannatynes Cookridge Hall,185.0,18.0,4.28,2025-11-26 16:30:30+00:00,0.0,0.0,0.0,0.0
Bannatynes Cookridge Hall,185.0,18.0,4.28,2025-11-26 16:45:30+00:00,0.0,0.0,0.0,0.0
Bannatynes Cookridge Hall,185.0,18.0,4.28,2025-11-26 17:00:30+00:00,0.0,0.0,0.0,0.0
Bannatynes Cookridge Hall,185.0,18.0,4.28,2025-11-26 17:15:30+00:00,0.0,0.0,0.0,0.0
Bannatynes Cookridge Hall,185.0,18.0,4.28,2025-11-26 17:30:30+00:00,0.0,0.0,0.0,0.0
Bannatynes Cookridge Hall,185.0,18.0,4.28,2025-11-26 17:45:30+00:00,0.0,0.0,0.0,0.0
Bannatynes Cookridge Hall,185.0,18.0,4.28,2025-11-26 18:00:30+00:00,0.0,0.0,0.0,0.0
Bannatynes Cookridge Hall,185.0,18.0,4.28,2025-11-26 18:15:30+00:00,0.0,0.0,0.0,0.0
Bannatynes Cookridge Hall,185.0,18.0,4.28,2025-11-26 18:30:30+00:00,0.0,0.0,0.0,0.0
Bannatynes Cookridge Hall,185.0,18.0,4.28,2025-11-26 18:45:30+00:00,0.0,0.0,0.0,0.0
Bannatynes Cookridge Hall,185.0,18.0,4.28,2025-11-26 19:00:30+00:00,0.0,0.0,0.0,0.0
Bannatynes Cookridge Hall,185.0,18.0,4.28,2025-11-26 19:15:30+00:00,0.0,0.0,0.0,0.0
Bannatynes Cookridge Hall,185.0,18.0,4.28,2025-11-26 19:30:30+00:00,0.0,0.0,0.0,0.0
Bannatynes Cookridge Hall,185.0,18.0,4.28,2025-11-26 19:45:30+00:00,0.0,0.0,0.0,0.0
Bannatynes Cookridge Hall,185.0,18.0,4.28,2025-11-26 20:00:30+00:00,0.0,0.0,0.0,0.0
Bannatynes Cookridge Hall,185.0,18.0,4.28,2025-11-26 20:15:30+00:00,0.0,0.0,0.0,0.0
Bannatynes Cookridge Hall,185.0,18.0,4.28,2025-11-26 20:30:30+00:00,0.0,0.0,0.0,0.0
Bannatynes Cookridge Hall,185.0,18.0,4.28,2025-11-26 20:45:30+00:00,0.0,0.0,0.0,0.0
Bannatynes Cookridge Hall,185.0,18.0,4.28,2025-11-26 21:00:30+00:00,0.0,0.0,0.0,0.0
Bannatynes Cookridge Hall,185.0,18.0,4.28,2025-11-26 21:15:30+00:00,0.0,0.0,0.0,0.0
Bannatynes Cookridge Hall,185.0,18.0,4.28,2025-11-26 21:30:30+00:00,0.0,0.0,0.0,0.0
Bannatynes Cookridge Hall,185.0,18.0,4.28,2025-11-26 21:45:30+00:00,0.0,0.0,0.0,0.0
Bannatynes Cookridge Hall,185.0,18.0,4.28,2025-11-26 22:00:30+00:00,0.0,0.0,0.0,0.0
Bannatynes Cookridge Hall,185.0,18.0,4.28,2025-11-26 22:15:30+00:00,0.0,0.0,0.0,0.0
Bannatynes Cookridge Hall,185.0,18.0,4.28,2025-11-26 22:30:30+00:00,0.0,0.0,0.0,0.0
Bannatynes Cookridge Hall,185.0,18.0,4.28,2025-11-26 22:45:30+00:00,0.0,0.0,0.0,0.0
Bannatynes Cookridge Hall,185.0,18.0,4.28,2025-11-26 23:00:30+00:00,0.0,0.0,0.0,0.0
Bannatynes Cookridge Hall,185.0,18.0,4.28,2025-11-26 23:15:30+00:00,0.0,0.0,0.0,0.0
Bannatynes Cookridge Hall,185.0,18.0,4.28,2025-11-26 23:30:30+00:00,0.0,0.0,0.0,0.0
Bannatynes Cookridge Hall,185.0,18.0,4.28,2025-11-26 23:45:30+00:00,0.0,0.0,0.0,0.0
Bannatynes Cookridge Hall,185.0,18.0,4.28,2025-11-27 00:00:30+00:00,0.0,0.0,0.0,0.0
Bannatynes Cookridge Hall,185.0,18.0,4.28,2025-11-27 00:15:30+00:00,0.0,0.0,0.0,0.0
Bannatynes Cookridge Hall,185.0,18.0,4.28,2025-11-27 00:30:30+00:00,0.0,0.0,0.0,0.0
Bannatynes Cookridge Hall,185.0,18.0,4.28,2025-11-27 00:45:30+00:00,0.0,0.0,0.0,0.0
Bannatynes Cookridge Hall,185.0,18.0,4.28,2025-11-27 01:00:30+00:00,0.0,0.0,0.0,0.0
Bannatynes Cookridge Hall,185.0,18.0,4.28,2025-11-27 01:15:30+00:00,0.0,0.0,0.0,0.0
Bannatynes Cookridge Hall,185.0,18.0,4.28,2025-11-27 01:30:30+00:00,0.0,0.0,0.0,0.0
Bannatynes Cookridge Hall,185.0,18.0,4.28,2025-11-27 01:45:30+00:00,0.0,0.0,0.0,0.0
Bannatynes Cookridge Hall,185.0,18.0,4.28,2025-11-27 02:00:30+00:00,0.0,0.0,0.0,0.0
Bannatynes Cookridge Hall,185.0,18.0,4.28,2025-11-27 02:15:30+00:00,0.0,0.0,0.0,0.0
Bannatynes Cookridge Hall,185.0,18.0,4.28,2025-11-27 02:30:30+00:00,0.0,0.0,0.0,0.0
Bannatynes Cookridge Hall,185.0,18.0,4.28,2025-11-27 02:45:30+00:00,0.0,0.0,0.0,0.0
Bannatynes Cookridge Hall,185.0,18.0,4.28,2025-11-27 03:00:30+00:00,0.0,0.0,0.0,0.0
Bannatynes Cookridge Hall,185.0,18.0,4.28,2025-11-27 03:15:30+00:00,0.0,0.0,0.0,0.0
Bannatynes Cookridge Hall,185.0,18.0,4.28,2025-11-27 03:30:30+00:00,0.0,0.0,0.0,0.0
Bannatynes Cookridge Hall,185.0,18.0,4.28,2025-11-27 03:45:30+00:00,0.0,0.0,0.0,0.0
Bannatynes Cookridge Hall,185.0,18.0,4.28,2025-11-27 04:00:30+00:00,0.0,0.0,0.0,0.0
Bannatynes Cookridge Hall,185.0,18.0,4.28,2025-11-27 04:15:30+00:00,0.0,0.0,0.0,0.0
Bannatynes Cookridge Hall,185.0,18.0,4.28,2025-11-27 04:30:30+00:00,0.0,0.0,0.0,0.0
Bannatynes Cookridge Hall,185.0,18.0,4.28,2025-11-27 04:45:30+00:00,0.0,0.0,0.0,0.0
Bannatynes Cookridge Hall,185.0,18.0,4.28,2025-11-27 05:00:30+00:00,0.0,0.0,0.0,0.0
Bannatynes Cookridge Hall,185.0,18.0,4.28,2025-11-27 05:15:30+00:00,0.0,0.0,0.0,0.0
Bannatynes Cookridge Hall,185.0,18.0,4.28,2025-11-27 05:30:30+00:00,0.0,0.0,0.0,0.0
Bannatynes Cookridge Hall,185.0,18.0,4.28,2025-11-27 05:45:30+00:00,0.0,0.0,0.0,0.0
Bannatynes Cookridge Hall,185.0,18.0,4.28,2025-11-27 06:00:30+00:00,0.0,0.0,0.0,0.0
Bannatynes Cookridge Hall,185.0,18.0,4.28,2025-11-27 06:15:30+00:00,0.0,0.0,0.0,0.0
Bannatynes Cookridge Hall,185.0,18.0,4.28,2025-11-27 06:30:30+00:00,0.0,0.0,0.0,0.0
Bannatynes Cookridge Hall,185.0,18.0,4.28,2025-11-27 06:45:30+00:00,0.0,0.0,0.0,0.0
Bannatynes Cookridge Hall,185.0,18.0,4.28,2025-11-27 07:00:30+00:00,0.0,0.0,0.0,0.0
Bannatynes Cookridge Hall,185.0,18.0,4.28,2025-11-27 07:15:30+00:00,0.0,0.0,0.0,0.0
Bannatynes Cookridge Hall,185.0,18.0,4.28,2025-11-27 07:30:30+00:00,0.0,0.0,0.0,0.0
Bannatynes Cookridge Hall,185.0,18.0,4.28,2025-11-27 07:45:30+00:00,0.0,0.0,0.0,0.0
Bannatynes Cookridge Hall,185.0,18.0,4.28,2025-11-27 08:00:30+00:00,0.00025,0.0,0.00075,0.00025
Bannatynes Cookridge Hall,185.0,18.0,4.28,2025-11-27 08:15:30+00:00,0.00075,0.00025,0.003,0.00075
Bannatynes Cookridge Hall,185.0,18.0,4.28,2025-11-27 08:30:30+00:00,0.002,0.00075,0.00525,0.002
Bannatynes Cookridge Hall,185.0,18.0,4.28,2025-11-27 08:45:30+00:00,0.0015,0.00125,0.00575,0.0015
Bannatynes Cookridge Hall,185.0,18.0,4.28,2025-11-27 09:00:30+00:00,0.00675,0.00175,0.0135,0.00725
Bannatynes Cookridge Hall,185.0,18.0,4.28,2025-11-27 09:15:30+00:00,0.00875,0.002,0.017,0.009
Bannatynes Cookridge Hall,185.0,18.0,4.28,2025-11-27 09:30:30+00:00,0.00975,0.0025,0.01875,0.01025
Bannatynes Cookridge Hall,185.0,18.0,4.28,2025-11-27 09:45:30+00:00,0.01025,0.003,0.021,0.01075
Bannatynes Cookridge Hall,185.0,18.0,4.28,2025-11-27 10:00:30+00:00,0.01525,0.0035,0.0235,0.015
Bannatynes Cookridge Hall,185.0,18.0,4.28,2025-11-27 10:15:30+00:00,0.01025,0.0035,0.0235,0.0105
Bannatynes Cookridge Hall,185.0,18.0,4.28,2025-11-27 10:30:30+00:00,0.01125,0.00375,0.0225,0.01175
Bannatynes Cookridge Hall,185.0,18.0,4.28,2025-11-27 10:45:30+00:00,0.01275,0.004,0.024,0.01325
Bannatynes Cookridge Hall,185.0,18.0,4.28,2025-11-27 11:00:30+00:00,0.01425,0.00425,0.02575,0.01475
Bannatynes Cookridge Hall,185.0,18.0,4.28,2025-11-27 11:15:30+00:00,0.015,0.0045,0.02875,0.01525
Bannatynes Cookridge Hall,185.0,18.0,4.28,2025-11-27 11:30:30+00:00,0.01875,0.00525,0.033,0.01875
Bannatynes Cookridge Hall,185.0,18.0,4.28,2025-11-27 11:45:30+00:00,0.02425,0.00725,0.03825,0.023
Bannatynes Cookridge Hall,185.0,18.0,4.28,2025-11-27 12:00:30+00:00,0.024,0.0085,0.03925,0.023
Bannatynes Cookridge Hall,185.0,18.0,4.28,2025-11-27 12:15:30+00:00,0.023,0.0105,0.041,0.02225
Bannatynes Cookridge Hall,185.0,18.0,4.28,2025-11-27 12:30:30+00:00,0.03775,0.011,0.05275,0.0295
Bannatynes Cookridge Hall,185.0,18.0,4.28,2025-11-27 12:45:30+00:00,0.02625,0.00575,0.0515,0.023
Bannatynes Cookridge Hall,185.0,18.0,4.28,2025-11-27 13:00:30+00:00,0.02575,0.005,0.04625,0.0225
Bannatynes Cookridge Hall,185.0,18.0,4.28,2025-11-27 13:15:30+00:00,0.0095,0.004,0.03425,0.00925
Bannatynes Cookridge Hall,185.0,18.0,4.28,2025-11-27 13:30:30+00:00,0.0045,0.00325,0.01775,0.0045
Bannatynes Cookridge Hall,185.0,18.0,4.28,2025-11-27 13:45:30+00:00,0.00375,0.003,0.01475,0.00375
Bannatynes Cookridge Hall,185.0,18.0,4.28,2025-11-27 14:00:30+00:00,0.00925,0.00275,0.0225,0.009
Bannatynes Cookridge Hall,185.0,18.0,4.28,2025-11-27 14:15:30+00:00,0.00725,0.00225,0.0255,0.0075
Bannatynes Cookridge Hall,185.0,18.0,4.28,2025-11-27 14:30:30+00:00,0.0255,0.005,0.03875,0.01525
Bannatynes Cookridge Hall,185.0,18.0,4.28,2025-11-27 14:45:30+00:00,0.01475,0.00375,0.027,0.0105
Bannatynes Cookridge Hall,185.0,18.0,4.28,2025-11-27 15:00:30+00:00,0.00925,0.00275,0.01675,0.00675
Bannatynes Cookridge Hall,185.0,18.0,4.28,2025-11-27 15:15:30+00:00,0.0045,0.00175,0.007,0.00375
Bannatynes Cookridge Hall,185.0,18.0,4.28,2025-11-27 15:30:30+00:00,0.001,0.00075,0.00175,0.001
Bannatynes Cookridge Hall,185.0,18.0,4.28,2025-11-27 15:45:30+00:00,0.0,0.0,0.0,0.0
Bannatynes Cookridge Hall,185.0,18.0,4.28,2025-11-27 16:00:30+00:00,0.0,0.0,0.0,0.0
Bannatynes Cookridge Hall,185.0,18.0,4.28,2025-11-27 16:15:30+00:00,0.0,0.0,0.0,0.0
Bannatynes Cookridge Hall,185.0,18.0,4.28,2025-11-27 16:30:30+00:00,0.0,0.0,0.0,0.0
Bannatynes Cookridge Hall,185.0,18.0,4.28,2025-11-27 16:45:30+00:00,0.0,0.0,0.0,0.0
Bannatynes Cookridge Hall,185.0,18.0,4.28,2025-11-27 17:00:30+00:00,0.0,0.0,0.0,0.0
Bannatynes Cookridge Hall,185.0,18.0,4.28,2025-11-27 17:15:30+00:00,0.0,0.0,0.0,0.0
Bannatynes Cookridge Hall,185.0,18.0,4.28,2025-11-27 17:30:30+00:00,0.0,0.0,0.0,0.0
Bannatynes Cookridge Hall,185.0,18.0,4.28,2025-11-27 17:45:30+00:00,0.0,0.0,0.0,0.0
Bannatynes Cookridge Hall,185.0,18.0,4.28,2025-11-27 18:00:30+00:00,0.0,0.0,0.0,0.0
Bannatynes Cookridge Hall,185.0,18.0,4.28,2025-11-27 18:15:30+00:00,0.0,0.0,0.0,0.0
Bannatynes Cookridge Hall,185.0,18.0,4.28,2025-11-27 18:30:30+00:00,0.0,0.0,0.0,0.0
Bannatynes Cookridge Hall,185.0,18.0,4.28,2025-11-27 18:45:30+00:00,0.0,0.0,0.0,0.0
Bannatynes Cookridge Hall,185.0,18.0,4.28,2025-11-27 19:00:30+00:00,0.0,0.0,0.0,0.0
Bannatynes Cookridge Hall,185.0,18.0,4.28,2025-11-27 19:15:30+00:00,0.0,0.0,0.0,0.0
Bannatynes Cookridge Hall,185.0,18.0,4.28,2025-11-27 19:30:30+00:00,0.0,0.0,0.0,0.0
Bannatynes Cookridge Hall,185.0,18.0,4.28,2025-11-27 19:45:30+00:00,0.0,0.0,0.0,0.0
Bannatynes Cookridge Hall,185.0,18.0,4.28,2025-11-27 20:00:30+00:00,0.0,0.0,0.0,0.0
Bannatynes Cookridge Hall,185.0,18.0,4.28,2025-11-27 20:15:30+00:00,0.0,0.0,0.0,0.0
Bannatynes Cookridge Hall,185.0,18.0,4.28,2025-11-27 20:30:30+00:00,0.0,0.0,0.0,0.0
Bannatynes Cookridge Hall,185.0,18.0,4.28,2025-11-27 20:45:30+00:00,0.0,0.0,0.0,0.0
Bannatynes Cookridge Hall,185.0,18.0,4.28,2025-11-27 21:00:30+00:00,0.0,0.0,0.0,0.0
Bannatynes Cookridge Hall,185.0,18.0,4.28,2025-11-27 21:15:30+00:00,0.0,0.0,0.0,0.0
Bannatynes Cookridge Hall,185.0,18.0,4.28,2025-11-27 21:30:30+00:00,0.0,0.0,0.0,0.0
Bannatynes Cookridge Hall,185.0,18.0,4.28,2025-11-27 21:45:30+00:00,0.0,0.0,0.0,0.0
Bannatynes Cookridge Hall,185.0,18.0,4.28,2025-11-27 22:00:30+00:00,0.0,0.0,0.0,0.0
Bannatynes Cookridge Hall,185.0,18.0,4.28,2025-11-27 22:15:30+00:00,0.0,0.0,0.0,0.0
Bannatynes Cookridge Hall,185.0,18.0,4.28,2025-11-27 22:30:30+00:00,0.0,0.0,0.0,0.0
Bannatynes Cookridge Hall,185.0,18.0,4.28,2025-11-27 22:45:30+00:00,0.0,0.0,0.0,0.0
Bannatynes Cookridge Hall,185.0,18.0,4.28,2025-11-27 23:00:30+00:00,0.0,0.0,0.0,0.0
Bannatynes Cookridge Hall,185.0,18.0,4.28,2025-11-27 23:15:30+00:00,0.0,0.0,0.0,0.0
Bannatynes Cookridge Hall,185.0,18.0,4.28,2025-11-27 23:30:30+00:00,0.0,0.0,0.0,0.0
Bannatynes Cookridge Hall,185.0,18.0,4.28,2025-11-27 23:45:30+00:00,0.0,0.0,0.0,0.0
Bannatynes Cookridge Hall,185.0,18.0,4.28,2025-11-28 00:00:30+00:00,0.0,0.0,0.0,0.0
Bannatynes Cookridge Hall,185.0,18.0,4.28,2025-11-28 00:15:30+00:00,0.0,0.0,0.0,0.0
Bannatynes Cookridge Hall,185.0,18.0,4.28,2025-11-28 00:30:30+00:00,0.0,0.0,0.0,0.0
Bannatynes Cookridge Hall,185.0,18.0,4.28,2025-11-28 00:45:30+00:00,0.0,0.0,0.0,0.0
Bannatynes Cookridge Hall,185.0,18.0,4.28,2025-11-28 01:00:30+00:00,0.0,0.0,0.0,0.0
Bannatynes Cookridge Hall,185.0,18.0,4.28,2025-11-28 01:15:30+00:00,0.0,0.0,0.0,0.0
Bannatynes Cookridge Hall,185.0,18.0,4.28,2025-11-28 01:30:30+00:00,0.0,0.0,0.0,0.0
Bannatynes Cookridge Hall,185.0,18.0,4.28,2025-11-28 01:45:30+00:00,0.0,0.0,0.0,0.0
Bannatynes Cookridge Hall,185.0,18.0,4.28,2025-11-28 02:00:30+00:00,0.0,0.0,0.0,0.0
Bannatynes Cookridge Hall,185.0,18.0,4.28,2025-11-28 02:15:30+00:00,0.0,0.0,0.0,0.0
Bannatynes Cookridge Hall,185.0,18.0,4.28,2025-11-28 02:30:30+00:00,0.0,0.0,0.0,0.0
Bannatynes Cookridge Hall,185.0,18.0,4.28,2025-11-28 02:45:30+00:00,0.0,0.0,0.0,0.0
Bannatynes Cookridge Hall,185.0,18.0,4.28,2025-11-28 03:00:30+00:00,0.0,0.0,0.0,0.0
Bannatynes Cookridge Hall,185.0,18.0,4.28,2025-11-28 03:15:30+00:00,0.0,0.0,0.0,0.0
Bannatynes Cookridge Hall,185.0,18.0,4.28,2025-11-28 03:30:30+00:00,0.0,0.0,0.0,0.0
Bannatynes Cookridge Hall,185.0,18.0,4.28,2025-11-28 03:45:30+00:00,0.0,0.0,0.0,0.0
Bannatynes Cookridge Hall,185.0,18.0,4.28,2025-11-28 04:00:30+00:00,0.0,0.0,0.0,0.0
Bannatynes Cookridge Hall,185.0,18.0,4.28,2025-11-28 04:15:30+00:00,0.0,0.0,0.0,0.0
Bannatynes Cookridge Hall,185.0,18.0,4.28,2025-11-28 04:30:30+00:00,0.0,0.0,0.0,0.0
Bannatynes Cookridge Hall,185.0,18.0,4.28,2025-11-28 04:45:30+00:00,0.0,0.0,0.0,0.0
Bannatynes Cookridge Hall,185.0,18.0,4.28,2025-11-28 05:00:30+00:00,0.0,0.0,0.0,0.0
Bannatynes Cookridge Hall,185.0,18.0,4.28,2025-11-28 05:15:30+00:00,0.0,0.0,0.0,0.0
Bannatynes Cookridge Hall,185.0,18.0,4.28,2025-11-28 05:30:30+00:00,0.0,0.0,0.0,0.0
Bannatynes Cookridge Hall,185.0,18.0,4.28,2025-11-28 05:45:30+00:00,0.0,0.0,0.0,0.0
Bannatynes Cookridge Hall,185.0,18.0,4.28,2025-11-28 06:00:30+00:00,0.0,0.0,0.0,0.0
Bannatynes Cookridge Hall,185.0,18.0,4.28,2025-11-28 06:15:30+00:00,0.0,0.0,0.0,0.0
Bannatynes Cookridge Hall,185.0,18.0,4.28,2025-11-28 06:30:30+00:00,0.0,0.0,0.0,0.0
Bannatynes Cookridge Hall,185.0,18.0,4.28,2025-11-28 06:45:30+00:00,0.0,0.0,0.0,0.0
Bannatynes Cookridge Hall,185.0,18.0,4.28,2025-11-28 07:00:30+00:00,0.0,0.0,0.0,0.0
Bannatynes Cookridge Hall,185.0,18.0,4.28,2025-11-28 07:15:30+00:00,0.0,0.0,0.0,0.0
Bannatynes Cookridge Hall,185.0,18.0,4.28,2025-11-28 07:30:30+00:00,0.0,0.0,0.0,0.0
Bannatynes Cookridge Hall,185.0,18.0,4.28,2025-11-28 07:45:30+00:00,0.0,0.0,0.0,0.0
Bannatynes Cookridge Hall,185.0,18.0,4.28,2025-11-28 08:00:30+00:00,0.00075,0.0005,0.00075,0.00075
Bannatynes Cookridge Hall,185.0,18.0,4.28,2025-11-28 08:15:30+00:00,0.00675,0.00475,0.008,0.004
Bannatynes Cookridge Hall,185.0,18.0,4.28,2025-11-28 08:30:30+00:00,0.02075,0.014,0.025,0.009
Bannatynes Cookridge Hall,185.0,18.0,4.28,2025-11-28 08:45:30+00:00,0.0335,0.023,0.04,0.01425
Bannatynes Cookridge Hall,185.0,18.0,4.28,2025-11-28 09:00:30+00:00,0.04375,0.03125,0.0515,0.02
Bannatynes Cookridge Hall,185.0,18.0,4.28,2025-11-28 09:15:30+00:00,0.0545,0.0395,0.0625,0.02575
Bannatynes Cookridge Hall,185.0,18.0,4.28,2025-11-28 09:30:30+00:00,0.06325,0.04675,0.0725,0.031
Bannatynes Cookridge Hall,185.0,18.0,4.28,2025-11-28 09:45:30+00:00,0.07075,0.0535,0.08175,0.03525
Bannatynes Cookridge Hall,185.0,18.0,4.28,2025-11-28 10:00:30+00:00,0.07825,0.058,0.08975,0.04
Bannatynes Cookridge Hall,185.0,18.0,4.28,2025-11-28 10:15:30+00:00,0.07925,0.061,0.09575,0.0415
Bannatynes Cookridge Hall,185.0,18.0,4.28,2025-11-28 10:30:30+00:00,0.083,0.0645,0.10175,0.044
Bannatynes Cookridge Hall,185.0,18.0,4.28,2025-11-28 10:45:30+00:00,0.08875,0.06975,0.108,0.04725
Bannatynes Cookridge Hall,185.0,18.0,4.28,2025-11-28 11:00:30+00:00,0.09525,0.07125,0.113,0.05025
Bannatynes Cookridge Hall,185.0,18.0,4.28,2025-11-28 11:15:30+00:00,0.097,0.06175,0.11475,0.05225
Bannatynes Cookridge Hall,185.0,18.0,4.28,2025-11-28 11:30:30+00:00,0.08675,0.042,0.10925,0.05
Bannatynes Cookridge Hall,185.0,18.0,4.28,2025-11-28 11:45:30+00:00,0.06475,0.01925,0.098,0.04175
Bannatynes Cookridge Hall,185.0,18.0,4.28,2025-11-28 12:00:30+00:00,0.04075,0.008,0.0765,0.03025
Bannatynes Cookridge Hall,185.0,18.0,4.28,2025-11-28 12:15:30+00:00,0.01075,0.005,0.043,0.0095
Bannatynes Cookridge Hall,185.0,18.0,4.28,2025-11-28 12:30:30+00:00,0.00825,0.00425,0.03275,0.0085
Bannatynes Cookridge Hall,185.0,18.0,4.28,2025-11-28 12:45:30+00:00,0.005,0.004,0.0205,0.00525
Bannatynes Cookridge Hall,185.0,18.0,4.28,2025-11-28 13:00:30+00:00,0.04425,0.00875,0.0635,0.02925
Bannatynes Cookridge Hall,185.0,18.0,4.28,2025-11-28 13:15:30+00:00,0.01625,0.005,0.05525,0.01225
Bannatynes Cookridge Hall,185.0,18.0,4.28,2025-11-28 13:30:30+00:00,0.01075,0.00325,0.0385,0.01125
Bannatynes Cookridge Hall,185.0,18.0,4.28,2025-11-28 13:45:30+00:00,0.04825,0.0095,0.068,0.0295
Bannatynes Cookridge Hall,185.0,18.0,4.28,2025-11-28 14:00:30+00:00,0.0335,0.00675,0.057,0.022
Bannatynes Cookridge Hall,185.0,18.0,4.28,2025-11-28 14:15:30+00:00,0.01775,0.0035,0.03975,0.014
Bannatynes Cookridge Hall,185.0,18.0,4.28,2025-11-28 14:30:30+00:00,0.033,0.00675,0.04575,0.0185
Bannatynes Cookridge Hall,185.0,18.0,4.28,2025-11-28 14:45:30+00:00,0.0375,0.0135,0.04325,0.0165
Bannatynes Cookridge Hall,185.0,18.0,4.28,2025-11-28 15:00:30+00:00,0.02225,0.011,0.0295,0.00975
Bannatynes Cookridge Hall,185.0,18.0,4.28,2025-11-28 15:15:30+00:00,0.0065,0.00375,0.0095,0.00475
Bannatynes Cookridge Hall,185.0,18.0,4.28,2025-11-28 15:30:30+00:00,0.001,0.001,0.0015,0.00125
Bannatynes Cookridge Hall,185.0,18.0,4.28,2025-11-28 15:45:30+00:00,0.0,0.0,0.0,0.0
Bannatynes Cookridge Hall,185.0,18.0,4.28,2025-11-28 16:00:30+00:00,0.0,0.0,0.0,0.0
Bannatynes Cookridge Hall,185.0,18.0,4.28,2025-11-28 16:15:30+00:00,0.0,0.0,0.0,0.0
Bannatynes Cookridge Hall,185.0,18.0,4.28,2025-11-28 16:30:30+00:00,0.0,0.0,0.0,0.0
Bannatynes Cookridge Hall,185.0,18.0,4.28,2025-11-28 16:45:30+00:00,0.0,0.0,0.0,0.0
Bannatynes Cookridge Hall,185.0,18.0,4.28,2025-11-28 17:00:30+00:00,0.0,0.0,0.0,0.0
Bannatynes Cookridge Hall,185.0,18.0,4.28,2025-11-28 17:15:30+00:00,0.0,0.0,0.0,0.0
Bannatynes Cookridge Hall,185.0,18.0,4.28,2025-11-28 17:30:30+00:00,0.0,0.0,0.0,0.0
Bannatynes Cookridge Hall,185.0,18.0,4.28,2025-11-28 17:45:30+00:00,0.0,0.0,0.0,0.0
Bannatynes Cookridge Hall,185.0,18.0,4.28,2025-11-28 18:00:30+00:00,0.0,0.0,0.0,0.0
Bannatynes Cookridge Hall,185.0,18.0,4.28,2025-11-28 18:15:30+00:00,0.0,0.0,0.0,0.0
Bannatynes Cookridge Hall,185.0,18.0,4.28,2025-11-28 18:30:30+00:00,0.0,0.0,0.0,0.0
Bannatynes Cookridge Hall,185.0,18.0,4.28,2025-11-28 18:45:30+00:00,0.0,0.0,0.0,0.0
Bannatynes Cookridge Hall,185.0,18.0,4.28,2025-11-28 19:00:30+00:00,0.0,0.0,0.0,0.0
Bannatynes Cookridge Hall,185.0,18.0,4.28,2025-11-28 19:15:30+00:00,0.0,0.0,0.0,0.0
Bannatynes Cookridge Hall,185.0,18.0,4.28,2025-11-28 19:30:30+00:00,0.0,0.0,0.0,0.0
Bannatynes Cookridge Hall,185.0,18.0,4.28,2025-11-28 19:45:30+00:00,0.0,0.0,0.0,0.0
Bannatynes Cookridge Hall,185.0,18.0,4.28,2025-11-28 20:00:30+00:00,0.0,0.0,0.0,0.0
Bannatynes Cookridge Hall,185.0,18.0,4.28,2025-11-28 20:15:30+00:00,0.0,0.0,0.0,0.0
Bannatynes Cookridge Hall,185.0,18.0,4.28,2025-11-28 20:30:30+00:00,0.0,0.0,0.0,0.0
Bannatynes Cookridge Hall,185.0,18.0,4.28,2025-11-28 20:45:30+00:00,0.0,0.0,0.0,0.0
Bannatynes Cookridge Hall,185.0,18.0,4.28,2025-11-28 21:00:30+00:00,0.0,0.0,0.0,0.0
Bannatynes Cookridge Hall,185.0,18.0,4.28,2025-11-28 21:15:30+00:00,0.0,0.0,0.0,0.0
Bannatynes Cookridge Hall,185.0,18.0,4.28,2025-11-28 21:30:30+00:00,0.0,0.0,0.0,0.0
Bannatynes Cookridge Hall,185.0,18.0,4.28,2025-11-28 21:45:30+00:00,0.0,0.0,0.0,0.0
Bannatynes Cookridge Hall,185.0,18.0,4.28,2025-11-28 22:00:30+00:00,0.0,0.0,0.0,0.0
Bannatynes Cookridge Hall,185.0,18.0,4.28,2025-11-28 22:15:30+00:00,0.0,0.0,0.0,0.0
Bannatynes Cookridge Hall,185.0,18.0,4.28,2025-11-28 22:30:30+00:00,0.0,0.0,0.0,0.0
Bannatynes Cookridge Hall,185.0,18.0,4.28,2025-11-28 22:45:30+00:00,0.0,0.0,0.0,0.0
Bannatynes Cookridge Hall,185.0,18.0,4.28,2025-11-28 23:00:30+00:00,0.0,0.0,0.0,0.0
Bannatynes Cookridge Hall,185.0,18.0,4.28,2025-11-28 23:15:30+00:00,0.0,0.0,0.0,0.0
Bannatynes Cookridge Hall,185.0,18.0,4.28,2025-11-28 23:30:30+00:00,0.0,0.0,0.0,0.0
Bannatynes Cookridge Hall,185.0,18.0,4.28,2025-11-28 23:45:30+00:00,0.0,0.0,0.0,0.0
Bannatynes Cookridge Hall,185.0,18.0,4.28,2025-11-29 00:00:30+00:00,0.0,0.0,0.0,0.0
Bannatynes Cookridge Hall,185.0,18.0,4.28,2025-11-29 00:15:30+00:00,0.0,0.0,0.0,0.0
Bannatynes Cookridge Hall,185.0,18.0,4.28,2025-11-29 00:30:30+00:00,0.0,0.0,0.0,0.0
Bannatynes Cookridge Hall,185.0,18.0,4.28,2025-11-29 00:45:30+00:00,0.0,0.0,0.0,0.0
Bannatynes Cookridge Hall,185.0,18.0,4.28,2025-11-29 01:00:30+00:00,0.0,0.0,0.0,0.0
Bannatynes Cookridge Hall,185.0,18.0,4.28,2025-11-29 01:15:30+00:00,0.0,0.0,0.0,0.0
Bannatynes Cookridge Hall,185.0,18.0,4.28,2025-11-29 01:30:30+00:00,0.0,0.0,0.0,0.0
Bannatynes Cookridge Hall,185.0,18.0,4.28,2025-11-29 01:45:30+00:00,0.0,0.0,0.0,0.0
Bannatynes Cookridge Hall,185.0,18.0,4.28,2025-11-29 02:00:30+00:00,0.0,0.0,0.0,0.0
Bannatynes Cookridge Hall,185.0,18.0,4.28,2025-11-29 02:15:30+00:00,0.0,0.0,0.0,0.0
Bannatynes Cookridge Hall,185.0,18.0,4.28,2025-11-29 02:30:30+00:00,0.0,0.0,0.0,0.0
Bannatynes Cookridge Hall,185.0,18.0,4.28,2025-11-29 02:45:30+00:00,0.0,0.0,0.0,0.0
Bannatynes Cookridge Hall,185.0,18.0,4.28,2025-11-29 03:00:30+00:00,0.0,0.0,0.0,0.0
Bannatynes Cookridge Hall,185.0,18.0,4.28,2025-11-29 03:15:30+00:00,0.0,0.0,0.0,0.0
Bannatynes Cookridge Hall,185.0,18.0,4.28,2025-11-29 03:30:30+00:00,0.0,0.0,0.0,0.0
Bannatynes Cookridge Hall,185.0,18.0,4.28,2025-11-29 03:45:30+00:00,0.0,0.0,0.0,0.0
Bannatynes Cookridge Hall,185.0,18.0,4.28,2025-11-29 04:00:30+00:00,0.0,0.0,0.0,0.0
Bannatynes Cookridge Hall,185.0,18.0,4.28,2025-11-29 04:15:30+00:00,0.0,0.0,0.0,0.0
Bannatynes Cookridge Hall,185.0,18.0,4.28,2025-11-29 04:30:30+00:00,0.0,0.0,0.0,0.0
Bannatynes Cookridge Hall,185.0,18.0,4.28,2025-11-29 04:45:30+00:00,0.0,0.0,0.0,0.0
Bannatynes Cookridge Hall,185.0,18.0,4.28,2025-11-29 05:00:30+00:00,0.0,0.0,0.0,0.0
Bannatynes Cookridge Hall,185.0,18.0,4.28,2025-11-29 05:15:30+00:00,0.0,0.0,0.0,0.0
Bannatynes Cookridge Hall,185.0,18.0,4.28,2025-11-29 05:30:30+00:00,0.0,0.0,0.0,0.0
Bannatynes Cookridge Hall,185.0,18.0,4.28,2025-11-29 05:45:30+00:00,0.0,0.0,0.0,0.0
Bannatynes Cookridge Hall,185.0,18.0,4.28,2025-11-29 06:00:30+00:00,0.0,0.0,0.0,0.0
Bannatynes Cookridge Hall,185.0,18.0,4.28,2025-11-29 06:15:30+00:00,0.0,0.0,0.0,0.0
Bannatynes Cookridge Hall,185.0,18.0,4.28,2025-11-29 06:30:30+00:00,0.0,0.0,0.0,0.0
Bannatynes Cookridge Hall,185.0,18.0,4.28,2025-11-29 06:45:30+00:00,0.0,0.0,0.0,0.0
Bannatynes Cookridge Hall,185.0,18.0,4.28,2025-11-29 07:00:30+00:00,0.0,0.0,0.0,0.0
Bannatynes Cookridge Hall,185.0,18.0,4.28,2025-11-29 07:15:30+00:00,0.0,0.0,0.0,0.0
Bannatynes Cookridge Hall,185.0,18.0,4.28,2025-11-29 07:30:30+00:00,0.0,0.0,0.0,0.0
Bannatynes Cookridge Hall,185.0,18.0,4.28,2025-11-29 07:45:30+00:00,0.0,0.0,0.0,0.0
Bannatynes Cookridge Hall,185.0,18.0,4.28,2025-11-29 08:00:30+00:00,0.00025,0.00025,0.0005,0.00025
Bannatynes Cookridge Hall,185.0,18.0,4.28,2025-11-29 08:15:30+00:00,0.0025,0.00125,0.00425,0.0025
Bannatynes Cookridge Hall,185.0,18.0,4.28,2025-11-29 08:30:30+00:00,0.0075,0.0035,0.012,0.006
Bannatynes Cookridge Hall,185.0,18.0,4.28,2025-11-29 08:45:30+00:00,0.01575,0.0055,0.02325,0.00975
Bannatynes Cookridge Hall,185.0,18.0,4.28,2025-11-29 09:00:30+00:00,0.0145,0.003,0.02675,0.011
Bannatynes Cookridge Hall,185.0,18.0,4.28,2025-11-29 09:15:30+00:00,0.0135,0.00275,0.02775,0.01225
Bannatynes Cookridge Hall,185.0,18.0,4.28,2025-11-29 09:30:30+00:00,0.015,0.003,0.0385,0.0135
Bannatynes Cookridge Hall,185.0,18.0,4.28,2025-11-29 09:45:30+00:00,0.053,0.0105,0.066,0.03225
Bannatynes Cookridge Hall,185.0,18.0,4.28,2025-11-29 10:00:30+00:00,0.02375,0.00475,0.05775,0.01775
Bannatynes Cookridge Hall,185.0,18.0,4.28,2025-11-29 10:15:30+00:00,0.01425,0.00375,0.04175,0.014
Bannatynes Cookridge Hall,185.0,18.0,4.28,2025-11-29 10:30:30+00:00,0.03,0.006,0.06125,0.02275
Bannatynes Cookridge Hall,185.0,18.0,4.28,2025-11-29 10:45:30+00:00,0.042,0.00825,0.06525,0.03025
Bannatynes Cookridge Hall,185.0,18.0,4.28,2025-11-29 11:00:30+00:00,0.0135,0.00525,0.0515,0.01125
Bannatynes Cookridge Hall,185.0,18.0,4.28,2025-11-29 11:15:30+00:00,0.0045,0.00425,0.0175,0.0045
Bannatynes Cookridge Hall,185.0,18.0,4.28,2025-11-29 11:30:30+00:00,0.00375,0.00225,0.01475,0.00375
Bannatynes Cookridge Hall,185.0,18.0,4.28,2025-11-29 11:45:30+00:00,0.00375,0.0025,0.01475,0.00375
Bannatynes Cookridge Hall,185.0,18.0,4.28,2025-11-29 12:00:30+00:00,0.005,0.0045,0.02025,0.00525
Bannatynes Cookridge Hall,185.0,18.0,4.28,2025-11-29 12:15:30+00:00,0.0195,0.005,0.03475,0.01775
Bannatynes Cookridge Hall,185.0,18.0,4.28,2025-11-29 12:30:30+00:00,0.01775,0.0045,0.034,0.017
Bannatynes Cookridge Hall,185.0,18.0,4.28,2025-11-29 12:45:30+00:00,0.01275,0.00425,0.0275,0.01275
Bannatynes Cookridge Hall,185.0,18.0,4.28,2025-11-29 13:00:30+00:00,0.00775,0.004,0.02325,0.00775
Bannatynes Cookridge Hall,185.0,18.0,4.28,2025-11-29 13:15:30+00:00,0.00925,0.0035,0.02,0.00975
Bannatynes Cookridge Hall,185.0,18.0,4.28,2025-11-29 13:30:30+00:00,0.0055,0.00325,0.02,0.00575
Bannatynes Cookridge Hall,185.0,18.0,4.28,2025-11-29 13:45:30+00:00,0.01075,0.003,0.019,0.01125
Bannatynes Cookridge Hall,185.0,18.0,4.28,2025-11-29 14:00:30+00:00,0.00725,0.0025,0.0195,0.00775
Bannatynes Cookridge Hall,185.0,18.0,4.28,2025-11-29 14:15:30+00:00,0.00525,0.00225,0.01875,0.0055
Bannatynes Cookridge Hall,185.0,18.0,4.28,2025-11-29 14:30:30+00:00,0.00675,0.00175,0.01925,0.00725
Bannatynes Cookridge Hall,185.0,18.0,4.28,2025-11-29 14:45:30+00:00,0.01675,0.00325,0.0265,0.01075
Bannatynes Cookridge Hall,185.0,18.0,4.28,2025-11-29 15:00:30+00:00,0.0075,0.0015,0.0155,0.00575
Bannatynes Cookridge Hall,185.0,18.0,4.28,2025-11-29 15:15:30+00:00,0.002,0.0005,0.0055,0.00225
Bannatynes Cookridge Hall,185.0,18.0,4.28,2025-11-29 15:30:30+00:00,0.0005,0.0,0.00125,0.0005
Bannatynes Cookridge Hall,185.0,18.0,4.28,2025-11-29 15:45:30+00:00,0.0,0.0,0.0,0.0
Bannatynes Cookridge Hall,185.0,18.0,4.28,2025-11-29 16:00:30+00:00,0.0,0.0,0.0,0.0
Bannatynes Cookridge Hall,185.0,18.0,4.28,2025-11-29 16:15:30+00:00,0.0,0.0,0.0,0.0
Bannatynes Cookridge Hall,185.0,18.0,4.28,2025-11-29 16:30:30+00:00,0.0,0.0,0.0,0.0
Bannatynes Cookridge Hall,185.0,18.0,4.28,2025-11-29 16:45:30+00:00,0.0,0.0,0.0,0.0
Bannatynes Cookridge Hall,185.0,18.0,4.28,2025-11-29 17:00:30+00:00,0.0,0.0,0.0,0.0
Bannatynes Cookridge Hall,185.0,18.0,4.28,2025-11-29 17:15:30+00:00,0.0,0.0,0.0,0.0
Bannatynes Cookridge Hall,185.0,18.0,4.28,2025-11-29 17:30:30+00:00,0.0,0.0,0.0,0.0
Bannatynes Cookridge Hall,185.0,18.0,4.28,2025-11-29 17:45:30+00:00,0.0,0.0,0.0,0.0
Bannatynes Cookridge Hall,185.0,18.0,4.28,2025-11-29 18:00:30+00:00,0.0,0.0,0.0,0.0
Bannatynes Cookridge Hall,185.0,18.0,4.28,2025-11-29 18:15:30+00:00,0.0,0.0,0.0,0.0
Bannatynes Cookridge Hall,185.0,18.0,4.28,2025-11-29 18:30:30+00:00,0.0,0.0,0.0,0.0
Bannatynes Cookridge Hall,185.0,18.0,4.28,2025-11-29 18:45:30+00:00,0.0,0.0,0.0,0.0
Bannatynes Cookridge Hall,185.0,18.0,4.28,2025-11-29 19:00:30+00:00,0.0,0.0,0.0,0.0
Bannatynes Cookridge Hall,185.0,18.0,4.28,2025-11-29 19:15:30+00:00,0.0,0.0,0.0,0.0
Bannatynes Cookridge Hall,185.0,18.0,4.28,2025-11-29 19:30:30+00:00,0.0,0.0,0.0,0.0
Bannatynes Cookridge Hall,185.0,18.0,4.28,2025-11-29 19:45:30+00:00,0.0,0.0,0.0,0.0
Bannatynes Cookridge Hall,185.0,18.0,4.28,2025-11-29 20:00:30+00:00,0.0,0.0,0.0,0.0
Bannatynes Cookridge Hall,185.0,18.0,4.28,2025-11-29 20:15:30+00:00,0.0,0.0,0.0,0.0
Bannatynes Cookridge Hall,185.0,18.0,4.28,2025-11-29 20:30:30+00:00,0.0,0.0,0.0,0.0
Bannatynes Cookridge Hall,185.0,18.0,4.28,2025-11-29 20:45:30+00:00,0.0,0.0,0.0,0.0
Bannatynes Cookridge Hall,185.0,18.0,4.28,2025-11-29 21:00:30+00:00,0.0,0.0,0.0,0.0
Bannatynes Cookridge Hall,185.0,18.0,4.28,2025-11-29 21:15:30+00:00,0.0,0.0,0.0,0.0
Bannatynes Cookridge Hall,185.0,18.0,4.28,2025-11-29 21:30:30+00:00,0.0,0.0,0.0,0.0
Bannatynes Cookridge Hall,185.0,18.0,4.28,2025-11-29 21:45:30+00:00,0.0,0.0,0.0,0.0
Bannatynes Cookridge Hall,185.0,18.0,4.28,2025-11-29 22:00:30+00:00,0.0,0.0,0.0,0.0
Bannatynes Cookridge Hall,185.0,18.0,4.28,2025-11-29 22:15:30+00:00,0.0,0.0,0.0,0.0
Bannatynes Cookridge Hall,185.0,18.0,4.28,2025-11-29 22:30:30+00:00,0.0,0.0,0.0,0.0
Bannatynes Cookridge Hall,185.0,18.0,4.28,2025-11-29 22:45:30+00:00,0.0,0.0,0.0,0.0
Bannatynes Cookridge Hall,185.0,18.0,4.28,2025-11-29 23:00:30+00:00,0.0,0.0,0.0,0.0
Bannatynes Cookridge Hall,185.0,18.0,4.28,2025-11-29 23:15:30+00:00,0.0,0.0,0.0,0.0
Bannatynes Cookridge Hall,185.0,18.0,4.28,2025-11-29 23:30:30+00:00,0.0,0.0,0.0,0.0
Bannatynes Cookridge Hall,185.0,18.0,4.28,2025-11-29 23:45:30+00:00,0.0,0.0,0.0,0.0
Bannatynes Cookridge Hall,185.0,18.0,4.28,2025-11-30 00:00:30+00:00,0.0,0.0,0.0,0.0
Bannatynes Cookridge Hall,185.0,18.0,4.28,2025-11-30 00:15:30+00:00,0.0,0.0,0.0,0.0
Bannatynes Cookridge Hall,185.0,18.0,4.28,2025-11-30 00:30:30+00:00,0.0,0.0,0.0,0.0
Bannatynes Cookridge Hall,185.0,18.0,4.28,2025-11-30 00:45:30+00:00,0.0,0.0,0.0,0.0
Bannatynes Cookridge Hall,185.0,18.0,4.28,2025-11-30 01:00:30+00:00,0.0,0.0,0.0,0.0
Bannatynes Cookridge Hall,185.0,18.0,4.28,2025-11-30 01:15:30+00:00,0.0,0.0,0.0,0.0
Bannatynes Cookridge Hall,185.0,18.0,4.28,2025-11-30 01:30:30+00:00,0.0,0.0,0.0,0.0
Bannatynes Cookridge Hall,185.0,18.0,4.28,2025-11-30 01:45:30+00:00,0.0,0.0,0.0,0.0
Bannatynes Cookridge Hall,185.0,18.0,4.28,2025-11-30 02:00:30+00:00,0.0,0.0,0.0,0.0
Bannatynes Cookridge Hall,185.0,18.0,4.28,2025-11-30 02:15:30+00:00,0.0,0.0,0.0,0.0
Bannatynes Cookridge Hall,185.0,18.0,4.28,2025-11-30 02:30:30+00:00,0.0,0.0,0.0,0.0
Bannatynes Cookridge Hall,185.0,18.0,4.28,2025-11-30 02:45:30+00:00,0.0,0.0,0.0,0.0
Bannatynes Cookridge Hall,185.0,18.0,4.28,2025-11-30 03:00:30+00:00,0.0,0.0,0.0,0.0
Bannatynes Cookridge Hall,185.0,18.0,4.28,2025-11-30 03:15:30+00:00,0.0,0.0,0.0,0.0
Bannatynes Cookridge Hall,185.0,18.0,4.28,2025-11-30 03:30:30+00:00,0.0,0.0,0.0,0.0
Bannatynes Cookridge Hall,185.0,18.0,4.28,2025-11-30 03:45:30+00:00,0.0,0.0,0.0,0.0
Bannatynes Cookridge Hall,185.0,18.0,4.28,2025-11-30 04:00:30+00:00,0.0,0.0,0.0,0.0
Bannatynes Cookridge Hall,185.0,18.0,4.28,2025-11-30 04:15:30+00:00,0.0,0.0,0.0,0.0
Bannatynes Cookridge Hall,185.0,18.0,4.28,2025-11-30 04:30:30+00:00,0.0,0.0,0.0,0.0
Bannatynes Cookridge Hall,185.0,18.0,4.28,2025-11-30 04:45:30+00:00,0.0,0.0,0.0,0.0
Bannatynes Cookridge Hall,185.0,18.0,4.28,2025-11-30 05:00:30+00:00,0.0,0.0,0.0,0.0
Bannatynes Cookridge Hall,185.0,18.0,4.28,2025-11-30 05:15:30+00:00,0.0,0.0,0.0,0.0
Bannatynes Cookridge Hall,185.0,18.0,4.28,2025-11-30 05:30:30+00:00,0.0,0.0,0.0,0.0
Bannatynes Cookridge Hall,185.0,18.0,4.28,2025-11-30 05:45:30+00:00,0.0,0.0,0.0,0.0
Bannatynes Cookridge Hall,185.0,18.0,4.28,2025-11-30 06:00:30+00:00,0.0,0.0,0.0,0.0
Bannatynes Cookridge Hall,185.0,18.0,4.28,2025-11-30 06:15:30+00:00,0.0,0.0,0.0,0.0
Bannatynes Cookridge Hall,185.0,18.0,4.28,2025-11-30 06:30:30+00:00,0.0,0.0,0.0,0.0
Bannatynes Cookridge Hall,185.0,18.0,4.28,2025-11-30 06:45:30+00:00,0.0,0.0,0.0,0.0
Bannatynes Cookridge Hall,185.0,18.0,4.28,2025-11-30 07:00:30+00:00,0.0,0.0,0.0,0.0
Bannatynes Cookridge Hall,185.0,18.0,4.28,2025-11-30 07:15:30+00:00,0.0,0.0,0.0,0.0
Bannatynes Cookridge Hall,185.0,18.0,4.28,2025-11-30 07:30:30+00:00,0.0,0.0,0.0,0.0
Bannatynes Cookridge Hall,185.0,18.0,4.28,2025-11-30 07:45:30+00:00,0.0,0.0,0.0,0.0
Bannatynes Cookridge Hall,185.0,18.0,4.28,2025-11-30 08:00:30+00:00,0.00025,0.00025,0.00025,0.00025
Bannatynes Cookridge Hall,185.0,18.0,4.28,2025-11-30 08:15:30+00:00,0.00325,0.0025,0.0035,0.00325
Bannatynes Cookridge Hall,185.0,18.0,4.28,2025-11-30 08:30:30+00:00,0.02125,0.01525,0.02475,0.008
Bannatynes Cookridge Hall,185.0,18.0,4.28,2025-11-30 08:45:30+00:00,0.03675,0.0255,0.0405,0.014
Bannatynes Cookridge Hall,185.0,18.0,4.28,2025-11-30 09:00:30+00:00,0.04775,0.03425,0.05225,0.01975
Bannatynes Cookridge Hall,185.0,18.0,4.28,2025-11-30 09:15:30+00:00,0.05675,0.042,0.06275,0.025
Bannatynes Cookridge Hall,185.0,18.0,4.28,2025-11-30 09:30:30+00:00,0.0655,0.0495,0.07275,0.03025
Bannatynes Cookridge Hall,185.0,18.0,4.28,2025-11-30 09:45:30+00:00,0.0735,0.05625,0.0815,0.035
Bannatynes Cookridge Hall,185.0,18.0,4.28,2025-11-30 10:00:30+00:00,0.081,0.06325,0.09025,0.03925
Bannatynes Cookridge Hall,185.0,18.0,4.28,2025-11-30 10:15:30+00:00,0.088,0.0695,0.09775,0.04325
Bannatynes Cookridge Hall,185.0,18.0,4.28,2025-11-30 10:30:30+00:00,0.09325,0.0745,0.104,0.0465
Bannatynes Cookridge Hall,185.0,18.0,4.28,2025-11-30 10:45:30+00:00,0.09775,0.079,0.109,0.04925
Bannatynes Cookridge Hall,185.0,18.0,4.28,2025-11-30 11:00:30+00:00,0.10125,0.0825,0.11325,0.0515
Bannatynes Cookridge Hall,185.0,18.0,4.28,2025-11-30 11:15:30+00:00,0.10425,0.08525,0.1165,0.053
Bannatynes Cookridge Hall,185.0,18.0,4.28,2025-11-30 11:30:30+00:00,0.10625,0.08725,0.11875,0.05425
Bannatynes Cookridge Hall,185.0,18.0,4.28,2025-11-30 11:45:30+00:00,0.1075,0.08825,0.11975,0.05475
Bannatynes Cookridge Hall,185.0,18.0,4.28,2025-11-30 12:00:30+00:00,0.107,0.088,0.11975,0.0545
Bannatynes Cookridge Hall,185.0,18.0,4.28,2025-11-30 12:15:30+00:00,0.10625,0.08675,0.11875,0.0535
Bannatynes Cookridge Hall,185.0,18.0,4.28,2025-11-30 12:30:30+00:00,0.104,0.08475,0.1165,0.052
Bannatynes Cookridge Hall,185.0,18.0,4.28,2025-11-30 12:45:30+00:00,0.101,0.0815,0.11325,0.05
Bannatynes Cookridge Hall,185.0,18.0,4.28,2025-11-30 13:00:30+00:00,0.097,0.0775,0.10925,0.04725
Bannatynes Cookridge Hall,185.0,18.0,4.28,2025-11-30 13:15:30+00:00,0.092,0.0705,0.104,0.044
Bannatynes Cookridge Hall,185.0,18.0,4.28,2025-11-30 13:30:30+00:00,0.085,0.06225,0.09675,0.04
Bannatynes Cookridge Hall,185.0,18.0,4.28,2025-11-30 13:45:30+00:00,0.071,0.047,0.08175,0.0355
Bannatynes Cookridge Hall,185.0,18.0,4.28,2025-11-30 14:00:30+00:00,0.05175,0.03675,0.0695,0.02675
Bannatynes Cookridge Hall,185.0,18.0,4.28,2025-11-30 14:15:30+00:00,0.04775,0.03075,0.0635,0.02275
Bannatynes Cookridge Hall,185.0,18.0,4.28,2025-11-30 14:30:30+00:00,0.04325,0.0275,0.0555,0.019
Bannatynes Cookridge Hall,185.0,18.0,4.28,2025-11-30 14:45:30+00:00,0.0375,0.02125,0.04375,0.0155
Bannatynes Cookridge Hall,185.0,18.0,4.28,2025-11-30 15:00:30+00:00,0.02325,0.01325,0.02975,0.00925
Bannatynes Cookridge Hall,185.0,18.0,4.28,2025-11-30 15:15:30+00:00,0.00375,0.00225,0.00575,0.004
Bannatynes Cookridge Hall,185.0,18.0,4.28,2025-11-30 15:30:30+00:00,0.00075,0.00075,0.00125,0.001
Bannatynes Cookridge Hall,185.0,18.0,4.28,2025-11-30 15:45:30+00:00,0.0,0.0,0.0,0.0
Bannatynes Cookridge Hall,185.0,18.0,4.28,2025-11-30 16:00:30+00:00,0.0,0.0,0.0,0.0
Bannatynes Cookridge Hall,185.0,18.0,4.28,2025-11-30 16:15:30+00:00,0.0,0.0,0.0,0.0
Bannatynes Cookridge Hall,185.0,18.0,4.28,2025-11-30 16:30:30+00:00,0.0,0.0,0.0,0.0
Bannatynes Cookridge Hall,185.0,18.0,4.28,2025-11-30 16:45:30+00:00,0.0,0.0,0.0,0.0
Bannatynes Cookridge Hall,185.0,18.0,4.28,2025-11-30 17:00:30+00:00,0.0,0.0,0.0,0.0
Bannatynes Cookridge Hall,185.0,18.0,4.28,2025-11-30 17:15:30+00:00,0.0,0.0,0.0,0.0
Bannatynes Cookridge Hall,185.0,18.0,4.28,2025-11-30 17:30:30+00:00,0.0,0.0,0.0,0.0
Bannatynes Cookridge Hall,185.0,18.0,4.28,2025-11-30 17:45:30+00:00,0.0,0.0,0.0,0.0
Bannatynes Cookridge Hall,185.0,18.0,4.28,2025-11-30 18:00:30+00:00,0.0,0.0,0.0,0.0
Bannatynes Cookridge Hall,185.0,18.0,4.28,2025-11-30 18:15:30+00:00,0.0,0.0,0.0,0.0
Bannatynes Cookridge Hall,185.0,18.0,4.28,2025-11-30 18:30:30+00:00,0.0,0.0,0.0,0.0
Bannatynes Cookridge Hall,185.0,18.0,4.28,2025-11-30 18:45:30+00:00,0.0,0.0,0.0,0.0
Bannatynes Cookridge Hall,185.0,18.0,4.28,2025-11-30 19:00:30+00:00,0.0,0.0,0.0,0.0
Bannatynes Cookridge Hall,185.0,18.0,4.28,2025-11-30 19:15:30+00:00,0.0,0.0,0.0,0.0
Bannatynes Cookridge Hall,185.0,18.0,4.28,2025-11-30 19:30:30+00:00,0.0,0.0,0.0,0.0
Bannatynes Cookridge Hall,185.0,18.0,4.28,2025-11-30 19:45:30+00:00,0.0,0.0,0.0,0.0
Bannatynes Cookridge Hall,185.0,18.0,4.28,2025-11-30 20:00:30+00:00,0.0,0.0,0.0,0.0
Bannatynes Cookridge Hall,185.0,18.0,4.28,2025-11-30 20:15:30+00:00,0.0,0.0,0.0,0.0
Bannatynes Cookridge Hall,185.0,18.0,4.28,2025-11-30 20:30:30+00:00,0.0,0.0,0.0,0.0
Bannatynes Cookridge Hall,185.0,18.0,4.28,2025-11-30 20:45:30+00:00,0.0,0.0,0.0,0.0
Bannatynes Cookridge Hall,185.0,18.0,4.28,2025-11-30 21:00:30+00:00,0.0,0.0,0.0,0.0
Bannatynes Cookridge Hall,185.0,18.0,4.28,2025-11-30 21:15:30+00:00,0.0,0.0,0.0,0.0
Bannatynes Cookridge Hall,185.0,18.0,4.28,2025-11-30 21:30:30+00:00,0.0,0.0,0.0,0.0
Bannatynes Cookridge Hall,185.0,18.0,4.28,2025-11-30 21:45:30+00:00,0.0,0.0,0.0,0.0
Bannatynes Cookridge Hall,185.0,18.0,4.28,2025-11-30 22:00:30+00:00,0.0,0.0,0.0,0.0
Bannatynes Cookridge Hall,185.0,18.0,4.28,2025-11-30 22:15:30+00:00,0.0,0.0,0.0,0.0
Bannatynes Cookridge Hall,185.0,18.0,4.28,2025-11-30 22:30:30+00:00,0.0,0.0,0.0,0.0
Bannatynes Cookridge Hall,185.0,18.0,4.28,2025-11-30 22:45:30+00:00,0.0,0.0,0.0,0.0
Bannatynes Cookridge Hall,185.0,18.0,4.28,2025-11-30 23:00:30+00:00,0.0,0.0,0.0,0.0
Bannatynes Cookridge Hall,185.0,18.0,4.28,2025-11-30 23:15:30+00:00,0.0,0.0,0.0,0.0
Bannatynes Cookridge Hall,185.0,18.0,4.28,2025-11-30 23:30:30+00:00,0.0,0.0,0.0,0.0
Bannatynes Cookridge Hall,185.0,18.0,4.28,2025-11-30 23:45:30+00:00,0.0,0.0,0.0,0.0
Bannatynes Cookridge Hall,185.0,1.0,8.025,2025-11-19 00:00:30+00:00,0.0,0.0,0.0,0.0
Bannatynes Cookridge Hall,185.0,1.0,8.025,2025-11-19 00:15:30+00:00,0.0,0.0,0.0,0.0
Bannatynes Cookridge Hall,185.0,1.0,8.025,2025-11-19 00:30:30+00:00,0.0,0.0,0.0,0.0
Bannatynes Cookridge Hall,185.0,1.0,8.025,2025-11-19 00:45:30+00:00,0.0,0.0,0.0,0.0
Bannatynes Cookridge Hall,185.0,1.0,8.025,2025-11-19 01:00:30+00:00,0.0,0.0,0.0,0.0
Bannatynes Cookridge Hall,185.0,1.0,8.025,2025-11-19 01:15:30+00:00,0.0,0.0,0.0,0.0
Bannatynes Cookridge Hall,185.0,1.0,8.025,2025-11-19 01:30:30+00:00,0.0,0.0,0.0,0.0
Bannatynes Cookridge Hall,185.0,1.0,8.025,2025-11-19 01:45:30+00:00,0.0,0.0,0.0,0.0
Bannatynes Cookridge Hall,185.0,1.0,8.025,2025-11-19 02:00:30+00:00,0.0,0.0,0.0,0.0
Bannatynes Cookridge Hall,185.0,1.0,8.025,2025-11-19 02:15:30+00:00,0.0,0.0,0.0,0.0
Bannatynes Cookridge Hall,185.0,1.0,8.025,2025-11-19 02:30:30+00:00,0.0,0.0,0.0,0.0
Bannatynes Cookridge Hall,185.0,1.0,8.025,2025-11-19 02:45:30+00:00,0.0,0.0,0.0,0.0
Bannatynes Cookridge Hall,185.0,1.0,8.025,2025-11-19 03:00:30+00:00,0.0,0.0,0.0,0.0
Bannatynes Cookridge Hall,185.0,1.0,8.025,2025-11-19 03:15:30+00:00,0.0,0.0,0.0,0.0
Bannatynes Cookridge Hall,185.0,1.0,8.025,2025-11-19 03:30:30+00:00,0.0,0.0,0.0,0.0
Bannatynes Cookridge Hall,185.0,1.0,8.025,2025-11-19 03:45:30+00:00,0.0,0.0,0.0,0.0
Bannatynes Cookridge Hall,185.0,1.0,8.025,2025-11-19 04:00:30+00:00,0.0,0.0,0.0,0.0
Bannatynes Cookridge Hall,185.0,1.0,8.025,2025-11-19 04:15:30+00:00,0.0,0.0,0.0,0.0
Bannatynes Cookridge Hall,185.0,1.0,8.025,2025-11-19 04:30:30+00:00,0.0,0.0,0.0,0.0
Bannatynes Cookridge Hall,185.0,1.0,8.025,2025-11-19 04:45:30+00:00,0.0,0.0,0.0,0.0
Bannatynes Cookridge Hall,185.0,1.0,8.025,2025-11-19 05:00:30+00:00,0.0,0.0,0.0,0.0
Bannatynes Cookridge Hall,185.0,1.0,8.025,2025-11-19 05:15:30+00:00,0.0,0.0,0.0,0.0
Bannatynes Cookridge Hall,185.0,1.0,8.025,2025-11-19 05:30:30+00:00,0.0,0.0,0.0,0.0
Bannatynes Cookridge Hall,185.0,1.0,8.025,2025-11-19 05:45:30+00:00,0.0,0.0,0.0,0.0
Bannatynes Cookridge Hall,185.0,1.0,8.025,2025-11-19 06:00:30+00:00,0.0,0.0,0.0,0.0
Bannatynes Cookridge Hall,185.0,1.0,8.025,2025-11-19 06:15:30+00:00,0.0,0.0,0.0,0.0
Bannatynes Cookridge Hall,185.0,1.0,8.025,2025-11-19 06:30:30+00:00,0.0,0.0,0.0,0.0
Bannatynes Cookridge Hall,185.0,1.0,8.025,2025-11-19 06:45:30+00:00,0.0,0.0,0.0,0.0
Bannatynes Cookridge Hall,185.0,1.0,8.025,2025-11-19 07:00:30+00:00,0.0,0.0,0.0,0.0
Bannatynes Cookridge Hall,185.0,1.0,8.025,2025-11-19 07:15:30+00:00,0.0,0.0,0.0,0.0
Bannatynes Cookridge Hall,185.0,1.0,8.025,2025-11-19 07:30:30+00:00,0.0,0.0,0.0,0.0
Bannatynes Cookridge Hall,185.0,1.0,8.025,2025-11-19 07:45:30+00:00,0.0005,0.0,0.001,0.0005
Bannatynes Cookridge Hall,185.0,1.0,8.025,2025-11-19 08:00:30+00:00,0.0025,0.0005,0.00575,0.0025
Bannatynes Cookridge Hall,185.0,1.0,8.025,2025-11-19 08:15:30+00:00,0.0065,0.00125,0.0105,0.0065
Bannatynes Cookridge Hall,185.0,1.0,8.025,2025-11-19 08:30:30+00:00,0.00425,0.0015,0.01425,0.00425
Bannatynes Cookridge Hall,185.0,1.0,8.025,2025-11-19 08:45:30+00:00,0.0035,0.002,0.01425,0.0035
Bannatynes Cookridge Hall,185.0,1.0,8.025,2025-11-19 09:00:30+00:00,0.01125,0.0025,0.023,0.011
Bannatynes Cookridge Hall,185.0,1.0,8.025,2025-11-19 09:15:30+00:00,0.01375,0.003,0.0275,0.01375
Bannatynes Cookridge Hall,185.0,1.0,8.025,2025-11-19 09:30:30+00:00,0.01925,0.005,0.02925,0.01925
Bannatynes Cookridge Hall,185.0,1.0,8.025,2025-11-19 09:45:30+00:00,0.01825,0.005,0.033,0.018
Bannatynes Cookridge Hall,185.0,1.0,8.025,2025-11-19 10:00:30+00:00,0.0195,0.00425,0.03875,0.0195
Bannatynes Cookridge Hall,185.0,1.0,8.025,2025-11-19 10:15:30+00:00,0.0245,0.00625,0.0515,0.02425
Bannatynes Cookridge Hall,185.0,1.0,8.025,2025-11-19 10:30:30+00:00,0.04275,0.0085,0.056,0.0415
Bannatynes Cookridge Hall,185.0,1.0,8.025,2025-11-19 10:45:30+00:00,0.0255,0.005,0.05625,0.025
Bannatynes Cookridge Hall,185.0,1.0,8.025,2025-11-19 11:00:30+00:00,0.02275,0.00525,0.05275,0.0225
Bannatynes Cookridge Hall,185.0,1.0,8.025,2025-11-19 11:15:30+00:00,0.03725,0.01075,0.05625,0.0365
Bannatynes Cookridge Hall,185.0,1.0,8.025,2025-11-19 11:30:30+00:00,0.04,0.01525,0.0555,0.03925
Bannatynes Cookridge Hall,185.0,1.0,8.025,2025-11-19 11:45:30+00:00,0.02825,0.01175,0.05075,0.028
Bannatynes Cookridge Hall,185.0,1.0,8.025,2025-11-19 12:00:30+00:00,0.0255,0.008,0.047,0.0255
Bannatynes Cookridge Hall,185.0,1.0,8.025,2025-11-19 12:15:30+00:00,0.02875,0.0085,0.05225,0.0285
Bannatynes Cookridge Hall,185.0,1.0,8.025,2025-11-19 12:30:30+00:00,0.03725,0.011,0.05975,0.0365
Bannatynes Cookridge Hall,185.0,1.0,8.025,2025-11-19 12:45:30+00:00,0.03975,0.017,0.06375,0.03875
Bannatynes Cookridge Hall,185.0,1.0,8.025,2025-11-19 13:00:30+00:00,0.04375,0.0235,0.06275,0.04225
Bannatynes Cookridge Hall,185.0,1.0,8.025,2025-11-19 13:15:30+00:00,0.04525,0.02875,0.0585,0.0435
Bannatynes Cookridge Hall,185.0,1.0,8.025,2025-11-19 13:30:30+00:00,0.04125,0.028,0.053,0.0395
Bannatynes Cookridge Hall,185.0,1.0,8.025,2025-11-19 13:45:30+00:00,0.0345,0.0255,0.0475,0.03325
Bannatynes Cookridge Hall,185.0,1.0,8.025,2025-11-19 14:00:30+00:00,0.0345,0.02225,0.043,0.033
Bannatynes Cookridge Hall,185.0,1.0,8.025,2025-11-19 14:15:30+00:00,0.029,0.019,0.038,0.0275
Bannatynes Cookridge Hall,185.0,1.0,8.025,2025-11-19 14:30:30+00:00,0.022,0.01475,0.0315,0.02125
Bannatynes Cookridge Hall,185.0,1.0,8.025,2025-11-19 14:45:30+00:00,0.01825,0.01125,0.0255,0.01725
Bannatynes Cookridge Hall,185.0,1.0,8.025,2025-11-19 15:00:30+00:00,0.0145,0.00825,0.01975,0.0135
Bannatynes Cookridge Hall,185.0,1.0,8.025,2025-11-19 15:15:30+00:00,0.00925,0.00525,0.013,0.00875
Bannatynes Cookridge Hall,185.0,1.0,8.025,2025-11-19 15:30:30+00:00,0.0035,0.0025,0.0055,0.0035
Bannatynes Cookridge Hall,185.0,1.0,8.025,2025-11-19 15:45:30+00:00,0.0015,0.001,0.00225,0.0015
Bannatynes Cookridge Hall,185.0,1.0,8.025,2025-11-19 16:00:30+00:00,0.0,0.0,0.0,0.0
Bannatynes Cookridge Hall,185.0,1.0,8.025,2025-11-19 16:15:30+00:00,0.0,0.0,0.0,0.0
Bannatynes Cookridge Hall,185.0,1.0,8.025,2025-11-19 16:30:30+00:00,0.0,0.0,0.0,0.0
Bannatynes Cookridge Hall,185.0,1.0,8.025,2025-11-19 16:45:30+00:00,0.0,0.0,0.0,0.0
Bannatynes Cookridge Hall,185.0,1.0,8.025,2025-11-19 17:00:30+00:00,0.0,0.0,0.0,0.0
Bannatynes Cookridge Hall,185.0,1.0,8.025,2025-11-19 17:15:30+00:00,0.0,0.0,0.0,0.0
Bannatynes Cookridge Hall,185.0,1.0,8.025,2025-11-19 17:30:30+00:00,0.0,0.0,0.0,0.0
Bannatynes Cookridge Hall,185.0,1.0,8.025,2025-11-19 17:45:30+00:00,0.0,0.0,0.0,0.0
Bannatynes Cookridge Hall,185.0,1.0,8.025,2025-11-19 18:00:30+00:00,0.0,0.0,0.0,0.0
Bannatynes Cookridge Hall,185.0,1.0,8.025,2025-11-19 18:15:30+00:00,0.0,0.0,0.0,0.0
Bannatynes Cookridge Hall,185.0,1.0,8.025,2025-11-19 18:30:30+00:00,0.0,0.0,0.0,0.0
Bannatynes Cookridge Hall,185.0,1.0,8.025,2025-11-19 18:45:30+00:00,0.0,0.0,0.0,0.0
Bannatynes Cookridge Hall,185.0,1.0,8.025,2025-11-19 19:00:30+00:00,0.0,0.0,0.0,0.0
Bannatynes Cookridge Hall,185.0,1.0,8.025,2025-11-19 19:15:30+00:00,0.0,0.0,0.0,0.0
Bannatynes Cookridge Hall,185.0,1.0,8.025,2025-11-19 19:30:30+00:00,0.0,0.0,0.0,0.0
Bannatynes Cookridge Hall,185.0,1.0,8.025,2025-11-19 19:45:30+00:00,0.0,0.0,0.0,0.0
Bannatynes Cookridge Hall,185.0,1.0,8.025,2025-11-19 20:00:30+00:00,0.0,0.0,0.0,0.0
Bannatynes Cookridge Hall,185.0,1.0,8.025,2025-11-19 20:15:30+00:00,0.0,0.0,0.0,0.0
Bannatynes Cookridge Hall,185.0,1.0,8.025,2025-11-19 20:30:30+00:00,0.0,0.0,0.0,0.0
Bannatynes Cookridge Hall,185.0,1.0,8.025,2025-11-19 20:45:30+00:00,0.0,0.0,0.0,0.0
Bannatynes Cookridge Hall,185.0,1.0,8.025,2025-11-19 21:00:30+00:00,0.0,0.0,0.0,0.0
Bannatynes Cookridge Hall,185.0,1.0,8.025,2025-11-19 21:15:30+00:00,0.0,0.0,0.0,0.0
Bannatynes Cookridge Hall,185.0,1.0,8.025,2025-11-19 21:30:30+00:00,0.0,0.0,0.0,0.0
Bannatynes Cookridge Hall,185.0,1.0,8.025,2025-11-19 21:45:30+00:00,0.0,0.0,0.0,0.0
Bannatynes Cookridge Hall,185.0,1.0,8.025,2025-11-19 22:00:30+00:00,0.0,0.0,0.0,0.0
Bannatynes Cookridge Hall,185.0,1.0,8.025,2025-11-19 22:15:30+00:00,0.0,0.0,0.0,0.0
Bannatynes Cookridge Hall,185.0,1.0,8.025,2025-11-19 22:30:30+00:00,0.0,0.0,0.0,0.0
Bannatynes Cookridge Hall,185.0,1.0,8.025,2025-11-19 22:45:30+00:00,0.0,0.0,0.0,0.0
Bannatynes Cookridge Hall,185.0,1.0,8.025,2025-11-19 23:00:30+00:00,0.0,0.0,0.0,0.0
Bannatynes Cookridge Hall,185.0,1.0,8.025,2025-11-19 23:15:30+00:00,0.0,0.0,0.0,0.0
Bannatynes Cookridge Hall,185.0,1.0,8.025,2025-11-19 23:30:30+00:00,0.0,0.0,0.0,0.0
Bannatynes Cookridge Hall,185.0,1.0,8.025,2025-11-19 23:45:30+00:00,0.0,0.0,0.0,0.0
Bannatynes Cookridge Hall,185.0,1.0,8.025,2025-11-20 00:00:30+00:00,0.0,0.0,0.0,0.0
Bannatynes Cookridge Hall,185.0,1.0,8.025,2025-11-20 00:15:30+00:00,0.0,0.0,0.0,0.0
Bannatynes Cookridge Hall,185.0,1.0,8.025,2025-11-20 00:30:30+00:00,0.0,0.0,0.0,0.0
Bannatynes Cookridge Hall,185.0,1.0,8.025,2025-11-20 00:45:30+00:00,0.0,0.0,0.0,0.0
Bannatynes Cookridge Hall,185.0,1.0,8.025,2025-11-20 01:00:30+00:00,0.0,0.0,0.0,0.0
Bannatynes Cookridge Hall,185.0,1.0,8.025,2025-11-20 01:15:30+00:00,0.0,0.0,0.0,0.0
Bannatynes Cookridge Hall,185.0,1.0,8.025,2025-11-20 01:30:30+00:00,0.0,0.0,0.0,0.0
Bannatynes Cookridge Hall,185.0,1.0,8.025,2025-11-20 01:45:30+00:00,0.0,0.0,0.0,0.0
Bannatynes Cookridge Hall,185.0,1.0,8.025,2025-11-20 02:00:30+00:00,0.0,0.0,0.0,0.0
Bannatynes Cookridge Hall,185.0,1.0,8.025,2025-11-20 02:15:30+00:00,0.0,0.0,0.0,0.0
Bannatynes Cookridge Hall,185.0,1.0,8.025,2025-11-20 02:30:30+00:00,0.0,0.0,0.0,0.0
Bannatynes Cookridge Hall,185.0,1.0,8.025,2025-11-20 02:45:30+00:00,0.0,0.0,0.0,0.0
Bannatynes Cookridge Hall,185.0,1.0,8.025,2025-11-20 03:00:30+00:00,0.0,0.0,0.0,0.0
Bannatynes Cookridge Hall,185.0,1.0,8.025,2025-11-20 03:15:30+00:00,0.0,0.0,0.0,0.0
Bannatynes Cookridge Hall,185.0,1.0,8.025,2025-11-20 03:30:30+00:00,0.0,0.0,0.0,0.0
Bannatynes Cookridge Hall,185.0,1.0,8.025,2025-11-20 03:45:30+00:00,0.0,0.0,0.0,0.0
Bannatynes Cookridge Hall,185.0,1.0,8.025,2025-11-20 04:00:30+00:00,0.0,0.0,0.0,0.0
Bannatynes Cookridge Hall,185.0,1.0,8.025,2025-11-20 04:15:30+00:00,0.0,0.0,0.0,0.0
Bannatynes Cookridge Hall,185.0,1.0,8.025,2025-11-20 04:30:30+00:00,0.0,0.0,0.0,0.0
Bannatynes Cookridge Hall,185.0,1.0,8.025,2025-11-20 04:45:30+00:00,0.0,0.0,0.0,0.0
Bannatynes Cookridge Hall,185.0,1.0,8.025,2025-11-20 05:00:30+00:00,0.0,0.0,0.0,0.0
Bannatynes Cookridge Hall,185.0,1.0,8.025,2025-11-20 05:15:30+00:00,0.0,0.0,0.0,0.0
Bannatynes Cookridge Hall,185.0,1.0,8.025,2025-11-20 05:30:30+00:00,0.0,0.0,0.0,0.0
Bannatynes Cookridge Hall,185.0,1.0,8.025,2025-11-20 05:45:30+00:00,0.0,0.0,0.0,0.0
Bannatynes Cookridge Hall,185.0,1.0,8.025,2025-11-20 06:00:30+00:00,0.0,0.0,0.0,0.0
Bannatynes Cookridge Hall,185.0,1.0,8.025,2025-11-20 06:15:30+00:00,0.0,0.0,0.0,0.0
Bannatynes Cookridge Hall,185.0,1.0,8.025,2025-11-20 06:30:30+00:00,0.0,0.0,0.0,0.0
Bannatynes Cookridge Hall,185.0,1.0,8.025,2025-11-20 06:45:30+00:00,0.0,0.0,0.0,0.0
Bannatynes Cookridge Hall,185.0,1.0,8.025,2025-11-20 07:00:30+00:00,0.0,0.0,0.0,0.0
Bannatynes Cookridge Hall,185.0,1.0,8.025,2025-11-20 07:15:30+00:00,0.0,0.0,0.0,0.0
Bannatynes Cookridge Hall,185.0,1.0,8.025,2025-11-20 07:30:30+00:00,0.0,0.0,0.0,0.0
Bannatynes Cookridge Hall,185.0,1.0,8.025,2025-11-20 07:45:30+00:00,0.0005,0.00025,0.00075,0.0005
Bannatynes Cookridge Hall,185.0,1.0,8.025,2025-11-20 08:00:30+00:00,0.004,0.00275,0.005,0.00375
Bannatynes Cookridge Hall,185.0,1.0,8.025,2025-11-20 08:15:30+00:00,0.0095,0.0055,0.01175,0.009
Bannatynes Cookridge Hall,185.0,1.0,8.025,2025-11-20 08:30:30+00:00,0.01375,0.009,0.019,0.013
Bannatynes Cookridge Hall,185.0,1.0,8.025,2025-11-20 08:45:30+00:00,0.02,0.01275,0.02625,0.019
Bannatynes Cookridge Hall,185.0,1.0,8.025,2025-11-20 09:00:30+00:00,0.02525,0.018,0.03325,0.024
Bannatynes Cookridge Hall,185.0,1.0,8.025,2025-11-20 09:15:30+00:00,0.03325,0.02225,0.04,0.03175
Bannatynes Cookridge Hall,185.0,1.0,8.025,2025-11-20 09:30:30+00:00,0.0365,0.02725,0.04625,0.035
Bannatynes Cookridge Hall,185.0,1.0,8.025,2025-11-20 09:45:30+00:00,0.042,0.03175,0.052,0.04025
Bannatynes Cookridge Hall,185.0,1.0,8.025,2025-11-20 10:00:30+00:00,0.04925,0.03625,0.0575,0.047
Bannatynes Cookridge Hall,185.0,1.0,8.025,2025-11-20 10:15:30+00:00,0.05025,0.03875,0.062,0.04825
Bannatynes Cookridge Hall,185.0,1.0,8.025,2025-11-20 10:30:30+00:00,0.05175,0.041,0.0645,0.0495
Bannatynes Cookridge Hall,185.0,1.0,8.025,2025-11-20 10:45:30+00:00,0.05575,0.04375,0.0675,0.0535
Bannatynes Cookridge Hall,185.0,1.0,8.025,2025-11-20 11:00:30+00:00,0.05925,0.04725,0.071,0.0565
Bannatynes Cookridge Hall,185.0,1.0,8.025,2025-11-20 11:15:30+00:00,0.06225,0.05025,0.07375,0.0595
Bannatynes Cookridge Hall,185.0,1.0,8.025,2025-11-20 11:30:30+00:00,0.0645,0.05275,0.07525,0.0615
Bannatynes Cookridge Hall,185.0,1.0,8.025,2025-11-20 11:45:30+00:00,0.065,0.054,0.0755,0.062
Bannatynes Cookridge Hall,185.0,1.0,8.025,2025-11-20 12:00:30+00:00,0.0645,0.05325,0.07475,0.0615
Bannatynes Cookridge Hall,185.0,1.0,8.025,2025-11-20 12:15:30+00:00,0.06225,0.05175,0.0735,0.05925
Bannatynes Cookridge Hall,185.0,1.0,8.025,2025-11-20 12:30:30+00:00,0.061,0.05025,0.07225,0.05825
Bannatynes Cookridge Hall,185.0,1.0,8.025,2025-11-20 12:45:30+00:00,0.06025,0.049,0.06975,0.05725
Bannatynes Cookridge Hall,185.0,1.0,8.025,2025-11-20 13:00:30+00:00,0.058,0.04675,0.0665,0.05525
Bannatynes Cookridge Hall,185.0,1.0,8.025,2025-11-20 13:15:30+00:00,0.05425,0.04375,0.0625,0.0515
Bannatynes Cookridge Hall,185.0,1.0,8.025,2025-11-20 13:30:30+00:00,0.05,0.0395,0.058,0.0475
Bannatynes Cookridge Hall,185.0,1.0,8.025,2025-11-20 13:45:30+00:00,0.04525,0.03475,0.05275,0.04275
Bannatynes Cookridge Hall,185.0,1.0,8.025,2025-11-20 14:00:30+00:00,0.0395,0.02975,0.04675,0.03725
Bannatynes Cookridge Hall,185.0,1.0,8.025,2025-11-20 14:15:30+00:00,0.03325,0.02475,0.04025,0.03125
Bannatynes Cookridge Hall,185.0,1.0,8.025,2025-11-20 14:30:30+00:00,0.02775,0.01975,0.03375,0.026
Bannatynes Cookridge Hall,185.0,1.0,8.025,2025-11-20 14:45:30+00:00,0.022,0.015,0.02675,0.0205
Bannatynes Cookridge Hall,185.0,1.0,8.025,2025-11-20 15:00:30+00:00,0.01575,0.01,0.0195,0.0145
Bannatynes Cookridge Hall,185.0,1.0,8.025,2025-11-20 15:15:30+00:00,0.0095,0.0055,0.01225,0.00875
Bannatynes Cookridge Hall,185.0,1.0,8.025,2025-11-20 15:30:30+00:00,0.00325,0.0025,0.00475,0.00325
Bannatynes Cookridge Hall,185.0,1.0,8.025,2025-11-20 15:45:30+00:00,0.0015,0.00075,0.00175,0.0015
Bannatynes Cookridge Hall,185.0,1.0,8.025,2025-11-20 16:00:30+00:00,0.0,0.0,0.0,0.0
Bannatynes Cookridge Hall,185.0,1.0,8.025,2025-11-20 16:15:30+00:00,0.0,0.0,0.0,0.0
Bannatynes Cookridge Hall,185.0,1.0,8.025,2025-11-20 16:30:30+00:00,0.0,0.0,0.0,0.0
Bannatynes Cookridge Hall,185.0,1.0,8.025,2025-11-20 16:45:30+00:00,0.0,0.0,0.0,0.0
Bannatynes Cookridge Hall,185.0,1.0,8.025,2025-11-20 17:00:30+00:00,0.0,0.0,0.0,0.0
Bannatynes Cookridge Hall,185.0,1.0,8.025,2025-11-20 17:15:30+00:00,0.0,0.0,0.0,0.0
Bannatynes Cookridge Hall,185.0,1.0,8.025,2025-11-20 17:30:30+00:00,0.0,0.0,0.0,0.0
Bannatynes Cookridge Hall,185.0,1.0,8.025,2025-11-20 17:45:30+00:00,0.0,0.0,0.0,0.0
Bannatynes Cookridge Hall,185.0,1.0,8.025,2025-11-20 18:00:30+00:00,0.0,0.0,0.0,0.0
Bannatynes Cookridge Hall,185.0,1.0,8.025,2025-11-20 18:15:30+00:00,0.0,0.0,0.0,0.0
Bannatynes Cookridge Hall,185.0,1.0,8.025,2025-11-20 18:30:30+00:00,0.0,0.0,0.0,0.0
Bannatynes Cookridge Hall,185.0,1.0,8.025,2025-11-20 18:45:30+00:00,0.0,0.0,0.0,0.0
Bannatynes Cookridge Hall,185.0,1.0,8.025,2025-11-20 19:00:30+00:00,0.0,0.0,0.0,0.0
Bannatynes Cookridge Hall,185.0,1.0,8.025,2025-11-20 19:15:30+00:00,0.0,0.0,0.0,0.0
Bannatynes Cookridge Hall,185.0,1.0,8.025,2025-11-20 19:30:30+00:00,0.0,0.0,0.0,0.0
Bannatynes Cookridge Hall,185.0,1.0,8.025,2025-11-20 19:45:30+00:00,0.0,0.0,0.0,0.0
Bannatynes Cookridge Hall,185.0,1.0,8.025,2025-11-20 20:00:30+00:00,0.0,0.0,0.0,0.0
Bannatynes Cookridge Hall,185.0,1.0,8.025,2025-11-20 20:15:30+00:00,0.0,0.0,0.0,0.0
Bannatynes Cookridge Hall,185.0,1.0,8.025,2025-11-20 20:30:30+00:00,0.0,0.0,0.0,0.0
Bannatynes Cookridge Hall,185.0,1.0,8.025,2025-11-20 20:45:30+00:00,0.0,0.0,0.0,0.0
Bannatynes Cookridge Hall,185.0,1.0,8.025,2025-11-20 21:00:30+00:00,0.0,0.0,0.0,0.0
Bannatynes Cookridge Hall,185.0,1.0,8.025,2025-11-20 21:15:30+00:00,0.0,0.0,0.0,0.0
Bannatynes Cookridge Hall,185.0,1.0,8.025,2025-11-20 21:30:30+00:00,0.0,0.0,0.0,0.0
Bannatynes Cookridge Hall,185.0,1.0,8.025,2025-11-20 21:45:30+00:00,0.0,0.0,0.0,0.0
Bannatynes Cookridge Hall,185.0,1.0,8.025,2025-11-20 22:00:30+00:00,0.0,0.0,0.0,0.0
Bannatynes Cookridge Hall,185.0,1.0,8.025,2025-11-20 22:15:30+00:00,0.0,0.0,0.0,0.0
Bannatynes Cookridge Hall,185.0,1.0,8.025,2025-11-20 22:30:30+00:00,0.0,0.0,0.0,0.0
Bannatynes Cookridge Hall,185.0,1.0,8.025,2025-11-20 22:45:30+00:00,0.0,0.0,0.0,0.0
Bannatynes Cookridge Hall,185.0,1.0,8.025,2025-11-20 23:00:30+00:00,0.0,0.0,0.0,0.0
Bannatynes Cookridge Hall,185.0,1.0,8.025,2025-11-20 23:15:30+00:00,0.0,0.0,0.0,0.0
Bannatynes Cookridge Hall,185.0,1.0,8.025,2025-11-20 23:30:30+00:00,0.0,0.0,0.0,0.0
Bannatynes Cookridge Hall,185.0,1.0,8.025,2025-11-20 23:45:30+00:00,0.0,0.0,0.0,0.0
Bannatynes Cookridge Hall,185.0,1.0,8.025,2025-11-21 00:00:30+00:00,0.0,0.0,0.0,0.0
Bannatynes Cookridge Hall,185.0,1.0,8.025,2025-11-21 00:15:30+00:00,0.0,0.0,0.0,0.0
Bannatynes Cookridge Hall,185.0,1.0,8.025,2025-11-21 00:30:30+00:00,0.0,0.0,0.0,0.0
Bannatynes Cookridge Hall,185.0,1.0,8.025,2025-11-21 00:45:30+00:00,0.0,0.0,0.0,0.0
Bannatynes Cookridge Hall,185.0,1.0,8.025,2025-11-21 01:00:30+00:00,0.0,0.0,0.0,0.0
Bannatynes Cookridge Hall,185.0,1.0,8.025,2025-11-21 01:15:30+00:00,0.0,0.0,0.0,0.0
Bannatynes Cookridge Hall,185.0,1.0,8.025,2025-11-21 01:30:30+00:00,0.0,0.0,0.0,0.0
Bannatynes Cookridge Hall,185.0,1.0,8.025,2025-11-21 01:45:30+00:00,0.0,0.0,0.0,0.0
Bannatynes Cookridge Hall,185.0,1.0,8.025,2025-11-21 02:00:30+00:00,0.0,0.0,0.0,0.0
Bannatynes Cookridge Hall,185.0,1.0,8.025,2025-11-21 02:15:30+00:00,0.0,0.0,0.0,0.0
Bannatynes Cookridge Hall,185.0,1.0,8.025,2025-11-21 02:30:30+00:00,0.0,0.0,0.0,0.0
Bannatynes Cookridge Hall,185.0,1.0,8.025,2025-11-21 02:45:30+00:00,0.0,0.0,0.0,0.0
Bannatynes Cookridge Hall,185.0,1.0,8.025,2025-11-21 03:00:30+00:00,0.0,0.0,0.0,0.0
Bannatynes Cookridge Hall,185.0,1.0,8.025,2025-11-21 03:15:30+00:00,0.0,0.0,0.0,0.0
Bannatynes Cookridge Hall,185.0,1.0,8.025,2025-11-21 03:30:30+00:00,0.0,0.0,0.0,0.0
Bannatynes Cookridge Hall,185.0,1.0,8.025,2025-11-21 03:45:30+00:00,0.0,0.0,0.0,0.0
Bannatynes Cookridge Hall,185.0,1.0,8.025,2025-11-21 04:00:30+00:00,0.0,0.0,0.0,0.0
Bannatynes Cookridge Hall,185.0,1.0,8.025,2025-11-21 04:15:30+00:00,0.0,0.0,0.0,0.0
Bannatynes Cookridge Hall,185.0,1.0,8.025,2025-11-21 04:30:30+00:00,0.0,0.0,0.0,0.0
Bannatynes Cookridge Hall,185.0,1.0,8.025,2025-11-21 04:45:30+00:00,0.0,0.0,0.0,0.0
Bannatynes Cookridge Hall,185.0,1.0,8.025,2025-11-21 05:00:30+00:00,0.0,0.0,0.0,0.0
Bannatynes Cookridge Hall,185.0,1.0,8.025,2025-11-21 05:15:30+00:00,0.0,0.0,0.0,0.0
Bannatynes Cookridge Hall,185.0,1.0,8.025,2025-11-21 05:30:30+00:00,0.0,0.0,0.0,0.0
Bannatynes Cookridge Hall,185.0,1.0,8.025,2025-11-21 05:45:30+00:00,0.0,0.0,0.0,0.0
Bannatynes Cookridge Hall,185.0,1.0,8.025,2025-11-21 06:00:30+00:00,0.0,0.0,0.0,0.0
Bannatynes Cookridge Hall,185.0,1.0,8.025,2025-11-21 06:15:30+00:00,0.0,0.0,0.0,0.0
Bannatynes Cookridge Hall,185.0,1.0,8.025,2025-11-21 06:30:30+00:00,0.0,0.0,0.0,0.0
Bannatynes Cookridge Hall,185.0,1.0,8.025,2025-11-21 06:45:30+00:00,0.0,0.0,0.0,0.0
Bannatynes Cookridge Hall,185.0,1.0,8.025,2025-11-21 07:00:30+00:00,0.0,0.0,0.0,0.0
Bannatynes Cookridge Hall,185.0,1.0,8.025,2025-11-21 07:15:30+00:00,0.0,0.0,0.0,0.0
Bannatynes Cookridge Hall,185.0,1.0,8.025,2025-11-21 07:30:30+00:00,0.0,0.0,0.0,0.0
Bannatynes Cookridge Hall,185.0,1.0,8.025,2025-11-21 07:45:30+00:00,0.00025,0.00025,0.00025,0.00025
Bannatynes Cookridge Hall,185.0,1.0,8.025,2025-11-21 08:00:30+00:00,0.0035,0.0025,0.00425,0.0035
Bannatynes Cookridge Hall,185.0,1.0,8.025,2025-11-21 08:15:30+00:00,0.009,0.006,0.01125,0.00825
Bannatynes Cookridge Hall,185.0,1.0,8.025,2025-11-21 08:30:30+00:00,0.015,0.01,0.01875,0.014
Bannatynes Cookridge Hall,185.0,1.0,8.025,2025-11-21 08:45:30+00:00,0.02125,0.01475,0.026,0.01975
Bannatynes Cookridge Hall,185.0,1.0,8.025,2025-11-21 09:00:30+00:00,0.027,0.0195,0.033,0.0255
Bannatynes Cookridge Hall,185.0,1.0,8.025,2025-11-21 09:15:30+00:00,0.033,0.0245,0.03975,0.03125
Bannatynes Cookridge Hall,185.0,1.0,8.025,2025-11-21 09:30:30+00:00,0.0385,0.02925,0.046,0.0365
Bannatynes Cookridge Hall,185.0,1.0,8.025,2025-11-21 09:45:30+00:00,0.0435,0.03375,0.05175,0.04125
Bannatynes Cookridge Hall,185.0,1.0,8.025,2025-11-21 10:00:30+00:00,0.04825,0.038,0.057,0.04575
Bannatynes Cookridge Hall,185.0,1.0,8.025,2025-11-21 10:15:30+00:00,0.0525,0.042,0.06175,0.04975
Bannatynes Cookridge Hall,185.0,1.0,8.025,2025-11-21 10:30:30+00:00,0.05625,0.04525,0.06575,0.0535
Bannatynes Cookridge Hall,185.0,1.0,8.025,2025-11-21 10:45:30+00:00,0.059,0.04725,0.069,0.056
Bannatynes Cookridge Hall,185.0,1.0,8.025,2025-11-21 11:00:30+00:00,0.0595,0.049,0.0715,0.0565
Bannatynes Cookridge Hall,185.0,1.0,8.025,2025-11-21 11:15:30+00:00,0.0625,0.051,0.0735,0.0595
Bannatynes Cookridge Hall,185.0,1.0,8.025,2025-11-21 11:30:30+00:00,0.0655,0.05225,0.07475,0.06225
Bannatynes Cookridge Hall,185.0,1.0,8.025,2025-11-21 11:45:30+00:00,0.063,0.0525,0.075,0.06
Bannatynes Cookridge Hall,185.0,1.0,8.025,2025-11-21 12:00:30+00:00,0.06375,0.05125,0.07425,0.06075
Bannatynes Cookridge Hall,185.0,1.0,8.025,2025-11-21 12:15:30+00:00,0.06125,0.05075,0.07375,0.05825
Bannatynes Cookridge Hall,185.0,1.0,8.025,2025-11-21 12:30:30+00:00,0.06175,0.04975,0.072,0.05875
Bannatynes Cookridge Hall,185.0,1.0,8.025,2025-11-21 12:45:30+00:00,0.061,0.0485,0.0695,0.058
Bannatynes Cookridge Hall,185.0,1.0,8.025,2025-11-21 13:00:30+00:00,0.0585,0.04575,0.06625,0.0555
Bannatynes Cookridge Hall,185.0,1.0,8.025,2025-11-21 13:15:30+00:00,0.05375,0.041,0.06225,0.05075
Bannatynes Cookridge Hall,185.0,1.0,8.025,2025-11-21 13:30:30+00:00,0.0465,0.0355,0.0575,0.044
Bannatynes Cookridge Hall,185.0,1.0,8.025,2025-11-21 13:45:30+00:00,0.0445,0.02825,0.05225,0.04225
Bannatynes Cookridge Hall,185.0,1.0,8.025,2025-11-21 14:00:30+00:00,0.037,0.0205,0.046,0.03525
Bannatynes Cookridge Hall,185.0,1.0,8.025,2025-11-21 14:15:30+00:00,0.027,0.0125,0.0395,0.02575
Bannatynes Cookridge Hall,185.0,1.0,8.025,2025-11-21 14:30:30+00:00,0.01775,0.0085,0.03125,0.01725
Bannatynes Cookridge Hall,185.0,1.0,8.025,2025-11-21 14:45:30+00:00,0.015,0.00675,0.023,0.0145
Bannatynes Cookridge Hall,185.0,1.0,8.025,2025-11-21 15:00:30+00:00,0.0115,0.00575,0.01675,0.011
Bannatynes Cookridge Hall,185.0,1.0,8.025,2025-11-21 15:15:30+00:00,0.007,0.0035,0.0105,0.0065
Bannatynes Cookridge Hall,185.0,1.0,8.025,2025-11-21 15:30:30+00:00,0.00275,0.00175,0.0045,0.00275
Bannatynes Cookridge Hall,185.0,1.0,8.025,2025-11-21 15:45:30+00:00,0.001,0.0005,0.00175,0.001
Bannatynes Cookridge Hall,185.0,1.0,8.025,2025-11-21 16:00:30+00:00,0.0,0.0,0.0,0.0
Bannatynes Cookridge Hall,185.0,1.0,8.025,2025-11-21 16:15:30+00:00,0.0,0.0,0.0,0.0
Bannatynes Cookridge Hall,185.0,1.0,8.025,2025-11-21 16:30:30+00:00,0.0,0.0,0.0,0.0
Bannatynes Cookridge Hall,185.0,1.0,8.025,2025-11-21 16:45:30+00:00,0.0,0.0,0.0,0.0
Bannatynes Cookridge Hall,185.0,1.0,8.025,2025-11-21 17:00:30+00:00,0.0,0.0,0.0,0.0
Bannatynes Cookridge Hall,185.0,1.0,8.025,2025-11-21 17:15:30+00:00,0.0,0.0,0.0,0.0
Bannatynes Cookridge Hall,185.0,1.0,8.025,2025-11-21 17:30:30+00:00,0.0,0.0,0.0,0.0
Bannatynes Cookridge Hall,185.0,1.0,8.025,2025-11-21 17:45:30+00:00,0.0,0.0,0.0,0.0
Bannatynes Cookridge Hall,185.0,1.0,8.025,2025-11-21 18:00:30+00:00,0.0,0.0,0.0,0.0
Bannatynes Cookridge Hall,185.0,1.0,8.025,2025-11-21 18:15:30+00:00,0.0,0.0,0.0,0.0
Bannatynes Cookridge Hall,185.0,1.0,8.025,2025-11-21 18:30:30+00:00,0.0,0.0,0.0,0.0
Bannatynes Cookridge Hall,185.0,1.0,8.025,2025-11-21 18:45:30+00:00,0.0,0.0,0.0,0.0
Bannatynes Cookridge Hall,185.0,1.0,8.025,2025-11-21 19:00:30+00:00,0.0,0.0,0.0,0.0
Bannatynes Cookridge Hall,185.0,1.0,8.025,2025-11-21 19:15:30+00:00,0.0,0.0,0.0,0.0
Bannatynes Cookridge Hall,185.0,1.0,8.025,2025-11-21 19:30:30+00:00,0.0,0.0,0.0,0.0
Bannatynes Cookridge Hall,185.0,1.0,8.025,2025-11-21 19:45:30+00:00,0.0,0.0,0.0,0.0
Bannatynes Cookridge Hall,185.0,1.0,8.025,2025-11-21 20:00:30+00:00,0.0,0.0,0.0,0.0
Bannatynes Cookridge Hall,185.0,1.0,8.025,2025-11-21 20:15:30+00:00,0.0,0.0,0.0,0.0
Bannatynes Cookridge Hall,185.0,1.0,8.025,2025-11-21 20:30:30+00:00,0.0,0.0,0.0,0.0
Bannatynes Cookridge Hall,185.0,1.0,8.025,2025-11-21 20:45:30+00:00,0.0,0.0,0.0,0.0
Bannatynes Cookridge Hall,185.0,1.0,8.025,2025-11-21 21:00:30+00:00,0.0,0.0,0.0,0.0
Bannatynes Cookridge Hall,185.0,1.0,8.025,2025-11-21 21:15:30+00:00,0.0,0.0,0.0,0.0
Bannatynes Cookridge Hall,185.0,1.0,8.025,2025-11-21 21:30:30+00:00,0.0,0.0,0.0,0.0
Bannatynes Cookridge Hall,185.0,1.0,8.025,2025-11-21 21:45:30+00:00,0.0,0.0,0.0,0.0
Bannatynes Cookridge Hall,185.0,1.0,8.025,2025-11-21 22:00:30+00:00,0.0,0.0,0.0,0.0
Bannatynes Cookridge Hall,185.0,1.0,8.025,2025-11-21 22:15:30+00:00,0.0,0.0,0.0,0.0
Bannatynes Cookridge Hall,185.0,1.0,8.025,2025-11-21 22:30:30+00:00,0.0,0.0,0.0,0.0
Bannatynes Cookridge Hall,185.0,1.0,8.025,2025-11-21 22:45:30+00:00,0.0,0.0,0.0,0.0
Bannatynes Cookridge Hall,185.0,1.0,8.025,2025-11-21 23:00:30+00:00,0.0,0.0,0.0,0.0
Bannatynes Cookridge Hall,185.0,1.0,8.025,2025-11-21 23:15:30+00:00,0.0,0.0,0.0,0.0
Bannatynes Cookridge Hall,185.0,1.0,8.025,2025-11-21 23:30:30+00:00,0.0,0.0,0.0,0.0
Bannatynes Cookridge Hall,185.0,1.0,8.025,2025-11-21 23:45:30+00:00,0.0,0.0,0.0,0.0
Bannatynes Cookridge Hall,185.0,1.0,8.025,2025-11-22 00:00:30+00:00,0.0,0.0,0.0,0.0
Bannatynes Cookridge Hall,185.0,1.0,8.025,2025-11-22 00:15:30+00:00,0.0,0.0,0.0,0.0
Bannatynes Cookridge Hall,185.0,1.0,8.025,2025-11-22 00:30:30+00:00,0.0,0.0,0.0,0.0
Bannatynes Cookridge Hall,185.0,1.0,8.025,2025-11-22 00:45:30+00:00,0.0,0.0,0.0,0.0
Bannatynes Cookridge Hall,185.0,1.0,8.025,2025-11-22 01:00:30+00:00,0.0,0.0,0.0,0.0
Bannatynes Cookridge Hall,185.0,1.0,8.025,2025-11-22 01:15:30+00:00,0.0,0.0,0.0,0.0
Bannatynes Cookridge Hall,185.0,1.0,8.025,2025-11-22 01:30:30+00:00,0.0,0.0,0.0,0.0
Bannatynes Cookridge Hall,185.0,1.0,8.025,2025-11-22 01:45:30+00:00,0.0,0.0,0.0,0.0
Bannatynes Cookridge Hall,185.0,1.0,8.025,2025-11-22 02:00:30+00:00,0.0,0.0,0.0,0.0
Bannatynes Cookridge Hall,185.0,1.0,8.025,2025-11-22 02:15:30+00:00,0.0,0.0,0.0,0.0
Bannatynes Cookridge Hall,185.0,1.0,8.025,2025-11-22 02:30:30+00:00,0.0,0.0,0.0,0.0
Bannatynes Cookridge Hall,185.0,1.0,8.025,2025-11-22 02:45:30+00:00,0.0,0.0,0.0,0.0
Bannatynes Cookridge Hall,185.0,1.0,8.025,2025-11-22 03:00:30+00:00,0.0,0.0,0.0,0.0
Bannatynes Cookridge Hall,185.0,1.0,8.025,2025-11-22 03:15:30+00:00,0.0,0.0,0.0,0.0
Bannatynes Cookridge Hall,185.0,1.0,8.025,2025-11-22 03:30:30+00:00,0.0,0.0,0.0,0.0
Bannatynes Cookridge Hall,185.0,1.0,8.025,2025-11-22 03:45:30+00:00,0.0,0.0,0.0,0.0
Bannatynes Cookridge Hall,185.0,1.0,8.025,2025-11-22 04:00:30+00:00,0.0,0.0,0.0,0.0
Bannatynes Cookridge Hall,185.0,1.0,8.025,2025-11-22 04:15:30+00:00,0.0,0.0,0.0,0.0
Bannatynes Cookridge Hall,185.0,1.0,8.025,2025-11-22 04:30:30+00:00,0.0,0.0,0.0,0.0
Bannatynes Cookridge Hall,185.0,1.0,8.025,2025-11-22 04:45:30+00:00,0.0,0.0,0.0,0.0
Bannatynes Cookridge Hall,185.0,1.0,8.025,2025-11-22 05:00:30+00:00,0.0,0.0,0.0,0.0
Bannatynes Cookridge Hall,185.0,1.0,8.025,2025-11-22 05:15:30+00:00,0.0,0.0,0.0,0.0
Bannatynes Cookridge Hall,185.0,1.0,8.025,2025-11-22 05:30:30+00:00,0.0,0.0,0.0,0.0
Bannatynes Cookridge Hall,185.0,1.0,8.025,2025-11-22 05:45:30+00:00,0.0,0.0,0.0,0.0
Bannatynes Cookridge Hall,185.0,1.0,8.025,2025-11-22 06:00:30+00:00,0.0,0.0,0.0,0.0
Bannatynes Cookridge Hall,185.0,1.0,8.025,2025-11-22 06:15:30+00:00,0.0,0.0,0.0,0.0
Bannatynes Cookridge Hall,185.0,1.0,8.025,2025-11-22 06:30:30+00:00,0.0,0.0,0.0,0.0
Bannatynes Cookridge Hall,185.0,1.0,8.025,2025-11-22 06:45:30+00:00,0.0,0.0,0.0,0.0
Bannatynes Cookridge Hall,185.0,1.0,8.025,2025-11-22 07:00:30+00:00,0.0,0.0,0.0,0.0
Bannatynes Cookridge Hall,185.0,1.0,8.025,2025-11-22 07:15:30+00:00,0.0,0.0,0.0,0.0
Bannatynes Cookridge Hall,185.0,1.0,8.025,2025-11-22 07:30:30+00:00,0.0,0.0,0.0,0.0
Bannatynes Cookridge Hall,185.0,1.0,8.025,2025-11-22 07:45:30+00:00,0.0,0.0,0.0,0.0
Bannatynes Cookridge Hall,185.0,1.0,8.025,2025-11-22 08:00:30+00:00,0.00275,0.00175,0.0035,0.00275
Bannatynes Cookridge Hall,185.0,1.0,8.025,2025-11-22 08:15:30+00:00,0.00725,0.00375,0.00975,0.00675
Bannatynes Cookridge Hall,185.0,1.0,8.025,2025-11-22 08:30:30+00:00,0.01225,0.0055,0.01675,0.0115
Bannatynes Cookridge Hall,185.0,1.0,8.025,2025-11-22 08:45:30+00:00,0.0145,0.006,0.02225,0.014
Bannatynes Cookridge Hall,185.0,1.0,8.025,2025-11-22 09:00:30+00:00,0.01575,0.0065,0.02675,0.01525
Bannatynes Cookridge Hall,185.0,1.0,8.025,2025-11-22 09:15:30+00:00,0.01975,0.00725,0.03025,0.01925
Bannatynes Cookridge Hall,185.0,1.0,8.025,2025-11-22 09:30:30+00:00,0.0205,0.00725,0.03225,0.02025
Bannatynes Cookridge Hall,185.0,1.0,8.025,2025-11-22 09:45:30+00:00,0.01875,0.006,0.033,0.0185
Bannatynes Cookridge Hall,185.0,1.0,8.025,2025-11-22 10:00:30+00:00,0.019,0.00675,0.036,0.01875
Bannatynes Cookridge Hall,185.0,1.0,8.025,2025-11-22 10:15:30+00:00,0.02625,0.01075,0.0425,0.026
Bannatynes Cookridge Hall,185.0,1.0,8.025,2025-11-22 10:30:30+00:00,0.03425,0.01625,0.047,0.0335
Bannatynes Cookridge Hall,185.0,1.0,8.025,2025-11-22 10:45:30+00:00,0.034,0.018,0.0475,0.03325
Bannatynes Cookridge Hall,185.0,1.0,8.025,2025-11-22 11:00:30+00:00,0.0295,0.0185,0.046,0.02925
Bannatynes Cookridge Hall,185.0,1.0,8.025,2025-11-22 11:15:30+00:00,0.0335,0.01975,0.04825,0.033
Bannatynes Cookridge Hall,185.0,1.0,8.025,2025-11-22 11:30:30+00:00,0.039,0.02375,0.0515,0.038
Bannatynes Cookridge Hall,185.0,1.0,8.025,2025-11-22 11:45:30+00:00,0.04025,0.02675,0.052,0.03925
Bannatynes Cookridge Hall,185.0,1.0,8.025,2025-11-22 12:00:30+00:00,0.039,0.02575,0.0525,0.038
Bannatynes Cookridge Hall,185.0,1.0,8.025,2025-11-22 12:15:30+00:00,0.03825,0.0235,0.05425,0.0375
Bannatynes Cookridge Hall,185.0,1.0,8.025,2025-11-22 12:30:30+00:00,0.03925,0.023,0.0605,0.03825
Bannatynes Cookridge Hall,185.0,1.0,8.025,2025-11-22 12:45:30+00:00,0.0475,0.02325,0.06575,0.046
Bannatynes Cookridge Hall,185.0,1.0,8.025,2025-11-22 13:00:30+00:00,0.048,0.018,0.0625,0.04625
Bannatynes Cookridge Hall,185.0,1.0,8.025,2025-11-22 13:15:30+00:00,0.03,0.00775,0.058,0.02925
Bannatynes Cookridge Hall,185.0,1.0,8.025,2025-11-22 13:30:30+00:00,0.02175,0.00425,0.0445,0.0215
Bannatynes Cookridge Hall,185.0,1.0,8.025,2025-11-22 13:45:30+00:00,0.01825,0.00375,0.035,0.01825
Bannatynes Cookridge Hall,185.0,1.0,8.025,2025-11-22 14:00:30+00:00,0.01475,0.004,0.02875,0.01475
Bannatynes Cookridge Hall,185.0,1.0,8.025,2025-11-22 14:15:30+00:00,0.01625,0.00325,0.025,0.016
Bannatynes Cookridge Hall,185.0,1.0,8.025,2025-11-22 14:30:30+00:00,0.00775,0.00225,0.02,0.00775
Bannatynes Cookridge Hall,185.0,1.0,8.025,2025-11-22 14:45:30+00:00,0.005,0.00175,0.0135,0.005
Bannatynes Cookridge Hall,185.0,1.0,8.025,2025-11-22 15:00:30+00:00,0.004,0.00125,0.00925,0.004
Bannatynes Cookridge Hall,185.0,1.0,8.025,2025-11-22 15:15:30+00:00,0.00225,0.00075,0.0055,0.0025
Bannatynes Cookridge Hall,185.0,1.0,8.025,2025-11-22 15:30:30+00:00,0.001,0.00025,0.00275,0.001
Bannatynes Cookridge Hall,185.0,1.0,8.025,2025-11-22 15:45:30+00:00,0.00025,0.0,0.001,0.00025
Bannatynes Cookridge Hall,185.0,1.0,8.025,2025-11-22 16:00:30+00:00,0.0,0.0,0.0,0.0
Bannatynes Cookridge Hall,185.0,1.0,8.025,2025-11-22 16:15:30+00:00,0.0,0.0,0.0,0.0
Bannatynes Cookridge Hall,185.0,1.0,8.025,2025-11-22 16:30:30+00:00,0.0,0.0,0.0,0.0
Bannatynes Cookridge Hall,185.0,1.0,8.025,2025-11-22 16:45:30+00:00,0.0,0.0,0.0,0.0
Bannatynes Cookridge Hall,185.0,1.0,8.025,2025-11-22 17:00:30+00:00,0.0,0.0,0.0,0.0
Bannatynes Cookridge Hall,185.0,1.0,8.025,2025-11-22 17:15:30+00:00,0.0,0.0,0.0,0.0
Bannatynes Cookridge Hall,185.0,1.0,8.025,2025-11-22 17:30:30+00:00,0.0,0.0,0.0,0.0
Bannatynes Cookridge Hall,185.0,1.0,8.025,2025-11-22 17:45:30+00:00,0.0,0.0,0.0,0.0
Bannatynes Cookridge Hall,185.0,1.0,8.025,2025-11-22 18:00:30+00:00,0.0,0.0,0.0,0.0
Bannatynes Cookridge Hall,185.0,1.0,8.025,2025-11-22 18:15:30+00:00,0.0,0.0,0.0,0.0
Bannatynes Cookridge Hall,185.0,1.0,8.025,2025-11-22 18:30:30+00:00,0.0,0.0,0.0,0.0
Bannatynes Cookridge Hall,185.0,1.0,8.025,2025-11-22 18:45:30+00:00,0.0,0.0,0.0,0.0
Bannatynes Cookridge Hall,185.0,1.0,8.025,2025-11-22 19:00:30+00:00,0.0,0.0,0.0,0.0
Bannatynes Cookridge Hall,185.0,1.0,8.025,2025-11-22 19:15:30+00:00,0.0,0.0,0.0,0.0
Bannatynes Cookridge Hall,185.0,1.0,8.025,2025-11-22 19:30:30+00:00,0.0,0.0,0.0,0.0
Bannatynes Cookridge Hall,185.0,1.0,8.025,2025-11-22 19:45:30+00:00,0.0,0.0,0.0,0.0
Bannatynes Cookridge Hall,185.0,1.0,8.025,2025-11-22 20:00:30+00:00,0.0,0.0,0.0,0.0
Bannatynes Cookridge Hall,185.0,1.0,8.025,2025-11-22 20:15:30+00:00,0.0,0.0,0.0,0.0
Bannatynes Cookridge Hall,185.0,1.0,8.025,2025-11-22 20:30:30+00:00,0.0,0.0,0.0,0.0
Bannatynes Cookridge Hall,185.0,1.0,8.025,2025-11-22 20:45:30+00:00,0.0,0.0,0.0,0.0
Bannatynes Cookridge Hall,185.0,1.0,8.025,2025-11-22 21:00:30+00:00,0.0,0.0,0.0,0.0
Bannatynes Cookridge Hall,185.0,1.0,8.025,2025-11-22 21:15:30+00:00,0.0,0.0,0.0,0.0
Bannatynes Cookridge Hall,185.0,1.0,8.025,2025-11-22 21:30:30+00:00,0.0,0.0,0.0,0.0
Bannatynes Cookridge Hall,185.0,1.0,8.025,2025-11-22 21:45:30+00:00,0.0,0.0,0.0,0.0
Bannatynes Cookridge Hall,185.0,1.0,8.025,2025-11-22 22:00:30+00:00,0.0,0.0,0.0,0.0
Bannatynes Cookridge Hall,185.0,1.0,8.025,2025-11-22 22:15:30+00:00,0.0,0.0,0.0,0.0
Bannatynes Cookridge Hall,185.0,1.0,8.025,2025-11-22 22:30:30+00:00,0.0,0.0,0.0,0.0
Bannatynes Cookridge Hall,185.0,1.0,8.025,2025-11-22 22:45:30+00:00,0.0,0.0,0.0,0.0
Bannatynes Cookridge Hall,185.0,1.0,8.025,2025-11-22 23:00:30+00:00,0.0,0.0,0.0,0.0
Bannatynes Cookridge Hall,185.0,1.0,8.025,2025-11-22 23:15:30+00:00,0.0,0.0,0.0,0.0
Bannatynes Cookridge Hall,185.0,1.0,8.025,2025-11-22 23:30:30+00:00,0.0,0.0,0.0,0.0
Bannatynes Cookridge Hall,185.0,1.0,8.025,2025-11-22 23:45:30+00:00,0.0,0.0,0.0,0.0
Bannatynes Cookridge Hall,185.0,1.0,8.025,2025-11-23 00:00:30+00:00,0.0,0.0,0.0,0.0
Bannatynes Cookridge Hall,185.0,1.0,8.025,2025-11-23 00:15:30+00:00,0.0,0.0,0.0,0.0
Bannatynes Cookridge Hall,185.0,1.0,8.025,2025-11-23 00:30:30+00:00,0.0,0.0,0.0,0.0
Bannatynes Cookridge Hall,185.0,1.0,8.025,2025-11-23 00:45:30+00:00,0.0,0.0,0.0,0.0
Bannatynes Cookridge Hall,185.0,1.0,8.025,2025-11-23 01:00:30+00:00,0.0,0.0,0.0,0.0
Bannatynes Cookridge Hall,185.0,1.0,8.025,2025-11-23 01:15:30+00:00,0.0,0.0,0.0,0.0
Bannatynes Cookridge Hall,185.0,1.0,8.025,2025-11-23 01:30:30+00:00,0.0,0.0,0.0,0.0
Bannatynes Cookridge Hall,185.0,1.0,8.025,2025-11-23 01:45:30+00:00,0.0,0.0,0.0,0.0
Bannatynes Cookridge Hall,185.0,1.0,8.025,2025-11-23 02:00:30+00:00,0.0,0.0,0.0,0.0
Bannatynes Cookridge Hall,185.0,1.0,8.025,2025-11-23 02:15:30+00:00,0.0,0.0,0.0,0.0
Bannatynes Cookridge Hall,185.0,1.0,8.025,2025-11-23 02:30:30+00:00,0.0,0.0,0.0,0.0
Bannatynes Cookridge Hall,185.0,1.0,8.025,2025-11-23 02:45:30+00:00,0.0,0.0,0.0,0.0
Bannatynes Cookridge Hall,185.0,1.0,8.025,2025-11-23 03:00:30+00:00,0.0,0.0,0.0,0.0
Bannatynes Cookridge Hall,185.0,1.0,8.025,2025-11-23 03:15:30+00:00,0.0,0.0,0.0,0.0
Bannatynes Cookridge Hall,185.0,1.0,8.025,2025-11-23 03:30:30+00:00,0.0,0.0,0.0,0.0
Bannatynes Cookridge Hall,185.0,1.0,8.025,2025-11-23 03:45:30+00:00,0.0,0.0,0.0,0.0
Bannatynes Cookridge Hall,185.0,1.0,8.025,2025-11-23 04:00:30+00:00,0.0,0.0,0.0,0.0
Bannatynes Cookridge Hall,185.0,1.0,8.025,2025-11-23 04:15:30+00:00,0.0,0.0,0.0,0.0
Bannatynes Cookridge Hall,185.0,1.0,8.025,2025-11-23 04:30:30+00:00,0.0,0.0,0.0,0.0
Bannatynes Cookridge Hall,185.0,1.0,8.025,2025-11-23 04:45:30+00:00,0.0,0.0,0.0,0.0
Bannatynes Cookridge Hall,185.0,1.0,8.025,2025-11-23 05:00:30+00:00,0.0,0.0,0.0,0.0
Bannatynes Cookridge Hall,185.0,1.0,8.025,2025-11-23 05:15:30+00:00,0.0,0.0,0.0,0.0
Bannatynes Cookridge Hall,185.0,1.0,8.025,2025-11-23 05:30:30+00:00,0.0,0.0,0.0,0.0
Bannatynes Cookridge Hall,185.0,1.0,8.025,2025-11-23 05:45:30+00:00,0.0,0.0,0.0,0.0
Bannatynes Cookridge Hall,185.0,1.0,8.025,2025-11-23 06:00:30+00:00,0.0,0.0,0.0,0.0
Bannatynes Cookridge Hall,185.0,1.0,8.025,2025-11-23 06:15:30+00:00,0.0,0.0,0.0,0.0
Bannatynes Cookridge Hall,185.0,1.0,8.025,2025-11-23 06:30:30+00:00,0.0,0.0,0.0,0.0
Bannatynes Cookridge Hall,185.0,1.0,8.025,2025-11-23 06:45:30+00:00,0.0,0.0,0.0,0.0
Bannatynes Cookridge Hall,185.0,1.0,8.025,2025-11-23 07:00:30+00:00,0.0,0.0,0.0,0.0
Bannatynes Cookridge Hall,185.0,1.0,8.025,2025-11-23 07:15:30+00:00,0.0,0.0,0.0,0.0
Bannatynes Cookridge Hall,185.0,1.0,8.025,2025-11-23 07:30:30+00:00,0.0,0.0,0.0,0.0
Bannatynes Cookridge Hall,185.0,1.0,8.025,2025-11-23 07:45:30+00:00,0.0005,0.0,0.001,0.0005
Bannatynes Cookridge Hall,185.0,1.0,8.025,2025-11-23 08:00:30+00:00,0.00125,0.00025,0.00325,0.00125
Bannatynes Cookridge Hall,185.0,1.0,8.025,2025-11-23 08:15:30+00:00,0.003,0.0005,0.00775,0.003
Bannatynes Cookridge Hall,185.0,1.0,8.025,2025-11-23 08:30:30+00:00,0.00625,0.00125,0.01475,0.00625
Bannatynes Cookridge Hall,185.0,1.0,8.025,2025-11-23 08:45:30+00:00,0.01575,0.0045,0.02225,0.015
Bannatynes Cookridge Hall,185.0,1.0,8.025,2025-11-23 09:00:30+00:00,0.02475,0.012,0.0295,0.0235
Bannatynes Cookridge Hall,185.0,1.0,8.025,2025-11-23 09:15:30+00:00,0.031,0.01875,0.036,0.0295
Bannatynes Cookridge Hall,185.0,1.0,8.025,2025-11-23 09:30:30+00:00,0.03425,0.02025,0.042,0.03275
Bannatynes Cookridge Hall,185.0,1.0,8.025,2025-11-23 09:45:30+00:00,0.038,0.0205,0.0475,0.03625
Bannatynes Cookridge Hall,185.0,1.0,8.025,2025-11-23 10:00:30+00:00,0.04625,0.01175,0.0525,0.0445
Bannatynes Cookridge Hall,185.0,1.0,8.025,2025-11-23 10:15:30+00:00,0.0255,0.0125,0.0565,0.02475
Bannatynes Cookridge Hall,185.0,1.0,8.025,2025-11-23 10:30:30+00:00,0.046,0.01225,0.06075,0.0445
Bannatynes Cookridge Hall,185.0,1.0,8.025,2025-11-23 10:45:30+00:00,0.0495,0.00975,0.064,0.04775
Bannatynes Cookridge Hall,185.0,1.0,8.025,2025-11-23 11:00:30+00:00,0.018,0.00475,0.0545,0.01775
Bannatynes Cookridge Hall,185.0,1.0,8.025,2025-11-23 11:15:30+00:00,0.00475,0.003,0.019,0.00475
Bannatynes Cookridge Hall,185.0,1.0,8.025,2025-11-23 11:30:30+00:00,0.00875,0.005,0.035,0.00875
Bannatynes Cookridge Hall,185.0,1.0,8.025,2025-11-23 11:45:30+00:00,0.0085,0.005,0.0345,0.0085
Bannatynes Cookridge Hall,185.0,1.0,8.025,2025-11-23 12:00:30+00:00,0.038,0.0075,0.06,0.03725
Bannatynes Cookridge Hall,185.0,1.0,8.025,2025-11-23 12:15:30+00:00,0.03675,0.00725,0.0605,0.036
Bannatynes Cookridge Hall,185.0,1.0,8.025,2025-11-23 12:30:30+00:00,0.0175,0.00475,0.0585,0.0175
Bannatynes Cookridge Hall,185.0,1.0,8.025,2025-11-23 12:45:30+00:00,0.03775,0.0075,0.055,0.03675
Bannatynes Cookridge Hall,185.0,1.0,8.025,2025-11-23 13:00:30+00:00,0.02525,0.005,0.05125,0.025
Bannatynes Cookridge Hall,185.0,1.0,8.025,2025-11-23 13:15:30+00:00,0.00675,0.004,0.02725,0.00675
Bannatynes Cookridge Hall,185.0,1.0,8.025,2025-11-23 13:30:30+00:00,0.0305,0.006,0.05175,0.0295
Bannatynes Cookridge Hall,185.0,1.0,8.025,2025-11-23 13:45:30+00:00,0.0425,0.0085,0.048,0.041
Bannatynes Cookridge Hall,185.0,1.0,8.025,2025-11-23 14:00:30+00:00,0.01425,0.003,0.04175,0.014
Bannatynes Cookridge Hall,185.0,1.0,8.025,2025-11-23 14:15:30+00:00,0.0085,0.0025,0.0285,0.0085
Bannatynes Cookridge Hall,185.0,1.0,8.025,2025-11-23 14:30:30+00:00,0.011,0.00225,0.0255,0.011
Bannatynes Cookridge Hall,185.0,1.0,8.025,2025-11-23 14:45:30+00:00,0.0145,0.003,0.023,0.014
Bannatynes Cookridge Hall,185.0,1.0,8.025,2025-11-23 15:00:30+00:00,0.013,0.004,0.0165,0.01225
Bannatynes Cookridge Hall,185.0,1.0,8.025,2025-11-23 15:15:30+00:00,0.0075,0.00325,0.00975,0.007
Bannatynes Cookridge Hall,185.0,1.0,8.025,2025-11-23 15:30:30+00:00,0.00225,0.00175,0.00325,0.00225
Bannatynes Cookridge Hall,185.0,1.0,8.025,2025-11-23 15:45:30+00:00,0.0005,0.00025,0.0005,0.0005
Bannatynes Cookridge Hall,185.0,1.0,8.025,2025-11-23 16:00:30+00:00,0.0,0.0,0.0,0.0
Bannatynes Cookridge Hall,185.0,1.0,8.025,2025-11-23 16:15:30+00:00,0.0,0.0,0.0,0.0
Bannatynes Cookridge Hall,185.0,1.0,8.025,2025-11-23 16:30:30+00:00,0.0,0.0,0.0,0.0
Bannatynes Cookridge Hall,185.0,1.0,8.025,2025-11-23 16:45:30+00:00,0.0,0.0,0.0,0.0
Bannatynes Cookridge Hall,185.0,1.0,8.025,2025-11-23 17:00:30+00:00,0.0,0.0,0.0,0.0
Bannatynes Cookridge Hall,185.0,1.0,8.025,2025-11-23 17:15:30+00:00,0.0,0.0,0.0,0.0
Bannatynes Cookridge Hall,185.0,1.0,8.025,2025-11-23 17:30:30+00:00,0.0,0.0,0.0,0.0
Bannatynes Cookridge Hall,185.0,1.0,8.025,2025-11-23 17:45:30+00:00,0.0,0.0,0.0,0.0
Bannatynes Cookridge Hall,185.0,1.0,8.025,2025-11-23 18:00:30+00:00,0.0,0.0,0.0,0.0
Bannatynes Cookridge Hall,185.0,1.0,8.025,2025-11-23 18:15:30+00:00,0.0,0.0,0.0,0.0
Bannatynes Cookridge Hall,185.0,1.0,8.025,2025-11-23 18:30:30+00:00,0.0,0.0,0.0,0.0
Bannatynes Cookridge Hall,185.0,1.0,8.025,2025-11-23 18:45:30+00:00,0.0,0.0,0.0,0.0
Bannatynes Cookridge Hall,185.0,1.0,8.025,2025-11-23 19:00:30+00:00,0.0,0.0,0.0,0.0
Bannatynes Cookridge Hall,185.0,1.0,8.025,2025-11-23 19:15:30+00:00,0.0,0.0,0.0,0.0
Bannatynes Cookridge Hall,185.0,1.0,8.025,2025-11-23 19:30:30+00:00,0.0,0.0,0.0,0.0
Bannatynes Cookridge Hall,185.0,1.0,8.025,2025-11-23 19:45:30+00:00,0.0,0.0,0.0,0.0
Bannatynes Cookridge Hall,185.0,1.0,8.025,2025-11-23 20:00:30+00:00,0.0,0.0,0.0,0.0
Bannatynes Cookridge Hall,185.0,1.0,8.025,2025-11-23 20:15:30+00:00,0.0,0.0,0.0,0.0
Bannatynes Cookridge Hall,185.0,1.0,8.025,2025-11-23 20:30:30+00:00,0.0,0.0,0.0,0.0
Bannatynes Cookridge Hall,185.0,1.0,8.025,2025-11-23 20:45:30+00:00,0.0,0.0,0.0,0.0
Bannatynes Cookridge Hall,185.0,1.0,8.025,2025-11-23 21:00:30+00:00,0.0,0.0,0.0,0.0
Bannatynes Cookridge Hall,185.0,1.0,8.025,2025-11-23 21:15:30+00:00,0.0,0.0,0.0,0.0
Bannatynes Cookridge Hall,185.0,1.0,8.025,2025-11-23 21:30:30+00:00,0.0,0.0,0.0,0.0
Bannatynes Cookridge Hall,185.0,1.0,8.025,2025-11-23 21:45:30+00:00,0.0,0.0,0.0,0.0
Bannatynes Cookridge Hall,185.0,1.0,8.025,2025-11-23 22:00:30+00:00,0.0,0.0,0.0,0.0
Bannatynes Cookridge Hall,185.0,1.0,8.025,2025-11-23 22:15:30+00:00,0.0,0.0,0.0,0.0
Bannatynes Cookridge Hall,185.0,1.0,8.025,2025-11-23 22:30:30+00:00,0.0,0.0,0.0,0.0
Bannatynes Cookridge Hall,185.0,1.0,8.025,2025-11-23 22:45:30+00:00,0.0,0.0,0.0,0.0
Bannatynes Cookridge Hall,185.0,1.0,8.025,2025-11-23 23:00:30+00:00,0.0,0.0,0.0,0.0
Bannatynes Cookridge Hall,185.0,1.0,8.025,2025-11-23 23:15:30+00:00,0.0,0.0,0.0,0.0
Bannatynes Cookridge Hall,185.0,1.0,8.025,2025-11-23 23:30:30+00:00,0.0,0.0,0.0,0.0
Bannatynes Cookridge Hall,185.0,1.0,8.025,2025-11-23 23:45:30+00:00,0.0,0.0,0.0,0.0
Bannatynes Cookridge Hall,185.0,1.0,8.025,2025-11-24 00:00:30+00:00,0.0,0.0,0.0,0.0
Bannatynes Cookridge Hall,185.0,1.0,8.025,2025-11-24 00:15:30+00:00,0.0,0.0,0.0,0.0
Bannatynes Cookridge Hall,185.0,1.0,8.025,2025-11-24 00:30:30+00:00,0.0,0.0,0.0,0.0
Bannatynes Cookridge Hall,185.0,1.0,8.025,2025-11-24 00:45:30+00:00,0.0,0.0,0.0,0.0
Bannatynes Cookridge Hall,185.0,1.0,8.025,2025-11-24 01:00:30+00:00,0.0,0.0,0.0,0.0
Bannatynes Cookridge Hall,185.0,1.0,8.025,2025-11-24 01:15:30+00:00,0.0,0.0,0.0,0.0
Bannatynes Cookridge Hall,185.0,1.0,8.025,2025-11-24 01:30:30+00:00,0.0,0.0,0.0,0.0
Bannatynes Cookridge Hall,185.0,1.0,8.025,2025-11-24 01:45:30+00:00,0.0,0.0,0.0,0.0
Bannatynes Cookridge Hall,185.0,1.0,8.025,2025-11-24 02:00:30+00:00,0.0,0.0,0.0,0.0
Bannatynes Cookridge Hall,185.0,1.0,8.025,2025-11-24 02:15:30+00:00,0.0,0.0,0.0,0.0
Bannatynes Cookridge Hall,185.0,1.0,8.025,2025-11-24 02:30:30+00:00,0.0,0.0,0.0,0.0
Bannatynes Cookridge Hall,185.0,1.0,8.025,2025-11-24 02:45:30+00:00,0.0,0.0,0.0,0.0
Bannatynes Cookridge Hall,185.0,1.0,8.025,2025-11-24 03:00:30+00:00,0.0,0.0,0.0,0.0
Bannatynes Cookridge Hall,185.0,1.0,8.025,2025-11-24 03:15:30+00:00,0.0,0.0,0.0,0.0
Bannatynes Cookridge Hall,185.0,1.0,8.025,2025-11-24 03:30:30+00:00,0.0,0.0,0.0,0.0
Bannatynes Cookridge Hall,185.0,1.0,8.025,2025-11-24 03:45:30+00:00,0.0,0.0,0.0,0.0
Bannatynes Cookridge Hall,185.0,1.0,8.025,2025-11-24 04:00:30+00:00,0.0,0.0,0.0,0.0
Bannatynes Cookridge Hall,185.0,1.0,8.025,2025-11-24 04:15:30+00:00,0.0,0.0,0.0,0.0
Bannatynes Cookridge Hall,185.0,1.0,8.025,2025-11-24 04:30:30+00:00,0.0,0.0,0.0,0.0
Bannatynes Cookridge Hall,185.0,1.0,8.025,2025-11-24 04:45:30+00:00,0.0,0.0,0.0,0.0
Bannatynes Cookridge Hall,185.0,1.0,8.025,2025-11-24 05:00:30+00:00,0.0,0.0,0.0,0.0
Bannatynes Cookridge Hall,185.0,1.0,8.025,2025-11-24 05:15:30+00:00,0.0,0.0,0.0,0.0
Bannatynes Cookridge Hall,185.0,1.0,8.025,2025-11-24 05:30:30+00:00,0.0,0.0,0.0,0.0
Bannatynes Cookridge Hall,185.0,1.0,8.025,2025-11-24 05:45:30+00:00,0.0,0.0,0.0,0.0
Bannatynes Cookridge Hall,185.0,1.0,8.025,2025-11-24 06:00:30+00:00,0.0,0.0,0.0,0.0
Bannatynes Cookridge Hall,185.0,1.0,8.025,2025-11-24 06:15:30+00:00,0.0,0.0,0.0,0.0
Bannatynes Cookridge Hall,185.0,1.0,8.025,2025-11-24 06:30:30+00:00,0.0,0.0,0.0,0.0
Bannatynes Cookridge Hall,185.0,1.0,8.025,2025-11-24 06:45:30+00:00,0.0,0.0,0.0,0.0
Bannatynes Cookridge Hall,185.0,1.0,8.025,2025-11-24 07:00:30+00:00,0.0,0.0,0.0,0.0
Bannatynes Cookridge Hall,185.0,1.0,8.025,2025-11-24 07:15:30+00:00,0.0,0.0,0.0,0.0
Bannatynes Cookridge Hall,185.0,1.0,8.025,2025-11-24 07:30:30+00:00,0.0,0.0,0.0,0.0
Bannatynes Cookridge Hall,185.0,1.0,8.025,2025-11-24 07:45:30+00:00,0.00075,0.0005,0.001,0.00075
Bannatynes Cookridge Hall,185.0,1.0,8.025,2025-11-24 08:00:30+00:00,0.002,0.00125,0.00275,0.002
Bannatynes Cookridge Hall,185.0,1.0,8.025,2025-11-24 08:15:30+00:00,0.00575,0.003,0.008,0.0055
Bannatynes Cookridge Hall,185.0,1.0,8.025,2025-11-24 08:30:30+00:00,0.01125,0.0035,0.01475,0.01075
Bannatynes Cookridge Hall,185.0,1.0,8.025,2025-11-24 08:45:30+00:00,0.01075,0.003,0.02125,0.0105
Bannatynes Cookridge Hall,185.0,1.0,8.025,2025-11-24 09:00:30+00:00,0.01475,0.00425,0.028,0.0145
Bannatynes Cookridge Hall,185.0,1.0,8.025,2025-11-24 09:15:30+00:00,0.0255,0.005,0.03475,0.02475
Bannatynes Cookridge Hall,185.0,1.0,8.025,2025-11-24 09:30:30+00:00,0.014,0.0045,0.04025,0.01375
Bannatynes Cookridge Hall,185.0,1.0,8.025,2025-11-24 09:45:30+00:00,0.03,0.006,0.045,0.029
Bannatynes Cookridge Hall,185.0,1.0,8.025,2025-11-24 10:00:30+00:00,0.031,0.00925,0.0515,0.03025
Bannatynes Cookridge Hall,185.0,1.0,8.025,2025-11-24 10:15:30+00:00,0.03325,0.0065,0.0535,0.03225
Bannatynes Cookridge Hall,185.0,1.0,8.025,2025-11-24 10:30:30+00:00,0.02275,0.0045,0.05025,0.0225
Bannatynes Cookridge Hall,185.0,1.0,8.025,2025-11-24 10:45:30+00:00,0.013,0.0045,0.04075,0.013
Bannatynes Cookridge Hall,185.0,1.0,8.025,2025-11-24 11:00:30+00:00,0.0125,0.00475,0.0385,0.0125
Bannatynes Cookridge Hall,185.0,1.0,8.025,2025-11-24 11:15:30+00:00,0.0235,0.00475,0.04075,0.0235
Bannatynes Cookridge Hall,185.0,1.0,8.025,2025-11-24 11:30:30+00:00,0.0275,0.0095,0.044,0.0275
Bannatynes Cookridge Hall,185.0,1.0,8.025,2025-11-24 11:45:30+00:00,0.029,0.0125,0.04275,0.0285
Bannatynes Cookridge Hall,185.0,1.0,8.025,2025-11-24 12:00:30+00:00,0.026,0.0115,0.041,0.02575
Bannatynes Cookridge Hall,185.0,1.0,8.025,2025-11-24 12:15:30+00:00,0.02325,0.00575,0.04675,0.02325
Bannatynes Cookridge Hall,185.0,1.0,8.025,2025-11-24 12:30:30+00:00,0.0295,0.006,0.05575,0.029
Bannatynes Cookridge Hall,185.0,1.0,8.025,2025-11-24 12:45:30+00:00,0.0355,0.00825,0.0635,0.0345
Bannatynes Cookridge Hall,185.0,1.0,8.025,2025-11-24 13:00:30+00:00,0.04625,0.0155,0.06125,0.0445
Bannatynes Cookridge Hall,185.0,1.0,8.025,2025-11-24 13:15:30+00:00,0.04825,0.0195,0.05775,0.046
Bannatynes Cookridge Hall,185.0,1.0,8.025,2025-11-24 13:30:30+00:00,0.043,0.01025,0.05275,0.04125
Bannatynes Cookridge Hall,185.0,1.0,8.025,2025-11-24 13:45:30+00:00,0.014,0.0035,0.04675,0.01375
Bannatynes Cookridge Hall,185.0,1.0,8.025,2025-11-24 14:00:30+00:00,0.01625,0.00325,0.03375,0.016
Bannatynes Cookridge Hall,185.0,1.0,8.025,2025-11-24 14:15:30+00:00,0.0165,0.00325,0.03,0.01625
Bannatynes Cookridge Hall,185.0,1.0,8.025,2025-11-24 14:30:30+00:00,0.0125,0.0025,0.025,0.01225
Bannatynes Cookridge Hall,185.0,1.0,8.025,2025-11-24 14:45:30+00:00,0.01175,0.00225,0.022,0.0115
Bannatynes Cookridge Hall,185.0,1.0,8.025,2025-11-24 15:00:30+00:00,0.01175,0.003,0.016,0.01125
Bannatynes Cookridge Hall,185.0,1.0,8.025,2025-11-24 15:15:30+00:00,0.00725,0.003,0.00925,0.00675
Bannatynes Cookridge Hall,185.0,1.0,8.025,2025-11-24 15:30:30+00:00,0.00225,0.0015,0.003,0.00225
Bannatynes Cookridge Hall,185.0,1.0,8.025,2025-11-24 15:45:30+00:00,0.00025,0.00025,0.0005,0.00025
Bannatynes Cookridge Hall,185.0,1.0,8.025,2025-11-24 16:00:30+00:00,0.0,0.0,0.0,0.0
Bannatynes Cookridge Hall,185.0,1.0,8.025,2025-11-24 16:15:30+00:00,0.0,0.0,0.0,0.0
Bannatynes Cookridge Hall,185.0,1.0,8.025,2025-11-24 16:30:30+00:00,0.0,0.0,0.0,0.0
Bannatynes Cookridge Hall,185.0,1.0,8.025,2025-11-24 16:45:30+00:00,0.0,0.0,0.0,0.0
Bannatynes Cookridge Hall,185.0,1.0,8.025,2025-11-24 17:00:30+00:00,0.0,0.0,0.0,0.0
Bannatynes Cookridge Hall,185.0,1.0,8.025,2025-11-24 17:15:30+00:00,0.0,0.0,0.0,0.0
Bannatynes Cookridge Hall,185.0,1.0,8.025,2025-11-24 17:30:30+00:00,0.0,0.0,0.0,0.0
Bannatynes Cookridge Hall,185.0,1.0,8.025,2025-11-24 17:45:30+00:00,0.0,0.0,0.0,0.0
Bannatynes Cookridge Hall,185.0,1.0,8.025,2025-11-24 18:00:30+00:00,0.0,0.0,0.0,0.0
Bannatynes Cookridge Hall,185.0,1.0,8.025,2025-11-24 18:15:30+00:00,0.0,0.0,0.0,0.0
Bannatynes Cookridge Hall,185.0,1.0,8.025,2025-11-24 18:30:30+00:00,0.0,0.0,0.0,0.0
Bannatynes Cookridge Hall,185.0,1.0,8.025,2025-11-24 18:45:30+00:00,0.0,0.0,0.0,0.0
Bannatynes Cookridge Hall,185.0,1.0,8.025,2025-11-24 19:00:30+00:00,0.0,0.0,0.0,0.0
Bannatynes Cookridge Hall,185.0,1.0,8.025,2025-11-24 19:15:30+00:00,0.0,0.0,0.0,0.0
Bannatynes Cookridge Hall,185.0,1.0,8.025,2025-11-24 19:30:30+00:00,0.0,0.0,0.0,0.0
Bannatynes Cookridge Hall,185.0,1.0,8.025,2025-11-24 19:45:30+00:00,0.0,0.0,0.0,0.0
Bannatynes Cookridge Hall,185.0,1.0,8.025,2025-11-24 20:00:30+00:00,0.0,0.0,0.0,0.0
Bannatynes Cookridge Hall,185.0,1.0,8.025,2025-11-24 20:15:30+00:00,0.0,0.0,0.0,0.0
Bannatynes Cookridge Hall,185.0,1.0,8.025,2025-11-24 20:30:30+00:00,0.0,0.0,0.0,0.0
Bannatynes Cookridge Hall,185.0,1.0,8.025,2025-11-24 20:45:30+00:00,0.0,0.0,0.0,0.0
Bannatynes Cookridge Hall,185.0,1.0,8.025,2025-11-24 21:00:30+00:00,0.0,0.0,0.0,0.0
Bannatynes Cookridge Hall,185.0,1.0,8.025,2025-11-24 21:15:30+00:00,0.0,0.0,0.0,0.0
Bannatynes Cookridge Hall,185.0,1.0,8.025,2025-11-24 21:30:30+00:00,0.0,0.0,0.0,0.0
Bannatynes Cookridge Hall,185.0,1.0,8.025,2025-11-24 21:45:30+00:00,0.0,0.0,0.0,0.0
Bannatynes Cookridge Hall,185.0,1.0,8.025,2025-11-24 22:00:30+00:00,0.0,0.0,0.0,0.0
Bannatynes Cookridge Hall,185.0,1.0,8.025,2025-11-24 22:15:30+00:00,0.0,0.0,0.0,0.0
Bannatynes Cookridge Hall,185.0,1.0,8.025,2025-11-24 22:30:30+00:00,0.0,0.0,0.0,0.0
Bannatynes Cookridge Hall,185.0,1.0,8.025,2025-11-24 22:45:30+00:00,0.0,0.0,0.0,0.0
Bannatynes Cookridge Hall,185.0,1.0,8.025,2025-11-24 23:00:30+00:00,0.0,0.0,0.0,0.0
Bannatynes Cookridge Hall,185.0,1.0,8.025,2025-11-24 23:15:30+00:00,0.0,0.0,0.0,0.0
Bannatynes Cookridge Hall,185.0,1.0,8.025,2025-11-24 23:30:30+00:00,0.0,0.0,0.0,0.0
Bannatynes Cookridge Hall,185.0,1.0,8.025,2025-11-24 23:45:30+00:00,0.0,0.0,0.0,0.0
Bannatynes Cookridge Hall,185.0,1.0,8.025,2025-11-25 00:00:30+00:00,0.0,0.0,0.0,0.0
Bannatynes Cookridge Hall,185.0,1.0,8.025,2025-11-25 00:15:30+00:00,0.0,0.0,0.0,0.0
Bannatynes Cookridge Hall,185.0,1.0,8.025,2025-11-25 00:30:30+00:00,0.0,0.0,0.0,0.0
Bannatynes Cookridge Hall,185.0,1.0,8.025,2025-11-25 00:45:30+00:00,0.0,0.0,0.0,0.0
Bannatynes Cookridge Hall,185.0,1.0,8.025,2025-11-25 01:00:30+00:00,0.0,0.0,0.0,0.0
Bannatynes Cookridge Hall,185.0,1.0,8.025,2025-11-25 01:15:30+00:00,0.0,0.0,0.0,0.0
Bannatynes Cookridge Hall,185.0,1.0,8.025,2025-11-25 01:30:30+00:00,0.0,0.0,0.0,0.0
Bannatynes Cookridge Hall,185.0,1.0,8.025,2025-11-25 01:45:30+00:00,0.0,0.0,0.0,0.0
Bannatynes Cookridge Hall,185.0,1.0,8.025,2025-11-25 02:00:30+00:00,0.0,0.0,0.0,0.0
Bannatynes Cookridge Hall,185.0,1.0,8.025,2025-11-25 02:15:30+00:00,0.0,0.0,0.0,0.0
Bannatynes Cookridge Hall,185.0,1.0,8.025,2025-11-25 02:30:30+00:00,0.0,0.0,0.0,0.0
Bannatynes Cookridge Hall,185.0,1.0,8.025,2025-11-25 02:45:30+00:00,0.0,0.0,0.0,0.0
Bannatynes Cookridge Hall,185.0,1.0,8.025,2025-11-25 03:00:30+00:00,0.0,0.0,0.0,0.0
Bannatynes Cookridge Hall,185.0,1.0,8.025,2025-11-25 03:15:30+00:00,0.0,0.0,0.0,0.0
Bannatynes Cookridge Hall,185.0,1.0,8.025,2025-11-25 03:30:30+00:00,0.0,0.0,0.0,0.0
Bannatynes Cookridge Hall,185.0,1.0,8.025,2025-11-25 03:45:30+00:00,0.0,0.0,0.0,0.0
Bannatynes Cookridge Hall,185.0,1.0,8.025,2025-11-25 04:00:30+00:00,0.0,0.0,0.0,0.0
Bannatynes Cookridge Hall,185.0,1.0,8.025,2025-11-25 04:15:30+00:00,0.0,0.0,0.0,0.0
Bannatynes Cookridge Hall,185.0,1.0,8.025,2025-11-25 04:30:30+00:00,0.0,0.0,0.0,0.0
Bannatynes Cookridge Hall,185.0,1.0,8.025,2025-11-25 04:45:30+00:00,0.0,0.0,0.0,0.0
Bannatynes Cookridge Hall,185.0,1.0,8.025,2025-11-25 05:00:30+00:00,0.0,0.0,0.0,0.0
Bannatynes Cookridge Hall,185.0,1.0,8.025,2025-11-25 05:15:30+00:00,0.0,0.0,0.0,0.0
Bannatynes Cookridge Hall,185.0,1.0,8.025,2025-11-25 05:30:30+00:00,0.0,0.0,0.0,0.0
Bannatynes Cookridge Hall,185.0,1.0,8.025,2025-11-25 05:45:30+00:00,0.0,0.0,0.0,0.0
Bannatynes Cookridge Hall,185.0,1.0,8.025,2025-11-25 06:00:30+00:00,0.0,0.0,0.0,0.0
Bannatynes Cookridge Hall,185.0,1.0,8.025,2025-11-25 06:15:30+00:00,0.0,0.0,0.0,0.0
Bannatynes Cookridge Hall,185.0,1.0,8.025,2025-11-25 06:30:30+00:00,0.0,0.0,0.0,0.0
Bannatynes Cookridge Hall,185.0,1.0,8.025,2025-11-25 06:45:30+00:00,0.0,0.0,0.0,0.0
Bannatynes Cookridge Hall,185.0,1.0,8.025,2025-11-25 07:00:30+00:00,0.0,0.0,0.0,0.0
Bannatynes Cookridge Hall,185.0,1.0,8.025,2025-11-25 07:15:30+00:00,0.0,0.0,0.0,0.0
Bannatynes Cookridge Hall,185.0,1.0,8.025,2025-11-25 07:30:30+00:00,0.0,0.0,0.0,0.0
Bannatynes Cookridge Hall,185.0,1.0,8.025,2025-11-25 07:45:30+00:00,0.00075,0.0005,0.001,0.00075
Bannatynes Cookridge Hall,185.0,1.0,8.025,2025-11-25 08:00:30+00:00,0.002,0.00175,0.0025,0.002
Bannatynes Cookridge Hall,185.0,1.0,8.025,2025-11-25 08:15:30+00:00,0.00625,0.00425,0.008,0.00575
Bannatynes Cookridge Hall,185.0,1.0,8.025,2025-11-25 08:30:30+00:00,0.0125,0.00825,0.015,0.01125
Bannatynes Cookridge Hall,185.0,1.0,8.025,2025-11-25 08:45:30+00:00,0.01925,0.012,0.022,0.01775
Bannatynes Cookridge Hall,185.0,1.0,8.025,2025-11-25 09:00:30+00:00,0.0225,0.01625,0.02875,0.02125
Bannatynes Cookridge Hall,185.0,1.0,8.025,2025-11-25 09:15:30+00:00,0.02975,0.02075,0.0355,0.028
Bannatynes Cookridge Hall,185.0,1.0,8.025,2025-11-25 09:30:30+00:00,0.037,0.02675,0.042,0.03475
Bannatynes Cookridge Hall,185.0,1.0,8.025,2025-11-25 09:45:30+00:00,0.0425,0.03225,0.04775,0.04
Bannatynes Cookridge Hall,185.0,1.0,8.025,2025-11-25 10:00:30+00:00,0.04725,0.037,0.053,0.0445
Bannatynes Cookridge Hall,185.0,1.0,8.025,2025-11-25 10:15:30+00:00,0.0515,0.04125,0.05775,0.0485
Bannatynes Cookridge Hall,185.0,1.0,8.025,2025-11-25 10:30:30+00:00,0.055,0.0445,0.06175,0.052
Bannatynes Cookridge Hall,185.0,1.0,8.025,2025-11-25 10:45:30+00:00,0.058,0.047,0.065,0.05475
Bannatynes Cookridge Hall,185.0,1.0,8.025,2025-11-25 11:00:30+00:00,0.06025,0.049,0.06775,0.057
Bannatynes Cookridge Hall,185.0,1.0,8.025,2025-11-25 11:15:30+00:00,0.06175,0.04925,0.0695,0.0585
Bannatynes Cookridge Hall,185.0,1.0,8.025,2025-11-25 11:30:30+00:00,0.06,0.04975,0.07075,0.057
Bannatynes Cookridge Hall,185.0,1.0,8.025,2025-11-25 11:45:30+00:00,0.06175,0.05025,0.07125,0.05875
Bannatynes Cookridge Hall,185.0,1.0,8.025,2025-11-25 12:00:30+00:00,0.06325,0.05,0.071,0.06
Bannatynes Cookridge Hall,185.0,1.0,8.025,2025-11-25 12:15:30+00:00,0.06025,0.04475,0.06975,0.05725
Bannatynes Cookridge Hall,185.0,1.0,8.025,2025-11-25 12:30:30+00:00,0.05675,0.0385,0.06775,0.054
Bannatynes Cookridge Hall,185.0,1.0,8.025,2025-11-25 12:45:30+00:00,0.05275,0.02925,0.065,0.0505
Bannatynes Cookridge Hall,185.0,1.0,8.025,2025-11-25 13:00:30+00:00,0.03875,0.02575,0.06125,0.0375
Bannatynes Cookridge Hall,185.0,1.0,8.025,2025-11-25 13:15:30+00:00,0.044,0.02425,0.05775,0.042
Bannatynes Cookridge Hall,185.0,1.0,8.025,2025-11-25 13:30:30+00:00,0.0475,0.0255,0.054,0.04475
Bannatynes Cookridge Hall,185.0,1.0,8.025,2025-11-25 13:45:30+00:00,0.04025,0.02025,0.0485,0.03825
Bannatynes Cookridge Hall,185.0,1.0,8.025,2025-11-25 14:00:30+00:00,0.02525,0.015,0.04225,0.02425
Bannatynes Cookridge Hall,185.0,1.0,8.025,2025-11-25 14:15:30+00:00,0.02525,0.01075,0.0355,0.02425
Bannatynes Cookridge Hall,185.0,1.0,8.025,2025-11-25 14:30:30+00:00,0.01875,0.00975,0.029,0.018
Bannatynes Cookridge Hall,185.0,1.0,8.025,2025-11-25 14:45:30+00:00,0.01375,0.0075,0.02225,0.01325
Bannatynes Cookridge Hall,185.0,1.0,8.025,2025-11-25 15:00:30+00:00,0.0125,0.0055,0.01625,0.0115
Bannatynes Cookridge Hall,185.0,1.0,8.025,2025-11-25 15:15:30+00:00,0.0075,0.004,0.00925,0.00675
Bannatynes Cookridge Hall,185.0,1.0,8.025,2025-11-25 15:30:30+00:00,0.002,0.0015,0.00275,0.002
Bannatynes Cookridge Hall,185.0,1.0,8.025,2025-11-25 15:45:30+00:00,0.00025,0.00025,0.00025,0.00025
Bannatynes Cookridge Hall,185.0,1.0,8.025,2025-11-25 16:00:30+00:00,0.0,0.0,0.0,0.0
Bannatynes Cookridge Hall,185.0,1.0,8.025,2025-11-25 16:15:30+00:00,0.0,0.0,0.0,0.0
Bannatynes Cookridge Hall,185.0,1.0,8.025,2025-11-25 16:30:30+00:00,0.0,0.0,0.0,0.0
Bannatynes Cookridge Hall,185.0,1.0,8.025,2025-11-25 16:45:30+00:00,0.0,0.0,0.0,0.0
Bannatynes Cookridge Hall,185.0,1.0,8.025,2025-11-25 17:00:30+00:00,0.0,0.0,0.0,0.0
Bannatynes Cookridge Hall,185.0,1.0,8.025,2025-11-25 17:15:30+00:00,0.0,0.0,0.0,0.0
Bannatynes Cookridge Hall,185.0,1.0,8.025,2025-11-25 17:30:30+00:00,0.0,0.0,0.0,0.0
Bannatynes Cookridge Hall,185.0,1.0,8.025,2025-11-25 17:45:30+00:00,0.0,0.0,0.0,0.0
Bannatynes Cookridge Hall,185.0,1.0,8.025,2025-11-25 18:00:30+00:00,0.0,0.0,0.0,0.0
Bannatynes Cookridge Hall,185.0,1.0,8.025,2025-11-25 18:15:30+00:00,0.0,0.0,0.0,0.0
Bannatynes Cookridge Hall,185.0,1.0,8.025,2025-11-25 18:30:30+00:00,0.0,0.0,0.0,0.0
Bannatynes Cookridge Hall,185.0,1.0,8.025,2025-11-25 18:45:30+00:00,0.0,0.0,0.0,0.0
Bannatynes Cookridge Hall,185.0,1.0,8.025,2025-11-25 19:00:30+00:00,0.0,0.0,0.0,0.0
Bannatynes Cookridge Hall,185.0,1.0,8.025,2025-11-25 19:15:30+00:00,0.0,0.0,0.0,0.0
Bannatynes Cookridge Hall,185.0,1.0,8.025,2025-11-25 19:30:30+00:00,0.0,0.0,0.0,0.0
Bannatynes Cookridge Hall,185.0,1.0,8.025,2025-11-25 19:45:30+00:00,0.0,0.0,0.0,0.0
Bannatynes Cookridge Hall,185.0,1.0,8.025,2025-11-25 20:00:30+00:00,0.0,0.0,0.0,0.0
Bannatynes Cookridge Hall,185.0,1.0,8.025,2025-11-25 20:15:30+00:00,0.0,0.0,0.0,0.0
Bannatynes Cookridge Hall,185.0,1.0,8.025,2025-11-25 20:30:30+00:00,0.0,0.0,0.0,0.0
Bannatynes Cookridge Hall,185.0,1.0,8.025,2025-11-25 20:45:30+00:00,0.0,0.0,0.0,0.0
Bannatynes Cookridge Hall,185.0,1.0,8.025,2025-11-25 21:00:30+00:00,0.0,0.0,0.0,0.0
Bannatynes Cookridge Hall,185.0,1.0,8.025,2025-11-25 21:15:30+00:00,0.0,0.0,0.0,0.0
Bannatynes Cookridge Hall,185.0,1.0,8.025,2025-11-25 21:30:30+00:00,0.0,0.0,0.0,0.0
Bannatynes Cookridge Hall,185.0,1.0,8.025,2025-11-25 21:45:30+00:00,0.0,0.0,0.0,0.0
Bannatynes Cookridge Hall,185.0,1.0,8.025,2025-11-25 22:00:30+00:00,0.0,0.0,0.0,0.0
Bannatynes Cookridge Hall,185.0,1.0,8.025,2025-11-25 22:15:30+00:00,0.0,0.0,0.0,0.0
Bannatynes Cookridge Hall,185.0,1.0,8.025,2025-11-25 22:30:30+00:00,0.0,0.0,0.0,0.0
Bannatynes Cookridge Hall,185.0,1.0,8.025,2025-11-25 22:45:30+00:00,0.0,0.0,0.0,0.0
Bannatynes Cookridge Hall,185.0,1.0,8.025,2025-11-25 23:00:30+00:00,0.0,0.0,0.0,0.0
Bannatynes Cookridge Hall,185.0,1.0,8.025,2025-11-25 23:15:30+00:00,0.0,0.0,0.0,0.0
Bannatynes Cookridge Hall,185.0,1.0,8.025,2025-11-25 23:30:30+00:00,0.0,0.0,0.0,0.0
Bannatynes Cookridge Hall,185.0,1.0,8.025,2025-11-25 23:45:30+00:00,0.0,0.0,0.0,0.0
Bannatynes Cookridge Hall,185.0,1.0,8.025,2025-11-26 00:00:30+00:00,0.0,0.0,0.0,0.0
Bannatynes Cookridge Hall,185.0,1.0,8.025,2025-11-26 00:15:30+00:00,0.0,0.0,0.0,0.0
Bannatynes Cookridge Hall,185.0,1.0,8.025,2025-11-26 00:30:30+00:00,0.0,0.0,0.0,0.0
Bannatynes Cookridge Hall,185.0,1.0,8.025,2025-11-26 00:45:30+00:00,0.0,0.0,0.0,0.0
Bannatynes Cookridge Hall,185.0,1.0,8.025,2025-11-26 01:00:30+00:00,0.0,0.0,0.0,0.0
Bannatynes Cookridge Hall,185.0,1.0,8.025,2025-11-26 01:15:30+00:00,0.0,0.0,0.0,0.0
Bannatynes Cookridge Hall,185.0,1.0,8.025,2025-11-26 01:30:30+00:00,0.0,0.0,0.0,0.0
Bannatynes Cookridge Hall,185.0,1.0,8.025,2025-11-26 01:45:30+00:00,0.0,0.0,0.0,0.0
Bannatynes Cookridge Hall,185.0,1.0,8.025,2025-11-26 02:00:30+00:00,0.0,0.0,0.0,0.0
Bannatynes Cookridge Hall,185.0,1.0,8.025,2025-11-26 02:15:30+00:00,0.0,0.0,0.0,0.0
Bannatynes Cookridge Hall,185.0,1.0,8.025,2025-11-26 02:30:30+00:00,0.0,0.0,0.0,0.0
Bannatynes Cookridge Hall,185.0,1.0,8.025,2025-11-26 02:45:30+00:00,0.0,0.0,0.0,0.0
Bannatynes Cookridge Hall,185.0,1.0,8.025,2025-11-26 03:00:30+00:00,0.0,0.0,0.0,0.0
Bannatynes Cookridge Hall,185.0,1.0,8.025,2025-11-26 03:15:30+00:00,0.0,0.0,0.0,0.0
Bannatynes Cookridge Hall,185.0,1.0,8.025,2025-11-26 03:30:30+00:00,0.0,0.0,0.0,0.0
Bannatynes Cookridge Hall,185.0,1.0,8.025,2025-11-26 03:45:30+00:00,0.0,0.0,0.0,0.0
Bannatynes Cookridge Hall,185.0,1.0,8.025,2025-11-26 04:00:30+00:00,0.0,0.0,0.0,0.0
Bannatynes Cookridge Hall,185.0,1.0,8.025,2025-11-26 04:15:30+00:00,0.0,0.0,0.0,0.0
Bannatynes Cookridge Hall,185.0,1.0,8.025,2025-11-26 04:30:30+00:00,0.0,0.0,0.0,0.0
Bannatynes Cookridge Hall,185.0,1.0,8.025,2025-11-26 04:45:30+00:00,0.0,0.0,0.0,0.0
Bannatynes Cookridge Hall,185.0,1.0,8.025,2025-11-26 05:00:30+00:00,0.0,0.0,0.0,0.0
Bannatynes Cookridge Hall,185.0,1.0,8.025,2025-11-26 05:15:30+00:00,0.0,0.0,0.0,0.0
Bannatynes Cookridge Hall,185.0,1.0,8.025,2025-11-26 05:30:30+00:00,0.0,0.0,0.0,0.0
Bannatynes Cookridge Hall,185.0,1.0,8.025,2025-11-26 05:45:30+00:00,0.0,0.0,0.0,0.0
Bannatynes Cookridge Hall,185.0,1.0,8.025,2025-11-26 06:00:30+00:00,0.0,0.0,0.0,0.0
Bannatynes Cookridge Hall,185.0,1.0,8.025,2025-11-26 06:15:30+00:00,0.0,0.0,0.0,0.0
Bannatynes Cookridge Hall,185.0,1.0,8.025,2025-11-26 06:30:30+00:00,0.0,0.0,0.0,0.0
Bannatynes Cookridge Hall,185.0,1.0,8.025,2025-11-26 06:45:30+00:00,0.0,0.0,0.0,0.0
Bannatynes Cookridge Hall,185.0,1.0,8.025,2025-11-26 07:00:30+00:00,0.0,0.0,0.0,0.0
Bannatynes Cookridge Hall,185.0,1.0,8.025,2025-11-26 07:15:30+00:00,0.0,0.0,0.0,0.0
Bannatynes Cookridge Hall,185.0,1.0,8.025,2025-11-26 07:30:30+00:00,0.0,0.0,0.0,0.0
Bannatynes Cookridge Hall,185.0,1.0,8.025,2025-11-26 07:45:30+00:00,0.0,0.0,0.0,0.0
Bannatynes Cookridge Hall,185.0,1.0,8.025,2025-11-26 08:00:30+00:00,0.0015,0.00125,0.00175,0.0015
Bannatynes Cookridge Hall,185.0,1.0,8.025,2025-11-26 08:15:30+00:00,0.00525,0.00375,0.00675,0.005
Bannatynes Cookridge Hall,185.0,1.0,8.025,2025-11-26 08:30:30+00:00,0.011,0.0075,0.01325,0.01025
Bannatynes Cookridge Hall,185.0,1.0,8.025,2025-11-26 08:45:30+00:00,0.01675,0.0115,0.02,0.0155
Bannatynes Cookridge Hall,185.0,1.0,8.025,2025-11-26 09:00:30+00:00,0.0225,0.01575,0.02675,0.021
Bannatynes Cookridge Hall,185.0,1.0,8.025,2025-11-26 09:15:30+00:00,0.02725,0.02025,0.033,0.0255
Bannatynes Cookridge Hall,185.0,1.0,8.025,2025-11-26 09:30:30+00:00,0.03325,0.02425,0.039,0.03125
Bannatynes Cookridge Hall,185.0,1.0,8.025,2025-11-26 09:45:30+00:00,0.0375,0.02825,0.0445,0.0355
Bannatynes Cookridge Hall,185.0,1.0,8.025,2025-11-26 10:00:30+00:00,0.04125,0.03225,0.04975,0.03925
Bannatynes Cookridge Hall,185.0,1.0,8.025,2025-11-26 10:15:30+00:00,0.04725,0.0365,0.05425,0.04475
Bannatynes Cookridge Hall,185.0,1.0,8.025,2025-11-26 10:30:30+00:00,0.05075,0.03975,0.05825,0.048
Bannatynes Cookridge Hall,185.0,1.0,8.025,2025-11-26 10:45:30+00:00,0.0525,0.0415,0.06125,0.04975
Bannatynes Cookridge Hall,185.0,1.0,8.025,2025-11-26 11:00:30+00:00,0.0535,0.04175,0.064,0.05075
Bannatynes Cookridge Hall,185.0,1.0,8.025,2025-11-26 11:15:30+00:00,0.05425,0.04125,0.06575,0.0515
Bannatynes Cookridge Hall,185.0,1.0,8.025,2025-11-26 11:30:30+00:00,0.0555,0.03675,0.06675,0.05275
Bannatynes Cookridge Hall,185.0,1.0,8.025,2025-11-26 11:45:30+00:00,0.04975,0.0305,0.06675,0.04775
Bannatynes Cookridge Hall,185.0,1.0,8.025,2025-11-26 12:00:30+00:00,0.046,0.023,0.06575,0.0445
Bannatynes Cookridge Hall,185.0,1.0,8.025,2025-11-26 12:15:30+00:00,0.03675,0.01825,0.05875,0.036
Bannatynes Cookridge Hall,185.0,1.0,8.025,2025-11-26 12:30:30+00:00,0.03275,0.01775,0.05275,0.032
Bannatynes Cookridge Hall,185.0,1.0,8.025,2025-11-26 12:45:30+00:00,0.03625,0.01175,0.05275,0.03525
Bannatynes Cookridge Hall,185.0,1.0,8.025,2025-11-26 13:00:30+00:00,0.02675,0.006,0.051,0.02625
Bannatynes Cookridge Hall,185.0,1.0,8.025,2025-11-26 13:15:30+00:00,0.02225,0.0045,0.0425,0.022
Bannatynes Cookridge Hall,185.0,1.0,8.025,2025-11-26 13:30:30+00:00,0.00825,0.0035,0.03325,0.00825
Bannatynes Cookridge Hall,185.0,1.0,8.025,2025-11-26 13:45:30+00:00,0.011,0.00325,0.02875,0.011
Bannatynes Cookridge Hall,185.0,1.0,8.025,2025-11-26 14:00:30+00:00,0.01575,0.003,0.03,0.0155
Bannatynes Cookridge Hall,185.0,1.0,8.025,2025-11-26 14:15:30+00:00,0.0135,0.00275,0.032,0.01325
Bannatynes Cookridge Hall,185.0,1.0,8.025,2025-11-26 14:30:30+00:00,0.0195,0.004,0.0275,0.01875
Bannatynes Cookridge Hall,185.0,1.0,8.025,2025-11-26 14:45:30+00:00,0.017,0.00675,0.0215,0.016
Bannatynes Cookridge Hall,185.0,1.0,8.025,2025-11-26 15:00:30+00:00,0.011,0.0055,0.01475,0.01025
Bannatynes Cookridge Hall,185.0,1.0,8.025,2025-11-26 15:15:30+00:00,0.00575,0.0035,0.00775,0.0055
Bannatynes Cookridge Hall,185.0,1.0,8.025,2025-11-26 15:30:30+00:00,0.0015,0.0015,0.00225,0.0015
Bannatynes Cookridge Hall,185.0,1.0,8.025,2025-11-26 15:45:30+00:00,0.00025,0.0,0.00025,0.00025
Bannatynes Cookridge Hall,185.0,1.0,8.025,2025-11-26 16:00:30+00:00,0.0,0.0,0.0,0.0
Bannatynes Cookridge Hall,185.0,1.0,8.025,2025-11-26 16:15:30+00:00,0.0,0.0,0.0,0.0
Bannatynes Cookridge Hall,185.0,1.0,8.025,2025-11-26 16:30:30+00:00,0.0,0.0,0.0,0.0
Bannatynes Cookridge Hall,185.0,1.0,8.025,2025-11-26 16:45:30+00:00,0.0,0.0,0.0,0.0
Bannatynes Cookridge Hall,185.0,1.0,8.025,2025-11-26 17:00:30+00:00,0.0,0.0,0.0,0.0
Bannatynes Cookridge Hall,185.0,1.0,8.025,2025-11-26 17:15:30+00:00,0.0,0.0,0.0,0.0
Bannatynes Cookridge Hall,185.0,1.0,8.025,2025-11-26 17:30:30+00:00,0.0,0.0,0.0,0.0
Bannatynes Cookridge Hall,185.0,1.0,8.025,2025-11-26 17:45:30+00:00,0.0,0.0,0.0,0.0
Bannatynes Cookridge Hall,185.0,1.0,8.025,2025-11-26 18:00:30+00:00,0.0,0.0,0.0,0.0
Bannatynes Cookridge Hall,185.0,1.0,8.025,2025-11-26 18:15:30+00:00,0.0,0.0,0.0,0.0
Bannatynes Cookridge Hall,185.0,1.0,8.025,2025-11-26 18:30:30+00:00,0.0,0.0,0.0,0.0
Bannatynes Cookridge Hall,185.0,1.0,8.025,2025-11-26 18:45:30+00:00,0.0,0.0,0.0,0.0
Bannatynes Cookridge Hall,185.0,1.0,8.025,2025-11-26 19:00:30+00:00,0.0,0.0,0.0,0.0
Bannatynes Cookridge Hall,185.0,1.0,8.025,2025-11-26 19:15:30+00:00,0.0,0.0,0.0,0.0
Bannatynes Cookridge Hall,185.0,1.0,8.025,2025-11-26 19:30:30+00:00,0.0,0.0,0.0,0.0
Bannatynes Cookridge Hall,185.0,1.0,8.025,2025-11-26 19:45:30+00:00,0.0,0.0,0.0,0.0
Bannatynes Cookridge Hall,185.0,1.0,8.025,2025-11-26 20:00:30+00:00,0.0,0.0,0.0,0.0
Bannatynes Cookridge Hall,185.0,1.0,8.025,2025-11-26 20:15:30+00:00,0.0,0.0,0.0,0.0
Bannatynes Cookridge Hall,185.0,1.0,8.025,2025-11-26 20:30:30+00:00,0.0,0.0,0.0,0.0
Bannatynes Cookridge Hall,185.0,1.0,8.025,2025-11-26 20:45:30+00:00,0.0,0.0,0.0,0.0
Bannatynes Cookridge Hall,185.0,1.0,8.025,2025-11-26 21:00:30+00:00,0.0,0.0,0.0,0.0
Bannatynes Cookridge Hall,185.0,1.0,8.025,2025-11-26 21:15:30+00:00,0.0,0.0,0.0,0.0
Bannatynes Cookridge Hall,185.0,1.0,8.025,2025-11-26 21:30:30+00:00,0.0,0.0,0.0,0.0
Bannatynes Cookridge Hall,185.0,1.0,8.025,2025-11-26 21:45:30+00:00,0.0,0.0,0.0,0.0
Bannatynes Cookridge Hall,185.0,1.0,8.025,2025-11-26 22:00:30+00:00,0.0,0.0,0.0,0.0
Bannatynes Cookridge Hall,185.0,1.0,8.025,2025-11-26 22:15:30+00:00,0.0,0.0,0.0,0.0
Bannatynes Cookridge Hall,185.0,1.0,8.025,2025-11-26 22:30:30+00:00,0.0,0.0,0.0,0.0
Bannatynes Cookridge Hall,185.0,1.0,8.025,2025-11-26 22:45:30+00:00,0.0,0.0,0.0,0.0
Bannatynes Cookridge Hall,185.0,1.0,8.025,2025-11-26 23:00:30+00:00,0.0,0.0,0.0,0.0
Bannatynes Cookridge Hall,185.0,1.0,8.025,2025-11-26 23:15:30+00:00,0.0,0.0,0.0,0.0
Bannatynes Cookridge Hall,185.0,1.0,8.025,2025-11-26 23:30:30+00:00,0.0,0.0,0.0,0.0
Bannatynes Cookridge Hall,185.0,1.0,8.025,2025-11-26 23:45:30+00:00,0.0,0.0,0.0,0.0
Bannatynes Cookridge Hall,185.0,1.0,8.025,2025-11-27 00:00:30+00:00,0.0,0.0,0.0,0.0
Bannatynes Cookridge Hall,185.0,1.0,8.025,2025-11-27 00:15:30+00:00,0.0,0.0,0.0,0.0
Bannatynes Cookridge Hall,185.0,1.0,8.025,2025-11-27 00:30:30+00:00,0.0,0.0,0.0,0.0
Bannatynes Cookridge Hall,185.0,1.0,8.025,2025-11-27 00:45:30+00:00,0.0,0.0,0.0,0.0
Bannatynes Cookridge Hall,185.0,1.0,8.025,2025-11-27 01:00:30+00:00,0.0,0.0,0.0,0.0
Bannatynes Cookridge Hall,185.0,1.0,8.025,2025-11-27 01:15:30+00:00,0.0,0.0,0.0,0.0
Bannatynes Cookridge Hall,185.0,1.0,8.025,2025-11-27 01:30:30+00:00,0.0,0.0,0.0,0.0
Bannatynes Cookridge Hall,185.0,1.0,8.025,2025-11-27 01:45:30+00:00,0.0,0.0,0.0,0.0
Bannatynes Cookridge Hall,185.0,1.0,8.025,2025-11-27 02:00:30+00:00,0.0,0.0,0.0,0.0
Bannatynes Cookridge Hall,185.0,1.0,8.025,2025-11-27 02:15:30+00:00,0.0,0.0,0.0,0.0
Bannatynes Cookridge Hall,185.0,1.0,8.025,2025-11-27 02:30:30+00:00,0.0,0.0,0.0,0.0
Bannatynes Cookridge Hall,185.0,1.0,8.025,2025-11-27 02:45:30+00:00,0.0,0.0,0.0,0.0
Bannatynes Cookridge Hall,185.0,1.0,8.025,2025-11-27 03:00:30+00:00,0.0,0.0,0.0,0.0
Bannatynes Cookridge Hall,185.0,1.0,8.025,2025-11-27 03:15:30+00:00,0.0,0.0,0.0,0.0
Bannatynes Cookridge Hall,185.0,1.0,8.025,2025-11-27 03:30:30+00:00,0.0,0.0,0.0,0.0
Bannatynes Cookridge Hall,185.0,1.0,8.025,2025-11-27 03:45:30+00:00,0.0,0.0,0.0,0.0
Bannatynes Cookridge Hall,185.0,1.0,8.025,2025-11-27 04:00:30+00:00,0.0,0.0,0.0,0.0
Bannatynes Cookridge Hall,185.0,1.0,8.025,2025-11-27 04:15:30+00:00,0.0,0.0,0.0,0.0
Bannatynes Cookridge Hall,185.0,1.0,8.025,2025-11-27 04:30:30+00:00,0.0,0.0,0.0,0.0
Bannatynes Cookridge Hall,185.0,1.0,8.025,2025-11-27 04:45:30+00:00,0.0,0.0,0.0,0.0
Bannatynes Cookridge Hall,185.0,1.0,8.025,2025-11-27 05:00:30+00:00,0.0,0.0,0.0,0.0
Bannatynes Cookridge Hall,185.0,1.0,8.025,2025-11-27 05:15:30+00:00,0.0,0.0,0.0,0.0
Bannatynes Cookridge Hall,185.0,1.0,8.025,2025-11-27 05:30:30+00:00,0.0,0.0,0.0,0.0
Bannatynes Cookridge Hall,185.0,1.0,8.025,2025-11-27 05:45:30+00:00,0.0,0.0,0.0,0.0
Bannatynes Cookridge Hall,185.0,1.0,8.025,2025-11-27 06:00:30+00:00,0.0,0.0,0.0,0.0
Bannatynes Cookridge Hall,185.0,1.0,8.025,2025-11-27 06:15:30+00:00,0.0,0.0,0.0,0.0
Bannatynes Cookridge Hall,185.0,1.0,8.025,2025-11-27 06:30:30+00:00,0.0,0.0,0.0,0.0
Bannatynes Cookridge Hall,185.0,1.0,8.025,2025-11-27 06:45:30+00:00,0.0,0.0,0.0,0.0
Bannatynes Cookridge Hall,185.0,1.0,8.025,2025-11-27 07:00:30+00:00,0.0,0.0,0.0,0.0
Bannatynes Cookridge Hall,185.0,1.0,8.025,2025-11-27 07:15:30+00:00,0.0,0.0,0.0,0.0
Bannatynes Cookridge Hall,185.0,1.0,8.025,2025-11-27 07:30:30+00:00,0.0,0.0,0.0,0.0
Bannatynes Cookridge Hall,185.0,1.0,8.025,2025-11-27 07:45:30+00:00,0.0,0.0,0.0,0.0
Bannatynes Cookridge Hall,185.0,1.0,8.025,2025-11-27 08:00:30+00:00,0.00025,0.0,0.00075,0.00025
Bannatynes Cookridge Hall,185.0,1.0,8.025,2025-11-27 08:15:30+00:00,0.00075,0.0005,0.00325,0.00075
Bannatynes Cookridge Hall,185.0,1.0,8.025,2025-11-27 08:30:30+00:00,0.002,0.00075,0.0055,0.002
Bannatynes Cookridge Hall,185.0,1.0,8.025,2025-11-27 08:45:30+00:00,0.0015,0.00125,0.006,0.0015
Bannatynes Cookridge Hall,185.0,1.0,8.025,2025-11-27 09:00:30+00:00,0.00725,0.00175,0.01425,0.00725
Bannatynes Cookridge Hall,185.0,1.0,8.025,2025-11-27 09:15:30+00:00,0.009,0.00225,0.01775,0.009
Bannatynes Cookridge Hall,185.0,1.0,8.025,2025-11-27 09:30:30+00:00,0.01025,0.0025,0.01975,0.01025
Bannatynes Cookridge Hall,185.0,1.0,8.025,2025-11-27 09:45:30+00:00,0.01075,0.003,0.022,0.01075
Bannatynes Cookridge Hall,185.0,1.0,8.025,2025-11-27 10:00:30+00:00,0.015,0.0035,0.02325,0.015
Bannatynes Cookridge Hall,185.0,1.0,8.025,2025-11-27 10:15:30+00:00,0.0105,0.00375,0.02425,0.0105
Bannatynes Cookridge Hall,185.0,1.0,8.025,2025-11-27 10:30:30+00:00,0.01175,0.004,0.0235,0.01175
Bannatynes Cookridge Hall,185.0,1.0,8.025,2025-11-27 10:45:30+00:00,0.01325,0.00425,0.025,0.01325
Bannatynes Cookridge Hall,185.0,1.0,8.025,2025-11-27 11:00:30+00:00,0.01475,0.0045,0.02675,0.01475
Bannatynes Cookridge Hall,185.0,1.0,8.025,2025-11-27 11:15:30+00:00,0.01525,0.0045,0.0295,0.01525
Bannatynes Cookridge Hall,185.0,1.0,8.025,2025-11-27 11:30:30+00:00,0.01875,0.00525,0.03275,0.01875
Bannatynes Cookridge Hall,185.0,1.0,8.025,2025-11-27 11:45:30+00:00,0.023,0.007,0.0365,0.023
Bannatynes Cookridge Hall,185.0,1.0,8.025,2025-11-27 12:00:30+00:00,0.02325,0.008,0.03775,0.023
Bannatynes Cookridge Hall,185.0,1.0,8.025,2025-11-27 12:15:30+00:00,0.02225,0.01025,0.04,0.02225
Bannatynes Cookridge Hall,185.0,1.0,8.025,2025-11-27 12:30:30+00:00,0.03,0.00875,0.04225,0.0295
Bannatynes Cookridge Hall,185.0,1.0,8.025,2025-11-27 12:45:30+00:00,0.023,0.005,0.0455,0.023
Bannatynes Cookridge Hall,185.0,1.0,8.025,2025-11-27 13:00:30+00:00,0.02275,0.0045,0.041,0.0225
Bannatynes Cookridge Hall,185.0,1.0,8.025,2025-11-27 13:15:30+00:00,0.00925,0.00375,0.0335,0.00925
Bannatynes Cookridge Hall,185.0,1.0,8.025,2025-11-27 13:30:30+00:00,0.0045,0.0035,0.0185,0.0045
Bannatynes Cookridge Hall,185.0,1.0,8.025,2025-11-27 13:45:30+00:00,0.00375,0.003,0.0155,0.00375
Bannatynes Cookridge Hall,185.0,1.0,8.025,2025-11-27 14:00:30+00:00,0.009,0.00275,0.02225,0.009
Bannatynes Cookridge Hall,185.0,1.0,8.025,2025-11-27 14:15:30+00:00,0.0075,0.00225,0.026,0.0075
Bannatynes Cookridge Hall,185.0,1.0,8.025,2025-11-27 14:30:30+00:00,0.016,0.00325,0.02425,0.01525
Bannatynes Cookridge Hall,185.0,1.0,8.025,2025-11-27 14:45:30+00:00,0.01075,0.00275,0.0195,0.0105
Bannatynes Cookridge Hall,185.0,1.0,8.025,2025-11-27 15:00:30+00:00,0.00675,0.002,0.01225,0.00675
Bannatynes Cookridge Hall,185.0,1.0,8.025,2025-11-27 15:15:30+00:00,0.004,0.0015,0.00625,0.00375
Bannatynes Cookridge Hall,185.0,1.0,8.025,2025-11-27 15:30:30+00:00,0.001,0.00075,0.00175,0.001
Bannatynes Cookridge Hall,185.0,1.0,8.025,2025-11-27 15:45:30+00:00,0.0,0.0,0.0,0.0
Bannatynes Cookridge Hall,185.0,1.0,8.025,2025-11-27 16:00:30+00:00,0.0,0.0,0.0,0.0
Bannatynes Cookridge Hall,185.0,1.0,8.025,2025-11-27 16:15:30+00:00,0.0,0.0,0.0,0.0
Bannatynes Cookridge Hall,185.0,1.0,8.025,2025-11-27 16:30:30+00:00,0.0,0.0,0.0,0.0
Bannatynes Cookridge Hall,185.0,1.0,8.025,2025-11-27 16:45:30+00:00,0.0,0.0,0.0,0.0
Bannatynes Cookridge Hall,185.0,1.0,8.025,2025-11-27 17:00:30+00:00,0.0,0.0,0.0,0.0
Bannatynes Cookridge Hall,185.0,1.0,8.025,2025-11-27 17:15:30+00:00,0.0,0.0,0.0,0.0
Bannatynes Cookridge Hall,185.0,1.0,8.025,2025-11-27 17:30:30+00:00,0.0,0.0,0.0,0.0
Bannatynes Cookridge Hall,185.0,1.0,8.025,2025-11-27 17:45:30+00:00,0.0,0.0,0.0,0.0
Bannatynes Cookridge Hall,185.0,1.0,8.025,2025-11-27 18:00:30+00:00,0.0,0.0,0.0,0.0
Bannatynes Cookridge Hall,185.0,1.0,8.025,2025-11-27 18:15:30+00:00,0.0,0.0,0.0,0.0
Bannatynes Cookridge Hall,185.0,1.0,8.025,2025-11-27 18:30:30+00:00,0.0,0.0,0.0,0.0
Bannatynes Cookridge Hall,185.0,1.0,8.025,2025-11-27 18:45:30+00:00,0.0,0.0,0.0,0.0
Bannatynes Cookridge Hall,185.0,1.0,8.025,2025-11-27 19:00:30+00:00,0.0,0.0,0.0,0.0
Bannatynes Cookridge Hall,185.0,1.0,8.025,2025-11-27 19:15:30+00:00,0.0,0.0,0.0,0.0
Bannatynes Cookridge Hall,185.0,1.0,8.025,2025-11-27 19:30:30+00:00,0.0,0.0,0.0,0.0
Bannatynes Cookridge Hall,185.0,1.0,8.025,2025-11-27 19:45:30+00:00,0.0,0.0,0.0,0.0
Bannatynes Cookridge Hall,185.0,1.0,8.025,2025-11-27 20:00:30+00:00,0.0,0.0,0.0,0.0
Bannatynes Cookridge Hall,185.0,1.0,8.025,2025-11-27 20:15:30+00:00,0.0,0.0,0.0,0.0
Bannatynes Cookridge Hall,185.0,1.0,8.025,2025-11-27 20:30:30+00:00,0.0,0.0,0.0,0.0
Bannatynes Cookridge Hall,185.0,1.0,8.025,2025-11-27 20:45:30+00:00,0.0,0.0,0.0,0.0
Bannatynes Cookridge Hall,185.0,1.0,8.025,2025-11-27 21:00:30+00:00,0.0,0.0,0.0,0.0
Bannatynes Cookridge Hall,185.0,1.0,8.025,2025-11-27 21:15:30+00:00,0.0,0.0,0.0,0.0
Bannatynes Cookridge Hall,185.0,1.0,8.025,2025-11-27 21:30:30+00:00,0.0,0.0,0.0,0.0
Bannatynes Cookridge Hall,185.0,1.0,8.025,2025-11-27 21:45:30+00:00,0.0,0.0,0.0,0.0
Bannatynes Cookridge Hall,185.0,1.0,8.025,2025-11-27 22:00:30+00:00,0.0,0.0,0.0,0.0
Bannatynes Cookridge Hall,185.0,1.0,8.025,2025-11-27 22:15:30+00:00,0.0,0.0,0.0,0.0
Bannatynes Cookridge Hall,185.0,1.0,8.025,2025-11-27 22:30:30+00:00,0.0,0.0,0.0,0.0
Bannatynes Cookridge Hall,185.0,1.0,8.025,2025-11-27 22:45:30+00:00,0.0,0.0,0.0,0.0
Bannatynes Cookridge Hall,185.0,1.0,8.025,2025-11-27 23:00:30+00:00,0.0,0.0,0.0,0.0
Bannatynes Cookridge Hall,185.0,1.0,8.025,2025-11-27 23:15:30+00:00,0.0,0.0,0.0,0.0
Bannatynes Cookridge Hall,185.0,1.0,8.025,2025-11-27 23:30:30+00:00,0.0,0.0,0.0,0.0
Bannatynes Cookridge Hall,185.0,1.0,8.025,2025-11-27 23:45:30+00:00,0.0,0.0,0.0,0.0
Bannatynes Cookridge Hall,185.0,1.0,8.025,2025-11-28 00:00:30+00:00,0.0,0.0,0.0,0.0
Bannatynes Cookridge Hall,185.0,1.0,8.025,2025-11-28 00:15:30+00:00,0.0,0.0,0.0,0.0
Bannatynes Cookridge Hall,185.0,1.0,8.025,2025-11-28 00:30:30+00:00,0.0,0.0,0.0,0.0
Bannatynes Cookridge Hall,185.0,1.0,8.025,2025-11-28 00:45:30+00:00,0.0,0.0,0.0,0.0
Bannatynes Cookridge Hall,185.0,1.0,8.025,2025-11-28 01:00:30+00:00,0.0,0.0,0.0,0.0
Bannatynes Cookridge Hall,185.0,1.0,8.025,2025-11-28 01:15:30+00:00,0.0,0.0,0.0,0.0
Bannatynes Cookridge Hall,185.0,1.0,8.025,2025-11-28 01:30:30+00:00,0.0,0.0,0.0,0.0
Bannatynes Cookridge Hall,185.0,1.0,8.025,2025-11-28 01:45:30+00:00,0.0,0.0,0.0,0.0
Bannatynes Cookridge Hall,185.0,1.0,8.025,2025-11-28 02:00:30+00:00,0.0,0.0,0.0,0.0
Bannatynes Cookridge Hall,185.0,1.0,8.025,2025-11-28 02:15:30+00:00,0.0,0.0,0.0,0.0
Bannatynes Cookridge Hall,185.0,1.0,8.025,2025-11-28 02:30:30+00:00,0.0,0.0,0.0,0.0
Bannatynes Cookridge Hall,185.0,1.0,8.025,2025-11-28 02:45:30+00:00,0.0,0.0,0.0,0.0
Bannatynes Cookridge Hall,185.0,1.0,8.025,2025-11-28 03:00:30+00:00,0.0,0.0,0.0,0.0
Bannatynes Cookridge Hall,185.0,1.0,8.025,2025-11-28 03:15:30+00:00,0.0,0.0,0.0,0.0
Bannatynes Cookridge Hall,185.0,1.0,8.025,2025-11-28 03:30:30+00:00,0.0,0.0,0.0,0.0
Bannatynes Cookridge Hall,185.0,1.0,8.025,2025-11-28 03:45:30+00:00,0.0,0.0,0.0,0.0
Bannatynes Cookridge Hall,185.0,1.0,8.025,2025-11-28 04:00:30+00:00,0.0,0.0,0.0,0.0
Bannatynes Cookridge Hall,185.0,1.0,8.025,2025-11-28 04:15:30+00:00,0.0,0.0,0.0,0.0
Bannatynes Cookridge Hall,185.0,1.0,8.025,2025-11-28 04:30:30+00:00,0.0,0.0,0.0,0.0
Bannatynes Cookridge Hall,185.0,1.0,8.025,2025-11-28 04:45:30+00:00,0.0,0.0,0.0,0.0
Bannatynes Cookridge Hall,185.0,1.0,8.025,2025-11-28 05:00:30+00:00,0.0,0.0,0.0,0.0
Bannatynes Cookridge Hall,185.0,1.0,8.025,2025-11-28 05:15:30+00:00,0.0,0.0,0.0,0.0
Bannatynes Cookridge Hall,185.0,1.0,8.025,2025-11-28 05:30:30+00:00,0.0,0.0,0.0,0.0
Bannatynes Cookridge Hall,185.0,1.0,8.025,2025-11-28 05:45:30+00:00,0.0,0.0,0.0,0.0
Bannatynes Cookridge Hall,185.0,1.0,8.025,2025-11-28 06:00:30+00:00,0.0,0.0,0.0,0.0
Bannatynes Cookridge Hall,185.0,1.0,8.025,2025-11-28 06:15:30+00:00,0.0,0.0,0.0,0.0
Bannatynes Cookridge Hall,185.0,1.0,8.025,2025-11-28 06:30:30+00:00,0.0,0.0,0.0,0.0
Bannatynes Cookridge Hall,185.0,1.0,8.025,2025-11-28 06:45:30+00:00,0.0,0.0,0.0,0.0
Bannatynes Cookridge Hall,185.0,1.0,8.025,2025-11-28 07:00:30+00:00,0.0,0.0,0.0,0.0
Bannatynes Cookridge Hall,185.0,1.0,8.025,2025-11-28 07:15:30+00:00,0.0,0.0,0.0,0.0
Bannatynes Cookridge Hall,185.0,1.0,8.025,2025-11-28 07:30:30+00:00,0.0,0.0,0.0,0.0
Bannatynes Cookridge Hall,185.0,1.0,8.025,2025-11-28 07:45:30+00:00,0.0,0.0,0.0,0.0
Bannatynes Cookridge Hall,185.0,1.0,8.025,2025-11-28 08:00:30+00:00,0.00075,0.0005,0.00075,0.00075
Bannatynes Cookridge Hall,185.0,1.0,8.025,2025-11-28 08:15:30+00:00,0.00425,0.003,0.005,0.004
Bannatynes Cookridge Hall,185.0,1.0,8.025,2025-11-28 08:30:30+00:00,0.0095,0.0065,0.0115,0.009
Bannatynes Cookridge Hall,185.0,1.0,8.025,2025-11-28 08:45:30+00:00,0.0155,0.0105,0.01825,0.01425
Bannatynes Cookridge Hall,185.0,1.0,8.025,2025-11-28 09:00:30+00:00,0.02125,0.01525,0.025,0.02
Bannatynes Cookridge Hall,185.0,1.0,8.025,2025-11-28 09:15:30+00:00,0.0275,0.02,0.0315,0.02575
Bannatynes Cookridge Hall,185.0,1.0,8.025,2025-11-28 09:30:30+00:00,0.03275,0.02425,0.0375,0.031
Bannatynes Cookridge Hall,185.0,1.0,8.025,2025-11-28 09:45:30+00:00,0.0375,0.02825,0.04325,0.03525
Bannatynes Cookridge Hall,185.0,1.0,8.025,2025-11-28 10:00:30+00:00,0.04225,0.03125,0.0485,0.04
Bannatynes Cookridge Hall,185.0,1.0,8.025,2025-11-28 10:15:30+00:00,0.04375,0.03375,0.053,0.0415
Bannatynes Cookridge Hall,185.0,1.0,8.025,2025-11-28 10:30:30+00:00,0.04625,0.036,0.05675,0.044
Bannatynes Cookridge Hall,185.0,1.0,8.025,2025-11-28 10:45:30+00:00,0.0495,0.03875,0.06025,0.04725
Bannatynes Cookridge Hall,185.0,1.0,8.025,2025-11-28 11:00:30+00:00,0.053,0.03975,0.063,0.05025
Bannatynes Cookridge Hall,185.0,1.0,8.025,2025-11-28 11:15:30+00:00,0.05475,0.035,0.06475,0.05225
Bannatynes Cookridge Hall,185.0,1.0,8.025,2025-11-28 11:30:30+00:00,0.05225,0.02525,0.0655,0.05
Bannatynes Cookridge Hall,185.0,1.0,8.025,2025-11-28 11:45:30+00:00,0.04325,0.01275,0.06525,0.04175
Bannatynes Cookridge Hall,185.0,1.0,8.025,2025-11-28 12:00:30+00:00,0.031,0.00625,0.058,0.03025
Bannatynes Cookridge Hall,185.0,1.0,8.025,2025-11-28 12:15:30+00:00,0.00975,0.0045,0.03875,0.0095
Bannatynes Cookridge Hall,185.0,1.0,8.025,2025-11-28 12:30:30+00:00,0.0085,0.0045,0.03425,0.0085
Bannatynes Cookridge Hall,185.0,1.0,8.025,2025-11-28 12:45:30+00:00,0.00525,0.00425,0.0215,0.00525
Bannatynes Cookridge Hall,185.0,1.0,8.025,2025-11-28 13:00:30+00:00,0.03,0.006,0.043,0.02925
Bannatynes Cookridge Hall,185.0,1.0,8.025,2025-11-28 13:15:30+00:00,0.0125,0.00375,0.043,0.01225
Bannatynes Cookridge Hall,185.0,1.0,8.025,2025-11-28 13:30:30+00:00,0.01125,0.0035,0.04025,0.01125
Bannatynes Cookridge Hall,185.0,1.0,8.025,2025-11-28 13:45:30+00:00,0.0305,0.006,0.043,0.0295
Bannatynes Cookridge Hall,185.0,1.0,8.025,2025-11-28 14:00:30+00:00,0.0225,0.0045,0.0385,0.022
Bannatynes Cookridge Hall,185.0,1.0,8.025,2025-11-28 14:15:30+00:00,0.01425,0.00275,0.032,0.014
Bannatynes Cookridge Hall,185.0,1.0,8.025,2025-11-28 14:30:30+00:00,0.01925,0.004,0.02675,0.0185
Bannatynes Cookridge Hall,185.0,1.0,8.025,2025-11-28 14:45:30+00:00,0.01775,0.0065,0.0205,0.0165
Bannatynes Cookridge Hall,185.0,1.0,8.025,2025-11-28 15:00:30+00:00,0.01025,0.00525,0.01375,0.00975
Bannatynes Cookridge Hall,185.0,1.0,8.025,2025-11-28 15:15:30+00:00,0.00475,0.00275,0.00675,0.00475
Bannatynes Cookridge Hall,185.0,1.0,8.025,2025-11-28 15:30:30+00:00,0.00125,0.001,0.0015,0.00125
Bannatynes Cookridge Hall,185.0,1.0,8.025,2025-11-28 15:45:30+00:00,0.0,0.0,0.0,0.0
Bannatynes Cookridge Hall,185.0,1.0,8.025,2025-11-28 16:00:30+00:00,0.0,0.0,0.0,0.0
Bannatynes Cookridge Hall,185.0,1.0,8.025,2025-11-28 16:15:30+00:00,0.0,0.0,0.0,0.0
Bannatynes Cookridge Hall,185.0,1.0,8.025,2025-11-28 16:30:30+00:00,0.0,0.0,0.0,0.0
Bannatynes Cookridge Hall,185.0,1.0,8.025,2025-11-28 16:45:30+00:00,0.0,0.0,0.0,0.0
Bannatynes Cookridge Hall,185.0,1.0,8.025,2025-11-28 17:00:30+00:00,0.0,0.0,0.0,0.0
Bannatynes Cookridge Hall,185.0,1.0,8.025,2025-11-28 17:15:30+00:00,0.0,0.0,0.0,0.0
Bannatynes Cookridge Hall,185.0,1.0,8.025,2025-11-28 17:30:30+00:00,0.0,0.0,0.0,0.0
Bannatynes Cookridge Hall,185.0,1.0,8.025,2025-11-28 17:45:30+00:00,0.0,0.0,0.0,0.0
Bannatynes Cookridge Hall,185.0,1.0,8.025,2025-11-28 18:00:30+00:00,0.0,0.0,0.0,0.0
Bannatynes Cookridge Hall,185.0,1.0,8.025,2025-11-28 18:15:30+00:00,0.0,0.0,0.0,0.0
Bannatynes Cookridge Hall,185.0,1.0,8.025,2025-11-28 18:30:30+00:00,0.0,0.0,0.0,0.0
Bannatynes Cookridge Hall,185.0,1.0,8.025,2025-11-28 18:45:30+00:00,0.0,0.0,0.0,0.0
Bannatynes Cookridge Hall,185.0,1.0,8.025,2025-11-28 19:00:30+00:00,0.0,0.0,0.0,0.0
Bannatynes Cookridge Hall,185.0,1.0,8.025,2025-11-28 19:15:30+00:00,0.0,0.0,0.0,0.0
Bannatynes Cookridge Hall,185.0,1.0,8.025,2025-11-28 19:30:30+00:00,0.0,0.0,0.0,0.0
Bannatynes Cookridge Hall,185.0,1.0,8.025,2025-11-28 19:45:30+00:00,0.0,0.0,0.0,0.0
Bannatynes Cookridge Hall,185.0,1.0,8.025,2025-11-28 20:00:30+00:00,0.0,0.0,0.0,0.0
Bannatynes Cookridge Hall,185.0,1.0,8.025,2025-11-28 20:15:30+00:00,0.0,0.0,0.0,0.0
Bannatynes Cookridge Hall,185.0,1.0,8.025,2025-11-28 20:30:30+00:00,0.0,0.0,0.0,0.0
Bannatynes Cookridge Hall,185.0,1.0,8.025,2025-11-28 20:45:30+00:00,0.0,0.0,0.0,0.0
Bannatynes Cookridge Hall,185.0,1.0,8.025,2025-11-28 21:00:30+00:00,0.0,0.0,0.0,0.0
Bannatynes Cookridge Hall,185.0,1.0,8.025,2025-11-28 21:15:30+00:00,0.0,0.0,0.0,0.0
Bannatynes Cookridge Hall,185.0,1.0,8.025,2025-11-28 21:30:30+00:00,0.0,0.0,0.0,0.0
Bannatynes Cookridge Hall,185.0,1.0,8.025,2025-11-28 21:45:30+00:00,0.0,0.0,0.0,0.0
Bannatynes Cookridge Hall,185.0,1.0,8.025,2025-11-28 22:00:30+00:00,0.0,0.0,0.0,0.0
Bannatynes Cookridge Hall,185.0,1.0,8.025,2025-11-28 22:15:30+00:00,0.0,0.0,0.0,0.0
Bannatynes Cookridge Hall,185.0,1.0,8.025,2025-11-28 22:30:30+00:00,0.0,0.0,0.0,0.0
Bannatynes Cookridge Hall,185.0,1.0,8.025,2025-11-28 22:45:30+00:00,0.0,0.0,0.0,0.0
Bannatynes Cookridge Hall,185.0,1.0,8.025,2025-11-28 23:00:30+00:00,0.0,0.0,0.0,0.0
Bannatynes Cookridge Hall,185.0,1.0,8.025,2025-11-28 23:15:30+00:00,0.0,0.0,0.0,0.0
Bannatynes Cookridge Hall,185.0,1.0,8.025,2025-11-28 23:30:30+00:00,0.0,0.0,0.0,0.0
Bannatynes Cookridge Hall,185.0,1.0,8.025,2025-11-28 23:45:30+00:00,0.0,0.0,0.0,0.0
Bannatynes Cookridge Hall,185.0,1.0,8.025,2025-11-29 00:00:30+00:00,0.0,0.0,0.0,0.0
Bannatynes Cookridge Hall,185.0,1.0,8.025,2025-11-29 00:15:30+00:00,0.0,0.0,0.0,0.0
Bannatynes Cookridge Hall,185.0,1.0,8.025,2025-11-29 00:30:30+00:00,0.0,0.0,0.0,0.0
Bannatynes Cookridge Hall,185.0,1.0,8.025,2025-11-29 00:45:30+00:00,0.0,0.0,0.0,0.0
Bannatynes Cookridge Hall,185.0,1.0,8.025,2025-11-29 01:00:30+00:00,0.0,0.0,0.0,0.0
Bannatynes Cookridge Hall,185.0,1.0,8.025,2025-11-29 01:15:30+00:00,0.0,0.0,0.0,0.0
Bannatynes Cookridge Hall,185.0,1.0,8.025,2025-11-29 01:30:30+00:00,0.0,0.0,0.0,0.0
Bannatynes Cookridge Hall,185.0,1.0,8.025,2025-11-29 01:45:30+00:00,0.0,0.0,0.0,0.0
Bannatynes Cookridge Hall,185.0,1.0,8.025,2025-11-29 02:00:30+00:00,0.0,0.0,0.0,0.0
Bannatynes Cookridge Hall,185.0,1.0,8.025,2025-11-29 02:15:30+00:00,0.0,0.0,0.0,0.0
Bannatynes Cookridge Hall,185.0,1.0,8.025,2025-11-29 02:30:30+00:00,0.0,0.0,0.0,0.0
Bannatynes Cookridge Hall,185.0,1.0,8.025,2025-11-29 02:45:30+00:00,0.0,0.0,0.0,0.0
Bannatynes Cookridge Hall,185.0,1.0,8.025,2025-11-29 03:00:30+00:00,0.0,0.0,0.0,0.0
Bannatynes Cookridge Hall,185.0,1.0,8.025,2025-11-29 03:15:30+00:00,0.0,0.0,0.0,0.0
Bannatynes Cookridge Hall,185.0,1.0,8.025,2025-11-29 03:30:30+00:00,0.0,0.0,0.0,0.0
Bannatynes Cookridge Hall,185.0,1.0,8.025,2025-11-29 03:45:30+00:00,0.0,0.0,0.0,0.0
Bannatynes Cookridge Hall,185.0,1.0,8.025,2025-11-29 04:00:30+00:00,0.0,0.0,0.0,0.0
Bannatynes Cookridge Hall,185.0,1.0,8.025,2025-11-29 04:15:30+00:00,0.0,0.0,0.0,0.0
Bannatynes Cookridge Hall,185.0,1.0,8.025,2025-11-29 04:30:30+00:00,0.0,0.0,0.0,0.0
Bannatynes Cookridge Hall,185.0,1.0,8.025,2025-11-29 04:45:30+00:00,0.0,0.0,0.0,0.0
Bannatynes Cookridge Hall,185.0,1.0,8.025,2025-11-29 05:00:30+00:00,0.0,0.0,0.0,0.0
Bannatynes Cookridge Hall,185.0,1.0,8.025,2025-11-29 05:15:30+00:00,0.0,0.0,0.0,0.0
Bannatynes Cookridge Hall,185.0,1.0,8.025,2025-11-29 05:30:30+00:00,0.0,0.0,0.0,0.0
Bannatynes Cookridge Hall,185.0,1.0,8.025,2025-11-29 05:45:30+00:00,0.0,0.0,0.0,0.0
Bannatynes Cookridge Hall,185.0,1.0,8.025,2025-11-29 06:00:30+00:00,0.0,0.0,0.0,0.0
Bannatynes Cookridge Hall,185.0,1.0,8.025,2025-11-29 06:15:30+00:00,0.0,0.0,0.0,0.0
Bannatynes Cookridge Hall,185.0,1.0,8.025,2025-11-29 06:30:30+00:00,0.0,0.0,0.0,0.0
Bannatynes Cookridge Hall,185.0,1.0,8.025,2025-11-29 06:45:30+00:00,0.0,0.0,0.0,0.0
Bannatynes Cookridge Hall,185.0,1.0,8.025,2025-11-29 07:00:30+00:00,0.0,0.0,0.0,0.0
Bannatynes Cookridge Hall,185.0,1.0,8.025,2025-11-29 07:15:30+00:00,0.0,0.0,0.0,0.0
Bannatynes Cookridge Hall,185.0,1.0,8.025,2025-11-29 07:30:30+00:00,0.0,0.0,0.0,0.0
Bannatynes Cookridge Hall,185.0,1.0,8.025,2025-11-29 07:45:30+00:00,0.0,0.0,0.0,0.0
Bannatynes Cookridge Hall,185.0,1.0,8.025,2025-11-29 08:00:30+00:00,0.00025,0.00025,0.0005,0.00025
Bannatynes Cookridge Hall,185.0,1.0,8.025,2025-11-29 08:15:30+00:00,0.0025,0.00125,0.00425,0.0025
Bannatynes Cookridge Hall,185.0,1.0,8.025,2025-11-29 08:30:30+00:00,0.006,0.00275,0.0095,0.006
Bannatynes Cookridge Hall,185.0,1.0,8.025,2025-11-29 08:45:30+00:00,0.01,0.0035,0.015,0.00975
Bannatynes Cookridge Hall,185.0,1.0,8.025,2025-11-29 09:00:30+00:00,0.01125,0.00225,0.0205,0.011
Bannatynes Cookridge Hall,185.0,1.0,8.025,2025-11-29 09:15:30+00:00,0.01225,0.0025,0.0255,0.01225
Bannatynes Cookridge Hall,185.0,1.0,8.025,2025-11-29 09:30:30+00:00,0.01375,0.00275,0.035,0.0135
Bannatynes Cookridge Hall,185.0,1.0,8.025,2025-11-29 09:45:30+00:00,0.0335,0.00675,0.04175,0.03225
Bannatynes Cookridge Hall,185.0,1.0,8.025,2025-11-29 10:00:30+00:00,0.018,0.0035,0.044,0.01775
Bannatynes Cookridge Hall,185.0,1.0,8.025,2025-11-29 10:15:30+00:00,0.014,0.00375,0.04075,0.014
Bannatynes Cookridge Hall,185.0,1.0,8.025,2025-11-29 10:30:30+00:00,0.023,0.0045,0.04725,0.02275
Bannatynes Cookridge Hall,185.0,1.0,8.025,2025-11-29 10:45:30+00:00,0.031,0.00625,0.048,0.03025
Bannatynes Cookridge Hall,185.0,1.0,8.025,2025-11-29 11:00:30+00:00,0.0115,0.0045,0.04375,0.01125
Bannatynes Cookridge Hall,185.0,1.0,8.025,2025-11-29 11:15:30+00:00,0.0045,0.0045,0.0185,0.0045
Bannatynes Cookridge Hall,185.0,1.0,8.025,2025-11-29 11:30:30+00:00,0.00375,0.0025,0.01525,0.00375
Bannatynes Cookridge Hall,185.0,1.0,8.025,2025-11-29 11:45:30+00:00,0.00375,0.0025,0.0155,0.00375
Bannatynes Cookridge Hall,185.0,1.0,8.025,2025-11-29 12:00:30+00:00,0.00525,0.0045,0.02125,0.00525
Bannatynes Cookridge Hall,185.0,1.0,8.025,2025-11-29 12:15:30+00:00,0.01775,0.0045,0.03175,0.01775
Bannatynes Cookridge Hall,185.0,1.0,8.025,2025-11-29 12:30:30+00:00,0.017,0.0045,0.0325,0.017
Bannatynes Cookridge Hall,185.0,1.0,8.025,2025-11-29 12:45:30+00:00,0.01275,0.00425,0.02775,0.01275
Bannatynes Cookridge Hall,185.0,1.0,8.025,2025-11-29 13:00:30+00:00,0.00775,0.004,0.024,0.00775
Bannatynes Cookridge Hall,185.0,1.0,8.025,2025-11-29 13:15:30+00:00,0.0095,0.00375,0.021,0.00975
Bannatynes Cookridge Hall,185.0,1.0,8.025,2025-11-29 13:30:30+00:00,0.00575,0.0035,0.021,0.00575
Bannatynes Cookridge Hall,185.0,1.0,8.025,2025-11-29 13:45:30+00:00,0.01125,0.003,0.01975,0.01125
Bannatynes Cookridge Hall,185.0,1.0,8.025,2025-11-29 14:00:30+00:00,0.00775,0.00275,0.0205,0.00775
Bannatynes Cookridge Hall,185.0,1.0,8.025,2025-11-29 14:15:30+00:00,0.0055,0.00225,0.0195,0.0055
Bannatynes Cookridge Hall,185.0,1.0,8.025,2025-11-29 14:30:30+00:00,0.00725,0.00175,0.02025,0.00725
Bannatynes Cookridge Hall,185.0,1.0,8.025,2025-11-29 14:45:30+00:00,0.01125,0.00225,0.0175,0.01075
Bannatynes Cookridge Hall,185.0,1.0,8.025,2025-11-29 15:00:30+00:00,0.006,0.00125,0.01225,0.00575
Bannatynes Cookridge Hall,185.0,1.0,8.025,2025-11-29 15:15:30+00:00,0.00225,0.0005,0.00575,0.00225
Bannatynes Cookridge Hall,185.0,1.0,8.025,2025-11-29 15:30:30+00:00,0.0005,0.0,0.0015,0.0005
Bannatynes Cookridge Hall,185.0,1.0,8.025,2025-11-29 15:45:30+00:00,0.0,0.0,0.0,0.0
Bannatynes Cookridge Hall,185.0,1.0,8.025,2025-11-29 16:00:30+00:00,0.0,0.0,0.0,0.0
Bannatynes Cookridge Hall,185.0,1.0,8.025,2025-11-29 16:15:30+00:00,0.0,0.0,0.0,0.0
Bannatynes Cookridge Hall,185.0,1.0,8.025,2025-11-29 16:30:30+00:00,0.0,0.0,0.0,0.0
Bannatynes Cookridge Hall,185.0,1.0,8.025,2025-11-29 16:45:30+00:00,0.0,0.0,0.0,0.0
Bannatynes Cookridge Hall,185.0,1.0,8.025,2025-11-29 17:00:30+00:00,0.0,0.0,0.0,0.0
Bannatynes Cookridge Hall,185.0,1.0,8.025,2025-11-29 17:15:30+00:00,0.0,0.0,0.0,0.0
Bannatynes Cookridge Hall,185.0,1.0,8.025,2025-11-29 17:30:30+00:00,0.0,0.0,0.0,0.0
Bannatynes Cookridge Hall,185.0,1.0,8.025,2025-11-29 17:45:30+00:00,0.0,0.0,0.0,0.0
Bannatynes Cookridge Hall,185.0,1.0,8.025,2025-11-29 18:00:30+00:00,0.0,0.0,0.0,0.0
Bannatynes Cookridge Hall,185.0,1.0,8.025,2025-11-29 18:15:30+00:00,0.0,0.0,0.0,0.0
Bannatynes Cookridge Hall,185.0,1.0,8.025,2025-11-29 18:30:30+00:00,0.0,0.0,0.0,0.0
Bannatynes Cookridge Hall,185.0,1.0,8.025,2025-11-29 18:45:30+00:00,0.0,0.0,0.0,0.0
Bannatynes Cookridge Hall,185.0,1.0,8.025,2025-11-29 19:00:30+00:00,0.0,0.0,0.0,0.0
Bannatynes Cookridge Hall,185.0,1.0,8.025,2025-11-29 19:15:30+00:00,0.0,0.0,0.0,0.0
Bannatynes Cookridge Hall,185.0,1.0,8.025,2025-11-29 19:30:30+00:00,0.0,0.0,0.0,0.0
Bannatynes Cookridge Hall,185.0,1.0,8.025,2025-11-29 19:45:30+00:00,0.0,0.0,0.0,0.0
Bannatynes Cookridge Hall,185.0,1.0,8.025,2025-11-29 20:00:30+00:00,0.0,0.0,0.0,0.0
Bannatynes Cookridge Hall,185.0,1.0,8.025,2025-11-29 20:15:30+00:00,0.0,0.0,0.0,0.0
Bannatynes Cookridge Hall,185.0,1.0,8.025,2025-11-29 20:30:30+00:00,0.0,0.0,0.0,0.0
Bannatynes Cookridge Hall,185.0,1.0,8.025,2025-11-29 20:45:30+00:00,0.0,0.0,0.0,0.0
Bannatynes Cookridge Hall,185.0,1.0,8.025,2025-11-29 21:00:30+00:00,0.0,0.0,0.0,0.0
Bannatynes Cookridge Hall,185.0,1.0,8.025,2025-11-29 21:15:30+00:00,0.0,0.0,0.0,0.0
Bannatynes Cookridge Hall,185.0,1.0,8.025,2025-11-29 21:30:30+00:00,0.0,0.0,0.0,0.0
Bannatynes Cookridge Hall,185.0,1.0,8.025,2025-11-29 21:45:30+00:00,0.0,0.0,0.0,0.0
Bannatynes Cookridge Hall,185.0,1.0,8.025,2025-11-29 22:00:30+00:00,0.0,0.0,0.0,0.0
Bannatynes Cookridge Hall,185.0,1.0,8.025,2025-11-29 22:15:30+00:00,0.0,0.0,0.0,0.0
Bannatynes Cookridge Hall,185.0,1.0,8.025,2025-11-29 22:30:30+00:00,0.0,0.0,0.0,0.0
Bannatynes Cookridge Hall,185.0,1.0,8.025,2025-11-29 22:45:30+00:00,0.0,0.0,0.0,0.0
Bannatynes Cookridge Hall,185.0,1.0,8.025,2025-11-29 23:00:30+00:00,0.0,0.0,0.0,0.0
Bannatynes Cookridge Hall,185.0,1.0,8.025,2025-11-29 23:15:30+00:00,0.0,0.0,0.0,0.0
Bannatynes Cookridge Hall,185.0,1.0,8.025,2025-11-29 23:30:30+00:00,0.0,0.0,0.0,0.0
Bannatynes Cookridge Hall,185.0,1.0,8.025,2025-11-29 23:45:30+00:00,0.0,0.0,0.0,0.0
Bannatynes Cookridge Hall,185.0,1.0,8.025,2025-11-30 00:00:30+00:00,0.0,0.0,0.0,0.0
Bannatynes Cookridge Hall,185.0,1.0,8.025,2025-11-30 00:15:30+00:00,0.0,0.0,0.0,0.0
Bannatynes Cookridge Hall,185.0,1.0,8.025,2025-11-30 00:30:30+00:00,0.0,0.0,0.0,0.0
Bannatynes Cookridge Hall,185.0,1.0,8.025,2025-11-30 00:45:30+00:00,0.0,0.0,0.0,0.0
Bannatynes Cookridge Hall,185.0,1.0,8.025,2025-11-30 01:00:30+00:00,0.0,0.0,0.0,0.0
Bannatynes Cookridge Hall,185.0,1.0,8.025,2025-11-30 01:15:30+00:00,0.0,0.0,0.0,0.0
Bannatynes Cookridge Hall,185.0,1.0,8.025,2025-11-30 01:30:30+00:00,0.0,0.0,0.0,0.0
Bannatynes Cookridge Hall,185.0,1.0,8.025,2025-11-30 01:45:30+00:00,0.0,0.0,0.0,0.0
Bannatynes Cookridge Hall,185.0,1.0,8.025,2025-11-30 02:00:30+00:00,0.0,0.0,0.0,0.0
Bannatynes Cookridge Hall,185.0,1.0,8.025,2025-11-30 02:15:30+00:00,0.0,0.0,0.0,0.0
Bannatynes Cookridge Hall,185.0,1.0,8.025,2025-11-30 02:30:30+00:00,0.0,0.0,0.0,0.0
Bannatynes Cookridge Hall,185.0,1.0,8.025,2025-11-30 02:45:30+00:00,0.0,0.0,0.0,0.0
Bannatynes Cookridge Hall,185.0,1.0,8.025,2025-11-30 03:00:30+00:00,0.0,0.0,0.0,0.0
Bannatynes Cookridge Hall,185.0,1.0,8.025,2025-11-30 03:15:30+00:00,0.0,0.0,0.0,0.0
Bannatynes Cookridge Hall,185.0,1.0,8.025,2025-11-30 03:30:30+00:00,0.0,0.0,0.0,0.0
Bannatynes Cookridge Hall,185.0,1.0,8.025,2025-11-30 03:45:30+00:00,0.0,0.0,0.0,0.0
Bannatynes Cookridge Hall,185.0,1.0,8.025,2025-11-30 04:00:30+00:00,0.0,0.0,0.0,0.0
Bannatynes Cookridge Hall,185.0,1.0,8.025,2025-11-30 04:15:30+00:00,0.0,0.0,0.0,0.0
Bannatynes Cookridge Hall,185.0,1.0,8.025,2025-11-30 04:30:30+00:00,0.0,0.0,0.0,0.0
Bannatynes Cookridge Hall,185.0,1.0,8.025,2025-11-30 04:45:30+00:00,0.0,0.0,0.0,0.0
Bannatynes Cookridge Hall,185.0,1.0,8.025,2025-11-30 05:00:30+00:00,0.0,0.0,0.0,0.0
Bannatynes Cookridge Hall,185.0,1.0,8.025,2025-11-30 05:15:30+00:00,0.0,0.0,0.0,0.0
Bannatynes Cookridge Hall,185.0,1.0,8.025,2025-11-30 05:30:30+00:00,0.0,0.0,0.0,0.0
Bannatynes Cookridge Hall,185.0,1.0,8.025,2025-11-30 05:45:30+00:00,0.0,0.0,0.0,0.0
Bannatynes Cookridge Hall,185.0,1.0,8.025,2025-11-30 06:00:30+00:00,0.0,0.0,0.0,0.0
Bannatynes Cookridge Hall,185.0,1.0,8.025,2025-11-30 06:15:30+00:00,0.0,0.0,0.0,0.0
Bannatynes Cookridge Hall,185.0,1.0,8.025,2025-11-30 06:30:30+00:00,0.0,0.0,0.0,0.0
Bannatynes Cookridge Hall,185.0,1.0,8.025,2025-11-30 06:45:30+00:00,0.0,0.0,0.0,0.0
Bannatynes Cookridge Hall,185.0,1.0,8.025,2025-11-30 07:00:30+00:00,0.0,0.0,0.0,0.0
Bannatynes Cookridge Hall,185.0,1.0,8.025,2025-11-30 07:15:30+00:00,0.0,0.0,0.0,0.0
Bannatynes Cookridge Hall,185.0,1.0,8.025,2025-11-30 07:30:30+00:00,0.0,0.0,0.0,0.0
Bannatynes Cookridge Hall,185.0,1.0,8.025,2025-11-30 07:45:30+00:00,0.0,0.0,0.0,0.0
Bannatynes Cookridge Hall,185.0,1.0,8.025,2025-11-30 08:00:30+00:00,0.00025,0.00025,0.00025,0.00025
Bannatynes Cookridge Hall,185.0,1.0,8.025,2025-11-30 08:15:30+00:00,0.00325,0.0025,0.00375,0.00325
Bannatynes Cookridge Hall,185.0,1.0,8.025,2025-11-30 08:30:30+00:00,0.00875,0.00625,0.01025,0.008
Bannatynes Cookridge Hall,185.0,1.0,8.025,2025-11-30 08:45:30+00:00,0.01525,0.01075,0.017,0.014
Bannatynes Cookridge Hall,185.0,1.0,8.025,2025-11-30 09:00:30+00:00,0.0215,0.01525,0.0235,0.01975
Bannatynes Cookridge Hall,185.0,1.0,8.025,2025-11-30 09:15:30+00:00,0.02675,0.01975,0.02975,0.025
Bannatynes Cookridge Hall,185.0,1.0,8.025,2025-11-30 09:30:30+00:00,0.03225,0.02425,0.03575,0.03025
Bannatynes Cookridge Hall,185.0,1.0,8.025,2025-11-30 09:45:30+00:00,0.03725,0.0285,0.04125,0.035
Bannatynes Cookridge Hall,185.0,1.0,8.025,2025-11-30 10:00:30+00:00,0.04175,0.0325,0.0465,0.03925
Bannatynes Cookridge Hall,185.0,1.0,8.025,2025-11-30 10:15:30+00:00,0.04575,0.03625,0.051,0.04325
Bannatynes Cookridge Hall,185.0,1.0,8.025,2025-11-30 10:30:30+00:00,0.04925,0.0395,0.055,0.0465
Bannatynes Cookridge Hall,185.0,1.0,8.025,2025-11-30 10:45:30+00:00,0.052,0.042,0.05825,0.04925
Bannatynes Cookridge Hall,185.0,1.0,8.025,2025-11-30 11:00:30+00:00,0.0545,0.04425,0.06075,0.0515
Bannatynes Cookridge Hall,185.0,1.0,8.025,2025-11-30 11:15:30+00:00,0.056,0.046,0.06275,0.053
Bannatynes Cookridge Hall,185.0,1.0,8.025,2025-11-30 11:30:30+00:00,0.05725,0.047,0.064,0.05425
Bannatynes Cookridge Hall,185.0,1.0,8.025,2025-11-30 11:45:30+00:00,0.05775,0.0475,0.0645,0.05475
Bannatynes Cookridge Hall,185.0,1.0,8.025,2025-11-30 12:00:30+00:00,0.0575,0.04725,0.06425,0.0545
Bannatynes Cookridge Hall,185.0,1.0,8.025,2025-11-30 12:15:30+00:00,0.05675,0.04625,0.0635,0.0535
Bannatynes Cookridge Hall,185.0,1.0,8.025,2025-11-30 12:30:30+00:00,0.05525,0.045,0.06175,0.052
Bannatynes Cookridge Hall,185.0,1.0,8.025,2025-11-30 12:45:30+00:00,0.053,0.04275,0.0595,0.05
Bannatynes Cookridge Hall,185.0,1.0,8.025,2025-11-30 13:00:30+00:00,0.05025,0.04,0.0565,0.04725
Bannatynes Cookridge Hall,185.0,1.0,8.025,2025-11-30 13:15:30+00:00,0.04675,0.03575,0.053,0.044
Bannatynes Cookridge Hall,185.0,1.0,8.025,2025-11-30 13:30:30+00:00,0.0425,0.03125,0.0485,0.04
Bannatynes Cookridge Hall,185.0,1.0,8.025,2025-11-30 13:45:30+00:00,0.03775,0.025,0.04325,0.0355
Bannatynes Cookridge Hall,185.0,1.0,8.025,2025-11-30 14:00:30+00:00,0.028,0.02,0.03775,0.02675
Bannatynes Cookridge Hall,185.0,1.0,8.025,2025-11-30 14:15:30+00:00,0.02425,0.0155,0.03225,0.02275
Bannatynes Cookridge Hall,185.0,1.0,8.025,2025-11-30 14:30:30+00:00,0.02025,0.013,0.026,0.019
Bannatynes Cookridge Hall,185.0,1.0,8.025,2025-11-30 14:45:30+00:00,0.01675,0.0095,0.0195,0.0155
Bannatynes Cookridge Hall,185.0,1.0,8.025,2025-11-30 15:00:30+00:00,0.01025,0.00575,0.013,0.00925
Bannatynes Cookridge Hall,185.0,1.0,8.025,2025-11-30 15:15:30+00:00,0.004,0.00225,0.006,0.004
Bannatynes Cookridge Hall,185.0,1.0,8.025,2025-11-30 15:30:30+00:00,0.001,0.00075,0.00125,0.001
Bannatynes Cookridge Hall,185.0,1.0,8.025,2025-11-30 15:45:30+00:00,0.0,0.0,0.0,0.0
Bannatynes Cookridge Hall,185.0,1.0,8.025,2025-11-30 16:00:30+00:00,0.0,0.0,0.0,0.0
Bannatynes Cookridge Hall,185.0,1.0,8.025,2025-11-30 16:15:30+00:00,0.0,0.0,0.0,0.0
Bannatynes Cookridge Hall,185.0,1.0,8.025,2025-11-30 16:30:30+00:00,0.0,0.0,0.0,0.0
Bannatynes Cookridge Hall,185.0,1.0,8.025,2025-11-30 16:45:30+00:00,0.0,0.0,0.0,0.0
Bannatynes Cookridge Hall,185.0,1.0,8.025,2025-11-30 17:00:30+00:00,0.0,0.0,0.0,0.0
Bannatynes Cookridge Hall,185.0,1.0,8.025,2025-11-30 17:15:30+00:00,0.0,0.0,0.0,0.0
Bannatynes Cookridge Hall,185.0,1.0,8.025,2025-11-30 17:30:30+00:00,0.0,0.0,0.0,0.0
Bannatynes Cookridge Hall,185.0,1.0,8.025,2025-11-30 17:45:30+00:00,0.0,0.0,0.0,0.0
Bannatynes Cookridge Hall,185.0,1.0,8.025,2025-11-30 18:00:30+00:00,0.0,0.0,0.0,0.0
Bannatynes Cookridge Hall,185.0,1.0,8.025,2025-11-30 18:15:30+00:00,0.0,0.0,0.0,0.0
Bannatynes Cookridge Hall,185.0,1.0,8.025,2025-11-30 18:30:30+00:00,0.0,0.0,0.0,0.0
Bannatynes Cookridge Hall,185.0,1.0,8.025,2025-11-30 18:45:30+00:00,0.0,0.0,0.0,0.0
Bannatynes Cookridge Hall,185.0,1.0,8.025,2025-11-30 19:00:30+00:00,0.0,0.0,0.0,0.0
Bannatynes Cookridge Hall,185.0,1.0,8.025,2025-11-30 19:15:30+00:00,0.0,0.0,0.0,0.0
Bannatynes Cookridge Hall,185.0,1.0,8.025,2025-11-30 19:30:30+00:00,0.0,0.0,0.0,0.0
Bannatynes Cookridge Hall,185.0,1.0,8.025,2025-11-30 19:45:30+00:00,0.0,0.0,0.0,0.0
Bannatynes Cookridge Hall,185.0,1.0,8.025,2025-11-30 20:00:30+00:00,0.0,0.0,0.0,0.0
Bannatynes Cookridge Hall,185.0,1.0,8.025,2025-11-30 20:15:30+00:00,0.0,0.0,0.0,0.0
Bannatynes Cookridge Hall,185.0,1.0,8.025,2025-11-30 20:30:30+00:00,0.0,0.0,0.0,0.0
Bannatynes Cookridge Hall,185.0,1.0,8.025,2025-11-30 20:45:30+00:00,0.0,0.0,0.0,0.0
Bannatynes Cookridge Hall,185.0,1.0,8.025,2025-11-30 21:00:30+00:00,0.0,0.0,0.0,0.0
Bannatynes Cookridge Hall,185.0,1.0,8.025,2025-11-30 21:15:30+00:00,0.0,0.0,0.0,0.0
Bannatynes Cookridge Hall,185.0,1.0,8.025,2025-11-30 21:30:30+00:00,0.0,0.0,0.0,0.0
Bannatynes Cookridge Hall,185.0,1.0,8.025,2025-11-30 21:45:30+00:00,0.0,0.0,0.0,0.0
Bannatynes Cookridge Hall,185.0,1.0,8.025,2025-11-30 22:00:30+00:00,0.0,0.0,0.0,0.0
Bannatynes Cookridge Hall,185.0,1.0,8.025,2025-11-30 22:15:30+00:00,0.0,0.0,0.0,0.0
Bannatynes Cookridge Hall,185.0,1.0,8.025,2025-11-30 22:30:30+00:00,0.0,0.0,0.0,0.0
Bannatynes Cookridge Hall,185.0,1.0,8.025,2025-11-30 22:45:30+00:00,0.0,0.0,0.0,0.0
Bannatynes Cookridge Hall,185.0,1.0,8.025,2025-11-30 23:00:30+00:00,0.0,0.0,0.0,0.0
Bannatynes Cookridge Hall,185.0,1.0,8.025,2025-11-30 23:15:30+00:00,0.0,0.0,0.0,0.0
Bannatynes Cookridge Hall,185.0,1.0,8.025,2025-11-30 23:30:30+00:00,0.0,0.0,0.0,0.0
Bannatynes Cookridge Hall,185.0,1.0,8.025,2025-11-30 23:45:30+00:00,0.0,0.0,0.0,0.0
Bannatynes Cookridge Hall,180.0,0.0,10.165,2025-11-19 00:00:30+00:00,0.0,0.0,0.0,0.0
Bannatynes Cookridge Hall,180.0,0.0,10.165,2025-11-19 00:15:30+00:00,0.0,0.0,0.0,0.0
Bannatynes Cookridge Hall,180.0,0.0,10.165,2025-11-19 00:30:30+00:00,0.0,0.0,0.0,0.0
Bannatynes Cookridge Hall,180.0,0.0,10.165,2025-11-19 00:45:30+00:00,0.0,0.0,0.0,0.0
Bannatynes Cookridge Hall,180.0,0.0,10.165,2025-11-19 01:00:30+00:00,0.0,0.0,0.0,0.0
Bannatynes Cookridge Hall,180.0,0.0,10.165,2025-11-19 01:15:30+00:00,0.0,0.0,0.0,0.0
Bannatynes Cookridge Hall,180.0,0.0,10.165,2025-11-19 01:30:30+00:00,0.0,0.0,0.0,0.0
Bannatynes Cookridge Hall,180.0,0.0,10.165,2025-11-19 01:45:30+00:00,0.0,0.0,0.0,0.0
Bannatynes Cookridge Hall,180.0,0.0,10.165,2025-11-19 02:00:30+00:00,0.0,0.0,0.0,0.0
Bannatynes Cookridge Hall,180.0,0.0,10.165,2025-11-19 02:15:30+00:00,0.0,0.0,0.0,0.0
Bannatynes Cookridge Hall,180.0,0.0,10.165,2025-11-19 02:30:30+00:00,0.0,0.0,0.0,0.0
Bannatynes Cookridge Hall,180.0,0.0,10.165,2025-11-19 02:45:30+00:00,0.0,0.0,0.0,0.0
Bannatynes Cookridge Hall,180.0,0.0,10.165,2025-11-19 03:00:30+00:00,0.0,0.0,0.0,0.0
Bannatynes Cookridge Hall,180.0,0.0,10.165,2025-11-19 03:15:30+00:00,0.0,0.0,0.0,0.0
Bannatynes Cookridge Hall,180.0,0.0,10.165,2025-11-19 03:30:30+00:00,0.0,0.0,0.0,0.0
Bannatynes Cookridge Hall,180.0,0.0,10.165,2025-11-19 03:45:30+00:00,0.0,0.0,0.0,0.0
Bannatynes Cookridge Hall,180.0,0.0,10.165,2025-11-19 04:00:30+00:00,0.0,0.0,0.0,0.0
Bannatynes Cookridge Hall,180.0,0.0,10.165,2025-11-19 04:15:30+00:00,0.0,0.0,0.0,0.0
Bannatynes Cookridge Hall,180.0,0.0,10.165,2025-11-19 04:30:30+00:00,0.0,0.0,0.0,0.0
Bannatynes Cookridge Hall,180.0,0.0,10.165,2025-11-19 04:45:30+00:00,0.0,0.0,0.0,0.0
Bannatynes Cookridge Hall,180.0,0.0,10.165,2025-11-19 05:00:30+00:00,0.0,0.0,0.0,0.0
Bannatynes Cookridge Hall,180.0,0.0,10.165,2025-11-19 05:15:30+00:00,0.0,0.0,0.0,0.0
Bannatynes Cookridge Hall,180.0,0.0,10.165,2025-11-19 05:30:30+00:00,0.0,0.0,0.0,0.0
Bannatynes Cookridge Hall,180.0,0.0,10.165,2025-11-19 05:45:30+00:00,0.0,0.0,0.0,0.0
Bannatynes Cookridge Hall,180.0,0.0,10.165,2025-11-19 06:00:30+00:00,0.0,0.0,0.0,0.0
Bannatynes Cookridge Hall,180.0,0.0,10.165,2025-11-19 06:15:30+00:00,0.0,0.0,0.0,0.0
Bannatynes Cookridge Hall,180.0,0.0,10.165,2025-11-19 06:30:30+00:00,0.0,0.0,0.0,0.0
Bannatynes Cookridge Hall,180.0,0.0,10.165,2025-11-19 06:45:30+00:00,0.0,0.0,0.0,0.0
Bannatynes Cookridge Hall,180.0,0.0,10.165,2025-11-19 07:00:30+00:00,0.0,0.0,0.0,0.0
Bannatynes Cookridge Hall,180.0,0.0,10.165,2025-11-19 07:15:30+00:00,0.0,0.0,0.0,0.0
Bannatynes Cookridge Hall,180.0,0.0,10.165,2025-11-19 07:30:30+00:00,0.0,0.0,0.0,0.0
Bannatynes Cookridge Hall,180.0,0.0,10.165,2025-11-19 07:45:30+00:00,0.0005,0.0,0.001,0.0005
Bannatynes Cookridge Hall,180.0,0.0,10.165,2025-11-19 08:00:30+00:00,0.0025,0.0005,0.00575,0.0025
Bannatynes Cookridge Hall,180.0,0.0,10.165,2025-11-19 08:15:30+00:00,0.0065,0.00125,0.0105,0.0065
Bannatynes Cookridge Hall,180.0,0.0,10.165,2025-11-19 08:30:30+00:00,0.00425,0.0015,0.01425,0.00425
Bannatynes Cookridge Hall,180.0,0.0,10.165,2025-11-19 08:45:30+00:00,0.0035,0.002,0.01425,0.0035
Bannatynes Cookridge Hall,180.0,0.0,10.165,2025-11-19 09:00:30+00:00,0.011,0.0025,0.023,0.011
Bannatynes Cookridge Hall,180.0,0.0,10.165,2025-11-19 09:15:30+00:00,0.01375,0.003,0.02725,0.01375
Bannatynes Cookridge Hall,180.0,0.0,10.165,2025-11-19 09:30:30+00:00,0.01925,0.005,0.029,0.01925
Bannatynes Cookridge Hall,180.0,0.0,10.165,2025-11-19 09:45:30+00:00,0.018,0.005,0.033,0.018
Bannatynes Cookridge Hall,180.0,0.0,10.165,2025-11-19 10:00:30+00:00,0.0195,0.00425,0.0385,0.0195
Bannatynes Cookridge Hall,180.0,0.0,10.165,2025-11-19 10:15:30+00:00,0.02425,0.006,0.051,0.02425
Bannatynes Cookridge Hall,180.0,0.0,10.165,2025-11-19 10:30:30+00:00,0.0415,0.00825,0.0545,0.0415
Bannatynes Cookridge Hall,180.0,0.0,10.165,2025-11-19 10:45:30+00:00,0.025,0.005,0.0555,0.025
Bannatynes Cookridge Hall,180.0,0.0,10.165,2025-11-19 11:00:30+00:00,0.0225,0.00525,0.05225,0.0225
Bannatynes Cookridge Hall,180.0,0.0,10.165,2025-11-19 11:15:30+00:00,0.0365,0.0105,0.05525,0.0365
Bannatynes Cookridge Hall,180.0,0.0,10.165,2025-11-19 11:30:30+00:00,0.03925,0.01475,0.0545,0.03925
Bannatynes Cookridge Hall,180.0,0.0,10.165,2025-11-19 11:45:30+00:00,0.028,0.0115,0.05025,0.028
Bannatynes Cookridge Hall,180.0,0.0,10.165,2025-11-19 12:00:30+00:00,0.0255,0.008,0.047,0.0255
Bannatynes Cookridge Hall,180.0,0.0,10.165,2025-11-19 12:15:30+00:00,0.0285,0.0085,0.052,0.0285
Bannatynes Cookridge Hall,180.0,0.0,10.165,2025-11-19 12:30:30+00:00,0.0365,0.01075,0.05875,0.0365
Bannatynes Cookridge Hall,180.0,0.0,10.165,2025-11-19 12:45:30+00:00,0.03875,0.0165,0.062,0.03875
Bannatynes Cookridge Hall,180.0,0.0,10.165,2025-11-19 13:00:30+00:00,0.04225,0.0225,0.0605,0.04225
Bannatynes Cookridge Hall,180.0,0.0,10.165,2025-11-19 13:15:30+00:00,0.0435,0.0275,0.056,0.0435
Bannatynes Cookridge Hall,180.0,0.0,10.165,2025-11-19 13:30:30+00:00,0.0395,0.02675,0.05075,0.0395
Bannatynes Cookridge Hall,180.0,0.0,10.165,2025-11-19 13:45:30+00:00,0.03325,0.02475,0.04575,0.03325
Bannatynes Cookridge Hall,180.0,0.0,10.165,2025-11-19 14:00:30+00:00,0.033,0.02125,0.04125,0.033
Bannatynes Cookridge Hall,180.0,0.0,10.165,2025-11-19 14:15:30+00:00,0.0275,0.01825,0.03625,0.0275
Bannatynes Cookridge Hall,180.0,0.0,10.165,2025-11-19 14:30:30+00:00,0.02125,0.014,0.03,0.02125
Bannatynes Cookridge Hall,180.0,0.0,10.165,2025-11-19 14:45:30+00:00,0.01725,0.0105,0.02425,0.01725
Bannatynes Cookridge Hall,180.0,0.0,10.165,2025-11-19 15:00:30+00:00,0.0135,0.00775,0.0185,0.0135
Bannatynes Cookridge Hall,180.0,0.0,10.165,2025-11-19 15:15:30+00:00,0.00875,0.005,0.012,0.00875
Bannatynes Cookridge Hall,180.0,0.0,10.165,2025-11-19 15:30:30+00:00,0.0035,0.0025,0.0055,0.0035
Bannatynes Cookridge Hall,180.0,0.0,10.165,2025-11-19 15:45:30+00:00,0.0015,0.001,0.00225,0.0015
Bannatynes Cookridge Hall,180.0,0.0,10.165,2025-11-19 16:00:30+00:00,0.0,0.0,0.0,0.0
Bannatynes Cookridge Hall,180.0,0.0,10.165,2025-11-19 16:15:30+00:00,0.0,0.0,0.0,0.0
Bannatynes Cookridge Hall,180.0,0.0,10.165,2025-11-19 16:30:30+00:00,0.0,0.0,0.0,0.0
Bannatynes Cookridge Hall,180.0,0.0,10.165,2025-11-19 16:45:30+00:00,0.0,0.0,0.0,0.0
Bannatynes Cookridge Hall,180.0,0.0,10.165,2025-11-19 17:00:30+00:00,0.0,0.0,0.0,0.0
Bannatynes Cookridge Hall,180.0,0.0,10.165,2025-11-19 17:15:30+00:00,0.0,0.0,0.0,0.0
Bannatynes Cookridge Hall,180.0,0.0,10.165,2025-11-19 17:30:30+00:00,0.0,0.0,0.0,0.0
Bannatynes Cookridge Hall,180.0,0.0,10.165,2025-11-19 17:45:30+00:00,0.0,0.0,0.0,0.0
Bannatynes Cookridge Hall,180.0,0.0,10.165,2025-11-19 18:00:30+00:00,0.0,0.0,0.0,0.0
Bannatynes Cookridge Hall,180.0,0.0,10.165,2025-11-19 18:15:30+00:00,0.0,0.0,0.0,0.0
Bannatynes Cookridge Hall,180.0,0.0,10.165,2025-11-19 18:30:30+00:00,0.0,0.0,0.0,0.0
Bannatynes Cookridge Hall,180.0,0.0,10.165,2025-11-19 18:45:30+00:00,0.0,0.0,0.0,0.0
Bannatynes Cookridge Hall,180.0,0.0,10.165,2025-11-19 19:00:30+00:00,0.0,0.0,0.0,0.0
Bannatynes Cookridge Hall,180.0,0.0,10.165,2025-11-19 19:15:30+00:00,0.0,0.0,0.0,0.0
Bannatynes Cookridge Hall,180.0,0.0,10.165,2025-11-19 19:30:30+00:00,0.0,0.0,0.0,0.0
Bannatynes Cookridge Hall,180.0,0.0,10.165,2025-11-19 19:45:30+00:00,0.0,0.0,0.0,0.0
Bannatynes Cookridge Hall,180.0,0.0,10.165,2025-11-19 20:00:30+00:00,0.0,0.0,0.0,0.0
Bannatynes Cookridge Hall,180.0,0.0,10.165,2025-11-19 20:15:30+00:00,0.0,0.0,0.0,0.0
Bannatynes Cookridge Hall,180.0,0.0,10.165,2025-11-19 20:30:30+00:00,0.0,0.0,0.0,0.0
Bannatynes Cookridge Hall,180.0,0.0,10.165,2025-11-19 20:45:30+00:00,0.0,0.0,0.0,0.0
Bannatynes Cookridge Hall,180.0,0.0,10.165,2025-11-19 21:00:30+00:00,0.0,0.0,0.0,0.0
Bannatynes Cookridge Hall,180.0,0.0,10.165,2025-11-19 21:15:30+00:00,0.0,0.0,0.0,0.0
Bannatynes Cookridge Hall,180.0,0.0,10.165,2025-11-19 21:30:30+00:00,0.0,0.0,0.0,0.0
Bannatynes Cookridge Hall,180.0,0.0,10.165,2025-11-19 21:45:30+00:00,0.0,0.0,0.0,0.0
Bannatynes Cookridge Hall,180.0,0.0,10.165,2025-11-19 22:00:30+00:00,0.0,0.0,0.0,0.0
Bannatynes Cookridge Hall,180.0,0.0,10.165,2025-11-19 22:15:30+00:00,0.0,0.0,0.0,0.0
Bannatynes Cookridge Hall,180.0,0.0,10.165,2025-11-19 22:30:30+00:00,0.0,0.0,0.0,0.0
Bannatynes Cookridge Hall,180.0,0.0,10.165,2025-11-19 22:45:30+00:00,0.0,0.0,0.0,0.0
Bannatynes Cookridge Hall,180.0,0.0,10.165,2025-11-19 23:00:30+00:00,0.0,0.0,0.0,0.0
Bannatynes Cookridge Hall,180.0,0.0,10.165,2025-11-19 23:15:30+00:00,0.0,0.0,0.0,0.0
Bannatynes Cookridge Hall,180.0,0.0,10.165,2025-11-19 23:30:30+00:00,0.0,0.0,0.0,0.0
Bannatynes Cookridge Hall,180.0,0.0,10.165,2025-11-19 23:45:30+00:00,0.0,0.0,0.0,0.0
Bannatynes Cookridge Hall,180.0,0.0,10.165,2025-11-20 00:00:30+00:00,0.0,0.0,0.0,0.0
Bannatynes Cookridge Hall,180.0,0.0,10.165,2025-11-20 00:15:30+00:00,0.0,0.0,0.0,0.0
Bannatynes Cookridge Hall,180.0,0.0,10.165,2025-11-20 00:30:30+00:00,0.0,0.0,0.0,0.0
Bannatynes Cookridge Hall,180.0,0.0,10.165,2025-11-20 00:45:30+00:00,0.0,0.0,0.0,0.0
Bannatynes Cookridge Hall,180.0,0.0,10.165,2025-11-20 01:00:30+00:00,0.0,0.0,0.0,0.0
Bannatynes Cookridge Hall,180.0,0.0,10.165,2025-11-20 01:15:30+00:00,0.0,0.0,0.0,0.0
Bannatynes Cookridge Hall,180.0,0.0,10.165,2025-11-20 01:30:30+00:00,0.0,0.0,0.0,0.0
Bannatynes Cookridge Hall,180.0,0.0,10.165,2025-11-20 01:45:30+00:00,0.0,0.0,0.0,0.0
Bannatynes Cookridge Hall,180.0,0.0,10.165,2025-11-20 02:00:30+00:00,0.0,0.0,0.0,0.0
Bannatynes Cookridge Hall,180.0,0.0,10.165,2025-11-20 02:15:30+00:00,0.0,0.0,0.0,0.0
Bannatynes Cookridge Hall,180.0,0.0,10.165,2025-11-20 02:30:30+00:00,0.0,0.0,0.0,0.0
Bannatynes Cookridge Hall,180.0,0.0,10.165,2025-11-20 02:45:30+00:00,0.0,0.0,0.0,0.0
Bannatynes Cookridge Hall,180.0,0.0,10.165,2025-11-20 03:00:30+00:00,0.0,0.0,0.0,0.0
Bannatynes Cookridge Hall,180.0,0.0,10.165,2025-11-20 03:15:30+00:00,0.0,0.0,0.0,0.0
Bannatynes Cookridge Hall,180.0,0.0,10.165,2025-11-20 03:30:30+00:00,0.0,0.0,0.0,0.0
Bannatynes Cookridge Hall,180.0,0.0,10.165,2025-11-20 03:45:30+00:00,0.0,0.0,0.0,0.0
Bannatynes Cookridge Hall,180.0,0.0,10.165,2025-11-20 04:00:30+00:00,0.0,0.0,0.0,0.0
Bannatynes Cookridge Hall,180.0,0.0,10.165,2025-11-20 04:15:30+00:00,0.0,0.0,0.0,0.0
Bannatynes Cookridge Hall,180.0,0.0,10.165,2025-11-20 04:30:30+00:00,0.0,0.0,0.0,0.0
Bannatynes Cookridge Hall,180.0,0.0,10.165,2025-11-20 04:45:30+00:00,0.0,0.0,0.0,0.0
Bannatynes Cookridge Hall,180.0,0.0,10.165,2025-11-20 05:00:30+00:00,0.0,0.0,0.0,0.0
Bannatynes Cookridge Hall,180.0,0.0,10.165,2025-11-20 05:15:30+00:00,0.0,0.0,0.0,0.0
Bannatynes Cookridge Hall,180.0,0.0,10.165,2025-11-20 05:30:30+00:00,0.0,0.0,0.0,0.0
Bannatynes Cookridge Hall,180.0,0.0,10.165,2025-11-20 05:45:30+00:00,0.0,0.0,0.0,0.0
Bannatynes Cookridge Hall,180.0,0.0,10.165,2025-11-20 06:00:30+00:00,0.0,0.0,0.0,0.0
Bannatynes Cookridge Hall,180.0,0.0,10.165,2025-11-20 06:15:30+00:00,0.0,0.0,0.0,0.0
Bannatynes Cookridge Hall,180.0,0.0,10.165,2025-11-20 06:30:30+00:00,0.0,0.0,0.0,0.0
Bannatynes Cookridge Hall,180.0,0.0,10.165,2025-11-20 06:45:30+00:00,0.0,0.0,0.0,0.0
Bannatynes Cookridge Hall,180.0,0.0,10.165,2025-11-20 07:00:30+00:00,0.0,0.0,0.0,0.0
Bannatynes Cookridge Hall,180.0,0.0,10.165,2025-11-20 07:15:30+00:00,0.0,0.0,0.0,0.0
Bannatynes Cookridge Hall,180.0,0.0,10.165,2025-11-20 07:30:30+00:00,0.0,0.0,0.0,0.0
Bannatynes Cookridge Hall,180.0,0.0,10.165,2025-11-20 07:45:30+00:00,0.0005,0.00025,0.00075,0.0005
Bannatynes Cookridge Hall,180.0,0.0,10.165,2025-11-20 08:00:30+00:00,0.00375,0.00275,0.00475,0.00375
Bannatynes Cookridge Hall,180.0,0.0,10.165,2025-11-20 08:15:30+00:00,0.009,0.00525,0.01125,0.009
Bannatynes Cookridge Hall,180.0,0.0,10.165,2025-11-20 08:30:30+00:00,0.013,0.0085,0.018,0.013
Bannatynes Cookridge Hall,180.0,0.0,10.165,2025-11-20 08:45:30+00:00,0.019,0.012,0.02475,0.019
Bannatynes Cookridge Hall,180.0,0.0,10.165,2025-11-20 09:00:30+00:00,0.024,0.017,0.0315,0.024
Bannatynes Cookridge Hall,180.0,0.0,10.165,2025-11-20 09:15:30+00:00,0.03175,0.02125,0.038,0.03175
Bannatynes Cookridge Hall,180.0,0.0,10.165,2025-11-20 09:30:30+00:00,0.035,0.026,0.04425,0.035
Bannatynes Cookridge Hall,180.0,0.0,10.165,2025-11-20 09:45:30+00:00,0.04025,0.0305,0.04975,0.04025
Bannatynes Cookridge Hall,180.0,0.0,10.165,2025-11-20 10:00:30+00:00,0.047,0.0345,0.05475,0.047
Bannatynes Cookridge Hall,180.0,0.0,10.165,2025-11-20 10:15:30+00:00,0.04825,0.03725,0.05925,0.04825
Bannatynes Cookridge Hall,180.0,0.0,10.165,2025-11-20 10:30:30+00:00,0.0495,0.03925,0.06175,0.0495
Bannatynes Cookridge Hall,180.0,0.0,10.165,2025-11-20 10:45:30+00:00,0.0535,0.04175,0.06475,0.0535
Bannatynes Cookridge Hall,180.0,0.0,10.165,2025-11-20 11:00:30+00:00,0.0565,0.04525,0.068,0.0565
Bannatynes Cookridge Hall,180.0,0.0,10.165,2025-11-20 11:15:30+00:00,0.0595,0.048,0.0705,0.0595
Bannatynes Cookridge Hall,180.0,0.0,10.165,2025-11-20 11:30:30+00:00,0.0615,0.05025,0.07175,0.0615
Bannatynes Cookridge Hall,180.0,0.0,10.165,2025-11-20 11:45:30+00:00,0.062,0.05125,0.072,0.062
Bannatynes Cookridge Hall,180.0,0.0,10.165,2025-11-20 12:00:30+00:00,0.0615,0.05075,0.07125,0.0615
Bannatynes Cookridge Hall,180.0,0.0,10.165,2025-11-20 12:15:30+00:00,0.05925,0.04925,0.07,0.05925
Bannatynes Cookridge Hall,180.0,0.0,10.165,2025-11-20 12:30:30+00:00,0.05825,0.048,0.06875,0.05825
Bannatynes Cookridge Hall,180.0,0.0,10.165,2025-11-20 12:45:30+00:00,0.05725,0.0465,0.06625,0.05725
Bannatynes Cookridge Hall,180.0,0.0,10.165,2025-11-20 13:00:30+00:00,0.05525,0.0445,0.06325,0.05525
Bannatynes Cookridge Hall,180.0,0.0,10.165,2025-11-20 13:15:30+00:00,0.0515,0.0415,0.05925,0.0515
Bannatynes Cookridge Hall,180.0,0.0,10.165,2025-11-20 13:30:30+00:00,0.0475,0.0375,0.05475,0.0475
Bannatynes Cookridge Hall,180.0,0.0,10.165,2025-11-20 13:45:30+00:00,0.04275,0.033,0.04975,0.04275
Bannatynes Cookridge Hall,180.0,0.0,10.165,2025-11-20 14:00:30+00:00,0.03725,0.028,0.04425,0.03725
Bannatynes Cookridge Hall,180.0,0.0,10.165,2025-11-20 14:15:30+00:00,0.03125,0.02325,0.038,0.03125
Bannatynes Cookridge Hall,180.0,0.0,10.165,2025-11-20 14:30:30+00:00,0.026,0.01875,0.03175,0.026
Bannatynes Cookridge Hall,180.0,0.0,10.165,2025-11-20 14:45:30+00:00,0.0205,0.01375,0.025,0.0205
Bannatynes Cookridge Hall,180.0,0.0,10.165,2025-11-20 15:00:30+00:00,0.0145,0.00925,0.018,0.0145
Bannatynes Cookridge Hall,180.0,0.0,10.165,2025-11-20 15:15:30+00:00,0.00875,0.005,0.01125,0.00875
Bannatynes Cookridge Hall,180.0,0.0,10.165,2025-11-20 15:30:30+00:00,0.00325,0.0025,0.00475,0.00325
Bannatynes Cookridge Hall,180.0,0.0,10.165,2025-11-20 15:45:30+00:00,0.0015,0.00075,0.00175,0.0015
Bannatynes Cookridge Hall,180.0,0.0,10.165,2025-11-20 16:00:30+00:00,0.0,0.0,0.0,0.0
Bannatynes Cookridge Hall,180.0,0.0,10.165,2025-11-20 16:15:30+00:00,0.0,0.0,0.0,0.0
Bannatynes Cookridge Hall,180.0,0.0,10.165,2025-11-20 16:30:30+00:00,0.0,0.0,0.0,0.0
Bannatynes Cookridge Hall,180.0,0.0,10.165,2025-11-20 16:45:30+00:00,0.0,0.0,0.0,0.0
Bannatynes Cookridge Hall,180.0,0.0,10.165,2025-11-20 17:00:30+00:00,0.0,0.0,0.0,0.0
Bannatynes Cookridge Hall,180.0,0.0,10.165,2025-11-20 17:15:30+00:00,0.0,0.0,0.0,0.0
Bannatynes Cookridge Hall,180.0,0.0,10.165,2025-11-20 17:30:30+00:00,0.0,0.0,0.0,0.0
Bannatynes Cookridge Hall,180.0,0.0,10.165,2025-11-20 17:45:30+00:00,0.0,0.0,0.0,0.0
Bannatynes Cookridge Hall,180.0,0.0,10.165,2025-11-20 18:00:30+00:00,0.0,0.0,0.0,0.0
Bannatynes Cookridge Hall,180.0,0.0,10.165,2025-11-20 18:15:30+00:00,0.0,0.0,0.0,0.0
Bannatynes Cookridge Hall,180.0,0.0,10.165,2025-11-20 18:30:30+00:00,0.0,0.0,0.0,0.0
Bannatynes Cookridge Hall,180.0,0.0,10.165,2025-11-20 18:45:30+00:00,0.0,0.0,0.0,0.0
Bannatynes Cookridge Hall,180.0,0.0,10.165,2025-11-20 19:00:30+00:00,0.0,0.0,0.0,0.0
Bannatynes Cookridge Hall,180.0,0.0,10.165,2025-11-20 19:15:30+00:00,0.0,0.0,0.0,0.0
Bannatynes Cookridge Hall,180.0,0.0,10.165,2025-11-20 19:30:30+00:00,0.0,0.0,0.0,0.0
Bannatynes Cookridge Hall,180.0,0.0,10.165,2025-11-20 19:45:30+00:00,0.0,0.0,0.0,0.0
Bannatynes Cookridge Hall,180.0,0.0,10.165,2025-11-20 20:00:30+00:00,0.0,0.0,0.0,0.0
Bannatynes Cookridge Hall,180.0,0.0,10.165,2025-11-20 20:15:30+00:00,0.0,0.0,0.0,0.0
Bannatynes Cookridge Hall,180.0,0.0,10.165,2025-11-20 20:30:30+00:00,0.0,0.0,0.0,0.0
Bannatynes Cookridge Hall,180.0,0.0,10.165,2025-11-20 20:45:30+00:00,0.0,0.0,0.0,0.0
Bannatynes Cookridge Hall,180.0,0.0,10.165,2025-11-20 21:00:30+00:00,0.0,0.0,0.0,0.0
Bannatynes Cookridge Hall,180.0,0.0,10.165,2025-11-20 21:15:30+00:00,0.0,0.0,0.0,0.0
Bannatynes Cookridge Hall,180.0,0.0,10.165,2025-11-20 21:30:30+00:00,0.0,0.0,0.0,0.0
Bannatynes Cookridge Hall,180.0,0.0,10.165,2025-11-20 21:45:30+00:00,0.0,0.0,0.0,0.0
Bannatynes Cookridge Hall,180.0,0.0,10.165,2025-11-20 22:00:30+00:00,0.0,0.0,0.0,0.0
Bannatynes Cookridge Hall,180.0,0.0,10.165,2025-11-20 22:15:30+00:00,0.0,0.0,0.0,0.0
Bannatynes Cookridge Hall,180.0,0.0,10.165,2025-11-20 22:30:30+00:00,0.0,0.0,0.0,0.0
Bannatynes Cookridge Hall,180.0,0.0,10.165,2025-11-20 22:45:30+00:00,0.0,0.0,0.0,0.0
Bannatynes Cookridge Hall,180.0,0.0,10.165,2025-11-20 23:00:30+00:00,0.0,0.0,0.0,0.0
Bannatynes Cookridge Hall,180.0,0.0,10.165,2025-11-20 23:15:30+00:00,0.0,0.0,0.0,0.0
Bannatynes Cookridge Hall,180.0,0.0,10.165,2025-11-20 23:30:30+00:00,0.0,0.0,0.0,0.0
Bannatynes Cookridge Hall,180.0,0.0,10.165,2025-11-20 23:45:30+00:00,0.0,0.0,0.0,0.0
Bannatynes Cookridge Hall,180.0,0.0,10.165,2025-11-21 00:00:30+00:00,0.0,0.0,0.0,0.0
Bannatynes Cookridge Hall,180.0,0.0,10.165,2025-11-21 00:15:30+00:00,0.0,0.0,0.0,0.0
Bannatynes Cookridge Hall,180.0,0.0,10.165,2025-11-21 00:30:30+00:00,0.0,0.0,0.0,0.0
Bannatynes Cookridge Hall,180.0,0.0,10.165,2025-11-21 00:45:30+00:00,0.0,0.0,0.0,0.0
Bannatynes Cookridge Hall,180.0,0.0,10.165,2025-11-21 01:00:30+00:00,0.0,0.0,0.0,0.0
Bannatynes Cookridge Hall,180.0,0.0,10.165,2025-11-21 01:15:30+00:00,0.0,0.0,0.0,0.0
Bannatynes Cookridge Hall,180.0,0.0,10.165,2025-11-21 01:30:30+00:00,0.0,0.0,0.0,0.0
Bannatynes Cookridge Hall,180.0,0.0,10.165,2025-11-21 01:45:30+00:00,0.0,0.0,0.0,0.0
Bannatynes Cookridge Hall,180.0,0.0,10.165,2025-11-21 02:00:30+00:00,0.0,0.0,0.0,0.0
Bannatynes Cookridge Hall,180.0,0.0,10.165,2025-11-21 02:15:30+00:00,0.0,0.0,0.0,0.0
Bannatynes Cookridge Hall,180.0,0.0,10.165,2025-11-21 02:30:30+00:00,0.0,0.0,0.0,0.0
Bannatynes Cookridge Hall,180.0,0.0,10.165,2025-11-21 02:45:30+00:00,0.0,0.0,0.0,0.0
Bannatynes Cookridge Hall,180.0,0.0,10.165,2025-11-21 03:00:30+00:00,0.0,0.0,0.0,0.0
Bannatynes Cookridge Hall,180.0,0.0,10.165,2025-11-21 03:15:30+00:00,0.0,0.0,0.0,0.0
Bannatynes Cookridge Hall,180.0,0.0,10.165,2025-11-21 03:30:30+00:00,0.0,0.0,0.0,0.0
Bannatynes Cookridge Hall,180.0,0.0,10.165,2025-11-21 03:45:30+00:00,0.0,0.0,0.0,0.0
Bannatynes Cookridge Hall,180.0,0.0,10.165,2025-11-21 04:00:30+00:00,0.0,0.0,0.0,0.0
Bannatynes Cookridge Hall,180.0,0.0,10.165,2025-11-21 04:15:30+00:00,0.0,0.0,0.0,0.0
Bannatynes Cookridge Hall,180.0,0.0,10.165,2025-11-21 04:30:30+00:00,0.0,0.0,0.0,0.0
Bannatynes Cookridge Hall,180.0,0.0,10.165,2025-11-21 04:45:30+00:00,0.0,0.0,0.0,0.0
Bannatynes Cookridge Hall,180.0,0.0,10.165,2025-11-21 05:00:30+00:00,0.0,0.0,0.0,0.0
Bannatynes Cookridge Hall,180.0,0.0,10.165,2025-11-21 05:15:30+00:00,0.0,0.0,0.0,0.0
Bannatynes Cookridge Hall,180.0,0.0,10.165,2025-11-21 05:30:30+00:00,0.0,0.0,0.0,0.0
Bannatynes Cookridge Hall,180.0,0.0,10.165,2025-11-21 05:45:30+00:00,0.0,0.0,0.0,0.0
Bannatynes Cookridge Hall,180.0,0.0,10.165,2025-11-21 06:00:30+00:00,0.0,0.0,0.0,0.0
Bannatynes Cookridge Hall,180.0,0.0,10.165,2025-11-21 06:15:30+00:00,0.0,0.0,0.0,0.0
Bannatynes Cookridge Hall,180.0,0.0,10.165,2025-11-21 06:30:30+00:00,0.0,0.0,0.0,0.0
Bannatynes Cookridge Hall,180.0,0.0,10.165,2025-11-21 06:45:30+00:00,0.0,0.0,0.0,0.0
Bannatynes Cookridge Hall,180.0,0.0,10.165,2025-11-21 07:00:30+00:00,0.0,0.0,0.0,0.0
Bannatynes Cookridge Hall,180.0,0.0,10.165,2025-11-21 07:15:30+00:00,0.0,0.0,0.0,0.0
Bannatynes Cookridge Hall,180.0,0.0,10.165,2025-11-21 07:30:30+00:00,0.0,0.0,0.0,0.0
Bannatynes Cookridge Hall,180.0,0.0,10.165,2025-11-21 07:45:30+00:00,0.00025,0.00025,0.00025,0.00025
Bannatynes Cookridge Hall,180.0,0.0,10.165,2025-11-21 08:00:30+00:00,0.0035,0.0025,0.00425,0.0035
Bannatynes Cookridge Hall,180.0,0.0,10.165,2025-11-21 08:15:30+00:00,0.00825,0.0055,0.0105,0.00825
Bannatynes Cookridge Hall,180.0,0.0,10.165,2025-11-21 08:30:30+00:00,0.014,0.0095,0.01725,0.014
Bannatynes Cookridge Hall,180.0,0.0,10.165,2025-11-21 08:45:30+00:00,0.01975,0.01375,0.02425,0.01975
Bannatynes Cookridge Hall,180.0,0.0,10.165,2025-11-21 09:00:30+00:00,0.0255,0.01825,0.031,0.0255
Bannatynes Cookridge Hall,180.0,0.0,10.165,2025-11-21 09:15:30+00:00,0.03125,0.023,0.0375,0.03125
Bannatynes Cookridge Hall,180.0,0.0,10.165,2025-11-21 09:30:30+00:00,0.0365,0.0275,0.0435,0.0365
Bannatynes Cookridge Hall,180.0,0.0,10.165,2025-11-21 09:45:30+00:00,0.04125,0.032,0.049,0.04125
Bannatynes Cookridge Hall,180.0,0.0,10.165,2025-11-21 10:00:30+00:00,0.04575,0.036,0.05425,0.04575
Bannatynes Cookridge Hall,180.0,0.0,10.165,2025-11-21 10:15:30+00:00,0.04975,0.03975,0.05875,0.04975
Bannatynes Cookridge Hall,180.0,0.0,10.165,2025-11-21 10:30:30+00:00,0.0535,0.043,0.0625,0.0535
Bannatynes Cookridge Hall,180.0,0.0,10.165,2025-11-21 10:45:30+00:00,0.056,0.045,0.06575,0.056
Bannatynes Cookridge Hall,180.0,0.0,10.165,2025-11-21 11:00:30+00:00,0.0565,0.04675,0.06825,0.0565
Bannatynes Cookridge Hall,180.0,0.0,10.165,2025-11-21 11:15:30+00:00,0.0595,0.0485,0.07,0.0595
Bannatynes Cookridge Hall,180.0,0.0,10.165,2025-11-21 11:30:30+00:00,0.06225,0.04975,0.07125,0.06225
Bannatynes Cookridge Hall,180.0,0.0,10.165,2025-11-21 11:45:30+00:00,0.06,0.05,0.0715,0.06
Bannatynes Cookridge Hall,180.0,0.0,10.165,2025-11-21 12:00:30+00:00,0.06075,0.04875,0.07075,0.06075
Bannatynes Cookridge Hall,180.0,0.0,10.165,2025-11-21 12:15:30+00:00,0.05825,0.04825,0.07,0.05825
Bannatynes Cookridge Hall,180.0,0.0,10.165,2025-11-21 12:30:30+00:00,0.05875,0.04725,0.06825,0.05875
Bannatynes Cookridge Hall,180.0,0.0,10.165,2025-11-21 12:45:30+00:00,0.058,0.046,0.06575,0.058
Bannatynes Cookridge Hall,180.0,0.0,10.165,2025-11-21 13:00:30+00:00,0.0555,0.0435,0.06275,0.0555
Bannatynes Cookridge Hall,180.0,0.0,10.165,2025-11-21 13:15:30+00:00,0.05075,0.03875,0.05875,0.05075
Bannatynes Cookridge Hall,180.0,0.0,10.165,2025-11-21 13:30:30+00:00,0.044,0.03375,0.05425,0.044
Bannatynes Cookridge Hall,180.0,0.0,10.165,2025-11-21 13:45:30+00:00,0.04225,0.02675,0.04925,0.04225
Bannatynes Cookridge Hall,180.0,0.0,10.165,2025-11-21 14:00:30+00:00,0.03525,0.0195,0.04375,0.03525
Bannatynes Cookridge Hall,180.0,0.0,10.165,2025-11-21 14:15:30+00:00,0.02575,0.012,0.03775,0.02575
Bannatynes Cookridge Hall,180.0,0.0,10.165,2025-11-21 14:30:30+00:00,0.01725,0.00825,0.03025,0.01725
Bannatynes Cookridge Hall,180.0,0.0,10.165,2025-11-21 14:45:30+00:00,0.0145,0.0065,0.02225,0.0145
Bannatynes Cookridge Hall,180.0,0.0,10.165,2025-11-21 15:00:30+00:00,0.011,0.0055,0.016,0.011
Bannatynes Cookridge Hall,180.0,0.0,10.165,2025-11-21 15:15:30+00:00,0.0065,0.0035,0.01,0.0065
Bannatynes Cookridge Hall,180.0,0.0,10.165,2025-11-21 15:30:30+00:00,0.00275,0.00175,0.0045,0.00275
Bannatynes Cookridge Hall,180.0,0.0,10.165,2025-11-21 15:45:30+00:00,0.001,0.0005,0.00175,0.001
Bannatynes Cookridge Hall,180.0,0.0,10.165,2025-11-21 16:00:30+00:00,0.0,0.0,0.0,0.0
Bannatynes Cookridge Hall,180.0,0.0,10.165,2025-11-21 16:15:30+00:00,0.0,0.0,0.0,0.0
Bannatynes Cookridge Hall,180.0,0.0,10.165,2025-11-21 16:30:30+00:00,0.0,0.0,0.0,0.0
Bannatynes Cookridge Hall,180.0,0.0,10.165,2025-11-21 16:45:30+00:00,0.0,0.0,0.0,0.0
Bannatynes Cookridge Hall,180.0,0.0,10.165,2025-11-21 17:00:30+00:00,0.0,0.0,0.0,0.0
Bannatynes Cookridge Hall,180.0,0.0,10.165,2025-11-21 17:15:30+00:00,0.0,0.0,0.0,0.0
Bannatynes Cookridge Hall,180.0,0.0,10.165,2025-11-21 17:30:30+00:00,0.0,0.0,0.0,0.0
Bannatynes Cookridge Hall,180.0,0.0,10.165,2025-11-21 17:45:30+00:00,0.0,0.0,0.0,0.0
Bannatynes Cookridge Hall,180.0,0.0,10.165,2025-11-21 18:00:30+00:00,0.0,0.0,0.0,0.0
Bannatynes Cookridge Hall,180.0,0.0,10.165,2025-11-21 18:15:30+00:00,0.0,0.0,0.0,0.0
Bannatynes Cookridge Hall,180.0,0.0,10.165,2025-11-21 18:30:30+00:00,0.0,0.0,0.0,0.0
Bannatynes Cookridge Hall,180.0,0.0,10.165,2025-11-21 18:45:30+00:00,0.0,0.0,0.0,0.0
Bannatynes Cookridge Hall,180.0,0.0,10.165,2025-11-21 19:00:30+00:00,0.0,0.0,0.0,0.0
Bannatynes Cookridge Hall,180.0,0.0,10.165,2025-11-21 19:15:30+00:00,0.0,0.0,0.0,0.0
Bannatynes Cookridge Hall,180.0,0.0,10.165,2025-11-21 19:30:30+00:00,0.0,0.0,0.0,0.0
Bannatynes Cookridge Hall,180.0,0.0,10.165,2025-11-21 19:45:30+00:00,0.0,0.0,0.0,0.0
Bannatynes Cookridge Hall,180.0,0.0,10.165,2025-11-21 20:00:30+00:00,0.0,0.0,0.0,0.0
Bannatynes Cookridge Hall,180.0,0.0,10.165,2025-11-21 20:15:30+00:00,0.0,0.0,0.0,0.0
Bannatynes Cookridge Hall,180.0,0.0,10.165,2025-11-21 20:30:30+00:00,0.0,0.0,0.0,0.0
Bannatynes Cookridge Hall,180.0,0.0,10.165,2025-11-21 20:45:30+00:00,0.0,0.0,0.0,0.0
Bannatynes Cookridge Hall,180.0,0.0,10.165,2025-11-21 21:00:30+00:00,0.0,0.0,0.0,0.0
Bannatynes Cookridge Hall,180.0,0.0,10.165,2025-11-21 21:15:30+00:00,0.0,0.0,0.0,0.0
Bannatynes Cookridge Hall,180.0,0.0,10.165,2025-11-21 21:30:30+00:00,0.0,0.0,0.0,0.0
Bannatynes Cookridge Hall,180.0,0.0,10.165,2025-11-21 21:45:30+00:00,0.0,0.0,0.0,0.0
Bannatynes Cookridge Hall,180.0,0.0,10.165,2025-11-21 22:00:30+00:00,0.0,0.0,0.0,0.0
Bannatynes Cookridge Hall,180.0,0.0,10.165,2025-11-21 22:15:30+00:00,0.0,0.0,0.0,0.0
Bannatynes Cookridge Hall,180.0,0.0,10.165,2025-11-21 22:30:30+00:00,0.0,0.0,0.0,0.0
Bannatynes Cookridge Hall,180.0,0.0,10.165,2025-11-21 22:45:30+00:00,0.0,0.0,0.0,0.0
Bannatynes Cookridge Hall,180.0,0.0,10.165,2025-11-21 23:00:30+00:00,0.0,0.0,0.0,0.0
Bannatynes Cookridge Hall,180.0,0.0,10.165,2025-11-21 23:15:30+00:00,0.0,0.0,0.0,0.0
Bannatynes Cookridge Hall,180.0,0.0,10.165,2025-11-21 23:30:30+00:00,0.0,0.0,0.0,0.0
Bannatynes Cookridge Hall,180.0,0.0,10.165,2025-11-21 23:45:30+00:00,0.0,0.0,0.0,0.0
Bannatynes Cookridge Hall,180.0,0.0,10.165,2025-11-22 00:00:30+00:00,0.0,0.0,0.0,0.0
Bannatynes Cookridge Hall,180.0,0.0,10.165,2025-11-22 00:15:30+00:00,0.0,0.0,0.0,0.0
Bannatynes Cookridge Hall,180.0,0.0,10.165,2025-11-22 00:30:30+00:00,0.0,0.0,0.0,0.0
Bannatynes Cookridge Hall,180.0,0.0,10.165,2025-11-22 00:45:30+00:00,0.0,0.0,0.0,0.0
Bannatynes Cookridge Hall,180.0,0.0,10.165,2025-11-22 01:00:30+00:00,0.0,0.0,0.0,0.0
Bannatynes Cookridge Hall,180.0,0.0,10.165,2025-11-22 01:15:30+00:00,0.0,0.0,0.0,0.0
Bannatynes Cookridge Hall,180.0,0.0,10.165,2025-11-22 01:30:30+00:00,0.0,0.0,0.0,0.0
Bannatynes Cookridge Hall,180.0,0.0,10.165,2025-11-22 01:45:30+00:00,0.0,0.0,0.0,0.0
Bannatynes Cookridge Hall,180.0,0.0,10.165,2025-11-22 02:00:30+00:00,0.0,0.0,0.0,0.0
Bannatynes Cookridge Hall,180.0,0.0,10.165,2025-11-22 02:15:30+00:00,0.0,0.0,0.0,0.0
Bannatynes Cookridge Hall,180.0,0.0,10.165,2025-11-22 02:30:30+00:00,0.0,0.0,0.0,0.0
Bannatynes Cookridge Hall,180.0,0.0,10.165,2025-11-22 02:45:30+00:00,0.0,0.0,0.0,0.0
Bannatynes Cookridge Hall,180.0,0.0,10.165,2025-11-22 03:00:30+00:00,0.0,0.0,0.0,0.0
Bannatynes Cookridge Hall,180.0,0.0,10.165,2025-11-22 03:15:30+00:00,0.0,0.0,0.0,0.0
Bannatynes Cookridge Hall,180.0,0.0,10.165,2025-11-22 03:30:30+00:00,0.0,0.0,0.0,0.0
Bannatynes Cookridge Hall,180.0,0.0,10.165,2025-11-22 03:45:30+00:00,0.0,0.0,0.0,0.0
Bannatynes Cookridge Hall,180.0,0.0,10.165,2025-11-22 04:00:30+00:00,0.0,0.0,0.0,0.0
Bannatynes Cookridge Hall,180.0,0.0,10.165,2025-11-22 04:15:30+00:00,0.0,0.0,0.0,0.0
Bannatynes Cookridge Hall,180.0,0.0,10.165,2025-11-22 04:30:30+00:00,0.0,0.0,0.0,0.0
Bannatynes Cookridge Hall,180.0,0.0,10.165,2025-11-22 04:45:30+00:00,0.0,0.0,0.0,0.0
Bannatynes Cookridge Hall,180.0,0.0,10.165,2025-11-22 05:00:30+00:00,0.0,0.0,0.0,0.0
Bannatynes Cookridge Hall,180.0,0.0,10.165,2025-11-22 05:15:30+00:00,0.0,0.0,0.0,0.0
Bannatynes Cookridge Hall,180.0,0.0,10.165,2025-11-22 05:30:30+00:00,0.0,0.0,0.0,0.0
Bannatynes Cookridge Hall,180.0,0.0,10.165,2025-11-22 05:45:30+00:00,0.0,0.0,0.0,0.0
Bannatynes Cookridge Hall,180.0,0.0,10.165,2025-11-22 06:00:30+00:00,0.0,0.0,0.0,0.0
Bannatynes Cookridge Hall,180.0,0.0,10.165,2025-11-22 06:15:30+00:00,0.0,0.0,0.0,0.0
Bannatynes Cookridge Hall,180.0,0.0,10.165,2025-11-22 06:30:30+00:00,0.0,0.0,0.0,0.0
Bannatynes Cookridge Hall,180.0,0.0,10.165,2025-11-22 06:45:30+00:00,0.0,0.0,0.0,0.0
Bannatynes Cookridge Hall,180.0,0.0,10.165,2025-11-22 07:00:30+00:00,0.0,0.0,0.0,0.0
Bannatynes Cookridge Hall,180.0,0.0,10.165,2025-11-22 07:15:30+00:00,0.0,0.0,0.0,0.0
Bannatynes Cookridge Hall,180.0,0.0,10.165,2025-11-22 07:30:30+00:00,0.0,0.0,0.0,0.0
Bannatynes Cookridge Hall,180.0,0.0,10.165,2025-11-22 07:45:30+00:00,0.0,0.0,0.0,0.0
Bannatynes Cookridge Hall,180.0,0.0,10.165,2025-11-22 08:00:30+00:00,0.00275,0.00175,0.0035,0.00275
Bannatynes Cookridge Hall,180.0,0.0,10.165,2025-11-22 08:15:30+00:00,0.00675,0.00375,0.00925,0.00675
Bannatynes Cookridge Hall,180.0,0.0,10.165,2025-11-22 08:30:30+00:00,0.0115,0.00525,0.01575,0.0115
Bannatynes Cookridge Hall,180.0,0.0,10.165,2025-11-22 08:45:30+00:00,0.014,0.00575,0.0215,0.014
Bannatynes Cookridge Hall,180.0,0.0,10.165,2025-11-22 09:00:30+00:00,0.01525,0.0065,0.026,0.01525
Bannatynes Cookridge Hall,180.0,0.0,10.165,2025-11-22 09:15:30+00:00,0.01925,0.007,0.02975,0.01925
Bannatynes Cookridge Hall,180.0,0.0,10.165,2025-11-22 09:30:30+00:00,0.02025,0.00725,0.03175,0.02025
Bannatynes Cookridge Hall,180.0,0.0,10.165,2025-11-22 09:45:30+00:00,0.0185,0.006,0.03275,0.0185
Bannatynes Cookridge Hall,180.0,0.0,10.165,2025-11-22 10:00:30+00:00,0.01875,0.0065,0.03575,0.01875
Bannatynes Cookridge Hall,180.0,0.0,10.165,2025-11-22 10:15:30+00:00,0.026,0.0105,0.04175,0.026
Bannatynes Cookridge Hall,180.0,0.0,10.165,2025-11-22 10:30:30+00:00,0.0335,0.016,0.046,0.0335
Bannatynes Cookridge Hall,180.0,0.0,10.165,2025-11-22 10:45:30+00:00,0.03325,0.01775,0.0465,0.03325
Bannatynes Cookridge Hall,180.0,0.0,10.165,2025-11-22 11:00:30+00:00,0.02925,0.01825,0.0455,0.02925
Bannatynes Cookridge Hall,180.0,0.0,10.165,2025-11-22 11:15:30+00:00,0.033,0.0195,0.0475,0.033
Bannatynes Cookridge Hall,180.0,0.0,10.165,2025-11-22 11:30:30+00:00,0.038,0.02325,0.05025,0.038
Bannatynes Cookridge Hall,180.0,0.0,10.165,2025-11-22 11:45:30+00:00,0.03925,0.02625,0.05075,0.03925
Bannatynes Cookridge Hall,180.0,0.0,10.165,2025-11-22 12:00:30+00:00,0.038,0.02525,0.0515,0.038
Bannatynes Cookridge Hall,180.0,0.0,10.165,2025-11-22 12:15:30+00:00,0.0375,0.023,0.05325,0.0375
Bannatynes Cookridge Hall,180.0,0.0,10.165,2025-11-22 12:30:30+00:00,0.03825,0.0225,0.059,0.03825
Bannatynes Cookridge Hall,180.0,0.0,10.165,2025-11-22 12:45:30+00:00,0.046,0.0225,0.0635,0.046
Bannatynes Cookridge Hall,180.0,0.0,10.165,2025-11-22 13:00:30+00:00,0.04625,0.0175,0.0605,0.04625
Bannatynes Cookridge Hall,180.0,0.0,10.165,2025-11-22 13:15:30+00:00,0.02925,0.0075,0.0565,0.02925
Bannatynes Cookridge Hall,180.0,0.0,10.165,2025-11-22 13:30:30+00:00,0.0215,0.00425,0.044,0.0215
Bannatynes Cookridge Hall,180.0,0.0,10.165,2025-11-22 13:45:30+00:00,0.01825,0.0035,0.03475,0.01825
Bannatynes Cookridge Hall,180.0,0.0,10.165,2025-11-22 14:00:30+00:00,0.01475,0.00375,0.02875,0.01475
Bannatynes Cookridge Hall,180.0,0.0,10.165,2025-11-22 14:15:30+00:00,0.016,0.00325,0.0245,0.016
Bannatynes Cookridge Hall,180.0,0.0,10.165,2025-11-22 14:30:30+00:00,0.00775,0.00225,0.01975,0.00775
Bannatynes Cookridge Hall,180.0,0.0,10.165,2025-11-22 14:45:30+00:00,0.005,0.00175,0.0135,0.005
Bannatynes Cookridge Hall,180.0,0.0,10.165,2025-11-22 15:00:30+00:00,0.004,0.00125,0.00925,0.004
Bannatynes Cookridge Hall,180.0,0.0,10.165,2025-11-22 15:15:30+00:00,0.0025,0.00075,0.0055,0.0025
Bannatynes Cookridge Hall,180.0,0.0,10.165,2025-11-22 15:30:30+00:00,0.001,0.00025,0.00275,0.001
Bannatynes Cookridge Hall,180.0,0.0,10.165,2025-11-22 15:45:30+00:00,0.00025,0.0,0.001,0.00025
Bannatynes Cookridge Hall,180.0,0.0,10.165,2025-11-22 16:00:30+00:00,0.0,0.0,0.0,0.0
Bannatynes Cookridge Hall,180.0,0.0,10.165,2025-11-22 16:15:30+00:00,0.0,0.0,0.0,0.0
Bannatynes Cookridge Hall,180.0,0.0,10.165,2025-11-22 16:30:30+00:00,0.0,0.0,0.0,0.0
Bannatynes Cookridge Hall,180.0,0.0,10.165,2025-11-22 16:45:30+00:00,0.0,0.0,0.0,0.0
Bannatynes Cookridge Hall,180.0,0.0,10.165,2025-11-22 17:00:30+00:00,0.0,0.0,0.0,0.0
Bannatynes Cookridge Hall,180.0,0.0,10.165,2025-11-22 17:15:30+00:00,0.0,0.0,0.0,0.0
Bannatynes Cookridge Hall,180.0,0.0,10.165,2025-11-22 17:30:30+00:00,0.0,0.0,0.0,0.0
Bannatynes Cookridge Hall,180.0,0.0,10.165,2025-11-22 17:45:30+00:00,0.0,0.0,0.0,0.0
Bannatynes Cookridge Hall,180.0,0.0,10.165,2025-11-22 18:00:30+00:00,0.0,0.0,0.0,0.0
Bannatynes Cookridge Hall,180.0,0.0,10.165,2025-11-22 18:15:30+00:00,0.0,0.0,0.0,0.0
Bannatynes Cookridge Hall,180.0,0.0,10.165,2025-11-22 18:30:30+00:00,0.0,0.0,0.0,0.0
Bannatynes Cookridge Hall,180.0,0.0,10.165,2025-11-22 18:45:30+00:00,0.0,0.0,0.0,0.0
Bannatynes Cookridge Hall,180.0,0.0,10.165,2025-11-22 19:00:30+00:00,0.0,0.0,0.0,0.0
Bannatynes Cookridge Hall,180.0,0.0,10.165,2025-11-22 19:15:30+00:00,0.0,0.0,0.0,0.0
Bannatynes Cookridge Hall,180.0,0.0,10.165,2025-11-22 19:30:30+00:00,0.0,0.0,0.0,0.0
Bannatynes Cookridge Hall,180.0,0.0,10.165,2025-11-22 19:45:30+00:00,0.0,0.0,0.0,0.0
Bannatynes Cookridge Hall,180.0,0.0,10.165,2025-11-22 20:00:30+00:00,0.0,0.0,0.0,0.0
Bannatynes Cookridge Hall,180.0,0.0,10.165,2025-11-22 20:15:30+00:00,0.0,0.0,0.0,0.0
Bannatynes Cookridge Hall,180.0,0.0,10.165,2025-11-22 20:30:30+00:00,0.0,0.0,0.0,0.0
Bannatynes Cookridge Hall,180.0,0.0,10.165,2025-11-22 20:45:30+00:00,0.0,0.0,0.0,0.0
Bannatynes Cookridge Hall,180.0,0.0,10.165,2025-11-22 21:00:30+00:00,0.0,0.0,0.0,0.0
Bannatynes Cookridge Hall,180.0,0.0,10.165,2025-11-22 21:15:30+00:00,0.0,0.0,0.0,0.0
Bannatynes Cookridge Hall,180.0,0.0,10.165,2025-11-22 21:30:30+00:00,0.0,0.0,0.0,0.0
Bannatynes Cookridge Hall,180.0,0.0,10.165,2025-11-22 21:45:30+00:00,0.0,0.0,0.0,0.0
Bannatynes Cookridge Hall,180.0,0.0,10.165,2025-11-22 22:00:30+00:00,0.0,0.0,0.0,0.0
Bannatynes Cookridge Hall,180.0,0.0,10.165,2025-11-22 22:15:30+00:00,0.0,0.0,0.0,0.0
Bannatynes Cookridge Hall,180.0,0.0,10.165,2025-11-22 22:30:30+00:00,0.0,0.0,0.0,0.0
Bannatynes Cookridge Hall,180.0,0.0,10.165,2025-11-22 22:45:30+00:00,0.0,0.0,0.0,0.0
Bannatynes Cookridge Hall,180.0,0.0,10.165,2025-11-22 23:00:30+00:00,0.0,0.0,0.0,0.0
Bannatynes Cookridge Hall,180.0,0.0,10.165,2025-11-22 23:15:30+00:00,0.0,0.0,0.0,0.0
Bannatynes Cookridge Hall,180.0,0.0,10.165,2025-11-22 23:30:30+00:00,0.0,0.0,0.0,0.0
Bannatynes Cookridge Hall,180.0,0.0,10.165,2025-11-22 23:45:30+00:00,0.0,0.0,0.0,0.0
Bannatynes Cookridge Hall,180.0,0.0,10.165,2025-11-23 00:00:30+00:00,0.0,0.0,0.0,0.0
Bannatynes Cookridge Hall,180.0,0.0,10.165,2025-11-23 00:15:30+00:00,0.0,0.0,0.0,0.0
Bannatynes Cookridge Hall,180.0,0.0,10.165,2025-11-23 00:30:30+00:00,0.0,0.0,0.0,0.0
Bannatynes Cookridge Hall,180.0,0.0,10.165,2025-11-23 00:45:30+00:00,0.0,0.0,0.0,0.0
Bannatynes Cookridge Hall,180.0,0.0,10.165,2025-11-23 01:00:30+00:00,0.0,0.0,0.0,0.0
Bannatynes Cookridge Hall,180.0,0.0,10.165,2025-11-23 01:15:30+00:00,0.0,0.0,0.0,0.0
Bannatynes Cookridge Hall,180.0,0.0,10.165,2025-11-23 01:30:30+00:00,0.0,0.0,0.0,0.0
Bannatynes Cookridge Hall,180.0,0.0,10.165,2025-11-23 01:45:30+00:00,0.0,0.0,0.0,0.0
Bannatynes Cookridge Hall,180.0,0.0,10.165,2025-11-23 02:00:30+00:00,0.0,0.0,0.0,0.0
Bannatynes Cookridge Hall,180.0,0.0,10.165,2025-11-23 02:15:30+00:00,0.0,0.0,0.0,0.0
Bannatynes Cookridge Hall,180.0,0.0,10.165,2025-11-23 02:30:30+00:00,0.0,0.0,0.0,0.0
Bannatynes Cookridge Hall,180.0,0.0,10.165,2025-11-23 02:45:30+00:00,0.0,0.0,0.0,0.0
Bannatynes Cookridge Hall,180.0,0.0,10.165,2025-11-23 03:00:30+00:00,0.0,0.0,0.0,0.0
Bannatynes Cookridge Hall,180.0,0.0,10.165,2025-11-23 03:15:30+00:00,0.0,0.0,0.0,0.0
Bannatynes Cookridge Hall,180.0,0.0,10.165,2025-11-23 03:30:30+00:00,0.0,0.0,0.0,0.0
Bannatynes Cookridge Hall,180.0,0.0,10.165,2025-11-23 03:45:30+00:00,0.0,0.0,0.0,0.0
Bannatynes Cookridge Hall,180.0,0.0,10.165,2025-11-23 04:00:30+00:00,0.0,0.0,0.0,0.0
Bannatynes Cookridge Hall,180.0,0.0,10.165,2025-11-23 04:15:30+00:00,0.0,0.0,0.0,0.0
Bannatynes Cookridge Hall,180.0,0.0,10.165,2025-11-23 04:30:30+00:00,0.0,0.0,0.0,0.0
Bannatynes Cookridge Hall,180.0,0.0,10.165,2025-11-23 04:45:30+00:00,0.0,0.0,0.0,0.0
Bannatynes Cookridge Hall,180.0,0.0,10.165,2025-11-23 05:00:30+00:00,0.0,0.0,0.0,0.0
Bannatynes Cookridge Hall,180.0,0.0,10.165,2025-11-23 05:15:30+00:00,0.0,0.0,0.0,0.0
Bannatynes Cookridge Hall,180.0,0.0,10.165,2025-11-23 05:30:30+00:00,0.0,0.0,0.0,0.0
Bannatynes Cookridge Hall,180.0,0.0,10.165,2025-11-23 05:45:30+00:00,0.0,0.0,0.0,0.0
Bannatynes Cookridge Hall,180.0,0.0,10.165,2025-11-23 06:00:30+00:00,0.0,0.0,0.0,0.0
Bannatynes Cookridge Hall,180.0,0.0,10.165,2025-11-23 06:15:30+00:00,0.0,0.0,0.0,0.0
Bannatynes Cookridge Hall,180.0,0.0,10.165,2025-11-23 06:30:30+00:00,0.0,0.0,0.0,0.0
Bannatynes Cookridge Hall,180.0,0.0,10.165,2025-11-23 06:45:30+00:00,0.0,0.0,0.0,0.0
Bannatynes Cookridge Hall,180.0,0.0,10.165,2025-11-23 07:00:30+00:00,0.0,0.0,0.0,0.0
Bannatynes Cookridge Hall,180.0,0.0,10.165,2025-11-23 07:15:30+00:00,0.0,0.0,0.0,0.0
Bannatynes Cookridge Hall,180.0,0.0,10.165,2025-11-23 07:30:30+00:00,0.0,0.0,0.0,0.0
Bannatynes Cookridge Hall,180.0,0.0,10.165,2025-11-23 07:45:30+00:00,0.0005,0.0,0.001,0.0005
Bannatynes Cookridge Hall,180.0,0.0,10.165,2025-11-23 08:00:30+00:00,0.00125,0.00025,0.00325,0.00125
Bannatynes Cookridge Hall,180.0,0.0,10.165,2025-11-23 08:15:30+00:00,0.003,0.0005,0.00775,0.003
Bannatynes Cookridge Hall,180.0,0.0,10.165,2025-11-23 08:30:30+00:00,0.00625,0.00125,0.01475,0.00625
Bannatynes Cookridge Hall,180.0,0.0,10.165,2025-11-23 08:45:30+00:00,0.015,0.00425,0.0215,0.015
Bannatynes Cookridge Hall,180.0,0.0,10.165,2025-11-23 09:00:30+00:00,0.0235,0.01125,0.028,0.0235
Bannatynes Cookridge Hall,180.0,0.0,10.165,2025-11-23 09:15:30+00:00,0.0295,0.01775,0.03425,0.0295
Bannatynes Cookridge Hall,180.0,0.0,10.165,2025-11-23 09:30:30+00:00,0.03275,0.01925,0.04,0.03275
Bannatynes Cookridge Hall,180.0,0.0,10.165,2025-11-23 09:45:30+00:00,0.03625,0.0195,0.0455,0.03625
Bannatynes Cookridge Hall,180.0,0.0,10.165,2025-11-23 10:00:30+00:00,0.0445,0.01125,0.0505,0.0445
Bannatynes Cookridge Hall,180.0,0.0,10.165,2025-11-23 10:15:30+00:00,0.02475,0.01225,0.055,0.02475
Bannatynes Cookridge Hall,180.0,0.0,10.165,2025-11-23 10:30:30+00:00,0.0445,0.01175,0.05875,0.0445
Bannatynes Cookridge Hall,180.0,0.0,10.165,2025-11-23 10:45:30+00:00,0.04775,0.0095,0.062,0.04775
Bannatynes Cookridge Hall,180.0,0.0,10.165,2025-11-23 11:00:30+00:00,0.01775,0.00475,0.0535,0.01775
Bannatynes Cookridge Hall,180.0,0.0,10.165,2025-11-23 11:15:30+00:00,0.00475,0.003,0.019,0.00475
Bannatynes Cookridge Hall,180.0,0.0,10.165,2025-11-23 11:30:30+00:00,0.00875,0.005,0.035,0.00875
Bannatynes Cookridge Hall,180.0,0.0,10.165,2025-11-23 11:45:30+00:00,0.0085,0.005,0.0345,0.0085
Bannatynes Cookridge Hall,180.0,0.0,10.165,2025-11-23 12:00:30+00:00,0.03725,0.0075,0.0585,0.03725
Bannatynes Cookridge Hall,180.0,0.0,10.165,2025-11-23 12:15:30+00:00,0.036,0.00725,0.059,0.036
Bannatynes Cookridge Hall,180.0,0.0,10.165,2025-11-23 12:30:30+00:00,0.0175,0.00475,0.05825,0.0175
Bannatynes Cookridge Hall,180.0,0.0,10.165,2025-11-23 12:45:30+00:00,0.03675,0.00725,0.0535,0.03675
Bannatynes Cookridge Hall,180.0,0.0,10.165,2025-11-23 13:00:30+00:00,0.025,0.005,0.0505,0.025
Bannatynes Cookridge Hall,180.0,0.0,10.165,2025-11-23 13:15:30+00:00,0.00675,0.004,0.02725,0.00675
Bannatynes Cookridge Hall,180.0,0.0,10.165,2025-11-23 13:30:30+00:00,0.0295,0.00575,0.05,0.0295
Bannatynes Cookridge Hall,180.0,0.0,10.165,2025-11-23 13:45:30+00:00,0.041,0.00825,0.04625,0.041
Bannatynes Cookridge Hall,180.0,0.0,10.165,2025-11-23 14:00:30+00:00,0.014,0.003,0.04075,0.014
Bannatynes Cookridge Hall,180.0,0.0,10.165,2025-11-23 14:15:30+00:00,0.0085,0.0025,0.02825,0.0085
Bannatynes Cookridge Hall,180.0,0.0,10.165,2025-11-23 14:30:30+00:00,0.011,0.00225,0.0255,0.011
Bannatynes Cookridge Hall,180.0,0.0,10.165,2025-11-23 14:45:30+00:00,0.014,0.00275,0.02225,0.014
Bannatynes Cookridge Hall,180.0,0.0,10.165,2025-11-23 15:00:30+00:00,0.01225,0.00375,0.0155,0.01225
Bannatynes Cookridge Hall,180.0,0.0,10.165,2025-11-23 15:15:30+00:00,0.007,0.00325,0.009,0.007
Bannatynes Cookridge Hall,180.0,0.0,10.165,2025-11-23 15:30:30+00:00,0.00225,0.00175,0.00325,0.00225
Bannatynes Cookridge Hall,180.0,0.0,10.165,2025-11-23 15:45:30+00:00,0.0005,0.00025,0.0005,0.0005
Bannatynes Cookridge Hall,180.0,0.0,10.165,2025-11-23 16:00:30+00:00,0.0,0.0,0.0,0.0
Bannatynes Cookridge Hall,180.0,0.0,10.165,2025-11-23 16:15:30+00:00,0.0,0.0,0.0,0.0
Bannatynes Cookridge Hall,180.0,0.0,10.165,2025-11-23 16:30:30+00:00,0.0,0.0,0.0,0.0
Bannatynes Cookridge Hall,180.0,0.0,10.165,2025-11-23 16:45:30+00:00,0.0,0.0,0.0,0.0
Bannatynes Cookridge Hall,180.0,0.0,10.165,2025-11-23 17:00:30+00:00,0.0,0.0,0.0,0.0
Bannatynes Cookridge Hall,180.0,0.0,10.165,2025-11-23 17:15:30+00:00,0.0,0.0,0.0,0.0
Bannatynes Cookridge Hall,180.0,0.0,10.165,2025-11-23 17:30:30+00:00,0.0,0.0,0.0,0.0
Bannatynes Cookridge Hall,180.0,0.0,10.165,2025-11-23 17:45:30+00:00,0.0,0.0,0.0,0.0
Bannatynes Cookridge Hall,180.0,0.0,10.165,2025-11-23 18:00:30+00:00,0.0,0.0,0.0,0.0
Bannatynes Cookridge Hall,180.0,0.0,10.165,2025-11-23 18:15:30+00:00,0.0,0.0,0.0,0.0
Bannatynes Cookridge Hall,180.0,0.0,10.165,2025-11-23 18:30:30+00:00,0.0,0.0,0.0,0.0
Bannatynes Cookridge Hall,180.0,0.0,10.165,2025-11-23 18:45:30+00:00,0.0,0.0,0.0,0.0
Bannatynes Cookridge Hall,180.0,0.0,10.165,2025-11-23 19:00:30+00:00,0.0,0.0,0.0,0.0
Bannatynes Cookridge Hall,180.0,0.0,10.165,2025-11-23 19:15:30+00:00,0.0,0.0,0.0,0.0
Bannatynes Cookridge Hall,180.0,0.0,10.165,2025-11-23 19:30:30+00:00,0.0,0.0,0.0,0.0
Bannatynes Cookridge Hall,180.0,0.0,10.165,2025-11-23 19:45:30+00:00,0.0,0.0,0.0,0.0
Bannatynes Cookridge Hall,180.0,0.0,10.165,2025-11-23 20:00:30+00:00,0.0,0.0,0.0,0.0
Bannatynes Cookridge Hall,180.0,0.0,10.165,2025-11-23 20:15:30+00:00,0.0,0.0,0.0,0.0
Bannatynes Cookridge Hall,180.0,0.0,10.165,2025-11-23 20:30:30+00:00,0.0,0.0,0.0,0.0
Bannatynes Cookridge Hall,180.0,0.0,10.165,2025-11-23 20:45:30+00:00,0.0,0.0,0.0,0.0
Bannatynes Cookridge Hall,180.0,0.0,10.165,2025-11-23 21:00:30+00:00,0.0,0.0,0.0,0.0
Bannatynes Cookridge Hall,180.0,0.0,10.165,2025-11-23 21:15:30+00:00,0.0,0.0,0.0,0.0
Bannatynes Cookridge Hall,180.0,0.0,10.165,2025-11-23 21:30:30+00:00,0.0,0.0,0.0,0.0
Bannatynes Cookridge Hall,180.0,0.0,10.165,2025-11-23 21:45:30+00:00,0.0,0.0,0.0,0.0
Bannatynes Cookridge Hall,180.0,0.0,10.165,2025-11-23 22:00:30+00:00,0.0,0.0,0.0,0.0
Bannatynes Cookridge Hall,180.0,0.0,10.165,2025-11-23 22:15:30+00:00,0.0,0.0,0.0,0.0
Bannatynes Cookridge Hall,180.0,0.0,10.165,2025-11-23 22:30:30+00:00,0.0,0.0,0.0,0.0
Bannatynes Cookridge Hall,180.0,0.0,10.165,2025-11-23 22:45:30+00:00,0.0,0.0,0.0,0.0
Bannatynes Cookridge Hall,180.0,0.0,10.165,2025-11-23 23:00:30+00:00,0.0,0.0,0.0,0.0
Bannatynes Cookridge Hall,180.0,0.0,10.165,2025-11-23 23:15:30+00:00,0.0,0.0,0.0,0.0
Bannatynes Cookridge Hall,180.0,0.0,10.165,2025-11-23 23:30:30+00:00,0.0,0.0,0.0,0.0
Bannatynes Cookridge Hall,180.0,0.0,10.165,2025-11-23 23:45:30+00:00,0.0,0.0,0.0,0.0
Bannatynes Cookridge Hall,180.0,0.0,10.165,2025-11-24 00:00:30+00:00,0.0,0.0,0.0,0.0
Bannatynes Cookridge Hall,180.0,0.0,10.165,2025-11-24 00:15:30+00:00,0.0,0.0,0.0,0.0
Bannatynes Cookridge Hall,180.0,0.0,10.165,2025-11-24 00:30:30+00:00,0.0,0.0,0.0,0.0
Bannatynes Cookridge Hall,180.0,0.0,10.165,2025-11-24 00:45:30+00:00,0.0,0.0,0.0,0.0
Bannatynes Cookridge Hall,180.0,0.0,10.165,2025-11-24 01:00:30+00:00,0.0,0.0,0.0,0.0
Bannatynes Cookridge Hall,180.0,0.0,10.165,2025-11-24 01:15:30+00:00,0.0,0.0,0.0,0.0
Bannatynes Cookridge Hall,180.0,0.0,10.165,2025-11-24 01:30:30+00:00,0.0,0.0,0.0,0.0
Bannatynes Cookridge Hall,180.0,0.0,10.165,2025-11-24 01:45:30+00:00,0.0,0.0,0.0,0.0
Bannatynes Cookridge Hall,180.0,0.0,10.165,2025-11-24 02:00:30+00:00,0.0,0.0,0.0,0.0
Bannatynes Cookridge Hall,180.0,0.0,10.165,2025-11-24 02:15:30+00:00,0.0,0.0,0.0,0.0
Bannatynes Cookridge Hall,180.0,0.0,10.165,2025-11-24 02:30:30+00:00,0.0,0.0,0.0,0.0
Bannatynes Cookridge Hall,180.0,0.0,10.165,2025-11-24 02:45:30+00:00,0.0,0.0,0.0,0.0
Bannatynes Cookridge Hall,180.0,0.0,10.165,2025-11-24 03:00:30+00:00,0.0,0.0,0.0,0.0
Bannatynes Cookridge Hall,180.0,0.0,10.165,2025-11-24 03:15:30+00:00,0.0,0.0,0.0,0.0
Bannatynes Cookridge Hall,180.0,0.0,10.165,2025-11-24 03:30:30+00:00,0.0,0.0,0.0,0.0
Bannatynes Cookridge Hall,180.0,0.0,10.165,2025-11-24 03:45:30+00:00,0.0,0.0,0.0,0.0
Bannatynes Cookridge Hall,180.0,0.0,10.165,2025-11-24 04:00:30+00:00,0.0,0.0,0.0,0.0
Bannatynes Cookridge Hall,180.0,0.0,10.165,2025-11-24 04:15:30+00:00,0.0,0.0,0.0,0.0
Bannatynes Cookridge Hall,180.0,0.0,10.165,2025-11-24 04:30:30+00:00,0.0,0.0,0.0,0.0
Bannatynes Cookridge Hall,180.0,0.0,10.165,2025-11-24 04:45:30+00:00,0.0,0.0,0.0,0.0
Bannatynes Cookridge Hall,180.0,0.0,10.165,2025-11-24 05:00:30+00:00,0.0,0.0,0.0,0.0
Bannatynes Cookridge Hall,180.0,0.0,10.165,2025-11-24 05:15:30+00:00,0.0,0.0,0.0,0.0
Bannatynes Cookridge Hall,180.0,0.0,10.165,2025-11-24 05:30:30+00:00,0.0,0.0,0.0,0.0
Bannatynes Cookridge Hall,180.0,0.0,10.165,2025-11-24 05:45:30+00:00,0.0,0.0,0.0,0.0
Bannatynes Cookridge Hall,180.0,0.0,10.165,2025-11-24 06:00:30+00:00,0.0,0.0,0.0,0.0
Bannatynes Cookridge Hall,180.0,0.0,10.165,2025-11-24 06:15:30+00:00,0.0,0.0,0.0,0.0
Bannatynes Cookridge Hall,180.0,0.0,10.165,2025-11-24 06:30:30+00:00,0.0,0.0,0.0,0.0
Bannatynes Cookridge Hall,180.0,0.0,10.165,2025-11-24 06:45:30+00:00,0.0,0.0,0.0,0.0
Bannatynes Cookridge Hall,180.0,0.0,10.165,2025-11-24 07:00:30+00:00,0.0,0.0,0.0,0.0
Bannatynes Cookridge Hall,180.0,0.0,10.165,2025-11-24 07:15:30+00:00,0.0,0.0,0.0,0.0
Bannatynes Cookridge Hall,180.0,0.0,10.165,2025-11-24 07:30:30+00:00,0.0,0.0,0.0,0.0
Bannatynes Cookridge Hall,180.0,0.0,10.165,2025-11-24 07:45:30+00:00,0.00075,0.0005,0.001,0.00075
Bannatynes Cookridge Hall,180.0,0.0,10.165,2025-11-24 08:00:30+00:00,0.002,0.00125,0.00275,0.002
Bannatynes Cookridge Hall,180.0,0.0,10.165,2025-11-24 08:15:30+00:00,0.0055,0.00275,0.00775,0.0055
Bannatynes Cookridge Hall,180.0,0.0,10.165,2025-11-24 08:30:30+00:00,0.01075,0.00325,0.01425,0.01075
Bannatynes Cookridge Hall,180.0,0.0,10.165,2025-11-24 08:45:30+00:00,0.0105,0.003,0.02075,0.0105
Bannatynes Cookridge Hall,180.0,0.0,10.165,2025-11-24 09:00:30+00:00,0.0145,0.00425,0.02725,0.0145
Bannatynes Cookridge Hall,180.0,0.0,10.165,2025-11-24 09:15:30+00:00,0.02475,0.005,0.0335,0.02475
Bannatynes Cookridge Hall,180.0,0.0,10.165,2025-11-24 09:30:30+00:00,0.01375,0.0045,0.0395,0.01375
Bannatynes Cookridge Hall,180.0,0.0,10.165,2025-11-24 09:45:30+00:00,0.029,0.00575,0.0435,0.029
Bannatynes Cookridge Hall,180.0,0.0,10.165,2025-11-24 10:00:30+00:00,0.03025,0.009,0.05,0.03025
Bannatynes Cookridge Hall,180.0,0.0,10.165,2025-11-24 10:15:30+00:00,0.03225,0.0065,0.05225,0.03225
Bannatynes Cookridge Hall,180.0,0.0,10.165,2025-11-24 10:30:30+00:00,0.0225,0.0045,0.04975,0.0225
Bannatynes Cookridge Hall,180.0,0.0,10.165,2025-11-24 10:45:30+00:00,0.013,0.0045,0.04075,0.013
Bannatynes Cookridge Hall,180.0,0.0,10.165,2025-11-24 11:00:30+00:00,0.0125,0.00475,0.0385,0.0125
Bannatynes Cookridge Hall,180.0,0.0,10.165,2025-11-24 11:15:30+00:00,0.0235,0.00475,0.0405,0.0235
Bannatynes Cookridge Hall,180.0,0.0,10.165,2025-11-24 11:30:30+00:00,0.0275,0.0095,0.04375,0.0275
Bannatynes Cookridge Hall,180.0,0.0,10.165,2025-11-24 11:45:30+00:00,0.0285,0.01225,0.04225,0.0285
Bannatynes Cookridge Hall,180.0,0.0,10.165,2025-11-24 12:00:30+00:00,0.02575,0.01125,0.0405,0.02575
Bannatynes Cookridge Hall,180.0,0.0,10.165,2025-11-24 12:15:30+00:00,0.02325,0.00575,0.0465,0.02325
Bannatynes Cookridge Hall,180.0,0.0,10.165,2025-11-24 12:30:30+00:00,0.029,0.00575,0.0545,0.029
Bannatynes Cookridge Hall,180.0,0.0,10.165,2025-11-24 12:45:30+00:00,0.0345,0.008,0.062,0.0345
Bannatynes Cookridge Hall,180.0,0.0,10.165,2025-11-24 13:00:30+00:00,0.0445,0.01475,0.05875,0.0445
Bannatynes Cookridge Hall,180.0,0.0,10.165,2025-11-24 13:15:30+00:00,0.046,0.01875,0.05525,0.046
Bannatynes Cookridge Hall,180.0,0.0,10.165,2025-11-24 13:30:30+00:00,0.04125,0.00975,0.05075,0.04125
Bannatynes Cookridge Hall,180.0,0.0,10.165,2025-11-24 13:45:30+00:00,0.01375,0.00325,0.04575,0.01375
Bannatynes Cookridge Hall,180.0,0.0,10.165,2025-11-24 14:00:30+00:00,0.016,0.00325,0.03325,0.016
Bannatynes Cookridge Hall,180.0,0.0,10.165,2025-11-24 14:15:30+00:00,0.01625,0.00325,0.0295,0.01625
Bannatynes Cookridge Hall,180.0,0.0,10.165,2025-11-24 14:30:30+00:00,0.01225,0.0025,0.02475,0.01225
Bannatynes Cookridge Hall,180.0,0.0,10.165,2025-11-24 14:45:30+00:00,0.0115,0.00225,0.0215,0.0115
Bannatynes Cookridge Hall,180.0,0.0,10.165,2025-11-24 15:00:30+00:00,0.01125,0.003,0.01525,0.01125
Bannatynes Cookridge Hall,180.0,0.0,10.165,2025-11-24 15:15:30+00:00,0.00675,0.00275,0.00875,0.00675
Bannatynes Cookridge Hall,180.0,0.0,10.165,2025-11-24 15:30:30+00:00,0.00225,0.0015,0.003,0.00225
Bannatynes Cookridge Hall,180.0,0.0,10.165,2025-11-24 15:45:30+00:00,0.00025,0.00025,0.0005,0.00025
Bannatynes Cookridge Hall,180.0,0.0,10.165,2025-11-24 16:00:30+00:00,0.0,0.0,0.0,0.0
Bannatynes Cookridge Hall,180.0,0.0,10.165,2025-11-24 16:15:30+00:00,0.0,0.0,0.0,0.0
Bannatynes Cookridge Hall,180.0,0.0,10.165,2025-11-24 16:30:30+00:00,0.0,0.0,0.0,0.0
Bannatynes Cookridge Hall,180.0,0.0,10.165,2025-11-24 16:45:30+00:00,0.0,0.0,0.0,0.0
Bannatynes Cookridge Hall,180.0,0.0,10.165,2025-11-24 17:00:30+00:00,0.0,0.0,0.0,0.0
Bannatynes Cookridge Hall,180.0,0.0,10.165,2025-11-24 17:15:30+00:00,0.0,0.0,0.0,0.0
Bannatynes Cookridge Hall,180.0,0.0,10.165,2025-11-24 17:30:30+00:00,0.0,0.0,0.0,0.0
Bannatynes Cookridge Hall,180.0,0.0,10.165,2025-11-24 17:45:30+00:00,0.0,0.0,0.0,0.0
Bannatynes Cookridge Hall,180.0,0.0,10.165,2025-11-24 18:00:30+00:00,0.0,0.0,0.0,0.0
Bannatynes Cookridge Hall,180.0,0.0,10.165,2025-11-24 18:15:30+00:00,0.0,0.0,0.0,0.0
Bannatynes Cookridge Hall,180.0,0.0,10.165,2025-11-24 18:30:30+00:00,0.0,0.0,0.0,0.0
Bannatynes Cookridge Hall,180.0,0.0,10.165,2025-11-24 18:45:30+00:00,0.0,0.0,0.0,0.0
Bannatynes Cookridge Hall,180.0,0.0,10.165,2025-11-24 19:00:30+00:00,0.0,0.0,0.0,0.0
Bannatynes Cookridge Hall,180.0,0.0,10.165,2025-11-24 19:15:30+00:00,0.0,0.0,0.0,0.0
Bannatynes Cookridge Hall,180.0,0.0,10.165,2025-11-24 19:30:30+00:00,0.0,0.0,0.0,0.0
Bannatynes Cookridge Hall,180.0,0.0,10.165,2025-11-24 19:45:30+00:00,0.0,0.0,0.0,0.0
Bannatynes Cookridge Hall,180.0,0.0,10.165,2025-11-24 20:00:30+00:00,0.0,0.0,0.0,0.0
Bannatynes Cookridge Hall,180.0,0.0,10.165,2025-11-24 20:15:30+00:00,0.0,0.0,0.0,0.0
Bannatynes Cookridge Hall,180.0,0.0,10.165,2025-11-24 20:30:30+00:00,0.0,0.0,0.0,0.0
Bannatynes Cookridge Hall,180.0,0.0,10.165,2025-11-24 20:45:30+00:00,0.0,0.0,0.0,0.0
Bannatynes Cookridge Hall,180.0,0.0,10.165,2025-11-24 21:00:30+00:00,0.0,0.0,0.0,0.0
Bannatynes Cookridge Hall,180.0,0.0,10.165,2025-11-24 21:15:30+00:00,0.0,0.0,0.0,0.0
Bannatynes Cookridge Hall,180.0,0.0,10.165,2025-11-24 21:30:30+00:00,0.0,0.0,0.0,0.0
Bannatynes Cookridge Hall,180.0,0.0,10.165,2025-11-24 21:45:30+00:00,0.0,0.0,0.0,0.0
Bannatynes Cookridge Hall,180.0,0.0,10.165,2025-11-24 22:00:30+00:00,0.0,0.0,0.0,0.0
Bannatynes Cookridge Hall,180.0,0.0,10.165,2025-11-24 22:15:30+00:00,0.0,0.0,0.0,0.0
Bannatynes Cookridge Hall,180.0,0.0,10.165,2025-11-24 22:30:30+00:00,0.0,0.0,0.0,0.0
Bannatynes Cookridge Hall,180.0,0.0,10.165,2025-11-24 22:45:30+00:00,0.0,0.0,0.0,0.0
Bannatynes Cookridge Hall,180.0,0.0,10.165,2025-11-24 23:00:30+00:00,0.0,0.0,0.0,0.0
Bannatynes Cookridge Hall,180.0,0.0,10.165,2025-11-24 23:15:30+00:00,0.0,0.0,0.0,0.0
Bannatynes Cookridge Hall,180.0,0.0,10.165,2025-11-24 23:30:30+00:00,0.0,0.0,0.0,0.0
Bannatynes Cookridge Hall,180.0,0.0,10.165,2025-11-24 23:45:30+00:00,0.0,0.0,0.0,0.0
Bannatynes Cookridge Hall,180.0,0.0,10.165,2025-11-25 00:00:30+00:00,0.0,0.0,0.0,0.0
Bannatynes Cookridge Hall,180.0,0.0,10.165,2025-11-25 00:15:30+00:00,0.0,0.0,0.0,0.0
Bannatynes Cookridge Hall,180.0,0.0,10.165,2025-11-25 00:30:30+00:00,0.0,0.0,0.0,0.0
Bannatynes Cookridge Hall,180.0,0.0,10.165,2025-11-25 00:45:30+00:00,0.0,0.0,0.0,0.0
Bannatynes Cookridge Hall,180.0,0.0,10.165,2025-11-25 01:00:30+00:00,0.0,0.0,0.0,0.0
Bannatynes Cookridge Hall,180.0,0.0,10.165,2025-11-25 01:15:30+00:00,0.0,0.0,0.0,0.0
Bannatynes Cookridge Hall,180.0,0.0,10.165,2025-11-25 01:30:30+00:00,0.0,0.0,0.0,0.0
Bannatynes Cookridge Hall,180.0,0.0,10.165,2025-11-25 01:45:30+00:00,0.0,0.0,0.0,0.0
Bannatynes Cookridge Hall,180.0,0.0,10.165,2025-11-25 02:00:30+00:00,0.0,0.0,0.0,0.0
Bannatynes Cookridge Hall,180.0,0.0,10.165,2025-11-25 02:15:30+00:00,0.0,0.0,0.0,0.0
Bannatynes Cookridge Hall,180.0,0.0,10.165,2025-11-25 02:30:30+00:00,0.0,0.0,0.0,0.0
Bannatynes Cookridge Hall,180.0,0.0,10.165,2025-11-25 02:45:30+00:00,0.0,0.0,0.0,0.0
Bannatynes Cookridge Hall,180.0,0.0,10.165,2025-11-25 03:00:30+00:00,0.0,0.0,0.0,0.0
Bannatynes Cookridge Hall,180.0,0.0,10.165,2025-11-25 03:15:30+00:00,0.0,0.0,0.0,0.0
Bannatynes Cookridge Hall,180.0,0.0,10.165,2025-11-25 03:30:30+00:00,0.0,0.0,0.0,0.0
Bannatynes Cookridge Hall,180.0,0.0,10.165,2025-11-25 03:45:30+00:00,0.0,0.0,0.0,0.0
Bannatynes Cookridge Hall,180.0,0.0,10.165,2025-11-25 04:00:30+00:00,0.0,0.0,0.0,0.0
Bannatynes Cookridge Hall,180.0,0.0,10.165,2025-11-25 04:15:30+00:00,0.0,0.0,0.0,0.0
Bannatynes Cookridge Hall,180.0,0.0,10.165,2025-11-25 04:30:30+00:00,0.0,0.0,0.0,0.0
Bannatynes Cookridge Hall,180.0,0.0,10.165,2025-11-25 04:45:30+00:00,0.0,0.0,0.0,0.0
Bannatynes Cookridge Hall,180.0,0.0,10.165,2025-11-25 05:00:30+00:00,0.0,0.0,0.0,0.0
Bannatynes Cookridge Hall,180.0,0.0,10.165,2025-11-25 05:15:30+00:00,0.0,0.0,0.0,0.0
Bannatynes Cookridge Hall,180.0,0.0,10.165,2025-11-25 05:30:30+00:00,0.0,0.0,0.0,0.0
Bannatynes Cookridge Hall,180.0,0.0,10.165,2025-11-25 05:45:30+00:00,0.0,0.0,0.0,0.0
Bannatynes Cookridge Hall,180.0,0.0,10.165,2025-11-25 06:00:30+00:00,0.0,0.0,0.0,0.0
Bannatynes Cookridge Hall,180.0,0.0,10.165,2025-11-25 06:15:30+00:00,0.0,0.0,0.0,0.0
Bannatynes Cookridge Hall,180.0,0.0,10.165,2025-11-25 06:30:30+00:00,0.0,0.0,0.0,0.0
Bannatynes Cookridge Hall,180.0,0.0,10.165,2025-11-25 06:45:30+00:00,0.0,0.0,0.0,0.0
Bannatynes Cookridge Hall,180.0,0.0,10.165,2025-11-25 07:00:30+00:00,0.0,0.0,0.0,0.0
Bannatynes Cookridge Hall,180.0,0.0,10.165,2025-11-25 07:15:30+00:00,0.0,0.0,0.0,0.0
Bannatynes Cookridge Hall,180.0,0.0,10.165,2025-11-25 07:30:30+00:00,0.0,0.0,0.0,0.0
Bannatynes Cookridge Hall,180.0,0.0,10.165,2025-11-25 07:45:30+00:00,0.00075,0.0005,0.001,0.00075
Bannatynes Cookridge Hall,180.0,0.0,10.165,2025-11-25 08:00:30+00:00,0.002,0.00175,0.0025,0.002
Bannatynes Cookridge Hall,180.0,0.0,10.165,2025-11-25 08:15:30+00:00,0.00575,0.004,0.00725,0.00575
Bannatynes Cookridge Hall,180.0,0.0,10.165,2025-11-25 08:30:30+00:00,0.01125,0.0075,0.01375,0.01125
Bannatynes Cookridge Hall,180.0,0.0,10.165,2025-11-25 08:45:30+00:00,0.01775,0.01125,0.0205,0.01775
Bannatynes Cookridge Hall,180.0,0.0,10.165,2025-11-25 09:00:30+00:00,0.02125,0.01525,0.027,0.02125
Bannatynes Cookridge Hall,180.0,0.0,10.165,2025-11-25 09:15:30+00:00,0.028,0.0195,0.0335,0.028
Bannatynes Cookridge Hall,180.0,0.0,10.165,2025-11-25 09:30:30+00:00,0.03475,0.025,0.0395,0.03475
Bannatynes Cookridge Hall,180.0,0.0,10.165,2025-11-25 09:45:30+00:00,0.04,0.03025,0.045,0.04
Bannatynes Cookridge Hall,180.0,0.0,10.165,2025-11-25 10:00:30+00:00,0.0445,0.035,0.05,0.0445
Bannatynes Cookridge Hall,180.0,0.0,10.165,2025-11-25 10:15:30+00:00,0.0485,0.039,0.0545,0.0485
Bannatynes Cookridge Hall,180.0,0.0,10.165,2025-11-25 10:30:30+00:00,0.052,0.04225,0.0585,0.052
Bannatynes Cookridge Hall,180.0,0.0,10.165,2025-11-25 10:45:30+00:00,0.05475,0.0445,0.0615,0.05475
Bannatynes Cookridge Hall,180.0,0.0,10.165,2025-11-25 11:00:30+00:00,0.057,0.0465,0.06425,0.057
Bannatynes Cookridge Hall,180.0,0.0,10.165,2025-11-25 11:15:30+00:00,0.0585,0.04675,0.066,0.0585
Bannatynes Cookridge Hall,180.0,0.0,10.165,2025-11-25 11:30:30+00:00,0.057,0.04725,0.06725,0.057
Bannatynes Cookridge Hall,180.0,0.0,10.165,2025-11-25 11:45:30+00:00,0.05875,0.04775,0.0675,0.05875
Bannatynes Cookridge Hall,180.0,0.0,10.165,2025-11-25 12:00:30+00:00,0.06,0.04725,0.06725,0.06
Bannatynes Cookridge Hall,180.0,0.0,10.165,2025-11-25 12:15:30+00:00,0.05725,0.0425,0.06625,0.05725
Bannatynes Cookridge Hall,180.0,0.0,10.165,2025-11-25 12:30:30+00:00,0.054,0.03675,0.0645,0.054
Bannatynes Cookridge Hall,180.0,0.0,10.165,2025-11-25 12:45:30+00:00,0.0505,0.028,0.06225,0.0505
Bannatynes Cookridge Hall,180.0,0.0,10.165,2025-11-25 13:00:30+00:00,0.0375,0.025,0.059,0.0375
Bannatynes Cookridge Hall,180.0,0.0,10.165,2025-11-25 13:15:30+00:00,0.042,0.02325,0.05525,0.042
Bannatynes Cookridge Hall,180.0,0.0,10.165,2025-11-25 13:30:30+00:00,0.04475,0.02425,0.051,0.04475
Bannatynes Cookridge Hall,180.0,0.0,10.165,2025-11-25 13:45:30+00:00,0.03825,0.01925,0.046,0.03825
Bannatynes Cookridge Hall,180.0,0.0,10.165,2025-11-25 14:00:30+00:00,0.02425,0.0145,0.0405,0.02425
Bannatynes Cookridge Hall,180.0,0.0,10.165,2025-11-25 14:15:30+00:00,0.02425,0.0105,0.034,0.02425
Bannatynes Cookridge Hall,180.0,0.0,10.165,2025-11-25 14:30:30+00:00,0.018,0.00925,0.02775,0.018
Bannatynes Cookridge Hall,180.0,0.0,10.165,2025-11-25 14:45:30+00:00,0.01325,0.007,0.0215,0.01325
Bannatynes Cookridge Hall,180.0,0.0,10.165,2025-11-25 15:00:30+00:00,0.0115,0.00525,0.015,0.0115
Bannatynes Cookridge Hall,180.0,0.0,10.165,2025-11-25 15:15:30+00:00,0.00675,0.0035,0.0085,0.00675
Bannatynes Cookridge Hall,180.0,0.0,10.165,2025-11-25 15:30:30+00:00,0.002,0.0015,0.00275,0.002
Bannatynes Cookridge Hall,180.0,0.0,10.165,2025-11-25 15:45:30+00:00,0.00025,0.00025,0.00025,0.00025
Bannatynes Cookridge Hall,180.0,0.0,10.165,2025-11-25 16:00:30+00:00,0.0,0.0,0.0,0.0
Bannatynes Cookridge Hall,180.0,0.0,10.165,2025-11-25 16:15:30+00:00,0.0,0.0,0.0,0.0
Bannatynes Cookridge Hall,180.0,0.0,10.165,2025-11-25 16:30:30+00:00,0.0,0.0,0.0,0.0
Bannatynes Cookridge Hall,180.0,0.0,10.165,2025-11-25 16:45:30+00:00,0.0,0.0,0.0,0.0
Bannatynes Cookridge Hall,180.0,0.0,10.165,2025-11-25 17:00:30+00:00,0.0,0.0,0.0,0.0
Bannatynes Cookridge Hall,180.0,0.0,10.165,2025-11-25 17:15:30+00:00,0.0,0.0,0.0,0.0
Bannatynes Cookridge Hall,180.0,0.0,10.165,2025-11-25 17:30:30+00:00,0.0,0.0,0.0,0.0
Bannatynes Cookridge Hall,180.0,0.0,10.165,2025-11-25 17:45:30+00:00,0.0,0.0,0.0,0.0
Bannatynes Cookridge Hall,180.0,0.0,10.165,2025-11-25 18:00:30+00:00,0.0,0.0,0.0,0.0
Bannatynes Cookridge Hall,180.0,0.0,10.165,2025-11-25 18:15:30+00:00,0.0,0.0,0.0,0.0
Bannatynes Cookridge Hall,180.0,0.0,10.165,2025-11-25 18:30:30+00:00,0.0,0.0,0.0,0.0
Bannatynes Cookridge Hall,180.0,0.0,10.165,2025-11-25 18:45:30+00:00,0.0,0.0,0.0,0.0
Bannatynes Cookridge Hall,180.0,0.0,10.165,2025-11-25 19:00:30+00:00,0.0,0.0,0.0,0.0
Bannatynes Cookridge Hall,180.0,0.0,10.165,2025-11-25 19:15:30+00:00,0.0,0.0,0.0,0.0
Bannatynes Cookridge Hall,180.0,0.0,10.165,2025-11-25 19:30:30+00:00,0.0,0.0,0.0,0.0
Bannatynes Cookridge Hall,180.0,0.0,10.165,2025-11-25 19:45:30+00:00,0.0,0.0,0.0,0.0
Bannatynes Cookridge Hall,180.0,0.0,10.165,2025-11-25 20:00:30+00:00,0.0,0.0,0.0,0.0
Bannatynes Cookridge Hall,180.0,0.0,10.165,2025-11-25 20:15:30+00:00,0.0,0.0,0.0,0.0
Bannatynes Cookridge Hall,180.0,0.0,10.165,2025-11-25 20:30:30+00:00,0.0,0.0,0.0,0.0
Bannatynes Cookridge Hall,180.0,0.0,10.165,2025-11-25 20:45:30+00:00,0.0,0.0,0.0,0.0
Bannatynes Cookridge Hall,180.0,0.0,10.165,2025-11-25 21:00:30+00:00,0.0,0.0,0.0,0.0
Bannatynes Cookridge Hall,180.0,0.0,10.165,2025-11-25 21:15:30+00:00,0.0,0.0,0.0,0.0
Bannatynes Cookridge Hall,180.0,0.0,10.165,2025-11-25 21:30:30+00:00,0.0,0.0,0.0,0.0
Bannatynes Cookridge Hall,180.0,0.0,10.165,2025-11-25 21:45:30+00:00,0.0,0.0,0.0,0.0
Bannatynes Cookridge Hall,180.0,0.0,10.165,2025-11-25 22:00:30+00:00,0.0,0.0,0.0,0.0
Bannatynes Cookridge Hall,180.0,0.0,10.165,2025-11-25 22:15:30+00:00,0.0,0.0,0.0,0.0
Bannatynes Cookridge Hall,180.0,0.0,10.165,2025-11-25 22:30:30+00:00,0.0,0.0,0.0,0.0
Bannatynes Cookridge Hall,180.0,0.0,10.165,2025-11-25 22:45:30+00:00,0.0,0.0,0.0,0.0
Bannatynes Cookridge Hall,180.0,0.0,10.165,2025-11-25 23:00:30+00:00,0.0,0.0,0.0,0.0
Bannatynes Cookridge Hall,180.0,0.0,10.165,2025-11-25 23:15:30+00:00,0.0,0.0,0.0,0.0
Bannatynes Cookridge Hall,180.0,0.0,10.165,2025-11-25 23:30:30+00:00,0.0,0.0,0.0,0.0
Bannatynes Cookridge Hall,180.0,0.0,10.165,2025-11-25 23:45:30+00:00,0.0,0.0,0.0,0.0
Bannatynes Cookridge Hall,180.0,0.0,10.165,2025-11-26 00:00:30+00:00,0.0,0.0,0.0,0.0
Bannatynes Cookridge Hall,180.0,0.0,10.165,2025-11-26 00:15:30+00:00,0.0,0.0,0.0,0.0
Bannatynes Cookridge Hall,180.0,0.0,10.165,2025-11-26 00:30:30+00:00,0.0,0.0,0.0,0.0
Bannatynes Cookridge Hall,180.0,0.0,10.165,2025-11-26 00:45:30+00:00,0.0,0.0,0.0,0.0
Bannatynes Cookridge Hall,180.0,0.0,10.165,2025-11-26 01:00:30+00:00,0.0,0.0,0.0,0.0
Bannatynes Cookridge Hall,180.0,0.0,10.165,2025-11-26 01:15:30+00:00,0.0,0.0,0.0,0.0
Bannatynes Cookridge Hall,180.0,0.0,10.165,2025-11-26 01:30:30+00:00,0.0,0.0,0.0,0.0
Bannatynes Cookridge Hall,180.0,0.0,10.165,2025-11-26 01:45:30+00:00,0.0,0.0,0.0,0.0
Bannatynes Cookridge Hall,180.0,0.0,10.165,2025-11-26 02:00:30+00:00,0.0,0.0,0.0,0.0
Bannatynes Cookridge Hall,180.0,0.0,10.165,2025-11-26 02:15:30+00:00,0.0,0.0,0.0,0.0
Bannatynes Cookridge Hall,180.0,0.0,10.165,2025-11-26 02:30:30+00:00,0.0,0.0,0.0,0.0
Bannatynes Cookridge Hall,180.0,0.0,10.165,2025-11-26 02:45:30+00:00,0.0,0.0,0.0,0.0
Bannatynes Cookridge Hall,180.0,0.0,10.165,2025-11-26 03:00:30+00:00,0.0,0.0,0.0,0.0
Bannatynes Cookridge Hall,180.0,0.0,10.165,2025-11-26 03:15:30+00:00,0.0,0.0,0.0,0.0
Bannatynes Cookridge Hall,180.0,0.0,10.165,2025-11-26 03:30:30+00:00,0.0,0.0,0.0,0.0
Bannatynes Cookridge Hall,180.0,0.0,10.165,2025-11-26 03:45:30+00:00,0.0,0.0,0.0,0.0
Bannatynes Cookridge Hall,180.0,0.0,10.165,2025-11-26 04:00:30+00:00,0.0,0.0,0.0,0.0
Bannatynes Cookridge Hall,180.0,0.0,10.165,2025-11-26 04:15:30+00:00,0.0,0.0,0.0,0.0
Bannatynes Cookridge Hall,180.0,0.0,10.165,2025-11-26 04:30:30+00:00,0.0,0.0,0.0,0.0
Bannatynes Cookridge Hall,180.0,0.0,10.165,2025-11-26 04:45:30+00:00,0.0,0.0,0.0,0.0
Bannatynes Cookridge Hall,180.0,0.0,10.165,2025-11-26 05:00:30+00:00,0.0,0.0,0.0,0.0
Bannatynes Cookridge Hall,180.0,0.0,10.165,2025-11-26 05:15:30+00:00,0.0,0.0,0.0,0.0
Bannatynes Cookridge Hall,180.0,0.0,10.165,2025-11-26 05:30:30+00:00,0.0,0.0,0.0,0.0
Bannatynes Cookridge Hall,180.0,0.0,10.165,2025-11-26 05:45:30+00:00,0.0,0.0,0.0,0.0
Bannatynes Cookridge Hall,180.0,0.0,10.165,2025-11-26 06:00:30+00:00,0.0,0.0,0.0,0.0
Bannatynes Cookridge Hall,180.0,0.0,10.165,2025-11-26 06:15:30+00:00,0.0,0.0,0.0,0.0
Bannatynes Cookridge Hall,180.0,0.0,10.165,2025-11-26 06:30:30+00:00,0.0,0.0,0.0,0.0
Bannatynes Cookridge Hall,180.0,0.0,10.165,2025-11-26 06:45:30+00:00,0.0,0.0,0.0,0.0
Bannatynes Cookridge Hall,180.0,0.0,10.165,2025-11-26 07:00:30+00:00,0.0,0.0,0.0,0.0
Bannatynes Cookridge Hall,180.0,0.0,10.165,2025-11-26 07:15:30+00:00,0.0,0.0,0.0,0.0
Bannatynes Cookridge Hall,180.0,0.0,10.165,2025-11-26 07:30:30+00:00,0.0,0.0,0.0,0.0
Bannatynes Cookridge Hall,180.0,0.0,10.165,2025-11-26 07:45:30+00:00,0.0,0.0,0.0,0.0
Bannatynes Cookridge Hall,180.0,0.0,10.165,2025-11-26 08:00:30+00:00,0.0015,0.00125,0.00175,0.0015
Bannatynes Cookridge Hall,180.0,0.0,10.165,2025-11-26 08:15:30+00:00,0.005,0.0035,0.00625,0.005
Bannatynes Cookridge Hall,180.0,0.0,10.165,2025-11-26 08:30:30+00:00,0.01025,0.00675,0.01225,0.01025
Bannatynes Cookridge Hall,180.0,0.0,10.165,2025-11-26 08:45:30+00:00,0.0155,0.01075,0.0185,0.0155
Bannatynes Cookridge Hall,180.0,0.0,10.165,2025-11-26 09:00:30+00:00,0.021,0.01475,0.025,0.021
Bannatynes Cookridge Hall,180.0,0.0,10.165,2025-11-26 09:15:30+00:00,0.0255,0.019,0.031,0.0255
Bannatynes Cookridge Hall,180.0,0.0,10.165,2025-11-26 09:30:30+00:00,0.03125,0.02275,0.03675,0.03125
Bannatynes Cookridge Hall,180.0,0.0,10.165,2025-11-26 09:45:30+00:00,0.0355,0.02675,0.04225,0.0355
Bannatynes Cookridge Hall,180.0,0.0,10.165,2025-11-26 10:00:30+00:00,0.03925,0.0305,0.047,0.03925
Bannatynes Cookridge Hall,180.0,0.0,10.165,2025-11-26 10:15:30+00:00,0.04475,0.0345,0.05125,0.04475
Bannatynes Cookridge Hall,180.0,0.0,10.165,2025-11-26 10:30:30+00:00,0.048,0.03775,0.055,0.048
Bannatynes Cookridge Hall,180.0,0.0,10.165,2025-11-26 10:45:30+00:00,0.04975,0.0395,0.05825,0.04975
Bannatynes Cookridge Hall,180.0,0.0,10.165,2025-11-26 11:00:30+00:00,0.05075,0.03975,0.06075,0.05075
Bannatynes Cookridge Hall,180.0,0.0,10.165,2025-11-26 11:15:30+00:00,0.0515,0.03925,0.0625,0.0515
Bannatynes Cookridge Hall,180.0,0.0,10.165,2025-11-26 11:30:30+00:00,0.05275,0.035,0.0635,0.05275
Bannatynes Cookridge Hall,180.0,0.0,10.165,2025-11-26 11:45:30+00:00,0.04775,0.029,0.064,0.04775
Bannatynes Cookridge Hall,180.0,0.0,10.165,2025-11-26 12:00:30+00:00,0.0445,0.02225,0.06325,0.0445
Bannatynes Cookridge Hall,180.0,0.0,10.165,2025-11-26 12:15:30+00:00,0.036,0.01775,0.05725,0.036
Bannatynes Cookridge Hall,180.0,0.0,10.165,2025-11-26 12:30:30+00:00,0.032,0.01725,0.05175,0.032
Bannatynes Cookridge Hall,180.0,0.0,10.165,2025-11-26 12:45:30+00:00,0.03525,0.0115,0.05125,0.03525
Bannatynes Cookridge Hall,180.0,0.0,10.165,2025-11-26 13:00:30+00:00,0.02625,0.00575,0.05025,0.02625
Bannatynes Cookridge Hall,180.0,0.0,10.165,2025-11-26 13:15:30+00:00,0.022,0.00425,0.042,0.022
Bannatynes Cookridge Hall,180.0,0.0,10.165,2025-11-26 13:30:30+00:00,0.00825,0.0035,0.033,0.00825
Bannatynes Cookridge Hall,180.0,0.0,10.165,2025-11-26 13:45:30+00:00,0.011,0.00325,0.02875,0.011
Bannatynes Cookridge Hall,180.0,0.0,10.165,2025-11-26 14:00:30+00:00,0.0155,0.003,0.02975,0.0155
Bannatynes Cookridge Hall,180.0,0.0,10.165,2025-11-26 14:15:30+00:00,0.01325,0.00275,0.03175,0.01325
Bannatynes Cookridge Hall,180.0,0.0,10.165,2025-11-26 14:30:30+00:00,0.01875,0.00375,0.0265,0.01875
Bannatynes Cookridge Hall,180.0,0.0,10.165,2025-11-26 14:45:30+00:00,0.016,0.00625,0.02,0.016
Bannatynes Cookridge Hall,180.0,0.0,10.165,2025-11-26 15:00:30+00:00,0.01025,0.00525,0.01375,0.01025
Bannatynes Cookridge Hall,180.0,0.0,10.165,2025-11-26 15:15:30+00:00,0.0055,0.00325,0.0075,0.0055
Bannatynes Cookridge Hall,180.0,0.0,10.165,2025-11-26 15:30:30+00:00,0.0015,0.0015,0.00225,0.0015
Bannatynes Cookridge Hall,180.0,0.0,10.165,2025-11-26 15:45:30+00:00,0.00025,0.0,0.00025,0.00025
Bannatynes Cookridge Hall,180.0,0.0,10.165,2025-11-26 16:00:30+00:00,0.0,0.0,0.0,0.0
Bannatynes Cookridge Hall,180.0,0.0,10.165,2025-11-26 16:15:30+00:00,0.0,0.0,0.0,0.0
Bannatynes Cookridge Hall,180.0,0.0,10.165,2025-11-26 16:30:30+00:00,0.0,0.0,0.0,0.0
Bannatynes Cookridge Hall,180.0,0.0,10.165,2025-11-26 16:45:30+00:00,0.0,0.0,0.0,0.0
Bannatynes Cookridge Hall,180.0,0.0,10.165,2025-11-26 17:00:30+00:00,0.0,0.0,0.0,0.0
Bannatynes Cookridge Hall,180.0,0.0,10.165,2025-11-26 17:15:30+00:00,0.0,0.0,0.0,0.0
Bannatynes Cookridge Hall,180.0,0.0,10.165,2025-11-26 17:30:30+00:00,0.0,0.0,0.0,0.0
Bannatynes Cookridge Hall,180.0,0.0,10.165,2025-11-26 17:45:30+00:00,0.0,0.0,0.0,0.0
Bannatynes Cookridge Hall,180.0,0.0,10.165,2025-11-26 18:00:30+00:00,0.0,0.0,0.0,0.0
Bannatynes Cookridge Hall,180.0,0.0,10.165,2025-11-26 18:15:30+00:00,0.0,0.0,0.0,0.0
Bannatynes Cookridge Hall,180.0,0.0,10.165,2025-11-26 18:30:30+00:00,0.0,0.0,0.0,0.0
Bannatynes Cookridge Hall,180.0,0.0,10.165,2025-11-26 18:45:30+00:00,0.0,0.0,0.0,0.0
Bannatynes Cookridge Hall,180.0,0.0,10.165,2025-11-26 19:00:30+00:00,0.0,0.0,0.0,0.0
Bannatynes Cookridge Hall,180.0,0.0,10.165,2025-11-26 19:15:30+00:00,0.0,0.0,0.0,0.0
Bannatynes Cookridge Hall,180.0,0.0,10.165,2025-11-26 19:30:30+00:00,0.0,0.0,0.0,0.0
Bannatynes Cookridge Hall,180.0,0.0,10.165,2025-11-26 19:45:30+00:00,0.0,0.0,0.0,0.0
Bannatynes Cookridge Hall,180.0,0.0,10.165,2025-11-26 20:00:30+00:00,0.0,0.0,0.0,0.0
Bannatynes Cookridge Hall,180.0,0.0,10.165,2025-11-26 20:15:30+00:00,0.0,0.0,0.0,0.0
Bannatynes Cookridge Hall,180.0,0.0,10.165,2025-11-26 20:30:30+00:00,0.0,0.0,0.0,0.0
Bannatynes Cookridge Hall,180.0,0.0,10.165,2025-11-26 20:45:30+00:00,0.0,0.0,0.0,0.0
Bannatynes Cookridge Hall,180.0,0.0,10.165,2025-11-26 21:00:30+00:00,0.0,0.0,0.0,0.0
Bannatynes Cookridge Hall,180.0,0.0,10.165,2025-11-26 21:15:30+00:00,0.0,0.0,0.0,0.0
Bannatynes Cookridge Hall,180.0,0.0,10.165,2025-11-26 21:30:30+00:00,0.0,0.0,0.0,0.0
Bannatynes Cookridge Hall,180.0,0.0,10.165,2025-11-26 21:45:30+00:00,0.0,0.0,0.0,0.0
Bannatynes Cookridge Hall,180.0,0.0,10.165,2025-11-26 22:00:30+00:00,0.0,0.0,0.0,0.0
Bannatynes Cookridge Hall,180.0,0.0,10.165,2025-11-26 22:15:30+00:00,0.0,0.0,0.0,0.0
Bannatynes Cookridge Hall,180.0,0.0,10.165,2025-11-26 22:30:30+00:00,0.0,0.0,0.0,0.0
Bannatynes Cookridge Hall,180.0,0.0,10.165,2025-11-26 22:45:30+00:00,0.0,0.0,0.0,0.0
Bannatynes Cookridge Hall,180.0,0.0,10.165,2025-11-26 23:00:30+00:00,0.0,0.0,0.0,0.0
Bannatynes Cookridge Hall,180.0,0.0,10.165,2025-11-26 23:15:30+00:00,0.0,0.0,0.0,0.0
Bannatynes Cookridge Hall,180.0,0.0,10.165,2025-11-26 23:30:30+00:00,0.0,0.0,0.0,0.0
Bannatynes Cookridge Hall,180.0,0.0,10.165,2025-11-26 23:45:30+00:00,0.0,0.0,0.0,0.0
Bannatynes Cookridge Hall,180.0,0.0,10.165,2025-11-27 00:00:30+00:00,0.0,0.0,0.0,0.0
Bannatynes Cookridge Hall,180.0,0.0,10.165,2025-11-27 00:15:30+00:00,0.0,0.0,0.0,0.0
Bannatynes Cookridge Hall,180.0,0.0,10.165,2025-11-27 00:30:30+00:00,0.0,0.0,0.0,0.0
Bannatynes Cookridge Hall,180.0,0.0,10.165,2025-11-27 00:45:30+00:00,0.0,0.0,0.0,0.0
Bannatynes Cookridge Hall,180.0,0.0,10.165,2025-11-27 01:00:30+00:00,0.0,0.0,0.0,0.0
Bannatynes Cookridge Hall,180.0,0.0,10.165,2025-11-27 01:15:30+00:00,0.0,0.0,0.0,0.0
Bannatynes Cookridge Hall,180.0,0.0,10.165,2025-11-27 01:30:30+00:00,0.0,0.0,0.0,0.0
Bannatynes Cookridge Hall,180.0,0.0,10.165,2025-11-27 01:45:30+00:00,0.0,0.0,0.0,0.0
Bannatynes Cookridge Hall,180.0,0.0,10.165,2025-11-27 02:00:30+00:00,0.0,0.0,0.0,0.0
Bannatynes Cookridge Hall,180.0,0.0,10.165,2025-11-27 02:15:30+00:00,0.0,0.0,0.0,0.0
Bannatynes Cookridge Hall,180.0,0.0,10.165,2025-11-27 02:30:30+00:00,0.0,0.0,0.0,0.0
Bannatynes Cookridge Hall,180.0,0.0,10.165,2025-11-27 02:45:30+00:00,0.0,0.0,0.0,0.0
Bannatynes Cookridge Hall,180.0,0.0,10.165,2025-11-27 03:00:30+00:00,0.0,0.0,0.0,0.0
Bannatynes Cookridge Hall,180.0,0.0,10.165,2025-11-27 03:15:30+00:00,0.0,0.0,0.0,0.0
Bannatynes Cookridge Hall,180.0,0.0,10.165,2025-11-27 03:30:30+00:00,0.0,0.0,0.0,0.0
Bannatynes Cookridge Hall,180.0,0.0,10.165,2025-11-27 03:45:30+00:00,0.0,0.0,0.0,0.0
Bannatynes Cookridge Hall,180.0,0.0,10.165,2025-11-27 04:00:30+00:00,0.0,0.0,0.0,0.0
Bannatynes Cookridge Hall,180.0,0.0,10.165,2025-11-27 04:15:30+00:00,0.0,0.0,0.0,0.0
Bannatynes Cookridge Hall,180.0,0.0,10.165,2025-11-27 04:30:30+00:00,0.0,0.0,0.0,0.0
Bannatynes Cookridge Hall,180.0,0.0,10.165,2025-11-27 04:45:30+00:00,0.0,0.0,0.0,0.0
Bannatynes Cookridge Hall,180.0,0.0,10.165,2025-11-27 05:00:30+00:00,0.0,0.0,0.0,0.0
Bannatynes Cookridge Hall,180.0,0.0,10.165,2025-11-27 05:15:30+00:00,0.0,0.0,0.0,0.0
Bannatynes Cookridge Hall,180.0,0.0,10.165,2025-11-27 05:30:30+00:00,0.0,0.0,0.0,0.0
Bannatynes Cookridge Hall,180.0,0.0,10.165,2025-11-27 05:45:30+00:00,0.0,0.0,0.0,0.0
Bannatynes Cookridge Hall,180.0,0.0,10.165,2025-11-27 06:00:30+00:00,0.0,0.0,0.0,0.0
Bannatynes Cookridge Hall,180.0,0.0,10.165,2025-11-27 06:15:30+00:00,0.0,0.0,0.0,0.0
Bannatynes Cookridge Hall,180.0,0.0,10.165,2025-11-27 06:30:30+00:00,0.0,0.0,0.0,0.0
Bannatynes Cookridge Hall,180.0,0.0,10.165,2025-11-27 06:45:30+00:00,0.0,0.0,0.0,0.0
Bannatynes Cookridge Hall,180.0,0.0,10.165,2025-11-27 07:00:30+00:00,0.0,0.0,0.0,0.0
Bannatynes Cookridge Hall,180.0,0.0,10.165,2025-11-27 07:15:30+00:00,0.0,0.0,0.0,0.0
Bannatynes Cookridge Hall,180.0,0.0,10.165,2025-11-27 07:30:30+00:00,0.0,0.0,0.0,0.0
Bannatynes Cookridge Hall,180.0,0.0,10.165,2025-11-27 07:45:30+00:00,0.0,0.0,0.0,0.0
Bannatynes Cookridge Hall,180.0,0.0,10.165,2025-11-27 08:00:30+00:00,0.00025,0.0,0.00075,0.00025
Bannatynes Cookridge Hall,180.0,0.0,10.165,2025-11-27 08:15:30+00:00,0.00075,0.0005,0.00325,0.00075
Bannatynes Cookridge Hall,180.0,0.0,10.165,2025-11-27 08:30:30+00:00,0.002,0.00075,0.0055,0.002
Bannatynes Cookridge Hall,180.0,0.0,10.165,2025-11-27 08:45:30+00:00,0.0015,0.00125,0.006,0.0015
Bannatynes Cookridge Hall,180.0,0.0,10.165,2025-11-27 09:00:30+00:00,0.00725,0.00175,0.01425,0.00725
Bannatynes Cookridge Hall,180.0,0.0,10.165,2025-11-27 09:15:30+00:00,0.009,0.00225,0.01775,0.009
Bannatynes Cookridge Hall,180.0,0.0,10.165,2025-11-27 09:30:30+00:00,0.01025,0.00275,0.01975,0.01025
Bannatynes Cookridge Hall,180.0,0.0,10.165,2025-11-27 09:45:30+00:00,0.01075,0.003,0.022,0.01075
Bannatynes Cookridge Hall,180.0,0.0,10.165,2025-11-27 10:00:30+00:00,0.015,0.0035,0.02325,0.015
Bannatynes Cookridge Hall,180.0,0.0,10.165,2025-11-27 10:15:30+00:00,0.0105,0.00375,0.02425,0.0105
Bannatynes Cookridge Hall,180.0,0.0,10.165,2025-11-27 10:30:30+00:00,0.01175,0.004,0.02375,0.01175
Bannatynes Cookridge Hall,180.0,0.0,10.165,2025-11-27 10:45:30+00:00,0.01325,0.00425,0.025,0.01325
Bannatynes Cookridge Hall,180.0,0.0,10.165,2025-11-27 11:00:30+00:00,0.01475,0.0045,0.02675,0.01475
Bannatynes Cookridge Hall,180.0,0.0,10.165,2025-11-27 11:15:30+00:00,0.01525,0.0045,0.0295,0.01525
Bannatynes Cookridge Hall,180.0,0.0,10.165,2025-11-27 11:30:30+00:00,0.01875,0.00525,0.03275,0.01875
Bannatynes Cookridge Hall,180.0,0.0,10.165,2025-11-27 11:45:30+00:00,0.023,0.007,0.03625,0.023
Bannatynes Cookridge Hall,180.0,0.0,10.165,2025-11-27 12:00:30+00:00,0.023,0.008,0.0375,0.023
Bannatynes Cookridge Hall,180.0,0.0,10.165,2025-11-27 12:15:30+00:00,0.02225,0.01025,0.03975,0.02225
Bannatynes Cookridge Hall,180.0,0.0,10.165,2025-11-27 12:30:30+00:00,0.0295,0.0085,0.0415,0.0295
Bannatynes Cookridge Hall,180.0,0.0,10.165,2025-11-27 12:45:30+00:00,0.023,0.005,0.04525,0.023
Bannatynes Cookridge Hall,180.0,0.0,10.165,2025-11-27 13:00:30+00:00,0.0225,0.0045,0.0405,0.0225
Bannatynes Cookridge Hall,180.0,0.0,10.165,2025-11-27 13:15:30+00:00,0.00925,0.00375,0.03325,0.00925
Bannatynes Cookridge Hall,180.0,0.0,10.165,2025-11-27 13:30:30+00:00,0.0045,0.0035,0.0185,0.0045
Bannatynes Cookridge Hall,180.0,0.0,10.165,2025-11-27 13:45:30+00:00,0.00375,0.00325,0.0155,0.00375
Bannatynes Cookridge Hall,180.0,0.0,10.165,2025-11-27 14:00:30+00:00,0.009,0.00275,0.022,0.009
Bannatynes Cookridge Hall,180.0,0.0,10.165,2025-11-27 14:15:30+00:00,0.0075,0.00225,0.026,0.0075
Bannatynes Cookridge Hall,180.0,0.0,10.165,2025-11-27 14:30:30+00:00,0.01525,0.003,0.02325,0.01525
Bannatynes Cookridge Hall,180.0,0.0,10.165,2025-11-27 14:45:30+00:00,0.0105,0.00275,0.019,0.0105
Bannatynes Cookridge Hall,180.0,0.0,10.165,2025-11-27 15:00:30+00:00,0.00675,0.002,0.012,0.00675
Bannatynes Cookridge Hall,180.0,0.0,10.165,2025-11-27 15:15:30+00:00,0.00375,0.0015,0.006,0.00375
Bannatynes Cookridge Hall,180.0,0.0,10.165,2025-11-27 15:30:30+00:00,0.001,0.00075,0.00175,0.001
Bannatynes Cookridge Hall,180.0,0.0,10.165,2025-11-27 15:45:30+00:00,0.0,0.0,0.0,0.0
Bannatynes Cookridge Hall,180.0,0.0,10.165,2025-11-27 16:00:30+00:00,0.0,0.0,0.0,0.0
Bannatynes Cookridge Hall,180.0,0.0,10.165,2025-11-27 16:15:30+00:00,0.0,0.0,0.0,0.0
Bannatynes Cookridge Hall,180.0,0.0,10.165,2025-11-27 16:30:30+00:00,0.0,0.0,0.0,0.0
Bannatynes Cookridge Hall,180.0,0.0,10.165,2025-11-27 16:45:30+00:00,0.0,0.0,0.0,0.0
Bannatynes Cookridge Hall,180.0,0.0,10.165,2025-11-27 17:00:30+00:00,0.0,0.0,0.0,0.0
Bannatynes Cookridge Hall,180.0,0.0,10.165,2025-11-27 17:15:30+00:00,0.0,0.0,0.0,0.0
Bannatynes Cookridge Hall,180.0,0.0,10.165,2025-11-27 17:30:30+00:00,0.0,0.0,0.0,0.0
Bannatynes Cookridge Hall,180.0,0.0,10.165,2025-11-27 17:45:30+00:00,0.0,0.0,0.0,0.0
Bannatynes Cookridge Hall,180.0,0.0,10.165,2025-11-27 18:00:30+00:00,0.0,0.0,0.0,0.0
Bannatynes Cookridge Hall,180.0,0.0,10.165,2025-11-27 18:15:30+00:00,0.0,0.0,0.0,0.0
Bannatynes Cookridge Hall,180.0,0.0,10.165,2025-11-27 18:30:30+00:00,0.0,0.0,0.0,0.0
Bannatynes Cookridge Hall,180.0,0.0,10.165,2025-11-27 18:45:30+00:00,0.0,0.0,0.0,0.0
Bannatynes Cookridge Hall,180.0,0.0,10.165,2025-11-27 19:00:30+00:00,0.0,0.0,0.0,0.0
Bannatynes Cookridge Hall,180.0,0.0,10.165,2025-11-27 19:15:30+00:00,0.0,0.0,0.0,0.0
Bannatynes Cookridge Hall,180.0,0.0,10.165,2025-11-27 19:30:30+00:00,0.0,0.0,0.0,0.0
Bannatynes Cookridge Hall,180.0,0.0,10.165,2025-11-27 19:45:30+00:00,0.0,0.0,0.0,0.0
Bannatynes Cookridge Hall,180.0,0.0,10.165,2025-11-27 20:00:30+00:00,0.0,0.0,0.0,0.0
Bannatynes Cookridge Hall,180.0,0.0,10.165,2025-11-27 20:15:30+00:00,0.0,0.0,0.0,0.0
Bannatynes Cookridge Hall,180.0,0.0,10.165,2025-11-27 20:30:30+00:00,0.0,0.0,0.0,0.0
Bannatynes Cookridge Hall,180.0,0.0,10.165,2025-11-27 20:45:30+00:00,0.0,0.0,0.0,0.0
Bannatynes Cookridge Hall,180.0,0.0,10.165,2025-11-27 21:00:30+00:00,0.0,0.0,0.0,0.0
Bannatynes Cookridge Hall,180.0,0.0,10.165,2025-11-27 21:15:30+00:00,0.0,0.0,0.0,0.0
Bannatynes Cookridge Hall,180.0,0.0,10.165,2025-11-27 21:30:30+00:00,0.0,0.0,0.0,0.0
Bannatynes Cookridge Hall,180.0,0.0,10.165,2025-11-27 21:45:30+00:00,0.0,0.0,0.0,0.0
Bannatynes Cookridge Hall,180.0,0.0,10.165,2025-11-27 22:00:30+00:00,0.0,0.0,0.0,0.0
Bannatynes Cookridge Hall,180.0,0.0,10.165,2025-11-27 22:15:30+00:00,0.0,0.0,0.0,0.0
Bannatynes Cookridge Hall,180.0,0.0,10.165,2025-11-27 22:30:30+00:00,0.0,0.0,0.0,0.0
Bannatynes Cookridge Hall,180.0,0.0,10.165,2025-11-27 22:45:30+00:00,0.0,0.0,0.0,0.0
Bannatynes Cookridge Hall,180.0,0.0,10.165,2025-11-27 23:00:30+00:00,0.0,0.0,0.0,0.0
Bannatynes Cookridge Hall,180.0,0.0,10.165,2025-11-27 23:15:30+00:00,0.0,0.0,0.0,0.0
Bannatynes Cookridge Hall,180.0,0.0,10.165,2025-11-27 23:30:30+00:00,0.0,0.0,0.0,0.0
Bannatynes Cookridge Hall,180.0,0.0,10.165,2025-11-27 23:45:30+00:00,0.0,0.0,0.0,0.0
Bannatynes Cookridge Hall,180.0,0.0,10.165,2025-11-28 00:00:30+00:00,0.0,0.0,0.0,0.0
Bannatynes Cookridge Hall,180.0,0.0,10.165,2025-11-28 00:15:30+00:00,0.0,0.0,0.0,0.0
Bannatynes Cookridge Hall,180.0,0.0,10.165,2025-11-28 00:30:30+00:00,0.0,0.0,0.0,0.0
Bannatynes Cookridge Hall,180.0,0.0,10.165,2025-11-28 00:45:30+00:00,0.0,0.0,0.0,0.0
Bannatynes Cookridge Hall,180.0,0.0,10.165,2025-11-28 01:00:30+00:00,0.0,0.0,0.0,0.0
Bannatynes Cookridge Hall,180.0,0.0,10.165,2025-11-28 01:15:30+00:00,0.0,0.0,0.0,0.0
Bannatynes Cookridge Hall,180.0,0.0,10.165,2025-11-28 01:30:30+00:00,0.0,0.0,0.0,0.0
Bannatynes Cookridge Hall,180.0,0.0,10.165,2025-11-28 01:45:30+00:00,0.0,0.0,0.0,0.0
Bannatynes Cookridge Hall,180.0,0.0,10.165,2025-11-28 02:00:30+00:00,0.0,0.0,0.0,0.0
Bannatynes Cookridge Hall,180.0,0.0,10.165,2025-11-28 02:15:30+00:00,0.0,0.0,0.0,0.0
Bannatynes Cookridge Hall,180.0,0.0,10.165,2025-11-28 02:30:30+00:00,0.0,0.0,0.0,0.0
Bannatynes Cookridge Hall,180.0,0.0,10.165,2025-11-28 02:45:30+00:00,0.0,0.0,0.0,0.0
Bannatynes Cookridge Hall,180.0,0.0,10.165,2025-11-28 03:00:30+00:00,0.0,0.0,0.0,0.0
Bannatynes Cookridge Hall,180.0,0.0,10.165,2025-11-28 03:15:30+00:00,0.0,0.0,0.0,0.0
Bannatynes Cookridge Hall,180.0,0.0,10.165,2025-11-28 03:30:30+00:00,0.0,0.0,0.0,0.0
Bannatynes Cookridge Hall,180.0,0.0,10.165,2025-11-28 03:45:30+00:00,0.0,0.0,0.0,0.0
Bannatynes Cookridge Hall,180.0,0.0,10.165,2025-11-28 04:00:30+00:00,0.0,0.0,0.0,0.0
Bannatynes Cookridge Hall,180.0,0.0,10.165,2025-11-28 04:15:30+00:00,0.0,0.0,0.0,0.0
Bannatynes Cookridge Hall,180.0,0.0,10.165,2025-11-28 04:30:30+00:00,0.0,0.0,0.0,0.0
Bannatynes Cookridge Hall,180.0,0.0,10.165,2025-11-28 04:45:30+00:00,0.0,0.0,0.0,0.0
Bannatynes Cookridge Hall,180.0,0.0,10.165,2025-11-28 05:00:30+00:00,0.0,0.0,0.0,0.0
Bannatynes Cookridge Hall,180.0,0.0,10.165,2025-11-28 05:15:30+00:00,0.0,0.0,0.0,0.0
Bannatynes Cookridge Hall,180.0,0.0,10.165,2025-11-28 05:30:30+00:00,0.0,0.0,0.0,0.0
Bannatynes Cookridge Hall,180.0,0.0,10.165,2025-11-28 05:45:30+00:00,0.0,0.0,0.0,0.0
Bannatynes Cookridge Hall,180.0,0.0,10.165,2025-11-28 06:00:30+00:00,0.0,0.0,0.0,0.0
Bannatynes Cookridge Hall,180.0,0.0,10.165,2025-11-28 06:15:30+00:00,0.0,0.0,0.0,0.0
Bannatynes Cookridge Hall,180.0,0.0,10.165,2025-11-28 06:30:30+00:00,0.0,0.0,0.0,0.0
Bannatynes Cookridge Hall,180.0,0.0,10.165,2025-11-28 06:45:30+00:00,0.0,0.0,0.0,0.0
Bannatynes Cookridge Hall,180.0,0.0,10.165,2025-11-28 07:00:30+00:00,0.0,0.0,0.0,0.0
Bannatynes Cookridge Hall,180.0,0.0,10.165,2025-11-28 07:15:30+00:00,0.0,0.0,0.0,0.0
Bannatynes Cookridge Hall,180.0,0.0,10.165,2025-11-28 07:30:30+00:00,0.0,0.0,0.0,0.0
Bannatynes Cookridge Hall,180.0,0.0,10.165,2025-11-28 07:45:30+00:00,0.0,0.0,0.0,0.0
Bannatynes Cookridge Hall,180.0,0.0,10.165,2025-11-28 08:00:30+00:00,0.00075,0.0005,0.00075,0.00075
Bannatynes Cookridge Hall,180.0,0.0,10.165,2025-11-28 08:15:30+00:00,0.004,0.003,0.00475,0.004
Bannatynes Cookridge Hall,180.0,0.0,10.165,2025-11-28 08:30:30+00:00,0.009,0.006,0.01075,0.009
Bannatynes Cookridge Hall,180.0,0.0,10.165,2025-11-28 08:45:30+00:00,0.01425,0.00975,0.017,0.01425
Bannatynes Cookridge Hall,180.0,0.0,10.165,2025-11-28 09:00:30+00:00,0.02,0.01425,0.0235,0.02
Bannatynes Cookridge Hall,180.0,0.0,10.165,2025-11-28 09:15:30+00:00,0.02575,0.01875,0.0295,0.02575
Bannatynes Cookridge Hall,180.0,0.0,10.165,2025-11-28 09:30:30+00:00,0.031,0.023,0.0355,0.031
Bannatynes Cookridge Hall,180.0,0.0,10.165,2025-11-28 09:45:30+00:00,0.03525,0.02675,0.04075,0.03525
Bannatynes Cookridge Hall,180.0,0.0,10.165,2025-11-28 10:00:30+00:00,0.04,0.0295,0.04575,0.04
Bannatynes Cookridge Hall,180.0,0.0,10.165,2025-11-28 10:15:30+00:00,0.0415,0.032,0.05025,0.0415
Bannatynes Cookridge Hall,180.0,0.0,10.165,2025-11-28 10:30:30+00:00,0.044,0.03425,0.054,0.044
Bannatynes Cookridge Hall,180.0,0.0,10.165,2025-11-28 10:45:30+00:00,0.04725,0.037,0.05725,0.04725
Bannatynes Cookridge Hall,180.0,0.0,10.165,2025-11-28 11:00:30+00:00,0.05025,0.03775,0.05975,0.05025
Bannatynes Cookridge Hall,180.0,0.0,10.165,2025-11-28 11:15:30+00:00,0.05225,0.03325,0.06175,0.05225
Bannatynes Cookridge Hall,180.0,0.0,10.165,2025-11-28 11:30:30+00:00,0.05,0.024,0.06275,0.05
Bannatynes Cookridge Hall,180.0,0.0,10.165,2025-11-28 11:45:30+00:00,0.04175,0.0125,0.06325,0.04175
Bannatynes Cookridge Hall,180.0,0.0,10.165,2025-11-28 12:00:30+00:00,0.03025,0.006,0.05675,0.03025
Bannatynes Cookridge Hall,180.0,0.0,10.165,2025-11-28 12:15:30+00:00,0.0095,0.0045,0.0385,0.0095
Bannatynes Cookridge Hall,180.0,0.0,10.165,2025-11-28 12:30:30+00:00,0.0085,0.0045,0.03425,0.0085
Bannatynes Cookridge Hall,180.0,0.0,10.165,2025-11-28 12:45:30+00:00,0.00525,0.00425,0.0215,0.00525
Bannatynes Cookridge Hall,180.0,0.0,10.165,2025-11-28 13:00:30+00:00,0.02925,0.00575,0.04175,0.02925
Bannatynes Cookridge Hall,180.0,0.0,10.165,2025-11-28 13:15:30+00:00,0.01225,0.00375,0.04225,0.01225
Bannatynes Cookridge Hall,180.0,0.0,10.165,2025-11-28 13:30:30+00:00,0.01125,0.0035,0.0405,0.01125
Bannatynes Cookridge Hall,180.0,0.0,10.165,2025-11-28 13:45:30+00:00,0.0295,0.00575,0.0415,0.0295
Bannatynes Cookridge Hall,180.0,0.0,10.165,2025-11-28 14:00:30+00:00,0.022,0.00425,0.03725,0.022
Bannatynes Cookridge Hall,180.0,0.0,10.165,2025-11-28 14:15:30+00:00,0.014,0.00275,0.0315,0.014
Bannatynes Cookridge Hall,180.0,0.0,10.165,2025-11-28 14:30:30+00:00,0.0185,0.00375,0.0255,0.0185
Bannatynes Cookridge Hall,180.0,0.0,10.165,2025-11-28 14:45:30+00:00,0.0165,0.006,0.01925,0.0165
Bannatynes Cookridge Hall,180.0,0.0,10.165,2025-11-28 15:00:30+00:00,0.00975,0.00475,0.01275,0.00975
Bannatynes Cookridge Hall,180.0,0.0,10.165,2025-11-28 15:15:30+00:00,0.00475,0.00275,0.00675,0.00475
Bannatynes Cookridge Hall,180.0,0.0,10.165,2025-11-28 15:30:30+00:00,0.00125,0.001,0.0015,0.00125
Bannatynes Cookridge Hall,180.0,0.0,10.165,2025-11-28 15:45:30+00:00,0.0,0.0,0.0,0.0
Bannatynes Cookridge Hall,180.0,0.0,10.165,2025-11-28 16:00:30+00:00,0.0,0.0,0.0,0.0
Bannatynes Cookridge Hall,180.0,0.0,10.165,2025-11-28 16:15:30+00:00,0.0,0.0,0.0,0.0
Bannatynes Cookridge Hall,180.0,0.0,10.165,2025-11-28 16:30:30+00:00,0.0,0.0,0.0,0.0
Bannatynes Cookridge Hall,180.0,0.0,10.165,2025-11-28 16:45:30+00:00,0.0,0.0,0.0,0.0
Bannatynes Cookridge Hall,180.0,0.0,10.165,2025-11-28 17:00:30+00:00,0.0,0.0,0.0,0.0
Bannatynes Cookridge Hall,180.0,0.0,10.165,2025-11-28 17:15:30+00:00,0.0,0.0,0.0,0.0
Bannatynes Cookridge Hall,180.0,0.0,10.165,2025-11-28 17:30:30+00:00,0.0,0.0,0.0,0.0
Bannatynes Cookridge Hall,180.0,0.0,10.165,2025-11-28 17:45:30+00:00,0.0,0.0,0.0,0.0
Bannatynes Cookridge Hall,180.0,0.0,10.165,2025-11-28 18:00:30+00:00,0.0,0.0,0.0,0.0
Bannatynes Cookridge Hall,180.0,0.0,10.165,2025-11-28 18:15:30+00:00,0.0,0.0,0.0,0.0
Bannatynes Cookridge Hall,180.0,0.0,10.165,2025-11-28 18:30:30+00:00,0.0,0.0,0.0,0.0
Bannatynes Cookridge Hall,180.0,0.0,10.165,2025-11-28 18:45:30+00:00,0.0,0.0,0.0,0.0
Bannatynes Cookridge Hall,180.0,0.0,10.165,2025-11-28 19:00:30+00:00,0.0,0.0,0.0,0.0
Bannatynes Cookridge Hall,180.0,0.0,10.165,2025-11-28 19:15:30+00:00,0.0,0.0,0.0,0.0
Bannatynes Cookridge Hall,180.0,0.0,10.165,2025-11-28 19:30:30+00:00,0.0,0.0,0.0,0.0
Bannatynes Cookridge Hall,180.0,0.0,10.165,2025-11-28 19:45:30+00:00,0.0,0.0,0.0,0.0
Bannatynes Cookridge Hall,180.0,0.0,10.165,2025-11-28 20:00:30+00:00,0.0,0.0,0.0,0.0
Bannatynes Cookridge Hall,180.0,0.0,10.165,2025-11-28 20:15:30+00:00,0.0,0.0,0.0,0.0
Bannatynes Cookridge Hall,180.0,0.0,10.165,2025-11-28 20:30:30+00:00,0.0,0.0,0.0,0.0
Bannatynes Cookridge Hall,180.0,0.0,10.165,2025-11-28 20:45:30+00:00,0.0,0.0,0.0,0.0
Bannatynes Cookridge Hall,180.0,0.0,10.165,2025-11-28 21:00:30+00:00,0.0,0.0,0.0,0.0
Bannatynes Cookridge Hall,180.0,0.0,10.165,2025-11-28 21:15:30+00:00,0.0,0.0,0.0,0.0
Bannatynes Cookridge Hall,180.0,0.0,10.165,2025-11-28 21:30:30+00:00,0.0,0.0,0.0,0.0
Bannatynes Cookridge Hall,180.0,0.0,10.165,2025-11-28 21:45:30+00:00,0.0,0.0,0.0,0.0
Bannatynes Cookridge Hall,180.0,0.0,10.165,2025-11-28 22:00:30+00:00,0.0,0.0,0.0,0.0
Bannatynes Cookridge Hall,180.0,0.0,10.165,2025-11-28 22:15:30+00:00,0.0,0.0,0.0,0.0
Bannatynes Cookridge Hall,180.0,0.0,10.165,2025-11-28 22:30:30+00:00,0.0,0.0,0.0,0.0
Bannatynes Cookridge Hall,180.0,0.0,10.165,2025-11-28 22:45:30+00:00,0.0,0.0,0.0,0.0
Bannatynes Cookridge Hall,180.0,0.0,10.165,2025-11-28 23:00:30+00:00,0.0,0.0,0.0,0.0
Bannatynes Cookridge Hall,180.0,0.0,10.165,2025-11-28 23:15:30+00:00,0.0,0.0,0.0,0.0
Bannatynes Cookridge Hall,180.0,0.0,10.165,2025-11-28 23:30:30+00:00,0.0,0.0,0.0,0.0
Bannatynes Cookridge Hall,180.0,0.0,10.165,2025-11-28 23:45:30+00:00,0.0,0.0,0.0,0.0
Bannatynes Cookridge Hall,180.0,0.0,10.165,2025-11-29 00:00:30+00:00,0.0,0.0,0.0,0.0
Bannatynes Cookridge Hall,180.0,0.0,10.165,2025-11-29 00:15:30+00:00,0.0,0.0,0.0,0.0
Bannatynes Cookridge Hall,180.0,0.0,10.165,2025-11-29 00:30:30+00:00,0.0,0.0,0.0,0.0
Bannatynes Cookridge Hall,180.0,0.0,10.165,2025-11-29 00:45:30+00:00,0.0,0.0,0.0,0.0
Bannatynes Cookridge Hall,180.0,0.0,10.165,2025-11-29 01:00:30+00:00,0.0,0.0,0.0,0.0
Bannatynes Cookridge Hall,180.0,0.0,10.165,2025-11-29 01:15:30+00:00,0.0,0.0,0.0,0.0
Bannatynes Cookridge Hall,180.0,0.0,10.165,2025-11-29 01:30:30+00:00,0.0,0.0,0.0,0.0
Bannatynes Cookridge Hall,180.0,0.0,10.165,2025-11-29 01:45:30+00:00,0.0,0.0,0.0,0.0
Bannatynes Cookridge Hall,180.0,0.0,10.165,2025-11-29 02:00:30+00:00,0.0,0.0,0.0,0.0
Bannatynes Cookridge Hall,180.0,0.0,10.165,2025-11-29 02:15:30+00:00,0.0,0.0,0.0,0.0
Bannatynes Cookridge Hall,180.0,0.0,10.165,2025-11-29 02:30:30+00:00,0.0,0.0,0.0,0.0
Bannatynes Cookridge Hall,180.0,0.0,10.165,2025-11-29 02:45:30+00:00,0.0,0.0,0.0,0.0
Bannatynes Cookridge Hall,180.0,0.0,10.165,2025-11-29 03:00:30+00:00,0.0,0.0,0.0,0.0
Bannatynes Cookridge Hall,180.0,0.0,10.165,2025-11-29 03:15:30+00:00,0.0,0.0,0.0,0.0
Bannatynes Cookridge Hall,180.0,0.0,10.165,2025-11-29 03:30:30+00:00,0.0,0.0,0.0,0.0
Bannatynes Cookridge Hall,180.0,0.0,10.165,2025-11-29 03:45:30+00:00,0.0,0.0,0.0,0.0
Bannatynes Cookridge Hall,180.0,0.0,10.165,2025-11-29 04:00:30+00:00,0.0,0.0,0.0,0.0
Bannatynes Cookridge Hall,180.0,0.0,10.165,2025-11-29 04:15:30+00:00,0.0,0.0,0.0,0.0
Bannatynes Cookridge Hall,180.0,0.0,10.165,2025-11-29 04:30:30+00:00,0.0,0.0,0.0,0.0
Bannatynes Cookridge Hall,180.0,0.0,10.165,2025-11-29 04:45:30+00:00,0.0,0.0,0.0,0.0
Bannatynes Cookridge Hall,180.0,0.0,10.165,2025-11-29 05:00:30+00:00,0.0,0.0,0.0,0.0
Bannatynes Cookridge Hall,180.0,0.0,10.165,2025-11-29 05:15:30+00:00,0.0,0.0,0.0,0.0
Bannatynes Cookridge Hall,180.0,0.0,10.165,2025-11-29 05:30:30+00:00,0.0,0.0,0.0,0.0
Bannatynes Cookridge Hall,180.0,0.0,10.165,2025-11-29 05:45:30+00:00,0.0,0.0,0.0,0.0
Bannatynes Cookridge Hall,180.0,0.0,10.165,2025-11-29 06:00:30+00:00,0.0,0.0,0.0,0.0
Bannatynes Cookridge Hall,180.0,0.0,10.165,2025-11-29 06:15:30+00:00,0.0,0.0,0.0,0.0
Bannatynes Cookridge Hall,180.0,0.0,10.165,2025-11-29 06:30:30+00:00,0.0,0.0,0.0,0.0
Bannatynes Cookridge Hall,180.0,0.0,10.165,2025-11-29 06:45:30+00:00,0.0,0.0,0.0,0.0
Bannatynes Cookridge Hall,180.0,0.0,10.165,2025-11-29 07:00:30+00:00,0.0,0.0,0.0,0.0
Bannatynes Cookridge Hall,180.0,0.0,10.165,2025-11-29 07:15:30+00:00,0.0,0.0,0.0,0.0
Bannatynes Cookridge Hall,180.0,0.0,10.165,2025-11-29 07:30:30+00:00,0.0,0.0,0.0,0.0
Bannatynes Cookridge Hall,180.0,0.0,10.165,2025-11-29 07:45:30+00:00,0.0,0.0,0.0,0.0
Bannatynes Cookridge Hall,180.0,0.0,10.165,2025-11-29 08:00:30+00:00,0.00025,0.00025,0.0005,0.00025
Bannatynes Cookridge Hall,180.0,0.0,10.165,2025-11-29 08:15:30+00:00,0.0025,0.00125,0.00425,0.0025
Bannatynes Cookridge Hall,180.0,0.0,10.165,2025-11-29 08:30:30+00:00,0.006,0.00275,0.0095,0.006
Bannatynes Cookridge Hall,180.0,0.0,10.165,2025-11-29 08:45:30+00:00,0.00975,0.0035,0.01425,0.00975
Bannatynes Cookridge Hall,180.0,0.0,10.165,2025-11-29 09:00:30+00:00,0.011,0.00225,0.02025,0.011
Bannatynes Cookridge Hall,180.0,0.0,10.165,2025-11-29 09:15:30+00:00,0.01225,0.0025,0.02525,0.01225
Bannatynes Cookridge Hall,180.0,0.0,10.165,2025-11-29 09:30:30+00:00,0.0135,0.00275,0.03475,0.0135
Bannatynes Cookridge Hall,180.0,0.0,10.165,2025-11-29 09:45:30+00:00,0.03225,0.0065,0.04025,0.03225
Bannatynes Cookridge Hall,180.0,0.0,10.165,2025-11-29 10:00:30+00:00,0.01775,0.0035,0.043,0.01775
Bannatynes Cookridge Hall,180.0,0.0,10.165,2025-11-29 10:15:30+00:00,0.014,0.00375,0.0405,0.014
Bannatynes Cookridge Hall,180.0,0.0,10.165,2025-11-29 10:30:30+00:00,0.02275,0.0045,0.0465,0.02275
Bannatynes Cookridge Hall,180.0,0.0,10.165,2025-11-29 10:45:30+00:00,0.03025,0.006,0.047,0.03025
Bannatynes Cookridge Hall,180.0,0.0,10.165,2025-11-29 11:00:30+00:00,0.01125,0.00425,0.04325,0.01125
Bannatynes Cookridge Hall,180.0,0.0,10.165,2025-11-29 11:15:30+00:00,0.0045,0.0045,0.0185,0.0045
Bannatynes Cookridge Hall,180.0,0.0,10.165,2025-11-29 11:30:30+00:00,0.00375,0.0025,0.01525,0.00375
Bannatynes Cookridge Hall,180.0,0.0,10.165,2025-11-29 11:45:30+00:00,0.00375,0.0025,0.0155,0.00375
Bannatynes Cookridge Hall,180.0,0.0,10.165,2025-11-29 12:00:30+00:00,0.00525,0.0045,0.02125,0.00525
Bannatynes Cookridge Hall,180.0,0.0,10.165,2025-11-29 12:15:30+00:00,0.01775,0.0045,0.0315,0.01775
Bannatynes Cookridge Hall,180.0,0.0,10.165,2025-11-29 12:30:30+00:00,0.017,0.0045,0.0325,0.017
Bannatynes Cookridge Hall,180.0,0.0,10.165,2025-11-29 12:45:30+00:00,0.01275,0.00425,0.02775,0.01275
Bannatynes Cookridge Hall,180.0,0.0,10.165,2025-11-29 13:00:30+00:00,0.00775,0.004,0.024,0.00775
Bannatynes Cookridge Hall,180.0,0.0,10.165,2025-11-29 13:15:30+00:00,0.00975,0.00375,0.021,0.00975
Bannatynes Cookridge Hall,180.0,0.0,10.165,2025-11-29 13:30:30+00:00,0.00575,0.0035,0.021,0.00575
Bannatynes Cookridge Hall,180.0,0.0,10.165,2025-11-29 13:45:30+00:00,0.01125,0.003,0.01975,0.01125
Bannatynes Cookridge Hall,180.0,0.0,10.165,2025-11-29 14:00:30+00:00,0.00775,0.00275,0.0205,0.00775
Bannatynes Cookridge Hall,180.0,0.0,10.165,2025-11-29 14:15:30+00:00,0.0055,0.00225,0.0195,0.0055
Bannatynes Cookridge Hall,180.0,0.0,10.165,2025-11-29 14:30:30+00:00,0.00725,0.00175,0.02025,0.00725
Bannatynes Cookridge Hall,180.0,0.0,10.165,2025-11-29 14:45:30+00:00,0.01075,0.00225,0.017,0.01075
Bannatynes Cookridge Hall,180.0,0.0,10.165,2025-11-29 15:00:30+00:00,0.00575,0.00125,0.012,0.00575
Bannatynes Cookridge Hall,180.0,0.0,10.165,2025-11-29 15:15:30+00:00,0.00225,0.0005,0.00575,0.00225
Bannatynes Cookridge Hall,180.0,0.0,10.165,2025-11-29 15:30:30+00:00,0.0005,0.0,0.0015,0.0005
Bannatynes Cookridge Hall,180.0,0.0,10.165,2025-11-29 15:45:30+00:00,0.0,0.0,0.0,0.0
Bannatynes Cookridge Hall,180.0,0.0,10.165,2025-11-29 16:00:30+00:00,0.0,0.0,0.0,0.0
Bannatynes Cookridge Hall,180.0,0.0,10.165,2025-11-29 16:15:30+00:00,0.0,0.0,0.0,0.0
Bannatynes Cookridge Hall,180.0,0.0,10.165,2025-11-29 16:30:30+00:00,0.0,0.0,0.0,0.0
Bannatynes Cookridge Hall,180.0,0.0,10.165,2025-11-29 16:45:30+00:00,0.0,0.0,0.0,0.0
Bannatynes Cookridge Hall,180.0,0.0,10.165,2025-11-29 17:00:30+00:00,0.0,0.0,0.0,0.0
Bannatynes Cookridge Hall,180.0,0.0,10.165,2025-11-29 17:15:30+00:00,0.0,0.0,0.0,0.0
Bannatynes Cookridge Hall,180.0,0.0,10.165,2025-11-29 17:30:30+00:00,0.0,0.0,0.0,0.0
Bannatynes Cookridge Hall,180.0,0.0,10.165,2025-11-29 17:45:30+00:00,0.0,0.0,0.0,0.0
Bannatynes Cookridge Hall,180.0,0.0,10.165,2025-11-29 18:00:30+00:00,0.0,0.0,0.0,0.0
Bannatynes Cookridge Hall,180.0,0.0,10.165,2025-11-29 18:15:30+00:00,0.0,0.0,0.0,0.0
Bannatynes Cookridge Hall,180.0,0.0,10.165,2025-11-29 18:30:30+00:00,0.0,0.0,0.0,0.0
Bannatynes Cookridge Hall,180.0,0.0,10.165,2025-11-29 18:45:30+00:00,0.0,0.0,0.0,0.0
Bannatynes Cookridge Hall,180.0,0.0,10.165,2025-11-29 19:00:30+00:00,0.0,0.0,0.0,0.0
Bannatynes Cookridge Hall,180.0,0.0,10.165,2025-11-29 19:15:30+00:00,0.0,0.0,0.0,0.0
Bannatynes Cookridge Hall,180.0,0.0,10.165,2025-11-29 19:30:30+00:00,0.0,0.0,0.0,0.0
Bannatynes Cookridge Hall,180.0,0.0,10.165,2025-11-29 19:45:30+00:00,0.0,0.0,0.0,0.0
Bannatynes Cookridge Hall,180.0,0.0,10.165,2025-11-29 20:00:30+00:00,0.0,0.0,0.0,0.0
Bannatynes Cookridge Hall,180.0,0.0,10.165,2025-11-29 20:15:30+00:00,0.0,0.0,0.0,0.0
Bannatynes Cookridge Hall,180.0,0.0,10.165,2025-11-29 20:30:30+00:00,0.0,0.0,0.0,0.0
Bannatynes Cookridge Hall,180.0,0.0,10.165,2025-11-29 20:45:30+00:00,0.0,0.0,0.0,0.0
Bannatynes Cookridge Hall,180.0,0.0,10.165,2025-11-29 21:00:30+00:00,0.0,0.0,0.0,0.0
Bannatynes Cookridge Hall,180.0,0.0,10.165,2025-11-29 21:15:30+00:00,0.0,0.0,0.0,0.0
Bannatynes Cookridge Hall,180.0,0.0,10.165,2025-11-29 21:30:30+00:00,0.0,0.0,0.0,0.0
Bannatynes Cookridge Hall,180.0,0.0,10.165,2025-11-29 21:45:30+00:00,0.0,0.0,0.0,0.0
Bannatynes Cookridge Hall,180.0,0.0,10.165,2025-11-29 22:00:30+00:00,0.0,0.0,0.0,0.0
Bannatynes Cookridge Hall,180.0,0.0,10.165,2025-11-29 22:15:30+00:00,0.0,0.0,0.0,0.0
Bannatynes Cookridge Hall,180.0,0.0,10.165,2025-11-29 22:30:30+00:00,0.0,0.0,0.0,0.0
Bannatynes Cookridge Hall,180.0,0.0,10.165,2025-11-29 22:45:30+00:00,0.0,0.0,0.0,0.0
Bannatynes Cookridge Hall,180.0,0.0,10.165,2025-11-29 23:00:30+00:00,0.0,0.0,0.0,0.0
Bannatynes Cookridge Hall,180.0,0.0,10.165,2025-11-29 23:15:30+00:00,0.0,0.0,0.0,0.0
Bannatynes Cookridge Hall,180.0,0.0,10.165,2025-11-29 23:30:30+00:00,0.0,0.0,0.0,0.0
Bannatynes Cookridge Hall,180.0,0.0,10.165,2025-11-29 23:45:30+00:00,0.0,0.0,0.0,0.0
Bannatynes Cookridge Hall,180.0,0.0,10.165,2025-11-30 00:00:30+00:00,0.0,0.0,0.0,0.0
Bannatynes Cookridge Hall,180.0,0.0,10.165,2025-11-30 00:15:30+00:00,0.0,0.0,0.0,0.0
Bannatynes Cookridge Hall,180.0,0.0,10.165,2025-11-30 00:30:30+00:00,0.0,0.0,0.0,0.0
Bannatynes Cookridge Hall,180.0,0.0,10.165,2025-11-30 00:45:30+00:00,0.0,0.0,0.0,0.0
Bannatynes Cookridge Hall,180.0,0.0,10.165,2025-11-30 01:00:30+00:00,0.0,0.0,0.0,0.0
Bannatynes Cookridge Hall,180.0,0.0,10.165,2025-11-30 01:15:30+00:00,0.0,0.0,0.0,0.0
Bannatynes Cookridge Hall,180.0,0.0,10.165,2025-11-30 01:30:30+00:00,0.0,0.0,0.0,0.0
Bannatynes Cookridge Hall,180.0,0.0,10.165,2025-11-30 01:45:30+00:00,0.0,0.0,0.0,0.0
Bannatynes Cookridge Hall,180.0,0.0,10.165,2025-11-30 02:00:30+00:00,0.0,0.0,0.0,0.0
Bannatynes Cookridge Hall,180.0,0.0,10.165,2025-11-30 02:15:30+00:00,0.0,0.0,0.0,0.0
Bannatynes Cookridge Hall,180.0,0.0,10.165,2025-11-30 02:30:30+00:00,0.0,0.0,0.0,0.0
Bannatynes Cookridge Hall,180.0,0.0,10.165,2025-11-30 02:45:30+00:00,0.0,0.0,0.0,0.0
Bannatynes Cookridge Hall,180.0,0.0,10.165,2025-11-30 03:00:30+00:00,0.0,0.0,0.0,0.0
Bannatynes Cookridge Hall,180.0,0.0,10.165,2025-11-30 03:15:30+00:00,0.0,0.0,0.0,0.0
Bannatynes Cookridge Hall,180.0,0.0,10.165,2025-11-30 03:30:30+00:00,0.0,0.0,0.0,0.0
Bannatynes Cookridge Hall,180.0,0.0,10.165,2025-11-30 03:45:30+00:00,0.0,0.0,0.0,0.0
Bannatynes Cookridge Hall,180.0,0.0,10.165,2025-11-30 04:00:30+00:00,0.0,0.0,0.0,0.0
Bannatynes Cookridge Hall,180.0,0.0,10.165,2025-11-30 04:15:30+00:00,0.0,0.0,0.0,0.0
Bannatynes Cookridge Hall,180.0,0.0,10.165,2025-11-30 04:30:30+00:00,0.0,0.0,0.0,0.0
Bannatynes Cookridge Hall,180.0,0.0,10.165,2025-11-30 04:45:30+00:00,0.0,0.0,0.0,0.0
Bannatynes Cookridge Hall,180.0,0.0,10.165,2025-11-30 05:00:30+00:00,0.0,0.0,0.0,0.0
Bannatynes Cookridge Hall,180.0,0.0,10.165,2025-11-30 05:15:30+00:00,0.0,0.0,0.0,0.0
Bannatynes Cookridge Hall,180.0,0.0,10.165,2025-11-30 05:30:30+00:00,0.0,0.0,0.0,0.0
Bannatynes Cookridge Hall,180.0,0.0,10.165,2025-11-30 05:45:30+00:00,0.0,0.0,0.0,0.0
Bannatynes Cookridge Hall,180.0,0.0,10.165,2025-11-30 06:00:30+00:00,0.0,0.0,0.0,0.0
Bannatynes Cookridge Hall,180.0,0.0,10.165,2025-11-30 06:15:30+00:00,0.0,0.0,0.0,0.0
Bannatynes Cookridge Hall,180.0,0.0,10.165,2025-11-30 06:30:30+00:00,0.0,0.0,0.0,0.0
Bannatynes Cookridge Hall,180.0,0.0,10.165,2025-11-30 06:45:30+00:00,0.0,0.0,0.0,0.0
Bannatynes Cookridge Hall,180.0,0.0,10.165,2025-11-30 07:00:30+00:00,0.0,0.0,0.0,0.0
Bannatynes Cookridge Hall,180.0,0.0,10.165,2025-11-30 07:15:30+00:00,0.0,0.0,0.0,0.0
Bannatynes Cookridge Hall,180.0,0.0,10.165,2025-11-30 07:30:30+00:00,0.0,0.0,0.0,0.0
Bannatynes Cookridge Hall,180.0,0.0,10.165,2025-11-30 07:45:30+00:00,0.0,0.0,0.0,0.0
Bannatynes Cookridge Hall,180.0,0.0,10.165,2025-11-30 08:00:30+00:00,0.00025,0.00025,0.00025,0.00025
Bannatynes Cookridge Hall,180.0,0.0,10.165,2025-11-30 08:15:30+00:00,0.00325,0.0025,0.00375,0.00325
Bannatynes Cookridge Hall,180.0,0.0,10.165,2025-11-30 08:30:30+00:00,0.008,0.00575,0.00925,0.008
Bannatynes Cookridge Hall,180.0,0.0,10.165,2025-11-30 08:45:30+00:00,0.014,0.00975,0.0155,0.014
Bannatynes Cookridge Hall,180.0,0.0,10.165,2025-11-30 09:00:30+00:00,0.01975,0.01425,0.02175,0.01975
Bannatynes Cookridge Hall,180.0,0.0,10.165,2025-11-30 09:15:30+00:00,0.025,0.0185,0.02775,0.025
Bannatynes Cookridge Hall,180.0,0.0,10.165,2025-11-30 09:30:30+00:00,0.03025,0.02275,0.0335,0.03025
Bannatynes Cookridge Hall,180.0,0.0,10.165,2025-11-30 09:45:30+00:00,0.035,0.02675,0.03875,0.035
Bannatynes Cookridge Hall,180.0,0.0,10.165,2025-11-30 10:00:30+00:00,0.03925,0.03075,0.04375,0.03925
Bannatynes Cookridge Hall,180.0,0.0,10.165,2025-11-30 10:15:30+00:00,0.04325,0.034,0.048,0.04325
Bannatynes Cookridge Hall,180.0,0.0,10.165,2025-11-30 10:30:30+00:00,0.0465,0.03725,0.05175,0.0465
Bannatynes Cookridge Hall,180.0,0.0,10.165,2025-11-30 10:45:30+00:00,0.04925,0.03975,0.055,0.04925
Bannatynes Cookridge Hall,180.0,0.0,10.165,2025-11-30 11:00:30+00:00,0.0515,0.04175,0.0575,0.0515
Bannatynes Cookridge Hall,180.0,0.0,10.165,2025-11-30 11:15:30+00:00,0.053,0.0435,0.05925,0.053
Bannatynes Cookridge Hall,180.0,0.0,10.165,2025-11-30 11:30:30+00:00,0.05425,0.0445,0.0605,0.05425
Bannatynes Cookridge Hall,180.0,0.0,10.165,2025-11-30 11:45:30+00:00,0.05475,0.045,0.061,0.05475
Bannatynes Cookridge Hall,180.0,0.0,10.165,2025-11-30 12:00:30+00:00,0.0545,0.04475,0.06075,0.0545
Bannatynes Cookridge Hall,180.0,0.0,10.165,2025-11-30 12:15:30+00:00,0.0535,0.04375,0.06,0.0535
Bannatynes Cookridge Hall,180.0,0.0,10.165,2025-11-30 12:30:30+00:00,0.052,0.0425,0.05825,0.052
Bannatynes Cookridge Hall,180.0,0.0,10.165,2025-11-30 12:45:30+00:00,0.05,0.04025,0.056,0.05
Bannatynes Cookridge Hall,180.0,0.0,10.165,2025-11-30 13:00:30+00:00,0.04725,0.03775,0.05325,0.04725
Bannatynes Cookridge Hall,180.0,0.0,10.165,2025-11-30 13:15:30+00:00,0.044,0.03375,0.04975,0.044
Bannatynes Cookridge Hall,180.0,0.0,10.165,2025-11-30 13:30:30+00:00,0.04,0.02925,0.0455,0.04
Bannatynes Cookridge Hall,180.0,0.0,10.165,2025-11-30 13:45:30+00:00,0.0355,0.0235,0.041,0.0355
Bannatynes Cookridge Hall,180.0,0.0,10.165,2025-11-30 14:00:30+00:00,0.02675,0.019,0.03575,0.02675
Bannatynes Cookridge Hall,180.0,0.0,10.165,2025-11-30 14:15:30+00:00,0.02275,0.0145,0.03025,0.02275
Bannatynes Cookridge Hall,180.0,0.0,10.165,2025-11-30 14:30:30+00:00,0.019,0.012,0.02425,0.019
Bannatynes Cookridge Hall,180.0,0.0,10.165,2025-11-30 14:45:30+00:00,0.0155,0.00875,0.018,0.0155
Bannatynes Cookridge Hall,180.0,0.0,10.165,2025-11-30 15:00:30+00:00,0.00925,0.00525,0.012,0.00925
Bannatynes Cookridge Hall,180.0,0.0,10.165,2025-11-30 15:15:30+00:00,0.004,0.00225,0.006,0.004
Bannatynes Cookridge Hall,180.0,0.0,10.165,2025-11-30 15:30:30+00:00,0.001,0.00075,0.00125,0.001
Bannatynes Cookridge Hall,180.0,0.0,10.165,2025-11-30 15:45:30+00:00,0.0,0.0,0.0,0.0
Bannatynes Cookridge Hall,180.0,0.0,10.165,2025-11-30 16:00:30+00:00,0.0,0.0,0.0,0.0
Bannatynes Cookridge Hall,180.0,0.0,10.165,2025-11-30 16:15:30+00:00,0.0,0.0,0.0,0.0
Bannatynes Cookridge Hall,180.0,0.0,10.165,2025-11-30 16:30:30+00:00,0.0,0.0,0.0,0.0
Bannatynes Cookridge Hall,180.0,0.0,10.165,2025-11-30 16:45:30+00:00,0.0,0.0,0.0,0.0
Bannatynes Cookridge Hall,180.0,0.0,10.165,2025-11-30 17:00:30+00:00,0.0,0.0,0.0,0.0
Bannatynes Cookridge Hall,180.0,0.0,10.165,2025-11-30 17:15:30+00:00,0.0,0.0,0.0,0.0
Bannatynes Cookridge Hall,180.0,0.0,10.165,2025-11-30 17:30:30+00:00,0.0,0.0,0.0,0.0
Bannatynes Cookridge Hall,180.0,0.0,10.165,2025-11-30 17:45:30+00:00,0.0,0.0,0.0,0.0
Bannatynes Cookridge Hall,180.0,0.0,10.165,2025-11-30 18:00:30+00:00,0.0,0.0,0.0,0.0
Bannatynes Cookridge Hall,180.0,0.0,10.165,2025-11-30 18:15:30+00:00,0.0,0.0,0.0,0.0
Bannatynes Cookridge Hall,180.0,0.0,10.165,2025-11-30 18:30:30+00:00,0.0,0.0,0.0,0.0
Bannatynes Cookridge Hall,180.0,0.0,10.165,2025-11-30 18:45:30+00:00,0.0,0.0,0.0,0.0
Bannatynes Cookridge Hall,180.0,0.0,10.165,2025-11-30 19:00:30+00:00,0.0,0.0,0.0,0.0
Bannatynes Cookridge Hall,180.0,0.0,10.165,2025-11-30 19:15:30+00:00,0.0,0.0,0.0,0.0
Bannatynes Cookridge Hall,180.0,0.0,10.165,2025-11-30 19:30:30+00:00,0.0,0.0,0.0,0.0
Bannatynes Cookridge Hall,180.0,0.0,10.165,2025-11-30 19:45:30+00:00,0.0,0.0,0.0,0.0
Bannatynes Cookridge Hall,180.0,0.0,10.165,2025-11-30 20:00:30+00:00,0.0,0.0,0.0,0.0
Bannatynes Cookridge Hall,180.0,0.0,10.165,2025-11-30 20:15:30+00:00,0.0,0.0,0.0,0.0
Bannatynes Cookridge Hall,180.0,0.0,10.165,2025-11-30 20:30:30+00:00,0.0,0.0,0.0,0.0
Bannatynes Cookridge Hall,180.0,0.0,10.165,2025-11-30 20:45:30+00:00,0.0,0.0,0.0,0.0
Bannatynes Cookridge Hall,180.0,0.0,10.165,2025-11-30 21:00:30+00:00,0.0,0.0,0.0,0.0
Bannatynes Cookridge Hall,180.0,0.0,10.165,2025-11-30 21:15:30+00:00,0.0,0.0,0.0,0.0
Bannatynes Cookridge Hall,180.0,0.0,10.165,2025-11-30 21:30:30+00:00,0.0,0.0,0.0,0.0
Bannatynes Cookridge Hall,180.0,0.0,10.165,2025-11-30 21:45:30+00:00,0.0,0.0,0.0,0.0
Bannatynes Cookridge Hall,180.0,0.0,10.165,2025-11-30 22:00:30+00:00,0.0,0.0,0.0,0.0
Bannatynes Cookridge Hall,180.0,0.0,10.165,2025-11-30 22:15:30+00:00,0.0,0.0,0.0,0.0
Bannatynes Cookridge Hall,180.0,0.0,10.165,2025-11-30 22:30:30+00:00,0.0,0.0,0.0,0.0
Bannatynes Cookridge Hall,180.0,0.0,10.165,2025-11-30 22:45:30+00:00,0.0,0.0,0.0,0.0
Bannatynes Cookridge Hall,180.0,0.0,10.165,2025-11-30 23:00:30+00:00,0.0,0.0,0.0,0.0
Bannatynes Cookridge Hall,180.0,0.0,10.165,2025-11-30 23:15:30+00:00,0.0,0.0,0.0,0.0
Bannatynes Cookridge Hall,180.0,0.0,10.165,2025-11-30 23:30:30+00:00,0.0,0.0,0.0,0.0
Bannatynes Cookridge Hall,180.0,0.0,10.165,2025-11-30 23:45:30+00:00,0.0,0.0,0.0,0.0
Bannatynes Cookridge Hall,180.0,0.0,28.89,2025-11-19 00:00:30+00:00,0.0,0.0,0.0,0.0
Bannatynes Cookridge Hall,180.0,0.0,28.89,2025-11-19 00:15:30+00:00,0.0,0.0,0.0,0.0
Bannatynes Cookridge Hall,180.0,0.0,28.89,2025-11-19 00:30:30+00:00,0.0,0.0,0.0,0.0
Bannatynes Cookridge Hall,180.0,0.0,28.89,2025-11-19 00:45:30+00:00,0.0,0.0,0.0,0.0
Bannatynes Cookridge Hall,180.0,0.0,28.89,2025-11-19 01:00:30+00:00,0.0,0.0,0.0,0.0
Bannatynes Cookridge Hall,180.0,0.0,28.89,2025-11-19 01:15:30+00:00,0.0,0.0,0.0,0.0
Bannatynes Cookridge Hall,180.0,0.0,28.89,2025-11-19 01:30:30+00:00,0.0,0.0,0.0,0.0
Bannatynes Cookridge Hall,180.0,0.0,28.89,2025-11-19 01:45:30+00:00,0.0,0.0,0.0,0.0
Bannatynes Cookridge Hall,180.0,0.0,28.89,2025-11-19 02:00:30+00:00,0.0,0.0,0.0,0.0
Bannatynes Cookridge Hall,180.0,0.0,28.89,2025-11-19 02:15:30+00:00,0.0,0.0,0.0,0.0
Bannatynes Cookridge Hall,180.0,0.0,28.89,2025-11-19 02:30:30+00:00,0.0,0.0,0.0,0.0
Bannatynes Cookridge Hall,180.0,0.0,28.89,2025-11-19 02:45:30+00:00,0.0,0.0,0.0,0.0
Bannatynes Cookridge Hall,180.0,0.0,28.89,2025-11-19 03:00:30+00:00,0.0,0.0,0.0,0.0
Bannatynes Cookridge Hall,180.0,0.0,28.89,2025-11-19 03:15:30+00:00,0.0,0.0,0.0,0.0
Bannatynes Cookridge Hall,180.0,0.0,28.89,2025-11-19 03:30:30+00:00,0.0,0.0,0.0,0.0
Bannatynes Cookridge Hall,180.0,0.0,28.89,2025-11-19 03:45:30+00:00,0.0,0.0,0.0,0.0
Bannatynes Cookridge Hall,180.0,0.0,28.89,2025-11-19 04:00:30+00:00,0.0,0.0,0.0,0.0
Bannatynes Cookridge Hall,180.0,0.0,28.89,2025-11-19 04:15:30+00:00,0.0,0.0,0.0,0.0
Bannatynes Cookridge Hall,180.0,0.0,28.89,2025-11-19 04:30:30+00:00,0.0,0.0,0.0,0.0
Bannatynes Cookridge Hall,180.0,0.0,28.89,2025-11-19 04:45:30+00:00,0.0,0.0,0.0,0.0
Bannatynes Cookridge Hall,180.0,0.0,28.89,2025-11-19 05:00:30+00:00,0.0,0.0,0.0,0.0
Bannatynes Cookridge Hall,180.0,0.0,28.89,2025-11-19 05:15:30+00:00,0.0,0.0,0.0,0.0
Bannatynes Cookridge Hall,180.0,0.0,28.89,2025-11-19 05:30:30+00:00,0.0,0.0,0.0,0.0
Bannatynes Cookridge Hall,180.0,0.0,28.89,2025-11-19 05:45:30+00:00,0.0,0.0,0.0,0.0
Bannatynes Cookridge Hall,180.0,0.0,28.89,2025-11-19 06:00:30+00:00,0.0,0.0,0.0,0.0
Bannatynes Cookridge Hall,180.0,0.0,28.89,2025-11-19 06:15:30+00:00,0.0,0.0,0.0,0.0
Bannatynes Cookridge Hall,180.0,0.0,28.89,2025-11-19 06:30:30+00:00,0.0,0.0,0.0,0.0
Bannatynes Cookridge Hall,180.0,0.0,28.89,2025-11-19 06:45:30+00:00,0.0,0.0,0.0,0.0
Bannatynes Cookridge Hall,180.0,0.0,28.89,2025-11-19 07:00:30+00:00,0.0,0.0,0.0,0.0
Bannatynes Cookridge Hall,180.0,0.0,28.89,2025-11-19 07:15:30+00:00,0.0,0.0,0.0,0.0
Bannatynes Cookridge Hall,180.0,0.0,28.89,2025-11-19 07:30:30+00:00,0.0,0.0,0.0,0.0
Bannatynes Cookridge Hall,180.0,0.0,28.89,2025-11-19 07:45:30+00:00,0.0005,0.0,0.001,0.0005
Bannatynes Cookridge Hall,180.0,0.0,28.89,2025-11-19 08:00:30+00:00,0.0025,0.0005,0.00575,0.0025
Bannatynes Cookridge Hall,180.0,0.0,28.89,2025-11-19 08:15:30+00:00,0.0065,0.00125,0.0105,0.0065
Bannatynes Cookridge Hall,180.0,0.0,28.89,2025-11-19 08:30:30+00:00,0.00425,0.0015,0.01425,0.00425
Bannatynes Cookridge Hall,180.0,0.0,28.89,2025-11-19 08:45:30+00:00,0.0035,0.002,0.01425,0.0035
Bannatynes Cookridge Hall,180.0,0.0,28.89,2025-11-19 09:00:30+00:00,0.011,0.0025,0.023,0.011
Bannatynes Cookridge Hall,180.0,0.0,28.89,2025-11-19 09:15:30+00:00,0.01375,0.003,0.02725,0.01375
Bannatynes Cookridge Hall,180.0,0.0,28.89,2025-11-19 09:30:30+00:00,0.01925,0.005,0.029,0.01925
Bannatynes Cookridge Hall,180.0,0.0,28.89,2025-11-19 09:45:30+00:00,0.018,0.005,0.033,0.018
Bannatynes Cookridge Hall,180.0,0.0,28.89,2025-11-19 10:00:30+00:00,0.0195,0.00425,0.0385,0.0195
Bannatynes Cookridge Hall,180.0,0.0,28.89,2025-11-19 10:15:30+00:00,0.02425,0.006,0.051,0.02425
Bannatynes Cookridge Hall,180.0,0.0,28.89,2025-11-19 10:30:30+00:00,0.0415,0.00825,0.0545,0.0415
Bannatynes Cookridge Hall,180.0,0.0,28.89,2025-11-19 10:45:30+00:00,0.025,0.005,0.0555,0.025
Bannatynes Cookridge Hall,180.0,0.0,28.89,2025-11-19 11:00:30+00:00,0.0225,0.00525,0.05225,0.0225
Bannatynes Cookridge Hall,180.0,0.0,28.89,2025-11-19 11:15:30+00:00,0.0365,0.0105,0.05525,0.0365
Bannatynes Cookridge Hall,180.0,0.0,28.89,2025-11-19 11:30:30+00:00,0.03925,0.01475,0.0545,0.03925
Bannatynes Cookridge Hall,180.0,0.0,28.89,2025-11-19 11:45:30+00:00,0.028,0.0115,0.05025,0.028
Bannatynes Cookridge Hall,180.0,0.0,28.89,2025-11-19 12:00:30+00:00,0.0255,0.008,0.047,0.0255
Bannatynes Cookridge Hall,180.0,0.0,28.89,2025-11-19 12:15:30+00:00,0.0285,0.0085,0.052,0.0285
Bannatynes Cookridge Hall,180.0,0.0,28.89,2025-11-19 12:30:30+00:00,0.0365,0.01075,0.05875,0.0365
Bannatynes Cookridge Hall,180.0,0.0,28.89,2025-11-19 12:45:30+00:00,0.03875,0.0165,0.062,0.03875
Bannatynes Cookridge Hall,180.0,0.0,28.89,2025-11-19 13:00:30+00:00,0.04225,0.0225,0.0605,0.04225
Bannatynes Cookridge Hall,180.0,0.0,28.89,2025-11-19 13:15:30+00:00,0.0435,0.0275,0.056,0.0435
Bannatynes Cookridge Hall,180.0,0.0,28.89,2025-11-19 13:30:30+00:00,0.0395,0.02675,0.05075,0.0395
Bannatynes Cookridge Hall,180.0,0.0,28.89,2025-11-19 13:45:30+00:00,0.03325,0.02475,0.04575,0.03325
Bannatynes Cookridge Hall,180.0,0.0,28.89,2025-11-19 14:00:30+00:00,0.033,0.02125,0.04125,0.033
Bannatynes Cookridge Hall,180.0,0.0,28.89,2025-11-19 14:15:30+00:00,0.0275,0.01825,0.03625,0.0275
Bannatynes Cookridge Hall,180.0,0.0,28.89,2025-11-19 14:30:30+00:00,0.02125,0.014,0.03,0.02125
Bannatynes Cookridge Hall,180.0,0.0,28.89,2025-11-19 14:45:30+00:00,0.01725,0.0105,0.02425,0.01725
Bannatynes Cookridge Hall,180.0,0.0,28.89,2025-11-19 15:00:30+00:00,0.0135,0.00775,0.0185,0.0135
Bannatynes Cookridge Hall,180.0,0.0,28.89,2025-11-19 15:15:30+00:00,0.00875,0.005,0.012,0.00875
Bannatynes Cookridge Hall,180.0,0.0,28.89,2025-11-19 15:30:30+00:00,0.0035,0.0025,0.0055,0.0035
Bannatynes Cookridge Hall,180.0,0.0,28.89,2025-11-19 15:45:30+00:00,0.0015,0.001,0.00225,0.0015
Bannatynes Cookridge Hall,180.0,0.0,28.89,2025-11-19 16:00:30+00:00,0.0,0.0,0.0,0.0
Bannatynes Cookridge Hall,180.0,0.0,28.89,2025-11-19 16:15:30+00:00,0.0,0.0,0.0,0.0
Bannatynes Cookridge Hall,180.0,0.0,28.89,2025-11-19 16:30:30+00:00,0.0,0.0,0.0,0.0
Bannatynes Cookridge Hall,180.0,0.0,28.89,2025-11-19 16:45:30+00:00,0.0,0.0,0.0,0.0
Bannatynes Cookridge Hall,180.0,0.0,28.89,2025-11-19 17:00:30+00:00,0.0,0.0,0.0,0.0
Bannatynes Cookridge Hall,180.0,0.0,28.89,2025-11-19 17:15:30+00:00,0.0,0.0,0.0,0.0
Bannatynes Cookridge Hall,180.0,0.0,28.89,2025-11-19 17:30:30+00:00,0.0,0.0,0.0,0.0
Bannatynes Cookridge Hall,180.0,0.0,28.89,2025-11-19 17:45:30+00:00,0.0,0.0,0.0,0.0
Bannatynes Cookridge Hall,180.0,0.0,28.89,2025-11-19 18:00:30+00:00,0.0,0.0,0.0,0.0
Bannatynes Cookridge Hall,180.0,0.0,28.89,2025-11-19 18:15:30+00:00,0.0,0.0,0.0,0.0
Bannatynes Cookridge Hall,180.0,0.0,28.89,2025-11-19 18:30:30+00:00,0.0,0.0,0.0,0.0
Bannatynes Cookridge Hall,180.0,0.0,28.89,2025-11-19 18:45:30+00:00,0.0,0.0,0.0,0.0
Bannatynes Cookridge Hall,180.0,0.0,28.89,2025-11-19 19:00:30+00:00,0.0,0.0,0.0,0.0
Bannatynes Cookridge Hall,180.0,0.0,28.89,2025-11-19 19:15:30+00:00,0.0,0.0,0.0,0.0
Bannatynes Cookridge Hall,180.0,0.0,28.89,2025-11-19 19:30:30+00:00,0.0,0.0,0.0,0.0
Bannatynes Cookridge Hall,180.0,0.0,28.89,2025-11-19 19:45:30+00:00,0.0,0.0,0.0,0.0
Bannatynes Cookridge Hall,180.0,0.0,28.89,2025-11-19 20:00:30+00:00,0.0,0.0,0.0,0.0
Bannatynes Cookridge Hall,180.0,0.0,28.89,2025-11-19 20:15:30+00:00,0.0,0.0,0.0,0.0
Bannatynes Cookridge Hall,180.0,0.0,28.89,2025-11-19 20:30:30+00:00,0.0,0.0,0.0,0.0
Bannatynes Cookridge Hall,180.0,0.0,28.89,2025-11-19 20:45:30+00:00,0.0,0.0,0.0,0.0
Bannatynes Cookridge Hall,180.0,0.0,28.89,2025-11-19 21:00:30+00:00,0.0,0.0,0.0,0.0
Bannatynes Cookridge Hall,180.0,0.0,28.89,2025-11-19 21:15:30+00:00,0.0,0.0,0.0,0.0
Bannatynes Cookridge Hall,180.0,0.0,28.89,2025-11-19 21:30:30+00:00,0.0,0.0,0.0,0.0
Bannatynes Cookridge Hall,180.0,0.0,28.89,2025-11-19 21:45:30+00:00,0.0,0.0,0.0,0.0
Bannatynes Cookridge Hall,180.0,0.0,28.89,2025-11-19 22:00:30+00:00,0.0,0.0,0.0,0.0
Bannatynes Cookridge Hall,180.0,0.0,28.89,2025-11-19 22:15:30+00:00,0.0,0.0,0.0,0.0
Bannatynes Cookridge Hall,180.0,0.0,28.89,2025-11-19 22:30:30+00:00,0.0,0.0,0.0,0.0
Bannatynes Cookridge Hall,180.0,0.0,28.89,2025-11-19 22:45:30+00:00,0.0,0.0,0.0,0.0
Bannatynes Cookridge Hall,180.0,0.0,28.89,2025-11-19 23:00:30+00:00,0.0,0.0,0.0,0.0
Bannatynes Cookridge Hall,180.0,0.0,28.89,2025-11-19 23:15:30+00:00,0.0,0.0,0.0,0.0
Bannatynes Cookridge Hall,180.0,0.0,28.89,2025-11-19 23:30:30+00:00,0.0,0.0,0.0,0.0
Bannatynes Cookridge Hall,180.0,0.0,28.89,2025-11-19 23:45:30+00:00,0.0,0.0,0.0,0.0
Bannatynes Cookridge Hall,180.0,0.0,28.89,2025-11-20 00:00:30+00:00,0.0,0.0,0.0,0.0
Bannatynes Cookridge Hall,180.0,0.0,28.89,2025-11-20 00:15:30+00:00,0.0,0.0,0.0,0.0
Bannatynes Cookridge Hall,180.0,0.0,28.89,2025-11-20 00:30:30+00:00,0.0,0.0,0.0,0.0
Bannatynes Cookridge Hall,180.0,0.0,28.89,2025-11-20 00:45:30+00:00,0.0,0.0,0.0,0.0
Bannatynes Cookridge Hall,180.0,0.0,28.89,2025-11-20 01:00:30+00:00,0.0,0.0,0.0,0.0
Bannatynes Cookridge Hall,180.0,0.0,28.89,2025-11-20 01:15:30+00:00,0.0,0.0,0.0,0.0
Bannatynes Cookridge Hall,180.0,0.0,28.89,2025-11-20 01:30:30+00:00,0.0,0.0,0.0,0.0
Bannatynes Cookridge Hall,180.0,0.0,28.89,2025-11-20 01:45:30+00:00,0.0,0.0,0.0,0.0
Bannatynes Cookridge Hall,180.0,0.0,28.89,2025-11-20 02:00:30+00:00,0.0,0.0,0.0,0.0
Bannatynes Cookridge Hall,180.0,0.0,28.89,2025-11-20 02:15:30+00:00,0.0,0.0,0.0,0.0
Bannatynes Cookridge Hall,180.0,0.0,28.89,2025-11-20 02:30:30+00:00,0.0,0.0,0.0,0.0
Bannatynes Cookridge Hall,180.0,0.0,28.89,2025-11-20 02:45:30+00:00,0.0,0.0,0.0,0.0
Bannatynes Cookridge Hall,180.0,0.0,28.89,2025-11-20 03:00:30+00:00,0.0,0.0,0.0,0.0
Bannatynes Cookridge Hall,180.0,0.0,28.89,2025-11-20 03:15:30+00:00,0.0,0.0,0.0,0.0
Bannatynes Cookridge Hall,180.0,0.0,28.89,2025-11-20 03:30:30+00:00,0.0,0.0,0.0,0.0
Bannatynes Cookridge Hall,180.0,0.0,28.89,2025-11-20 03:45:30+00:00,0.0,0.0,0.0,0.0
Bannatynes Cookridge Hall,180.0,0.0,28.89,2025-11-20 04:00:30+00:00,0.0,0.0,0.0,0.0
Bannatynes Cookridge Hall,180.0,0.0,28.89,2025-11-20 04:15:30+00:00,0.0,0.0,0.0,0.0
Bannatynes Cookridge Hall,180.0,0.0,28.89,2025-11-20 04:30:30+00:00,0.0,0.0,0.0,0.0
Bannatynes Cookridge Hall,180.0,0.0,28.89,2025-11-20 04:45:30+00:00,0.0,0.0,0.0,0.0
Bannatynes Cookridge Hall,180.0,0.0,28.89,2025-11-20 05:00:30+00:00,0.0,0.0,0.0,0.0
Bannatynes Cookridge Hall,180.0,0.0,28.89,2025-11-20 05:15:30+00:00,0.0,0.0,0.0,0.0
Bannatynes Cookridge Hall,180.0,0.0,28.89,2025-11-20 05:30:30+00:00,0.0,0.0,0.0,0.0
Bannatynes Cookridge Hall,180.0,0.0,28.89,2025-11-20 05:45:30+00:00,0.0,0.0,0.0,0.0
Bannatynes Cookridge Hall,180.0,0.0,28.89,2025-11-20 06:00:30+00:00,0.0,0.0,0.0,0.0
Bannatynes Cookridge Hall,180.0,0.0,28.89,2025-11-20 06:15:30+00:00,0.0,0.0,0.0,0.0
Bannatynes Cookridge Hall,180.0,0.0,28.89,2025-11-20 06:30:30+00:00,0.0,0.0,0.0,0.0
Bannatynes Cookridge Hall,180.0,0.0,28.89,2025-11-20 06:45:30+00:00,0.0,0.0,0.0,0.0
Bannatynes Cookridge Hall,180.0,0.0,28.89,2025-11-20 07:00:30+00:00,0.0,0.0,0.0,0.0
Bannatynes Cookridge Hall,180.0,0.0,28.89,2025-11-20 07:15:30+00:00,0.0,0.0,0.0,0.0
Bannatynes Cookridge Hall,180.0,0.0,28.89,2025-11-20 07:30:30+00:00,0.0,0.0,0.0,0.0
Bannatynes Cookridge Hall,180.0,0.0,28.89,2025-11-20 07:45:30+00:00,0.0005,0.00025,0.00075,0.0005
Bannatynes Cookridge Hall,180.0,0.0,28.89,2025-11-20 08:00:30+00:00,0.00375,0.00275,0.00475,0.00375
Bannatynes Cookridge Hall,180.0,0.0,28.89,2025-11-20 08:15:30+00:00,0.009,0.00525,0.01125,0.009
Bannatynes Cookridge Hall,180.0,0.0,28.89,2025-11-20 08:30:30+00:00,0.013,0.0085,0.018,0.013
Bannatynes Cookridge Hall,180.0,0.0,28.89,2025-11-20 08:45:30+00:00,0.019,0.012,0.02475,0.019
Bannatynes Cookridge Hall,180.0,0.0,28.89,2025-11-20 09:00:30+00:00,0.024,0.017,0.0315,0.024
Bannatynes Cookridge Hall,180.0,0.0,28.89,2025-11-20 09:15:30+00:00,0.03175,0.02125,0.038,0.03175
Bannatynes Cookridge Hall,180.0,0.0,28.89,2025-11-20 09:30:30+00:00,0.035,0.026,0.04425,0.035
Bannatynes Cookridge Hall,180.0,0.0,28.89,2025-11-20 09:45:30+00:00,0.04025,0.0305,0.04975,0.04025
Bannatynes Cookridge Hall,180.0,0.0,28.89,2025-11-20 10:00:30+00:00,0.047,0.0345,0.05475,0.047
Bannatynes Cookridge Hall,180.0,0.0,28.89,2025-11-20 10:15:30+00:00,0.04825,0.03725,0.05925,0.04825
Bannatynes Cookridge Hall,180.0,0.0,28.89,2025-11-20 10:30:30+00:00,0.0495,0.03925,0.06175,0.0495
Bannatynes Cookridge Hall,180.0,0.0,28.89,2025-11-20 10:45:30+00:00,0.0535,0.04175,0.06475,0.0535
Bannatynes Cookridge Hall,180.0,0.0,28.89,2025-11-20 11:00:30+00:00,0.0565,0.04525,0.068,0.0565
Bannatynes Cookridge Hall,180.0,0.0,28.89,2025-11-20 11:15:30+00:00,0.0595,0.048,0.0705,0.0595
Bannatynes Cookridge Hall,180.0,0.0,28.89,2025-11-20 11:30:30+00:00,0.0615,0.05025,0.07175,0.0615
Bannatynes Cookridge Hall,180.0,0.0,28.89,2025-11-20 11:45:30+00:00,0.062,0.05125,0.072,0.062
Bannatynes Cookridge Hall,180.0,0.0,28.89,2025-11-20 12:00:30+00:00,0.0615,0.05075,0.07125,0.0615
Bannatynes Cookridge Hall,180.0,0.0,28.89,2025-11-20 12:15:30+00:00,0.05925,0.04925,0.07,0.05925
Bannatynes Cookridge Hall,180.0,0.0,28.89,2025-11-20 12:30:30+00:00,0.05825,0.048,0.06875,0.05825
Bannatynes Cookridge Hall,180.0,0.0,28.89,2025-11-20 12:45:30+00:00,0.05725,0.0465,0.06625,0.05725
Bannatynes Cookridge Hall,180.0,0.0,28.89,2025-11-20 13:00:30+00:00,0.05525,0.0445,0.06325,0.05525
Bannatynes Cookridge Hall,180.0,0.0,28.89,2025-11-20 13:15:30+00:00,0.0515,0.0415,0.05925,0.0515
Bannatynes Cookridge Hall,180.0,0.0,28.89,2025-11-20 13:30:30+00:00,0.0475,0.0375,0.05475,0.0475
Bannatynes Cookridge Hall,180.0,0.0,28.89,2025-11-20 13:45:30+00:00,0.04275,0.033,0.04975,0.04275
Bannatynes Cookridge Hall,180.0,0.0,28.89,2025-11-20 14:00:30+00:00,0.03725,0.028,0.04425,0.03725
Bannatynes Cookridge Hall,180.0,0.0,28.89,2025-11-20 14:15:30+00:00,0.03125,0.02325,0.038,0.03125
Bannatynes Cookridge Hall,180.0,0.0,28.89,2025-11-20 14:30:30+00:00,0.026,0.01875,0.03175,0.026
Bannatynes Cookridge Hall,180.0,0.0,28.89,2025-11-20 14:45:30+00:00,0.0205,0.01375,0.025,0.0205
Bannatynes Cookridge Hall,180.0,0.0,28.89,2025-11-20 15:00:30+00:00,0.0145,0.00925,0.018,0.0145
Bannatynes Cookridge Hall,180.0,0.0,28.89,2025-11-20 15:15:30+00:00,0.00875,0.005,0.01125,0.00875
Bannatynes Cookridge Hall,180.0,0.0,28.89,2025-11-20 15:30:30+00:00,0.00325,0.0025,0.00475,0.00325
Bannatynes Cookridge Hall,180.0,0.0,28.89,2025-11-20 15:45:30+00:00,0.0015,0.00075,0.00175,0.0015
Bannatynes Cookridge Hall,180.0,0.0,28.89,2025-11-20 16:00:30+00:00,0.0,0.0,0.0,0.0
Bannatynes Cookridge Hall,180.0,0.0,28.89,2025-11-20 16:15:30+00:00,0.0,0.0,0.0,0.0
Bannatynes Cookridge Hall,180.0,0.0,28.89,2025-11-20 16:30:30+00:00,0.0,0.0,0.0,0.0
Bannatynes Cookridge Hall,180.0,0.0,28.89,2025-11-20 16:45:30+00:00,0.0,0.0,0.0,0.0
Bannatynes Cookridge Hall,180.0,0.0,28.89,2025-11-20 17:00:30+00:00,0.0,0.0,0.0,0.0
Bannatynes Cookridge Hall,180.0,0.0,28.89,2025-11-20 17:15:30+00:00,0.0,0.0,0.0,0.0
Bannatynes Cookridge Hall,180.0,0.0,28.89,2025-11-20 17:30:30+00:00,0.0,0.0,0.0,0.0
Bannatynes Cookridge Hall,180.0,0.0,28.89,2025-11-20 17:45:30+00:00,0.0,0.0,0.0,0.0
Bannatynes Cookridge Hall,180.0,0.0,28.89,2025-11-20 18:00:30+00:00,0.0,0.0,0.0,0.0
Bannatynes Cookridge Hall,180.0,0.0,28.89,2025-11-20 18:15:30+00:00,0.0,0.0,0.0,0.0
Bannatynes Cookridge Hall,180.0,0.0,28.89,2025-11-20 18:30:30+00:00,0.0,0.0,0.0,0.0
Bannatynes Cookridge Hall,180.0,0.0,28.89,2025-11-20 18:45:30+00:00,0.0,0.0,0.0,0.0
Bannatynes Cookridge Hall,180.0,0.0,28.89,2025-11-20 19:00:30+00:00,0.0,0.0,0.0,0.0
Bannatynes Cookridge Hall,180.0,0.0,28.89,2025-11-20 19:15:30+00:00,0.0,0.0,0.0,0.0
Bannatynes Cookridge Hall,180.0,0.0,28.89,2025-11-20 19:30:30+00:00,0.0,0.0,0.0,0.0
Bannatynes Cookridge Hall,180.0,0.0,28.89,2025-11-20 19:45:30+00:00,0.0,0.0,0.0,0.0
Bannatynes Cookridge Hall,180.0,0.0,28.89,2025-11-20 20:00:30+00:00,0.0,0.0,0.0,0.0
Bannatynes Cookridge Hall,180.0,0.0,28.89,2025-11-20 20:15:30+00:00,0.0,0.0,0.0,0.0
Bannatynes Cookridge Hall,180.0,0.0,28.89,2025-11-20 20:30:30+00:00,0.0,0.0,0.0,0.0
Bannatynes Cookridge Hall,180.0,0.0,28.89,2025-11-20 20:45:30+00:00,0.0,0.0,0.0,0.0
Bannatynes Cookridge Hall,180.0,0.0,28.89,2025-11-20 21:00:30+00:00,0.0,0.0,0.0,0.0
Bannatynes Cookridge Hall,180.0,0.0,28.89,2025-11-20 21:15:30+00:00,0.0,0.0,0.0,0.0
Bannatynes Cookridge Hall,180.0,0.0,28.89,2025-11-20 21:30:30+00:00,0.0,0.0,0.0,0.0
Bannatynes Cookridge Hall,180.0,0.0,28.89,2025-11-20 21:45:30+00:00,0.0,0.0,0.0,0.0
Bannatynes Cookridge Hall,180.0,0.0,28.89,2025-11-20 22:00:30+00:00,0.0,0.0,0.0,0.0
Bannatynes Cookridge Hall,180.0,0.0,28.89,2025-11-20 22:15:30+00:00,0.0,0.0,0.0,0.0
Bannatynes Cookridge Hall,180.0,0.0,28.89,2025-11-20 22:30:30+00:00,0.0,0.0,0.0,0.0
Bannatynes Cookridge Hall,180.0,0.0,28.89,2025-11-20 22:45:30+00:00,0.0,0.0,0.0,0.0
Bannatynes Cookridge Hall,180.0,0.0,28.89,2025-11-20 23:00:30+00:00,0.0,0.0,0.0,0.0
Bannatynes Cookridge Hall,180.0,0.0,28.89,2025-11-20 23:15:30+00:00,0.0,0.0,0.0,0.0
Bannatynes Cookridge Hall,180.0,0.0,28.89,2025-11-20 23:30:30+00:00,0.0,0.0,0.0,0.0
Bannatynes Cookridge Hall,180.0,0.0,28.89,2025-11-20 23:45:30+00:00,0.0,0.0,0.0,0.0
Bannatynes Cookridge Hall,180.0,0.0,28.89,2025-11-21 00:00:30+00:00,0.0,0.0,0.0,0.0
Bannatynes Cookridge Hall,180.0,0.0,28.89,2025-11-21 00:15:30+00:00,0.0,0.0,0.0,0.0
Bannatynes Cookridge Hall,180.0,0.0,28.89,2025-11-21 00:30:30+00:00,0.0,0.0,0.0,0.0
Bannatynes Cookridge Hall,180.0,0.0,28.89,2025-11-21 00:45:30+00:00,0.0,0.0,0.0,0.0
Bannatynes Cookridge Hall,180.0,0.0,28.89,2025-11-21 01:00:30+00:00,0.0,0.0,0.0,0.0
Bannatynes Cookridge Hall,180.0,0.0,28.89,2025-11-21 01:15:30+00:00,0.0,0.0,0.0,0.0
Bannatynes Cookridge Hall,180.0,0.0,28.89,2025-11-21 01:30:30+00:00,0.0,0.0,0.0,0.0
Bannatynes Cookridge Hall,180.0,0.0,28.89,2025-11-21 01:45:30+00:00,0.0,0.0,0.0,0.0
Bannatynes Cookridge Hall,180.0,0.0,28.89,2025-11-21 02:00:30+00:00,0.0,0.0,0.0,0.0
Bannatynes Cookridge Hall,180.0,0.0,28.89,2025-11-21 02:15:30+00:00,0.0,0.0,0.0,0.0
Bannatynes Cookridge Hall,180.0,0.0,28.89,2025-11-21 02:30:30+00:00,0.0,0.0,0.0,0.0
Bannatynes Cookridge Hall,180.0,0.0,28.89,2025-11-21 02:45:30+00:00,0.0,0.0,0.0,0.0
Bannatynes Cookridge Hall,180.0,0.0,28.89,2025-11-21 03:00:30+00:00,0.0,0.0,0.0,0.0
Bannatynes Cookridge Hall,180.0,0.0,28.89,2025-11-21 03:15:30+00:00,0.0,0.0,0.0,0.0
Bannatynes Cookridge Hall,180.0,0.0,28.89,2025-11-21 03:30:30+00:00,0.0,0.0,0.0,0.0
Bannatynes Cookridge Hall,180.0,0.0,28.89,2025-11-21 03:45:30+00:00,0.0,0.0,0.0,0.0
Bannatynes Cookridge Hall,180.0,0.0,28.89,2025-11-21 04:00:30+00:00,0.0,0.0,0.0,0.0
Bannatynes Cookridge Hall,180.0,0.0,28.89,2025-11-21 04:15:30+00:00,0.0,0.0,0.0,0.0
Bannatynes Cookridge Hall,180.0,0.0,28.89,2025-11-21 04:30:30+00:00,0.0,0.0,0.0,0.0
Bannatynes Cookridge Hall,180.0,0.0,28.89,2025-11-21 04:45:30+00:00,0.0,0.0,0.0,0.0
Bannatynes Cookridge Hall,180.0,0.0,28.89,2025-11-21 05:00:30+00:00,0.0,0.0,0.0,0.0
Bannatynes Cookridge Hall,180.0,0.0,28.89,2025-11-21 05:15:30+00:00,0.0,0.0,0.0,0.0
Bannatynes Cookridge Hall,180.0,0.0,28.89,2025-11-21 05:30:30+00:00,0.0,0.0,0.0,0.0
Bannatynes Cookridge Hall,180.0,0.0,28.89,2025-11-21 05:45:30+00:00,0.0,0.0,0.0,0.0
Bannatynes Cookridge Hall,180.0,0.0,28.89,2025-11-21 06:00:30+00:00,0.0,0.0,0.0,0.0
Bannatynes Cookridge Hall,180.0,0.0,28.89,2025-11-21 06:15:30+00:00,0.0,0.0,0.0,0.0
Bannatynes Cookridge Hall,180.0,0.0,28.89,2025-11-21 06:30:30+00:00,0.0,0.0,0.0,0.0
Bannatynes Cookridge Hall,180.0,0.0,28.89,2025-11-21 06:45:30+00:00,0.0,0.0,0.0,0.0
Bannatynes Cookridge Hall,180.0,0.0,28.89,2025-11-21 07:00:30+00:00,0.0,0.0,0.0,0.0
Bannatynes Cookridge Hall,180.0,0.0,28.89,2025-11-21 07:15:30+00:00,0.0,0.0,0.0,0.0
Bannatynes Cookridge Hall,180.0,0.0,28.89,2025-11-21 07:30:30+00:00,0.0,0.0,0.0,0.0
Bannatynes Cookridge Hall,180.0,0.0,28.89,2025-11-21 07:45:30+00:00,0.00025,0.00025,0.00025,0.00025
Bannatynes Cookridge Hall,180.0,0.0,28.89,2025-11-21 08:00:30+00:00,0.0035,0.0025,0.00425,0.0035
Bannatynes Cookridge Hall,180.0,0.0,28.89,2025-11-21 08:15:30+00:00,0.00825,0.0055,0.0105,0.00825
Bannatynes Cookridge Hall,180.0,0.0,28.89,2025-11-21 08:30:30+00:00,0.014,0.0095,0.01725,0.014
Bannatynes Cookridge Hall,180.0,0.0,28.89,2025-11-21 08:45:30+00:00,0.01975,0.01375,0.02425,0.01975
Bannatynes Cookridge Hall,180.0,0.0,28.89,2025-11-21 09:00:30+00:00,0.0255,0.01825,0.031,0.0255
Bannatynes Cookridge Hall,180.0,0.0,28.89,2025-11-21 09:15:30+00:00,0.03125,0.023,0.0375,0.03125
Bannatynes Cookridge Hall,180.0,0.0,28.89,2025-11-21 09:30:30+00:00,0.0365,0.0275,0.0435,0.0365
Bannatynes Cookridge Hall,180.0,0.0,28.89,2025-11-21 09:45:30+00:00,0.04125,0.032,0.049,0.04125
Bannatynes Cookridge Hall,180.0,0.0,28.89,2025-11-21 10:00:30+00:00,0.04575,0.036,0.05425,0.04575
Bannatynes Cookridge Hall,180.0,0.0,28.89,2025-11-21 10:15:30+00:00,0.04975,0.03975,0.05875,0.04975
Bannatynes Cookridge Hall,180.0,0.0,28.89,2025-11-21 10:30:30+00:00,0.0535,0.043,0.0625,0.0535
Bannatynes Cookridge Hall,180.0,0.0,28.89,2025-11-21 10:45:30+00:00,0.056,0.045,0.06575,0.056
Bannatynes Cookridge Hall,180.0,0.0,28.89,2025-11-21 11:00:30+00:00,0.0565,0.04675,0.06825,0.0565
Bannatynes Cookridge Hall,180.0,0.0,28.89,2025-11-21 11:15:30+00:00,0.0595,0.0485,0.07,0.0595
Bannatynes Cookridge Hall,180.0,0.0,28.89,2025-11-21 11:30:30+00:00,0.06225,0.04975,0.07125,0.06225
Bannatynes Cookridge Hall,180.0,0.0,28.89,2025-11-21 11:45:30+00:00,0.06,0.05,0.0715,0.06
Bannatynes Cookridge Hall,180.0,0.0,28.89,2025-11-21 12:00:30+00:00,0.06075,0.04875,0.07075,0.06075
Bannatynes Cookridge Hall,180.0,0.0,28.89,2025-11-21 12:15:30+00:00,0.05825,0.04825,0.07,0.05825
Bannatynes Cookridge Hall,180.0,0.0,28.89,2025-11-21 12:30:30+00:00,0.05875,0.04725,0.06825,0.05875
Bannatynes Cookridge Hall,180.0,0.0,28.89,2025-11-21 12:45:30+00:00,0.058,0.046,0.06575,0.058
Bannatynes Cookridge Hall,180.0,0.0,28.89,2025-11-21 13:00:30+00:00,0.0555,0.0435,0.06275,0.0555
Bannatynes Cookridge Hall,180.0,0.0,28.89,2025-11-21 13:15:30+00:00,0.05075,0.03875,0.05875,0.05075
Bannatynes Cookridge Hall,180.0,0.0,28.89,2025-11-21 13:30:30+00:00,0.044,0.03375,0.05425,0.044
Bannatynes Cookridge Hall,180.0,0.0,28.89,2025-11-21 13:45:30+00:00,0.04225,0.02675,0.04925,0.04225
Bannatynes Cookridge Hall,180.0,0.0,28.89,2025-11-21 14:00:30+00:00,0.03525,0.0195,0.04375,0.03525
Bannatynes Cookridge Hall,180.0,0.0,28.89,2025-11-21 14:15:30+00:00,0.02575,0.012,0.03775,0.02575
Bannatynes Cookridge Hall,180.0,0.0,28.89,2025-11-21 14:30:30+00:00,0.01725,0.00825,0.03025,0.01725
Bannatynes Cookridge Hall,180.0,0.0,28.89,2025-11-21 14:45:30+00:00,0.0145,0.0065,0.02225,0.0145
Bannatynes Cookridge Hall,180.0,0.0,28.89,2025-11-21 15:00:30+00:00,0.011,0.0055,0.016,0.011
Bannatynes Cookridge Hall,180.0,0.0,28.89,2025-11-21 15:15:30+00:00,0.0065,0.0035,0.01,0.0065
Bannatynes Cookridge Hall,180.0,0.0,28.89,2025-11-21 15:30:30+00:00,0.00275,0.00175,0.0045,0.00275
Bannatynes Cookridge Hall,180.0,0.0,28.89,2025-11-21 15:45:30+00:00,0.001,0.0005,0.00175,0.001
Bannatynes Cookridge Hall,180.0,0.0,28.89,2025-11-21 16:00:30+00:00,0.0,0.0,0.0,0.0
Bannatynes Cookridge Hall,180.0,0.0,28.89,2025-11-21 16:15:30+00:00,0.0,0.0,0.0,0.0
Bannatynes Cookridge Hall,180.0,0.0,28.89,2025-11-21 16:30:30+00:00,0.0,0.0,0.0,0.0
Bannatynes Cookridge Hall,180.0,0.0,28.89,2025-11-21 16:45:30+00:00,0.0,0.0,0.0,0.0
Bannatynes Cookridge Hall,180.0,0.0,28.89,2025-11-21 17:00:30+00:00,0.0,0.0,0.0,0.0
Bannatynes Cookridge Hall,180.0,0.0,28.89,2025-11-21 17:15:30+00:00,0.0,0.0,0.0,0.0
Bannatynes Cookridge Hall,180.0,0.0,28.89,2025-11-21 17:30:30+00:00,0.0,0.0,0.0,0.0
Bannatynes Cookridge Hall,180.0,0.0,28.89,2025-11-21 17:45:30+00:00,0.0,0.0,0.0,0.0
Bannatynes Cookridge Hall,180.0,0.0,28.89,2025-11-21 18:00:30+00:00,0.0,0.0,0.0,0.0
Bannatynes Cookridge Hall,180.0,0.0,28.89,2025-11-21 18:15:30+00:00,0.0,0.0,0.0,0.0
Bannatynes Cookridge Hall,180.0,0.0,28.89,2025-11-21 18:30:30+00:00,0.0,0.0,0.0,0.0
Bannatynes Cookridge Hall,180.0,0.0,28.89,2025-11-21 18:45:30+00:00,0.0,0.0,0.0,0.0
Bannatynes Cookridge Hall,180.0,0.0,28.89,2025-11-21 19:00:30+00:00,0.0,0.0,0.0,0.0
Bannatynes Cookridge Hall,180.0,0.0,28.89,2025-11-21 19:15:30+00:00,0.0,0.0,0.0,0.0
Bannatynes Cookridge Hall,180.0,0.0,28.89,2025-11-21 19:30:30+00:00,0.0,0.0,0.0,0.0
Bannatynes Cookridge Hall,180.0,0.0,28.89,2025-11-21 19:45:30+00:00,0.0,0.0,0.0,0.0
Bannatynes Cookridge Hall,180.0,0.0,28.89,2025-11-21 20:00:30+00:00,0.0,0.0,0.0,0.0
Bannatynes Cookridge Hall,180.0,0.0,28.89,2025-11-21 20:15:30+00:00,0.0,0.0,0.0,0.0
Bannatynes Cookridge Hall,180.0,0.0,28.89,2025-11-21 20:30:30+00:00,0.0,0.0,0.0,0.0
Bannatynes Cookridge Hall,180.0,0.0,28.89,2025-11-21 20:45:30+00:00,0.0,0.0,0.0,0.0
Bannatynes Cookridge Hall,180.0,0.0,28.89,2025-11-21 21:00:30+00:00,0.0,0.0,0.0,0.0
Bannatynes Cookridge Hall,180.0,0.0,28.89,2025-11-21 21:15:30+00:00,0.0,0.0,0.0,0.0
Bannatynes Cookridge Hall,180.0,0.0,28.89,2025-11-21 21:30:30+00:00,0.0,0.0,0.0,0.0
Bannatynes Cookridge Hall,180.0,0.0,28.89,2025-11-21 21:45:30+00:00,0.0,0.0,0.0,0.0
Bannatynes Cookridge Hall,180.0,0.0,28.89,2025-11-21 22:00:30+00:00,0.0,0.0,0.0,0.0
Bannatynes Cookridge Hall,180.0,0.0,28.89,2025-11-21 22:15:30+00:00,0.0,0.0,0.0,0.0
Bannatynes Cookridge Hall,180.0,0.0,28.89,2025-11-21 22:30:30+00:00,0.0,0.0,0.0,0.0
Bannatynes Cookridge Hall,180.0,0.0,28.89,2025-11-21 22:45:30+00:00,0.0,0.0,0.0,0.0
Bannatynes Cookridge Hall,180.0,0.0,28.89,2025-11-21 23:00:30+00:00,0.0,0.0,0.0,0.0
Bannatynes Cookridge Hall,180.0,0.0,28.89,2025-11-21 23:15:30+00:00,0.0,0.0,0.0,0.0
Bannatynes Cookridge Hall,180.0,0.0,28.89,2025-11-21 23:30:30+00:00,0.0,0.0,0.0,0.0
Bannatynes Cookridge Hall,180.0,0.0,28.89,2025-11-21 23:45:30+00:00,0.0,0.0,0.0,0.0
Bannatynes Cookridge Hall,180.0,0.0,28.89,2025-11-22 00:00:30+00:00,0.0,0.0,0.0,0.0
Bannatynes Cookridge Hall,180.0,0.0,28.89,2025-11-22 00:15:30+00:00,0.0,0.0,0.0,0.0
Bannatynes Cookridge Hall,180.0,0.0,28.89,2025-11-22 00:30:30+00:00,0.0,0.0,0.0,0.0
Bannatynes Cookridge Hall,180.0,0.0,28.89,2025-11-22 00:45:30+00:00,0.0,0.0,0.0,0.0
Bannatynes Cookridge Hall,180.0,0.0,28.89,2025-11-22 01:00:30+00:00,0.0,0.0,0.0,0.0
Bannatynes Cookridge Hall,180.0,0.0,28.89,2025-11-22 01:15:30+00:00,0.0,0.0,0.0,0.0
Bannatynes Cookridge Hall,180.0,0.0,28.89,2025-11-22 01:30:30+00:00,0.0,0.0,0.0,0.0
Bannatynes Cookridge Hall,180.0,0.0,28.89,2025-11-22 01:45:30+00:00,0.0,0.0,0.0,0.0
Bannatynes Cookridge Hall,180.0,0.0,28.89,2025-11-22 02:00:30+00:00,0.0,0.0,0.0,0.0
Bannatynes Cookridge Hall,180.0,0.0,28.89,2025-11-22 02:15:30+00:00,0.0,0.0,0.0,0.0
Bannatynes Cookridge Hall,180.0,0.0,28.89,2025-11-22 02:30:30+00:00,0.0,0.0,0.0,0.0
Bannatynes Cookridge Hall,180.0,0.0,28.89,2025-11-22 02:45:30+00:00,0.0,0.0,0.0,0.0
Bannatynes Cookridge Hall,180.0,0.0,28.89,2025-11-22 03:00:30+00:00,0.0,0.0,0.0,0.0
Bannatynes Cookridge Hall,180.0,0.0,28.89,2025-11-22 03:15:30+00:00,0.0,0.0,0.0,0.0
Bannatynes Cookridge Hall,180.0,0.0,28.89,2025-11-22 03:30:30+00:00,0.0,0.0,0.0,0.0
Bannatynes Cookridge Hall,180.0,0.0,28.89,2025-11-22 03:45:30+00:00,0.0,0.0,0.0,0.0
Bannatynes Cookridge Hall,180.0,0.0,28.89,2025-11-22 04:00:30+00:00,0.0,0.0,0.0,0.0
Bannatynes Cookridge Hall,180.0,0.0,28.89,2025-11-22 04:15:30+00:00,0.0,0.0,0.0,0.0
Bannatynes Cookridge Hall,180.0,0.0,28.89,2025-11-22 04:30:30+00:00,0.0,0.0,0.0,0.0
Bannatynes Cookridge Hall,180.0,0.0,28.89,2025-11-22 04:45:30+00:00,0.0,0.0,0.0,0.0
Bannatynes Cookridge Hall,180.0,0.0,28.89,2025-11-22 05:00:30+00:00,0.0,0.0,0.0,0.0
Bannatynes Cookridge Hall,180.0,0.0,28.89,2025-11-22 05:15:30+00:00,0.0,0.0,0.0,0.0
Bannatynes Cookridge Hall,180.0,0.0,28.89,2025-11-22 05:30:30+00:00,0.0,0.0,0.0,0.0
Bannatynes Cookridge Hall,180.0,0.0,28.89,2025-11-22 05:45:30+00:00,0.0,0.0,0.0,0.0
Bannatynes Cookridge Hall,180.0,0.0,28.89,2025-11-22 06:00:30+00:00,0.0,0.0,0.0,0.0
Bannatynes Cookridge Hall,180.0,0.0,28.89,2025-11-22 06:15:30+00:00,0.0,0.0,0.0,0.0
Bannatynes Cookridge Hall,180.0,0.0,28.89,2025-11-22 06:30:30+00:00,0.0,0.0,0.0,0.0
Bannatynes Cookridge Hall,180.0,0.0,28.89,2025-11-22 06:45:30+00:00,0.0,0.0,0.0,0.0
Bannatynes Cookridge Hall,180.0,0.0,28.89,2025-11-22 07:00:30+00:00,0.0,0.0,0.0,0.0
Bannatynes Cookridge Hall,180.0,0.0,28.89,2025-11-22 07:15:30+00:00,0.0,0.0,0.0,0.0
Bannatynes Cookridge Hall,180.0,0.0,28.89,2025-11-22 07:30:30+00:00,0.0,0.0,0.0,0.0
Bannatynes Cookridge Hall,180.0,0.0,28.89,2025-11-22 07:45:30+00:00,0.0,0.0,0.0,0.0
Bannatynes Cookridge Hall,180.0,0.0,28.89,2025-11-22 08:00:30+00:00,0.00275,0.00175,0.0035,0.00275
Bannatynes Cookridge Hall,180.0,0.0,28.89,2025-11-22 08:15:30+00:00,0.00675,0.00375,0.00925,0.00675
Bannatynes Cookridge Hall,180.0,0.0,28.89,2025-11-22 08:30:30+00:00,0.0115,0.00525,0.01575,0.0115
Bannatynes Cookridge Hall,180.0,0.0,28.89,2025-11-22 08:45:30+00:00,0.014,0.00575,0.0215,0.014
Bannatynes Cookridge Hall,180.0,0.0,28.89,2025-11-22 09:00:30+00:00,0.01525,0.0065,0.026,0.01525
Bannatynes Cookridge Hall,180.0,0.0,28.89,2025-11-22 09:15:30+00:00,0.01925,0.007,0.02975,0.01925
Bannatynes Cookridge Hall,180.0,0.0,28.89,2025-11-22 09:30:30+00:00,0.02025,0.00725,0.03175,0.02025
Bannatynes Cookridge Hall,180.0,0.0,28.89,2025-11-22 09:45:30+00:00,0.0185,0.006,0.03275,0.0185
Bannatynes Cookridge Hall,180.0,0.0,28.89,2025-11-22 10:00:30+00:00,0.01875,0.0065,0.03575,0.01875
Bannatynes Cookridge Hall,180.0,0.0,28.89,2025-11-22 10:15:30+00:00,0.026,0.0105,0.04175,0.026
Bannatynes Cookridge Hall,180.0,0.0,28.89,2025-11-22 10:30:30+00:00,0.0335,0.016,0.046,0.0335
Bannatynes Cookridge Hall,180.0,0.0,28.89,2025-11-22 10:45:30+00:00,0.03325,0.01775,0.0465,0.03325
Bannatynes Cookridge Hall,180.0,0.0,28.89,2025-11-22 11:00:30+00:00,0.02925,0.01825,0.0455,0.02925
Bannatynes Cookridge Hall,180.0,0.0,28.89,2025-11-22 11:15:30+00:00,0.033,0.0195,0.0475,0.033
Bannatynes Cookridge Hall,180.0,0.0,28.89,2025-11-22 11:30:30+00:00,0.038,0.02325,0.05025,0.038
Bannatynes Cookridge Hall,180.0,0.0,28.89,2025-11-22 11:45:30+00:00,0.03925,0.02625,0.05075,0.03925
Bannatynes Cookridge Hall,180.0,0.0,28.89,2025-11-22 12:00:30+00:00,0.038,0.02525,0.0515,0.038
Bannatynes Cookridge Hall,180.0,0.0,28.89,2025-11-22 12:15:30+00:00,0.0375,0.023,0.05325,0.0375
Bannatynes Cookridge Hall,180.0,0.0,28.89,2025-11-22 12:30:30+00:00,0.03825,0.0225,0.059,0.03825
Bannatynes Cookridge Hall,180.0,0.0,28.89,2025-11-22 12:45:30+00:00,0.046,0.0225,0.0635,0.046
Bannatynes Cookridge Hall,180.0,0.0,28.89,2025-11-22 13:00:30+00:00,0.04625,0.0175,0.0605,0.04625
Bannatynes Cookridge Hall,180.0,0.0,28.89,2025-11-22 13:15:30+00:00,0.02925,0.0075,0.0565,0.02925
Bannatynes Cookridge Hall,180.0,0.0,28.89,2025-11-22 13:30:30+00:00,0.0215,0.00425,0.044,0.0215
Bannatynes Cookridge Hall,180.0,0.0,28.89,2025-11-22 13:45:30+00:00,0.01825,0.0035,0.03475,0.01825
Bannatynes Cookridge Hall,180.0,0.0,28.89,2025-11-22 14:00:30+00:00,0.01475,0.00375,0.02875,0.01475
Bannatynes Cookridge Hall,180.0,0.0,28.89,2025-11-22 14:15:30+00:00,0.016,0.00325,0.0245,0.016
Bannatynes Cookridge Hall,180.0,0.0,28.89,2025-11-22 14:30:30+00:00,0.00775,0.00225,0.01975,0.00775
Bannatynes Cookridge Hall,180.0,0.0,28.89,2025-11-22 14:45:30+00:00,0.005,0.00175,0.0135,0.005
Bannatynes Cookridge Hall,180.0,0.0,28.89,2025-11-22 15:00:30+00:00,0.004,0.00125,0.00925,0.004
Bannatynes Cookridge Hall,180.0,0.0,28.89,2025-11-22 15:15:30+00:00,0.0025,0.00075,0.0055,0.0025
Bannatynes Cookridge Hall,180.0,0.0,28.89,2025-11-22 15:30:30+00:00,0.001,0.00025,0.00275,0.001
Bannatynes Cookridge Hall,180.0,0.0,28.89,2025-11-22 15:45:30+00:00,0.00025,0.0,0.001,0.00025
Bannatynes Cookridge Hall,180.0,0.0,28.89,2025-11-22 16:00:30+00:00,0.0,0.0,0.0,0.0
Bannatynes Cookridge Hall,180.0,0.0,28.89,2025-11-22 16:15:30+00:00,0.0,0.0,0.0,0.0
Bannatynes Cookridge Hall,180.0,0.0,28.89,2025-11-22 16:30:30+00:00,0.0,0.0,0.0,0.0
Bannatynes Cookridge Hall,180.0,0.0,28.89,2025-11-22 16:45:30+00:00,0.0,0.0,0.0,0.0
Bannatynes Cookridge Hall,180.0,0.0,28.89,2025-11-22 17:00:30+00:00,0.0,0.0,0.0,0.0
Bannatynes Cookridge Hall,180.0,0.0,28.89,2025-11-22 17:15:30+00:00,0.0,0.0,0.0,0.0
Bannatynes Cookridge Hall,180.0,0.0,28.89,2025-11-22 17:30:30+00:00,0.0,0.0,0.0,0.0
Bannatynes Cookridge Hall,180.0,0.0,28.89,2025-11-22 17:45:30+00:00,0.0,0.0,0.0,0.0
Bannatynes Cookridge Hall,180.0,0.0,28.89,2025-11-22 18:00:30+00:00,0.0,0.0,0.0,0.0
Bannatynes Cookridge Hall,180.0,0.0,28.89,2025-11-22 18:15:30+00:00,0.0,0.0,0.0,0.0
Bannatynes Cookridge Hall,180.0,0.0,28.89,2025-11-22 18:30:30+00:00,0.0,0.0,0.0,0.0
Bannatynes Cookridge Hall,180.0,0.0,28.89,2025-11-22 18:45:30+00:00,0.0,0.0,0.0,0.0
Bannatynes Cookridge Hall,180.0,0.0,28.89,2025-11-22 19:00:30+00:00,0.0,0.0,0.0,0.0
Bannatynes Cookridge Hall,180.0,0.0,28.89,2025-11-22 19:15:30+00:00,0.0,0.0,0.0,0.0
Bannatynes Cookridge Hall,180.0,0.0,28.89,2025-11-22 19:30:30+00:00,0.0,0.0,0.0,0.0
Bannatynes Cookridge Hall,180.0,0.0,28.89,2025-11-22 19:45:30+00:00,0.0,0.0,0.0,0.0
Bannatynes Cookridge Hall,180.0,0.0,28.89,2025-11-22 20:00:30+00:00,0.0,0.0,0.0,0.0
Bannatynes Cookridge Hall,180.0,0.0,28.89,2025-11-22 20:15:30+00:00,0.0,0.0,0.0,0.0
Bannatynes Cookridge Hall,180.0,0.0,28.89,2025-11-22 20:30:30+00:00,0.0,0.0,0.0,0.0
Bannatynes Cookridge Hall,180.0,0.0,28.89,2025-11-22 20:45:30+00:00,0.0,0.0,0.0,0.0
Bannatynes Cookridge Hall,180.0,0.0,28.89,2025-11-22 21:00:30+00:00,0.0,0.0,0.0,0.0
Bannatynes Cookridge Hall,180.0,0.0,28.89,2025-11-22 21:15:30+00:00,0.0,0.0,0.0,0.0
Bannatynes Cookridge Hall,180.0,0.0,28.89,2025-11-22 21:30:30+00:00,0.0,0.0,0.0,0.0
Bannatynes Cookridge Hall,180.0,0.0,28.89,2025-11-22 21:45:30+00:00,0.0,0.0,0.0,0.0
Bannatynes Cookridge Hall,180.0,0.0,28.89,2025-11-22 22:00:30+00:00,0.0,0.0,0.0,0.0
Bannatynes Cookridge Hall,180.0,0.0,28.89,2025-11-22 22:15:30+00:00,0.0,0.0,0.0,0.0
Bannatynes Cookridge Hall,180.0,0.0,28.89,2025-11-22 22:30:30+00:00,0.0,0.0,0.0,0.0
Bannatynes Cookridge Hall,180.0,0.0,28.89,2025-11-22 22:45:30+00:00,0.0,0.0,0.0,0.0
Bannatynes Cookridge Hall,180.0,0.0,28.89,2025-11-22 23:00:30+00:00,0.0,0.0,0.0,0.0
Bannatynes Cookridge Hall,180.0,0.0,28.89,2025-11-22 23:15:30+00:00,0.0,0.0,0.0,0.0
Bannatynes Cookridge Hall,180.0,0.0,28.89,2025-11-22 23:30:30+00:00,0.0,0.0,0.0,0.0
Bannatynes Cookridge Hall,180.0,0.0,28.89,2025-11-22 23:45:30+00:00,0.0,0.0,0.0,0.0
Bannatynes Cookridge Hall,180.0,0.0,28.89,2025-11-23 00:00:30+00:00,0.0,0.0,0.0,0.0
Bannatynes Cookridge Hall,180.0,0.0,28.89,2025-11-23 00:15:30+00:00,0.0,0.0,0.0,0.0
Bannatynes Cookridge Hall,180.0,0.0,28.89,2025-11-23 00:30:30+00:00,0.0,0.0,0.0,0.0
Bannatynes Cookridge Hall,180.0,0.0,28.89,2025-11-23 00:45:30+00:00,0.0,0.0,0.0,0.0
Bannatynes Cookridge Hall,180.0,0.0,28.89,2025-11-23 01:00:30+00:00,0.0,0.0,0.0,0.0
Bannatynes Cookridge Hall,180.0,0.0,28.89,2025-11-23 01:15:30+00:00,0.0,0.0,0.0,0.0
Bannatynes Cookridge Hall,180.0,0.0,28.89,2025-11-23 01:30:30+00:00,0.0,0.0,0.0,0.0
Bannatynes Cookridge Hall,180.0,0.0,28.89,2025-11-23 01:45:30+00:00,0.0,0.0,0.0,0.0
Bannatynes Cookridge Hall,180.0,0.0,28.89,2025-11-23 02:00:30+00:00,0.0,0.0,0.0,0.0
Bannatynes Cookridge Hall,180.0,0.0,28.89,2025-11-23 02:15:30+00:00,0.0,0.0,0.0,0.0
Bannatynes Cookridge Hall,180.0,0.0,28.89,2025-11-23 02:30:30+00:00,0.0,0.0,0.0,0.0
Bannatynes Cookridge Hall,180.0,0.0,28.89,2025-11-23 02:45:30+00:00,0.0,0.0,0.0,0.0
Bannatynes Cookridge Hall,180.0,0.0,28.89,2025-11-23 03:00:30+00:00,0.0,0.0,0.0,0.0
Bannatynes Cookridge Hall,180.0,0.0,28.89,2025-11-23 03:15:30+00:00,0.0,0.0,0.0,0.0
Bannatynes Cookridge Hall,180.0,0.0,28.89,2025-11-23 03:30:30+00:00,0.0,0.0,0.0,0.0
Bannatynes Cookridge Hall,180.0,0.0,28.89,2025-11-23 03:45:30+00:00,0.0,0.0,0.0,0.0
Bannatynes Cookridge Hall,180.0,0.0,28.89,2025-11-23 04:00:30+00:00,0.0,0.0,0.0,0.0
Bannatynes Cookridge Hall,180.0,0.0,28.89,2025-11-23 04:15:30+00:00,0.0,0.0,0.0,0.0
Bannatynes Cookridge Hall,180.0,0.0,28.89,2025-11-23 04:30:30+00:00,0.0,0.0,0.0,0.0
Bannatynes Cookridge Hall,180.0,0.0,28.89,2025-11-23 04:45:30+00:00,0.0,0.0,0.0,0.0
Bannatynes Cookridge Hall,180.0,0.0,28.89,2025-11-23 05:00:30+00:00,0.0,0.0,0.0,0.0
Bannatynes Cookridge Hall,180.0,0.0,28.89,2025-11-23 05:15:30+00:00,0.0,0.0,0.0,0.0
Bannatynes Cookridge Hall,180.0,0.0,28.89,2025-11-23 05:30:30+00:00,0.0,0.0,0.0,0.0
Bannatynes Cookridge Hall,180.0,0.0,28.89,2025-11-23 05:45:30+00:00,0.0,0.0,0.0,0.0
Bannatynes Cookridge Hall,180.0,0.0,28.89,2025-11-23 06:00:30+00:00,0.0,0.0,0.0,0.0
Bannatynes Cookridge Hall,180.0,0.0,28.89,2025-11-23 06:15:30+00:00,0.0,0.0,0.0,0.0
Bannatynes Cookridge Hall,180.0,0.0,28.89,2025-11-23 06:30:30+00:00,0.0,0.0,0.0,0.0
Bannatynes Cookridge Hall,180.0,0.0,28.89,2025-11-23 06:45:30+00:00,0.0,0.0,0.0,0.0
Bannatynes Cookridge Hall,180.0,0.0,28.89,2025-11-23 07:00:30+00:00,0.0,0.0,0.0,0.0
Bannatynes Cookridge Hall,180.0,0.0,28.89,2025-11-23 07:15:30+00:00,0.0,0.0,0.0,0.0
Bannatynes Cookridge Hall,180.0,0.0,28.89,2025-11-23 07:30:30+00:00,0.0,0.0,0.0,0.0
Bannatynes Cookridge Hall,180.0,0.0,28.89,2025-11-23 07:45:30+00:00,0.0005,0.0,0.001,0.0005
Bannatynes Cookridge Hall,180.0,0.0,28.89,2025-11-23 08:00:30+00:00,0.00125,0.00025,0.00325,0.00125
Bannatynes Cookridge Hall,180.0,0.0,28.89,2025-11-23 08:15:30+00:00,0.003,0.0005,0.00775,0.003
Bannatynes Cookridge Hall,180.0,0.0,28.89,2025-11-23 08:30:30+00:00,0.00625,0.00125,0.01475,0.00625
Bannatynes Cookridge Hall,180.0,0.0,28.89,2025-11-23 08:45:30+00:00,0.015,0.00425,0.0215,0.015
Bannatynes Cookridge Hall,180.0,0.0,28.89,2025-11-23 09:00:30+00:00,0.0235,0.01125,0.028,0.0235
Bannatynes Cookridge Hall,180.0,0.0,28.89,2025-11-23 09:15:30+00:00,0.0295,0.01775,0.03425,0.0295
Bannatynes Cookridge Hall,180.0,0.0,28.89,2025-11-23 09:30:30+00:00,0.03275,0.01925,0.04,0.03275
Bannatynes Cookridge Hall,180.0,0.0,28.89,2025-11-23 09:45:30+00:00,0.03625,0.0195,0.0455,0.03625
Bannatynes Cookridge Hall,180.0,0.0,28.89,2025-11-23 10:00:30+00:00,0.0445,0.01125,0.0505,0.0445
Bannatynes Cookridge Hall,180.0,0.0,28.89,2025-11-23 10:15:30+00:00,0.02475,0.01225,0.055,0.02475
Bannatynes Cookridge Hall,180.0,0.0,28.89,2025-11-23 10:30:30+00:00,0.0445,0.01175,0.05875,0.0445
Bannatynes Cookridge Hall,180.0,0.0,28.89,2025-11-23 10:45:30+00:00,0.04775,0.0095,0.062,0.04775
Bannatynes Cookridge Hall,180.0,0.0,28.89,2025-11-23 11:00:30+00:00,0.01775,0.00475,0.0535,0.01775
Bannatynes Cookridge Hall,180.0,0.0,28.89,2025-11-23 11:15:30+00:00,0.00475,0.003,0.019,0.00475
Bannatynes Cookridge Hall,180.0,0.0,28.89,2025-11-23 11:30:30+00:00,0.00875,0.005,0.035,0.00875
Bannatynes Cookridge Hall,180.0,0.0,28.89,2025-11-23 11:45:30+00:00,0.0085,0.005,0.0345,0.0085
Bannatynes Cookridge Hall,180.0,0.0,28.89,2025-11-23 12:00:30+00:00,0.03725,0.0075,0.0585,0.03725
Bannatynes Cookridge Hall,180.0,0.0,28.89,2025-11-23 12:15:30+00:00,0.036,0.00725,0.059,0.036
Bannatynes Cookridge Hall,180.0,0.0,28.89,2025-11-23 12:30:30+00:00,0.0175,0.00475,0.05825,0.0175
Bannatynes Cookridge Hall,180.0,0.0,28.89,2025-11-23 12:45:30+00:00,0.03675,0.00725,0.0535,0.03675
Bannatynes Cookridge Hall,180.0,0.0,28.89,2025-11-23 13:00:30+00:00,0.025,0.005,0.0505,0.025
Bannatynes Cookridge Hall,180.0,0.0,28.89,2025-11-23 13:15:30+00:00,0.00675,0.004,0.02725,0.00675
Bannatynes Cookridge Hall,180.0,0.0,28.89,2025-11-23 13:30:30+00:00,0.0295,0.00575,0.05,0.0295
Bannatynes Cookridge Hall,180.0,0.0,28.89,2025-11-23 13:45:30+00:00,0.041,0.00825,0.04625,0.041
Bannatynes Cookridge Hall,180.0,0.0,28.89,2025-11-23 14:00:30+00:00,0.014,0.003,0.04075,0.014
Bannatynes Cookridge Hall,180.0,0.0,28.89,2025-11-23 14:15:30+00:00,0.0085,0.0025,0.02825,0.0085
Bannatynes Cookridge Hall,180.0,0.0,28.89,2025-11-23 14:30:30+00:00,0.011,0.00225,0.0255,0.011
Bannatynes Cookridge Hall,180.0,0.0,28.89,2025-11-23 14:45:30+00:00,0.014,0.00275,0.02225,0.014
Bannatynes Cookridge Hall,180.0,0.0,28.89,2025-11-23 15:00:30+00:00,0.01225,0.00375,0.0155,0.01225
Bannatynes Cookridge Hall,180.0,0.0,28.89,2025-11-23 15:15:30+00:00,0.007,0.00325,0.009,0.007
Bannatynes Cookridge Hall,180.0,0.0,28.89,2025-11-23 15:30:30+00:00,0.00225,0.00175,0.00325,0.00225
Bannatynes Cookridge Hall,180.0,0.0,28.89,2025-11-23 15:45:30+00:00,0.0005,0.00025,0.0005,0.0005
Bannatynes Cookridge Hall,180.0,0.0,28.89,2025-11-23 16:00:30+00:00,0.0,0.0,0.0,0.0
Bannatynes Cookridge Hall,180.0,0.0,28.89,2025-11-23 16:15:30+00:00,0.0,0.0,0.0,0.0
Bannatynes Cookridge Hall,180.0,0.0,28.89,2025-11-23 16:30:30+00:00,0.0,0.0,0.0,0.0
Bannatynes Cookridge Hall,180.0,0.0,28.89,2025-11-23 16:45:30+00:00,0.0,0.0,0.0,0.0
Bannatynes Cookridge Hall,180.0,0.0,28.89,2025-11-23 17:00:30+00:00,0.0,0.0,0.0,0.0
Bannatynes Cookridge Hall,180.0,0.0,28.89,2025-11-23 17:15:30+00:00,0.0,0.0,0.0,0.0
Bannatynes Cookridge Hall,180.0,0.0,28.89,2025-11-23 17:30:30+00:00,0.0,0.0,0.0,0.0
Bannatynes Cookridge Hall,180.0,0.0,28.89,2025-11-23 17:45:30+00:00,0.0,0.0,0.0,0.0
Bannatynes Cookridge Hall,180.0,0.0,28.89,2025-11-23 18:00:30+00:00,0.0,0.0,0.0,0.0
Bannatynes Cookridge Hall,180.0,0.0,28.89,2025-11-23 18:15:30+00:00,0.0,0.0,0.0,0.0
Bannatynes Cookridge Hall,180.0,0.0,28.89,2025-11-23 18:30:30+00:00,0.0,0.0,0.0,0.0
Bannatynes Cookridge Hall,180.0,0.0,28.89,2025-11-23 18:45:30+00:00,0.0,0.0,0.0,0.0
Bannatynes Cookridge Hall,180.0,0.0,28.89,2025-11-23 19:00:30+00:00,0.0,0.0,0.0,0.0
Bannatynes Cookridge Hall,180.0,0.0,28.89,2025-11-23 19:15:30+00:00,0.0,0.0,0.0,0.0
Bannatynes Cookridge Hall,180.0,0.0,28.89,2025-11-23 19:30:30+00:00,0.0,0.0,0.0,0.0
Bannatynes Cookridge Hall,180.0,0.0,28.89,2025-11-23 19:45:30+00:00,0.0,0.0,0.0,0.0
Bannatynes Cookridge Hall,180.0,0.0,28.89,2025-11-23 20:00:30+00:00,0.0,0.0,0.0,0.0
Bannatynes Cookridge Hall,180.0,0.0,28.89,2025-11-23 20:15:30+00:00,0.0,0.0,0.0,0.0
Bannatynes Cookridge Hall,180.0,0.0,28.89,2025-11-23 20:30:30+00:00,0.0,0.0,0.0,0.0
Bannatynes Cookridge Hall,180.0,0.0,28.89,2025-11-23 20:45:30+00:00,0.0,0.0,0.0,0.0
Bannatynes Cookridge Hall,180.0,0.0,28.89,2025-11-23 21:00:30+00:00,0.0,0.0,0.0,0.0
Bannatynes Cookridge Hall,180.0,0.0,28.89,2025-11-23 21:15:30+00:00,0.0,0.0,0.0,0.0
Bannatynes Cookridge Hall,180.0,0.0,28.89,2025-11-23 21:30:30+00:00,0.0,0.0,0.0,0.0
Bannatynes Cookridge Hall,180.0,0.0,28.89,2025-11-23 21:45:30+00:00,0.0,0.0,0.0,0.0
Bannatynes Cookridge Hall,180.0,0.0,28.89,2025-11-23 22:00:30+00:00,0.0,0.0,0.0,0.0
Bannatynes Cookridge Hall,180.0,0.0,28.89,2025-11-23 22:15:30+00:00,0.0,0.0,0.0,0.0
Bannatynes Cookridge Hall,180.0,0.0,28.89,2025-11-23 22:30:30+00:00,0.0,0.0,0.0,0.0
Bannatynes Cookridge Hall,180.0,0.0,28.89,2025-11-23 22:45:30+00:00,0.0,0.0,0.0,0.0
Bannatynes Cookridge Hall,180.0,0.0,28.89,2025-11-23 23:00:30+00:00,0.0,0.0,0.0,0.0
Bannatynes Cookridge Hall,180.0,0.0,28.89,2025-11-23 23:15:30+00:00,0.0,0.0,0.0,0.0
Bannatynes Cookridge Hall,180.0,0.0,28.89,2025-11-23 23:30:30+00:00,0.0,0.0,0.0,0.0
Bannatynes Cookridge Hall,180.0,0.0,28.89,2025-11-23 23:45:30+00:00,0.0,0.0,0.0,0.0
Bannatynes Cookridge Hall,180.0,0.0,28.89,2025-11-24 00:00:30+00:00,0.0,0.0,0.0,0.0
Bannatynes Cookridge Hall,180.0,0.0,28.89,2025-11-24 00:15:30+00:00,0.0,0.0,0.0,0.0
Bannatynes Cookridge Hall,180.0,0.0,28.89,2025-11-24 00:30:30+00:00,0.0,0.0,0.0,0.0
Bannatynes Cookridge Hall,180.0,0.0,28.89,2025-11-24 00:45:30+00:00,0.0,0.0,0.0,0.0
Bannatynes Cookridge Hall,180.0,0.0,28.89,2025-11-24 01:00:30+00:00,0.0,0.0,0.0,0.0
Bannatynes Cookridge Hall,180.0,0.0,28.89,2025-11-24 01:15:30+00:00,0.0,0.0,0.0,0.0
Bannatynes Cookridge Hall,180.0,0.0,28.89,2025-11-24 01:30:30+00:00,0.0,0.0,0.0,0.0
Bannatynes Cookridge Hall,180.0,0.0,28.89,2025-11-24 01:45:30+00:00,0.0,0.0,0.0,0.0
Bannatynes Cookridge Hall,180.0,0.0,28.89,2025-11-24 02:00:30+00:00,0.0,0.0,0.0,0.0
Bannatynes Cookridge Hall,180.0,0.0,28.89,2025-11-24 02:15:30+00:00,0.0,0.0,0.0,0.0
Bannatynes Cookridge Hall,180.0,0.0,28.89,2025-11-24 02:30:30+00:00,0.0,0.0,0.0,0.0
Bannatynes Cookridge Hall,180.0,0.0,28.89,2025-11-24 02:45:30+00:00,0.0,0.0,0.0,0.0
Bannatynes Cookridge Hall,180.0,0.0,28.89,2025-11-24 03:00:30+00:00,0.0,0.0,0.0,0.0
Bannatynes Cookridge Hall,180.0,0.0,28.89,2025-11-24 03:15:30+00:00,0.0,0.0,0.0,0.0
Bannatynes Cookridge Hall,180.0,0.0,28.89,2025-11-24 03:30:30+00:00,0.0,0.0,0.0,0.0
Bannatynes Cookridge Hall,180.0,0.0,28.89,2025-11-24 03:45:30+00:00,0.0,0.0,0.0,0.0
Bannatynes Cookridge Hall,180.0,0.0,28.89,2025-11-24 04:00:30+00:00,0.0,0.0,0.0,0.0
Bannatynes Cookridge Hall,180.0,0.0,28.89,2025-11-24 04:15:30+00:00,0.0,0.0,0.0,0.0
Bannatynes Cookridge Hall,180.0,0.0,28.89,2025-11-24 04:30:30+00:00,0.0,0.0,0.0,0.0
Bannatynes Cookridge Hall,180.0,0.0,28.89,2025-11-24 04:45:30+00:00,0.0,0.0,0.0,0.0
Bannatynes Cookridge Hall,180.0,0.0,28.89,2025-11-24 05:00:30+00:00,0.0,0.0,0.0,0.0
Bannatynes Cookridge Hall,180.0,0.0,28.89,2025-11-24 05:15:30+00:00,0.0,0.0,0.0,0.0
Bannatynes Cookridge Hall,180.0,0.0,28.89,2025-11-24 05:30:30+00:00,0.0,0.0,0.0,0.0
Bannatynes Cookridge Hall,180.0,0.0,28.89,2025-11-24 05:45:30+00:00,0.0,0.0,0.0,0.0
Bannatynes Cookridge Hall,180.0,0.0,28.89,2025-11-24 06:00:30+00:00,0.0,0.0,0.0,0.0
Bannatynes Cookridge Hall,180.0,0.0,28.89,2025-11-24 06:15:30+00:00,0.0,0.0,0.0,0.0
Bannatynes Cookridge Hall,180.0,0.0,28.89,2025-11-24 06:30:30+00:00,0.0,0.0,0.0,0.0
Bannatynes Cookridge Hall,180.0,0.0,28.89,2025-11-24 06:45:30+00:00,0.0,0.0,0.0,0.0
Bannatynes Cookridge Hall,180.0,0.0,28.89,2025-11-24 07:00:30+00:00,0.0,0.0,0.0,0.0
Bannatynes Cookridge Hall,180.0,0.0,28.89,2025-11-24 07:15:30+00:00,0.0,0.0,0.0,0.0
Bannatynes Cookridge Hall,180.0,0.0,28.89,2025-11-24 07:30:30+00:00,0.0,0.0,0.0,0.0
Bannatynes Cookridge Hall,180.0,0.0,28.89,2025-11-24 07:45:30+00:00,0.00075,0.0005,0.001,0.00075
Bannatynes Cookridge Hall,180.0,0.0,28.89,2025-11-24 08:00:30+00:00,0.002,0.00125,0.00275,0.002
Bannatynes Cookridge Hall,180.0,0.0,28.89,2025-11-24 08:15:30+00:00,0.0055,0.00275,0.00775,0.0055
Bannatynes Cookridge Hall,180.0,0.0,28.89,2025-11-24 08:30:30+00:00,0.01075,0.00325,0.01425,0.01075
Bannatynes Cookridge Hall,180.0,0.0,28.89,2025-11-24 08:45:30+00:00,0.0105,0.003,0.02075,0.0105
Bannatynes Cookridge Hall,180.0,0.0,28.89,2025-11-24 09:00:30+00:00,0.0145,0.00425,0.02725,0.0145
Bannatynes Cookridge Hall,180.0,0.0,28.89,2025-11-24 09:15:30+00:00,0.02475,0.005,0.0335,0.02475
Bannatynes Cookridge Hall,180.0,0.0,28.89,2025-11-24 09:30:30+00:00,0.01375,0.0045,0.0395,0.01375
Bannatynes Cookridge Hall,180.0,0.0,28.89,2025-11-24 09:45:30+00:00,0.029,0.00575,0.0435,0.029
Bannatynes Cookridge Hall,180.0,0.0,28.89,2025-11-24 10:00:30+00:00,0.03025,0.009,0.05,0.03025
Bannatynes Cookridge Hall,180.0,0.0,28.89,2025-11-24 10:15:30+00:00,0.03225,0.0065,0.05225,0.03225
Bannatynes Cookridge Hall,180.0,0.0,28.89,2025-11-24 10:30:30+00:00,0.0225,0.0045,0.04975,0.0225
Bannatynes Cookridge Hall,180.0,0.0,28.89,2025-11-24 10:45:30+00:00,0.013,0.0045,0.04075,0.013
Bannatynes Cookridge Hall,180.0,0.0,28.89,2025-11-24 11:00:30+00:00,0.0125,0.00475,0.0385,0.0125
Bannatynes Cookridge Hall,180.0,0.0,28.89,2025-11-24 11:15:30+00:00,0.0235,0.00475,0.0405,0.0235
Bannatynes Cookridge Hall,180.0,0.0,28.89,2025-11-24 11:30:30+00:00,0.0275,0.0095,0.04375,0.0275
Bannatynes Cookridge Hall,180.0,0.0,28.89,2025-11-24 11:45:30+00:00,0.0285,0.01225,0.04225,0.0285
Bannatynes Cookridge Hall,180.0,0.0,28.89,2025-11-24 12:00:30+00:00,0.02575,0.01125,0.0405,0.02575
Bannatynes Cookridge Hall,180.0,0.0,28.89,2025-11-24 12:15:30+00:00,0.02325,0.00575,0.0465,0.02325
Bannatynes Cookridge Hall,180.0,0.0,28.89,2025-11-24 12:30:30+00:00,0.029,0.00575,0.0545,0.029
Bannatynes Cookridge Hall,180.0,0.0,28.89,2025-11-24 12:45:30+00:00,0.0345,0.008,0.062,0.0345
Bannatynes Cookridge Hall,180.0,0.0,28.89,2025-11-24 13:00:30+00:00,0.0445,0.01475,0.05875,0.0445
Bannatynes Cookridge Hall,180.0,0.0,28.89,2025-11-24 13:15:30+00:00,0.046,0.01875,0.05525,0.046
Bannatynes Cookridge Hall,180.0,0.0,28.89,2025-11-24 13:30:30+00:00,0.04125,0.00975,0.05075,0.04125
Bannatynes Cookridge Hall,180.0,0.0,28.89,2025-11-24 13:45:30+00:00,0.01375,0.00325,0.04575,0.01375
Bannatynes Cookridge Hall,180.0,0.0,28.89,2025-11-24 14:00:30+00:00,0.016,0.00325,0.03325,0.016
Bannatynes Cookridge Hall,180.0,0.0,28.89,2025-11-24 14:15:30+00:00,0.01625,0.00325,0.0295,0.01625
Bannatynes Cookridge Hall,180.0,0.0,28.89,2025-11-24 14:30:30+00:00,0.01225,0.0025,0.02475,0.01225
Bannatynes Cookridge Hall,180.0,0.0,28.89,2025-11-24 14:45:30+00:00,0.0115,0.00225,0.0215,0.0115
Bannatynes Cookridge Hall,180.0,0.0,28.89,2025-11-24 15:00:30+00:00,0.01125,0.003,0.01525,0.01125
Bannatynes Cookridge Hall,180.0,0.0,28.89,2025-11-24 15:15:30+00:00,0.00675,0.00275,0.00875,0.00675
Bannatynes Cookridge Hall,180.0,0.0,28.89,2025-11-24 15:30:30+00:00,0.00225,0.0015,0.003,0.00225
Bannatynes Cookridge Hall,180.0,0.0,28.89,2025-11-24 15:45:30+00:00,0.00025,0.00025,0.0005,0.00025
Bannatynes Cookridge Hall,180.0,0.0,28.89,2025-11-24 16:00:30+00:00,0.0,0.0,0.0,0.0
Bannatynes Cookridge Hall,180.0,0.0,28.89,2025-11-24 16:15:30+00:00,0.0,0.0,0.0,0.0
Bannatynes Cookridge Hall,180.0,0.0,28.89,2025-11-24 16:30:30+00:00,0.0,0.0,0.0,0.0
Bannatynes Cookridge Hall,180.0,0.0,28.89,2025-11-24 16:45:30+00:00,0.0,0.0,0.0,0.0
Bannatynes Cookridge Hall,180.0,0.0,28.89,2025-11-24 17:00:30+00:00,0.0,0.0,0.0,0.0
Bannatynes Cookridge Hall,180.0,0.0,28.89,2025-11-24 17:15:30+00:00,0.0,0.0,0.0,0.0
Bannatynes Cookridge Hall,180.0,0.0,28.89,2025-11-24 17:30:30+00:00,0.0,0.0,0.0,0.0
Bannatynes Cookridge Hall,180.0,0.0,28.89,2025-11-24 17:45:30+00:00,0.0,0.0,0.0,0.0
Bannatynes Cookridge Hall,180.0,0.0,28.89,2025-11-24 18:00:30+00:00,0.0,0.0,0.0,0.0
Bannatynes Cookridge Hall,180.0,0.0,28.89,2025-11-24 18:15:30+00:00,0.0,0.0,0.0,0.0
Bannatynes Cookridge Hall,180.0,0.0,28.89,2025-11-24 18:30:30+00:00,0.0,0.0,0.0,0.0
Bannatynes Cookridge Hall,180.0,0.0,28.89,2025-11-24 18:45:30+00:00,0.0,0.0,0.0,0.0
Bannatynes Cookridge Hall,180.0,0.0,28.89,2025-11-24 19:00:30+00:00,0.0,0.0,0.0,0.0
Bannatynes Cookridge Hall,180.0,0.0,28.89,2025-11-24 19:15:30+00:00,0.0,0.0,0.0,0.0
Bannatynes Cookridge Hall,180.0,0.0,28.89,2025-11-24 19:30:30+00:00,0.0,0.0,0.0,0.0
Bannatynes Cookridge Hall,180.0,0.0,28.89,2025-11-24 19:45:30+00:00,0.0,0.0,0.0,0.0
Bannatynes Cookridge Hall,180.0,0.0,28.89,2025-11-24 20:00:30+00:00,0.0,0.0,0.0,0.0
Bannatynes Cookridge Hall,180.0,0.0,28.89,2025-11-24 20:15:30+00:00,0.0,0.0,0.0,0.0
Bannatynes Cookridge Hall,180.0,0.0,28.89,2025-11-24 20:30:30+00:00,0.0,0.0,0.0,0.0
Bannatynes Cookridge Hall,180.0,0.0,28.89,2025-11-24 20:45:30+00:00,0.0,0.0,0.0,0.0
Bannatynes Cookridge Hall,180.0,0.0,28.89,2025-11-24 21:00:30+00:00,0.0,0.0,0.0,0.0
Bannatynes Cookridge Hall,180.0,0.0,28.89,2025-11-24 21:15:30+00:00,0.0,0.0,0.0,0.0
Bannatynes Cookridge Hall,180.0,0.0,28.89,2025-11-24 21:30:30+00:00,0.0,0.0,0.0,0.0
Bannatynes Cookridge Hall,180.0,0.0,28.89,2025-11-24 21:45:30+00:00,0.0,0.0,0.0,0.0
Bannatynes Cookridge Hall,180.0,0.0,28.89,2025-11-24 22:00:30+00:00,0.0,0.0,0.0,0.0
Bannatynes Cookridge Hall,180.0,0.0,28.89,2025-11-24 22:15:30+00:00,0.0,0.0,0.0,0.0
Bannatynes Cookridge Hall,180.0,0.0,28.89,2025-11-24 22:30:30+00:00,0.0,0.0,0.0,0.0
Bannatynes Cookridge Hall,180.0,0.0,28.89,2025-11-24 22:45:30+00:00,0.0,0.0,0.0,0.0
Bannatynes Cookridge Hall,180.0,0.0,28.89,2025-11-24 23:00:30+00:00,0.0,0.0,0.0,0.0
Bannatynes Cookridge Hall,180.0,0.0,28.89,2025-11-24 23:15:30+00:00,0.0,0.0,0.0,0.0
Bannatynes Cookridge Hall,180.0,0.0,28.89,2025-11-24 23:30:30+00:00,0.0,0.0,0.0,0.0
Bannatynes Cookridge Hall,180.0,0.0,28.89,2025-11-24 23:45:30+00:00,0.0,0.0,0.0,0.0
Bannatynes Cookridge Hall,180.0,0.0,28.89,2025-11-25 00:00:30+00:00,0.0,0.0,0.0,0.0
Bannatynes Cookridge Hall,180.0,0.0,28.89,2025-11-25 00:15:30+00:00,0.0,0.0,0.0,0.0
Bannatynes Cookridge Hall,180.0,0.0,28.89,2025-11-25 00:30:30+00:00,0.0,0.0,0.0,0.0
Bannatynes Cookridge Hall,180.0,0.0,28.89,2025-11-25 00:45:30+00:00,0.0,0.0,0.0,0.0
Bannatynes Cookridge Hall,180.0,0.0,28.89,2025-11-25 01:00:30+00:00,0.0,0.0,0.0,0.0
Bannatynes Cookridge Hall,180.0,0.0,28.89,2025-11-25 01:15:30+00:00,0.0,0.0,0.0,0.0
Bannatynes Cookridge Hall,180.0,0.0,28.89,2025-11-25 01:30:30+00:00,0.0,0.0,0.0,0.0
Bannatynes Cookridge Hall,180.0,0.0,28.89,2025-11-25 01:45:30+00:00,0.0,0.0,0.0,0.0
Bannatynes Cookridge Hall,180.0,0.0,28.89,2025-11-25 02:00:30+00:00,0.0,0.0,0.0,0.0
Bannatynes Cookridge Hall,180.0,0.0,28.89,2025-11-25 02:15:30+00:00,0.0,0.0,0.0,0.0
Bannatynes Cookridge Hall,180.0,0.0,28.89,2025-11-25 02:30:30+00:00,0.0,0.0,0.0,0.0
Bannatynes Cookridge Hall,180.0,0.0,28.89,2025-11-25 02:45:30+00:00,0.0,0.0,0.0,0.0
Bannatynes Cookridge Hall,180.0,0.0,28.89,2025-11-25 03:00:30+00:00,0.0,0.0,0.0,0.0
Bannatynes Cookridge Hall,180.0,0.0,28.89,2025-11-25 03:15:30+00:00,0.0,0.0,0.0,0.0
Bannatynes Cookridge Hall,180.0,0.0,28.89,2025-11-25 03:30:30+00:00,0.0,0.0,0.0,0.0
Bannatynes Cookridge Hall,180.0,0.0,28.89,2025-11-25 03:45:30+00:00,0.0,0.0,0.0,0.0
Bannatynes Cookridge Hall,180.0,0.0,28.89,2025-11-25 04:00:30+00:00,0.0,0.0,0.0,0.0
Bannatynes Cookridge Hall,180.0,0.0,28.89,2025-11-25 04:15:30+00:00,0.0,0.0,0.0,0.0
Bannatynes Cookridge Hall,180.0,0.0,28.89,2025-11-25 04:30:30+00:00,0.0,0.0,0.0,0.0
Bannatynes Cookridge Hall,180.0,0.0,28.89,2025-11-25 04:45:30+00:00,0.0,0.0,0.0,0.0
Bannatynes Cookridge Hall,180.0,0.0,28.89,2025-11-25 05:00:30+00:00,0.0,0.0,0.0,0.0
Bannatynes Cookridge Hall,180.0,0.0,28.89,2025-11-25 05:15:30+00:00,0.0,0.0,0.0,0.0
Bannatynes Cookridge Hall,180.0,0.0,28.89,2025-11-25 05:30:30+00:00,0.0,0.0,0.0,0.0
Bannatynes Cookridge Hall,180.0,0.0,28.89,2025-11-25 05:45:30+00:00,0.0,0.0,0.0,0.0
Bannatynes Cookridge Hall,180.0,0.0,28.89,2025-11-25 06:00:30+00:00,0.0,0.0,0.0,0.0
Bannatynes Cookridge Hall,180.0,0.0,28.89,2025-11-25 06:15:30+00:00,0.0,0.0,0.0,0.0
Bannatynes Cookridge Hall,180.0,0.0,28.89,2025-11-25 06:30:30+00:00,0.0,0.0,0.0,0.0
Bannatynes Cookridge Hall,180.0,0.0,28.89,2025-11-25 06:45:30+00:00,0.0,0.0,0.0,0.0
Bannatynes Cookridge Hall,180.0,0.0,28.89,2025-11-25 07:00:30+00:00,0.0,0.0,0.0,0.0
Bannatynes Cookridge Hall,180.0,0.0,28.89,2025-11-25 07:15:30+00:00,0.0,0.0,0.0,0.0
Bannatynes Cookridge Hall,180.0,0.0,28.89,2025-11-25 07:30:30+00:00,0.0,0.0,0.0,0.0
Bannatynes Cookridge Hall,180.0,0.0,28.89,2025-11-25 07:45:30+00:00,0.00075,0.0005,0.001,0.00075
Bannatynes Cookridge Hall,180.0,0.0,28.89,2025-11-25 08:00:30+00:00,0.002,0.00175,0.0025,0.002
Bannatynes Cookridge Hall,180.0,0.0,28.89,2025-11-25 08:15:30+00:00,0.00575,0.004,0.00725,0.00575
Bannatynes Cookridge Hall,180.0,0.0,28.89,2025-11-25 08:30:30+00:00,0.01125,0.0075,0.01375,0.01125
Bannatynes Cookridge Hall,180.0,0.0,28.89,2025-11-25 08:45:30+00:00,0.01775,0.01125,0.0205,0.01775
Bannatynes Cookridge Hall,180.0,0.0,28.89,2025-11-25 09:00:30+00:00,0.02125,0.01525,0.027,0.02125
Bannatynes Cookridge Hall,180.0,0.0,28.89,2025-11-25 09:15:30+00:00,0.028,0.0195,0.0335,0.028
Bannatynes Cookridge Hall,180.0,0.0,28.89,2025-11-25 09:30:30+00:00,0.03475,0.025,0.0395,0.03475
Bannatynes Cookridge Hall,180.0,0.0,28.89,2025-11-25 09:45:30+00:00,0.04,0.03025,0.045,0.04
Bannatynes Cookridge Hall,180.0,0.0,28.89,2025-11-25 10:00:30+00:00,0.0445,0.035,0.05,0.0445
Bannatynes Cookridge Hall,180.0,0.0,28.89,2025-11-25 10:15:30+00:00,0.0485,0.039,0.0545,0.0485
Bannatynes Cookridge Hall,180.0,0.0,28.89,2025-11-25 10:30:30+00:00,0.052,0.04225,0.0585,0.052
Bannatynes Cookridge Hall,180.0,0.0,28.89,2025-11-25 10:45:30+00:00,0.05475,0.0445,0.0615,0.05475
Bannatynes Cookridge Hall,180.0,0.0,28.89,2025-11-25 11:00:30+00:00,0.057,0.0465,0.06425,0.057
Bannatynes Cookridge Hall,180.0,0.0,28.89,2025-11-25 11:15:30+00:00,0.0585,0.04675,0.066,0.0585
Bannatynes Cookridge Hall,180.0,0.0,28.89,2025-11-25 11:30:30+00:00,0.057,0.04725,0.06725,0.057
Bannatynes Cookridge Hall,180.0,0.0,28.89,2025-11-25 11:45:30+00:00,0.05875,0.04775,0.0675,0.05875
Bannatynes Cookridge Hall,180.0,0.0,28.89,2025-11-25 12:00:30+00:00,0.06,0.04725,0.06725,0.06
Bannatynes Cookridge Hall,180.0,0.0,28.89,2025-11-25 12:15:30+00:00,0.05725,0.0425,0.06625,0.05725
Bannatynes Cookridge Hall,180.0,0.0,28.89,2025-11-25 12:30:30+00:00,0.054,0.03675,0.0645,0.054
Bannatynes Cookridge Hall,180.0,0.0,28.89,2025-11-25 12:45:30+00:00,0.0505,0.028,0.06225,0.0505
Bannatynes Cookridge Hall,180.0,0.0,28.89,2025-11-25 13:00:30+00:00,0.0375,0.025,0.059,0.0375
Bannatynes Cookridge Hall,180.0,0.0,28.89,2025-11-25 13:15:30+00:00,0.042,0.02325,0.05525,0.042
Bannatynes Cookridge Hall,180.0,0.0,28.89,2025-11-25 13:30:30+00:00,0.04475,0.02425,0.051,0.04475
Bannatynes Cookridge Hall,180.0,0.0,28.89,2025-11-25 13:45:30+00:00,0.03825,0.01925,0.046,0.03825
Bannatynes Cookridge Hall,180.0,0.0,28.89,2025-11-25 14:00:30+00:00,0.02425,0.0145,0.0405,0.02425
Bannatynes Cookridge Hall,180.0,0.0,28.89,2025-11-25 14:15:30+00:00,0.02425,0.0105,0.034,0.02425
Bannatynes Cookridge Hall,180.0,0.0,28.89,2025-11-25 14:30:30+00:00,0.018,0.00925,0.02775,0.018
Bannatynes Cookridge Hall,180.0,0.0,28.89,2025-11-25 14:45:30+00:00,0.01325,0.007,0.0215,0.01325
Bannatynes Cookridge Hall,180.0,0.0,28.89,2025-11-25 15:00:30+00:00,0.0115,0.00525,0.015,0.0115
Bannatynes Cookridge Hall,180.0,0.0,28.89,2025-11-25 15:15:30+00:00,0.00675,0.0035,0.0085,0.00675
Bannatynes Cookridge Hall,180.0,0.0,28.89,2025-11-25 15:30:30+00:00,0.002,0.0015,0.00275,0.002
Bannatynes Cookridge Hall,180.0,0.0,28.89,2025-11-25 15:45:30+00:00,0.00025,0.00025,0.00025,0.00025
Bannatynes Cookridge Hall,180.0,0.0,28.89,2025-11-25 16:00:30+00:00,0.0,0.0,0.0,0.0
Bannatynes Cookridge Hall,180.0,0.0,28.89,2025-11-25 16:15:30+00:00,0.0,0.0,0.0,0.0
Bannatynes Cookridge Hall,180.0,0.0,28.89,2025-11-25 16:30:30+00:00,0.0,0.0,0.0,0.0
Bannatynes Cookridge Hall,180.0,0.0,28.89,2025-11-25 16:45:30+00:00,0.0,0.0,0.0,0.0
Bannatynes Cookridge Hall,180.0,0.0,28.89,2025-11-25 17:00:30+00:00,0.0,0.0,0.0,0.0
Bannatynes Cookridge Hall,180.0,0.0,28.89,2025-11-25 17:15:30+00:00,0.0,0.0,0.0,0.0
Bannatynes Cookridge Hall,180.0,0.0,28.89,2025-11-25 17:30:30+00:00,0.0,0.0,0.0,0.0
Bannatynes Cookridge Hall,180.0,0.0,28.89,2025-11-25 17:45:30+00:00,0.0,0.0,0.0,0.0
Bannatynes Cookridge Hall,180.0,0.0,28.89,2025-11-25 18:00:30+00:00,0.0,0.0,0.0,0.0
Bannatynes Cookridge Hall,180.0,0.0,28.89,2025-11-25 18:15:30+00:00,0.0,0.0,0.0,0.0
Bannatynes Cookridge Hall,180.0,0.0,28.89,2025-11-25 18:30:30+00:00,0.0,0.0,0.0,0.0
Bannatynes Cookridge Hall,180.0,0.0,28.89,2025-11-25 18:45:30+00:00,0.0,0.0,0.0,0.0
Bannatynes Cookridge Hall,180.0,0.0,28.89,2025-11-25 19:00:30+00:00,0.0,0.0,0.0,0.0
Bannatynes Cookridge Hall,180.0,0.0,28.89,2025-11-25 19:15:30+00:00,0.0,0.0,0.0,0.0
Bannatynes Cookridge Hall,180.0,0.0,28.89,2025-11-25 19:30:30+00:00,0.0,0.0,0.0,0.0
Bannatynes Cookridge Hall,180.0,0.0,28.89,2025-11-25 19:45:30+00:00,0.0,0.0,0.0,0.0
Bannatynes Cookridge Hall,180.0,0.0,28.89,2025-11-25 20:00:30+00:00,0.0,0.0,0.0,0.0
Bannatynes Cookridge Hall,180.0,0.0,28.89,2025-11-25 20:15:30+00:00,0.0,0.0,0.0,0.0
Bannatynes Cookridge Hall,180.0,0.0,28.89,2025-11-25 20:30:30+00:00,0.0,0.0,0.0,0.0
Bannatynes Cookridge Hall,180.0,0.0,28.89,2025-11-25 20:45:30+00:00,0.0,0.0,0.0,0.0
Bannatynes Cookridge Hall,180.0,0.0,28.89,2025-11-25 21:00:30+00:00,0.0,0.0,0.0,0.0
Bannatynes Cookridge Hall,180.0,0.0,28.89,2025-11-25 21:15:30+00:00,0.0,0.0,0.0,0.0
Bannatynes Cookridge Hall,180.0,0.0,28.89,2025-11-25 21:30:30+00:00,0.0,0.0,0.0,0.0
Bannatynes Cookridge Hall,180.0,0.0,28.89,2025-11-25 21:45:30+00:00,0.0,0.0,0.0,0.0
Bannatynes Cookridge Hall,180.0,0.0,28.89,2025-11-25 22:00:30+00:00,0.0,0.0,0.0,0.0
Bannatynes Cookridge Hall,180.0,0.0,28.89,2025-11-25 22:15:30+00:00,0.0,0.0,0.0,0.0
Bannatynes Cookridge Hall,180.0,0.0,28.89,2025-11-25 22:30:30+00:00,0.0,0.0,0.0,0.0
Bannatynes Cookridge Hall,180.0,0.0,28.89,2025-11-25 22:45:30+00:00,0.0,0.0,0.0,0.0
Bannatynes Cookridge Hall,180.0,0.0,28.89,2025-11-25 23:00:30+00:00,0.0,0.0,0.0,0.0
Bannatynes Cookridge Hall,180.0,0.0,28.89,2025-11-25 23:15:30+00:00,0.0,0.0,0.0,0.0
Bannatynes Cookridge Hall,180.0,0.0,28.89,2025-11-25 23:30:30+00:00,0.0,0.0,0.0,0.0
Bannatynes Cookridge Hall,180.0,0.0,28.89,2025-11-25 23:45:30+00:00,0.0,0.0,0.0,0.0
Bannatynes Cookridge Hall,180.0,0.0,28.89,2025-11-26 00:00:30+00:00,0.0,0.0,0.0,0.0
Bannatynes Cookridge Hall,180.0,0.0,28.89,2025-11-26 00:15:30+00:00,0.0,0.0,0.0,0.0
Bannatynes Cookridge Hall,180.0,0.0,28.89,2025-11-26 00:30:30+00:00,0.0,0.0,0.0,0.0
Bannatynes Cookridge Hall,180.0,0.0,28.89,2025-11-26 00:45:30+00:00,0.0,0.0,0.0,0.0
Bannatynes Cookridge Hall,180.0,0.0,28.89,2025-11-26 01:00:30+00:00,0.0,0.0,0.0,0.0
Bannatynes Cookridge Hall,180.0,0.0,28.89,2025-11-26 01:15:30+00:00,0.0,0.0,0.0,0.0
Bannatynes Cookridge Hall,180.0,0.0,28.89,2025-11-26 01:30:30+00:00,0.0,0.0,0.0,0.0
Bannatynes Cookridge Hall,180.0,0.0,28.89,2025-11-26 01:45:30+00:00,0.0,0.0,0.0,0.0
Bannatynes Cookridge Hall,180.0,0.0,28.89,2025-11-26 02:00:30+00:00,0.0,0.0,0.0,0.0
Bannatynes Cookridge Hall,180.0,0.0,28.89,2025-11-26 02:15:30+00:00,0.0,0.0,0.0,0.0
Bannatynes Cookridge Hall,180.0,0.0,28.89,2025-11-26 02:30:30+00:00,0.0,0.0,0.0,0.0
Bannatynes Cookridge Hall,180.0,0.0,28.89,2025-11-26 02:45:30+00:00,0.0,0.0,0.0,0.0
Bannatynes Cookridge Hall,180.0,0.0,28.89,2025-11-26 03:00:30+00:00,0.0,0.0,0.0,0.0
Bannatynes Cookridge Hall,180.0,0.0,28.89,2025-11-26 03:15:30+00:00,0.0,0.0,0.0,0.0
Bannatynes Cookridge Hall,180.0,0.0,28.89,2025-11-26 03:30:30+00:00,0.0,0.0,0.0,0.0
Bannatynes Cookridge Hall,180.0,0.0,28.89,2025-11-26 03:45:30+00:00,0.0,0.0,0.0,0.0
Bannatynes Cookridge Hall,180.0,0.0,28.89,2025-11-26 04:00:30+00:00,0.0,0.0,0.0,0.0
Bannatynes Cookridge Hall,180.0,0.0,28.89,2025-11-26 04:15:30+00:00,0.0,0.0,0.0,0.0
Bannatynes Cookridge Hall,180.0,0.0,28.89,2025-11-26 04:30:30+00:00,0.0,0.0,0.0,0.0
Bannatynes Cookridge Hall,180.0,0.0,28.89,2025-11-26 04:45:30+00:00,0.0,0.0,0.0,0.0
Bannatynes Cookridge Hall,180.0,0.0,28.89,2025-11-26 05:00:30+00:00,0.0,0.0,0.0,0.0
Bannatynes Cookridge Hall,180.0,0.0,28.89,2025-11-26 05:15:30+00:00,0.0,0.0,0.0,0.0
Bannatynes Cookridge Hall,180.0,0.0,28.89,2025-11-26 05:30:30+00:00,0.0,0.0,0.0,0.0
Bannatynes Cookridge Hall,180.0,0.0,28.89,2025-11-26 05:45:30+00:00,0.0,0.0,0.0,0.0
Bannatynes Cookridge Hall,180.0,0.0,28.89,2025-11-26 06:00:30+00:00,0.0,0.0,0.0,0.0
Bannatynes Cookridge Hall,180.0,0.0,28.89,2025-11-26 06:15:30+00:00,0.0,0.0,0.0,0.0
Bannatynes Cookridge Hall,180.0,0.0,28.89,2025-11-26 06:30:30+00:00,0.0,0.0,0.0,0.0
Bannatynes Cookridge Hall,180.0,0.0,28.89,2025-11-26 06:45:30+00:00,0.0,0.0,0.0,0.0
Bannatynes Cookridge Hall,180.0,0.0,28.89,2025-11-26 07:00:30+00:00,0.0,0.0,0.0,0.0
Bannatynes Cookridge Hall,180.0,0.0,28.89,2025-11-26 07:15:30+00:00,0.0,0.0,0.0,0.0
Bannatynes Cookridge Hall,180.0,0.0,28.89,2025-11-26 07:30:30+00:00,0.0,0.0,0.0,0.0
Bannatynes Cookridge Hall,180.0,0.0,28.89,2025-11-26 07:45:30+00:00,0.0,0.0,0.0,0.0
Bannatynes Cookridge Hall,180.0,0.0,28.89,2025-11-26 08:00:30+00:00,0.0015,0.00125,0.00175,0.0015
Bannatynes Cookridge Hall,180.0,0.0,28.89,2025-11-26 08:15:30+00:00,0.005,0.0035,0.00625,0.005
Bannatynes Cookridge Hall,180.0,0.0,28.89,2025-11-26 08:30:30+00:00,0.01025,0.00675,0.01225,0.01025
Bannatynes Cookridge Hall,180.0,0.0,28.89,2025-11-26 08:45:30+00:00,0.0155,0.01075,0.0185,0.0155
Bannatynes Cookridge Hall,180.0,0.0,28.89,2025-11-26 09:00:30+00:00,0.021,0.01475,0.025,0.021
Bannatynes Cookridge Hall,180.0,0.0,28.89,2025-11-26 09:15:30+00:00,0.0255,0.019,0.031,0.0255
Bannatynes Cookridge Hall,180.0,0.0,28.89,2025-11-26 09:30:30+00:00,0.03125,0.02275,0.03675,0.03125
Bannatynes Cookridge Hall,180.0,0.0,28.89,2025-11-26 09:45:30+00:00,0.0355,0.02675,0.04225,0.0355
Bannatynes Cookridge Hall,180.0,0.0,28.89,2025-11-26 10:00:30+00:00,0.03925,0.0305,0.047,0.03925
Bannatynes Cookridge Hall,180.0,0.0,28.89,2025-11-26 10:15:30+00:00,0.04475,0.0345,0.05125,0.04475
Bannatynes Cookridge Hall,180.0,0.0,28.89,2025-11-26 10:30:30+00:00,0.048,0.03775,0.055,0.048
Bannatynes Cookridge Hall,180.0,0.0,28.89,2025-11-26 10:45:30+00:00,0.04975,0.0395,0.05825,0.04975
Bannatynes Cookridge Hall,180.0,0.0,28.89,2025-11-26 11:00:30+00:00,0.05075,0.03975,0.06075,0.05075
Bannatynes Cookridge Hall,180.0,0.0,28.89,2025-11-26 11:15:30+00:00,0.0515,0.03925,0.0625,0.0515
Bannatynes Cookridge Hall,180.0,0.0,28.89,2025-11-26 11:30:30+00:00,0.05275,0.035,0.0635,0.05275
Bannatynes Cookridge Hall,180.0,0.0,28.89,2025-11-26 11:45:30+00:00,0.04775,0.029,0.064,0.04775
Bannatynes Cookridge Hall,180.0,0.0,28.89,2025-11-26 12:00:30+00:00,0.0445,0.02225,0.06325,0.0445
Bannatynes Cookridge Hall,180.0,0.0,28.89,2025-11-26 12:15:30+00:00,0.036,0.01775,0.05725,0.036
Bannatynes Cookridge Hall,180.0,0.0,28.89,2025-11-26 12:30:30+00:00,0.032,0.01725,0.05175,0.032
Bannatynes Cookridge Hall,180.0,0.0,28.89,2025-11-26 12:45:30+00:00,0.03525,0.0115,0.05125,0.03525
Bannatynes Cookridge Hall,180.0,0.0,28.89,2025-11-26 13:00:30+00:00,0.02625,0.00575,0.05025,0.02625
Bannatynes Cookridge Hall,180.0,0.0,28.89,2025-11-26 13:15:30+00:00,0.022,0.00425,0.042,0.022
Bannatynes Cookridge Hall,180.0,0.0,28.89,2025-11-26 13:30:30+00:00,0.00825,0.0035,0.033,0.00825
Bannatynes Cookridge Hall,180.0,0.0,28.89,2025-11-26 13:45:30+00:00,0.011,0.00325,0.02875,0.011
Bannatynes Cookridge Hall,180.0,0.0,28.89,2025-11-26 14:00:30+00:00,0.0155,0.003,0.02975,0.0155
Bannatynes Cookridge Hall,180.0,0.0,28.89,2025-11-26 14:15:30+00:00,0.01325,0.00275,0.03175,0.01325
Bannatynes Cookridge Hall,180.0,0.0,28.89,2025-11-26 14:30:30+00:00,0.01875,0.00375,0.0265,0.01875
Bannatynes Cookridge Hall,180.0,0.0,28.89,2025-11-26 14:45:30+00:00,0.016,0.00625,0.02,0.016
Bannatynes Cookridge Hall,180.0,0.0,28.89,2025-11-26 15:00:30+00:00,0.01025,0.00525,0.01375,0.01025
Bannatynes Cookridge Hall,180.0,0.0,28.89,2025-11-26 15:15:30+00:00,0.0055,0.00325,0.0075,0.0055
Bannatynes Cookridge Hall,180.0,0.0,28.89,2025-11-26 15:30:30+00:00,0.0015,0.0015,0.00225,0.0015
Bannatynes Cookridge Hall,180.0,0.0,28.89,2025-11-26 15:45:30+00:00,0.00025,0.0,0.00025,0.00025
Bannatynes Cookridge Hall,180.0,0.0,28.89,2025-11-26 16:00:30+00:00,0.0,0.0,0.0,0.0
Bannatynes Cookridge Hall,180.0,0.0,28.89,2025-11-26 16:15:30+00:00,0.0,0.0,0.0,0.0
Bannatynes Cookridge Hall,180.0,0.0,28.89,2025-11-26 16:30:30+00:00,0.0,0.0,0.0,0.0
Bannatynes Cookridge Hall,180.0,0.0,28.89,2025-11-26 16:45:30+00:00,0.0,0.0,0.0,0.0
Bannatynes Cookridge Hall,180.0,0.0,28.89,2025-11-26 17:00:30+00:00,0.0,0.0,0.0,0.0
Bannatynes Cookridge Hall,180.0,0.0,28.89,2025-11-26 17:15:30+00:00,0.0,0.0,0.0,0.0
Bannatynes Cookridge Hall,180.0,0.0,28.89,2025-11-26 17:30:30+00:00,0.0,0.0,0.0,0.0
Bannatynes Cookridge Hall,180.0,0.0,28.89,2025-11-26 17:45:30+00:00,0.0,0.0,0.0,0.0
Bannatynes Cookridge Hall,180.0,0.0,28.89,2025-11-26 18:00:30+00:00,0.0,0.0,0.0,0.0
Bannatynes Cookridge Hall,180.0,0.0,28.89,2025-11-26 18:15:30+00:00,0.0,0.0,0.0,0.0
Bannatynes Cookridge Hall,180.0,0.0,28.89,2025-11-26 18:30:30+00:00,0.0,0.0,0.0,0.0
Bannatynes Cookridge Hall,180.0,0.0,28.89,2025-11-26 18:45:30+00:00,0.0,0.0,0.0,0.0
Bannatynes Cookridge Hall,180.0,0.0,28.89,2025-11-26 19:00:30+00:00,0.0,0.0,0.0,0.0
Bannatynes Cookridge Hall,180.0,0.0,28.89,2025-11-26 19:15:30+00:00,0.0,0.0,0.0,0.0
Bannatynes Cookridge Hall,180.0,0.0,28.89,2025-11-26 19:30:30+00:00,0.0,0.0,0.0,0.0
Bannatynes Cookridge Hall,180.0,0.0,28.89,2025-11-26 19:45:30+00:00,0.0,0.0,0.0,0.0
Bannatynes Cookridge Hall,180.0,0.0,28.89,2025-11-26 20:00:30+00:00,0.0,0.0,0.0,0.0
Bannatynes Cookridge Hall,180.0,0.0,28.89,2025-11-26 20:15:30+00:00,0.0,0.0,0.0,0.0
Bannatynes Cookridge Hall,180.0,0.0,28.89,2025-11-26 20:30:30+00:00,0.0,0.0,0.0,0.0
Bannatynes Cookridge Hall,180.0,0.0,28.89,2025-11-26 20:45:30+00:00,0.0,0.0,0.0,0.0
Bannatynes Cookridge Hall,180.0,0.0,28.89,2025-11-26 21:00:30+00:00,0.0,0.0,0.0,0.0
Bannatynes Cookridge Hall,180.0,0.0,28.89,2025-11-26 21:15:30+00:00,0.0,0.0,0.0,0.0
Bannatynes Cookridge Hall,180.0,0.0,28.89,2025-11-26 21:30:30+00:00,0.0,0.0,0.0,0.0
Bannatynes Cookridge Hall,180.0,0.0,28.89,2025-11-26 21:45:30+00:00,0.0,0.0,0.0,0.0
Bannatynes Cookridge Hall,180.0,0.0,28.89,2025-11-26 22:00:30+00:00,0.0,0.0,0.0,0.0
Bannatynes Cookridge Hall,180.0,0.0,28.89,2025-11-26 22:15:30+00:00,0.0,0.0,0.0,0.0
Bannatynes Cookridge Hall,180.0,0.0,28.89,2025-11-26 22:30:30+00:00,0.0,0.0,0.0,0.0
Bannatynes Cookridge Hall,180.0,0.0,28.89,2025-11-26 22:45:30+00:00,0.0,0.0,0.0,0.0
Bannatynes Cookridge Hall,180.0,0.0,28.89,2025-11-26 23:00:30+00:00,0.0,0.0,0.0,0.0
Bannatynes Cookridge Hall,180.0,0.0,28.89,2025-11-26 23:15:30+00:00,0.0,0.0,0.0,0.0
Bannatynes Cookridge Hall,180.0,0.0,28.89,2025-11-26 23:30:30+00:00,0.0,0.0,0.0,0.0
Bannatynes Cookridge Hall,180.0,0.0,28.89,2025-11-26 23:45:30+00:00,0.0,0.0,0.0,0.0
Bannatynes Cookridge Hall,180.0,0.0,28.89,2025-11-27 00:00:30+00:00,0.0,0.0,0.0,0.0
Bannatynes Cookridge Hall,180.0,0.0,28.89,2025-11-27 00:15:30+00:00,0.0,0.0,0.0,0.0
Bannatynes Cookridge Hall,180.0,0.0,28.89,2025-11-27 00:30:30+00:00,0.0,0.0,0.0,0.0
Bannatynes Cookridge Hall,180.0,0.0,28.89,2025-11-27 00:45:30+00:00,0.0,0.0,0.0,0.0
Bannatynes Cookridge Hall,180.0,0.0,28.89,2025-11-27 01:00:30+00:00,0.0,0.0,0.0,0.0
Bannatynes Cookridge Hall,180.0,0.0,28.89,2025-11-27 01:15:30+00:00,0.0,0.0,0.0,0.0
Bannatynes Cookridge Hall,180.0,0.0,28.89,2025-11-27 01:30:30+00:00,0.0,0.0,0.0,0.0
Bannatynes Cookridge Hall,180.0,0.0,28.89,2025-11-27 01:45:30+00:00,0.0,0.0,0.0,0.0
Bannatynes Cookridge Hall,180.0,0.0,28.89,2025-11-27 02:00:30+00:00,0.0,0.0,0.0,0.0
Bannatynes Cookridge Hall,180.0,0.0,28.89,2025-11-27 02:15:30+00:00,0.0,0.0,0.0,0.0
Bannatynes Cookridge Hall,180.0,0.0,28.89,2025-11-27 02:30:30+00:00,0.0,0.0,0.0,0.0
Bannatynes Cookridge Hall,180.0,0.0,28.89,2025-11-27 02:45:30+00:00,0.0,0.0,0.0,0.0
Bannatynes Cookridge Hall,180.0,0.0,28.89,2025-11-27 03:00:30+00:00,0.0,0.0,0.0,0.0
Bannatynes Cookridge Hall,180.0,0.0,28.89,2025-11-27 03:15:30+00:00,0.0,0.0,0.0,0.0
Bannatynes Cookridge Hall,180.0,0.0,28.89,2025-11-27 03:30:30+00:00,0.0,0.0,0.0,0.0
Bannatynes Cookridge Hall,180.0,0.0,28.89,2025-11-27 03:45:30+00:00,0.0,0.0,0.0,0.0
Bannatynes Cookridge Hall,180.0,0.0,28.89,2025-11-27 04:00:30+00:00,0.0,0.0,0.0,0.0
Bannatynes Cookridge Hall,180.0,0.0,28.89,2025-11-27 04:15:30+00:00,0.0,0.0,0.0,0.0
Bannatynes Cookridge Hall,180.0,0.0,28.89,2025-11-27 04:30:30+00:00,0.0,0.0,0.0,0.0
Bannatynes Cookridge Hall,180.0,0.0,28.89,2025-11-27 04:45:30+00:00,0.0,0.0,0.0,0.0
Bannatynes Cookridge Hall,180.0,0.0,28.89,2025-11-27 05:00:30+00:00,0.0,0.0,0.0,0.0
Bannatynes Cookridge Hall,180.0,0.0,28.89,2025-11-27 05:15:30+00:00,0.0,0.0,0.0,0.0
Bannatynes Cookridge Hall,180.0,0.0,28.89,2025-11-27 05:30:30+00:00,0.0,0.0,0.0,0.0
Bannatynes Cookridge Hall,180.0,0.0,28.89,2025-11-27 05:45:30+00:00,0.0,0.0,0.0,0.0
Bannatynes Cookridge Hall,180.0,0.0,28.89,2025-11-27 06:00:30+00:00,0.0,0.0,0.0,0.0
Bannatynes Cookridge Hall,180.0,0.0,28.89,2025-11-27 06:15:30+00:00,0.0,0.0,0.0,0.0
Bannatynes Cookridge Hall,180.0,0.0,28.89,2025-11-27 06:30:30+00:00,0.0,0.0,0.0,0.0
Bannatynes Cookridge Hall,180.0,0.0,28.89,2025-11-27 06:45:30+00:00,0.0,0.0,0.0,0.0
Bannatynes Cookridge Hall,180.0,0.0,28.89,2025-11-27 07:00:30+00:00,0.0,0.0,0.0,0.0
Bannatynes Cookridge Hall,180.0,0.0,28.89,2025-11-27 07:15:30+00:00,0.0,0.0,0.0,0.0
Bannatynes Cookridge Hall,180.0,0.0,28.89,2025-11-27 07:30:30+00:00,0.0,0.0,0.0,0.0
Bannatynes Cookridge Hall,180.0,0.0,28.89,2025-11-27 07:45:30+00:00,0.0,0.0,0.0,0.0
Bannatynes Cookridge Hall,180.0,0.0,28.89,2025-11-27 08:00:30+00:00,0.00025,0.0,0.00075,0.00025
Bannatynes Cookridge Hall,180.0,0.0,28.89,2025-11-27 08:15:30+00:00,0.00075,0.0005,0.00325,0.00075
Bannatynes Cookridge Hall,180.0,0.0,28.89,2025-11-27 08:30:30+00:00,0.002,0.00075,0.0055,0.002
Bannatynes Cookridge Hall,180.0,0.0,28.89,2025-11-27 08:45:30+00:00,0.0015,0.00125,0.006,0.0015
Bannatynes Cookridge Hall,180.0,0.0,28.89,2025-11-27 09:00:30+00:00,0.00725,0.00175,0.01425,0.00725
Bannatynes Cookridge Hall,180.0,0.0,28.89,2025-11-27 09:15:30+00:00,0.009,0.00225,0.01775,0.009
Bannatynes Cookridge Hall,180.0,0.0,28.89,2025-11-27 09:30:30+00:00,0.01025,0.00275,0.01975,0.01025
Bannatynes Cookridge Hall,180.0,0.0,28.89,2025-11-27 09:45:30+00:00,0.01075,0.003,0.022,0.01075
Bannatynes Cookridge Hall,180.0,0.0,28.89,2025-11-27 10:00:30+00:00,0.015,0.0035,0.02325,0.015
Bannatynes Cookridge Hall,180.0,0.0,28.89,2025-11-27 10:15:30+00:00,0.0105,0.00375,0.02425,0.0105
Bannatynes Cookridge Hall,180.0,0.0,28.89,2025-11-27 10:30:30+00:00,0.01175,0.004,0.02375,0.01175
Bannatynes Cookridge Hall,180.0,0.0,28.89,2025-11-27 10:45:30+00:00,0.01325,0.00425,0.025,0.01325
Bannatynes Cookridge Hall,180.0,0.0,28.89,2025-11-27 11:00:30+00:00,0.01475,0.0045,0.02675,0.01475
Bannatynes Cookridge Hall,180.0,0.0,28.89,2025-11-27 11:15:30+00:00,0.01525,0.0045,0.0295,0.01525
Bannatynes Cookridge Hall,180.0,0.0,28.89,2025-11-27 11:30:30+00:00,0.01875,0.00525,0.03275,0.01875
Bannatynes Cookridge Hall,180.0,0.0,28.89,2025-11-27 11:45:30+00:00,0.023,0.007,0.03625,0.023
Bannatynes Cookridge Hall,180.0,0.0,28.89,2025-11-27 12:00:30+00:00,0.023,0.008,0.0375,0.023
Bannatynes Cookridge Hall,180.0,0.0,28.89,2025-11-27 12:15:30+00:00,0.02225,0.01025,0.03975,0.02225
Bannatynes Cookridge Hall,180.0,0.0,28.89,2025-11-27 12:30:30+00:00,0.0295,0.0085,0.0415,0.0295
Bannatynes Cookridge Hall,180.0,0.0,28.89,2025-11-27 12:45:30+00:00,0.023,0.005,0.04525,0.023
Bannatynes Cookridge Hall,180.0,0.0,28.89,2025-11-27 13:00:30+00:00,0.0225,0.0045,0.0405,0.0225
Bannatynes Cookridge Hall,180.0,0.0,28.89,2025-11-27 13:15:30+00:00,0.00925,0.00375,0.03325,0.00925
Bannatynes Cookridge Hall,180.0,0.0,28.89,2025-11-27 13:30:30+00:00,0.0045,0.0035,0.0185,0.0045
Bannatynes Cookridge Hall,180.0,0.0,28.89,2025-11-27 13:45:30+00:00,0.00375,0.00325,0.0155,0.00375
Bannatynes Cookridge Hall,180.0,0.0,28.89,2025-11-27 14:00:30+00:00,0.009,0.00275,0.022,0.009
Bannatynes Cookridge Hall,180.0,0.0,28.89,2025-11-27 14:15:30+00:00,0.0075,0.00225,0.026,0.0075
Bannatynes Cookridge Hall,180.0,0.0,28.89,2025-11-27 14:30:30+00:00,0.01525,0.003,0.02325,0.01525
Bannatynes Cookridge Hall,180.0,0.0,28.89,2025-11-27 14:45:30+00:00,0.0105,0.00275,0.019,0.0105
Bannatynes Cookridge Hall,180.0,0.0,28.89,2025-11-27 15:00:30+00:00,0.00675,0.002,0.012,0.00675
Bannatynes Cookridge Hall,180.0,0.0,28.89,2025-11-27 15:15:30+00:00,0.00375,0.0015,0.006,0.00375
Bannatynes Cookridge Hall,180.0,0.0,28.89,2025-11-27 15:30:30+00:00,0.001,0.00075,0.00175,0.001
Bannatynes Cookridge Hall,180.0,0.0,28.89,2025-11-27 15:45:30+00:00,0.0,0.0,0.0,0.0
Bannatynes Cookridge Hall,180.0,0.0,28.89,2025-11-27 16:00:30+00:00,0.0,0.0,0.0,0.0
Bannatynes Cookridge Hall,180.0,0.0,28.89,2025-11-27 16:15:30+00:00,0.0,0.0,0.0,0.0
Bannatynes Cookridge Hall,180.0,0.0,28.89,2025-11-27 16:30:30+00:00,0.0,0.0,0.0,0.0
Bannatynes Cookridge Hall,180.0,0.0,28.89,2025-11-27 16:45:30+00:00,0.0,0.0,0.0,0.0
Bannatynes Cookridge Hall,180.0,0.0,28.89,2025-11-27 17:00:30+00:00,0.0,0.0,0.0,0.0
Bannatynes Cookridge Hall,180.0,0.0,28.89,2025-11-27 17:15:30+00:00,0.0,0.0,0.0,0.0
Bannatynes Cookridge Hall,180.0,0.0,28.89,2025-11-27 17:30:30+00:00,0.0,0.0,0.0,0.0
Bannatynes Cookridge Hall,180.0,0.0,28.89,2025-11-27 17:45:30+00:00,0.0,0.0,0.0,0.0
Bannatynes Cookridge Hall,180.0,0.0,28.89,2025-11-27 18:00:30+00:00,0.0,0.0,0.0,0.0
Bannatynes Cookridge Hall,180.0,0.0,28.89,2025-11-27 18:15:30+00:00,0.0,0.0,0.0,0.0
Bannatynes Cookridge Hall,180.0,0.0,28.89,2025-11-27 18:30:30+00:00,0.0,0.0,0.0,0.0
Bannatynes Cookridge Hall,180.0,0.0,28.89,2025-11-27 18:45:30+00:00,0.0,0.0,0.0,0.0
Bannatynes Cookridge Hall,180.0,0.0,28.89,2025-11-27 19:00:30+00:00,0.0,0.0,0.0,0.0
Bannatynes Cookridge Hall,180.0,0.0,28.89,2025-11-27 19:15:30+00:00,0.0,0.0,0.0,0.0
Bannatynes Cookridge Hall,180.0,0.0,28.89,2025-11-27 19:30:30+00:00,0.0,0.0,0.0,0.0
Bannatynes Cookridge Hall,180.0,0.0,28.89,2025-11-27 19:45:30+00:00,0.0,0.0,0.0,0.0
Bannatynes Cookridge Hall,180.0,0.0,28.89,2025-11-27 20:00:30+00:00,0.0,0.0,0.0,0.0
Bannatynes Cookridge Hall,180.0,0.0,28.89,2025-11-27 20:15:30+00:00,0.0,0.0,0.0,0.0
Bannatynes Cookridge Hall,180.0,0.0,28.89,2025-11-27 20:30:30+00:00,0.0,0.0,0.0,0.0
Bannatynes Cookridge Hall,180.0,0.0,28.89,2025-11-27 20:45:30+00:00,0.0,0.0,0.0,0.0
Bannatynes Cookridge Hall,180.0,0.0,28.89,2025-11-27 21:00:30+00:00,0.0,0.0,0.0,0.0
Bannatynes Cookridge Hall,180.0,0.0,28.89,2025-11-27 21:15:30+00:00,0.0,0.0,0.0,0.0
Bannatynes Cookridge Hall,180.0,0.0,28.89,2025-11-27 21:30:30+00:00,0.0,0.0,0.0,0.0
Bannatynes Cookridge Hall,180.0,0.0,28.89,2025-11-27 21:45:30+00:00,0.0,0.0,0.0,0.0
Bannatynes Cookridge Hall,180.0,0.0,28.89,2025-11-27 22:00:30+00:00,0.0,0.0,0.0,0.0
Bannatynes Cookridge Hall,180.0,0.0,28.89,2025-11-27 22:15:30+00:00,0.0,0.0,0.0,0.0
Bannatynes Cookridge Hall,180.0,0.0,28.89,2025-11-27 22:30:30+00:00,0.0,0.0,0.0,0.0
Bannatynes Cookridge Hall,180.0,0.0,28.89,2025-11-27 22:45:30+00:00,0.0,0.0,0.0,0.0
Bannatynes Cookridge Hall,180.0,0.0,28.89,2025-11-27 23:00:30+00:00,0.0,0.0,0.0,0.0
Bannatynes Cookridge Hall,180.0,0.0,28.89,2025-11-27 23:15:30+00:00,0.0,0.0,0.0,0.0
Bannatynes Cookridge Hall,180.0,0.0,28.89,2025-11-27 23:30:30+00:00,0.0,0.0,0.0,0.0
Bannatynes Cookridge Hall,180.0,0.0,28.89,2025-11-27 23:45:30+00:00,0.0,0.0,0.0,0.0
Bannatynes Cookridge Hall,180.0,0.0,28.89,2025-11-28 00:00:30+00:00,0.0,0.0,0.0,0.0
Bannatynes Cookridge Hall,180.0,0.0,28.89,2025-11-28 00:15:30+00:00,0.0,0.0,0.0,0.0
Bannatynes Cookridge Hall,180.0,0.0,28.89,2025-11-28 00:30:30+00:00,0.0,0.0,0.0,0.0
Bannatynes Cookridge Hall,180.0,0.0,28.89,2025-11-28 00:45:30+00:00,0.0,0.0,0.0,0.0
Bannatynes Cookridge Hall,180.0,0.0,28.89,2025-11-28 01:00:30+00:00,0.0,0.0,0.0,0.0
Bannatynes Cookridge Hall,180.0,0.0,28.89,2025-11-28 01:15:30+00:00,0.0,0.0,0.0,0.0
Bannatynes Cookridge Hall,180.0,0.0,28.89,2025-11-28 01:30:30+00:00,0.0,0.0,0.0,0.0
Bannatynes Cookridge Hall,180.0,0.0,28.89,2025-11-28 01:45:30+00:00,0.0,0.0,0.0,0.0
Bannatynes Cookridge Hall,180.0,0.0,28.89,2025-11-28 02:00:30+00:00,0.0,0.0,0.0,0.0
Bannatynes Cookridge Hall,180.0,0.0,28.89,2025-11-28 02:15:30+00:00,0.0,0.0,0.0,0.0
Bannatynes Cookridge Hall,180.0,0.0,28.89,2025-11-28 02:30:30+00:00,0.0,0.0,0.0,0.0
Bannatynes Cookridge Hall,180.0,0.0,28.89,2025-11-28 02:45:30+00:00,0.0,0.0,0.0,0.0
Bannatynes Cookridge Hall,180.0,0.0,28.89,2025-11-28 03:00:30+00:00,0.0,0.0,0.0,0.0
Bannatynes Cookridge Hall,180.0,0.0,28.89,2025-11-28 03:15:30+00:00,0.0,0.0,0.0,0.0
Bannatynes Cookridge Hall,180.0,0.0,28.89,2025-11-28 03:30:30+00:00,0.0,0.0,0.0,0.0
Bannatynes Cookridge Hall,180.0,0.0,28.89,2025-11-28 03:45:30+00:00,0.0,0.0,0.0,0.0
Bannatynes Cookridge Hall,180.0,0.0,28.89,2025-11-28 04:00:30+00:00,0.0,0.0,0.0,0.0
Bannatynes Cookridge Hall,180.0,0.0,28.89,2025-11-28 04:15:30+00:00,0.0,0.0,0.0,0.0
Bannatynes Cookridge Hall,180.0,0.0,28.89,2025-11-28 04:30:30+00:00,0.0,0.0,0.0,0.0
Bannatynes Cookridge Hall,180.0,0.0,28.89,2025-11-28 04:45:30+00:00,0.0,0.0,0.0,0.0
Bannatynes Cookridge Hall,180.0,0.0,28.89,2025-11-28 05:00:30+00:00,0.0,0.0,0.0,0.0
Bannatynes Cookridge Hall,180.0,0.0,28.89,2025-11-28 05:15:30+00:00,0.0,0.0,0.0,0.0
Bannatynes Cookridge Hall,180.0,0.0,28.89,2025-11-28 05:30:30+00:00,0.0,0.0,0.0,0.0
Bannatynes Cookridge Hall,180.0,0.0,28.89,2025-11-28 05:45:30+00:00,0.0,0.0,0.0,0.0
Bannatynes Cookridge Hall,180.0,0.0,28.89,2025-11-28 06:00:30+00:00,0.0,0.0,0.0,0.0
Bannatynes Cookridge Hall,180.0,0.0,28.89,2025-11-28 06:15:30+00:00,0.0,0.0,0.0,0.0
Bannatynes Cookridge Hall,180.0,0.0,28.89,2025-11-28 06:30:30+00:00,0.0,0.0,0.0,0.0
Bannatynes Cookridge Hall,180.0,0.0,28.89,2025-11-28 06:45:30+00:00,0.0,0.0,0.0,0.0
Bannatynes Cookridge Hall,180.0,0.0,28.89,2025-11-28 07:00:30+00:00,0.0,0.0,0.0,0.0
Bannatynes Cookridge Hall,180.0,0.0,28.89,2025-11-28 07:15:30+00:00,0.0,0.0,0.0,0.0
Bannatynes Cookridge Hall,180.0,0.0,28.89,2025-11-28 07:30:30+00:00,0.0,0.0,0.0,0.0
Bannatynes Cookridge Hall,180.0,0.0,28.89,2025-11-28 07:45:30+00:00,0.0,0.0,0.0,0.0
Bannatynes Cookridge Hall,180.0,0.0,28.89,2025-11-28 08:00:30+00:00,0.00075,0.0005,0.00075,0.00075
Bannatynes Cookridge Hall,180.0,0.0,28.89,2025-11-28 08:15:30+00:00,0.004,0.003,0.00475,0.004
Bannatynes Cookridge Hall,180.0,0.0,28.89,2025-11-28 08:30:30+00:00,0.009,0.006,0.01075,0.009
Bannatynes Cookridge Hall,180.0,0.0,28.89,2025-11-28 08:45:30+00:00,0.01425,0.00975,0.017,0.01425
Bannatynes Cookridge Hall,180.0,0.0,28.89,2025-11-28 09:00:30+00:00,0.02,0.01425,0.0235,0.02
Bannatynes Cookridge Hall,180.0,0.0,28.89,2025-11-28 09:15:30+00:00,0.02575,0.01875,0.0295,0.02575
Bannatynes Cookridge Hall,180.0,0.0,28.89,2025-11-28 09:30:30+00:00,0.031,0.023,0.0355,0.031
Bannatynes Cookridge Hall,180.0,0.0,28.89,2025-11-28 09:45:30+00:00,0.03525,0.02675,0.04075,0.03525
Bannatynes Cookridge Hall,180.0,0.0,28.89,2025-11-28 10:00:30+00:00,0.04,0.0295,0.04575,0.04
Bannatynes Cookridge Hall,180.0,0.0,28.89,2025-11-28 10:15:30+00:00,0.0415,0.032,0.05025,0.0415
Bannatynes Cookridge Hall,180.0,0.0,28.89,2025-11-28 10:30:30+00:00,0.044,0.03425,0.054,0.044
Bannatynes Cookridge Hall,180.0,0.0,28.89,2025-11-28 10:45:30+00:00,0.04725,0.037,0.05725,0.04725
Bannatynes Cookridge Hall,180.0,0.0,28.89,2025-11-28 11:00:30+00:00,0.05025,0.03775,0.05975,0.05025
Bannatynes Cookridge Hall,180.0,0.0,28.89,2025-11-28 11:15:30+00:00,0.05225,0.03325,0.06175,0.05225
Bannatynes Cookridge Hall,180.0,0.0,28.89,2025-11-28 11:30:30+00:00,0.05,0.024,0.06275,0.05
Bannatynes Cookridge Hall,180.0,0.0,28.89,2025-11-28 11:45:30+00:00,0.04175,0.0125,0.06325,0.04175
Bannatynes Cookridge Hall,180.0,0.0,28.89,2025-11-28 12:00:30+00:00,0.03025,0.006,0.05675,0.03025
Bannatynes Cookridge Hall,180.0,0.0,28.89,2025-11-28 12:15:30+00:00,0.0095,0.0045,0.0385,0.0095
Bannatynes Cookridge Hall,180.0,0.0,28.89,2025-11-28 12:30:30+00:00,0.0085,0.0045,0.03425,0.0085
Bannatynes Cookridge Hall,180.0,0.0,28.89,2025-11-28 12:45:30+00:00,0.00525,0.00425,0.0215,0.00525
Bannatynes Cookridge Hall,180.0,0.0,28.89,2025-11-28 13:00:30+00:00,0.02925,0.00575,0.04175,0.02925
Bannatynes Cookridge Hall,180.0,0.0,28.89,2025-11-28 13:15:30+00:00,0.01225,0.00375,0.04225,0.01225
Bannatynes Cookridge Hall,180.0,0.0,28.89,2025-11-28 13:30:30+00:00,0.01125,0.0035,0.0405,0.01125
Bannatynes Cookridge Hall,180.0,0.0,28.89,2025-11-28 13:45:30+00:00,0.0295,0.00575,0.0415,0.0295
Bannatynes Cookridge Hall,180.0,0.0,28.89,2025-11-28 14:00:30+00:00,0.022,0.00425,0.03725,0.022
Bannatynes Cookridge Hall,180.0,0.0,28.89,2025-11-28 14:15:30+00:00,0.014,0.00275,0.0315,0.014
Bannatynes Cookridge Hall,180.0,0.0,28.89,2025-11-28 14:30:30+00:00,0.0185,0.00375,0.0255,0.0185
Bannatynes Cookridge Hall,180.0,0.0,28.89,2025-11-28 14:45:30+00:00,0.0165,0.006,0.01925,0.0165
Bannatynes Cookridge Hall,180.0,0.0,28.89,2025-11-28 15:00:30+00:00,0.00975,0.00475,0.01275,0.00975
Bannatynes Cookridge Hall,180.0,0.0,28.89,2025-11-28 15:15:30+00:00,0.00475,0.00275,0.00675,0.00475
Bannatynes Cookridge Hall,180.0,0.0,28.89,2025-11-28 15:30:30+00:00,0.00125,0.001,0.0015,0.00125
Bannatynes Cookridge Hall,180.0,0.0,28.89,2025-11-28 15:45:30+00:00,0.0,0.0,0.0,0.0
Bannatynes Cookridge Hall,180.0,0.0,28.89,2025-11-28 16:00:30+00:00,0.0,0.0,0.0,0.0
Bannatynes Cookridge Hall,180.0,0.0,28.89,2025-11-28 16:15:30+00:00,0.0,0.0,0.0,0.0
Bannatynes Cookridge Hall,180.0,0.0,28.89,2025-11-28 16:30:30+00:00,0.0,0.0,0.0,0.0
Bannatynes Cookridge Hall,180.0,0.0,28.89,2025-11-28 16:45:30+00:00,0.0,0.0,0.0,0.0
Bannatynes Cookridge Hall,180.0,0.0,28.89,2025-11-28 17:00:30+00:00,0.0,0.0,0.0,0.0
Bannatynes Cookridge Hall,180.0,0.0,28.89,2025-11-28 17:15:30+00:00,0.0,0.0,0.0,0.0
Bannatynes Cookridge Hall,180.0,0.0,28.89,2025-11-28 17:30:30+00:00,0.0,0.0,0.0,0.0
Bannatynes Cookridge Hall,180.0,0.0,28.89,2025-11-28 17:45:30+00:00,0.0,0.0,0.0,0.0
Bannatynes Cookridge Hall,180.0,0.0,28.89,2025-11-28 18:00:30+00:00,0.0,0.0,0.0,0.0
Bannatynes Cookridge Hall,180.0,0.0,28.89,2025-11-28 18:15:30+00:00,0.0,0.0,0.0,0.0
Bannatynes Cookridge Hall,180.0,0.0,28.89,2025-11-28 18:30:30+00:00,0.0,0.0,0.0,0.0
Bannatynes Cookridge Hall,180.0,0.0,28.89,2025-11-28 18:45:30+00:00,0.0,0.0,0.0,0.0
Bannatynes Cookridge Hall,180.0,0.0,28.89,2025-11-28 19:00:30+00:00,0.0,0.0,0.0,0.0
Bannatynes Cookridge Hall,180.0,0.0,28.89,2025-11-28 19:15:30+00:00,0.0,0.0,0.0,0.0
Bannatynes Cookridge Hall,180.0,0.0,28.89,2025-11-28 19:30:30+00:00,0.0,0.0,0.0,0.0
Bannatynes Cookridge Hall,180.0,0.0,28.89,2025-11-28 19:45:30+00:00,0.0,0.0,0.0,0.0
Bannatynes Cookridge Hall,180.0,0.0,28.89,2025-11-28 20:00:30+00:00,0.0,0.0,0.0,0.0
Bannatynes Cookridge Hall,180.0,0.0,28.89,2025-11-28 20:15:30+00:00,0.0,0.0,0.0,0.0
Bannatynes Cookridge Hall,180.0,0.0,28.89,2025-11-28 20:30:30+00:00,0.0,0.0,0.0,0.0
Bannatynes Cookridge Hall,180.0,0.0,28.89,2025-11-28 20:45:30+00:00,0.0,0.0,0.0,0.0
Bannatynes Cookridge Hall,180.0,0.0,28.89,2025-11-28 21:00:30+00:00,0.0,0.0,0.0,0.0
Bannatynes Cookridge Hall,180.0,0.0,28.89,2025-11-28 21:15:30+00:00,0.0,0.0,0.0,0.0
Bannatynes Cookridge Hall,180.0,0.0,28.89,2025-11-28 21:30:30+00:00,0.0,0.0,0.0,0.0
Bannatynes Cookridge Hall,180.0,0.0,28.89,2025-11-28 21:45:30+00:00,0.0,0.0,0.0,0.0
Bannatynes Cookridge Hall,180.0,0.0,28.89,2025-11-28 22:00:30+00:00,0.0,0.0,0.0,0.0
Bannatynes Cookridge Hall,180.0,0.0,28.89,2025-11-28 22:15:30+00:00,0.0,0.0,0.0,0.0
Bannatynes Cookridge Hall,180.0,0.0,28.89,2025-11-28 22:30:30+00:00,0.0,0.0,0.0,0.0
Bannatynes Cookridge Hall,180.0,0.0,28.89,2025-11-28 22:45:30+00:00,0.0,0.0,0.0,0.0
Bannatynes Cookridge Hall,180.0,0.0,28.89,2025-11-28 23:00:30+00:00,0.0,0.0,0.0,0.0
Bannatynes Cookridge Hall,180.0,0.0,28.89,2025-11-28 23:15:30+00:00,0.0,0.0,0.0,0.0
Bannatynes Cookridge Hall,180.0,0.0,28.89,2025-11-28 23:30:30+00:00,0.0,0.0,0.0,0.0
Bannatynes Cookridge Hall,180.0,0.0,28.89,2025-11-28 23:45:30+00:00,0.0,0.0,0.0,0.0
Bannatynes Cookridge Hall,180.0,0.0,28.89,2025-11-29 00:00:30+00:00,0.0,0.0,0.0,0.0
Bannatynes Cookridge Hall,180.0,0.0,28.89,2025-11-29 00:15:30+00:00,0.0,0.0,0.0,0.0
Bannatynes Cookridge Hall,180.0,0.0,28.89,2025-11-29 00:30:30+00:00,0.0,0.0,0.0,0.0
Bannatynes Cookridge Hall,180.0,0.0,28.89,2025-11-29 00:45:30+00:00,0.0,0.0,0.0,0.0
Bannatynes Cookridge Hall,180.0,0.0,28.89,2025-11-29 01:00:30+00:00,0.0,0.0,0.0,0.0
Bannatynes Cookridge Hall,180.0,0.0,28.89,2025-11-29 01:15:30+00:00,0.0,0.0,0.0,0.0
Bannatynes Cookridge Hall,180.0,0.0,28.89,2025-11-29 01:30:30+00:00,0.0,0.0,0.0,0.0
Bannatynes Cookridge Hall,180.0,0.0,28.89,2025-11-29 01:45:30+00:00,0.0,0.0,0.0,0.0
Bannatynes Cookridge Hall,180.0,0.0,28.89,2025-11-29 02:00:30+00:00,0.0,0.0,0.0,0.0
Bannatynes Cookridge Hall,180.0,0.0,28.89,2025-11-29 02:15:30+00:00,0.0,0.0,0.0,0.0
Bannatynes Cookridge Hall,180.0,0.0,28.89,2025-11-29 02:30:30+00:00,0.0,0.0,0.0,0.0
Bannatynes Cookridge Hall,180.0,0.0,28.89,2025-11-29 02:45:30+00:00,0.0,0.0,0.0,0.0
Bannatynes Cookridge Hall,180.0,0.0,28.89,2025-11-29 03:00:30+00:00,0.0,0.0,0.0,0.0
Bannatynes Cookridge Hall,180.0,0.0,28.89,2025-11-29 03:15:30+00:00,0.0,0.0,0.0,0.0
Bannatynes Cookridge Hall,180.0,0.0,28.89,2025-11-29 03:30:30+00:00,0.0,0.0,0.0,0.0
Bannatynes Cookridge Hall,180.0,0.0,28.89,2025-11-29 03:45:30+00:00,0.0,0.0,0.0,0.0
Bannatynes Cookridge Hall,180.0,0.0,28.89,2025-11-29 04:00:30+00:00,0.0,0.0,0.0,0.0
Bannatynes Cookridge Hall,180.0,0.0,28.89,2025-11-29 04:15:30+00:00,0.0,0.0,0.0,0.0
Bannatynes Cookridge Hall,180.0,0.0,28.89,2025-11-29 04:30:30+00:00,0.0,0.0,0.0,0.0
Bannatynes Cookridge Hall,180.0,0.0,28.89,2025-11-29 04:45:30+00:00,0.0,0.0,0.0,0.0
Bannatynes Cookridge Hall,180.0,0.0,28.89,2025-11-29 05:00:30+00:00,0.0,0.0,0.0,0.0
Bannatynes Cookridge Hall,180.0,0.0,28.89,2025-11-29 05:15:30+00:00,0.0,0.0,0.0,0.0
Bannatynes Cookridge Hall,180.0,0.0,28.89,2025-11-29 05:30:30+00:00,0.0,0.0,0.0,0.0
Bannatynes Cookridge Hall,180.0,0.0,28.89,2025-11-29 05:45:30+00:00,0.0,0.0,0.0,0.0
Bannatynes Cookridge Hall,180.0,0.0,28.89,2025-11-29 06:00:30+00:00,0.0,0.0,0.0,0.0
Bannatynes Cookridge Hall,180.0,0.0,28.89,2025-11-29 06:15:30+00:00,0.0,0.0,0.0,0.0
Bannatynes Cookridge Hall,180.0,0.0,28.89,2025-11-29 06:30:30+00:00,0.0,0.0,0.0,0.0
Bannatynes Cookridge Hall,180.0,0.0,28.89,2025-11-29 06:45:30+00:00,0.0,0.0,0.0,0.0
Bannatynes Cookridge Hall,180.0,0.0,28.89,2025-11-29 07:00:30+00:00,0.0,0.0,0.0,0.0
Bannatynes Cookridge Hall,180.0,0.0,28.89,2025-11-29 07:15:30+00:00,0.0,0.0,0.0,0.0
Bannatynes Cookridge Hall,180.0,0.0,28.89,2025-11-29 07:30:30+00:00,0.0,0.0,0.0,0.0
Bannatynes Cookridge Hall,180.0,0.0,28.89,2025-11-29 07:45:30+00:00,0.0,0.0,0.0,0.0
Bannatynes Cookridge Hall,180.0,0.0,28.89,2025-11-29 08:00:30+00:00,0.00025,0.00025,0.0005,0.00025
Bannatynes Cookridge Hall,180.0,0.0,28.89,2025-11-29 08:15:30+00:00,0.0025,0.00125,0.00425,0.0025
Bannatynes Cookridge Hall,180.0,0.0,28.89,2025-11-29 08:30:30+00:00,0.006,0.00275,0.0095,0.006
Bannatynes Cookridge Hall,180.0,0.0,28.89,2025-11-29 08:45:30+00:00,0.00975,0.0035,0.01425,0.00975
Bannatynes Cookridge Hall,180.0,0.0,28.89,2025-11-29 09:00:30+00:00,0.011,0.00225,0.02025,0.011
Bannatynes Cookridge Hall,180.0,0.0,28.89,2025-11-29 09:15:30+00:00,0.01225,0.0025,0.02525,0.01225
Bannatynes Cookridge Hall,180.0,0.0,28.89,2025-11-29 09:30:30+00:00,0.0135,0.00275,0.03475,0.0135
Bannatynes Cookridge Hall,180.0,0.0,28.89,2025-11-29 09:45:30+00:00,0.03225,0.0065,0.04025,0.03225
Bannatynes Cookridge Hall,180.0,0.0,28.89,2025-11-29 10:00:30+00:00,0.01775,0.0035,0.043,0.01775
Bannatynes Cookridge Hall,180.0,0.0,28.89,2025-11-29 10:15:30+00:00,0.014,0.00375,0.0405,0.014
Bannatynes Cookridge Hall,180.0,0.0,28.89,2025-11-29 10:30:30+00:00,0.02275,0.0045,0.0465,0.02275
Bannatynes Cookridge Hall,180.0,0.0,28.89,2025-11-29 10:45:30+00:00,0.03025,0.006,0.047,0.03025
Bannatynes Cookridge Hall,180.0,0.0,28.89,2025-11-29 11:00:30+00:00,0.01125,0.00425,0.04325,0.01125
Bannatynes Cookridge Hall,180.0,0.0,28.89,2025-11-29 11:15:30+00:00,0.0045,0.0045,0.0185,0.0045
Bannatynes Cookridge Hall,180.0,0.0,28.89,2025-11-29 11:30:30+00:00,0.00375,0.0025,0.01525,0.00375
Bannatynes Cookridge Hall,180.0,0.0,28.89,2025-11-29 11:45:30+00:00,0.00375,0.0025,0.0155,0.00375
Bannatynes Cookridge Hall,180.0,0.0,28.89,2025-11-29 12:00:30+00:00,0.00525,0.0045,0.02125,0.00525
Bannatynes Cookridge Hall,180.0,0.0,28.89,2025-11-29 12:15:30+00:00,0.01775,0.0045,0.0315,0.01775
Bannatynes Cookridge Hall,180.0,0.0,28.89,2025-11-29 12:30:30+00:00,0.017,0.0045,0.0325,0.017
Bannatynes Cookridge Hall,180.0,0.0,28.89,2025-11-29 12:45:30+00:00,0.01275,0.00425,0.02775,0.01275
Bannatynes Cookridge Hall,180.0,0.0,28.89,2025-11-29 13:00:30+00:00,0.00775,0.004,0.024,0.00775
Bannatynes Cookridge Hall,180.0,0.0,28.89,2025-11-29 13:15:30+00:00,0.00975,0.00375,0.021,0.00975
Bannatynes Cookridge Hall,180.0,0.0,28.89,2025-11-29 13:30:30+00:00,0.00575,0.0035,0.021,0.00575
Bannatynes Cookridge Hall,180.0,0.0,28.89,2025-11-29 13:45:30+00:00,0.01125,0.003,0.01975,0.01125
Bannatynes Cookridge Hall,180.0,0.0,28.89,2025-11-29 14:00:30+00:00,0.00775,0.00275,0.0205,0.00775
Bannatynes Cookridge Hall,180.0,0.0,28.89,2025-11-29 14:15:30+00:00,0.0055,0.00225,0.0195,0.0055
Bannatynes Cookridge Hall,180.0,0.0,28.89,2025-11-29 14:30:30+00:00,0.00725,0.00175,0.02025,0.00725
Bannatynes Cookridge Hall,180.0,0.0,28.89,2025-11-29 14:45:30+00:00,0.01075,0.00225,0.017,0.01075
Bannatynes Cookridge Hall,180.0,0.0,28.89,2025-11-29 15:00:30+00:00,0.00575,0.00125,0.012,0.00575
Bannatynes Cookridge Hall,180.0,0.0,28.89,2025-11-29 15:15:30+00:00,0.00225,0.0005,0.00575,0.00225
Bannatynes Cookridge Hall,180.0,0.0,28.89,2025-11-29 15:30:30+00:00,0.0005,0.0,0.0015,0.0005
Bannatynes Cookridge Hall,180.0,0.0,28.89,2025-11-29 15:45:30+00:00,0.0,0.0,0.0,0.0
Bannatynes Cookridge Hall,180.0,0.0,28.89,2025-11-29 16:00:30+00:00,0.0,0.0,0.0,0.0
Bannatynes Cookridge Hall,180.0,0.0,28.89,2025-11-29 16:15:30+00:00,0.0,0.0,0.0,0.0
Bannatynes Cookridge Hall,180.0,0.0,28.89,2025-11-29 16:30:30+00:00,0.0,0.0,0.0,0.0
Bannatynes Cookridge Hall,180.0,0.0,28.89,2025-11-29 16:45:30+00:00,0.0,0.0,0.0,0.0
Bannatynes Cookridge Hall,180.0,0.0,28.89,2025-11-29 17:00:30+00:00,0.0,0.0,0.0,0.0
Bannatynes Cookridge Hall,180.0,0.0,28.89,2025-11-29 17:15:30+00:00,0.0,0.0,0.0,0.0
Bannatynes Cookridge Hall,180.0,0.0,28.89,2025-11-29 17:30:30+00:00,0.0,0.0,0.0,0.0
Bannatynes Cookridge Hall,180.0,0.0,28.89,2025-11-29 17:45:30+00:00,0.0,0.0,0.0,0.0
Bannatynes Cookridge Hall,180.0,0.0,28.89,2025-11-29 18:00:30+00:00,0.0,0.0,0.0,0.0
Bannatynes Cookridge Hall,180.0,0.0,28.89,2025-11-29 18:15:30+00:00,0.0,0.0,0.0,0.0
Bannatynes Cookridge Hall,180.0,0.0,28.89,2025-11-29 18:30:30+00:00,0.0,0.0,0.0,0.0
Bannatynes Cookridge Hall,180.0,0.0,28.89,2025-11-29 18:45:30+00:00,0.0,0.0,0.0,0.0
Bannatynes Cookridge Hall,180.0,0.0,28.89,2025-11-29 19:00:30+00:00,0.0,0.0,0.0,0.0
Bannatynes Cookridge Hall,180.0,0.0,28.89,2025-11-29 19:15:30+00:00,0.0,0.0,0.0,0.0
Bannatynes Cookridge Hall,180.0,0.0,28.89,2025-11-29 19:30:30+00:00,0.0,0.0,0.0,0.0
Bannatynes Cookridge Hall,180.0,0.0,28.89,2025-11-29 19:45:30+00:00,0.0,0.0,0.0,0.0
Bannatynes Cookridge Hall,180.0,0.0,28.89,2025-11-29 20:00:30+00:00,0.0,0.0,0.0,0.0
Bannatynes Cookridge Hall,180.0,0.0,28.89,2025-11-29 20:15:30+00:00,0.0,0.0,0.0,0.0
Bannatynes Cookridge Hall,180.0,0.0,28.89,2025-11-29 20:30:30+00:00,0.0,0.0,0.0,0.0
Bannatynes Cookridge Hall,180.0,0.0,28.89,2025-11-29 20:45:30+00:00,0.0,0.0,0.0,0.0
Bannatynes Cookridge Hall,180.0,0.0,28.89,2025-11-29 21:00:30+00:00,0.0,0.0,0.0,0.0
Bannatynes Cookridge Hall,180.0,0.0,28.89,2025-11-29 21:15:30+00:00,0.0,0.0,0.0,0.0
Bannatynes Cookridge Hall,180.0,0.0,28.89,2025-11-29 21:30:30+00:00,0.0,0.0,0.0,0.0
Bannatynes Cookridge Hall,180.0,0.0,28.89,2025-11-29 21:45:30+00:00,0.0,0.0,0.0,0.0
Bannatynes Cookridge Hall,180.0,0.0,28.89,2025-11-29 22:00:30+00:00,0.0,0.0,0.0,0.0
Bannatynes Cookridge Hall,180.0,0.0,28.89,2025-11-29 22:15:30+00:00,0.0,0.0,0.0,0.0
Bannatynes Cookridge Hall,180.0,0.0,28.89,2025-11-29 22:30:30+00:00,0.0,0.0,0.0,0.0
Bannatynes Cookridge Hall,180.0,0.0,28.89,2025-11-29 22:45:30+00:00,0.0,0.0,0.0,0.0
Bannatynes Cookridge Hall,180.0,0.0,28.89,2025-11-29 23:00:30+00:00,0.0,0.0,0.0,0.0
Bannatynes Cookridge Hall,180.0,0.0,28.89,2025-11-29 23:15:30+00:00,0.0,0.0,0.0,0.0
Bannatynes Cookridge Hall,180.0,0.0,28.89,2025-11-29 23:30:30+00:00,0.0,0.0,0.0,0.0
Bannatynes Cookridge Hall,180.0,0.0,28.89,2025-11-29 23:45:30+00:00,0.0,0.0,0.0,0.0
Bannatynes Cookridge Hall,180.0,0.0,28.89,2025-11-30 00:00:30+00:00,0.0,0.0,0.0,0.0
Bannatynes Cookridge Hall,180.0,0.0,28.89,2025-11-30 00:15:30+00:00,0.0,0.0,0.0,0.0
Bannatynes Cookridge Hall,180.0,0.0,28.89,2025-11-30 00:30:30+00:00,0.0,0.0,0.0,0.0
Bannatynes Cookridge Hall,180.0,0.0,28.89,2025-11-30 00:45:30+00:00,0.0,0.0,0.0,0.0
Bannatynes Cookridge Hall,180.0,0.0,28.89,2025-11-30 01:00:30+00:00,0.0,0.0,0.0,0.0
Bannatynes Cookridge Hall,180.0,0.0,28.89,2025-11-30 01:15:30+00:00,0.0,0.0,0.0,0.0
Bannatynes Cookridge Hall,180.0,0.0,28.89,2025-11-30 01:30:30+00:00,0.0,0.0,0.0,0.0
Bannatynes Cookridge Hall,180.0,0.0,28.89,2025-11-30 01:45:30+00:00,0.0,0.0,0.0,0.0
Bannatynes Cookridge Hall,180.0,0.0,28.89,2025-11-30 02:00:30+00:00,0.0,0.0,0.0,0.0
Bannatynes Cookridge Hall,180.0,0.0,28.89,2025-11-30 02:15:30+00:00,0.0,0.0,0.0,0.0
Bannatynes Cookridge Hall,180.0,0.0,28.89,2025-11-30 02:30:30+00:00,0.0,0.0,0.0,0.0
Bannatynes Cookridge Hall,180.0,0.0,28.89,2025-11-30 02:45:30+00:00,0.0,0.0,0.0,0.0
Bannatynes Cookridge Hall,180.0,0.0,28.89,2025-11-30 03:00:30+00:00,0.0,0.0,0.0,0.0
Bannatynes Cookridge Hall,180.0,0.0,28.89,2025-11-30 03:15:30+00:00,0.0,0.0,0.0,0.0
Bannatynes Cookridge Hall,180.0,0.0,28.89,2025-11-30 03:30:30+00:00,0.0,0.0,0.0,0.0
Bannatynes Cookridge Hall,180.0,0.0,28.89,2025-11-30 03:45:30+00:00,0.0,0.0,0.0,0.0
Bannatynes Cookridge Hall,180.0,0.0,28.89,2025-11-30 04:00:30+00:00,0.0,0.0,0.0,0.0
Bannatynes Cookridge Hall,180.0,0.0,28.89,2025-11-30 04:15:30+00:00,0.0,0.0,0.0,0.0
Bannatynes Cookridge Hall,180.0,0.0,28.89,2025-11-30 04:30:30+00:00,0.0,0.0,0.0,0.0
Bannatynes Cookridge Hall,180.0,0.0,28.89,2025-11-30 04:45:30+00:00,0.0,0.0,0.0,0.0
Bannatynes Cookridge Hall,180.0,0.0,28.89,2025-11-30 05:00:30+00:00,0.0,0.0,0.0,0.0
Bannatynes Cookridge Hall,180.0,0.0,28.89,2025-11-30 05:15:30+00:00,0.0,0.0,0.0,0.0
Bannatynes Cookridge Hall,180.0,0.0,28.89,2025-11-30 05:30:30+00:00,0.0,0.0,0.0,0.0
Bannatynes Cookridge Hall,180.0,0.0,28.89,2025-11-30 05:45:30+00:00,0.0,0.0,0.0,0.0
Bannatynes Cookridge Hall,180.0,0.0,28.89,2025-11-30 06:00:30+00:00,0.0,0.0,0.0,0.0
Bannatynes Cookridge Hall,180.0,0.0,28.89,2025-11-30 06:15:30+00:00,0.0,0.0,0.0,0.0
Bannatynes Cookridge Hall,180.0,0.0,28.89,2025-11-30 06:30:30+00:00,0.0,0.0,0.0,0.0
Bannatynes Cookridge Hall,180.0,0.0,28.89,2025-11-30 06:45:30+00:00,0.0,0.0,0.0,0.0
Bannatynes Cookridge Hall,180.0,0.0,28.89,2025-11-30 07:00:30+00:00,0.0,0.0,0.0,0.0
Bannatynes Cookridge Hall,180.0,0.0,28.89,2025-11-30 07:15:30+00:00,0.0,0.0,0.0,0.0
Bannatynes Cookridge Hall,180.0,0.0,28.89,2025-11-30 07:30:30+00:00,0.0,0.0,0.0,0.0
Bannatynes Cookridge Hall,180.0,0.0,28.89,2025-11-30 07:45:30+00:00,0.0,0.0,0.0,0.0
Bannatynes Cookridge Hall,180.0,0.0,28.89,2025-11-30 08:00:30+00:00,0.00025,0.00025,0.00025,0.00025
Bannatynes Cookridge Hall,180.0,0.0,28.89,2025-11-30 08:15:30+00:00,0.00325,0.0025,0.00375,0.00325
Bannatynes Cookridge Hall,180.0,0.0,28.89,2025-11-30 08:30:30+00:00,0.008,0.00575,0.00925,0.008
Bannatynes Cookridge Hall,180.0,0.0,28.89,2025-11-30 08:45:30+00:00,0.014,0.00975,0.0155,0.014
Bannatynes Cookridge Hall,180.0,0.0,28.89,2025-11-30 09:00:30+00:00,0.01975,0.01425,0.02175,0.01975
Bannatynes Cookridge Hall,180.0,0.0,28.89,2025-11-30 09:15:30+00:00,0.025,0.0185,0.02775,0.025
Bannatynes Cookridge Hall,180.0,0.0,28.89,2025-11-30 09:30:30+00:00,0.03025,0.02275,0.0335,0.03025
Bannatynes Cookridge Hall,180.0,0.0,28.89,2025-11-30 09:45:30+00:00,0.035,0.02675,0.03875,0.035
Bannatynes Cookridge Hall,180.0,0.0,28.89,2025-11-30 10:00:30+00:00,0.03925,0.03075,0.04375,0.03925
Bannatynes Cookridge Hall,180.0,0.0,28.89,2025-11-30 10:15:30+00:00,0.04325,0.034,0.048,0.04325
Bannatynes Cookridge Hall,180.0,0.0,28.89,2025-11-30 10:30:30+00:00,0.0465,0.03725,0.05175,0.0465
Bannatynes Cookridge Hall,180.0,0.0,28.89,2025-11-30 10:45:30+00:00,0.04925,0.03975,0.055,0.04925
Bannatynes Cookridge Hall,180.0,0.0,28.89,2025-11-30 11:00:30+00:00,0.0515,0.04175,0.0575,0.0515
Bannatynes Cookridge Hall,180.0,0.0,28.89,2025-11-30 11:15:30+00:00,0.053,0.0435,0.05925,0.053
Bannatynes Cookridge Hall,180.0,0.0,28.89,2025-11-30 11:30:30+00:00,0.05425,0.0445,0.0605,0.05425
Bannatynes Cookridge Hall,180.0,0.0,28.89,2025-11-30 11:45:30+00:00,0.05475,0.045,0.061,0.05475
Bannatynes Cookridge Hall,180.0,0.0,28.89,2025-11-30 12:00:30+00:00,0.0545,0.04475,0.06075,0.0545
Bannatynes Cookridge Hall,180.0,0.0,28.89,2025-11-30 12:15:30+00:00,0.0535,0.04375,0.06,0.0535
Bannatynes Cookridge Hall,180.0,0.0,28.89,2025-11-30 12:30:30+00:00,0.052,0.0425,0.05825,0.052
Bannatynes Cookridge Hall,180.0,0.0,28.89,2025-11-30 12:45:30+00:00,0.05,0.04025,0.056,0.05
Bannatynes Cookridge Hall,180.0,0.0,28.89,2025-11-30 13:00:30+00:00,0.04725,0.03775,0.05325,0.04725
Bannatynes Cookridge Hall,180.0,0.0,28.89,2025-11-30 13:15:30+00:00,0.044,0.03375,0.04975,0.044
Bannatynes Cookridge Hall,180.0,0.0,28.89,2025-11-30 13:30:30+00:00,0.04,0.02925,0.0455,0.04
Bannatynes Cookridge Hall,180.0,0.0,28.89,2025-11-30 13:45:30+00:00,0.0355,0.0235,0.041,0.0355
Bannatynes Cookridge Hall,180.0,0.0,28.89,2025-11-30 14:00:30+00:00,0.02675,0.019,0.03575,0.02675
Bannatynes Cookridge Hall,180.0,0.0,28.89,2025-11-30 14:15:30+00:00,0.02275,0.0145,0.03025,0.02275
Bannatynes Cookridge Hall,180.0,0.0,28.89,2025-11-30 14:30:30+00:00,0.019,0.012,0.02425,0.019
Bannatynes Cookridge Hall,180.0,0.0,28.89,2025-11-30 14:45:30+00:00,0.0155,0.00875,0.018,0.0155
Bannatynes Cookridge Hall,180.0,0.0,28.89,2025-11-30 15:00:30+00:00,0.00925,0.00525,0.012,0.00925
Bannatynes Cookridge Hall,180.0,0.0,28.89,2025-11-30 15:15:30+00:00,0.004,0.00225,0.006,0.004
Bannatynes Cookridge Hall,180.0,0.0,28.89,2025-11-30 15:30:30+00:00,0.001,0.00075,0.00125,0.001
Bannatynes Cookridge Hall,180.0,0.0,28.89,2025-11-30 15:45:30+00:00,0.0,0.0,0.0,0.0
Bannatynes Cookridge Hall,180.0,0.0,28.89,2025-11-30 16:00:30+00:00,0.0,0.0,0.0,0.0
Bannatynes Cookridge Hall,180.0,0.0,28.89,2025-11-30 16:15:30+00:00,0.0,0.0,0.0,0.0
Bannatynes Cookridge Hall,180.0,0.0,28.89,2025-11-30 16:30:30+00:00,0.0,0.0,0.0,0.0
Bannatynes Cookridge Hall,180.0,0.0,28.89,2025-11-30 16:45:30+00:00,0.0,0.0,0.0,0.0
Bannatynes Cookridge Hall,180.0,0.0,28.89,2025-11-30 17:00:30+00:00,0.0,0.0,0.0,0.0
Bannatynes Cookridge Hall,180.0,0.0,28.89,2025-11-30 17:15:30+00:00,0.0,0.0,0.0,0.0
Bannatynes Cookridge Hall,180.0,0.0,28.89,2025-11-30 17:30:30+00:00,0.0,0.0,0.0,0.0
Bannatynes Cookridge Hall,180.0,0.0,28.89,2025-11-30 17:45:30+00:00,0.0,0.0,0.0,0.0
Bannatynes Cookridge Hall,180.0,0.0,28.89,2025-11-30 18:00:30+00:00,0.0,0.0,0.0,0.0
Bannatynes Cookridge Hall,180.0,0.0,28.89,2025-11-30 18:15:30+00:00,0.0,0.0,0.0,0.0
Bannatynes Cookridge Hall,180.0,0.0,28.89,2025-11-30 18:30:30+00:00,0.0,0.0,0.0,0.0
Bannatynes Cookridge Hall,180.0,0.0,28.89,2025-11-30 18:45:30+00:00,0.0,0.0,0.0,0.0
Bannatynes Cookridge Hall,180.0,0.0,28.89,2025-11-30 19:00:30+00:00,0.0,0.0,0.0,0.0
Bannatynes Cookridge Hall,180.0,0.0,28.89,2025-11-30 19:15:30+00:00,0.0,0.0,0.0,0.0
Bannatynes Cookridge Hall,180.0,0.0,28.89,2025-11-30 19:30:30+00:00,0.0,0.0,0.0,0.0
Bannatynes Cookridge Hall,180.0,0.0,28.89,2025-11-30 19:45:30+00:00,0.0,0.0,0.0,0.0
Bannatynes Cookridge Hall,180.0,0.0,28.89,2025-11-30 20:00:30+00:00,0.0,0.0,0.0,0.0
Bannatynes Cookridge Hall,180.0,0.0,28.89,2025-11-30 20:15:30+00:00,0.0,0.0,0.0,0.0
Bannatynes Cookridge Hall,180.0,0.0,28.89,2025-11-30 20:30:30+00:00,0.0,0.0,0.0,0.0
Bannatynes Cookridge Hall,180.0,0.0,28.89,2025-11-30 20:45:30+00:00,0.0,0.0,0.0,0.0
Bannatynes Cookridge Hall,180.0,0.0,28.89,2025-11-30 21:00:30+00:00,0.0,0.0,0.0,0.0
Bannatynes Cookridge Hall,180.0,0.0,28.89,2025-11-30 21:15:30+00:00,0.0,0.0,0.0,0.0
Bannatynes Cookridge Hall,180.0,0.0,28.89,2025-11-30 21:30:30+00:00,0.0,0.0,0.0,0.0
Bannatynes Cookridge Hall,180.0,0.0,28.89,2025-11-30 21:45:30+00:00,0.0,0.0,0.0,0.0
Bannatynes Cookridge Hall,180.0,0.0,28.89,2025-11-30 22:00:30+00:00,0.0,0.0,0.0,0.0
Bannatynes Cookridge Hall,180.0,0.0,28.89,2025-11-30 22:15:30+00:00,0.0,0.0,0.0,0.0
Bannatynes Cookridge Hall,180.0,0.0,28.89,2025-11-30 22:30:30+00:00,0.0,0.0,0.0,0.0
Bannatynes Cookridge Hall,180.0,0.0,28.89,2025-11-30 22:45:30+00:00,0.0,0.0,0.0,0.0
Bannatynes Cookridge Hall,180.0,0.0,28.89,2025-11-30 23:00:30+00:00,0.0,0.0,0.0,0.0
Bannatynes Cookridge Hall,180.0,0.0,28.89,2025-11-30 23:15:30+00:00,0.0,0.0,0.0,0.0
Bannatynes Cookridge Hall,180.0,0.0,28.89,2025-11-30 23:30:30+00:00,0.0,0.0,0.0,0.0
Bannatynes Cookridge Hall,180.0,0.0,28.89,2025-11-30 23:45:30+00:00,0.0,0.0,0.0,0.0
