name,azimuth,slope,array_capacity,time,gti,gti_low,gti_high,ghi
Oasis - Henderson Avenue,167.0,10.0,75.06,2025-06-11 00:00:30+00:00,0.0,0.0,0.0,0.0
Oasis - Henderson Avenue,167.0,10.0,75.06,2025-06-11 00:15:30+00:00,0.0,0.0,0.0,0.0
Oasis - Henderson Avenue,167.0,10.0,75.06,2025-06-11 00:30:30+00:00,0.0,0.0,0.0,0.0
Oasis - Henderson Avenue,167.0,10.0,75.06,2025-06-11 00:45:30+00:00,0.0,0.0,0.0,0.0
Oasis - Henderson Avenue,167.0,10.0,75.06,2025-06-11 01:00:30+00:00,0.0,0.0,0.0,0.0
Oasis - Henderson Avenue,167.0,10.0,75.06,2025-06-11 01:15:30+00:00,0.0,0.0,0.0,0.0
Oasis - Henderson Avenue,167.0,10.0,75.06,2025-06-11 01:30:30+00:00,0.0,0.0,0.0,0.0
Oasis - Henderson Avenue,167.0,10.0,75.06,2025-06-11 01:45:30+00:00,0.0,0.0,0.0,0.0
Oasis - Henderson Avenue,167.0,10.0,75.06,2025-06-11 02:00:30+00:00,0.0,0.0,0.0,0.0
Oasis - Henderson Avenue,167.0,10.0,75.06,2025-06-11 02:15:30+00:00,0.0,0.0,0.0,0.0
Oasis - Henderson Avenue,167.0,10.0,75.06,2025-06-11 02:30:30+00:00,0.0,0.0,0.0,0.0
Oasis - Henderson Avenue,167.0,10.0,75.06,2025-06-11 02:45:30+00:00,0.0,0.0,0.0,0.0
Oasis - Henderson Avenue,167.0,10.0,75.06,2025-06-11 03:00:30+00:00,0.0,0.0,0.0,0.0
Oasis - Henderson Avenue,167.0,10.0,75.06,2025-06-11 03:15:30+00:00,0.0,0.0,0.0,0.0
Oasis - Henderson Avenue,167.0,10.0,75.06,2025-06-11 03:30:30+00:00,0.00025,0.00025,0.0005,0.00025
Oasis - Henderson Avenue,167.0,10.0,75.06,2025-06-11 03:45:30+00:00,0.001,0.00075,0.00175,0.001
Oasis - Henderson Avenue,167.0,10.0,75.06,2025-06-11 04:00:30+00:00,0.003,0.0015,0.00525,0.00325
Oasis - Henderson Avenue,167.0,10.0,75.06,2025-06-11 04:15:30+00:00,0.00625,0.0035,0.011,0.0065
Oasis - Henderson Avenue,167.0,10.0,75.06,2025-06-11 04:30:30+00:00,0.01175,0.00625,0.01625,0.013
Oasis - Henderson Avenue,167.0,10.0,75.06,2025-06-11 04:45:30+00:00,0.018,0.0115,0.02325,0.01975
Oasis - Henderson Avenue,167.0,10.0,75.06,2025-06-11 05:00:30+00:00,0.025,0.018,0.0315,0.027
Oasis - Henderson Avenue,167.0,10.0,75.06,2025-06-11 05:15:30+00:00,0.033,0.02575,0.04025,0.03475
Oasis - Henderson Avenue,167.0,10.0,75.06,2025-06-11 05:30:30+00:00,0.04125,0.034,0.049,0.043
Oasis - Henderson Avenue,167.0,10.0,75.06,2025-06-11 05:45:30+00:00,0.0505,0.04325,0.058,0.0515
Oasis - Henderson Avenue,167.0,10.0,75.06,2025-06-11 06:00:30+00:00,0.06025,0.0535,0.067,0.0605
Oasis - Henderson Avenue,167.0,10.0,75.06,2025-06-11 06:15:30+00:00,0.06975,0.06375,0.07625,0.0695
Oasis - Henderson Avenue,167.0,10.0,75.06,2025-06-11 06:30:30+00:00,0.08025,0.07425,0.08625,0.079
Oasis - Henderson Avenue,167.0,10.0,75.06,2025-06-11 06:45:30+00:00,0.0905,0.0845,0.097,0.08825
Oasis - Henderson Avenue,167.0,10.0,75.06,2025-06-11 07:00:30+00:00,0.1015,0.09475,0.1085,0.09825
Oasis - Henderson Avenue,167.0,10.0,75.06,2025-06-11 07:15:30+00:00,0.1125,0.10525,0.11975,0.10825
Oasis - Henderson Avenue,167.0,10.0,75.06,2025-06-11 07:30:30+00:00,0.12325,0.11575,0.13075,0.11775
Oasis - Henderson Avenue,167.0,10.0,75.06,2025-06-11 07:45:30+00:00,0.1345,0.127,0.14225,0.127
Oasis - Henderson Avenue,167.0,10.0,75.06,2025-06-11 08:00:30+00:00,0.14525,0.1375,0.15275,0.1365
Oasis - Henderson Avenue,167.0,10.0,75.06,2025-06-11 08:15:30+00:00,0.15525,0.14675,0.1635,0.14525
Oasis - Henderson Avenue,167.0,10.0,75.06,2025-06-11 08:30:30+00:00,0.16475,0.1535,0.174,0.1535
Oasis - Henderson Avenue,167.0,10.0,75.06,2025-06-11 08:45:30+00:00,0.171,0.159,0.18325,0.159
Oasis - Henderson Avenue,167.0,10.0,75.06,2025-06-11 09:00:30+00:00,0.17775,0.1625,0.191,0.165
Oasis - Henderson Avenue,167.0,10.0,75.06,2025-06-11 09:15:30+00:00,0.1815,0.16825,0.2,0.1685
Oasis - Henderson Avenue,167.0,10.0,75.06,2025-06-11 09:30:30+00:00,0.1935,0.17575,0.21075,0.179
Oasis - Henderson Avenue,167.0,10.0,75.06,2025-06-11 09:45:30+00:00,0.20475,0.18675,0.22075,0.189
Oasis - Henderson Avenue,167.0,10.0,75.06,2025-06-11 10:00:30+00:00,0.2125,0.19725,0.226,0.19575
Oasis - Henderson Avenue,167.0,10.0,75.06,2025-06-11 10:15:30+00:00,0.217,0.20525,0.2285,0.20025
Oasis - Henderson Avenue,167.0,10.0,75.06,2025-06-11 10:30:30+00:00,0.221,0.21075,0.23225,0.20375
Oasis - Henderson Avenue,167.0,10.0,75.06,2025-06-11 10:45:30+00:00,0.227,0.2155,0.2375,0.20875
Oasis - Henderson Avenue,167.0,10.0,75.06,2025-06-11 11:00:30+00:00,0.23075,0.2195,0.24125,0.21225
Oasis - Henderson Avenue,167.0,10.0,75.06,2025-06-11 11:15:30+00:00,0.233,0.2225,0.243,0.21475
Oasis - Henderson Avenue,167.0,10.0,75.06,2025-06-11 11:30:30+00:00,0.23425,0.22475,0.24325,0.21625
Oasis - Henderson Avenue,167.0,10.0,75.06,2025-06-11 11:45:30+00:00,0.2345,0.22525,0.24325,0.21675
Oasis - Henderson Avenue,167.0,10.0,75.06,2025-06-11 12:00:30+00:00,0.23375,0.22475,0.24275,0.21675
Oasis - Henderson Avenue,167.0,10.0,75.06,2025-06-11 12:15:30+00:00,0.2325,0.22325,0.2415,0.216
Oasis - Henderson Avenue,167.0,10.0,75.06,2025-06-11 12:30:30+00:00,0.23075,0.22125,0.23925,0.215
Oasis - Henderson Avenue,167.0,10.0,75.06,2025-06-11 12:45:30+00:00,0.22725,0.218,0.236,0.2125
Oasis - Henderson Avenue,167.0,10.0,75.06,2025-06-11 13:00:30+00:00,0.223,0.21375,0.232,0.20925
Oasis - Henderson Avenue,167.0,10.0,75.06,2025-06-11 13:15:30+00:00,0.218,0.2085,0.22675,0.2055
Oasis - Henderson Avenue,167.0,10.0,75.06,2025-06-11 13:30:30+00:00,0.21175,0.20225,0.2205,0.201
Oasis - Henderson Avenue,167.0,10.0,75.06,2025-06-11 13:45:30+00:00,0.205,0.1955,0.214,0.1955
Oasis - Henderson Avenue,167.0,10.0,75.06,2025-06-11 14:00:30+00:00,0.19775,0.18825,0.20675,0.1895
Oasis - Henderson Avenue,167.0,10.0,75.06,2025-06-11 14:15:30+00:00,0.18975,0.1805,0.1985,0.18325
Oasis - Henderson Avenue,167.0,10.0,75.06,2025-06-11 14:30:30+00:00,0.18075,0.17225,0.1895,0.1755
Oasis - Henderson Avenue,167.0,10.0,75.06,2025-06-11 14:45:30+00:00,0.172,0.164,0.17975,0.16825
Oasis - Henderson Avenue,167.0,10.0,75.06,2025-06-11 15:00:30+00:00,0.163,0.15525,0.17025,0.16075
Oasis - Henderson Avenue,167.0,10.0,75.06,2025-06-11 15:15:30+00:00,0.15325,0.146,0.1605,0.1525
Oasis - Henderson Avenue,167.0,10.0,75.06,2025-06-11 15:30:30+00:00,0.14325,0.13625,0.15,0.14375
Oasis - Henderson Avenue,167.0,10.0,75.06,2025-06-11 15:45:30+00:00,0.1325,0.1265,0.13925,0.1345
Oasis - Henderson Avenue,167.0,10.0,75.06,2025-06-11 16:00:30+00:00,0.12275,0.117,0.128,0.12575
Oasis - Henderson Avenue,167.0,10.0,75.06,2025-06-11 16:15:30+00:00,0.11225,0.1075,0.1175,0.1165
Oasis - Henderson Avenue,167.0,10.0,75.06,2025-06-11 16:30:30+00:00,0.102,0.09725,0.10675,0.1075
Oasis - Henderson Avenue,167.0,10.0,75.06,2025-06-11 16:45:30+00:00,0.09175,0.087,0.0965,0.098
Oasis - Henderson Avenue,167.0,10.0,75.06,2025-06-11 17:00:30+00:00,0.0815,0.0765,0.0865,0.08825
Oasis - Henderson Avenue,167.0,10.0,75.06,2025-06-11 17:15:30+00:00,0.07125,0.064,0.07875,0.07875
Oasis - Henderson Avenue,167.0,10.0,75.06,2025-06-11 17:30:30+00:00,0.06125,0.04675,0.07075,0.06875
Oasis - Henderson Avenue,167.0,10.0,75.06,2025-06-11 17:45:30+00:00,0.05175,0.02975,0.06025,0.0595
Oasis - Henderson Avenue,167.0,10.0,75.06,2025-06-11 18:00:30+00:00,0.03925,0.01225,0.05175,0.045
Oasis - Henderson Avenue,167.0,10.0,75.06,2025-06-11 18:15:30+00:00,0.0175,0.00625,0.04675,0.0185
Oasis - Henderson Avenue,167.0,10.0,75.06,2025-06-11 18:30:30+00:00,0.02075,0.00425,0.0345,0.02425
Oasis - Henderson Avenue,167.0,10.0,75.06,2025-06-11 18:45:30+00:00,0.01925,0.00725,0.02675,0.023
Oasis - Henderson Avenue,167.0,10.0,75.06,2025-06-11 19:00:30+00:00,0.01375,0.0075,0.02025,0.016
Oasis - Henderson Avenue,167.0,10.0,75.06,2025-06-11 19:15:30+00:00,0.0095,0.006,0.01375,0.01075
Oasis - Henderson Avenue,167.0,10.0,75.06,2025-06-11 19:30:30+00:00,0.00625,0.00375,0.009,0.0065
Oasis - Henderson Avenue,167.0,10.0,75.06,2025-06-11 19:45:30+00:00,0.00275,0.002,0.004,0.00275
Oasis - Henderson Avenue,167.0,10.0,75.06,2025-06-11 20:00:30+00:00,0.001,0.00075,0.0015,0.001
Oasis - Henderson Avenue,167.0,10.0,75.06,2025-06-11 20:15:30+00:00,0.0,0.0,0.0,0.0
Oasis - Henderson Avenue,167.0,10.0,75.06,2025-06-11 20:30:30+00:00,0.0,0.0,0.0,0.0
Oasis - Henderson Avenue,167.0,10.0,75.06,2025-06-11 20:45:30+00:00,0.0,0.0,0.0,0.0
Oasis - Henderson Avenue,167.0,10.0,75.06,2025-06-11 21:00:30+00:00,0.0,0.0,0.0,0.0
Oasis - Henderson Avenue,167.0,10.0,75.06,2025-06-11 21:15:30+00:00,0.0,0.0,0.0,0.0
Oasis - Henderson Avenue,167.0,10.0,75.06,2025-06-11 21:30:30+00:00,0.0,0.0,0.0,0.0
Oasis - Henderson Avenue,167.0,10.0,75.06,2025-06-11 21:45:30+00:00,0.0,0.0,0.0,0.0
Oasis - Henderson Avenue,167.0,10.0,75.06,2025-06-11 22:00:30+00:00,0.0,0.0,0.0,0.0
Oasis - Henderson Avenue,167.0,10.0,75.06,2025-06-11 22:15:30+00:00,0.0,0.0,0.0,0.0
Oasis - Henderson Avenue,167.0,10.0,75.06,2025-06-11 22:30:30+00:00,0.0,0.0,0.0,0.0
Oasis - Henderson Avenue,167.0,10.0,75.06,2025-06-11 22:45:30+00:00,0.0,0.0,0.0,0.0
Oasis - Henderson Avenue,167.0,10.0,75.06,2025-06-11 23:00:30+00:00,0.0,0.0,0.0,0.0
Oasis - Henderson Avenue,167.0,10.0,75.06,2025-06-11 23:15:30+00:00,0.0,0.0,0.0,0.0
Oasis - Henderson Avenue,167.0,10.0,75.06,2025-06-11 23:30:30+00:00,0.0,0.0,0.0,0.0
Oasis - Henderson Avenue,167.0,10.0,75.06,2025-06-11 23:45:30+00:00,0.0,0.0,0.0,0.0
Oasis - Henderson Avenue,167.0,10.0,75.06,2025-06-12 00:00:30+00:00,0.0,0.0,0.0,0.0
Oasis - Henderson Avenue,167.0,10.0,75.06,2025-06-12 00:15:30+00:00,0.0,0.0,0.0,0.0
Oasis - Henderson Avenue,167.0,10.0,75.06,2025-06-12 00:30:30+00:00,0.0,0.0,0.0,0.0
Oasis - Henderson Avenue,167.0,10.0,75.06,2025-06-12 00:45:30+00:00,0.0,0.0,0.0,0.0
Oasis - Henderson Avenue,167.0,10.0,75.06,2025-06-12 01:00:30+00:00,0.0,0.0,0.0,0.0
Oasis - Henderson Avenue,167.0,10.0,75.06,2025-06-12 01:15:30+00:00,0.0,0.0,0.0,0.0
Oasis - Henderson Avenue,167.0,10.0,75.06,2025-06-12 01:30:30+00:00,0.0,0.0,0.0,0.0
Oasis - Henderson Avenue,167.0,10.0,75.06,2025-06-12 01:45:30+00:00,0.0,0.0,0.0,0.0
Oasis - Henderson Avenue,167.0,10.0,75.06,2025-06-12 02:00:30+00:00,0.0,0.0,0.0,0.0
Oasis - Henderson Avenue,167.0,10.0,75.06,2025-06-12 02:15:30+00:00,0.0,0.0,0.0,0.0
Oasis - Henderson Avenue,167.0,10.0,75.06,2025-06-12 02:30:30+00:00,0.0,0.0,0.0,0.0
Oasis - Henderson Avenue,167.0,10.0,75.06,2025-06-12 02:45:30+00:00,0.0,0.0,0.0,0.0
Oasis - Henderson Avenue,167.0,10.0,75.06,2025-06-12 03:00:30+00:00,0.0,0.0,0.0,0.0
Oasis - Henderson Avenue,167.0,10.0,75.06,2025-06-12 03:15:30+00:00,0.0,0.0,0.0,0.0
Oasis - Henderson Avenue,167.0,10.0,75.06,2025-06-12 03:30:30+00:00,0.00025,0.0,0.0005,0.00025
Oasis - Henderson Avenue,167.0,10.0,75.06,2025-06-12 03:45:30+00:00,0.00075,0.0005,0.00175,0.00075
Oasis - Henderson Avenue,167.0,10.0,75.06,2025-06-12 04:00:30+00:00,0.0025,0.001,0.0045,0.0025
Oasis - Henderson Avenue,167.0,10.0,75.06,2025-06-12 04:15:30+00:00,0.005,0.00225,0.00825,0.00525
Oasis - Henderson Avenue,167.0,10.0,75.06,2025-06-12 04:30:30+00:00,0.00825,0.0035,0.01325,0.0085
Oasis - Henderson Avenue,167.0,10.0,75.06,2025-06-12 04:45:30+00:00,0.01175,0.00475,0.01925,0.012
Oasis - Henderson Avenue,167.0,10.0,75.06,2025-06-12 05:00:30+00:00,0.016,0.00625,0.0295,0.01625
Oasis - Henderson Avenue,167.0,10.0,75.06,2025-06-12 05:15:30+00:00,0.02525,0.0095,0.041,0.02625
Oasis - Henderson Avenue,167.0,10.0,75.06,2025-06-12 05:30:30+00:00,0.03475,0.019,0.05025,0.03575
Oasis - Henderson Avenue,167.0,10.0,75.06,2025-06-12 05:45:30+00:00,0.04975,0.02825,0.06025,0.05075
Oasis - Henderson Avenue,167.0,10.0,75.06,2025-06-12 06:00:30+00:00,0.0525,0.0345,0.069,0.053
Oasis - Henderson Avenue,167.0,10.0,75.06,2025-06-12 06:15:30+00:00,0.0525,0.03775,0.07075,0.05275
Oasis - Henderson Avenue,167.0,10.0,75.06,2025-06-12 06:30:30+00:00,0.05725,0.041,0.0755,0.05725
Oasis - Henderson Avenue,167.0,10.0,75.06,2025-06-12 06:45:30+00:00,0.06475,0.04675,0.087,0.0645
Oasis - Henderson Avenue,167.0,10.0,75.06,2025-06-12 07:00:30+00:00,0.07925,0.05375,0.108,0.07775
Oasis - Henderson Avenue,167.0,10.0,75.06,2025-06-12 07:15:30+00:00,0.099,0.0665,0.1265,0.0955
Oasis - Henderson Avenue,167.0,10.0,75.06,2025-06-12 07:30:30+00:00,0.1165,0.08575,0.138,0.11125
Oasis - Henderson Avenue,167.0,10.0,75.06,2025-06-12 07:45:30+00:00,0.13225,0.10825,0.15025,0.12475
Oasis - Henderson Avenue,167.0,10.0,75.06,2025-06-12 08:00:30+00:00,0.1455,0.12825,0.159,0.1365
Oasis - Henderson Avenue,167.0,10.0,75.06,2025-06-12 08:15:30+00:00,0.15275,0.1415,0.16425,0.14275
Oasis - Henderson Avenue,167.0,10.0,75.06,2025-06-12 08:30:30+00:00,0.15975,0.15,0.17325,0.149
Oasis - Henderson Avenue,167.0,10.0,75.06,2025-06-12 08:45:30+00:00,0.17225,0.1575,0.185,0.16
Oasis - Henderson Avenue,167.0,10.0,75.06,2025-06-12 09:00:30+00:00,0.18125,0.16175,0.1935,0.168
Oasis - Henderson Avenue,167.0,10.0,75.06,2025-06-12 09:15:30+00:00,0.17875,0.1665,0.1995,0.16575
Oasis - Henderson Avenue,167.0,10.0,75.06,2025-06-12 09:30:30+00:00,0.1895,0.17025,0.20775,0.1755
Oasis - Henderson Avenue,167.0,10.0,75.06,2025-06-12 09:45:30+00:00,0.1985,0.1625,0.2235,0.18325
Oasis - Henderson Avenue,167.0,10.0,75.06,2025-06-12 10:00:30+00:00,0.20325,0.14325,0.22975,0.18775
Oasis - Henderson Avenue,167.0,10.0,75.06,2025-06-12 10:15:30+00:00,0.218,0.1035,0.235,0.20175
Oasis - Henderson Avenue,167.0,10.0,75.06,2025-06-12 10:30:30+00:00,0.16,0.0555,0.2365,0.15
Oasis - Henderson Avenue,167.0,10.0,75.06,2025-06-12 10:45:30+00:00,0.09875,0.02275,0.20725,0.0965
Oasis - Henderson Avenue,167.0,10.0,75.06,2025-06-12 11:00:30+00:00,0.08975,0.02025,0.1775,0.089
Oasis - Henderson Avenue,167.0,10.0,75.06,2025-06-12 11:15:30+00:00,0.11075,0.03875,0.17325,0.10775
Oasis - Henderson Avenue,167.0,10.0,75.06,2025-06-12 11:30:30+00:00,0.115,0.068,0.183,0.112
Oasis - Henderson Avenue,167.0,10.0,75.06,2025-06-12 11:45:30+00:00,0.15275,0.0825,0.1855,0.14575
Oasis - Henderson Avenue,167.0,10.0,75.06,2025-06-12 12:00:30+00:00,0.13025,0.10025,0.18775,0.125
Oasis - Henderson Avenue,167.0,10.0,75.06,2025-06-12 12:15:30+00:00,0.14925,0.08125,0.18925,0.143
Oasis - Henderson Avenue,167.0,10.0,75.06,2025-06-12 12:30:30+00:00,0.123,0.05425,0.201,0.11975
Oasis - Henderson Avenue,167.0,10.0,75.06,2025-06-12 12:45:30+00:00,0.11175,0.02225,0.1955,0.1095
Oasis - Henderson Avenue,167.0,10.0,75.06,2025-06-12 13:00:30+00:00,0.0745,0.0165,0.1705,0.07375
Oasis - Henderson Avenue,167.0,10.0,75.06,2025-06-12 13:15:30+00:00,0.02625,0.016,0.10575,0.0265
Oasis - Henderson Avenue,167.0,10.0,75.06,2025-06-12 13:30:30+00:00,0.08425,0.01675,0.197,0.082
Oasis - Henderson Avenue,167.0,10.0,75.06,2025-06-12 13:45:30+00:00,0.186,0.06,0.21925,0.179
Oasis - Henderson Avenue,167.0,10.0,75.06,2025-06-12 14:00:30+00:00,0.19825,0.11975,0.2135,0.1905
Oasis - Henderson Avenue,167.0,10.0,75.06,2025-06-12 14:15:30+00:00,0.1875,0.14625,0.20575,0.181
Oasis - Henderson Avenue,167.0,10.0,75.06,2025-06-12 14:30:30+00:00,0.17925,0.16575,0.19275,0.17425
Oasis - Henderson Avenue,167.0,10.0,75.06,2025-06-12 14:45:30+00:00,0.17075,0.1625,0.179,0.167
Oasis - Henderson Avenue,167.0,10.0,75.06,2025-06-12 15:00:30+00:00,0.162,0.15425,0.16925,0.15975
Oasis - Henderson Avenue,167.0,10.0,75.06,2025-06-12 15:15:30+00:00,0.15225,0.1425,0.16175,0.1515
Oasis - Henderson Avenue,167.0,10.0,75.06,2025-06-12 15:30:30+00:00,0.14225,0.124,0.15775,0.14275
Oasis - Henderson Avenue,167.0,10.0,75.06,2025-06-12 15:45:30+00:00,0.13125,0.10375,0.147,0.133
Oasis - Henderson Avenue,167.0,10.0,75.06,2025-06-12 16:00:30+00:00,0.116,0.07925,0.136,0.119
Oasis - Henderson Avenue,167.0,10.0,75.06,2025-06-12 16:15:30+00:00,0.08975,0.064,0.1255,0.09275
Oasis - Henderson Avenue,167.0,10.0,75.06,2025-06-12 16:30:30+00:00,0.0795,0.05375,0.1045,0.08275
Oasis - Henderson Avenue,167.0,10.0,75.06,2025-06-12 16:45:30+00:00,0.06775,0.05325,0.093,0.071
Oasis - Henderson Avenue,167.0,10.0,75.06,2025-06-12 17:00:30+00:00,0.0705,0.0505,0.0825,0.0755
Oasis - Henderson Avenue,167.0,10.0,75.06,2025-06-12 17:15:30+00:00,0.062,0.0425,0.0745,0.067
Oasis - Henderson Avenue,167.0,10.0,75.06,2025-06-12 17:30:30+00:00,0.04425,0.03375,0.066,0.0475
Oasis - Henderson Avenue,167.0,10.0,75.06,2025-06-12 17:45:30+00:00,0.0415,0.02625,0.05775,0.0455
Oasis - Henderson Avenue,167.0,10.0,75.06,2025-06-12 18:00:30+00:00,0.03925,0.0245,0.051,0.0455
Oasis - Henderson Avenue,167.0,10.0,75.06,2025-06-12 18:15:30+00:00,0.034,0.02275,0.0405,0.0415
Oasis - Henderson Avenue,167.0,10.0,75.06,2025-06-12 18:30:30+00:00,0.02625,0.01925,0.032,0.03325
Oasis - Henderson Avenue,167.0,10.0,75.06,2025-06-12 18:45:30+00:00,0.0195,0.0145,0.02475,0.02525
Oasis - Henderson Avenue,167.0,10.0,75.06,2025-06-12 19:00:30+00:00,0.01375,0.00975,0.01825,0.01825
Oasis - Henderson Avenue,167.0,10.0,75.06,2025-06-12 19:15:30+00:00,0.00975,0.0065,0.013,0.01225
Oasis - Henderson Avenue,167.0,10.0,75.06,2025-06-12 19:30:30+00:00,0.00675,0.00425,0.009,0.00725
Oasis - Henderson Avenue,167.0,10.0,75.06,2025-06-12 19:45:30+00:00,0.00325,0.00225,0.00425,0.00325
Oasis - Henderson Avenue,167.0,10.0,75.06,2025-06-12 20:00:30+00:00,0.00125,0.00075,0.00175,0.00125
Oasis - Henderson Avenue,167.0,10.0,75.06,2025-06-12 20:15:30+00:00,0.0,0.0,0.0,0.0
Oasis - Henderson Avenue,167.0,10.0,75.06,2025-06-12 20:30:30+00:00,0.0,0.0,0.0,0.0
Oasis - Henderson Avenue,167.0,10.0,75.06,2025-06-12 20:45:30+00:00,0.0,0.0,0.0,0.0
Oasis - Henderson Avenue,167.0,10.0,75.06,2025-06-12 21:00:30+00:00,0.0,0.0,0.0,0.0
Oasis - Henderson Avenue,167.0,10.0,75.06,2025-06-12 21:15:30+00:00,0.0,0.0,0.0,0.0
Oasis - Henderson Avenue,167.0,10.0,75.06,2025-06-12 21:30:30+00:00,0.0,0.0,0.0,0.0
Oasis - Henderson Avenue,167.0,10.0,75.06,2025-06-12 21:45:30+00:00,0.0,0.0,0.0,0.0
Oasis - Henderson Avenue,167.0,10.0,75.06,2025-06-12 22:00:30+00:00,0.0,0.0,0.0,0.0
Oasis - Henderson Avenue,167.0,10.0,75.06,2025-06-12 22:15:30+00:00,0.0,0.0,0.0,0.0
Oasis - Henderson Avenue,167.0,10.0,75.06,2025-06-12 22:30:30+00:00,0.0,0.0,0.0,0.0
Oasis - Henderson Avenue,167.0,10.0,75.06,2025-06-12 22:45:30+00:00,0.0,0.0,0.0,0.0
Oasis - Henderson Avenue,167.0,10.0,75.06,2025-06-12 23:00:30+00:00,0.0,0.0,0.0,0.0
Oasis - Henderson Avenue,167.0,10.0,75.06,2025-06-12 23:15:30+00:00,0.0,0.0,0.0,0.0
Oasis - Henderson Avenue,167.0,10.0,75.06,2025-06-12 23:30:30+00:00,0.0,0.0,0.0,0.0
Oasis - Henderson Avenue,167.0,10.0,75.06,2025-06-12 23:45:30+00:00,0.0,0.0,0.0,0.0
Oasis - Henderson Avenue,167.0,10.0,75.06,2025-06-13 00:00:30+00:00,0.0,0.0,0.0,0.0
Oasis - Henderson Avenue,167.0,10.0,75.06,2025-06-13 00:15:30+00:00,0.0,0.0,0.0,0.0
Oasis - Henderson Avenue,167.0,10.0,75.06,2025-06-13 00:30:30+00:00,0.0,0.0,0.0,0.0
Oasis - Henderson Avenue,167.0,10.0,75.06,2025-06-13 00:45:30+00:00,0.0,0.0,0.0,0.0
Oasis - Henderson Avenue,167.0,10.0,75.06,2025-06-13 01:00:30+00:00,0.0,0.0,0.0,0.0
Oasis - Henderson Avenue,167.0,10.0,75.06,2025-06-13 01:15:30+00:00,0.0,0.0,0.0,0.0
Oasis - Henderson Avenue,167.0,10.0,75.06,2025-06-13 01:30:30+00:00,0.0,0.0,0.0,0.0
Oasis - Henderson Avenue,167.0,10.0,75.06,2025-06-13 01:45:30+00:00,0.0,0.0,0.0,0.0
Oasis - Henderson Avenue,167.0,10.0,75.06,2025-06-13 02:00:30+00:00,0.0,0.0,0.0,0.0
Oasis - Henderson Avenue,167.0,10.0,75.06,2025-06-13 02:15:30+00:00,0.0,0.0,0.0,0.0
Oasis - Henderson Avenue,167.0,10.0,75.06,2025-06-13 02:30:30+00:00,0.0,0.0,0.0,0.0
Oasis - Henderson Avenue,167.0,10.0,75.06,2025-06-13 02:45:30+00:00,0.0,0.0,0.0,0.0
Oasis - Henderson Avenue,167.0,10.0,75.06,2025-06-13 03:00:30+00:00,0.0,0.0,0.0,0.0
Oasis - Henderson Avenue,167.0,10.0,75.06,2025-06-13 03:15:30+00:00,0.0,0.0,0.0,0.0
Oasis - Henderson Avenue,167.0,10.0,75.06,2025-06-13 03:30:30+00:00,0.00025,0.00025,0.00075,0.0005
Oasis - Henderson Avenue,167.0,10.0,75.06,2025-06-13 03:45:30+00:00,0.001,0.0005,0.00175,0.001
Oasis - Henderson Avenue,167.0,10.0,75.06,2025-06-13 04:00:30+00:00,0.003,0.00125,0.00575,0.00325
Oasis - Henderson Avenue,167.0,10.0,75.06,2025-06-13 04:15:30+00:00,0.00625,0.0025,0.0115,0.00625
Oasis - Henderson Avenue,167.0,10.0,75.06,2025-06-13 04:30:30+00:00,0.011,0.00525,0.017,0.012
Oasis - Henderson Avenue,167.0,10.0,75.06,2025-06-13 04:45:30+00:00,0.01825,0.01,0.0235,0.0205
Oasis - Henderson Avenue,167.0,10.0,75.06,2025-06-13 05:00:30+00:00,0.0265,0.0175,0.0315,0.029
Oasis - Henderson Avenue,167.0,10.0,75.06,2025-06-13 05:15:30+00:00,0.03475,0.02675,0.04075,0.037
Oasis - Henderson Avenue,167.0,10.0,75.06,2025-06-13 05:30:30+00:00,0.044,0.0365,0.0505,0.04575
Oasis - Henderson Avenue,167.0,10.0,75.06,2025-06-13 05:45:30+00:00,0.05275,0.046,0.05975,0.054
Oasis - Henderson Avenue,167.0,10.0,75.06,2025-06-13 06:00:30+00:00,0.062,0.0555,0.06825,0.0625
Oasis - Henderson Avenue,167.0,10.0,75.06,2025-06-13 06:15:30+00:00,0.07075,0.065,0.07675,0.07025
Oasis - Henderson Avenue,167.0,10.0,75.06,2025-06-13 06:30:30+00:00,0.07975,0.0745,0.085,0.0785
Oasis - Henderson Avenue,167.0,10.0,75.06,2025-06-13 06:45:30+00:00,0.08875,0.08375,0.09475,0.0865
Oasis - Henderson Avenue,167.0,10.0,75.06,2025-06-13 07:00:30+00:00,0.099,0.0925,0.1055,0.096
Oasis - Henderson Avenue,167.0,10.0,75.06,2025-06-13 07:15:30+00:00,0.109,0.10175,0.11725,0.10475
Oasis - Henderson Avenue,167.0,10.0,75.06,2025-06-13 07:30:30+00:00,0.1205,0.11125,0.13,0.115
Oasis - Henderson Avenue,167.0,10.0,75.06,2025-06-13 07:45:30+00:00,0.13325,0.12275,0.14225,0.12575
Oasis - Henderson Avenue,167.0,10.0,75.06,2025-06-13 08:00:30+00:00,0.14275,0.134,0.153,0.134
Oasis - Henderson Avenue,167.0,10.0,75.06,2025-06-13 08:15:30+00:00,0.15425,0.145,0.162,0.144
Oasis - Henderson Avenue,167.0,10.0,75.06,2025-06-13 08:30:30+00:00,0.16325,0.1545,0.172,0.152
Oasis - Henderson Avenue,167.0,10.0,75.06,2025-06-13 08:45:30+00:00,0.172,0.1605,0.183,0.15975
Oasis - Henderson Avenue,167.0,10.0,75.06,2025-06-13 09:00:30+00:00,0.1795,0.16125,0.1955,0.1665
Oasis - Henderson Avenue,167.0,10.0,75.06,2025-06-13 09:15:30+00:00,0.183,0.16,0.205,0.1695
Oasis - Henderson Avenue,167.0,10.0,75.06,2025-06-13 09:30:30+00:00,0.1845,0.15725,0.208,0.17075
Oasis - Henderson Avenue,167.0,10.0,75.06,2025-06-13 09:45:30+00:00,0.17825,0.1585,0.2105,0.1665
Oasis - Henderson Avenue,167.0,10.0,75.06,2025-06-13 10:00:30+00:00,0.194,0.166,0.2215,0.17925
Oasis - Henderson Avenue,167.0,10.0,75.06,2025-06-13 10:15:30+00:00,0.20775,0.1785,0.2335,0.19175
Oasis - Henderson Avenue,167.0,10.0,75.06,2025-06-13 10:30:30+00:00,0.21575,0.192,0.23825,0.199
Oasis - Henderson Avenue,167.0,10.0,75.06,2025-06-13 10:45:30+00:00,0.222,0.205,0.2385,0.204
Oasis - Henderson Avenue,167.0,10.0,75.06,2025-06-13 11:00:30+00:00,0.226,0.213,0.2375,0.20775
Oasis - Henderson Avenue,167.0,10.0,75.06,2025-06-13 11:15:30+00:00,0.22725,0.217,0.2385,0.2095
Oasis - Henderson Avenue,167.0,10.0,75.06,2025-06-13 11:30:30+00:00,0.2295,0.21875,0.23925,0.2115
Oasis - Henderson Avenue,167.0,10.0,75.06,2025-06-13 11:45:30+00:00,0.23,0.2195,0.24,0.2125
Oasis - Henderson Avenue,167.0,10.0,75.06,2025-06-13 12:00:30+00:00,0.23,0.2195,0.23975,0.213
Oasis - Henderson Avenue,167.0,10.0,75.06,2025-06-13 12:15:30+00:00,0.229,0.219,0.2385,0.21275
Oasis - Henderson Avenue,167.0,10.0,75.06,2025-06-13 12:30:30+00:00,0.22725,0.21725,0.23625,0.2115
Oasis - Henderson Avenue,167.0,10.0,75.06,2025-06-13 12:45:30+00:00,0.224,0.21325,0.23425,0.20925
Oasis - Henderson Avenue,167.0,10.0,75.06,2025-06-13 13:00:30+00:00,0.22,0.20775,0.231,0.20625
Oasis - Henderson Avenue,167.0,10.0,75.06,2025-06-13 13:15:30+00:00,0.21425,0.1995,0.22675,0.20175
Oasis - Henderson Avenue,167.0,10.0,75.06,2025-06-13 13:30:30+00:00,0.20475,0.18875,0.22275,0.19425
Oasis - Henderson Avenue,167.0,10.0,75.06,2025-06-13 13:45:30+00:00,0.199,0.177,0.21825,0.19
Oasis - Henderson Avenue,167.0,10.0,75.06,2025-06-13 14:00:30+00:00,0.18875,0.16425,0.21,0.181
Oasis - Henderson Avenue,167.0,10.0,75.06,2025-06-13 14:15:30+00:00,0.17325,0.1485,0.201,0.1675
Oasis - Henderson Avenue,167.0,10.0,75.06,2025-06-13 14:30:30+00:00,0.162,0.134,0.193,0.15775
Oasis - Henderson Avenue,167.0,10.0,75.06,2025-06-13 14:45:30+00:00,0.15425,0.1185,0.18075,0.15175
Oasis - Henderson Avenue,167.0,10.0,75.06,2025-06-13 15:00:30+00:00,0.13275,0.10575,0.16375,0.1315
Oasis - Henderson Avenue,167.0,10.0,75.06,2025-06-13 15:15:30+00:00,0.11675,0.09775,0.14875,0.117
Oasis - Henderson Avenue,167.0,10.0,75.06,2025-06-13 15:30:30+00:00,0.121,0.08425,0.14575,0.12175
Oasis - Henderson Avenue,167.0,10.0,75.06,2025-06-13 15:45:30+00:00,0.106,0.068,0.143,0.1075
Oasis - Henderson Avenue,167.0,10.0,75.06,2025-06-13 16:00:30+00:00,0.08975,0.04325,0.13,0.09175
Oasis - Henderson Avenue,167.0,10.0,75.06,2025-06-13 16:15:30+00:00,0.06375,0.02775,0.11025,0.0655
Oasis - Henderson Avenue,167.0,10.0,75.06,2025-06-13 16:30:30+00:00,0.053,0.023,0.086,0.05425
Oasis - Henderson Avenue,167.0,10.0,75.06,2025-06-13 16:45:30+00:00,0.0465,0.02325,0.06725,0.04775
Oasis - Henderson Avenue,167.0,10.0,75.06,2025-06-13 17:00:30+00:00,0.03625,0.0255,0.0515,0.03725
Oasis - Henderson Avenue,167.0,10.0,75.06,2025-06-13 17:15:30+00:00,0.03275,0.021,0.046,0.03375
Oasis - Henderson Avenue,167.0,10.0,75.06,2025-06-13 17:30:30+00:00,0.03075,0.01725,0.044,0.03175
Oasis - Henderson Avenue,167.0,10.0,75.06,2025-06-13 17:45:30+00:00,0.02775,0.01575,0.04425,0.02875
Oasis - Henderson Avenue,167.0,10.0,75.06,2025-06-13 18:00:30+00:00,0.03,0.01475,0.03975,0.0325
Oasis - Henderson Avenue,167.0,10.0,75.06,2025-06-13 18:15:30+00:00,0.02475,0.01225,0.035,0.02675
Oasis - Henderson Avenue,167.0,10.0,75.06,2025-06-13 18:30:30+00:00,0.01625,0.0065,0.02875,0.017
Oasis - Henderson Avenue,167.0,10.0,75.06,2025-06-13 18:45:30+00:00,0.011,0.00275,0.0215,0.01125
Oasis - Henderson Avenue,167.0,10.0,75.06,2025-06-13 19:00:30+00:00,0.00875,0.00175,0.0155,0.009
Oasis - Henderson Avenue,167.0,10.0,75.06,2025-06-13 19:15:30+00:00,0.005,0.00125,0.0105,0.00525
Oasis - Henderson Avenue,167.0,10.0,75.06,2025-06-13 19:30:30+00:00,0.00275,0.00075,0.00625,0.00275
Oasis - Henderson Avenue,167.0,10.0,75.06,2025-06-13 19:45:30+00:00,0.00125,0.00025,0.00325,0.00125
Oasis - Henderson Avenue,167.0,10.0,75.06,2025-06-13 20:00:30+00:00,0.0005,0.00025,0.00125,0.0005
Oasis - Henderson Avenue,167.0,10.0,75.06,2025-06-13 20:15:30+00:00,0.0,0.0,0.0,0.0
Oasis - Henderson Avenue,167.0,10.0,75.06,2025-06-13 20:30:30+00:00,0.0,0.0,0.0,0.0
Oasis - Henderson Avenue,167.0,10.0,75.06,2025-06-13 20:45:30+00:00,0.0,0.0,0.0,0.0
Oasis - Henderson Avenue,167.0,10.0,75.06,2025-06-13 21:00:30+00:00,0.0,0.0,0.0,0.0
Oasis - Henderson Avenue,167.0,10.0,75.06,2025-06-13 21:15:30+00:00,0.0,0.0,0.0,0.0
Oasis - Henderson Avenue,167.0,10.0,75.06,2025-06-13 21:30:30+00:00,0.0,0.0,0.0,0.0
Oasis - Henderson Avenue,167.0,10.0,75.06,2025-06-13 21:45:30+00:00,0.0,0.0,0.0,0.0
Oasis - Henderson Avenue,167.0,10.0,75.06,2025-06-13 22:00:30+00:00,0.0,0.0,0.0,0.0
Oasis - Henderson Avenue,167.0,10.0,75.06,2025-06-13 22:15:30+00:00,0.0,0.0,0.0,0.0
Oasis - Henderson Avenue,167.0,10.0,75.06,2025-06-13 22:30:30+00:00,0.0,0.0,0.0,0.0
Oasis - Henderson Avenue,167.0,10.0,75.06,2025-06-13 22:45:30+00:00,0.0,0.0,0.0,0.0
Oasis - Henderson Avenue,167.0,10.0,75.06,2025-06-13 23:00:30+00:00,0.0,0.0,0.0,0.0
Oasis - Henderson Avenue,167.0,10.0,75.06,2025-06-13 23:15:30+00:00,0.0,0.0,0.0,0.0
Oasis - Henderson Avenue,167.0,10.0,75.06,2025-06-13 23:30:30+00:00,0.0,0.0,0.0,0.0
Oasis - Henderson Avenue,167.0,10.0,75.06,2025-06-13 23:45:30+00:00,0.0,0.0,0.0,0.0
Oasis - Henderson Avenue,167.0,10.0,75.06,2025-06-14 00:00:30+00:00,0.0,0.0,0.0,0.0
Oasis - Henderson Avenue,167.0,10.0,75.06,2025-06-14 00:15:30+00:00,0.0,0.0,0.0,0.0
Oasis - Henderson Avenue,167.0,10.0,75.06,2025-06-14 00:30:30+00:00,0.0,0.0,0.0,0.0
Oasis - Henderson Avenue,167.0,10.0,75.06,2025-06-14 00:45:30+00:00,0.0,0.0,0.0,0.0
Oasis - Henderson Avenue,167.0,10.0,75.06,2025-06-14 01:00:30+00:00,0.0,0.0,0.0,0.0
Oasis - Henderson Avenue,167.0,10.0,75.06,2025-06-14 01:15:30+00:00,0.0,0.0,0.0,0.0
Oasis - Henderson Avenue,167.0,10.0,75.06,2025-06-14 01:30:30+00:00,0.0,0.0,0.0,0.0
Oasis - Henderson Avenue,167.0,10.0,75.06,2025-06-14 01:45:30+00:00,0.0,0.0,0.0,0.0
Oasis - Henderson Avenue,167.0,10.0,75.06,2025-06-14 02:00:30+00:00,0.0,0.0,0.0,0.0
Oasis - Henderson Avenue,167.0,10.0,75.06,2025-06-14 02:15:30+00:00,0.0,0.0,0.0,0.0
Oasis - Henderson Avenue,167.0,10.0,75.06,2025-06-14 02:30:30+00:00,0.0,0.0,0.0,0.0
Oasis - Henderson Avenue,167.0,10.0,75.06,2025-06-14 02:45:30+00:00,0.0,0.0,0.0,0.0
Oasis - Henderson Avenue,167.0,10.0,75.06,2025-06-14 03:00:30+00:00,0.0,0.0,0.0,0.0
Oasis - Henderson Avenue,167.0,10.0,75.06,2025-06-14 03:15:30+00:00,0.0,0.0,0.0,0.0
Oasis - Henderson Avenue,167.0,10.0,75.06,2025-06-14 03:30:30+00:00,0.00075,0.0005,0.00075,0.00075
Oasis - Henderson Avenue,167.0,10.0,75.06,2025-06-14 03:45:30+00:00,0.00175,0.00175,0.002,0.00175
Oasis - Henderson Avenue,167.0,10.0,75.06,2025-06-14 04:00:30+00:00,0.0045,0.0035,0.005,0.0055
Oasis - Henderson Avenue,167.0,10.0,75.06,2025-06-14 04:15:30+00:00,0.00875,0.0065,0.0095,0.01125
Oasis - Henderson Avenue,167.0,10.0,75.06,2025-06-14 04:30:30+00:00,0.0145,0.01075,0.01575,0.0175
Oasis - Henderson Avenue,167.0,10.0,75.06,2025-06-14 04:45:30+00:00,0.021,0.01325,0.0235,0.024
Oasis - Henderson Avenue,167.0,10.0,75.06,2025-06-14 05:00:30+00:00,0.02875,0.0165,0.032,0.03175
Oasis - Henderson Avenue,167.0,10.0,75.06,2025-06-14 05:15:30+00:00,0.04,0.009,0.0415,0.0425
Oasis - Henderson Avenue,167.0,10.0,75.06,2025-06-14 05:30:30+00:00,0.016,0.00375,0.04725,0.0165
Oasis - Henderson Avenue,167.0,10.0,75.06,2025-06-14 05:45:30+00:00,0.01125,0.0045,0.03825,0.01125
Oasis - Henderson Avenue,167.0,10.0,75.06,2025-06-14 06:00:30+00:00,0.0215,0.00525,0.03975,0.022
Oasis - Henderson Avenue,167.0,10.0,75.06,2025-06-14 06:15:30+00:00,0.0175,0.006,0.04425,0.018
Oasis - Henderson Avenue,167.0,10.0,75.06,2025-06-14 06:30:30+00:00,0.0255,0.00675,0.059,0.026
Oasis - Henderson Avenue,167.0,10.0,75.06,2025-06-14 06:45:30+00:00,0.0495,0.01275,0.073,0.0495
Oasis - Henderson Avenue,167.0,10.0,75.06,2025-06-14 07:00:30+00:00,0.053,0.012,0.08375,0.053
Oasis - Henderson Avenue,167.0,10.0,75.06,2025-06-14 07:15:30+00:00,0.04,0.009,0.0835,0.0405
Oasis - Henderson Avenue,167.0,10.0,75.06,2025-06-14 07:30:30+00:00,0.0295,0.00975,0.07425,0.03
Oasis - Henderson Avenue,167.0,10.0,75.06,2025-06-14 07:45:30+00:00,0.02075,0.0105,0.064,0.021
Oasis - Henderson Avenue,167.0,10.0,75.06,2025-06-14 08:00:30+00:00,0.01675,0.01125,0.0625,0.017
Oasis - Henderson Avenue,167.0,10.0,75.06,2025-06-14 08:15:30+00:00,0.03,0.01175,0.07775,0.03025
Oasis - Henderson Avenue,167.0,10.0,75.06,2025-06-14 08:30:30+00:00,0.055,0.01275,0.097,0.05525
Oasis - Henderson Avenue,167.0,10.0,75.06,2025-06-14 08:45:30+00:00,0.06475,0.01325,0.1205,0.06475
Oasis - Henderson Avenue,167.0,10.0,75.06,2025-06-14 09:00:30+00:00,0.0615,0.014,0.1415,0.06175
Oasis - Henderson Avenue,167.0,10.0,75.06,2025-06-14 09:15:30+00:00,0.08125,0.01625,0.18875,0.08
Oasis - Henderson Avenue,167.0,10.0,75.06,2025-06-14 09:30:30+00:00,0.16225,0.0435,0.21775,0.152
Oasis - Henderson Avenue,167.0,10.0,75.06,2025-06-14 09:45:30+00:00,0.16975,0.088,0.22475,0.159
Oasis - Henderson Avenue,167.0,10.0,75.06,2025-06-14 10:00:30+00:00,0.164,0.11625,0.23075,0.15375
Oasis - Henderson Avenue,167.0,10.0,75.06,2025-06-14 10:15:30+00:00,0.197,0.1475,0.232,0.1825
Oasis - Henderson Avenue,167.0,10.0,75.06,2025-06-14 10:30:30+00:00,0.20625,0.169,0.24325,0.19075
Oasis - Henderson Avenue,167.0,10.0,75.06,2025-06-14 10:45:30+00:00,0.21425,0.17675,0.2385,0.19825
Oasis - Henderson Avenue,167.0,10.0,75.06,2025-06-14 11:00:30+00:00,0.20125,0.1855,0.234,0.1865
Oasis - Henderson Avenue,167.0,10.0,75.06,2025-06-14 11:15:30+00:00,0.21425,0.1855,0.2395,0.1985
Oasis - Henderson Avenue,167.0,10.0,75.06,2025-06-14 11:30:30+00:00,0.22175,0.19275,0.24625,0.2055
Oasis - Henderson Avenue,167.0,10.0,75.06,2025-06-14 11:45:30+00:00,0.222,0.1995,0.2485,0.206
Oasis - Henderson Avenue,167.0,10.0,75.06,2025-06-14 12:00:30+00:00,0.2285,0.20725,0.2475,0.212
Oasis - Henderson Avenue,167.0,10.0,75.06,2025-06-14 12:15:30+00:00,0.23075,0.20325,0.25425,0.21425
Oasis - Henderson Avenue,167.0,10.0,75.06,2025-06-14 12:30:30+00:00,0.2285,0.19125,0.2515,0.213
Oasis - Henderson Avenue,167.0,10.0,75.06,2025-06-14 12:45:30+00:00,0.21625,0.1685,0.24725,0.203
Oasis - Henderson Avenue,167.0,10.0,75.06,2025-06-14 13:00:30+00:00,0.18525,0.1545,0.23575,0.17625
Oasis - Henderson Avenue,167.0,10.0,75.06,2025-06-14 13:15:30+00:00,0.1855,0.1515,0.2305,0.17675
Oasis - Henderson Avenue,167.0,10.0,75.06,2025-06-14 13:30:30+00:00,0.203,0.16075,0.232,0.193
Oasis - Henderson Avenue,167.0,10.0,75.06,2025-06-14 13:45:30+00:00,0.205,0.16825,0.226,0.195
Oasis - Henderson Avenue,167.0,10.0,75.06,2025-06-14 14:00:30+00:00,0.19425,0.16325,0.21825,0.1865
Oasis - Henderson Avenue,167.0,10.0,75.06,2025-06-14 14:15:30+00:00,0.17775,0.154,0.20375,0.17175
Oasis - Henderson Avenue,167.0,10.0,75.06,2025-06-14 14:30:30+00:00,0.1645,0.145,0.187,0.16
Oasis - Henderson Avenue,167.0,10.0,75.06,2025-06-14 14:45:30+00:00,0.15525,0.1415,0.175,0.15275
Oasis - Henderson Avenue,167.0,10.0,75.06,2025-06-14 15:00:30+00:00,0.156,0.13725,0.16675,0.154
Oasis - Henderson Avenue,167.0,10.0,75.06,2025-06-14 15:15:30+00:00,0.14375,0.1295,0.1595,0.14275
Oasis - Henderson Avenue,167.0,10.0,75.06,2025-06-14 15:30:30+00:00,0.13325,0.12075,0.151,0.134
Oasis - Henderson Avenue,167.0,10.0,75.06,2025-06-14 15:45:30+00:00,0.13125,0.11175,0.148,0.13325
Oasis - Henderson Avenue,167.0,10.0,75.06,2025-06-14 16:00:30+00:00,0.12425,0.101,0.1395,0.1275
Oasis - Henderson Avenue,167.0,10.0,75.06,2025-06-14 16:15:30+00:00,0.1085,0.0845,0.12825,0.1125
Oasis - Henderson Avenue,167.0,10.0,75.06,2025-06-14 16:30:30+00:00,0.088,0.075,0.11475,0.092
Oasis - Henderson Avenue,167.0,10.0,75.06,2025-06-14 16:45:30+00:00,0.08725,0.0685,0.10325,0.0925
Oasis - Henderson Avenue,167.0,10.0,75.06,2025-06-14 17:00:30+00:00,0.082,0.0675,0.0935,0.089
Oasis - Henderson Avenue,167.0,10.0,75.06,2025-06-14 17:15:30+00:00,0.07275,0.059,0.083,0.0805
Oasis - Henderson Avenue,167.0,10.0,75.06,2025-06-14 17:30:30+00:00,0.06175,0.04925,0.0725,0.0695
Oasis - Henderson Avenue,167.0,10.0,75.06,2025-06-14 17:45:30+00:00,0.05125,0.0355,0.06225,0.059
Oasis - Henderson Avenue,167.0,10.0,75.06,2025-06-14 18:00:30+00:00,0.03725,0.02975,0.054,0.0425
Oasis - Henderson Avenue,167.0,10.0,75.06,2025-06-14 18:15:30+00:00,0.03475,0.02325,0.04275,0.042
Oasis - Henderson Avenue,167.0,10.0,75.06,2025-06-14 18:30:30+00:00,0.02825,0.01975,0.033,0.0365
Oasis - Henderson Avenue,167.0,10.0,75.06,2025-06-14 18:45:30+00:00,0.02075,0.01475,0.025,0.028
Oasis - Henderson Avenue,167.0,10.0,75.06,2025-06-14 19:00:30+00:00,0.0145,0.01025,0.018,0.02025
Oasis - Henderson Avenue,167.0,10.0,75.06,2025-06-14 19:15:30+00:00,0.00975,0.00675,0.013,0.0135
Oasis - Henderson Avenue,167.0,10.0,75.06,2025-06-14 19:30:30+00:00,0.00675,0.0045,0.00925,0.008
Oasis - Henderson Avenue,167.0,10.0,75.06,2025-06-14 19:45:30+00:00,0.00375,0.00275,0.00475,0.00375
Oasis - Henderson Avenue,167.0,10.0,75.06,2025-06-14 20:00:30+00:00,0.0015,0.001,0.002,0.0015
Oasis - Henderson Avenue,167.0,10.0,75.06,2025-06-14 20:15:30+00:00,0.0,0.0,0.0,0.0
Oasis - Henderson Avenue,167.0,10.0,75.06,2025-06-14 20:30:30+00:00,0.0,0.0,0.0,0.0
Oasis - Henderson Avenue,167.0,10.0,75.06,2025-06-14 20:45:30+00:00,0.0,0.0,0.0,0.0
Oasis - Henderson Avenue,167.0,10.0,75.06,2025-06-14 21:00:30+00:00,0.0,0.0,0.0,0.0
Oasis - Henderson Avenue,167.0,10.0,75.06,2025-06-14 21:15:30+00:00,0.0,0.0,0.0,0.0
Oasis - Henderson Avenue,167.0,10.0,75.06,2025-06-14 21:30:30+00:00,0.0,0.0,0.0,0.0
Oasis - Henderson Avenue,167.0,10.0,75.06,2025-06-14 21:45:30+00:00,0.0,0.0,0.0,0.0
Oasis - Henderson Avenue,167.0,10.0,75.06,2025-06-14 22:00:30+00:00,0.0,0.0,0.0,0.0
Oasis - Henderson Avenue,167.0,10.0,75.06,2025-06-14 22:15:30+00:00,0.0,0.0,0.0,0.0
Oasis - Henderson Avenue,167.0,10.0,75.06,2025-06-14 22:30:30+00:00,0.0,0.0,0.0,0.0
Oasis - Henderson Avenue,167.0,10.0,75.06,2025-06-14 22:45:30+00:00,0.0,0.0,0.0,0.0
Oasis - Henderson Avenue,167.0,10.0,75.06,2025-06-14 23:00:30+00:00,0.0,0.0,0.0,0.0
Oasis - Henderson Avenue,167.0,10.0,75.06,2025-06-14 23:15:30+00:00,0.0,0.0,0.0,0.0
Oasis - Henderson Avenue,167.0,10.0,75.06,2025-06-14 23:30:30+00:00,0.0,0.0,0.0,0.0
Oasis - Henderson Avenue,167.0,10.0,75.06,2025-06-14 23:45:30+00:00,0.0,0.0,0.0,0.0
Oasis - Henderson Avenue,167.0,10.0,75.06,2025-06-15 00:00:30+00:00,0.0,0.0,0.0,0.0
Oasis - Henderson Avenue,167.0,10.0,75.06,2025-06-15 00:15:30+00:00,0.0,0.0,0.0,0.0
Oasis - Henderson Avenue,167.0,10.0,75.06,2025-06-15 00:30:30+00:00,0.0,0.0,0.0,0.0
Oasis - Henderson Avenue,167.0,10.0,75.06,2025-06-15 00:45:30+00:00,0.0,0.0,0.0,0.0
Oasis - Henderson Avenue,167.0,10.0,75.06,2025-06-15 01:00:30+00:00,0.0,0.0,0.0,0.0
Oasis - Henderson Avenue,167.0,10.0,75.06,2025-06-15 01:15:30+00:00,0.0,0.0,0.0,0.0
Oasis - Henderson Avenue,167.0,10.0,75.06,2025-06-15 01:30:30+00:00,0.0,0.0,0.0,0.0
Oasis - Henderson Avenue,167.0,10.0,75.06,2025-06-15 01:45:30+00:00,0.0,0.0,0.0,0.0
Oasis - Henderson Avenue,167.0,10.0,75.06,2025-06-15 02:00:30+00:00,0.0,0.0,0.0,0.0
Oasis - Henderson Avenue,167.0,10.0,75.06,2025-06-15 02:15:30+00:00,0.0,0.0,0.0,0.0
Oasis - Henderson Avenue,167.0,10.0,75.06,2025-06-15 02:30:30+00:00,0.0,0.0,0.0,0.0
Oasis - Henderson Avenue,167.0,10.0,75.06,2025-06-15 02:45:30+00:00,0.0,0.0,0.0,0.0
Oasis - Henderson Avenue,167.0,10.0,75.06,2025-06-15 03:00:30+00:00,0.0,0.0,0.0,0.0
Oasis - Henderson Avenue,167.0,10.0,75.06,2025-06-15 03:15:30+00:00,0.0,0.0,0.0,0.0
Oasis - Henderson Avenue,167.0,10.0,75.06,2025-06-15 03:30:30+00:00,0.0005,0.00025,0.00075,0.0005
Oasis - Henderson Avenue,167.0,10.0,75.06,2025-06-15 03:45:30+00:00,0.00125,0.00075,0.00175,0.00125
Oasis - Henderson Avenue,167.0,10.0,75.06,2025-06-15 04:00:30+00:00,0.0035,0.002,0.00575,0.00375
Oasis - Henderson Avenue,167.0,10.0,75.06,2025-06-15 04:15:30+00:00,0.007,0.004,0.011,0.00725
Oasis - Henderson Avenue,167.0,10.0,75.06,2025-06-15 04:30:30+00:00,0.01175,0.00675,0.01675,0.013
Oasis - Henderson Avenue,167.0,10.0,75.06,2025-06-15 04:45:30+00:00,0.0185,0.01175,0.0235,0.0205
Oasis - Henderson Avenue,167.0,10.0,75.06,2025-06-15 05:00:30+00:00,0.02625,0.0185,0.03175,0.0285
Oasis - Henderson Avenue,167.0,10.0,75.06,2025-06-15 05:15:30+00:00,0.03425,0.02675,0.04075,0.03625
Oasis - Henderson Avenue,167.0,10.0,75.06,2025-06-15 05:30:30+00:00,0.04275,0.0355,0.05075,0.0445
Oasis - Henderson Avenue,167.0,10.0,75.06,2025-06-15 05:45:30+00:00,0.05225,0.04475,0.06,0.05325
Oasis - Henderson Avenue,167.0,10.0,75.06,2025-06-15 06:00:30+00:00,0.06225,0.0555,0.0695,0.06275
Oasis - Henderson Avenue,167.0,10.0,75.06,2025-06-15 06:15:30+00:00,0.073,0.06675,0.079,0.07275
Oasis - Henderson Avenue,167.0,10.0,75.06,2025-06-15 06:30:30+00:00,0.083,0.07725,0.08825,0.08175
Oasis - Henderson Avenue,167.0,10.0,75.06,2025-06-15 06:45:30+00:00,0.09225,0.08475,0.09975,0.09
Oasis - Henderson Avenue,167.0,10.0,75.06,2025-06-15 07:00:30+00:00,0.1015,0.08975,0.113,0.09825
Oasis - Henderson Avenue,167.0,10.0,75.06,2025-06-15 07:15:30+00:00,0.1105,0.09325,0.124,0.10625
Oasis - Henderson Avenue,167.0,10.0,75.06,2025-06-15 07:30:30+00:00,0.1135,0.096,0.13075,0.10875
Oasis - Henderson Avenue,167.0,10.0,75.06,2025-06-15 07:45:30+00:00,0.116,0.103,0.1395,0.11075
Oasis - Henderson Avenue,167.0,10.0,75.06,2025-06-15 08:00:30+00:00,0.13475,0.1135,0.1525,0.128
Oasis - Henderson Avenue,167.0,10.0,75.06,2025-06-15 08:15:30+00:00,0.14875,0.129,0.1665,0.1395
Oasis - Henderson Avenue,167.0,10.0,75.06,2025-06-15 08:30:30+00:00,0.1585,0.135,0.17825,0.148
Oasis - Henderson Avenue,167.0,10.0,75.06,2025-06-15 08:45:30+00:00,0.16225,0.126,0.193,0.15125
Oasis - Henderson Avenue,167.0,10.0,75.06,2025-06-15 09:00:30+00:00,0.1625,0.1095,0.2005,0.1525
Oasis - Henderson Avenue,167.0,10.0,75.06,2025-06-15 09:15:30+00:00,0.15575,0.08775,0.20775,0.1465
Oasis - Henderson Avenue,167.0,10.0,75.06,2025-06-15 09:30:30+00:00,0.1225,0.0835,0.19275,0.11725
Oasis - Henderson Avenue,167.0,10.0,75.06,2025-06-15 09:45:30+00:00,0.13875,0.09025,0.20075,0.13225
Oasis - Henderson Avenue,167.0,10.0,75.06,2025-06-15 10:00:30+00:00,0.177,0.08375,0.22775,0.16575
Oasis - Henderson Avenue,167.0,10.0,75.06,2025-06-15 10:15:30+00:00,0.14575,0.0595,0.2315,0.1385
Oasis - Henderson Avenue,167.0,10.0,75.06,2025-06-15 10:30:30+00:00,0.123,0.0245,0.21425,0.119
Oasis - Henderson Avenue,167.0,10.0,75.06,2025-06-15 10:45:30+00:00,0.0665,0.017,0.182,0.0655
Oasis - Henderson Avenue,167.0,10.0,75.06,2025-06-15 11:00:30+00:00,0.049,0.017,0.1805,0.049
Oasis - Henderson Avenue,167.0,10.0,75.06,2025-06-15 11:15:30+00:00,0.1245,0.02475,0.2235,0.119
Oasis - Henderson Avenue,167.0,10.0,75.06,2025-06-15 11:30:30+00:00,0.16975,0.042,0.24475,0.16125
Oasis - Henderson Avenue,167.0,10.0,75.06,2025-06-15 11:45:30+00:00,0.1325,0.03925,0.226,0.127
Oasis - Henderson Avenue,167.0,10.0,75.06,2025-06-15 12:00:30+00:00,0.09325,0.02475,0.183,0.0915
Oasis - Henderson Avenue,167.0,10.0,75.06,2025-06-15 12:15:30+00:00,0.08775,0.02425,0.1965,0.08625
Oasis - Henderson Avenue,167.0,10.0,75.06,2025-06-15 12:30:30+00:00,0.153,0.0305,0.2075,0.1465
Oasis - Henderson Avenue,167.0,10.0,75.06,2025-06-15 12:45:30+00:00,0.0915,0.01825,0.20275,0.08875
Oasis - Henderson Avenue,167.0,10.0,75.06,2025-06-15 13:00:30+00:00,0.046,0.0165,0.165,0.04625
Oasis - Henderson Avenue,167.0,10.0,75.06,2025-06-15 13:15:30+00:00,0.0975,0.0195,0.16075,0.096
Oasis - Henderson Avenue,167.0,10.0,75.06,2025-06-15 13:30:30+00:00,0.071,0.01625,0.17375,0.07075
Oasis - Henderson Avenue,167.0,10.0,75.06,2025-06-15 13:45:30+00:00,0.098,0.0195,0.207,0.096
Oasis - Henderson Avenue,167.0,10.0,75.06,2025-06-15 14:00:30+00:00,0.1605,0.052,0.21525,0.15525
Oasis - Henderson Avenue,167.0,10.0,75.06,2025-06-15 14:15:30+00:00,0.177,0.08625,0.2085,0.17125
Oasis - Henderson Avenue,167.0,10.0,75.06,2025-06-15 14:30:30+00:00,0.159,0.08375,0.199,0.15525
Oasis - Henderson Avenue,167.0,10.0,75.06,2025-06-15 14:45:30+00:00,0.11275,0.07625,0.18225,0.11175
Oasis - Henderson Avenue,167.0,10.0,75.06,2025-06-15 15:00:30+00:00,0.11725,0.072,0.173,0.11675
Oasis - Henderson Avenue,167.0,10.0,75.06,2025-06-15 15:15:30+00:00,0.13725,0.0855,0.1705,0.13675
Oasis - Henderson Avenue,167.0,10.0,75.06,2025-06-15 15:30:30+00:00,0.13625,0.0945,0.16025,0.137
Oasis - Henderson Avenue,167.0,10.0,75.06,2025-06-15 15:45:30+00:00,0.11325,0.097,0.1455,0.11475
Oasis - Henderson Avenue,167.0,10.0,75.06,2025-06-15 16:00:30+00:00,0.11375,0.091,0.1265,0.1165
Oasis - Henderson Avenue,167.0,10.0,75.06,2025-06-15 16:15:30+00:00,0.099,0.086,0.11825,0.1025
Oasis - Henderson Avenue,167.0,10.0,75.06,2025-06-15 16:30:30+00:00,0.0935,0.07975,0.109,0.09775
Oasis - Henderson Avenue,167.0,10.0,75.06,2025-06-15 16:45:30+00:00,0.09,0.076,0.10025,0.09575
Oasis - Henderson Avenue,167.0,10.0,75.06,2025-06-15 17:00:30+00:00,0.08125,0.0715,0.08925,0.088
Oasis - Henderson Avenue,167.0,10.0,75.06,2025-06-15 17:15:30+00:00,0.07025,0.06425,0.0775,0.07725
Oasis - Henderson Avenue,167.0,10.0,75.06,2025-06-15 17:30:30+00:00,0.061,0.056,0.06725,0.0685
Oasis - Henderson Avenue,167.0,10.0,75.06,2025-06-15 17:45:30+00:00,0.0535,0.047,0.059,0.0615
Oasis - Henderson Avenue,167.0,10.0,75.06,2025-06-15 18:00:30+00:00,0.045,0.03875,0.051,0.05325
Oasis - Henderson Avenue,167.0,10.0,75.06,2025-06-15 18:15:30+00:00,0.03625,0.03025,0.04175,0.0445
Oasis - Henderson Avenue,167.0,10.0,75.06,2025-06-15 18:30:30+00:00,0.02825,0.02275,0.033,0.03575
Oasis - Henderson Avenue,167.0,10.0,75.06,2025-06-15 18:45:30+00:00,0.021,0.01625,0.025,0.028
Oasis - Henderson Avenue,167.0,10.0,75.06,2025-06-15 19:00:30+00:00,0.015,0.01125,0.01825,0.0205
Oasis - Henderson Avenue,167.0,10.0,75.06,2025-06-15 19:15:30+00:00,0.01025,0.00725,0.0125,0.0145
Oasis - Henderson Avenue,167.0,10.0,75.06,2025-06-15 19:30:30+00:00,0.007,0.005,0.0085,0.009
Oasis - Henderson Avenue,167.0,10.0,75.06,2025-06-15 19:45:30+00:00,0.004,0.003,0.00475,0.00425
Oasis - Henderson Avenue,167.0,10.0,75.06,2025-06-15 20:00:30+00:00,0.00175,0.00125,0.002,0.00175
Oasis - Henderson Avenue,167.0,10.0,75.06,2025-06-15 20:15:30+00:00,0.0,0.0,0.0,0.0
Oasis - Henderson Avenue,167.0,10.0,75.06,2025-06-15 20:30:30+00:00,0.0,0.0,0.0,0.0
Oasis - Henderson Avenue,167.0,10.0,75.06,2025-06-15 20:45:30+00:00,0.0,0.0,0.0,0.0
Oasis - Henderson Avenue,167.0,10.0,75.06,2025-06-15 21:00:30+00:00,0.0,0.0,0.0,0.0
Oasis - Henderson Avenue,167.0,10.0,75.06,2025-06-15 21:15:30+00:00,0.0,0.0,0.0,0.0
Oasis - Henderson Avenue,167.0,10.0,75.06,2025-06-15 21:30:30+00:00,0.0,0.0,0.0,0.0
Oasis - Henderson Avenue,167.0,10.0,75.06,2025-06-15 21:45:30+00:00,0.0,0.0,0.0,0.0
Oasis - Henderson Avenue,167.0,10.0,75.06,2025-06-15 22:00:30+00:00,0.0,0.0,0.0,0.0
Oasis - Henderson Avenue,167.0,10.0,75.06,2025-06-15 22:15:30+00:00,0.0,0.0,0.0,0.0
Oasis - Henderson Avenue,167.0,10.0,75.06,2025-06-15 22:30:30+00:00,0.0,0.0,0.0,0.0
Oasis - Henderson Avenue,167.0,10.0,75.06,2025-06-15 22:45:30+00:00,0.0,0.0,0.0,0.0
Oasis - Henderson Avenue,167.0,10.0,75.06,2025-06-15 23:00:30+00:00,0.0,0.0,0.0,0.0
Oasis - Henderson Avenue,167.0,10.0,75.06,2025-06-15 23:15:30+00:00,0.0,0.0,0.0,0.0
Oasis - Henderson Avenue,167.0,10.0,75.06,2025-06-15 23:30:30+00:00,0.0,0.0,0.0,0.0
Oasis - Henderson Avenue,167.0,10.0,75.06,2025-06-15 23:45:30+00:00,0.0,0.0,0.0,0.0
Oasis - Henderson Avenue,167.0,10.0,75.06,2025-06-16 00:00:30+00:00,0.0,0.0,0.0,0.0
Oasis - Henderson Avenue,167.0,10.0,75.06,2025-06-16 00:15:30+00:00,0.0,0.0,0.0,0.0
Oasis - Henderson Avenue,167.0,10.0,75.06,2025-06-16 00:30:30+00:00,0.0,0.0,0.0,0.0
Oasis - Henderson Avenue,167.0,10.0,75.06,2025-06-16 00:45:30+00:00,0.0,0.0,0.0,0.0
Oasis - Henderson Avenue,167.0,10.0,75.06,2025-06-16 01:00:30+00:00,0.0,0.0,0.0,0.0
Oasis - Henderson Avenue,167.0,10.0,75.06,2025-06-16 01:15:30+00:00,0.0,0.0,0.0,0.0
Oasis - Henderson Avenue,167.0,10.0,75.06,2025-06-16 01:30:30+00:00,0.0,0.0,0.0,0.0
Oasis - Henderson Avenue,167.0,10.0,75.06,2025-06-16 01:45:30+00:00,0.0,0.0,0.0,0.0
Oasis - Henderson Avenue,167.0,10.0,75.06,2025-06-16 02:00:30+00:00,0.0,0.0,0.0,0.0
Oasis - Henderson Avenue,167.0,10.0,75.06,2025-06-16 02:15:30+00:00,0.0,0.0,0.0,0.0
Oasis - Henderson Avenue,167.0,10.0,75.06,2025-06-16 02:30:30+00:00,0.0,0.0,0.0,0.0
Oasis - Henderson Avenue,167.0,10.0,75.06,2025-06-16 02:45:30+00:00,0.0,0.0,0.0,0.0
Oasis - Henderson Avenue,167.0,10.0,75.06,2025-06-16 03:00:30+00:00,0.0,0.0,0.0,0.0
Oasis - Henderson Avenue,167.0,10.0,75.06,2025-06-16 03:15:30+00:00,0.0,0.0,0.0,0.0
Oasis - Henderson Avenue,167.0,10.0,75.06,2025-06-16 03:30:30+00:00,0.0005,0.0005,0.00075,0.0005
Oasis - Henderson Avenue,167.0,10.0,75.06,2025-06-16 03:45:30+00:00,0.0015,0.00125,0.00175,0.0015
Oasis - Henderson Avenue,167.0,10.0,75.06,2025-06-16 04:00:30+00:00,0.00425,0.003,0.00525,0.0045
Oasis - Henderson Avenue,167.0,10.0,75.06,2025-06-16 04:15:30+00:00,0.008,0.0055,0.00975,0.009
Oasis - Henderson Avenue,167.0,10.0,75.06,2025-06-16 04:30:30+00:00,0.013,0.0095,0.0155,0.015
Oasis - Henderson Avenue,167.0,10.0,75.06,2025-06-16 04:45:30+00:00,0.02,0.01475,0.0225,0.0225
Oasis - Henderson Avenue,167.0,10.0,75.06,2025-06-16 05:00:30+00:00,0.02775,0.0215,0.03075,0.03025
Oasis - Henderson Avenue,167.0,10.0,75.06,2025-06-16 05:15:30+00:00,0.036,0.02725,0.03975,0.03825
Oasis - Henderson Avenue,167.0,10.0,75.06,2025-06-16 05:30:30+00:00,0.04425,0.03225,0.04925,0.04625
Oasis - Henderson Avenue,167.0,10.0,75.06,2025-06-16 05:45:30+00:00,0.051,0.03375,0.0595,0.05225
Oasis - Henderson Avenue,167.0,10.0,75.06,2025-06-16 06:00:30+00:00,0.0495,0.03775,0.06925,0.05
Oasis - Henderson Avenue,167.0,10.0,75.06,2025-06-16 06:15:30+00:00,0.0595,0.0435,0.07875,0.05975
Oasis - Henderson Avenue,167.0,10.0,75.06,2025-06-16 06:30:30+00:00,0.0745,0.056,0.092,0.0735
Oasis - Henderson Avenue,167.0,10.0,75.06,2025-06-16 06:45:30+00:00,0.0905,0.07125,0.1035,0.08825
Oasis - Henderson Avenue,167.0,10.0,75.06,2025-06-16 07:00:30+00:00,0.104,0.08875,0.115,0.1005
Oasis - Henderson Avenue,167.0,10.0,75.06,2025-06-16 07:15:30+00:00,0.115,0.10575,0.124,0.10975
Oasis - Henderson Avenue,167.0,10.0,75.06,2025-06-16 07:30:30+00:00,0.12525,0.11925,0.13125,0.119
Oasis - Henderson Avenue,167.0,10.0,75.06,2025-06-16 07:45:30+00:00,0.1355,0.13,0.1405,0.12775
Oasis - Henderson Avenue,167.0,10.0,75.06,2025-06-16 08:00:30+00:00,0.14525,0.13925,0.151,0.1365
Oasis - Henderson Avenue,167.0,10.0,75.06,2025-06-16 08:15:30+00:00,0.15475,0.14825,0.1615,0.145
Oasis - Henderson Avenue,167.0,10.0,75.06,2025-06-16 08:30:30+00:00,0.16475,0.15725,0.17175,0.1535
Oasis - Henderson Avenue,167.0,10.0,75.06,2025-06-16 08:45:30+00:00,0.17375,0.166,0.18125,0.16175
Oasis - Henderson Avenue,167.0,10.0,75.06,2025-06-16 09:00:30+00:00,0.18225,0.1745,0.19025,0.16925
Oasis - Henderson Avenue,167.0,10.0,75.06,2025-06-16 09:15:30+00:00,0.19075,0.18175,0.19875,0.1765
Oasis - Henderson Avenue,167.0,10.0,75.06,2025-06-16 09:30:30+00:00,0.1975,0.186,0.2085,0.1825
Oasis - Henderson Avenue,167.0,10.0,75.06,2025-06-16 09:45:30+00:00,0.2035,0.1865,0.21925,0.188
Oasis - Henderson Avenue,167.0,10.0,75.06,2025-06-16 10:00:30+00:00,0.20725,0.18125,0.23025,0.1915
Oasis - Henderson Avenue,167.0,10.0,75.06,2025-06-16 10:15:30+00:00,0.20575,0.17075,0.23575,0.19025
Oasis - Henderson Avenue,167.0,10.0,75.06,2025-06-16 10:30:30+00:00,0.20175,0.15825,0.24,0.18675
Oasis - Henderson Avenue,167.0,10.0,75.06,2025-06-16 10:45:30+00:00,0.1925,0.14675,0.23675,0.17975
Oasis - Henderson Avenue,167.0,10.0,75.06,2025-06-16 11:00:30+00:00,0.1815,0.14225,0.22325,0.17025
Oasis - Henderson Avenue,167.0,10.0,75.06,2025-06-16 11:15:30+00:00,0.17225,0.139,0.20975,0.16325
Oasis - Henderson Avenue,167.0,10.0,75.06,2025-06-16 11:30:30+00:00,0.171,0.1405,0.20825,0.1625
Oasis - Henderson Avenue,167.0,10.0,75.06,2025-06-16 11:45:30+00:00,0.18175,0.1485,0.221,0.17075
Oasis - Henderson Avenue,167.0,10.0,75.06,2025-06-16 12:00:30+00:00,0.19925,0.15775,0.23175,0.18725
Oasis - Henderson Avenue,167.0,10.0,75.06,2025-06-16 12:15:30+00:00,0.20375,0.16775,0.2355,0.1905
Oasis - Henderson Avenue,167.0,10.0,75.06,2025-06-16 12:30:30+00:00,0.1985,0.17125,0.23225,0.1875
Oasis - Henderson Avenue,167.0,10.0,75.06,2025-06-16 12:45:30+00:00,0.2055,0.177,0.23425,0.19325
Oasis - Henderson Avenue,167.0,10.0,75.06,2025-06-16 13:00:30+00:00,0.21125,0.18275,0.23575,0.19925
Oasis - Henderson Avenue,167.0,10.0,75.06,2025-06-16 13:15:30+00:00,0.2105,0.18825,0.23075,0.199
Oasis - Henderson Avenue,167.0,10.0,75.06,2025-06-16 13:30:30+00:00,0.2065,0.19125,0.2205,0.19625
Oasis - Henderson Avenue,167.0,10.0,75.06,2025-06-16 13:45:30+00:00,0.2005,0.19025,0.21125,0.1915
Oasis - Henderson Avenue,167.0,10.0,75.06,2025-06-16 14:00:30+00:00,0.195,0.1855,0.2035,0.187
Oasis - Henderson Avenue,167.0,10.0,75.06,2025-06-16 14:15:30+00:00,0.188,0.17875,0.19675,0.1815
Oasis - Henderson Avenue,167.0,10.0,75.06,2025-06-16 14:30:30+00:00,0.18025,0.17,0.1895,0.175
Oasis - Henderson Avenue,167.0,10.0,75.06,2025-06-16 14:45:30+00:00,0.171,0.15925,0.1815,0.16725
Oasis - Henderson Avenue,167.0,10.0,75.06,2025-06-16 15:00:30+00:00,0.15975,0.14875,0.17125,0.1575
Oasis - Henderson Avenue,167.0,10.0,75.06,2025-06-16 15:15:30+00:00,0.1495,0.139,0.1595,0.14875
Oasis - Henderson Avenue,167.0,10.0,75.06,2025-06-16 15:30:30+00:00,0.1385,0.131,0.14825,0.139
Oasis - Henderson Avenue,167.0,10.0,75.06,2025-06-16 15:45:30+00:00,0.13075,0.1225,0.13825,0.1325
Oasis - Henderson Avenue,167.0,10.0,75.06,2025-06-16 16:00:30+00:00,0.12175,0.113,0.12925,0.12475
Oasis - Henderson Avenue,167.0,10.0,75.06,2025-06-16 16:15:30+00:00,0.11075,0.102,0.11875,0.115
Oasis - Henderson Avenue,167.0,10.0,75.06,2025-06-16 16:30:30+00:00,0.099,0.09125,0.10725,0.10375
Oasis - Henderson Avenue,167.0,10.0,75.06,2025-06-16 16:45:30+00:00,0.08825,0.082,0.09675,0.09375
Oasis - Henderson Avenue,167.0,10.0,75.06,2025-06-16 17:00:30+00:00,0.0805,0.07375,0.087,0.08725
Oasis - Henderson Avenue,167.0,10.0,75.06,2025-06-16 17:15:30+00:00,0.07225,0.066,0.078,0.07975
Oasis - Henderson Avenue,167.0,10.0,75.06,2025-06-16 17:30:30+00:00,0.063,0.0575,0.0685,0.071
Oasis - Henderson Avenue,167.0,10.0,75.06,2025-06-16 17:45:30+00:00,0.05375,0.04825,0.05925,0.062
Oasis - Henderson Avenue,167.0,10.0,75.06,2025-06-16 18:00:30+00:00,0.04475,0.039,0.0505,0.053
Oasis - Henderson Avenue,167.0,10.0,75.06,2025-06-16 18:15:30+00:00,0.03625,0.03025,0.04125,0.04425
Oasis - Henderson Avenue,167.0,10.0,75.06,2025-06-16 18:30:30+00:00,0.02825,0.0225,0.0325,0.0355
Oasis - Henderson Avenue,167.0,10.0,75.06,2025-06-16 18:45:30+00:00,0.021,0.01625,0.02475,0.0275
Oasis - Henderson Avenue,167.0,10.0,75.06,2025-06-16 19:00:30+00:00,0.015,0.01125,0.01825,0.02025
Oasis - Henderson Avenue,167.0,10.0,75.06,2025-06-16 19:15:30+00:00,0.01025,0.0075,0.0125,0.014
Oasis - Henderson Avenue,167.0,10.0,75.06,2025-06-16 19:30:30+00:00,0.007,0.005,0.0085,0.0085
Oasis - Henderson Avenue,167.0,10.0,75.06,2025-06-16 19:45:30+00:00,0.00375,0.003,0.00475,0.004
Oasis - Henderson Avenue,167.0,10.0,75.06,2025-06-16 20:00:30+00:00,0.00175,0.00125,0.002,0.00175
Oasis - Henderson Avenue,167.0,10.0,75.06,2025-06-16 20:15:30+00:00,0.0,0.0,0.0,0.0
Oasis - Henderson Avenue,167.0,10.0,75.06,2025-06-16 20:30:30+00:00,0.0,0.0,0.0,0.0
Oasis - Henderson Avenue,167.0,10.0,75.06,2025-06-16 20:45:30+00:00,0.0,0.0,0.0,0.0
Oasis - Henderson Avenue,167.0,10.0,75.06,2025-06-16 21:00:30+00:00,0.0,0.0,0.0,0.0
Oasis - Henderson Avenue,167.0,10.0,75.06,2025-06-16 21:15:30+00:00,0.0,0.0,0.0,0.0
Oasis - Henderson Avenue,167.0,10.0,75.06,2025-06-16 21:30:30+00:00,0.0,0.0,0.0,0.0
Oasis - Henderson Avenue,167.0,10.0,75.06,2025-06-16 21:45:30+00:00,0.0,0.0,0.0,0.0
Oasis - Henderson Avenue,167.0,10.0,75.06,2025-06-16 22:00:30+00:00,0.0,0.0,0.0,0.0
Oasis - Henderson Avenue,167.0,10.0,75.06,2025-06-16 22:15:30+00:00,0.0,0.0,0.0,0.0
Oasis - Henderson Avenue,167.0,10.0,75.06,2025-06-16 22:30:30+00:00,0.0,0.0,0.0,0.0
Oasis - Henderson Avenue,167.0,10.0,75.06,2025-06-16 22:45:30+00:00,0.0,0.0,0.0,0.0
Oasis - Henderson Avenue,167.0,10.0,75.06,2025-06-16 23:00:30+00:00,0.0,0.0,0.0,0.0
Oasis - Henderson Avenue,167.0,10.0,75.06,2025-06-16 23:15:30+00:00,0.0,0.0,0.0,0.0
Oasis - Henderson Avenue,167.0,10.0,75.06,2025-06-16 23:30:30+00:00,0.0,0.0,0.0,0.0
Oasis - Henderson Avenue,167.0,10.0,75.06,2025-06-16 23:45:30+00:00,0.0,0.0,0.0,0.0
Oasis - Henderson Avenue,167.0,10.0,75.06,2025-06-17 00:00:30+00:00,0.0,0.0,0.0,0.0
Oasis - Henderson Avenue,167.0,10.0,75.06,2025-06-17 00:15:30+00:00,0.0,0.0,0.0,0.0
Oasis - Henderson Avenue,167.0,10.0,75.06,2025-06-17 00:30:30+00:00,0.0,0.0,0.0,0.0
Oasis - Henderson Avenue,167.0,10.0,75.06,2025-06-17 00:45:30+00:00,0.0,0.0,0.0,0.0
Oasis - Henderson Avenue,167.0,10.0,75.06,2025-06-17 01:00:30+00:00,0.0,0.0,0.0,0.0
Oasis - Henderson Avenue,167.0,10.0,75.06,2025-06-17 01:15:30+00:00,0.0,0.0,0.0,0.0
Oasis - Henderson Avenue,167.0,10.0,75.06,2025-06-17 01:30:30+00:00,0.0,0.0,0.0,0.0
Oasis - Henderson Avenue,167.0,10.0,75.06,2025-06-17 01:45:30+00:00,0.0,0.0,0.0,0.0
Oasis - Henderson Avenue,167.0,10.0,75.06,2025-06-17 02:00:30+00:00,0.0,0.0,0.0,0.0
Oasis - Henderson Avenue,167.0,10.0,75.06,2025-06-17 02:15:30+00:00,0.0,0.0,0.0,0.0
Oasis - Henderson Avenue,167.0,10.0,75.06,2025-06-17 02:30:30+00:00,0.0,0.0,0.0,0.0
Oasis - Henderson Avenue,167.0,10.0,75.06,2025-06-17 02:45:30+00:00,0.0,0.0,0.0,0.0
Oasis - Henderson Avenue,167.0,10.0,75.06,2025-06-17 03:00:30+00:00,0.0,0.0,0.0,0.0
Oasis - Henderson Avenue,167.0,10.0,75.06,2025-06-17 03:15:30+00:00,0.0,0.0,0.0,0.0
Oasis - Henderson Avenue,167.0,10.0,75.06,2025-06-17 03:30:30+00:00,0.0005,0.0005,0.00075,0.0005
Oasis - Henderson Avenue,167.0,10.0,75.06,2025-06-17 03:45:30+00:00,0.0015,0.0015,0.00175,0.0015
Oasis - Henderson Avenue,167.0,10.0,75.06,2025-06-17 04:00:30+00:00,0.0045,0.003,0.0055,0.00475
Oasis - Henderson Avenue,167.0,10.0,75.06,2025-06-17 04:15:30+00:00,0.008,0.00575,0.00975,0.00925
Oasis - Henderson Avenue,167.0,10.0,75.06,2025-06-17 04:30:30+00:00,0.0135,0.0095,0.0155,0.016
Oasis - Henderson Avenue,167.0,10.0,75.06,2025-06-17 04:45:30+00:00,0.02,0.01525,0.02275,0.02275
Oasis - Henderson Avenue,167.0,10.0,75.06,2025-06-17 05:00:30+00:00,0.02825,0.022,0.031,0.031
Oasis - Henderson Avenue,167.0,10.0,75.06,2025-06-17 05:15:30+00:00,0.03625,0.03,0.04,0.03875
Oasis - Henderson Avenue,167.0,10.0,75.06,2025-06-17 05:30:30+00:00,0.0455,0.03875,0.04975,0.0475
Oasis - Henderson Avenue,167.0,10.0,75.06,2025-06-17 05:45:30+00:00,0.05525,0.04875,0.06,0.0565
Oasis - Henderson Avenue,167.0,10.0,75.06,2025-06-17 06:00:30+00:00,0.065,0.059,0.07075,0.0655
Oasis - Henderson Avenue,167.0,10.0,75.06,2025-06-17 06:15:30+00:00,0.07525,0.0695,0.0805,0.07475
Oasis - Henderson Avenue,167.0,10.0,75.06,2025-06-17 06:30:30+00:00,0.08525,0.07775,0.09275,0.0835
Oasis - Henderson Avenue,167.0,10.0,75.06,2025-06-17 06:45:30+00:00,0.095,0.085,0.10475,0.09225
Oasis - Henderson Avenue,167.0,10.0,75.06,2025-06-17 07:00:30+00:00,0.104,0.0855,0.1155,0.1005
Oasis - Henderson Avenue,167.0,10.0,75.06,2025-06-17 07:15:30+00:00,0.106,0.0835,0.12675,0.10225
Oasis - Henderson Avenue,167.0,10.0,75.06,2025-06-17 07:30:30+00:00,0.11725,0.0775,0.13775,0.1125
Oasis - Henderson Avenue,167.0,10.0,75.06,2025-06-17 07:45:30+00:00,0.10975,0.0695,0.147,0.10575
Oasis - Henderson Avenue,167.0,10.0,75.06,2025-06-17 08:00:30+00:00,0.099,0.0705,0.13825,0.09575
Oasis - Henderson Avenue,167.0,10.0,75.06,2025-06-17 08:15:30+00:00,0.1045,0.0815,0.1395,0.10075
Oasis - Henderson Avenue,167.0,10.0,75.06,2025-06-17 08:30:30+00:00,0.12825,0.0955,0.14575,0.12275
Oasis - Henderson Avenue,167.0,10.0,75.06,2025-06-17 08:45:30+00:00,0.12775,0.1065,0.1535,0.12225
Oasis - Henderson Avenue,167.0,10.0,75.06,2025-06-17 09:00:30+00:00,0.13425,0.115,0.161,0.12825
Oasis - Henderson Avenue,167.0,10.0,75.06,2025-06-17 09:15:30+00:00,0.15375,0.126,0.17525,0.14475
Oasis - Henderson Avenue,167.0,10.0,75.06,2025-06-17 09:30:30+00:00,0.16175,0.1285,0.18875,0.152
Oasis - Henderson Avenue,167.0,10.0,75.06,2025-06-17 09:45:30+00:00,0.15975,0.11125,0.1995,0.15
Oasis - Henderson Avenue,167.0,10.0,75.06,2025-06-17 10:00:30+00:00,0.142,0.10525,0.21275,0.13525
Oasis - Henderson Avenue,167.0,10.0,75.06,2025-06-17 10:15:30+00:00,0.18,0.114,0.233,0.16825
Oasis - Henderson Avenue,167.0,10.0,75.06,2025-06-17 10:30:30+00:00,0.21225,0.137,0.2405,0.1965
Oasis - Henderson Avenue,167.0,10.0,75.06,2025-06-17 10:45:30+00:00,0.18325,0.14825,0.24175,0.1715
Oasis - Henderson Avenue,167.0,10.0,75.06,2025-06-17 11:00:30+00:00,0.19175,0.159,0.2265,0.1795
Oasis - Henderson Avenue,167.0,10.0,75.06,2025-06-17 11:15:30+00:00,0.20375,0.17225,0.232,0.18925
Oasis - Henderson Avenue,167.0,10.0,75.06,2025-06-17 11:30:30+00:00,0.209,0.1825,0.22875,0.194
Oasis - Henderson Avenue,167.0,10.0,75.06,2025-06-17 11:45:30+00:00,0.2035,0.18825,0.229,0.1895
Oasis - Henderson Avenue,167.0,10.0,75.06,2025-06-17 12:00:30+00:00,0.21325,0.1915,0.2275,0.199
Oasis - Henderson Avenue,167.0,10.0,75.06,2025-06-17 12:15:30+00:00,0.21125,0.19475,0.2275,0.1975
Oasis - Henderson Avenue,167.0,10.0,75.06,2025-06-17 12:30:30+00:00,0.2085,0.19325,0.22175,0.1955
Oasis - Henderson Avenue,167.0,10.0,75.06,2025-06-17 12:45:30+00:00,0.20225,0.1915,0.21575,0.19025
Oasis - Henderson Avenue,167.0,10.0,75.06,2025-06-17 13:00:30+00:00,0.2,0.188,0.21275,0.18875
Oasis - Henderson Avenue,167.0,10.0,75.06,2025-06-17 13:15:30+00:00,0.1985,0.18375,0.20925,0.188
Oasis - Henderson Avenue,167.0,10.0,75.06,2025-06-17 13:30:30+00:00,0.19075,0.177,0.204,0.1815
Oasis - Henderson Avenue,167.0,10.0,75.06,2025-06-17 13:45:30+00:00,0.18225,0.1705,0.197,0.17425
Oasis - Henderson Avenue,167.0,10.0,75.06,2025-06-17 14:00:30+00:00,0.1785,0.16425,0.1935,0.1715
Oasis - Henderson Avenue,167.0,10.0,75.06,2025-06-17 14:15:30+00:00,0.17575,0.159,0.1895,0.16975
Oasis - Henderson Avenue,167.0,10.0,75.06,2025-06-17 14:30:30+00:00,0.1685,0.155,0.18475,0.16375
Oasis - Henderson Avenue,167.0,10.0,75.06,2025-06-17 14:45:30+00:00,0.16525,0.1505,0.177,0.16175
Oasis - Henderson Avenue,167.0,10.0,75.06,2025-06-17 15:00:30+00:00,0.1575,0.14225,0.16875,0.15525
Oasis - Henderson Avenue,167.0,10.0,75.06,2025-06-17 15:15:30+00:00,0.143,0.13275,0.161,0.14275
Oasis - Henderson Avenue,167.0,10.0,75.06,2025-06-17 15:30:30+00:00,0.14075,0.12525,0.154,0.14125
Oasis - Henderson Avenue,167.0,10.0,75.06,2025-06-17 15:45:30+00:00,0.13425,0.12125,0.145,0.136
Oasis - Henderson Avenue,167.0,10.0,75.06,2025-06-17 16:00:30+00:00,0.1245,0.11575,0.13275,0.1275
Oasis - Henderson Avenue,167.0,10.0,75.06,2025-06-17 16:15:30+00:00,0.114,0.1085,0.1195,0.1185
Oasis - Henderson Avenue,167.0,10.0,75.06,2025-06-17 16:30:30+00:00,0.10375,0.0995,0.108,0.10925
Oasis - Henderson Avenue,167.0,10.0,75.06,2025-06-17 16:45:30+00:00,0.0935,0.0895,0.0975,0.09975
Oasis - Henderson Avenue,167.0,10.0,75.06,2025-06-17 17:00:30+00:00,0.0835,0.07975,0.08725,0.09075
Oasis - Henderson Avenue,167.0,10.0,75.06,2025-06-17 17:15:30+00:00,0.0735,0.06925,0.0775,0.0815
Oasis - Henderson Avenue,167.0,10.0,75.06,2025-06-17 17:30:30+00:00,0.06375,0.059,0.06875,0.072
Oasis - Henderson Avenue,167.0,10.0,75.06,2025-06-17 17:45:30+00:00,0.05425,0.04875,0.06,0.06275
Oasis - Henderson Avenue,167.0,10.0,75.06,2025-06-17 18:00:30+00:00,0.045,0.03925,0.051,0.0535
Oasis - Henderson Avenue,167.0,10.0,75.06,2025-06-17 18:15:30+00:00,0.0365,0.0305,0.04175,0.0445
Oasis - Henderson Avenue,167.0,10.0,75.06,2025-06-17 18:30:30+00:00,0.0285,0.02275,0.03275,0.0365
Oasis - Henderson Avenue,167.0,10.0,75.06,2025-06-17 18:45:30+00:00,0.02125,0.0165,0.02475,0.02825
Oasis - Henderson Avenue,167.0,10.0,75.06,2025-06-17 19:00:30+00:00,0.01525,0.0115,0.0185,0.0205
Oasis - Henderson Avenue,167.0,10.0,75.06,2025-06-17 19:15:30+00:00,0.0105,0.0075,0.0125,0.0145
Oasis - Henderson Avenue,167.0,10.0,75.06,2025-06-17 19:30:30+00:00,0.00725,0.005,0.00875,0.009
Oasis - Henderson Avenue,167.0,10.0,75.06,2025-06-17 19:45:30+00:00,0.004,0.00325,0.005,0.00425
Oasis - Henderson Avenue,167.0,10.0,75.06,2025-06-17 20:00:30+00:00,0.00175,0.00125,0.00225,0.00175
Oasis - Henderson Avenue,167.0,10.0,75.06,2025-06-17 20:15:30+00:00,0.00025,0.00025,0.0005,0.00025
Oasis - Henderson Avenue,167.0,10.0,75.06,2025-06-17 20:30:30+00:00,0.0,0.0,0.0,0.0
Oasis - Henderson Avenue,167.0,10.0,75.06,2025-06-17 20:45:30+00:00,0.0,0.0,0.0,0.0
Oasis - Henderson Avenue,167.0,10.0,75.06,2025-06-17 21:00:30+00:00,0.0,0.0,0.0,0.0
Oasis - Henderson Avenue,167.0,10.0,75.06,2025-06-17 21:15:30+00:00,0.0,0.0,0.0,0.0
Oasis - Henderson Avenue,167.0,10.0,75.06,2025-06-17 21:30:30+00:00,0.0,0.0,0.0,0.0
Oasis - Henderson Avenue,167.0,10.0,75.06,2025-06-17 21:45:30+00:00,0.0,0.0,0.0,0.0
Oasis - Henderson Avenue,167.0,10.0,75.06,2025-06-17 22:00:30+00:00,0.0,0.0,0.0,0.0
Oasis - Henderson Avenue,167.0,10.0,75.06,2025-06-17 22:15:30+00:00,0.0,0.0,0.0,0.0
Oasis - Henderson Avenue,167.0,10.0,75.06,2025-06-17 22:30:30+00:00,0.0,0.0,0.0,0.0
Oasis - Henderson Avenue,167.0,10.0,75.06,2025-06-17 22:45:30+00:00,0.0,0.0,0.0,0.0
Oasis - Henderson Avenue,167.0,10.0,75.06,2025-06-17 23:00:30+00:00,0.0,0.0,0.0,0.0
Oasis - Henderson Avenue,167.0,10.0,75.06,2025-06-17 23:15:30+00:00,0.0,0.0,0.0,0.0
Oasis - Henderson Avenue,167.0,10.0,75.06,2025-06-17 23:30:30+00:00,0.0,0.0,0.0,0.0
Oasis - Henderson Avenue,167.0,10.0,75.06,2025-06-17 23:45:30+00:00,0.0,0.0,0.0,0.0
Oasis - Henderson Avenue,167.0,10.0,75.06,2025-06-18 00:00:30+00:00,0.0,0.0,0.0,0.0
Oasis - Henderson Avenue,167.0,10.0,75.06,2025-06-18 00:15:30+00:00,0.0,0.0,0.0,0.0
Oasis - Henderson Avenue,167.0,10.0,75.06,2025-06-18 00:30:30+00:00,0.0,0.0,0.0,0.0
Oasis - Henderson Avenue,167.0,10.0,75.06,2025-06-18 00:45:30+00:00,0.0,0.0,0.0,0.0
Oasis - Henderson Avenue,167.0,10.0,75.06,2025-06-18 01:00:30+00:00,0.0,0.0,0.0,0.0
Oasis - Henderson Avenue,167.0,10.0,75.06,2025-06-18 01:15:30+00:00,0.0,0.0,0.0,0.0
Oasis - Henderson Avenue,167.0,10.0,75.06,2025-06-18 01:30:30+00:00,0.0,0.0,0.0,0.0
Oasis - Henderson Avenue,167.0,10.0,75.06,2025-06-18 01:45:30+00:00,0.0,0.0,0.0,0.0
Oasis - Henderson Avenue,167.0,10.0,75.06,2025-06-18 02:00:30+00:00,0.0,0.0,0.0,0.0
Oasis - Henderson Avenue,167.0,10.0,75.06,2025-06-18 02:15:30+00:00,0.0,0.0,0.0,0.0
Oasis - Henderson Avenue,167.0,10.0,75.06,2025-06-18 02:30:30+00:00,0.0,0.0,0.0,0.0
Oasis - Henderson Avenue,167.0,10.0,75.06,2025-06-18 02:45:30+00:00,0.0,0.0,0.0,0.0
Oasis - Henderson Avenue,167.0,10.0,75.06,2025-06-18 03:00:30+00:00,0.0,0.0,0.0,0.0
Oasis - Henderson Avenue,167.0,10.0,75.06,2025-06-18 03:15:30+00:00,0.0,0.0,0.0,0.0
Oasis - Henderson Avenue,167.0,10.0,75.06,2025-06-18 03:30:30+00:00,0.0005,0.00025,0.00075,0.0005
Oasis - Henderson Avenue,167.0,10.0,75.06,2025-06-18 03:45:30+00:00,0.0015,0.00125,0.002,0.0015
Oasis - Henderson Avenue,167.0,10.0,75.06,2025-06-18 04:00:30+00:00,0.00425,0.00275,0.006,0.00425
Oasis - Henderson Avenue,167.0,10.0,75.06,2025-06-18 04:15:30+00:00,0.0075,0.00375,0.01075,0.0085
Oasis - Henderson Avenue,167.0,10.0,75.06,2025-06-18 04:30:30+00:00,0.011,0.006,0.0175,0.01225
Oasis - Henderson Avenue,167.0,10.0,75.06,2025-06-18 04:45:30+00:00,0.01625,0.01025,0.025,0.018
Oasis - Henderson Avenue,167.0,10.0,75.06,2025-06-18 05:00:30+00:00,0.028,0.01525,0.033,0.0305
Oasis - Henderson Avenue,167.0,10.0,75.06,2025-06-18 05:15:30+00:00,0.032,0.0205,0.0425,0.034
Oasis - Henderson Avenue,167.0,10.0,75.06,2025-06-18 05:30:30+00:00,0.036,0.025,0.04825,0.0375
Oasis - Henderson Avenue,167.0,10.0,75.06,2025-06-18 05:45:30+00:00,0.0415,0.03125,0.053,0.0425
Oasis - Henderson Avenue,167.0,10.0,75.06,2025-06-18 06:00:30+00:00,0.04825,0.03875,0.062,0.049
Oasis - Henderson Avenue,167.0,10.0,75.06,2025-06-18 06:15:30+00:00,0.0615,0.04425,0.07525,0.0615
Oasis - Henderson Avenue,167.0,10.0,75.06,2025-06-18 06:30:30+00:00,0.069,0.0535,0.091,0.0685
Oasis - Henderson Avenue,167.0,10.0,75.06,2025-06-18 06:45:30+00:00,0.0865,0.065,0.10725,0.0845
Oasis - Henderson Avenue,167.0,10.0,75.06,2025-06-18 07:00:30+00:00,0.103,0.0825,0.11975,0.099
Oasis - Henderson Avenue,167.0,10.0,75.06,2025-06-18 07:15:30+00:00,0.1145,0.0985,0.13075,0.10925
Oasis - Henderson Avenue,167.0,10.0,75.06,2025-06-18 07:30:30+00:00,0.126,0.11425,0.13825,0.1195
Oasis - Henderson Avenue,167.0,10.0,75.06,2025-06-18 07:45:30+00:00,0.138,0.128,0.1475,0.12975
Oasis - Henderson Avenue,167.0,10.0,75.06,2025-06-18 08:00:30+00:00,0.14925,0.1365,0.16025,0.13975
Oasis - Henderson Avenue,167.0,10.0,75.06,2025-06-18 08:15:30+00:00,0.15775,0.13875,0.176,0.14725
Oasis - Henderson Avenue,167.0,10.0,75.06,2025-06-18 08:30:30+00:00,0.1655,0.13275,0.18575,0.15425
Oasis - Henderson Avenue,167.0,10.0,75.06,2025-06-18 08:45:30+00:00,0.163,0.12375,0.195,0.152
Oasis - Henderson Avenue,167.0,10.0,75.06,2025-06-18 09:00:30+00:00,0.1545,0.118,0.19325,0.14525
Oasis - Henderson Avenue,167.0,10.0,75.06,2025-06-18 09:15:30+00:00,0.15025,0.126,0.188,0.1415
Oasis - Henderson Avenue,167.0,10.0,75.06,2025-06-18 09:30:30+00:00,0.16675,0.14,0.18925,0.15625
Oasis - Henderson Avenue,167.0,10.0,75.06,2025-06-18 09:45:30+00:00,0.17775,0.1555,0.19525,0.16475
Oasis - Henderson Avenue,167.0,10.0,75.06,2025-06-18 10:00:30+00:00,0.17875,0.15875,0.1955,0.167
Oasis - Henderson Avenue,167.0,10.0,75.06,2025-06-18 10:15:30+00:00,0.17575,0.16275,0.19475,0.1645
Oasis - Henderson Avenue,167.0,10.0,75.06,2025-06-18 10:30:30+00:00,0.18225,0.166,0.19575,0.17025
Oasis - Henderson Avenue,167.0,10.0,75.06,2025-06-18 10:45:30+00:00,0.18425,0.17075,0.2,0.17225
Oasis - Henderson Avenue,167.0,10.0,75.06,2025-06-18 11:00:30+00:00,0.18975,0.17,0.20575,0.1775
Oasis - Henderson Avenue,167.0,10.0,75.06,2025-06-18 11:15:30+00:00,0.1895,0.16925,0.2155,0.17725
Oasis - Henderson Avenue,167.0,10.0,75.06,2025-06-18 11:30:30+00:00,0.19925,0.1715,0.2275,0.18525
Oasis - Henderson Avenue,167.0,10.0,75.06,2025-06-18 11:45:30+00:00,0.208,0.1795,0.2345,0.1935
Oasis - Henderson Avenue,167.0,10.0,75.06,2025-06-18 12:00:30+00:00,0.2135,0.1885,0.235,0.19875
Oasis - Henderson Avenue,167.0,10.0,75.06,2025-06-18 12:15:30+00:00,0.21325,0.19025,0.23375,0.199
Oasis - Henderson Avenue,167.0,10.0,75.06,2025-06-18 12:30:30+00:00,0.209,0.18525,0.22975,0.19575
Oasis - Henderson Avenue,167.0,10.0,75.06,2025-06-18 12:45:30+00:00,0.19975,0.17025,0.22775,0.18775
Oasis - Henderson Avenue,167.0,10.0,75.06,2025-06-18 13:00:30+00:00,0.1865,0.1615,0.228,0.17725
Oasis - Henderson Avenue,167.0,10.0,75.06,2025-06-18 13:15:30+00:00,0.2,0.16,0.23725,0.1895
Oasis - Henderson Avenue,167.0,10.0,75.06,2025-06-18 13:30:30+00:00,0.20775,0.1705,0.2335,0.19675
Oasis - Henderson Avenue,167.0,10.0,75.06,2025-06-18 13:45:30+00:00,0.20675,0.17975,0.227,0.1965
Oasis - Henderson Avenue,167.0,10.0,75.06,2025-06-18 14:00:30+00:00,0.201,0.18425,0.2155,0.19225
Oasis - Henderson Avenue,167.0,10.0,75.06,2025-06-18 14:15:30+00:00,0.19175,0.1815,0.203,0.1845
Oasis - Henderson Avenue,167.0,10.0,75.06,2025-06-18 14:30:30+00:00,0.184,0.17425,0.1925,0.17825
Oasis - Henderson Avenue,167.0,10.0,75.06,2025-06-18 14:45:30+00:00,0.1745,0.16625,0.18325,0.17025
Oasis - Henderson Avenue,167.0,10.0,75.06,2025-06-18 15:00:30+00:00,0.16575,0.158,0.174,0.163
Oasis - Henderson Avenue,167.0,10.0,75.06,2025-06-18 15:15:30+00:00,0.158,0.14975,0.16525,0.15675
Oasis - Henderson Avenue,167.0,10.0,75.06,2025-06-18 15:30:30+00:00,0.14875,0.1415,0.15525,0.14925
Oasis - Henderson Avenue,167.0,10.0,75.06,2025-06-18 15:45:30+00:00,0.13825,0.1325,0.14425,0.14025
Oasis - Henderson Avenue,167.0,10.0,75.06,2025-06-18 16:00:30+00:00,0.12825,0.123,0.13325,0.13175
Oasis - Henderson Avenue,167.0,10.0,75.06,2025-06-18 16:15:30+00:00,0.11775,0.113,0.1225,0.1225
Oasis - Henderson Avenue,167.0,10.0,75.06,2025-06-18 16:30:30+00:00,0.10725,0.10275,0.11175,0.11325
Oasis - Henderson Avenue,167.0,10.0,75.06,2025-06-18 16:45:30+00:00,0.0965,0.0925,0.10075,0.10375
Oasis - Henderson Avenue,167.0,10.0,75.06,2025-06-18 17:00:30+00:00,0.086,0.0825,0.08975,0.09425
Oasis - Henderson Avenue,167.0,10.0,75.06,2025-06-18 17:15:30+00:00,0.07575,0.072,0.07975,0.08475
Oasis - Henderson Avenue,167.0,10.0,75.06,2025-06-18 17:30:30+00:00,0.06575,0.06125,0.07025,0.0755
Oasis - Henderson Avenue,167.0,10.0,75.06,2025-06-18 17:45:30+00:00,0.056,0.0505,0.06125,0.06625
Oasis - Henderson Avenue,167.0,10.0,75.06,2025-06-18 18:00:30+00:00,0.04625,0.0405,0.0515,0.057
Oasis - Henderson Avenue,167.0,10.0,75.06,2025-06-18 18:15:30+00:00,0.03725,0.0315,0.04175,0.048
Oasis - Henderson Avenue,167.0,10.0,75.06,2025-06-18 18:30:30+00:00,0.02875,0.02325,0.03275,0.039
Oasis - Henderson Avenue,167.0,10.0,75.06,2025-06-18 18:45:30+00:00,0.0215,0.0165,0.025,0.03075
Oasis - Henderson Avenue,167.0,10.0,75.06,2025-06-18 19:00:30+00:00,0.015,0.011,0.01775,0.02275
Oasis - Henderson Avenue,167.0,10.0,75.06,2025-06-18 19:15:30+00:00,0.0095,0.00675,0.01175,0.0155
Oasis - Henderson Avenue,167.0,10.0,75.06,2025-06-18 19:30:30+00:00,0.00675,0.00475,0.00875,0.0095
Oasis - Henderson Avenue,167.0,10.0,75.06,2025-06-18 19:45:30+00:00,0.00425,0.00325,0.0055,0.00475
Oasis - Henderson Avenue,167.0,10.0,75.06,2025-06-18 20:00:30+00:00,0.002,0.0015,0.0025,0.002
Oasis - Henderson Avenue,167.0,10.0,75.06,2025-06-18 20:15:30+00:00,0.0005,0.00025,0.0005,0.0005
Oasis - Henderson Avenue,167.0,10.0,75.06,2025-06-18 20:30:30+00:00,0.0,0.0,0.0,0.0
Oasis - Henderson Avenue,167.0,10.0,75.06,2025-06-18 20:45:30+00:00,0.0,0.0,0.0,0.0
Oasis - Henderson Avenue,167.0,10.0,75.06,2025-06-18 21:00:30+00:00,0.0,0.0,0.0,0.0
Oasis - Henderson Avenue,167.0,10.0,75.06,2025-06-18 21:15:30+00:00,0.0,0.0,0.0,0.0
Oasis - Henderson Avenue,167.0,10.0,75.06,2025-06-18 21:30:30+00:00,0.0,0.0,0.0,0.0
Oasis - Henderson Avenue,167.0,10.0,75.06,2025-06-18 21:45:30+00:00,0.0,0.0,0.0,0.0
Oasis - Henderson Avenue,167.0,10.0,75.06,2025-06-18 22:00:30+00:00,0.0,0.0,0.0,0.0
Oasis - Henderson Avenue,167.0,10.0,75.06,2025-06-18 22:15:30+00:00,0.0,0.0,0.0,0.0
Oasis - Henderson Avenue,167.0,10.0,75.06,2025-06-18 22:30:30+00:00,0.0,0.0,0.0,0.0
Oasis - Henderson Avenue,167.0,10.0,75.06,2025-06-18 22:45:30+00:00,0.0,0.0,0.0,0.0
Oasis - Henderson Avenue,167.0,10.0,75.06,2025-06-18 23:00:30+00:00,0.0,0.0,0.0,0.0
Oasis - Henderson Avenue,167.0,10.0,75.06,2025-06-18 23:15:30+00:00,0.0,0.0,0.0,0.0
Oasis - Henderson Avenue,167.0,10.0,75.06,2025-06-18 23:30:30+00:00,0.0,0.0,0.0,0.0
Oasis - Henderson Avenue,167.0,10.0,75.06,2025-06-18 23:45:30+00:00,0.0,0.0,0.0,0.0
Oasis - Henderson Avenue,167.0,10.0,75.06,2025-06-19 00:00:30+00:00,0.0,0.0,0.0,0.0
Oasis - Henderson Avenue,167.0,10.0,75.06,2025-06-19 00:15:30+00:00,0.0,0.0,0.0,0.0
Oasis - Henderson Avenue,167.0,10.0,75.06,2025-06-19 00:30:30+00:00,0.0,0.0,0.0,0.0
Oasis - Henderson Avenue,167.0,10.0,75.06,2025-06-19 00:45:30+00:00,0.0,0.0,0.0,0.0
Oasis - Henderson Avenue,167.0,10.0,75.06,2025-06-19 01:00:30+00:00,0.0,0.0,0.0,0.0
Oasis - Henderson Avenue,167.0,10.0,75.06,2025-06-19 01:15:30+00:00,0.0,0.0,0.0,0.0
Oasis - Henderson Avenue,167.0,10.0,75.06,2025-06-19 01:30:30+00:00,0.0,0.0,0.0,0.0
Oasis - Henderson Avenue,167.0,10.0,75.06,2025-06-19 01:45:30+00:00,0.0,0.0,0.0,0.0
Oasis - Henderson Avenue,167.0,10.0,75.06,2025-06-19 02:00:30+00:00,0.0,0.0,0.0,0.0
Oasis - Henderson Avenue,167.0,10.0,75.06,2025-06-19 02:15:30+00:00,0.0,0.0,0.0,0.0
Oasis - Henderson Avenue,167.0,10.0,75.06,2025-06-19 02:30:30+00:00,0.0,0.0,0.0,0.0
Oasis - Henderson Avenue,167.0,10.0,75.06,2025-06-19 02:45:30+00:00,0.0,0.0,0.0,0.0
Oasis - Henderson Avenue,167.0,10.0,75.06,2025-06-19 03:00:30+00:00,0.0,0.0,0.0,0.0
Oasis - Henderson Avenue,167.0,10.0,75.06,2025-06-19 03:15:30+00:00,0.0,0.0,0.0,0.0
Oasis - Henderson Avenue,167.0,10.0,75.06,2025-06-19 03:30:30+00:00,0.0005,0.0005,0.00075,0.0005
Oasis - Henderson Avenue,167.0,10.0,75.06,2025-06-19 03:45:30+00:00,0.0015,0.00125,0.00225,0.0015
Oasis - Henderson Avenue,167.0,10.0,75.06,2025-06-19 04:00:30+00:00,0.0045,0.00275,0.00625,0.00475
Oasis - Henderson Avenue,167.0,10.0,75.06,2025-06-19 04:15:30+00:00,0.00775,0.005,0.011,0.009
Oasis - Henderson Avenue,167.0,10.0,75.06,2025-06-19 04:30:30+00:00,0.0125,0.00825,0.01725,0.01475
Oasis - Henderson Avenue,167.0,10.0,75.06,2025-06-19 04:45:30+00:00,0.019,0.013,0.025,0.02175
Oasis - Henderson Avenue,167.0,10.0,75.06,2025-06-19 05:00:30+00:00,0.02625,0.01925,0.0335,0.02925
Oasis - Henderson Avenue,167.0,10.0,75.06,2025-06-19 05:15:30+00:00,0.035,0.02675,0.043,0.0375
Oasis - Henderson Avenue,167.0,10.0,75.06,2025-06-19 05:30:30+00:00,0.0445,0.036,0.0535,0.04675
Oasis - Henderson Avenue,167.0,10.0,75.06,2025-06-19 05:45:30+00:00,0.0545,0.04625,0.063,0.056
Oasis - Henderson Avenue,167.0,10.0,75.06,2025-06-19 06:00:30+00:00,0.065,0.05725,0.0725,0.06525
Oasis - Henderson Avenue,167.0,10.0,75.06,2025-06-19 06:15:30+00:00,0.07525,0.06875,0.082,0.0745
Oasis - Henderson Avenue,167.0,10.0,75.06,2025-06-19 06:30:30+00:00,0.086,0.08,0.092,0.084
Oasis - Henderson Avenue,167.0,10.0,75.06,2025-06-19 06:45:30+00:00,0.09675,0.091,0.103,0.09375
Oasis - Henderson Avenue,167.0,10.0,75.06,2025-06-19 07:00:30+00:00,0.108,0.1015,0.11425,0.1035
Oasis - Henderson Avenue,167.0,10.0,75.06,2025-06-19 07:15:30+00:00,0.119,0.11225,0.1255,0.11325
Oasis - Henderson Avenue,167.0,10.0,75.06,2025-06-19 07:30:30+00:00,0.12975,0.12275,0.1365,0.12275
Oasis - Henderson Avenue,167.0,10.0,75.06,2025-06-19 07:45:30+00:00,0.14075,0.1335,0.14825,0.13175
Oasis - Henderson Avenue,167.0,10.0,75.06,2025-06-19 08:00:30+00:00,0.15125,0.14325,0.15925,0.141
Oasis - Henderson Avenue,167.0,10.0,75.06,2025-06-19 08:15:30+00:00,0.16175,0.15325,0.17,0.15
Oasis - Henderson Avenue,167.0,10.0,75.06,2025-06-19 08:30:30+00:00,0.17175,0.163,0.18,0.159
Oasis - Henderson Avenue,167.0,10.0,75.06,2025-06-19 08:45:30+00:00,0.18125,0.1725,0.18925,0.16725
Oasis - Henderson Avenue,167.0,10.0,75.06,2025-06-19 09:00:30+00:00,0.18975,0.1815,0.19775,0.17475
Oasis - Henderson Avenue,167.0,10.0,75.06,2025-06-19 09:15:30+00:00,0.19775,0.1895,0.20575,0.18175
Oasis - Henderson Avenue,167.0,10.0,75.06,2025-06-19 09:30:30+00:00,0.205,0.1965,0.21325,0.18825
Oasis - Henderson Avenue,167.0,10.0,75.06,2025-06-19 09:45:30+00:00,0.21175,0.203,0.22025,0.19425
Oasis - Henderson Avenue,167.0,10.0,75.06,2025-06-19 10:00:30+00:00,0.218,0.20875,0.2265,0.19975
Oasis - Henderson Avenue,167.0,10.0,75.06,2025-06-19 10:15:30+00:00,0.22325,0.214,0.23225,0.20475
Oasis - Henderson Avenue,167.0,10.0,75.06,2025-06-19 10:30:30+00:00,0.228,0.21875,0.23675,0.209
Oasis - Henderson Avenue,167.0,10.0,75.06,2025-06-19 10:45:30+00:00,0.23175,0.2225,0.24025,0.2125
Oasis - Henderson Avenue,167.0,10.0,75.06,2025-06-19 11:00:30+00:00,0.23425,0.22525,0.243,0.21525
Oasis - Henderson Avenue,167.0,10.0,75.06,2025-06-19 11:15:30+00:00,0.236,0.227,0.24475,0.21725
Oasis - Henderson Avenue,167.0,10.0,75.06,2025-06-19 11:30:30+00:00,0.23725,0.228,0.24575,0.21875
Oasis - Henderson Avenue,167.0,10.0,75.06,2025-06-19 11:45:30+00:00,0.23725,0.22825,0.246,0.21925
Oasis - Henderson Avenue,167.0,10.0,75.06,2025-06-19 12:00:30+00:00,0.23675,0.22775,0.2455,0.21925
Oasis - Henderson Avenue,167.0,10.0,75.06,2025-06-19 12:15:30+00:00,0.23525,0.22625,0.244,0.21825
Oasis - Henderson Avenue,167.0,10.0,75.06,2025-06-19 12:30:30+00:00,0.233,0.224,0.2415,0.21675
Oasis - Henderson Avenue,167.0,10.0,75.06,2025-06-19 12:45:30+00:00,0.23,0.22075,0.2385,0.21475
Oasis - Henderson Avenue,167.0,10.0,75.06,2025-06-19 13:00:30+00:00,0.226,0.21675,0.23475,0.21175
Oasis - Henderson Avenue,167.0,10.0,75.06,2025-06-19 13:15:30+00:00,0.22125,0.212,0.22975,0.20825
Oasis - Henderson Avenue,167.0,10.0,75.06,2025-06-19 13:30:30+00:00,0.2155,0.2065,0.224,0.20375
Oasis - Henderson Avenue,167.0,10.0,75.06,2025-06-19 13:45:30+00:00,0.209,0.20075,0.2175,0.19875
Oasis - Henderson Avenue,167.0,10.0,75.06,2025-06-19 14:00:30+00:00,0.2025,0.19425,0.21025,0.1935
Oasis - Henderson Avenue,167.0,10.0,75.06,2025-06-19 14:15:30+00:00,0.195,0.18725,0.2025,0.1875
Oasis - Henderson Avenue,167.0,10.0,75.06,2025-06-19 14:30:30+00:00,0.187,0.1795,0.19425,0.181
Oasis - Henderson Avenue,167.0,10.0,75.06,2025-06-19 14:45:30+00:00,0.1785,0.171,0.1855,0.17425
Oasis - Henderson Avenue,167.0,10.0,75.06,2025-06-19 15:00:30+00:00,0.16925,0.16225,0.176,0.1665
Oasis - Henderson Avenue,167.0,10.0,75.06,2025-06-19 15:15:30+00:00,0.1595,0.153,0.166,0.1585
Oasis - Henderson Avenue,167.0,10.0,75.06,2025-06-19 15:30:30+00:00,0.15,0.14375,0.156,0.15025
Oasis - Henderson Avenue,167.0,10.0,75.06,2025-06-19 15:45:30+00:00,0.14,0.134,0.1455,0.142
Oasis - Henderson Avenue,167.0,10.0,75.06,2025-06-19 16:00:30+00:00,0.1295,0.12375,0.135,0.133
Oasis - Henderson Avenue,167.0,10.0,75.06,2025-06-19 16:15:30+00:00,0.11875,0.113,0.1245,0.1235
Oasis - Henderson Avenue,167.0,10.0,75.06,2025-06-19 16:30:30+00:00,0.108,0.10225,0.1135,0.11425
Oasis - Henderson Avenue,167.0,10.0,75.06,2025-06-19 16:45:30+00:00,0.09725,0.09175,0.10225,0.10475
Oasis - Henderson Avenue,167.0,10.0,75.06,2025-06-19 17:00:30+00:00,0.086,0.08175,0.091,0.09425
Oasis - Henderson Avenue,167.0,10.0,75.06,2025-06-19 17:15:30+00:00,0.07575,0.0715,0.08,0.08525
Oasis - Henderson Avenue,167.0,10.0,75.06,2025-06-19 17:30:30+00:00,0.06575,0.06125,0.0705,0.076
Oasis - Henderson Avenue,167.0,10.0,75.06,2025-06-19 17:45:30+00:00,0.056,0.05075,0.06125,0.06675
Oasis - Henderson Avenue,167.0,10.0,75.06,2025-06-19 18:00:30+00:00,0.0465,0.04075,0.05225,0.05775
Oasis - Henderson Avenue,167.0,10.0,75.06,2025-06-19 18:15:30+00:00,0.03725,0.0315,0.0425,0.04875
Oasis - Henderson Avenue,167.0,10.0,75.06,2025-06-19 18:30:30+00:00,0.02875,0.0235,0.03325,0.04
Oasis - Henderson Avenue,167.0,10.0,75.06,2025-06-19 18:45:30+00:00,0.02125,0.0165,0.0245,0.03175
Oasis - Henderson Avenue,167.0,10.0,75.06,2025-06-19 19:00:30+00:00,0.01425,0.01075,0.01675,0.024
Oasis - Henderson Avenue,167.0,10.0,75.06,2025-06-19 19:15:30+00:00,0.00875,0.00625,0.0105,0.0165
Oasis - Henderson Avenue,167.0,10.0,75.06,2025-06-19 19:30:30+00:00,0.00675,0.00475,0.00825,0.01025
Oasis - Henderson Avenue,167.0,10.0,75.06,2025-06-19 19:45:30+00:00,0.0045,0.0035,0.00575,0.00525
Oasis - Henderson Avenue,167.0,10.0,75.06,2025-06-19 20:00:30+00:00,0.00225,0.0015,0.00275,0.00225
Oasis - Henderson Avenue,167.0,10.0,75.06,2025-06-19 20:15:30+00:00,0.0005,0.00025,0.0005,0.0005
Oasis - Henderson Avenue,167.0,10.0,75.06,2025-06-19 20:30:30+00:00,0.0,0.0,0.0,0.0
Oasis - Henderson Avenue,167.0,10.0,75.06,2025-06-19 20:45:30+00:00,0.0,0.0,0.0,0.0
Oasis - Henderson Avenue,167.0,10.0,75.06,2025-06-19 21:00:30+00:00,0.0,0.0,0.0,0.0
Oasis - Henderson Avenue,167.0,10.0,75.06,2025-06-19 21:15:30+00:00,0.0,0.0,0.0,0.0
Oasis - Henderson Avenue,167.0,10.0,75.06,2025-06-19 21:30:30+00:00,0.0,0.0,0.0,0.0
Oasis - Henderson Avenue,167.0,10.0,75.06,2025-06-19 21:45:30+00:00,0.0,0.0,0.0,0.0
Oasis - Henderson Avenue,167.0,10.0,75.06,2025-06-19 22:00:30+00:00,0.0,0.0,0.0,0.0
Oasis - Henderson Avenue,167.0,10.0,75.06,2025-06-19 22:15:30+00:00,0.0,0.0,0.0,0.0
Oasis - Henderson Avenue,167.0,10.0,75.06,2025-06-19 22:30:30+00:00,0.0,0.0,0.0,0.0
Oasis - Henderson Avenue,167.0,10.0,75.06,2025-06-19 22:45:30+00:00,0.0,0.0,0.0,0.0
Oasis - Henderson Avenue,167.0,10.0,75.06,2025-06-19 23:00:30+00:00,0.0,0.0,0.0,0.0
Oasis - Henderson Avenue,167.0,10.0,75.06,2025-06-19 23:15:30+00:00,0.0,0.0,0.0,0.0
Oasis - Henderson Avenue,167.0,10.0,75.06,2025-06-19 23:30:30+00:00,0.0,0.0,0.0,0.0
Oasis - Henderson Avenue,167.0,10.0,75.06,2025-06-19 23:45:30+00:00,0.0,0.0,0.0,0.0
Oasis - Henderson Avenue,167.0,10.0,75.06,2025-06-20 00:00:30+00:00,0.0,0.0,0.0,0.0
Oasis - Henderson Avenue,167.0,10.0,75.06,2025-06-20 00:15:30+00:00,0.0,0.0,0.0,0.0
Oasis - Henderson Avenue,167.0,10.0,75.06,2025-06-20 00:30:30+00:00,0.0,0.0,0.0,0.0
Oasis - Henderson Avenue,167.0,10.0,75.06,2025-06-20 00:45:30+00:00,0.0,0.0,0.0,0.0
Oasis - Henderson Avenue,167.0,10.0,75.06,2025-06-20 01:00:30+00:00,0.0,0.0,0.0,0.0
Oasis - Henderson Avenue,167.0,10.0,75.06,2025-06-20 01:15:30+00:00,0.0,0.0,0.0,0.0
Oasis - Henderson Avenue,167.0,10.0,75.06,2025-06-20 01:30:30+00:00,0.0,0.0,0.0,0.0
Oasis - Henderson Avenue,167.0,10.0,75.06,2025-06-20 01:45:30+00:00,0.0,0.0,0.0,0.0
Oasis - Henderson Avenue,167.0,10.0,75.06,2025-06-20 02:00:30+00:00,0.0,0.0,0.0,0.0
Oasis - Henderson Avenue,167.0,10.0,75.06,2025-06-20 02:15:30+00:00,0.0,0.0,0.0,0.0
Oasis - Henderson Avenue,167.0,10.0,75.06,2025-06-20 02:30:30+00:00,0.0,0.0,0.0,0.0
Oasis - Henderson Avenue,167.0,10.0,75.06,2025-06-20 02:45:30+00:00,0.0,0.0,0.0,0.0
Oasis - Henderson Avenue,167.0,10.0,75.06,2025-06-20 03:00:30+00:00,0.0,0.0,0.0,0.0
Oasis - Henderson Avenue,167.0,10.0,75.06,2025-06-20 03:15:30+00:00,0.0,0.0,0.0,0.0
Oasis - Henderson Avenue,167.0,10.0,75.06,2025-06-20 03:30:30+00:00,0.0005,0.00025,0.00075,0.0005
Oasis - Henderson Avenue,167.0,10.0,75.06,2025-06-20 03:45:30+00:00,0.00125,0.001,0.002,0.00125
Oasis - Henderson Avenue,167.0,10.0,75.06,2025-06-20 04:00:30+00:00,0.00375,0.002,0.00625,0.00375
Oasis - Henderson Avenue,167.0,10.0,75.06,2025-06-20 04:15:30+00:00,0.007,0.004,0.01125,0.0075
Oasis - Henderson Avenue,167.0,10.0,75.06,2025-06-20 04:30:30+00:00,0.01175,0.007,0.01775,0.013
Oasis - Henderson Avenue,167.0,10.0,75.06,2025-06-20 04:45:30+00:00,0.018,0.01125,0.0245,0.02025
Oasis - Henderson Avenue,167.0,10.0,75.06,2025-06-20 05:00:30+00:00,0.02575,0.01775,0.03275,0.02825
Oasis - Henderson Avenue,167.0,10.0,75.06,2025-06-20 05:15:30+00:00,0.03375,0.026,0.04225,0.03625
Oasis - Henderson Avenue,167.0,10.0,75.06,2025-06-20 05:30:30+00:00,0.04325,0.035,0.05075,0.04525
Oasis - Henderson Avenue,167.0,10.0,75.06,2025-06-20 05:45:30+00:00,0.05175,0.04275,0.0605,0.053
Oasis - Henderson Avenue,167.0,10.0,75.06,2025-06-20 06:00:30+00:00,0.05975,0.0495,0.07,0.0605
Oasis - Henderson Avenue,167.0,10.0,75.06,2025-06-20 06:15:30+00:00,0.0675,0.05325,0.07875,0.0675
Oasis - Henderson Avenue,167.0,10.0,75.06,2025-06-20 06:30:30+00:00,0.06975,0.0575,0.08525,0.06925
Oasis - Henderson Avenue,167.0,10.0,75.06,2025-06-20 06:45:30+00:00,0.07675,0.063,0.089,0.0755
Oasis - Henderson Avenue,167.0,10.0,75.06,2025-06-20 07:00:30+00:00,0.08125,0.07125,0.09475,0.07975
Oasis - Henderson Avenue,167.0,10.0,75.06,2025-06-20 07:15:30+00:00,0.09125,0.08025,0.10425,0.089
Oasis - Henderson Avenue,167.0,10.0,75.06,2025-06-20 07:30:30+00:00,0.10475,0.086,0.11725,0.1005
Oasis - Henderson Avenue,167.0,10.0,75.06,2025-06-20 07:45:30+00:00,0.10675,0.08575,0.126,0.103
Oasis - Henderson Avenue,167.0,10.0,75.06,2025-06-20 08:00:30+00:00,0.1065,0.08575,0.129,0.10275
Oasis - Henderson Avenue,167.0,10.0,75.06,2025-06-20 08:15:30+00:00,0.10875,0.0875,0.13075,0.10475
Oasis - Henderson Avenue,167.0,10.0,75.06,2025-06-20 08:30:30+00:00,0.112,0.09375,0.135,0.10775
Oasis - Henderson Avenue,167.0,10.0,75.06,2025-06-20 08:45:30+00:00,0.1225,0.1035,0.146,0.11725
Oasis - Henderson Avenue,167.0,10.0,75.06,2025-06-20 09:00:30+00:00,0.13975,0.1155,0.15675,0.13325
Oasis - Henderson Avenue,167.0,10.0,75.06,2025-06-20 09:15:30+00:00,0.1455,0.12075,0.169,0.1385
Oasis - Henderson Avenue,167.0,10.0,75.06,2025-06-20 09:30:30+00:00,0.14875,0.12075,0.1765,0.14125
Oasis - Henderson Avenue,167.0,10.0,75.06,2025-06-20 09:45:30+00:00,0.151,0.105,0.184,0.1435
Oasis - Henderson Avenue,167.0,10.0,75.06,2025-06-20 10:00:30+00:00,0.1325,0.095,0.18825,0.1265
Oasis - Henderson Avenue,167.0,10.0,75.06,2025-06-20 10:15:30+00:00,0.14175,0.09675,0.21125,0.13475
Oasis - Henderson Avenue,167.0,10.0,75.06,2025-06-20 10:30:30+00:00,0.1905,0.1085,0.22975,0.178
Oasis - Henderson Avenue,167.0,10.0,75.06,2025-06-20 10:45:30+00:00,0.171,0.13375,0.24425,0.16025
Oasis - Henderson Avenue,167.0,10.0,75.06,2025-06-20 11:00:30+00:00,0.2075,0.1465,0.241,0.19225
Oasis - Henderson Avenue,167.0,10.0,75.06,2025-06-20 11:15:30+00:00,0.1985,0.16125,0.241,0.18575
Oasis - Henderson Avenue,167.0,10.0,75.06,2025-06-20 11:30:30+00:00,0.2,0.163,0.24425,0.186
Oasis - Henderson Avenue,167.0,10.0,75.06,2025-06-20 11:45:30+00:00,0.2105,0.15225,0.2405,0.196
Oasis - Henderson Avenue,167.0,10.0,75.06,2025-06-20 12:00:30+00:00,0.176,0.13925,0.23325,0.16575
Oasis - Henderson Avenue,167.0,10.0,75.06,2025-06-20 12:15:30+00:00,0.17375,0.1385,0.23825,0.16425
Oasis - Henderson Avenue,167.0,10.0,75.06,2025-06-20 12:30:30+00:00,0.2165,0.14875,0.24875,0.203
Oasis - Henderson Avenue,167.0,10.0,75.06,2025-06-20 12:45:30+00:00,0.20275,0.15675,0.2485,0.19075
Oasis - Henderson Avenue,167.0,10.0,75.06,2025-06-20 13:00:30+00:00,0.1865,0.15025,0.2265,0.17725
Oasis - Henderson Avenue,167.0,10.0,75.06,2025-06-20 13:15:30+00:00,0.1765,0.14475,0.211,0.1685
Oasis - Henderson Avenue,167.0,10.0,75.06,2025-06-20 13:30:30+00:00,0.17,0.1435,0.20825,0.163
Oasis - Henderson Avenue,167.0,10.0,75.06,2025-06-20 13:45:30+00:00,0.18175,0.14375,0.21675,0.174
Oasis - Henderson Avenue,167.0,10.0,75.06,2025-06-20 14:00:30+00:00,0.18725,0.1505,0.21775,0.17975
Oasis - Henderson Avenue,167.0,10.0,75.06,2025-06-20 14:15:30+00:00,0.18275,0.157,0.20975,0.17625
Oasis - Henderson Avenue,167.0,10.0,75.06,2025-06-20 14:30:30+00:00,0.18,0.16125,0.196,0.17475
Oasis - Henderson Avenue,167.0,10.0,75.06,2025-06-20 14:45:30+00:00,0.173,0.16075,0.184,0.16925
Oasis - Henderson Avenue,167.0,10.0,75.06,2025-06-20 15:00:30+00:00,0.164,0.15525,0.17325,0.1615
Oasis - Henderson Avenue,167.0,10.0,75.06,2025-06-20 15:15:30+00:00,0.156,0.14825,0.16225,0.155
Oasis - Henderson Avenue,167.0,10.0,75.06,2025-06-20 15:30:30+00:00,0.146,0.1365,0.1555,0.1465
Oasis - Henderson Avenue,167.0,10.0,75.06,2025-06-20 15:45:30+00:00,0.13625,0.12425,0.148,0.138
Oasis - Henderson Avenue,167.0,10.0,75.06,2025-06-20 16:00:30+00:00,0.12625,0.1095,0.13725,0.1295
Oasis - Henderson Avenue,167.0,10.0,75.06,2025-06-20 16:15:30+00:00,0.108,0.098,0.124,0.112
Oasis - Henderson Avenue,167.0,10.0,75.06,2025-06-20 16:30:30+00:00,0.09875,0.0855,0.11275,0.10375
Oasis - Henderson Avenue,167.0,10.0,75.06,2025-06-20 16:45:30+00:00,0.09025,0.07525,0.10325,0.09625
Oasis - Henderson Avenue,167.0,10.0,75.06,2025-06-20 17:00:30+00:00,0.079,0.0635,0.091,0.08525
Oasis - Henderson Avenue,167.0,10.0,75.06,2025-06-20 17:15:30+00:00,0.06325,0.054,0.07825,0.0685
Oasis - Henderson Avenue,167.0,10.0,75.06,2025-06-20 17:30:30+00:00,0.0555,0.04475,0.068,0.06125
Oasis - Henderson Avenue,167.0,10.0,75.06,2025-06-20 17:45:30+00:00,0.04975,0.039,0.06075,0.057
Oasis - Henderson Avenue,167.0,10.0,75.06,2025-06-20 18:00:30+00:00,0.044,0.03375,0.0535,0.0525
Oasis - Henderson Avenue,167.0,10.0,75.06,2025-06-20 18:15:30+00:00,0.0375,0.028,0.0435,0.047
Oasis - Henderson Avenue,167.0,10.0,75.06,2025-06-20 18:30:30+00:00,0.02825,0.0225,0.035,0.0365
Oasis - Henderson Avenue,167.0,10.0,75.06,2025-06-20 18:45:30+00:00,0.02225,0.0155,0.02625,0.03025
Oasis - Henderson Avenue,167.0,10.0,75.06,2025-06-20 19:00:30+00:00,0.01525,0.01025,0.01925,0.0215
Oasis - Henderson Avenue,167.0,10.0,75.06,2025-06-20 19:15:30+00:00,0.01,0.0065,0.014,0.014
Oasis - Henderson Avenue,167.0,10.0,75.06,2025-06-20 19:30:30+00:00,0.00725,0.00425,0.01025,0.00875
Oasis - Henderson Avenue,167.0,10.0,75.06,2025-06-20 19:45:30+00:00,0.00425,0.00275,0.006,0.00425
Oasis - Henderson Avenue,167.0,10.0,75.06,2025-06-20 20:00:30+00:00,0.00175,0.00125,0.0025,0.002
Oasis - Henderson Avenue,167.0,10.0,75.06,2025-06-20 20:15:30+00:00,0.00025,0.00025,0.0005,0.00025
Oasis - Henderson Avenue,167.0,10.0,75.06,2025-06-20 20:30:30+00:00,0.0,0.0,0.0,0.0
Oasis - Henderson Avenue,167.0,10.0,75.06,2025-06-20 20:45:30+00:00,0.0,0.0,0.0,0.0
Oasis - Henderson Avenue,167.0,10.0,75.06,2025-06-20 21:00:30+00:00,0.0,0.0,0.0,0.0
Oasis - Henderson Avenue,167.0,10.0,75.06,2025-06-20 21:15:30+00:00,0.0,0.0,0.0,0.0
Oasis - Henderson Avenue,167.0,10.0,75.06,2025-06-20 21:30:30+00:00,0.0,0.0,0.0,0.0
Oasis - Henderson Avenue,167.0,10.0,75.06,2025-06-20 21:45:30+00:00,0.0,0.0,0.0,0.0
Oasis - Henderson Avenue,167.0,10.0,75.06,2025-06-20 22:00:30+00:00,0.0,0.0,0.0,0.0
Oasis - Henderson Avenue,167.0,10.0,75.06,2025-06-20 22:15:30+00:00,0.0,0.0,0.0,0.0
Oasis - Henderson Avenue,167.0,10.0,75.06,2025-06-20 22:30:30+00:00,0.0,0.0,0.0,0.0
Oasis - Henderson Avenue,167.0,10.0,75.06,2025-06-20 22:45:30+00:00,0.0,0.0,0.0,0.0
Oasis - Henderson Avenue,167.0,10.0,75.06,2025-06-20 23:00:30+00:00,0.0,0.0,0.0,0.0
Oasis - Henderson Avenue,167.0,10.0,75.06,2025-06-20 23:15:30+00:00,0.0,0.0,0.0,0.0
Oasis - Henderson Avenue,167.0,10.0,75.06,2025-06-20 23:30:30+00:00,0.0,0.0,0.0,0.0
Oasis - Henderson Avenue,167.0,10.0,75.06,2025-06-20 23:45:30+00:00,0.0,0.0,0.0,0.0
Oasis - Henderson Avenue,167.0,10.0,75.06,2025-06-21 00:00:30+00:00,0.0,0.0,0.0,0.0
Oasis - Henderson Avenue,167.0,10.0,75.06,2025-06-21 00:15:30+00:00,0.0,0.0,0.0,0.0
Oasis - Henderson Avenue,167.0,10.0,75.06,2025-06-21 00:30:30+00:00,0.0,0.0,0.0,0.0
Oasis - Henderson Avenue,167.0,10.0,75.06,2025-06-21 00:45:30+00:00,0.0,0.0,0.0,0.0
Oasis - Henderson Avenue,167.0,10.0,75.06,2025-06-21 01:00:30+00:00,0.0,0.0,0.0,0.0
Oasis - Henderson Avenue,167.0,10.0,75.06,2025-06-21 01:15:30+00:00,0.0,0.0,0.0,0.0
Oasis - Henderson Avenue,167.0,10.0,75.06,2025-06-21 01:30:30+00:00,0.0,0.0,0.0,0.0
Oasis - Henderson Avenue,167.0,10.0,75.06,2025-06-21 01:45:30+00:00,0.0,0.0,0.0,0.0
Oasis - Henderson Avenue,167.0,10.0,75.06,2025-06-21 02:00:30+00:00,0.0,0.0,0.0,0.0
Oasis - Henderson Avenue,167.0,10.0,75.06,2025-06-21 02:15:30+00:00,0.0,0.0,0.0,0.0
Oasis - Henderson Avenue,167.0,10.0,75.06,2025-06-21 02:30:30+00:00,0.0,0.0,0.0,0.0
Oasis - Henderson Avenue,167.0,10.0,75.06,2025-06-21 02:45:30+00:00,0.0,0.0,0.0,0.0
Oasis - Henderson Avenue,167.0,10.0,75.06,2025-06-21 03:00:30+00:00,0.0,0.0,0.0,0.0
Oasis - Henderson Avenue,167.0,10.0,75.06,2025-06-21 03:15:30+00:00,0.0,0.0,0.0,0.0
Oasis - Henderson Avenue,167.0,10.0,75.06,2025-06-21 03:30:30+00:00,0.00075,0.0005,0.00075,0.00075
Oasis - Henderson Avenue,167.0,10.0,75.06,2025-06-21 03:45:30+00:00,0.00175,0.0015,0.002,0.00175
Oasis - Henderson Avenue,167.0,10.0,75.06,2025-06-21 04:00:30+00:00,0.00425,0.003,0.00525,0.00525
Oasis - Henderson Avenue,167.0,10.0,75.06,2025-06-21 04:15:30+00:00,0.008,0.00575,0.0095,0.0105
Oasis - Henderson Avenue,167.0,10.0,75.06,2025-06-21 04:30:30+00:00,0.014,0.01025,0.016,0.01725
Oasis - Henderson Avenue,167.0,10.0,75.06,2025-06-21 04:45:30+00:00,0.02125,0.016,0.0235,0.025
Oasis - Henderson Avenue,167.0,10.0,75.06,2025-06-21 05:00:30+00:00,0.02925,0.02325,0.032,0.033
Oasis - Henderson Avenue,167.0,10.0,75.06,2025-06-21 05:15:30+00:00,0.03775,0.03125,0.04175,0.04075
Oasis - Henderson Avenue,167.0,10.0,75.06,2025-06-21 05:30:30+00:00,0.04725,0.04025,0.052,0.0495
Oasis - Henderson Avenue,167.0,10.0,75.06,2025-06-21 05:45:30+00:00,0.057,0.05025,0.06275,0.0585
Oasis - Henderson Avenue,167.0,10.0,75.06,2025-06-21 06:00:30+00:00,0.06725,0.06125,0.07325,0.06775
Oasis - Henderson Avenue,167.0,10.0,75.06,2025-06-21 06:15:30+00:00,0.0775,0.0725,0.08275,0.077
Oasis - Henderson Avenue,167.0,10.0,75.06,2025-06-21 06:30:30+00:00,0.088,0.0835,0.0925,0.086
Oasis - Henderson Avenue,167.0,10.0,75.06,2025-06-21 06:45:30+00:00,0.09825,0.09425,0.1025,0.09525
Oasis - Henderson Avenue,167.0,10.0,75.06,2025-06-21 07:00:30+00:00,0.109,0.1045,0.1135,0.1045
Oasis - Henderson Avenue,167.0,10.0,75.06,2025-06-21 07:15:30+00:00,0.1195,0.11475,0.1245,0.11375
Oasis - Henderson Avenue,167.0,10.0,75.06,2025-06-21 07:30:30+00:00,0.13025,0.12475,0.1355,0.12325
Oasis - Henderson Avenue,167.0,10.0,75.06,2025-06-21 07:45:30+00:00,0.14075,0.135,0.1465,0.1325
Oasis - Henderson Avenue,167.0,10.0,75.06,2025-06-21 08:00:30+00:00,0.1515,0.14525,0.1575,0.14125
Oasis - Henderson Avenue,167.0,10.0,75.06,2025-06-21 08:15:30+00:00,0.16125,0.154,0.168,0.14975
Oasis - Henderson Avenue,167.0,10.0,75.06,2025-06-21 08:30:30+00:00,0.17,0.162,0.17775,0.1575
Oasis - Henderson Avenue,167.0,10.0,75.06,2025-06-21 08:45:30+00:00,0.17825,0.16925,0.18675,0.16475
Oasis - Henderson Avenue,167.0,10.0,75.06,2025-06-21 09:00:30+00:00,0.1855,0.17675,0.195,0.171
Oasis - Henderson Avenue,167.0,10.0,75.06,2025-06-21 09:15:30+00:00,0.19375,0.18375,0.202,0.17825
Oasis - Henderson Avenue,167.0,10.0,75.06,2025-06-21 09:30:30+00:00,0.19925,0.19075,0.209,0.18325
Oasis - Henderson Avenue,167.0,10.0,75.06,2025-06-21 09:45:30+00:00,0.20675,0.19725,0.2155,0.19
Oasis - Henderson Avenue,167.0,10.0,75.06,2025-06-21 10:00:30+00:00,0.2125,0.2025,0.22125,0.195
Oasis - Henderson Avenue,167.0,10.0,75.06,2025-06-21 10:15:30+00:00,0.21625,0.20725,0.226,0.1985
Oasis - Henderson Avenue,167.0,10.0,75.06,2025-06-21 10:30:30+00:00,0.22075,0.21,0.231,0.20275
Oasis - Henderson Avenue,167.0,10.0,75.06,2025-06-21 10:45:30+00:00,0.2245,0.20925,0.239,0.20625
Oasis - Henderson Avenue,167.0,10.0,75.06,2025-06-21 11:00:30+00:00,0.227,0.2025,0.24825,0.20875
Oasis - Henderson Avenue,167.0,10.0,75.06,2025-06-21 11:15:30+00:00,0.2235,0.188,0.255,0.20675
Oasis - Henderson Avenue,167.0,10.0,75.06,2025-06-21 11:30:30+00:00,0.21425,0.1745,0.25325,0.19875
Oasis - Henderson Avenue,167.0,10.0,75.06,2025-06-21 11:45:30+00:00,0.2035,0.1625,0.244,0.1895
Oasis - Henderson Avenue,167.0,10.0,75.06,2025-06-21 12:00:30+00:00,0.18975,0.158,0.23425,0.1785
Oasis - Henderson Avenue,167.0,10.0,75.06,2025-06-21 12:15:30+00:00,0.196,0.164,0.23825,0.18475
Oasis - Henderson Avenue,167.0,10.0,75.06,2025-06-21 12:30:30+00:00,0.21825,0.1685,0.241,0.2045
Oasis - Henderson Avenue,167.0,10.0,75.06,2025-06-21 12:45:30+00:00,0.197,0.1625,0.23825,0.1855
Oasis - Henderson Avenue,167.0,10.0,75.06,2025-06-21 13:00:30+00:00,0.18425,0.152,0.2295,0.17525
Oasis - Henderson Avenue,167.0,10.0,75.06,2025-06-21 13:15:30+00:00,0.193,0.1275,0.23825,0.18275
Oasis - Henderson Avenue,167.0,10.0,75.06,2025-06-21 13:30:30+00:00,0.168,0.099,0.232,0.161
Oasis - Henderson Avenue,167.0,10.0,75.06,2025-06-21 13:45:30+00:00,0.14875,0.059,0.22075,0.1445
Oasis - Henderson Avenue,167.0,10.0,75.06,2025-06-21 14:00:30+00:00,0.10225,0.0415,0.18475,0.10125
Oasis - Henderson Avenue,167.0,10.0,75.06,2025-06-21 14:15:30+00:00,0.08925,0.04325,0.14075,0.089
Oasis - Henderson Avenue,167.0,10.0,75.06,2025-06-21 14:30:30+00:00,0.0835,0.0465,0.122,0.084
Oasis - Henderson Avenue,167.0,10.0,75.06,2025-06-21 14:45:30+00:00,0.0805,0.0445,0.1215,0.0805
Oasis - Henderson Avenue,167.0,10.0,75.06,2025-06-21 15:00:30+00:00,0.0845,0.0205,0.12425,0.08475
Oasis - Henderson Avenue,167.0,10.0,75.06,2025-06-21 15:15:30+00:00,0.0515,0.01275,0.113,0.052
Oasis - Henderson Avenue,167.0,10.0,75.06,2025-06-21 15:30:30+00:00,0.0285,0.012,0.08275,0.029
Oasis - Henderson Avenue,167.0,10.0,75.06,2025-06-21 15:45:30+00:00,0.023,0.01125,0.06675,0.0235
Oasis - Henderson Avenue,167.0,10.0,75.06,2025-06-21 16:00:30+00:00,0.025,0.0105,0.06775,0.0255
Oasis - Henderson Avenue,167.0,10.0,75.06,2025-06-21 16:15:30+00:00,0.02875,0.00975,0.08375,0.02925
Oasis - Henderson Avenue,167.0,10.0,75.06,2025-06-21 16:30:30+00:00,0.0455,0.009,0.10225,0.0465
Oasis - Henderson Avenue,167.0,10.0,75.06,2025-06-21 16:45:30+00:00,0.067,0.01375,0.104,0.07
Oasis - Henderson Avenue,167.0,10.0,75.06,2025-06-21 17:00:30+00:00,0.0635,0.0335,0.0935,0.06725
Oasis - Henderson Avenue,167.0,10.0,75.06,2025-06-21 17:15:30+00:00,0.05925,0.039,0.0745,0.06375
Oasis - Henderson Avenue,167.0,10.0,75.06,2025-06-21 17:30:30+00:00,0.04825,0.03625,0.06325,0.05175
Oasis - Henderson Avenue,167.0,10.0,75.06,2025-06-21 17:45:30+00:00,0.04125,0.028,0.06,0.045
Oasis - Henderson Avenue,167.0,10.0,75.06,2025-06-21 18:00:30+00:00,0.04025,0.02375,0.05575,0.0465
Oasis - Henderson Avenue,167.0,10.0,75.06,2025-06-21 18:15:30+00:00,0.03725,0.02275,0.04425,0.046
Oasis - Henderson Avenue,167.0,10.0,75.06,2025-06-21 18:30:30+00:00,0.0285,0.019,0.03525,0.0365
Oasis - Henderson Avenue,167.0,10.0,75.06,2025-06-21 18:45:30+00:00,0.0205,0.0145,0.028,0.0265
Oasis - Henderson Avenue,167.0,10.0,75.06,2025-06-21 19:00:30+00:00,0.016,0.0085,0.01975,0.0225
Oasis - Henderson Avenue,167.0,10.0,75.06,2025-06-21 19:15:30+00:00,0.01,0.0055,0.01525,0.013
Oasis - Henderson Avenue,167.0,10.0,75.06,2025-06-21 19:30:30+00:00,0.00675,0.003,0.01175,0.00725
Oasis - Henderson Avenue,167.0,10.0,75.06,2025-06-21 19:45:30+00:00,0.0035,0.0015,0.00625,0.00375
Oasis - Henderson Avenue,167.0,10.0,75.06,2025-06-21 20:00:30+00:00,0.0015,0.00075,0.00275,0.0015
Oasis - Henderson Avenue,167.0,10.0,75.06,2025-06-21 20:15:30+00:00,0.00025,0.00025,0.0005,0.00025
Oasis - Henderson Avenue,167.0,10.0,75.06,2025-06-21 20:30:30+00:00,0.0,0.0,0.0,0.0
Oasis - Henderson Avenue,167.0,10.0,75.06,2025-06-21 20:45:30+00:00,0.0,0.0,0.0,0.0
Oasis - Henderson Avenue,167.0,10.0,75.06,2025-06-21 21:00:30+00:00,0.0,0.0,0.0,0.0
Oasis - Henderson Avenue,167.0,10.0,75.06,2025-06-21 21:15:30+00:00,0.0,0.0,0.0,0.0
Oasis - Henderson Avenue,167.0,10.0,75.06,2025-06-21 21:30:30+00:00,0.0,0.0,0.0,0.0
Oasis - Henderson Avenue,167.0,10.0,75.06,2025-06-21 21:45:30+00:00,0.0,0.0,0.0,0.0
Oasis - Henderson Avenue,167.0,10.0,75.06,2025-06-21 22:00:30+00:00,0.0,0.0,0.0,0.0
Oasis - Henderson Avenue,167.0,10.0,75.06,2025-06-21 22:15:30+00:00,0.0,0.0,0.0,0.0
Oasis - Henderson Avenue,167.0,10.0,75.06,2025-06-21 22:30:30+00:00,0.0,0.0,0.0,0.0
Oasis - Henderson Avenue,167.0,10.0,75.06,2025-06-21 22:45:30+00:00,0.0,0.0,0.0,0.0
Oasis - Henderson Avenue,167.0,10.0,75.06,2025-06-21 23:00:30+00:00,0.0,0.0,0.0,0.0
Oasis - Henderson Avenue,167.0,10.0,75.06,2025-06-21 23:15:30+00:00,0.0,0.0,0.0,0.0
Oasis - Henderson Avenue,167.0,10.0,75.06,2025-06-21 23:30:30+00:00,0.0,0.0,0.0,0.0
Oasis - Henderson Avenue,167.0,10.0,75.06,2025-06-21 23:45:30+00:00,0.0,0.0,0.0,0.0
Oasis - Henderson Avenue,167.0,10.0,75.06,2025-06-22 00:00:30+00:00,0.0,0.0,0.0,0.0
Oasis - Henderson Avenue,167.0,10.0,75.06,2025-06-22 00:15:30+00:00,0.0,0.0,0.0,0.0
Oasis - Henderson Avenue,167.0,10.0,75.06,2025-06-22 00:30:30+00:00,0.0,0.0,0.0,0.0
Oasis - Henderson Avenue,167.0,10.0,75.06,2025-06-22 00:45:30+00:00,0.0,0.0,0.0,0.0
Oasis - Henderson Avenue,167.0,10.0,75.06,2025-06-22 01:00:30+00:00,0.0,0.0,0.0,0.0
Oasis - Henderson Avenue,167.0,10.0,75.06,2025-06-22 01:15:30+00:00,0.0,0.0,0.0,0.0
Oasis - Henderson Avenue,167.0,10.0,75.06,2025-06-22 01:30:30+00:00,0.0,0.0,0.0,0.0
Oasis - Henderson Avenue,167.0,10.0,75.06,2025-06-22 01:45:30+00:00,0.0,0.0,0.0,0.0
Oasis - Henderson Avenue,167.0,10.0,75.06,2025-06-22 02:00:30+00:00,0.0,0.0,0.0,0.0
Oasis - Henderson Avenue,167.0,10.0,75.06,2025-06-22 02:15:30+00:00,0.0,0.0,0.0,0.0
Oasis - Henderson Avenue,167.0,10.0,75.06,2025-06-22 02:30:30+00:00,0.0,0.0,0.0,0.0
Oasis - Henderson Avenue,167.0,10.0,75.06,2025-06-22 02:45:30+00:00,0.0,0.0,0.0,0.0
Oasis - Henderson Avenue,167.0,10.0,75.06,2025-06-22 03:00:30+00:00,0.0,0.0,0.0,0.0
Oasis - Henderson Avenue,167.0,10.0,75.06,2025-06-22 03:15:30+00:00,0.0,0.0,0.0,0.0
Oasis - Henderson Avenue,167.0,10.0,75.06,2025-06-22 03:30:30+00:00,0.00025,0.0,0.0005,0.00025
Oasis - Henderson Avenue,167.0,10.0,75.06,2025-06-22 03:45:30+00:00,0.0005,0.00025,0.00175,0.0005
Oasis - Henderson Avenue,167.0,10.0,75.06,2025-06-22 04:00:30+00:00,0.00125,0.0005,0.005,0.0015
Oasis - Henderson Avenue,167.0,10.0,75.06,2025-06-22 04:15:30+00:00,0.00225,0.001,0.009,0.00225
Oasis - Henderson Avenue,167.0,10.0,75.06,2025-06-22 04:30:30+00:00,0.0125,0.0035,0.01825,0.01425
Oasis - Henderson Avenue,167.0,10.0,75.06,2025-06-22 04:45:30+00:00,0.02325,0.01125,0.025,0.02725
Oasis - Henderson Avenue,167.0,10.0,75.06,2025-06-22 05:00:30+00:00,0.0315,0.02075,0.0335,0.036
Oasis - Henderson Avenue,167.0,10.0,75.06,2025-06-22 05:15:30+00:00,0.0395,0.03075,0.04325,0.04325
Oasis - Henderson Avenue,167.0,10.0,75.06,2025-06-22 05:30:30+00:00,0.04875,0.0415,0.054,0.0515
Oasis - Henderson Avenue,167.0,10.0,75.06,2025-06-22 05:45:30+00:00,0.05925,0.052,0.06525,0.061
Oasis - Henderson Avenue,167.0,10.0,75.06,2025-06-22 06:00:30+00:00,0.07,0.0635,0.07625,0.07025
Oasis - Henderson Avenue,167.0,10.0,75.06,2025-06-22 06:15:30+00:00,0.0805,0.07525,0.08575,0.0795
Oasis - Henderson Avenue,167.0,10.0,75.06,2025-06-22 06:30:30+00:00,0.09125,0.08675,0.09575,0.089
Oasis - Henderson Avenue,167.0,10.0,75.06,2025-06-22 06:45:30+00:00,0.10225,0.098,0.10625,0.0985
Oasis - Henderson Avenue,167.0,10.0,75.06,2025-06-22 07:00:30+00:00,0.11325,0.1085,0.11775,0.108
Oasis - Henderson Avenue,167.0,10.0,75.06,2025-06-22 07:15:30+00:00,0.124,0.11825,0.12975,0.1175
Oasis - Henderson Avenue,167.0,10.0,75.06,2025-06-22 07:30:30+00:00,0.1345,0.12725,0.14125,0.1265
Oasis - Henderson Avenue,167.0,10.0,75.06,2025-06-22 07:45:30+00:00,0.14375,0.1355,0.15175,0.1345
Oasis - Henderson Avenue,167.0,10.0,75.06,2025-06-22 08:00:30+00:00,0.15225,0.144,0.161,0.142
Oasis - Henderson Avenue,167.0,10.0,75.06,2025-06-22 08:15:30+00:00,0.16175,0.153,0.17,0.15
Oasis - Henderson Avenue,167.0,10.0,75.06,2025-06-22 08:30:30+00:00,0.17,0.162,0.1785,0.15725
Oasis - Henderson Avenue,167.0,10.0,75.06,2025-06-22 08:45:30+00:00,0.17925,0.171,0.18775,0.16525
Oasis - Henderson Avenue,167.0,10.0,75.06,2025-06-22 09:00:30+00:00,0.18875,0.1785,0.198,0.17375
Oasis - Henderson Avenue,167.0,10.0,75.06,2025-06-22 09:15:30+00:00,0.19675,0.18325,0.20925,0.18075
Oasis - Henderson Avenue,167.0,10.0,75.06,2025-06-22 09:30:30+00:00,0.203,0.18225,0.22125,0.18625
Oasis - Henderson Avenue,167.0,10.0,75.06,2025-06-22 09:45:30+00:00,0.205,0.17825,0.22975,0.18825
Oasis - Henderson Avenue,167.0,10.0,75.06,2025-06-22 10:00:30+00:00,0.20275,0.17175,0.23125,0.18725
Oasis - Henderson Avenue,167.0,10.0,75.06,2025-06-22 10:15:30+00:00,0.197,0.16875,0.23025,0.18225
Oasis - Henderson Avenue,167.0,10.0,75.06,2025-06-22 10:30:30+00:00,0.1985,0.17,0.22625,0.1835
Oasis - Henderson Avenue,167.0,10.0,75.06,2025-06-22 10:45:30+00:00,0.19775,0.171,0.222,0.183
Oasis - Henderson Avenue,167.0,10.0,75.06,2025-06-22 11:00:30+00:00,0.19275,0.16725,0.222,0.17875
Oasis - Henderson Avenue,167.0,10.0,75.06,2025-06-22 11:15:30+00:00,0.19275,0.163,0.22225,0.179
Oasis - Henderson Avenue,167.0,10.0,75.06,2025-06-22 11:30:30+00:00,0.19025,0.1465,0.22325,0.178
Oasis - Henderson Avenue,167.0,10.0,75.06,2025-06-22 11:45:30+00:00,0.1725,0.13675,0.22025,0.16225
Oasis - Henderson Avenue,167.0,10.0,75.06,2025-06-22 12:00:30+00:00,0.17275,0.12225,0.208,0.16275
Oasis - Henderson Avenue,167.0,10.0,75.06,2025-06-22 12:15:30+00:00,0.14775,0.1205,0.1985,0.1415
Oasis - Henderson Avenue,167.0,10.0,75.06,2025-06-22 12:30:30+00:00,0.16025,0.105,0.21325,0.15325
Oasis - Henderson Avenue,167.0,10.0,75.06,2025-06-22 12:45:30+00:00,0.17,0.0785,0.23475,0.1615
Oasis - Henderson Avenue,167.0,10.0,75.06,2025-06-22 13:00:30+00:00,0.135,0.03075,0.2255,0.13025
Oasis - Henderson Avenue,167.0,10.0,75.06,2025-06-22 13:15:30+00:00,0.079,0.017,0.181,0.07825
Oasis - Henderson Avenue,167.0,10.0,75.06,2025-06-22 13:30:30+00:00,0.06525,0.0165,0.1525,0.0655
Oasis - Henderson Avenue,167.0,10.0,75.06,2025-06-22 13:45:30+00:00,0.09425,0.0265,0.1555,0.09325
Oasis - Henderson Avenue,167.0,10.0,75.06,2025-06-22 14:00:30+00:00,0.112,0.04225,0.16425,0.11075
Oasis - Henderson Avenue,167.0,10.0,75.06,2025-06-22 14:15:30+00:00,0.10175,0.044,0.17675,0.101
Oasis - Henderson Avenue,167.0,10.0,75.06,2025-06-22 14:30:30+00:00,0.11725,0.02725,0.1635,0.1155
Oasis - Henderson Avenue,167.0,10.0,75.06,2025-06-22 14:45:30+00:00,0.06425,0.01425,0.14575,0.0645
Oasis - Henderson Avenue,167.0,10.0,75.06,2025-06-22 15:00:30+00:00,0.0435,0.0135,0.10525,0.044
Oasis - Henderson Avenue,167.0,10.0,75.06,2025-06-22 15:15:30+00:00,0.0445,0.01275,0.08475,0.04525
Oasis - Henderson Avenue,167.0,10.0,75.06,2025-06-22 15:30:30+00:00,0.0485,0.01225,0.07975,0.049
Oasis - Henderson Avenue,167.0,10.0,75.06,2025-06-22 15:45:30+00:00,0.04175,0.0115,0.0895,0.0425
Oasis - Henderson Avenue,167.0,10.0,75.06,2025-06-22 16:00:30+00:00,0.05,0.01075,0.10625,0.051
Oasis - Henderson Avenue,167.0,10.0,75.06,2025-06-22 16:15:30+00:00,0.07725,0.02225,0.106,0.07925
Oasis - Henderson Avenue,167.0,10.0,75.06,2025-06-22 16:30:30+00:00,0.0645,0.02725,0.102,0.0665
Oasis - Henderson Avenue,167.0,10.0,75.06,2025-06-22 16:45:30+00:00,0.05225,0.0245,0.091,0.05375
Oasis - Henderson Avenue,167.0,10.0,75.06,2025-06-22 17:00:30+00:00,0.0555,0.02675,0.09,0.05825
Oasis - Henderson Avenue,167.0,10.0,75.06,2025-06-22 17:15:30+00:00,0.0655,0.02875,0.08725,0.0715
Oasis - Henderson Avenue,167.0,10.0,75.06,2025-06-22 17:30:30+00:00,0.05425,0.0275,0.08,0.0595
Oasis - Henderson Avenue,167.0,10.0,75.06,2025-06-22 17:45:30+00:00,0.04575,0.0155,0.06625,0.051
Oasis - Henderson Avenue,167.0,10.0,75.06,2025-06-22 18:00:30+00:00,0.02425,0.01,0.0545,0.02575
Oasis - Henderson Avenue,167.0,10.0,75.06,2025-06-22 18:15:30+00:00,0.024,0.006,0.037,0.026
Oasis - Henderson Avenue,167.0,10.0,75.06,2025-06-22 18:30:30+00:00,0.01725,0.008,0.031,0.01825
Oasis - Henderson Avenue,167.0,10.0,75.06,2025-06-22 18:45:30+00:00,0.01575,0.00725,0.02225,0.0175
Oasis - Henderson Avenue,167.0,10.0,75.06,2025-06-22 19:00:30+00:00,0.01225,0.006,0.01925,0.013
Oasis - Henderson Avenue,167.0,10.0,75.06,2025-06-22 19:15:30+00:00,0.00925,0.004,0.01425,0.01
Oasis - Henderson Avenue,167.0,10.0,75.06,2025-06-22 19:30:30+00:00,0.0065,0.00275,0.01025,0.00675
Oasis - Henderson Avenue,167.0,10.0,75.06,2025-06-22 19:45:30+00:00,0.0035,0.0015,0.00625,0.0035
Oasis - Henderson Avenue,167.0,10.0,75.06,2025-06-22 20:00:30+00:00,0.0015,0.00075,0.00275,0.0015
Oasis - Henderson Avenue,167.0,10.0,75.06,2025-06-22 20:15:30+00:00,0.00025,0.00025,0.0005,0.00025
Oasis - Henderson Avenue,167.0,10.0,75.06,2025-06-22 20:30:30+00:00,0.0,0.0,0.0,0.0
Oasis - Henderson Avenue,167.0,10.0,75.06,2025-06-22 20:45:30+00:00,0.0,0.0,0.0,0.0
Oasis - Henderson Avenue,167.0,10.0,75.06,2025-06-22 21:00:30+00:00,0.0,0.0,0.0,0.0
Oasis - Henderson Avenue,167.0,10.0,75.06,2025-06-22 21:15:30+00:00,0.0,0.0,0.0,0.0
Oasis - Henderson Avenue,167.0,10.0,75.06,2025-06-22 21:30:30+00:00,0.0,0.0,0.0,0.0
Oasis - Henderson Avenue,167.0,10.0,75.06,2025-06-22 21:45:30+00:00,0.0,0.0,0.0,0.0
Oasis - Henderson Avenue,167.0,10.0,75.06,2025-06-22 22:00:30+00:00,0.0,0.0,0.0,0.0
Oasis - Henderson Avenue,167.0,10.0,75.06,2025-06-22 22:15:30+00:00,0.0,0.0,0.0,0.0
Oasis - Henderson Avenue,167.0,10.0,75.06,2025-06-22 22:30:30+00:00,0.0,0.0,0.0,0.0
Oasis - Henderson Avenue,167.0,10.0,75.06,2025-06-22 22:45:30+00:00,0.0,0.0,0.0,0.0
Oasis - Henderson Avenue,167.0,10.0,75.06,2025-06-22 23:00:30+00:00,0.0,0.0,0.0,0.0
Oasis - Henderson Avenue,167.0,10.0,75.06,2025-06-22 23:15:30+00:00,0.0,0.0,0.0,0.0
Oasis - Henderson Avenue,167.0,10.0,75.06,2025-06-22 23:30:30+00:00,0.0,0.0,0.0,0.0
Oasis - Henderson Avenue,167.0,10.0,75.06,2025-06-22 23:45:30+00:00,0.0,0.0,0.0,0.0
Oasis - Henderson Avenue,167.0,10.0,75.06,2025-06-23 00:00:30+00:00,0.0,0.0,0.0,0.0
Oasis - Henderson Avenue,167.0,10.0,75.06,2025-06-23 00:15:30+00:00,0.0,0.0,0.0,0.0
Oasis - Henderson Avenue,167.0,10.0,75.06,2025-06-23 00:30:30+00:00,0.0,0.0,0.0,0.0
Oasis - Henderson Avenue,167.0,10.0,75.06,2025-06-23 00:45:30+00:00,0.0,0.0,0.0,0.0
Oasis - Henderson Avenue,167.0,10.0,75.06,2025-06-23 01:00:30+00:00,0.0,0.0,0.0,0.0
Oasis - Henderson Avenue,167.0,10.0,75.06,2025-06-23 01:15:30+00:00,0.0,0.0,0.0,0.0
Oasis - Henderson Avenue,167.0,10.0,75.06,2025-06-23 01:30:30+00:00,0.0,0.0,0.0,0.0
Oasis - Henderson Avenue,167.0,10.0,75.06,2025-06-23 01:45:30+00:00,0.0,0.0,0.0,0.0
Oasis - Henderson Avenue,167.0,10.0,75.06,2025-06-23 02:00:30+00:00,0.0,0.0,0.0,0.0
Oasis - Henderson Avenue,167.0,10.0,75.06,2025-06-23 02:15:30+00:00,0.0,0.0,0.0,0.0
Oasis - Henderson Avenue,167.0,10.0,75.06,2025-06-23 02:30:30+00:00,0.0,0.0,0.0,0.0
Oasis - Henderson Avenue,167.0,10.0,75.06,2025-06-23 02:45:30+00:00,0.0,0.0,0.0,0.0
Oasis - Henderson Avenue,167.0,10.0,75.06,2025-06-23 03:00:30+00:00,0.0,0.0,0.0,0.0
Oasis - Henderson Avenue,167.0,10.0,75.06,2025-06-23 03:15:30+00:00,0.0,0.0,0.0,0.0
Oasis - Henderson Avenue,167.0,10.0,75.06,2025-06-23 03:30:30+00:00,0.00075,0.0005,0.00075,0.00075
Oasis - Henderson Avenue,167.0,10.0,75.06,2025-06-23 03:45:30+00:00,0.00175,0.0015,0.00225,0.00175
Oasis - Henderson Avenue,167.0,10.0,75.06,2025-06-23 04:00:30+00:00,0.004,0.0025,0.00525,0.00525
Oasis - Henderson Avenue,167.0,10.0,75.06,2025-06-23 04:15:30+00:00,0.00725,0.0035,0.00975,0.0105
Oasis - Henderson Avenue,167.0,10.0,75.06,2025-06-23 04:30:30+00:00,0.013,0.0065,0.017,0.0165
Oasis - Henderson Avenue,167.0,10.0,75.06,2025-06-23 04:45:30+00:00,0.02325,0.00575,0.02575,0.027
Oasis - Henderson Avenue,167.0,10.0,75.06,2025-06-23 05:00:30+00:00,0.01825,0.0075,0.0365,0.0195
Oasis - Henderson Avenue,167.0,10.0,75.06,2025-06-23 05:15:30+00:00,0.03025,0.01125,0.0455,0.03225
Oasis - Henderson Avenue,167.0,10.0,75.06,2025-06-23 05:30:30+00:00,0.047,0.0235,0.05525,0.04925
Oasis - Henderson Avenue,167.0,10.0,75.06,2025-06-23 05:45:30+00:00,0.05725,0.0405,0.06625,0.05875
Oasis - Henderson Avenue,167.0,10.0,75.06,2025-06-23 06:00:30+00:00,0.069,0.05725,0.078,0.0695
Oasis - Henderson Avenue,167.0,10.0,75.06,2025-06-23 06:15:30+00:00,0.08025,0.07325,0.08725,0.07925
Oasis - Henderson Avenue,167.0,10.0,75.06,2025-06-23 06:30:30+00:00,0.09125,0.0855,0.097,0.089
Oasis - Henderson Avenue,167.0,10.0,75.06,2025-06-23 06:45:30+00:00,0.10225,0.094,0.11025,0.0985
Oasis - Henderson Avenue,167.0,10.0,75.06,2025-06-23 07:00:30+00:00,0.11275,0.1,0.12525,0.1075
Oasis - Henderson Avenue,167.0,10.0,75.06,2025-06-23 07:15:30+00:00,0.1225,0.10125,0.1365,0.116
Oasis - Henderson Avenue,167.0,10.0,75.06,2025-06-23 07:30:30+00:00,0.1205,0.1,0.14625,0.11425
Oasis - Henderson Avenue,167.0,10.0,75.06,2025-06-23 07:45:30+00:00,0.127,0.102,0.15775,0.11975
Oasis - Henderson Avenue,167.0,10.0,75.06,2025-06-23 08:00:30+00:00,0.14225,0.09325,0.17075,0.1335
Oasis - Henderson Avenue,167.0,10.0,75.06,2025-06-23 08:15:30+00:00,0.129,0.08325,0.179,0.12225
Oasis - Henderson Avenue,167.0,10.0,75.06,2025-06-23 08:30:30+00:00,0.1255,0.06675,0.174,0.12
Oasis - Henderson Avenue,167.0,10.0,75.06,2025-06-23 08:45:30+00:00,0.1065,0.07325,0.18175,0.1025
Oasis - Henderson Avenue,167.0,10.0,75.06,2025-06-23 09:00:30+00:00,0.15375,0.06975,0.18275,0.14475
Oasis - Henderson Avenue,167.0,10.0,75.06,2025-06-23 09:15:30+00:00,0.11275,0.0625,0.1845,0.108
Oasis - Henderson Avenue,167.0,10.0,75.06,2025-06-23 09:30:30+00:00,0.104,0.0425,0.1765,0.10125
Oasis - Henderson Avenue,167.0,10.0,75.06,2025-06-23 09:45:30+00:00,0.11275,0.03925,0.1875,0.10925
Oasis - Henderson Avenue,167.0,10.0,75.06,2025-06-23 10:00:30+00:00,0.1235,0.05625,0.231,0.11825
Oasis - Henderson Avenue,167.0,10.0,75.06,2025-06-23 10:15:30+00:00,0.19775,0.05325,0.245,0.1835
Oasis - Henderson Avenue,167.0,10.0,75.06,2025-06-23 10:30:30+00:00,0.1225,0.03725,0.242,0.1165
Oasis - Henderson Avenue,167.0,10.0,75.06,2025-06-23 10:45:30+00:00,0.1,0.0345,0.238,0.0975
Oasis - Henderson Avenue,167.0,10.0,75.06,2025-06-23 11:00:30+00:00,0.19575,0.06225,0.255,0.183
Oasis - Henderson Avenue,167.0,10.0,75.06,2025-06-23 11:15:30+00:00,0.20975,0.0915,0.25925,0.1945
Oasis - Henderson Avenue,167.0,10.0,75.06,2025-06-23 11:30:30+00:00,0.15475,0.0825,0.2515,0.14725
Oasis - Henderson Avenue,167.0,10.0,75.06,2025-06-23 11:45:30+00:00,0.14025,0.091,0.20475,0.134
Oasis - Henderson Avenue,167.0,10.0,75.06,2025-06-23 12:00:30+00:00,0.149,0.0915,0.19425,0.14225
Oasis - Henderson Avenue,167.0,10.0,75.06,2025-06-23 12:15:30+00:00,0.13825,0.1015,0.19175,0.13275
Oasis - Henderson Avenue,167.0,10.0,75.06,2025-06-23 12:30:30+00:00,0.153,0.0765,0.18775,0.1465
Oasis - Henderson Avenue,167.0,10.0,75.06,2025-06-23 12:45:30+00:00,0.102,0.0735,0.1815,0.09975
Oasis - Henderson Avenue,167.0,10.0,75.06,2025-06-23 13:00:30+00:00,0.13225,0.07325,0.1725,0.1275
Oasis - Henderson Avenue,167.0,10.0,75.06,2025-06-23 13:15:30+00:00,0.1315,0.07925,0.16625,0.12725
Oasis - Henderson Avenue,167.0,10.0,75.06,2025-06-23 13:30:30+00:00,0.10275,0.07125,0.153,0.1015
Oasis - Henderson Avenue,167.0,10.0,75.06,2025-06-23 13:45:30+00:00,0.10375,0.0675,0.154,0.1025
Oasis - Henderson Avenue,167.0,10.0,75.06,2025-06-23 14:00:30+00:00,0.12625,0.07425,0.1695,0.1235
Oasis - Henderson Avenue,167.0,10.0,75.06,2025-06-23 14:15:30+00:00,0.1335,0.083,0.16625,0.131
Oasis - Henderson Avenue,167.0,10.0,75.06,2025-06-23 14:30:30+00:00,0.1135,0.09025,0.1615,0.112
Oasis - Henderson Avenue,167.0,10.0,75.06,2025-06-23 14:45:30+00:00,0.1315,0.09075,0.1475,0.12925
Oasis - Henderson Avenue,167.0,10.0,75.06,2025-06-23 15:00:30+00:00,0.1105,0.093,0.1425,0.11
Oasis - Henderson Avenue,167.0,10.0,75.06,2025-06-23 15:15:30+00:00,0.11175,0.089,0.1305,0.112
Oasis - Henderson Avenue,167.0,10.0,75.06,2025-06-23 15:30:30+00:00,0.1065,0.0885,0.12125,0.10725
Oasis - Henderson Avenue,167.0,10.0,75.06,2025-06-23 15:45:30+00:00,0.09575,0.08175,0.117,0.097
Oasis - Henderson Avenue,167.0,10.0,75.06,2025-06-23 16:00:30+00:00,0.0955,0.07075,0.11675,0.0975
Oasis - Henderson Avenue,167.0,10.0,75.06,2025-06-23 16:15:30+00:00,0.09,0.06425,0.121,0.09275
Oasis - Henderson Avenue,167.0,10.0,75.06,2025-06-23 16:30:30+00:00,0.0915,0.061,0.12125,0.0955
Oasis - Henderson Avenue,167.0,10.0,75.06,2025-06-23 16:45:30+00:00,0.09075,0.06375,0.11325,0.097
Oasis - Henderson Avenue,167.0,10.0,75.06,2025-06-23 17:00:30+00:00,0.08575,0.066,0.10075,0.09425
Oasis - Henderson Avenue,167.0,10.0,75.06,2025-06-23 17:15:30+00:00,0.07825,0.06425,0.08825,0.08825
Oasis - Henderson Avenue,167.0,10.0,75.06,2025-06-23 17:30:30+00:00,0.0655,0.059,0.076,0.0755
Oasis - Henderson Avenue,167.0,10.0,75.06,2025-06-23 17:45:30+00:00,0.05725,0.04925,0.06475,0.06925
Oasis - Henderson Avenue,167.0,10.0,75.06,2025-06-23 18:00:30+00:00,0.04825,0.0405,0.0535,0.062
Oasis - Henderson Avenue,167.0,10.0,75.06,2025-06-23 18:15:30+00:00,0.03875,0.03225,0.04275,0.05325
Oasis - Henderson Avenue,167.0,10.0,75.06,2025-06-23 18:30:30+00:00,0.03,0.0245,0.0325,0.04475
Oasis - Henderson Avenue,167.0,10.0,75.06,2025-06-23 18:45:30+00:00,0.02175,0.01725,0.0235,0.037
Oasis - Henderson Avenue,167.0,10.0,75.06,2025-06-23 19:00:30+00:00,0.01375,0.01075,0.01525,0.02775
Oasis - Henderson Avenue,167.0,10.0,75.06,2025-06-23 19:15:30+00:00,0.00725,0.00525,0.008,0.02
Oasis - Henderson Avenue,167.0,10.0,75.06,2025-06-23 19:30:30+00:00,0.00525,0.0035,0.00575,0.013
Oasis - Henderson Avenue,167.0,10.0,75.06,2025-06-23 19:45:30+00:00,0.00375,0.00275,0.00425,0.0065
Oasis - Henderson Avenue,167.0,10.0,75.06,2025-06-23 20:00:30+00:00,0.00225,0.00175,0.00275,0.00275
Oasis - Henderson Avenue,167.0,10.0,75.06,2025-06-23 20:15:30+00:00,0.0005,0.00025,0.00075,0.0005
Oasis - Henderson Avenue,167.0,10.0,75.06,2025-06-23 20:30:30+00:00,0.0,0.0,0.0,0.0
Oasis - Henderson Avenue,167.0,10.0,75.06,2025-06-23 20:45:30+00:00,0.0,0.0,0.0,0.0
Oasis - Henderson Avenue,167.0,10.0,75.06,2025-06-23 21:00:30+00:00,0.0,0.0,0.0,0.0
Oasis - Henderson Avenue,167.0,10.0,75.06,2025-06-23 21:15:30+00:00,0.0,0.0,0.0,0.0
Oasis - Henderson Avenue,167.0,10.0,75.06,2025-06-23 21:30:30+00:00,0.0,0.0,0.0,0.0
Oasis - Henderson Avenue,167.0,10.0,75.06,2025-06-23 21:45:30+00:00,0.0,0.0,0.0,0.0
Oasis - Henderson Avenue,167.0,10.0,75.06,2025-06-23 22:00:30+00:00,0.0,0.0,0.0,0.0
Oasis - Henderson Avenue,167.0,10.0,75.06,2025-06-23 22:15:30+00:00,0.0,0.0,0.0,0.0
Oasis - Henderson Avenue,167.0,10.0,75.06,2025-06-23 22:30:30+00:00,0.0,0.0,0.0,0.0
Oasis - Henderson Avenue,167.0,10.0,75.06,2025-06-23 22:45:30+00:00,0.0,0.0,0.0,0.0
Oasis - Henderson Avenue,167.0,10.0,75.06,2025-06-23 23:00:30+00:00,0.0,0.0,0.0,0.0
Oasis - Henderson Avenue,167.0,10.0,75.06,2025-06-23 23:15:30+00:00,0.0,0.0,0.0,0.0
Oasis - Henderson Avenue,167.0,10.0,75.06,2025-06-23 23:30:30+00:00,0.0,0.0,0.0,0.0
Oasis - Henderson Avenue,167.0,10.0,75.06,2025-06-23 23:45:30+00:00,0.0,0.0,0.0,0.0
Oasis - Henderson Avenue,167.0,10.0,75.06,2025-06-24 00:00:30+00:00,0.0,0.0,0.0,0.0
Oasis - Henderson Avenue,167.0,10.0,75.06,2025-06-24 00:15:30+00:00,0.0,0.0,0.0,0.0
Oasis - Henderson Avenue,167.0,10.0,75.06,2025-06-24 00:30:30+00:00,0.0,0.0,0.0,0.0
Oasis - Henderson Avenue,167.0,10.0,75.06,2025-06-24 00:45:30+00:00,0.0,0.0,0.0,0.0
Oasis - Henderson Avenue,167.0,10.0,75.06,2025-06-24 01:00:30+00:00,0.0,0.0,0.0,0.0
Oasis - Henderson Avenue,167.0,10.0,75.06,2025-06-24 01:15:30+00:00,0.0,0.0,0.0,0.0
Oasis - Henderson Avenue,167.0,10.0,75.06,2025-06-24 01:30:30+00:00,0.0,0.0,0.0,0.0
Oasis - Henderson Avenue,167.0,10.0,75.06,2025-06-24 01:45:30+00:00,0.0,0.0,0.0,0.0
Oasis - Henderson Avenue,167.0,10.0,75.06,2025-06-24 02:00:30+00:00,0.0,0.0,0.0,0.0
Oasis - Henderson Avenue,167.0,10.0,75.06,2025-06-24 02:15:30+00:00,0.0,0.0,0.0,0.0
Oasis - Henderson Avenue,167.0,10.0,75.06,2025-06-24 02:30:30+00:00,0.0,0.0,0.0,0.0
Oasis - Henderson Avenue,167.0,10.0,75.06,2025-06-24 02:45:30+00:00,0.0,0.0,0.0,0.0
Oasis - Henderson Avenue,167.0,10.0,75.06,2025-06-24 03:00:30+00:00,0.0,0.0,0.0,0.0
Oasis - Henderson Avenue,167.0,10.0,75.06,2025-06-24 03:15:30+00:00,0.0,0.0,0.0,0.0
Oasis - Henderson Avenue,167.0,10.0,75.06,2025-06-24 03:30:30+00:00,0.0,0.0,0.0,0.0
Oasis - Henderson Avenue,167.0,10.0,75.06,2025-06-24 03:45:30+00:00,0.0,0.0,0.0005,0.0
Oasis - Henderson Avenue,167.0,10.0,75.06,2025-06-24 04:00:30+00:00,0.00025,0.00025,0.0015,0.00025
Oasis - Henderson Avenue,167.0,10.0,75.06,2025-06-24 04:15:30+00:00,0.00075,0.0005,0.00275,0.00075
Oasis - Henderson Avenue,167.0,10.0,75.06,2025-06-24 04:30:30+00:00,0.01075,0.00225,0.01775,0.01225
Oasis - Henderson Avenue,167.0,10.0,75.06,2025-06-24 04:45:30+00:00,0.0145,0.003,0.02575,0.016
Oasis - Henderson Avenue,167.0,10.0,75.06,2025-06-24 05:00:30+00:00,0.014,0.0045,0.0365,0.0145
Oasis - Henderson Avenue,167.0,10.0,75.06,2025-06-24 05:15:30+00:00,0.0335,0.00675,0.04225,0.03575
Oasis - Henderson Avenue,167.0,10.0,75.06,2025-06-24 05:30:30+00:00,0.02025,0.004,0.05225,0.021
Oasis - Henderson Avenue,167.0,10.0,75.06,2025-06-24 05:45:30+00:00,0.02725,0.0055,0.04625,0.02775
Oasis - Henderson Avenue,167.0,10.0,75.06,2025-06-24 06:00:30+00:00,0.02375,0.00875,0.04725,0.024
Oasis - Henderson Avenue,167.0,10.0,75.06,2025-06-24 06:15:30+00:00,0.0325,0.01525,0.0435,0.033
Oasis - Henderson Avenue,167.0,10.0,75.06,2025-06-24 06:30:30+00:00,0.03175,0.0145,0.048,0.03225
Oasis - Henderson Avenue,167.0,10.0,75.06,2025-06-24 06:45:30+00:00,0.02925,0.01375,0.05125,0.02975
Oasis - Henderson Avenue,167.0,10.0,75.06,2025-06-24 07:00:30+00:00,0.03625,0.018,0.06175,0.0365
Oasis - Henderson Avenue,167.0,10.0,75.06,2025-06-24 07:15:30+00:00,0.05475,0.0245,0.073,0.0545
Oasis - Henderson Avenue,167.0,10.0,75.06,2025-06-24 07:30:30+00:00,0.05375,0.0245,0.081,0.054
Oasis - Henderson Avenue,167.0,10.0,75.06,2025-06-24 07:45:30+00:00,0.04975,0.01775,0.0795,0.05
Oasis - Henderson Avenue,167.0,10.0,75.06,2025-06-24 08:00:30+00:00,0.042,0.0115,0.07575,0.04225
Oasis - Henderson Avenue,167.0,10.0,75.06,2025-06-24 08:15:30+00:00,0.0375,0.012,0.08225,0.03775
Oasis - Henderson Avenue,167.0,10.0,75.06,2025-06-24 08:30:30+00:00,0.0525,0.01275,0.0995,0.05275
Oasis - Henderson Avenue,167.0,10.0,75.06,2025-06-24 08:45:30+00:00,0.06925,0.0215,0.12325,0.069
Oasis - Henderson Avenue,167.0,10.0,75.06,2025-06-24 09:00:30+00:00,0.0965,0.04375,0.13625,0.09425
Oasis - Henderson Avenue,167.0,10.0,75.06,2025-06-24 09:15:30+00:00,0.10225,0.055,0.1345,0.0995
Oasis - Henderson Avenue,167.0,10.0,75.06,2025-06-24 09:30:30+00:00,0.084,0.0315,0.14425,0.0825
Oasis - Henderson Avenue,167.0,10.0,75.06,2025-06-24 09:45:30+00:00,0.0765,0.01575,0.15975,0.076
Oasis - Henderson Avenue,167.0,10.0,75.06,2025-06-24 10:00:30+00:00,0.092,0.0185,0.21625,0.08975
Oasis - Henderson Avenue,167.0,10.0,75.06,2025-06-24 10:15:30+00:00,0.19125,0.05775,0.24225,0.17675
Oasis - Henderson Avenue,167.0,10.0,75.06,2025-06-24 10:30:30+00:00,0.2035,0.12125,0.247,0.188
Oasis - Henderson Avenue,167.0,10.0,75.06,2025-06-24 10:45:30+00:00,0.2035,0.149,0.251,0.188
Oasis - Henderson Avenue,167.0,10.0,75.06,2025-06-24 11:00:30+00:00,0.197,0.17425,0.232,0.1825
Oasis - Henderson Avenue,167.0,10.0,75.06,2025-06-24 11:15:30+00:00,0.20925,0.17475,0.24475,0.19375
Oasis - Henderson Avenue,167.0,10.0,75.06,2025-06-24 11:30:30+00:00,0.223,0.16975,0.25875,0.20575
Oasis - Henderson Avenue,167.0,10.0,75.06,2025-06-24 11:45:30+00:00,0.23125,0.15475,0.25925,0.21375
Oasis - Henderson Avenue,167.0,10.0,75.06,2025-06-24 12:00:30+00:00,0.20625,0.11325,0.25725,0.192
Oasis - Henderson Avenue,167.0,10.0,75.06,2025-06-24 12:15:30+00:00,0.15425,0.09875,0.25275,0.14575
Oasis - Henderson Avenue,167.0,10.0,75.06,2025-06-24 12:30:30+00:00,0.17775,0.08775,0.22625,0.168
Oasis - Henderson Avenue,167.0,10.0,75.06,2025-06-24 12:45:30+00:00,0.1355,0.08425,0.213,0.13025
Oasis - Henderson Avenue,167.0,10.0,75.06,2025-06-24 13:00:30+00:00,0.13425,0.06775,0.21475,0.12975
Oasis - Henderson Avenue,167.0,10.0,75.06,2025-06-24 13:15:30+00:00,0.15475,0.0705,0.23925,0.148
Oasis - Henderson Avenue,167.0,10.0,75.06,2025-06-24 13:30:30+00:00,0.20125,0.05475,0.2355,0.19175
Oasis - Henderson Avenue,167.0,10.0,75.06,2025-06-24 13:45:30+00:00,0.10725,0.02125,0.2195,0.1045
Oasis - Henderson Avenue,167.0,10.0,75.06,2025-06-24 14:00:30+00:00,0.0525,0.01575,0.19625,0.0525
Oasis - Henderson Avenue,167.0,10.0,75.06,2025-06-24 14:15:30+00:00,0.15125,0.03275,0.2135,0.14675
Oasis - Henderson Avenue,167.0,10.0,75.06,2025-06-24 14:30:30+00:00,0.175,0.08975,0.20625,0.17
Oasis - Henderson Avenue,167.0,10.0,75.06,2025-06-24 14:45:30+00:00,0.1685,0.1215,0.19725,0.1645
Oasis - Henderson Avenue,167.0,10.0,75.06,2025-06-24 15:00:30+00:00,0.16775,0.14,0.188,0.165
Oasis - Henderson Avenue,167.0,10.0,75.06,2025-06-24 15:15:30+00:00,0.1585,0.13875,0.1745,0.15725
Oasis - Henderson Avenue,167.0,10.0,75.06,2025-06-24 15:30:30+00:00,0.143,0.12375,0.16225,0.1435
Oasis - Henderson Avenue,167.0,10.0,75.06,2025-06-24 15:45:30+00:00,0.1275,0.11225,0.14625,0.129
Oasis - Henderson Avenue,167.0,10.0,75.06,2025-06-24 16:00:30+00:00,0.117,0.104,0.13275,0.11975
Oasis - Henderson Avenue,167.0,10.0,75.06,2025-06-24 16:15:30+00:00,0.1105,0.09875,0.123,0.11475
Oasis - Henderson Avenue,167.0,10.0,75.06,2025-06-24 16:30:30+00:00,0.10475,0.0925,0.11475,0.1105
Oasis - Henderson Avenue,167.0,10.0,75.06,2025-06-24 16:45:30+00:00,0.0955,0.08625,0.1045,0.10275
Oasis - Henderson Avenue,167.0,10.0,75.06,2025-06-24 17:00:30+00:00,0.08575,0.079,0.09275,0.09425
Oasis - Henderson Avenue,167.0,10.0,75.06,2025-06-24 17:15:30+00:00,0.07625,0.069,0.0815,0.086
Oasis - Henderson Avenue,167.0,10.0,75.06,2025-06-24 17:30:30+00:00,0.0645,0.059,0.07275,0.0745
Oasis - Henderson Avenue,167.0,10.0,75.06,2025-06-24 17:45:30+00:00,0.056,0.04875,0.06375,0.06725
Oasis - Henderson Avenue,167.0,10.0,75.06,2025-06-24 18:00:30+00:00,0.04775,0.04025,0.05275,0.06075
Oasis - Henderson Avenue,167.0,10.0,75.06,2025-06-24 18:15:30+00:00,0.03825,0.032,0.04225,0.052
Oasis - Henderson Avenue,167.0,10.0,75.06,2025-06-24 18:30:30+00:00,0.0295,0.02425,0.03225,0.0435
Oasis - Henderson Avenue,167.0,10.0,75.06,2025-06-24 18:45:30+00:00,0.02125,0.017,0.023,0.03525
Oasis - Henderson Avenue,167.0,10.0,75.06,2025-06-24 19:00:30+00:00,0.0135,0.0105,0.015,0.02675
Oasis - Henderson Avenue,167.0,10.0,75.06,2025-06-24 19:15:30+00:00,0.00725,0.00525,0.008,0.01925
Oasis - Henderson Avenue,167.0,10.0,75.06,2025-06-24 19:30:30+00:00,0.00525,0.00375,0.006,0.0125
Oasis - Henderson Avenue,167.0,10.0,75.06,2025-06-24 19:45:30+00:00,0.004,0.003,0.0045,0.00625
Oasis - Henderson Avenue,167.0,10.0,75.06,2025-06-24 20:00:30+00:00,0.00225,0.00175,0.00275,0.00275
Oasis - Henderson Avenue,167.0,10.0,75.06,2025-06-24 20:15:30+00:00,0.0005,0.00025,0.0005,0.0005
Oasis - Henderson Avenue,167.0,10.0,75.06,2025-06-24 20:30:30+00:00,0.0,0.0,0.0,0.0
Oasis - Henderson Avenue,167.0,10.0,75.06,2025-06-24 20:45:30+00:00,0.0,0.0,0.0,0.0
Oasis - Henderson Avenue,167.0,10.0,75.06,2025-06-24 21:00:30+00:00,0.0,0.0,0.0,0.0
Oasis - Henderson Avenue,167.0,10.0,75.06,2025-06-24 21:15:30+00:00,0.0,0.0,0.0,0.0
Oasis - Henderson Avenue,167.0,10.0,75.06,2025-06-24 21:30:30+00:00,0.0,0.0,0.0,0.0
Oasis - Henderson Avenue,167.0,10.0,75.06,2025-06-24 21:45:30+00:00,0.0,0.0,0.0,0.0
Oasis - Henderson Avenue,167.0,10.0,75.06,2025-06-24 22:00:30+00:00,0.0,0.0,0.0,0.0
Oasis - Henderson Avenue,167.0,10.0,75.06,2025-06-24 22:15:30+00:00,0.0,0.0,0.0,0.0
Oasis - Henderson Avenue,167.0,10.0,75.06,2025-06-24 22:30:30+00:00,0.0,0.0,0.0,0.0
Oasis - Henderson Avenue,167.0,10.0,75.06,2025-06-24 22:45:30+00:00,0.0,0.0,0.0,0.0
Oasis - Henderson Avenue,167.0,10.0,75.06,2025-06-24 23:00:30+00:00,0.0,0.0,0.0,0.0
Oasis - Henderson Avenue,167.0,10.0,75.06,2025-06-24 23:15:30+00:00,0.0,0.0,0.0,0.0
Oasis - Henderson Avenue,167.0,10.0,75.06,2025-06-24 23:30:30+00:00,0.0,0.0,0.0,0.0
Oasis - Henderson Avenue,167.0,10.0,75.06,2025-06-24 23:45:30+00:00,0.0,0.0,0.0,0.0
Oasis - Henderson Avenue,167.0,10.0,75.06,2025-06-25 00:00:30+00:00,0.0,0.0,0.0,0.0
Oasis - Henderson Avenue,167.0,10.0,75.06,2025-06-25 00:15:30+00:00,0.0,0.0,0.0,0.0
Oasis - Henderson Avenue,167.0,10.0,75.06,2025-06-25 00:30:30+00:00,0.0,0.0,0.0,0.0
Oasis - Henderson Avenue,167.0,10.0,75.06,2025-06-25 00:45:30+00:00,0.0,0.0,0.0,0.0
Oasis - Henderson Avenue,167.0,10.0,75.06,2025-06-25 01:00:30+00:00,0.0,0.0,0.0,0.0
Oasis - Henderson Avenue,167.0,10.0,75.06,2025-06-25 01:15:30+00:00,0.0,0.0,0.0,0.0
Oasis - Henderson Avenue,167.0,10.0,75.06,2025-06-25 01:30:30+00:00,0.0,0.0,0.0,0.0
Oasis - Henderson Avenue,167.0,10.0,75.06,2025-06-25 01:45:30+00:00,0.0,0.0,0.0,0.0
Oasis - Henderson Avenue,167.0,10.0,75.06,2025-06-25 02:00:30+00:00,0.0,0.0,0.0,0.0
Oasis - Henderson Avenue,167.0,10.0,75.06,2025-06-25 02:15:30+00:00,0.0,0.0,0.0,0.0
Oasis - Henderson Avenue,167.0,10.0,75.06,2025-06-25 02:30:30+00:00,0.0,0.0,0.0,0.0
Oasis - Henderson Avenue,167.0,10.0,75.06,2025-06-25 02:45:30+00:00,0.0,0.0,0.0,0.0
Oasis - Henderson Avenue,167.0,10.0,75.06,2025-06-25 03:00:30+00:00,0.0,0.0,0.0,0.0
Oasis - Henderson Avenue,167.0,10.0,75.06,2025-06-25 03:15:30+00:00,0.0,0.0,0.0,0.0
Oasis - Henderson Avenue,167.0,10.0,75.06,2025-06-25 03:30:30+00:00,0.0,0.0,0.0,0.0
Oasis - Henderson Avenue,167.0,10.0,75.06,2025-06-25 03:45:30+00:00,0.00075,0.00025,0.00175,0.00075
Oasis - Henderson Avenue,167.0,10.0,75.06,2025-06-25 04:00:30+00:00,0.00225,0.0005,0.0045,0.00225
Oasis - Henderson Avenue,167.0,10.0,75.06,2025-06-25 04:15:30+00:00,0.00425,0.001,0.0075,0.0045
Oasis - Henderson Avenue,167.0,10.0,75.06,2025-06-25 04:30:30+00:00,0.006,0.0015,0.01125,0.00625
Oasis - Henderson Avenue,167.0,10.0,75.06,2025-06-25 04:45:30+00:00,0.00875,0.0025,0.015,0.00875
Oasis - Henderson Avenue,167.0,10.0,75.06,2025-06-25 05:00:30+00:00,0.01125,0.00275,0.021,0.0115
Oasis - Henderson Avenue,167.0,10.0,75.06,2025-06-25 05:15:30+00:00,0.0145,0.00325,0.031,0.015
Oasis - Henderson Avenue,167.0,10.0,75.06,2025-06-25 05:30:30+00:00,0.02,0.004,0.046,0.0205
Oasis - Henderson Avenue,167.0,10.0,75.06,2025-06-25 05:45:30+00:00,0.03525,0.00875,0.0635,0.036
Oasis - Henderson Avenue,167.0,10.0,75.06,2025-06-25 06:00:30+00:00,0.058,0.02525,0.07425,0.05875
Oasis - Henderson Avenue,167.0,10.0,75.06,2025-06-25 06:15:30+00:00,0.073,0.03875,0.08575,0.0725
Oasis - Henderson Avenue,167.0,10.0,75.06,2025-06-25 06:30:30+00:00,0.0755,0.04,0.09675,0.0745
Oasis - Henderson Avenue,167.0,10.0,75.06,2025-06-25 06:45:30+00:00,0.0615,0.0385,0.09825,0.06075
Oasis - Henderson Avenue,167.0,10.0,75.06,2025-06-25 07:00:30+00:00,0.06775,0.04525,0.09375,0.06725
Oasis - Henderson Avenue,167.0,10.0,75.06,2025-06-25 07:15:30+00:00,0.07975,0.0585,0.09525,0.07825
Oasis - Henderson Avenue,167.0,10.0,75.06,2025-06-25 07:30:30+00:00,0.08175,0.06475,0.10625,0.08025
Oasis - Henderson Avenue,167.0,10.0,75.06,2025-06-25 07:45:30+00:00,0.0965,0.056,0.12475,0.0935
Oasis - Henderson Avenue,167.0,10.0,75.06,2025-06-25 08:00:30+00:00,0.0915,0.037,0.13775,0.08875
Oasis - Henderson Avenue,167.0,10.0,75.06,2025-06-25 08:15:30+00:00,0.07225,0.0175,0.131,0.07125
Oasis - Henderson Avenue,167.0,10.0,75.06,2025-06-25 08:30:30+00:00,0.05875,0.01275,0.11225,0.05875
Oasis - Henderson Avenue,167.0,10.0,75.06,2025-06-25 08:45:30+00:00,0.0545,0.01775,0.09325,0.0545
Oasis - Henderson Avenue,167.0,10.0,75.06,2025-06-25 09:00:30+00:00,0.05275,0.0265,0.087,0.053
Oasis - Henderson Avenue,167.0,10.0,75.06,2025-06-25 09:15:30+00:00,0.063,0.02125,0.10375,0.063
Oasis - Henderson Avenue,167.0,10.0,75.06,2025-06-25 09:30:30+00:00,0.0715,0.01975,0.12825,0.07125
Oasis - Henderson Avenue,167.0,10.0,75.06,2025-06-25 09:45:30+00:00,0.088,0.0335,0.159,0.08625
Oasis - Henderson Avenue,167.0,10.0,75.06,2025-06-25 10:00:30+00:00,0.131,0.05775,0.1705,0.125
Oasis - Henderson Avenue,167.0,10.0,75.06,2025-06-25 10:15:30+00:00,0.11825,0.066,0.171,0.1145
Oasis - Henderson Avenue,167.0,10.0,75.06,2025-06-25 10:30:30+00:00,0.10675,0.05875,0.1595,0.10425
Oasis - Henderson Avenue,167.0,10.0,75.06,2025-06-25 10:45:30+00:00,0.102,0.05125,0.1485,0.09975
Oasis - Henderson Avenue,167.0,10.0,75.06,2025-06-25 11:00:30+00:00,0.09,0.0365,0.144,0.08825
Oasis - Henderson Avenue,167.0,10.0,75.06,2025-06-25 11:15:30+00:00,0.07725,0.0315,0.14825,0.077
Oasis - Henderson Avenue,167.0,10.0,75.06,2025-06-25 11:30:30+00:00,0.105,0.03975,0.178,0.1025
Oasis - Henderson Avenue,167.0,10.0,75.06,2025-06-25 11:45:30+00:00,0.14475,0.0615,0.1945,0.138
Oasis - Henderson Avenue,167.0,10.0,75.06,2025-06-25 12:00:30+00:00,0.1305,0.06725,0.19175,0.125
Oasis - Henderson Avenue,167.0,10.0,75.06,2025-06-25 12:15:30+00:00,0.111,0.04675,0.17375,0.1085
Oasis - Henderson Avenue,167.0,10.0,75.06,2025-06-25 12:30:30+00:00,0.09025,0.033,0.17075,0.08875
Oasis - Henderson Avenue,167.0,10.0,75.06,2025-06-25 12:45:30+00:00,0.1045,0.0425,0.19175,0.1025
Oasis - Henderson Avenue,167.0,10.0,75.06,2025-06-25 13:00:30+00:00,0.15975,0.05425,0.21825,0.15225
Oasis - Henderson Avenue,167.0,10.0,75.06,2025-06-25 13:15:30+00:00,0.13825,0.0715,0.22,0.1335
Oasis - Henderson Avenue,167.0,10.0,75.06,2025-06-25 13:30:30+00:00,0.14025,0.0855,0.22075,0.136
Oasis - Henderson Avenue,167.0,10.0,75.06,2025-06-25 13:45:30+00:00,0.183,0.10775,0.222,0.17475
Oasis - Henderson Avenue,167.0,10.0,75.06,2025-06-25 14:00:30+00:00,0.1665,0.1035,0.2165,0.161
Oasis - Henderson Avenue,167.0,10.0,75.06,2025-06-25 14:15:30+00:00,0.13,0.084,0.18925,0.1275
Oasis - Henderson Avenue,167.0,10.0,75.06,2025-06-25 14:30:30+00:00,0.11375,0.07925,0.159,0.11275
Oasis - Henderson Avenue,167.0,10.0,75.06,2025-06-25 14:45:30+00:00,0.11475,0.08125,0.1485,0.11375
Oasis - Henderson Avenue,167.0,10.0,75.06,2025-06-25 15:00:30+00:00,0.11475,0.0785,0.139,0.114
Oasis - Henderson Avenue,167.0,10.0,75.06,2025-06-25 15:15:30+00:00,0.09625,0.0575,0.133,0.09675
Oasis - Henderson Avenue,167.0,10.0,75.06,2025-06-25 15:30:30+00:00,0.07525,0.043,0.12425,0.076
Oasis - Henderson Avenue,167.0,10.0,75.06,2025-06-25 15:45:30+00:00,0.079,0.02925,0.1115,0.08025
Oasis - Henderson Avenue,167.0,10.0,75.06,2025-06-25 16:00:30+00:00,0.05675,0.01375,0.1035,0.05775
Oasis - Henderson Avenue,167.0,10.0,75.06,2025-06-25 16:15:30+00:00,0.03975,0.01,0.09575,0.0405
Oasis - Henderson Avenue,167.0,10.0,75.06,2025-06-25 16:30:30+00:00,0.0495,0.00975,0.105,0.05075
Oasis - Henderson Avenue,167.0,10.0,75.06,2025-06-25 16:45:30+00:00,0.0745,0.01475,0.10075,0.07825
Oasis - Henderson Avenue,167.0,10.0,75.06,2025-06-25 17:00:30+00:00,0.04575,0.009,0.092,0.04775
Oasis - Henderson Avenue,167.0,10.0,75.06,2025-06-25 17:15:30+00:00,0.02825,0.007,0.0795,0.02875
Oasis - Henderson Avenue,167.0,10.0,75.06,2025-06-25 17:30:30+00:00,0.04,0.008,0.07675,0.043
Oasis - Henderson Avenue,167.0,10.0,75.06,2025-06-25 17:45:30+00:00,0.0515,0.01375,0.0665,0.059
Oasis - Henderson Avenue,167.0,10.0,75.06,2025-06-25 18:00:30+00:00,0.0405,0.0215,0.057,0.04725
Oasis - Henderson Avenue,167.0,10.0,75.06,2025-06-25 18:15:30+00:00,0.03725,0.02125,0.045,0.04675
Oasis - Henderson Avenue,167.0,10.0,75.06,2025-06-25 18:30:30+00:00,0.03,0.01975,0.033,0.0425
Oasis - Henderson Avenue,167.0,10.0,75.06,2025-06-25 18:45:30+00:00,0.0215,0.01375,0.024,0.03375
Oasis - Henderson Avenue,167.0,10.0,75.06,2025-06-25 19:00:30+00:00,0.01475,0.0085,0.01775,0.02425
Oasis - Henderson Avenue,167.0,10.0,75.06,2025-06-25 19:15:30+00:00,0.0095,0.00525,0.014,0.01425
Oasis - Henderson Avenue,167.0,10.0,75.06,2025-06-25 19:30:30+00:00,0.007,0.00325,0.011,0.00825
Oasis - Henderson Avenue,167.0,10.0,75.06,2025-06-25 19:45:30+00:00,0.00425,0.002,0.00675,0.00425
Oasis - Henderson Avenue,167.0,10.0,75.06,2025-06-25 20:00:30+00:00,0.002,0.001,0.003,0.002
Oasis - Henderson Avenue,167.0,10.0,75.06,2025-06-25 20:15:30+00:00,0.00025,0.00025,0.0005,0.00025
Oasis - Henderson Avenue,167.0,10.0,75.06,2025-06-25 20:30:30+00:00,0.0,0.0,0.0,0.0
Oasis - Henderson Avenue,167.0,10.0,75.06,2025-06-25 20:45:30+00:00,0.0,0.0,0.0,0.0
Oasis - Henderson Avenue,167.0,10.0,75.06,2025-06-25 21:00:30+00:00,0.0,0.0,0.0,0.0
Oasis - Henderson Avenue,167.0,10.0,75.06,2025-06-25 21:15:30+00:00,0.0,0.0,0.0,0.0
Oasis - Henderson Avenue,167.0,10.0,75.06,2025-06-25 21:30:30+00:00,0.0,0.0,0.0,0.0
Oasis - Henderson Avenue,167.0,10.0,75.06,2025-06-25 21:45:30+00:00,0.0,0.0,0.0,0.0
Oasis - Henderson Avenue,167.0,10.0,75.06,2025-06-25 22:00:30+00:00,0.0,0.0,0.0,0.0
Oasis - Henderson Avenue,167.0,10.0,75.06,2025-06-25 22:15:30+00:00,0.0,0.0,0.0,0.0
Oasis - Henderson Avenue,167.0,10.0,75.06,2025-06-25 22:30:30+00:00,0.0,0.0,0.0,0.0
Oasis - Henderson Avenue,167.0,10.0,75.06,2025-06-25 22:45:30+00:00,0.0,0.0,0.0,0.0
Oasis - Henderson Avenue,167.0,10.0,75.06,2025-06-25 23:00:30+00:00,0.0,0.0,0.0,0.0
Oasis - Henderson Avenue,167.0,10.0,75.06,2025-06-25 23:15:30+00:00,0.0,0.0,0.0,0.0
Oasis - Henderson Avenue,167.0,10.0,75.06,2025-06-25 23:30:30+00:00,0.0,0.0,0.0,0.0
Oasis - Henderson Avenue,167.0,10.0,75.06,2025-06-25 23:45:30+00:00,0.0,0.0,0.0,0.0
Oasis - Henderson Avenue,167.0,10.0,75.06,2025-06-26 00:00:30+00:00,0.0,0.0,0.0,0.0
Oasis - Henderson Avenue,167.0,10.0,75.06,2025-06-26 00:15:30+00:00,0.0,0.0,0.0,0.0
Oasis - Henderson Avenue,167.0,10.0,75.06,2025-06-26 00:30:30+00:00,0.0,0.0,0.0,0.0
Oasis - Henderson Avenue,167.0,10.0,75.06,2025-06-26 00:45:30+00:00,0.0,0.0,0.0,0.0
Oasis - Henderson Avenue,167.0,10.0,75.06,2025-06-26 01:00:30+00:00,0.0,0.0,0.0,0.0
Oasis - Henderson Avenue,167.0,10.0,75.06,2025-06-26 01:15:30+00:00,0.0,0.0,0.0,0.0
Oasis - Henderson Avenue,167.0,10.0,75.06,2025-06-26 01:30:30+00:00,0.0,0.0,0.0,0.0
Oasis - Henderson Avenue,167.0,10.0,75.06,2025-06-26 01:45:30+00:00,0.0,0.0,0.0,0.0
Oasis - Henderson Avenue,167.0,10.0,75.06,2025-06-26 02:00:30+00:00,0.0,0.0,0.0,0.0
Oasis - Henderson Avenue,167.0,10.0,75.06,2025-06-26 02:15:30+00:00,0.0,0.0,0.0,0.0
Oasis - Henderson Avenue,167.0,10.0,75.06,2025-06-26 02:30:30+00:00,0.0,0.0,0.0,0.0
Oasis - Henderson Avenue,167.0,10.0,75.06,2025-06-26 02:45:30+00:00,0.0,0.0,0.0,0.0
Oasis - Henderson Avenue,167.0,10.0,75.06,2025-06-26 03:00:30+00:00,0.0,0.0,0.0,0.0
Oasis - Henderson Avenue,167.0,10.0,75.06,2025-06-26 03:15:30+00:00,0.0,0.0,0.0,0.0
Oasis - Henderson Avenue,167.0,10.0,75.06,2025-06-26 03:30:30+00:00,0.0,0.0,0.0,0.0
Oasis - Henderson Avenue,167.0,10.0,75.06,2025-06-26 03:45:30+00:00,0.0005,0.0,0.00175,0.0005
Oasis - Henderson Avenue,167.0,10.0,75.06,2025-06-26 04:00:30+00:00,0.002,0.0005,0.00525,0.002
Oasis - Henderson Avenue,167.0,10.0,75.06,2025-06-26 04:15:30+00:00,0.005,0.001,0.0085,0.00525
Oasis - Henderson Avenue,167.0,10.0,75.06,2025-06-26 04:30:30+00:00,0.0025,0.0015,0.0105,0.00275
Oasis - Henderson Avenue,167.0,10.0,75.06,2025-06-26 04:45:30+00:00,0.00525,0.002,0.014,0.00525
Oasis - Henderson Avenue,167.0,10.0,75.06,2025-06-26 05:00:30+00:00,0.0035,0.0025,0.01425,0.00375
Oasis - Henderson Avenue,167.0,10.0,75.06,2025-06-26 05:15:30+00:00,0.0025,0.00175,0.01025,0.0025
Oasis - Henderson Avenue,167.0,10.0,75.06,2025-06-26 05:30:30+00:00,0.01275,0.004,0.02375,0.013
Oasis - Henderson Avenue,167.0,10.0,75.06,2025-06-26 05:45:30+00:00,0.015,0.00475,0.028,0.01525
Oasis - Henderson Avenue,167.0,10.0,75.06,2025-06-26 06:00:30+00:00,0.01625,0.00525,0.02875,0.0165
Oasis - Henderson Avenue,167.0,10.0,75.06,2025-06-26 06:15:30+00:00,0.01725,0.006,0.0305,0.0175
Oasis - Henderson Avenue,167.0,10.0,75.06,2025-06-26 06:30:30+00:00,0.015,0.00675,0.03775,0.01525
Oasis - Henderson Avenue,167.0,10.0,75.06,2025-06-26 06:45:30+00:00,0.02075,0.0075,0.05825,0.02125
Oasis - Henderson Avenue,167.0,10.0,75.06,2025-06-26 07:00:30+00:00,0.03925,0.0085,0.08125,0.03975
Oasis - Henderson Avenue,167.0,10.0,75.06,2025-06-26 07:15:30+00:00,0.049,0.00975,0.11175,0.04925
Oasis - Henderson Avenue,167.0,10.0,75.06,2025-06-26 07:30:30+00:00,0.083,0.02625,0.13925,0.081
Oasis - Henderson Avenue,167.0,10.0,75.06,2025-06-26 07:45:30+00:00,0.13275,0.059,0.154,0.1255
Oasis - Henderson Avenue,167.0,10.0,75.06,2025-06-26 08:00:30+00:00,0.1505,0.06725,0.16525,0.1415
Oasis - Henderson Avenue,167.0,10.0,75.06,2025-06-26 08:15:30+00:00,0.10775,0.057,0.17125,0.1035
Oasis - Henderson Avenue,167.0,10.0,75.06,2025-06-26 08:30:30+00:00,0.102,0.04725,0.16875,0.09925
Oasis - Henderson Avenue,167.0,10.0,75.06,2025-06-26 08:45:30+00:00,0.11575,0.05575,0.18975,0.11125
Oasis - Henderson Avenue,167.0,10.0,75.06,2025-06-26 09:00:30+00:00,0.155,0.04975,0.20225,0.14575
Oasis - Henderson Avenue,167.0,10.0,75.06,2025-06-26 09:15:30+00:00,0.1035,0.024,0.20075,0.09925
Oasis - Henderson Avenue,167.0,10.0,75.06,2025-06-26 09:30:30+00:00,0.07825,0.0155,0.1715,0.077
Oasis - Henderson Avenue,167.0,10.0,75.06,2025-06-26 09:45:30+00:00,0.078,0.0155,0.165,0.0775
Oasis - Henderson Avenue,167.0,10.0,75.06,2025-06-26 10:00:30+00:00,0.07375,0.016,0.1545,0.0735
Oasis - Henderson Avenue,167.0,10.0,75.06,2025-06-26 10:15:30+00:00,0.03725,0.01625,0.1495,0.0375
Oasis - Henderson Avenue,167.0,10.0,75.06,2025-06-26 10:30:30+00:00,0.1845,0.03675,0.21975,0.17075
Oasis - Henderson Avenue,167.0,10.0,75.06,2025-06-26 10:45:30+00:00,0.10575,0.021,0.2305,0.09925
Oasis - Henderson Avenue,167.0,10.0,75.06,2025-06-26 11:00:30+00:00,0.0745,0.0175,0.21175,0.07325
Oasis - Henderson Avenue,167.0,10.0,75.06,2025-06-26 11:15:30+00:00,0.15025,0.0415,0.251,0.141
Oasis - Henderson Avenue,167.0,10.0,75.06,2025-06-26 11:30:30+00:00,0.23025,0.06225,0.25525,0.214
Oasis - Henderson Avenue,167.0,10.0,75.06,2025-06-26 11:45:30+00:00,0.1375,0.0465,0.2495,0.131
Oasis - Henderson Avenue,167.0,10.0,75.06,2025-06-26 12:00:30+00:00,0.10425,0.0245,0.2305,0.102
Oasis - Henderson Avenue,167.0,10.0,75.06,2025-06-26 12:15:30+00:00,0.146,0.0425,0.248,0.13975
Oasis - Henderson Avenue,167.0,10.0,75.06,2025-06-26 12:30:30+00:00,0.1905,0.08625,0.25,0.18
Oasis - Henderson Avenue,167.0,10.0,75.06,2025-06-26 12:45:30+00:00,0.19575,0.124,0.24875,0.184
Oasis - Henderson Avenue,167.0,10.0,75.06,2025-06-26 13:00:30+00:00,0.20575,0.1465,0.245,0.19375
Oasis - Henderson Avenue,167.0,10.0,75.06,2025-06-26 13:15:30+00:00,0.19075,0.1445,0.22825,0.18075
Oasis - Henderson Avenue,167.0,10.0,75.06,2025-06-26 13:30:30+00:00,0.1615,0.13625,0.219,0.15475
Oasis - Henderson Avenue,167.0,10.0,75.06,2025-06-26 13:45:30+00:00,0.18275,0.1355,0.2185,0.17475
Oasis - Henderson Avenue,167.0,10.0,75.06,2025-06-26 14:00:30+00:00,0.185,0.1495,0.217,0.1775
Oasis - Henderson Avenue,167.0,10.0,75.06,2025-06-26 14:15:30+00:00,0.18125,0.156,0.205,0.17475
Oasis - Henderson Avenue,167.0,10.0,75.06,2025-06-26 14:30:30+00:00,0.1745,0.1425,0.20475,0.1695
Oasis - Henderson Avenue,167.0,10.0,75.06,2025-06-26 14:45:30+00:00,0.1655,0.11875,0.19575,0.16175
Oasis - Henderson Avenue,167.0,10.0,75.06,2025-06-26 15:00:30+00:00,0.15125,0.08025,0.186,0.149
Oasis - Henderson Avenue,167.0,10.0,75.06,2025-06-26 15:15:30+00:00,0.0985,0.07425,0.17475,0.09875
Oasis - Henderson Avenue,167.0,10.0,75.06,2025-06-26 15:30:30+00:00,0.1325,0.06975,0.16425,0.13275
Oasis - Henderson Avenue,167.0,10.0,75.06,2025-06-26 15:45:30+00:00,0.11775,0.08175,0.1545,0.11925
Oasis - Henderson Avenue,167.0,10.0,75.06,2025-06-26 16:00:30+00:00,0.1045,0.07625,0.132,0.10675
Oasis - Henderson Avenue,167.0,10.0,75.06,2025-06-26 16:15:30+00:00,0.08975,0.07,0.1195,0.0925
Oasis - Henderson Avenue,167.0,10.0,75.06,2025-06-26 16:30:30+00:00,0.0895,0.0625,0.116,0.09325
Oasis - Henderson Avenue,167.0,10.0,75.06,2025-06-26 16:45:30+00:00,0.0875,0.05925,0.11025,0.093
Oasis - Henderson Avenue,167.0,10.0,75.06,2025-06-26 17:00:30+00:00,0.089,0.05075,0.0985,0.09625
Oasis - Henderson Avenue,167.0,10.0,75.06,2025-06-26 17:15:30+00:00,0.0605,0.0405,0.08925,0.06525
Oasis - Henderson Avenue,167.0,10.0,75.06,2025-06-26 17:30:30+00:00,0.05025,0.034,0.0755,0.05475
Oasis - Henderson Avenue,167.0,10.0,75.06,2025-06-26 17:45:30+00:00,0.05075,0.0325,0.06275,0.05825
Oasis - Henderson Avenue,167.0,10.0,75.06,2025-06-26 18:00:30+00:00,0.0425,0.031,0.054,0.05025
Oasis - Henderson Avenue,167.0,10.0,75.06,2025-06-26 18:15:30+00:00,0.0345,0.02225,0.045,0.042
Oasis - Henderson Avenue,167.0,10.0,75.06,2025-06-26 18:30:30+00:00,0.02525,0.0145,0.0375,0.03025
Oasis - Henderson Avenue,167.0,10.0,75.06,2025-06-26 18:45:30+00:00,0.018,0.011,0.03125,0.021
Oasis - Henderson Avenue,167.0,10.0,75.06,2025-06-26 19:00:30+00:00,0.01675,0.00725,0.021,0.02275
Oasis - Henderson Avenue,167.0,10.0,75.06,2025-06-26 19:15:30+00:00,0.0105,0.00575,0.01525,0.014
Oasis - Henderson Avenue,167.0,10.0,75.06,2025-06-26 19:30:30+00:00,0.007,0.0035,0.01175,0.00775
Oasis - Henderson Avenue,167.0,10.0,75.06,2025-06-26 19:45:30+00:00,0.00375,0.00175,0.0065,0.004
Oasis - Henderson Avenue,167.0,10.0,75.06,2025-06-26 20:00:30+00:00,0.00175,0.001,0.003,0.00175
Oasis - Henderson Avenue,167.0,10.0,75.06,2025-06-26 20:15:30+00:00,0.00025,0.00025,0.0005,0.00025
Oasis - Henderson Avenue,167.0,10.0,75.06,2025-06-26 20:30:30+00:00,0.0,0.0,0.0,0.0
Oasis - Henderson Avenue,167.0,10.0,75.06,2025-06-26 20:45:30+00:00,0.0,0.0,0.0,0.0
Oasis - Henderson Avenue,167.0,10.0,75.06,2025-06-26 21:00:30+00:00,0.0,0.0,0.0,0.0
Oasis - Henderson Avenue,167.0,10.0,75.06,2025-06-26 21:15:30+00:00,0.0,0.0,0.0,0.0
Oasis - Henderson Avenue,167.0,10.0,75.06,2025-06-26 21:30:30+00:00,0.0,0.0,0.0,0.0
Oasis - Henderson Avenue,167.0,10.0,75.06,2025-06-26 21:45:30+00:00,0.0,0.0,0.0,0.0
Oasis - Henderson Avenue,167.0,10.0,75.06,2025-06-26 22:00:30+00:00,0.0,0.0,0.0,0.0
Oasis - Henderson Avenue,167.0,10.0,75.06,2025-06-26 22:15:30+00:00,0.0,0.0,0.0,0.0
Oasis - Henderson Avenue,167.0,10.0,75.06,2025-06-26 22:30:30+00:00,0.0,0.0,0.0,0.0
Oasis - Henderson Avenue,167.0,10.0,75.06,2025-06-26 22:45:30+00:00,0.0,0.0,0.0,0.0
Oasis - Henderson Avenue,167.0,10.0,75.06,2025-06-26 23:00:30+00:00,0.0,0.0,0.0,0.0
Oasis - Henderson Avenue,167.0,10.0,75.06,2025-06-26 23:15:30+00:00,0.0,0.0,0.0,0.0
Oasis - Henderson Avenue,167.0,10.0,75.06,2025-06-26 23:30:30+00:00,0.0,0.0,0.0,0.0
Oasis - Henderson Avenue,167.0,10.0,75.06,2025-06-26 23:45:30+00:00,0.0,0.0,0.0,0.0
Oasis - Henderson Avenue,167.0,10.0,75.06,2025-06-27 00:00:30+00:00,0.0,0.0,0.0,0.0
Oasis - Henderson Avenue,167.0,10.0,75.06,2025-06-27 00:15:30+00:00,0.0,0.0,0.0,0.0
Oasis - Henderson Avenue,167.0,10.0,75.06,2025-06-27 00:30:30+00:00,0.0,0.0,0.0,0.0
Oasis - Henderson Avenue,167.0,10.0,75.06,2025-06-27 00:45:30+00:00,0.0,0.0,0.0,0.0
Oasis - Henderson Avenue,167.0,10.0,75.06,2025-06-27 01:00:30+00:00,0.0,0.0,0.0,0.0
Oasis - Henderson Avenue,167.0,10.0,75.06,2025-06-27 01:15:30+00:00,0.0,0.0,0.0,0.0
Oasis - Henderson Avenue,167.0,10.0,75.06,2025-06-27 01:30:30+00:00,0.0,0.0,0.0,0.0
Oasis - Henderson Avenue,167.0,10.0,75.06,2025-06-27 01:45:30+00:00,0.0,0.0,0.0,0.0
Oasis - Henderson Avenue,167.0,10.0,75.06,2025-06-27 02:00:30+00:00,0.0,0.0,0.0,0.0
Oasis - Henderson Avenue,167.0,10.0,75.06,2025-06-27 02:15:30+00:00,0.0,0.0,0.0,0.0
Oasis - Henderson Avenue,167.0,10.0,75.06,2025-06-27 02:30:30+00:00,0.0,0.0,0.0,0.0
Oasis - Henderson Avenue,167.0,10.0,75.06,2025-06-27 02:45:30+00:00,0.0,0.0,0.0,0.0
Oasis - Henderson Avenue,167.0,10.0,75.06,2025-06-27 03:00:30+00:00,0.0,0.0,0.0,0.0
Oasis - Henderson Avenue,167.0,10.0,75.06,2025-06-27 03:15:30+00:00,0.0,0.0,0.0,0.0
Oasis - Henderson Avenue,167.0,10.0,75.06,2025-06-27 03:30:30+00:00,0.0,0.0,0.0,0.0
Oasis - Henderson Avenue,167.0,10.0,75.06,2025-06-27 03:45:30+00:00,0.00125,0.00075,0.00175,0.00125
Oasis - Henderson Avenue,167.0,10.0,75.06,2025-06-27 04:00:30+00:00,0.00375,0.00175,0.00525,0.004
Oasis - Henderson Avenue,167.0,10.0,75.06,2025-06-27 04:15:30+00:00,0.0065,0.0035,0.01,0.008
Oasis - Henderson Avenue,167.0,10.0,75.06,2025-06-27 04:30:30+00:00,0.0145,0.0065,0.01575,0.01775
Oasis - Henderson Avenue,167.0,10.0,75.06,2025-06-27 04:45:30+00:00,0.022,0.0055,0.02375,0.02575
Oasis - Henderson Avenue,167.0,10.0,75.06,2025-06-27 05:00:30+00:00,0.01475,0.0035,0.03425,0.0155
Oasis - Henderson Avenue,167.0,10.0,75.06,2025-06-27 05:15:30+00:00,0.02075,0.004,0.0435,0.02125
Oasis - Henderson Avenue,167.0,10.0,75.06,2025-06-27 05:30:30+00:00,0.033,0.0085,0.05275,0.03425
Oasis - Henderson Avenue,167.0,10.0,75.06,2025-06-27 05:45:30+00:00,0.04475,0.02275,0.063,0.046
Oasis - Henderson Avenue,167.0,10.0,75.06,2025-06-27 06:00:30+00:00,0.066,0.0385,0.074,0.0665
Oasis - Henderson Avenue,167.0,10.0,75.06,2025-06-27 06:15:30+00:00,0.074,0.05475,0.08525,0.0735
Oasis - Henderson Avenue,167.0,10.0,75.06,2025-06-27 06:30:30+00:00,0.0765,0.06525,0.09375,0.0755
Oasis - Henderson Avenue,167.0,10.0,75.06,2025-06-27 06:45:30+00:00,0.08875,0.0765,0.10325,0.086
Oasis - Henderson Avenue,167.0,10.0,75.06,2025-06-27 07:00:30+00:00,0.104,0.08825,0.1175,0.09975
Oasis - Henderson Avenue,167.0,10.0,75.06,2025-06-27 07:15:30+00:00,0.1155,0.102,0.13025,0.11
Oasis - Henderson Avenue,167.0,10.0,75.06,2025-06-27 07:30:30+00:00,0.12925,0.11675,0.14075,0.1215
Oasis - Henderson Avenue,167.0,10.0,75.06,2025-06-27 07:45:30+00:00,0.141,0.13025,0.15025,0.13175
Oasis - Henderson Avenue,167.0,10.0,75.06,2025-06-27 08:00:30+00:00,0.15025,0.1395,0.1595,0.14
Oasis - Henderson Avenue,167.0,10.0,75.06,2025-06-27 08:15:30+00:00,0.15675,0.14725,0.1675,0.1455
Oasis - Henderson Avenue,167.0,10.0,75.06,2025-06-27 08:30:30+00:00,0.16475,0.1555,0.17525,0.15225
Oasis - Henderson Avenue,167.0,10.0,75.06,2025-06-27 08:45:30+00:00,0.17475,0.16425,0.1845,0.16125
Oasis - Henderson Avenue,167.0,10.0,75.06,2025-06-27 09:00:30+00:00,0.1835,0.17275,0.194,0.16875
Oasis - Henderson Avenue,167.0,10.0,75.06,2025-06-27 09:15:30+00:00,0.19125,0.17675,0.20225,0.17575
Oasis - Henderson Avenue,167.0,10.0,75.06,2025-06-27 09:30:30+00:00,0.19325,0.18025,0.211,0.1775
Oasis - Henderson Avenue,167.0,10.0,75.06,2025-06-27 09:45:30+00:00,0.2025,0.181,0.2175,0.18575
Oasis - Henderson Avenue,167.0,10.0,75.06,2025-06-27 10:00:30+00:00,0.2015,0.18,0.22425,0.18525
Oasis - Henderson Avenue,167.0,10.0,75.06,2025-06-27 10:15:30+00:00,0.20125,0.17725,0.22625,0.18575
Oasis - Henderson Avenue,167.0,10.0,75.06,2025-06-27 10:30:30+00:00,0.20275,0.17225,0.2305,0.187
Oasis - Henderson Avenue,167.0,10.0,75.06,2025-06-27 10:45:30+00:00,0.1995,0.1765,0.23975,0.1845
Oasis - Henderson Avenue,167.0,10.0,75.06,2025-06-27 11:00:30+00:00,0.2235,0.18475,0.253,0.2055
Oasis - Henderson Avenue,167.0,10.0,75.06,2025-06-27 11:15:30+00:00,0.232,0.20125,0.2555,0.2135
Oasis - Henderson Avenue,167.0,10.0,75.06,2025-06-27 11:30:30+00:00,0.23275,0.20925,0.254,0.21425
Oasis - Henderson Avenue,167.0,10.0,75.06,2025-06-27 11:45:30+00:00,0.22925,0.21325,0.24525,0.2115
Oasis - Henderson Avenue,167.0,10.0,75.06,2025-06-27 12:00:30+00:00,0.225,0.209,0.24375,0.20825
Oasis - Henderson Avenue,167.0,10.0,75.06,2025-06-27 12:15:30+00:00,0.22425,0.17575,0.255,0.208
Oasis - Henderson Avenue,167.0,10.0,75.06,2025-06-27 12:30:30+00:00,0.225,0.14625,0.25275,0.20925
Oasis - Henderson Avenue,167.0,10.0,75.06,2025-06-27 12:45:30+00:00,0.2305,0.083,0.24925,0.2155
Oasis - Henderson Avenue,167.0,10.0,75.06,2025-06-27 13:00:30+00:00,0.1205,0.07075,0.2415,0.11475
Oasis - Henderson Avenue,167.0,10.0,75.06,2025-06-27 13:15:30+00:00,0.18525,0.0665,0.2395,0.17525
Oasis - Henderson Avenue,167.0,10.0,75.06,2025-06-27 13:30:30+00:00,0.20825,0.1105,0.23475,0.197
Oasis - Henderson Avenue,167.0,10.0,75.06,2025-06-27 13:45:30+00:00,0.1985,0.13475,0.2285,0.18875
Oasis - Henderson Avenue,167.0,10.0,75.06,2025-06-27 14:00:30+00:00,0.20325,0.12925,0.221,0.1945
Oasis - Henderson Avenue,167.0,10.0,75.06,2025-06-27 14:15:30+00:00,0.15175,0.11475,0.21125,0.1475
Oasis - Henderson Avenue,167.0,10.0,75.06,2025-06-27 14:30:30+00:00,0.1665,0.089,0.20425,0.16175
Oasis - Henderson Avenue,167.0,10.0,75.06,2025-06-27 14:45:30+00:00,0.125,0.09075,0.193,0.12375
Oasis - Henderson Avenue,167.0,10.0,75.06,2025-06-27 15:00:30+00:00,0.149,0.09325,0.186,0.14675
Oasis - Henderson Avenue,167.0,10.0,75.06,2025-06-27 15:15:30+00:00,0.158,0.111,0.17625,0.15675
Oasis - Henderson Avenue,167.0,10.0,75.06,2025-06-27 15:30:30+00:00,0.146,0.12175,0.16575,0.14625
Oasis - Henderson Avenue,167.0,10.0,75.06,2025-06-27 15:45:30+00:00,0.13825,0.12575,0.14975,0.13975
Oasis - Henderson Avenue,167.0,10.0,75.06,2025-06-27 16:00:30+00:00,0.1285,0.12125,0.13575,0.13175
Oasis - Henderson Avenue,167.0,10.0,75.06,2025-06-27 16:15:30+00:00,0.11875,0.112,0.12525,0.1235
Oasis - Henderson Avenue,167.0,10.0,75.06,2025-06-27 16:30:30+00:00,0.10875,0.10225,0.11375,0.11475
Oasis - Henderson Avenue,167.0,10.0,75.06,2025-06-27 16:45:30+00:00,0.0965,0.09225,0.10275,0.10375
Oasis - Henderson Avenue,167.0,10.0,75.06,2025-06-27 17:00:30+00:00,0.0875,0.08225,0.092,0.096
Oasis - Henderson Avenue,167.0,10.0,75.06,2025-06-27 17:15:30+00:00,0.07725,0.07225,0.082,0.087
Oasis - Henderson Avenue,167.0,10.0,75.06,2025-06-27 17:30:30+00:00,0.067,0.0605,0.07375,0.07775
Oasis - Henderson Avenue,167.0,10.0,75.06,2025-06-27 17:45:30+00:00,0.05725,0.04875,0.06325,0.069
Oasis - Henderson Avenue,167.0,10.0,75.06,2025-06-27 18:00:30+00:00,0.0475,0.036,0.0535,0.0585
Oasis - Henderson Avenue,167.0,10.0,75.06,2025-06-27 18:15:30+00:00,0.03575,0.0265,0.0445,0.04525
Oasis - Henderson Avenue,167.0,10.0,75.06,2025-06-27 18:30:30+00:00,0.02875,0.01675,0.03575,0.03775
Oasis - Henderson Avenue,167.0,10.0,75.06,2025-06-27 18:45:30+00:00,0.0195,0.0135,0.02925,0.02525
Oasis - Henderson Avenue,167.0,10.0,75.06,2025-06-27 19:00:30+00:00,0.01625,0.00875,0.01975,0.02375
Oasis - Henderson Avenue,167.0,10.0,75.06,2025-06-27 19:15:30+00:00,0.009,0.00525,0.01,0.01875
Oasis - Henderson Avenue,167.0,10.0,75.06,2025-06-27 19:30:30+00:00,0.006,0.00375,0.00675,0.012
Oasis - Henderson Avenue,167.0,10.0,75.06,2025-06-27 19:45:30+00:00,0.00475,0.0035,0.00525,0.006
Oasis - Henderson Avenue,167.0,10.0,75.06,2025-06-27 20:00:30+00:00,0.0025,0.002,0.00275,0.00275
Oasis - Henderson Avenue,167.0,10.0,75.06,2025-06-27 20:15:30+00:00,0.0005,0.00025,0.0005,0.0005
Oasis - Henderson Avenue,167.0,10.0,75.06,2025-06-27 20:30:30+00:00,0.0,0.0,0.0,0.0
Oasis - Henderson Avenue,167.0,10.0,75.06,2025-06-27 20:45:30+00:00,0.0,0.0,0.0,0.0
Oasis - Henderson Avenue,167.0,10.0,75.06,2025-06-27 21:00:30+00:00,0.0,0.0,0.0,0.0
Oasis - Henderson Avenue,167.0,10.0,75.06,2025-06-27 21:15:30+00:00,0.0,0.0,0.0,0.0
Oasis - Henderson Avenue,167.0,10.0,75.06,2025-06-27 21:30:30+00:00,0.0,0.0,0.0,0.0
Oasis - Henderson Avenue,167.0,10.0,75.06,2025-06-27 21:45:30+00:00,0.0,0.0,0.0,0.0
Oasis - Henderson Avenue,167.0,10.0,75.06,2025-06-27 22:00:30+00:00,0.0,0.0,0.0,0.0
Oasis - Henderson Avenue,167.0,10.0,75.06,2025-06-27 22:15:30+00:00,0.0,0.0,0.0,0.0
Oasis - Henderson Avenue,167.0,10.0,75.06,2025-06-27 22:30:30+00:00,0.0,0.0,0.0,0.0
Oasis - Henderson Avenue,167.0,10.0,75.06,2025-06-27 22:45:30+00:00,0.0,0.0,0.0,0.0
Oasis - Henderson Avenue,167.0,10.0,75.06,2025-06-27 23:00:30+00:00,0.0,0.0,0.0,0.0
Oasis - Henderson Avenue,167.0,10.0,75.06,2025-06-27 23:15:30+00:00,0.0,0.0,0.0,0.0
Oasis - Henderson Avenue,167.0,10.0,75.06,2025-06-27 23:30:30+00:00,0.0,0.0,0.0,0.0
Oasis - Henderson Avenue,167.0,10.0,75.06,2025-06-27 23:45:30+00:00,0.0,0.0,0.0,0.0
Oasis - Henderson Avenue,167.0,10.0,75.06,2025-06-28 00:00:30+00:00,0.0,0.0,0.0,0.0
Oasis - Henderson Avenue,167.0,10.0,75.06,2025-06-28 00:15:30+00:00,0.0,0.0,0.0,0.0
Oasis - Henderson Avenue,167.0,10.0,75.06,2025-06-28 00:30:30+00:00,0.0,0.0,0.0,0.0
Oasis - Henderson Avenue,167.0,10.0,75.06,2025-06-28 00:45:30+00:00,0.0,0.0,0.0,0.0
Oasis - Henderson Avenue,167.0,10.0,75.06,2025-06-28 01:00:30+00:00,0.0,0.0,0.0,0.0
Oasis - Henderson Avenue,167.0,10.0,75.06,2025-06-28 01:15:30+00:00,0.0,0.0,0.0,0.0
Oasis - Henderson Avenue,167.0,10.0,75.06,2025-06-28 01:30:30+00:00,0.0,0.0,0.0,0.0
Oasis - Henderson Avenue,167.0,10.0,75.06,2025-06-28 01:45:30+00:00,0.0,0.0,0.0,0.0
Oasis - Henderson Avenue,167.0,10.0,75.06,2025-06-28 02:00:30+00:00,0.0,0.0,0.0,0.0
Oasis - Henderson Avenue,167.0,10.0,75.06,2025-06-28 02:15:30+00:00,0.0,0.0,0.0,0.0
Oasis - Henderson Avenue,167.0,10.0,75.06,2025-06-28 02:30:30+00:00,0.0,0.0,0.0,0.0
Oasis - Henderson Avenue,167.0,10.0,75.06,2025-06-28 02:45:30+00:00,0.0,0.0,0.0,0.0
Oasis - Henderson Avenue,167.0,10.0,75.06,2025-06-28 03:00:30+00:00,0.0,0.0,0.0,0.0
Oasis - Henderson Avenue,167.0,10.0,75.06,2025-06-28 03:15:30+00:00,0.0,0.0,0.0,0.0
Oasis - Henderson Avenue,167.0,10.0,75.06,2025-06-28 03:30:30+00:00,0.0,0.0,0.0,0.0
Oasis - Henderson Avenue,167.0,10.0,75.06,2025-06-28 03:45:30+00:00,0.0005,0.0,0.0015,0.0005
Oasis - Henderson Avenue,167.0,10.0,75.06,2025-06-28 04:00:30+00:00,0.00175,0.0005,0.004,0.00175
Oasis - Henderson Avenue,167.0,10.0,75.06,2025-06-28 04:15:30+00:00,0.00375,0.001,0.00725,0.00375
Oasis - Henderson Avenue,167.0,10.0,75.06,2025-06-28 04:30:30+00:00,0.006,0.0015,0.01125,0.00625
Oasis - Henderson Avenue,167.0,10.0,75.06,2025-06-28 04:45:30+00:00,0.008,0.002,0.01625,0.008
Oasis - Henderson Avenue,167.0,10.0,75.06,2025-06-28 05:00:30+00:00,0.0125,0.0035,0.0225,0.01275
Oasis - Henderson Avenue,167.0,10.0,75.06,2025-06-28 05:15:30+00:00,0.01825,0.008,0.029,0.01875
Oasis - Henderson Avenue,167.0,10.0,75.06,2025-06-28 05:30:30+00:00,0.0245,0.0085,0.035,0.02525
Oasis - Henderson Avenue,167.0,10.0,75.06,2025-06-28 05:45:30+00:00,0.0225,0.00775,0.0465,0.023
Oasis - Henderson Avenue,167.0,10.0,75.06,2025-06-28 06:00:30+00:00,0.03425,0.00775,0.06275,0.03475
Oasis - Henderson Avenue,167.0,10.0,75.06,2025-06-28 06:15:30+00:00,0.04925,0.0195,0.0825,0.0495
Oasis - Henderson Avenue,167.0,10.0,75.06,2025-06-28 06:30:30+00:00,0.06975,0.03775,0.09525,0.06875
Oasis - Henderson Avenue,167.0,10.0,75.06,2025-06-28 06:45:30+00:00,0.08,0.054,0.10525,0.07825
Oasis - Henderson Avenue,167.0,10.0,75.06,2025-06-28 07:00:30+00:00,0.08875,0.05625,0.1095,0.08625
Oasis - Henderson Avenue,167.0,10.0,75.06,2025-06-28 07:15:30+00:00,0.0785,0.0485,0.11375,0.07675
Oasis - Henderson Avenue,167.0,10.0,75.06,2025-06-28 07:30:30+00:00,0.076,0.035,0.1195,0.075
Oasis - Henderson Avenue,167.0,10.0,75.06,2025-06-28 07:45:30+00:00,0.077,0.025,0.12975,0.07575
Oasis - Henderson Avenue,167.0,10.0,75.06,2025-06-28 08:00:30+00:00,0.078,0.03725,0.1595,0.07675
Oasis - Henderson Avenue,167.0,10.0,75.06,2025-06-28 08:15:30+00:00,0.146,0.0355,0.17375,0.13825
Oasis - Henderson Avenue,167.0,10.0,75.06,2025-06-28 08:30:30+00:00,0.08475,0.04025,0.18175,0.0815
Oasis - Henderson Avenue,167.0,10.0,75.06,2025-06-28 08:45:30+00:00,0.11075,0.03075,0.1865,0.106
Oasis - Henderson Avenue,167.0,10.0,75.06,2025-06-28 09:00:30+00:00,0.12925,0.0645,0.20075,0.12325
Oasis - Henderson Avenue,167.0,10.0,75.06,2025-06-28 09:15:30+00:00,0.18275,0.0905,0.21475,0.1695
Oasis - Henderson Avenue,167.0,10.0,75.06,2025-06-28 09:30:30+00:00,0.156,0.11575,0.22,0.14625
Oasis - Henderson Avenue,167.0,10.0,75.06,2025-06-28 09:45:30+00:00,0.1685,0.1255,0.205,0.1575
Oasis - Henderson Avenue,167.0,10.0,75.06,2025-06-28 10:00:30+00:00,0.17,0.13025,0.20675,0.159
Oasis - Henderson Avenue,167.0,10.0,75.06,2025-06-28 10:15:30+00:00,0.1665,0.127,0.2055,0.15575
Oasis - Henderson Avenue,167.0,10.0,75.06,2025-06-28 10:30:30+00:00,0.16175,0.11275,0.2005,0.1515
Oasis - Henderson Avenue,167.0,10.0,75.06,2025-06-28 10:45:30+00:00,0.13925,0.11225,0.195,0.13275
Oasis - Henderson Avenue,167.0,10.0,75.06,2025-06-28 11:00:30+00:00,0.1645,0.108,0.19325,0.15425
Oasis - Henderson Avenue,167.0,10.0,75.06,2025-06-28 11:15:30+00:00,0.143,0.09775,0.19425,0.13625
Oasis - Henderson Avenue,167.0,10.0,75.06,2025-06-28 11:30:30+00:00,0.13025,0.09025,0.20375,0.12625
Oasis - Henderson Avenue,167.0,10.0,75.06,2025-06-28 11:45:30+00:00,0.17425,0.09525,0.23475,0.1635
Oasis - Henderson Avenue,167.0,10.0,75.06,2025-06-28 12:00:30+00:00,0.18525,0.11725,0.254,0.174
Oasis - Henderson Avenue,167.0,10.0,75.06,2025-06-28 12:15:30+00:00,0.19825,0.136,0.256,0.185
Oasis - Henderson Avenue,167.0,10.0,75.06,2025-06-28 12:30:30+00:00,0.2075,0.16075,0.254,0.19425
Oasis - Henderson Avenue,167.0,10.0,75.06,2025-06-28 12:45:30+00:00,0.2185,0.1775,0.252,0.204
Oasis - Henderson Avenue,167.0,10.0,75.06,2025-06-28 13:00:30+00:00,0.221,0.1915,0.24675,0.207
Oasis - Henderson Avenue,167.0,10.0,75.06,2025-06-28 13:15:30+00:00,0.21775,0.19925,0.236,0.20475
Oasis - Henderson Avenue,167.0,10.0,75.06,2025-06-28 13:30:30+00:00,0.21375,0.20125,0.2255,0.202
Oasis - Henderson Avenue,167.0,10.0,75.06,2025-06-28 13:45:30+00:00,0.2085,0.19875,0.2175,0.198
Oasis - Henderson Avenue,167.0,10.0,75.06,2025-06-28 14:00:30+00:00,0.20175,0.19325,0.21025,0.19275
Oasis - Henderson Avenue,167.0,10.0,75.06,2025-06-28 14:15:30+00:00,0.19475,0.18675,0.20275,0.187
Oasis - Henderson Avenue,167.0,10.0,75.06,2025-06-28 14:30:30+00:00,0.1875,0.17975,0.19475,0.1815
Oasis - Henderson Avenue,167.0,10.0,75.06,2025-06-28 14:45:30+00:00,0.17925,0.172,0.18625,0.17475
Oasis - Henderson Avenue,167.0,10.0,75.06,2025-06-28 15:00:30+00:00,0.17025,0.1635,0.177,0.16725
Oasis - Henderson Avenue,167.0,10.0,75.06,2025-06-28 15:15:30+00:00,0.161,0.1545,0.16725,0.1595
Oasis - Henderson Avenue,167.0,10.0,75.06,2025-06-28 15:30:30+00:00,0.15125,0.145,0.15725,0.1515
Oasis - Henderson Avenue,167.0,10.0,75.06,2025-06-28 15:45:30+00:00,0.14125,0.1355,0.14675,0.143
Oasis - Henderson Avenue,167.0,10.0,75.06,2025-06-28 16:00:30+00:00,0.13075,0.1255,0.136,0.13425
Oasis - Henderson Avenue,167.0,10.0,75.06,2025-06-28 16:15:30+00:00,0.1205,0.11575,0.12525,0.12525
Oasis - Henderson Avenue,167.0,10.0,75.06,2025-06-28 16:30:30+00:00,0.11,0.1055,0.11425,0.1165
Oasis - Henderson Avenue,167.0,10.0,75.06,2025-06-28 16:45:30+00:00,0.0995,0.09525,0.1035,0.107
Oasis - Henderson Avenue,167.0,10.0,75.06,2025-06-28 17:00:30+00:00,0.0885,0.08475,0.0925,0.0975
Oasis - Henderson Avenue,167.0,10.0,75.06,2025-06-28 17:15:30+00:00,0.078,0.074,0.082,0.08825
Oasis - Henderson Avenue,167.0,10.0,75.06,2025-06-28 17:30:30+00:00,0.0675,0.063,0.072,0.0785
Oasis - Henderson Avenue,167.0,10.0,75.06,2025-06-28 17:45:30+00:00,0.0575,0.05225,0.06275,0.06925
Oasis - Henderson Avenue,167.0,10.0,75.06,2025-06-28 18:00:30+00:00,0.0475,0.042,0.05325,0.06025
Oasis - Henderson Avenue,167.0,10.0,75.06,2025-06-28 18:15:30+00:00,0.03825,0.0325,0.04275,0.05125
Oasis - Henderson Avenue,167.0,10.0,75.06,2025-06-28 18:30:30+00:00,0.0295,0.0245,0.03325,0.0425
Oasis - Henderson Avenue,167.0,10.0,75.06,2025-06-28 18:45:30+00:00,0.0215,0.017,0.024,0.03425
Oasis - Henderson Avenue,167.0,10.0,75.06,2025-06-28 19:00:30+00:00,0.014,0.01075,0.016,0.026
Oasis - Henderson Avenue,167.0,10.0,75.06,2025-06-28 19:15:30+00:00,0.008,0.00575,0.00925,0.0185
Oasis - Henderson Avenue,167.0,10.0,75.06,2025-06-28 19:30:30+00:00,0.00575,0.004,0.00675,0.01175
Oasis - Henderson Avenue,167.0,10.0,75.06,2025-06-28 19:45:30+00:00,0.00475,0.0035,0.00575,0.006
Oasis - Henderson Avenue,167.0,10.0,75.06,2025-06-28 20:00:30+00:00,0.0025,0.00175,0.003,0.00275
Oasis - Henderson Avenue,167.0,10.0,75.06,2025-06-28 20:15:30+00:00,0.0005,0.00025,0.0005,0.0005
Oasis - Henderson Avenue,167.0,10.0,75.06,2025-06-28 20:30:30+00:00,0.0,0.0,0.0,0.0
Oasis - Henderson Avenue,167.0,10.0,75.06,2025-06-28 20:45:30+00:00,0.0,0.0,0.0,0.0
Oasis - Henderson Avenue,167.0,10.0,75.06,2025-06-28 21:00:30+00:00,0.0,0.0,0.0,0.0
Oasis - Henderson Avenue,167.0,10.0,75.06,2025-06-28 21:15:30+00:00,0.0,0.0,0.0,0.0
Oasis - Henderson Avenue,167.0,10.0,75.06,2025-06-28 21:30:30+00:00,0.0,0.0,0.0,0.0
Oasis - Henderson Avenue,167.0,10.0,75.06,2025-06-28 21:45:30+00:00,0.0,0.0,0.0,0.0
Oasis - Henderson Avenue,167.0,10.0,75.06,2025-06-28 22:00:30+00:00,0.0,0.0,0.0,0.0
Oasis - Henderson Avenue,167.0,10.0,75.06,2025-06-28 22:15:30+00:00,0.0,0.0,0.0,0.0
Oasis - Henderson Avenue,167.0,10.0,75.06,2025-06-28 22:30:30+00:00,0.0,0.0,0.0,0.0
Oasis - Henderson Avenue,167.0,10.0,75.06,2025-06-28 22:45:30+00:00,0.0,0.0,0.0,0.0
Oasis - Henderson Avenue,167.0,10.0,75.06,2025-06-28 23:00:30+00:00,0.0,0.0,0.0,0.0
Oasis - Henderson Avenue,167.0,10.0,75.06,2025-06-28 23:15:30+00:00,0.0,0.0,0.0,0.0
Oasis - Henderson Avenue,167.0,10.0,75.06,2025-06-28 23:30:30+00:00,0.0,0.0,0.0,0.0
Oasis - Henderson Avenue,167.0,10.0,75.06,2025-06-28 23:45:30+00:00,0.0,0.0,0.0,0.0
Oasis - Henderson Avenue,167.0,10.0,75.06,2025-06-29 00:00:30+00:00,0.0,0.0,0.0,0.0
Oasis - Henderson Avenue,167.0,10.0,75.06,2025-06-29 00:15:30+00:00,0.0,0.0,0.0,0.0
Oasis - Henderson Avenue,167.0,10.0,75.06,2025-06-29 00:30:30+00:00,0.0,0.0,0.0,0.0
Oasis - Henderson Avenue,167.0,10.0,75.06,2025-06-29 00:45:30+00:00,0.0,0.0,0.0,0.0
Oasis - Henderson Avenue,167.0,10.0,75.06,2025-06-29 01:00:30+00:00,0.0,0.0,0.0,0.0
Oasis - Henderson Avenue,167.0,10.0,75.06,2025-06-29 01:15:30+00:00,0.0,0.0,0.0,0.0
Oasis - Henderson Avenue,167.0,10.0,75.06,2025-06-29 01:30:30+00:00,0.0,0.0,0.0,0.0
Oasis - Henderson Avenue,167.0,10.0,75.06,2025-06-29 01:45:30+00:00,0.0,0.0,0.0,0.0
Oasis - Henderson Avenue,167.0,10.0,75.06,2025-06-29 02:00:30+00:00,0.0,0.0,0.0,0.0
Oasis - Henderson Avenue,167.0,10.0,75.06,2025-06-29 02:15:30+00:00,0.0,0.0,0.0,0.0
Oasis - Henderson Avenue,167.0,10.0,75.06,2025-06-29 02:30:30+00:00,0.0,0.0,0.0,0.0
Oasis - Henderson Avenue,167.0,10.0,75.06,2025-06-29 02:45:30+00:00,0.0,0.0,0.0,0.0
Oasis - Henderson Avenue,167.0,10.0,75.06,2025-06-29 03:00:30+00:00,0.0,0.0,0.0,0.0
Oasis - Henderson Avenue,167.0,10.0,75.06,2025-06-29 03:15:30+00:00,0.0,0.0,0.0,0.0
Oasis - Henderson Avenue,167.0,10.0,75.06,2025-06-29 03:30:30+00:00,0.0,0.0,0.0,0.0
Oasis - Henderson Avenue,167.0,10.0,75.06,2025-06-29 03:45:30+00:00,0.0005,0.0,0.0015,0.0005
Oasis - Henderson Avenue,167.0,10.0,75.06,2025-06-29 04:00:30+00:00,0.0015,0.0005,0.00475,0.00175
Oasis - Henderson Avenue,167.0,10.0,75.06,2025-06-29 04:15:30+00:00,0.00325,0.00075,0.011,0.00325
Oasis - Henderson Avenue,167.0,10.0,75.06,2025-06-29 04:30:30+00:00,0.0095,0.00225,0.0165,0.011
Oasis - Henderson Avenue,167.0,10.0,75.06,2025-06-29 04:45:30+00:00,0.01925,0.00825,0.02325,0.02225
Oasis - Henderson Avenue,167.0,10.0,75.06,2025-06-29 05:00:30+00:00,0.0285,0.01575,0.03175,0.032
Oasis - Henderson Avenue,167.0,10.0,75.06,2025-06-29 05:15:30+00:00,0.03375,0.02275,0.0415,0.0365
Oasis - Henderson Avenue,167.0,10.0,75.06,2025-06-29 05:30:30+00:00,0.0395,0.031,0.05175,0.04125
Oasis - Henderson Avenue,167.0,10.0,75.06,2025-06-29 05:45:30+00:00,0.05175,0.03625,0.0625,0.05325
Oasis - Henderson Avenue,167.0,10.0,75.06,2025-06-29 06:00:30+00:00,0.064,0.036,0.0735,0.0645
Oasis - Henderson Avenue,167.0,10.0,75.06,2025-06-29 06:15:30+00:00,0.06375,0.027,0.08475,0.06375
Oasis - Henderson Avenue,167.0,10.0,75.06,2025-06-29 06:30:30+00:00,0.05575,0.014,0.095,0.0555
Oasis - Henderson Avenue,167.0,10.0,75.06,2025-06-29 06:45:30+00:00,0.04675,0.00925,0.08825,0.04675
Oasis - Henderson Avenue,167.0,10.0,75.06,2025-06-29 07:00:30+00:00,0.043,0.01325,0.0755,0.04325
Oasis - Henderson Avenue,167.0,10.0,75.06,2025-06-29 07:15:30+00:00,0.0435,0.02425,0.0685,0.04375
Oasis - Henderson Avenue,167.0,10.0,75.06,2025-06-29 07:30:30+00:00,0.05275,0.03475,0.07125,0.053
Oasis - Henderson Avenue,167.0,10.0,75.06,2025-06-29 07:45:30+00:00,0.0625,0.04375,0.079,0.0625
Oasis - Henderson Avenue,167.0,10.0,75.06,2025-06-29 08:00:30+00:00,0.06925,0.05075,0.087,0.0685
Oasis - Henderson Avenue,167.0,10.0,75.06,2025-06-29 08:15:30+00:00,0.07425,0.053,0.09225,0.07325
Oasis - Henderson Avenue,167.0,10.0,75.06,2025-06-29 08:30:30+00:00,0.07325,0.0485,0.09475,0.073
Oasis - Henderson Avenue,167.0,10.0,75.06,2025-06-29 08:45:30+00:00,0.06725,0.04325,0.0945,0.06725
Oasis - Henderson Avenue,167.0,10.0,75.06,2025-06-29 09:00:30+00:00,0.06575,0.04125,0.0925,0.06575
Oasis - Henderson Avenue,167.0,10.0,75.06,2025-06-29 09:15:30+00:00,0.0675,0.04175,0.0915,0.0675
Oasis - Henderson Avenue,167.0,10.0,75.06,2025-06-29 09:30:30+00:00,0.06625,0.0405,0.09,0.066
Oasis - Henderson Avenue,167.0,10.0,75.06,2025-06-29 09:45:30+00:00,0.06125,0.03775,0.08725,0.0615
Oasis - Henderson Avenue,167.0,10.0,75.06,2025-06-29 10:00:30+00:00,0.05975,0.0325,0.0875,0.06
Oasis - Henderson Avenue,167.0,10.0,75.06,2025-06-29 10:15:30+00:00,0.05825,0.031,0.0935,0.0585
Oasis - Henderson Avenue,167.0,10.0,75.06,2025-06-29 10:30:30+00:00,0.06875,0.0345,0.1065,0.0685
Oasis - Henderson Avenue,167.0,10.0,75.06,2025-06-29 10:45:30+00:00,0.08375,0.03975,0.1235,0.08325
Oasis - Henderson Avenue,167.0,10.0,75.06,2025-06-29 11:00:30+00:00,0.09275,0.04275,0.1385,0.091
Oasis - Henderson Avenue,167.0,10.0,75.06,2025-06-29 11:15:30+00:00,0.09325,0.04925,0.1525,0.09125
Oasis - Henderson Avenue,167.0,10.0,75.06,2025-06-29 11:30:30+00:00,0.117,0.06375,0.16825,0.11375
Oasis - Henderson Avenue,167.0,10.0,75.06,2025-06-29 11:45:30+00:00,0.13825,0.07925,0.186,0.13225
Oasis - Henderson Avenue,167.0,10.0,75.06,2025-06-29 12:00:30+00:00,0.14,0.0715,0.1945,0.134
Oasis - Henderson Avenue,167.0,10.0,75.06,2025-06-29 12:15:30+00:00,0.118,0.04575,0.1845,0.115
Oasis - Henderson Avenue,167.0,10.0,75.06,2025-06-29 12:30:30+00:00,0.0875,0.0215,0.16075,0.08625
Oasis - Henderson Avenue,167.0,10.0,75.06,2025-06-29 12:45:30+00:00,0.067,0.01775,0.127,0.067
Oasis - Henderson Avenue,167.0,10.0,75.06,2025-06-29 13:00:30+00:00,0.06325,0.027,0.104,0.0635
Oasis - Henderson Avenue,167.0,10.0,75.06,2025-06-29 13:15:30+00:00,0.066,0.0345,0.0995,0.06625
Oasis - Henderson Avenue,167.0,10.0,75.06,2025-06-29 13:30:30+00:00,0.07125,0.03425,0.108,0.0715
Oasis - Henderson Avenue,167.0,10.0,75.06,2025-06-29 13:45:30+00:00,0.07525,0.034,0.12225,0.0755
Oasis - Henderson Avenue,167.0,10.0,75.06,2025-06-29 14:00:30+00:00,0.088,0.041,0.1325,0.08725
Oasis - Henderson Avenue,167.0,10.0,75.06,2025-06-29 14:15:30+00:00,0.0955,0.04725,0.14425,0.09475
Oasis - Henderson Avenue,167.0,10.0,75.06,2025-06-29 14:30:30+00:00,0.1035,0.04625,0.15375,0.103
Oasis - Henderson Avenue,167.0,10.0,75.06,2025-06-29 14:45:30+00:00,0.10025,0.04775,0.168,0.1
Oasis - Henderson Avenue,167.0,10.0,75.06,2025-06-29 15:00:30+00:00,0.1195,0.05425,0.1835,0.11875
Oasis - Henderson Avenue,167.0,10.0,75.06,2025-06-29 15:15:30+00:00,0.13525,0.073,0.17625,0.1345
Oasis - Henderson Avenue,167.0,10.0,75.06,2025-06-29 15:30:30+00:00,0.138,0.09125,0.1665,0.138
Oasis - Henderson Avenue,167.0,10.0,75.06,2025-06-29 15:45:30+00:00,0.135,0.106,0.1555,0.1365
Oasis - Henderson Avenue,167.0,10.0,75.06,2025-06-29 16:00:30+00:00,0.1285,0.11225,0.143,0.13175
Oasis - Henderson Avenue,167.0,10.0,75.06,2025-06-29 16:15:30+00:00,0.11875,0.10975,0.12725,0.12325
Oasis - Henderson Avenue,167.0,10.0,75.06,2025-06-29 16:30:30+00:00,0.1085,0.10225,0.11425,0.11425
Oasis - Henderson Avenue,167.0,10.0,75.06,2025-06-29 16:45:30+00:00,0.098,0.09175,0.10425,0.10525
Oasis - Henderson Avenue,167.0,10.0,75.06,2025-06-29 17:00:30+00:00,0.08775,0.0775,0.09675,0.09625
Oasis - Henderson Avenue,167.0,10.0,75.06,2025-06-29 17:15:30+00:00,0.07625,0.061,0.0865,0.0855
Oasis - Henderson Avenue,167.0,10.0,75.06,2025-06-29 17:30:30+00:00,0.064,0.045,0.076,0.07325
Oasis - Henderson Avenue,167.0,10.0,75.06,2025-06-29 17:45:30+00:00,0.05025,0.03225,0.0665,0.05775
Oasis - Henderson Avenue,167.0,10.0,75.06,2025-06-29 18:00:30+00:00,0.03775,0.02525,0.0545,0.04325
Oasis - Henderson Avenue,167.0,10.0,75.06,2025-06-29 18:15:30+00:00,0.03075,0.02025,0.043,0.03575
Oasis - Henderson Avenue,167.0,10.0,75.06,2025-06-29 18:30:30+00:00,0.026,0.017,0.03475,0.03125
Oasis - Henderson Avenue,167.0,10.0,75.06,2025-06-29 18:45:30+00:00,0.0205,0.01325,0.0285,0.026
Oasis - Henderson Avenue,167.0,10.0,75.06,2025-06-29 19:00:30+00:00,0.016,0.009,0.02025,0.02275
Oasis - Henderson Avenue,167.0,10.0,75.06,2025-06-29 19:15:30+00:00,0.01,0.006,0.015,0.014
Oasis - Henderson Avenue,167.0,10.0,75.06,2025-06-29 19:30:30+00:00,0.00675,0.00375,0.01125,0.008
Oasis - Henderson Avenue,167.0,10.0,75.06,2025-06-29 19:45:30+00:00,0.004,0.002,0.0065,0.00425
Oasis - Henderson Avenue,167.0,10.0,75.06,2025-06-29 20:00:30+00:00,0.00175,0.001,0.003,0.00175
Oasis - Henderson Avenue,167.0,10.0,75.06,2025-06-29 20:15:30+00:00,0.00025,0.00025,0.0005,0.00025
Oasis - Henderson Avenue,167.0,10.0,75.06,2025-06-29 20:30:30+00:00,0.0,0.0,0.0,0.0
Oasis - Henderson Avenue,167.0,10.0,75.06,2025-06-29 20:45:30+00:00,0.0,0.0,0.0,0.0
Oasis - Henderson Avenue,167.0,10.0,75.06,2025-06-29 21:00:30+00:00,0.0,0.0,0.0,0.0
Oasis - Henderson Avenue,167.0,10.0,75.06,2025-06-29 21:15:30+00:00,0.0,0.0,0.0,0.0
Oasis - Henderson Avenue,167.0,10.0,75.06,2025-06-29 21:30:30+00:00,0.0,0.0,0.0,0.0
Oasis - Henderson Avenue,167.0,10.0,75.06,2025-06-29 21:45:30+00:00,0.0,0.0,0.0,0.0
Oasis - Henderson Avenue,167.0,10.0,75.06,2025-06-29 22:00:30+00:00,0.0,0.0,0.0,0.0
Oasis - Henderson Avenue,167.0,10.0,75.06,2025-06-29 22:15:30+00:00,0.0,0.0,0.0,0.0
Oasis - Henderson Avenue,167.0,10.0,75.06,2025-06-29 22:30:30+00:00,0.0,0.0,0.0,0.0
Oasis - Henderson Avenue,167.0,10.0,75.06,2025-06-29 22:45:30+00:00,0.0,0.0,0.0,0.0
Oasis - Henderson Avenue,167.0,10.0,75.06,2025-06-29 23:00:30+00:00,0.0,0.0,0.0,0.0
Oasis - Henderson Avenue,167.0,10.0,75.06,2025-06-29 23:15:30+00:00,0.0,0.0,0.0,0.0
Oasis - Henderson Avenue,167.0,10.0,75.06,2025-06-29 23:30:30+00:00,0.0,0.0,0.0,0.0
Oasis - Henderson Avenue,167.0,10.0,75.06,2025-06-29 23:45:30+00:00,0.0,0.0,0.0,0.0
Oasis - Henderson Avenue,167.0,10.0,75.06,2025-06-30 00:00:30+00:00,0.0,0.0,0.0,0.0
Oasis - Henderson Avenue,167.0,10.0,75.06,2025-06-30 00:15:30+00:00,0.0,0.0,0.0,0.0
Oasis - Henderson Avenue,167.0,10.0,75.06,2025-06-30 00:30:30+00:00,0.0,0.0,0.0,0.0
Oasis - Henderson Avenue,167.0,10.0,75.06,2025-06-30 00:45:30+00:00,0.0,0.0,0.0,0.0
Oasis - Henderson Avenue,167.0,10.0,75.06,2025-06-30 01:00:30+00:00,0.0,0.0,0.0,0.0
Oasis - Henderson Avenue,167.0,10.0,75.06,2025-06-30 01:15:30+00:00,0.0,0.0,0.0,0.0
Oasis - Henderson Avenue,167.0,10.0,75.06,2025-06-30 01:30:30+00:00,0.0,0.0,0.0,0.0
Oasis - Henderson Avenue,167.0,10.0,75.06,2025-06-30 01:45:30+00:00,0.0,0.0,0.0,0.0
Oasis - Henderson Avenue,167.0,10.0,75.06,2025-06-30 02:00:30+00:00,0.0,0.0,0.0,0.0
Oasis - Henderson Avenue,167.0,10.0,75.06,2025-06-30 02:15:30+00:00,0.0,0.0,0.0,0.0
Oasis - Henderson Avenue,167.0,10.0,75.06,2025-06-30 02:30:30+00:00,0.0,0.0,0.0,0.0
Oasis - Henderson Avenue,167.0,10.0,75.06,2025-06-30 02:45:30+00:00,0.0,0.0,0.0,0.0
Oasis - Henderson Avenue,167.0,10.0,75.06,2025-06-30 03:00:30+00:00,0.0,0.0,0.0,0.0
Oasis - Henderson Avenue,167.0,10.0,75.06,2025-06-30 03:15:30+00:00,0.0,0.0,0.0,0.0
Oasis - Henderson Avenue,167.0,10.0,75.06,2025-06-30 03:30:30+00:00,0.0,0.0,0.0,0.0
Oasis - Henderson Avenue,167.0,10.0,75.06,2025-06-30 03:45:30+00:00,0.0005,0.00025,0.00125,0.0005
Oasis - Henderson Avenue,167.0,10.0,75.06,2025-06-30 04:00:30+00:00,0.00225,0.0005,0.0045,0.00225
Oasis - Henderson Avenue,167.0,10.0,75.06,2025-06-30 04:15:30+00:00,0.00475,0.001,0.0095,0.00475
Oasis - Henderson Avenue,167.0,10.0,75.06,2025-06-30 04:30:30+00:00,0.008,0.0025,0.017,0.00825
Oasis - Henderson Avenue,167.0,10.0,75.06,2025-06-30 04:45:30+00:00,0.01525,0.00575,0.02375,0.017
Oasis - Henderson Avenue,167.0,10.0,75.06,2025-06-30 05:00:30+00:00,0.0235,0.01275,0.03175,0.02575
Oasis - Henderson Avenue,167.0,10.0,75.06,2025-06-30 05:15:30+00:00,0.03075,0.02075,0.04075,0.033
Oasis - Henderson Avenue,167.0,10.0,75.06,2025-06-30 05:30:30+00:00,0.03825,0.03,0.04825,0.04
Oasis - Henderson Avenue,167.0,10.0,75.06,2025-06-30 05:45:30+00:00,0.048,0.03825,0.05725,0.04925
Oasis - Henderson Avenue,167.0,10.0,75.06,2025-06-30 06:00:30+00:00,0.057,0.04825,0.06825,0.05775
Oasis - Henderson Avenue,167.0,10.0,75.06,2025-06-30 06:15:30+00:00,0.07,0.05975,0.07925,0.0695
Oasis - Henderson Avenue,167.0,10.0,75.06,2025-06-30 06:30:30+00:00,0.08075,0.0725,0.08825,0.07925
Oasis - Henderson Avenue,167.0,10.0,75.06,2025-06-30 06:45:30+00:00,0.09025,0.084,0.0975,0.0875
Oasis - Henderson Avenue,167.0,10.0,75.06,2025-06-30 07:00:30+00:00,0.101,0.0945,0.1065,0.097
Oasis - Henderson Avenue,167.0,10.0,75.06,2025-06-30 07:15:30+00:00,0.11025,0.104,0.11825,0.105
Oasis - Henderson Avenue,167.0,10.0,75.06,2025-06-30 07:30:30+00:00,0.12225,0.11325,0.13025,0.1155
Oasis - Henderson Avenue,167.0,10.0,75.06,2025-06-30 07:45:30+00:00,0.1325,0.1235,0.142,0.1245
Oasis - Henderson Avenue,167.0,10.0,75.06,2025-06-30 08:00:30+00:00,0.1435,0.1325,0.154,0.1345
Oasis - Henderson Avenue,167.0,10.0,75.06,2025-06-30 08:15:30+00:00,0.15325,0.142,0.1655,0.143
Oasis - Henderson Avenue,167.0,10.0,75.06,2025-06-30 08:30:30+00:00,0.16475,0.1525,0.178,0.1525
Oasis - Henderson Avenue,167.0,10.0,75.06,2025-06-30 08:45:30+00:00,0.177,0.16375,0.18875,0.16325
Oasis - Henderson Avenue,167.0,10.0,75.06,2025-06-30 09:00:30+00:00,0.1865,0.17475,0.19725,0.1715
Oasis - Henderson Avenue,167.0,10.0,75.06,2025-06-30 09:15:30+00:00,0.19425,0.18475,0.204,0.1785
Oasis - Henderson Avenue,167.0,10.0,75.06,2025-06-30 09:30:30+00:00,0.20175,0.193,0.21025,0.185
Oasis - Henderson Avenue,167.0,10.0,75.06,2025-06-30 09:45:30+00:00,0.20875,0.2,0.217,0.191
Oasis - Henderson Avenue,167.0,10.0,75.06,2025-06-30 10:00:30+00:00,0.21475,0.206,0.223,0.19675
Oasis - Henderson Avenue,167.0,10.0,75.06,2025-06-30 10:15:30+00:00,0.22,0.21075,0.2285,0.2015
Oasis - Henderson Avenue,167.0,10.0,75.06,2025-06-30 10:30:30+00:00,0.224,0.2145,0.2335,0.20525
Oasis - Henderson Avenue,167.0,10.0,75.06,2025-06-30 10:45:30+00:00,0.22775,0.21675,0.2375,0.20875
Oasis - Henderson Avenue,167.0,10.0,75.06,2025-06-30 11:00:30+00:00,0.22925,0.21825,0.24,0.2105
Oasis - Henderson Avenue,167.0,10.0,75.06,2025-06-30 11:15:30+00:00,0.2305,0.21975,0.24125,0.21175
Oasis - Henderson Avenue,167.0,10.0,75.06,2025-06-30 11:30:30+00:00,0.2315,0.22075,0.24125,0.213
Oasis - Henderson Avenue,167.0,10.0,75.06,2025-06-30 11:45:30+00:00,0.23125,0.22175,0.24075,0.21325
Oasis - Henderson Avenue,167.0,10.0,75.06,2025-06-30 12:00:30+00:00,0.23075,0.2215,0.23975,0.21325
Oasis - Henderson Avenue,167.0,10.0,75.06,2025-06-30 12:15:30+00:00,0.22975,0.22025,0.2385,0.21275
Oasis - Henderson Avenue,167.0,10.0,75.06,2025-06-30 12:30:30+00:00,0.2275,0.2185,0.23675,0.2115
Oasis - Henderson Avenue,167.0,10.0,75.06,2025-06-30 12:45:30+00:00,0.22525,0.216,0.23375,0.21
Oasis - Henderson Avenue,167.0,10.0,75.06,2025-06-30 13:00:30+00:00,0.22175,0.213,0.23,0.2075
Oasis - Henderson Avenue,167.0,10.0,75.06,2025-06-30 13:15:30+00:00,0.21725,0.20875,0.2255,0.20425
Oasis - Henderson Avenue,167.0,10.0,75.06,2025-06-30 13:30:30+00:00,0.21225,0.204,0.22025,0.20025
Oasis - Henderson Avenue,167.0,10.0,75.06,2025-06-30 13:45:30+00:00,0.2065,0.1985,0.21425,0.196
Oasis - Henderson Avenue,167.0,10.0,75.06,2025-06-30 14:00:30+00:00,0.20025,0.19225,0.2075,0.191
Oasis - Henderson Avenue,167.0,10.0,75.06,2025-06-30 14:15:30+00:00,0.193,0.18525,0.20025,0.18525
Oasis - Henderson Avenue,167.0,10.0,75.06,2025-06-30 14:30:30+00:00,0.185,0.1775,0.1925,0.179
Oasis - Henderson Avenue,167.0,10.0,75.06,2025-06-30 14:45:30+00:00,0.17675,0.169,0.1845,0.172
Oasis - Henderson Avenue,167.0,10.0,75.06,2025-06-30 15:00:30+00:00,0.168,0.15925,0.176,0.165
Oasis - Henderson Avenue,167.0,10.0,75.06,2025-06-30 15:15:30+00:00,0.158,0.14925,0.1665,0.1565
Oasis - Henderson Avenue,167.0,10.0,75.06,2025-06-30 15:30:30+00:00,0.1475,0.13925,0.15575,0.1475
Oasis - Henderson Avenue,167.0,10.0,75.06,2025-06-30 15:45:30+00:00,0.13675,0.13025,0.1445,0.13825
Oasis - Henderson Avenue,167.0,10.0,75.06,2025-06-30 16:00:30+00:00,0.12775,0.12125,0.1335,0.13075
Oasis - Henderson Avenue,167.0,10.0,75.06,2025-06-30 16:15:30+00:00,0.1175,0.1125,0.12275,0.122
Oasis - Henderson Avenue,167.0,10.0,75.06,2025-06-30 16:30:30+00:00,0.10725,0.10275,0.11175,0.11325
Oasis - Henderson Avenue,167.0,10.0,75.06,2025-06-30 16:45:30+00:00,0.09675,0.093,0.10075,0.104
Oasis - Henderson Avenue,167.0,10.0,75.06,2025-06-30 17:00:30+00:00,0.08675,0.083,0.09025,0.095
Oasis - Henderson Avenue,167.0,10.0,75.06,2025-06-30 17:15:30+00:00,0.0765,0.07225,0.0805,0.08575
Oasis - Henderson Avenue,167.0,10.0,75.06,2025-06-30 17:30:30+00:00,0.06625,0.0615,0.071,0.07625
Oasis - Henderson Avenue,167.0,10.0,75.06,2025-06-30 17:45:30+00:00,0.05625,0.05075,0.06175,0.067
Oasis - Henderson Avenue,167.0,10.0,75.06,2025-06-30 18:00:30+00:00,0.0465,0.041,0.0525,0.05775
Oasis - Henderson Avenue,167.0,10.0,75.06,2025-06-30 18:15:30+00:00,0.0375,0.032,0.043,0.049
Oasis - Henderson Avenue,167.0,10.0,75.06,2025-06-30 18:30:30+00:00,0.029,0.024,0.0335,0.0405
Oasis - Henderson Avenue,167.0,10.0,75.06,2025-06-30 18:45:30+00:00,0.02125,0.01675,0.0245,0.0325
Oasis - Henderson Avenue,167.0,10.0,75.06,2025-06-30 19:00:30+00:00,0.01425,0.01075,0.0165,0.02475
Oasis - Henderson Avenue,167.0,10.0,75.06,2025-06-30 19:15:30+00:00,0.0085,0.00625,0.00975,0.0175
Oasis - Henderson Avenue,167.0,10.0,75.06,2025-06-30 19:30:30+00:00,0.00625,0.00425,0.00725,0.01125
Oasis - Henderson Avenue,167.0,10.0,75.06,2025-06-30 19:45:30+00:00,0.00475,0.00375,0.00575,0.0055
Oasis - Henderson Avenue,167.0,10.0,75.06,2025-06-30 20:00:30+00:00,0.0025,0.00175,0.00275,0.0025
Oasis - Henderson Avenue,167.0,10.0,75.06,2025-06-30 20:15:30+00:00,0.0005,0.00025,0.0005,0.0005
Oasis - Henderson Avenue,167.0,10.0,75.06,2025-06-30 20:30:30+00:00,0.0,0.0,0.0,0.0
Oasis - Henderson Avenue,167.0,10.0,75.06,2025-06-30 20:45:30+00:00,0.0,0.0,0.0,0.0
Oasis - Henderson Avenue,167.0,10.0,75.06,2025-06-30 21:00:30+00:00,0.0,0.0,0.0,0.0
Oasis - Henderson Avenue,167.0,10.0,75.06,2025-06-30 21:15:30+00:00,0.0,0.0,0.0,0.0
Oasis - Henderson Avenue,167.0,10.0,75.06,2025-06-30 21:30:30+00:00,0.0,0.0,0.0,0.0
Oasis - Henderson Avenue,167.0,10.0,75.06,2025-06-30 21:45:30+00:00,0.0,0.0,0.0,0.0
Oasis - Henderson Avenue,167.0,10.0,75.06,2025-06-30 22:00:30+00:00,0.0,0.0,0.0,0.0
Oasis - Henderson Avenue,167.0,10.0,75.06,2025-06-30 22:15:30+00:00,0.0,0.0,0.0,0.0
Oasis - Henderson Avenue,167.0,10.0,75.06,2025-06-30 22:30:30+00:00,0.0,0.0,0.0,0.0
Oasis - Henderson Avenue,167.0,10.0,75.06,2025-06-30 22:45:30+00:00,0.0,0.0,0.0,0.0
Oasis - Henderson Avenue,167.0,10.0,75.06,2025-06-30 23:00:30+00:00,0.0,0.0,0.0,0.0
Oasis - Henderson Avenue,167.0,10.0,75.06,2025-06-30 23:15:30+00:00,0.0,0.0,0.0,0.0
Oasis - Henderson Avenue,167.0,10.0,75.06,2025-06-30 23:30:30+00:00,0.0,0.0,0.0,0.0
Oasis - Henderson Avenue,167.0,10.0,75.06,2025-06-30 23:45:30+00:00,0.0,0.0,0.0,0.0
