name,azimuth,slope,array_capacity,time,gti,gti_low,gti_high,ghi
Faltec Europe Ltd,219.0,6.0,153.12,2025-03-01 00:00:30+00:00,0.0,0.0,0.0,0.0
Faltec Europe Ltd,219.0,6.0,153.12,2025-03-01 00:15:30+00:00,0.0,0.0,0.0,0.0
Faltec Europe Ltd,219.0,6.0,153.12,2025-03-01 00:30:30+00:00,0.0,0.0,0.0,0.0
Faltec Europe Ltd,219.0,6.0,153.12,2025-03-01 00:45:30+00:00,0.0,0.0,0.0,0.0
Faltec Europe Ltd,219.0,6.0,153.12,2025-03-01 01:00:30+00:00,0.0,0.0,0.0,0.0
Faltec Europe Ltd,219.0,6.0,153.12,2025-03-01 01:15:30+00:00,0.0,0.0,0.0,0.0
Faltec Europe Ltd,219.0,6.0,153.12,2025-03-01 01:30:30+00:00,0.0,0.0,0.0,0.0
Faltec Europe Ltd,219.0,6.0,153.12,2025-03-01 01:45:30+00:00,0.0,0.0,0.0,0.0
Faltec Europe Ltd,219.0,6.0,153.12,2025-03-01 02:00:30+00:00,0.0,0.0,0.0,0.0
Faltec Europe Ltd,219.0,6.0,153.12,2025-03-01 02:15:30+00:00,0.0,0.0,0.0,0.0
Faltec Europe Ltd,219.0,6.0,153.12,2025-03-01 02:30:30+00:00,0.0,0.0,0.0,0.0
Faltec Europe Ltd,219.0,6.0,153.12,2025-03-01 02:45:30+00:00,0.0,0.0,0.0,0.0
Faltec Europe Ltd,219.0,6.0,153.12,2025-03-01 03:00:30+00:00,0.0,0.0,0.0,0.0
Faltec Europe Ltd,219.0,6.0,153.12,2025-03-01 03:15:30+00:00,0.0,0.0,0.0,0.0
Faltec Europe Ltd,219.0,6.0,153.12,2025-03-01 03:30:30+00:00,0.0,0.0,0.0,0.0
Faltec Europe Ltd,219.0,6.0,153.12,2025-03-01 03:45:30+00:00,0.0,0.0,0.0,0.0
Faltec Europe Ltd,219.0,6.0,153.12,2025-03-01 04:00:30+00:00,0.0,0.0,0.0,0.0
Faltec Europe Ltd,219.0,6.0,153.12,2025-03-01 04:15:30+00:00,0.0,0.0,0.0,0.0
Faltec Europe Ltd,219.0,6.0,153.12,2025-03-01 04:30:30+00:00,0.0,0.0,0.0,0.0
Faltec Europe Ltd,219.0,6.0,153.12,2025-03-01 04:45:30+00:00,0.0,0.0,0.0,0.0
Faltec Europe Ltd,219.0,6.0,153.12,2025-03-01 05:00:30+00:00,0.0,0.0,0.0,0.0
Faltec Europe Ltd,219.0,6.0,153.12,2025-03-01 05:15:30+00:00,0.0,0.0,0.0,0.0
Faltec Europe Ltd,219.0,6.0,153.12,2025-03-01 05:30:30+00:00,0.0,0.0,0.0,0.0
Faltec Europe Ltd,219.0,6.0,153.12,2025-03-01 05:45:30+00:00,0.0,0.0,0.0,0.0
Faltec Europe Ltd,219.0,6.0,153.12,2025-03-01 06:00:30+00:00,0.0,0.0,0.0,0.0
Faltec Europe Ltd,219.0,6.0,153.12,2025-03-01 06:15:30+00:00,0.0,0.0,0.0,0.0
Faltec Europe Ltd,219.0,6.0,153.12,2025-03-01 06:30:30+00:00,0.0,0.0,0.0,0.0
Faltec Europe Ltd,219.0,6.0,153.12,2025-03-01 06:45:30+00:00,0.0,0.0,0.0,0.0
Faltec Europe Ltd,219.0,6.0,153.12,2025-03-01 07:00:30+00:00,0.00125,0.00075,0.00225,0.00125
Faltec Europe Ltd,219.0,6.0,153.12,2025-03-01 07:15:30+00:00,0.0045,0.002,0.0075,0.00475
Faltec Europe Ltd,219.0,6.0,153.12,2025-03-01 07:30:30+00:00,0.009,0.002,0.01275,0.01
Faltec Europe Ltd,219.0,6.0,153.12,2025-03-01 07:45:30+00:00,0.0095,0.0025,0.019,0.00975
Faltec Europe Ltd,219.0,6.0,153.12,2025-03-01 08:00:30+00:00,0.013,0.00375,0.02425,0.01325
Faltec Europe Ltd,219.0,6.0,153.12,2025-03-01 08:15:30+00:00,0.01925,0.006,0.03125,0.0195
Faltec Europe Ltd,219.0,6.0,153.12,2025-03-01 08:30:30+00:00,0.02375,0.01075,0.0405,0.024
Faltec Europe Ltd,219.0,6.0,153.12,2025-03-01 08:45:30+00:00,0.03375,0.015,0.05175,0.034
Faltec Europe Ltd,219.0,6.0,153.12,2025-03-01 09:00:30+00:00,0.0425,0.02425,0.0625,0.0425
Faltec Europe Ltd,219.0,6.0,153.12,2025-03-01 09:15:30+00:00,0.054,0.0355,0.0715,0.05325
Faltec Europe Ltd,219.0,6.0,153.12,2025-03-01 09:30:30+00:00,0.064,0.048,0.0755,0.06225
Faltec Europe Ltd,219.0,6.0,153.12,2025-03-01 09:45:30+00:00,0.0665,0.05675,0.078,0.06425
Faltec Europe Ltd,219.0,6.0,153.12,2025-03-01 10:00:30+00:00,0.072,0.06375,0.0805,0.069
Faltec Europe Ltd,219.0,6.0,153.12,2025-03-01 10:15:30+00:00,0.078,0.07,0.0865,0.07425
Faltec Europe Ltd,219.0,6.0,153.12,2025-03-01 10:30:30+00:00,0.08475,0.075,0.09225,0.08025
Faltec Europe Ltd,219.0,6.0,153.12,2025-03-01 10:45:30+00:00,0.08775,0.07825,0.09925,0.0825
Faltec Europe Ltd,219.0,6.0,153.12,2025-03-01 11:00:30+00:00,0.09425,0.08075,0.10675,0.088
Faltec Europe Ltd,219.0,6.0,153.12,2025-03-01 11:15:30+00:00,0.1,0.0865,0.1155,0.092
Faltec Europe Ltd,219.0,6.0,153.12,2025-03-01 11:30:30+00:00,0.10825,0.0925,0.12225,0.0985
Faltec Europe Ltd,219.0,6.0,153.12,2025-03-01 11:45:30+00:00,0.11325,0.0995,0.12475,0.10225
Faltec Europe Ltd,219.0,6.0,153.12,2025-03-01 12:00:30+00:00,0.11425,0.104,0.12625,0.10225
Faltec Europe Ltd,219.0,6.0,153.12,2025-03-01 12:15:30+00:00,0.11825,0.1055,0.12625,0.105
Faltec Europe Ltd,219.0,6.0,153.12,2025-03-01 12:30:30+00:00,0.1145,0.10575,0.128,0.1015
Faltec Europe Ltd,219.0,6.0,153.12,2025-03-01 12:45:30+00:00,0.119,0.10625,0.13025,0.1045
Faltec Europe Ltd,219.0,6.0,153.12,2025-03-01 13:00:30+00:00,0.1215,0.10925,0.13025,0.105
Faltec Europe Ltd,219.0,6.0,153.12,2025-03-01 13:15:30+00:00,0.11675,0.10775,0.12825,0.10025
Faltec Europe Ltd,219.0,6.0,153.12,2025-03-01 13:30:30+00:00,0.11625,0.1045,0.127,0.09875
Faltec Europe Ltd,219.0,6.0,153.12,2025-03-01 13:45:30+00:00,0.1135,0.0925,0.12975,0.09575
Faltec Europe Ltd,219.0,6.0,153.12,2025-03-01 14:00:30+00:00,0.101,0.0765,0.1265,0.08625
Faltec Europe Ltd,219.0,6.0,153.12,2025-03-01 14:15:30+00:00,0.10575,0.05325,0.12025,0.09
Faltec Europe Ltd,219.0,6.0,153.12,2025-03-01 14:30:30+00:00,0.0745,0.03125,0.10975,0.06525
Faltec Europe Ltd,219.0,6.0,153.12,2025-03-01 14:45:30+00:00,0.05125,0.0125,0.09675,0.04725
Faltec Europe Ltd,219.0,6.0,153.12,2025-03-01 15:00:30+00:00,0.04,0.008,0.074,0.0375
Faltec Europe Ltd,219.0,6.0,153.12,2025-03-01 15:15:30+00:00,0.031,0.0065,0.054,0.03
Faltec Europe Ltd,219.0,6.0,153.12,2025-03-01 15:30:30+00:00,0.02025,0.00775,0.0395,0.02
Faltec Europe Ltd,219.0,6.0,153.12,2025-03-01 15:45:30+00:00,0.02025,0.00625,0.03125,0.01975
Faltec Europe Ltd,219.0,6.0,153.12,2025-03-01 16:00:30+00:00,0.01525,0.0055,0.02675,0.01525
Faltec Europe Ltd,219.0,6.0,153.12,2025-03-01 16:15:30+00:00,0.013,0.004,0.02275,0.013
Faltec Europe Ltd,219.0,6.0,153.12,2025-03-01 16:30:30+00:00,0.01175,0.00325,0.0195,0.0115
Faltec Europe Ltd,219.0,6.0,153.12,2025-03-01 16:45:30+00:00,0.00925,0.00275,0.01525,0.009
Faltec Europe Ltd,219.0,6.0,153.12,2025-03-01 17:00:30+00:00,0.0055,0.00175,0.00925,0.0055
Faltec Europe Ltd,219.0,6.0,153.12,2025-03-01 17:15:30+00:00,0.002,0.00075,0.0045,0.002
Faltec Europe Ltd,219.0,6.0,153.12,2025-03-01 17:30:30+00:00,0.00075,0.00025,0.0015,0.00075
Faltec Europe Ltd,219.0,6.0,153.12,2025-03-01 17:45:30+00:00,0.0,0.0,0.0,0.0
Faltec Europe Ltd,219.0,6.0,153.12,2025-03-01 18:00:30+00:00,0.0,0.0,0.0,0.0
Faltec Europe Ltd,219.0,6.0,153.12,2025-03-01 18:15:30+00:00,0.0,0.0,0.0,0.0
Faltec Europe Ltd,219.0,6.0,153.12,2025-03-01 18:30:30+00:00,0.0,0.0,0.0,0.0
Faltec Europe Ltd,219.0,6.0,153.12,2025-03-01 18:45:30+00:00,0.0,0.0,0.0,0.0
Faltec Europe Ltd,219.0,6.0,153.12,2025-03-01 19:00:30+00:00,0.0,0.0,0.0,0.0
Faltec Europe Ltd,219.0,6.0,153.12,2025-03-01 19:15:30+00:00,0.0,0.0,0.0,0.0
Faltec Europe Ltd,219.0,6.0,153.12,2025-03-01 19:30:30+00:00,0.0,0.0,0.0,0.0
Faltec Europe Ltd,219.0,6.0,153.12,2025-03-01 19:45:30+00:00,0.0,0.0,0.0,0.0
Faltec Europe Ltd,219.0,6.0,153.12,2025-03-01 20:00:30+00:00,0.0,0.0,0.0,0.0
Faltec Europe Ltd,219.0,6.0,153.12,2025-03-01 20:15:30+00:00,0.0,0.0,0.0,0.0
Faltec Europe Ltd,219.0,6.0,153.12,2025-03-01 20:30:30+00:00,0.0,0.0,0.0,0.0
Faltec Europe Ltd,219.0,6.0,153.12,2025-03-01 20:45:30+00:00,0.0,0.0,0.0,0.0
Faltec Europe Ltd,219.0,6.0,153.12,2025-03-01 21:00:30+00:00,0.0,0.0,0.0,0.0
Faltec Europe Ltd,219.0,6.0,153.12,2025-03-01 21:15:30+00:00,0.0,0.0,0.0,0.0
Faltec Europe Ltd,219.0,6.0,153.12,2025-03-01 21:30:30+00:00,0.0,0.0,0.0,0.0
Faltec Europe Ltd,219.0,6.0,153.12,2025-03-01 21:45:30+00:00,0.0,0.0,0.0,0.0
Faltec Europe Ltd,219.0,6.0,153.12,2025-03-01 22:00:30+00:00,0.0,0.0,0.0,0.0
Faltec Europe Ltd,219.0,6.0,153.12,2025-03-01 22:15:30+00:00,0.0,0.0,0.0,0.0
Faltec Europe Ltd,219.0,6.0,153.12,2025-03-01 22:30:30+00:00,0.0,0.0,0.0,0.0
Faltec Europe Ltd,219.0,6.0,153.12,2025-03-01 22:45:30+00:00,0.0,0.0,0.0,0.0
Faltec Europe Ltd,219.0,6.0,153.12,2025-03-01 23:00:30+00:00,0.0,0.0,0.0,0.0
Faltec Europe Ltd,219.0,6.0,153.12,2025-03-01 23:15:30+00:00,0.0,0.0,0.0,0.0
Faltec Europe Ltd,219.0,6.0,153.12,2025-03-01 23:30:30+00:00,0.0,0.0,0.0,0.0
Faltec Europe Ltd,219.0,6.0,153.12,2025-03-01 23:45:30+00:00,0.0,0.0,0.0,0.0
Faltec Europe Ltd,219.0,6.0,153.12,2025-03-02 00:00:30+00:00,0.0,0.0,0.0,0.0
Faltec Europe Ltd,219.0,6.0,153.12,2025-03-02 00:15:30+00:00,0.0,0.0,0.0,0.0
Faltec Europe Ltd,219.0,6.0,153.12,2025-03-02 00:30:30+00:00,0.0,0.0,0.0,0.0
Faltec Europe Ltd,219.0,6.0,153.12,2025-03-02 00:45:30+00:00,0.0,0.0,0.0,0.0
Faltec Europe Ltd,219.0,6.0,153.12,2025-03-02 01:00:30+00:00,0.0,0.0,0.0,0.0
Faltec Europe Ltd,219.0,6.0,153.12,2025-03-02 01:15:30+00:00,0.0,0.0,0.0,0.0
Faltec Europe Ltd,219.0,6.0,153.12,2025-03-02 01:30:30+00:00,0.0,0.0,0.0,0.0
Faltec Europe Ltd,219.0,6.0,153.12,2025-03-02 01:45:30+00:00,0.0,0.0,0.0,0.0
Faltec Europe Ltd,219.0,6.0,153.12,2025-03-02 02:00:30+00:00,0.0,0.0,0.0,0.0
Faltec Europe Ltd,219.0,6.0,153.12,2025-03-02 02:15:30+00:00,0.0,0.0,0.0,0.0
Faltec Europe Ltd,219.0,6.0,153.12,2025-03-02 02:30:30+00:00,0.0,0.0,0.0,0.0
Faltec Europe Ltd,219.0,6.0,153.12,2025-03-02 02:45:30+00:00,0.0,0.0,0.0,0.0
Faltec Europe Ltd,219.0,6.0,153.12,2025-03-02 03:00:30+00:00,0.0,0.0,0.0,0.0
Faltec Europe Ltd,219.0,6.0,153.12,2025-03-02 03:15:30+00:00,0.0,0.0,0.0,0.0
Faltec Europe Ltd,219.0,6.0,153.12,2025-03-02 03:30:30+00:00,0.0,0.0,0.0,0.0
Faltec Europe Ltd,219.0,6.0,153.12,2025-03-02 03:45:30+00:00,0.0,0.0,0.0,0.0
Faltec Europe Ltd,219.0,6.0,153.12,2025-03-02 04:00:30+00:00,0.0,0.0,0.0,0.0
Faltec Europe Ltd,219.0,6.0,153.12,2025-03-02 04:15:30+00:00,0.0,0.0,0.0,0.0
Faltec Europe Ltd,219.0,6.0,153.12,2025-03-02 04:30:30+00:00,0.0,0.0,0.0,0.0
Faltec Europe Ltd,219.0,6.0,153.12,2025-03-02 04:45:30+00:00,0.0,0.0,0.0,0.0
Faltec Europe Ltd,219.0,6.0,153.12,2025-03-02 05:00:30+00:00,0.0,0.0,0.0,0.0
Faltec Europe Ltd,219.0,6.0,153.12,2025-03-02 05:15:30+00:00,0.0,0.0,0.0,0.0
Faltec Europe Ltd,219.0,6.0,153.12,2025-03-02 05:30:30+00:00,0.0,0.0,0.0,0.0
Faltec Europe Ltd,219.0,6.0,153.12,2025-03-02 05:45:30+00:00,0.0,0.0,0.0,0.0
Faltec Europe Ltd,219.0,6.0,153.12,2025-03-02 06:00:30+00:00,0.0,0.0,0.0,0.0
Faltec Europe Ltd,219.0,6.0,153.12,2025-03-02 06:15:30+00:00,0.0,0.0,0.0,0.0
Faltec Europe Ltd,219.0,6.0,153.12,2025-03-02 06:30:30+00:00,0.0,0.0,0.0,0.0
Faltec Europe Ltd,219.0,6.0,153.12,2025-03-02 06:45:30+00:00,0.0,0.0,0.0,0.0
Faltec Europe Ltd,219.0,6.0,153.12,2025-03-02 07:00:30+00:00,0.00175,0.001,0.003,0.00175
Faltec Europe Ltd,219.0,6.0,153.12,2025-03-02 07:15:30+00:00,0.00475,0.0025,0.008,0.00475
Faltec Europe Ltd,219.0,6.0,153.12,2025-03-02 07:30:30+00:00,0.00875,0.00475,0.01325,0.00925
Faltec Europe Ltd,219.0,6.0,153.12,2025-03-02 07:45:30+00:00,0.0135,0.0075,0.0195,0.01425
Faltec Europe Ltd,219.0,6.0,153.12,2025-03-02 08:00:30+00:00,0.01825,0.0115,0.02625,0.019
Faltec Europe Ltd,219.0,6.0,153.12,2025-03-02 08:15:30+00:00,0.0245,0.01425,0.0345,0.02525
Faltec Europe Ltd,219.0,6.0,153.12,2025-03-02 08:30:30+00:00,0.03025,0.01325,0.04375,0.03075
Faltec Europe Ltd,219.0,6.0,153.12,2025-03-02 08:45:30+00:00,0.0305,0.0065,0.0525,0.03075
Faltec Europe Ltd,219.0,6.0,153.12,2025-03-02 09:00:30+00:00,0.027,0.0055,0.05475,0.02725
Faltec Europe Ltd,219.0,6.0,153.12,2025-03-02 09:15:30+00:00,0.0205,0.00575,0.04975,0.02075
Faltec Europe Ltd,219.0,6.0,153.12,2025-03-02 09:30:30+00:00,0.01375,0.00625,0.04,0.014
Faltec Europe Ltd,219.0,6.0,153.12,2025-03-02 09:45:30+00:00,0.01325,0.00675,0.03475,0.0135
Faltec Europe Ltd,219.0,6.0,153.12,2025-03-02 10:00:30+00:00,0.016,0.00725,0.0425,0.01625
Faltec Europe Ltd,219.0,6.0,153.12,2025-03-02 10:15:30+00:00,0.01425,0.00775,0.0575,0.0145
Faltec Europe Ltd,219.0,6.0,153.12,2025-03-02 10:30:30+00:00,0.0325,0.00825,0.096,0.032
Faltec Europe Ltd,219.0,6.0,153.12,2025-03-02 10:45:30+00:00,0.09525,0.0265,0.12375,0.08975
Faltec Europe Ltd,219.0,6.0,153.12,2025-03-02 11:00:30+00:00,0.1155,0.0655,0.131,0.1065
Faltec Europe Ltd,219.0,6.0,153.12,2025-03-02 11:15:30+00:00,0.11725,0.08575,0.13625,0.1065
Faltec Europe Ltd,219.0,6.0,153.12,2025-03-02 11:30:30+00:00,0.119,0.0975,0.13775,0.1075
Faltec Europe Ltd,219.0,6.0,153.12,2025-03-02 11:45:30+00:00,0.11575,0.088,0.14175,0.1045
Faltec Europe Ltd,219.0,6.0,153.12,2025-03-02 12:00:30+00:00,0.113,0.07625,0.143,0.10175
Faltec Europe Ltd,219.0,6.0,153.12,2025-03-02 12:15:30+00:00,0.103,0.0605,0.137,0.094
Faltec Europe Ltd,219.0,6.0,153.12,2025-03-02 12:30:30+00:00,0.0795,0.04875,0.12675,0.07425
Faltec Europe Ltd,219.0,6.0,153.12,2025-03-02 12:45:30+00:00,0.08325,0.0405,0.1245,0.07725
Faltec Europe Ltd,219.0,6.0,153.12,2025-03-02 13:00:30+00:00,0.084,0.02825,0.12025,0.0775
Faltec Europe Ltd,219.0,6.0,153.12,2025-03-02 13:15:30+00:00,0.0525,0.0145,0.1005,0.05025
Faltec Europe Ltd,219.0,6.0,153.12,2025-03-02 13:30:30+00:00,0.03725,0.00875,0.07675,0.037
Faltec Europe Ltd,219.0,6.0,153.12,2025-03-02 13:45:30+00:00,0.0375,0.01,0.066,0.03725
Faltec Europe Ltd,219.0,6.0,153.12,2025-03-02 14:00:30+00:00,0.039,0.01325,0.05625,0.03825
Faltec Europe Ltd,219.0,6.0,153.12,2025-03-02 14:15:30+00:00,0.02675,0.0075,0.0515,0.02675
Faltec Europe Ltd,219.0,6.0,153.12,2025-03-02 14:30:30+00:00,0.01875,0.007,0.0485,0.019
Faltec Europe Ltd,219.0,6.0,153.12,2025-03-02 14:45:30+00:00,0.0225,0.0065,0.05425,0.0225
Faltec Europe Ltd,219.0,6.0,153.12,2025-03-02 15:00:30+00:00,0.03975,0.008,0.06125,0.037
Faltec Europe Ltd,219.0,6.0,153.12,2025-03-02 15:15:30+00:00,0.03825,0.01625,0.058,0.0355
Faltec Europe Ltd,219.0,6.0,153.12,2025-03-02 15:30:30+00:00,0.03275,0.01725,0.0475,0.03075
Faltec Europe Ltd,219.0,6.0,153.12,2025-03-02 15:45:30+00:00,0.02525,0.01525,0.03675,0.0245
Faltec Europe Ltd,219.0,6.0,153.12,2025-03-02 16:00:30+00:00,0.02025,0.011,0.0305,0.01975
Faltec Europe Ltd,219.0,6.0,153.12,2025-03-02 16:15:30+00:00,0.01675,0.0085,0.02575,0.01625
Faltec Europe Ltd,219.0,6.0,153.12,2025-03-02 16:30:30+00:00,0.0145,0.0065,0.02125,0.0135
Faltec Europe Ltd,219.0,6.0,153.12,2025-03-02 16:45:30+00:00,0.00975,0.00425,0.0155,0.0095
Faltec Europe Ltd,219.0,6.0,153.12,2025-03-02 17:00:30+00:00,0.0055,0.002,0.0095,0.0055
Faltec Europe Ltd,219.0,6.0,153.12,2025-03-02 17:15:30+00:00,0.00225,0.00075,0.005,0.00225
Faltec Europe Ltd,219.0,6.0,153.12,2025-03-02 17:30:30+00:00,0.00075,0.00025,0.00175,0.00075
Faltec Europe Ltd,219.0,6.0,153.12,2025-03-02 17:45:30+00:00,0.0,0.0,0.0,0.0
Faltec Europe Ltd,219.0,6.0,153.12,2025-03-02 18:00:30+00:00,0.0,0.0,0.0,0.0
Faltec Europe Ltd,219.0,6.0,153.12,2025-03-02 18:15:30+00:00,0.0,0.0,0.0,0.0
Faltec Europe Ltd,219.0,6.0,153.12,2025-03-02 18:30:30+00:00,0.0,0.0,0.0,0.0
Faltec Europe Ltd,219.0,6.0,153.12,2025-03-02 18:45:30+00:00,0.0,0.0,0.0,0.0
Faltec Europe Ltd,219.0,6.0,153.12,2025-03-02 19:00:30+00:00,0.0,0.0,0.0,0.0
Faltec Europe Ltd,219.0,6.0,153.12,2025-03-02 19:15:30+00:00,0.0,0.0,0.0,0.0
Faltec Europe Ltd,219.0,6.0,153.12,2025-03-02 19:30:30+00:00,0.0,0.0,0.0,0.0
Faltec Europe Ltd,219.0,6.0,153.12,2025-03-02 19:45:30+00:00,0.0,0.0,0.0,0.0
Faltec Europe Ltd,219.0,6.0,153.12,2025-03-02 20:00:30+00:00,0.0,0.0,0.0,0.0
Faltec Europe Ltd,219.0,6.0,153.12,2025-03-02 20:15:30+00:00,0.0,0.0,0.0,0.0
Faltec Europe Ltd,219.0,6.0,153.12,2025-03-02 20:30:30+00:00,0.0,0.0,0.0,0.0
Faltec Europe Ltd,219.0,6.0,153.12,2025-03-02 20:45:30+00:00,0.0,0.0,0.0,0.0
Faltec Europe Ltd,219.0,6.0,153.12,2025-03-02 21:00:30+00:00,0.0,0.0,0.0,0.0
Faltec Europe Ltd,219.0,6.0,153.12,2025-03-02 21:15:30+00:00,0.0,0.0,0.0,0.0
Faltec Europe Ltd,219.0,6.0,153.12,2025-03-02 21:30:30+00:00,0.0,0.0,0.0,0.0
Faltec Europe Ltd,219.0,6.0,153.12,2025-03-02 21:45:30+00:00,0.0,0.0,0.0,0.0
Faltec Europe Ltd,219.0,6.0,153.12,2025-03-02 22:00:30+00:00,0.0,0.0,0.0,0.0
Faltec Europe Ltd,219.0,6.0,153.12,2025-03-02 22:15:30+00:00,0.0,0.0,0.0,0.0
Faltec Europe Ltd,219.0,6.0,153.12,2025-03-02 22:30:30+00:00,0.0,0.0,0.0,0.0
Faltec Europe Ltd,219.0,6.0,153.12,2025-03-02 22:45:30+00:00,0.0,0.0,0.0,0.0
Faltec Europe Ltd,219.0,6.0,153.12,2025-03-02 23:00:30+00:00,0.0,0.0,0.0,0.0
Faltec Europe Ltd,219.0,6.0,153.12,2025-03-02 23:15:30+00:00,0.0,0.0,0.0,0.0
Faltec Europe Ltd,219.0,6.0,153.12,2025-03-02 23:30:30+00:00,0.0,0.0,0.0,0.0
Faltec Europe Ltd,219.0,6.0,153.12,2025-03-02 23:45:30+00:00,0.0,0.0,0.0,0.0
Faltec Europe Ltd,219.0,6.0,153.12,2025-03-03 00:00:30+00:00,0.0,0.0,0.0,0.0
Faltec Europe Ltd,219.0,6.0,153.12,2025-03-03 00:15:30+00:00,0.0,0.0,0.0,0.0
Faltec Europe Ltd,219.0,6.0,153.12,2025-03-03 00:30:30+00:00,0.0,0.0,0.0,0.0
Faltec Europe Ltd,219.0,6.0,153.12,2025-03-03 00:45:30+00:00,0.0,0.0,0.0,0.0
Faltec Europe Ltd,219.0,6.0,153.12,2025-03-03 01:00:30+00:00,0.0,0.0,0.0,0.0
Faltec Europe Ltd,219.0,6.0,153.12,2025-03-03 01:15:30+00:00,0.0,0.0,0.0,0.0
Faltec Europe Ltd,219.0,6.0,153.12,2025-03-03 01:30:30+00:00,0.0,0.0,0.0,0.0
Faltec Europe Ltd,219.0,6.0,153.12,2025-03-03 01:45:30+00:00,0.0,0.0,0.0,0.0
Faltec Europe Ltd,219.0,6.0,153.12,2025-03-03 02:00:30+00:00,0.0,0.0,0.0,0.0
Faltec Europe Ltd,219.0,6.0,153.12,2025-03-03 02:15:30+00:00,0.0,0.0,0.0,0.0
Faltec Europe Ltd,219.0,6.0,153.12,2025-03-03 02:30:30+00:00,0.0,0.0,0.0,0.0
Faltec Europe Ltd,219.0,6.0,153.12,2025-03-03 02:45:30+00:00,0.0,0.0,0.0,0.0
Faltec Europe Ltd,219.0,6.0,153.12,2025-03-03 03:00:30+00:00,0.0,0.0,0.0,0.0
Faltec Europe Ltd,219.0,6.0,153.12,2025-03-03 03:15:30+00:00,0.0,0.0,0.0,0.0
Faltec Europe Ltd,219.0,6.0,153.12,2025-03-03 03:30:30+00:00,0.0,0.0,0.0,0.0
Faltec Europe Ltd,219.0,6.0,153.12,2025-03-03 03:45:30+00:00,0.0,0.0,0.0,0.0
Faltec Europe Ltd,219.0,6.0,153.12,2025-03-03 04:00:30+00:00,0.0,0.0,0.0,0.0
Faltec Europe Ltd,219.0,6.0,153.12,2025-03-03 04:15:30+00:00,0.0,0.0,0.0,0.0
Faltec Europe Ltd,219.0,6.0,153.12,2025-03-03 04:30:30+00:00,0.0,0.0,0.0,0.0
Faltec Europe Ltd,219.0,6.0,153.12,2025-03-03 04:45:30+00:00,0.0,0.0,0.0,0.0
Faltec Europe Ltd,219.0,6.0,153.12,2025-03-03 05:00:30+00:00,0.0,0.0,0.0,0.0
Faltec Europe Ltd,219.0,6.0,153.12,2025-03-03 05:15:30+00:00,0.0,0.0,0.0,0.0
Faltec Europe Ltd,219.0,6.0,153.12,2025-03-03 05:30:30+00:00,0.0,0.0,0.0,0.0
Faltec Europe Ltd,219.0,6.0,153.12,2025-03-03 05:45:30+00:00,0.0,0.0,0.0,0.0
Faltec Europe Ltd,219.0,6.0,153.12,2025-03-03 06:00:30+00:00,0.0,0.0,0.0,0.0
Faltec Europe Ltd,219.0,6.0,153.12,2025-03-03 06:15:30+00:00,0.0,0.0,0.0,0.0
Faltec Europe Ltd,219.0,6.0,153.12,2025-03-03 06:30:30+00:00,0.0,0.0,0.0,0.0
Faltec Europe Ltd,219.0,6.0,153.12,2025-03-03 06:45:30+00:00,0.00075,0.0005,0.0015,0.00075
Faltec Europe Ltd,219.0,6.0,153.12,2025-03-03 07:00:30+00:00,0.00225,0.00125,0.004,0.00225
Faltec Europe Ltd,219.0,6.0,153.12,2025-03-03 07:15:30+00:00,0.0055,0.003,0.00875,0.0055
Faltec Europe Ltd,219.0,6.0,153.12,2025-03-03 07:30:30+00:00,0.00975,0.00525,0.01425,0.01025
Faltec Europe Ltd,219.0,6.0,153.12,2025-03-03 07:45:30+00:00,0.0145,0.0085,0.0205,0.015
Faltec Europe Ltd,219.0,6.0,153.12,2025-03-03 08:00:30+00:00,0.01975,0.01225,0.02725,0.0205
Faltec Europe Ltd,219.0,6.0,153.12,2025-03-03 08:15:30+00:00,0.025,0.01725,0.03475,0.02575
Faltec Europe Ltd,219.0,6.0,153.12,2025-03-03 08:30:30+00:00,0.03275,0.0225,0.042,0.0335
Faltec Europe Ltd,219.0,6.0,153.12,2025-03-03 08:45:30+00:00,0.03925,0.02925,0.049,0.0395
Faltec Europe Ltd,219.0,6.0,153.12,2025-03-03 09:00:30+00:00,0.04525,0.03475,0.0565,0.04525
Faltec Europe Ltd,219.0,6.0,153.12,2025-03-03 09:15:30+00:00,0.05275,0.03925,0.06325,0.05225
Faltec Europe Ltd,219.0,6.0,153.12,2025-03-03 09:30:30+00:00,0.05525,0.03975,0.06775,0.0545
Faltec Europe Ltd,219.0,6.0,153.12,2025-03-03 09:45:30+00:00,0.05325,0.0405,0.06875,0.0525
Faltec Europe Ltd,219.0,6.0,153.12,2025-03-03 10:00:30+00:00,0.0555,0.0445,0.0685,0.0545
Faltec Europe Ltd,219.0,6.0,153.12,2025-03-03 10:15:30+00:00,0.061,0.04975,0.069,0.05975
Faltec Europe Ltd,219.0,6.0,153.12,2025-03-03 10:30:30+00:00,0.06125,0.05475,0.071,0.06
Faltec Europe Ltd,219.0,6.0,153.12,2025-03-03 10:45:30+00:00,0.06625,0.055,0.07675,0.0645
Faltec Europe Ltd,219.0,6.0,153.12,2025-03-03 11:00:30+00:00,0.0695,0.0525,0.083,0.0675
Faltec Europe Ltd,219.0,6.0,153.12,2025-03-03 11:15:30+00:00,0.067,0.04675,0.0855,0.065
Faltec Europe Ltd,219.0,6.0,153.12,2025-03-03 11:30:30+00:00,0.061,0.04125,0.082,0.05925
Faltec Europe Ltd,219.0,6.0,153.12,2025-03-03 11:45:30+00:00,0.05575,0.03825,0.0805,0.055
Faltec Europe Ltd,219.0,6.0,153.12,2025-03-03 12:00:30+00:00,0.0625,0.0405,0.0865,0.0605
Faltec Europe Ltd,219.0,6.0,153.12,2025-03-03 12:15:30+00:00,0.07175,0.047,0.095,0.0685
Faltec Europe Ltd,219.0,6.0,153.12,2025-03-03 12:30:30+00:00,0.07825,0.05525,0.0985,0.07425
Faltec Europe Ltd,219.0,6.0,153.12,2025-03-03 12:45:30+00:00,0.07975,0.05925,0.09625,0.07525
Faltec Europe Ltd,219.0,6.0,153.12,2025-03-03 13:00:30+00:00,0.0745,0.05575,0.09,0.07025
Faltec Europe Ltd,219.0,6.0,153.12,2025-03-03 13:15:30+00:00,0.06375,0.05025,0.083,0.06075
Faltec Europe Ltd,219.0,6.0,153.12,2025-03-03 13:30:30+00:00,0.062,0.047,0.078,0.05875
Faltec Europe Ltd,219.0,6.0,153.12,2025-03-03 13:45:30+00:00,0.06175,0.0435,0.076,0.0585
Faltec Europe Ltd,219.0,6.0,153.12,2025-03-03 14:00:30+00:00,0.05475,0.0355,0.07375,0.052
Faltec Europe Ltd,219.0,6.0,153.12,2025-03-03 14:15:30+00:00,0.047,0.026,0.0675,0.045
Faltec Europe Ltd,219.0,6.0,153.12,2025-03-03 14:30:30+00:00,0.0375,0.0185,0.0575,0.03675
Faltec Europe Ltd,219.0,6.0,153.12,2025-03-03 14:45:30+00:00,0.03,0.01425,0.051,0.02975
Faltec Europe Ltd,219.0,6.0,153.12,2025-03-03 15:00:30+00:00,0.03075,0.01175,0.05225,0.03025
Faltec Europe Ltd,219.0,6.0,153.12,2025-03-03 15:15:30+00:00,0.03625,0.01175,0.05875,0.034
Faltec Europe Ltd,219.0,6.0,153.12,2025-03-03 15:30:30+00:00,0.03825,0.0155,0.06,0.035
Faltec Europe Ltd,219.0,6.0,153.12,2025-03-03 15:45:30+00:00,0.0395,0.02025,0.057,0.03475
Faltec Europe Ltd,219.0,6.0,153.12,2025-03-03 16:00:30+00:00,0.038,0.023,0.0505,0.03175
Faltec Europe Ltd,219.0,6.0,153.12,2025-03-03 16:15:30+00:00,0.03075,0.02025,0.04125,0.026
Faltec Europe Ltd,219.0,6.0,153.12,2025-03-03 16:30:30+00:00,0.02375,0.01525,0.03225,0.01975
Faltec Europe Ltd,219.0,6.0,153.12,2025-03-03 16:45:30+00:00,0.0165,0.01,0.0235,0.01375
Faltec Europe Ltd,219.0,6.0,153.12,2025-03-03 17:00:30+00:00,0.00975,0.0055,0.01475,0.00825
Faltec Europe Ltd,219.0,6.0,153.12,2025-03-03 17:15:30+00:00,0.004,0.0025,0.00675,0.00375
Faltec Europe Ltd,219.0,6.0,153.12,2025-03-03 17:30:30+00:00,0.0015,0.00075,0.0025,0.0015
Faltec Europe Ltd,219.0,6.0,153.12,2025-03-03 17:45:30+00:00,0.0,0.0,0.0,0.0
Faltec Europe Ltd,219.0,6.0,153.12,2025-03-03 18:00:30+00:00,0.0,0.0,0.0,0.0
Faltec Europe Ltd,219.0,6.0,153.12,2025-03-03 18:15:30+00:00,0.0,0.0,0.0,0.0
Faltec Europe Ltd,219.0,6.0,153.12,2025-03-03 18:30:30+00:00,0.0,0.0,0.0,0.0
Faltec Europe Ltd,219.0,6.0,153.12,2025-03-03 18:45:30+00:00,0.0,0.0,0.0,0.0
Faltec Europe Ltd,219.0,6.0,153.12,2025-03-03 19:00:30+00:00,0.0,0.0,0.0,0.0
Faltec Europe Ltd,219.0,6.0,153.12,2025-03-03 19:15:30+00:00,0.0,0.0,0.0,0.0
Faltec Europe Ltd,219.0,6.0,153.12,2025-03-03 19:30:30+00:00,0.0,0.0,0.0,0.0
Faltec Europe Ltd,219.0,6.0,153.12,2025-03-03 19:45:30+00:00,0.0,0.0,0.0,0.0
Faltec Europe Ltd,219.0,6.0,153.12,2025-03-03 20:00:30+00:00,0.0,0.0,0.0,0.0
Faltec Europe Ltd,219.0,6.0,153.12,2025-03-03 20:15:30+00:00,0.0,0.0,0.0,0.0
Faltec Europe Ltd,219.0,6.0,153.12,2025-03-03 20:30:30+00:00,0.0,0.0,0.0,0.0
Faltec Europe Ltd,219.0,6.0,153.12,2025-03-03 20:45:30+00:00,0.0,0.0,0.0,0.0
Faltec Europe Ltd,219.0,6.0,153.12,2025-03-03 21:00:30+00:00,0.0,0.0,0.0,0.0
Faltec Europe Ltd,219.0,6.0,153.12,2025-03-03 21:15:30+00:00,0.0,0.0,0.0,0.0
Faltec Europe Ltd,219.0,6.0,153.12,2025-03-03 21:30:30+00:00,0.0,0.0,0.0,0.0
Faltec Europe Ltd,219.0,6.0,153.12,2025-03-03 21:45:30+00:00,0.0,0.0,0.0,0.0
Faltec Europe Ltd,219.0,6.0,153.12,2025-03-03 22:00:30+00:00,0.0,0.0,0.0,0.0
Faltec Europe Ltd,219.0,6.0,153.12,2025-03-03 22:15:30+00:00,0.0,0.0,0.0,0.0
Faltec Europe Ltd,219.0,6.0,153.12,2025-03-03 22:30:30+00:00,0.0,0.0,0.0,0.0
Faltec Europe Ltd,219.0,6.0,153.12,2025-03-03 22:45:30+00:00,0.0,0.0,0.0,0.0
Faltec Europe Ltd,219.0,6.0,153.12,2025-03-03 23:00:30+00:00,0.0,0.0,0.0,0.0
Faltec Europe Ltd,219.0,6.0,153.12,2025-03-03 23:15:30+00:00,0.0,0.0,0.0,0.0
Faltec Europe Ltd,219.0,6.0,153.12,2025-03-03 23:30:30+00:00,0.0,0.0,0.0,0.0
Faltec Europe Ltd,219.0,6.0,153.12,2025-03-03 23:45:30+00:00,0.0,0.0,0.0,0.0
Faltec Europe Ltd,219.0,6.0,153.12,2025-03-04 00:00:30+00:00,0.0,0.0,0.0,0.0
Faltec Europe Ltd,219.0,6.0,153.12,2025-03-04 00:15:30+00:00,0.0,0.0,0.0,0.0
Faltec Europe Ltd,219.0,6.0,153.12,2025-03-04 00:30:30+00:00,0.0,0.0,0.0,0.0
Faltec Europe Ltd,219.0,6.0,153.12,2025-03-04 00:45:30+00:00,0.0,0.0,0.0,0.0
Faltec Europe Ltd,219.0,6.0,153.12,2025-03-04 01:00:30+00:00,0.0,0.0,0.0,0.0
Faltec Europe Ltd,219.0,6.0,153.12,2025-03-04 01:15:30+00:00,0.0,0.0,0.0,0.0
Faltec Europe Ltd,219.0,6.0,153.12,2025-03-04 01:30:30+00:00,0.0,0.0,0.0,0.0
Faltec Europe Ltd,219.0,6.0,153.12,2025-03-04 01:45:30+00:00,0.0,0.0,0.0,0.0
Faltec Europe Ltd,219.0,6.0,153.12,2025-03-04 02:00:30+00:00,0.0,0.0,0.0,0.0
Faltec Europe Ltd,219.0,6.0,153.12,2025-03-04 02:15:30+00:00,0.0,0.0,0.0,0.0
Faltec Europe Ltd,219.0,6.0,153.12,2025-03-04 02:30:30+00:00,0.0,0.0,0.0,0.0
Faltec Europe Ltd,219.0,6.0,153.12,2025-03-04 02:45:30+00:00,0.0,0.0,0.0,0.0
Faltec Europe Ltd,219.0,6.0,153.12,2025-03-04 03:00:30+00:00,0.0,0.0,0.0,0.0
Faltec Europe Ltd,219.0,6.0,153.12,2025-03-04 03:15:30+00:00,0.0,0.0,0.0,0.0
Faltec Europe Ltd,219.0,6.0,153.12,2025-03-04 03:30:30+00:00,0.0,0.0,0.0,0.0
Faltec Europe Ltd,219.0,6.0,153.12,2025-03-04 03:45:30+00:00,0.0,0.0,0.0,0.0
Faltec Europe Ltd,219.0,6.0,153.12,2025-03-04 04:00:30+00:00,0.0,0.0,0.0,0.0
Faltec Europe Ltd,219.0,6.0,153.12,2025-03-04 04:15:30+00:00,0.0,0.0,0.0,0.0
Faltec Europe Ltd,219.0,6.0,153.12,2025-03-04 04:30:30+00:00,0.0,0.0,0.0,0.0
Faltec Europe Ltd,219.0,6.0,153.12,2025-03-04 04:45:30+00:00,0.0,0.0,0.0,0.0
Faltec Europe Ltd,219.0,6.0,153.12,2025-03-04 05:00:30+00:00,0.0,0.0,0.0,0.0
Faltec Europe Ltd,219.0,6.0,153.12,2025-03-04 05:15:30+00:00,0.0,0.0,0.0,0.0
Faltec Europe Ltd,219.0,6.0,153.12,2025-03-04 05:30:30+00:00,0.0,0.0,0.0,0.0
Faltec Europe Ltd,219.0,6.0,153.12,2025-03-04 05:45:30+00:00,0.0,0.0,0.0,0.0
Faltec Europe Ltd,219.0,6.0,153.12,2025-03-04 06:00:30+00:00,0.0,0.0,0.0,0.0
Faltec Europe Ltd,219.0,6.0,153.12,2025-03-04 06:15:30+00:00,0.0,0.0,0.0,0.0
Faltec Europe Ltd,219.0,6.0,153.12,2025-03-04 06:30:30+00:00,0.0,0.0,0.0,0.0
Faltec Europe Ltd,219.0,6.0,153.12,2025-03-04 06:45:30+00:00,0.0,0.0,0.00025,0.0
Faltec Europe Ltd,219.0,6.0,153.12,2025-03-04 07:00:30+00:00,0.00325,0.00225,0.00425,0.00325
Faltec Europe Ltd,219.0,6.0,153.12,2025-03-04 07:15:30+00:00,0.00725,0.0045,0.00975,0.0085
Faltec Europe Ltd,219.0,6.0,153.12,2025-03-04 07:30:30+00:00,0.0135,0.0065,0.01775,0.0155
Faltec Europe Ltd,219.0,6.0,153.12,2025-03-04 07:45:30+00:00,0.017,0.00875,0.0265,0.01825
Faltec Europe Ltd,219.0,6.0,153.12,2025-03-04 08:00:30+00:00,0.02175,0.01075,0.03125,0.02275
Faltec Europe Ltd,219.0,6.0,153.12,2025-03-04 08:15:30+00:00,0.0245,0.016,0.037,0.02525
Faltec Europe Ltd,219.0,6.0,153.12,2025-03-04 08:30:30+00:00,0.033,0.02225,0.042,0.03375
Faltec Europe Ltd,219.0,6.0,153.12,2025-03-04 08:45:30+00:00,0.039,0.02775,0.04825,0.03925
Faltec Europe Ltd,219.0,6.0,153.12,2025-03-04 09:00:30+00:00,0.042,0.0315,0.053,0.042
Faltec Europe Ltd,219.0,6.0,153.12,2025-03-04 09:15:30+00:00,0.04575,0.035,0.056,0.04575
Faltec Europe Ltd,219.0,6.0,153.12,2025-03-04 09:30:30+00:00,0.0485,0.0385,0.05875,0.04825
Faltec Europe Ltd,219.0,6.0,153.12,2025-03-04 09:45:30+00:00,0.051,0.04275,0.0605,0.0505
Faltec Europe Ltd,219.0,6.0,153.12,2025-03-04 10:00:30+00:00,0.0555,0.0465,0.06275,0.05475
Faltec Europe Ltd,219.0,6.0,153.12,2025-03-04 10:15:30+00:00,0.05725,0.05025,0.065,0.05625
Faltec Europe Ltd,219.0,6.0,153.12,2025-03-04 10:30:30+00:00,0.06,0.05225,0.06775,0.05875
Faltec Europe Ltd,219.0,6.0,153.12,2025-03-04 10:45:30+00:00,0.0625,0.0535,0.07175,0.061
Faltec Europe Ltd,219.0,6.0,153.12,2025-03-04 11:00:30+00:00,0.06525,0.053,0.07475,0.0635
Faltec Europe Ltd,219.0,6.0,153.12,2025-03-04 11:15:30+00:00,0.06375,0.04475,0.0825,0.062
Faltec Europe Ltd,219.0,6.0,153.12,2025-03-04 11:30:30+00:00,0.06175,0.0385,0.0925,0.06
Faltec Europe Ltd,219.0,6.0,153.12,2025-03-04 11:45:30+00:00,0.0715,0.04075,0.111,0.06875
Faltec Europe Ltd,219.0,6.0,153.12,2025-03-04 12:00:30+00:00,0.09675,0.05575,0.125,0.0895
Faltec Europe Ltd,219.0,6.0,153.12,2025-03-04 12:15:30+00:00,0.10025,0.06725,0.1245,0.09225
Faltec Europe Ltd,219.0,6.0,153.12,2025-03-04 12:30:30+00:00,0.08825,0.0675,0.114,0.08225
Faltec Europe Ltd,219.0,6.0,153.12,2025-03-04 12:45:30+00:00,0.08425,0.06525,0.104,0.07925
Faltec Europe Ltd,219.0,6.0,153.12,2025-03-04 13:00:30+00:00,0.08175,0.06225,0.0995,0.07675
Faltec Europe Ltd,219.0,6.0,153.12,2025-03-04 13:15:30+00:00,0.07575,0.059,0.09175,0.07125
Faltec Europe Ltd,219.0,6.0,153.12,2025-03-04 13:30:30+00:00,0.068,0.0545,0.0855,0.064
Faltec Europe Ltd,219.0,6.0,153.12,2025-03-04 13:45:30+00:00,0.067,0.05425,0.08475,0.06275
Faltec Europe Ltd,219.0,6.0,153.12,2025-03-04 14:00:30+00:00,0.0755,0.057,0.08625,0.069
Faltec Europe Ltd,219.0,6.0,153.12,2025-03-04 14:15:30+00:00,0.0705,0.05325,0.08775,0.06425
Faltec Europe Ltd,219.0,6.0,153.12,2025-03-04 14:30:30+00:00,0.0655,0.0405,0.08725,0.0595
Faltec Europe Ltd,219.0,6.0,153.12,2025-03-04 14:45:30+00:00,0.054,0.02425,0.08175,0.05
Faltec Europe Ltd,219.0,6.0,153.12,2025-03-04 15:00:30+00:00,0.039,0.01125,0.0675,0.037
Faltec Europe Ltd,219.0,6.0,153.12,2025-03-04 15:15:30+00:00,0.025,0.00625,0.04975,0.02475
Faltec Europe Ltd,219.0,6.0,153.12,2025-03-04 15:30:30+00:00,0.021,0.00675,0.0385,0.021
Faltec Europe Ltd,219.0,6.0,153.12,2025-03-04 15:45:30+00:00,0.0225,0.00775,0.032,0.022
Faltec Europe Ltd,219.0,6.0,153.12,2025-03-04 16:00:30+00:00,0.0155,0.00575,0.0275,0.01525
Faltec Europe Ltd,219.0,6.0,153.12,2025-03-04 16:15:30+00:00,0.01225,0.003,0.02325,0.01225
Faltec Europe Ltd,219.0,6.0,153.12,2025-03-04 16:30:30+00:00,0.01025,0.0025,0.02125,0.01025
Faltec Europe Ltd,219.0,6.0,153.12,2025-03-04 16:45:30+00:00,0.012,0.00225,0.01925,0.011
Faltec Europe Ltd,219.0,6.0,153.12,2025-03-04 17:00:30+00:00,0.00825,0.00225,0.0135,0.00775
Faltec Europe Ltd,219.0,6.0,153.12,2025-03-04 17:15:30+00:00,0.0035,0.00125,0.00675,0.0035
Faltec Europe Ltd,219.0,6.0,153.12,2025-03-04 17:30:30+00:00,0.00075,0.0005,0.0015,0.00075
Faltec Europe Ltd,219.0,6.0,153.12,2025-03-04 17:45:30+00:00,0.0,0.0,0.0,0.0
Faltec Europe Ltd,219.0,6.0,153.12,2025-03-04 18:00:30+00:00,0.0,0.0,0.0,0.0
Faltec Europe Ltd,219.0,6.0,153.12,2025-03-04 18:15:30+00:00,0.0,0.0,0.0,0.0
Faltec Europe Ltd,219.0,6.0,153.12,2025-03-04 18:30:30+00:00,0.0,0.0,0.0,0.0
Faltec Europe Ltd,219.0,6.0,153.12,2025-03-04 18:45:30+00:00,0.0,0.0,0.0,0.0
Faltec Europe Ltd,219.0,6.0,153.12,2025-03-04 19:00:30+00:00,0.0,0.0,0.0,0.0
Faltec Europe Ltd,219.0,6.0,153.12,2025-03-04 19:15:30+00:00,0.0,0.0,0.0,0.0
Faltec Europe Ltd,219.0,6.0,153.12,2025-03-04 19:30:30+00:00,0.0,0.0,0.0,0.0
Faltec Europe Ltd,219.0,6.0,153.12,2025-03-04 19:45:30+00:00,0.0,0.0,0.0,0.0
Faltec Europe Ltd,219.0,6.0,153.12,2025-03-04 20:00:30+00:00,0.0,0.0,0.0,0.0
Faltec Europe Ltd,219.0,6.0,153.12,2025-03-04 20:15:30+00:00,0.0,0.0,0.0,0.0
Faltec Europe Ltd,219.0,6.0,153.12,2025-03-04 20:30:30+00:00,0.0,0.0,0.0,0.0
Faltec Europe Ltd,219.0,6.0,153.12,2025-03-04 20:45:30+00:00,0.0,0.0,0.0,0.0
Faltec Europe Ltd,219.0,6.0,153.12,2025-03-04 21:00:30+00:00,0.0,0.0,0.0,0.0
Faltec Europe Ltd,219.0,6.0,153.12,2025-03-04 21:15:30+00:00,0.0,0.0,0.0,0.0
Faltec Europe Ltd,219.0,6.0,153.12,2025-03-04 21:30:30+00:00,0.0,0.0,0.0,0.0
Faltec Europe Ltd,219.0,6.0,153.12,2025-03-04 21:45:30+00:00,0.0,0.0,0.0,0.0
Faltec Europe Ltd,219.0,6.0,153.12,2025-03-04 22:00:30+00:00,0.0,0.0,0.0,0.0
Faltec Europe Ltd,219.0,6.0,153.12,2025-03-04 22:15:30+00:00,0.0,0.0,0.0,0.0
Faltec Europe Ltd,219.0,6.0,153.12,2025-03-04 22:30:30+00:00,0.0,0.0,0.0,0.0
Faltec Europe Ltd,219.0,6.0,153.12,2025-03-04 22:45:30+00:00,0.0,0.0,0.0,0.0
Faltec Europe Ltd,219.0,6.0,153.12,2025-03-04 23:00:30+00:00,0.0,0.0,0.0,0.0
Faltec Europe Ltd,219.0,6.0,153.12,2025-03-04 23:15:30+00:00,0.0,0.0,0.0,0.0
Faltec Europe Ltd,219.0,6.0,153.12,2025-03-04 23:30:30+00:00,0.0,0.0,0.0,0.0
Faltec Europe Ltd,219.0,6.0,153.12,2025-03-04 23:45:30+00:00,0.0,0.0,0.0,0.0
Faltec Europe Ltd,219.0,6.0,153.12,2025-03-05 00:00:30+00:00,0.0,0.0,0.0,0.0
Faltec Europe Ltd,219.0,6.0,153.12,2025-03-05 00:15:30+00:00,0.0,0.0,0.0,0.0
Faltec Europe Ltd,219.0,6.0,153.12,2025-03-05 00:30:30+00:00,0.0,0.0,0.0,0.0
Faltec Europe Ltd,219.0,6.0,153.12,2025-03-05 00:45:30+00:00,0.0,0.0,0.0,0.0
Faltec Europe Ltd,219.0,6.0,153.12,2025-03-05 01:00:30+00:00,0.0,0.0,0.0,0.0
Faltec Europe Ltd,219.0,6.0,153.12,2025-03-05 01:15:30+00:00,0.0,0.0,0.0,0.0
Faltec Europe Ltd,219.0,6.0,153.12,2025-03-05 01:30:30+00:00,0.0,0.0,0.0,0.0
Faltec Europe Ltd,219.0,6.0,153.12,2025-03-05 01:45:30+00:00,0.0,0.0,0.0,0.0
Faltec Europe Ltd,219.0,6.0,153.12,2025-03-05 02:00:30+00:00,0.0,0.0,0.0,0.0
Faltec Europe Ltd,219.0,6.0,153.12,2025-03-05 02:15:30+00:00,0.0,0.0,0.0,0.0
Faltec Europe Ltd,219.0,6.0,153.12,2025-03-05 02:30:30+00:00,0.0,0.0,0.0,0.0
Faltec Europe Ltd,219.0,6.0,153.12,2025-03-05 02:45:30+00:00,0.0,0.0,0.0,0.0
Faltec Europe Ltd,219.0,6.0,153.12,2025-03-05 03:00:30+00:00,0.0,0.0,0.0,0.0
Faltec Europe Ltd,219.0,6.0,153.12,2025-03-05 03:15:30+00:00,0.0,0.0,0.0,0.0
Faltec Europe Ltd,219.0,6.0,153.12,2025-03-05 03:30:30+00:00,0.0,0.0,0.0,0.0
Faltec Europe Ltd,219.0,6.0,153.12,2025-03-05 03:45:30+00:00,0.0,0.0,0.0,0.0
Faltec Europe Ltd,219.0,6.0,153.12,2025-03-05 04:00:30+00:00,0.0,0.0,0.0,0.0
Faltec Europe Ltd,219.0,6.0,153.12,2025-03-05 04:15:30+00:00,0.0,0.0,0.0,0.0
Faltec Europe Ltd,219.0,6.0,153.12,2025-03-05 04:30:30+00:00,0.0,0.0,0.0,0.0
Faltec Europe Ltd,219.0,6.0,153.12,2025-03-05 04:45:30+00:00,0.0,0.0,0.0,0.0
Faltec Europe Ltd,219.0,6.0,153.12,2025-03-05 05:00:30+00:00,0.0,0.0,0.0,0.0
Faltec Europe Ltd,219.0,6.0,153.12,2025-03-05 05:15:30+00:00,0.0,0.0,0.0,0.0
Faltec Europe Ltd,219.0,6.0,153.12,2025-03-05 05:30:30+00:00,0.0,0.0,0.0,0.0
Faltec Europe Ltd,219.0,6.0,153.12,2025-03-05 05:45:30+00:00,0.0,0.0,0.0,0.0
Faltec Europe Ltd,219.0,6.0,153.12,2025-03-05 06:00:30+00:00,0.0,0.0,0.0,0.0
Faltec Europe Ltd,219.0,6.0,153.12,2025-03-05 06:15:30+00:00,0.0,0.0,0.0,0.0
Faltec Europe Ltd,219.0,6.0,153.12,2025-03-05 06:30:30+00:00,0.0,0.0,0.0,0.0
Faltec Europe Ltd,219.0,6.0,153.12,2025-03-05 06:45:30+00:00,0.00025,0.00025,0.0005,0.00025
Faltec Europe Ltd,219.0,6.0,153.12,2025-03-05 07:00:30+00:00,0.00275,0.00125,0.0055,0.00275
Faltec Europe Ltd,219.0,6.0,153.12,2025-03-05 07:15:30+00:00,0.0065,0.00175,0.01025,0.00675
Faltec Europe Ltd,219.0,6.0,153.12,2025-03-05 07:30:30+00:00,0.00875,0.00175,0.01575,0.009
Faltec Europe Ltd,219.0,6.0,153.12,2025-03-05 07:45:30+00:00,0.011,0.0025,0.01975,0.01125
Faltec Europe Ltd,219.0,6.0,153.12,2025-03-05 08:00:30+00:00,0.01325,0.00375,0.02275,0.01325
Faltec Europe Ltd,219.0,6.0,153.12,2025-03-05 08:15:30+00:00,0.01525,0.0065,0.02525,0.0155
Faltec Europe Ltd,219.0,6.0,153.12,2025-03-05 08:30:30+00:00,0.019,0.009,0.02825,0.019
Faltec Europe Ltd,219.0,6.0,153.12,2025-03-05 08:45:30+00:00,0.0215,0.012,0.032,0.02175
Faltec Europe Ltd,219.0,6.0,153.12,2025-03-05 09:00:30+00:00,0.025,0.0115,0.039,0.02525
Faltec Europe Ltd,219.0,6.0,153.12,2025-03-05 09:15:30+00:00,0.02875,0.01225,0.047,0.029
Faltec Europe Ltd,219.0,6.0,153.12,2025-03-05 09:30:30+00:00,0.0345,0.01775,0.05925,0.03475
Faltec Europe Ltd,219.0,6.0,153.12,2025-03-05 09:45:30+00:00,0.052,0.02425,0.0655,0.0515
Faltec Europe Ltd,219.0,6.0,153.12,2025-03-05 10:00:30+00:00,0.047,0.02725,0.0675,0.04675
Faltec Europe Ltd,219.0,6.0,153.12,2025-03-05 10:15:30+00:00,0.04225,0.028,0.06825,0.04225
Faltec Europe Ltd,219.0,6.0,153.12,2025-03-05 10:30:30+00:00,0.056,0.03225,0.07525,0.055
Faltec Europe Ltd,219.0,6.0,153.12,2025-03-05 10:45:30+00:00,0.06225,0.043,0.0815,0.061
Faltec Europe Ltd,219.0,6.0,153.12,2025-03-05 11:00:30+00:00,0.06825,0.0495,0.08425,0.06625
Faltec Europe Ltd,219.0,6.0,153.12,2025-03-05 11:15:30+00:00,0.07,0.054,0.087,0.0675
Faltec Europe Ltd,219.0,6.0,153.12,2025-03-05 11:30:30+00:00,0.073,0.0495,0.08775,0.07025
Faltec Europe Ltd,219.0,6.0,153.12,2025-03-05 11:45:30+00:00,0.06175,0.0435,0.085,0.06
Faltec Europe Ltd,219.0,6.0,153.12,2025-03-05 12:00:30+00:00,0.05725,0.04275,0.07975,0.0565
Faltec Europe Ltd,219.0,6.0,153.12,2025-03-05 12:15:30+00:00,0.06675,0.04625,0.0805,0.06425
Faltec Europe Ltd,219.0,6.0,153.12,2025-03-05 12:30:30+00:00,0.0645,0.047,0.07875,0.062
Faltec Europe Ltd,219.0,6.0,153.12,2025-03-05 12:45:30+00:00,0.056,0.04125,0.0745,0.055
Faltec Europe Ltd,219.0,6.0,153.12,2025-03-05 13:00:30+00:00,0.05475,0.038,0.08,0.053
Faltec Europe Ltd,219.0,6.0,153.12,2025-03-05 13:15:30+00:00,0.0665,0.0345,0.08375,0.063
Faltec Europe Ltd,219.0,6.0,153.12,2025-03-05 13:30:30+00:00,0.05425,0.02475,0.08175,0.052
Faltec Europe Ltd,219.0,6.0,153.12,2025-03-05 13:45:30+00:00,0.03825,0.01475,0.07575,0.03775
Faltec Europe Ltd,219.0,6.0,153.12,2025-03-05 14:00:30+00:00,0.04575,0.01,0.086,0.044
Faltec Europe Ltd,219.0,6.0,153.12,2025-03-05 14:15:30+00:00,0.06125,0.016,0.10125,0.05625
Faltec Europe Ltd,219.0,6.0,153.12,2025-03-05 14:30:30+00:00,0.06775,0.03025,0.10725,0.061
Faltec Europe Ltd,219.0,6.0,153.12,2025-03-05 14:45:30+00:00,0.078,0.046,0.1015,0.0675
Faltec Europe Ltd,219.0,6.0,153.12,2025-03-05 15:00:30+00:00,0.07225,0.052,0.0885,0.06225
Faltec Europe Ltd,219.0,6.0,153.12,2025-03-05 15:15:30+00:00,0.05825,0.0455,0.07575,0.05125
Faltec Europe Ltd,219.0,6.0,153.12,2025-03-05 15:30:30+00:00,0.054,0.03875,0.068,0.046
Faltec Europe Ltd,219.0,6.0,153.12,2025-03-05 15:45:30+00:00,0.0465,0.03125,0.06,0.0395
Faltec Europe Ltd,219.0,6.0,153.12,2025-03-05 16:00:30+00:00,0.035,0.024,0.04825,0.0305
Faltec Europe Ltd,219.0,6.0,153.12,2025-03-05 16:15:30+00:00,0.02775,0.01775,0.03875,0.02425
Faltec Europe Ltd,219.0,6.0,153.12,2025-03-05 16:30:30+00:00,0.0225,0.01375,0.0315,0.01975
Faltec Europe Ltd,219.0,6.0,153.12,2025-03-05 16:45:30+00:00,0.01825,0.0105,0.02525,0.01525
Faltec Europe Ltd,219.0,6.0,153.12,2025-03-05 17:00:30+00:00,0.012,0.00675,0.0175,0.01
Faltec Europe Ltd,219.0,6.0,153.12,2025-03-05 17:15:30+00:00,0.00525,0.003,0.0085,0.005
Faltec Europe Ltd,219.0,6.0,153.12,2025-03-05 17:30:30+00:00,0.00125,0.001,0.002,0.00125
Faltec Europe Ltd,219.0,6.0,153.12,2025-03-05 17:45:30+00:00,0.0,0.0,0.0,0.0
Faltec Europe Ltd,219.0,6.0,153.12,2025-03-05 18:00:30+00:00,0.0,0.0,0.0,0.0
Faltec Europe Ltd,219.0,6.0,153.12,2025-03-05 18:15:30+00:00,0.0,0.0,0.0,0.0
Faltec Europe Ltd,219.0,6.0,153.12,2025-03-05 18:30:30+00:00,0.0,0.0,0.0,0.0
Faltec Europe Ltd,219.0,6.0,153.12,2025-03-05 18:45:30+00:00,0.0,0.0,0.0,0.0
Faltec Europe Ltd,219.0,6.0,153.12,2025-03-05 19:00:30+00:00,0.0,0.0,0.0,0.0
Faltec Europe Ltd,219.0,6.0,153.12,2025-03-05 19:15:30+00:00,0.0,0.0,0.0,0.0
Faltec Europe Ltd,219.0,6.0,153.12,2025-03-05 19:30:30+00:00,0.0,0.0,0.0,0.0
Faltec Europe Ltd,219.0,6.0,153.12,2025-03-05 19:45:30+00:00,0.0,0.0,0.0,0.0
Faltec Europe Ltd,219.0,6.0,153.12,2025-03-05 20:00:30+00:00,0.0,0.0,0.0,0.0
Faltec Europe Ltd,219.0,6.0,153.12,2025-03-05 20:15:30+00:00,0.0,0.0,0.0,0.0
Faltec Europe Ltd,219.0,6.0,153.12,2025-03-05 20:30:30+00:00,0.0,0.0,0.0,0.0
Faltec Europe Ltd,219.0,6.0,153.12,2025-03-05 20:45:30+00:00,0.0,0.0,0.0,0.0
Faltec Europe Ltd,219.0,6.0,153.12,2025-03-05 21:00:30+00:00,0.0,0.0,0.0,0.0
Faltec Europe Ltd,219.0,6.0,153.12,2025-03-05 21:15:30+00:00,0.0,0.0,0.0,0.0
Faltec Europe Ltd,219.0,6.0,153.12,2025-03-05 21:30:30+00:00,0.0,0.0,0.0,0.0
Faltec Europe Ltd,219.0,6.0,153.12,2025-03-05 21:45:30+00:00,0.0,0.0,0.0,0.0
Faltec Europe Ltd,219.0,6.0,153.12,2025-03-05 22:00:30+00:00,0.0,0.0,0.0,0.0
Faltec Europe Ltd,219.0,6.0,153.12,2025-03-05 22:15:30+00:00,0.0,0.0,0.0,0.0
Faltec Europe Ltd,219.0,6.0,153.12,2025-03-05 22:30:30+00:00,0.0,0.0,0.0,0.0
Faltec Europe Ltd,219.0,6.0,153.12,2025-03-05 22:45:30+00:00,0.0,0.0,0.0,0.0
Faltec Europe Ltd,219.0,6.0,153.12,2025-03-05 23:00:30+00:00,0.0,0.0,0.0,0.0
Faltec Europe Ltd,219.0,6.0,153.12,2025-03-05 23:15:30+00:00,0.0,0.0,0.0,0.0
Faltec Europe Ltd,219.0,6.0,153.12,2025-03-05 23:30:30+00:00,0.0,0.0,0.0,0.0
Faltec Europe Ltd,219.0,6.0,153.12,2025-03-05 23:45:30+00:00,0.0,0.0,0.0,0.0
Faltec Europe Ltd,219.0,6.0,153.12,2025-03-06 00:00:30+00:00,0.0,0.0,0.0,0.0
Faltec Europe Ltd,219.0,6.0,153.12,2025-03-06 00:15:30+00:00,0.0,0.0,0.0,0.0
Faltec Europe Ltd,219.0,6.0,153.12,2025-03-06 00:30:30+00:00,0.0,0.0,0.0,0.0
Faltec Europe Ltd,219.0,6.0,153.12,2025-03-06 00:45:30+00:00,0.0,0.0,0.0,0.0
Faltec Europe Ltd,219.0,6.0,153.12,2025-03-06 01:00:30+00:00,0.0,0.0,0.0,0.0
Faltec Europe Ltd,219.0,6.0,153.12,2025-03-06 01:15:30+00:00,0.0,0.0,0.0,0.0
Faltec Europe Ltd,219.0,6.0,153.12,2025-03-06 01:30:30+00:00,0.0,0.0,0.0,0.0
Faltec Europe Ltd,219.0,6.0,153.12,2025-03-06 01:45:30+00:00,0.0,0.0,0.0,0.0
Faltec Europe Ltd,219.0,6.0,153.12,2025-03-06 02:00:30+00:00,0.0,0.0,0.0,0.0
Faltec Europe Ltd,219.0,6.0,153.12,2025-03-06 02:15:30+00:00,0.0,0.0,0.0,0.0
Faltec Europe Ltd,219.0,6.0,153.12,2025-03-06 02:30:30+00:00,0.0,0.0,0.0,0.0
Faltec Europe Ltd,219.0,6.0,153.12,2025-03-06 02:45:30+00:00,0.0,0.0,0.0,0.0
Faltec Europe Ltd,219.0,6.0,153.12,2025-03-06 03:00:30+00:00,0.0,0.0,0.0,0.0
Faltec Europe Ltd,219.0,6.0,153.12,2025-03-06 03:15:30+00:00,0.0,0.0,0.0,0.0
Faltec Europe Ltd,219.0,6.0,153.12,2025-03-06 03:30:30+00:00,0.0,0.0,0.0,0.0
Faltec Europe Ltd,219.0,6.0,153.12,2025-03-06 03:45:30+00:00,0.0,0.0,0.0,0.0
Faltec Europe Ltd,219.0,6.0,153.12,2025-03-06 04:00:30+00:00,0.0,0.0,0.0,0.0
Faltec Europe Ltd,219.0,6.0,153.12,2025-03-06 04:15:30+00:00,0.0,0.0,0.0,0.0
Faltec Europe Ltd,219.0,6.0,153.12,2025-03-06 04:30:30+00:00,0.0,0.0,0.0,0.0
Faltec Europe Ltd,219.0,6.0,153.12,2025-03-06 04:45:30+00:00,0.0,0.0,0.0,0.0
Faltec Europe Ltd,219.0,6.0,153.12,2025-03-06 05:00:30+00:00,0.0,0.0,0.0,0.0
Faltec Europe Ltd,219.0,6.0,153.12,2025-03-06 05:15:30+00:00,0.0,0.0,0.0,0.0
Faltec Europe Ltd,219.0,6.0,153.12,2025-03-06 05:30:30+00:00,0.0,0.0,0.0,0.0
Faltec Europe Ltd,219.0,6.0,153.12,2025-03-06 05:45:30+00:00,0.0,0.0,0.0,0.0
Faltec Europe Ltd,219.0,6.0,153.12,2025-03-06 06:00:30+00:00,0.0,0.0,0.0,0.0
Faltec Europe Ltd,219.0,6.0,153.12,2025-03-06 06:15:30+00:00,0.0,0.0,0.0,0.0
Faltec Europe Ltd,219.0,6.0,153.12,2025-03-06 06:30:30+00:00,0.0,0.0,0.0,0.0
Faltec Europe Ltd,219.0,6.0,153.12,2025-03-06 06:45:30+00:00,0.001,0.0005,0.001,0.001
Faltec Europe Ltd,219.0,6.0,153.12,2025-03-06 07:00:30+00:00,0.00375,0.00275,0.0045,0.005
Faltec Europe Ltd,219.0,6.0,153.12,2025-03-06 07:15:30+00:00,0.009,0.00625,0.01075,0.01125
Faltec Europe Ltd,219.0,6.0,153.12,2025-03-06 07:30:30+00:00,0.01575,0.0115,0.0185,0.0185
Faltec Europe Ltd,219.0,6.0,153.12,2025-03-06 07:45:30+00:00,0.02325,0.01775,0.02725,0.026
Faltec Europe Ltd,219.0,6.0,153.12,2025-03-06 08:00:30+00:00,0.03125,0.0245,0.0365,0.034
Faltec Europe Ltd,219.0,6.0,153.12,2025-03-06 08:15:30+00:00,0.03975,0.03225,0.046,0.04175
Faltec Europe Ltd,219.0,6.0,153.12,2025-03-06 08:30:30+00:00,0.04825,0.04025,0.0555,0.04975
Faltec Europe Ltd,219.0,6.0,153.12,2025-03-06 08:45:30+00:00,0.057,0.04875,0.065,0.05775
Faltec Europe Ltd,219.0,6.0,153.12,2025-03-06 09:00:30+00:00,0.0655,0.05775,0.073,0.06525
Faltec Europe Ltd,219.0,6.0,153.12,2025-03-06 09:15:30+00:00,0.07375,0.0665,0.08075,0.0725
Faltec Europe Ltd,219.0,6.0,153.12,2025-03-06 09:30:30+00:00,0.0815,0.075,0.08775,0.07925
Faltec Europe Ltd,219.0,6.0,153.12,2025-03-06 09:45:30+00:00,0.089,0.08325,0.0945,0.08575
Faltec Europe Ltd,219.0,6.0,153.12,2025-03-06 10:00:30+00:00,0.09625,0.09075,0.10125,0.09175
Faltec Europe Ltd,219.0,6.0,153.12,2025-03-06 10:15:30+00:00,0.10275,0.09775,0.10775,0.09725
Faltec Europe Ltd,219.0,6.0,153.12,2025-03-06 10:30:30+00:00,0.109,0.10375,0.114,0.10225
Faltec Europe Ltd,219.0,6.0,153.12,2025-03-06 10:45:30+00:00,0.11475,0.10925,0.11975,0.10675
Faltec Europe Ltd,219.0,6.0,153.12,2025-03-06 11:00:30+00:00,0.12,0.11425,0.12525,0.1105
Faltec Europe Ltd,219.0,6.0,153.12,2025-03-06 11:15:30+00:00,0.12425,0.1185,0.1295,0.1135
Faltec Europe Ltd,219.0,6.0,153.12,2025-03-06 11:30:30+00:00,0.12775,0.122,0.133,0.116
Faltec Europe Ltd,219.0,6.0,153.12,2025-03-06 11:45:30+00:00,0.1305,0.12475,0.13575,0.11775
Faltec Europe Ltd,219.0,6.0,153.12,2025-03-06 12:00:30+00:00,0.13225,0.12675,0.13775,0.1185
Faltec Europe Ltd,219.0,6.0,153.12,2025-03-06 12:15:30+00:00,0.13375,0.12775,0.13875,0.119
Faltec Europe Ltd,219.0,6.0,153.12,2025-03-06 12:30:30+00:00,0.134,0.12825,0.13925,0.1185
Faltec Europe Ltd,219.0,6.0,153.12,2025-03-06 12:45:30+00:00,0.1335,0.12775,0.13875,0.11725
Faltec Europe Ltd,219.0,6.0,153.12,2025-03-06 13:00:30+00:00,0.132,0.12625,0.13725,0.11525
Faltec Europe Ltd,219.0,6.0,153.12,2025-03-06 13:15:30+00:00,0.12975,0.12375,0.135,0.1125
Faltec Europe Ltd,219.0,6.0,153.12,2025-03-06 13:30:30+00:00,0.12625,0.12075,0.1315,0.10875
Faltec Europe Ltd,219.0,6.0,153.12,2025-03-06 13:45:30+00:00,0.1225,0.11725,0.1275,0.10475
Faltec Europe Ltd,219.0,6.0,153.12,2025-03-06 14:00:30+00:00,0.1175,0.1125,0.12225,0.10025
Faltec Europe Ltd,219.0,6.0,153.12,2025-03-06 14:15:30+00:00,0.11225,0.107,0.11725,0.095
Faltec Europe Ltd,219.0,6.0,153.12,2025-03-06 14:30:30+00:00,0.1065,0.10025,0.112,0.08925
Faltec Europe Ltd,219.0,6.0,153.12,2025-03-06 14:45:30+00:00,0.09975,0.0925,0.10675,0.083
Faltec Europe Ltd,219.0,6.0,153.12,2025-03-06 15:00:30+00:00,0.0925,0.08375,0.10075,0.07625
Faltec Europe Ltd,219.0,6.0,153.12,2025-03-06 15:15:30+00:00,0.0845,0.07475,0.094,0.069
Faltec Europe Ltd,219.0,6.0,153.12,2025-03-06 15:30:30+00:00,0.07575,0.06525,0.08575,0.06125
Faltec Europe Ltd,219.0,6.0,153.12,2025-03-06 15:45:30+00:00,0.06625,0.0535,0.07625,0.05275
Faltec Europe Ltd,219.0,6.0,153.12,2025-03-06 16:00:30+00:00,0.058,0.04325,0.06625,0.0455
Faltec Europe Ltd,219.0,6.0,153.12,2025-03-06 16:15:30+00:00,0.049,0.03,0.054,0.039
Faltec Europe Ltd,219.0,6.0,153.12,2025-03-06 16:30:30+00:00,0.02875,0.02,0.04075,0.02425
Faltec Europe Ltd,219.0,6.0,153.12,2025-03-06 16:45:30+00:00,0.022,0.01325,0.03125,0.01775
Faltec Europe Ltd,219.0,6.0,153.12,2025-03-06 17:00:30+00:00,0.019,0.01025,0.0225,0.01425
Faltec Europe Ltd,219.0,6.0,153.12,2025-03-06 17:15:30+00:00,0.01125,0.007,0.01275,0.00775
Faltec Europe Ltd,219.0,6.0,153.12,2025-03-06 17:30:30+00:00,0.00275,0.0025,0.003,0.00225
Faltec Europe Ltd,219.0,6.0,153.12,2025-03-06 17:45:30+00:00,0.0,0.0,0.0,0.0
Faltec Europe Ltd,219.0,6.0,153.12,2025-03-06 18:00:30+00:00,0.0,0.0,0.0,0.0
Faltec Europe Ltd,219.0,6.0,153.12,2025-03-06 18:15:30+00:00,0.0,0.0,0.0,0.0
Faltec Europe Ltd,219.0,6.0,153.12,2025-03-06 18:30:30+00:00,0.0,0.0,0.0,0.0
Faltec Europe Ltd,219.0,6.0,153.12,2025-03-06 18:45:30+00:00,0.0,0.0,0.0,0.0
Faltec Europe Ltd,219.0,6.0,153.12,2025-03-06 19:00:30+00:00,0.0,0.0,0.0,0.0
Faltec Europe Ltd,219.0,6.0,153.12,2025-03-06 19:15:30+00:00,0.0,0.0,0.0,0.0
Faltec Europe Ltd,219.0,6.0,153.12,2025-03-06 19:30:30+00:00,0.0,0.0,0.0,0.0
Faltec Europe Ltd,219.0,6.0,153.12,2025-03-06 19:45:30+00:00,0.0,0.0,0.0,0.0
Faltec Europe Ltd,219.0,6.0,153.12,2025-03-06 20:00:30+00:00,0.0,0.0,0.0,0.0
Faltec Europe Ltd,219.0,6.0,153.12,2025-03-06 20:15:30+00:00,0.0,0.0,0.0,0.0
Faltec Europe Ltd,219.0,6.0,153.12,2025-03-06 20:30:30+00:00,0.0,0.0,0.0,0.0
Faltec Europe Ltd,219.0,6.0,153.12,2025-03-06 20:45:30+00:00,0.0,0.0,0.0,0.0
Faltec Europe Ltd,219.0,6.0,153.12,2025-03-06 21:00:30+00:00,0.0,0.0,0.0,0.0
Faltec Europe Ltd,219.0,6.0,153.12,2025-03-06 21:15:30+00:00,0.0,0.0,0.0,0.0
Faltec Europe Ltd,219.0,6.0,153.12,2025-03-06 21:30:30+00:00,0.0,0.0,0.0,0.0
Faltec Europe Ltd,219.0,6.0,153.12,2025-03-06 21:45:30+00:00,0.0,0.0,0.0,0.0
Faltec Europe Ltd,219.0,6.0,153.12,2025-03-06 22:00:30+00:00,0.0,0.0,0.0,0.0
Faltec Europe Ltd,219.0,6.0,153.12,2025-03-06 22:15:30+00:00,0.0,0.0,0.0,0.0
Faltec Europe Ltd,219.0,6.0,153.12,2025-03-06 22:30:30+00:00,0.0,0.0,0.0,0.0
Faltec Europe Ltd,219.0,6.0,153.12,2025-03-06 22:45:30+00:00,0.0,0.0,0.0,0.0
Faltec Europe Ltd,219.0,6.0,153.12,2025-03-06 23:00:30+00:00,0.0,0.0,0.0,0.0
Faltec Europe Ltd,219.0,6.0,153.12,2025-03-06 23:15:30+00:00,0.0,0.0,0.0,0.0
Faltec Europe Ltd,219.0,6.0,153.12,2025-03-06 23:30:30+00:00,0.0,0.0,0.0,0.0
Faltec Europe Ltd,219.0,6.0,153.12,2025-03-06 23:45:30+00:00,0.0,0.0,0.0,0.0
Faltec Europe Ltd,219.0,6.0,153.12,2025-03-07 00:00:30+00:00,0.0,0.0,0.0,0.0
Faltec Europe Ltd,219.0,6.0,153.12,2025-03-07 00:15:30+00:00,0.0,0.0,0.0,0.0
Faltec Europe Ltd,219.0,6.0,153.12,2025-03-07 00:30:30+00:00,0.0,0.0,0.0,0.0
Faltec Europe Ltd,219.0,6.0,153.12,2025-03-07 00:45:30+00:00,0.0,0.0,0.0,0.0
Faltec Europe Ltd,219.0,6.0,153.12,2025-03-07 01:00:30+00:00,0.0,0.0,0.0,0.0
Faltec Europe Ltd,219.0,6.0,153.12,2025-03-07 01:15:30+00:00,0.0,0.0,0.0,0.0
Faltec Europe Ltd,219.0,6.0,153.12,2025-03-07 01:30:30+00:00,0.0,0.0,0.0,0.0
Faltec Europe Ltd,219.0,6.0,153.12,2025-03-07 01:45:30+00:00,0.0,0.0,0.0,0.0
Faltec Europe Ltd,219.0,6.0,153.12,2025-03-07 02:00:30+00:00,0.0,0.0,0.0,0.0
Faltec Europe Ltd,219.0,6.0,153.12,2025-03-07 02:15:30+00:00,0.0,0.0,0.0,0.0
Faltec Europe Ltd,219.0,6.0,153.12,2025-03-07 02:30:30+00:00,0.0,0.0,0.0,0.0
Faltec Europe Ltd,219.0,6.0,153.12,2025-03-07 02:45:30+00:00,0.0,0.0,0.0,0.0
Faltec Europe Ltd,219.0,6.0,153.12,2025-03-07 03:00:30+00:00,0.0,0.0,0.0,0.0
Faltec Europe Ltd,219.0,6.0,153.12,2025-03-07 03:15:30+00:00,0.0,0.0,0.0,0.0
Faltec Europe Ltd,219.0,6.0,153.12,2025-03-07 03:30:30+00:00,0.0,0.0,0.0,0.0
Faltec Europe Ltd,219.0,6.0,153.12,2025-03-07 03:45:30+00:00,0.0,0.0,0.0,0.0
Faltec Europe Ltd,219.0,6.0,153.12,2025-03-07 04:00:30+00:00,0.0,0.0,0.0,0.0
Faltec Europe Ltd,219.0,6.0,153.12,2025-03-07 04:15:30+00:00,0.0,0.0,0.0,0.0
Faltec Europe Ltd,219.0,6.0,153.12,2025-03-07 04:30:30+00:00,0.0,0.0,0.0,0.0
Faltec Europe Ltd,219.0,6.0,153.12,2025-03-07 04:45:30+00:00,0.0,0.0,0.0,0.0
Faltec Europe Ltd,219.0,6.0,153.12,2025-03-07 05:00:30+00:00,0.0,0.0,0.0,0.0
Faltec Europe Ltd,219.0,6.0,153.12,2025-03-07 05:15:30+00:00,0.0,0.0,0.0,0.0
Faltec Europe Ltd,219.0,6.0,153.12,2025-03-07 05:30:30+00:00,0.0,0.0,0.0,0.0
Faltec Europe Ltd,219.0,6.0,153.12,2025-03-07 05:45:30+00:00,0.0,0.0,0.0,0.0
Faltec Europe Ltd,219.0,6.0,153.12,2025-03-07 06:00:30+00:00,0.0,0.0,0.0,0.0
Faltec Europe Ltd,219.0,6.0,153.12,2025-03-07 06:15:30+00:00,0.0,0.0,0.0,0.0
Faltec Europe Ltd,219.0,6.0,153.12,2025-03-07 06:30:30+00:00,0.0,0.0,0.0,0.0
Faltec Europe Ltd,219.0,6.0,153.12,2025-03-07 06:45:30+00:00,0.00075,0.00025,0.0015,0.00075
Faltec Europe Ltd,219.0,6.0,153.12,2025-03-07 07:00:30+00:00,0.003,0.001,0.00625,0.003
Faltec Europe Ltd,219.0,6.0,153.12,2025-03-07 07:15:30+00:00,0.00675,0.00125,0.01025,0.007
Faltec Europe Ltd,219.0,6.0,153.12,2025-03-07 07:30:30+00:00,0.00625,0.0015,0.0155,0.00625
Faltec Europe Ltd,219.0,6.0,153.12,2025-03-07 07:45:30+00:00,0.01025,0.00225,0.018,0.01025
Faltec Europe Ltd,219.0,6.0,153.12,2025-03-07 08:00:30+00:00,0.01025,0.00275,0.0205,0.0105
Faltec Europe Ltd,219.0,6.0,153.12,2025-03-07 08:15:30+00:00,0.01125,0.00375,0.02275,0.0115
Faltec Europe Ltd,219.0,6.0,153.12,2025-03-07 08:30:30+00:00,0.018,0.006,0.0265,0.01825
Faltec Europe Ltd,219.0,6.0,153.12,2025-03-07 08:45:30+00:00,0.01925,0.0045,0.03575,0.01925
Faltec Europe Ltd,219.0,6.0,153.12,2025-03-07 09:00:30+00:00,0.02025,0.00525,0.04325,0.0205
Faltec Europe Ltd,219.0,6.0,153.12,2025-03-07 09:15:30+00:00,0.01875,0.00575,0.06175,0.019
Faltec Europe Ltd,219.0,6.0,153.12,2025-03-07 09:30:30+00:00,0.05275,0.0105,0.07575,0.05225
Faltec Europe Ltd,219.0,6.0,153.12,2025-03-07 09:45:30+00:00,0.04625,0.00925,0.08375,0.04575
Faltec Europe Ltd,219.0,6.0,153.12,2025-03-07 10:00:30+00:00,0.03075,0.00725,0.07525,0.03075
Faltec Europe Ltd,219.0,6.0,153.12,2025-03-07 10:15:30+00:00,0.01725,0.00775,0.05925,0.01725
Faltec Europe Ltd,219.0,6.0,153.12,2025-03-07 10:30:30+00:00,0.0105,0.008,0.04275,0.01075
Faltec Europe Ltd,219.0,6.0,153.12,2025-03-07 10:45:30+00:00,0.0095,0.0085,0.035,0.0095
Faltec Europe Ltd,219.0,6.0,153.12,2025-03-07 11:00:30+00:00,0.01725,0.00875,0.0365,0.0175
Faltec Europe Ltd,219.0,6.0,153.12,2025-03-07 11:15:30+00:00,0.02425,0.009,0.039,0.0245
Faltec Europe Ltd,219.0,6.0,153.12,2025-03-07 11:30:30+00:00,0.01925,0.009,0.03725,0.0195
Faltec Europe Ltd,219.0,6.0,153.12,2025-03-07 11:45:30+00:00,0.015,0.00925,0.03275,0.015
Faltec Europe Ltd,219.0,6.0,153.12,2025-03-07 12:00:30+00:00,0.0175,0.00925,0.031,0.01775
Faltec Europe Ltd,219.0,6.0,153.12,2025-03-07 12:15:30+00:00,0.01775,0.00925,0.0295,0.018
Faltec Europe Ltd,219.0,6.0,153.12,2025-03-07 12:30:30+00:00,0.015,0.00925,0.028,0.015
Faltec Europe Ltd,219.0,6.0,153.12,2025-03-07 12:45:30+00:00,0.01325,0.009,0.02675,0.01325
Faltec Europe Ltd,219.0,6.0,153.12,2025-03-07 13:00:30+00:00,0.01425,0.009,0.0265,0.01425
Faltec Europe Ltd,219.0,6.0,153.12,2025-03-07 13:15:30+00:00,0.0145,0.00875,0.028,0.01475
Faltec Europe Ltd,219.0,6.0,153.12,2025-03-07 13:30:30+00:00,0.017,0.0085,0.028,0.017
Faltec Europe Ltd,219.0,6.0,153.12,2025-03-07 13:45:30+00:00,0.01425,0.00825,0.02625,0.01425
Faltec Europe Ltd,219.0,6.0,153.12,2025-03-07 14:00:30+00:00,0.01,0.00775,0.02375,0.01025
Faltec Europe Ltd,219.0,6.0,153.12,2025-03-07 14:15:30+00:00,0.01,0.0075,0.02375,0.01
Faltec Europe Ltd,219.0,6.0,153.12,2025-03-07 14:30:30+00:00,0.01275,0.007,0.02625,0.01275
Faltec Europe Ltd,219.0,6.0,153.12,2025-03-07 14:45:30+00:00,0.014,0.0065,0.02925,0.01425
Faltec Europe Ltd,219.0,6.0,153.12,2025-03-07 15:00:30+00:00,0.0155,0.006,0.03025,0.0155
Faltec Europe Ltd,219.0,6.0,153.12,2025-03-07 15:15:30+00:00,0.01675,0.0055,0.031,0.017
Faltec Europe Ltd,219.0,6.0,153.12,2025-03-07 15:30:30+00:00,0.0175,0.00475,0.03075,0.01775
Faltec Europe Ltd,219.0,6.0,153.12,2025-03-07 15:45:30+00:00,0.01625,0.00425,0.0305,0.01625
Faltec Europe Ltd,219.0,6.0,153.12,2025-03-07 16:00:30+00:00,0.01725,0.00425,0.02875,0.01725
Faltec Europe Ltd,219.0,6.0,153.12,2025-03-07 16:15:30+00:00,0.01575,0.005,0.027,0.01575
Faltec Europe Ltd,219.0,6.0,153.12,2025-03-07 16:30:30+00:00,0.0145,0.00375,0.02275,0.01425
Faltec Europe Ltd,219.0,6.0,153.12,2025-03-07 16:45:30+00:00,0.00875,0.00175,0.01675,0.00875
Faltec Europe Ltd,219.0,6.0,153.12,2025-03-07 17:00:30+00:00,0.004,0.00125,0.0105,0.004
Faltec Europe Ltd,219.0,6.0,153.12,2025-03-07 17:15:30+00:00,0.00175,0.0005,0.00525,0.002
Faltec Europe Ltd,219.0,6.0,153.12,2025-03-07 17:30:30+00:00,0.0005,0.00025,0.00225,0.0005
Faltec Europe Ltd,219.0,6.0,153.12,2025-03-07 17:45:30+00:00,0.0,0.0,0.00025,0.0
Faltec Europe Ltd,219.0,6.0,153.12,2025-03-07 18:00:30+00:00,0.0,0.0,0.0,0.0
Faltec Europe Ltd,219.0,6.0,153.12,2025-03-07 18:15:30+00:00,0.0,0.0,0.0,0.0
Faltec Europe Ltd,219.0,6.0,153.12,2025-03-07 18:30:30+00:00,0.0,0.0,0.0,0.0
Faltec Europe Ltd,219.0,6.0,153.12,2025-03-07 18:45:30+00:00,0.0,0.0,0.0,0.0
Faltec Europe Ltd,219.0,6.0,153.12,2025-03-07 19:00:30+00:00,0.0,0.0,0.0,0.0
Faltec Europe Ltd,219.0,6.0,153.12,2025-03-07 19:15:30+00:00,0.0,0.0,0.0,0.0
Faltec Europe Ltd,219.0,6.0,153.12,2025-03-07 19:30:30+00:00,0.0,0.0,0.0,0.0
Faltec Europe Ltd,219.0,6.0,153.12,2025-03-07 19:45:30+00:00,0.0,0.0,0.0,0.0
Faltec Europe Ltd,219.0,6.0,153.12,2025-03-07 20:00:30+00:00,0.0,0.0,0.0,0.0
Faltec Europe Ltd,219.0,6.0,153.12,2025-03-07 20:15:30+00:00,0.0,0.0,0.0,0.0
Faltec Europe Ltd,219.0,6.0,153.12,2025-03-07 20:30:30+00:00,0.0,0.0,0.0,0.0
Faltec Europe Ltd,219.0,6.0,153.12,2025-03-07 20:45:30+00:00,0.0,0.0,0.0,0.0
Faltec Europe Ltd,219.0,6.0,153.12,2025-03-07 21:00:30+00:00,0.0,0.0,0.0,0.0
Faltec Europe Ltd,219.0,6.0,153.12,2025-03-07 21:15:30+00:00,0.0,0.0,0.0,0.0
Faltec Europe Ltd,219.0,6.0,153.12,2025-03-07 21:30:30+00:00,0.0,0.0,0.0,0.0
Faltec Europe Ltd,219.0,6.0,153.12,2025-03-07 21:45:30+00:00,0.0,0.0,0.0,0.0
Faltec Europe Ltd,219.0,6.0,153.12,2025-03-07 22:00:30+00:00,0.0,0.0,0.0,0.0
Faltec Europe Ltd,219.0,6.0,153.12,2025-03-07 22:15:30+00:00,0.0,0.0,0.0,0.0
Faltec Europe Ltd,219.0,6.0,153.12,2025-03-07 22:30:30+00:00,0.0,0.0,0.0,0.0
Faltec Europe Ltd,219.0,6.0,153.12,2025-03-07 22:45:30+00:00,0.0,0.0,0.0,0.0
Faltec Europe Ltd,219.0,6.0,153.12,2025-03-07 23:00:30+00:00,0.0,0.0,0.0,0.0
Faltec Europe Ltd,219.0,6.0,153.12,2025-03-07 23:15:30+00:00,0.0,0.0,0.0,0.0
Faltec Europe Ltd,219.0,6.0,153.12,2025-03-07 23:30:30+00:00,0.0,0.0,0.0,0.0
Faltec Europe Ltd,219.0,6.0,153.12,2025-03-07 23:45:30+00:00,0.0,0.0,0.0,0.0
Faltec Europe Ltd,219.0,6.0,153.12,2025-03-08 00:00:30+00:00,0.0,0.0,0.0,0.0
Faltec Europe Ltd,219.0,6.0,153.12,2025-03-08 00:15:30+00:00,0.0,0.0,0.0,0.0
Faltec Europe Ltd,219.0,6.0,153.12,2025-03-08 00:30:30+00:00,0.0,0.0,0.0,0.0
Faltec Europe Ltd,219.0,6.0,153.12,2025-03-08 00:45:30+00:00,0.0,0.0,0.0,0.0
Faltec Europe Ltd,219.0,6.0,153.12,2025-03-08 01:00:30+00:00,0.0,0.0,0.0,0.0
Faltec Europe Ltd,219.0,6.0,153.12,2025-03-08 01:15:30+00:00,0.0,0.0,0.0,0.0
Faltec Europe Ltd,219.0,6.0,153.12,2025-03-08 01:30:30+00:00,0.0,0.0,0.0,0.0
Faltec Europe Ltd,219.0,6.0,153.12,2025-03-08 01:45:30+00:00,0.0,0.0,0.0,0.0
Faltec Europe Ltd,219.0,6.0,153.12,2025-03-08 02:00:30+00:00,0.0,0.0,0.0,0.0
Faltec Europe Ltd,219.0,6.0,153.12,2025-03-08 02:15:30+00:00,0.0,0.0,0.0,0.0
Faltec Europe Ltd,219.0,6.0,153.12,2025-03-08 02:30:30+00:00,0.0,0.0,0.0,0.0
Faltec Europe Ltd,219.0,6.0,153.12,2025-03-08 02:45:30+00:00,0.0,0.0,0.0,0.0
Faltec Europe Ltd,219.0,6.0,153.12,2025-03-08 03:00:30+00:00,0.0,0.0,0.0,0.0
Faltec Europe Ltd,219.0,6.0,153.12,2025-03-08 03:15:30+00:00,0.0,0.0,0.0,0.0
Faltec Europe Ltd,219.0,6.0,153.12,2025-03-08 03:30:30+00:00,0.0,0.0,0.0,0.0
Faltec Europe Ltd,219.0,6.0,153.12,2025-03-08 03:45:30+00:00,0.0,0.0,0.0,0.0
Faltec Europe Ltd,219.0,6.0,153.12,2025-03-08 04:00:30+00:00,0.0,0.0,0.0,0.0
Faltec Europe Ltd,219.0,6.0,153.12,2025-03-08 04:15:30+00:00,0.0,0.0,0.0,0.0
Faltec Europe Ltd,219.0,6.0,153.12,2025-03-08 04:30:30+00:00,0.0,0.0,0.0,0.0
Faltec Europe Ltd,219.0,6.0,153.12,2025-03-08 04:45:30+00:00,0.0,0.0,0.0,0.0
Faltec Europe Ltd,219.0,6.0,153.12,2025-03-08 05:00:30+00:00,0.0,0.0,0.0,0.0
Faltec Europe Ltd,219.0,6.0,153.12,2025-03-08 05:15:30+00:00,0.0,0.0,0.0,0.0
Faltec Europe Ltd,219.0,6.0,153.12,2025-03-08 05:30:30+00:00,0.0,0.0,0.0,0.0
Faltec Europe Ltd,219.0,6.0,153.12,2025-03-08 05:45:30+00:00,0.0,0.0,0.0,0.0
Faltec Europe Ltd,219.0,6.0,153.12,2025-03-08 06:00:30+00:00,0.0,0.0,0.0,0.0
Faltec Europe Ltd,219.0,6.0,153.12,2025-03-08 06:15:30+00:00,0.0,0.0,0.0,0.0
Faltec Europe Ltd,219.0,6.0,153.12,2025-03-08 06:30:30+00:00,0.0,0.0,0.0,0.0
Faltec Europe Ltd,219.0,6.0,153.12,2025-03-08 06:45:30+00:00,0.002,0.00175,0.0025,0.002
Faltec Europe Ltd,219.0,6.0,153.12,2025-03-08 07:00:30+00:00,0.0055,0.00375,0.0065,0.0065
Faltec Europe Ltd,219.0,6.0,153.12,2025-03-08 07:15:30+00:00,0.01125,0.00625,0.013,0.01325
Faltec Europe Ltd,219.0,6.0,153.12,2025-03-08 07:30:30+00:00,0.0155,0.00925,0.02125,0.01675
Faltec Europe Ltd,219.0,6.0,153.12,2025-03-08 07:45:30+00:00,0.0205,0.0135,0.03,0.022
Faltec Europe Ltd,219.0,6.0,153.12,2025-03-08 08:00:30+00:00,0.0295,0.01825,0.0385,0.03125
Faltec Europe Ltd,219.0,6.0,153.12,2025-03-08 08:15:30+00:00,0.03675,0.02675,0.0475,0.03825
Faltec Europe Ltd,219.0,6.0,153.12,2025-03-08 08:30:30+00:00,0.04825,0.03575,0.05675,0.0495
Faltec Europe Ltd,219.0,6.0,153.12,2025-03-08 08:45:30+00:00,0.05875,0.0475,0.066,0.0595
Faltec Europe Ltd,219.0,6.0,153.12,2025-03-08 09:00:30+00:00,0.067,0.058,0.07525,0.067
Faltec Europe Ltd,219.0,6.0,153.12,2025-03-08 09:15:30+00:00,0.07475,0.068,0.08125,0.07375
Faltec Europe Ltd,219.0,6.0,153.12,2025-03-08 09:30:30+00:00,0.08225,0.07675,0.08775,0.0805
Faltec Europe Ltd,219.0,6.0,153.12,2025-03-08 09:45:30+00:00,0.08975,0.0845,0.09425,0.087
Faltec Europe Ltd,219.0,6.0,153.12,2025-03-08 10:00:30+00:00,0.096,0.0915,0.101,0.092
Faltec Europe Ltd,219.0,6.0,153.12,2025-03-08 10:15:30+00:00,0.10275,0.09775,0.10775,0.09775
Faltec Europe Ltd,219.0,6.0,153.12,2025-03-08 10:30:30+00:00,0.10925,0.10375,0.114,0.103
Faltec Europe Ltd,219.0,6.0,153.12,2025-03-08 10:45:30+00:00,0.1145,0.10875,0.11925,0.10725
Faltec Europe Ltd,219.0,6.0,153.12,2025-03-08 11:00:30+00:00,0.1185,0.11275,0.12375,0.11025
Faltec Europe Ltd,219.0,6.0,153.12,2025-03-08 11:15:30+00:00,0.12175,0.116,0.12775,0.11275
Faltec Europe Ltd,219.0,6.0,153.12,2025-03-08 11:30:30+00:00,0.125,0.119,0.1315,0.115
Faltec Europe Ltd,219.0,6.0,153.12,2025-03-08 11:45:30+00:00,0.12875,0.122,0.13475,0.1175
Faltec Europe Ltd,219.0,6.0,153.12,2025-03-08 12:00:30+00:00,0.131,0.12375,0.13675,0.11875
Faltec Europe Ltd,219.0,6.0,153.12,2025-03-08 12:15:30+00:00,0.131,0.124,0.13725,0.11825
Faltec Europe Ltd,219.0,6.0,153.12,2025-03-08 12:30:30+00:00,0.13,0.12375,0.1365,0.11675
Faltec Europe Ltd,219.0,6.0,153.12,2025-03-08 12:45:30+00:00,0.1295,0.12325,0.13525,0.1155
Faltec Europe Ltd,219.0,6.0,153.12,2025-03-08 13:00:30+00:00,0.12825,0.1225,0.1335,0.11375
Faltec Europe Ltd,219.0,6.0,153.12,2025-03-08 13:15:30+00:00,0.12625,0.1205,0.1315,0.11125
Faltec Europe Ltd,219.0,6.0,153.12,2025-03-08 13:30:30+00:00,0.12325,0.11775,0.1285,0.10825
Faltec Europe Ltd,219.0,6.0,153.12,2025-03-08 13:45:30+00:00,0.12,0.1145,0.125,0.1045
Faltec Europe Ltd,219.0,6.0,153.12,2025-03-08 14:00:30+00:00,0.11575,0.1105,0.1205,0.10025
Faltec Europe Ltd,219.0,6.0,153.12,2025-03-08 14:15:30+00:00,0.11075,0.1055,0.1155,0.09525
Faltec Europe Ltd,219.0,6.0,153.12,2025-03-08 14:30:30+00:00,0.10475,0.099,0.10975,0.0895
Faltec Europe Ltd,219.0,6.0,153.12,2025-03-08 14:45:30+00:00,0.09775,0.0915,0.10375,0.083
Faltec Europe Ltd,219.0,6.0,153.12,2025-03-08 15:00:30+00:00,0.0905,0.08325,0.0975,0.07625
Faltec Europe Ltd,219.0,6.0,153.12,2025-03-08 15:15:30+00:00,0.08325,0.075,0.09125,0.0695
Faltec Europe Ltd,219.0,6.0,153.12,2025-03-08 15:30:30+00:00,0.07525,0.066,0.084,0.06225
Faltec Europe Ltd,219.0,6.0,153.12,2025-03-08 15:45:30+00:00,0.06625,0.05675,0.07475,0.05425
Faltec Europe Ltd,219.0,6.0,153.12,2025-03-08 16:00:30+00:00,0.0565,0.047,0.06425,0.04625
Faltec Europe Ltd,219.0,6.0,153.12,2025-03-08 16:15:30+00:00,0.04725,0.03825,0.054,0.03825
Faltec Europe Ltd,219.0,6.0,153.12,2025-03-08 16:30:30+00:00,0.03825,0.03,0.04375,0.0305
Faltec Europe Ltd,219.0,6.0,153.12,2025-03-08 16:45:30+00:00,0.02975,0.02225,0.0335,0.023
Faltec Europe Ltd,219.0,6.0,153.12,2025-03-08 17:00:30+00:00,0.02125,0.01525,0.0235,0.016
Faltec Europe Ltd,219.0,6.0,153.12,2025-03-08 17:15:30+00:00,0.012,0.00875,0.01325,0.009
Faltec Europe Ltd,219.0,6.0,153.12,2025-03-08 17:30:30+00:00,0.00375,0.00325,0.004,0.00325
Faltec Europe Ltd,219.0,6.0,153.12,2025-03-08 17:45:30+00:00,0.0005,0.00025,0.0005,0.0005
Faltec Europe Ltd,219.0,6.0,153.12,2025-03-08 18:00:30+00:00,0.0,0.0,0.0,0.0
Faltec Europe Ltd,219.0,6.0,153.12,2025-03-08 18:15:30+00:00,0.0,0.0,0.0,0.0
Faltec Europe Ltd,219.0,6.0,153.12,2025-03-08 18:30:30+00:00,0.0,0.0,0.0,0.0
Faltec Europe Ltd,219.0,6.0,153.12,2025-03-08 18:45:30+00:00,0.0,0.0,0.0,0.0
Faltec Europe Ltd,219.0,6.0,153.12,2025-03-08 19:00:30+00:00,0.0,0.0,0.0,0.0
Faltec Europe Ltd,219.0,6.0,153.12,2025-03-08 19:15:30+00:00,0.0,0.0,0.0,0.0
Faltec Europe Ltd,219.0,6.0,153.12,2025-03-08 19:30:30+00:00,0.0,0.0,0.0,0.0
Faltec Europe Ltd,219.0,6.0,153.12,2025-03-08 19:45:30+00:00,0.0,0.0,0.0,0.0
Faltec Europe Ltd,219.0,6.0,153.12,2025-03-08 20:00:30+00:00,0.0,0.0,0.0,0.0
Faltec Europe Ltd,219.0,6.0,153.12,2025-03-08 20:15:30+00:00,0.0,0.0,0.0,0.0
Faltec Europe Ltd,219.0,6.0,153.12,2025-03-08 20:30:30+00:00,0.0,0.0,0.0,0.0
Faltec Europe Ltd,219.0,6.0,153.12,2025-03-08 20:45:30+00:00,0.0,0.0,0.0,0.0
Faltec Europe Ltd,219.0,6.0,153.12,2025-03-08 21:00:30+00:00,0.0,0.0,0.0,0.0
Faltec Europe Ltd,219.0,6.0,153.12,2025-03-08 21:15:30+00:00,0.0,0.0,0.0,0.0
Faltec Europe Ltd,219.0,6.0,153.12,2025-03-08 21:30:30+00:00,0.0,0.0,0.0,0.0
Faltec Europe Ltd,219.0,6.0,153.12,2025-03-08 21:45:30+00:00,0.0,0.0,0.0,0.0
Faltec Europe Ltd,219.0,6.0,153.12,2025-03-08 22:00:30+00:00,0.0,0.0,0.0,0.0
Faltec Europe Ltd,219.0,6.0,153.12,2025-03-08 22:15:30+00:00,0.0,0.0,0.0,0.0
Faltec Europe Ltd,219.0,6.0,153.12,2025-03-08 22:30:30+00:00,0.0,0.0,0.0,0.0
Faltec Europe Ltd,219.0,6.0,153.12,2025-03-08 22:45:30+00:00,0.0,0.0,0.0,0.0
Faltec Europe Ltd,219.0,6.0,153.12,2025-03-08 23:00:30+00:00,0.0,0.0,0.0,0.0
Faltec Europe Ltd,219.0,6.0,153.12,2025-03-08 23:15:30+00:00,0.0,0.0,0.0,0.0
Faltec Europe Ltd,219.0,6.0,153.12,2025-03-08 23:30:30+00:00,0.0,0.0,0.0,0.0
Faltec Europe Ltd,219.0,6.0,153.12,2025-03-08 23:45:30+00:00,0.0,0.0,0.0,0.0
Faltec Europe Ltd,219.0,6.0,153.12,2025-03-09 00:00:30+00:00,0.0,0.0,0.0,0.0
Faltec Europe Ltd,219.0,6.0,153.12,2025-03-09 00:15:30+00:00,0.0,0.0,0.0,0.0
Faltec Europe Ltd,219.0,6.0,153.12,2025-03-09 00:30:30+00:00,0.0,0.0,0.0,0.0
Faltec Europe Ltd,219.0,6.0,153.12,2025-03-09 00:45:30+00:00,0.0,0.0,0.0,0.0
Faltec Europe Ltd,219.0,6.0,153.12,2025-03-09 01:00:30+00:00,0.0,0.0,0.0,0.0
Faltec Europe Ltd,219.0,6.0,153.12,2025-03-09 01:15:30+00:00,0.0,0.0,0.0,0.0
Faltec Europe Ltd,219.0,6.0,153.12,2025-03-09 01:30:30+00:00,0.0,0.0,0.0,0.0
Faltec Europe Ltd,219.0,6.0,153.12,2025-03-09 01:45:30+00:00,0.0,0.0,0.0,0.0
Faltec Europe Ltd,219.0,6.0,153.12,2025-03-09 02:00:30+00:00,0.0,0.0,0.0,0.0
Faltec Europe Ltd,219.0,6.0,153.12,2025-03-09 02:15:30+00:00,0.0,0.0,0.0,0.0
Faltec Europe Ltd,219.0,6.0,153.12,2025-03-09 02:30:30+00:00,0.0,0.0,0.0,0.0
Faltec Europe Ltd,219.0,6.0,153.12,2025-03-09 02:45:30+00:00,0.0,0.0,0.0,0.0
Faltec Europe Ltd,219.0,6.0,153.12,2025-03-09 03:00:30+00:00,0.0,0.0,0.0,0.0
Faltec Europe Ltd,219.0,6.0,153.12,2025-03-09 03:15:30+00:00,0.0,0.0,0.0,0.0
Faltec Europe Ltd,219.0,6.0,153.12,2025-03-09 03:30:30+00:00,0.0,0.0,0.0,0.0
Faltec Europe Ltd,219.0,6.0,153.12,2025-03-09 03:45:30+00:00,0.0,0.0,0.0,0.0
Faltec Europe Ltd,219.0,6.0,153.12,2025-03-09 04:00:30+00:00,0.0,0.0,0.0,0.0
Faltec Europe Ltd,219.0,6.0,153.12,2025-03-09 04:15:30+00:00,0.0,0.0,0.0,0.0
Faltec Europe Ltd,219.0,6.0,153.12,2025-03-09 04:30:30+00:00,0.0,0.0,0.0,0.0
Faltec Europe Ltd,219.0,6.0,153.12,2025-03-09 04:45:30+00:00,0.0,0.0,0.0,0.0
Faltec Europe Ltd,219.0,6.0,153.12,2025-03-09 05:00:30+00:00,0.0,0.0,0.0,0.0
Faltec Europe Ltd,219.0,6.0,153.12,2025-03-09 05:15:30+00:00,0.0,0.0,0.0,0.0
Faltec Europe Ltd,219.0,6.0,153.12,2025-03-09 05:30:30+00:00,0.0,0.0,0.0,0.0
Faltec Europe Ltd,219.0,6.0,153.12,2025-03-09 05:45:30+00:00,0.0,0.0,0.0,0.0
Faltec Europe Ltd,219.0,6.0,153.12,2025-03-09 06:00:30+00:00,0.0,0.0,0.0,0.0
Faltec Europe Ltd,219.0,6.0,153.12,2025-03-09 06:15:30+00:00,0.0,0.0,0.0,0.0
Faltec Europe Ltd,219.0,6.0,153.12,2025-03-09 06:30:30+00:00,0.00075,0.00025,0.00125,0.00075
Faltec Europe Ltd,219.0,6.0,153.12,2025-03-09 06:45:30+00:00,0.00175,0.00125,0.003,0.00175
Faltec Europe Ltd,219.0,6.0,153.12,2025-03-09 07:00:30+00:00,0.00475,0.0025,0.008,0.005
Faltec Europe Ltd,219.0,6.0,153.12,2025-03-09 07:15:30+00:00,0.00875,0.0045,0.013,0.00925
Faltec Europe Ltd,219.0,6.0,153.12,2025-03-09 07:30:30+00:00,0.0125,0.0065,0.0185,0.01275
Faltec Europe Ltd,219.0,6.0,153.12,2025-03-09 07:45:30+00:00,0.016,0.009,0.02325,0.0165
Faltec Europe Ltd,219.0,6.0,153.12,2025-03-09 08:00:30+00:00,0.01975,0.01175,0.02775,0.02025
Faltec Europe Ltd,219.0,6.0,153.12,2025-03-09 08:15:30+00:00,0.02325,0.0155,0.032,0.02375
Faltec Europe Ltd,219.0,6.0,153.12,2025-03-09 08:30:30+00:00,0.02775,0.019,0.036,0.028
Faltec Europe Ltd,219.0,6.0,153.12,2025-03-09 08:45:30+00:00,0.0315,0.022,0.0405,0.03175
Faltec Europe Ltd,219.0,6.0,153.12,2025-03-09 09:00:30+00:00,0.0345,0.024,0.04375,0.03475
Faltec Europe Ltd,219.0,6.0,153.12,2025-03-09 09:15:30+00:00,0.03575,0.0255,0.046,0.036
Faltec Europe Ltd,219.0,6.0,153.12,2025-03-09 09:30:30+00:00,0.03675,0.0275,0.04725,0.037
Faltec Europe Ltd,219.0,6.0,153.12,2025-03-09 09:45:30+00:00,0.039,0.03025,0.048,0.03925
Faltec Europe Ltd,219.0,6.0,153.12,2025-03-09 10:00:30+00:00,0.0415,0.03225,0.0505,0.0415
Faltec Europe Ltd,219.0,6.0,153.12,2025-03-09 10:15:30+00:00,0.0435,0.03175,0.0565,0.0435
Faltec Europe Ltd,219.0,6.0,153.12,2025-03-09 10:30:30+00:00,0.04725,0.02775,0.069,0.04725
Faltec Europe Ltd,219.0,6.0,153.12,2025-03-09 10:45:30+00:00,0.05425,0.0215,0.0895,0.054
Faltec Europe Ltd,219.0,6.0,153.12,2025-03-09 11:00:30+00:00,0.0655,0.02,0.1155,0.064
Faltec Europe Ltd,219.0,6.0,153.12,2025-03-09 11:15:30+00:00,0.0835,0.02875,0.1355,0.08
Faltec Europe Ltd,219.0,6.0,153.12,2025-03-09 11:30:30+00:00,0.109,0.051,0.14125,0.10225
Faltec Europe Ltd,219.0,6.0,153.12,2025-03-09 11:45:30+00:00,0.12725,0.07975,0.146,0.117
Faltec Europe Ltd,219.0,6.0,153.12,2025-03-09 12:00:30+00:00,0.134,0.1055,0.1485,0.122
Faltec Europe Ltd,219.0,6.0,153.12,2025-03-09 12:15:30+00:00,0.1355,0.12175,0.1485,0.1225
Faltec Europe Ltd,219.0,6.0,153.12,2025-03-09 12:30:30+00:00,0.1355,0.1285,0.14225,0.12175
Faltec Europe Ltd,219.0,6.0,153.12,2025-03-09 12:45:30+00:00,0.135,0.12925,0.14,0.1205
Faltec Europe Ltd,219.0,6.0,153.12,2025-03-09 13:00:30+00:00,0.13325,0.12775,0.1385,0.1185
Faltec Europe Ltd,219.0,6.0,153.12,2025-03-09 13:15:30+00:00,0.13075,0.12525,0.136,0.1155
Faltec Europe Ltd,219.0,6.0,153.12,2025-03-09 13:30:30+00:00,0.1275,0.122,0.1325,0.112
Faltec Europe Ltd,219.0,6.0,153.12,2025-03-09 13:45:30+00:00,0.1235,0.11825,0.12825,0.10775
Faltec Europe Ltd,219.0,6.0,153.12,2025-03-09 14:00:30+00:00,0.119,0.11375,0.1235,0.10325
Faltec Europe Ltd,219.0,6.0,153.12,2025-03-09 14:15:30+00:00,0.1135,0.1085,0.118,0.09775
Faltec Europe Ltd,219.0,6.0,153.12,2025-03-09 14:30:30+00:00,0.1075,0.102,0.1125,0.092
Faltec Europe Ltd,219.0,6.0,153.12,2025-03-09 14:45:30+00:00,0.1005,0.09425,0.1065,0.08575
Faltec Europe Ltd,219.0,6.0,153.12,2025-03-09 15:00:30+00:00,0.093,0.08575,0.10025,0.07875
Faltec Europe Ltd,219.0,6.0,153.12,2025-03-09 15:15:30+00:00,0.08475,0.0765,0.09325,0.07125
Faltec Europe Ltd,219.0,6.0,153.12,2025-03-09 15:30:30+00:00,0.07575,0.06675,0.08475,0.0635
Faltec Europe Ltd,219.0,6.0,153.12,2025-03-09 15:45:30+00:00,0.067,0.0575,0.07575,0.05575
Faltec Europe Ltd,219.0,6.0,153.12,2025-03-09 16:00:30+00:00,0.05775,0.04825,0.06575,0.0475
Faltec Europe Ltd,219.0,6.0,153.12,2025-03-09 16:15:30+00:00,0.04875,0.03925,0.0555,0.0395
Faltec Europe Ltd,219.0,6.0,153.12,2025-03-09 16:30:30+00:00,0.03925,0.03075,0.045,0.0315
Faltec Europe Ltd,219.0,6.0,153.12,2025-03-09 16:45:30+00:00,0.03,0.0225,0.0345,0.02375
Faltec Europe Ltd,219.0,6.0,153.12,2025-03-09 17:00:30+00:00,0.02075,0.015,0.024,0.01625
Faltec Europe Ltd,219.0,6.0,153.12,2025-03-09 17:15:30+00:00,0.01175,0.0085,0.014,0.00925
Faltec Europe Ltd,219.0,6.0,153.12,2025-03-09 17:30:30+00:00,0.004,0.0035,0.0045,0.0035
Faltec Europe Ltd,219.0,6.0,153.12,2025-03-09 17:45:30+00:00,0.00125,0.001,0.0015,0.00125
Faltec Europe Ltd,219.0,6.0,153.12,2025-03-09 18:00:30+00:00,0.0,0.0,0.0,0.0
Faltec Europe Ltd,219.0,6.0,153.12,2025-03-09 18:15:30+00:00,0.0,0.0,0.0,0.0
Faltec Europe Ltd,219.0,6.0,153.12,2025-03-09 18:30:30+00:00,0.0,0.0,0.0,0.0
Faltec Europe Ltd,219.0,6.0,153.12,2025-03-09 18:45:30+00:00,0.0,0.0,0.0,0.0
Faltec Europe Ltd,219.0,6.0,153.12,2025-03-09 19:00:30+00:00,0.0,0.0,0.0,0.0
Faltec Europe Ltd,219.0,6.0,153.12,2025-03-09 19:15:30+00:00,0.0,0.0,0.0,0.0
Faltec Europe Ltd,219.0,6.0,153.12,2025-03-09 19:30:30+00:00,0.0,0.0,0.0,0.0
Faltec Europe Ltd,219.0,6.0,153.12,2025-03-09 19:45:30+00:00,0.0,0.0,0.0,0.0
Faltec Europe Ltd,219.0,6.0,153.12,2025-03-09 20:00:30+00:00,0.0,0.0,0.0,0.0
Faltec Europe Ltd,219.0,6.0,153.12,2025-03-09 20:15:30+00:00,0.0,0.0,0.0,0.0
Faltec Europe Ltd,219.0,6.0,153.12,2025-03-09 20:30:30+00:00,0.0,0.0,0.0,0.0
Faltec Europe Ltd,219.0,6.0,153.12,2025-03-09 20:45:30+00:00,0.0,0.0,0.0,0.0
Faltec Europe Ltd,219.0,6.0,153.12,2025-03-09 21:00:30+00:00,0.0,0.0,0.0,0.0
Faltec Europe Ltd,219.0,6.0,153.12,2025-03-09 21:15:30+00:00,0.0,0.0,0.0,0.0
Faltec Europe Ltd,219.0,6.0,153.12,2025-03-09 21:30:30+00:00,0.0,0.0,0.0,0.0
Faltec Europe Ltd,219.0,6.0,153.12,2025-03-09 21:45:30+00:00,0.0,0.0,0.0,0.0
Faltec Europe Ltd,219.0,6.0,153.12,2025-03-09 22:00:30+00:00,0.0,0.0,0.0,0.0
Faltec Europe Ltd,219.0,6.0,153.12,2025-03-09 22:15:30+00:00,0.0,0.0,0.0,0.0
Faltec Europe Ltd,219.0,6.0,153.12,2025-03-09 22:30:30+00:00,0.0,0.0,0.0,0.0
Faltec Europe Ltd,219.0,6.0,153.12,2025-03-09 22:45:30+00:00,0.0,0.0,0.0,0.0
Faltec Europe Ltd,219.0,6.0,153.12,2025-03-09 23:00:30+00:00,0.0,0.0,0.0,0.0
Faltec Europe Ltd,219.0,6.0,153.12,2025-03-09 23:15:30+00:00,0.0,0.0,0.0,0.0
Faltec Europe Ltd,219.0,6.0,153.12,2025-03-09 23:30:30+00:00,0.0,0.0,0.0,0.0
Faltec Europe Ltd,219.0,6.0,153.12,2025-03-09 23:45:30+00:00,0.0,0.0,0.0,0.0
Faltec Europe Ltd,219.0,6.0,153.12,2025-03-10 00:00:30+00:00,0.0,0.0,0.0,0.0
Faltec Europe Ltd,219.0,6.0,153.12,2025-03-10 00:15:30+00:00,0.0,0.0,0.0,0.0
Faltec Europe Ltd,219.0,6.0,153.12,2025-03-10 00:30:30+00:00,0.0,0.0,0.0,0.0
Faltec Europe Ltd,219.0,6.0,153.12,2025-03-10 00:45:30+00:00,0.0,0.0,0.0,0.0
Faltec Europe Ltd,219.0,6.0,153.12,2025-03-10 01:00:30+00:00,0.0,0.0,0.0,0.0
Faltec Europe Ltd,219.0,6.0,153.12,2025-03-10 01:15:30+00:00,0.0,0.0,0.0,0.0
Faltec Europe Ltd,219.0,6.0,153.12,2025-03-10 01:30:30+00:00,0.0,0.0,0.0,0.0
Faltec Europe Ltd,219.0,6.0,153.12,2025-03-10 01:45:30+00:00,0.0,0.0,0.0,0.0
Faltec Europe Ltd,219.0,6.0,153.12,2025-03-10 02:00:30+00:00,0.0,0.0,0.0,0.0
Faltec Europe Ltd,219.0,6.0,153.12,2025-03-10 02:15:30+00:00,0.0,0.0,0.0,0.0
Faltec Europe Ltd,219.0,6.0,153.12,2025-03-10 02:30:30+00:00,0.0,0.0,0.0,0.0
Faltec Europe Ltd,219.0,6.0,153.12,2025-03-10 02:45:30+00:00,0.0,0.0,0.0,0.0
Faltec Europe Ltd,219.0,6.0,153.12,2025-03-10 03:00:30+00:00,0.0,0.0,0.0,0.0
Faltec Europe Ltd,219.0,6.0,153.12,2025-03-10 03:15:30+00:00,0.0,0.0,0.0,0.0
Faltec Europe Ltd,219.0,6.0,153.12,2025-03-10 03:30:30+00:00,0.0,0.0,0.0,0.0
Faltec Europe Ltd,219.0,6.0,153.12,2025-03-10 03:45:30+00:00,0.0,0.0,0.0,0.0
Faltec Europe Ltd,219.0,6.0,153.12,2025-03-10 04:00:30+00:00,0.0,0.0,0.0,0.0
Faltec Europe Ltd,219.0,6.0,153.12,2025-03-10 04:15:30+00:00,0.0,0.0,0.0,0.0
Faltec Europe Ltd,219.0,6.0,153.12,2025-03-10 04:30:30+00:00,0.0,0.0,0.0,0.0
Faltec Europe Ltd,219.0,6.0,153.12,2025-03-10 04:45:30+00:00,0.0,0.0,0.0,0.0
Faltec Europe Ltd,219.0,6.0,153.12,2025-03-10 05:00:30+00:00,0.0,0.0,0.0,0.0
Faltec Europe Ltd,219.0,6.0,153.12,2025-03-10 05:15:30+00:00,0.0,0.0,0.0,0.0
Faltec Europe Ltd,219.0,6.0,153.12,2025-03-10 05:30:30+00:00,0.0,0.0,0.0,0.0
Faltec Europe Ltd,219.0,6.0,153.12,2025-03-10 05:45:30+00:00,0.0,0.0,0.0,0.0
Faltec Europe Ltd,219.0,6.0,153.12,2025-03-10 06:00:30+00:00,0.0,0.0,0.0,0.0
Faltec Europe Ltd,219.0,6.0,153.12,2025-03-10 06:15:30+00:00,0.0,0.0,0.0,0.0
Faltec Europe Ltd,219.0,6.0,153.12,2025-03-10 06:30:30+00:00,0.0,0.0,0.0,0.0
Faltec Europe Ltd,219.0,6.0,153.12,2025-03-10 06:45:30+00:00,0.00125,0.00025,0.00275,0.00125
Faltec Europe Ltd,219.0,6.0,153.12,2025-03-10 07:00:30+00:00,0.0035,0.00075,0.006,0.0035
Faltec Europe Ltd,219.0,6.0,153.12,2025-03-10 07:15:30+00:00,0.005,0.0015,0.01075,0.00525
Faltec Europe Ltd,219.0,6.0,153.12,2025-03-10 07:30:30+00:00,0.0095,0.00325,0.01625,0.00975
Faltec Europe Ltd,219.0,6.0,153.12,2025-03-10 07:45:30+00:00,0.01475,0.005,0.02175,0.015
Faltec Europe Ltd,219.0,6.0,153.12,2025-03-10 08:00:30+00:00,0.016,0.0055,0.026,0.01625
Faltec Europe Ltd,219.0,6.0,153.12,2025-03-10 08:15:30+00:00,0.01625,0.0055,0.0275,0.0165
Faltec Europe Ltd,219.0,6.0,153.12,2025-03-10 08:30:30+00:00,0.01725,0.0085,0.0295,0.0175
Faltec Europe Ltd,219.0,6.0,153.12,2025-03-10 08:45:30+00:00,0.023,0.0115,0.03175,0.02325
Faltec Europe Ltd,219.0,6.0,153.12,2025-03-10 09:00:30+00:00,0.02475,0.014,0.03475,0.025
Faltec Europe Ltd,219.0,6.0,153.12,2025-03-10 09:15:30+00:00,0.02525,0.013,0.0365,0.0255
Faltec Europe Ltd,219.0,6.0,153.12,2025-03-10 09:30:30+00:00,0.024,0.012,0.03875,0.024
Faltec Europe Ltd,219.0,6.0,153.12,2025-03-10 09:45:30+00:00,0.02675,0.01,0.04025,0.027
Faltec Europe Ltd,219.0,6.0,153.12,2025-03-10 10:00:30+00:00,0.0245,0.0075,0.041,0.02475
Faltec Europe Ltd,219.0,6.0,153.12,2025-03-10 10:15:30+00:00,0.0205,0.008,0.039,0.0205
Faltec Europe Ltd,219.0,6.0,153.12,2025-03-10 10:30:30+00:00,0.01875,0.0085,0.036,0.01875
Faltec Europe Ltd,219.0,6.0,153.12,2025-03-10 10:45:30+00:00,0.01775,0.00875,0.033,0.01775
Faltec Europe Ltd,219.0,6.0,153.12,2025-03-10 11:00:30+00:00,0.01625,0.009,0.03125,0.01625
Faltec Europe Ltd,219.0,6.0,153.12,2025-03-10 11:15:30+00:00,0.01525,0.00925,0.0295,0.0155
Faltec Europe Ltd,219.0,6.0,153.12,2025-03-10 11:30:30+00:00,0.01325,0.0095,0.0275,0.0135
Faltec Europe Ltd,219.0,6.0,153.12,2025-03-10 11:45:30+00:00,0.011,0.0095,0.025,0.011
Faltec Europe Ltd,219.0,6.0,153.12,2025-03-10 12:00:30+00:00,0.011,0.0095,0.02375,0.01125
Faltec Europe Ltd,219.0,6.0,153.12,2025-03-10 12:15:30+00:00,0.0115,0.0095,0.023,0.01175
Faltec Europe Ltd,219.0,6.0,153.12,2025-03-10 12:30:30+00:00,0.0105,0.0095,0.0225,0.0105
Faltec Europe Ltd,219.0,6.0,153.12,2025-03-10 12:45:30+00:00,0.00975,0.0095,0.0215,0.00975
Faltec Europe Ltd,219.0,6.0,153.12,2025-03-10 13:00:30+00:00,0.00825,0.00525,0.02025,0.00825
Faltec Europe Ltd,219.0,6.0,153.12,2025-03-10 13:15:30+00:00,0.0075,0.00475,0.0195,0.0075
Faltec Europe Ltd,219.0,6.0,153.12,2025-03-10 13:30:30+00:00,0.008,0.00525,0.0195,0.00825
Faltec Europe Ltd,219.0,6.0,153.12,2025-03-10 13:45:30+00:00,0.00875,0.0085,0.01975,0.00875
Faltec Europe Ltd,219.0,6.0,153.12,2025-03-10 14:00:30+00:00,0.00975,0.008,0.02025,0.00975
Faltec Europe Ltd,219.0,6.0,153.12,2025-03-10 14:15:30+00:00,0.00925,0.00775,0.021,0.0095
Faltec Europe Ltd,219.0,6.0,153.12,2025-03-10 14:30:30+00:00,0.0085,0.00725,0.02375,0.0085
Faltec Europe Ltd,219.0,6.0,153.12,2025-03-10 14:45:30+00:00,0.011,0.00675,0.0285,0.011
Faltec Europe Ltd,219.0,6.0,153.12,2025-03-10 15:00:30+00:00,0.01475,0.00625,0.03375,0.01475
Faltec Europe Ltd,219.0,6.0,153.12,2025-03-10 15:15:30+00:00,0.01775,0.00575,0.03675,0.01775
Faltec Europe Ltd,219.0,6.0,153.12,2025-03-10 15:30:30+00:00,0.01925,0.005,0.0375,0.01925
Faltec Europe Ltd,219.0,6.0,153.12,2025-03-10 15:45:30+00:00,0.02075,0.0045,0.036,0.02075
Faltec Europe Ltd,219.0,6.0,153.12,2025-03-10 16:00:30+00:00,0.02025,0.00675,0.0335,0.02
Faltec Europe Ltd,219.0,6.0,153.12,2025-03-10 16:15:30+00:00,0.01925,0.00825,0.02925,0.019
Faltec Europe Ltd,219.0,6.0,153.12,2025-03-10 16:30:30+00:00,0.01625,0.008,0.024,0.016
Faltec Europe Ltd,219.0,6.0,153.12,2025-03-10 16:45:30+00:00,0.0125,0.006,0.0185,0.0125
Faltec Europe Ltd,219.0,6.0,153.12,2025-03-10 17:00:30+00:00,0.008,0.0035,0.01275,0.008
Faltec Europe Ltd,219.0,6.0,153.12,2025-03-10 17:15:30+00:00,0.0045,0.00175,0.00775,0.0045
Faltec Europe Ltd,219.0,6.0,153.12,2025-03-10 17:30:30+00:00,0.00175,0.00075,0.004,0.00175
Faltec Europe Ltd,219.0,6.0,153.12,2025-03-10 17:45:30+00:00,0.00075,0.00025,0.0015,0.00075
Faltec Europe Ltd,219.0,6.0,153.12,2025-03-10 18:00:30+00:00,0.0,0.0,0.0,0.0
Faltec Europe Ltd,219.0,6.0,153.12,2025-03-10 18:15:30+00:00,0.0,0.0,0.0,0.0
Faltec Europe Ltd,219.0,6.0,153.12,2025-03-10 18:30:30+00:00,0.0,0.0,0.0,0.0
Faltec Europe Ltd,219.0,6.0,153.12,2025-03-10 18:45:30+00:00,0.0,0.0,0.0,0.0
Faltec Europe Ltd,219.0,6.0,153.12,2025-03-10 19:00:30+00:00,0.0,0.0,0.0,0.0
Faltec Europe Ltd,219.0,6.0,153.12,2025-03-10 19:15:30+00:00,0.0,0.0,0.0,0.0
Faltec Europe Ltd,219.0,6.0,153.12,2025-03-10 19:30:30+00:00,0.0,0.0,0.0,0.0
Faltec Europe Ltd,219.0,6.0,153.12,2025-03-10 19:45:30+00:00,0.0,0.0,0.0,0.0
Faltec Europe Ltd,219.0,6.0,153.12,2025-03-10 20:00:30+00:00,0.0,0.0,0.0,0.0
Faltec Europe Ltd,219.0,6.0,153.12,2025-03-10 20:15:30+00:00,0.0,0.0,0.0,0.0
Faltec Europe Ltd,219.0,6.0,153.12,2025-03-10 20:30:30+00:00,0.0,0.0,0.0,0.0
Faltec Europe Ltd,219.0,6.0,153.12,2025-03-10 20:45:30+00:00,0.0,0.0,0.0,0.0
Faltec Europe Ltd,219.0,6.0,153.12,2025-03-10 21:00:30+00:00,0.0,0.0,0.0,0.0
Faltec Europe Ltd,219.0,6.0,153.12,2025-03-10 21:15:30+00:00,0.0,0.0,0.0,0.0
Faltec Europe Ltd,219.0,6.0,153.12,2025-03-10 21:30:30+00:00,0.0,0.0,0.0,0.0
Faltec Europe Ltd,219.0,6.0,153.12,2025-03-10 21:45:30+00:00,0.0,0.0,0.0,0.0
Faltec Europe Ltd,219.0,6.0,153.12,2025-03-10 22:00:30+00:00,0.0,0.0,0.0,0.0
Faltec Europe Ltd,219.0,6.0,153.12,2025-03-10 22:15:30+00:00,0.0,0.0,0.0,0.0
Faltec Europe Ltd,219.0,6.0,153.12,2025-03-10 22:30:30+00:00,0.0,0.0,0.0,0.0
Faltec Europe Ltd,219.0,6.0,153.12,2025-03-10 22:45:30+00:00,0.0,0.0,0.0,0.0
Faltec Europe Ltd,219.0,6.0,153.12,2025-03-10 23:00:30+00:00,0.0,0.0,0.0,0.0
Faltec Europe Ltd,219.0,6.0,153.12,2025-03-10 23:15:30+00:00,0.0,0.0,0.0,0.0
Faltec Europe Ltd,219.0,6.0,153.12,2025-03-10 23:30:30+00:00,0.0,0.0,0.0,0.0
Faltec Europe Ltd,219.0,6.0,153.12,2025-03-10 23:45:30+00:00,0.0,0.0,0.0,0.0
Faltec Europe Ltd,219.0,6.0,153.12,2025-03-11 00:00:30+00:00,0.0,0.0,0.0,0.0
Faltec Europe Ltd,219.0,6.0,153.12,2025-03-11 00:15:30+00:00,0.0,0.0,0.0,0.0
Faltec Europe Ltd,219.0,6.0,153.12,2025-03-11 00:30:30+00:00,0.0,0.0,0.0,0.0
Faltec Europe Ltd,219.0,6.0,153.12,2025-03-11 00:45:30+00:00,0.0,0.0,0.0,0.0
Faltec Europe Ltd,219.0,6.0,153.12,2025-03-11 01:00:30+00:00,0.0,0.0,0.0,0.0
Faltec Europe Ltd,219.0,6.0,153.12,2025-03-11 01:15:30+00:00,0.0,0.0,0.0,0.0
Faltec Europe Ltd,219.0,6.0,153.12,2025-03-11 01:30:30+00:00,0.0,0.0,0.0,0.0
Faltec Europe Ltd,219.0,6.0,153.12,2025-03-11 01:45:30+00:00,0.0,0.0,0.0,0.0
Faltec Europe Ltd,219.0,6.0,153.12,2025-03-11 02:00:30+00:00,0.0,0.0,0.0,0.0
Faltec Europe Ltd,219.0,6.0,153.12,2025-03-11 02:15:30+00:00,0.0,0.0,0.0,0.0
Faltec Europe Ltd,219.0,6.0,153.12,2025-03-11 02:30:30+00:00,0.0,0.0,0.0,0.0
Faltec Europe Ltd,219.0,6.0,153.12,2025-03-11 02:45:30+00:00,0.0,0.0,0.0,0.0
Faltec Europe Ltd,219.0,6.0,153.12,2025-03-11 03:00:30+00:00,0.0,0.0,0.0,0.0
Faltec Europe Ltd,219.0,6.0,153.12,2025-03-11 03:15:30+00:00,0.0,0.0,0.0,0.0
Faltec Europe Ltd,219.0,6.0,153.12,2025-03-11 03:30:30+00:00,0.0,0.0,0.0,0.0
Faltec Europe Ltd,219.0,6.0,153.12,2025-03-11 03:45:30+00:00,0.0,0.0,0.0,0.0
Faltec Europe Ltd,219.0,6.0,153.12,2025-03-11 04:00:30+00:00,0.0,0.0,0.0,0.0
Faltec Europe Ltd,219.0,6.0,153.12,2025-03-11 04:15:30+00:00,0.0,0.0,0.0,0.0
Faltec Europe Ltd,219.0,6.0,153.12,2025-03-11 04:30:30+00:00,0.0,0.0,0.0,0.0
Faltec Europe Ltd,219.0,6.0,153.12,2025-03-11 04:45:30+00:00,0.0,0.0,0.0,0.0
Faltec Europe Ltd,219.0,6.0,153.12,2025-03-11 05:00:30+00:00,0.0,0.0,0.0,0.0
Faltec Europe Ltd,219.0,6.0,153.12,2025-03-11 05:15:30+00:00,0.0,0.0,0.0,0.0
Faltec Europe Ltd,219.0,6.0,153.12,2025-03-11 05:30:30+00:00,0.0,0.0,0.0,0.0
Faltec Europe Ltd,219.0,6.0,153.12,2025-03-11 05:45:30+00:00,0.0,0.0,0.0,0.0
Faltec Europe Ltd,219.0,6.0,153.12,2025-03-11 06:00:30+00:00,0.0,0.0,0.0,0.0
Faltec Europe Ltd,219.0,6.0,153.12,2025-03-11 06:15:30+00:00,0.0,0.0,0.0,0.0
Faltec Europe Ltd,219.0,6.0,153.12,2025-03-11 06:30:30+00:00,0.00025,0.00025,0.0005,0.00025
Faltec Europe Ltd,219.0,6.0,153.12,2025-03-11 06:45:30+00:00,0.00275,0.0015,0.005,0.00275
Faltec Europe Ltd,219.0,6.0,153.12,2025-03-11 07:00:30+00:00,0.00675,0.00275,0.01025,0.007
Faltec Europe Ltd,219.0,6.0,153.12,2025-03-11 07:15:30+00:00,0.01,0.0055,0.0175,0.0105
Faltec Europe Ltd,219.0,6.0,153.12,2025-03-11 07:30:30+00:00,0.01775,0.00775,0.02375,0.019
Faltec Europe Ltd,219.0,6.0,153.12,2025-03-11 07:45:30+00:00,0.02,0.00975,0.03025,0.021
Faltec Europe Ltd,219.0,6.0,153.12,2025-03-11 08:00:30+00:00,0.022,0.0115,0.03625,0.0225
Faltec Europe Ltd,219.0,6.0,153.12,2025-03-11 08:15:30+00:00,0.029,0.01425,0.04425,0.02975
Faltec Europe Ltd,219.0,6.0,153.12,2025-03-11 08:30:30+00:00,0.037,0.02125,0.05425,0.0375
Faltec Europe Ltd,219.0,6.0,153.12,2025-03-11 08:45:30+00:00,0.0475,0.027,0.068,0.048
Faltec Europe Ltd,219.0,6.0,153.12,2025-03-11 09:00:30+00:00,0.05825,0.03125,0.08075,0.0585
Faltec Europe Ltd,219.0,6.0,153.12,2025-03-11 09:15:30+00:00,0.06225,0.02425,0.08525,0.062
Faltec Europe Ltd,219.0,6.0,153.12,2025-03-11 09:30:30+00:00,0.043,0.01575,0.08225,0.04275
Faltec Europe Ltd,219.0,6.0,153.12,2025-03-11 09:45:30+00:00,0.0415,0.01625,0.07025,0.0415
Faltec Europe Ltd,219.0,6.0,153.12,2025-03-11 10:00:30+00:00,0.04475,0.015,0.0745,0.04475
Faltec Europe Ltd,219.0,6.0,153.12,2025-03-11 10:15:30+00:00,0.0475,0.017,0.083,0.04725
Faltec Europe Ltd,219.0,6.0,153.12,2025-03-11 10:30:30+00:00,0.05825,0.02275,0.111,0.05725
Faltec Europe Ltd,219.0,6.0,153.12,2025-03-11 10:45:30+00:00,0.0965,0.0375,0.1255,0.09225
Faltec Europe Ltd,219.0,6.0,153.12,2025-03-11 11:00:30+00:00,0.0865,0.0485,0.128,0.083
Faltec Europe Ltd,219.0,6.0,153.12,2025-03-11 11:15:30+00:00,0.08125,0.05075,0.12925,0.078
Faltec Europe Ltd,219.0,6.0,153.12,2025-03-11 11:30:30+00:00,0.104,0.05925,0.1435,0.09775
Faltec Europe Ltd,219.0,6.0,153.12,2025-03-11 11:45:30+00:00,0.1175,0.074,0.15375,0.10925
Faltec Europe Ltd,219.0,6.0,153.12,2025-03-11 12:00:30+00:00,0.13225,0.0795,0.15725,0.1205
Faltec Europe Ltd,219.0,6.0,153.12,2025-03-11 12:15:30+00:00,0.1325,0.0655,0.15775,0.12075
Faltec Europe Ltd,219.0,6.0,153.12,2025-03-11 12:30:30+00:00,0.095,0.036,0.15275,0.08875
Faltec Europe Ltd,219.0,6.0,153.12,2025-03-11 12:45:30+00:00,0.0725,0.01925,0.13325,0.0695
Faltec Europe Ltd,219.0,6.0,153.12,2025-03-11 13:00:30+00:00,0.06225,0.02,0.10525,0.06025
Faltec Europe Ltd,219.0,6.0,153.12,2025-03-11 13:15:30+00:00,0.05225,0.027,0.08225,0.0515
Faltec Europe Ltd,219.0,6.0,153.12,2025-03-11 13:30:30+00:00,0.04975,0.0315,0.079,0.049
Faltec Europe Ltd,219.0,6.0,153.12,2025-03-11 13:45:30+00:00,0.0655,0.025,0.09075,0.06225
Faltec Europe Ltd,219.0,6.0,153.12,2025-03-11 14:00:30+00:00,0.05575,0.02525,0.101,0.05325
Faltec Europe Ltd,219.0,6.0,153.12,2025-03-11 14:15:30+00:00,0.0705,0.02875,0.11375,0.065
Faltec Europe Ltd,219.0,6.0,153.12,2025-03-11 14:30:30+00:00,0.087,0.033,0.11325,0.078
Faltec Europe Ltd,219.0,6.0,153.12,2025-03-11 14:45:30+00:00,0.05825,0.02,0.1035,0.0535
Faltec Europe Ltd,219.0,6.0,153.12,2025-03-11 15:00:30+00:00,0.03975,0.008,0.08075,0.03825
Faltec Europe Ltd,219.0,6.0,153.12,2025-03-11 15:15:30+00:00,0.036,0.00725,0.06375,0.0345
Faltec Europe Ltd,219.0,6.0,153.12,2025-03-11 15:30:30+00:00,0.0225,0.00575,0.04525,0.02225
Faltec Europe Ltd,219.0,6.0,153.12,2025-03-11 15:45:30+00:00,0.0165,0.005,0.0355,0.0165
Faltec Europe Ltd,219.0,6.0,153.12,2025-03-11 16:00:30+00:00,0.01475,0.0045,0.03475,0.015
Faltec Europe Ltd,219.0,6.0,153.12,2025-03-11 16:15:30+00:00,0.02025,0.004,0.03775,0.01925
Faltec Europe Ltd,219.0,6.0,153.12,2025-03-11 16:30:30+00:00,0.02325,0.00575,0.03625,0.02125
Faltec Europe Ltd,219.0,6.0,153.12,2025-03-11 16:45:30+00:00,0.0185,0.0075,0.02875,0.017
Faltec Europe Ltd,219.0,6.0,153.12,2025-03-11 17:00:30+00:00,0.01225,0.006,0.019,0.0115
Faltec Europe Ltd,219.0,6.0,153.12,2025-03-11 17:15:30+00:00,0.007,0.00325,0.01125,0.00675
Faltec Europe Ltd,219.0,6.0,153.12,2025-03-11 17:30:30+00:00,0.003,0.00125,0.00575,0.003
Faltec Europe Ltd,219.0,6.0,153.12,2025-03-11 17:45:30+00:00,0.0005,0.0005,0.00125,0.0005
Faltec Europe Ltd,219.0,6.0,153.12,2025-03-11 18:00:30+00:00,0.0,0.0,0.0,0.0
Faltec Europe Ltd,219.0,6.0,153.12,2025-03-11 18:15:30+00:00,0.0,0.0,0.0,0.0
Faltec Europe Ltd,219.0,6.0,153.12,2025-03-11 18:30:30+00:00,0.0,0.0,0.0,0.0
Faltec Europe Ltd,219.0,6.0,153.12,2025-03-11 18:45:30+00:00,0.0,0.0,0.0,0.0
Faltec Europe Ltd,219.0,6.0,153.12,2025-03-11 19:00:30+00:00,0.0,0.0,0.0,0.0
Faltec Europe Ltd,219.0,6.0,153.12,2025-03-11 19:15:30+00:00,0.0,0.0,0.0,0.0
Faltec Europe Ltd,219.0,6.0,153.12,2025-03-11 19:30:30+00:00,0.0,0.0,0.0,0.0
Faltec Europe Ltd,219.0,6.0,153.12,2025-03-11 19:45:30+00:00,0.0,0.0,0.0,0.0
Faltec Europe Ltd,219.0,6.0,153.12,2025-03-11 20:00:30+00:00,0.0,0.0,0.0,0.0
Faltec Europe Ltd,219.0,6.0,153.12,2025-03-11 20:15:30+00:00,0.0,0.0,0.0,0.0
Faltec Europe Ltd,219.0,6.0,153.12,2025-03-11 20:30:30+00:00,0.0,0.0,0.0,0.0
Faltec Europe Ltd,219.0,6.0,153.12,2025-03-11 20:45:30+00:00,0.0,0.0,0.0,0.0
Faltec Europe Ltd,219.0,6.0,153.12,2025-03-11 21:00:30+00:00,0.0,0.0,0.0,0.0
Faltec Europe Ltd,219.0,6.0,153.12,2025-03-11 21:15:30+00:00,0.0,0.0,0.0,0.0
Faltec Europe Ltd,219.0,6.0,153.12,2025-03-11 21:30:30+00:00,0.0,0.0,0.0,0.0
Faltec Europe Ltd,219.0,6.0,153.12,2025-03-11 21:45:30+00:00,0.0,0.0,0.0,0.0
Faltec Europe Ltd,219.0,6.0,153.12,2025-03-11 22:00:30+00:00,0.0,0.0,0.0,0.0
Faltec Europe Ltd,219.0,6.0,153.12,2025-03-11 22:15:30+00:00,0.0,0.0,0.0,0.0
Faltec Europe Ltd,219.0,6.0,153.12,2025-03-11 22:30:30+00:00,0.0,0.0,0.0,0.0
Faltec Europe Ltd,219.0,6.0,153.12,2025-03-11 22:45:30+00:00,0.0,0.0,0.0,0.0
Faltec Europe Ltd,219.0,6.0,153.12,2025-03-11 23:00:30+00:00,0.0,0.0,0.0,0.0
Faltec Europe Ltd,219.0,6.0,153.12,2025-03-11 23:15:30+00:00,0.0,0.0,0.0,0.0
Faltec Europe Ltd,219.0,6.0,153.12,2025-03-11 23:30:30+00:00,0.0,0.0,0.0,0.0
Faltec Europe Ltd,219.0,6.0,153.12,2025-03-11 23:45:30+00:00,0.0,0.0,0.0,0.0
Faltec Europe Ltd,219.0,6.0,153.12,2025-03-12 00:00:30+00:00,0.0,0.0,0.0,0.0
Faltec Europe Ltd,219.0,6.0,153.12,2025-03-12 00:15:30+00:00,0.0,0.0,0.0,0.0
Faltec Europe Ltd,219.0,6.0,153.12,2025-03-12 00:30:30+00:00,0.0,0.0,0.0,0.0
Faltec Europe Ltd,219.0,6.0,153.12,2025-03-12 00:45:30+00:00,0.0,0.0,0.0,0.0
Faltec Europe Ltd,219.0,6.0,153.12,2025-03-12 01:00:30+00:00,0.0,0.0,0.0,0.0
Faltec Europe Ltd,219.0,6.0,153.12,2025-03-12 01:15:30+00:00,0.0,0.0,0.0,0.0
Faltec Europe Ltd,219.0,6.0,153.12,2025-03-12 01:30:30+00:00,0.0,0.0,0.0,0.0
Faltec Europe Ltd,219.0,6.0,153.12,2025-03-12 01:45:30+00:00,0.0,0.0,0.0,0.0
Faltec Europe Ltd,219.0,6.0,153.12,2025-03-12 02:00:30+00:00,0.0,0.0,0.0,0.0
Faltec Europe Ltd,219.0,6.0,153.12,2025-03-12 02:15:30+00:00,0.0,0.0,0.0,0.0
Faltec Europe Ltd,219.0,6.0,153.12,2025-03-12 02:30:30+00:00,0.0,0.0,0.0,0.0
Faltec Europe Ltd,219.0,6.0,153.12,2025-03-12 02:45:30+00:00,0.0,0.0,0.0,0.0
Faltec Europe Ltd,219.0,6.0,153.12,2025-03-12 03:00:30+00:00,0.0,0.0,0.0,0.0
Faltec Europe Ltd,219.0,6.0,153.12,2025-03-12 03:15:30+00:00,0.0,0.0,0.0,0.0
Faltec Europe Ltd,219.0,6.0,153.12,2025-03-12 03:30:30+00:00,0.0,0.0,0.0,0.0
Faltec Europe Ltd,219.0,6.0,153.12,2025-03-12 03:45:30+00:00,0.0,0.0,0.0,0.0
Faltec Europe Ltd,219.0,6.0,153.12,2025-03-12 04:00:30+00:00,0.0,0.0,0.0,0.0
Faltec Europe Ltd,219.0,6.0,153.12,2025-03-12 04:15:30+00:00,0.0,0.0,0.0,0.0
Faltec Europe Ltd,219.0,6.0,153.12,2025-03-12 04:30:30+00:00,0.0,0.0,0.0,0.0
Faltec Europe Ltd,219.0,6.0,153.12,2025-03-12 04:45:30+00:00,0.0,0.0,0.0,0.0
Faltec Europe Ltd,219.0,6.0,153.12,2025-03-12 05:00:30+00:00,0.0,0.0,0.0,0.0
Faltec Europe Ltd,219.0,6.0,153.12,2025-03-12 05:15:30+00:00,0.0,0.0,0.0,0.0
Faltec Europe Ltd,219.0,6.0,153.12,2025-03-12 05:30:30+00:00,0.0,0.0,0.0,0.0
Faltec Europe Ltd,219.0,6.0,153.12,2025-03-12 05:45:30+00:00,0.0,0.0,0.0,0.0
Faltec Europe Ltd,219.0,6.0,153.12,2025-03-12 06:00:30+00:00,0.0,0.0,0.0,0.0
Faltec Europe Ltd,219.0,6.0,153.12,2025-03-12 06:15:30+00:00,0.0,0.0,0.0,0.0
Faltec Europe Ltd,219.0,6.0,153.12,2025-03-12 06:30:30+00:00,0.00075,0.00075,0.00125,0.00075
Faltec Europe Ltd,219.0,6.0,153.12,2025-03-12 06:45:30+00:00,0.0035,0.002,0.00625,0.004
Faltec Europe Ltd,219.0,6.0,153.12,2025-03-12 07:00:30+00:00,0.00775,0.00425,0.0125,0.0085
Faltec Europe Ltd,219.0,6.0,153.12,2025-03-12 07:15:30+00:00,0.014,0.005,0.02125,0.0155
Faltec Europe Ltd,219.0,6.0,153.12,2025-03-12 07:30:30+00:00,0.01875,0.00375,0.03075,0.02025
Faltec Europe Ltd,219.0,6.0,153.12,2025-03-12 07:45:30+00:00,0.01925,0.00375,0.03525,0.02
Faltec Europe Ltd,219.0,6.0,153.12,2025-03-12 08:00:30+00:00,0.00825,0.00375,0.033,0.0085
Faltec Europe Ltd,219.0,6.0,153.12,2025-03-12 08:15:30+00:00,0.0185,0.0045,0.0505,0.01875
Faltec Europe Ltd,219.0,6.0,153.12,2025-03-12 08:30:30+00:00,0.04,0.0095,0.07,0.04075
Faltec Europe Ltd,219.0,6.0,153.12,2025-03-12 08:45:30+00:00,0.06525,0.01825,0.0795,0.06625
Faltec Europe Ltd,219.0,6.0,153.12,2025-03-12 09:00:30+00:00,0.056,0.01175,0.08875,0.05625
Faltec Europe Ltd,219.0,6.0,153.12,2025-03-12 09:15:30+00:00,0.03175,0.00725,0.088,0.03175
Faltec Europe Ltd,219.0,6.0,153.12,2025-03-12 09:30:30+00:00,0.04525,0.009,0.0815,0.045
Faltec Europe Ltd,219.0,6.0,153.12,2025-03-12 09:45:30+00:00,0.025,0.00825,0.1005,0.025
Faltec Europe Ltd,219.0,6.0,153.12,2025-03-12 10:00:30+00:00,0.08575,0.017,0.11725,0.08325
Faltec Europe Ltd,219.0,6.0,153.12,2025-03-12 10:15:30+00:00,0.076,0.0295,0.12425,0.074
Faltec Europe Ltd,219.0,6.0,153.12,2025-03-12 10:30:30+00:00,0.0685,0.026,0.1195,0.0665
Faltec Europe Ltd,219.0,6.0,153.12,2025-03-12 10:45:30+00:00,0.074,0.02575,0.1185,0.07075
Faltec Europe Ltd,219.0,6.0,153.12,2025-03-12 11:00:30+00:00,0.072,0.0345,0.14525,0.06925
Faltec Europe Ltd,219.0,6.0,153.12,2025-03-12 11:15:30+00:00,0.128,0.04,0.152,0.12
Faltec Europe Ltd,219.0,6.0,153.12,2025-03-12 11:30:30+00:00,0.09825,0.03625,0.1545,0.0925
Faltec Europe Ltd,219.0,6.0,153.12,2025-03-12 11:45:30+00:00,0.07075,0.03375,0.15375,0.0675
Faltec Europe Ltd,219.0,6.0,153.12,2025-03-12 12:00:30+00:00,0.1305,0.034,0.15975,0.12075
Faltec Europe Ltd,219.0,6.0,153.12,2025-03-12 12:15:30+00:00,0.10225,0.028,0.15775,0.096
Faltec Europe Ltd,219.0,6.0,153.12,2025-03-12 12:30:30+00:00,0.05875,0.01175,0.1315,0.05725
Faltec Europe Ltd,219.0,6.0,153.12,2025-03-12 12:45:30+00:00,0.0545,0.01425,0.121,0.053
Faltec Europe Ltd,219.0,6.0,153.12,2025-03-12 13:00:30+00:00,0.09325,0.03475,0.1315,0.0865
Faltec Europe Ltd,219.0,6.0,153.12,2025-03-12 13:15:30+00:00,0.09875,0.05425,0.1325,0.091
Faltec Europe Ltd,219.0,6.0,153.12,2025-03-12 13:30:30+00:00,0.08675,0.058,0.1215,0.08025
Faltec Europe Ltd,219.0,6.0,153.12,2025-03-12 13:45:30+00:00,0.084,0.05425,0.10925,0.0775
Faltec Europe Ltd,219.0,6.0,153.12,2025-03-12 14:00:30+00:00,0.07275,0.042,0.10425,0.06825
Faltec Europe Ltd,219.0,6.0,153.12,2025-03-12 14:15:30+00:00,0.063,0.02425,0.09575,0.0595
Faltec Europe Ltd,219.0,6.0,153.12,2025-03-12 14:30:30+00:00,0.04325,0.02075,0.0935,0.04175
Faltec Europe Ltd,219.0,6.0,153.12,2025-03-12 14:45:30+00:00,0.0705,0.021,0.10675,0.06325
Faltec Europe Ltd,219.0,6.0,153.12,2025-03-12 15:00:30+00:00,0.07575,0.03625,0.109,0.06675
Faltec Europe Ltd,219.0,6.0,153.12,2025-03-12 15:15:30+00:00,0.06975,0.0355,0.10425,0.06075
Faltec Europe Ltd,219.0,6.0,153.12,2025-03-12 15:30:30+00:00,0.07325,0.034,0.09675,0.06225
Faltec Europe Ltd,219.0,6.0,153.12,2025-03-12 15:45:30+00:00,0.0605,0.014,0.0855,0.05175
Faltec Europe Ltd,219.0,6.0,153.12,2025-03-12 16:00:30+00:00,0.023,0.005,0.0665,0.02125
Faltec Europe Ltd,219.0,6.0,153.12,2025-03-12 16:15:30+00:00,0.02525,0.005,0.054,0.02275
Faltec Europe Ltd,219.0,6.0,153.12,2025-03-12 16:30:30+00:00,0.03075,0.006,0.05225,0.0265
Faltec Europe Ltd,219.0,6.0,153.12,2025-03-12 16:45:30+00:00,0.035,0.01075,0.04425,0.02775
Faltec Europe Ltd,219.0,6.0,153.12,2025-03-12 17:00:30+00:00,0.03025,0.00925,0.03525,0.022
Faltec Europe Ltd,219.0,6.0,153.12,2025-03-12 17:15:30+00:00,0.01125,0.0035,0.021,0.00875
Faltec Europe Ltd,219.0,6.0,153.12,2025-03-12 17:30:30+00:00,0.003,0.0005,0.0085,0.003
Faltec Europe Ltd,219.0,6.0,153.12,2025-03-12 17:45:30+00:00,0.00075,0.00025,0.00175,0.00075
Faltec Europe Ltd,219.0,6.0,153.12,2025-03-12 18:00:30+00:00,0.0,0.0,0.0,0.0
Faltec Europe Ltd,219.0,6.0,153.12,2025-03-12 18:15:30+00:00,0.0,0.0,0.0,0.0
Faltec Europe Ltd,219.0,6.0,153.12,2025-03-12 18:30:30+00:00,0.0,0.0,0.0,0.0
Faltec Europe Ltd,219.0,6.0,153.12,2025-03-12 18:45:30+00:00,0.0,0.0,0.0,0.0
Faltec Europe Ltd,219.0,6.0,153.12,2025-03-12 19:00:30+00:00,0.0,0.0,0.0,0.0
Faltec Europe Ltd,219.0,6.0,153.12,2025-03-12 19:15:30+00:00,0.0,0.0,0.0,0.0
Faltec Europe Ltd,219.0,6.0,153.12,2025-03-12 19:30:30+00:00,0.0,0.0,0.0,0.0
Faltec Europe Ltd,219.0,6.0,153.12,2025-03-12 19:45:30+00:00,0.0,0.0,0.0,0.0
Faltec Europe Ltd,219.0,6.0,153.12,2025-03-12 20:00:30+00:00,0.0,0.0,0.0,0.0
Faltec Europe Ltd,219.0,6.0,153.12,2025-03-12 20:15:30+00:00,0.0,0.0,0.0,0.0
Faltec Europe Ltd,219.0,6.0,153.12,2025-03-12 20:30:30+00:00,0.0,0.0,0.0,0.0
Faltec Europe Ltd,219.0,6.0,153.12,2025-03-12 20:45:30+00:00,0.0,0.0,0.0,0.0
Faltec Europe Ltd,219.0,6.0,153.12,2025-03-12 21:00:30+00:00,0.0,0.0,0.0,0.0
Faltec Europe Ltd,219.0,6.0,153.12,2025-03-12 21:15:30+00:00,0.0,0.0,0.0,0.0
Faltec Europe Ltd,219.0,6.0,153.12,2025-03-12 21:30:30+00:00,0.0,0.0,0.0,0.0
Faltec Europe Ltd,219.0,6.0,153.12,2025-03-12 21:45:30+00:00,0.0,0.0,0.0,0.0
Faltec Europe Ltd,219.0,6.0,153.12,2025-03-12 22:00:30+00:00,0.0,0.0,0.0,0.0
Faltec Europe Ltd,219.0,6.0,153.12,2025-03-12 22:15:30+00:00,0.0,0.0,0.0,0.0
Faltec Europe Ltd,219.0,6.0,153.12,2025-03-12 22:30:30+00:00,0.0,0.0,0.0,0.0
Faltec Europe Ltd,219.0,6.0,153.12,2025-03-12 22:45:30+00:00,0.0,0.0,0.0,0.0
Faltec Europe Ltd,219.0,6.0,153.12,2025-03-12 23:00:30+00:00,0.0,0.0,0.0,0.0
Faltec Europe Ltd,219.0,6.0,153.12,2025-03-12 23:15:30+00:00,0.0,0.0,0.0,0.0
Faltec Europe Ltd,219.0,6.0,153.12,2025-03-12 23:30:30+00:00,0.0,0.0,0.0,0.0
Faltec Europe Ltd,219.0,6.0,153.12,2025-03-12 23:45:30+00:00,0.0,0.0,0.0,0.0
Faltec Europe Ltd,219.0,6.0,153.12,2025-03-13 00:00:30+00:00,0.0,0.0,0.0,0.0
Faltec Europe Ltd,219.0,6.0,153.12,2025-03-13 00:15:30+00:00,0.0,0.0,0.0,0.0
Faltec Europe Ltd,219.0,6.0,153.12,2025-03-13 00:30:30+00:00,0.0,0.0,0.0,0.0
Faltec Europe Ltd,219.0,6.0,153.12,2025-03-13 00:45:30+00:00,0.0,0.0,0.0,0.0
Faltec Europe Ltd,219.0,6.0,153.12,2025-03-13 01:00:30+00:00,0.0,0.0,0.0,0.0
Faltec Europe Ltd,219.0,6.0,153.12,2025-03-13 01:15:30+00:00,0.0,0.0,0.0,0.0
Faltec Europe Ltd,219.0,6.0,153.12,2025-03-13 01:30:30+00:00,0.0,0.0,0.0,0.0
Faltec Europe Ltd,219.0,6.0,153.12,2025-03-13 01:45:30+00:00,0.0,0.0,0.0,0.0
Faltec Europe Ltd,219.0,6.0,153.12,2025-03-13 02:00:30+00:00,0.0,0.0,0.0,0.0
Faltec Europe Ltd,219.0,6.0,153.12,2025-03-13 02:15:30+00:00,0.0,0.0,0.0,0.0
Faltec Europe Ltd,219.0,6.0,153.12,2025-03-13 02:30:30+00:00,0.0,0.0,0.0,0.0
Faltec Europe Ltd,219.0,6.0,153.12,2025-03-13 02:45:30+00:00,0.0,0.0,0.0,0.0
Faltec Europe Ltd,219.0,6.0,153.12,2025-03-13 03:00:30+00:00,0.0,0.0,0.0,0.0
Faltec Europe Ltd,219.0,6.0,153.12,2025-03-13 03:15:30+00:00,0.0,0.0,0.0,0.0
Faltec Europe Ltd,219.0,6.0,153.12,2025-03-13 03:30:30+00:00,0.0,0.0,0.0,0.0
Faltec Europe Ltd,219.0,6.0,153.12,2025-03-13 03:45:30+00:00,0.0,0.0,0.0,0.0
Faltec Europe Ltd,219.0,6.0,153.12,2025-03-13 04:00:30+00:00,0.0,0.0,0.0,0.0
Faltec Europe Ltd,219.0,6.0,153.12,2025-03-13 04:15:30+00:00,0.0,0.0,0.0,0.0
Faltec Europe Ltd,219.0,6.0,153.12,2025-03-13 04:30:30+00:00,0.0,0.0,0.0,0.0
Faltec Europe Ltd,219.0,6.0,153.12,2025-03-13 04:45:30+00:00,0.0,0.0,0.0,0.0
Faltec Europe Ltd,219.0,6.0,153.12,2025-03-13 05:00:30+00:00,0.0,0.0,0.0,0.0
Faltec Europe Ltd,219.0,6.0,153.12,2025-03-13 05:15:30+00:00,0.0,0.0,0.0,0.0
Faltec Europe Ltd,219.0,6.0,153.12,2025-03-13 05:30:30+00:00,0.0,0.0,0.0,0.0
Faltec Europe Ltd,219.0,6.0,153.12,2025-03-13 05:45:30+00:00,0.0,0.0,0.0,0.0
Faltec Europe Ltd,219.0,6.0,153.12,2025-03-13 06:00:30+00:00,0.0,0.0,0.0,0.0
Faltec Europe Ltd,219.0,6.0,153.12,2025-03-13 06:15:30+00:00,0.0,0.0,0.0,0.0
Faltec Europe Ltd,219.0,6.0,153.12,2025-03-13 06:30:30+00:00,0.00175,0.0015,0.00225,0.00175
Faltec Europe Ltd,219.0,6.0,153.12,2025-03-13 06:45:30+00:00,0.0045,0.00325,0.0055,0.00625
Faltec Europe Ltd,219.0,6.0,153.12,2025-03-13 07:00:30+00:00,0.011,0.00625,0.01275,0.0135
Faltec Europe Ltd,219.0,6.0,153.12,2025-03-13 07:15:30+00:00,0.01575,0.011,0.02175,0.018
Faltec Europe Ltd,219.0,6.0,153.12,2025-03-13 07:30:30+00:00,0.024,0.01625,0.03075,0.027
Faltec Europe Ltd,219.0,6.0,153.12,2025-03-13 07:45:30+00:00,0.03225,0.0225,0.04025,0.035
Faltec Europe Ltd,219.0,6.0,153.12,2025-03-13 08:00:30+00:00,0.038,0.02575,0.0505,0.0405
Faltec Europe Ltd,219.0,6.0,153.12,2025-03-13 08:15:30+00:00,0.05025,0.026,0.06025,0.0525
Faltec Europe Ltd,219.0,6.0,153.12,2025-03-13 08:30:30+00:00,0.052,0.019,0.07075,0.05325
Faltec Europe Ltd,219.0,6.0,153.12,2025-03-13 08:45:30+00:00,0.03825,0.0175,0.07675,0.03875
Faltec Europe Ltd,219.0,6.0,153.12,2025-03-13 09:00:30+00:00,0.05025,0.01925,0.078,0.0505
Faltec Europe Ltd,219.0,6.0,153.12,2025-03-13 09:15:30+00:00,0.05725,0.0235,0.0805,0.057
Faltec Europe Ltd,219.0,6.0,153.12,2025-03-13 09:30:30+00:00,0.048,0.0185,0.07725,0.04775
Faltec Europe Ltd,219.0,6.0,153.12,2025-03-13 09:45:30+00:00,0.038,0.0125,0.07425,0.038
Faltec Europe Ltd,219.0,6.0,153.12,2025-03-13 10:00:30+00:00,0.044,0.00875,0.0775,0.04425
Faltec Europe Ltd,219.0,6.0,153.12,2025-03-13 10:15:30+00:00,0.046,0.01825,0.09225,0.046
Faltec Europe Ltd,219.0,6.0,153.12,2025-03-13 10:30:30+00:00,0.07725,0.0305,0.1115,0.075
Faltec Europe Ltd,219.0,6.0,153.12,2025-03-13 10:45:30+00:00,0.08825,0.0475,0.1195,0.085
Faltec Europe Ltd,219.0,6.0,153.12,2025-03-13 11:00:30+00:00,0.084,0.04625,0.1155,0.081
Faltec Europe Ltd,219.0,6.0,153.12,2025-03-13 11:15:30+00:00,0.06875,0.04225,0.11275,0.067
Faltec Europe Ltd,219.0,6.0,153.12,2025-03-13 11:30:30+00:00,0.08125,0.03225,0.111,0.0785
Faltec Europe Ltd,219.0,6.0,153.12,2025-03-13 11:45:30+00:00,0.06325,0.02375,0.1045,0.06175
Faltec Europe Ltd,219.0,6.0,153.12,2025-03-13 12:00:30+00:00,0.04725,0.023,0.088,0.047
Faltec Europe Ltd,219.0,6.0,153.12,2025-03-13 12:15:30+00:00,0.057,0.0275,0.08,0.05625
Faltec Europe Ltd,219.0,6.0,153.12,2025-03-13 12:30:30+00:00,0.05625,0.0345,0.07375,0.0555
Faltec Europe Ltd,219.0,6.0,153.12,2025-03-13 12:45:30+00:00,0.04875,0.02975,0.06925,0.0485
Faltec Europe Ltd,219.0,6.0,153.12,2025-03-13 13:00:30+00:00,0.043,0.015,0.07425,0.04275
Faltec Europe Ltd,219.0,6.0,153.12,2025-03-13 13:15:30+00:00,0.04175,0.0105,0.0885,0.0415
Faltec Europe Ltd,219.0,6.0,153.12,2025-03-13 13:30:30+00:00,0.057,0.01125,0.1145,0.055
Faltec Europe Ltd,219.0,6.0,153.12,2025-03-13 13:45:30+00:00,0.087,0.028,0.131,0.08
Faltec Europe Ltd,219.0,6.0,153.12,2025-03-13 14:00:30+00:00,0.09325,0.04025,0.131,0.084
Faltec Europe Ltd,219.0,6.0,153.12,2025-03-13 14:15:30+00:00,0.07275,0.035,0.1095,0.067
Faltec Europe Ltd,219.0,6.0,153.12,2025-03-13 14:30:30+00:00,0.05025,0.0255,0.08575,0.048
Faltec Europe Ltd,219.0,6.0,153.12,2025-03-13 14:45:30+00:00,0.0455,0.02675,0.07425,0.04375
Faltec Europe Ltd,219.0,6.0,153.12,2025-03-13 15:00:30+00:00,0.0575,0.0335,0.0705,0.05325
Faltec Europe Ltd,219.0,6.0,153.12,2025-03-13 15:15:30+00:00,0.05125,0.034,0.0655,0.0475
Faltec Europe Ltd,219.0,6.0,153.12,2025-03-13 15:30:30+00:00,0.03975,0.02825,0.057,0.03775
Faltec Europe Ltd,219.0,6.0,153.12,2025-03-13 15:45:30+00:00,0.03775,0.02275,0.053,0.03525
Faltec Europe Ltd,219.0,6.0,153.12,2025-03-13 16:00:30+00:00,0.03625,0.01875,0.0535,0.0335
Faltec Europe Ltd,219.0,6.0,153.12,2025-03-13 16:15:30+00:00,0.035,0.0175,0.0535,0.03125
Faltec Europe Ltd,219.0,6.0,153.12,2025-03-13 16:30:30+00:00,0.0355,0.0185,0.05,0.03025
Faltec Europe Ltd,219.0,6.0,153.12,2025-03-13 16:45:30+00:00,0.03225,0.018,0.043,0.026
Faltec Europe Ltd,219.0,6.0,153.12,2025-03-13 17:00:30+00:00,0.02225,0.0135,0.032,0.018
Faltec Europe Ltd,219.0,6.0,153.12,2025-03-13 17:15:30+00:00,0.01275,0.00725,0.0195,0.01075
Faltec Europe Ltd,219.0,6.0,153.12,2025-03-13 17:30:30+00:00,0.0055,0.003,0.00925,0.0055
Faltec Europe Ltd,219.0,6.0,153.12,2025-03-13 17:45:30+00:00,0.0015,0.001,0.00225,0.0015
Faltec Europe Ltd,219.0,6.0,153.12,2025-03-13 18:00:30+00:00,0.0,0.0,0.0,0.0
Faltec Europe Ltd,219.0,6.0,153.12,2025-03-13 18:15:30+00:00,0.0,0.0,0.0,0.0
Faltec Europe Ltd,219.0,6.0,153.12,2025-03-13 18:30:30+00:00,0.0,0.0,0.0,0.0
Faltec Europe Ltd,219.0,6.0,153.12,2025-03-13 18:45:30+00:00,0.0,0.0,0.0,0.0
Faltec Europe Ltd,219.0,6.0,153.12,2025-03-13 19:00:30+00:00,0.0,0.0,0.0,0.0
Faltec Europe Ltd,219.0,6.0,153.12,2025-03-13 19:15:30+00:00,0.0,0.0,0.0,0.0
Faltec Europe Ltd,219.0,6.0,153.12,2025-03-13 19:30:30+00:00,0.0,0.0,0.0,0.0
Faltec Europe Ltd,219.0,6.0,153.12,2025-03-13 19:45:30+00:00,0.0,0.0,0.0,0.0
Faltec Europe Ltd,219.0,6.0,153.12,2025-03-13 20:00:30+00:00,0.0,0.0,0.0,0.0
Faltec Europe Ltd,219.0,6.0,153.12,2025-03-13 20:15:30+00:00,0.0,0.0,0.0,0.0
Faltec Europe Ltd,219.0,6.0,153.12,2025-03-13 20:30:30+00:00,0.0,0.0,0.0,0.0
Faltec Europe Ltd,219.0,6.0,153.12,2025-03-13 20:45:30+00:00,0.0,0.0,0.0,0.0
Faltec Europe Ltd,219.0,6.0,153.12,2025-03-13 21:00:30+00:00,0.0,0.0,0.0,0.0
Faltec Europe Ltd,219.0,6.0,153.12,2025-03-13 21:15:30+00:00,0.0,0.0,0.0,0.0
Faltec Europe Ltd,219.0,6.0,153.12,2025-03-13 21:30:30+00:00,0.0,0.0,0.0,0.0
Faltec Europe Ltd,219.0,6.0,153.12,2025-03-13 21:45:30+00:00,0.0,0.0,0.0,0.0
Faltec Europe Ltd,219.0,6.0,153.12,2025-03-13 22:00:30+00:00,0.0,0.0,0.0,0.0
Faltec Europe Ltd,219.0,6.0,153.12,2025-03-13 22:15:30+00:00,0.0,0.0,0.0,0.0
Faltec Europe Ltd,219.0,6.0,153.12,2025-03-13 22:30:30+00:00,0.0,0.0,0.0,0.0
Faltec Europe Ltd,219.0,6.0,153.12,2025-03-13 22:45:30+00:00,0.0,0.0,0.0,0.0
Faltec Europe Ltd,219.0,6.0,153.12,2025-03-13 23:00:30+00:00,0.0,0.0,0.0,0.0
Faltec Europe Ltd,219.0,6.0,153.12,2025-03-13 23:15:30+00:00,0.0,0.0,0.0,0.0
Faltec Europe Ltd,219.0,6.0,153.12,2025-03-13 23:30:30+00:00,0.0,0.0,0.0,0.0
Faltec Europe Ltd,219.0,6.0,153.12,2025-03-13 23:45:30+00:00,0.0,0.0,0.0,0.0
Faltec Europe Ltd,219.0,6.0,153.12,2025-03-14 00:00:30+00:00,0.0,0.0,0.0,0.0
Faltec Europe Ltd,219.0,6.0,153.12,2025-03-14 00:15:30+00:00,0.0,0.0,0.0,0.0
Faltec Europe Ltd,219.0,6.0,153.12,2025-03-14 00:30:30+00:00,0.0,0.0,0.0,0.0
Faltec Europe Ltd,219.0,6.0,153.12,2025-03-14 00:45:30+00:00,0.0,0.0,0.0,0.0
Faltec Europe Ltd,219.0,6.0,153.12,2025-03-14 01:00:30+00:00,0.0,0.0,0.0,0.0
Faltec Europe Ltd,219.0,6.0,153.12,2025-03-14 01:15:30+00:00,0.0,0.0,0.0,0.0
Faltec Europe Ltd,219.0,6.0,153.12,2025-03-14 01:30:30+00:00,0.0,0.0,0.0,0.0
Faltec Europe Ltd,219.0,6.0,153.12,2025-03-14 01:45:30+00:00,0.0,0.0,0.0,0.0
Faltec Europe Ltd,219.0,6.0,153.12,2025-03-14 02:00:30+00:00,0.0,0.0,0.0,0.0
Faltec Europe Ltd,219.0,6.0,153.12,2025-03-14 02:15:30+00:00,0.0,0.0,0.0,0.0
Faltec Europe Ltd,219.0,6.0,153.12,2025-03-14 02:30:30+00:00,0.0,0.0,0.0,0.0
Faltec Europe Ltd,219.0,6.0,153.12,2025-03-14 02:45:30+00:00,0.0,0.0,0.0,0.0
Faltec Europe Ltd,219.0,6.0,153.12,2025-03-14 03:00:30+00:00,0.0,0.0,0.0,0.0
Faltec Europe Ltd,219.0,6.0,153.12,2025-03-14 03:15:30+00:00,0.0,0.0,0.0,0.0
Faltec Europe Ltd,219.0,6.0,153.12,2025-03-14 03:30:30+00:00,0.0,0.0,0.0,0.0
Faltec Europe Ltd,219.0,6.0,153.12,2025-03-14 03:45:30+00:00,0.0,0.0,0.0,0.0
Faltec Europe Ltd,219.0,6.0,153.12,2025-03-14 04:00:30+00:00,0.0,0.0,0.0,0.0
Faltec Europe Ltd,219.0,6.0,153.12,2025-03-14 04:15:30+00:00,0.0,0.0,0.0,0.0
Faltec Europe Ltd,219.0,6.0,153.12,2025-03-14 04:30:30+00:00,0.0,0.0,0.0,0.0
Faltec Europe Ltd,219.0,6.0,153.12,2025-03-14 04:45:30+00:00,0.0,0.0,0.0,0.0
Faltec Europe Ltd,219.0,6.0,153.12,2025-03-14 05:00:30+00:00,0.0,0.0,0.0,0.0
Faltec Europe Ltd,219.0,6.0,153.12,2025-03-14 05:15:30+00:00,0.0,0.0,0.0,0.0
Faltec Europe Ltd,219.0,6.0,153.12,2025-03-14 05:30:30+00:00,0.0,0.0,0.0,0.0
Faltec Europe Ltd,219.0,6.0,153.12,2025-03-14 05:45:30+00:00,0.0,0.0,0.0,0.0
Faltec Europe Ltd,219.0,6.0,153.12,2025-03-14 06:00:30+00:00,0.0,0.0,0.0,0.0
Faltec Europe Ltd,219.0,6.0,153.12,2025-03-14 06:15:30+00:00,0.0,0.0,0.0,0.0
Faltec Europe Ltd,219.0,6.0,153.12,2025-03-14 06:30:30+00:00,0.00275,0.0025,0.00325,0.00275
Faltec Europe Ltd,219.0,6.0,153.12,2025-03-14 06:45:30+00:00,0.0055,0.004,0.00625,0.00825
Faltec Europe Ltd,219.0,6.0,153.12,2025-03-14 07:00:30+00:00,0.012,0.00825,0.013,0.01625
Faltec Europe Ltd,219.0,6.0,153.12,2025-03-14 07:15:30+00:00,0.0205,0.0135,0.022,0.02525
Faltec Europe Ltd,219.0,6.0,153.12,2025-03-14 07:30:30+00:00,0.0275,0.0175,0.032,0.0315
Faltec Europe Ltd,219.0,6.0,153.12,2025-03-14 07:45:30+00:00,0.03275,0.0205,0.04225,0.036
Faltec Europe Ltd,219.0,6.0,153.12,2025-03-14 08:00:30+00:00,0.0405,0.02275,0.05275,0.04325
Faltec Europe Ltd,219.0,6.0,153.12,2025-03-14 08:15:30+00:00,0.04375,0.02225,0.06325,0.04575
Faltec Europe Ltd,219.0,6.0,153.12,2025-03-14 08:30:30+00:00,0.0435,0.01925,0.07,0.0445
Faltec Europe Ltd,219.0,6.0,153.12,2025-03-14 08:45:30+00:00,0.0455,0.01575,0.072,0.046
Faltec Europe Ltd,219.0,6.0,153.12,2025-03-14 09:00:30+00:00,0.04225,0.01325,0.06875,0.0425
Faltec Europe Ltd,219.0,6.0,153.12,2025-03-14 09:15:30+00:00,0.0345,0.018,0.0675,0.03475
Faltec Europe Ltd,219.0,6.0,153.12,2025-03-14 09:30:30+00:00,0.05175,0.0185,0.068,0.0515
Faltec Europe Ltd,219.0,6.0,153.12,2025-03-14 09:45:30+00:00,0.04275,0.0255,0.08125,0.04275
Faltec Europe Ltd,219.0,6.0,153.12,2025-03-14 10:00:30+00:00,0.06625,0.02575,0.0905,0.065
Faltec Europe Ltd,219.0,6.0,153.12,2025-03-14 10:15:30+00:00,0.06375,0.03625,0.10675,0.063
Faltec Europe Ltd,219.0,6.0,153.12,2025-03-14 10:30:30+00:00,0.08525,0.0365,0.1095,0.0825
Faltec Europe Ltd,219.0,6.0,153.12,2025-03-14 10:45:30+00:00,0.0685,0.04925,0.1225,0.0665
Faltec Europe Ltd,219.0,6.0,153.12,2025-03-14 11:00:30+00:00,0.10625,0.0525,0.1295,0.10075
Faltec Europe Ltd,219.0,6.0,153.12,2025-03-14 11:15:30+00:00,0.09525,0.0635,0.131,0.091
Faltec Europe Ltd,219.0,6.0,153.12,2025-03-14 11:30:30+00:00,0.09075,0.06975,0.12525,0.0865
Faltec Europe Ltd,219.0,6.0,153.12,2025-03-14 11:45:30+00:00,0.1075,0.07675,0.12925,0.10075
Faltec Europe Ltd,219.0,6.0,153.12,2025-03-14 12:00:30+00:00,0.10925,0.07475,0.13375,0.102
Faltec Europe Ltd,219.0,6.0,153.12,2025-03-14 12:15:30+00:00,0.09425,0.0595,0.1285,0.089
Faltec Europe Ltd,219.0,6.0,153.12,2025-03-14 12:30:30+00:00,0.078,0.053,0.12925,0.0745
Faltec Europe Ltd,219.0,6.0,153.12,2025-03-14 12:45:30+00:00,0.105,0.05525,0.1415,0.09775
Faltec Europe Ltd,219.0,6.0,153.12,2025-03-14 13:00:30+00:00,0.10975,0.048,0.1405,0.1015
Faltec Europe Ltd,219.0,6.0,153.12,2025-03-14 13:15:30+00:00,0.0645,0.037,0.1245,0.06175
Faltec Europe Ltd,219.0,6.0,153.12,2025-03-14 13:30:30+00:00,0.07175,0.0305,0.1225,0.068
Faltec Europe Ltd,219.0,6.0,153.12,2025-03-14 13:45:30+00:00,0.09525,0.03875,0.1315,0.08725
Faltec Europe Ltd,219.0,6.0,153.12,2025-03-14 14:00:30+00:00,0.0845,0.05225,0.13575,0.0775
Faltec Europe Ltd,219.0,6.0,153.12,2025-03-14 14:15:30+00:00,0.10525,0.06125,0.13175,0.0935
Faltec Europe Ltd,219.0,6.0,153.12,2025-03-14 14:30:30+00:00,0.09675,0.06025,0.121,0.08575
Faltec Europe Ltd,219.0,6.0,153.12,2025-03-14 14:45:30+00:00,0.067,0.052,0.10625,0.06125
Faltec Europe Ltd,219.0,6.0,153.12,2025-03-14 15:00:30+00:00,0.07825,0.04325,0.0945,0.069
Faltec Europe Ltd,219.0,6.0,153.12,2025-03-14 15:15:30+00:00,0.05725,0.0425,0.0875,0.052
Faltec Europe Ltd,219.0,6.0,153.12,2025-03-14 15:30:30+00:00,0.063,0.04025,0.08325,0.05575
Faltec Europe Ltd,219.0,6.0,153.12,2025-03-14 15:45:30+00:00,0.065,0.04,0.07925,0.05575
Faltec Europe Ltd,219.0,6.0,153.12,2025-03-14 16:00:30+00:00,0.0485,0.0365,0.07125,0.04175
Faltec Europe Ltd,219.0,6.0,153.12,2025-03-14 16:15:30+00:00,0.04925,0.03225,0.0635,0.041
Faltec Europe Ltd,219.0,6.0,153.12,2025-03-14 16:30:30+00:00,0.0445,0.027,0.05525,0.03625
Faltec Europe Ltd,219.0,6.0,153.12,2025-03-14 16:45:30+00:00,0.0275,0.019,0.04225,0.02325
Faltec Europe Ltd,219.0,6.0,153.12,2025-03-14 17:00:30+00:00,0.022,0.01275,0.03225,0.018
Faltec Europe Ltd,219.0,6.0,153.12,2025-03-14 17:15:30+00:00,0.01775,0.00975,0.02425,0.01375
Faltec Europe Ltd,219.0,6.0,153.12,2025-03-14 17:30:30+00:00,0.01,0.006,0.01375,0.00775
Faltec Europe Ltd,219.0,6.0,153.12,2025-03-14 17:45:30+00:00,0.00275,0.00225,0.00375,0.00225
Faltec Europe Ltd,219.0,6.0,153.12,2025-03-14 18:00:30+00:00,0.00025,0.00025,0.00025,0.00025
Faltec Europe Ltd,219.0,6.0,153.12,2025-03-14 18:15:30+00:00,0.0,0.0,0.0,0.0
Faltec Europe Ltd,219.0,6.0,153.12,2025-03-14 18:30:30+00:00,0.0,0.0,0.0,0.0
Faltec Europe Ltd,219.0,6.0,153.12,2025-03-14 18:45:30+00:00,0.0,0.0,0.0,0.0
Faltec Europe Ltd,219.0,6.0,153.12,2025-03-14 19:00:30+00:00,0.0,0.0,0.0,0.0
Faltec Europe Ltd,219.0,6.0,153.12,2025-03-14 19:15:30+00:00,0.0,0.0,0.0,0.0
Faltec Europe Ltd,219.0,6.0,153.12,2025-03-14 19:30:30+00:00,0.0,0.0,0.0,0.0
Faltec Europe Ltd,219.0,6.0,153.12,2025-03-14 19:45:30+00:00,0.0,0.0,0.0,0.0
Faltec Europe Ltd,219.0,6.0,153.12,2025-03-14 20:00:30+00:00,0.0,0.0,0.0,0.0
Faltec Europe Ltd,219.0,6.0,153.12,2025-03-14 20:15:30+00:00,0.0,0.0,0.0,0.0
Faltec Europe Ltd,219.0,6.0,153.12,2025-03-14 20:30:30+00:00,0.0,0.0,0.0,0.0
Faltec Europe Ltd,219.0,6.0,153.12,2025-03-14 20:45:30+00:00,0.0,0.0,0.0,0.0
Faltec Europe Ltd,219.0,6.0,153.12,2025-03-14 21:00:30+00:00,0.0,0.0,0.0,0.0
Faltec Europe Ltd,219.0,6.0,153.12,2025-03-14 21:15:30+00:00,0.0,0.0,0.0,0.0
Faltec Europe Ltd,219.0,6.0,153.12,2025-03-14 21:30:30+00:00,0.0,0.0,0.0,0.0
Faltec Europe Ltd,219.0,6.0,153.12,2025-03-14 21:45:30+00:00,0.0,0.0,0.0,0.0
Faltec Europe Ltd,219.0,6.0,153.12,2025-03-14 22:00:30+00:00,0.0,0.0,0.0,0.0
Faltec Europe Ltd,219.0,6.0,153.12,2025-03-14 22:15:30+00:00,0.0,0.0,0.0,0.0
Faltec Europe Ltd,219.0,6.0,153.12,2025-03-14 22:30:30+00:00,0.0,0.0,0.0,0.0
Faltec Europe Ltd,219.0,6.0,153.12,2025-03-14 22:45:30+00:00,0.0,0.0,0.0,0.0
Faltec Europe Ltd,219.0,6.0,153.12,2025-03-14 23:00:30+00:00,0.0,0.0,0.0,0.0
Faltec Europe Ltd,219.0,6.0,153.12,2025-03-14 23:15:30+00:00,0.0,0.0,0.0,0.0
Faltec Europe Ltd,219.0,6.0,153.12,2025-03-14 23:30:30+00:00,0.0,0.0,0.0,0.0
Faltec Europe Ltd,219.0,6.0,153.12,2025-03-14 23:45:30+00:00,0.0,0.0,0.0,0.0
Faltec Europe Ltd,219.0,6.0,153.12,2025-03-15 00:00:30+00:00,0.0,0.0,0.0,0.0
Faltec Europe Ltd,219.0,6.0,153.12,2025-03-15 00:15:30+00:00,0.0,0.0,0.0,0.0
Faltec Europe Ltd,219.0,6.0,153.12,2025-03-15 00:30:30+00:00,0.0,0.0,0.0,0.0
Faltec Europe Ltd,219.0,6.0,153.12,2025-03-15 00:45:30+00:00,0.0,0.0,0.0,0.0
Faltec Europe Ltd,219.0,6.0,153.12,2025-03-15 01:00:30+00:00,0.0,0.0,0.0,0.0
Faltec Europe Ltd,219.0,6.0,153.12,2025-03-15 01:15:30+00:00,0.0,0.0,0.0,0.0
Faltec Europe Ltd,219.0,6.0,153.12,2025-03-15 01:30:30+00:00,0.0,0.0,0.0,0.0
Faltec Europe Ltd,219.0,6.0,153.12,2025-03-15 01:45:30+00:00,0.0,0.0,0.0,0.0
Faltec Europe Ltd,219.0,6.0,153.12,2025-03-15 02:00:30+00:00,0.0,0.0,0.0,0.0
Faltec Europe Ltd,219.0,6.0,153.12,2025-03-15 02:15:30+00:00,0.0,0.0,0.0,0.0
Faltec Europe Ltd,219.0,6.0,153.12,2025-03-15 02:30:30+00:00,0.0,0.0,0.0,0.0
Faltec Europe Ltd,219.0,6.0,153.12,2025-03-15 02:45:30+00:00,0.0,0.0,0.0,0.0
Faltec Europe Ltd,219.0,6.0,153.12,2025-03-15 03:00:30+00:00,0.0,0.0,0.0,0.0
Faltec Europe Ltd,219.0,6.0,153.12,2025-03-15 03:15:30+00:00,0.0,0.0,0.0,0.0
Faltec Europe Ltd,219.0,6.0,153.12,2025-03-15 03:30:30+00:00,0.0,0.0,0.0,0.0
Faltec Europe Ltd,219.0,6.0,153.12,2025-03-15 03:45:30+00:00,0.0,0.0,0.0,0.0
Faltec Europe Ltd,219.0,6.0,153.12,2025-03-15 04:00:30+00:00,0.0,0.0,0.0,0.0
Faltec Europe Ltd,219.0,6.0,153.12,2025-03-15 04:15:30+00:00,0.0,0.0,0.0,0.0
Faltec Europe Ltd,219.0,6.0,153.12,2025-03-15 04:30:30+00:00,0.0,0.0,0.0,0.0
Faltec Europe Ltd,219.0,6.0,153.12,2025-03-15 04:45:30+00:00,0.0,0.0,0.0,0.0
Faltec Europe Ltd,219.0,6.0,153.12,2025-03-15 05:00:30+00:00,0.0,0.0,0.0,0.0
Faltec Europe Ltd,219.0,6.0,153.12,2025-03-15 05:15:30+00:00,0.0,0.0,0.0,0.0
Faltec Europe Ltd,219.0,6.0,153.12,2025-03-15 05:30:30+00:00,0.0,0.0,0.0,0.0
Faltec Europe Ltd,219.0,6.0,153.12,2025-03-15 05:45:30+00:00,0.0,0.0,0.0,0.0
Faltec Europe Ltd,219.0,6.0,153.12,2025-03-15 06:00:30+00:00,0.0,0.0,0.0,0.0
Faltec Europe Ltd,219.0,6.0,153.12,2025-03-15 06:15:30+00:00,0.00125,0.001,0.0015,0.00125
Faltec Europe Ltd,219.0,6.0,153.12,2025-03-15 06:30:30+00:00,0.0035,0.003,0.004,0.0035
Faltec Europe Ltd,219.0,6.0,153.12,2025-03-15 06:45:30+00:00,0.00625,0.00475,0.00725,0.009
Faltec Europe Ltd,219.0,6.0,153.12,2025-03-15 07:00:30+00:00,0.01275,0.00925,0.0145,0.01675
Faltec Europe Ltd,219.0,6.0,153.12,2025-03-15 07:15:30+00:00,0.0205,0.0155,0.02325,0.02525
Faltec Europe Ltd,219.0,6.0,153.12,2025-03-15 07:30:30+00:00,0.02925,0.023,0.03275,0.034
Faltec Europe Ltd,219.0,6.0,153.12,2025-03-15 07:45:30+00:00,0.0385,0.03125,0.04275,0.043
Faltec Europe Ltd,219.0,6.0,153.12,2025-03-15 08:00:30+00:00,0.048,0.0395,0.05325,0.05175
Faltec Europe Ltd,219.0,6.0,153.12,2025-03-15 08:15:30+00:00,0.057,0.04675,0.06375,0.06025
Faltec Europe Ltd,219.0,6.0,153.12,2025-03-15 08:30:30+00:00,0.065,0.0515,0.074,0.06725
Faltec Europe Ltd,219.0,6.0,153.12,2025-03-15 08:45:30+00:00,0.071,0.05425,0.08425,0.072
Faltec Europe Ltd,219.0,6.0,153.12,2025-03-15 09:00:30+00:00,0.075,0.05625,0.09225,0.07525
Faltec Europe Ltd,219.0,6.0,153.12,2025-03-15 09:15:30+00:00,0.07625,0.06,0.09375,0.07575
Faltec Europe Ltd,219.0,6.0,153.12,2025-03-15 09:30:30+00:00,0.07925,0.06575,0.09575,0.078
Faltec Europe Ltd,219.0,6.0,153.12,2025-03-15 09:45:30+00:00,0.087,0.074,0.10225,0.085
Faltec Europe Ltd,219.0,6.0,153.12,2025-03-15 10:00:30+00:00,0.09875,0.0835,0.11225,0.09525
Faltec Europe Ltd,219.0,6.0,153.12,2025-03-15 10:15:30+00:00,0.1075,0.0885,0.12275,0.103
Faltec Europe Ltd,219.0,6.0,153.12,2025-03-15 10:30:30+00:00,0.11025,0.08725,0.12875,0.10475
Faltec Europe Ltd,219.0,6.0,153.12,2025-03-15 10:45:30+00:00,0.10525,0.07625,0.1345,0.10025
Faltec Europe Ltd,219.0,6.0,153.12,2025-03-15 11:00:30+00:00,0.10075,0.061,0.144,0.09575
Faltec Europe Ltd,219.0,6.0,153.12,2025-03-15 11:15:30+00:00,0.10125,0.04075,0.15175,0.096
Faltec Europe Ltd,219.0,6.0,153.12,2025-03-15 11:30:30+00:00,0.0845,0.01725,0.1445,0.08075
Faltec Europe Ltd,219.0,6.0,153.12,2025-03-15 11:45:30+00:00,0.05525,0.01125,0.119,0.05425
Faltec Europe Ltd,219.0,6.0,153.12,2025-03-15 12:00:30+00:00,0.0415,0.01125,0.0915,0.04125
Faltec Europe Ltd,219.0,6.0,153.12,2025-03-15 12:15:30+00:00,0.0405,0.01125,0.084,0.0405
Faltec Europe Ltd,219.0,6.0,153.12,2025-03-15 12:30:30+00:00,0.05,0.01125,0.097,0.0495
Faltec Europe Ltd,219.0,6.0,153.12,2025-03-15 12:45:30+00:00,0.0635,0.0125,0.12525,0.06125
Faltec Europe Ltd,219.0,6.0,153.12,2025-03-15 13:00:30+00:00,0.0835,0.0165,0.15075,0.07825
Faltec Europe Ltd,219.0,6.0,153.12,2025-03-15 13:15:30+00:00,0.104,0.0405,0.15875,0.095
Faltec Europe Ltd,219.0,6.0,153.12,2025-03-15 13:30:30+00:00,0.11675,0.06775,0.15675,0.10525
Faltec Europe Ltd,219.0,6.0,153.12,2025-03-15 13:45:30+00:00,0.12375,0.083,0.1545,0.10925
Faltec Europe Ltd,219.0,6.0,153.12,2025-03-15 14:00:30+00:00,0.11225,0.0765,0.1435,0.1
Faltec Europe Ltd,219.0,6.0,153.12,2025-03-15 14:15:30+00:00,0.09375,0.058,0.133,0.084
Faltec Europe Ltd,219.0,6.0,153.12,2025-03-15 14:30:30+00:00,0.07925,0.04425,0.114,0.07225
Faltec Europe Ltd,219.0,6.0,153.12,2025-03-15 14:45:30+00:00,0.064,0.03675,0.0945,0.0595
Faltec Europe Ltd,219.0,6.0,153.12,2025-03-15 15:00:30+00:00,0.05425,0.032,0.084,0.051
Faltec Europe Ltd,219.0,6.0,153.12,2025-03-15 15:15:30+00:00,0.057,0.03,0.08825,0.05225
Faltec Europe Ltd,219.0,6.0,153.12,2025-03-15 15:30:30+00:00,0.067,0.03275,0.09675,0.05825
Faltec Europe Ltd,219.0,6.0,153.12,2025-03-15 15:45:30+00:00,0.069,0.0385,0.0915,0.05825
Faltec Europe Ltd,219.0,6.0,153.12,2025-03-15 16:00:30+00:00,0.067,0.04325,0.0835,0.05475
Faltec Europe Ltd,219.0,6.0,153.12,2025-03-15 16:15:30+00:00,0.062,0.0445,0.0735,0.0495
Faltec Europe Ltd,219.0,6.0,153.12,2025-03-15 16:30:30+00:00,0.055,0.041,0.06275,0.04275
Faltec Europe Ltd,219.0,6.0,153.12,2025-03-15 16:45:30+00:00,0.046,0.03475,0.0515,0.03475
Faltec Europe Ltd,219.0,6.0,153.12,2025-03-15 17:00:30+00:00,0.03625,0.027,0.04,0.0265
Faltec Europe Ltd,219.0,6.0,153.12,2025-03-15 17:15:30+00:00,0.026,0.019,0.02875,0.01825
Faltec Europe Ltd,219.0,6.0,153.12,2025-03-15 17:30:30+00:00,0.01525,0.011,0.017,0.01
Faltec Europe Ltd,219.0,6.0,153.12,2025-03-15 17:45:30+00:00,0.0045,0.004,0.005,0.0035
Faltec Europe Ltd,219.0,6.0,153.12,2025-03-15 18:00:30+00:00,0.0005,0.00025,0.0005,0.0005
Faltec Europe Ltd,219.0,6.0,153.12,2025-03-15 18:15:30+00:00,0.0,0.0,0.0,0.0
Faltec Europe Ltd,219.0,6.0,153.12,2025-03-15 18:30:30+00:00,0.0,0.0,0.0,0.0
Faltec Europe Ltd,219.0,6.0,153.12,2025-03-15 18:45:30+00:00,0.0,0.0,0.0,0.0
Faltec Europe Ltd,219.0,6.0,153.12,2025-03-15 19:00:30+00:00,0.0,0.0,0.0,0.0
Faltec Europe Ltd,219.0,6.0,153.12,2025-03-15 19:15:30+00:00,0.0,0.0,0.0,0.0
Faltec Europe Ltd,219.0,6.0,153.12,2025-03-15 19:30:30+00:00,0.0,0.0,0.0,0.0
Faltec Europe Ltd,219.0,6.0,153.12,2025-03-15 19:45:30+00:00,0.0,0.0,0.0,0.0
Faltec Europe Ltd,219.0,6.0,153.12,2025-03-15 20:00:30+00:00,0.0,0.0,0.0,0.0
Faltec Europe Ltd,219.0,6.0,153.12,2025-03-15 20:15:30+00:00,0.0,0.0,0.0,0.0
Faltec Europe Ltd,219.0,6.0,153.12,2025-03-15 20:30:30+00:00,0.0,0.0,0.0,0.0
Faltec Europe Ltd,219.0,6.0,153.12,2025-03-15 20:45:30+00:00,0.0,0.0,0.0,0.0
Faltec Europe Ltd,219.0,6.0,153.12,2025-03-15 21:00:30+00:00,0.0,0.0,0.0,0.0
Faltec Europe Ltd,219.0,6.0,153.12,2025-03-15 21:15:30+00:00,0.0,0.0,0.0,0.0
Faltec Europe Ltd,219.0,6.0,153.12,2025-03-15 21:30:30+00:00,0.0,0.0,0.0,0.0
Faltec Europe Ltd,219.0,6.0,153.12,2025-03-15 21:45:30+00:00,0.0,0.0,0.0,0.0
Faltec Europe Ltd,219.0,6.0,153.12,2025-03-15 22:00:30+00:00,0.0,0.0,0.0,0.0
Faltec Europe Ltd,219.0,6.0,153.12,2025-03-15 22:15:30+00:00,0.0,0.0,0.0,0.0
Faltec Europe Ltd,219.0,6.0,153.12,2025-03-15 22:30:30+00:00,0.0,0.0,0.0,0.0
Faltec Europe Ltd,219.0,6.0,153.12,2025-03-15 22:45:30+00:00,0.0,0.0,0.0,0.0
Faltec Europe Ltd,219.0,6.0,153.12,2025-03-15 23:00:30+00:00,0.0,0.0,0.0,0.0
Faltec Europe Ltd,219.0,6.0,153.12,2025-03-15 23:15:30+00:00,0.0,0.0,0.0,0.0
Faltec Europe Ltd,219.0,6.0,153.12,2025-03-15 23:30:30+00:00,0.0,0.0,0.0,0.0
Faltec Europe Ltd,219.0,6.0,153.12,2025-03-15 23:45:30+00:00,0.0,0.0,0.0,0.0
Faltec Europe Ltd,219.0,6.0,153.12,2025-03-16 00:00:30+00:00,0.0,0.0,0.0,0.0
Faltec Europe Ltd,219.0,6.0,153.12,2025-03-16 00:15:30+00:00,0.0,0.0,0.0,0.0
Faltec Europe Ltd,219.0,6.0,153.12,2025-03-16 00:30:30+00:00,0.0,0.0,0.0,0.0
Faltec Europe Ltd,219.0,6.0,153.12,2025-03-16 00:45:30+00:00,0.0,0.0,0.0,0.0
Faltec Europe Ltd,219.0,6.0,153.12,2025-03-16 01:00:30+00:00,0.0,0.0,0.0,0.0
Faltec Europe Ltd,219.0,6.0,153.12,2025-03-16 01:15:30+00:00,0.0,0.0,0.0,0.0
Faltec Europe Ltd,219.0,6.0,153.12,2025-03-16 01:30:30+00:00,0.0,0.0,0.0,0.0
Faltec Europe Ltd,219.0,6.0,153.12,2025-03-16 01:45:30+00:00,0.0,0.0,0.0,0.0
Faltec Europe Ltd,219.0,6.0,153.12,2025-03-16 02:00:30+00:00,0.0,0.0,0.0,0.0
Faltec Europe Ltd,219.0,6.0,153.12,2025-03-16 02:15:30+00:00,0.0,0.0,0.0,0.0
Faltec Europe Ltd,219.0,6.0,153.12,2025-03-16 02:30:30+00:00,0.0,0.0,0.0,0.0
Faltec Europe Ltd,219.0,6.0,153.12,2025-03-16 02:45:30+00:00,0.0,0.0,0.0,0.0
Faltec Europe Ltd,219.0,6.0,153.12,2025-03-16 03:00:30+00:00,0.0,0.0,0.0,0.0
Faltec Europe Ltd,219.0,6.0,153.12,2025-03-16 03:15:30+00:00,0.0,0.0,0.0,0.0
Faltec Europe Ltd,219.0,6.0,153.12,2025-03-16 03:30:30+00:00,0.0,0.0,0.0,0.0
Faltec Europe Ltd,219.0,6.0,153.12,2025-03-16 03:45:30+00:00,0.0,0.0,0.0,0.0
Faltec Europe Ltd,219.0,6.0,153.12,2025-03-16 04:00:30+00:00,0.0,0.0,0.0,0.0
Faltec Europe Ltd,219.0,6.0,153.12,2025-03-16 04:15:30+00:00,0.0,0.0,0.0,0.0
Faltec Europe Ltd,219.0,6.0,153.12,2025-03-16 04:30:30+00:00,0.0,0.0,0.0,0.0
Faltec Europe Ltd,219.0,6.0,153.12,2025-03-16 04:45:30+00:00,0.0,0.0,0.0,0.0
Faltec Europe Ltd,219.0,6.0,153.12,2025-03-16 05:00:30+00:00,0.0,0.0,0.0,0.0
Faltec Europe Ltd,219.0,6.0,153.12,2025-03-16 05:15:30+00:00,0.0,0.0,0.0,0.0
Faltec Europe Ltd,219.0,6.0,153.12,2025-03-16 05:30:30+00:00,0.0,0.0,0.0,0.0
Faltec Europe Ltd,219.0,6.0,153.12,2025-03-16 05:45:30+00:00,0.0,0.0,0.0,0.0
Faltec Europe Ltd,219.0,6.0,153.12,2025-03-16 06:00:30+00:00,0.0,0.0,0.0,0.0
Faltec Europe Ltd,219.0,6.0,153.12,2025-03-16 06:15:30+00:00,0.0,0.0,0.00025,0.0
Faltec Europe Ltd,219.0,6.0,153.12,2025-03-16 06:30:30+00:00,0.003,0.002,0.0045,0.003
Faltec Europe Ltd,219.0,6.0,153.12,2025-03-16 06:45:30+00:00,0.0065,0.00375,0.01,0.00775
Faltec Europe Ltd,219.0,6.0,153.12,2025-03-16 07:00:30+00:00,0.01175,0.00575,0.01625,0.01375
Faltec Europe Ltd,219.0,6.0,153.12,2025-03-16 07:15:30+00:00,0.0155,0.00775,0.0235,0.01675
Faltec Europe Ltd,219.0,6.0,153.12,2025-03-16 07:30:30+00:00,0.019,0.011,0.03,0.02
Faltec Europe Ltd,219.0,6.0,153.12,2025-03-16 07:45:30+00:00,0.026,0.01575,0.037,0.02725
Faltec Europe Ltd,219.0,6.0,153.12,2025-03-16 08:00:30+00:00,0.034,0.022,0.0455,0.0355
Faltec Europe Ltd,219.0,6.0,153.12,2025-03-16 08:15:30+00:00,0.04125,0.02575,0.055,0.04275
Faltec Europe Ltd,219.0,6.0,153.12,2025-03-16 08:30:30+00:00,0.04575,0.023,0.06325,0.04675
Faltec Europe Ltd,219.0,6.0,153.12,2025-03-16 08:45:30+00:00,0.04225,0.01725,0.068,0.04275
Faltec Europe Ltd,219.0,6.0,153.12,2025-03-16 09:00:30+00:00,0.0395,0.0095,0.06825,0.03975
Faltec Europe Ltd,219.0,6.0,153.12,2025-03-16 09:15:30+00:00,0.0345,0.01025,0.0725,0.03475
Faltec Europe Ltd,219.0,6.0,153.12,2025-03-16 09:30:30+00:00,0.05,0.01875,0.086,0.05
Faltec Europe Ltd,219.0,6.0,153.12,2025-03-16 09:45:30+00:00,0.073,0.035,0.09775,0.07175
Faltec Europe Ltd,219.0,6.0,153.12,2025-03-16 10:00:30+00:00,0.07575,0.04325,0.099,0.07425
Faltec Europe Ltd,219.0,6.0,153.12,2025-03-16 10:15:30+00:00,0.06375,0.0425,0.093,0.06275
Faltec Europe Ltd,219.0,6.0,153.12,2025-03-16 10:30:30+00:00,0.06425,0.03775,0.09675,0.06325
Faltec Europe Ltd,219.0,6.0,153.12,2025-03-16 10:45:30+00:00,0.07425,0.04375,0.11275,0.07225
Faltec Europe Ltd,219.0,6.0,153.12,2025-03-16 11:00:30+00:00,0.096,0.05675,0.1285,0.092
Faltec Europe Ltd,219.0,6.0,153.12,2025-03-16 11:15:30+00:00,0.1075,0.0675,0.13025,0.10175
Faltec Europe Ltd,219.0,6.0,153.12,2025-03-16 11:30:30+00:00,0.0905,0.07375,0.1255,0.08675
Faltec Europe Ltd,219.0,6.0,153.12,2025-03-16 11:45:30+00:00,0.1025,0.078,0.12125,0.097
Faltec Europe Ltd,219.0,6.0,153.12,2025-03-16 12:00:30+00:00,0.1055,0.0815,0.12225,0.0995
Faltec Europe Ltd,219.0,6.0,153.12,2025-03-16 12:15:30+00:00,0.09675,0.074,0.1215,0.0915
Faltec Europe Ltd,219.0,6.0,153.12,2025-03-16 12:30:30+00:00,0.09125,0.06175,0.12425,0.08625
Faltec Europe Ltd,219.0,6.0,153.12,2025-03-16 12:45:30+00:00,0.09075,0.0615,0.13875,0.0855
Faltec Europe Ltd,219.0,6.0,153.12,2025-03-16 13:00:30+00:00,0.1205,0.05675,0.14075,0.11025
Faltec Europe Ltd,219.0,6.0,153.12,2025-03-16 13:15:30+00:00,0.0795,0.0525,0.1325,0.0745
Faltec Europe Ltd,219.0,6.0,153.12,2025-03-16 13:30:30+00:00,0.08025,0.0485,0.127,0.075
Faltec Europe Ltd,219.0,6.0,153.12,2025-03-16 13:45:30+00:00,0.10475,0.0445,0.1325,0.096
Faltec Europe Ltd,219.0,6.0,153.12,2025-03-16 14:00:30+00:00,0.07675,0.0345,0.12825,0.07125
Faltec Europe Ltd,219.0,6.0,153.12,2025-03-16 14:15:30+00:00,0.062,0.0175,0.10425,0.059
Faltec Europe Ltd,219.0,6.0,153.12,2025-03-16 14:30:30+00:00,0.04375,0.01475,0.087,0.043
Faltec Europe Ltd,219.0,6.0,153.12,2025-03-16 14:45:30+00:00,0.0495,0.02125,0.083,0.0475
Faltec Europe Ltd,219.0,6.0,153.12,2025-03-16 15:00:30+00:00,0.06425,0.03075,0.08925,0.059
Faltec Europe Ltd,219.0,6.0,153.12,2025-03-16 15:15:30+00:00,0.064,0.0395,0.084,0.058
Faltec Europe Ltd,219.0,6.0,153.12,2025-03-16 15:30:30+00:00,0.05575,0.0395,0.07075,0.05125
Faltec Europe Ltd,219.0,6.0,153.12,2025-03-16 15:45:30+00:00,0.046,0.03525,0.05875,0.0425
Faltec Europe Ltd,219.0,6.0,153.12,2025-03-16 16:00:30+00:00,0.0395,0.02925,0.051,0.0365
Faltec Europe Ltd,219.0,6.0,153.12,2025-03-16 16:15:30+00:00,0.035,0.02475,0.04475,0.03225
Faltec Europe Ltd,219.0,6.0,153.12,2025-03-16 16:30:30+00:00,0.0295,0.02025,0.0385,0.027
Faltec Europe Ltd,219.0,6.0,153.12,2025-03-16 16:45:30+00:00,0.02325,0.01525,0.032,0.02125
Faltec Europe Ltd,219.0,6.0,153.12,2025-03-16 17:00:30+00:00,0.018,0.01075,0.0255,0.0165
Faltec Europe Ltd,219.0,6.0,153.12,2025-03-16 17:15:30+00:00,0.01275,0.007,0.0185,0.01175
Faltec Europe Ltd,219.0,6.0,153.12,2025-03-16 17:30:30+00:00,0.007,0.00375,0.011,0.00675
Faltec Europe Ltd,219.0,6.0,153.12,2025-03-16 17:45:30+00:00,0.0025,0.0015,0.00475,0.0025
Faltec Europe Ltd,219.0,6.0,153.12,2025-03-16 18:00:30+00:00,0.00075,0.0005,0.0015,0.00075
Faltec Europe Ltd,219.0,6.0,153.12,2025-03-16 18:15:30+00:00,0.0,0.0,0.0,0.0
Faltec Europe Ltd,219.0,6.0,153.12,2025-03-16 18:30:30+00:00,0.0,0.0,0.0,0.0
Faltec Europe Ltd,219.0,6.0,153.12,2025-03-16 18:45:30+00:00,0.0,0.0,0.0,0.0
Faltec Europe Ltd,219.0,6.0,153.12,2025-03-16 19:00:30+00:00,0.0,0.0,0.0,0.0
Faltec Europe Ltd,219.0,6.0,153.12,2025-03-16 19:15:30+00:00,0.0,0.0,0.0,0.0
Faltec Europe Ltd,219.0,6.0,153.12,2025-03-16 19:30:30+00:00,0.0,0.0,0.0,0.0
Faltec Europe Ltd,219.0,6.0,153.12,2025-03-16 19:45:30+00:00,0.0,0.0,0.0,0.0
Faltec Europe Ltd,219.0,6.0,153.12,2025-03-16 20:00:30+00:00,0.0,0.0,0.0,0.0
Faltec Europe Ltd,219.0,6.0,153.12,2025-03-16 20:15:30+00:00,0.0,0.0,0.0,0.0
Faltec Europe Ltd,219.0,6.0,153.12,2025-03-16 20:30:30+00:00,0.0,0.0,0.0,0.0
Faltec Europe Ltd,219.0,6.0,153.12,2025-03-16 20:45:30+00:00,0.0,0.0,0.0,0.0
Faltec Europe Ltd,219.0,6.0,153.12,2025-03-16 21:00:30+00:00,0.0,0.0,0.0,0.0
Faltec Europe Ltd,219.0,6.0,153.12,2025-03-16 21:15:30+00:00,0.0,0.0,0.0,0.0
Faltec Europe Ltd,219.0,6.0,153.12,2025-03-16 21:30:30+00:00,0.0,0.0,0.0,0.0
Faltec Europe Ltd,219.0,6.0,153.12,2025-03-16 21:45:30+00:00,0.0,0.0,0.0,0.0
Faltec Europe Ltd,219.0,6.0,153.12,2025-03-16 22:00:30+00:00,0.0,0.0,0.0,0.0
Faltec Europe Ltd,219.0,6.0,153.12,2025-03-16 22:15:30+00:00,0.0,0.0,0.0,0.0
Faltec Europe Ltd,219.0,6.0,153.12,2025-03-16 22:30:30+00:00,0.0,0.0,0.0,0.0
Faltec Europe Ltd,219.0,6.0,153.12,2025-03-16 22:45:30+00:00,0.0,0.0,0.0,0.0
Faltec Europe Ltd,219.0,6.0,153.12,2025-03-16 23:00:30+00:00,0.0,0.0,0.0,0.0
Faltec Europe Ltd,219.0,6.0,153.12,2025-03-16 23:15:30+00:00,0.0,0.0,0.0,0.0
Faltec Europe Ltd,219.0,6.0,153.12,2025-03-16 23:30:30+00:00,0.0,0.0,0.0,0.0
Faltec Europe Ltd,219.0,6.0,153.12,2025-03-16 23:45:30+00:00,0.0,0.0,0.0,0.0
Faltec Europe Ltd,219.0,6.0,153.12,2025-03-17 00:00:30+00:00,0.0,0.0,0.0,0.0
Faltec Europe Ltd,219.0,6.0,153.12,2025-03-17 00:15:30+00:00,0.0,0.0,0.0,0.0
Faltec Europe Ltd,219.0,6.0,153.12,2025-03-17 00:30:30+00:00,0.0,0.0,0.0,0.0
Faltec Europe Ltd,219.0,6.0,153.12,2025-03-17 00:45:30+00:00,0.0,0.0,0.0,0.0
Faltec Europe Ltd,219.0,6.0,153.12,2025-03-17 01:00:30+00:00,0.0,0.0,0.0,0.0
Faltec Europe Ltd,219.0,6.0,153.12,2025-03-17 01:15:30+00:00,0.0,0.0,0.0,0.0
Faltec Europe Ltd,219.0,6.0,153.12,2025-03-17 01:30:30+00:00,0.0,0.0,0.0,0.0
Faltec Europe Ltd,219.0,6.0,153.12,2025-03-17 01:45:30+00:00,0.0,0.0,0.0,0.0
Faltec Europe Ltd,219.0,6.0,153.12,2025-03-17 02:00:30+00:00,0.0,0.0,0.0,0.0
Faltec Europe Ltd,219.0,6.0,153.12,2025-03-17 02:15:30+00:00,0.0,0.0,0.0,0.0
Faltec Europe Ltd,219.0,6.0,153.12,2025-03-17 02:30:30+00:00,0.0,0.0,0.0,0.0
Faltec Europe Ltd,219.0,6.0,153.12,2025-03-17 02:45:30+00:00,0.0,0.0,0.0,0.0
Faltec Europe Ltd,219.0,6.0,153.12,2025-03-17 03:00:30+00:00,0.0,0.0,0.0,0.0
Faltec Europe Ltd,219.0,6.0,153.12,2025-03-17 03:15:30+00:00,0.0,0.0,0.0,0.0
Faltec Europe Ltd,219.0,6.0,153.12,2025-03-17 03:30:30+00:00,0.0,0.0,0.0,0.0
Faltec Europe Ltd,219.0,6.0,153.12,2025-03-17 03:45:30+00:00,0.0,0.0,0.0,0.0
Faltec Europe Ltd,219.0,6.0,153.12,2025-03-17 04:00:30+00:00,0.0,0.0,0.0,0.0
Faltec Europe Ltd,219.0,6.0,153.12,2025-03-17 04:15:30+00:00,0.0,0.0,0.0,0.0
Faltec Europe Ltd,219.0,6.0,153.12,2025-03-17 04:30:30+00:00,0.0,0.0,0.0,0.0
Faltec Europe Ltd,219.0,6.0,153.12,2025-03-17 04:45:30+00:00,0.0,0.0,0.0,0.0
Faltec Europe Ltd,219.0,6.0,153.12,2025-03-17 05:00:30+00:00,0.0,0.0,0.0,0.0
Faltec Europe Ltd,219.0,6.0,153.12,2025-03-17 05:15:30+00:00,0.0,0.0,0.0,0.0
Faltec Europe Ltd,219.0,6.0,153.12,2025-03-17 05:30:30+00:00,0.0,0.0,0.0,0.0
Faltec Europe Ltd,219.0,6.0,153.12,2025-03-17 05:45:30+00:00,0.0,0.0,0.0,0.0
Faltec Europe Ltd,219.0,6.0,153.12,2025-03-17 06:00:30+00:00,0.0,0.0,0.0,0.0
Faltec Europe Ltd,219.0,6.0,153.12,2025-03-17 06:15:30+00:00,0.00025,0.00025,0.0005,0.00025
Faltec Europe Ltd,219.0,6.0,153.12,2025-03-17 06:30:30+00:00,0.00275,0.00125,0.0055,0.003
Faltec Europe Ltd,219.0,6.0,153.12,2025-03-17 06:45:30+00:00,0.00675,0.00375,0.01125,0.007
Faltec Europe Ltd,219.0,6.0,153.12,2025-03-17 07:00:30+00:00,0.01225,0.0065,0.0175,0.014
Faltec Europe Ltd,219.0,6.0,153.12,2025-03-17 07:15:30+00:00,0.01775,0.00875,0.0245,0.01975
Faltec Europe Ltd,219.0,6.0,153.12,2025-03-17 07:30:30+00:00,0.0205,0.01,0.03175,0.0215
Faltec Europe Ltd,219.0,6.0,153.12,2025-03-17 07:45:30+00:00,0.02375,0.012,0.0355,0.0245
Faltec Europe Ltd,219.0,6.0,153.12,2025-03-17 08:00:30+00:00,0.02675,0.0155,0.0385,0.0275
Faltec Europe Ltd,219.0,6.0,153.12,2025-03-17 08:15:30+00:00,0.03025,0.02075,0.04125,0.03075
Faltec Europe Ltd,219.0,6.0,153.12,2025-03-17 08:30:30+00:00,0.03575,0.023,0.0475,0.03625
Faltec Europe Ltd,219.0,6.0,153.12,2025-03-17 08:45:30+00:00,0.0395,0.02175,0.05425,0.04
Faltec Europe Ltd,219.0,6.0,153.12,2025-03-17 09:00:30+00:00,0.03875,0.0165,0.05775,0.039
Faltec Europe Ltd,219.0,6.0,153.12,2025-03-17 09:15:30+00:00,0.03275,0.0115,0.05625,0.033
Faltec Europe Ltd,219.0,6.0,153.12,2025-03-17 09:30:30+00:00,0.03025,0.0135,0.059,0.0305
Faltec Europe Ltd,219.0,6.0,153.12,2025-03-17 09:45:30+00:00,0.046,0.02025,0.067,0.046
Faltec Europe Ltd,219.0,6.0,153.12,2025-03-17 10:00:30+00:00,0.05425,0.032,0.07175,0.054
Faltec Europe Ltd,219.0,6.0,153.12,2025-03-17 10:15:30+00:00,0.05475,0.04025,0.071,0.0545
Faltec Europe Ltd,219.0,6.0,153.12,2025-03-17 10:30:30+00:00,0.058,0.04625,0.06875,0.05775
Faltec Europe Ltd,219.0,6.0,153.12,2025-03-17 10:45:30+00:00,0.05925,0.0415,0.07825,0.059
Faltec Europe Ltd,219.0,6.0,153.12,2025-03-17 11:00:30+00:00,0.06175,0.0305,0.09525,0.0615
Faltec Europe Ltd,219.0,6.0,153.12,2025-03-17 11:15:30+00:00,0.068,0.0245,0.12575,0.0665
Faltec Europe Ltd,219.0,6.0,153.12,2025-03-17 11:30:30+00:00,0.0965,0.032,0.15725,0.09225
Faltec Europe Ltd,219.0,6.0,153.12,2025-03-17 11:45:30+00:00,0.119,0.0575,0.16725,0.1115
Faltec Europe Ltd,219.0,6.0,153.12,2025-03-17 12:00:30+00:00,0.13725,0.07025,0.1715,0.126
Faltec Europe Ltd,219.0,6.0,153.12,2025-03-17 12:15:30+00:00,0.14075,0.06175,0.17225,0.12875
Faltec Europe Ltd,219.0,6.0,153.12,2025-03-17 12:30:30+00:00,0.0985,0.02775,0.167,0.0925
Faltec Europe Ltd,219.0,6.0,153.12,2025-03-17 12:45:30+00:00,0.06525,0.013,0.13425,0.063
Faltec Europe Ltd,219.0,6.0,153.12,2025-03-17 13:00:30+00:00,0.04225,0.01125,0.0995,0.042
Faltec Europe Ltd,219.0,6.0,153.12,2025-03-17 13:15:30+00:00,0.04325,0.011,0.083,0.04275
Faltec Europe Ltd,219.0,6.0,153.12,2025-03-17 13:30:30+00:00,0.04425,0.01075,0.08825,0.044
Faltec Europe Ltd,219.0,6.0,153.12,2025-03-17 13:45:30+00:00,0.05725,0.01125,0.1115,0.05525
Faltec Europe Ltd,219.0,6.0,153.12,2025-03-17 14:00:30+00:00,0.073,0.0145,0.13425,0.069
Faltec Europe Ltd,219.0,6.0,153.12,2025-03-17 14:15:30+00:00,0.092,0.03125,0.14175,0.084
Faltec Europe Ltd,219.0,6.0,153.12,2025-03-17 14:30:30+00:00,0.10375,0.05325,0.1385,0.09175
Faltec Europe Ltd,219.0,6.0,153.12,2025-03-17 14:45:30+00:00,0.107,0.073,0.1335,0.09225
Faltec Europe Ltd,219.0,6.0,153.12,2025-03-17 15:00:30+00:00,0.106,0.08475,0.12475,0.09
Faltec Europe Ltd,219.0,6.0,153.12,2025-03-17 15:15:30+00:00,0.1005,0.086,0.1125,0.0845
Faltec Europe Ltd,219.0,6.0,153.12,2025-03-17 15:30:30+00:00,0.09,0.07825,0.101,0.075
Faltec Europe Ltd,219.0,6.0,153.12,2025-03-17 15:45:30+00:00,0.078,0.06775,0.0905,0.06475
Faltec Europe Ltd,219.0,6.0,153.12,2025-03-17 16:00:30+00:00,0.07,0.0585,0.08175,0.05725
Faltec Europe Ltd,219.0,6.0,153.12,2025-03-17 16:15:30+00:00,0.0625,0.051,0.07425,0.0505
Faltec Europe Ltd,219.0,6.0,153.12,2025-03-17 16:30:30+00:00,0.055,0.043,0.06525,0.0435
Faltec Europe Ltd,219.0,6.0,153.12,2025-03-17 16:45:30+00:00,0.0455,0.035,0.05375,0.03525
Faltec Europe Ltd,219.0,6.0,153.12,2025-03-17 17:00:30+00:00,0.0365,0.027,0.04225,0.0275
Faltec Europe Ltd,219.0,6.0,153.12,2025-03-17 17:15:30+00:00,0.02675,0.01925,0.03075,0.0195
Faltec Europe Ltd,219.0,6.0,153.12,2025-03-17 17:30:30+00:00,0.01675,0.01175,0.01925,0.0115
Faltec Europe Ltd,219.0,6.0,153.12,2025-03-17 17:45:30+00:00,0.00575,0.005,0.00675,0.00475
Faltec Europe Ltd,219.0,6.0,153.12,2025-03-17 18:00:30+00:00,0.00175,0.00125,0.002,0.00175
Faltec Europe Ltd,219.0,6.0,153.12,2025-03-17 18:15:30+00:00,0.0,0.0,0.0,0.0
Faltec Europe Ltd,219.0,6.0,153.12,2025-03-17 18:30:30+00:00,0.0,0.0,0.0,0.0
Faltec Europe Ltd,219.0,6.0,153.12,2025-03-17 18:45:30+00:00,0.0,0.0,0.0,0.0
Faltec Europe Ltd,219.0,6.0,153.12,2025-03-17 19:00:30+00:00,0.0,0.0,0.0,0.0
Faltec Europe Ltd,219.0,6.0,153.12,2025-03-17 19:15:30+00:00,0.0,0.0,0.0,0.0
Faltec Europe Ltd,219.0,6.0,153.12,2025-03-17 19:30:30+00:00,0.0,0.0,0.0,0.0
Faltec Europe Ltd,219.0,6.0,153.12,2025-03-17 19:45:30+00:00,0.0,0.0,0.0,0.0
Faltec Europe Ltd,219.0,6.0,153.12,2025-03-17 20:00:30+00:00,0.0,0.0,0.0,0.0
Faltec Europe Ltd,219.0,6.0,153.12,2025-03-17 20:15:30+00:00,0.0,0.0,0.0,0.0
Faltec Europe Ltd,219.0,6.0,153.12,2025-03-17 20:30:30+00:00,0.0,0.0,0.0,0.0
Faltec Europe Ltd,219.0,6.0,153.12,2025-03-17 20:45:30+00:00,0.0,0.0,0.0,0.0
Faltec Europe Ltd,219.0,6.0,153.12,2025-03-17 21:00:30+00:00,0.0,0.0,0.0,0.0
Faltec Europe Ltd,219.0,6.0,153.12,2025-03-17 21:15:30+00:00,0.0,0.0,0.0,0.0
Faltec Europe Ltd,219.0,6.0,153.12,2025-03-17 21:30:30+00:00,0.0,0.0,0.0,0.0
Faltec Europe Ltd,219.0,6.0,153.12,2025-03-17 21:45:30+00:00,0.0,0.0,0.0,0.0
Faltec Europe Ltd,219.0,6.0,153.12,2025-03-17 22:00:30+00:00,0.0,0.0,0.0,0.0
Faltec Europe Ltd,219.0,6.0,153.12,2025-03-17 22:15:30+00:00,0.0,0.0,0.0,0.0
Faltec Europe Ltd,219.0,6.0,153.12,2025-03-17 22:30:30+00:00,0.0,0.0,0.0,0.0
Faltec Europe Ltd,219.0,6.0,153.12,2025-03-17 22:45:30+00:00,0.0,0.0,0.0,0.0
Faltec Europe Ltd,219.0,6.0,153.12,2025-03-17 23:00:30+00:00,0.0,0.0,0.0,0.0
Faltec Europe Ltd,219.0,6.0,153.12,2025-03-17 23:15:30+00:00,0.0,0.0,0.0,0.0
Faltec Europe Ltd,219.0,6.0,153.12,2025-03-17 23:30:30+00:00,0.0,0.0,0.0,0.0
Faltec Europe Ltd,219.0,6.0,153.12,2025-03-17 23:45:30+00:00,0.0,0.0,0.0,0.0
Faltec Europe Ltd,219.0,6.0,153.12,2025-03-18 00:00:30+00:00,0.0,0.0,0.0,0.0
Faltec Europe Ltd,219.0,6.0,153.12,2025-03-18 00:15:30+00:00,0.0,0.0,0.0,0.0
Faltec Europe Ltd,219.0,6.0,153.12,2025-03-18 00:30:30+00:00,0.0,0.0,0.0,0.0
Faltec Europe Ltd,219.0,6.0,153.12,2025-03-18 00:45:30+00:00,0.0,0.0,0.0,0.0
Faltec Europe Ltd,219.0,6.0,153.12,2025-03-18 01:00:30+00:00,0.0,0.0,0.0,0.0
Faltec Europe Ltd,219.0,6.0,153.12,2025-03-18 01:15:30+00:00,0.0,0.0,0.0,0.0
Faltec Europe Ltd,219.0,6.0,153.12,2025-03-18 01:30:30+00:00,0.0,0.0,0.0,0.0
Faltec Europe Ltd,219.0,6.0,153.12,2025-03-18 01:45:30+00:00,0.0,0.0,0.0,0.0
Faltec Europe Ltd,219.0,6.0,153.12,2025-03-18 02:00:30+00:00,0.0,0.0,0.0,0.0
Faltec Europe Ltd,219.0,6.0,153.12,2025-03-18 02:15:30+00:00,0.0,0.0,0.0,0.0
Faltec Europe Ltd,219.0,6.0,153.12,2025-03-18 02:30:30+00:00,0.0,0.0,0.0,0.0
Faltec Europe Ltd,219.0,6.0,153.12,2025-03-18 02:45:30+00:00,0.0,0.0,0.0,0.0
Faltec Europe Ltd,219.0,6.0,153.12,2025-03-18 03:00:30+00:00,0.0,0.0,0.0,0.0
Faltec Europe Ltd,219.0,6.0,153.12,2025-03-18 03:15:30+00:00,0.0,0.0,0.0,0.0
Faltec Europe Ltd,219.0,6.0,153.12,2025-03-18 03:30:30+00:00,0.0,0.0,0.0,0.0
Faltec Europe Ltd,219.0,6.0,153.12,2025-03-18 03:45:30+00:00,0.0,0.0,0.0,0.0
Faltec Europe Ltd,219.0,6.0,153.12,2025-03-18 04:00:30+00:00,0.0,0.0,0.0,0.0
Faltec Europe Ltd,219.0,6.0,153.12,2025-03-18 04:15:30+00:00,0.0,0.0,0.0,0.0
Faltec Europe Ltd,219.0,6.0,153.12,2025-03-18 04:30:30+00:00,0.0,0.0,0.0,0.0
Faltec Europe Ltd,219.0,6.0,153.12,2025-03-18 04:45:30+00:00,0.0,0.0,0.0,0.0
Faltec Europe Ltd,219.0,6.0,153.12,2025-03-18 05:00:30+00:00,0.0,0.0,0.0,0.0
Faltec Europe Ltd,219.0,6.0,153.12,2025-03-18 05:15:30+00:00,0.0,0.0,0.0,0.0
Faltec Europe Ltd,219.0,6.0,153.12,2025-03-18 05:30:30+00:00,0.0,0.0,0.0,0.0
Faltec Europe Ltd,219.0,6.0,153.12,2025-03-18 05:45:30+00:00,0.0,0.0,0.0,0.0
Faltec Europe Ltd,219.0,6.0,153.12,2025-03-18 06:00:30+00:00,0.0,0.0,0.0,0.0
Faltec Europe Ltd,219.0,6.0,153.12,2025-03-18 06:15:30+00:00,0.00125,0.00075,0.00125,0.00125
Faltec Europe Ltd,219.0,6.0,153.12,2025-03-18 06:30:30+00:00,0.00375,0.003,0.0045,0.00625
Faltec Europe Ltd,219.0,6.0,153.12,2025-03-18 06:45:30+00:00,0.009,0.0065,0.01025,0.01375
Faltec Europe Ltd,219.0,6.0,153.12,2025-03-18 07:00:30+00:00,0.01675,0.01225,0.019,0.02225
Faltec Europe Ltd,219.0,6.0,153.12,2025-03-18 07:15:30+00:00,0.025,0.01925,0.02875,0.03075
Faltec Europe Ltd,219.0,6.0,153.12,2025-03-18 07:30:30+00:00,0.034,0.02725,0.03875,0.03975
Faltec Europe Ltd,219.0,6.0,153.12,2025-03-18 07:45:30+00:00,0.04375,0.036,0.0495,0.049
Faltec Europe Ltd,219.0,6.0,153.12,2025-03-18 08:00:30+00:00,0.05375,0.0455,0.0605,0.05825
Faltec Europe Ltd,219.0,6.0,153.12,2025-03-18 08:15:30+00:00,0.06325,0.0555,0.07125,0.067
Faltec Europe Ltd,219.0,6.0,153.12,2025-03-18 08:30:30+00:00,0.073,0.06575,0.08025,0.07575
Faltec Europe Ltd,219.0,6.0,153.12,2025-03-18 08:45:30+00:00,0.08275,0.076,0.08875,0.08425
Faltec Europe Ltd,219.0,6.0,153.12,2025-03-18 09:00:30+00:00,0.0915,0.086,0.097,0.09175
Faltec Europe Ltd,219.0,6.0,153.12,2025-03-18 09:15:30+00:00,0.10025,0.095,0.10525,0.09925
Faltec Europe Ltd,219.0,6.0,153.12,2025-03-18 09:30:30+00:00,0.1085,0.10275,0.11375,0.10625
Faltec Europe Ltd,219.0,6.0,153.12,2025-03-18 09:45:30+00:00,0.116,0.11,0.123,0.1125
Faltec Europe Ltd,219.0,6.0,153.12,2025-03-18 10:00:30+00:00,0.125,0.117,0.13175,0.12
Faltec Europe Ltd,219.0,6.0,153.12,2025-03-18 10:15:30+00:00,0.13225,0.1245,0.14025,0.12575
Faltec Europe Ltd,219.0,6.0,153.12,2025-03-18 10:30:30+00:00,0.14,0.129,0.1495,0.132
Faltec Europe Ltd,219.0,6.0,153.12,2025-03-18 10:45:30+00:00,0.14525,0.1305,0.15825,0.13625
Faltec Europe Ltd,219.0,6.0,153.12,2025-03-18 11:00:30+00:00,0.1475,0.12775,0.16375,0.13725
Faltec Europe Ltd,219.0,6.0,153.12,2025-03-18 11:15:30+00:00,0.14425,0.126,0.16375,0.1335
Faltec Europe Ltd,219.0,6.0,153.12,2025-03-18 11:30:30+00:00,0.14275,0.127,0.16475,0.13125
Faltec Europe Ltd,219.0,6.0,153.12,2025-03-18 11:45:30+00:00,0.15075,0.13125,0.17,0.13775
Faltec Europe Ltd,219.0,6.0,153.12,2025-03-18 12:00:30+00:00,0.15825,0.138,0.17625,0.1435
Faltec Europe Ltd,219.0,6.0,153.12,2025-03-18 12:15:30+00:00,0.16225,0.14525,0.178,0.146
Faltec Europe Ltd,219.0,6.0,153.12,2025-03-18 12:30:30+00:00,0.16425,0.15175,0.1755,0.147
Faltec Europe Ltd,219.0,6.0,153.12,2025-03-18 12:45:30+00:00,0.164,0.15525,0.17225,0.14575
Faltec Europe Ltd,219.0,6.0,153.12,2025-03-18 13:00:30+00:00,0.16275,0.1555,0.16925,0.14375
Faltec Europe Ltd,219.0,6.0,153.12,2025-03-18 13:15:30+00:00,0.16,0.15375,0.16625,0.1405
Faltec Europe Ltd,219.0,6.0,153.12,2025-03-18 13:30:30+00:00,0.157,0.15075,0.16275,0.13675
Faltec Europe Ltd,219.0,6.0,153.12,2025-03-18 13:45:30+00:00,0.153,0.147,0.15875,0.1325
Faltec Europe Ltd,219.0,6.0,153.12,2025-03-18 14:00:30+00:00,0.1485,0.1425,0.154,0.12775
Faltec Europe Ltd,219.0,6.0,153.12,2025-03-18 14:15:30+00:00,0.143,0.13725,0.14825,0.122
Faltec Europe Ltd,219.0,6.0,153.12,2025-03-18 14:30:30+00:00,0.137,0.13125,0.142,0.116
Faltec Europe Ltd,219.0,6.0,153.12,2025-03-18 14:45:30+00:00,0.13,0.1245,0.135,0.10925
Faltec Europe Ltd,219.0,6.0,153.12,2025-03-18 15:00:30+00:00,0.12225,0.11625,0.128,0.10175
Faltec Europe Ltd,219.0,6.0,153.12,2025-03-18 15:15:30+00:00,0.11375,0.10675,0.12075,0.09375
Faltec Europe Ltd,219.0,6.0,153.12,2025-03-18 15:30:30+00:00,0.10475,0.09625,0.11325,0.0855
Faltec Europe Ltd,219.0,6.0,153.12,2025-03-18 15:45:30+00:00,0.09525,0.0855,0.105,0.07675
Faltec Europe Ltd,219.0,6.0,153.12,2025-03-18 16:00:30+00:00,0.08525,0.0745,0.09475,0.06775
Faltec Europe Ltd,219.0,6.0,153.12,2025-03-18 16:15:30+00:00,0.07475,0.0635,0.0835,0.0585
Faltec Europe Ltd,219.0,6.0,153.12,2025-03-18 16:30:30+00:00,0.06425,0.053,0.072,0.04925
Faltec Europe Ltd,219.0,6.0,153.12,2025-03-18 16:45:30+00:00,0.05375,0.04275,0.06025,0.04025
Faltec Europe Ltd,219.0,6.0,153.12,2025-03-18 17:00:30+00:00,0.0425,0.0325,0.048,0.031
Faltec Europe Ltd,219.0,6.0,153.12,2025-03-18 17:15:30+00:00,0.03125,0.023,0.03575,0.022
Faltec Europe Ltd,219.0,6.0,153.12,2025-03-18 17:30:30+00:00,0.0205,0.0145,0.02375,0.0135
Faltec Europe Ltd,219.0,6.0,153.12,2025-03-18 17:45:30+00:00,0.0075,0.00625,0.009,0.006
Faltec Europe Ltd,219.0,6.0,153.12,2025-03-18 18:00:30+00:00,0.0025,0.00175,0.00275,0.0025
Faltec Europe Ltd,219.0,6.0,153.12,2025-03-18 18:15:30+00:00,0.0,0.0,0.0,0.0
Faltec Europe Ltd,219.0,6.0,153.12,2025-03-18 18:30:30+00:00,0.0,0.0,0.0,0.0
Faltec Europe Ltd,219.0,6.0,153.12,2025-03-18 18:45:30+00:00,0.0,0.0,0.0,0.0
Faltec Europe Ltd,219.0,6.0,153.12,2025-03-18 19:00:30+00:00,0.0,0.0,0.0,0.0
Faltec Europe Ltd,219.0,6.0,153.12,2025-03-18 19:15:30+00:00,0.0,0.0,0.0,0.0
Faltec Europe Ltd,219.0,6.0,153.12,2025-03-18 19:30:30+00:00,0.0,0.0,0.0,0.0
Faltec Europe Ltd,219.0,6.0,153.12,2025-03-18 19:45:30+00:00,0.0,0.0,0.0,0.0
Faltec Europe Ltd,219.0,6.0,153.12,2025-03-18 20:00:30+00:00,0.0,0.0,0.0,0.0
Faltec Europe Ltd,219.0,6.0,153.12,2025-03-18 20:15:30+00:00,0.0,0.0,0.0,0.0
Faltec Europe Ltd,219.0,6.0,153.12,2025-03-18 20:30:30+00:00,0.0,0.0,0.0,0.0
Faltec Europe Ltd,219.0,6.0,153.12,2025-03-18 20:45:30+00:00,0.0,0.0,0.0,0.0
Faltec Europe Ltd,219.0,6.0,153.12,2025-03-18 21:00:30+00:00,0.0,0.0,0.0,0.0
Faltec Europe Ltd,219.0,6.0,153.12,2025-03-18 21:15:30+00:00,0.0,0.0,0.0,0.0
Faltec Europe Ltd,219.0,6.0,153.12,2025-03-18 21:30:30+00:00,0.0,0.0,0.0,0.0
Faltec Europe Ltd,219.0,6.0,153.12,2025-03-18 21:45:30+00:00,0.0,0.0,0.0,0.0
Faltec Europe Ltd,219.0,6.0,153.12,2025-03-18 22:00:30+00:00,0.0,0.0,0.0,0.0
Faltec Europe Ltd,219.0,6.0,153.12,2025-03-18 22:15:30+00:00,0.0,0.0,0.0,0.0
Faltec Europe Ltd,219.0,6.0,153.12,2025-03-18 22:30:30+00:00,0.0,0.0,0.0,0.0
Faltec Europe Ltd,219.0,6.0,153.12,2025-03-18 22:45:30+00:00,0.0,0.0,0.0,0.0
Faltec Europe Ltd,219.0,6.0,153.12,2025-03-18 23:00:30+00:00,0.0,0.0,0.0,0.0
Faltec Europe Ltd,219.0,6.0,153.12,2025-03-18 23:15:30+00:00,0.0,0.0,0.0,0.0
Faltec Europe Ltd,219.0,6.0,153.12,2025-03-18 23:30:30+00:00,0.0,0.0,0.0,0.0
Faltec Europe Ltd,219.0,6.0,153.12,2025-03-18 23:45:30+00:00,0.0,0.0,0.0,0.0
Faltec Europe Ltd,219.0,6.0,153.12,2025-03-19 00:00:30+00:00,0.0,0.0,0.0,0.0
Faltec Europe Ltd,219.0,6.0,153.12,2025-03-19 00:15:30+00:00,0.0,0.0,0.0,0.0
Faltec Europe Ltd,219.0,6.0,153.12,2025-03-19 00:30:30+00:00,0.0,0.0,0.0,0.0
Faltec Europe Ltd,219.0,6.0,153.12,2025-03-19 00:45:30+00:00,0.0,0.0,0.0,0.0
Faltec Europe Ltd,219.0,6.0,153.12,2025-03-19 01:00:30+00:00,0.0,0.0,0.0,0.0
Faltec Europe Ltd,219.0,6.0,153.12,2025-03-19 01:15:30+00:00,0.0,0.0,0.0,0.0
Faltec Europe Ltd,219.0,6.0,153.12,2025-03-19 01:30:30+00:00,0.0,0.0,0.0,0.0
Faltec Europe Ltd,219.0,6.0,153.12,2025-03-19 01:45:30+00:00,0.0,0.0,0.0,0.0
Faltec Europe Ltd,219.0,6.0,153.12,2025-03-19 02:00:30+00:00,0.0,0.0,0.0,0.0
Faltec Europe Ltd,219.0,6.0,153.12,2025-03-19 02:15:30+00:00,0.0,0.0,0.0,0.0
Faltec Europe Ltd,219.0,6.0,153.12,2025-03-19 02:30:30+00:00,0.0,0.0,0.0,0.0
Faltec Europe Ltd,219.0,6.0,153.12,2025-03-19 02:45:30+00:00,0.0,0.0,0.0,0.0
Faltec Europe Ltd,219.0,6.0,153.12,2025-03-19 03:00:30+00:00,0.0,0.0,0.0,0.0
Faltec Europe Ltd,219.0,6.0,153.12,2025-03-19 03:15:30+00:00,0.0,0.0,0.0,0.0
Faltec Europe Ltd,219.0,6.0,153.12,2025-03-19 03:30:30+00:00,0.0,0.0,0.0,0.0
Faltec Europe Ltd,219.0,6.0,153.12,2025-03-19 03:45:30+00:00,0.0,0.0,0.0,0.0
Faltec Europe Ltd,219.0,6.0,153.12,2025-03-19 04:00:30+00:00,0.0,0.0,0.0,0.0
Faltec Europe Ltd,219.0,6.0,153.12,2025-03-19 04:15:30+00:00,0.0,0.0,0.0,0.0
Faltec Europe Ltd,219.0,6.0,153.12,2025-03-19 04:30:30+00:00,0.0,0.0,0.0,0.0
Faltec Europe Ltd,219.0,6.0,153.12,2025-03-19 04:45:30+00:00,0.0,0.0,0.0,0.0
Faltec Europe Ltd,219.0,6.0,153.12,2025-03-19 05:00:30+00:00,0.0,0.0,0.0,0.0
Faltec Europe Ltd,219.0,6.0,153.12,2025-03-19 05:15:30+00:00,0.0,0.0,0.0,0.0
Faltec Europe Ltd,219.0,6.0,153.12,2025-03-19 05:30:30+00:00,0.0,0.0,0.0,0.0
Faltec Europe Ltd,219.0,6.0,153.12,2025-03-19 05:45:30+00:00,0.0,0.0,0.0,0.0
Faltec Europe Ltd,219.0,6.0,153.12,2025-03-19 06:00:30+00:00,0.0,0.0,0.0,0.0
Faltec Europe Ltd,219.0,6.0,153.12,2025-03-19 06:15:30+00:00,0.002,0.00175,0.00225,0.002
Faltec Europe Ltd,219.0,6.0,153.12,2025-03-19 06:30:30+00:00,0.00425,0.00325,0.00525,0.00675
Faltec Europe Ltd,219.0,6.0,153.12,2025-03-19 06:45:30+00:00,0.01,0.007,0.01175,0.014
Faltec Europe Ltd,219.0,6.0,153.12,2025-03-19 07:00:30+00:00,0.01725,0.01275,0.02025,0.022
Faltec Europe Ltd,219.0,6.0,153.12,2025-03-19 07:15:30+00:00,0.02575,0.01975,0.02975,0.03075
Faltec Europe Ltd,219.0,6.0,153.12,2025-03-19 07:30:30+00:00,0.03475,0.0275,0.0395,0.03975
Faltec Europe Ltd,219.0,6.0,153.12,2025-03-19 07:45:30+00:00,0.044,0.03625,0.05,0.04875
Faltec Europe Ltd,219.0,6.0,153.12,2025-03-19 08:00:30+00:00,0.05375,0.04575,0.0605,0.058
Faltec Europe Ltd,219.0,6.0,153.12,2025-03-19 08:15:30+00:00,0.0635,0.05525,0.07125,0.06675
Faltec Europe Ltd,219.0,6.0,153.12,2025-03-19 08:30:30+00:00,0.07275,0.06425,0.08,0.07525
Faltec Europe Ltd,219.0,6.0,153.12,2025-03-19 08:45:30+00:00,0.08,0.0735,0.0895,0.0815
Faltec Europe Ltd,219.0,6.0,153.12,2025-03-19 09:00:30+00:00,0.0915,0.08275,0.0995,0.09175
Faltec Europe Ltd,219.0,6.0,153.12,2025-03-19 09:15:30+00:00,0.1015,0.08925,0.10925,0.1005
Faltec Europe Ltd,219.0,6.0,153.12,2025-03-19 09:30:30+00:00,0.1045,0.094,0.11775,0.1025
Faltec Europe Ltd,219.0,6.0,153.12,2025-03-19 09:45:30+00:00,0.11175,0.0965,0.12375,0.10875
Faltec Europe Ltd,219.0,6.0,153.12,2025-03-19 10:00:30+00:00,0.11425,0.10325,0.1315,0.11025
Faltec Europe Ltd,219.0,6.0,153.12,2025-03-19 10:15:30+00:00,0.12575,0.10475,0.13625,0.1205
Faltec Europe Ltd,219.0,6.0,153.12,2025-03-19 10:30:30+00:00,0.121,0.1075,0.14375,0.11525
Faltec Europe Ltd,219.0,6.0,153.12,2025-03-19 10:45:30+00:00,0.1305,0.11125,0.15325,0.1235
Faltec Europe Ltd,219.0,6.0,153.12,2025-03-19 11:00:30+00:00,0.146,0.12175,0.164,0.1365
Faltec Europe Ltd,219.0,6.0,153.12,2025-03-19 11:15:30+00:00,0.152,0.1345,0.16875,0.14075
Faltec Europe Ltd,219.0,6.0,153.12,2025-03-19 11:30:30+00:00,0.15675,0.144,0.16875,0.14425
Faltec Europe Ltd,219.0,6.0,153.12,2025-03-19 11:45:30+00:00,0.16,0.15025,0.16725,0.146
Faltec Europe Ltd,219.0,6.0,153.12,2025-03-19 12:00:30+00:00,0.15925,0.15175,0.168,0.14475
Faltec Europe Ltd,219.0,6.0,153.12,2025-03-19 12:15:30+00:00,0.16025,0.152,0.16825,0.1445
Faltec Europe Ltd,219.0,6.0,153.12,2025-03-19 12:30:30+00:00,0.16075,0.15275,0.1685,0.144
Faltec Europe Ltd,219.0,6.0,153.12,2025-03-19 12:45:30+00:00,0.161,0.153,0.16825,0.1435
Faltec Europe Ltd,219.0,6.0,153.12,2025-03-19 13:00:30+00:00,0.16,0.1525,0.1665,0.14175
Faltec Europe Ltd,219.0,6.0,153.12,2025-03-19 13:15:30+00:00,0.1575,0.1505,0.16375,0.13875
Faltec Europe Ltd,219.0,6.0,153.12,2025-03-19 13:30:30+00:00,0.154,0.14775,0.16,0.13475
Faltec Europe Ltd,219.0,6.0,153.12,2025-03-19 13:45:30+00:00,0.15,0.14375,0.15575,0.1305
Faltec Europe Ltd,219.0,6.0,153.12,2025-03-19 14:00:30+00:00,0.145,0.13925,0.1505,0.1255
Faltec Europe Ltd,219.0,6.0,153.12,2025-03-19 14:15:30+00:00,0.13975,0.134,0.14475,0.12
Faltec Europe Ltd,219.0,6.0,153.12,2025-03-19 14:30:30+00:00,0.1335,0.128,0.1385,0.11375
Faltec Europe Ltd,219.0,6.0,153.12,2025-03-19 14:45:30+00:00,0.1265,0.12125,0.1315,0.107
Faltec Europe Ltd,219.0,6.0,153.12,2025-03-19 15:00:30+00:00,0.11875,0.113,0.1245,0.09975
Faltec Europe Ltd,219.0,6.0,153.12,2025-03-19 15:15:30+00:00,0.11075,0.104,0.117,0.092
Faltec Europe Ltd,219.0,6.0,153.12,2025-03-19 15:30:30+00:00,0.10175,0.09375,0.10975,0.084
Faltec Europe Ltd,219.0,6.0,153.12,2025-03-19 15:45:30+00:00,0.09225,0.083,0.10175,0.07525
Faltec Europe Ltd,219.0,6.0,153.12,2025-03-19 16:00:30+00:00,0.0825,0.072,0.0925,0.0665
Faltec Europe Ltd,219.0,6.0,153.12,2025-03-19 16:15:30+00:00,0.07225,0.061,0.0815,0.05725
Faltec Europe Ltd,219.0,6.0,153.12,2025-03-19 16:30:30+00:00,0.06125,0.05,0.0695,0.04825
Faltec Europe Ltd,219.0,6.0,153.12,2025-03-19 16:45:30+00:00,0.05025,0.0395,0.05775,0.039
Faltec Europe Ltd,219.0,6.0,153.12,2025-03-19 17:00:30+00:00,0.03925,0.02975,0.04575,0.02975
Faltec Europe Ltd,219.0,6.0,153.12,2025-03-19 17:15:30+00:00,0.029,0.02075,0.03425,0.02125
Faltec Europe Ltd,219.0,6.0,153.12,2025-03-19 17:30:30+00:00,0.0185,0.013,0.0225,0.01325
Faltec Europe Ltd,219.0,6.0,153.12,2025-03-19 17:45:30+00:00,0.00725,0.00525,0.009,0.006
Faltec Europe Ltd,219.0,6.0,153.12,2025-03-19 18:00:30+00:00,0.00125,0.00075,0.0015,0.00125
Faltec Europe Ltd,219.0,6.0,153.12,2025-03-19 18:15:30+00:00,0.0,0.0,0.0,0.0
Faltec Europe Ltd,219.0,6.0,153.12,2025-03-19 18:30:30+00:00,0.0,0.0,0.0,0.0
Faltec Europe Ltd,219.0,6.0,153.12,2025-03-19 18:45:30+00:00,0.0,0.0,0.0,0.0
Faltec Europe Ltd,219.0,6.0,153.12,2025-03-19 19:00:30+00:00,0.0,0.0,0.0,0.0
Faltec Europe Ltd,219.0,6.0,153.12,2025-03-19 19:15:30+00:00,0.0,0.0,0.0,0.0
Faltec Europe Ltd,219.0,6.0,153.12,2025-03-19 19:30:30+00:00,0.0,0.0,0.0,0.0
Faltec Europe Ltd,219.0,6.0,153.12,2025-03-19 19:45:30+00:00,0.0,0.0,0.0,0.0
Faltec Europe Ltd,219.0,6.0,153.12,2025-03-19 20:00:30+00:00,0.0,0.0,0.0,0.0
Faltec Europe Ltd,219.0,6.0,153.12,2025-03-19 20:15:30+00:00,0.0,0.0,0.0,0.0
Faltec Europe Ltd,219.0,6.0,153.12,2025-03-19 20:30:30+00:00,0.0,0.0,0.0,0.0
Faltec Europe Ltd,219.0,6.0,153.12,2025-03-19 20:45:30+00:00,0.0,0.0,0.0,0.0
Faltec Europe Ltd,219.0,6.0,153.12,2025-03-19 21:00:30+00:00,0.0,0.0,0.0,0.0
Faltec Europe Ltd,219.0,6.0,153.12,2025-03-19 21:15:30+00:00,0.0,0.0,0.0,0.0
Faltec Europe Ltd,219.0,6.0,153.12,2025-03-19 21:30:30+00:00,0.0,0.0,0.0,0.0
Faltec Europe Ltd,219.0,6.0,153.12,2025-03-19 21:45:30+00:00,0.0,0.0,0.0,0.0
Faltec Europe Ltd,219.0,6.0,153.12,2025-03-19 22:00:30+00:00,0.0,0.0,0.0,0.0
Faltec Europe Ltd,219.0,6.0,153.12,2025-03-19 22:15:30+00:00,0.0,0.0,0.0,0.0
Faltec Europe Ltd,219.0,6.0,153.12,2025-03-19 22:30:30+00:00,0.0,0.0,0.0,0.0
Faltec Europe Ltd,219.0,6.0,153.12,2025-03-19 22:45:30+00:00,0.0,0.0,0.0,0.0
Faltec Europe Ltd,219.0,6.0,153.12,2025-03-19 23:00:30+00:00,0.0,0.0,0.0,0.0
Faltec Europe Ltd,219.0,6.0,153.12,2025-03-19 23:15:30+00:00,0.0,0.0,0.0,0.0
Faltec Europe Ltd,219.0,6.0,153.12,2025-03-19 23:30:30+00:00,0.0,0.0,0.0,0.0
Faltec Europe Ltd,219.0,6.0,153.12,2025-03-19 23:45:30+00:00,0.0,0.0,0.0,0.0
Faltec Europe Ltd,219.0,6.0,153.12,2025-03-20 00:00:30+00:00,0.0,0.0,0.0,0.0
Faltec Europe Ltd,219.0,6.0,153.12,2025-03-20 00:15:30+00:00,0.0,0.0,0.0,0.0
Faltec Europe Ltd,219.0,6.0,153.12,2025-03-20 00:30:30+00:00,0.0,0.0,0.0,0.0
Faltec Europe Ltd,219.0,6.0,153.12,2025-03-20 00:45:30+00:00,0.0,0.0,0.0,0.0
Faltec Europe Ltd,219.0,6.0,153.12,2025-03-20 01:00:30+00:00,0.0,0.0,0.0,0.0
Faltec Europe Ltd,219.0,6.0,153.12,2025-03-20 01:15:30+00:00,0.0,0.0,0.0,0.0
Faltec Europe Ltd,219.0,6.0,153.12,2025-03-20 01:30:30+00:00,0.0,0.0,0.0,0.0
Faltec Europe Ltd,219.0,6.0,153.12,2025-03-20 01:45:30+00:00,0.0,0.0,0.0,0.0
Faltec Europe Ltd,219.0,6.0,153.12,2025-03-20 02:00:30+00:00,0.0,0.0,0.0,0.0
Faltec Europe Ltd,219.0,6.0,153.12,2025-03-20 02:15:30+00:00,0.0,0.0,0.0,0.0
Faltec Europe Ltd,219.0,6.0,153.12,2025-03-20 02:30:30+00:00,0.0,0.0,0.0,0.0
Faltec Europe Ltd,219.0,6.0,153.12,2025-03-20 02:45:30+00:00,0.0,0.0,0.0,0.0
Faltec Europe Ltd,219.0,6.0,153.12,2025-03-20 03:00:30+00:00,0.0,0.0,0.0,0.0
Faltec Europe Ltd,219.0,6.0,153.12,2025-03-20 03:15:30+00:00,0.0,0.0,0.0,0.0
Faltec Europe Ltd,219.0,6.0,153.12,2025-03-20 03:30:30+00:00,0.0,0.0,0.0,0.0
Faltec Europe Ltd,219.0,6.0,153.12,2025-03-20 03:45:30+00:00,0.0,0.0,0.0,0.0
Faltec Europe Ltd,219.0,6.0,153.12,2025-03-20 04:00:30+00:00,0.0,0.0,0.0,0.0
Faltec Europe Ltd,219.0,6.0,153.12,2025-03-20 04:15:30+00:00,0.0,0.0,0.0,0.0
Faltec Europe Ltd,219.0,6.0,153.12,2025-03-20 04:30:30+00:00,0.0,0.0,0.0,0.0
Faltec Europe Ltd,219.0,6.0,153.12,2025-03-20 04:45:30+00:00,0.0,0.0,0.0,0.0
Faltec Europe Ltd,219.0,6.0,153.12,2025-03-20 05:00:30+00:00,0.0,0.0,0.0,0.0
Faltec Europe Ltd,219.0,6.0,153.12,2025-03-20 05:15:30+00:00,0.0,0.0,0.0,0.0
Faltec Europe Ltd,219.0,6.0,153.12,2025-03-20 05:30:30+00:00,0.0,0.0,0.0,0.0
Faltec Europe Ltd,219.0,6.0,153.12,2025-03-20 05:45:30+00:00,0.0,0.0,0.0,0.0
Faltec Europe Ltd,219.0,6.0,153.12,2025-03-20 06:00:30+00:00,0.0,0.0,0.0,0.0
Faltec Europe Ltd,219.0,6.0,153.12,2025-03-20 06:15:30+00:00,0.0025,0.002,0.00275,0.0025
Faltec Europe Ltd,219.0,6.0,153.12,2025-03-20 06:30:30+00:00,0.0055,0.004,0.0065,0.00725
Faltec Europe Ltd,219.0,6.0,153.12,2025-03-20 06:45:30+00:00,0.01075,0.00775,0.01275,0.01425
Faltec Europe Ltd,219.0,6.0,153.12,2025-03-20 07:00:30+00:00,0.018,0.01325,0.02075,0.022
Faltec Europe Ltd,219.0,6.0,153.12,2025-03-20 07:15:30+00:00,0.026,0.02025,0.02975,0.0305
Faltec Europe Ltd,219.0,6.0,153.12,2025-03-20 07:30:30+00:00,0.035,0.028,0.03925,0.03925
Faltec Europe Ltd,219.0,6.0,153.12,2025-03-20 07:45:30+00:00,0.04425,0.03675,0.04925,0.04825
Faltec Europe Ltd,219.0,6.0,153.12,2025-03-20 08:00:30+00:00,0.05325,0.04575,0.0595,0.057
Faltec Europe Ltd,219.0,6.0,153.12,2025-03-20 08:15:30+00:00,0.0625,0.05525,0.0695,0.0655
Faltec Europe Ltd,219.0,6.0,153.12,2025-03-20 08:30:30+00:00,0.07175,0.06525,0.07825,0.074
Faltec Europe Ltd,219.0,6.0,153.12,2025-03-20 08:45:30+00:00,0.081,0.075,0.0865,0.08225
Faltec Europe Ltd,219.0,6.0,153.12,2025-03-20 09:00:30+00:00,0.09,0.08475,0.09475,0.09025
Faltec Europe Ltd,219.0,6.0,153.12,2025-03-20 09:15:30+00:00,0.0985,0.09375,0.103,0.09775
Faltec Europe Ltd,219.0,6.0,153.12,2025-03-20 09:30:30+00:00,0.107,0.102,0.1115,0.105
Faltec Europe Ltd,219.0,6.0,153.12,2025-03-20 09:45:30+00:00,0.11475,0.1095,0.11975,0.11175
Faltec Europe Ltd,219.0,6.0,153.12,2025-03-20 10:00:30+00:00,0.122,0.1165,0.1275,0.11775
Faltec Europe Ltd,219.0,6.0,153.12,2025-03-20 10:15:30+00:00,0.12925,0.1235,0.135,0.1235
Faltec Europe Ltd,219.0,6.0,153.12,2025-03-20 10:30:30+00:00,0.136,0.12975,0.14175,0.12875
Faltec Europe Ltd,219.0,6.0,153.12,2025-03-20 10:45:30+00:00,0.14175,0.1355,0.1475,0.1335
Faltec Europe Ltd,219.0,6.0,153.12,2025-03-20 11:00:30+00:00,0.1465,0.14025,0.15225,0.137
Faltec Europe Ltd,219.0,6.0,153.12,2025-03-20 11:15:30+00:00,0.1505,0.144,0.15625,0.13975
Faltec Europe Ltd,219.0,6.0,153.12,2025-03-20 11:30:30+00:00,0.1535,0.1465,0.15975,0.1415
Faltec Europe Ltd,219.0,6.0,153.12,2025-03-20 11:45:30+00:00,0.1555,0.1485,0.1625,0.14275
Faltec Europe Ltd,219.0,6.0,153.12,2025-03-20 12:00:30+00:00,0.157,0.1495,0.16375,0.14325
Faltec Europe Ltd,219.0,6.0,153.12,2025-03-20 12:15:30+00:00,0.157,0.15025,0.164,0.1425
Faltec Europe Ltd,219.0,6.0,153.12,2025-03-20 12:30:30+00:00,0.15725,0.15025,0.1635,0.14175
Faltec Europe Ltd,219.0,6.0,153.12,2025-03-20 12:45:30+00:00,0.15625,0.14975,0.16225,0.14
Faltec Europe Ltd,219.0,6.0,153.12,2025-03-20 13:00:30+00:00,0.1545,0.14825,0.16025,0.13775
Faltec Europe Ltd,219.0,6.0,153.12,2025-03-20 13:15:30+00:00,0.15225,0.146,0.158,0.13475
Faltec Europe Ltd,219.0,6.0,153.12,2025-03-20 13:30:30+00:00,0.14925,0.1425,0.15525,0.1315
Faltec Europe Ltd,219.0,6.0,153.12,2025-03-20 13:45:30+00:00,0.14425,0.1375,0.1505,0.12675
Faltec Europe Ltd,219.0,6.0,153.12,2025-03-20 14:00:30+00:00,0.13925,0.13175,0.14575,0.12175
Faltec Europe Ltd,219.0,6.0,153.12,2025-03-20 14:15:30+00:00,0.13275,0.126,0.13975,0.1155
Faltec Europe Ltd,219.0,6.0,153.12,2025-03-20 14:30:30+00:00,0.1265,0.1195,0.13275,0.1095
Faltec Europe Ltd,219.0,6.0,153.12,2025-03-20 14:45:30+00:00,0.11875,0.1115,0.1275,0.10225
Faltec Europe Ltd,219.0,6.0,153.12,2025-03-20 15:00:30+00:00,0.113,0.102,0.12225,0.0965
Faltec Europe Ltd,219.0,6.0,153.12,2025-03-20 15:15:30+00:00,0.10425,0.09,0.11475,0.08875
Faltec Europe Ltd,219.0,6.0,153.12,2025-03-20 15:30:30+00:00,0.089,0.078,0.10325,0.07575
Faltec Europe Ltd,219.0,6.0,153.12,2025-03-20 15:45:30+00:00,0.07925,0.06875,0.09325,0.067
Faltec Europe Ltd,219.0,6.0,153.12,2025-03-20 16:00:30+00:00,0.075,0.062,0.08625,0.06225
Faltec Europe Ltd,219.0,6.0,153.12,2025-03-20 16:15:30+00:00,0.0675,0.055,0.0765,0.05525
Faltec Europe Ltd,219.0,6.0,153.12,2025-03-20 16:30:30+00:00,0.05825,0.045,0.06575,0.047
Faltec Europe Ltd,219.0,6.0,153.12,2025-03-20 16:45:30+00:00,0.04625,0.03375,0.054,0.037
Faltec Europe Ltd,219.0,6.0,153.12,2025-03-20 17:00:30+00:00,0.03325,0.02275,0.04175,0.027
Faltec Europe Ltd,219.0,6.0,153.12,2025-03-20 17:15:30+00:00,0.02275,0.01475,0.0305,0.01825
Faltec Europe Ltd,219.0,6.0,153.12,2025-03-20 17:30:30+00:00,0.014,0.00875,0.01925,0.01125
Faltec Europe Ltd,219.0,6.0,153.12,2025-03-20 17:45:30+00:00,0.006,0.00375,0.00825,0.0055
Faltec Europe Ltd,219.0,6.0,153.12,2025-03-20 18:00:30+00:00,0.00125,0.00075,0.00175,0.00125
Faltec Europe Ltd,219.0,6.0,153.12,2025-03-20 18:15:30+00:00,0.0,0.0,0.0,0.0
Faltec Europe Ltd,219.0,6.0,153.12,2025-03-20 18:30:30+00:00,0.0,0.0,0.0,0.0
Faltec Europe Ltd,219.0,6.0,153.12,2025-03-20 18:45:30+00:00,0.0,0.0,0.0,0.0
Faltec Europe Ltd,219.0,6.0,153.12,2025-03-20 19:00:30+00:00,0.0,0.0,0.0,0.0
Faltec Europe Ltd,219.0,6.0,153.12,2025-03-20 19:15:30+00:00,0.0,0.0,0.0,0.0
Faltec Europe Ltd,219.0,6.0,153.12,2025-03-20 19:30:30+00:00,0.0,0.0,0.0,0.0
Faltec Europe Ltd,219.0,6.0,153.12,2025-03-20 19:45:30+00:00,0.0,0.0,0.0,0.0
Faltec Europe Ltd,219.0,6.0,153.12,2025-03-20 20:00:30+00:00,0.0,0.0,0.0,0.0
Faltec Europe Ltd,219.0,6.0,153.12,2025-03-20 20:15:30+00:00,0.0,0.0,0.0,0.0
Faltec Europe Ltd,219.0,6.0,153.12,2025-03-20 20:30:30+00:00,0.0,0.0,0.0,0.0
Faltec Europe Ltd,219.0,6.0,153.12,2025-03-20 20:45:30+00:00,0.0,0.0,0.0,0.0
Faltec Europe Ltd,219.0,6.0,153.12,2025-03-20 21:00:30+00:00,0.0,0.0,0.0,0.0
Faltec Europe Ltd,219.0,6.0,153.12,2025-03-20 21:15:30+00:00,0.0,0.0,0.0,0.0
Faltec Europe Ltd,219.0,6.0,153.12,2025-03-20 21:30:30+00:00,0.0,0.0,0.0,0.0
Faltec Europe Ltd,219.0,6.0,153.12,2025-03-20 21:45:30+00:00,0.0,0.0,0.0,0.0
Faltec Europe Ltd,219.0,6.0,153.12,2025-03-20 22:00:30+00:00,0.0,0.0,0.0,0.0
Faltec Europe Ltd,219.0,6.0,153.12,2025-03-20 22:15:30+00:00,0.0,0.0,0.0,0.0
Faltec Europe Ltd,219.0,6.0,153.12,2025-03-20 22:30:30+00:00,0.0,0.0,0.0,0.0
Faltec Europe Ltd,219.0,6.0,153.12,2025-03-20 22:45:30+00:00,0.0,0.0,0.0,0.0
Faltec Europe Ltd,219.0,6.0,153.12,2025-03-20 23:00:30+00:00,0.0,0.0,0.0,0.0
Faltec Europe Ltd,219.0,6.0,153.12,2025-03-20 23:15:30+00:00,0.0,0.0,0.0,0.0
Faltec Europe Ltd,219.0,6.0,153.12,2025-03-20 23:30:30+00:00,0.0,0.0,0.0,0.0
Faltec Europe Ltd,219.0,6.0,153.12,2025-03-20 23:45:30+00:00,0.0,0.0,0.0,0.0
Faltec Europe Ltd,219.0,6.0,153.12,2025-03-21 00:00:30+00:00,0.0,0.0,0.0,0.0
Faltec Europe Ltd,219.0,6.0,153.12,2025-03-21 00:15:30+00:00,0.0,0.0,0.0,0.0
Faltec Europe Ltd,219.0,6.0,153.12,2025-03-21 00:30:30+00:00,0.0,0.0,0.0,0.0
Faltec Europe Ltd,219.0,6.0,153.12,2025-03-21 00:45:30+00:00,0.0,0.0,0.0,0.0
Faltec Europe Ltd,219.0,6.0,153.12,2025-03-21 01:00:30+00:00,0.0,0.0,0.0,0.0
Faltec Europe Ltd,219.0,6.0,153.12,2025-03-21 01:15:30+00:00,0.0,0.0,0.0,0.0
Faltec Europe Ltd,219.0,6.0,153.12,2025-03-21 01:30:30+00:00,0.0,0.0,0.0,0.0
Faltec Europe Ltd,219.0,6.0,153.12,2025-03-21 01:45:30+00:00,0.0,0.0,0.0,0.0
Faltec Europe Ltd,219.0,6.0,153.12,2025-03-21 02:00:30+00:00,0.0,0.0,0.0,0.0
Faltec Europe Ltd,219.0,6.0,153.12,2025-03-21 02:15:30+00:00,0.0,0.0,0.0,0.0
Faltec Europe Ltd,219.0,6.0,153.12,2025-03-21 02:30:30+00:00,0.0,0.0,0.0,0.0
Faltec Europe Ltd,219.0,6.0,153.12,2025-03-21 02:45:30+00:00,0.0,0.0,0.0,0.0
Faltec Europe Ltd,219.0,6.0,153.12,2025-03-21 03:00:30+00:00,0.0,0.0,0.0,0.0
Faltec Europe Ltd,219.0,6.0,153.12,2025-03-21 03:15:30+00:00,0.0,0.0,0.0,0.0
Faltec Europe Ltd,219.0,6.0,153.12,2025-03-21 03:30:30+00:00,0.0,0.0,0.0,0.0
Faltec Europe Ltd,219.0,6.0,153.12,2025-03-21 03:45:30+00:00,0.0,0.0,0.0,0.0
Faltec Europe Ltd,219.0,6.0,153.12,2025-03-21 04:00:30+00:00,0.0,0.0,0.0,0.0
Faltec Europe Ltd,219.0,6.0,153.12,2025-03-21 04:15:30+00:00,0.0,0.0,0.0,0.0
Faltec Europe Ltd,219.0,6.0,153.12,2025-03-21 04:30:30+00:00,0.0,0.0,0.0,0.0
Faltec Europe Ltd,219.0,6.0,153.12,2025-03-21 04:45:30+00:00,0.0,0.0,0.0,0.0
Faltec Europe Ltd,219.0,6.0,153.12,2025-03-21 05:00:30+00:00,0.0,0.0,0.0,0.0
Faltec Europe Ltd,219.0,6.0,153.12,2025-03-21 05:15:30+00:00,0.0,0.0,0.0,0.0
Faltec Europe Ltd,219.0,6.0,153.12,2025-03-21 05:30:30+00:00,0.0,0.0,0.0,0.0
Faltec Europe Ltd,219.0,6.0,153.12,2025-03-21 05:45:30+00:00,0.0,0.0,0.0,0.0
Faltec Europe Ltd,219.0,6.0,153.12,2025-03-21 06:00:30+00:00,0.0,0.0,0.0,0.0
Faltec Europe Ltd,219.0,6.0,153.12,2025-03-21 06:15:30+00:00,0.0015,0.001,0.00275,0.0015
Faltec Europe Ltd,219.0,6.0,153.12,2025-03-21 06:30:30+00:00,0.0045,0.00225,0.0075,0.00475
Faltec Europe Ltd,219.0,6.0,153.12,2025-03-21 06:45:30+00:00,0.0085,0.00325,0.0145,0.0085
Faltec Europe Ltd,219.0,6.0,153.12,2025-03-21 07:00:30+00:00,0.01325,0.005,0.023,0.014
Faltec Europe Ltd,219.0,6.0,153.12,2025-03-21 07:15:30+00:00,0.02,0.01025,0.0315,0.0215
Faltec Europe Ltd,219.0,6.0,153.12,2025-03-21 07:30:30+00:00,0.03325,0.018,0.03925,0.03625
Faltec Europe Ltd,219.0,6.0,153.12,2025-03-21 07:45:30+00:00,0.04175,0.02625,0.0485,0.04475
Faltec Europe Ltd,219.0,6.0,153.12,2025-03-21 08:00:30+00:00,0.043,0.033,0.0585,0.045
Faltec Europe Ltd,219.0,6.0,153.12,2025-03-21 08:15:30+00:00,0.0515,0.04125,0.06625,0.05325
Faltec Europe Ltd,219.0,6.0,153.12,2025-03-21 08:30:30+00:00,0.06675,0.05125,0.0775,0.0685
Faltec Europe Ltd,219.0,6.0,153.12,2025-03-21 08:45:30+00:00,0.0755,0.06125,0.08525,0.07675
Faltec Europe Ltd,219.0,6.0,153.12,2025-03-21 09:00:30+00:00,0.07775,0.0705,0.09225,0.078
Faltec Europe Ltd,219.0,6.0,153.12,2025-03-21 09:15:30+00:00,0.09075,0.07675,0.0965,0.0905
Faltec Europe Ltd,219.0,6.0,153.12,2025-03-21 09:30:30+00:00,0.09125,0.0805,0.1065,0.09025
Faltec Europe Ltd,219.0,6.0,153.12,2025-03-21 09:45:30+00:00,0.0985,0.084,0.1125,0.09675
Faltec Europe Ltd,219.0,6.0,153.12,2025-03-21 10:00:30+00:00,0.1045,0.08575,0.117,0.10175
Faltec Europe Ltd,219.0,6.0,153.12,2025-03-21 10:15:30+00:00,0.1,0.08825,0.117,0.0975
Faltec Europe Ltd,219.0,6.0,153.12,2025-03-21 10:30:30+00:00,0.1035,0.0915,0.1175,0.1005
Faltec Europe Ltd,219.0,6.0,153.12,2025-03-21 10:45:30+00:00,0.1105,0.09775,0.12325,0.106
Faltec Europe Ltd,219.0,6.0,153.12,2025-03-21 11:00:30+00:00,0.1165,0.098,0.1335,0.11125
Faltec Europe Ltd,219.0,6.0,153.12,2025-03-21 11:15:30+00:00,0.1195,0.0915,0.14125,0.1135
Faltec Europe Ltd,219.0,6.0,153.12,2025-03-21 11:30:30+00:00,0.1115,0.07875,0.13925,0.1065
Faltec Europe Ltd,219.0,6.0,153.12,2025-03-21 11:45:30+00:00,0.096,0.079,0.13925,0.09175
Faltec Europe Ltd,219.0,6.0,153.12,2025-03-21 12:00:30+00:00,0.12125,0.0685,0.1505,0.1145
Faltec Europe Ltd,219.0,6.0,153.12,2025-03-21 12:15:30+00:00,0.1095,0.05775,0.16025,0.1035
Faltec Europe Ltd,219.0,6.0,153.12,2025-03-21 12:30:30+00:00,0.09475,0.031,0.146,0.0905
Faltec Europe Ltd,219.0,6.0,153.12,2025-03-21 12:45:30+00:00,0.06025,0.02875,0.12575,0.05875
Faltec Europe Ltd,219.0,6.0,153.12,2025-03-21 13:00:30+00:00,0.07875,0.036,0.11825,0.07575
Faltec Europe Ltd,219.0,6.0,153.12,2025-03-21 13:15:30+00:00,0.09175,0.05075,0.12175,0.087
Faltec Europe Ltd,219.0,6.0,153.12,2025-03-21 13:30:30+00:00,0.08725,0.047,0.122,0.08275
Faltec Europe Ltd,219.0,6.0,153.12,2025-03-21 13:45:30+00:00,0.0735,0.033,0.112,0.0705
Faltec Europe Ltd,219.0,6.0,153.12,2025-03-21 14:00:30+00:00,0.05525,0.017,0.096,0.05425
Faltec Europe Ltd,219.0,6.0,153.12,2025-03-21 14:15:30+00:00,0.04125,0.011,0.07725,0.041
Faltec Europe Ltd,219.0,6.0,153.12,2025-03-21 14:30:30+00:00,0.036,0.012,0.06075,0.03575
Faltec Europe Ltd,219.0,6.0,153.12,2025-03-21 14:45:30+00:00,0.0315,0.014,0.0485,0.0315
Faltec Europe Ltd,219.0,6.0,153.12,2025-03-21 15:00:30+00:00,0.02625,0.01375,0.0395,0.02625
Faltec Europe Ltd,219.0,6.0,153.12,2025-03-21 15:15:30+00:00,0.02225,0.01275,0.034,0.02225
Faltec Europe Ltd,219.0,6.0,153.12,2025-03-21 15:30:30+00:00,0.02175,0.012,0.031,0.02175
Faltec Europe Ltd,219.0,6.0,153.12,2025-03-21 15:45:30+00:00,0.0205,0.01025,0.029,0.0205
Faltec Europe Ltd,219.0,6.0,153.12,2025-03-21 16:00:30+00:00,0.0165,0.00625,0.02725,0.01675
Faltec Europe Ltd,219.0,6.0,153.12,2025-03-21 16:15:30+00:00,0.01325,0.00425,0.02575,0.01325
Faltec Europe Ltd,219.0,6.0,153.12,2025-03-21 16:30:30+00:00,0.0135,0.00375,0.02525,0.01375
Faltec Europe Ltd,219.0,6.0,153.12,2025-03-21 16:45:30+00:00,0.01475,0.0035,0.02275,0.01475
Faltec Europe Ltd,219.0,6.0,153.12,2025-03-21 17:00:30+00:00,0.0105,0.00275,0.0185,0.0105
Faltec Europe Ltd,219.0,6.0,153.12,2025-03-21 17:15:30+00:00,0.00675,0.00175,0.01325,0.00675
Faltec Europe Ltd,219.0,6.0,153.12,2025-03-21 17:30:30+00:00,0.005,0.001,0.009,0.00525
Faltec Europe Ltd,219.0,6.0,153.12,2025-03-21 17:45:30+00:00,0.00275,0.0005,0.00525,0.00275
Faltec Europe Ltd,219.0,6.0,153.12,2025-03-21 18:00:30+00:00,0.00075,0.00025,0.002,0.00075
Faltec Europe Ltd,219.0,6.0,153.12,2025-03-21 18:15:30+00:00,0.0,0.0,0.0,0.0
Faltec Europe Ltd,219.0,6.0,153.12,2025-03-21 18:30:30+00:00,0.0,0.0,0.0,0.0
Faltec Europe Ltd,219.0,6.0,153.12,2025-03-21 18:45:30+00:00,0.0,0.0,0.0,0.0
Faltec Europe Ltd,219.0,6.0,153.12,2025-03-21 19:00:30+00:00,0.0,0.0,0.0,0.0
Faltec Europe Ltd,219.0,6.0,153.12,2025-03-21 19:15:30+00:00,0.0,0.0,0.0,0.0
Faltec Europe Ltd,219.0,6.0,153.12,2025-03-21 19:30:30+00:00,0.0,0.0,0.0,0.0
Faltec Europe Ltd,219.0,6.0,153.12,2025-03-21 19:45:30+00:00,0.0,0.0,0.0,0.0
Faltec Europe Ltd,219.0,6.0,153.12,2025-03-21 20:00:30+00:00,0.0,0.0,0.0,0.0
Faltec Europe Ltd,219.0,6.0,153.12,2025-03-21 20:15:30+00:00,0.0,0.0,0.0,0.0
Faltec Europe Ltd,219.0,6.0,153.12,2025-03-21 20:30:30+00:00,0.0,0.0,0.0,0.0
Faltec Europe Ltd,219.0,6.0,153.12,2025-03-21 20:45:30+00:00,0.0,0.0,0.0,0.0
Faltec Europe Ltd,219.0,6.0,153.12,2025-03-21 21:00:30+00:00,0.0,0.0,0.0,0.0
Faltec Europe Ltd,219.0,6.0,153.12,2025-03-21 21:15:30+00:00,0.0,0.0,0.0,0.0
Faltec Europe Ltd,219.0,6.0,153.12,2025-03-21 21:30:30+00:00,0.0,0.0,0.0,0.0
Faltec Europe Ltd,219.0,6.0,153.12,2025-03-21 21:45:30+00:00,0.0,0.0,0.0,0.0
Faltec Europe Ltd,219.0,6.0,153.12,2025-03-21 22:00:30+00:00,0.0,0.0,0.0,0.0
Faltec Europe Ltd,219.0,6.0,153.12,2025-03-21 22:15:30+00:00,0.0,0.0,0.0,0.0
Faltec Europe Ltd,219.0,6.0,153.12,2025-03-21 22:30:30+00:00,0.0,0.0,0.0,0.0
Faltec Europe Ltd,219.0,6.0,153.12,2025-03-21 22:45:30+00:00,0.0,0.0,0.0,0.0
Faltec Europe Ltd,219.0,6.0,153.12,2025-03-21 23:00:30+00:00,0.0,0.0,0.0,0.0
Faltec Europe Ltd,219.0,6.0,153.12,2025-03-21 23:15:30+00:00,0.0,0.0,0.0,0.0
Faltec Europe Ltd,219.0,6.0,153.12,2025-03-21 23:30:30+00:00,0.0,0.0,0.0,0.0
Faltec Europe Ltd,219.0,6.0,153.12,2025-03-21 23:45:30+00:00,0.0,0.0,0.0,0.0
Faltec Europe Ltd,219.0,6.0,153.12,2025-03-22 00:00:30+00:00,0.0,0.0,0.0,0.0
Faltec Europe Ltd,219.0,6.0,153.12,2025-03-22 00:15:30+00:00,0.0,0.0,0.0,0.0
Faltec Europe Ltd,219.0,6.0,153.12,2025-03-22 00:30:30+00:00,0.0,0.0,0.0,0.0
Faltec Europe Ltd,219.0,6.0,153.12,2025-03-22 00:45:30+00:00,0.0,0.0,0.0,0.0
Faltec Europe Ltd,219.0,6.0,153.12,2025-03-22 01:00:30+00:00,0.0,0.0,0.0,0.0
Faltec Europe Ltd,219.0,6.0,153.12,2025-03-22 01:15:30+00:00,0.0,0.0,0.0,0.0
Faltec Europe Ltd,219.0,6.0,153.12,2025-03-22 01:30:30+00:00,0.0,0.0,0.0,0.0
Faltec Europe Ltd,219.0,6.0,153.12,2025-03-22 01:45:30+00:00,0.0,0.0,0.0,0.0
Faltec Europe Ltd,219.0,6.0,153.12,2025-03-22 02:00:30+00:00,0.0,0.0,0.0,0.0
Faltec Europe Ltd,219.0,6.0,153.12,2025-03-22 02:15:30+00:00,0.0,0.0,0.0,0.0
Faltec Europe Ltd,219.0,6.0,153.12,2025-03-22 02:30:30+00:00,0.0,0.0,0.0,0.0
Faltec Europe Ltd,219.0,6.0,153.12,2025-03-22 02:45:30+00:00,0.0,0.0,0.0,0.0
Faltec Europe Ltd,219.0,6.0,153.12,2025-03-22 03:00:30+00:00,0.0,0.0,0.0,0.0
Faltec Europe Ltd,219.0,6.0,153.12,2025-03-22 03:15:30+00:00,0.0,0.0,0.0,0.0
Faltec Europe Ltd,219.0,6.0,153.12,2025-03-22 03:30:30+00:00,0.0,0.0,0.0,0.0
Faltec Europe Ltd,219.0,6.0,153.12,2025-03-22 03:45:30+00:00,0.0,0.0,0.0,0.0
Faltec Europe Ltd,219.0,6.0,153.12,2025-03-22 04:00:30+00:00,0.0,0.0,0.0,0.0
Faltec Europe Ltd,219.0,6.0,153.12,2025-03-22 04:15:30+00:00,0.0,0.0,0.0,0.0
Faltec Europe Ltd,219.0,6.0,153.12,2025-03-22 04:30:30+00:00,0.0,0.0,0.0,0.0
Faltec Europe Ltd,219.0,6.0,153.12,2025-03-22 04:45:30+00:00,0.0,0.0,0.0,0.0
Faltec Europe Ltd,219.0,6.0,153.12,2025-03-22 05:00:30+00:00,0.0,0.0,0.0,0.0
Faltec Europe Ltd,219.0,6.0,153.12,2025-03-22 05:15:30+00:00,0.0,0.0,0.0,0.0
Faltec Europe Ltd,219.0,6.0,153.12,2025-03-22 05:30:30+00:00,0.0,0.0,0.0,0.0
Faltec Europe Ltd,219.0,6.0,153.12,2025-03-22 05:45:30+00:00,0.0,0.0,0.0,0.0
Faltec Europe Ltd,219.0,6.0,153.12,2025-03-22 06:00:30+00:00,0.0,0.0,0.0,0.0
Faltec Europe Ltd,219.0,6.0,153.12,2025-03-22 06:15:30+00:00,0.001,0.00025,0.00275,0.001
Faltec Europe Ltd,219.0,6.0,153.12,2025-03-22 06:30:30+00:00,0.003,0.0005,0.0065,0.00325
Faltec Europe Ltd,219.0,6.0,153.12,2025-03-22 06:45:30+00:00,0.00575,0.00225,0.01325,0.00575
Faltec Europe Ltd,219.0,6.0,153.12,2025-03-22 07:00:30+00:00,0.01375,0.0035,0.01875,0.0145
Faltec Europe Ltd,219.0,6.0,153.12,2025-03-22 07:15:30+00:00,0.0145,0.00575,0.02925,0.01475
Faltec Europe Ltd,219.0,6.0,153.12,2025-03-22 07:30:30+00:00,0.0235,0.00475,0.0345,0.0245
Faltec Europe Ltd,219.0,6.0,153.12,2025-03-22 07:45:30+00:00,0.019,0.00375,0.0405,0.01925
Faltec Europe Ltd,219.0,6.0,153.12,2025-03-22 08:00:30+00:00,0.01475,0.004,0.03725,0.015
Faltec Europe Ltd,219.0,6.0,153.12,2025-03-22 08:15:30+00:00,0.01425,0.00475,0.0325,0.01425
Faltec Europe Ltd,219.0,6.0,153.12,2025-03-22 08:30:30+00:00,0.01525,0.00525,0.03075,0.01525
Faltec Europe Ltd,219.0,6.0,153.12,2025-03-22 08:45:30+00:00,0.02175,0.006,0.03025,0.022
Faltec Europe Ltd,219.0,6.0,153.12,2025-03-22 09:00:30+00:00,0.015,0.0065,0.03225,0.015
Faltec Europe Ltd,219.0,6.0,153.12,2025-03-22 09:15:30+00:00,0.015,0.007,0.03625,0.015
Faltec Europe Ltd,219.0,6.0,153.12,2025-03-22 09:30:30+00:00,0.02525,0.00775,0.0465,0.02525
Faltec Europe Ltd,219.0,6.0,153.12,2025-03-22 09:45:30+00:00,0.03225,0.00825,0.0585,0.0325
Faltec Europe Ltd,219.0,6.0,153.12,2025-03-22 10:00:30+00:00,0.0375,0.0085,0.0695,0.0375
Faltec Europe Ltd,219.0,6.0,153.12,2025-03-22 10:15:30+00:00,0.04625,0.0165,0.08,0.0465
Faltec Europe Ltd,219.0,6.0,153.12,2025-03-22 10:30:30+00:00,0.061,0.02975,0.089,0.06075
Faltec Europe Ltd,219.0,6.0,153.12,2025-03-22 10:45:30+00:00,0.071,0.04175,0.09375,0.07
Faltec Europe Ltd,219.0,6.0,153.12,2025-03-22 11:00:30+00:00,0.06975,0.04425,0.09275,0.06925
Faltec Europe Ltd,219.0,6.0,153.12,2025-03-22 11:15:30+00:00,0.06475,0.03875,0.08975,0.06425
Faltec Europe Ltd,219.0,6.0,153.12,2025-03-22 11:30:30+00:00,0.05775,0.032,0.0855,0.05725
Faltec Europe Ltd,219.0,6.0,153.12,2025-03-22 11:45:30+00:00,0.05325,0.029,0.07825,0.053
Faltec Europe Ltd,219.0,6.0,153.12,2025-03-22 12:00:30+00:00,0.04975,0.02775,0.072,0.0495
Faltec Europe Ltd,219.0,6.0,153.12,2025-03-22 12:15:30+00:00,0.04625,0.02625,0.06725,0.04625
Faltec Europe Ltd,219.0,6.0,153.12,2025-03-22 12:30:30+00:00,0.0435,0.02325,0.0625,0.0435
Faltec Europe Ltd,219.0,6.0,153.12,2025-03-22 12:45:30+00:00,0.0385,0.0205,0.05675,0.0385
Faltec Europe Ltd,219.0,6.0,153.12,2025-03-22 13:00:30+00:00,0.03375,0.02,0.05075,0.034
Faltec Europe Ltd,219.0,6.0,153.12,2025-03-22 13:15:30+00:00,0.0335,0.021,0.0475,0.0335
Faltec Europe Ltd,219.0,6.0,153.12,2025-03-22 13:30:30+00:00,0.0355,0.02275,0.04625,0.0355
Faltec Europe Ltd,219.0,6.0,153.12,2025-03-22 13:45:30+00:00,0.0345,0.02275,0.04525,0.0345
Faltec Europe Ltd,219.0,6.0,153.12,2025-03-22 14:00:30+00:00,0.032,0.0215,0.04375,0.032
Faltec Europe Ltd,219.0,6.0,153.12,2025-03-22 14:15:30+00:00,0.03125,0.01975,0.0435,0.03125
Faltec Europe Ltd,219.0,6.0,153.12,2025-03-22 14:30:30+00:00,0.03175,0.0195,0.04375,0.03175
Faltec Europe Ltd,219.0,6.0,153.12,2025-03-22 14:45:30+00:00,0.03175,0.0205,0.04325,0.0315
Faltec Europe Ltd,219.0,6.0,153.12,2025-03-22 15:00:30+00:00,0.032,0.019,0.04325,0.032
Faltec Europe Ltd,219.0,6.0,153.12,2025-03-22 15:15:30+00:00,0.0295,0.015,0.042,0.02925
Faltec Europe Ltd,219.0,6.0,153.12,2025-03-22 15:30:30+00:00,0.02325,0.007,0.03775,0.0235
Faltec Europe Ltd,219.0,6.0,153.12,2025-03-22 15:45:30+00:00,0.01425,0.00525,0.03025,0.0145
Faltec Europe Ltd,219.0,6.0,153.12,2025-03-22 16:00:30+00:00,0.011,0.0045,0.02425,0.01125
Faltec Europe Ltd,219.0,6.0,153.12,2025-03-22 16:15:30+00:00,0.012,0.004,0.021,0.012
Faltec Europe Ltd,219.0,6.0,153.12,2025-03-22 16:30:30+00:00,0.011,0.00325,0.0185,0.011
Faltec Europe Ltd,219.0,6.0,153.12,2025-03-22 16:45:30+00:00,0.0075,0.00275,0.016,0.00775
Faltec Europe Ltd,219.0,6.0,153.12,2025-03-22 17:00:30+00:00,0.006,0.002,0.01325,0.00625
Faltec Europe Ltd,219.0,6.0,153.12,2025-03-22 17:15:30+00:00,0.00575,0.0015,0.011,0.006
Faltec Europe Ltd,219.0,6.0,153.12,2025-03-22 17:30:30+00:00,0.00425,0.001,0.008,0.00425
Faltec Europe Ltd,219.0,6.0,153.12,2025-03-22 17:45:30+00:00,0.00225,0.0005,0.0045,0.00225
Faltec Europe Ltd,219.0,6.0,153.12,2025-03-22 18:00:30+00:00,0.0005,0.00025,0.00175,0.0005
Faltec Europe Ltd,219.0,6.0,153.12,2025-03-22 18:15:30+00:00,0.0,0.0,0.00025,0.0
Faltec Europe Ltd,219.0,6.0,153.12,2025-03-22 18:30:30+00:00,0.0,0.0,0.0,0.0
Faltec Europe Ltd,219.0,6.0,153.12,2025-03-22 18:45:30+00:00,0.0,0.0,0.0,0.0
Faltec Europe Ltd,219.0,6.0,153.12,2025-03-22 19:00:30+00:00,0.0,0.0,0.0,0.0
Faltec Europe Ltd,219.0,6.0,153.12,2025-03-22 19:15:30+00:00,0.0,0.0,0.0,0.0
Faltec Europe Ltd,219.0,6.0,153.12,2025-03-22 19:30:30+00:00,0.0,0.0,0.0,0.0
Faltec Europe Ltd,219.0,6.0,153.12,2025-03-22 19:45:30+00:00,0.0,0.0,0.0,0.0
Faltec Europe Ltd,219.0,6.0,153.12,2025-03-22 20:00:30+00:00,0.0,0.0,0.0,0.0
Faltec Europe Ltd,219.0,6.0,153.12,2025-03-22 20:15:30+00:00,0.0,0.0,0.0,0.0
Faltec Europe Ltd,219.0,6.0,153.12,2025-03-22 20:30:30+00:00,0.0,0.0,0.0,0.0
Faltec Europe Ltd,219.0,6.0,153.12,2025-03-22 20:45:30+00:00,0.0,0.0,0.0,0.0
Faltec Europe Ltd,219.0,6.0,153.12,2025-03-22 21:00:30+00:00,0.0,0.0,0.0,0.0
Faltec Europe Ltd,219.0,6.0,153.12,2025-03-22 21:15:30+00:00,0.0,0.0,0.0,0.0
Faltec Europe Ltd,219.0,6.0,153.12,2025-03-22 21:30:30+00:00,0.0,0.0,0.0,0.0
Faltec Europe Ltd,219.0,6.0,153.12,2025-03-22 21:45:30+00:00,0.0,0.0,0.0,0.0
Faltec Europe Ltd,219.0,6.0,153.12,2025-03-22 22:00:30+00:00,0.0,0.0,0.0,0.0
Faltec Europe Ltd,219.0,6.0,153.12,2025-03-22 22:15:30+00:00,0.0,0.0,0.0,0.0
Faltec Europe Ltd,219.0,6.0,153.12,2025-03-22 22:30:30+00:00,0.0,0.0,0.0,0.0
Faltec Europe Ltd,219.0,6.0,153.12,2025-03-22 22:45:30+00:00,0.0,0.0,0.0,0.0
Faltec Europe Ltd,219.0,6.0,153.12,2025-03-22 23:00:30+00:00,0.0,0.0,0.0,0.0
Faltec Europe Ltd,219.0,6.0,153.12,2025-03-22 23:15:30+00:00,0.0,0.0,0.0,0.0
Faltec Europe Ltd,219.0,6.0,153.12,2025-03-22 23:30:30+00:00,0.0,0.0,0.0,0.0
Faltec Europe Ltd,219.0,6.0,153.12,2025-03-22 23:45:30+00:00,0.0,0.0,0.0,0.0
Faltec Europe Ltd,219.0,6.0,153.12,2025-03-23 00:00:30+00:00,0.0,0.0,0.0,0.0
Faltec Europe Ltd,219.0,6.0,153.12,2025-03-23 00:15:30+00:00,0.0,0.0,0.0,0.0
Faltec Europe Ltd,219.0,6.0,153.12,2025-03-23 00:30:30+00:00,0.0,0.0,0.0,0.0
Faltec Europe Ltd,219.0,6.0,153.12,2025-03-23 00:45:30+00:00,0.0,0.0,0.0,0.0
Faltec Europe Ltd,219.0,6.0,153.12,2025-03-23 01:00:30+00:00,0.0,0.0,0.0,0.0
Faltec Europe Ltd,219.0,6.0,153.12,2025-03-23 01:15:30+00:00,0.0,0.0,0.0,0.0
Faltec Europe Ltd,219.0,6.0,153.12,2025-03-23 01:30:30+00:00,0.0,0.0,0.0,0.0
Faltec Europe Ltd,219.0,6.0,153.12,2025-03-23 01:45:30+00:00,0.0,0.0,0.0,0.0
Faltec Europe Ltd,219.0,6.0,153.12,2025-03-23 02:00:30+00:00,0.0,0.0,0.0,0.0
Faltec Europe Ltd,219.0,6.0,153.12,2025-03-23 02:15:30+00:00,0.0,0.0,0.0,0.0
Faltec Europe Ltd,219.0,6.0,153.12,2025-03-23 02:30:30+00:00,0.0,0.0,0.0,0.0
Faltec Europe Ltd,219.0,6.0,153.12,2025-03-23 02:45:30+00:00,0.0,0.0,0.0,0.0
Faltec Europe Ltd,219.0,6.0,153.12,2025-03-23 03:00:30+00:00,0.0,0.0,0.0,0.0
Faltec Europe Ltd,219.0,6.0,153.12,2025-03-23 03:15:30+00:00,0.0,0.0,0.0,0.0
Faltec Europe Ltd,219.0,6.0,153.12,2025-03-23 03:30:30+00:00,0.0,0.0,0.0,0.0
Faltec Europe Ltd,219.0,6.0,153.12,2025-03-23 03:45:30+00:00,0.0,0.0,0.0,0.0
Faltec Europe Ltd,219.0,6.0,153.12,2025-03-23 04:00:30+00:00,0.0,0.0,0.0,0.0
Faltec Europe Ltd,219.0,6.0,153.12,2025-03-23 04:15:30+00:00,0.0,0.0,0.0,0.0
Faltec Europe Ltd,219.0,6.0,153.12,2025-03-23 04:30:30+00:00,0.0,0.0,0.0,0.0
Faltec Europe Ltd,219.0,6.0,153.12,2025-03-23 04:45:30+00:00,0.0,0.0,0.0,0.0
Faltec Europe Ltd,219.0,6.0,153.12,2025-03-23 05:00:30+00:00,0.0,0.0,0.0,0.0
Faltec Europe Ltd,219.0,6.0,153.12,2025-03-23 05:15:30+00:00,0.0,0.0,0.0,0.0
Faltec Europe Ltd,219.0,6.0,153.12,2025-03-23 05:30:30+00:00,0.0,0.0,0.0,0.0
Faltec Europe Ltd,219.0,6.0,153.12,2025-03-23 05:45:30+00:00,0.0,0.0,0.0,0.0
Faltec Europe Ltd,219.0,6.0,153.12,2025-03-23 06:00:30+00:00,0.0,0.0,0.00025,0.0
Faltec Europe Ltd,219.0,6.0,153.12,2025-03-23 06:15:30+00:00,0.001,0.00025,0.0025,0.001
Faltec Europe Ltd,219.0,6.0,153.12,2025-03-23 06:30:30+00:00,0.00275,0.0005,0.00625,0.00275
Faltec Europe Ltd,219.0,6.0,153.12,2025-03-23 06:45:30+00:00,0.006,0.00125,0.0115,0.00625
Faltec Europe Ltd,219.0,6.0,153.12,2025-03-23 07:00:30+00:00,0.01025,0.0045,0.018,0.01025
Faltec Europe Ltd,219.0,6.0,153.12,2025-03-23 07:15:30+00:00,0.01675,0.0085,0.02375,0.01725
Faltec Europe Ltd,219.0,6.0,153.12,2025-03-23 07:30:30+00:00,0.0215,0.0125,0.029,0.022
Faltec Europe Ltd,219.0,6.0,153.12,2025-03-23 07:45:30+00:00,0.024,0.01475,0.034,0.0245
Faltec Europe Ltd,219.0,6.0,153.12,2025-03-23 08:00:30+00:00,0.0275,0.0165,0.03725,0.028
Faltec Europe Ltd,219.0,6.0,153.12,2025-03-23 08:15:30+00:00,0.02875,0.01825,0.0395,0.029
Faltec Europe Ltd,219.0,6.0,153.12,2025-03-23 08:30:30+00:00,0.03,0.021,0.0405,0.03025
Faltec Europe Ltd,219.0,6.0,153.12,2025-03-23 08:45:30+00:00,0.0335,0.02325,0.045,0.03375
Faltec Europe Ltd,219.0,6.0,153.12,2025-03-23 09:00:30+00:00,0.039,0.0225,0.0505,0.03925
Faltec Europe Ltd,219.0,6.0,153.12,2025-03-23 09:15:30+00:00,0.037,0.01825,0.05475,0.03725
Faltec Europe Ltd,219.0,6.0,153.12,2025-03-23 09:30:30+00:00,0.03325,0.014,0.0535,0.0335
Faltec Europe Ltd,219.0,6.0,153.12,2025-03-23 09:45:30+00:00,0.0305,0.014,0.0495,0.03075
Faltec Europe Ltd,219.0,6.0,153.12,2025-03-23 10:00:30+00:00,0.031,0.01675,0.0455,0.03125
Faltec Europe Ltd,219.0,6.0,153.12,2025-03-23 10:15:30+00:00,0.03175,0.01975,0.044,0.032
Faltec Europe Ltd,219.0,6.0,153.12,2025-03-23 10:30:30+00:00,0.0325,0.0205,0.044,0.03275
Faltec Europe Ltd,219.0,6.0,153.12,2025-03-23 10:45:30+00:00,0.03225,0.02,0.0445,0.0325
Faltec Europe Ltd,219.0,6.0,153.12,2025-03-23 11:00:30+00:00,0.03175,0.01925,0.04475,0.03175
Faltec Europe Ltd,219.0,6.0,153.12,2025-03-23 11:15:30+00:00,0.03175,0.01875,0.04425,0.03175
Faltec Europe Ltd,219.0,6.0,153.12,2025-03-23 11:30:30+00:00,0.031,0.0185,0.04375,0.031
Faltec Europe Ltd,219.0,6.0,153.12,2025-03-23 11:45:30+00:00,0.0305,0.01825,0.04325,0.0305
Faltec Europe Ltd,219.0,6.0,153.12,2025-03-23 12:00:30+00:00,0.03075,0.018,0.04275,0.03075
Faltec Europe Ltd,219.0,6.0,153.12,2025-03-23 12:15:30+00:00,0.02975,0.01775,0.04225,0.03
Faltec Europe Ltd,219.0,6.0,153.12,2025-03-23 12:30:30+00:00,0.0295,0.017,0.0415,0.0295
Faltec Europe Ltd,219.0,6.0,153.12,2025-03-23 12:45:30+00:00,0.0285,0.01625,0.0405,0.0285
Faltec Europe Ltd,219.0,6.0,153.12,2025-03-23 13:00:30+00:00,0.02725,0.01575,0.03925,0.0275
Faltec Europe Ltd,219.0,6.0,153.12,2025-03-23 13:15:30+00:00,0.0265,0.01525,0.03825,0.0265
Faltec Europe Ltd,219.0,6.0,153.12,2025-03-23 13:30:30+00:00,0.02625,0.01475,0.0375,0.02625
Faltec Europe Ltd,219.0,6.0,153.12,2025-03-23 13:45:30+00:00,0.0255,0.0135,0.038,0.02575
Faltec Europe Ltd,219.0,6.0,153.12,2025-03-23 14:00:30+00:00,0.02525,0.01175,0.03875,0.0255
Faltec Europe Ltd,219.0,6.0,153.12,2025-03-23 14:15:30+00:00,0.0245,0.012,0.04025,0.02475
Faltec Europe Ltd,219.0,6.0,153.12,2025-03-23 14:30:30+00:00,0.0285,0.01375,0.041,0.0285
Faltec Europe Ltd,219.0,6.0,153.12,2025-03-23 14:45:30+00:00,0.029,0.017,0.0395,0.029
Faltec Europe Ltd,219.0,6.0,153.12,2025-03-23 15:00:30+00:00,0.02675,0.01725,0.03575,0.02675
Faltec Europe Ltd,219.0,6.0,153.12,2025-03-23 15:15:30+00:00,0.0235,0.01625,0.03175,0.0235
Faltec Europe Ltd,219.0,6.0,153.12,2025-03-23 15:30:30+00:00,0.02175,0.014,0.02975,0.02175
Faltec Europe Ltd,219.0,6.0,153.12,2025-03-23 15:45:30+00:00,0.0205,0.01225,0.0285,0.0205
Faltec Europe Ltd,219.0,6.0,153.12,2025-03-23 16:00:30+00:00,0.01875,0.01075,0.02675,0.019
Faltec Europe Ltd,219.0,6.0,153.12,2025-03-23 16:15:30+00:00,0.0165,0.00875,0.0245,0.01675
Faltec Europe Ltd,219.0,6.0,153.12,2025-03-23 16:30:30+00:00,0.0145,0.00675,0.022,0.0145
Faltec Europe Ltd,219.0,6.0,153.12,2025-03-23 16:45:30+00:00,0.01225,0.005,0.0195,0.01225
Faltec Europe Ltd,219.0,6.0,153.12,2025-03-23 17:00:30+00:00,0.01,0.00375,0.0165,0.01025
Faltec Europe Ltd,219.0,6.0,153.12,2025-03-23 17:15:30+00:00,0.008,0.00275,0.01325,0.008
Faltec Europe Ltd,219.0,6.0,153.12,2025-03-23 17:30:30+00:00,0.00575,0.002,0.00925,0.00575
Faltec Europe Ltd,219.0,6.0,153.12,2025-03-23 17:45:30+00:00,0.003,0.001,0.0055,0.003
Faltec Europe Ltd,219.0,6.0,153.12,2025-03-23 18:00:30+00:00,0.001,0.0005,0.002,0.001
Faltec Europe Ltd,219.0,6.0,153.12,2025-03-23 18:15:30+00:00,0.0,0.0,0.00025,0.0
Faltec Europe Ltd,219.0,6.0,153.12,2025-03-23 18:30:30+00:00,0.0,0.0,0.0,0.0
Faltec Europe Ltd,219.0,6.0,153.12,2025-03-23 18:45:30+00:00,0.0,0.0,0.0,0.0
Faltec Europe Ltd,219.0,6.0,153.12,2025-03-23 19:00:30+00:00,0.0,0.0,0.0,0.0
Faltec Europe Ltd,219.0,6.0,153.12,2025-03-23 19:15:30+00:00,0.0,0.0,0.0,0.0
Faltec Europe Ltd,219.0,6.0,153.12,2025-03-23 19:30:30+00:00,0.0,0.0,0.0,0.0
Faltec Europe Ltd,219.0,6.0,153.12,2025-03-23 19:45:30+00:00,0.0,0.0,0.0,0.0
Faltec Europe Ltd,219.0,6.0,153.12,2025-03-23 20:00:30+00:00,0.0,0.0,0.0,0.0
Faltec Europe Ltd,219.0,6.0,153.12,2025-03-23 20:15:30+00:00,0.0,0.0,0.0,0.0
Faltec Europe Ltd,219.0,6.0,153.12,2025-03-23 20:30:30+00:00,0.0,0.0,0.0,0.0
Faltec Europe Ltd,219.0,6.0,153.12,2025-03-23 20:45:30+00:00,0.0,0.0,0.0,0.0
Faltec Europe Ltd,219.0,6.0,153.12,2025-03-23 21:00:30+00:00,0.0,0.0,0.0,0.0
Faltec Europe Ltd,219.0,6.0,153.12,2025-03-23 21:15:30+00:00,0.0,0.0,0.0,0.0
Faltec Europe Ltd,219.0,6.0,153.12,2025-03-23 21:30:30+00:00,0.0,0.0,0.0,0.0
Faltec Europe Ltd,219.0,6.0,153.12,2025-03-23 21:45:30+00:00,0.0,0.0,0.0,0.0
Faltec Europe Ltd,219.0,6.0,153.12,2025-03-23 22:00:30+00:00,0.0,0.0,0.0,0.0
Faltec Europe Ltd,219.0,6.0,153.12,2025-03-23 22:15:30+00:00,0.0,0.0,0.0,0.0
Faltec Europe Ltd,219.0,6.0,153.12,2025-03-23 22:30:30+00:00,0.0,0.0,0.0,0.0
Faltec Europe Ltd,219.0,6.0,153.12,2025-03-23 22:45:30+00:00,0.0,0.0,0.0,0.0
Faltec Europe Ltd,219.0,6.0,153.12,2025-03-23 23:00:30+00:00,0.0,0.0,0.0,0.0
Faltec Europe Ltd,219.0,6.0,153.12,2025-03-23 23:15:30+00:00,0.0,0.0,0.0,0.0
Faltec Europe Ltd,219.0,6.0,153.12,2025-03-23 23:30:30+00:00,0.0,0.0,0.0,0.0
Faltec Europe Ltd,219.0,6.0,153.12,2025-03-23 23:45:30+00:00,0.0,0.0,0.0,0.0
Faltec Europe Ltd,219.0,6.0,153.12,2025-03-24 00:00:30+00:00,0.0,0.0,0.0,0.0
Faltec Europe Ltd,219.0,6.0,153.12,2025-03-24 00:15:30+00:00,0.0,0.0,0.0,0.0
Faltec Europe Ltd,219.0,6.0,153.12,2025-03-24 00:30:30+00:00,0.0,0.0,0.0,0.0
Faltec Europe Ltd,219.0,6.0,153.12,2025-03-24 00:45:30+00:00,0.0,0.0,0.0,0.0
Faltec Europe Ltd,219.0,6.0,153.12,2025-03-24 01:00:30+00:00,0.0,0.0,0.0,0.0
Faltec Europe Ltd,219.0,6.0,153.12,2025-03-24 01:15:30+00:00,0.0,0.0,0.0,0.0
Faltec Europe Ltd,219.0,6.0,153.12,2025-03-24 01:30:30+00:00,0.0,0.0,0.0,0.0
Faltec Europe Ltd,219.0,6.0,153.12,2025-03-24 01:45:30+00:00,0.0,0.0,0.0,0.0
Faltec Europe Ltd,219.0,6.0,153.12,2025-03-24 02:00:30+00:00,0.0,0.0,0.0,0.0
Faltec Europe Ltd,219.0,6.0,153.12,2025-03-24 02:15:30+00:00,0.0,0.0,0.0,0.0
Faltec Europe Ltd,219.0,6.0,153.12,2025-03-24 02:30:30+00:00,0.0,0.0,0.0,0.0
Faltec Europe Ltd,219.0,6.0,153.12,2025-03-24 02:45:30+00:00,0.0,0.0,0.0,0.0
Faltec Europe Ltd,219.0,6.0,153.12,2025-03-24 03:00:30+00:00,0.0,0.0,0.0,0.0
Faltec Europe Ltd,219.0,6.0,153.12,2025-03-24 03:15:30+00:00,0.0,0.0,0.0,0.0
Faltec Europe Ltd,219.0,6.0,153.12,2025-03-24 03:30:30+00:00,0.0,0.0,0.0,0.0
Faltec Europe Ltd,219.0,6.0,153.12,2025-03-24 03:45:30+00:00,0.0,0.0,0.0,0.0
Faltec Europe Ltd,219.0,6.0,153.12,2025-03-24 04:00:30+00:00,0.0,0.0,0.0,0.0
Faltec Europe Ltd,219.0,6.0,153.12,2025-03-24 04:15:30+00:00,0.0,0.0,0.0,0.0
Faltec Europe Ltd,219.0,6.0,153.12,2025-03-24 04:30:30+00:00,0.0,0.0,0.0,0.0
Faltec Europe Ltd,219.0,6.0,153.12,2025-03-24 04:45:30+00:00,0.0,0.0,0.0,0.0
Faltec Europe Ltd,219.0,6.0,153.12,2025-03-24 05:00:30+00:00,0.0,0.0,0.0,0.0
Faltec Europe Ltd,219.0,6.0,153.12,2025-03-24 05:15:30+00:00,0.0,0.0,0.0,0.0
Faltec Europe Ltd,219.0,6.0,153.12,2025-03-24 05:30:30+00:00,0.0,0.0,0.0,0.0
Faltec Europe Ltd,219.0,6.0,153.12,2025-03-24 05:45:30+00:00,0.0,0.0,0.0,0.0
Faltec Europe Ltd,219.0,6.0,153.12,2025-03-24 06:00:30+00:00,0.00075,0.0005,0.001,0.00075
Faltec Europe Ltd,219.0,6.0,153.12,2025-03-24 06:15:30+00:00,0.004,0.00225,0.00575,0.004
Faltec Europe Ltd,219.0,6.0,153.12,2025-03-24 06:30:30+00:00,0.008,0.00375,0.0115,0.009
Faltec Europe Ltd,219.0,6.0,153.12,2025-03-24 06:45:30+00:00,0.0125,0.0045,0.019,0.0135
Faltec Europe Ltd,219.0,6.0,153.12,2025-03-24 07:00:30+00:00,0.01475,0.0045,0.02475,0.0155
Faltec Europe Ltd,219.0,6.0,153.12,2025-03-24 07:15:30+00:00,0.0165,0.00575,0.02825,0.017
Faltec Europe Ltd,219.0,6.0,153.12,2025-03-24 07:30:30+00:00,0.01925,0.00925,0.0315,0.01975
Faltec Europe Ltd,219.0,6.0,153.12,2025-03-24 07:45:30+00:00,0.025,0.01275,0.03425,0.0255
Faltec Europe Ltd,219.0,6.0,153.12,2025-03-24 08:00:30+00:00,0.02625,0.01425,0.037,0.02675
Faltec Europe Ltd,219.0,6.0,153.12,2025-03-24 08:15:30+00:00,0.02575,0.0145,0.04,0.026
Faltec Europe Ltd,219.0,6.0,153.12,2025-03-24 08:30:30+00:00,0.02975,0.0065,0.05225,0.03
Faltec Europe Ltd,219.0,6.0,153.12,2025-03-24 08:45:30+00:00,0.03275,0.007,0.07075,0.033
Faltec Europe Ltd,219.0,6.0,153.12,2025-03-24 09:00:30+00:00,0.04775,0.01075,0.1015,0.04825
Faltec Europe Ltd,219.0,6.0,153.12,2025-03-24 09:15:30+00:00,0.088,0.0265,0.1115,0.088
Faltec Europe Ltd,219.0,6.0,153.12,2025-03-24 09:30:30+00:00,0.08025,0.03475,0.11975,0.07975
Faltec Europe Ltd,219.0,6.0,153.12,2025-03-24 09:45:30+00:00,0.0675,0.02975,0.1205,0.06725
Faltec Europe Ltd,219.0,6.0,153.12,2025-03-24 10:00:30+00:00,0.07775,0.037,0.13375,0.077
Faltec Europe Ltd,219.0,6.0,153.12,2025-03-24 10:15:30+00:00,0.118,0.056,0.1425,0.1145
Faltec Europe Ltd,219.0,6.0,153.12,2025-03-24 10:30:30+00:00,0.13575,0.089,0.15,0.13
Faltec Europe Ltd,219.0,6.0,153.12,2025-03-24 10:45:30+00:00,0.13975,0.1115,0.15575,0.1325
Faltec Europe Ltd,219.0,6.0,153.12,2025-03-24 11:00:30+00:00,0.141,0.12575,0.159,0.133
Faltec Europe Ltd,219.0,6.0,153.12,2025-03-24 11:15:30+00:00,0.14625,0.1245,0.1635,0.13725
Faltec Europe Ltd,219.0,6.0,153.12,2025-03-24 11:30:30+00:00,0.14425,0.11675,0.16775,0.135
Faltec Europe Ltd,219.0,6.0,153.12,2025-03-24 11:45:30+00:00,0.1355,0.109,0.164,0.127
Faltec Europe Ltd,219.0,6.0,153.12,2025-03-24 12:00:30+00:00,0.13,0.10475,0.15575,0.12175
Faltec Europe Ltd,219.0,6.0,153.12,2025-03-24 12:15:30+00:00,0.125,0.10475,0.152,0.11675
Faltec Europe Ltd,219.0,6.0,153.12,2025-03-24 12:30:30+00:00,0.1305,0.10675,0.15575,0.121
Faltec Europe Ltd,219.0,6.0,153.12,2025-03-24 12:45:30+00:00,0.1385,0.111,0.1645,0.1275
Faltec Europe Ltd,219.0,6.0,153.12,2025-03-24 13:00:30+00:00,0.14475,0.119,0.1685,0.1315
Faltec Europe Ltd,219.0,6.0,153.12,2025-03-24 13:15:30+00:00,0.14625,0.12675,0.165,0.13175
Faltec Europe Ltd,219.0,6.0,153.12,2025-03-24 13:30:30+00:00,0.146,0.132,0.1585,0.1305
Faltec Europe Ltd,219.0,6.0,153.12,2025-03-24 13:45:30+00:00,0.14325,0.1335,0.15175,0.1275
Faltec Europe Ltd,219.0,6.0,153.12,2025-03-24 14:00:30+00:00,0.1385,0.131,0.1455,0.1225
Faltec Europe Ltd,219.0,6.0,153.12,2025-03-24 14:15:30+00:00,0.13275,0.126,0.139,0.117
Faltec Europe Ltd,219.0,6.0,153.12,2025-03-24 14:30:30+00:00,0.12575,0.119,0.13275,0.11025
Faltec Europe Ltd,219.0,6.0,153.12,2025-03-24 14:45:30+00:00,0.11875,0.1115,0.1255,0.10375
Faltec Europe Ltd,219.0,6.0,153.12,2025-03-24 15:00:30+00:00,0.11075,0.104,0.117,0.09625
Faltec Europe Ltd,219.0,6.0,153.12,2025-03-24 15:15:30+00:00,0.10175,0.095,0.10925,0.08825
Faltec Europe Ltd,219.0,6.0,153.12,2025-03-24 15:30:30+00:00,0.0935,0.08575,0.10225,0.0805
Faltec Europe Ltd,219.0,6.0,153.12,2025-03-24 15:45:30+00:00,0.08675,0.076,0.098,0.07375
Faltec Europe Ltd,219.0,6.0,153.12,2025-03-24 16:00:30+00:00,0.08075,0.0645,0.08825,0.068
Faltec Europe Ltd,219.0,6.0,153.12,2025-03-24 16:15:30+00:00,0.07025,0.04775,0.0765,0.05975
Faltec Europe Ltd,219.0,6.0,153.12,2025-03-24 16:30:30+00:00,0.0525,0.03075,0.06475,0.045
Faltec Europe Ltd,219.0,6.0,153.12,2025-03-24 16:45:30+00:00,0.03575,0.018,0.052,0.03175
Faltec Europe Ltd,219.0,6.0,153.12,2025-03-24 17:00:30+00:00,0.0235,0.01225,0.03875,0.0215
Faltec Europe Ltd,219.0,6.0,153.12,2025-03-24 17:15:30+00:00,0.0185,0.0095,0.027,0.017
Faltec Europe Ltd,219.0,6.0,153.12,2025-03-24 17:30:30+00:00,0.01175,0.0065,0.01775,0.011
Faltec Europe Ltd,219.0,6.0,153.12,2025-03-24 17:45:30+00:00,0.006,0.00325,0.00975,0.006
Faltec Europe Ltd,219.0,6.0,153.12,2025-03-24 18:00:30+00:00,0.00225,0.0015,0.004,0.00225
Faltec Europe Ltd,219.0,6.0,153.12,2025-03-24 18:15:30+00:00,0.00075,0.0005,0.00125,0.00075
Faltec Europe Ltd,219.0,6.0,153.12,2025-03-24 18:30:30+00:00,0.0,0.0,0.0,0.0
Faltec Europe Ltd,219.0,6.0,153.12,2025-03-24 18:45:30+00:00,0.0,0.0,0.0,0.0
Faltec Europe Ltd,219.0,6.0,153.12,2025-03-24 19:00:30+00:00,0.0,0.0,0.0,0.0
Faltec Europe Ltd,219.0,6.0,153.12,2025-03-24 19:15:30+00:00,0.0,0.0,0.0,0.0
Faltec Europe Ltd,219.0,6.0,153.12,2025-03-24 19:30:30+00:00,0.0,0.0,0.0,0.0
Faltec Europe Ltd,219.0,6.0,153.12,2025-03-24 19:45:30+00:00,0.0,0.0,0.0,0.0
Faltec Europe Ltd,219.0,6.0,153.12,2025-03-24 20:00:30+00:00,0.0,0.0,0.0,0.0
Faltec Europe Ltd,219.0,6.0,153.12,2025-03-24 20:15:30+00:00,0.0,0.0,0.0,0.0
Faltec Europe Ltd,219.0,6.0,153.12,2025-03-24 20:30:30+00:00,0.0,0.0,0.0,0.0
Faltec Europe Ltd,219.0,6.0,153.12,2025-03-24 20:45:30+00:00,0.0,0.0,0.0,0.0
Faltec Europe Ltd,219.0,6.0,153.12,2025-03-24 21:00:30+00:00,0.0,0.0,0.0,0.0
Faltec Europe Ltd,219.0,6.0,153.12,2025-03-24 21:15:30+00:00,0.0,0.0,0.0,0.0
Faltec Europe Ltd,219.0,6.0,153.12,2025-03-24 21:30:30+00:00,0.0,0.0,0.0,0.0
Faltec Europe Ltd,219.0,6.0,153.12,2025-03-24 21:45:30+00:00,0.0,0.0,0.0,0.0
Faltec Europe Ltd,219.0,6.0,153.12,2025-03-24 22:00:30+00:00,0.0,0.0,0.0,0.0
Faltec Europe Ltd,219.0,6.0,153.12,2025-03-24 22:15:30+00:00,0.0,0.0,0.0,0.0
Faltec Europe Ltd,219.0,6.0,153.12,2025-03-24 22:30:30+00:00,0.0,0.0,0.0,0.0
Faltec Europe Ltd,219.0,6.0,153.12,2025-03-24 22:45:30+00:00,0.0,0.0,0.0,0.0
Faltec Europe Ltd,219.0,6.0,153.12,2025-03-24 23:00:30+00:00,0.0,0.0,0.0,0.0
Faltec Europe Ltd,219.0,6.0,153.12,2025-03-24 23:15:30+00:00,0.0,0.0,0.0,0.0
Faltec Europe Ltd,219.0,6.0,153.12,2025-03-24 23:30:30+00:00,0.0,0.0,0.0,0.0
Faltec Europe Ltd,219.0,6.0,153.12,2025-03-24 23:45:30+00:00,0.0,0.0,0.0,0.0
Faltec Europe Ltd,219.0,6.0,153.12,2025-03-25 00:00:30+00:00,0.0,0.0,0.0,0.0
Faltec Europe Ltd,219.0,6.0,153.12,2025-03-25 00:15:30+00:00,0.0,0.0,0.0,0.0
Faltec Europe Ltd,219.0,6.0,153.12,2025-03-25 00:30:30+00:00,0.0,0.0,0.0,0.0
Faltec Europe Ltd,219.0,6.0,153.12,2025-03-25 00:45:30+00:00,0.0,0.0,0.0,0.0
Faltec Europe Ltd,219.0,6.0,153.12,2025-03-25 01:00:30+00:00,0.0,0.0,0.0,0.0
Faltec Europe Ltd,219.0,6.0,153.12,2025-03-25 01:15:30+00:00,0.0,0.0,0.0,0.0
Faltec Europe Ltd,219.0,6.0,153.12,2025-03-25 01:30:30+00:00,0.0,0.0,0.0,0.0
Faltec Europe Ltd,219.0,6.0,153.12,2025-03-25 01:45:30+00:00,0.0,0.0,0.0,0.0
Faltec Europe Ltd,219.0,6.0,153.12,2025-03-25 02:00:30+00:00,0.0,0.0,0.0,0.0
Faltec Europe Ltd,219.0,6.0,153.12,2025-03-25 02:15:30+00:00,0.0,0.0,0.0,0.0
Faltec Europe Ltd,219.0,6.0,153.12,2025-03-25 02:30:30+00:00,0.0,0.0,0.0,0.0
Faltec Europe Ltd,219.0,6.0,153.12,2025-03-25 02:45:30+00:00,0.0,0.0,0.0,0.0
Faltec Europe Ltd,219.0,6.0,153.12,2025-03-25 03:00:30+00:00,0.0,0.0,0.0,0.0
Faltec Europe Ltd,219.0,6.0,153.12,2025-03-25 03:15:30+00:00,0.0,0.0,0.0,0.0
Faltec Europe Ltd,219.0,6.0,153.12,2025-03-25 03:30:30+00:00,0.0,0.0,0.0,0.0
Faltec Europe Ltd,219.0,6.0,153.12,2025-03-25 03:45:30+00:00,0.0,0.0,0.0,0.0
Faltec Europe Ltd,219.0,6.0,153.12,2025-03-25 04:00:30+00:00,0.0,0.0,0.0,0.0
Faltec Europe Ltd,219.0,6.0,153.12,2025-03-25 04:15:30+00:00,0.0,0.0,0.0,0.0
Faltec Europe Ltd,219.0,6.0,153.12,2025-03-25 04:30:30+00:00,0.0,0.0,0.0,0.0
Faltec Europe Ltd,219.0,6.0,153.12,2025-03-25 04:45:30+00:00,0.0,0.0,0.0,0.0
Faltec Europe Ltd,219.0,6.0,153.12,2025-03-25 05:00:30+00:00,0.0,0.0,0.0,0.0
Faltec Europe Ltd,219.0,6.0,153.12,2025-03-25 05:15:30+00:00,0.0,0.0,0.0,0.0
Faltec Europe Ltd,219.0,6.0,153.12,2025-03-25 05:30:30+00:00,0.0,0.0,0.0,0.0
Faltec Europe Ltd,219.0,6.0,153.12,2025-03-25 05:45:30+00:00,0.0,0.0,0.0,0.0
Faltec Europe Ltd,219.0,6.0,153.12,2025-03-25 06:00:30+00:00,0.001,0.00025,0.00225,0.001
Faltec Europe Ltd,219.0,6.0,153.12,2025-03-25 06:15:30+00:00,0.00325,0.00075,0.00625,0.00325
Faltec Europe Ltd,219.0,6.0,153.12,2025-03-25 06:30:30+00:00,0.0065,0.00225,0.01175,0.0065
Faltec Europe Ltd,219.0,6.0,153.12,2025-03-25 06:45:30+00:00,0.01125,0.00475,0.01875,0.012
Faltec Europe Ltd,219.0,6.0,153.12,2025-03-25 07:00:30+00:00,0.01775,0.00875,0.0255,0.019
Faltec Europe Ltd,219.0,6.0,153.12,2025-03-25 07:15:30+00:00,0.02275,0.01475,0.033,0.02425
Faltec Europe Ltd,219.0,6.0,153.12,2025-03-25 07:30:30+00:00,0.03025,0.02025,0.03875,0.03225
Faltec Europe Ltd,219.0,6.0,153.12,2025-03-25 07:45:30+00:00,0.036,0.02525,0.04625,0.03775
Faltec Europe Ltd,219.0,6.0,153.12,2025-03-25 08:00:30+00:00,0.04075,0.0265,0.05275,0.042
Faltec Europe Ltd,219.0,6.0,153.12,2025-03-25 08:15:30+00:00,0.04225,0.02675,0.0575,0.043
Faltec Europe Ltd,219.0,6.0,153.12,2025-03-25 08:30:30+00:00,0.043,0.025,0.06075,0.04375
Faltec Europe Ltd,219.0,6.0,153.12,2025-03-25 08:45:30+00:00,0.04325,0.024,0.073,0.04375
Faltec Europe Ltd,219.0,6.0,153.12,2025-03-25 09:00:30+00:00,0.059,0.024,0.09175,0.0595
Faltec Europe Ltd,219.0,6.0,153.12,2025-03-25 09:15:30+00:00,0.0715,0.03625,0.113,0.0715
Faltec Europe Ltd,219.0,6.0,153.12,2025-03-25 09:30:30+00:00,0.09375,0.0545,0.12625,0.09275
Faltec Europe Ltd,219.0,6.0,153.12,2025-03-25 09:45:30+00:00,0.10575,0.07825,0.128,0.104
Faltec Europe Ltd,219.0,6.0,153.12,2025-03-25 10:00:30+00:00,0.10975,0.09425,0.128,0.107
Faltec Europe Ltd,219.0,6.0,153.12,2025-03-25 10:15:30+00:00,0.11825,0.09825,0.1365,0.114
Faltec Europe Ltd,219.0,6.0,153.12,2025-03-25 10:30:30+00:00,0.12325,0.093,0.149,0.1185
Faltec Europe Ltd,219.0,6.0,153.12,2025-03-25 10:45:30+00:00,0.1215,0.0715,0.15775,0.1165
Faltec Europe Ltd,219.0,6.0,153.12,2025-03-25 11:00:30+00:00,0.0975,0.054,0.156,0.09425
Faltec Europe Ltd,219.0,6.0,153.12,2025-03-25 11:15:30+00:00,0.0965,0.04125,0.1435,0.093
Faltec Europe Ltd,219.0,6.0,153.12,2025-03-25 11:30:30+00:00,0.0815,0.0355,0.13075,0.0795
Faltec Europe Ltd,219.0,6.0,153.12,2025-03-25 11:45:30+00:00,0.07125,0.0325,0.11475,0.07
Faltec Europe Ltd,219.0,6.0,153.12,2025-03-25 12:00:30+00:00,0.067,0.02675,0.1035,0.06625
Faltec Europe Ltd,219.0,6.0,153.12,2025-03-25 12:15:30+00:00,0.05675,0.02475,0.08925,0.05625
Faltec Europe Ltd,219.0,6.0,153.12,2025-03-25 12:30:30+00:00,0.0465,0.02525,0.07775,0.0465
Faltec Europe Ltd,219.0,6.0,153.12,2025-03-25 12:45:30+00:00,0.0515,0.016,0.08725,0.05125
Faltec Europe Ltd,219.0,6.0,153.12,2025-03-25 13:00:30+00:00,0.0565,0.012,0.1035,0.056
Faltec Europe Ltd,219.0,6.0,153.12,2025-03-25 13:15:30+00:00,0.05925,0.012,0.12925,0.0585
Faltec Europe Ltd,219.0,6.0,153.12,2025-03-25 13:30:30+00:00,0.1,0.02925,0.1515,0.0935
Faltec Europe Ltd,219.0,6.0,153.12,2025-03-25 13:45:30+00:00,0.10825,0.04875,0.15725,0.10025
Faltec Europe Ltd,219.0,6.0,153.12,2025-03-25 14:00:30+00:00,0.09925,0.05525,0.15425,0.092
Faltec Europe Ltd,219.0,6.0,153.12,2025-03-25 14:15:30+00:00,0.1085,0.06725,0.15325,0.0985
Faltec Europe Ltd,219.0,6.0,153.12,2025-03-25 14:30:30+00:00,0.12825,0.082,0.15,0.113
Faltec Europe Ltd,219.0,6.0,153.12,2025-03-25 14:45:30+00:00,0.12975,0.09825,0.14425,0.11225
Faltec Europe Ltd,219.0,6.0,153.12,2025-03-25 15:00:30+00:00,0.1235,0.10675,0.137,0.10525
Faltec Europe Ltd,219.0,6.0,153.12,2025-03-25 15:15:30+00:00,0.11525,0.1075,0.1235,0.0975
Faltec Europe Ltd,219.0,6.0,153.12,2025-03-25 15:30:30+00:00,0.1075,0.1005,0.11425,0.09025
Faltec Europe Ltd,219.0,6.0,153.12,2025-03-25 15:45:30+00:00,0.09925,0.091,0.107,0.0825
Faltec Europe Ltd,219.0,6.0,153.12,2025-03-25 16:00:30+00:00,0.0895,0.0805,0.09775,0.074
Faltec Europe Ltd,219.0,6.0,153.12,2025-03-25 16:15:30+00:00,0.07925,0.06975,0.087,0.065
Faltec Europe Ltd,219.0,6.0,153.12,2025-03-25 16:30:30+00:00,0.069,0.059,0.07575,0.05575
Faltec Europe Ltd,219.0,6.0,153.12,2025-03-25 16:45:30+00:00,0.05875,0.0485,0.0645,0.04675
Faltec Europe Ltd,219.0,6.0,153.12,2025-03-25 17:00:30+00:00,0.048,0.0385,0.053,0.03775
Faltec Europe Ltd,219.0,6.0,153.12,2025-03-25 17:15:30+00:00,0.0375,0.02875,0.04125,0.0285
Faltec Europe Ltd,219.0,6.0,153.12,2025-03-25 17:30:30+00:00,0.027,0.01975,0.03,0.02
Faltec Europe Ltd,219.0,6.0,153.12,2025-03-25 17:45:30+00:00,0.01675,0.012,0.01875,0.012
Faltec Europe Ltd,219.0,6.0,153.12,2025-03-25 18:00:30+00:00,0.006,0.005,0.00675,0.005
Faltec Europe Ltd,219.0,6.0,153.12,2025-03-25 18:15:30+00:00,0.00175,0.0015,0.002,0.002
Faltec Europe Ltd,219.0,6.0,153.12,2025-03-25 18:30:30+00:00,0.0,0.0,0.0,0.0
Faltec Europe Ltd,219.0,6.0,153.12,2025-03-25 18:45:30+00:00,0.0,0.0,0.0,0.0
Faltec Europe Ltd,219.0,6.0,153.12,2025-03-25 19:00:30+00:00,0.0,0.0,0.0,0.0
Faltec Europe Ltd,219.0,6.0,153.12,2025-03-25 19:15:30+00:00,0.0,0.0,0.0,0.0
Faltec Europe Ltd,219.0,6.0,153.12,2025-03-25 19:30:30+00:00,0.0,0.0,0.0,0.0
Faltec Europe Ltd,219.0,6.0,153.12,2025-03-25 19:45:30+00:00,0.0,0.0,0.0,0.0
Faltec Europe Ltd,219.0,6.0,153.12,2025-03-25 20:00:30+00:00,0.0,0.0,0.0,0.0
Faltec Europe Ltd,219.0,6.0,153.12,2025-03-25 20:15:30+00:00,0.0,0.0,0.0,0.0
Faltec Europe Ltd,219.0,6.0,153.12,2025-03-25 20:30:30+00:00,0.0,0.0,0.0,0.0
Faltec Europe Ltd,219.0,6.0,153.12,2025-03-25 20:45:30+00:00,0.0,0.0,0.0,0.0
Faltec Europe Ltd,219.0,6.0,153.12,2025-03-25 21:00:30+00:00,0.0,0.0,0.0,0.0
Faltec Europe Ltd,219.0,6.0,153.12,2025-03-25 21:15:30+00:00,0.0,0.0,0.0,0.0
Faltec Europe Ltd,219.0,6.0,153.12,2025-03-25 21:30:30+00:00,0.0,0.0,0.0,0.0
Faltec Europe Ltd,219.0,6.0,153.12,2025-03-25 21:45:30+00:00,0.0,0.0,0.0,0.0
Faltec Europe Ltd,219.0,6.0,153.12,2025-03-25 22:00:30+00:00,0.0,0.0,0.0,0.0
Faltec Europe Ltd,219.0,6.0,153.12,2025-03-25 22:15:30+00:00,0.0,0.0,0.0,0.0
Faltec Europe Ltd,219.0,6.0,153.12,2025-03-25 22:30:30+00:00,0.0,0.0,0.0,0.0
Faltec Europe Ltd,219.0,6.0,153.12,2025-03-25 22:45:30+00:00,0.0,0.0,0.0,0.0
Faltec Europe Ltd,219.0,6.0,153.12,2025-03-25 23:00:30+00:00,0.0,0.0,0.0,0.0
Faltec Europe Ltd,219.0,6.0,153.12,2025-03-25 23:15:30+00:00,0.0,0.0,0.0,0.0
Faltec Europe Ltd,219.0,6.0,153.12,2025-03-25 23:30:30+00:00,0.0,0.0,0.0,0.0
Faltec Europe Ltd,219.0,6.0,153.12,2025-03-25 23:45:30+00:00,0.0,0.0,0.0,0.0
Faltec Europe Ltd,219.0,6.0,153.12,2025-03-26 00:00:30+00:00,0.0,0.0,0.0,0.0
Faltec Europe Ltd,219.0,6.0,153.12,2025-03-26 00:15:30+00:00,0.0,0.0,0.0,0.0
Faltec Europe Ltd,219.0,6.0,153.12,2025-03-26 00:30:30+00:00,0.0,0.0,0.0,0.0
Faltec Europe Ltd,219.0,6.0,153.12,2025-03-26 00:45:30+00:00,0.0,0.0,0.0,0.0
Faltec Europe Ltd,219.0,6.0,153.12,2025-03-26 01:00:30+00:00,0.0,0.0,0.0,0.0
Faltec Europe Ltd,219.0,6.0,153.12,2025-03-26 01:15:30+00:00,0.0,0.0,0.0,0.0
Faltec Europe Ltd,219.0,6.0,153.12,2025-03-26 01:30:30+00:00,0.0,0.0,0.0,0.0
Faltec Europe Ltd,219.0,6.0,153.12,2025-03-26 01:45:30+00:00,0.0,0.0,0.0,0.0
Faltec Europe Ltd,219.0,6.0,153.12,2025-03-26 02:00:30+00:00,0.0,0.0,0.0,0.0
Faltec Europe Ltd,219.0,6.0,153.12,2025-03-26 02:15:30+00:00,0.0,0.0,0.0,0.0
Faltec Europe Ltd,219.0,6.0,153.12,2025-03-26 02:30:30+00:00,0.0,0.0,0.0,0.0
Faltec Europe Ltd,219.0,6.0,153.12,2025-03-26 02:45:30+00:00,0.0,0.0,0.0,0.0
Faltec Europe Ltd,219.0,6.0,153.12,2025-03-26 03:00:30+00:00,0.0,0.0,0.0,0.0
Faltec Europe Ltd,219.0,6.0,153.12,2025-03-26 03:15:30+00:00,0.0,0.0,0.0,0.0
Faltec Europe Ltd,219.0,6.0,153.12,2025-03-26 03:30:30+00:00,0.0,0.0,0.0,0.0
Faltec Europe Ltd,219.0,6.0,153.12,2025-03-26 03:45:30+00:00,0.0,0.0,0.0,0.0
Faltec Europe Ltd,219.0,6.0,153.12,2025-03-26 04:00:30+00:00,0.0,0.0,0.0,0.0
Faltec Europe Ltd,219.0,6.0,153.12,2025-03-26 04:15:30+00:00,0.0,0.0,0.0,0.0
Faltec Europe Ltd,219.0,6.0,153.12,2025-03-26 04:30:30+00:00,0.0,0.0,0.0,0.0
Faltec Europe Ltd,219.0,6.0,153.12,2025-03-26 04:45:30+00:00,0.0,0.0,0.0,0.0
Faltec Europe Ltd,219.0,6.0,153.12,2025-03-26 05:00:30+00:00,0.0,0.0,0.0,0.0
Faltec Europe Ltd,219.0,6.0,153.12,2025-03-26 05:15:30+00:00,0.0,0.0,0.0,0.0
Faltec Europe Ltd,219.0,6.0,153.12,2025-03-26 05:30:30+00:00,0.0,0.0,0.0,0.0
Faltec Europe Ltd,219.0,6.0,153.12,2025-03-26 05:45:30+00:00,0.0,0.0,0.0,0.0
Faltec Europe Ltd,219.0,6.0,153.12,2025-03-26 06:00:30+00:00,0.00225,0.00175,0.003,0.00225
Faltec Europe Ltd,219.0,6.0,153.12,2025-03-26 06:15:30+00:00,0.00525,0.00375,0.007,0.00675
Faltec Europe Ltd,219.0,6.0,153.12,2025-03-26 06:30:30+00:00,0.0105,0.0075,0.0135,0.01325
Faltec Europe Ltd,219.0,6.0,153.12,2025-03-26 06:45:30+00:00,0.01825,0.01225,0.0215,0.02225
Faltec Europe Ltd,219.0,6.0,153.12,2025-03-26 07:00:30+00:00,0.0245,0.01775,0.0305,0.0285
Faltec Europe Ltd,219.0,6.0,153.12,2025-03-26 07:15:30+00:00,0.03125,0.02475,0.04025,0.03525
Faltec Europe Ltd,219.0,6.0,153.12,2025-03-26 07:30:30+00:00,0.043,0.03275,0.05,0.04775
Faltec Europe Ltd,219.0,6.0,153.12,2025-03-26 07:45:30+00:00,0.0525,0.04225,0.06025,0.05675
Faltec Europe Ltd,219.0,6.0,153.12,2025-03-26 08:00:30+00:00,0.05975,0.05225,0.07,0.0635
Faltec Europe Ltd,219.0,6.0,153.12,2025-03-26 08:15:30+00:00,0.07075,0.0625,0.07825,0.074
Faltec Europe Ltd,219.0,6.0,153.12,2025-03-26 08:30:30+00:00,0.08075,0.0735,0.0875,0.08325
Faltec Europe Ltd,219.0,6.0,153.12,2025-03-26 08:45:30+00:00,0.09,0.0835,0.096,0.0915
Faltec Europe Ltd,219.0,6.0,153.12,2025-03-26 09:00:30+00:00,0.0985,0.092,0.104,0.099
Faltec Europe Ltd,219.0,6.0,153.12,2025-03-26 09:15:30+00:00,0.1055,0.09975,0.1135,0.105
Faltec Europe Ltd,219.0,6.0,153.12,2025-03-26 09:30:30+00:00,0.116,0.10775,0.123,0.1145
Faltec Europe Ltd,219.0,6.0,153.12,2025-03-26 09:45:30+00:00,0.1245,0.11675,0.131,0.12175
Faltec Europe Ltd,219.0,6.0,153.12,2025-03-26 10:00:30+00:00,0.13075,0.12425,0.1375,0.12675
Faltec Europe Ltd,219.0,6.0,153.12,2025-03-26 10:15:30+00:00,0.13775,0.1315,0.14375,0.13225
Faltec Europe Ltd,219.0,6.0,153.12,2025-03-26 10:30:30+00:00,0.14425,0.136,0.15175,0.13725
Faltec Europe Ltd,219.0,6.0,153.12,2025-03-26 10:45:30+00:00,0.1495,0.1385,0.15925,0.1415
Faltec Europe Ltd,219.0,6.0,153.12,2025-03-26 11:00:30+00:00,0.1525,0.13875,0.16425,0.1435
Faltec Europe Ltd,219.0,6.0,153.12,2025-03-26 11:15:30+00:00,0.1515,0.13875,0.165,0.142
Faltec Europe Ltd,219.0,6.0,153.12,2025-03-26 11:30:30+00:00,0.152,0.14175,0.16475,0.142
Faltec Europe Ltd,219.0,6.0,153.12,2025-03-26 11:45:30+00:00,0.15625,0.1455,0.1645,0.145
Faltec Europe Ltd,219.0,6.0,153.12,2025-03-26 12:00:30+00:00,0.1565,0.14875,0.165,0.1445
Faltec Europe Ltd,219.0,6.0,153.12,2025-03-26 12:15:30+00:00,0.15775,0.14925,0.16575,0.14475
Faltec Europe Ltd,219.0,6.0,153.12,2025-03-26 12:30:30+00:00,0.15825,0.15,0.1665,0.1445
Faltec Europe Ltd,219.0,6.0,153.12,2025-03-26 12:45:30+00:00,0.1585,0.149,0.16725,0.144
Faltec Europe Ltd,219.0,6.0,153.12,2025-03-26 13:00:30+00:00,0.15725,0.14625,0.1665,0.142
Faltec Europe Ltd,219.0,6.0,153.12,2025-03-26 13:15:30+00:00,0.1525,0.141,0.163,0.13725
Faltec Europe Ltd,219.0,6.0,153.12,2025-03-26 13:30:30+00:00,0.14625,0.1365,0.1575,0.131
Faltec Europe Ltd,219.0,6.0,153.12,2025-03-26 13:45:30+00:00,0.14225,0.1335,0.15325,0.127
Faltec Europe Ltd,219.0,6.0,153.12,2025-03-26 14:00:30+00:00,0.142,0.12925,0.15025,0.12575
Faltec Europe Ltd,219.0,6.0,153.12,2025-03-26 14:15:30+00:00,0.1345,0.124,0.14575,0.1185
Faltec Europe Ltd,219.0,6.0,153.12,2025-03-26 14:30:30+00:00,0.128,0.11875,0.14125,0.1125
Faltec Europe Ltd,219.0,6.0,153.12,2025-03-26 14:45:30+00:00,0.1275,0.115,0.136,0.111
Faltec Europe Ltd,219.0,6.0,153.12,2025-03-26 15:00:30+00:00,0.12075,0.10975,0.12925,0.10425
Faltec Europe Ltd,219.0,6.0,153.12,2025-03-26 15:15:30+00:00,0.1095,0.10175,0.1205,0.09425
Faltec Europe Ltd,219.0,6.0,153.12,2025-03-26 15:30:30+00:00,0.1035,0.09375,0.11325,0.08825
Faltec Europe Ltd,219.0,6.0,153.12,2025-03-26 15:45:30+00:00,0.097,0.08425,0.10775,0.082
Faltec Europe Ltd,219.0,6.0,153.12,2025-03-26 16:00:30+00:00,0.08825,0.0715,0.097,0.074
Faltec Europe Ltd,219.0,6.0,153.12,2025-03-26 16:15:30+00:00,0.0725,0.0565,0.085,0.061
Faltec Europe Ltd,219.0,6.0,153.12,2025-03-26 16:30:30+00:00,0.0575,0.04325,0.07275,0.04875
Faltec Europe Ltd,219.0,6.0,153.12,2025-03-26 16:45:30+00:00,0.04675,0.034,0.0615,0.0395
Faltec Europe Ltd,219.0,6.0,153.12,2025-03-26 17:00:30+00:00,0.03875,0.026,0.05,0.0325
Faltec Europe Ltd,219.0,6.0,153.12,2025-03-26 17:15:30+00:00,0.02775,0.01775,0.03825,0.02325
Faltec Europe Ltd,219.0,6.0,153.12,2025-03-26 17:30:30+00:00,0.017,0.0105,0.02575,0.01475
Faltec Europe Ltd,219.0,6.0,153.12,2025-03-26 17:45:30+00:00,0.00975,0.0055,0.015,0.00875
Faltec Europe Ltd,219.0,6.0,153.12,2025-03-26 18:00:30+00:00,0.004,0.0025,0.00625,0.004
Faltec Europe Ltd,219.0,6.0,153.12,2025-03-26 18:15:30+00:00,0.0015,0.001,0.0025,0.0015
Faltec Europe Ltd,219.0,6.0,153.12,2025-03-26 18:30:30+00:00,0.0,0.0,0.0,0.0
Faltec Europe Ltd,219.0,6.0,153.12,2025-03-26 18:45:30+00:00,0.0,0.0,0.0,0.0
Faltec Europe Ltd,219.0,6.0,153.12,2025-03-26 19:00:30+00:00,0.0,0.0,0.0,0.0
Faltec Europe Ltd,219.0,6.0,153.12,2025-03-26 19:15:30+00:00,0.0,0.0,0.0,0.0
Faltec Europe Ltd,219.0,6.0,153.12,2025-03-26 19:30:30+00:00,0.0,0.0,0.0,0.0
Faltec Europe Ltd,219.0,6.0,153.12,2025-03-26 19:45:30+00:00,0.0,0.0,0.0,0.0
Faltec Europe Ltd,219.0,6.0,153.12,2025-03-26 20:00:30+00:00,0.0,0.0,0.0,0.0
Faltec Europe Ltd,219.0,6.0,153.12,2025-03-26 20:15:30+00:00,0.0,0.0,0.0,0.0
Faltec Europe Ltd,219.0,6.0,153.12,2025-03-26 20:30:30+00:00,0.0,0.0,0.0,0.0
Faltec Europe Ltd,219.0,6.0,153.12,2025-03-26 20:45:30+00:00,0.0,0.0,0.0,0.0
Faltec Europe Ltd,219.0,6.0,153.12,2025-03-26 21:00:30+00:00,0.0,0.0,0.0,0.0
Faltec Europe Ltd,219.0,6.0,153.12,2025-03-26 21:15:30+00:00,0.0,0.0,0.0,0.0
Faltec Europe Ltd,219.0,6.0,153.12,2025-03-26 21:30:30+00:00,0.0,0.0,0.0,0.0
Faltec Europe Ltd,219.0,6.0,153.12,2025-03-26 21:45:30+00:00,0.0,0.0,0.0,0.0
Faltec Europe Ltd,219.0,6.0,153.12,2025-03-26 22:00:30+00:00,0.0,0.0,0.0,0.0
Faltec Europe Ltd,219.0,6.0,153.12,2025-03-26 22:15:30+00:00,0.0,0.0,0.0,0.0
Faltec Europe Ltd,219.0,6.0,153.12,2025-03-26 22:30:30+00:00,0.0,0.0,0.0,0.0
Faltec Europe Ltd,219.0,6.0,153.12,2025-03-26 22:45:30+00:00,0.0,0.0,0.0,0.0
Faltec Europe Ltd,219.0,6.0,153.12,2025-03-26 23:00:30+00:00,0.0,0.0,0.0,0.0
Faltec Europe Ltd,219.0,6.0,153.12,2025-03-26 23:15:30+00:00,0.0,0.0,0.0,0.0
Faltec Europe Ltd,219.0,6.0,153.12,2025-03-26 23:30:30+00:00,0.0,0.0,0.0,0.0
Faltec Europe Ltd,219.0,6.0,153.12,2025-03-26 23:45:30+00:00,0.0,0.0,0.0,0.0
Faltec Europe Ltd,219.0,6.0,153.12,2025-03-27 00:00:30+00:00,0.0,0.0,0.0,0.0
Faltec Europe Ltd,219.0,6.0,153.12,2025-03-27 00:15:30+00:00,0.0,0.0,0.0,0.0
Faltec Europe Ltd,219.0,6.0,153.12,2025-03-27 00:30:30+00:00,0.0,0.0,0.0,0.0
Faltec Europe Ltd,219.0,6.0,153.12,2025-03-27 00:45:30+00:00,0.0,0.0,0.0,0.0
Faltec Europe Ltd,219.0,6.0,153.12,2025-03-27 01:00:30+00:00,0.0,0.0,0.0,0.0
Faltec Europe Ltd,219.0,6.0,153.12,2025-03-27 01:15:30+00:00,0.0,0.0,0.0,0.0
Faltec Europe Ltd,219.0,6.0,153.12,2025-03-27 01:30:30+00:00,0.0,0.0,0.0,0.0
Faltec Europe Ltd,219.0,6.0,153.12,2025-03-27 01:45:30+00:00,0.0,0.0,0.0,0.0
Faltec Europe Ltd,219.0,6.0,153.12,2025-03-27 02:00:30+00:00,0.0,0.0,0.0,0.0
Faltec Europe Ltd,219.0,6.0,153.12,2025-03-27 02:15:30+00:00,0.0,0.0,0.0,0.0
Faltec Europe Ltd,219.0,6.0,153.12,2025-03-27 02:30:30+00:00,0.0,0.0,0.0,0.0
Faltec Europe Ltd,219.0,6.0,153.12,2025-03-27 02:45:30+00:00,0.0,0.0,0.0,0.0
Faltec Europe Ltd,219.0,6.0,153.12,2025-03-27 03:00:30+00:00,0.0,0.0,0.0,0.0
Faltec Europe Ltd,219.0,6.0,153.12,2025-03-27 03:15:30+00:00,0.0,0.0,0.0,0.0
Faltec Europe Ltd,219.0,6.0,153.12,2025-03-27 03:30:30+00:00,0.0,0.0,0.0,0.0
Faltec Europe Ltd,219.0,6.0,153.12,2025-03-27 03:45:30+00:00,0.0,0.0,0.0,0.0
Faltec Europe Ltd,219.0,6.0,153.12,2025-03-27 04:00:30+00:00,0.0,0.0,0.0,0.0
Faltec Europe Ltd,219.0,6.0,153.12,2025-03-27 04:15:30+00:00,0.0,0.0,0.0,0.0
Faltec Europe Ltd,219.0,6.0,153.12,2025-03-27 04:30:30+00:00,0.0,0.0,0.0,0.0
Faltec Europe Ltd,219.0,6.0,153.12,2025-03-27 04:45:30+00:00,0.0,0.0,0.0,0.0
Faltec Europe Ltd,219.0,6.0,153.12,2025-03-27 05:00:30+00:00,0.0,0.0,0.0,0.0
Faltec Europe Ltd,219.0,6.0,153.12,2025-03-27 05:15:30+00:00,0.0,0.0,0.0,0.0
Faltec Europe Ltd,219.0,6.0,153.12,2025-03-27 05:30:30+00:00,0.0,0.0,0.0,0.0
Faltec Europe Ltd,219.0,6.0,153.12,2025-03-27 05:45:30+00:00,0.0,0.0,0.0,0.0
Faltec Europe Ltd,219.0,6.0,153.12,2025-03-27 06:00:30+00:00,0.0005,0.00025,0.00175,0.0005
Faltec Europe Ltd,219.0,6.0,153.12,2025-03-27 06:15:30+00:00,0.00125,0.00075,0.0055,0.00125
Faltec Europe Ltd,219.0,6.0,153.12,2025-03-27 06:30:30+00:00,0.00425,0.00125,0.01,0.00425
Faltec Europe Ltd,219.0,6.0,153.12,2025-03-27 06:45:30+00:00,0.007,0.002,0.01475,0.007
Faltec Europe Ltd,219.0,6.0,153.12,2025-03-27 07:00:30+00:00,0.011,0.00275,0.019,0.011
Faltec Europe Ltd,219.0,6.0,153.12,2025-03-27 07:15:30+00:00,0.01425,0.00525,0.02325,0.01425
Faltec Europe Ltd,219.0,6.0,153.12,2025-03-27 07:30:30+00:00,0.018,0.00675,0.028,0.01825
Faltec Europe Ltd,219.0,6.0,153.12,2025-03-27 07:45:30+00:00,0.02,0.00925,0.03525,0.02025
Faltec Europe Ltd,219.0,6.0,153.12,2025-03-27 08:00:30+00:00,0.02825,0.013,0.0435,0.02875
Faltec Europe Ltd,219.0,6.0,153.12,2025-03-27 08:15:30+00:00,0.03625,0.02,0.05225,0.037
Faltec Europe Ltd,219.0,6.0,153.12,2025-03-27 08:30:30+00:00,0.04375,0.026,0.05775,0.0445
Faltec Europe Ltd,219.0,6.0,153.12,2025-03-27 08:45:30+00:00,0.0455,0.02825,0.06875,0.046
Faltec Europe Ltd,219.0,6.0,153.12,2025-03-27 09:00:30+00:00,0.056,0.02975,0.08175,0.0565
Faltec Europe Ltd,219.0,6.0,153.12,2025-03-27 09:15:30+00:00,0.0655,0.04,0.09975,0.06575
Faltec Europe Ltd,219.0,6.0,153.12,2025-03-27 09:30:30+00:00,0.08825,0.05475,0.11,0.08775
Faltec Europe Ltd,219.0,6.0,153.12,2025-03-27 09:45:30+00:00,0.093,0.0715,0.11475,0.092
Faltec Europe Ltd,219.0,6.0,153.12,2025-03-27 10:00:30+00:00,0.09775,0.0765,0.113,0.096
Faltec Europe Ltd,219.0,6.0,153.12,2025-03-27 10:15:30+00:00,0.09325,0.07725,0.1145,0.0915
Faltec Europe Ltd,219.0,6.0,153.12,2025-03-27 10:30:30+00:00,0.09625,0.07875,0.12275,0.0945
Faltec Europe Ltd,219.0,6.0,153.12,2025-03-27 10:45:30+00:00,0.11375,0.08675,0.13675,0.11
Faltec Europe Ltd,219.0,6.0,153.12,2025-03-27 11:00:30+00:00,0.125,0.09325,0.14475,0.1195
Faltec Europe Ltd,219.0,6.0,153.12,2025-03-27 11:15:30+00:00,0.11575,0.09025,0.142,0.11125
Faltec Europe Ltd,219.0,6.0,153.12,2025-03-27 11:30:30+00:00,0.10775,0.08975,0.135,0.1035
Faltec Europe Ltd,219.0,6.0,153.12,2025-03-27 11:45:30+00:00,0.114,0.0925,0.13425,0.10875
Faltec Europe Ltd,219.0,6.0,153.12,2025-03-27 12:00:30+00:00,0.11825,0.09825,0.1365,0.1125
Faltec Europe Ltd,219.0,6.0,153.12,2025-03-27 12:15:30+00:00,0.1195,0.09325,0.13525,0.11325
Faltec Europe Ltd,219.0,6.0,153.12,2025-03-27 12:30:30+00:00,0.10375,0.08375,0.13325,0.0985
Faltec Europe Ltd,219.0,6.0,153.12,2025-03-27 12:45:30+00:00,0.10225,0.07075,0.14375,0.097
Faltec Europe Ltd,219.0,6.0,153.12,2025-03-27 13:00:30+00:00,0.11625,0.06725,0.16375,0.109
Faltec Europe Ltd,219.0,6.0,153.12,2025-03-27 13:15:30+00:00,0.128,0.08025,0.17325,0.118
Faltec Europe Ltd,219.0,6.0,153.12,2025-03-27 13:30:30+00:00,0.15225,0.08575,0.17225,0.1375
Faltec Europe Ltd,219.0,6.0,153.12,2025-03-27 13:45:30+00:00,0.136,0.07975,0.166,0.12375
Faltec Europe Ltd,219.0,6.0,153.12,2025-03-27 14:00:30+00:00,0.11525,0.0535,0.15775,0.106
Faltec Europe Ltd,219.0,6.0,153.12,2025-03-27 14:15:30+00:00,0.07825,0.046,0.14225,0.074
Faltec Europe Ltd,219.0,6.0,153.12,2025-03-27 14:30:30+00:00,0.09375,0.0515,0.13625,0.0865
Faltec Europe Ltd,219.0,6.0,153.12,2025-03-27 14:45:30+00:00,0.1095,0.0525,0.13925,0.09825
Faltec Europe Ltd,219.0,6.0,153.12,2025-03-27 15:00:30+00:00,0.08775,0.0385,0.12825,0.08025
Faltec Europe Ltd,219.0,6.0,153.12,2025-03-27 15:15:30+00:00,0.0645,0.016,0.111,0.0605
Faltec Europe Ltd,219.0,6.0,153.12,2025-03-27 15:30:30+00:00,0.03875,0.0085,0.083,0.03775
Faltec Europe Ltd,219.0,6.0,153.12,2025-03-27 15:45:30+00:00,0.035,0.00775,0.0615,0.0345
Faltec Europe Ltd,219.0,6.0,153.12,2025-03-27 16:00:30+00:00,0.03,0.0085,0.04975,0.02975
Faltec Europe Ltd,219.0,6.0,153.12,2025-03-27 16:15:30+00:00,0.022,0.00875,0.04575,0.022
Faltec Europe Ltd,219.0,6.0,153.12,2025-03-27 16:30:30+00:00,0.032,0.00625,0.044,0.02975
Faltec Europe Ltd,219.0,6.0,153.12,2025-03-27 16:45:30+00:00,0.017,0.00625,0.0425,0.0165
Faltec Europe Ltd,219.0,6.0,153.12,2025-03-27 17:00:30+00:00,0.0275,0.00575,0.03925,0.0245
Faltec Europe Ltd,219.0,6.0,153.12,2025-03-27 17:15:30+00:00,0.0205,0.00525,0.0315,0.01875
Faltec Europe Ltd,219.0,6.0,153.12,2025-03-27 17:30:30+00:00,0.007,0.00175,0.02,0.007
Faltec Europe Ltd,219.0,6.0,153.12,2025-03-27 17:45:30+00:00,0.00675,0.00125,0.01225,0.0065
Faltec Europe Ltd,219.0,6.0,153.12,2025-03-27 18:00:30+00:00,0.004,0.00075,0.007,0.004
Faltec Europe Ltd,219.0,6.0,153.12,2025-03-27 18:15:30+00:00,0.00075,0.0005,0.00125,0.00075
Faltec Europe Ltd,219.0,6.0,153.12,2025-03-27 18:30:30+00:00,0.0,0.0,0.0,0.0
Faltec Europe Ltd,219.0,6.0,153.12,2025-03-27 18:45:30+00:00,0.0,0.0,0.0,0.0
Faltec Europe Ltd,219.0,6.0,153.12,2025-03-27 19:00:30+00:00,0.0,0.0,0.0,0.0
Faltec Europe Ltd,219.0,6.0,153.12,2025-03-27 19:15:30+00:00,0.0,0.0,0.0,0.0
Faltec Europe Ltd,219.0,6.0,153.12,2025-03-27 19:30:30+00:00,0.0,0.0,0.0,0.0
Faltec Europe Ltd,219.0,6.0,153.12,2025-03-27 19:45:30+00:00,0.0,0.0,0.0,0.0
Faltec Europe Ltd,219.0,6.0,153.12,2025-03-27 20:00:30+00:00,0.0,0.0,0.0,0.0
Faltec Europe Ltd,219.0,6.0,153.12,2025-03-27 20:15:30+00:00,0.0,0.0,0.0,0.0
Faltec Europe Ltd,219.0,6.0,153.12,2025-03-27 20:30:30+00:00,0.0,0.0,0.0,0.0
Faltec Europe Ltd,219.0,6.0,153.12,2025-03-27 20:45:30+00:00,0.0,0.0,0.0,0.0
Faltec Europe Ltd,219.0,6.0,153.12,2025-03-27 21:00:30+00:00,0.0,0.0,0.0,0.0
Faltec Europe Ltd,219.0,6.0,153.12,2025-03-27 21:15:30+00:00,0.0,0.0,0.0,0.0
Faltec Europe Ltd,219.0,6.0,153.12,2025-03-27 21:30:30+00:00,0.0,0.0,0.0,0.0
Faltec Europe Ltd,219.0,6.0,153.12,2025-03-27 21:45:30+00:00,0.0,0.0,0.0,0.0
Faltec Europe Ltd,219.0,6.0,153.12,2025-03-27 22:00:30+00:00,0.0,0.0,0.0,0.0
Faltec Europe Ltd,219.0,6.0,153.12,2025-03-27 22:15:30+00:00,0.0,0.0,0.0,0.0
Faltec Europe Ltd,219.0,6.0,153.12,2025-03-27 22:30:30+00:00,0.0,0.0,0.0,0.0
Faltec Europe Ltd,219.0,6.0,153.12,2025-03-27 22:45:30+00:00,0.0,0.0,0.0,0.0
Faltec Europe Ltd,219.0,6.0,153.12,2025-03-27 23:00:30+00:00,0.0,0.0,0.0,0.0
Faltec Europe Ltd,219.0,6.0,153.12,2025-03-27 23:15:30+00:00,0.0,0.0,0.0,0.0
Faltec Europe Ltd,219.0,6.0,153.12,2025-03-27 23:30:30+00:00,0.0,0.0,0.0,0.0
Faltec Europe Ltd,219.0,6.0,153.12,2025-03-27 23:45:30+00:00,0.0,0.0,0.0,0.0
Faltec Europe Ltd,219.0,6.0,153.12,2025-03-28 00:00:30+00:00,0.0,0.0,0.0,0.0
Faltec Europe Ltd,219.0,6.0,153.12,2025-03-28 00:15:30+00:00,0.0,0.0,0.0,0.0
Faltec Europe Ltd,219.0,6.0,153.12,2025-03-28 00:30:30+00:00,0.0,0.0,0.0,0.0
Faltec Europe Ltd,219.0,6.0,153.12,2025-03-28 00:45:30+00:00,0.0,0.0,0.0,0.0
Faltec Europe Ltd,219.0,6.0,153.12,2025-03-28 01:00:30+00:00,0.0,0.0,0.0,0.0
Faltec Europe Ltd,219.0,6.0,153.12,2025-03-28 01:15:30+00:00,0.0,0.0,0.0,0.0
Faltec Europe Ltd,219.0,6.0,153.12,2025-03-28 01:30:30+00:00,0.0,0.0,0.0,0.0
Faltec Europe Ltd,219.0,6.0,153.12,2025-03-28 01:45:30+00:00,0.0,0.0,0.0,0.0
Faltec Europe Ltd,219.0,6.0,153.12,2025-03-28 02:00:30+00:00,0.0,0.0,0.0,0.0
Faltec Europe Ltd,219.0,6.0,153.12,2025-03-28 02:15:30+00:00,0.0,0.0,0.0,0.0
Faltec Europe Ltd,219.0,6.0,153.12,2025-03-28 02:30:30+00:00,0.0,0.0,0.0,0.0
Faltec Europe Ltd,219.0,6.0,153.12,2025-03-28 02:45:30+00:00,0.0,0.0,0.0,0.0
Faltec Europe Ltd,219.0,6.0,153.12,2025-03-28 03:00:30+00:00,0.0,0.0,0.0,0.0
Faltec Europe Ltd,219.0,6.0,153.12,2025-03-28 03:15:30+00:00,0.0,0.0,0.0,0.0
Faltec Europe Ltd,219.0,6.0,153.12,2025-03-28 03:30:30+00:00,0.0,0.0,0.0,0.0
Faltec Europe Ltd,219.0,6.0,153.12,2025-03-28 03:45:30+00:00,0.0,0.0,0.0,0.0
Faltec Europe Ltd,219.0,6.0,153.12,2025-03-28 04:00:30+00:00,0.0,0.0,0.0,0.0
Faltec Europe Ltd,219.0,6.0,153.12,2025-03-28 04:15:30+00:00,0.0,0.0,0.0,0.0
Faltec Europe Ltd,219.0,6.0,153.12,2025-03-28 04:30:30+00:00,0.0,0.0,0.0,0.0
Faltec Europe Ltd,219.0,6.0,153.12,2025-03-28 04:45:30+00:00,0.0,0.0,0.0,0.0
Faltec Europe Ltd,219.0,6.0,153.12,2025-03-28 05:00:30+00:00,0.0,0.0,0.0,0.0
Faltec Europe Ltd,219.0,6.0,153.12,2025-03-28 05:15:30+00:00,0.0,0.0,0.0,0.0
Faltec Europe Ltd,219.0,6.0,153.12,2025-03-28 05:30:30+00:00,0.0,0.0,0.0,0.0
Faltec Europe Ltd,219.0,6.0,153.12,2025-03-28 05:45:30+00:00,0.00025,0.00025,0.00025,0.00025
Faltec Europe Ltd,219.0,6.0,153.12,2025-03-28 06:00:30+00:00,0.0035,0.0015,0.0045,0.0035
Faltec Europe Ltd,219.0,6.0,153.12,2025-03-28 06:15:30+00:00,0.00675,0.0035,0.0095,0.009
Faltec Europe Ltd,219.0,6.0,153.12,2025-03-28 06:30:30+00:00,0.0155,0.003,0.01675,0.02
Faltec Europe Ltd,219.0,6.0,153.12,2025-03-28 06:45:30+00:00,0.01375,0.0045,0.02825,0.015
Faltec Europe Ltd,219.0,6.0,153.12,2025-03-28 07:00:30+00:00,0.02275,0.00825,0.03675,0.02525
Faltec Europe Ltd,219.0,6.0,153.12,2025-03-28 07:15:30+00:00,0.0365,0.015,0.0455,0.04075
Faltec Europe Ltd,219.0,6.0,153.12,2025-03-28 07:30:30+00:00,0.0355,0.01875,0.05725,0.038
Faltec Europe Ltd,219.0,6.0,153.12,2025-03-28 07:45:30+00:00,0.04275,0.02,0.064,0.045
Faltec Europe Ltd,219.0,6.0,153.12,2025-03-28 08:00:30+00:00,0.0475,0.01575,0.07025,0.04925
Faltec Europe Ltd,219.0,6.0,153.12,2025-03-28 08:15:30+00:00,0.039,0.023,0.08175,0.03975
Faltec Europe Ltd,219.0,6.0,153.12,2025-03-28 08:30:30+00:00,0.06925,0.0295,0.09625,0.071
Faltec Europe Ltd,219.0,6.0,153.12,2025-03-28 08:45:30+00:00,0.0805,0.0395,0.10825,0.08175
Faltec Europe Ltd,219.0,6.0,153.12,2025-03-28 09:00:30+00:00,0.07575,0.03675,0.11675,0.07625
Faltec Europe Ltd,219.0,6.0,153.12,2025-03-28 09:15:30+00:00,0.07325,0.026,0.11425,0.07325
Faltec Europe Ltd,219.0,6.0,153.12,2025-03-28 09:30:30+00:00,0.06075,0.0335,0.13025,0.0605
Faltec Europe Ltd,219.0,6.0,153.12,2025-03-28 09:45:30+00:00,0.11225,0.04425,0.14425,0.1105
Faltec Europe Ltd,219.0,6.0,153.12,2025-03-28 10:00:30+00:00,0.11375,0.05875,0.15175,0.11125
Faltec Europe Ltd,219.0,6.0,153.12,2025-03-28 10:15:30+00:00,0.112,0.0545,0.15875,0.109
Faltec Europe Ltd,219.0,6.0,153.12,2025-03-28 10:30:30+00:00,0.1085,0.03725,0.161,0.10575
Faltec Europe Ltd,219.0,6.0,153.12,2025-03-28 10:45:30+00:00,0.0755,0.04125,0.168,0.07375
Faltec Europe Ltd,219.0,6.0,153.12,2025-03-28 11:00:30+00:00,0.14,0.0515,0.17575,0.1335
Faltec Europe Ltd,219.0,6.0,153.12,2025-03-28 11:15:30+00:00,0.149,0.08675,0.181,0.14075
Faltec Europe Ltd,219.0,6.0,153.12,2025-03-28 11:30:30+00:00,0.13975,0.10075,0.18325,0.132
Faltec Europe Ltd,219.0,6.0,153.12,2025-03-28 11:45:30+00:00,0.14025,0.10775,0.1675,0.13175
Faltec Europe Ltd,219.0,6.0,153.12,2025-03-28 12:00:30+00:00,0.132,0.10925,0.17475,0.124
Faltec Europe Ltd,219.0,6.0,153.12,2025-03-28 12:15:30+00:00,0.1555,0.1155,0.1875,0.14325
Faltec Europe Ltd,219.0,6.0,153.12,2025-03-28 12:30:30+00:00,0.166,0.13225,0.191,0.151
Faltec Europe Ltd,219.0,6.0,153.12,2025-03-28 12:45:30+00:00,0.1615,0.14,0.18375,0.14625
Faltec Europe Ltd,219.0,6.0,153.12,2025-03-28 13:00:30+00:00,0.157,0.14075,0.17625,0.142
Faltec Europe Ltd,219.0,6.0,153.12,2025-03-28 13:15:30+00:00,0.1585,0.127,0.18425,0.142
Faltec Europe Ltd,219.0,6.0,153.12,2025-03-28 13:30:30+00:00,0.149,0.1015,0.18075,0.13375
Faltec Europe Ltd,219.0,6.0,153.12,2025-03-28 13:45:30+00:00,0.13075,0.07225,0.17325,0.11875
Faltec Europe Ltd,219.0,6.0,153.12,2025-03-28 14:00:30+00:00,0.10175,0.051,0.157,0.09425
Faltec Europe Ltd,219.0,6.0,153.12,2025-03-28 14:15:30+00:00,0.08025,0.0455,0.1415,0.07525
Faltec Europe Ltd,219.0,6.0,153.12,2025-03-28 14:30:30+00:00,0.10125,0.03775,0.14075,0.09275
Faltec Europe Ltd,219.0,6.0,153.12,2025-03-28 14:45:30+00:00,0.08325,0.044,0.143,0.0765
Faltec Europe Ltd,219.0,6.0,153.12,2025-03-28 15:00:30+00:00,0.11425,0.052,0.14075,0.10025
Faltec Europe Ltd,219.0,6.0,153.12,2025-03-28 15:15:30+00:00,0.1235,0.067,0.133,0.10675
Faltec Europe Ltd,219.0,6.0,153.12,2025-03-28 15:30:30+00:00,0.0995,0.059,0.121,0.087
Faltec Europe Ltd,219.0,6.0,153.12,2025-03-28 15:45:30+00:00,0.072,0.0515,0.10875,0.064
Faltec Europe Ltd,219.0,6.0,153.12,2025-03-28 16:00:30+00:00,0.08025,0.049,0.1005,0.0695
Faltec Europe Ltd,219.0,6.0,153.12,2025-03-28 16:15:30+00:00,0.081,0.05425,0.0925,0.0675
Faltec Europe Ltd,219.0,6.0,153.12,2025-03-28 16:30:30+00:00,0.0725,0.04675,0.08075,0.06025
Faltec Europe Ltd,219.0,6.0,153.12,2025-03-28 16:45:30+00:00,0.04725,0.038,0.066,0.04075
Faltec Europe Ltd,219.0,6.0,153.12,2025-03-28 17:00:30+00:00,0.04775,0.0295,0.0555,0.04
Faltec Europe Ltd,219.0,6.0,153.12,2025-03-28 17:15:30+00:00,0.03675,0.0255,0.0445,0.03
Faltec Europe Ltd,219.0,6.0,153.12,2025-03-28 17:30:30+00:00,0.0275,0.019,0.0345,0.02125
Faltec Europe Ltd,219.0,6.0,153.12,2025-03-28 17:45:30+00:00,0.0185,0.0125,0.02325,0.01375
Faltec Europe Ltd,219.0,6.0,153.12,2025-03-28 18:00:30+00:00,0.0085,0.006,0.011,0.00675
Faltec Europe Ltd,219.0,6.0,153.12,2025-03-28 18:15:30+00:00,0.002,0.00125,0.0025,0.00175
Faltec Europe Ltd,219.0,6.0,153.12,2025-03-28 18:30:30+00:00,0.0,0.0,0.0,0.0
Faltec Europe Ltd,219.0,6.0,153.12,2025-03-28 18:45:30+00:00,0.0,0.0,0.0,0.0
Faltec Europe Ltd,219.0,6.0,153.12,2025-03-28 19:00:30+00:00,0.0,0.0,0.0,0.0
Faltec Europe Ltd,219.0,6.0,153.12,2025-03-28 19:15:30+00:00,0.0,0.0,0.0,0.0
Faltec Europe Ltd,219.0,6.0,153.12,2025-03-28 19:30:30+00:00,0.0,0.0,0.0,0.0
Faltec Europe Ltd,219.0,6.0,153.12,2025-03-28 19:45:30+00:00,0.0,0.0,0.0,0.0
Faltec Europe Ltd,219.0,6.0,153.12,2025-03-28 20:00:30+00:00,0.0,0.0,0.0,0.0
Faltec Europe Ltd,219.0,6.0,153.12,2025-03-28 20:15:30+00:00,0.0,0.0,0.0,0.0
Faltec Europe Ltd,219.0,6.0,153.12,2025-03-28 20:30:30+00:00,0.0,0.0,0.0,0.0
Faltec Europe Ltd,219.0,6.0,153.12,2025-03-28 20:45:30+00:00,0.0,0.0,0.0,0.0
Faltec Europe Ltd,219.0,6.0,153.12,2025-03-28 21:00:30+00:00,0.0,0.0,0.0,0.0
Faltec Europe Ltd,219.0,6.0,153.12,2025-03-28 21:15:30+00:00,0.0,0.0,0.0,0.0
Faltec Europe Ltd,219.0,6.0,153.12,2025-03-28 21:30:30+00:00,0.0,0.0,0.0,0.0
Faltec Europe Ltd,219.0,6.0,153.12,2025-03-28 21:45:30+00:00,0.0,0.0,0.0,0.0
Faltec Europe Ltd,219.0,6.0,153.12,2025-03-28 22:00:30+00:00,0.0,0.0,0.0,0.0
Faltec Europe Ltd,219.0,6.0,153.12,2025-03-28 22:15:30+00:00,0.0,0.0,0.0,0.0
Faltec Europe Ltd,219.0,6.0,153.12,2025-03-28 22:30:30+00:00,0.0,0.0,0.0,0.0
Faltec Europe Ltd,219.0,6.0,153.12,2025-03-28 22:45:30+00:00,0.0,0.0,0.0,0.0
Faltec Europe Ltd,219.0,6.0,153.12,2025-03-28 23:00:30+00:00,0.0,0.0,0.0,0.0
Faltec Europe Ltd,219.0,6.0,153.12,2025-03-28 23:15:30+00:00,0.0,0.0,0.0,0.0
Faltec Europe Ltd,219.0,6.0,153.12,2025-03-28 23:30:30+00:00,0.0,0.0,0.0,0.0
Faltec Europe Ltd,219.0,6.0,153.12,2025-03-28 23:45:30+00:00,0.0,0.0,0.0,0.0
Faltec Europe Ltd,219.0,6.0,153.12,2025-03-29 00:00:30+00:00,0.0,0.0,0.0,0.0
Faltec Europe Ltd,219.0,6.0,153.12,2025-03-29 00:15:30+00:00,0.0,0.0,0.0,0.0
Faltec Europe Ltd,219.0,6.0,153.12,2025-03-29 00:30:30+00:00,0.0,0.0,0.0,0.0
Faltec Europe Ltd,219.0,6.0,153.12,2025-03-29 00:45:30+00:00,0.0,0.0,0.0,0.0
Faltec Europe Ltd,219.0,6.0,153.12,2025-03-29 01:00:30+00:00,0.0,0.0,0.0,0.0
Faltec Europe Ltd,219.0,6.0,153.12,2025-03-29 01:15:30+00:00,0.0,0.0,0.0,0.0
Faltec Europe Ltd,219.0,6.0,153.12,2025-03-29 01:30:30+00:00,0.0,0.0,0.0,0.0
Faltec Europe Ltd,219.0,6.0,153.12,2025-03-29 01:45:30+00:00,0.0,0.0,0.0,0.0
Faltec Europe Ltd,219.0,6.0,153.12,2025-03-29 02:00:30+00:00,0.0,0.0,0.0,0.0
Faltec Europe Ltd,219.0,6.0,153.12,2025-03-29 02:15:30+00:00,0.0,0.0,0.0,0.0
Faltec Europe Ltd,219.0,6.0,153.12,2025-03-29 02:30:30+00:00,0.0,0.0,0.0,0.0
Faltec Europe Ltd,219.0,6.0,153.12,2025-03-29 02:45:30+00:00,0.0,0.0,0.0,0.0
Faltec Europe Ltd,219.0,6.0,153.12,2025-03-29 03:00:30+00:00,0.0,0.0,0.0,0.0
Faltec Europe Ltd,219.0,6.0,153.12,2025-03-29 03:15:30+00:00,0.0,0.0,0.0,0.0
Faltec Europe Ltd,219.0,6.0,153.12,2025-03-29 03:30:30+00:00,0.0,0.0,0.0,0.0
Faltec Europe Ltd,219.0,6.0,153.12,2025-03-29 03:45:30+00:00,0.0,0.0,0.0,0.0
Faltec Europe Ltd,219.0,6.0,153.12,2025-03-29 04:00:30+00:00,0.0,0.0,0.0,0.0
Faltec Europe Ltd,219.0,6.0,153.12,2025-03-29 04:15:30+00:00,0.0,0.0,0.0,0.0
Faltec Europe Ltd,219.0,6.0,153.12,2025-03-29 04:30:30+00:00,0.0,0.0,0.0,0.0
Faltec Europe Ltd,219.0,6.0,153.12,2025-03-29 04:45:30+00:00,0.0,0.0,0.0,0.0
Faltec Europe Ltd,219.0,6.0,153.12,2025-03-29 05:00:30+00:00,0.0,0.0,0.0,0.0
Faltec Europe Ltd,219.0,6.0,153.12,2025-03-29 05:15:30+00:00,0.0,0.0,0.0,0.0
Faltec Europe Ltd,219.0,6.0,153.12,2025-03-29 05:30:30+00:00,0.0,0.0,0.0,0.0
Faltec Europe Ltd,219.0,6.0,153.12,2025-03-29 05:45:30+00:00,0.00075,0.0005,0.00075,0.00075
Faltec Europe Ltd,219.0,6.0,153.12,2025-03-29 06:00:30+00:00,0.00325,0.0025,0.004,0.005
Faltec Europe Ltd,219.0,6.0,153.12,2025-03-29 06:15:30+00:00,0.007,0.00375,0.008,0.01225
Faltec Europe Ltd,219.0,6.0,153.12,2025-03-29 06:30:30+00:00,0.01475,0.00575,0.01675,0.02025
Faltec Europe Ltd,219.0,6.0,153.12,2025-03-29 06:45:30+00:00,0.0195,0.004,0.02775,0.023
Faltec Europe Ltd,219.0,6.0,153.12,2025-03-29 07:00:30+00:00,0.01675,0.0035,0.0385,0.0175
Faltec Europe Ltd,219.0,6.0,153.12,2025-03-29 07:15:30+00:00,0.02375,0.00725,0.03925,0.025
Faltec Europe Ltd,219.0,6.0,153.12,2025-03-29 07:30:30+00:00,0.0295,0.01625,0.0425,0.03075
Faltec Europe Ltd,219.0,6.0,153.12,2025-03-29 07:45:30+00:00,0.0345,0.0245,0.0455,0.03575
Faltec Europe Ltd,219.0,6.0,153.12,2025-03-29 08:00:30+00:00,0.04075,0.02675,0.05,0.042
Faltec Europe Ltd,219.0,6.0,153.12,2025-03-29 08:15:30+00:00,0.03975,0.02875,0.05675,0.0405
Faltec Europe Ltd,219.0,6.0,153.12,2025-03-29 08:30:30+00:00,0.0475,0.0285,0.0695,0.04825
Faltec Europe Ltd,219.0,6.0,153.12,2025-03-29 08:45:30+00:00,0.06,0.03225,0.08475,0.06075
Faltec Europe Ltd,219.0,6.0,153.12,2025-03-29 09:00:30+00:00,0.068,0.03675,0.1065,0.06875
Faltec Europe Ltd,219.0,6.0,153.12,2025-03-29 09:15:30+00:00,0.087,0.03175,0.1125,0.08725
Faltec Europe Ltd,219.0,6.0,153.12,2025-03-29 09:30:30+00:00,0.06025,0.01625,0.118,0.06025
Faltec Europe Ltd,219.0,6.0,153.12,2025-03-29 09:45:30+00:00,0.053,0.0105,0.12675,0.053
Faltec Europe Ltd,219.0,6.0,153.12,2025-03-29 10:00:30+00:00,0.09225,0.02475,0.15225,0.091
Faltec Europe Ltd,219.0,6.0,153.12,2025-03-29 10:15:30+00:00,0.1315,0.05875,0.16125,0.127
Faltec Europe Ltd,219.0,6.0,153.12,2025-03-29 10:30:30+00:00,0.14,0.09225,0.168,0.13425
Faltec Europe Ltd,219.0,6.0,153.12,2025-03-29 10:45:30+00:00,0.1515,0.10725,0.1745,0.1435
Faltec Europe Ltd,219.0,6.0,153.12,2025-03-29 11:00:30+00:00,0.1565,0.10325,0.179,0.148
Faltec Europe Ltd,219.0,6.0,153.12,2025-03-29 11:15:30+00:00,0.13825,0.0765,0.18125,0.13125
Faltec Europe Ltd,219.0,6.0,153.12,2025-03-29 11:30:30+00:00,0.11025,0.059,0.176,0.106
Faltec Europe Ltd,219.0,6.0,153.12,2025-03-29 11:45:30+00:00,0.10475,0.0585,0.15325,0.1005
Faltec Europe Ltd,219.0,6.0,153.12,2025-03-29 12:00:30+00:00,0.10225,0.06425,0.1355,0.098
Faltec Europe Ltd,219.0,6.0,153.12,2025-03-29 12:15:30+00:00,0.09125,0.065,0.1265,0.08825
Faltec Europe Ltd,219.0,6.0,153.12,2025-03-29 12:30:30+00:00,0.0945,0.05025,0.12925,0.091
Faltec Europe Ltd,219.0,6.0,153.12,2025-03-29 12:45:30+00:00,0.082,0.03,0.13125,0.07925
Faltec Europe Ltd,219.0,6.0,153.12,2025-03-29 13:00:30+00:00,0.06425,0.01275,0.1205,0.063
Faltec Europe Ltd,219.0,6.0,153.12,2025-03-29 13:15:30+00:00,0.0445,0.01225,0.1005,0.04425
Faltec Europe Ltd,219.0,6.0,153.12,2025-03-29 13:30:30+00:00,0.03325,0.012,0.07625,0.0335
Faltec Europe Ltd,219.0,6.0,153.12,2025-03-29 13:45:30+00:00,0.02325,0.0115,0.05575,0.0235
Faltec Europe Ltd,219.0,6.0,153.12,2025-03-29 14:00:30+00:00,0.02175,0.01125,0.04275,0.022
Faltec Europe Ltd,219.0,6.0,153.12,2025-03-29 14:15:30+00:00,0.02025,0.01075,0.04,0.0205
Faltec Europe Ltd,219.0,6.0,153.12,2025-03-29 14:30:30+00:00,0.0185,0.01025,0.0445,0.0185
Faltec Europe Ltd,219.0,6.0,153.12,2025-03-29 14:45:30+00:00,0.024,0.00975,0.053,0.02425
Faltec Europe Ltd,219.0,6.0,153.12,2025-03-29 15:00:30+00:00,0.03225,0.00925,0.059,0.03225
Faltec Europe Ltd,219.0,6.0,153.12,2025-03-29 15:15:30+00:00,0.0385,0.01225,0.059,0.038
Faltec Europe Ltd,219.0,6.0,153.12,2025-03-29 15:30:30+00:00,0.03575,0.008,0.05925,0.03525
Faltec Europe Ltd,219.0,6.0,153.12,2025-03-29 15:45:30+00:00,0.02175,0.00725,0.061,0.02175
Faltec Europe Ltd,219.0,6.0,153.12,2025-03-29 16:00:30+00:00,0.03275,0.00675,0.07175,0.03175
Faltec Europe Ltd,219.0,6.0,153.12,2025-03-29 16:15:30+00:00,0.05175,0.01025,0.08,0.0465
Faltec Europe Ltd,219.0,6.0,153.12,2025-03-29 16:30:30+00:00,0.043,0.0085,0.07375,0.039
Faltec Europe Ltd,219.0,6.0,153.12,2025-03-29 16:45:30+00:00,0.026,0.00525,0.05375,0.02475
Faltec Europe Ltd,219.0,6.0,153.12,2025-03-29 17:00:30+00:00,0.00925,0.0035,0.0355,0.00925
Faltec Europe Ltd,219.0,6.0,153.12,2025-03-29 17:15:30+00:00,0.00625,0.00275,0.02175,0.00625
Faltec Europe Ltd,219.0,6.0,153.12,2025-03-29 17:30:30+00:00,0.00325,0.002,0.013,0.00325
Faltec Europe Ltd,219.0,6.0,153.12,2025-03-29 17:45:30+00:00,0.00125,0.00075,0.0055,0.00125
Faltec Europe Ltd,219.0,6.0,153.12,2025-03-29 18:00:30+00:00,0.00075,0.0005,0.00275,0.00075
Faltec Europe Ltd,219.0,6.0,153.12,2025-03-29 18:15:30+00:00,0.00025,0.00025,0.00075,0.00025
Faltec Europe Ltd,219.0,6.0,153.12,2025-03-29 18:30:30+00:00,0.0,0.0,0.0,0.0
Faltec Europe Ltd,219.0,6.0,153.12,2025-03-29 18:45:30+00:00,0.0,0.0,0.0,0.0
Faltec Europe Ltd,219.0,6.0,153.12,2025-03-29 19:00:30+00:00,0.0,0.0,0.0,0.0
Faltec Europe Ltd,219.0,6.0,153.12,2025-03-29 19:15:30+00:00,0.0,0.0,0.0,0.0
Faltec Europe Ltd,219.0,6.0,153.12,2025-03-29 19:30:30+00:00,0.0,0.0,0.0,0.0
Faltec Europe Ltd,219.0,6.0,153.12,2025-03-29 19:45:30+00:00,0.0,0.0,0.0,0.0
Faltec Europe Ltd,219.0,6.0,153.12,2025-03-29 20:00:30+00:00,0.0,0.0,0.0,0.0
Faltec Europe Ltd,219.0,6.0,153.12,2025-03-29 20:15:30+00:00,0.0,0.0,0.0,0.0
Faltec Europe Ltd,219.0,6.0,153.12,2025-03-29 20:30:30+00:00,0.0,0.0,0.0,0.0
Faltec Europe Ltd,219.0,6.0,153.12,2025-03-29 20:45:30+00:00,0.0,0.0,0.0,0.0
Faltec Europe Ltd,219.0,6.0,153.12,2025-03-29 21:00:30+00:00,0.0,0.0,0.0,0.0
Faltec Europe Ltd,219.0,6.0,153.12,2025-03-29 21:15:30+00:00,0.0,0.0,0.0,0.0
Faltec Europe Ltd,219.0,6.0,153.12,2025-03-29 21:30:30+00:00,0.0,0.0,0.0,0.0
Faltec Europe Ltd,219.0,6.0,153.12,2025-03-29 21:45:30+00:00,0.0,0.0,0.0,0.0
Faltec Europe Ltd,219.0,6.0,153.12,2025-03-29 22:00:30+00:00,0.0,0.0,0.0,0.0
Faltec Europe Ltd,219.0,6.0,153.12,2025-03-29 22:15:30+00:00,0.0,0.0,0.0,0.0
Faltec Europe Ltd,219.0,6.0,153.12,2025-03-29 22:30:30+00:00,0.0,0.0,0.0,0.0
Faltec Europe Ltd,219.0,6.0,153.12,2025-03-29 22:45:30+00:00,0.0,0.0,0.0,0.0
Faltec Europe Ltd,219.0,6.0,153.12,2025-03-29 23:00:30+00:00,0.0,0.0,0.0,0.0
Faltec Europe Ltd,219.0,6.0,153.12,2025-03-29 23:15:30+00:00,0.0,0.0,0.0,0.0
Faltec Europe Ltd,219.0,6.0,153.12,2025-03-29 23:30:30+00:00,0.0,0.0,0.0,0.0
Faltec Europe Ltd,219.0,6.0,153.12,2025-03-29 23:45:30+00:00,0.0,0.0,0.0,0.0
Faltec Europe Ltd,219.0,6.0,153.12,2025-03-30 00:00:30+00:00,0.0,0.0,0.0,0.0
Faltec Europe Ltd,219.0,6.0,153.12,2025-03-30 00:15:30+00:00,0.0,0.0,0.0,0.0
Faltec Europe Ltd,219.0,6.0,153.12,2025-03-30 00:30:30+00:00,0.0,0.0,0.0,0.0
Faltec Europe Ltd,219.0,6.0,153.12,2025-03-30 00:45:30+00:00,0.0,0.0,0.0,0.0
Faltec Europe Ltd,219.0,6.0,153.12,2025-03-30 01:00:30+00:00,0.0,0.0,0.0,0.0
Faltec Europe Ltd,219.0,6.0,153.12,2025-03-30 01:15:30+00:00,0.0,0.0,0.0,0.0
Faltec Europe Ltd,219.0,6.0,153.12,2025-03-30 01:30:30+00:00,0.0,0.0,0.0,0.0
Faltec Europe Ltd,219.0,6.0,153.12,2025-03-30 01:45:30+00:00,0.0,0.0,0.0,0.0
Faltec Europe Ltd,219.0,6.0,153.12,2025-03-30 02:00:30+00:00,0.0,0.0,0.0,0.0
Faltec Europe Ltd,219.0,6.0,153.12,2025-03-30 02:15:30+00:00,0.0,0.0,0.0,0.0
Faltec Europe Ltd,219.0,6.0,153.12,2025-03-30 02:30:30+00:00,0.0,0.0,0.0,0.0
Faltec Europe Ltd,219.0,6.0,153.12,2025-03-30 02:45:30+00:00,0.0,0.0,0.0,0.0
Faltec Europe Ltd,219.0,6.0,153.12,2025-03-30 03:00:30+00:00,0.0,0.0,0.0,0.0
Faltec Europe Ltd,219.0,6.0,153.12,2025-03-30 03:15:30+00:00,0.0,0.0,0.0,0.0
Faltec Europe Ltd,219.0,6.0,153.12,2025-03-30 03:30:30+00:00,0.0,0.0,0.0,0.0
Faltec Europe Ltd,219.0,6.0,153.12,2025-03-30 03:45:30+00:00,0.0,0.0,0.0,0.0
Faltec Europe Ltd,219.0,6.0,153.12,2025-03-30 04:00:30+00:00,0.0,0.0,0.0,0.0
Faltec Europe Ltd,219.0,6.0,153.12,2025-03-30 04:15:30+00:00,0.0,0.0,0.0,0.0
Faltec Europe Ltd,219.0,6.0,153.12,2025-03-30 04:30:30+00:00,0.0,0.0,0.0,0.0
Faltec Europe Ltd,219.0,6.0,153.12,2025-03-30 04:45:30+00:00,0.0,0.0,0.0,0.0
Faltec Europe Ltd,219.0,6.0,153.12,2025-03-30 05:00:30+00:00,0.0,0.0,0.0,0.0
Faltec Europe Ltd,219.0,6.0,153.12,2025-03-30 05:15:30+00:00,0.0,0.0,0.0,0.0
Faltec Europe Ltd,219.0,6.0,153.12,2025-03-30 05:30:30+00:00,0.0,0.0,0.0,0.0
Faltec Europe Ltd,219.0,6.0,153.12,2025-03-30 05:45:30+00:00,0.00125,0.00075,0.0015,0.00125
Faltec Europe Ltd,219.0,6.0,153.12,2025-03-30 06:00:30+00:00,0.00375,0.00275,0.0045,0.006
Faltec Europe Ltd,219.0,6.0,153.12,2025-03-30 06:15:30+00:00,0.00775,0.0055,0.009,0.01325
Faltec Europe Ltd,219.0,6.0,153.12,2025-03-30 06:30:30+00:00,0.01475,0.011,0.017,0.0215
Faltec Europe Ltd,219.0,6.0,153.12,2025-03-30 06:45:30+00:00,0.023,0.01775,0.026,0.03025
Faltec Europe Ltd,219.0,6.0,153.12,2025-03-30 07:00:30+00:00,0.032,0.02575,0.03575,0.0395
Faltec Europe Ltd,219.0,6.0,153.12,2025-03-30 07:15:30+00:00,0.04175,0.0345,0.04625,0.049
Faltec Europe Ltd,219.0,6.0,153.12,2025-03-30 07:30:30+00:00,0.0515,0.04425,0.057,0.05825
Faltec Europe Ltd,219.0,6.0,153.12,2025-03-30 07:45:30+00:00,0.06125,0.05425,0.06775,0.0675
Faltec Europe Ltd,219.0,6.0,153.12,2025-03-30 08:00:30+00:00,0.07125,0.065,0.07775,0.0765
Faltec Europe Ltd,219.0,6.0,153.12,2025-03-30 08:15:30+00:00,0.08125,0.07575,0.0865,0.0855
Faltec Europe Ltd,219.0,6.0,153.12,2025-03-30 08:30:30+00:00,0.091,0.08625,0.0955,0.09425
Faltec Europe Ltd,219.0,6.0,153.12,2025-03-30 08:45:30+00:00,0.10025,0.096,0.1045,0.1025
Faltec Europe Ltd,219.0,6.0,153.12,2025-03-30 09:00:30+00:00,0.1095,0.105,0.11375,0.11025
Faltec Europe Ltd,219.0,6.0,153.12,2025-03-30 09:15:30+00:00,0.1185,0.11375,0.123,0.118
Faltec Europe Ltd,219.0,6.0,153.12,2025-03-30 09:30:30+00:00,0.12675,0.12175,0.1315,0.125
Faltec Europe Ltd,219.0,6.0,153.12,2025-03-30 09:45:30+00:00,0.1345,0.12925,0.1395,0.13125
Faltec Europe Ltd,219.0,6.0,153.12,2025-03-30 10:00:30+00:00,0.14175,0.13625,0.147,0.13725
Faltec Europe Ltd,219.0,6.0,153.12,2025-03-30 10:15:30+00:00,0.1485,0.14225,0.15425,0.14275
Faltec Europe Ltd,219.0,6.0,153.12,2025-03-30 10:30:30+00:00,0.1545,0.14725,0.16125,0.14725
Faltec Europe Ltd,219.0,6.0,153.12,2025-03-30 10:45:30+00:00,0.1595,0.1495,0.16875,0.151
Faltec Europe Ltd,219.0,6.0,153.12,2025-03-30 11:00:30+00:00,0.16325,0.151,0.1745,0.1535
Faltec Europe Ltd,219.0,6.0,153.12,2025-03-30 11:15:30+00:00,0.16525,0.15025,0.17825,0.1545
Faltec Europe Ltd,219.0,6.0,153.12,2025-03-30 11:30:30+00:00,0.1635,0.15075,0.18025,0.152
Faltec Europe Ltd,219.0,6.0,153.12,2025-03-30 11:45:30+00:00,0.1675,0.15075,0.17975,0.155
Faltec Europe Ltd,219.0,6.0,153.12,2025-03-30 12:00:30+00:00,0.16425,0.14875,0.18125,0.15125
Faltec Europe Ltd,219.0,6.0,153.12,2025-03-30 12:15:30+00:00,0.163,0.1435,0.18425,0.14925
Faltec Europe Ltd,219.0,6.0,153.12,2025-03-30 12:30:30+00:00,0.16375,0.13525,0.1855,0.14925
Faltec Europe Ltd,219.0,6.0,153.12,2025-03-30 12:45:30+00:00,0.1525,0.12075,0.18275,0.1395
Faltec Europe Ltd,219.0,6.0,153.12,2025-03-30 13:00:30+00:00,0.138,0.103,0.18275,0.127
Faltec Europe Ltd,219.0,6.0,153.12,2025-03-30 13:15:30+00:00,0.14025,0.0815,0.1845,0.12775
Faltec Europe Ltd,219.0,6.0,153.12,2025-03-30 13:30:30+00:00,0.1195,0.057,0.177,0.11025
Faltec Europe Ltd,219.0,6.0,153.12,2025-03-30 13:45:30+00:00,0.089,0.0365,0.148,0.08475
Faltec Europe Ltd,219.0,6.0,153.12,2025-03-30 14:00:30+00:00,0.07,0.0315,0.117,0.0675
Faltec Europe Ltd,219.0,6.0,153.12,2025-03-30 14:15:30+00:00,0.06425,0.03575,0.09775,0.062
Faltec Europe Ltd,219.0,6.0,153.12,2025-03-30 14:30:30+00:00,0.066,0.03975,0.09675,0.0635
Faltec Europe Ltd,219.0,6.0,153.12,2025-03-30 14:45:30+00:00,0.07475,0.0385,0.106,0.0705
Faltec Europe Ltd,219.0,6.0,153.12,2025-03-30 15:00:30+00:00,0.0745,0.04375,0.11125,0.07
Faltec Europe Ltd,219.0,6.0,153.12,2025-03-30 15:15:30+00:00,0.0845,0.05175,0.112,0.07675
Faltec Europe Ltd,219.0,6.0,153.12,2025-03-30 15:30:30+00:00,0.0855,0.059,0.10375,0.076
Faltec Europe Ltd,219.0,6.0,153.12,2025-03-30 15:45:30+00:00,0.071,0.05825,0.0945,0.064
Faltec Europe Ltd,219.0,6.0,153.12,2025-03-30 16:00:30+00:00,0.07575,0.0565,0.08825,0.066
Faltec Europe Ltd,219.0,6.0,153.12,2025-03-30 16:15:30+00:00,0.06825,0.053,0.08425,0.05875
Faltec Europe Ltd,219.0,6.0,153.12,2025-03-30 16:30:30+00:00,0.062,0.04725,0.078,0.05225
Faltec Europe Ltd,219.0,6.0,153.12,2025-03-30 16:45:30+00:00,0.05725,0.04325,0.07075,0.047
Faltec Europe Ltd,219.0,6.0,153.12,2025-03-30 17:00:30+00:00,0.05125,0.03775,0.061,0.041
Faltec Europe Ltd,219.0,6.0,153.12,2025-03-30 17:15:30+00:00,0.0425,0.031,0.0495,0.03325
Faltec Europe Ltd,219.0,6.0,153.12,2025-03-30 17:30:30+00:00,0.03275,0.02225,0.03775,0.02525
Faltec Europe Ltd,219.0,6.0,153.12,2025-03-30 17:45:30+00:00,0.02025,0.0135,0.0255,0.0155
Faltec Europe Ltd,219.0,6.0,153.12,2025-03-30 18:00:30+00:00,0.0105,0.00675,0.0145,0.008
Faltec Europe Ltd,219.0,6.0,153.12,2025-03-30 18:15:30+00:00,0.003,0.00225,0.00425,0.00275
Faltec Europe Ltd,219.0,6.0,153.12,2025-03-30 18:30:30+00:00,0.00025,0.00025,0.0005,0.00025
Faltec Europe Ltd,219.0,6.0,153.12,2025-03-30 18:45:30+00:00,0.0,0.0,0.0,0.0
Faltec Europe Ltd,219.0,6.0,153.12,2025-03-30 19:00:30+00:00,0.0,0.0,0.0,0.0
Faltec Europe Ltd,219.0,6.0,153.12,2025-03-30 19:15:30+00:00,0.0,0.0,0.0,0.0
Faltec Europe Ltd,219.0,6.0,153.12,2025-03-30 19:30:30+00:00,0.0,0.0,0.0,0.0
Faltec Europe Ltd,219.0,6.0,153.12,2025-03-30 19:45:30+00:00,0.0,0.0,0.0,0.0
Faltec Europe Ltd,219.0,6.0,153.12,2025-03-30 20:00:30+00:00,0.0,0.0,0.0,0.0
Faltec Europe Ltd,219.0,6.0,153.12,2025-03-30 20:15:30+00:00,0.0,0.0,0.0,0.0
Faltec Europe Ltd,219.0,6.0,153.12,2025-03-30 20:30:30+00:00,0.0,0.0,0.0,0.0
Faltec Europe Ltd,219.0,6.0,153.12,2025-03-30 20:45:30+00:00,0.0,0.0,0.0,0.0
Faltec Europe Ltd,219.0,6.0,153.12,2025-03-30 21:00:30+00:00,0.0,0.0,0.0,0.0
Faltec Europe Ltd,219.0,6.0,153.12,2025-03-30 21:15:30+00:00,0.0,0.0,0.0,0.0
Faltec Europe Ltd,219.0,6.0,153.12,2025-03-30 21:30:30+00:00,0.0,0.0,0.0,0.0
Faltec Europe Ltd,219.0,6.0,153.12,2025-03-30 21:45:30+00:00,0.0,0.0,0.0,0.0
Faltec Europe Ltd,219.0,6.0,153.12,2025-03-30 22:00:30+00:00,0.0,0.0,0.0,0.0
Faltec Europe Ltd,219.0,6.0,153.12,2025-03-30 22:15:30+00:00,0.0,0.0,0.0,0.0
Faltec Europe Ltd,219.0,6.0,153.12,2025-03-30 22:30:30+00:00,0.0,0.0,0.0,0.0
Faltec Europe Ltd,219.0,6.0,153.12,2025-03-30 22:45:30+00:00,0.0,0.0,0.0,0.0
Faltec Europe Ltd,219.0,6.0,153.12,2025-03-30 23:00:30+00:00,0.0,0.0,0.0,0.0
Faltec Europe Ltd,219.0,6.0,153.12,2025-03-30 23:15:30+00:00,0.0,0.0,0.0,0.0
Faltec Europe Ltd,219.0,6.0,153.12,2025-03-30 23:30:30+00:00,0.0,0.0,0.0,0.0
Faltec Europe Ltd,219.0,6.0,153.12,2025-03-30 23:45:30+00:00,0.0,0.0,0.0,0.0
Faltec Europe Ltd,219.0,6.0,153.12,2025-03-31 00:00:30+00:00,0.0,0.0,0.0,0.0
Faltec Europe Ltd,219.0,6.0,153.12,2025-03-31 00:15:30+00:00,0.0,0.0,0.0,0.0
Faltec Europe Ltd,219.0,6.0,153.12,2025-03-31 00:30:30+00:00,0.0,0.0,0.0,0.0
Faltec Europe Ltd,219.0,6.0,153.12,2025-03-31 00:45:30+00:00,0.0,0.0,0.0,0.0
Faltec Europe Ltd,219.0,6.0,153.12,2025-03-31 01:00:30+00:00,0.0,0.0,0.0,0.0
Faltec Europe Ltd,219.0,6.0,153.12,2025-03-31 01:15:30+00:00,0.0,0.0,0.0,0.0
Faltec Europe Ltd,219.0,6.0,153.12,2025-03-31 01:30:30+00:00,0.0,0.0,0.0,0.0
Faltec Europe Ltd,219.0,6.0,153.12,2025-03-31 01:45:30+00:00,0.0,0.0,0.0,0.0
Faltec Europe Ltd,219.0,6.0,153.12,2025-03-31 02:00:30+00:00,0.0,0.0,0.0,0.0
Faltec Europe Ltd,219.0,6.0,153.12,2025-03-31 02:15:30+00:00,0.0,0.0,0.0,0.0
Faltec Europe Ltd,219.0,6.0,153.12,2025-03-31 02:30:30+00:00,0.0,0.0,0.0,0.0
Faltec Europe Ltd,219.0,6.0,153.12,2025-03-31 02:45:30+00:00,0.0,0.0,0.0,0.0
Faltec Europe Ltd,219.0,6.0,153.12,2025-03-31 03:00:30+00:00,0.0,0.0,0.0,0.0
Faltec Europe Ltd,219.0,6.0,153.12,2025-03-31 03:15:30+00:00,0.0,0.0,0.0,0.0
Faltec Europe Ltd,219.0,6.0,153.12,2025-03-31 03:30:30+00:00,0.0,0.0,0.0,0.0
Faltec Europe Ltd,219.0,6.0,153.12,2025-03-31 03:45:30+00:00,0.0,0.0,0.0,0.0
Faltec Europe Ltd,219.0,6.0,153.12,2025-03-31 04:00:30+00:00,0.0,0.0,0.0,0.0
Faltec Europe Ltd,219.0,6.0,153.12,2025-03-31 04:15:30+00:00,0.0,0.0,0.0,0.0
Faltec Europe Ltd,219.0,6.0,153.12,2025-03-31 04:30:30+00:00,0.0,0.0,0.0,0.0
Faltec Europe Ltd,219.0,6.0,153.12,2025-03-31 04:45:30+00:00,0.0,0.0,0.0,0.0
Faltec Europe Ltd,219.0,6.0,153.12,2025-03-31 05:00:30+00:00,0.0,0.0,0.0,0.0
Faltec Europe Ltd,219.0,6.0,153.12,2025-03-31 05:15:30+00:00,0.0,0.0,0.0,0.0
Faltec Europe Ltd,219.0,6.0,153.12,2025-03-31 05:30:30+00:00,0.0,0.0,0.0,0.0
Faltec Europe Ltd,219.0,6.0,153.12,2025-03-31 05:45:30+00:00,0.001,0.00025,0.0025,0.001
Faltec Europe Ltd,219.0,6.0,153.12,2025-03-31 06:00:30+00:00,0.003,0.001,0.006,0.00325
Faltec Europe Ltd,219.0,6.0,153.12,2025-03-31 06:15:30+00:00,0.00625,0.002,0.0105,0.00625
Faltec Europe Ltd,219.0,6.0,153.12,2025-03-31 06:30:30+00:00,0.0095,0.004,0.0155,0.0095
Faltec Europe Ltd,219.0,6.0,153.12,2025-03-31 06:45:30+00:00,0.0135,0.006,0.0205,0.01375
Faltec Europe Ltd,219.0,6.0,153.12,2025-03-31 07:00:30+00:00,0.01675,0.008,0.02475,0.017
Faltec Europe Ltd,219.0,6.0,153.12,2025-03-31 07:15:30+00:00,0.019,0.00975,0.02825,0.01925
Faltec Europe Ltd,219.0,6.0,153.12,2025-03-31 07:30:30+00:00,0.0215,0.01225,0.03175,0.02175
Faltec Europe Ltd,219.0,6.0,153.12,2025-03-31 07:45:30+00:00,0.0255,0.0155,0.036,0.02575
Faltec Europe Ltd,219.0,6.0,153.12,2025-03-31 08:00:30+00:00,0.03,0.02,0.04125,0.0305
Faltec Europe Ltd,219.0,6.0,153.12,2025-03-31 08:15:30+00:00,0.03625,0.0255,0.0465,0.037
Faltec Europe Ltd,219.0,6.0,153.12,2025-03-31 08:30:30+00:00,0.0415,0.03025,0.05225,0.04225
Faltec Europe Ltd,219.0,6.0,153.12,2025-03-31 08:45:30+00:00,0.04575,0.0325,0.05625,0.04625
Faltec Europe Ltd,219.0,6.0,153.12,2025-03-31 09:00:30+00:00,0.0455,0.0315,0.05875,0.046
Faltec Europe Ltd,219.0,6.0,153.12,2025-03-31 09:15:30+00:00,0.044,0.02825,0.0625,0.04425
Faltec Europe Ltd,219.0,6.0,153.12,2025-03-31 09:30:30+00:00,0.04625,0.027,0.07025,0.0465
Faltec Europe Ltd,219.0,6.0,153.12,2025-03-31 09:45:30+00:00,0.0555,0.031,0.08425,0.05575
Faltec Europe Ltd,219.0,6.0,153.12,2025-03-31 10:00:30+00:00,0.07125,0.041,0.09575,0.071
Faltec Europe Ltd,219.0,6.0,153.12,2025-03-31 10:15:30+00:00,0.078,0.05325,0.1015,0.07725
Faltec Europe Ltd,219.0,6.0,153.12,2025-03-31 10:30:30+00:00,0.0825,0.061,0.1035,0.0815
Faltec Europe Ltd,219.0,6.0,153.12,2025-03-31 10:45:30+00:00,0.086,0.06525,0.1095,0.0845
Faltec Europe Ltd,219.0,6.0,153.12,2025-03-31 11:00:30+00:00,0.0935,0.06825,0.121,0.0915
Faltec Europe Ltd,219.0,6.0,153.12,2025-03-31 11:15:30+00:00,0.10475,0.07575,0.13325,0.10125
Faltec Europe Ltd,219.0,6.0,153.12,2025-03-31 11:30:30+00:00,0.11425,0.08375,0.14225,0.10975
Faltec Europe Ltd,219.0,6.0,153.12,2025-03-31 11:45:30+00:00,0.11925,0.09,0.148,0.114
Faltec Europe Ltd,219.0,6.0,153.12,2025-03-31 12:00:30+00:00,0.12325,0.0945,0.156,0.11725
Faltec Europe Ltd,219.0,6.0,153.12,2025-03-31 12:15:30+00:00,0.1345,0.1025,0.1655,0.126
Faltec Europe Ltd,219.0,6.0,153.12,2025-03-31 12:30:30+00:00,0.143,0.11375,0.17125,0.133
Faltec Europe Ltd,219.0,6.0,153.12,2025-03-31 12:45:30+00:00,0.151,0.12375,0.173,0.13825
Faltec Europe Ltd,219.0,6.0,153.12,2025-03-31 13:00:30+00:00,0.1495,0.12175,0.17475,0.1365
Faltec Europe Ltd,219.0,6.0,153.12,2025-03-31 13:15:30+00:00,0.144,0.10525,0.17725,0.131
Faltec Europe Ltd,219.0,6.0,153.12,2025-03-31 13:30:30+00:00,0.12825,0.074,0.178,0.11775
Faltec Europe Ltd,219.0,6.0,153.12,2025-03-31 13:45:30+00:00,0.10675,0.04475,0.1705,0.09925
Faltec Europe Ltd,219.0,6.0,153.12,2025-03-31 14:00:30+00:00,0.08925,0.02225,0.1505,0.0835
Faltec Europe Ltd,219.0,6.0,153.12,2025-03-31 14:15:30+00:00,0.06075,0.01275,0.11725,0.05875
Faltec Europe Ltd,219.0,6.0,153.12,2025-03-31 14:30:30+00:00,0.0455,0.012,0.09025,0.045
Faltec Europe Ltd,219.0,6.0,153.12,2025-03-31 14:45:30+00:00,0.048,0.01625,0.08025,0.04725
Faltec Europe Ltd,219.0,6.0,153.12,2025-03-31 15:00:30+00:00,0.0515,0.02675,0.08175,0.05
Faltec Europe Ltd,219.0,6.0,153.12,2025-03-31 15:15:30+00:00,0.063,0.03325,0.0825,0.0595
Faltec Europe Ltd,219.0,6.0,153.12,2025-03-31 15:30:30+00:00,0.05725,0.0395,0.0755,0.05425
Faltec Europe Ltd,219.0,6.0,153.12,2025-03-31 15:45:30+00:00,0.052,0.04025,0.06725,0.04925
Faltec Europe Ltd,219.0,6.0,153.12,2025-03-31 16:00:30+00:00,0.0525,0.03825,0.06125,0.049
Faltec Europe Ltd,219.0,6.0,153.12,2025-03-31 16:15:30+00:00,0.04325,0.029,0.0595,0.04075
Faltec Europe Ltd,219.0,6.0,153.12,2025-03-31 16:30:30+00:00,0.037,0.01825,0.0535,0.03475
Faltec Europe Ltd,219.0,6.0,153.12,2025-03-31 16:45:30+00:00,0.0265,0.009,0.0435,0.0255
Faltec Europe Ltd,219.0,6.0,153.12,2025-03-31 17:00:30+00:00,0.01525,0.00575,0.032,0.01525
Faltec Europe Ltd,219.0,6.0,153.12,2025-03-31 17:15:30+00:00,0.016,0.0035,0.0245,0.0155
Faltec Europe Ltd,219.0,6.0,153.12,2025-03-31 17:30:30+00:00,0.01025,0.00325,0.01825,0.01
Faltec Europe Ltd,219.0,6.0,153.12,2025-03-31 17:45:30+00:00,0.0065,0.0015,0.012,0.0065
Faltec Europe Ltd,219.0,6.0,153.12,2025-03-31 18:00:30+00:00,0.004,0.00075,0.00725,0.004
Faltec Europe Ltd,219.0,6.0,153.12,2025-03-31 18:15:30+00:00,0.0015,0.00025,0.0035,0.0015
Faltec Europe Ltd,219.0,6.0,153.12,2025-03-31 18:30:30+00:00,0.00025,0.0,0.0005,0.00025
Faltec Europe Ltd,219.0,6.0,153.12,2025-03-31 18:45:30+00:00,0.0,0.0,0.0,0.0
Faltec Europe Ltd,219.0,6.0,153.12,2025-03-31 19:00:30+00:00,0.0,0.0,0.0,0.0
Faltec Europe Ltd,219.0,6.0,153.12,2025-03-31 19:15:30+00:00,0.0,0.0,0.0,0.0
Faltec Europe Ltd,219.0,6.0,153.12,2025-03-31 19:30:30+00:00,0.0,0.0,0.0,0.0
Faltec Europe Ltd,219.0,6.0,153.12,2025-03-31 19:45:30+00:00,0.0,0.0,0.0,0.0
Faltec Europe Ltd,219.0,6.0,153.12,2025-03-31 20:00:30+00:00,0.0,0.0,0.0,0.0
Faltec Europe Ltd,219.0,6.0,153.12,2025-03-31 20:15:30+00:00,0.0,0.0,0.0,0.0
Faltec Europe Ltd,219.0,6.0,153.12,2025-03-31 20:30:30+00:00,0.0,0.0,0.0,0.0
Faltec Europe Ltd,219.0,6.0,153.12,2025-03-31 20:45:30+00:00,0.0,0.0,0.0,0.0
Faltec Europe Ltd,219.0,6.0,153.12,2025-03-31 21:00:30+00:00,0.0,0.0,0.0,0.0
Faltec Europe Ltd,219.0,6.0,153.12,2025-03-31 21:15:30+00:00,0.0,0.0,0.0,0.0
Faltec Europe Ltd,219.0,6.0,153.12,2025-03-31 21:30:30+00:00,0.0,0.0,0.0,0.0
Faltec Europe Ltd,219.0,6.0,153.12,2025-03-31 21:45:30+00:00,0.0,0.0,0.0,0.0
Faltec Europe Ltd,219.0,6.0,153.12,2025-03-31 22:00:30+00:00,0.0,0.0,0.0,0.0
Faltec Europe Ltd,219.0,6.0,153.12,2025-03-31 22:15:30+00:00,0.0,0.0,0.0,0.0
Faltec Europe Ltd,219.0,6.0,153.12,2025-03-31 22:30:30+00:00,0.0,0.0,0.0,0.0
Faltec Europe Ltd,219.0,6.0,153.12,2025-03-31 22:45:30+00:00,0.0,0.0,0.0,0.0
Faltec Europe Ltd,219.0,6.0,153.12,2025-03-31 23:00:30+00:00,0.0,0.0,0.0,0.0
Faltec Europe Ltd,219.0,6.0,153.12,2025-03-31 23:15:30+00:00,0.0,0.0,0.0,0.0
Faltec Europe Ltd,219.0,6.0,153.12,2025-03-31 23:30:30+00:00,0.0,0.0,0.0,0.0
Faltec Europe Ltd,219.0,6.0,153.12,2025-03-31 23:45:30+00:00,0.0,0.0,0.0,0.0
Faltec Europe Ltd,38.0,6.0,212.08,2025-03-01 00:00:30+00:00,0.0,0.0,0.0,0.0
Faltec Europe Ltd,38.0,6.0,212.08,2025-03-01 00:15:30+00:00,0.0,0.0,0.0,0.0
Faltec Europe Ltd,38.0,6.0,212.08,2025-03-01 00:30:30+00:00,0.0,0.0,0.0,0.0
Faltec Europe Ltd,38.0,6.0,212.08,2025-03-01 00:45:30+00:00,0.0,0.0,0.0,0.0
Faltec Europe Ltd,38.0,6.0,212.08,2025-03-01 01:00:30+00:00,0.0,0.0,0.0,0.0
Faltec Europe Ltd,38.0,6.0,212.08,2025-03-01 01:15:30+00:00,0.0,0.0,0.0,0.0
Faltec Europe Ltd,38.0,6.0,212.08,2025-03-01 01:30:30+00:00,0.0,0.0,0.0,0.0
Faltec Europe Ltd,38.0,6.0,212.08,2025-03-01 01:45:30+00:00,0.0,0.0,0.0,0.0
Faltec Europe Ltd,38.0,6.0,212.08,2025-03-01 02:00:30+00:00,0.0,0.0,0.0,0.0
Faltec Europe Ltd,38.0,6.0,212.08,2025-03-01 02:15:30+00:00,0.0,0.0,0.0,0.0
Faltec Europe Ltd,38.0,6.0,212.08,2025-03-01 02:30:30+00:00,0.0,0.0,0.0,0.0
Faltec Europe Ltd,38.0,6.0,212.08,2025-03-01 02:45:30+00:00,0.0,0.0,0.0,0.0
Faltec Europe Ltd,38.0,6.0,212.08,2025-03-01 03:00:30+00:00,0.0,0.0,0.0,0.0
Faltec Europe Ltd,38.0,6.0,212.08,2025-03-01 03:15:30+00:00,0.0,0.0,0.0,0.0
Faltec Europe Ltd,38.0,6.0,212.08,2025-03-01 03:30:30+00:00,0.0,0.0,0.0,0.0
Faltec Europe Ltd,38.0,6.0,212.08,2025-03-01 03:45:30+00:00,0.0,0.0,0.0,0.0
Faltec Europe Ltd,38.0,6.0,212.08,2025-03-01 04:00:30+00:00,0.0,0.0,0.0,0.0
Faltec Europe Ltd,38.0,6.0,212.08,2025-03-01 04:15:30+00:00,0.0,0.0,0.0,0.0
Faltec Europe Ltd,38.0,6.0,212.08,2025-03-01 04:30:30+00:00,0.0,0.0,0.0,0.0
Faltec Europe Ltd,38.0,6.0,212.08,2025-03-01 04:45:30+00:00,0.0,0.0,0.0,0.0
Faltec Europe Ltd,38.0,6.0,212.08,2025-03-01 05:00:30+00:00,0.0,0.0,0.0,0.0
Faltec Europe Ltd,38.0,6.0,212.08,2025-03-01 05:15:30+00:00,0.0,0.0,0.0,0.0
Faltec Europe Ltd,38.0,6.0,212.08,2025-03-01 05:30:30+00:00,0.0,0.0,0.0,0.0
Faltec Europe Ltd,38.0,6.0,212.08,2025-03-01 05:45:30+00:00,0.0,0.0,0.0,0.0
Faltec Europe Ltd,38.0,6.0,212.08,2025-03-01 06:00:30+00:00,0.0,0.0,0.0,0.0
Faltec Europe Ltd,38.0,6.0,212.08,2025-03-01 06:15:30+00:00,0.0,0.0,0.0,0.0
Faltec Europe Ltd,38.0,6.0,212.08,2025-03-01 06:30:30+00:00,0.0,0.0,0.0,0.0
Faltec Europe Ltd,38.0,6.0,212.08,2025-03-01 06:45:30+00:00,0.0,0.0,0.0,0.0
Faltec Europe Ltd,38.0,6.0,212.08,2025-03-01 07:00:30+00:00,0.00125,0.00075,0.00225,0.00125
Faltec Europe Ltd,38.0,6.0,212.08,2025-03-01 07:15:30+00:00,0.005,0.00225,0.0085,0.00475
Faltec Europe Ltd,38.0,6.0,212.08,2025-03-01 07:30:30+00:00,0.01075,0.0025,0.015,0.01
Faltec Europe Ltd,38.0,6.0,212.08,2025-03-01 07:45:30+00:00,0.01,0.0025,0.01975,0.00975
Faltec Europe Ltd,38.0,6.0,212.08,2025-03-01 08:00:30+00:00,0.01325,0.00375,0.02475,0.01325
Faltec Europe Ltd,38.0,6.0,212.08,2025-03-01 08:15:30+00:00,0.01975,0.00625,0.032,0.0195
Faltec Europe Ltd,38.0,6.0,212.08,2025-03-01 08:30:30+00:00,0.024,0.01075,0.04125,0.024
Faltec Europe Ltd,38.0,6.0,212.08,2025-03-01 08:45:30+00:00,0.034,0.015,0.05225,0.034
Faltec Europe Ltd,38.0,6.0,212.08,2025-03-01 09:00:30+00:00,0.04225,0.024,0.062,0.0425
Faltec Europe Ltd,38.0,6.0,212.08,2025-03-01 09:15:30+00:00,0.05225,0.03425,0.069,0.05325
Faltec Europe Ltd,38.0,6.0,212.08,2025-03-01 09:30:30+00:00,0.06025,0.045,0.071,0.06225
Faltec Europe Ltd,38.0,6.0,212.08,2025-03-01 09:45:30+00:00,0.06175,0.05275,0.0725,0.06425
Faltec Europe Ltd,38.0,6.0,212.08,2025-03-01 10:00:30+00:00,0.06575,0.05825,0.07375,0.069
Faltec Europe Ltd,38.0,6.0,212.08,2025-03-01 10:15:30+00:00,0.07025,0.063,0.078,0.07425
Faltec Europe Ltd,38.0,6.0,212.08,2025-03-01 10:30:30+00:00,0.075,0.06625,0.08175,0.08025
Faltec Europe Ltd,38.0,6.0,212.08,2025-03-01 10:45:30+00:00,0.07675,0.0685,0.087,0.0825
Faltec Europe Ltd,38.0,6.0,212.08,2025-03-01 11:00:30+00:00,0.081,0.0695,0.092,0.088
Faltec Europe Ltd,38.0,6.0,212.08,2025-03-01 11:15:30+00:00,0.08375,0.0725,0.09675,0.092
Faltec Europe Ltd,38.0,6.0,212.08,2025-03-01 11:30:30+00:00,0.0885,0.0755,0.09975,0.0985
Faltec Europe Ltd,38.0,6.0,212.08,2025-03-01 11:45:30+00:00,0.09075,0.0795,0.09975,0.10225
Faltec Europe Ltd,38.0,6.0,212.08,2025-03-01 12:00:30+00:00,0.09025,0.08225,0.1,0.10225
Faltec Europe Ltd,38.0,6.0,212.08,2025-03-01 12:15:30+00:00,0.09175,0.082,0.098,0.105
Faltec Europe Ltd,38.0,6.0,212.08,2025-03-01 12:30:30+00:00,0.0885,0.08175,0.099,0.1015
Faltec Europe Ltd,38.0,6.0,212.08,2025-03-01 12:45:30+00:00,0.0895,0.08,0.098,0.1045
Faltec Europe Ltd,38.0,6.0,212.08,2025-03-01 13:00:30+00:00,0.08825,0.07925,0.09475,0.105
Faltec Europe Ltd,38.0,6.0,212.08,2025-03-01 13:15:30+00:00,0.084,0.0775,0.09225,0.10025
Faltec Europe Ltd,38.0,6.0,212.08,2025-03-01 13:30:30+00:00,0.0815,0.07325,0.089,0.09875
Faltec Europe Ltd,38.0,6.0,212.08,2025-03-01 13:45:30+00:00,0.078,0.0635,0.08925,0.09575
Faltec Europe Ltd,38.0,6.0,212.08,2025-03-01 14:00:30+00:00,0.0715,0.05425,0.0895,0.08625
Faltec Europe Ltd,38.0,6.0,212.08,2025-03-01 14:15:30+00:00,0.074,0.03725,0.08425,0.09
Faltec Europe Ltd,38.0,6.0,212.08,2025-03-01 14:30:30+00:00,0.0555,0.02325,0.08175,0.06525
Faltec Europe Ltd,38.0,6.0,212.08,2025-03-01 14:45:30+00:00,0.0425,0.01025,0.08,0.04725
Faltec Europe Ltd,38.0,6.0,212.08,2025-03-01 15:00:30+00:00,0.03475,0.007,0.0645,0.0375
Faltec Europe Ltd,38.0,6.0,212.08,2025-03-01 15:15:30+00:00,0.0285,0.006,0.04975,0.03
Faltec Europe Ltd,38.0,6.0,212.08,2025-03-01 15:30:30+00:00,0.0195,0.0075,0.038,0.02
Faltec Europe Ltd,38.0,6.0,212.08,2025-03-01 15:45:30+00:00,0.019,0.006,0.0295,0.01975
Faltec Europe Ltd,38.0,6.0,212.08,2025-03-01 16:00:30+00:00,0.01475,0.0055,0.02575,0.01525
Faltec Europe Ltd,38.0,6.0,212.08,2025-03-01 16:15:30+00:00,0.01275,0.004,0.022,0.013
Faltec Europe Ltd,38.0,6.0,212.08,2025-03-01 16:30:30+00:00,0.01125,0.00325,0.0185,0.0115
Faltec Europe Ltd,38.0,6.0,212.08,2025-03-01 16:45:30+00:00,0.0085,0.0025,0.01375,0.009
Faltec Europe Ltd,38.0,6.0,212.08,2025-03-01 17:00:30+00:00,0.00525,0.00175,0.009,0.0055
Faltec Europe Ltd,38.0,6.0,212.08,2025-03-01 17:15:30+00:00,0.002,0.00075,0.0045,0.002
Faltec Europe Ltd,38.0,6.0,212.08,2025-03-01 17:30:30+00:00,0.00075,0.00025,0.0015,0.00075
Faltec Europe Ltd,38.0,6.0,212.08,2025-03-01 17:45:30+00:00,0.0,0.0,0.0,0.0
Faltec Europe Ltd,38.0,6.0,212.08,2025-03-01 18:00:30+00:00,0.0,0.0,0.0,0.0
Faltec Europe Ltd,38.0,6.0,212.08,2025-03-01 18:15:30+00:00,0.0,0.0,0.0,0.0
Faltec Europe Ltd,38.0,6.0,212.08,2025-03-01 18:30:30+00:00,0.0,0.0,0.0,0.0
Faltec Europe Ltd,38.0,6.0,212.08,2025-03-01 18:45:30+00:00,0.0,0.0,0.0,0.0
Faltec Europe Ltd,38.0,6.0,212.08,2025-03-01 19:00:30+00:00,0.0,0.0,0.0,0.0
Faltec Europe Ltd,38.0,6.0,212.08,2025-03-01 19:15:30+00:00,0.0,0.0,0.0,0.0
Faltec Europe Ltd,38.0,6.0,212.08,2025-03-01 19:30:30+00:00,0.0,0.0,0.0,0.0
Faltec Europe Ltd,38.0,6.0,212.08,2025-03-01 19:45:30+00:00,0.0,0.0,0.0,0.0
Faltec Europe Ltd,38.0,6.0,212.08,2025-03-01 20:00:30+00:00,0.0,0.0,0.0,0.0
Faltec Europe Ltd,38.0,6.0,212.08,2025-03-01 20:15:30+00:00,0.0,0.0,0.0,0.0
Faltec Europe Ltd,38.0,6.0,212.08,2025-03-01 20:30:30+00:00,0.0,0.0,0.0,0.0
Faltec Europe Ltd,38.0,6.0,212.08,2025-03-01 20:45:30+00:00,0.0,0.0,0.0,0.0
Faltec Europe Ltd,38.0,6.0,212.08,2025-03-01 21:00:30+00:00,0.0,0.0,0.0,0.0
Faltec Europe Ltd,38.0,6.0,212.08,2025-03-01 21:15:30+00:00,0.0,0.0,0.0,0.0
Faltec Europe Ltd,38.0,6.0,212.08,2025-03-01 21:30:30+00:00,0.0,0.0,0.0,0.0
Faltec Europe Ltd,38.0,6.0,212.08,2025-03-01 21:45:30+00:00,0.0,0.0,0.0,0.0
Faltec Europe Ltd,38.0,6.0,212.08,2025-03-01 22:00:30+00:00,0.0,0.0,0.0,0.0
Faltec Europe Ltd,38.0,6.0,212.08,2025-03-01 22:15:30+00:00,0.0,0.0,0.0,0.0
Faltec Europe Ltd,38.0,6.0,212.08,2025-03-01 22:30:30+00:00,0.0,0.0,0.0,0.0
Faltec Europe Ltd,38.0,6.0,212.08,2025-03-01 22:45:30+00:00,0.0,0.0,0.0,0.0
Faltec Europe Ltd,38.0,6.0,212.08,2025-03-01 23:00:30+00:00,0.0,0.0,0.0,0.0
Faltec Europe Ltd,38.0,6.0,212.08,2025-03-01 23:15:30+00:00,0.0,0.0,0.0,0.0
Faltec Europe Ltd,38.0,6.0,212.08,2025-03-01 23:30:30+00:00,0.0,0.0,0.0,0.0
Faltec Europe Ltd,38.0,6.0,212.08,2025-03-01 23:45:30+00:00,0.0,0.0,0.0,0.0
Faltec Europe Ltd,38.0,6.0,212.08,2025-03-02 00:00:30+00:00,0.0,0.0,0.0,0.0
Faltec Europe Ltd,38.0,6.0,212.08,2025-03-02 00:15:30+00:00,0.0,0.0,0.0,0.0
Faltec Europe Ltd,38.0,6.0,212.08,2025-03-02 00:30:30+00:00,0.0,0.0,0.0,0.0
Faltec Europe Ltd,38.0,6.0,212.08,2025-03-02 00:45:30+00:00,0.0,0.0,0.0,0.0
Faltec Europe Ltd,38.0,6.0,212.08,2025-03-02 01:00:30+00:00,0.0,0.0,0.0,0.0
Faltec Europe Ltd,38.0,6.0,212.08,2025-03-02 01:15:30+00:00,0.0,0.0,0.0,0.0
Faltec Europe Ltd,38.0,6.0,212.08,2025-03-02 01:30:30+00:00,0.0,0.0,0.0,0.0
Faltec Europe Ltd,38.0,6.0,212.08,2025-03-02 01:45:30+00:00,0.0,0.0,0.0,0.0
Faltec Europe Ltd,38.0,6.0,212.08,2025-03-02 02:00:30+00:00,0.0,0.0,0.0,0.0
Faltec Europe Ltd,38.0,6.0,212.08,2025-03-02 02:15:30+00:00,0.0,0.0,0.0,0.0
Faltec Europe Ltd,38.0,6.0,212.08,2025-03-02 02:30:30+00:00,0.0,0.0,0.0,0.0
Faltec Europe Ltd,38.0,6.0,212.08,2025-03-02 02:45:30+00:00,0.0,0.0,0.0,0.0
Faltec Europe Ltd,38.0,6.0,212.08,2025-03-02 03:00:30+00:00,0.0,0.0,0.0,0.0
Faltec Europe Ltd,38.0,6.0,212.08,2025-03-02 03:15:30+00:00,0.0,0.0,0.0,0.0
Faltec Europe Ltd,38.0,6.0,212.08,2025-03-02 03:30:30+00:00,0.0,0.0,0.0,0.0
Faltec Europe Ltd,38.0,6.0,212.08,2025-03-02 03:45:30+00:00,0.0,0.0,0.0,0.0
Faltec Europe Ltd,38.0,6.0,212.08,2025-03-02 04:00:30+00:00,0.0,0.0,0.0,0.0
Faltec Europe Ltd,38.0,6.0,212.08,2025-03-02 04:15:30+00:00,0.0,0.0,0.0,0.0
Faltec Europe Ltd,38.0,6.0,212.08,2025-03-02 04:30:30+00:00,0.0,0.0,0.0,0.0
Faltec Europe Ltd,38.0,6.0,212.08,2025-03-02 04:45:30+00:00,0.0,0.0,0.0,0.0
Faltec Europe Ltd,38.0,6.0,212.08,2025-03-02 05:00:30+00:00,0.0,0.0,0.0,0.0
Faltec Europe Ltd,38.0,6.0,212.08,2025-03-02 05:15:30+00:00,0.0,0.0,0.0,0.0
Faltec Europe Ltd,38.0,6.0,212.08,2025-03-02 05:30:30+00:00,0.0,0.0,0.0,0.0
Faltec Europe Ltd,38.0,6.0,212.08,2025-03-02 05:45:30+00:00,0.0,0.0,0.0,0.0
Faltec Europe Ltd,38.0,6.0,212.08,2025-03-02 06:00:30+00:00,0.0,0.0,0.0,0.0
Faltec Europe Ltd,38.0,6.0,212.08,2025-03-02 06:15:30+00:00,0.0,0.0,0.0,0.0
Faltec Europe Ltd,38.0,6.0,212.08,2025-03-02 06:30:30+00:00,0.0,0.0,0.0,0.0
Faltec Europe Ltd,38.0,6.0,212.08,2025-03-02 06:45:30+00:00,0.0,0.0,0.0,0.0
Faltec Europe Ltd,38.0,6.0,212.08,2025-03-02 07:00:30+00:00,0.00175,0.001,0.003,0.00175
Faltec Europe Ltd,38.0,6.0,212.08,2025-03-02 07:15:30+00:00,0.00475,0.0025,0.008,0.00475
Faltec Europe Ltd,38.0,6.0,212.08,2025-03-02 07:30:30+00:00,0.0095,0.005,0.01425,0.00925
Faltec Europe Ltd,38.0,6.0,212.08,2025-03-02 07:45:30+00:00,0.01475,0.00825,0.021,0.01425
Faltec Europe Ltd,38.0,6.0,212.08,2025-03-02 08:00:30+00:00,0.0195,0.012,0.02775,0.019
Faltec Europe Ltd,38.0,6.0,212.08,2025-03-02 08:15:30+00:00,0.02575,0.015,0.03625,0.02525
Faltec Europe Ltd,38.0,6.0,212.08,2025-03-02 08:30:30+00:00,0.031,0.01375,0.045,0.03075
Faltec Europe Ltd,38.0,6.0,212.08,2025-03-02 08:45:30+00:00,0.03075,0.0065,0.05275,0.03075
Faltec Europe Ltd,38.0,6.0,212.08,2025-03-02 09:00:30+00:00,0.027,0.00525,0.05475,0.02725
Faltec Europe Ltd,38.0,6.0,212.08,2025-03-02 09:15:30+00:00,0.0205,0.00575,0.04975,0.02075
Faltec Europe Ltd,38.0,6.0,212.08,2025-03-02 09:30:30+00:00,0.01375,0.00625,0.04,0.014
Faltec Europe Ltd,38.0,6.0,212.08,2025-03-02 09:45:30+00:00,0.01325,0.00675,0.03475,0.0135
Faltec Europe Ltd,38.0,6.0,212.08,2025-03-02 10:00:30+00:00,0.016,0.00725,0.0425,0.01625
Faltec Europe Ltd,38.0,6.0,212.08,2025-03-02 10:15:30+00:00,0.01425,0.00775,0.0575,0.0145
Faltec Europe Ltd,38.0,6.0,212.08,2025-03-02 10:30:30+00:00,0.03125,0.008,0.093,0.032
Faltec Europe Ltd,38.0,6.0,212.08,2025-03-02 10:45:30+00:00,0.08375,0.02325,0.1085,0.08975
Faltec Europe Ltd,38.0,6.0,212.08,2025-03-02 11:00:30+00:00,0.09675,0.05475,0.1095,0.1065
Faltec Europe Ltd,38.0,6.0,212.08,2025-03-02 11:15:30+00:00,0.0955,0.07,0.111,0.1065
Faltec Europe Ltd,38.0,6.0,212.08,2025-03-02 11:30:30+00:00,0.09575,0.0785,0.111,0.1075
Faltec Europe Ltd,38.0,6.0,212.08,2025-03-02 11:45:30+00:00,0.093,0.07075,0.114,0.1045
Faltec Europe Ltd,38.0,6.0,212.08,2025-03-02 12:00:30+00:00,0.0905,0.06125,0.11475,0.10175
Faltec Europe Ltd,38.0,6.0,212.08,2025-03-02 12:15:30+00:00,0.0845,0.04975,0.1125,0.094
Faltec Europe Ltd,38.0,6.0,212.08,2025-03-02 12:30:30+00:00,0.0685,0.042,0.10925,0.07425
Faltec Europe Ltd,38.0,6.0,212.08,2025-03-02 12:45:30+00:00,0.0705,0.03425,0.1055,0.07725
Faltec Europe Ltd,38.0,6.0,212.08,2025-03-02 13:00:30+00:00,0.07025,0.02375,0.1005,0.0775
Faltec Europe Ltd,38.0,6.0,212.08,2025-03-02 13:15:30+00:00,0.04725,0.013,0.09075,0.05025
Faltec Europe Ltd,38.0,6.0,212.08,2025-03-02 13:30:30+00:00,0.036,0.0085,0.074,0.037
Faltec Europe Ltd,38.0,6.0,212.08,2025-03-02 13:45:30+00:00,0.036,0.0095,0.0635,0.03725
Faltec Europe Ltd,38.0,6.0,212.08,2025-03-02 14:00:30+00:00,0.037,0.0125,0.0535,0.03825
Faltec Europe Ltd,38.0,6.0,212.08,2025-03-02 14:15:30+00:00,0.026,0.0075,0.05025,0.02675
Faltec Europe Ltd,38.0,6.0,212.08,2025-03-02 14:30:30+00:00,0.01875,0.007,0.04825,0.019
Faltec Europe Ltd,38.0,6.0,212.08,2025-03-02 14:45:30+00:00,0.022,0.0065,0.05325,0.0225
Faltec Europe Ltd,38.0,6.0,212.08,2025-03-02 15:00:30+00:00,0.03375,0.00675,0.05225,0.037
Faltec Europe Ltd,38.0,6.0,212.08,2025-03-02 15:15:30+00:00,0.0325,0.01375,0.04925,0.0355
Faltec Europe Ltd,38.0,6.0,212.08,2025-03-02 15:30:30+00:00,0.02825,0.015,0.04075,0.03075
Faltec Europe Ltd,38.0,6.0,212.08,2025-03-02 15:45:30+00:00,0.023,0.01375,0.0335,0.0245
Faltec Europe Ltd,38.0,6.0,212.08,2025-03-02 16:00:30+00:00,0.01875,0.01025,0.02825,0.01975
Faltec Europe Ltd,38.0,6.0,212.08,2025-03-02 16:15:30+00:00,0.0155,0.008,0.02375,0.01625
Faltec Europe Ltd,38.0,6.0,212.08,2025-03-02 16:30:30+00:00,0.01275,0.00575,0.01875,0.0135
Faltec Europe Ltd,38.0,6.0,212.08,2025-03-02 16:45:30+00:00,0.009,0.00375,0.0145,0.0095
Faltec Europe Ltd,38.0,6.0,212.08,2025-03-02 17:00:30+00:00,0.0055,0.002,0.0095,0.0055
Faltec Europe Ltd,38.0,6.0,212.08,2025-03-02 17:15:30+00:00,0.00225,0.00075,0.005,0.00225
Faltec Europe Ltd,38.0,6.0,212.08,2025-03-02 17:30:30+00:00,0.00075,0.00025,0.00175,0.00075
Faltec Europe Ltd,38.0,6.0,212.08,2025-03-02 17:45:30+00:00,0.0,0.0,0.0,0.0
Faltec Europe Ltd,38.0,6.0,212.08,2025-03-02 18:00:30+00:00,0.0,0.0,0.0,0.0
Faltec Europe Ltd,38.0,6.0,212.08,2025-03-02 18:15:30+00:00,0.0,0.0,0.0,0.0
Faltec Europe Ltd,38.0,6.0,212.08,2025-03-02 18:30:30+00:00,0.0,0.0,0.0,0.0
Faltec Europe Ltd,38.0,6.0,212.08,2025-03-02 18:45:30+00:00,0.0,0.0,0.0,0.0
Faltec Europe Ltd,38.0,6.0,212.08,2025-03-02 19:00:30+00:00,0.0,0.0,0.0,0.0
Faltec Europe Ltd,38.0,6.0,212.08,2025-03-02 19:15:30+00:00,0.0,0.0,0.0,0.0
Faltec Europe Ltd,38.0,6.0,212.08,2025-03-02 19:30:30+00:00,0.0,0.0,0.0,0.0
Faltec Europe Ltd,38.0,6.0,212.08,2025-03-02 19:45:30+00:00,0.0,0.0,0.0,0.0
Faltec Europe Ltd,38.0,6.0,212.08,2025-03-02 20:00:30+00:00,0.0,0.0,0.0,0.0
Faltec Europe Ltd,38.0,6.0,212.08,2025-03-02 20:15:30+00:00,0.0,0.0,0.0,0.0
Faltec Europe Ltd,38.0,6.0,212.08,2025-03-02 20:30:30+00:00,0.0,0.0,0.0,0.0
Faltec Europe Ltd,38.0,6.0,212.08,2025-03-02 20:45:30+00:00,0.0,0.0,0.0,0.0
Faltec Europe Ltd,38.0,6.0,212.08,2025-03-02 21:00:30+00:00,0.0,0.0,0.0,0.0
Faltec Europe Ltd,38.0,6.0,212.08,2025-03-02 21:15:30+00:00,0.0,0.0,0.0,0.0
Faltec Europe Ltd,38.0,6.0,212.08,2025-03-02 21:30:30+00:00,0.0,0.0,0.0,0.0
Faltec Europe Ltd,38.0,6.0,212.08,2025-03-02 21:45:30+00:00,0.0,0.0,0.0,0.0
Faltec Europe Ltd,38.0,6.0,212.08,2025-03-02 22:00:30+00:00,0.0,0.0,0.0,0.0
Faltec Europe Ltd,38.0,6.0,212.08,2025-03-02 22:15:30+00:00,0.0,0.0,0.0,0.0
Faltec Europe Ltd,38.0,6.0,212.08,2025-03-02 22:30:30+00:00,0.0,0.0,0.0,0.0
Faltec Europe Ltd,38.0,6.0,212.08,2025-03-02 22:45:30+00:00,0.0,0.0,0.0,0.0
Faltec Europe Ltd,38.0,6.0,212.08,2025-03-02 23:00:30+00:00,0.0,0.0,0.0,0.0
Faltec Europe Ltd,38.0,6.0,212.08,2025-03-02 23:15:30+00:00,0.0,0.0,0.0,0.0
Faltec Europe Ltd,38.0,6.0,212.08,2025-03-02 23:30:30+00:00,0.0,0.0,0.0,0.0
Faltec Europe Ltd,38.0,6.0,212.08,2025-03-02 23:45:30+00:00,0.0,0.0,0.0,0.0
Faltec Europe Ltd,38.0,6.0,212.08,2025-03-03 00:00:30+00:00,0.0,0.0,0.0,0.0
Faltec Europe Ltd,38.0,6.0,212.08,2025-03-03 00:15:30+00:00,0.0,0.0,0.0,0.0
Faltec Europe Ltd,38.0,6.0,212.08,2025-03-03 00:30:30+00:00,0.0,0.0,0.0,0.0
Faltec Europe Ltd,38.0,6.0,212.08,2025-03-03 00:45:30+00:00,0.0,0.0,0.0,0.0
Faltec Europe Ltd,38.0,6.0,212.08,2025-03-03 01:00:30+00:00,0.0,0.0,0.0,0.0
Faltec Europe Ltd,38.0,6.0,212.08,2025-03-03 01:15:30+00:00,0.0,0.0,0.0,0.0
Faltec Europe Ltd,38.0,6.0,212.08,2025-03-03 01:30:30+00:00,0.0,0.0,0.0,0.0
Faltec Europe Ltd,38.0,6.0,212.08,2025-03-03 01:45:30+00:00,0.0,0.0,0.0,0.0
Faltec Europe Ltd,38.0,6.0,212.08,2025-03-03 02:00:30+00:00,0.0,0.0,0.0,0.0
Faltec Europe Ltd,38.0,6.0,212.08,2025-03-03 02:15:30+00:00,0.0,0.0,0.0,0.0
Faltec Europe Ltd,38.0,6.0,212.08,2025-03-03 02:30:30+00:00,0.0,0.0,0.0,0.0
Faltec Europe Ltd,38.0,6.0,212.08,2025-03-03 02:45:30+00:00,0.0,0.0,0.0,0.0
Faltec Europe Ltd,38.0,6.0,212.08,2025-03-03 03:00:30+00:00,0.0,0.0,0.0,0.0
Faltec Europe Ltd,38.0,6.0,212.08,2025-03-03 03:15:30+00:00,0.0,0.0,0.0,0.0
Faltec Europe Ltd,38.0,6.0,212.08,2025-03-03 03:30:30+00:00,0.0,0.0,0.0,0.0
Faltec Europe Ltd,38.0,6.0,212.08,2025-03-03 03:45:30+00:00,0.0,0.0,0.0,0.0
Faltec Europe Ltd,38.0,6.0,212.08,2025-03-03 04:00:30+00:00,0.0,0.0,0.0,0.0
Faltec Europe Ltd,38.0,6.0,212.08,2025-03-03 04:15:30+00:00,0.0,0.0,0.0,0.0
Faltec Europe Ltd,38.0,6.0,212.08,2025-03-03 04:30:30+00:00,0.0,0.0,0.0,0.0
Faltec Europe Ltd,38.0,6.0,212.08,2025-03-03 04:45:30+00:00,0.0,0.0,0.0,0.0
Faltec Europe Ltd,38.0,6.0,212.08,2025-03-03 05:00:30+00:00,0.0,0.0,0.0,0.0
Faltec Europe Ltd,38.0,6.0,212.08,2025-03-03 05:15:30+00:00,0.0,0.0,0.0,0.0
Faltec Europe Ltd,38.0,6.0,212.08,2025-03-03 05:30:30+00:00,0.0,0.0,0.0,0.0
Faltec Europe Ltd,38.0,6.0,212.08,2025-03-03 05:45:30+00:00,0.0,0.0,0.0,0.0
Faltec Europe Ltd,38.0,6.0,212.08,2025-03-03 06:00:30+00:00,0.0,0.0,0.0,0.0
Faltec Europe Ltd,38.0,6.0,212.08,2025-03-03 06:15:30+00:00,0.0,0.0,0.0,0.0
Faltec Europe Ltd,38.0,6.0,212.08,2025-03-03 06:30:30+00:00,0.0,0.0,0.0,0.0
Faltec Europe Ltd,38.0,6.0,212.08,2025-03-03 06:45:30+00:00,0.00075,0.0005,0.0015,0.00075
Faltec Europe Ltd,38.0,6.0,212.08,2025-03-03 07:00:30+00:00,0.00225,0.00125,0.004,0.00225
Faltec Europe Ltd,38.0,6.0,212.08,2025-03-03 07:15:30+00:00,0.00575,0.003,0.009,0.0055
Faltec Europe Ltd,38.0,6.0,212.08,2025-03-03 07:30:30+00:00,0.0105,0.00575,0.0155,0.01025
Faltec Europe Ltd,38.0,6.0,212.08,2025-03-03 07:45:30+00:00,0.0155,0.00925,0.02225,0.015
Faltec Europe Ltd,38.0,6.0,212.08,2025-03-03 08:00:30+00:00,0.02075,0.013,0.02875,0.0205
Faltec Europe Ltd,38.0,6.0,212.08,2025-03-03 08:15:30+00:00,0.02625,0.018,0.03625,0.02575
Faltec Europe Ltd,38.0,6.0,212.08,2025-03-03 08:30:30+00:00,0.034,0.02325,0.0435,0.0335
Faltec Europe Ltd,38.0,6.0,212.08,2025-03-03 08:45:30+00:00,0.0395,0.0295,0.0495,0.0395
Faltec Europe Ltd,38.0,6.0,212.08,2025-03-03 09:00:30+00:00,0.04475,0.0345,0.056,0.04525
Faltec Europe Ltd,38.0,6.0,212.08,2025-03-03 09:15:30+00:00,0.05125,0.038,0.0615,0.05225
Faltec Europe Ltd,38.0,6.0,212.08,2025-03-03 09:30:30+00:00,0.053,0.03825,0.06525,0.0545
Faltec Europe Ltd,38.0,6.0,212.08,2025-03-03 09:45:30+00:00,0.051,0.03875,0.06625,0.0525
Faltec Europe Ltd,38.0,6.0,212.08,2025-03-03 10:00:30+00:00,0.053,0.04275,0.0655,0.0545
Faltec Europe Ltd,38.0,6.0,212.08,2025-03-03 10:15:30+00:00,0.05775,0.04725,0.06525,0.05975
Faltec Europe Ltd,38.0,6.0,212.08,2025-03-03 10:30:30+00:00,0.05775,0.0515,0.067,0.06
Faltec Europe Ltd,38.0,6.0,212.08,2025-03-03 10:45:30+00:00,0.06175,0.05125,0.0715,0.0645
Faltec Europe Ltd,38.0,6.0,212.08,2025-03-03 11:00:30+00:00,0.0645,0.0485,0.07675,0.0675
Faltec Europe Ltd,38.0,6.0,212.08,2025-03-03 11:15:30+00:00,0.062,0.04325,0.079,0.065
Faltec Europe Ltd,38.0,6.0,212.08,2025-03-03 11:30:30+00:00,0.057,0.0385,0.07625,0.05925
Faltec Europe Ltd,38.0,6.0,212.08,2025-03-03 11:45:30+00:00,0.05325,0.03625,0.07675,0.055
Faltec Europe Ltd,38.0,6.0,212.08,2025-03-03 12:00:30+00:00,0.05775,0.0375,0.07975,0.0605
Faltec Europe Ltd,38.0,6.0,212.08,2025-03-03 12:15:30+00:00,0.06475,0.0425,0.0855,0.0685
Faltec Europe Ltd,38.0,6.0,212.08,2025-03-03 12:30:30+00:00,0.06925,0.04875,0.087,0.07425
Faltec Europe Ltd,38.0,6.0,212.08,2025-03-03 12:45:30+00:00,0.06975,0.05175,0.08425,0.07525
Faltec Europe Ltd,38.0,6.0,212.08,2025-03-03 13:00:30+00:00,0.06525,0.04875,0.079,0.07025
Faltec Europe Ltd,38.0,6.0,212.08,2025-03-03 13:15:30+00:00,0.057,0.04475,0.074,0.06075
Faltec Europe Ltd,38.0,6.0,212.08,2025-03-03 13:30:30+00:00,0.055,0.04175,0.06925,0.05875
Faltec Europe Ltd,38.0,6.0,212.08,2025-03-03 13:45:30+00:00,0.05425,0.03825,0.06675,0.0585
Faltec Europe Ltd,38.0,6.0,212.08,2025-03-03 14:00:30+00:00,0.0485,0.0315,0.06525,0.052
Faltec Europe Ltd,38.0,6.0,212.08,2025-03-03 14:15:30+00:00,0.04225,0.0235,0.06075,0.045
Faltec Europe Ltd,38.0,6.0,212.08,2025-03-03 14:30:30+00:00,0.03525,0.0175,0.054,0.03675
Faltec Europe Ltd,38.0,6.0,212.08,2025-03-03 14:45:30+00:00,0.02875,0.01375,0.049,0.02975
Faltec Europe Ltd,38.0,6.0,212.08,2025-03-03 15:00:30+00:00,0.029,0.011,0.0495,0.03025
Faltec Europe Ltd,38.0,6.0,212.08,2025-03-03 15:15:30+00:00,0.0315,0.01025,0.051,0.034
Faltec Europe Ltd,38.0,6.0,212.08,2025-03-03 15:30:30+00:00,0.0315,0.01275,0.0495,0.035
Faltec Europe Ltd,38.0,6.0,212.08,2025-03-03 15:45:30+00:00,0.02975,0.01525,0.043,0.03475
Faltec Europe Ltd,38.0,6.0,212.08,2025-03-03 16:00:30+00:00,0.02575,0.0155,0.03425,0.03175
Faltec Europe Ltd,38.0,6.0,212.08,2025-03-03 16:15:30+00:00,0.02075,0.01375,0.02775,0.026
Faltec Europe Ltd,38.0,6.0,212.08,2025-03-03 16:30:30+00:00,0.0155,0.01,0.02125,0.01975
Faltec Europe Ltd,38.0,6.0,212.08,2025-03-03 16:45:30+00:00,0.01075,0.0065,0.0155,0.01375
Faltec Europe Ltd,38.0,6.0,212.08,2025-03-03 17:00:30+00:00,0.007,0.00375,0.01025,0.00825
Faltec Europe Ltd,38.0,6.0,212.08,2025-03-03 17:15:30+00:00,0.0035,0.00225,0.006,0.00375
Faltec Europe Ltd,38.0,6.0,212.08,2025-03-03 17:30:30+00:00,0.0015,0.00075,0.0025,0.0015
Faltec Europe Ltd,38.0,6.0,212.08,2025-03-03 17:45:30+00:00,0.0,0.0,0.0,0.0
Faltec Europe Ltd,38.0,6.0,212.08,2025-03-03 18:00:30+00:00,0.0,0.0,0.0,0.0
Faltec Europe Ltd,38.0,6.0,212.08,2025-03-03 18:15:30+00:00,0.0,0.0,0.0,0.0
Faltec Europe Ltd,38.0,6.0,212.08,2025-03-03 18:30:30+00:00,0.0,0.0,0.0,0.0
Faltec Europe Ltd,38.0,6.0,212.08,2025-03-03 18:45:30+00:00,0.0,0.0,0.0,0.0
Faltec Europe Ltd,38.0,6.0,212.08,2025-03-03 19:00:30+00:00,0.0,0.0,0.0,0.0
Faltec Europe Ltd,38.0,6.0,212.08,2025-03-03 19:15:30+00:00,0.0,0.0,0.0,0.0
Faltec Europe Ltd,38.0,6.0,212.08,2025-03-03 19:30:30+00:00,0.0,0.0,0.0,0.0
Faltec Europe Ltd,38.0,6.0,212.08,2025-03-03 19:45:30+00:00,0.0,0.0,0.0,0.0
Faltec Europe Ltd,38.0,6.0,212.08,2025-03-03 20:00:30+00:00,0.0,0.0,0.0,0.0
Faltec Europe Ltd,38.0,6.0,212.08,2025-03-03 20:15:30+00:00,0.0,0.0,0.0,0.0
Faltec Europe Ltd,38.0,6.0,212.08,2025-03-03 20:30:30+00:00,0.0,0.0,0.0,0.0
Faltec Europe Ltd,38.0,6.0,212.08,2025-03-03 20:45:30+00:00,0.0,0.0,0.0,0.0
Faltec Europe Ltd,38.0,6.0,212.08,2025-03-03 21:00:30+00:00,0.0,0.0,0.0,0.0
Faltec Europe Ltd,38.0,6.0,212.08,2025-03-03 21:15:30+00:00,0.0,0.0,0.0,0.0
Faltec Europe Ltd,38.0,6.0,212.08,2025-03-03 21:30:30+00:00,0.0,0.0,0.0,0.0
Faltec Europe Ltd,38.0,6.0,212.08,2025-03-03 21:45:30+00:00,0.0,0.0,0.0,0.0
Faltec Europe Ltd,38.0,6.0,212.08,2025-03-03 22:00:30+00:00,0.0,0.0,0.0,0.0
Faltec Europe Ltd,38.0,6.0,212.08,2025-03-03 22:15:30+00:00,0.0,0.0,0.0,0.0
Faltec Europe Ltd,38.0,6.0,212.08,2025-03-03 22:30:30+00:00,0.0,0.0,0.0,0.0
Faltec Europe Ltd,38.0,6.0,212.08,2025-03-03 22:45:30+00:00,0.0,0.0,0.0,0.0
Faltec Europe Ltd,38.0,6.0,212.08,2025-03-03 23:00:30+00:00,0.0,0.0,0.0,0.0
Faltec Europe Ltd,38.0,6.0,212.08,2025-03-03 23:15:30+00:00,0.0,0.0,0.0,0.0
Faltec Europe Ltd,38.0,6.0,212.08,2025-03-03 23:30:30+00:00,0.0,0.0,0.0,0.0
Faltec Europe Ltd,38.0,6.0,212.08,2025-03-03 23:45:30+00:00,0.0,0.0,0.0,0.0
Faltec Europe Ltd,38.0,6.0,212.08,2025-03-04 00:00:30+00:00,0.0,0.0,0.0,0.0
Faltec Europe Ltd,38.0,6.0,212.08,2025-03-04 00:15:30+00:00,0.0,0.0,0.0,0.0
Faltec Europe Ltd,38.0,6.0,212.08,2025-03-04 00:30:30+00:00,0.0,0.0,0.0,0.0
Faltec Europe Ltd,38.0,6.0,212.08,2025-03-04 00:45:30+00:00,0.0,0.0,0.0,0.0
Faltec Europe Ltd,38.0,6.0,212.08,2025-03-04 01:00:30+00:00,0.0,0.0,0.0,0.0
Faltec Europe Ltd,38.0,6.0,212.08,2025-03-04 01:15:30+00:00,0.0,0.0,0.0,0.0
Faltec Europe Ltd,38.0,6.0,212.08,2025-03-04 01:30:30+00:00,0.0,0.0,0.0,0.0
Faltec Europe Ltd,38.0,6.0,212.08,2025-03-04 01:45:30+00:00,0.0,0.0,0.0,0.0
Faltec Europe Ltd,38.0,6.0,212.08,2025-03-04 02:00:30+00:00,0.0,0.0,0.0,0.0
Faltec Europe Ltd,38.0,6.0,212.08,2025-03-04 02:15:30+00:00,0.0,0.0,0.0,0.0
Faltec Europe Ltd,38.0,6.0,212.08,2025-03-04 02:30:30+00:00,0.0,0.0,0.0,0.0
Faltec Europe Ltd,38.0,6.0,212.08,2025-03-04 02:45:30+00:00,0.0,0.0,0.0,0.0
Faltec Europe Ltd,38.0,6.0,212.08,2025-03-04 03:00:30+00:00,0.0,0.0,0.0,0.0
Faltec Europe Ltd,38.0,6.0,212.08,2025-03-04 03:15:30+00:00,0.0,0.0,0.0,0.0
Faltec Europe Ltd,38.0,6.0,212.08,2025-03-04 03:30:30+00:00,0.0,0.0,0.0,0.0
Faltec Europe Ltd,38.0,6.0,212.08,2025-03-04 03:45:30+00:00,0.0,0.0,0.0,0.0
Faltec Europe Ltd,38.0,6.0,212.08,2025-03-04 04:00:30+00:00,0.0,0.0,0.0,0.0
Faltec Europe Ltd,38.0,6.0,212.08,2025-03-04 04:15:30+00:00,0.0,0.0,0.0,0.0
Faltec Europe Ltd,38.0,6.0,212.08,2025-03-04 04:30:30+00:00,0.0,0.0,0.0,0.0
Faltec Europe Ltd,38.0,6.0,212.08,2025-03-04 04:45:30+00:00,0.0,0.0,0.0,0.0
Faltec Europe Ltd,38.0,6.0,212.08,2025-03-04 05:00:30+00:00,0.0,0.0,0.0,0.0
Faltec Europe Ltd,38.0,6.0,212.08,2025-03-04 05:15:30+00:00,0.0,0.0,0.0,0.0
Faltec Europe Ltd,38.0,6.0,212.08,2025-03-04 05:30:30+00:00,0.0,0.0,0.0,0.0
Faltec Europe Ltd,38.0,6.0,212.08,2025-03-04 05:45:30+00:00,0.0,0.0,0.0,0.0
Faltec Europe Ltd,38.0,6.0,212.08,2025-03-04 06:00:30+00:00,0.0,0.0,0.0,0.0
Faltec Europe Ltd,38.0,6.0,212.08,2025-03-04 06:15:30+00:00,0.0,0.0,0.0,0.0
Faltec Europe Ltd,38.0,6.0,212.08,2025-03-04 06:30:30+00:00,0.0,0.0,0.0,0.0
Faltec Europe Ltd,38.0,6.0,212.08,2025-03-04 06:45:30+00:00,0.0,0.0,0.00025,0.0
Faltec Europe Ltd,38.0,6.0,212.08,2025-03-04 07:00:30+00:00,0.00325,0.00225,0.00425,0.00325
Faltec Europe Ltd,38.0,6.0,212.08,2025-03-04 07:15:30+00:00,0.00975,0.006,0.01325,0.0085
Faltec Europe Ltd,38.0,6.0,212.08,2025-03-04 07:30:30+00:00,0.017,0.00825,0.02225,0.0155
Faltec Europe Ltd,38.0,6.0,212.08,2025-03-04 07:45:30+00:00,0.01925,0.00975,0.03,0.01825
Faltec Europe Ltd,38.0,6.0,212.08,2025-03-04 08:00:30+00:00,0.0235,0.01175,0.034,0.02275
Faltec Europe Ltd,38.0,6.0,212.08,2025-03-04 08:15:30+00:00,0.0255,0.01675,0.0385,0.02525
Faltec Europe Ltd,38.0,6.0,212.08,2025-03-04 08:30:30+00:00,0.034,0.023,0.04325,0.03375
Faltec Europe Ltd,38.0,6.0,212.08,2025-03-04 08:45:30+00:00,0.03925,0.028,0.04875,0.03925
Faltec Europe Ltd,38.0,6.0,212.08,2025-03-04 09:00:30+00:00,0.04175,0.03125,0.05275,0.042
Faltec Europe Ltd,38.0,6.0,212.08,2025-03-04 09:15:30+00:00,0.045,0.03425,0.055,0.04575
Faltec Europe Ltd,38.0,6.0,212.08,2025-03-04 09:30:30+00:00,0.04725,0.0375,0.05725,0.04825
Faltec Europe Ltd,38.0,6.0,212.08,2025-03-04 09:45:30+00:00,0.0495,0.0415,0.05875,0.0505
Faltec Europe Ltd,38.0,6.0,212.08,2025-03-04 10:00:30+00:00,0.05325,0.04475,0.06025,0.05475
Faltec Europe Ltd,38.0,6.0,212.08,2025-03-04 10:15:30+00:00,0.05475,0.04775,0.062,0.05625
Faltec Europe Ltd,38.0,6.0,212.08,2025-03-04 10:30:30+00:00,0.05675,0.0495,0.06425,0.05875
Faltec Europe Ltd,38.0,6.0,212.08,2025-03-04 10:45:30+00:00,0.059,0.0505,0.0675,0.061
Faltec Europe Ltd,38.0,6.0,212.08,2025-03-04 11:00:30+00:00,0.06075,0.0495,0.07,0.0635
Faltec Europe Ltd,38.0,6.0,212.08,2025-03-04 11:15:30+00:00,0.0595,0.04175,0.077,0.062
Faltec Europe Ltd,38.0,6.0,212.08,2025-03-04 11:30:30+00:00,0.05775,0.036,0.0865,0.06
Faltec Europe Ltd,38.0,6.0,212.08,2025-03-04 11:45:30+00:00,0.065,0.03725,0.101,0.06875
Faltec Europe Ltd,38.0,6.0,212.08,2025-03-04 12:00:30+00:00,0.082,0.04725,0.106,0.0895
Faltec Europe Ltd,38.0,6.0,212.08,2025-03-04 12:15:30+00:00,0.08375,0.05625,0.104,0.09225
Faltec Europe Ltd,38.0,6.0,212.08,2025-03-04 12:30:30+00:00,0.07575,0.058,0.098,0.08225
Faltec Europe Ltd,38.0,6.0,212.08,2025-03-04 12:45:30+00:00,0.0735,0.05675,0.0905,0.07925
Faltec Europe Ltd,38.0,6.0,212.08,2025-03-04 13:00:30+00:00,0.071,0.054,0.08625,0.07675
Faltec Europe Ltd,38.0,6.0,212.08,2025-03-04 13:15:30+00:00,0.066,0.05125,0.07975,0.07125
Faltec Europe Ltd,38.0,6.0,212.08,2025-03-04 13:30:30+00:00,0.0595,0.04775,0.075,0.064
Faltec Europe Ltd,38.0,6.0,212.08,2025-03-04 13:45:30+00:00,0.058,0.047,0.0735,0.06275
Faltec Europe Ltd,38.0,6.0,212.08,2025-03-04 14:00:30+00:00,0.06175,0.0465,0.0705,0.069
Faltec Europe Ltd,38.0,6.0,212.08,2025-03-04 14:15:30+00:00,0.0575,0.0435,0.07175,0.06425
Faltec Europe Ltd,38.0,6.0,212.08,2025-03-04 14:30:30+00:00,0.053,0.03275,0.0705,0.0595
Faltec Europe Ltd,38.0,6.0,212.08,2025-03-04 14:45:30+00:00,0.04525,0.02025,0.06825,0.05
Faltec Europe Ltd,38.0,6.0,212.08,2025-03-04 15:00:30+00:00,0.0345,0.01,0.05975,0.037
Faltec Europe Ltd,38.0,6.0,212.08,2025-03-04 15:15:30+00:00,0.024,0.006,0.04775,0.02475
Faltec Europe Ltd,38.0,6.0,212.08,2025-03-04 15:30:30+00:00,0.0205,0.00675,0.0375,0.021
Faltec Europe Ltd,38.0,6.0,212.08,2025-03-04 15:45:30+00:00,0.021,0.00725,0.03,0.022
Faltec Europe Ltd,38.0,6.0,212.08,2025-03-04 16:00:30+00:00,0.015,0.00575,0.02675,0.01525
Faltec Europe Ltd,38.0,6.0,212.08,2025-03-04 16:15:30+00:00,0.01225,0.003,0.023,0.01225
Faltec Europe Ltd,38.0,6.0,212.08,2025-03-04 16:30:30+00:00,0.01025,0.0025,0.021,0.01025
Faltec Europe Ltd,38.0,6.0,212.08,2025-03-04 16:45:30+00:00,0.00975,0.002,0.016,0.011
Faltec Europe Ltd,38.0,6.0,212.08,2025-03-04 17:00:30+00:00,0.00725,0.002,0.01175,0.00775
Faltec Europe Ltd,38.0,6.0,212.08,2025-03-04 17:15:30+00:00,0.0035,0.00125,0.0065,0.0035
Faltec Europe Ltd,38.0,6.0,212.08,2025-03-04 17:30:30+00:00,0.00075,0.0005,0.0015,0.00075
Faltec Europe Ltd,38.0,6.0,212.08,2025-03-04 17:45:30+00:00,0.0,0.0,0.0,0.0
Faltec Europe Ltd,38.0,6.0,212.08,2025-03-04 18:00:30+00:00,0.0,0.0,0.0,0.0
Faltec Europe Ltd,38.0,6.0,212.08,2025-03-04 18:15:30+00:00,0.0,0.0,0.0,0.0
Faltec Europe Ltd,38.0,6.0,212.08,2025-03-04 18:30:30+00:00,0.0,0.0,0.0,0.0
Faltec Europe Ltd,38.0,6.0,212.08,2025-03-04 18:45:30+00:00,0.0,0.0,0.0,0.0
Faltec Europe Ltd,38.0,6.0,212.08,2025-03-04 19:00:30+00:00,0.0,0.0,0.0,0.0
Faltec Europe Ltd,38.0,6.0,212.08,2025-03-04 19:15:30+00:00,0.0,0.0,0.0,0.0
Faltec Europe Ltd,38.0,6.0,212.08,2025-03-04 19:30:30+00:00,0.0,0.0,0.0,0.0
Faltec Europe Ltd,38.0,6.0,212.08,2025-03-04 19:45:30+00:00,0.0,0.0,0.0,0.0
Faltec Europe Ltd,38.0,6.0,212.08,2025-03-04 20:00:30+00:00,0.0,0.0,0.0,0.0
Faltec Europe Ltd,38.0,6.0,212.08,2025-03-04 20:15:30+00:00,0.0,0.0,0.0,0.0
Faltec Europe Ltd,38.0,6.0,212.08,2025-03-04 20:30:30+00:00,0.0,0.0,0.0,0.0
Faltec Europe Ltd,38.0,6.0,212.08,2025-03-04 20:45:30+00:00,0.0,0.0,0.0,0.0
Faltec Europe Ltd,38.0,6.0,212.08,2025-03-04 21:00:30+00:00,0.0,0.0,0.0,0.0
Faltec Europe Ltd,38.0,6.0,212.08,2025-03-04 21:15:30+00:00,0.0,0.0,0.0,0.0
Faltec Europe Ltd,38.0,6.0,212.08,2025-03-04 21:30:30+00:00,0.0,0.0,0.0,0.0
Faltec Europe Ltd,38.0,6.0,212.08,2025-03-04 21:45:30+00:00,0.0,0.0,0.0,0.0
Faltec Europe Ltd,38.0,6.0,212.08,2025-03-04 22:00:30+00:00,0.0,0.0,0.0,0.0
Faltec Europe Ltd,38.0,6.0,212.08,2025-03-04 22:15:30+00:00,0.0,0.0,0.0,0.0
Faltec Europe Ltd,38.0,6.0,212.08,2025-03-04 22:30:30+00:00,0.0,0.0,0.0,0.0
Faltec Europe Ltd,38.0,6.0,212.08,2025-03-04 22:45:30+00:00,0.0,0.0,0.0,0.0
Faltec Europe Ltd,38.0,6.0,212.08,2025-03-04 23:00:30+00:00,0.0,0.0,0.0,0.0
Faltec Europe Ltd,38.0,6.0,212.08,2025-03-04 23:15:30+00:00,0.0,0.0,0.0,0.0
Faltec Europe Ltd,38.0,6.0,212.08,2025-03-04 23:30:30+00:00,0.0,0.0,0.0,0.0
Faltec Europe Ltd,38.0,6.0,212.08,2025-03-04 23:45:30+00:00,0.0,0.0,0.0,0.0
Faltec Europe Ltd,38.0,6.0,212.08,2025-03-05 00:00:30+00:00,0.0,0.0,0.0,0.0
Faltec Europe Ltd,38.0,6.0,212.08,2025-03-05 00:15:30+00:00,0.0,0.0,0.0,0.0
Faltec Europe Ltd,38.0,6.0,212.08,2025-03-05 00:30:30+00:00,0.0,0.0,0.0,0.0
Faltec Europe Ltd,38.0,6.0,212.08,2025-03-05 00:45:30+00:00,0.0,0.0,0.0,0.0
Faltec Europe Ltd,38.0,6.0,212.08,2025-03-05 01:00:30+00:00,0.0,0.0,0.0,0.0
Faltec Europe Ltd,38.0,6.0,212.08,2025-03-05 01:15:30+00:00,0.0,0.0,0.0,0.0
Faltec Europe Ltd,38.0,6.0,212.08,2025-03-05 01:30:30+00:00,0.0,0.0,0.0,0.0
Faltec Europe Ltd,38.0,6.0,212.08,2025-03-05 01:45:30+00:00,0.0,0.0,0.0,0.0
Faltec Europe Ltd,38.0,6.0,212.08,2025-03-05 02:00:30+00:00,0.0,0.0,0.0,0.0
Faltec Europe Ltd,38.0,6.0,212.08,2025-03-05 02:15:30+00:00,0.0,0.0,0.0,0.0
Faltec Europe Ltd,38.0,6.0,212.08,2025-03-05 02:30:30+00:00,0.0,0.0,0.0,0.0
Faltec Europe Ltd,38.0,6.0,212.08,2025-03-05 02:45:30+00:00,0.0,0.0,0.0,0.0
Faltec Europe Ltd,38.0,6.0,212.08,2025-03-05 03:00:30+00:00,0.0,0.0,0.0,0.0
Faltec Europe Ltd,38.0,6.0,212.08,2025-03-05 03:15:30+00:00,0.0,0.0,0.0,0.0
Faltec Europe Ltd,38.0,6.0,212.08,2025-03-05 03:30:30+00:00,0.0,0.0,0.0,0.0
Faltec Europe Ltd,38.0,6.0,212.08,2025-03-05 03:45:30+00:00,0.0,0.0,0.0,0.0
Faltec Europe Ltd,38.0,6.0,212.08,2025-03-05 04:00:30+00:00,0.0,0.0,0.0,0.0
Faltec Europe Ltd,38.0,6.0,212.08,2025-03-05 04:15:30+00:00,0.0,0.0,0.0,0.0
Faltec Europe Ltd,38.0,6.0,212.08,2025-03-05 04:30:30+00:00,0.0,0.0,0.0,0.0
Faltec Europe Ltd,38.0,6.0,212.08,2025-03-05 04:45:30+00:00,0.0,0.0,0.0,0.0
Faltec Europe Ltd,38.0,6.0,212.08,2025-03-05 05:00:30+00:00,0.0,0.0,0.0,0.0
Faltec Europe Ltd,38.0,6.0,212.08,2025-03-05 05:15:30+00:00,0.0,0.0,0.0,0.0
Faltec Europe Ltd,38.0,6.0,212.08,2025-03-05 05:30:30+00:00,0.0,0.0,0.0,0.0
Faltec Europe Ltd,38.0,6.0,212.08,2025-03-05 05:45:30+00:00,0.0,0.0,0.0,0.0
Faltec Europe Ltd,38.0,6.0,212.08,2025-03-05 06:00:30+00:00,0.0,0.0,0.0,0.0
Faltec Europe Ltd,38.0,6.0,212.08,2025-03-05 06:15:30+00:00,0.0,0.0,0.0,0.0
Faltec Europe Ltd,38.0,6.0,212.08,2025-03-05 06:30:30+00:00,0.0,0.0,0.0,0.0
Faltec Europe Ltd,38.0,6.0,212.08,2025-03-05 06:45:30+00:00,0.00025,0.00025,0.0005,0.00025
Faltec Europe Ltd,38.0,6.0,212.08,2025-03-05 07:00:30+00:00,0.00275,0.00125,0.0055,0.00275
Faltec Europe Ltd,38.0,6.0,212.08,2025-03-05 07:15:30+00:00,0.007,0.00175,0.011,0.00675
Faltec Europe Ltd,38.0,6.0,212.08,2025-03-05 07:30:30+00:00,0.009,0.002,0.01625,0.009
Faltec Europe Ltd,38.0,6.0,212.08,2025-03-05 07:45:30+00:00,0.011,0.0025,0.02,0.01125
Faltec Europe Ltd,38.0,6.0,212.08,2025-03-05 08:00:30+00:00,0.01325,0.00375,0.02275,0.01325
Faltec Europe Ltd,38.0,6.0,212.08,2025-03-05 08:15:30+00:00,0.01525,0.0065,0.02525,0.0155
Faltec Europe Ltd,38.0,6.0,212.08,2025-03-05 08:30:30+00:00,0.019,0.009,0.02825,0.019
Faltec Europe Ltd,38.0,6.0,212.08,2025-03-05 08:45:30+00:00,0.02175,0.012,0.032,0.02175
Faltec Europe Ltd,38.0,6.0,212.08,2025-03-05 09:00:30+00:00,0.025,0.0115,0.03875,0.02525
Faltec Europe Ltd,38.0,6.0,212.08,2025-03-05 09:15:30+00:00,0.02875,0.01225,0.04675,0.029
Faltec Europe Ltd,38.0,6.0,212.08,2025-03-05 09:30:30+00:00,0.03425,0.0175,0.0585,0.03475
Faltec Europe Ltd,38.0,6.0,212.08,2025-03-05 09:45:30+00:00,0.05025,0.0235,0.063,0.0515
Faltec Europe Ltd,38.0,6.0,212.08,2025-03-05 10:00:30+00:00,0.0455,0.02625,0.06525,0.04675
Faltec Europe Ltd,38.0,6.0,212.08,2025-03-05 10:15:30+00:00,0.0415,0.0275,0.067,0.04225
Faltec Europe Ltd,38.0,6.0,212.08,2025-03-05 10:30:30+00:00,0.05325,0.03075,0.07175,0.055
Faltec Europe Ltd,38.0,6.0,212.08,2025-03-05 10:45:30+00:00,0.05875,0.0405,0.07675,0.061
Faltec Europe Ltd,38.0,6.0,212.08,2025-03-05 11:00:30+00:00,0.0635,0.046,0.0785,0.06625
Faltec Europe Ltd,38.0,6.0,212.08,2025-03-05 11:15:30+00:00,0.0645,0.04975,0.08025,0.0675
Faltec Europe Ltd,38.0,6.0,212.08,2025-03-05 11:30:30+00:00,0.06675,0.04525,0.08,0.07025
Faltec Europe Ltd,38.0,6.0,212.08,2025-03-05 11:45:30+00:00,0.0575,0.0405,0.079,0.06
Faltec Europe Ltd,38.0,6.0,212.08,2025-03-05 12:00:30+00:00,0.0545,0.04075,0.076,0.0565
Faltec Europe Ltd,38.0,6.0,212.08,2025-03-05 12:15:30+00:00,0.061,0.04225,0.0735,0.06425
Faltec Europe Ltd,38.0,6.0,212.08,2025-03-05 12:30:30+00:00,0.059,0.043,0.072,0.062
Faltec Europe Ltd,38.0,6.0,212.08,2025-03-05 12:45:30+00:00,0.053,0.039,0.07025,0.055
Faltec Europe Ltd,38.0,6.0,212.08,2025-03-05 13:00:30+00:00,0.0505,0.03525,0.074,0.053
Faltec Europe Ltd,38.0,6.0,212.08,2025-03-05 13:15:30+00:00,0.059,0.0305,0.07425,0.063
Faltec Europe Ltd,38.0,6.0,212.08,2025-03-05 13:30:30+00:00,0.049,0.0225,0.074,0.052
Faltec Europe Ltd,38.0,6.0,212.08,2025-03-05 13:45:30+00:00,0.03675,0.01425,0.07275,0.03775
Faltec Europe Ltd,38.0,6.0,212.08,2025-03-05 14:00:30+00:00,0.04175,0.009,0.07875,0.044
Faltec Europe Ltd,38.0,6.0,212.08,2025-03-05 14:15:30+00:00,0.051,0.01325,0.0845,0.05625
Faltec Europe Ltd,38.0,6.0,212.08,2025-03-05 14:30:30+00:00,0.05375,0.024,0.08475,0.061
Faltec Europe Ltd,38.0,6.0,212.08,2025-03-05 14:45:30+00:00,0.05675,0.03325,0.0735,0.0675
Faltec Europe Ltd,38.0,6.0,212.08,2025-03-05 15:00:30+00:00,0.05175,0.03725,0.06325,0.06225
Faltec Europe Ltd,38.0,6.0,212.08,2025-03-05 15:15:30+00:00,0.0435,0.034,0.0565,0.05125
Faltec Europe Ltd,38.0,6.0,212.08,2025-03-05 15:30:30+00:00,0.03825,0.0275,0.048,0.046
Faltec Europe Ltd,38.0,6.0,212.08,2025-03-05 15:45:30+00:00,0.0325,0.02175,0.042,0.0395
Faltec Europe Ltd,38.0,6.0,212.08,2025-03-05 16:00:30+00:00,0.026,0.01775,0.03575,0.0305
Faltec Europe Ltd,38.0,6.0,212.08,2025-03-05 16:15:30+00:00,0.02075,0.01325,0.02925,0.02425
Faltec Europe Ltd,38.0,6.0,212.08,2025-03-05 16:30:30+00:00,0.0165,0.01025,0.02325,0.01975
Faltec Europe Ltd,38.0,6.0,212.08,2025-03-05 16:45:30+00:00,0.012,0.007,0.01675,0.01525
Faltec Europe Ltd,38.0,6.0,212.08,2025-03-05 17:00:30+00:00,0.008,0.0045,0.0115,0.01
Faltec Europe Ltd,38.0,6.0,212.08,2025-03-05 17:15:30+00:00,0.00475,0.00275,0.00775,0.005
Faltec Europe Ltd,38.0,6.0,212.08,2025-03-05 17:30:30+00:00,0.00125,0.001,0.002,0.00125
Faltec Europe Ltd,38.0,6.0,212.08,2025-03-05 17:45:30+00:00,0.0,0.0,0.0,0.0
Faltec Europe Ltd,38.0,6.0,212.08,2025-03-05 18:00:30+00:00,0.0,0.0,0.0,0.0
Faltec Europe Ltd,38.0,6.0,212.08,2025-03-05 18:15:30+00:00,0.0,0.0,0.0,0.0
Faltec Europe Ltd,38.0,6.0,212.08,2025-03-05 18:30:30+00:00,0.0,0.0,0.0,0.0
Faltec Europe Ltd,38.0,6.0,212.08,2025-03-05 18:45:30+00:00,0.0,0.0,0.0,0.0
Faltec Europe Ltd,38.0,6.0,212.08,2025-03-05 19:00:30+00:00,0.0,0.0,0.0,0.0
Faltec Europe Ltd,38.0,6.0,212.08,2025-03-05 19:15:30+00:00,0.0,0.0,0.0,0.0
Faltec Europe Ltd,38.0,6.0,212.08,2025-03-05 19:30:30+00:00,0.0,0.0,0.0,0.0
Faltec Europe Ltd,38.0,6.0,212.08,2025-03-05 19:45:30+00:00,0.0,0.0,0.0,0.0
Faltec Europe Ltd,38.0,6.0,212.08,2025-03-05 20:00:30+00:00,0.0,0.0,0.0,0.0
Faltec Europe Ltd,38.0,6.0,212.08,2025-03-05 20:15:30+00:00,0.0,0.0,0.0,0.0
Faltec Europe Ltd,38.0,6.0,212.08,2025-03-05 20:30:30+00:00,0.0,0.0,0.0,0.0
Faltec Europe Ltd,38.0,6.0,212.08,2025-03-05 20:45:30+00:00,0.0,0.0,0.0,0.0
Faltec Europe Ltd,38.0,6.0,212.08,2025-03-05 21:00:30+00:00,0.0,0.0,0.0,0.0
Faltec Europe Ltd,38.0,6.0,212.08,2025-03-05 21:15:30+00:00,0.0,0.0,0.0,0.0
Faltec Europe Ltd,38.0,6.0,212.08,2025-03-05 21:30:30+00:00,0.0,0.0,0.0,0.0
Faltec Europe Ltd,38.0,6.0,212.08,2025-03-05 21:45:30+00:00,0.0,0.0,0.0,0.0
Faltec Europe Ltd,38.0,6.0,212.08,2025-03-05 22:00:30+00:00,0.0,0.0,0.0,0.0
Faltec Europe Ltd,38.0,6.0,212.08,2025-03-05 22:15:30+00:00,0.0,0.0,0.0,0.0
Faltec Europe Ltd,38.0,6.0,212.08,2025-03-05 22:30:30+00:00,0.0,0.0,0.0,0.0
Faltec Europe Ltd,38.0,6.0,212.08,2025-03-05 22:45:30+00:00,0.0,0.0,0.0,0.0
Faltec Europe Ltd,38.0,6.0,212.08,2025-03-05 23:00:30+00:00,0.0,0.0,0.0,0.0
Faltec Europe Ltd,38.0,6.0,212.08,2025-03-05 23:15:30+00:00,0.0,0.0,0.0,0.0
Faltec Europe Ltd,38.0,6.0,212.08,2025-03-05 23:30:30+00:00,0.0,0.0,0.0,0.0
Faltec Europe Ltd,38.0,6.0,212.08,2025-03-05 23:45:30+00:00,0.0,0.0,0.0,0.0
Faltec Europe Ltd,38.0,6.0,212.08,2025-03-06 00:00:30+00:00,0.0,0.0,0.0,0.0
Faltec Europe Ltd,38.0,6.0,212.08,2025-03-06 00:15:30+00:00,0.0,0.0,0.0,0.0
Faltec Europe Ltd,38.0,6.0,212.08,2025-03-06 00:30:30+00:00,0.0,0.0,0.0,0.0
Faltec Europe Ltd,38.0,6.0,212.08,2025-03-06 00:45:30+00:00,0.0,0.0,0.0,0.0
Faltec Europe Ltd,38.0,6.0,212.08,2025-03-06 01:00:30+00:00,0.0,0.0,0.0,0.0
Faltec Europe Ltd,38.0,6.0,212.08,2025-03-06 01:15:30+00:00,0.0,0.0,0.0,0.0
Faltec Europe Ltd,38.0,6.0,212.08,2025-03-06 01:30:30+00:00,0.0,0.0,0.0,0.0
Faltec Europe Ltd,38.0,6.0,212.08,2025-03-06 01:45:30+00:00,0.0,0.0,0.0,0.0
Faltec Europe Ltd,38.0,6.0,212.08,2025-03-06 02:00:30+00:00,0.0,0.0,0.0,0.0
Faltec Europe Ltd,38.0,6.0,212.08,2025-03-06 02:15:30+00:00,0.0,0.0,0.0,0.0
Faltec Europe Ltd,38.0,6.0,212.08,2025-03-06 02:30:30+00:00,0.0,0.0,0.0,0.0
Faltec Europe Ltd,38.0,6.0,212.08,2025-03-06 02:45:30+00:00,0.0,0.0,0.0,0.0
Faltec Europe Ltd,38.0,6.0,212.08,2025-03-06 03:00:30+00:00,0.0,0.0,0.0,0.0
Faltec Europe Ltd,38.0,6.0,212.08,2025-03-06 03:15:30+00:00,0.0,0.0,0.0,0.0
Faltec Europe Ltd,38.0,6.0,212.08,2025-03-06 03:30:30+00:00,0.0,0.0,0.0,0.0
Faltec Europe Ltd,38.0,6.0,212.08,2025-03-06 03:45:30+00:00,0.0,0.0,0.0,0.0
Faltec Europe Ltd,38.0,6.0,212.08,2025-03-06 04:00:30+00:00,0.0,0.0,0.0,0.0
Faltec Europe Ltd,38.0,6.0,212.08,2025-03-06 04:15:30+00:00,0.0,0.0,0.0,0.0
Faltec Europe Ltd,38.0,6.0,212.08,2025-03-06 04:30:30+00:00,0.0,0.0,0.0,0.0
Faltec Europe Ltd,38.0,6.0,212.08,2025-03-06 04:45:30+00:00,0.0,0.0,0.0,0.0
Faltec Europe Ltd,38.0,6.0,212.08,2025-03-06 05:00:30+00:00,0.0,0.0,0.0,0.0
Faltec Europe Ltd,38.0,6.0,212.08,2025-03-06 05:15:30+00:00,0.0,0.0,0.0,0.0
Faltec Europe Ltd,38.0,6.0,212.08,2025-03-06 05:30:30+00:00,0.0,0.0,0.0,0.0
Faltec Europe Ltd,38.0,6.0,212.08,2025-03-06 05:45:30+00:00,0.0,0.0,0.0,0.0
Faltec Europe Ltd,38.0,6.0,212.08,2025-03-06 06:00:30+00:00,0.0,0.0,0.0,0.0
Faltec Europe Ltd,38.0,6.0,212.08,2025-03-06 06:15:30+00:00,0.0,0.0,0.0,0.0
Faltec Europe Ltd,38.0,6.0,212.08,2025-03-06 06:30:30+00:00,0.0,0.0,0.0,0.0
Faltec Europe Ltd,38.0,6.0,212.08,2025-03-06 06:45:30+00:00,0.001,0.0005,0.001,0.001
Faltec Europe Ltd,38.0,6.0,212.08,2025-03-06 07:00:30+00:00,0.006,0.00475,0.0075,0.005
Faltec Europe Ltd,38.0,6.0,212.08,2025-03-06 07:15:30+00:00,0.01375,0.0095,0.01625,0.01125
Faltec Europe Ltd,38.0,6.0,212.08,2025-03-06 07:30:30+00:00,0.02125,0.0155,0.025,0.0185
Faltec Europe Ltd,38.0,6.0,212.08,2025-03-06 07:45:30+00:00,0.02875,0.02175,0.03375,0.026
Faltec Europe Ltd,38.0,6.0,212.08,2025-03-06 08:00:30+00:00,0.03625,0.0285,0.04225,0.034
Faltec Europe Ltd,38.0,6.0,212.08,2025-03-06 08:15:30+00:00,0.04375,0.0355,0.05075,0.04175
Faltec Europe Ltd,38.0,6.0,212.08,2025-03-06 08:30:30+00:00,0.051,0.0425,0.05875,0.04975
Faltec Europe Ltd,38.0,6.0,212.08,2025-03-06 08:45:30+00:00,0.05825,0.05,0.06625,0.05775
Faltec Europe Ltd,38.0,6.0,212.08,2025-03-06 09:00:30+00:00,0.065,0.05725,0.0725,0.06525
Faltec Europe Ltd,38.0,6.0,212.08,2025-03-06 09:15:30+00:00,0.071,0.06425,0.07775,0.0725
Faltec Europe Ltd,38.0,6.0,212.08,2025-03-06 09:30:30+00:00,0.07675,0.07075,0.08275,0.07925
Faltec Europe Ltd,38.0,6.0,212.08,2025-03-06 09:45:30+00:00,0.082,0.077,0.08725,0.08575
Faltec Europe Ltd,38.0,6.0,212.08,2025-03-06 10:00:30+00:00,0.087,0.08225,0.0915,0.09175
Faltec Europe Ltd,38.0,6.0,212.08,2025-03-06 10:15:30+00:00,0.09125,0.08675,0.09575,0.09725
Faltec Europe Ltd,38.0,6.0,212.08,2025-03-06 10:30:30+00:00,0.09525,0.0905,0.0995,0.10225
Faltec Europe Ltd,38.0,6.0,212.08,2025-03-06 10:45:30+00:00,0.0985,0.09375,0.10275,0.10675
Faltec Europe Ltd,38.0,6.0,212.08,2025-03-06 11:00:30+00:00,0.101,0.09625,0.10525,0.1105
Faltec Europe Ltd,38.0,6.0,212.08,2025-03-06 11:15:30+00:00,0.10275,0.09825,0.10725,0.1135
Faltec Europe Ltd,38.0,6.0,212.08,2025-03-06 11:30:30+00:00,0.10425,0.0995,0.10825,0.116
Faltec Europe Ltd,38.0,6.0,212.08,2025-03-06 11:45:30+00:00,0.10475,0.10025,0.109,0.11775
Faltec Europe Ltd,38.0,6.0,212.08,2025-03-06 12:00:30+00:00,0.10475,0.10025,0.109,0.1185
Faltec Europe Ltd,38.0,6.0,212.08,2025-03-06 12:15:30+00:00,0.10425,0.09975,0.10825,0.119
Faltec Europe Ltd,38.0,6.0,212.08,2025-03-06 12:30:30+00:00,0.103,0.0985,0.107,0.1185
Faltec Europe Ltd,38.0,6.0,212.08,2025-03-06 12:45:30+00:00,0.101,0.09675,0.105,0.11725
Faltec Europe Ltd,38.0,6.0,212.08,2025-03-06 13:00:30+00:00,0.0985,0.09425,0.1025,0.11525
Faltec Europe Ltd,38.0,6.0,212.08,2025-03-06 13:15:30+00:00,0.09525,0.091,0.09925,0.1125
Faltec Europe Ltd,38.0,6.0,212.08,2025-03-06 13:30:30+00:00,0.09125,0.0875,0.09525,0.10875
Faltec Europe Ltd,38.0,6.0,212.08,2025-03-06 13:45:30+00:00,0.08725,0.0835,0.09075,0.10475
Faltec Europe Ltd,38.0,6.0,212.08,2025-03-06 14:00:30+00:00,0.08275,0.07925,0.08625,0.10025
Faltec Europe Ltd,38.0,6.0,212.08,2025-03-06 14:15:30+00:00,0.07775,0.074,0.08125,0.095
Faltec Europe Ltd,38.0,6.0,212.08,2025-03-06 14:30:30+00:00,0.07225,0.068,0.076,0.08925
Faltec Europe Ltd,38.0,6.0,212.08,2025-03-06 14:45:30+00:00,0.06625,0.0615,0.071,0.083
Faltec Europe Ltd,38.0,6.0,212.08,2025-03-06 15:00:30+00:00,0.06,0.0545,0.0655,0.07625
Faltec Europe Ltd,38.0,6.0,212.08,2025-03-06 15:15:30+00:00,0.0535,0.04725,0.0595,0.069
Faltec Europe Ltd,38.0,6.0,212.08,2025-03-06 15:30:30+00:00,0.0465,0.04,0.05275,0.06125
Faltec Europe Ltd,38.0,6.0,212.08,2025-03-06 15:45:30+00:00,0.0395,0.032,0.0455,0.05275
Faltec Europe Ltd,38.0,6.0,212.08,2025-03-06 16:00:30+00:00,0.033,0.02475,0.03775,0.0455
Faltec Europe Ltd,38.0,6.0,212.08,2025-03-06 16:15:30+00:00,0.029,0.01775,0.032,0.039
Faltec Europe Ltd,38.0,6.0,212.08,2025-03-06 16:30:30+00:00,0.01925,0.01325,0.02725,0.02425
Faltec Europe Ltd,38.0,6.0,212.08,2025-03-06 16:45:30+00:00,0.0135,0.00825,0.01925,0.01775
Faltec Europe Ltd,38.0,6.0,212.08,2025-03-06 17:00:30+00:00,0.00925,0.005,0.011,0.01425
Faltec Europe Ltd,38.0,6.0,212.08,2025-03-06 17:15:30+00:00,0.00525,0.00325,0.006,0.00775
Faltec Europe Ltd,38.0,6.0,212.08,2025-03-06 17:30:30+00:00,0.002,0.00175,0.00225,0.00225
Faltec Europe Ltd,38.0,6.0,212.08,2025-03-06 17:45:30+00:00,0.0,0.0,0.0,0.0
Faltec Europe Ltd,38.0,6.0,212.08,2025-03-06 18:00:30+00:00,0.0,0.0,0.0,0.0
Faltec Europe Ltd,38.0,6.0,212.08,2025-03-06 18:15:30+00:00,0.0,0.0,0.0,0.0
Faltec Europe Ltd,38.0,6.0,212.08,2025-03-06 18:30:30+00:00,0.0,0.0,0.0,0.0
Faltec Europe Ltd,38.0,6.0,212.08,2025-03-06 18:45:30+00:00,0.0,0.0,0.0,0.0
Faltec Europe Ltd,38.0,6.0,212.08,2025-03-06 19:00:30+00:00,0.0,0.0,0.0,0.0
Faltec Europe Ltd,38.0,6.0,212.08,2025-03-06 19:15:30+00:00,0.0,0.0,0.0,0.0
Faltec Europe Ltd,38.0,6.0,212.08,2025-03-06 19:30:30+00:00,0.0,0.0,0.0,0.0
Faltec Europe Ltd,38.0,6.0,212.08,2025-03-06 19:45:30+00:00,0.0,0.0,0.0,0.0
Faltec Europe Ltd,38.0,6.0,212.08,2025-03-06 20:00:30+00:00,0.0,0.0,0.0,0.0
Faltec Europe Ltd,38.0,6.0,212.08,2025-03-06 20:15:30+00:00,0.0,0.0,0.0,0.0
Faltec Europe Ltd,38.0,6.0,212.08,2025-03-06 20:30:30+00:00,0.0,0.0,0.0,0.0
Faltec Europe Ltd,38.0,6.0,212.08,2025-03-06 20:45:30+00:00,0.0,0.0,0.0,0.0
Faltec Europe Ltd,38.0,6.0,212.08,2025-03-06 21:00:30+00:00,0.0,0.0,0.0,0.0
Faltec Europe Ltd,38.0,6.0,212.08,2025-03-06 21:15:30+00:00,0.0,0.0,0.0,0.0
Faltec Europe Ltd,38.0,6.0,212.08,2025-03-06 21:30:30+00:00,0.0,0.0,0.0,0.0
Faltec Europe Ltd,38.0,6.0,212.08,2025-03-06 21:45:30+00:00,0.0,0.0,0.0,0.0
Faltec Europe Ltd,38.0,6.0,212.08,2025-03-06 22:00:30+00:00,0.0,0.0,0.0,0.0
Faltec Europe Ltd,38.0,6.0,212.08,2025-03-06 22:15:30+00:00,0.0,0.0,0.0,0.0
Faltec Europe Ltd,38.0,6.0,212.08,2025-03-06 22:30:30+00:00,0.0,0.0,0.0,0.0
Faltec Europe Ltd,38.0,6.0,212.08,2025-03-06 22:45:30+00:00,0.0,0.0,0.0,0.0
Faltec Europe Ltd,38.0,6.0,212.08,2025-03-06 23:00:30+00:00,0.0,0.0,0.0,0.0
Faltec Europe Ltd,38.0,6.0,212.08,2025-03-06 23:15:30+00:00,0.0,0.0,0.0,0.0
Faltec Europe Ltd,38.0,6.0,212.08,2025-03-06 23:30:30+00:00,0.0,0.0,0.0,0.0
Faltec Europe Ltd,38.0,6.0,212.08,2025-03-06 23:45:30+00:00,0.0,0.0,0.0,0.0
Faltec Europe Ltd,38.0,6.0,212.08,2025-03-07 00:00:30+00:00,0.0,0.0,0.0,0.0
Faltec Europe Ltd,38.0,6.0,212.08,2025-03-07 00:15:30+00:00,0.0,0.0,0.0,0.0
Faltec Europe Ltd,38.0,6.0,212.08,2025-03-07 00:30:30+00:00,0.0,0.0,0.0,0.0
Faltec Europe Ltd,38.0,6.0,212.08,2025-03-07 00:45:30+00:00,0.0,0.0,0.0,0.0
Faltec Europe Ltd,38.0,6.0,212.08,2025-03-07 01:00:30+00:00,0.0,0.0,0.0,0.0
Faltec Europe Ltd,38.0,6.0,212.08,2025-03-07 01:15:30+00:00,0.0,0.0,0.0,0.0
Faltec Europe Ltd,38.0,6.0,212.08,2025-03-07 01:30:30+00:00,0.0,0.0,0.0,0.0
Faltec Europe Ltd,38.0,6.0,212.08,2025-03-07 01:45:30+00:00,0.0,0.0,0.0,0.0
Faltec Europe Ltd,38.0,6.0,212.08,2025-03-07 02:00:30+00:00,0.0,0.0,0.0,0.0
Faltec Europe Ltd,38.0,6.0,212.08,2025-03-07 02:15:30+00:00,0.0,0.0,0.0,0.0
Faltec Europe Ltd,38.0,6.0,212.08,2025-03-07 02:30:30+00:00,0.0,0.0,0.0,0.0
Faltec Europe Ltd,38.0,6.0,212.08,2025-03-07 02:45:30+00:00,0.0,0.0,0.0,0.0
Faltec Europe Ltd,38.0,6.0,212.08,2025-03-07 03:00:30+00:00,0.0,0.0,0.0,0.0
Faltec Europe Ltd,38.0,6.0,212.08,2025-03-07 03:15:30+00:00,0.0,0.0,0.0,0.0
Faltec Europe Ltd,38.0,6.0,212.08,2025-03-07 03:30:30+00:00,0.0,0.0,0.0,0.0
Faltec Europe Ltd,38.0,6.0,212.08,2025-03-07 03:45:30+00:00,0.0,0.0,0.0,0.0
Faltec Europe Ltd,38.0,6.0,212.08,2025-03-07 04:00:30+00:00,0.0,0.0,0.0,0.0
Faltec Europe Ltd,38.0,6.0,212.08,2025-03-07 04:15:30+00:00,0.0,0.0,0.0,0.0
Faltec Europe Ltd,38.0,6.0,212.08,2025-03-07 04:30:30+00:00,0.0,0.0,0.0,0.0
Faltec Europe Ltd,38.0,6.0,212.08,2025-03-07 04:45:30+00:00,0.0,0.0,0.0,0.0
Faltec Europe Ltd,38.0,6.0,212.08,2025-03-07 05:00:30+00:00,0.0,0.0,0.0,0.0
Faltec Europe Ltd,38.0,6.0,212.08,2025-03-07 05:15:30+00:00,0.0,0.0,0.0,0.0
Faltec Europe Ltd,38.0,6.0,212.08,2025-03-07 05:30:30+00:00,0.0,0.0,0.0,0.0
Faltec Europe Ltd,38.0,6.0,212.08,2025-03-07 05:45:30+00:00,0.0,0.0,0.0,0.0
Faltec Europe Ltd,38.0,6.0,212.08,2025-03-07 06:00:30+00:00,0.0,0.0,0.0,0.0
Faltec Europe Ltd,38.0,6.0,212.08,2025-03-07 06:15:30+00:00,0.0,0.0,0.0,0.0
Faltec Europe Ltd,38.0,6.0,212.08,2025-03-07 06:30:30+00:00,0.0,0.0,0.0,0.0
Faltec Europe Ltd,38.0,6.0,212.08,2025-03-07 06:45:30+00:00,0.00075,0.00025,0.0015,0.00075
Faltec Europe Ltd,38.0,6.0,212.08,2025-03-07 07:00:30+00:00,0.003,0.001,0.00625,0.003
Faltec Europe Ltd,38.0,6.0,212.08,2025-03-07 07:15:30+00:00,0.007,0.0015,0.0105,0.007
Faltec Europe Ltd,38.0,6.0,212.08,2025-03-07 07:30:30+00:00,0.00625,0.0015,0.01575,0.00625
Faltec Europe Ltd,38.0,6.0,212.08,2025-03-07 07:45:30+00:00,0.01025,0.00225,0.018,0.01025
Faltec Europe Ltd,38.0,6.0,212.08,2025-03-07 08:00:30+00:00,0.01025,0.00275,0.0205,0.0105
Faltec Europe Ltd,38.0,6.0,212.08,2025-03-07 08:15:30+00:00,0.01125,0.00375,0.02275,0.0115
Faltec Europe Ltd,38.0,6.0,212.08,2025-03-07 08:30:30+00:00,0.018,0.006,0.0265,0.01825
Faltec Europe Ltd,38.0,6.0,212.08,2025-03-07 08:45:30+00:00,0.01925,0.0045,0.03575,0.01925
Faltec Europe Ltd,38.0,6.0,212.08,2025-03-07 09:00:30+00:00,0.02025,0.00525,0.04325,0.0205
Faltec Europe Ltd,38.0,6.0,212.08,2025-03-07 09:15:30+00:00,0.01875,0.00575,0.06175,0.019
Faltec Europe Ltd,38.0,6.0,212.08,2025-03-07 09:30:30+00:00,0.05125,0.01025,0.0735,0.05225
Faltec Europe Ltd,38.0,6.0,212.08,2025-03-07 09:45:30+00:00,0.045,0.009,0.0815,0.04575
Faltec Europe Ltd,38.0,6.0,212.08,2025-03-07 10:00:30+00:00,0.0305,0.00725,0.0745,0.03075
Faltec Europe Ltd,38.0,6.0,212.08,2025-03-07 10:15:30+00:00,0.01725,0.00775,0.05925,0.01725
Faltec Europe Ltd,38.0,6.0,212.08,2025-03-07 10:30:30+00:00,0.0105,0.008,0.04275,0.01075
Faltec Europe Ltd,38.0,6.0,212.08,2025-03-07 10:45:30+00:00,0.0095,0.0085,0.035,0.0095
Faltec Europe Ltd,38.0,6.0,212.08,2025-03-07 11:00:30+00:00,0.01725,0.00875,0.0365,0.0175
Faltec Europe Ltd,38.0,6.0,212.08,2025-03-07 11:15:30+00:00,0.02425,0.00875,0.039,0.0245
Faltec Europe Ltd,38.0,6.0,212.08,2025-03-07 11:30:30+00:00,0.01925,0.009,0.03725,0.0195
Faltec Europe Ltd,38.0,6.0,212.08,2025-03-07 11:45:30+00:00,0.015,0.00925,0.03275,0.015
Faltec Europe Ltd,38.0,6.0,212.08,2025-03-07 12:00:30+00:00,0.0175,0.00925,0.031,0.01775
Faltec Europe Ltd,38.0,6.0,212.08,2025-03-07 12:15:30+00:00,0.01775,0.00925,0.0295,0.018
Faltec Europe Ltd,38.0,6.0,212.08,2025-03-07 12:30:30+00:00,0.015,0.00925,0.028,0.015
Faltec Europe Ltd,38.0,6.0,212.08,2025-03-07 12:45:30+00:00,0.01325,0.009,0.02675,0.01325
Faltec Europe Ltd,38.0,6.0,212.08,2025-03-07 13:00:30+00:00,0.01425,0.009,0.0265,0.01425
Faltec Europe Ltd,38.0,6.0,212.08,2025-03-07 13:15:30+00:00,0.0145,0.00875,0.028,0.01475
Faltec Europe Ltd,38.0,6.0,212.08,2025-03-07 13:30:30+00:00,0.017,0.0085,0.028,0.017
Faltec Europe Ltd,38.0,6.0,212.08,2025-03-07 13:45:30+00:00,0.01425,0.00825,0.02625,0.01425
Faltec Europe Ltd,38.0,6.0,212.08,2025-03-07 14:00:30+00:00,0.01,0.00775,0.02375,0.01025
Faltec Europe Ltd,38.0,6.0,212.08,2025-03-07 14:15:30+00:00,0.01,0.0075,0.02375,0.01
Faltec Europe Ltd,38.0,6.0,212.08,2025-03-07 14:30:30+00:00,0.01275,0.007,0.02625,0.01275
Faltec Europe Ltd,38.0,6.0,212.08,2025-03-07 14:45:30+00:00,0.014,0.0065,0.02925,0.01425
Faltec Europe Ltd,38.0,6.0,212.08,2025-03-07 15:00:30+00:00,0.0155,0.006,0.03025,0.0155
Faltec Europe Ltd,38.0,6.0,212.08,2025-03-07 15:15:30+00:00,0.01675,0.0055,0.031,0.017
Faltec Europe Ltd,38.0,6.0,212.08,2025-03-07 15:30:30+00:00,0.0175,0.00475,0.0305,0.01775
Faltec Europe Ltd,38.0,6.0,212.08,2025-03-07 15:45:30+00:00,0.016,0.00425,0.03025,0.01625
Faltec Europe Ltd,38.0,6.0,212.08,2025-03-07 16:00:30+00:00,0.01675,0.004,0.028,0.01725
Faltec Europe Ltd,38.0,6.0,212.08,2025-03-07 16:15:30+00:00,0.01525,0.00475,0.026,0.01575
Faltec Europe Ltd,38.0,6.0,212.08,2025-03-07 16:30:30+00:00,0.01375,0.0035,0.0215,0.01425
Faltec Europe Ltd,38.0,6.0,212.08,2025-03-07 16:45:30+00:00,0.00875,0.00175,0.01675,0.00875
Faltec Europe Ltd,38.0,6.0,212.08,2025-03-07 17:00:30+00:00,0.004,0.00125,0.0105,0.004
Faltec Europe Ltd,38.0,6.0,212.08,2025-03-07 17:15:30+00:00,0.00175,0.0005,0.00525,0.002
Faltec Europe Ltd,38.0,6.0,212.08,2025-03-07 17:30:30+00:00,0.0005,0.00025,0.00225,0.0005
Faltec Europe Ltd,38.0,6.0,212.08,2025-03-07 17:45:30+00:00,0.0,0.0,0.00025,0.0
Faltec Europe Ltd,38.0,6.0,212.08,2025-03-07 18:00:30+00:00,0.0,0.0,0.0,0.0
Faltec Europe Ltd,38.0,6.0,212.08,2025-03-07 18:15:30+00:00,0.0,0.0,0.0,0.0
Faltec Europe Ltd,38.0,6.0,212.08,2025-03-07 18:30:30+00:00,0.0,0.0,0.0,0.0
Faltec Europe Ltd,38.0,6.0,212.08,2025-03-07 18:45:30+00:00,0.0,0.0,0.0,0.0
Faltec Europe Ltd,38.0,6.0,212.08,2025-03-07 19:00:30+00:00,0.0,0.0,0.0,0.0
Faltec Europe Ltd,38.0,6.0,212.08,2025-03-07 19:15:30+00:00,0.0,0.0,0.0,0.0
Faltec Europe Ltd,38.0,6.0,212.08,2025-03-07 19:30:30+00:00,0.0,0.0,0.0,0.0
Faltec Europe Ltd,38.0,6.0,212.08,2025-03-07 19:45:30+00:00,0.0,0.0,0.0,0.0
Faltec Europe Ltd,38.0,6.0,212.08,2025-03-07 20:00:30+00:00,0.0,0.0,0.0,0.0
Faltec Europe Ltd,38.0,6.0,212.08,2025-03-07 20:15:30+00:00,0.0,0.0,0.0,0.0
Faltec Europe Ltd,38.0,6.0,212.08,2025-03-07 20:30:30+00:00,0.0,0.0,0.0,0.0
Faltec Europe Ltd,38.0,6.0,212.08,2025-03-07 20:45:30+00:00,0.0,0.0,0.0,0.0
Faltec Europe Ltd,38.0,6.0,212.08,2025-03-07 21:00:30+00:00,0.0,0.0,0.0,0.0
Faltec Europe Ltd,38.0,6.0,212.08,2025-03-07 21:15:30+00:00,0.0,0.0,0.0,0.0
Faltec Europe Ltd,38.0,6.0,212.08,2025-03-07 21:30:30+00:00,0.0,0.0,0.0,0.0
Faltec Europe Ltd,38.0,6.0,212.08,2025-03-07 21:45:30+00:00,0.0,0.0,0.0,0.0
Faltec Europe Ltd,38.0,6.0,212.08,2025-03-07 22:00:30+00:00,0.0,0.0,0.0,0.0
Faltec Europe Ltd,38.0,6.0,212.08,2025-03-07 22:15:30+00:00,0.0,0.0,0.0,0.0
Faltec Europe Ltd,38.0,6.0,212.08,2025-03-07 22:30:30+00:00,0.0,0.0,0.0,0.0
Faltec Europe Ltd,38.0,6.0,212.08,2025-03-07 22:45:30+00:00,0.0,0.0,0.0,0.0
Faltec Europe Ltd,38.0,6.0,212.08,2025-03-07 23:00:30+00:00,0.0,0.0,0.0,0.0
Faltec Europe Ltd,38.0,6.0,212.08,2025-03-07 23:15:30+00:00,0.0,0.0,0.0,0.0
Faltec Europe Ltd,38.0,6.0,212.08,2025-03-07 23:30:30+00:00,0.0,0.0,0.0,0.0
Faltec Europe Ltd,38.0,6.0,212.08,2025-03-07 23:45:30+00:00,0.0,0.0,0.0,0.0
Faltec Europe Ltd,38.0,6.0,212.08,2025-03-08 00:00:30+00:00,0.0,0.0,0.0,0.0
Faltec Europe Ltd,38.0,6.0,212.08,2025-03-08 00:15:30+00:00,0.0,0.0,0.0,0.0
Faltec Europe Ltd,38.0,6.0,212.08,2025-03-08 00:30:30+00:00,0.0,0.0,0.0,0.0
Faltec Europe Ltd,38.0,6.0,212.08,2025-03-08 00:45:30+00:00,0.0,0.0,0.0,0.0
Faltec Europe Ltd,38.0,6.0,212.08,2025-03-08 01:00:30+00:00,0.0,0.0,0.0,0.0
Faltec Europe Ltd,38.0,6.0,212.08,2025-03-08 01:15:30+00:00,0.0,0.0,0.0,0.0
Faltec Europe Ltd,38.0,6.0,212.08,2025-03-08 01:30:30+00:00,0.0,0.0,0.0,0.0
Faltec Europe Ltd,38.0,6.0,212.08,2025-03-08 01:45:30+00:00,0.0,0.0,0.0,0.0
Faltec Europe Ltd,38.0,6.0,212.08,2025-03-08 02:00:30+00:00,0.0,0.0,0.0,0.0
Faltec Europe Ltd,38.0,6.0,212.08,2025-03-08 02:15:30+00:00,0.0,0.0,0.0,0.0
Faltec Europe Ltd,38.0,6.0,212.08,2025-03-08 02:30:30+00:00,0.0,0.0,0.0,0.0
Faltec Europe Ltd,38.0,6.0,212.08,2025-03-08 02:45:30+00:00,0.0,0.0,0.0,0.0
Faltec Europe Ltd,38.0,6.0,212.08,2025-03-08 03:00:30+00:00,0.0,0.0,0.0,0.0
Faltec Europe Ltd,38.0,6.0,212.08,2025-03-08 03:15:30+00:00,0.0,0.0,0.0,0.0
Faltec Europe Ltd,38.0,6.0,212.08,2025-03-08 03:30:30+00:00,0.0,0.0,0.0,0.0
Faltec Europe Ltd,38.0,6.0,212.08,2025-03-08 03:45:30+00:00,0.0,0.0,0.0,0.0
Faltec Europe Ltd,38.0,6.0,212.08,2025-03-08 04:00:30+00:00,0.0,0.0,0.0,0.0
Faltec Europe Ltd,38.0,6.0,212.08,2025-03-08 04:15:30+00:00,0.0,0.0,0.0,0.0
Faltec Europe Ltd,38.0,6.0,212.08,2025-03-08 04:30:30+00:00,0.0,0.0,0.0,0.0
Faltec Europe Ltd,38.0,6.0,212.08,2025-03-08 04:45:30+00:00,0.0,0.0,0.0,0.0
Faltec Europe Ltd,38.0,6.0,212.08,2025-03-08 05:00:30+00:00,0.0,0.0,0.0,0.0
Faltec Europe Ltd,38.0,6.0,212.08,2025-03-08 05:15:30+00:00,0.0,0.0,0.0,0.0
Faltec Europe Ltd,38.0,6.0,212.08,2025-03-08 05:30:30+00:00,0.0,0.0,0.0,0.0
Faltec Europe Ltd,38.0,6.0,212.08,2025-03-08 05:45:30+00:00,0.0,0.0,0.0,0.0
Faltec Europe Ltd,38.0,6.0,212.08,2025-03-08 06:00:30+00:00,0.0,0.0,0.0,0.0
Faltec Europe Ltd,38.0,6.0,212.08,2025-03-08 06:15:30+00:00,0.0,0.0,0.0,0.0
Faltec Europe Ltd,38.0,6.0,212.08,2025-03-08 06:30:30+00:00,0.0,0.0,0.0,0.0
Faltec Europe Ltd,38.0,6.0,212.08,2025-03-08 06:45:30+00:00,0.002,0.00175,0.0025,0.002
Faltec Europe Ltd,38.0,6.0,212.08,2025-03-08 07:00:30+00:00,0.0075,0.005,0.00875,0.0065
Faltec Europe Ltd,38.0,6.0,212.08,2025-03-08 07:15:30+00:00,0.01475,0.008,0.017,0.01325
Faltec Europe Ltd,38.0,6.0,212.08,2025-03-08 07:30:30+00:00,0.018,0.01075,0.02475,0.01675
Faltec Europe Ltd,38.0,6.0,212.08,2025-03-08 07:45:30+00:00,0.023,0.015,0.03325,0.022
Faltec Europe Ltd,38.0,6.0,212.08,2025-03-08 08:00:30+00:00,0.03275,0.02025,0.0425,0.03125
Faltec Europe Ltd,38.0,6.0,212.08,2025-03-08 08:15:30+00:00,0.0395,0.02875,0.051,0.03825
Faltec Europe Ltd,38.0,6.0,212.08,2025-03-08 08:30:30+00:00,0.0505,0.0375,0.05925,0.0495
Faltec Europe Ltd,38.0,6.0,212.08,2025-03-08 08:45:30+00:00,0.06,0.0485,0.0675,0.0595
Faltec Europe Ltd,38.0,6.0,212.08,2025-03-08 09:00:30+00:00,0.0665,0.05775,0.07475,0.067
Faltec Europe Ltd,38.0,6.0,212.08,2025-03-08 09:15:30+00:00,0.0725,0.066,0.079,0.07375
Faltec Europe Ltd,38.0,6.0,212.08,2025-03-08 09:30:30+00:00,0.07825,0.073,0.0835,0.0805
Faltec Europe Ltd,38.0,6.0,212.08,2025-03-08 09:45:30+00:00,0.08375,0.07875,0.088,0.087
Faltec Europe Ltd,38.0,6.0,212.08,2025-03-08 10:00:30+00:00,0.088,0.08375,0.0925,0.092
Faltec Europe Ltd,38.0,6.0,212.08,2025-03-08 10:15:30+00:00,0.0925,0.088,0.097,0.09775
Faltec Europe Ltd,38.0,6.0,212.08,2025-03-08 10:30:30+00:00,0.09675,0.09175,0.101,0.103
Faltec Europe Ltd,38.0,6.0,212.08,2025-03-08 10:45:30+00:00,0.09975,0.09475,0.104,0.10725
Faltec Europe Ltd,38.0,6.0,212.08,2025-03-08 11:00:30+00:00,0.10175,0.097,0.10625,0.11025
Faltec Europe Ltd,38.0,6.0,212.08,2025-03-08 11:15:30+00:00,0.10325,0.09825,0.10825,0.11275
Faltec Europe Ltd,38.0,6.0,212.08,2025-03-08 11:30:30+00:00,0.1045,0.0995,0.11,0.115
Faltec Europe Ltd,38.0,6.0,212.08,2025-03-08 11:45:30+00:00,0.106,0.1005,0.111,0.1175
Faltec Europe Ltd,38.0,6.0,212.08,2025-03-08 12:00:30+00:00,0.10625,0.1005,0.11125,0.11875
Faltec Europe Ltd,38.0,6.0,212.08,2025-03-08 12:15:30+00:00,0.10525,0.09975,0.11025,0.11825
Faltec Europe Ltd,38.0,6.0,212.08,2025-03-08 12:30:30+00:00,0.10325,0.09825,0.1085,0.11675
Faltec Europe Ltd,38.0,6.0,212.08,2025-03-08 12:45:30+00:00,0.1015,0.0965,0.106,0.1155
Faltec Europe Ltd,38.0,6.0,212.08,2025-03-08 13:00:30+00:00,0.09925,0.09475,0.10325,0.11375
Faltec Europe Ltd,38.0,6.0,212.08,2025-03-08 13:15:30+00:00,0.09625,0.092,0.10025,0.11125
Faltec Europe Ltd,38.0,6.0,212.08,2025-03-08 13:30:30+00:00,0.09275,0.08875,0.09675,0.10825
Faltec Europe Ltd,38.0,6.0,212.08,2025-03-08 13:45:30+00:00,0.089,0.085,0.09275,0.1045
Faltec Europe Ltd,38.0,6.0,212.08,2025-03-08 14:00:30+00:00,0.08475,0.08075,0.088,0.10025
Faltec Europe Ltd,38.0,6.0,212.08,2025-03-08 14:15:30+00:00,0.07975,0.076,0.083,0.09525
Faltec Europe Ltd,38.0,6.0,212.08,2025-03-08 14:30:30+00:00,0.07425,0.07025,0.07775,0.0895
Faltec Europe Ltd,38.0,6.0,212.08,2025-03-08 14:45:30+00:00,0.06825,0.06375,0.0725,0.083
Faltec Europe Ltd,38.0,6.0,212.08,2025-03-08 15:00:30+00:00,0.062,0.05725,0.067,0.07625
Faltec Europe Ltd,38.0,6.0,212.08,2025-03-08 15:15:30+00:00,0.05575,0.05025,0.061,0.0695
Faltec Europe Ltd,38.0,6.0,212.08,2025-03-08 15:30:30+00:00,0.04925,0.04325,0.055,0.06225
Faltec Europe Ltd,38.0,6.0,212.08,2025-03-08 15:45:30+00:00,0.04225,0.03625,0.04775,0.05425
Faltec Europe Ltd,38.0,6.0,212.08,2025-03-08 16:00:30+00:00,0.03575,0.02975,0.04075,0.04625
Faltec Europe Ltd,38.0,6.0,212.08,2025-03-08 16:15:30+00:00,0.029,0.0235,0.033,0.03825
Faltec Europe Ltd,38.0,6.0,212.08,2025-03-08 16:30:30+00:00,0.0225,0.0175,0.02575,0.0305
Faltec Europe Ltd,38.0,6.0,212.08,2025-03-08 16:45:30+00:00,0.0165,0.01225,0.0185,0.023
Faltec Europe Ltd,38.0,6.0,212.08,2025-03-08 17:00:30+00:00,0.01075,0.00775,0.012,0.016
Faltec Europe Ltd,38.0,6.0,212.08,2025-03-08 17:15:30+00:00,0.00625,0.0045,0.007,0.009
Faltec Europe Ltd,38.0,6.0,212.08,2025-03-08 17:30:30+00:00,0.003,0.0025,0.00325,0.00325
Faltec Europe Ltd,38.0,6.0,212.08,2025-03-08 17:45:30+00:00,0.0005,0.00025,0.0005,0.0005
Faltec Europe Ltd,38.0,6.0,212.08,2025-03-08 18:00:30+00:00,0.0,0.0,0.0,0.0
Faltec Europe Ltd,38.0,6.0,212.08,2025-03-08 18:15:30+00:00,0.0,0.0,0.0,0.0
Faltec Europe Ltd,38.0,6.0,212.08,2025-03-08 18:30:30+00:00,0.0,0.0,0.0,0.0
Faltec Europe Ltd,38.0,6.0,212.08,2025-03-08 18:45:30+00:00,0.0,0.0,0.0,0.0
Faltec Europe Ltd,38.0,6.0,212.08,2025-03-08 19:00:30+00:00,0.0,0.0,0.0,0.0
Faltec Europe Ltd,38.0,6.0,212.08,2025-03-08 19:15:30+00:00,0.0,0.0,0.0,0.0
Faltec Europe Ltd,38.0,6.0,212.08,2025-03-08 19:30:30+00:00,0.0,0.0,0.0,0.0
Faltec Europe Ltd,38.0,6.0,212.08,2025-03-08 19:45:30+00:00,0.0,0.0,0.0,0.0
Faltec Europe Ltd,38.0,6.0,212.08,2025-03-08 20:00:30+00:00,0.0,0.0,0.0,0.0
Faltec Europe Ltd,38.0,6.0,212.08,2025-03-08 20:15:30+00:00,0.0,0.0,0.0,0.0
Faltec Europe Ltd,38.0,6.0,212.08,2025-03-08 20:30:30+00:00,0.0,0.0,0.0,0.0
Faltec Europe Ltd,38.0,6.0,212.08,2025-03-08 20:45:30+00:00,0.0,0.0,0.0,0.0
Faltec Europe Ltd,38.0,6.0,212.08,2025-03-08 21:00:30+00:00,0.0,0.0,0.0,0.0
Faltec Europe Ltd,38.0,6.0,212.08,2025-03-08 21:15:30+00:00,0.0,0.0,0.0,0.0
Faltec Europe Ltd,38.0,6.0,212.08,2025-03-08 21:30:30+00:00,0.0,0.0,0.0,0.0
Faltec Europe Ltd,38.0,6.0,212.08,2025-03-08 21:45:30+00:00,0.0,0.0,0.0,0.0
Faltec Europe Ltd,38.0,6.0,212.08,2025-03-08 22:00:30+00:00,0.0,0.0,0.0,0.0
Faltec Europe Ltd,38.0,6.0,212.08,2025-03-08 22:15:30+00:00,0.0,0.0,0.0,0.0
Faltec Europe Ltd,38.0,6.0,212.08,2025-03-08 22:30:30+00:00,0.0,0.0,0.0,0.0
Faltec Europe Ltd,38.0,6.0,212.08,2025-03-08 22:45:30+00:00,0.0,0.0,0.0,0.0
Faltec Europe Ltd,38.0,6.0,212.08,2025-03-08 23:00:30+00:00,0.0,0.0,0.0,0.0
Faltec Europe Ltd,38.0,6.0,212.08,2025-03-08 23:15:30+00:00,0.0,0.0,0.0,0.0
Faltec Europe Ltd,38.0,6.0,212.08,2025-03-08 23:30:30+00:00,0.0,0.0,0.0,0.0
Faltec Europe Ltd,38.0,6.0,212.08,2025-03-08 23:45:30+00:00,0.0,0.0,0.0,0.0
Faltec Europe Ltd,38.0,6.0,212.08,2025-03-09 00:00:30+00:00,0.0,0.0,0.0,0.0
Faltec Europe Ltd,38.0,6.0,212.08,2025-03-09 00:15:30+00:00,0.0,0.0,0.0,0.0
Faltec Europe Ltd,38.0,6.0,212.08,2025-03-09 00:30:30+00:00,0.0,0.0,0.0,0.0
Faltec Europe Ltd,38.0,6.0,212.08,2025-03-09 00:45:30+00:00,0.0,0.0,0.0,0.0
Faltec Europe Ltd,38.0,6.0,212.08,2025-03-09 01:00:30+00:00,0.0,0.0,0.0,0.0
Faltec Europe Ltd,38.0,6.0,212.08,2025-03-09 01:15:30+00:00,0.0,0.0,0.0,0.0
Faltec Europe Ltd,38.0,6.0,212.08,2025-03-09 01:30:30+00:00,0.0,0.0,0.0,0.0
Faltec Europe Ltd,38.0,6.0,212.08,2025-03-09 01:45:30+00:00,0.0,0.0,0.0,0.0
Faltec Europe Ltd,38.0,6.0,212.08,2025-03-09 02:00:30+00:00,0.0,0.0,0.0,0.0
Faltec Europe Ltd,38.0,6.0,212.08,2025-03-09 02:15:30+00:00,0.0,0.0,0.0,0.0
Faltec Europe Ltd,38.0,6.0,212.08,2025-03-09 02:30:30+00:00,0.0,0.0,0.0,0.0
Faltec Europe Ltd,38.0,6.0,212.08,2025-03-09 02:45:30+00:00,0.0,0.0,0.0,0.0
Faltec Europe Ltd,38.0,6.0,212.08,2025-03-09 03:00:30+00:00,0.0,0.0,0.0,0.0
Faltec Europe Ltd,38.0,6.0,212.08,2025-03-09 03:15:30+00:00,0.0,0.0,0.0,0.0
Faltec Europe Ltd,38.0,6.0,212.08,2025-03-09 03:30:30+00:00,0.0,0.0,0.0,0.0
Faltec Europe Ltd,38.0,6.0,212.08,2025-03-09 03:45:30+00:00,0.0,0.0,0.0,0.0
Faltec Europe Ltd,38.0,6.0,212.08,2025-03-09 04:00:30+00:00,0.0,0.0,0.0,0.0
Faltec Europe Ltd,38.0,6.0,212.08,2025-03-09 04:15:30+00:00,0.0,0.0,0.0,0.0
Faltec Europe Ltd,38.0,6.0,212.08,2025-03-09 04:30:30+00:00,0.0,0.0,0.0,0.0
Faltec Europe Ltd,38.0,6.0,212.08,2025-03-09 04:45:30+00:00,0.0,0.0,0.0,0.0
Faltec Europe Ltd,38.0,6.0,212.08,2025-03-09 05:00:30+00:00,0.0,0.0,0.0,0.0
Faltec Europe Ltd,38.0,6.0,212.08,2025-03-09 05:15:30+00:00,0.0,0.0,0.0,0.0
Faltec Europe Ltd,38.0,6.0,212.08,2025-03-09 05:30:30+00:00,0.0,0.0,0.0,0.0
Faltec Europe Ltd,38.0,6.0,212.08,2025-03-09 05:45:30+00:00,0.0,0.0,0.0,0.0
Faltec Europe Ltd,38.0,6.0,212.08,2025-03-09 06:00:30+00:00,0.0,0.0,0.0,0.0
Faltec Europe Ltd,38.0,6.0,212.08,2025-03-09 06:15:30+00:00,0.0,0.0,0.0,0.0
Faltec Europe Ltd,38.0,6.0,212.08,2025-03-09 06:30:30+00:00,0.00075,0.00025,0.00125,0.00075
Faltec Europe Ltd,38.0,6.0,212.08,2025-03-09 06:45:30+00:00,0.00175,0.00125,0.003,0.00175
Faltec Europe Ltd,38.0,6.0,212.08,2025-03-09 07:00:30+00:00,0.00475,0.0025,0.008,0.005
Faltec Europe Ltd,38.0,6.0,212.08,2025-03-09 07:15:30+00:00,0.00925,0.0045,0.0135,0.00925
Faltec Europe Ltd,38.0,6.0,212.08,2025-03-09 07:30:30+00:00,0.013,0.00675,0.01925,0.01275
Faltec Europe Ltd,38.0,6.0,212.08,2025-03-09 07:45:30+00:00,0.0165,0.00925,0.024,0.0165
Faltec Europe Ltd,38.0,6.0,212.08,2025-03-09 08:00:30+00:00,0.02025,0.012,0.02825,0.02025
Faltec Europe Ltd,38.0,6.0,212.08,2025-03-09 08:15:30+00:00,0.02375,0.01575,0.03225,0.02375
Faltec Europe Ltd,38.0,6.0,212.08,2025-03-09 08:30:30+00:00,0.028,0.01925,0.0365,0.028
Faltec Europe Ltd,38.0,6.0,212.08,2025-03-09 08:45:30+00:00,0.0315,0.02225,0.0405,0.03175
Faltec Europe Ltd,38.0,6.0,212.08,2025-03-09 09:00:30+00:00,0.0345,0.024,0.04375,0.03475
Faltec Europe Ltd,38.0,6.0,212.08,2025-03-09 09:15:30+00:00,0.0355,0.02525,0.046,0.036
Faltec Europe Ltd,38.0,6.0,212.08,2025-03-09 09:30:30+00:00,0.0365,0.02725,0.04675,0.037
Faltec Europe Ltd,38.0,6.0,212.08,2025-03-09 09:45:30+00:00,0.03875,0.03,0.0475,0.03925
Faltec Europe Ltd,38.0,6.0,212.08,2025-03-09 10:00:30+00:00,0.04075,0.03175,0.04975,0.0415
Faltec Europe Ltd,38.0,6.0,212.08,2025-03-09 10:15:30+00:00,0.04275,0.03125,0.0555,0.0435
Faltec Europe Ltd,38.0,6.0,212.08,2025-03-09 10:30:30+00:00,0.04625,0.02725,0.06775,0.04725
Faltec Europe Ltd,38.0,6.0,212.08,2025-03-09 10:45:30+00:00,0.05275,0.021,0.087,0.054
Faltec Europe Ltd,38.0,6.0,212.08,2025-03-09 11:00:30+00:00,0.06175,0.01875,0.109,0.064
Faltec Europe Ltd,38.0,6.0,212.08,2025-03-09 11:15:30+00:00,0.076,0.02625,0.12325,0.08
Faltec Europe Ltd,38.0,6.0,212.08,2025-03-09 11:30:30+00:00,0.09475,0.04425,0.12275,0.10225
Faltec Europe Ltd,38.0,6.0,212.08,2025-03-09 11:45:30+00:00,0.10625,0.06675,0.122,0.117
Faltec Europe Ltd,38.0,6.0,212.08,2025-03-09 12:00:30+00:00,0.1095,0.086,0.12125,0.122
Faltec Europe Ltd,38.0,6.0,212.08,2025-03-09 12:15:30+00:00,0.109,0.098,0.1195,0.1225
Faltec Europe Ltd,38.0,6.0,212.08,2025-03-09 12:30:30+00:00,0.10775,0.102,0.113,0.12175
Faltec Europe Ltd,38.0,6.0,212.08,2025-03-09 12:45:30+00:00,0.106,0.1015,0.10975,0.1205
Faltec Europe Ltd,38.0,6.0,212.08,2025-03-09 13:00:30+00:00,0.10325,0.099,0.10725,0.1185
Faltec Europe Ltd,38.0,6.0,212.08,2025-03-09 13:15:30+00:00,0.1,0.09575,0.104,0.1155
Faltec Europe Ltd,38.0,6.0,212.08,2025-03-09 13:30:30+00:00,0.0965,0.09225,0.10025,0.112
Faltec Europe Ltd,38.0,6.0,212.08,2025-03-09 13:45:30+00:00,0.092,0.08825,0.09575,0.10775
Faltec Europe Ltd,38.0,6.0,212.08,2025-03-09 14:00:30+00:00,0.0875,0.08375,0.09075,0.10325
Faltec Europe Ltd,38.0,6.0,212.08,2025-03-09 14:15:30+00:00,0.08225,0.07875,0.0855,0.09775
Faltec Europe Ltd,38.0,6.0,212.08,2025-03-09 14:30:30+00:00,0.07675,0.07275,0.08025,0.092
Faltec Europe Ltd,38.0,6.0,212.08,2025-03-09 14:45:30+00:00,0.07075,0.06625,0.07475,0.08575
Faltec Europe Ltd,38.0,6.0,212.08,2025-03-09 15:00:30+00:00,0.06425,0.05925,0.06925,0.07875
Faltec Europe Ltd,38.0,6.0,212.08,2025-03-09 15:15:30+00:00,0.05775,0.052,0.06325,0.07125
Faltec Europe Ltd,38.0,6.0,212.08,2025-03-09 15:30:30+00:00,0.05125,0.045,0.05725,0.0635
Faltec Europe Ltd,38.0,6.0,212.08,2025-03-09 15:45:30+00:00,0.04425,0.038,0.05,0.05575
Faltec Europe Ltd,38.0,6.0,212.08,2025-03-09 16:00:30+00:00,0.03725,0.031,0.04225,0.0475
Faltec Europe Ltd,38.0,6.0,212.08,2025-03-09 16:15:30+00:00,0.0305,0.0245,0.03475,0.0395
Faltec Europe Ltd,38.0,6.0,212.08,2025-03-09 16:30:30+00:00,0.02375,0.0185,0.02725,0.0315
Faltec Europe Ltd,38.0,6.0,212.08,2025-03-09 16:45:30+00:00,0.0175,0.013,0.02,0.02375
Faltec Europe Ltd,38.0,6.0,212.08,2025-03-09 17:00:30+00:00,0.01175,0.0085,0.0135,0.01625
Faltec Europe Ltd,38.0,6.0,212.08,2025-03-09 17:15:30+00:00,0.00675,0.00475,0.008,0.00925
Faltec Europe Ltd,38.0,6.0,212.08,2025-03-09 17:30:30+00:00,0.00325,0.003,0.004,0.0035
Faltec Europe Ltd,38.0,6.0,212.08,2025-03-09 17:45:30+00:00,0.00125,0.001,0.0015,0.00125
Faltec Europe Ltd,38.0,6.0,212.08,2025-03-09 18:00:30+00:00,0.0,0.0,0.0,0.0
Faltec Europe Ltd,38.0,6.0,212.08,2025-03-09 18:15:30+00:00,0.0,0.0,0.0,0.0
Faltec Europe Ltd,38.0,6.0,212.08,2025-03-09 18:30:30+00:00,0.0,0.0,0.0,0.0
Faltec Europe Ltd,38.0,6.0,212.08,2025-03-09 18:45:30+00:00,0.0,0.0,0.0,0.0
Faltec Europe Ltd,38.0,6.0,212.08,2025-03-09 19:00:30+00:00,0.0,0.0,0.0,0.0
Faltec Europe Ltd,38.0,6.0,212.08,2025-03-09 19:15:30+00:00,0.0,0.0,0.0,0.0
Faltec Europe Ltd,38.0,6.0,212.08,2025-03-09 19:30:30+00:00,0.0,0.0,0.0,0.0
Faltec Europe Ltd,38.0,6.0,212.08,2025-03-09 19:45:30+00:00,0.0,0.0,0.0,0.0
Faltec Europe Ltd,38.0,6.0,212.08,2025-03-09 20:00:30+00:00,0.0,0.0,0.0,0.0
Faltec Europe Ltd,38.0,6.0,212.08,2025-03-09 20:15:30+00:00,0.0,0.0,0.0,0.0
Faltec Europe Ltd,38.0,6.0,212.08,2025-03-09 20:30:30+00:00,0.0,0.0,0.0,0.0
Faltec Europe Ltd,38.0,6.0,212.08,2025-03-09 20:45:30+00:00,0.0,0.0,0.0,0.0
Faltec Europe Ltd,38.0,6.0,212.08,2025-03-09 21:00:30+00:00,0.0,0.0,0.0,0.0
Faltec Europe Ltd,38.0,6.0,212.08,2025-03-09 21:15:30+00:00,0.0,0.0,0.0,0.0
Faltec Europe Ltd,38.0,6.0,212.08,2025-03-09 21:30:30+00:00,0.0,0.0,0.0,0.0
Faltec Europe Ltd,38.0,6.0,212.08,2025-03-09 21:45:30+00:00,0.0,0.0,0.0,0.0
Faltec Europe Ltd,38.0,6.0,212.08,2025-03-09 22:00:30+00:00,0.0,0.0,0.0,0.0
Faltec Europe Ltd,38.0,6.0,212.08,2025-03-09 22:15:30+00:00,0.0,0.0,0.0,0.0
Faltec Europe Ltd,38.0,6.0,212.08,2025-03-09 22:30:30+00:00,0.0,0.0,0.0,0.0
Faltec Europe Ltd,38.0,6.0,212.08,2025-03-09 22:45:30+00:00,0.0,0.0,0.0,0.0
Faltec Europe Ltd,38.0,6.0,212.08,2025-03-09 23:00:30+00:00,0.0,0.0,0.0,0.0
Faltec Europe Ltd,38.0,6.0,212.08,2025-03-09 23:15:30+00:00,0.0,0.0,0.0,0.0
Faltec Europe Ltd,38.0,6.0,212.08,2025-03-09 23:30:30+00:00,0.0,0.0,0.0,0.0
Faltec Europe Ltd,38.0,6.0,212.08,2025-03-09 23:45:30+00:00,0.0,0.0,0.0,0.0
Faltec Europe Ltd,38.0,6.0,212.08,2025-03-10 00:00:30+00:00,0.0,0.0,0.0,0.0
Faltec Europe Ltd,38.0,6.0,212.08,2025-03-10 00:15:30+00:00,0.0,0.0,0.0,0.0
Faltec Europe Ltd,38.0,6.0,212.08,2025-03-10 00:30:30+00:00,0.0,0.0,0.0,0.0
Faltec Europe Ltd,38.0,6.0,212.08,2025-03-10 00:45:30+00:00,0.0,0.0,0.0,0.0
Faltec Europe Ltd,38.0,6.0,212.08,2025-03-10 01:00:30+00:00,0.0,0.0,0.0,0.0
Faltec Europe Ltd,38.0,6.0,212.08,2025-03-10 01:15:30+00:00,0.0,0.0,0.0,0.0
Faltec Europe Ltd,38.0,6.0,212.08,2025-03-10 01:30:30+00:00,0.0,0.0,0.0,0.0
Faltec Europe Ltd,38.0,6.0,212.08,2025-03-10 01:45:30+00:00,0.0,0.0,0.0,0.0
Faltec Europe Ltd,38.0,6.0,212.08,2025-03-10 02:00:30+00:00,0.0,0.0,0.0,0.0
Faltec Europe Ltd,38.0,6.0,212.08,2025-03-10 02:15:30+00:00,0.0,0.0,0.0,0.0
Faltec Europe Ltd,38.0,6.0,212.08,2025-03-10 02:30:30+00:00,0.0,0.0,0.0,0.0
Faltec Europe Ltd,38.0,6.0,212.08,2025-03-10 02:45:30+00:00,0.0,0.0,0.0,0.0
Faltec Europe Ltd,38.0,6.0,212.08,2025-03-10 03:00:30+00:00,0.0,0.0,0.0,0.0
Faltec Europe Ltd,38.0,6.0,212.08,2025-03-10 03:15:30+00:00,0.0,0.0,0.0,0.0
Faltec Europe Ltd,38.0,6.0,212.08,2025-03-10 03:30:30+00:00,0.0,0.0,0.0,0.0
Faltec Europe Ltd,38.0,6.0,212.08,2025-03-10 03:45:30+00:00,0.0,0.0,0.0,0.0
Faltec Europe Ltd,38.0,6.0,212.08,2025-03-10 04:00:30+00:00,0.0,0.0,0.0,0.0
Faltec Europe Ltd,38.0,6.0,212.08,2025-03-10 04:15:30+00:00,0.0,0.0,0.0,0.0
Faltec Europe Ltd,38.0,6.0,212.08,2025-03-10 04:30:30+00:00,0.0,0.0,0.0,0.0
Faltec Europe Ltd,38.0,6.0,212.08,2025-03-10 04:45:30+00:00,0.0,0.0,0.0,0.0
Faltec Europe Ltd,38.0,6.0,212.08,2025-03-10 05:00:30+00:00,0.0,0.0,0.0,0.0
Faltec Europe Ltd,38.0,6.0,212.08,2025-03-10 05:15:30+00:00,0.0,0.0,0.0,0.0
Faltec Europe Ltd,38.0,6.0,212.08,2025-03-10 05:30:30+00:00,0.0,0.0,0.0,0.0
Faltec Europe Ltd,38.0,6.0,212.08,2025-03-10 05:45:30+00:00,0.0,0.0,0.0,0.0
Faltec Europe Ltd,38.0,6.0,212.08,2025-03-10 06:00:30+00:00,0.0,0.0,0.0,0.0
Faltec Europe Ltd,38.0,6.0,212.08,2025-03-10 06:15:30+00:00,0.0,0.0,0.0,0.0
Faltec Europe Ltd,38.0,6.0,212.08,2025-03-10 06:30:30+00:00,0.0,0.0,0.0,0.0
Faltec Europe Ltd,38.0,6.0,212.08,2025-03-10 06:45:30+00:00,0.00125,0.00025,0.00275,0.00125
Faltec Europe Ltd,38.0,6.0,212.08,2025-03-10 07:00:30+00:00,0.0035,0.00075,0.006,0.0035
Faltec Europe Ltd,38.0,6.0,212.08,2025-03-10 07:15:30+00:00,0.005,0.0015,0.01075,0.00525
Faltec Europe Ltd,38.0,6.0,212.08,2025-03-10 07:30:30+00:00,0.00975,0.0035,0.0165,0.00975
Faltec Europe Ltd,38.0,6.0,212.08,2025-03-10 07:45:30+00:00,0.015,0.00525,0.022,0.015
Faltec Europe Ltd,38.0,6.0,212.08,2025-03-10 08:00:30+00:00,0.016,0.0055,0.026,0.01625
Faltec Europe Ltd,38.0,6.0,212.08,2025-03-10 08:15:30+00:00,0.0165,0.00575,0.02775,0.0165
Faltec Europe Ltd,38.0,6.0,212.08,2025-03-10 08:30:30+00:00,0.01725,0.0085,0.0295,0.0175
Faltec Europe Ltd,38.0,6.0,212.08,2025-03-10 08:45:30+00:00,0.023,0.01175,0.032,0.02325
Faltec Europe Ltd,38.0,6.0,212.08,2025-03-10 09:00:30+00:00,0.02475,0.014,0.03475,0.025
Faltec Europe Ltd,38.0,6.0,212.08,2025-03-10 09:15:30+00:00,0.02525,0.013,0.03625,0.0255
Faltec Europe Ltd,38.0,6.0,212.08,2025-03-10 09:30:30+00:00,0.02375,0.012,0.03875,0.024
Faltec Europe Ltd,38.0,6.0,212.08,2025-03-10 09:45:30+00:00,0.02675,0.01,0.04,0.027
Faltec Europe Ltd,38.0,6.0,212.08,2025-03-10 10:00:30+00:00,0.0245,0.0075,0.041,0.02475
Faltec Europe Ltd,38.0,6.0,212.08,2025-03-10 10:15:30+00:00,0.02025,0.008,0.03875,0.0205
Faltec Europe Ltd,38.0,6.0,212.08,2025-03-10 10:30:30+00:00,0.01875,0.0085,0.036,0.01875
Faltec Europe Ltd,38.0,6.0,212.08,2025-03-10 10:45:30+00:00,0.01775,0.00875,0.033,0.01775
Faltec Europe Ltd,38.0,6.0,212.08,2025-03-10 11:00:30+00:00,0.01625,0.009,0.03125,0.01625
Faltec Europe Ltd,38.0,6.0,212.08,2025-03-10 11:15:30+00:00,0.01525,0.00925,0.0295,0.0155
Faltec Europe Ltd,38.0,6.0,212.08,2025-03-10 11:30:30+00:00,0.01325,0.0095,0.0275,0.0135
Faltec Europe Ltd,38.0,6.0,212.08,2025-03-10 11:45:30+00:00,0.011,0.0095,0.025,0.011
Faltec Europe Ltd,38.0,6.0,212.08,2025-03-10 12:00:30+00:00,0.011,0.0095,0.02375,0.01125
Faltec Europe Ltd,38.0,6.0,212.08,2025-03-10 12:15:30+00:00,0.0115,0.0095,0.023,0.01175
Faltec Europe Ltd,38.0,6.0,212.08,2025-03-10 12:30:30+00:00,0.0105,0.0095,0.0225,0.0105
Faltec Europe Ltd,38.0,6.0,212.08,2025-03-10 12:45:30+00:00,0.00975,0.0095,0.0215,0.00975
Faltec Europe Ltd,38.0,6.0,212.08,2025-03-10 13:00:30+00:00,0.00825,0.00525,0.02025,0.00825
Faltec Europe Ltd,38.0,6.0,212.08,2025-03-10 13:15:30+00:00,0.0075,0.00475,0.0195,0.0075
Faltec Europe Ltd,38.0,6.0,212.08,2025-03-10 13:30:30+00:00,0.008,0.00525,0.0195,0.00825
Faltec Europe Ltd,38.0,6.0,212.08,2025-03-10 13:45:30+00:00,0.00875,0.0085,0.02,0.00875
Faltec Europe Ltd,38.0,6.0,212.08,2025-03-10 14:00:30+00:00,0.00975,0.008,0.02025,0.00975
Faltec Europe Ltd,38.0,6.0,212.08,2025-03-10 14:15:30+00:00,0.00925,0.00775,0.021,0.0095
Faltec Europe Ltd,38.0,6.0,212.08,2025-03-10 14:30:30+00:00,0.0085,0.00725,0.02375,0.0085
Faltec Europe Ltd,38.0,6.0,212.08,2025-03-10 14:45:30+00:00,0.011,0.00675,0.0285,0.011
Faltec Europe Ltd,38.0,6.0,212.08,2025-03-10 15:00:30+00:00,0.01475,0.00625,0.03375,0.01475
Faltec Europe Ltd,38.0,6.0,212.08,2025-03-10 15:15:30+00:00,0.0175,0.0055,0.0365,0.01775
Faltec Europe Ltd,38.0,6.0,212.08,2025-03-10 15:30:30+00:00,0.019,0.005,0.037,0.01925
Faltec Europe Ltd,38.0,6.0,212.08,2025-03-10 15:45:30+00:00,0.02025,0.00425,0.03525,0.02075
Faltec Europe Ltd,38.0,6.0,212.08,2025-03-10 16:00:30+00:00,0.0195,0.00675,0.03225,0.02
Faltec Europe Ltd,38.0,6.0,212.08,2025-03-10 16:15:30+00:00,0.0185,0.00775,0.02775,0.019
Faltec Europe Ltd,38.0,6.0,212.08,2025-03-10 16:30:30+00:00,0.0155,0.00775,0.023,0.016
Faltec Europe Ltd,38.0,6.0,212.08,2025-03-10 16:45:30+00:00,0.012,0.00575,0.01775,0.0125
Faltec Europe Ltd,38.0,6.0,212.08,2025-03-10 17:00:30+00:00,0.00775,0.0035,0.01275,0.008
Faltec Europe Ltd,38.0,6.0,212.08,2025-03-10 17:15:30+00:00,0.0045,0.00175,0.00775,0.0045
Faltec Europe Ltd,38.0,6.0,212.08,2025-03-10 17:30:30+00:00,0.00175,0.00075,0.004,0.00175
Faltec Europe Ltd,38.0,6.0,212.08,2025-03-10 17:45:30+00:00,0.00075,0.00025,0.0015,0.00075
Faltec Europe Ltd,38.0,6.0,212.08,2025-03-10 18:00:30+00:00,0.0,0.0,0.0,0.0
Faltec Europe Ltd,38.0,6.0,212.08,2025-03-10 18:15:30+00:00,0.0,0.0,0.0,0.0
Faltec Europe Ltd,38.0,6.0,212.08,2025-03-10 18:30:30+00:00,0.0,0.0,0.0,0.0
Faltec Europe Ltd,38.0,6.0,212.08,2025-03-10 18:45:30+00:00,0.0,0.0,0.0,0.0
Faltec Europe Ltd,38.0,6.0,212.08,2025-03-10 19:00:30+00:00,0.0,0.0,0.0,0.0
Faltec Europe Ltd,38.0,6.0,212.08,2025-03-10 19:15:30+00:00,0.0,0.0,0.0,0.0
Faltec Europe Ltd,38.0,6.0,212.08,2025-03-10 19:30:30+00:00,0.0,0.0,0.0,0.0
Faltec Europe Ltd,38.0,6.0,212.08,2025-03-10 19:45:30+00:00,0.0,0.0,0.0,0.0
Faltec Europe Ltd,38.0,6.0,212.08,2025-03-10 20:00:30+00:00,0.0,0.0,0.0,0.0
Faltec Europe Ltd,38.0,6.0,212.08,2025-03-10 20:15:30+00:00,0.0,0.0,0.0,0.0
Faltec Europe Ltd,38.0,6.0,212.08,2025-03-10 20:30:30+00:00,0.0,0.0,0.0,0.0
Faltec Europe Ltd,38.0,6.0,212.08,2025-03-10 20:45:30+00:00,0.0,0.0,0.0,0.0
Faltec Europe Ltd,38.0,6.0,212.08,2025-03-10 21:00:30+00:00,0.0,0.0,0.0,0.0
Faltec Europe Ltd,38.0,6.0,212.08,2025-03-10 21:15:30+00:00,0.0,0.0,0.0,0.0
Faltec Europe Ltd,38.0,6.0,212.08,2025-03-10 21:30:30+00:00,0.0,0.0,0.0,0.0
Faltec Europe Ltd,38.0,6.0,212.08,2025-03-10 21:45:30+00:00,0.0,0.0,0.0,0.0
Faltec Europe Ltd,38.0,6.0,212.08,2025-03-10 22:00:30+00:00,0.0,0.0,0.0,0.0
Faltec Europe Ltd,38.0,6.0,212.08,2025-03-10 22:15:30+00:00,0.0,0.0,0.0,0.0
Faltec Europe Ltd,38.0,6.0,212.08,2025-03-10 22:30:30+00:00,0.0,0.0,0.0,0.0
Faltec Europe Ltd,38.0,6.0,212.08,2025-03-10 22:45:30+00:00,0.0,0.0,0.0,0.0
Faltec Europe Ltd,38.0,6.0,212.08,2025-03-10 23:00:30+00:00,0.0,0.0,0.0,0.0
Faltec Europe Ltd,38.0,6.0,212.08,2025-03-10 23:15:30+00:00,0.0,0.0,0.0,0.0
Faltec Europe Ltd,38.0,6.0,212.08,2025-03-10 23:30:30+00:00,0.0,0.0,0.0,0.0
Faltec Europe Ltd,38.0,6.0,212.08,2025-03-10 23:45:30+00:00,0.0,0.0,0.0,0.0
Faltec Europe Ltd,38.0,6.0,212.08,2025-03-11 00:00:30+00:00,0.0,0.0,0.0,0.0
Faltec Europe Ltd,38.0,6.0,212.08,2025-03-11 00:15:30+00:00,0.0,0.0,0.0,0.0
Faltec Europe Ltd,38.0,6.0,212.08,2025-03-11 00:30:30+00:00,0.0,0.0,0.0,0.0
Faltec Europe Ltd,38.0,6.0,212.08,2025-03-11 00:45:30+00:00,0.0,0.0,0.0,0.0
Faltec Europe Ltd,38.0,6.0,212.08,2025-03-11 01:00:30+00:00,0.0,0.0,0.0,0.0
Faltec Europe Ltd,38.0,6.0,212.08,2025-03-11 01:15:30+00:00,0.0,0.0,0.0,0.0
Faltec Europe Ltd,38.0,6.0,212.08,2025-03-11 01:30:30+00:00,0.0,0.0,0.0,0.0
Faltec Europe Ltd,38.0,6.0,212.08,2025-03-11 01:45:30+00:00,0.0,0.0,0.0,0.0
Faltec Europe Ltd,38.0,6.0,212.08,2025-03-11 02:00:30+00:00,0.0,0.0,0.0,0.0
Faltec Europe Ltd,38.0,6.0,212.08,2025-03-11 02:15:30+00:00,0.0,0.0,0.0,0.0
Faltec Europe Ltd,38.0,6.0,212.08,2025-03-11 02:30:30+00:00,0.0,0.0,0.0,0.0
Faltec Europe Ltd,38.0,6.0,212.08,2025-03-11 02:45:30+00:00,0.0,0.0,0.0,0.0
Faltec Europe Ltd,38.0,6.0,212.08,2025-03-11 03:00:30+00:00,0.0,0.0,0.0,0.0
Faltec Europe Ltd,38.0,6.0,212.08,2025-03-11 03:15:30+00:00,0.0,0.0,0.0,0.0
Faltec Europe Ltd,38.0,6.0,212.08,2025-03-11 03:30:30+00:00,0.0,0.0,0.0,0.0
Faltec Europe Ltd,38.0,6.0,212.08,2025-03-11 03:45:30+00:00,0.0,0.0,0.0,0.0
Faltec Europe Ltd,38.0,6.0,212.08,2025-03-11 04:00:30+00:00,0.0,0.0,0.0,0.0
Faltec Europe Ltd,38.0,6.0,212.08,2025-03-11 04:15:30+00:00,0.0,0.0,0.0,0.0
Faltec Europe Ltd,38.0,6.0,212.08,2025-03-11 04:30:30+00:00,0.0,0.0,0.0,0.0
Faltec Europe Ltd,38.0,6.0,212.08,2025-03-11 04:45:30+00:00,0.0,0.0,0.0,0.0
Faltec Europe Ltd,38.0,6.0,212.08,2025-03-11 05:00:30+00:00,0.0,0.0,0.0,0.0
Faltec Europe Ltd,38.0,6.0,212.08,2025-03-11 05:15:30+00:00,0.0,0.0,0.0,0.0
Faltec Europe Ltd,38.0,6.0,212.08,2025-03-11 05:30:30+00:00,0.0,0.0,0.0,0.0
Faltec Europe Ltd,38.0,6.0,212.08,2025-03-11 05:45:30+00:00,0.0,0.0,0.0,0.0
Faltec Europe Ltd,38.0,6.0,212.08,2025-03-11 06:00:30+00:00,0.0,0.0,0.0,0.0
Faltec Europe Ltd,38.0,6.0,212.08,2025-03-11 06:15:30+00:00,0.0,0.0,0.0,0.0
Faltec Europe Ltd,38.0,6.0,212.08,2025-03-11 06:30:30+00:00,0.00025,0.00025,0.0005,0.00025
Faltec Europe Ltd,38.0,6.0,212.08,2025-03-11 06:45:30+00:00,0.00275,0.0015,0.005,0.00275
Faltec Europe Ltd,38.0,6.0,212.08,2025-03-11 07:00:30+00:00,0.00725,0.003,0.011,0.007
Faltec Europe Ltd,38.0,6.0,212.08,2025-03-11 07:15:30+00:00,0.011,0.00625,0.0195,0.0105
Faltec Europe Ltd,38.0,6.0,212.08,2025-03-11 07:30:30+00:00,0.02025,0.00875,0.027,0.019
Faltec Europe Ltd,38.0,6.0,212.08,2025-03-11 07:45:30+00:00,0.0215,0.01025,0.0325,0.021
Faltec Europe Ltd,38.0,6.0,212.08,2025-03-11 08:00:30+00:00,0.02275,0.012,0.03725,0.0225
Faltec Europe Ltd,38.0,6.0,212.08,2025-03-11 08:15:30+00:00,0.03,0.01475,0.04575,0.02975
Faltec Europe Ltd,38.0,6.0,212.08,2025-03-11 08:30:30+00:00,0.03775,0.02175,0.05575,0.0375
Faltec Europe Ltd,38.0,6.0,212.08,2025-03-11 08:45:30+00:00,0.048,0.0275,0.069,0.048
Faltec Europe Ltd,38.0,6.0,212.08,2025-03-11 09:00:30+00:00,0.05825,0.03125,0.08075,0.0585
Faltec Europe Ltd,38.0,6.0,212.08,2025-03-11 09:15:30+00:00,0.061,0.024,0.08375,0.062
Faltec Europe Ltd,38.0,6.0,212.08,2025-03-11 09:30:30+00:00,0.04225,0.0155,0.08075,0.04275
Faltec Europe Ltd,38.0,6.0,212.08,2025-03-11 09:45:30+00:00,0.04075,0.016,0.069,0.0415
Faltec Europe Ltd,38.0,6.0,212.08,2025-03-11 10:00:30+00:00,0.044,0.01475,0.07325,0.04475
Faltec Europe Ltd,38.0,6.0,212.08,2025-03-11 10:15:30+00:00,0.0465,0.01675,0.0815,0.04725
Faltec Europe Ltd,38.0,6.0,212.08,2025-03-11 10:30:30+00:00,0.05575,0.02175,0.10625,0.05725
Faltec Europe Ltd,38.0,6.0,212.08,2025-03-11 10:45:30+00:00,0.08725,0.034,0.11325,0.09225
Faltec Europe Ltd,38.0,6.0,212.08,2025-03-11 11:00:30+00:00,0.07875,0.044,0.1165,0.083
Faltec Europe Ltd,38.0,6.0,212.08,2025-03-11 11:15:30+00:00,0.07425,0.0465,0.118,0.078
Faltec Europe Ltd,38.0,6.0,212.08,2025-03-11 11:30:30+00:00,0.091,0.05175,0.1255,0.09775
Faltec Europe Ltd,38.0,6.0,212.08,2025-03-11 11:45:30+00:00,0.10025,0.063,0.131,0.10925
Faltec Europe Ltd,38.0,6.0,212.08,2025-03-11 12:00:30+00:00,0.10875,0.0655,0.1295,0.1205
Faltec Europe Ltd,38.0,6.0,212.08,2025-03-11 12:15:30+00:00,0.1085,0.05375,0.12925,0.12075
Faltec Europe Ltd,38.0,6.0,212.08,2025-03-11 12:30:30+00:00,0.082,0.03125,0.132,0.08875
Faltec Europe Ltd,38.0,6.0,212.08,2025-03-11 12:45:30+00:00,0.06575,0.0175,0.121,0.0695
Faltec Europe Ltd,38.0,6.0,212.08,2025-03-11 13:00:30+00:00,0.0575,0.0185,0.09725,0.06025
Faltec Europe Ltd,38.0,6.0,212.08,2025-03-11 13:15:30+00:00,0.04975,0.02575,0.07825,0.0515
Faltec Europe Ltd,38.0,6.0,212.08,2025-03-11 13:30:30+00:00,0.0475,0.03,0.07525,0.049
Faltec Europe Ltd,38.0,6.0,212.08,2025-03-11 13:45:30+00:00,0.05825,0.02225,0.08075,0.06225
Faltec Europe Ltd,38.0,6.0,212.08,2025-03-11 14:00:30+00:00,0.05025,0.02275,0.091,0.05325
Faltec Europe Ltd,38.0,6.0,212.08,2025-03-11 14:15:30+00:00,0.059,0.024,0.09525,0.065
Faltec Europe Ltd,38.0,6.0,212.08,2025-03-11 14:30:30+00:00,0.0685,0.026,0.0895,0.078
Faltec Europe Ltd,38.0,6.0,212.08,2025-03-11 14:45:30+00:00,0.0485,0.01675,0.086,0.0535
Faltec Europe Ltd,38.0,6.0,212.08,2025-03-11 15:00:30+00:00,0.036,0.00725,0.07325,0.03825
Faltec Europe Ltd,38.0,6.0,212.08,2025-03-11 15:15:30+00:00,0.0325,0.0065,0.0575,0.0345
Faltec Europe Ltd,38.0,6.0,212.08,2025-03-11 15:30:30+00:00,0.0215,0.0055,0.0435,0.02225
Faltec Europe Ltd,38.0,6.0,212.08,2025-03-11 15:45:30+00:00,0.01625,0.005,0.03525,0.0165
Faltec Europe Ltd,38.0,6.0,212.08,2025-03-11 16:00:30+00:00,0.01475,0.0045,0.0345,0.015
Faltec Europe Ltd,38.0,6.0,212.08,2025-03-11 16:15:30+00:00,0.01825,0.0035,0.03425,0.01925
Faltec Europe Ltd,38.0,6.0,212.08,2025-03-11 16:30:30+00:00,0.019,0.00475,0.02975,0.02125
Faltec Europe Ltd,38.0,6.0,212.08,2025-03-11 16:45:30+00:00,0.01525,0.00625,0.02375,0.017
Faltec Europe Ltd,38.0,6.0,212.08,2025-03-11 17:00:30+00:00,0.01075,0.00525,0.01675,0.0115
Faltec Europe Ltd,38.0,6.0,212.08,2025-03-11 17:15:30+00:00,0.00675,0.003,0.01075,0.00675
Faltec Europe Ltd,38.0,6.0,212.08,2025-03-11 17:30:30+00:00,0.003,0.00125,0.00575,0.003
Faltec Europe Ltd,38.0,6.0,212.08,2025-03-11 17:45:30+00:00,0.0005,0.0005,0.00125,0.0005
Faltec Europe Ltd,38.0,6.0,212.08,2025-03-11 18:00:30+00:00,0.0,0.0,0.0,0.0
Faltec Europe Ltd,38.0,6.0,212.08,2025-03-11 18:15:30+00:00,0.0,0.0,0.0,0.0
Faltec Europe Ltd,38.0,6.0,212.08,2025-03-11 18:30:30+00:00,0.0,0.0,0.0,0.0
Faltec Europe Ltd,38.0,6.0,212.08,2025-03-11 18:45:30+00:00,0.0,0.0,0.0,0.0
Faltec Europe Ltd,38.0,6.0,212.08,2025-03-11 19:00:30+00:00,0.0,0.0,0.0,0.0
Faltec Europe Ltd,38.0,6.0,212.08,2025-03-11 19:15:30+00:00,0.0,0.0,0.0,0.0
Faltec Europe Ltd,38.0,6.0,212.08,2025-03-11 19:30:30+00:00,0.0,0.0,0.0,0.0
Faltec Europe Ltd,38.0,6.0,212.08,2025-03-11 19:45:30+00:00,0.0,0.0,0.0,0.0
Faltec Europe Ltd,38.0,6.0,212.08,2025-03-11 20:00:30+00:00,0.0,0.0,0.0,0.0
Faltec Europe Ltd,38.0,6.0,212.08,2025-03-11 20:15:30+00:00,0.0,0.0,0.0,0.0
Faltec Europe Ltd,38.0,6.0,212.08,2025-03-11 20:30:30+00:00,0.0,0.0,0.0,0.0
Faltec Europe Ltd,38.0,6.0,212.08,2025-03-11 20:45:30+00:00,0.0,0.0,0.0,0.0
Faltec Europe Ltd,38.0,6.0,212.08,2025-03-11 21:00:30+00:00,0.0,0.0,0.0,0.0
Faltec Europe Ltd,38.0,6.0,212.08,2025-03-11 21:15:30+00:00,0.0,0.0,0.0,0.0
Faltec Europe Ltd,38.0,6.0,212.08,2025-03-11 21:30:30+00:00,0.0,0.0,0.0,0.0
Faltec Europe Ltd,38.0,6.0,212.08,2025-03-11 21:45:30+00:00,0.0,0.0,0.0,0.0
Faltec Europe Ltd,38.0,6.0,212.08,2025-03-11 22:00:30+00:00,0.0,0.0,0.0,0.0
Faltec Europe Ltd,38.0,6.0,212.08,2025-03-11 22:15:30+00:00,0.0,0.0,0.0,0.0
Faltec Europe Ltd,38.0,6.0,212.08,2025-03-11 22:30:30+00:00,0.0,0.0,0.0,0.0
Faltec Europe Ltd,38.0,6.0,212.08,2025-03-11 22:45:30+00:00,0.0,0.0,0.0,0.0
Faltec Europe Ltd,38.0,6.0,212.08,2025-03-11 23:00:30+00:00,0.0,0.0,0.0,0.0
Faltec Europe Ltd,38.0,6.0,212.08,2025-03-11 23:15:30+00:00,0.0,0.0,0.0,0.0
Faltec Europe Ltd,38.0,6.0,212.08,2025-03-11 23:30:30+00:00,0.0,0.0,0.0,0.0
Faltec Europe Ltd,38.0,6.0,212.08,2025-03-11 23:45:30+00:00,0.0,0.0,0.0,0.0
Faltec Europe Ltd,38.0,6.0,212.08,2025-03-12 00:00:30+00:00,0.0,0.0,0.0,0.0
Faltec Europe Ltd,38.0,6.0,212.08,2025-03-12 00:15:30+00:00,0.0,0.0,0.0,0.0
Faltec Europe Ltd,38.0,6.0,212.08,2025-03-12 00:30:30+00:00,0.0,0.0,0.0,0.0
Faltec Europe Ltd,38.0,6.0,212.08,2025-03-12 00:45:30+00:00,0.0,0.0,0.0,0.0
Faltec Europe Ltd,38.0,6.0,212.08,2025-03-12 01:00:30+00:00,0.0,0.0,0.0,0.0
Faltec Europe Ltd,38.0,6.0,212.08,2025-03-12 01:15:30+00:00,0.0,0.0,0.0,0.0
Faltec Europe Ltd,38.0,6.0,212.08,2025-03-12 01:30:30+00:00,0.0,0.0,0.0,0.0
Faltec Europe Ltd,38.0,6.0,212.08,2025-03-12 01:45:30+00:00,0.0,0.0,0.0,0.0
Faltec Europe Ltd,38.0,6.0,212.08,2025-03-12 02:00:30+00:00,0.0,0.0,0.0,0.0
Faltec Europe Ltd,38.0,6.0,212.08,2025-03-12 02:15:30+00:00,0.0,0.0,0.0,0.0
Faltec Europe Ltd,38.0,6.0,212.08,2025-03-12 02:30:30+00:00,0.0,0.0,0.0,0.0
Faltec Europe Ltd,38.0,6.0,212.08,2025-03-12 02:45:30+00:00,0.0,0.0,0.0,0.0
Faltec Europe Ltd,38.0,6.0,212.08,2025-03-12 03:00:30+00:00,0.0,0.0,0.0,0.0
Faltec Europe Ltd,38.0,6.0,212.08,2025-03-12 03:15:30+00:00,0.0,0.0,0.0,0.0
Faltec Europe Ltd,38.0,6.0,212.08,2025-03-12 03:30:30+00:00,0.0,0.0,0.0,0.0
Faltec Europe Ltd,38.0,6.0,212.08,2025-03-12 03:45:30+00:00,0.0,0.0,0.0,0.0
Faltec Europe Ltd,38.0,6.0,212.08,2025-03-12 04:00:30+00:00,0.0,0.0,0.0,0.0
Faltec Europe Ltd,38.0,6.0,212.08,2025-03-12 04:15:30+00:00,0.0,0.0,0.0,0.0
Faltec Europe Ltd,38.0,6.0,212.08,2025-03-12 04:30:30+00:00,0.0,0.0,0.0,0.0
Faltec Europe Ltd,38.0,6.0,212.08,2025-03-12 04:45:30+00:00,0.0,0.0,0.0,0.0
Faltec Europe Ltd,38.0,6.0,212.08,2025-03-12 05:00:30+00:00,0.0,0.0,0.0,0.0
Faltec Europe Ltd,38.0,6.0,212.08,2025-03-12 05:15:30+00:00,0.0,0.0,0.0,0.0
Faltec Europe Ltd,38.0,6.0,212.08,2025-03-12 05:30:30+00:00,0.0,0.0,0.0,0.0
Faltec Europe Ltd,38.0,6.0,212.08,2025-03-12 05:45:30+00:00,0.0,0.0,0.0,0.0
Faltec Europe Ltd,38.0,6.0,212.08,2025-03-12 06:00:30+00:00,0.0,0.0,0.0,0.0
Faltec Europe Ltd,38.0,6.0,212.08,2025-03-12 06:15:30+00:00,0.0,0.0,0.0,0.0
Faltec Europe Ltd,38.0,6.0,212.08,2025-03-12 06:30:30+00:00,0.00075,0.00075,0.00125,0.00075
Faltec Europe Ltd,38.0,6.0,212.08,2025-03-12 06:45:30+00:00,0.00425,0.00225,0.00725,0.004
Faltec Europe Ltd,38.0,6.0,212.08,2025-03-12 07:00:30+00:00,0.0095,0.00525,0.01525,0.0085
Faltec Europe Ltd,38.0,6.0,212.08,2025-03-12 07:15:30+00:00,0.017,0.006,0.026,0.0155
Faltec Europe Ltd,38.0,6.0,212.08,2025-03-12 07:30:30+00:00,0.02175,0.00425,0.0355,0.02025
Faltec Europe Ltd,38.0,6.0,212.08,2025-03-12 07:45:30+00:00,0.0205,0.004,0.03775,0.02
Faltec Europe Ltd,38.0,6.0,212.08,2025-03-12 08:00:30+00:00,0.00825,0.00375,0.03375,0.0085
Faltec Europe Ltd,38.0,6.0,212.08,2025-03-12 08:15:30+00:00,0.01875,0.0045,0.0515,0.01875
Faltec Europe Ltd,38.0,6.0,212.08,2025-03-12 08:30:30+00:00,0.04125,0.00975,0.07225,0.04075
Faltec Europe Ltd,38.0,6.0,212.08,2025-03-12 08:45:30+00:00,0.06675,0.0185,0.081,0.06625
Faltec Europe Ltd,38.0,6.0,212.08,2025-03-12 09:00:30+00:00,0.05575,0.01175,0.08875,0.05625
Faltec Europe Ltd,38.0,6.0,212.08,2025-03-12 09:15:30+00:00,0.0315,0.007,0.087,0.03175
Faltec Europe Ltd,38.0,6.0,212.08,2025-03-12 09:30:30+00:00,0.04425,0.00875,0.0795,0.045
Faltec Europe Ltd,38.0,6.0,212.08,2025-03-12 09:45:30+00:00,0.02475,0.00825,0.09925,0.025
Faltec Europe Ltd,38.0,6.0,212.08,2025-03-12 10:00:30+00:00,0.08,0.016,0.1095,0.08325
Faltec Europe Ltd,38.0,6.0,212.08,2025-03-12 10:15:30+00:00,0.07125,0.0275,0.1165,0.074
Faltec Europe Ltd,38.0,6.0,212.08,2025-03-12 10:30:30+00:00,0.06375,0.02425,0.1115,0.0665
Faltec Europe Ltd,38.0,6.0,212.08,2025-03-12 10:45:30+00:00,0.0675,0.0235,0.108,0.07075
Faltec Europe Ltd,38.0,6.0,212.08,2025-03-12 11:00:30+00:00,0.06575,0.0315,0.1325,0.06925
Faltec Europe Ltd,38.0,6.0,212.08,2025-03-12 11:15:30+00:00,0.1115,0.03475,0.1325,0.12
Faltec Europe Ltd,38.0,6.0,212.08,2025-03-12 11:30:30+00:00,0.08625,0.03175,0.1355,0.0925
Faltec Europe Ltd,38.0,6.0,212.08,2025-03-12 11:45:30+00:00,0.06375,0.03025,0.13875,0.0675
Faltec Europe Ltd,38.0,6.0,212.08,2025-03-12 12:00:30+00:00,0.11025,0.02875,0.13475,0.12075
Faltec Europe Ltd,38.0,6.0,212.08,2025-03-12 12:15:30+00:00,0.08875,0.0245,0.13675,0.096
Faltec Europe Ltd,38.0,6.0,212.08,2025-03-12 12:30:30+00:00,0.05475,0.011,0.1225,0.05725
Faltec Europe Ltd,38.0,6.0,212.08,2025-03-12 12:45:30+00:00,0.051,0.01325,0.11325,0.053
Faltec Europe Ltd,38.0,6.0,212.08,2025-03-12 13:00:30+00:00,0.079,0.02925,0.1115,0.0865
Faltec Europe Ltd,38.0,6.0,212.08,2025-03-12 13:15:30+00:00,0.0825,0.04525,0.11075,0.091
Faltec Europe Ltd,38.0,6.0,212.08,2025-03-12 13:30:30+00:00,0.07325,0.049,0.1025,0.08025
Faltec Europe Ltd,38.0,6.0,212.08,2025-03-12 13:45:30+00:00,0.07025,0.0455,0.0915,0.0775
Faltec Europe Ltd,38.0,6.0,212.08,2025-03-12 14:00:30+00:00,0.06275,0.03625,0.09,0.06825
Faltec Europe Ltd,38.0,6.0,212.08,2025-03-12 14:15:30+00:00,0.05525,0.02125,0.084,0.0595
Faltec Europe Ltd,38.0,6.0,212.08,2025-03-12 14:30:30+00:00,0.03975,0.019,0.08575,0.04175
Faltec Europe Ltd,38.0,6.0,212.08,2025-03-12 14:45:30+00:00,0.05575,0.01675,0.0845,0.06325
Faltec Europe Ltd,38.0,6.0,212.08,2025-03-12 15:00:30+00:00,0.05725,0.02725,0.08225,0.06675
Faltec Europe Ltd,38.0,6.0,212.08,2025-03-12 15:15:30+00:00,0.05175,0.0265,0.0775,0.06075
Faltec Europe Ltd,38.0,6.0,212.08,2025-03-12 15:30:30+00:00,0.05125,0.02375,0.0675,0.06225
Faltec Europe Ltd,38.0,6.0,212.08,2025-03-12 15:45:30+00:00,0.043,0.01,0.06075,0.05175
Faltec Europe Ltd,38.0,6.0,212.08,2025-03-12 16:00:30+00:00,0.01925,0.00425,0.056,0.02125
Faltec Europe Ltd,38.0,6.0,212.08,2025-03-12 16:15:30+00:00,0.02025,0.004,0.0435,0.02275
Faltec Europe Ltd,38.0,6.0,212.08,2025-03-12 16:30:30+00:00,0.022,0.00425,0.03725,0.0265
Faltec Europe Ltd,38.0,6.0,212.08,2025-03-12 16:45:30+00:00,0.0205,0.00625,0.026,0.02775
Faltec Europe Ltd,38.0,6.0,212.08,2025-03-12 17:00:30+00:00,0.01425,0.0045,0.0165,0.022
Faltec Europe Ltd,38.0,6.0,212.08,2025-03-12 17:15:30+00:00,0.0065,0.002,0.01225,0.00875
Faltec Europe Ltd,38.0,6.0,212.08,2025-03-12 17:30:30+00:00,0.003,0.0005,0.008,0.003
Faltec Europe Ltd,38.0,6.0,212.08,2025-03-12 17:45:30+00:00,0.00075,0.00025,0.00175,0.00075
Faltec Europe Ltd,38.0,6.0,212.08,2025-03-12 18:00:30+00:00,0.0,0.0,0.0,0.0
Faltec Europe Ltd,38.0,6.0,212.08,2025-03-12 18:15:30+00:00,0.0,0.0,0.0,0.0
Faltec Europe Ltd,38.0,6.0,212.08,2025-03-12 18:30:30+00:00,0.0,0.0,0.0,0.0
Faltec Europe Ltd,38.0,6.0,212.08,2025-03-12 18:45:30+00:00,0.0,0.0,0.0,0.0
Faltec Europe Ltd,38.0,6.0,212.08,2025-03-12 19:00:30+00:00,0.0,0.0,0.0,0.0
Faltec Europe Ltd,38.0,6.0,212.08,2025-03-12 19:15:30+00:00,0.0,0.0,0.0,0.0
Faltec Europe Ltd,38.0,6.0,212.08,2025-03-12 19:30:30+00:00,0.0,0.0,0.0,0.0
Faltec Europe Ltd,38.0,6.0,212.08,2025-03-12 19:45:30+00:00,0.0,0.0,0.0,0.0
Faltec Europe Ltd,38.0,6.0,212.08,2025-03-12 20:00:30+00:00,0.0,0.0,0.0,0.0
Faltec Europe Ltd,38.0,6.0,212.08,2025-03-12 20:15:30+00:00,0.0,0.0,0.0,0.0
Faltec Europe Ltd,38.0,6.0,212.08,2025-03-12 20:30:30+00:00,0.0,0.0,0.0,0.0
Faltec Europe Ltd,38.0,6.0,212.08,2025-03-12 20:45:30+00:00,0.0,0.0,0.0,0.0
Faltec Europe Ltd,38.0,6.0,212.08,2025-03-12 21:00:30+00:00,0.0,0.0,0.0,0.0
Faltec Europe Ltd,38.0,6.0,212.08,2025-03-12 21:15:30+00:00,0.0,0.0,0.0,0.0
Faltec Europe Ltd,38.0,6.0,212.08,2025-03-12 21:30:30+00:00,0.0,0.0,0.0,0.0
Faltec Europe Ltd,38.0,6.0,212.08,2025-03-12 21:45:30+00:00,0.0,0.0,0.0,0.0
Faltec Europe Ltd,38.0,6.0,212.08,2025-03-12 22:00:30+00:00,0.0,0.0,0.0,0.0
Faltec Europe Ltd,38.0,6.0,212.08,2025-03-12 22:15:30+00:00,0.0,0.0,0.0,0.0
Faltec Europe Ltd,38.0,6.0,212.08,2025-03-12 22:30:30+00:00,0.0,0.0,0.0,0.0
Faltec Europe Ltd,38.0,6.0,212.08,2025-03-12 22:45:30+00:00,0.0,0.0,0.0,0.0
Faltec Europe Ltd,38.0,6.0,212.08,2025-03-12 23:00:30+00:00,0.0,0.0,0.0,0.0
Faltec Europe Ltd,38.0,6.0,212.08,2025-03-12 23:15:30+00:00,0.0,0.0,0.0,0.0
Faltec Europe Ltd,38.0,6.0,212.08,2025-03-12 23:30:30+00:00,0.0,0.0,0.0,0.0
Faltec Europe Ltd,38.0,6.0,212.08,2025-03-12 23:45:30+00:00,0.0,0.0,0.0,0.0
Faltec Europe Ltd,38.0,6.0,212.08,2025-03-13 00:00:30+00:00,0.0,0.0,0.0,0.0
Faltec Europe Ltd,38.0,6.0,212.08,2025-03-13 00:15:30+00:00,0.0,0.0,0.0,0.0
Faltec Europe Ltd,38.0,6.0,212.08,2025-03-13 00:30:30+00:00,0.0,0.0,0.0,0.0
Faltec Europe Ltd,38.0,6.0,212.08,2025-03-13 00:45:30+00:00,0.0,0.0,0.0,0.0
Faltec Europe Ltd,38.0,6.0,212.08,2025-03-13 01:00:30+00:00,0.0,0.0,0.0,0.0
Faltec Europe Ltd,38.0,6.0,212.08,2025-03-13 01:15:30+00:00,0.0,0.0,0.0,0.0
Faltec Europe Ltd,38.0,6.0,212.08,2025-03-13 01:30:30+00:00,0.0,0.0,0.0,0.0
Faltec Europe Ltd,38.0,6.0,212.08,2025-03-13 01:45:30+00:00,0.0,0.0,0.0,0.0
Faltec Europe Ltd,38.0,6.0,212.08,2025-03-13 02:00:30+00:00,0.0,0.0,0.0,0.0
Faltec Europe Ltd,38.0,6.0,212.08,2025-03-13 02:15:30+00:00,0.0,0.0,0.0,0.0
Faltec Europe Ltd,38.0,6.0,212.08,2025-03-13 02:30:30+00:00,0.0,0.0,0.0,0.0
Faltec Europe Ltd,38.0,6.0,212.08,2025-03-13 02:45:30+00:00,0.0,0.0,0.0,0.0
Faltec Europe Ltd,38.0,6.0,212.08,2025-03-13 03:00:30+00:00,0.0,0.0,0.0,0.0
Faltec Europe Ltd,38.0,6.0,212.08,2025-03-13 03:15:30+00:00,0.0,0.0,0.0,0.0
Faltec Europe Ltd,38.0,6.0,212.08,2025-03-13 03:30:30+00:00,0.0,0.0,0.0,0.0
Faltec Europe Ltd,38.0,6.0,212.08,2025-03-13 03:45:30+00:00,0.0,0.0,0.0,0.0
Faltec Europe Ltd,38.0,6.0,212.08,2025-03-13 04:00:30+00:00,0.0,0.0,0.0,0.0
Faltec Europe Ltd,38.0,6.0,212.08,2025-03-13 04:15:30+00:00,0.0,0.0,0.0,0.0
Faltec Europe Ltd,38.0,6.0,212.08,2025-03-13 04:30:30+00:00,0.0,0.0,0.0,0.0
Faltec Europe Ltd,38.0,6.0,212.08,2025-03-13 04:45:30+00:00,0.0,0.0,0.0,0.0
Faltec Europe Ltd,38.0,6.0,212.08,2025-03-13 05:00:30+00:00,0.0,0.0,0.0,0.0
Faltec Europe Ltd,38.0,6.0,212.08,2025-03-13 05:15:30+00:00,0.0,0.0,0.0,0.0
Faltec Europe Ltd,38.0,6.0,212.08,2025-03-13 05:30:30+00:00,0.0,0.0,0.0,0.0
Faltec Europe Ltd,38.0,6.0,212.08,2025-03-13 05:45:30+00:00,0.0,0.0,0.0,0.0
Faltec Europe Ltd,38.0,6.0,212.08,2025-03-13 06:00:30+00:00,0.0,0.0,0.0,0.0
Faltec Europe Ltd,38.0,6.0,212.08,2025-03-13 06:15:30+00:00,0.0,0.0,0.0,0.0
Faltec Europe Ltd,38.0,6.0,212.08,2025-03-13 06:30:30+00:00,0.00175,0.0015,0.00225,0.00175
Faltec Europe Ltd,38.0,6.0,212.08,2025-03-13 06:45:30+00:00,0.00825,0.00575,0.01025,0.00625
Faltec Europe Ltd,38.0,6.0,212.08,2025-03-13 07:00:30+00:00,0.01625,0.0095,0.019,0.0135
Faltec Europe Ltd,38.0,6.0,212.08,2025-03-13 07:15:30+00:00,0.0205,0.0145,0.02825,0.018
Faltec Europe Ltd,38.0,6.0,212.08,2025-03-13 07:30:30+00:00,0.02975,0.02025,0.038,0.027
Faltec Europe Ltd,38.0,6.0,212.08,2025-03-13 07:45:30+00:00,0.03775,0.0265,0.04725,0.035
Faltec Europe Ltd,38.0,6.0,212.08,2025-03-13 08:00:30+00:00,0.04275,0.029,0.0565,0.0405
Faltec Europe Ltd,38.0,6.0,212.08,2025-03-13 08:15:30+00:00,0.05475,0.02825,0.06575,0.0525
Faltec Europe Ltd,38.0,6.0,212.08,2025-03-13 08:30:30+00:00,0.05425,0.01975,0.074,0.05325
Faltec Europe Ltd,38.0,6.0,212.08,2025-03-13 08:45:30+00:00,0.03875,0.01775,0.07775,0.03875
Faltec Europe Ltd,38.0,6.0,212.08,2025-03-13 09:00:30+00:00,0.05025,0.01925,0.07775,0.0505
Faltec Europe Ltd,38.0,6.0,212.08,2025-03-13 09:15:30+00:00,0.0565,0.02325,0.0795,0.057
Faltec Europe Ltd,38.0,6.0,212.08,2025-03-13 09:30:30+00:00,0.047,0.01825,0.076,0.04775
Faltec Europe Ltd,38.0,6.0,212.08,2025-03-13 09:45:30+00:00,0.0375,0.01225,0.0735,0.038
Faltec Europe Ltd,38.0,6.0,212.08,2025-03-13 10:00:30+00:00,0.0435,0.00875,0.0765,0.04425
Faltec Europe Ltd,38.0,6.0,212.08,2025-03-13 10:15:30+00:00,0.04525,0.018,0.0905,0.046
Faltec Europe Ltd,38.0,6.0,212.08,2025-03-13 10:30:30+00:00,0.07225,0.0285,0.104,0.075
Faltec Europe Ltd,38.0,6.0,212.08,2025-03-13 10:45:30+00:00,0.08125,0.04375,0.11,0.085
Faltec Europe Ltd,38.0,6.0,212.08,2025-03-13 11:00:30+00:00,0.07725,0.0425,0.10625,0.081
Faltec Europe Ltd,38.0,6.0,212.08,2025-03-13 11:15:30+00:00,0.06475,0.03975,0.106,0.067
Faltec Europe Ltd,38.0,6.0,212.08,2025-03-13 11:30:30+00:00,0.075,0.02975,0.10225,0.0785
Faltec Europe Ltd,38.0,6.0,212.08,2025-03-13 11:45:30+00:00,0.0595,0.0225,0.098,0.06175
Faltec Europe Ltd,38.0,6.0,212.08,2025-03-13 12:00:30+00:00,0.046,0.0225,0.0855,0.047
Faltec Europe Ltd,38.0,6.0,212.08,2025-03-13 12:15:30+00:00,0.0545,0.0265,0.0765,0.05625
Faltec Europe Ltd,38.0,6.0,212.08,2025-03-13 12:30:30+00:00,0.054,0.03325,0.07075,0.0555
Faltec Europe Ltd,38.0,6.0,212.08,2025-03-13 12:45:30+00:00,0.04725,0.02875,0.06675,0.0485
Faltec Europe Ltd,38.0,6.0,212.08,2025-03-13 13:00:30+00:00,0.04175,0.0145,0.07225,0.04275
Faltec Europe Ltd,38.0,6.0,212.08,2025-03-13 13:15:30+00:00,0.0405,0.01,0.08575,0.0415
Faltec Europe Ltd,38.0,6.0,212.08,2025-03-13 13:30:30+00:00,0.05225,0.0105,0.105,0.055
Faltec Europe Ltd,38.0,6.0,212.08,2025-03-13 13:45:30+00:00,0.0725,0.02325,0.1095,0.08
Faltec Europe Ltd,38.0,6.0,212.08,2025-03-13 14:00:30+00:00,0.0745,0.03225,0.10475,0.084
Faltec Europe Ltd,38.0,6.0,212.08,2025-03-13 14:15:30+00:00,0.06075,0.029,0.0915,0.067
Faltec Europe Ltd,38.0,6.0,212.08,2025-03-13 14:30:30+00:00,0.04525,0.023,0.077,0.048
Faltec Europe Ltd,38.0,6.0,212.08,2025-03-13 14:45:30+00:00,0.0415,0.02425,0.0675,0.04375
Faltec Europe Ltd,38.0,6.0,212.08,2025-03-13 15:00:30+00:00,0.0485,0.02825,0.0595,0.05325
Faltec Europe Ltd,38.0,6.0,212.08,2025-03-13 15:15:30+00:00,0.04325,0.02875,0.05525,0.0475
Faltec Europe Ltd,38.0,6.0,212.08,2025-03-13 15:30:30+00:00,0.035,0.02475,0.04975,0.03775
Faltec Europe Ltd,38.0,6.0,212.08,2025-03-13 15:45:30+00:00,0.0325,0.01975,0.04575,0.03525
Faltec Europe Ltd,38.0,6.0,212.08,2025-03-13 16:00:30+00:00,0.03025,0.01575,0.04475,0.0335
Faltec Europe Ltd,38.0,6.0,212.08,2025-03-13 16:15:30+00:00,0.02725,0.01375,0.04175,0.03125
Faltec Europe Ltd,38.0,6.0,212.08,2025-03-13 16:30:30+00:00,0.02475,0.013,0.035,0.03025
Faltec Europe Ltd,38.0,6.0,212.08,2025-03-13 16:45:30+00:00,0.02,0.01125,0.02675,0.026
Faltec Europe Ltd,38.0,6.0,212.08,2025-03-13 17:00:30+00:00,0.0135,0.00825,0.0195,0.018
Faltec Europe Ltd,38.0,6.0,212.08,2025-03-13 17:15:30+00:00,0.00875,0.005,0.01325,0.01075
Faltec Europe Ltd,38.0,6.0,212.08,2025-03-13 17:30:30+00:00,0.00525,0.00275,0.0085,0.0055
Faltec Europe Ltd,38.0,6.0,212.08,2025-03-13 17:45:30+00:00,0.0015,0.001,0.00225,0.0015
Faltec Europe Ltd,38.0,6.0,212.08,2025-03-13 18:00:30+00:00,0.0,0.0,0.0,0.0
Faltec Europe Ltd,38.0,6.0,212.08,2025-03-13 18:15:30+00:00,0.0,0.0,0.0,0.0
Faltec Europe Ltd,38.0,6.0,212.08,2025-03-13 18:30:30+00:00,0.0,0.0,0.0,0.0
Faltec Europe Ltd,38.0,6.0,212.08,2025-03-13 18:45:30+00:00,0.0,0.0,0.0,0.0
Faltec Europe Ltd,38.0,6.0,212.08,2025-03-13 19:00:30+00:00,0.0,0.0,0.0,0.0
Faltec Europe Ltd,38.0,6.0,212.08,2025-03-13 19:15:30+00:00,0.0,0.0,0.0,0.0
Faltec Europe Ltd,38.0,6.0,212.08,2025-03-13 19:30:30+00:00,0.0,0.0,0.0,0.0
Faltec Europe Ltd,38.0,6.0,212.08,2025-03-13 19:45:30+00:00,0.0,0.0,0.0,0.0
Faltec Europe Ltd,38.0,6.0,212.08,2025-03-13 20:00:30+00:00,0.0,0.0,0.0,0.0
Faltec Europe Ltd,38.0,6.0,212.08,2025-03-13 20:15:30+00:00,0.0,0.0,0.0,0.0
Faltec Europe Ltd,38.0,6.0,212.08,2025-03-13 20:30:30+00:00,0.0,0.0,0.0,0.0
Faltec Europe Ltd,38.0,6.0,212.08,2025-03-13 20:45:30+00:00,0.0,0.0,0.0,0.0
Faltec Europe Ltd,38.0,6.0,212.08,2025-03-13 21:00:30+00:00,0.0,0.0,0.0,0.0
Faltec Europe Ltd,38.0,6.0,212.08,2025-03-13 21:15:30+00:00,0.0,0.0,0.0,0.0
Faltec Europe Ltd,38.0,6.0,212.08,2025-03-13 21:30:30+00:00,0.0,0.0,0.0,0.0
Faltec Europe Ltd,38.0,6.0,212.08,2025-03-13 21:45:30+00:00,0.0,0.0,0.0,0.0
Faltec Europe Ltd,38.0,6.0,212.08,2025-03-13 22:00:30+00:00,0.0,0.0,0.0,0.0
Faltec Europe Ltd,38.0,6.0,212.08,2025-03-13 22:15:30+00:00,0.0,0.0,0.0,0.0
Faltec Europe Ltd,38.0,6.0,212.08,2025-03-13 22:30:30+00:00,0.0,0.0,0.0,0.0
Faltec Europe Ltd,38.0,6.0,212.08,2025-03-13 22:45:30+00:00,0.0,0.0,0.0,0.0
Faltec Europe Ltd,38.0,6.0,212.08,2025-03-13 23:00:30+00:00,0.0,0.0,0.0,0.0
Faltec Europe Ltd,38.0,6.0,212.08,2025-03-13 23:15:30+00:00,0.0,0.0,0.0,0.0
Faltec Europe Ltd,38.0,6.0,212.08,2025-03-13 23:30:30+00:00,0.0,0.0,0.0,0.0
Faltec Europe Ltd,38.0,6.0,212.08,2025-03-13 23:45:30+00:00,0.0,0.0,0.0,0.0
Faltec Europe Ltd,38.0,6.0,212.08,2025-03-14 00:00:30+00:00,0.0,0.0,0.0,0.0
Faltec Europe Ltd,38.0,6.0,212.08,2025-03-14 00:15:30+00:00,0.0,0.0,0.0,0.0
Faltec Europe Ltd,38.0,6.0,212.08,2025-03-14 00:30:30+00:00,0.0,0.0,0.0,0.0
Faltec Europe Ltd,38.0,6.0,212.08,2025-03-14 00:45:30+00:00,0.0,0.0,0.0,0.0
Faltec Europe Ltd,38.0,6.0,212.08,2025-03-14 01:00:30+00:00,0.0,0.0,0.0,0.0
Faltec Europe Ltd,38.0,6.0,212.08,2025-03-14 01:15:30+00:00,0.0,0.0,0.0,0.0
Faltec Europe Ltd,38.0,6.0,212.08,2025-03-14 01:30:30+00:00,0.0,0.0,0.0,0.0
Faltec Europe Ltd,38.0,6.0,212.08,2025-03-14 01:45:30+00:00,0.0,0.0,0.0,0.0
Faltec Europe Ltd,38.0,6.0,212.08,2025-03-14 02:00:30+00:00,0.0,0.0,0.0,0.0
Faltec Europe Ltd,38.0,6.0,212.08,2025-03-14 02:15:30+00:00,0.0,0.0,0.0,0.0
Faltec Europe Ltd,38.0,6.0,212.08,2025-03-14 02:30:30+00:00,0.0,0.0,0.0,0.0
Faltec Europe Ltd,38.0,6.0,212.08,2025-03-14 02:45:30+00:00,0.0,0.0,0.0,0.0
Faltec Europe Ltd,38.0,6.0,212.08,2025-03-14 03:00:30+00:00,0.0,0.0,0.0,0.0
Faltec Europe Ltd,38.0,6.0,212.08,2025-03-14 03:15:30+00:00,0.0,0.0,0.0,0.0
Faltec Europe Ltd,38.0,6.0,212.08,2025-03-14 03:30:30+00:00,0.0,0.0,0.0,0.0
Faltec Europe Ltd,38.0,6.0,212.08,2025-03-14 03:45:30+00:00,0.0,0.0,0.0,0.0
Faltec Europe Ltd,38.0,6.0,212.08,2025-03-14 04:00:30+00:00,0.0,0.0,0.0,0.0
Faltec Europe Ltd,38.0,6.0,212.08,2025-03-14 04:15:30+00:00,0.0,0.0,0.0,0.0
Faltec Europe Ltd,38.0,6.0,212.08,2025-03-14 04:30:30+00:00,0.0,0.0,0.0,0.0
Faltec Europe Ltd,38.0,6.0,212.08,2025-03-14 04:45:30+00:00,0.0,0.0,0.0,0.0
Faltec Europe Ltd,38.0,6.0,212.08,2025-03-14 05:00:30+00:00,0.0,0.0,0.0,0.0
Faltec Europe Ltd,38.0,6.0,212.08,2025-03-14 05:15:30+00:00,0.0,0.0,0.0,0.0
Faltec Europe Ltd,38.0,6.0,212.08,2025-03-14 05:30:30+00:00,0.0,0.0,0.0,0.0
Faltec Europe Ltd,38.0,6.0,212.08,2025-03-14 05:45:30+00:00,0.0,0.0,0.0,0.0
Faltec Europe Ltd,38.0,6.0,212.08,2025-03-14 06:00:30+00:00,0.0,0.0,0.0,0.0
Faltec Europe Ltd,38.0,6.0,212.08,2025-03-14 06:15:30+00:00,0.0,0.0,0.0,0.0
Faltec Europe Ltd,38.0,6.0,212.08,2025-03-14 06:30:30+00:00,0.00275,0.0025,0.00325,0.00275
Faltec Europe Ltd,38.0,6.0,212.08,2025-03-14 06:45:30+00:00,0.011,0.00825,0.0125,0.00825
Faltec Europe Ltd,38.0,6.0,212.08,2025-03-14 07:00:30+00:00,0.0205,0.01425,0.0225,0.01625
Faltec Europe Ltd,38.0,6.0,212.08,2025-03-14 07:15:30+00:00,0.02975,0.01975,0.032,0.02525
Faltec Europe Ltd,38.0,6.0,212.08,2025-03-14 07:30:30+00:00,0.03525,0.0225,0.04125,0.0315
Faltec Europe Ltd,38.0,6.0,212.08,2025-03-14 07:45:30+00:00,0.039,0.0245,0.0505,0.036
Faltec Europe Ltd,38.0,6.0,212.08,2025-03-14 08:00:30+00:00,0.04575,0.02575,0.05975,0.04325
Faltec Europe Ltd,38.0,6.0,212.08,2025-03-14 08:15:30+00:00,0.047,0.024,0.06775,0.04575
Faltec Europe Ltd,38.0,6.0,212.08,2025-03-14 08:30:30+00:00,0.04475,0.01975,0.07225,0.0445
Faltec Europe Ltd,38.0,6.0,212.08,2025-03-14 08:45:30+00:00,0.046,0.016,0.073,0.046
Faltec Europe Ltd,38.0,6.0,212.08,2025-03-14 09:00:30+00:00,0.04225,0.01325,0.06875,0.0425
Faltec Europe Ltd,38.0,6.0,212.08,2025-03-14 09:15:30+00:00,0.0345,0.018,0.06725,0.03475
Faltec Europe Ltd,38.0,6.0,212.08,2025-03-14 09:30:30+00:00,0.05075,0.01825,0.06675,0.0515
Faltec Europe Ltd,38.0,6.0,212.08,2025-03-14 09:45:30+00:00,0.042,0.025,0.07975,0.04275
Faltec Europe Ltd,38.0,6.0,212.08,2025-03-14 10:00:30+00:00,0.06325,0.0245,0.0865,0.065
Faltec Europe Ltd,38.0,6.0,212.08,2025-03-14 10:15:30+00:00,0.06125,0.0345,0.10225,0.063
Faltec Europe Ltd,38.0,6.0,212.08,2025-03-14 10:30:30+00:00,0.07925,0.034,0.10175,0.0825
Faltec Europe Ltd,38.0,6.0,212.08,2025-03-14 10:45:30+00:00,0.064,0.046,0.1145,0.0665
Faltec Europe Ltd,38.0,6.0,212.08,2025-03-14 11:00:30+00:00,0.09475,0.04675,0.1155,0.10075
Faltec Europe Ltd,38.0,6.0,212.08,2025-03-14 11:15:30+00:00,0.086,0.05725,0.11825,0.091
Faltec Europe Ltd,38.0,6.0,212.08,2025-03-14 11:30:30+00:00,0.0815,0.0625,0.1125,0.0865
Faltec Europe Ltd,38.0,6.0,212.08,2025-03-14 11:45:30+00:00,0.0935,0.06675,0.11225,0.10075
Faltec Europe Ltd,38.0,6.0,212.08,2025-03-14 12:00:30+00:00,0.09425,0.0645,0.1155,0.102
Faltec Europe Ltd,38.0,6.0,212.08,2025-03-14 12:15:30+00:00,0.08275,0.05225,0.113,0.089
Faltec Europe Ltd,38.0,6.0,212.08,2025-03-14 12:30:30+00:00,0.0705,0.048,0.11675,0.0745
Faltec Europe Ltd,38.0,6.0,212.08,2025-03-14 12:45:30+00:00,0.0895,0.047,0.1205,0.09775
Faltec Europe Ltd,38.0,6.0,212.08,2025-03-14 13:00:30+00:00,0.09225,0.0405,0.11825,0.1015
Faltec Europe Ltd,38.0,6.0,212.08,2025-03-14 13:15:30+00:00,0.058,0.03325,0.11225,0.06175
Faltec Europe Ltd,38.0,6.0,212.08,2025-03-14 13:30:30+00:00,0.0635,0.027,0.10825,0.068
Faltec Europe Ltd,38.0,6.0,212.08,2025-03-14 13:45:30+00:00,0.0785,0.03175,0.10825,0.08725
Faltec Europe Ltd,38.0,6.0,212.08,2025-03-14 14:00:30+00:00,0.07,0.04325,0.1125,0.0775
Faltec Europe Ltd,38.0,6.0,212.08,2025-03-14 14:15:30+00:00,0.08125,0.0475,0.10175,0.0935
Faltec Europe Ltd,38.0,6.0,212.08,2025-03-14 14:30:30+00:00,0.0745,0.04625,0.093,0.08575
Faltec Europe Ltd,38.0,6.0,212.08,2025-03-14 14:45:30+00:00,0.05475,0.04225,0.0865,0.06125
Faltec Europe Ltd,38.0,6.0,212.08,2025-03-14 15:00:30+00:00,0.0595,0.033,0.072,0.069
Faltec Europe Ltd,38.0,6.0,212.08,2025-03-14 15:15:30+00:00,0.04625,0.0345,0.07075,0.052
Faltec Europe Ltd,38.0,6.0,212.08,2025-03-14 15:30:30+00:00,0.04825,0.03075,0.0635,0.05575
Faltec Europe Ltd,38.0,6.0,212.08,2025-03-14 15:45:30+00:00,0.0465,0.0285,0.05675,0.05575
Faltec Europe Ltd,38.0,6.0,212.08,2025-03-14 16:00:30+00:00,0.03475,0.02625,0.051,0.04175
Faltec Europe Ltd,38.0,6.0,212.08,2025-03-14 16:15:30+00:00,0.0325,0.02125,0.04175,0.041
Faltec Europe Ltd,38.0,6.0,212.08,2025-03-14 16:30:30+00:00,0.028,0.017,0.035,0.03625
Faltec Europe Ltd,38.0,6.0,212.08,2025-03-14 16:45:30+00:00,0.019,0.013,0.02925,0.02325
Faltec Europe Ltd,38.0,6.0,212.08,2025-03-14 17:00:30+00:00,0.014,0.00825,0.0205,0.018
Faltec Europe Ltd,38.0,6.0,212.08,2025-03-14 17:15:30+00:00,0.00975,0.00525,0.01325,0.01375
Faltec Europe Ltd,38.0,6.0,212.08,2025-03-14 17:30:30+00:00,0.0055,0.00325,0.0075,0.00775
Faltec Europe Ltd,38.0,6.0,212.08,2025-03-14 17:45:30+00:00,0.00225,0.00175,0.003,0.00225
Faltec Europe Ltd,38.0,6.0,212.08,2025-03-14 18:00:30+00:00,0.00025,0.00025,0.00025,0.00025
Faltec Europe Ltd,38.0,6.0,212.08,2025-03-14 18:15:30+00:00,0.0,0.0,0.0,0.0
Faltec Europe Ltd,38.0,6.0,212.08,2025-03-14 18:30:30+00:00,0.0,0.0,0.0,0.0
Faltec Europe Ltd,38.0,6.0,212.08,2025-03-14 18:45:30+00:00,0.0,0.0,0.0,0.0
Faltec Europe Ltd,38.0,6.0,212.08,2025-03-14 19:00:30+00:00,0.0,0.0,0.0,0.0
Faltec Europe Ltd,38.0,6.0,212.08,2025-03-14 19:15:30+00:00,0.0,0.0,0.0,0.0
Faltec Europe Ltd,38.0,6.0,212.08,2025-03-14 19:30:30+00:00,0.0,0.0,0.0,0.0
Faltec Europe Ltd,38.0,6.0,212.08,2025-03-14 19:45:30+00:00,0.0,0.0,0.0,0.0
Faltec Europe Ltd,38.0,6.0,212.08,2025-03-14 20:00:30+00:00,0.0,0.0,0.0,0.0
Faltec Europe Ltd,38.0,6.0,212.08,2025-03-14 20:15:30+00:00,0.0,0.0,0.0,0.0
Faltec Europe Ltd,38.0,6.0,212.08,2025-03-14 20:30:30+00:00,0.0,0.0,0.0,0.0
Faltec Europe Ltd,38.0,6.0,212.08,2025-03-14 20:45:30+00:00,0.0,0.0,0.0,0.0
Faltec Europe Ltd,38.0,6.0,212.08,2025-03-14 21:00:30+00:00,0.0,0.0,0.0,0.0
Faltec Europe Ltd,38.0,6.0,212.08,2025-03-14 21:15:30+00:00,0.0,0.0,0.0,0.0
Faltec Europe Ltd,38.0,6.0,212.08,2025-03-14 21:30:30+00:00,0.0,0.0,0.0,0.0
Faltec Europe Ltd,38.0,6.0,212.08,2025-03-14 21:45:30+00:00,0.0,0.0,0.0,0.0
Faltec Europe Ltd,38.0,6.0,212.08,2025-03-14 22:00:30+00:00,0.0,0.0,0.0,0.0
Faltec Europe Ltd,38.0,6.0,212.08,2025-03-14 22:15:30+00:00,0.0,0.0,0.0,0.0
Faltec Europe Ltd,38.0,6.0,212.08,2025-03-14 22:30:30+00:00,0.0,0.0,0.0,0.0
Faltec Europe Ltd,38.0,6.0,212.08,2025-03-14 22:45:30+00:00,0.0,0.0,0.0,0.0
Faltec Europe Ltd,38.0,6.0,212.08,2025-03-14 23:00:30+00:00,0.0,0.0,0.0,0.0
Faltec Europe Ltd,38.0,6.0,212.08,2025-03-14 23:15:30+00:00,0.0,0.0,0.0,0.0
Faltec Europe Ltd,38.0,6.0,212.08,2025-03-14 23:30:30+00:00,0.0,0.0,0.0,0.0
Faltec Europe Ltd,38.0,6.0,212.08,2025-03-14 23:45:30+00:00,0.0,0.0,0.0,0.0
Faltec Europe Ltd,38.0,6.0,212.08,2025-03-15 00:00:30+00:00,0.0,0.0,0.0,0.0
Faltec Europe Ltd,38.0,6.0,212.08,2025-03-15 00:15:30+00:00,0.0,0.0,0.0,0.0
Faltec Europe Ltd,38.0,6.0,212.08,2025-03-15 00:30:30+00:00,0.0,0.0,0.0,0.0
Faltec Europe Ltd,38.0,6.0,212.08,2025-03-15 00:45:30+00:00,0.0,0.0,0.0,0.0
Faltec Europe Ltd,38.0,6.0,212.08,2025-03-15 01:00:30+00:00,0.0,0.0,0.0,0.0
Faltec Europe Ltd,38.0,6.0,212.08,2025-03-15 01:15:30+00:00,0.0,0.0,0.0,0.0
Faltec Europe Ltd,38.0,6.0,212.08,2025-03-15 01:30:30+00:00,0.0,0.0,0.0,0.0
Faltec Europe Ltd,38.0,6.0,212.08,2025-03-15 01:45:30+00:00,0.0,0.0,0.0,0.0
Faltec Europe Ltd,38.0,6.0,212.08,2025-03-15 02:00:30+00:00,0.0,0.0,0.0,0.0
Faltec Europe Ltd,38.0,6.0,212.08,2025-03-15 02:15:30+00:00,0.0,0.0,0.0,0.0
Faltec Europe Ltd,38.0,6.0,212.08,2025-03-15 02:30:30+00:00,0.0,0.0,0.0,0.0
Faltec Europe Ltd,38.0,6.0,212.08,2025-03-15 02:45:30+00:00,0.0,0.0,0.0,0.0
Faltec Europe Ltd,38.0,6.0,212.08,2025-03-15 03:00:30+00:00,0.0,0.0,0.0,0.0
Faltec Europe Ltd,38.0,6.0,212.08,2025-03-15 03:15:30+00:00,0.0,0.0,0.0,0.0
Faltec Europe Ltd,38.0,6.0,212.08,2025-03-15 03:30:30+00:00,0.0,0.0,0.0,0.0
Faltec Europe Ltd,38.0,6.0,212.08,2025-03-15 03:45:30+00:00,0.0,0.0,0.0,0.0
Faltec Europe Ltd,38.0,6.0,212.08,2025-03-15 04:00:30+00:00,0.0,0.0,0.0,0.0
Faltec Europe Ltd,38.0,6.0,212.08,2025-03-15 04:15:30+00:00,0.0,0.0,0.0,0.0
Faltec Europe Ltd,38.0,6.0,212.08,2025-03-15 04:30:30+00:00,0.0,0.0,0.0,0.0
Faltec Europe Ltd,38.0,6.0,212.08,2025-03-15 04:45:30+00:00,0.0,0.0,0.0,0.0
Faltec Europe Ltd,38.0,6.0,212.08,2025-03-15 05:00:30+00:00,0.0,0.0,0.0,0.0
Faltec Europe Ltd,38.0,6.0,212.08,2025-03-15 05:15:30+00:00,0.0,0.0,0.0,0.0
Faltec Europe Ltd,38.0,6.0,212.08,2025-03-15 05:30:30+00:00,0.0,0.0,0.0,0.0
Faltec Europe Ltd,38.0,6.0,212.08,2025-03-15 05:45:30+00:00,0.0,0.0,0.0,0.0
Faltec Europe Ltd,38.0,6.0,212.08,2025-03-15 06:00:30+00:00,0.0,0.0,0.0,0.0
Faltec Europe Ltd,38.0,6.0,212.08,2025-03-15 06:15:30+00:00,0.00125,0.001,0.0015,0.00125
Faltec Europe Ltd,38.0,6.0,212.08,2025-03-15 06:30:30+00:00,0.0035,0.003,0.004,0.0035
Faltec Europe Ltd,38.0,6.0,212.08,2025-03-15 06:45:30+00:00,0.01175,0.00875,0.01375,0.009
Faltec Europe Ltd,38.0,6.0,212.08,2025-03-15 07:00:30+00:00,0.021,0.01525,0.02375,0.01675
Faltec Europe Ltd,38.0,6.0,212.08,2025-03-15 07:15:30+00:00,0.02975,0.02225,0.0335,0.02525
Faltec Europe Ltd,38.0,6.0,212.08,2025-03-15 07:30:30+00:00,0.0385,0.03025,0.043,0.034
Faltec Europe Ltd,38.0,6.0,212.08,2025-03-15 07:45:30+00:00,0.0475,0.0385,0.05275,0.043
Faltec Europe Ltd,38.0,6.0,212.08,2025-03-15 08:00:30+00:00,0.05575,0.046,0.06175,0.05175
Faltec Europe Ltd,38.0,6.0,212.08,2025-03-15 08:15:30+00:00,0.06325,0.05175,0.0705,0.06025
Faltec Europe Ltd,38.0,6.0,212.08,2025-03-15 08:30:30+00:00,0.069,0.05475,0.07875,0.06725
Faltec Europe Ltd,38.0,6.0,212.08,2025-03-15 08:45:30+00:00,0.07275,0.05575,0.08675,0.072
Faltec Europe Ltd,38.0,6.0,212.08,2025-03-15 09:00:30+00:00,0.075,0.05625,0.09225,0.07525
Faltec Europe Ltd,38.0,6.0,212.08,2025-03-15 09:15:30+00:00,0.07475,0.05875,0.092,0.07575
Faltec Europe Ltd,38.0,6.0,212.08,2025-03-15 09:30:30+00:00,0.0765,0.0635,0.0925,0.078
Faltec Europe Ltd,38.0,6.0,212.08,2025-03-15 09:45:30+00:00,0.0825,0.07025,0.097,0.085
Faltec Europe Ltd,38.0,6.0,212.08,2025-03-15 10:00:30+00:00,0.09175,0.0775,0.10425,0.09525
Faltec Europe Ltd,38.0,6.0,212.08,2025-03-15 10:15:30+00:00,0.098,0.08075,0.112,0.103
Faltec Europe Ltd,38.0,6.0,212.08,2025-03-15 10:30:30+00:00,0.09925,0.07875,0.116,0.10475
Faltec Europe Ltd,38.0,6.0,212.08,2025-03-15 10:45:30+00:00,0.095,0.06875,0.12125,0.10025
Faltec Europe Ltd,38.0,6.0,212.08,2025-03-15 11:00:30+00:00,0.0905,0.05475,0.1295,0.09575
Faltec Europe Ltd,38.0,6.0,212.08,2025-03-15 11:15:30+00:00,0.09025,0.03625,0.13525,0.096
Faltec Europe Ltd,38.0,6.0,212.08,2025-03-15 11:30:30+00:00,0.0765,0.0155,0.13075,0.08075
Faltec Europe Ltd,38.0,6.0,212.08,2025-03-15 11:45:30+00:00,0.05225,0.01075,0.11275,0.05425
Faltec Europe Ltd,38.0,6.0,212.08,2025-03-15 12:00:30+00:00,0.0405,0.011,0.08975,0.04125
Faltec Europe Ltd,38.0,6.0,212.08,2025-03-15 12:15:30+00:00,0.03975,0.011,0.0825,0.0405
Faltec Europe Ltd,38.0,6.0,212.08,2025-03-15 12:30:30+00:00,0.04825,0.01075,0.0935,0.0495
Faltec Europe Ltd,38.0,6.0,212.08,2025-03-15 12:45:30+00:00,0.0585,0.01175,0.11575,0.06125
Faltec Europe Ltd,38.0,6.0,212.08,2025-03-15 13:00:30+00:00,0.0725,0.0145,0.13125,0.07825
Faltec Europe Ltd,38.0,6.0,212.08,2025-03-15 13:15:30+00:00,0.08575,0.03325,0.13075,0.095
Faltec Europe Ltd,38.0,6.0,212.08,2025-03-15 13:30:30+00:00,0.093,0.054,0.12475,0.10525
Faltec Europe Ltd,38.0,6.0,212.08,2025-03-15 13:45:30+00:00,0.09475,0.0635,0.11825,0.10925
Faltec Europe Ltd,38.0,6.0,212.08,2025-03-15 14:00:30+00:00,0.08725,0.05925,0.11125,0.1
Faltec Europe Ltd,38.0,6.0,212.08,2025-03-15 14:15:30+00:00,0.074,0.04575,0.105,0.084
Faltec Europe Ltd,38.0,6.0,212.08,2025-03-15 14:30:30+00:00,0.0645,0.036,0.093,0.07225
Faltec Europe Ltd,38.0,6.0,212.08,2025-03-15 14:45:30+00:00,0.0545,0.03125,0.0805,0.0595
Faltec Europe Ltd,38.0,6.0,212.08,2025-03-15 15:00:30+00:00,0.04725,0.02775,0.073,0.051
Faltec Europe Ltd,38.0,6.0,212.08,2025-03-15 15:15:30+00:00,0.047,0.0245,0.0725,0.05225
Faltec Europe Ltd,38.0,6.0,212.08,2025-03-15 15:30:30+00:00,0.0495,0.02425,0.07175,0.05825
Faltec Europe Ltd,38.0,6.0,212.08,2025-03-15 15:45:30+00:00,0.0475,0.0265,0.063,0.05825
Faltec Europe Ltd,38.0,6.0,212.08,2025-03-15 16:00:30+00:00,0.0425,0.02725,0.05275,0.05475
Faltec Europe Ltd,38.0,6.0,212.08,2025-03-15 16:15:30+00:00,0.03675,0.0265,0.0435,0.0495
Faltec Europe Ltd,38.0,6.0,212.08,2025-03-15 16:30:30+00:00,0.0305,0.02275,0.03475,0.04275
Faltec Europe Ltd,38.0,6.0,212.08,2025-03-15 16:45:30+00:00,0.02375,0.018,0.0265,0.03475
Faltec Europe Ltd,38.0,6.0,212.08,2025-03-15 17:00:30+00:00,0.01675,0.0125,0.01875,0.0265
Faltec Europe Ltd,38.0,6.0,212.08,2025-03-15 17:15:30+00:00,0.0105,0.0075,0.0115,0.01825
Faltec Europe Ltd,38.0,6.0,212.08,2025-03-15 17:30:30+00:00,0.0055,0.004,0.00625,0.01
Faltec Europe Ltd,38.0,6.0,212.08,2025-03-15 17:45:30+00:00,0.003,0.00275,0.00325,0.0035
Faltec Europe Ltd,38.0,6.0,212.08,2025-03-15 18:00:30+00:00,0.0005,0.00025,0.0005,0.0005
Faltec Europe Ltd,38.0,6.0,212.08,2025-03-15 18:15:30+00:00,0.0,0.0,0.0,0.0
Faltec Europe Ltd,38.0,6.0,212.08,2025-03-15 18:30:30+00:00,0.0,0.0,0.0,0.0
Faltec Europe Ltd,38.0,6.0,212.08,2025-03-15 18:45:30+00:00,0.0,0.0,0.0,0.0
Faltec Europe Ltd,38.0,6.0,212.08,2025-03-15 19:00:30+00:00,0.0,0.0,0.0,0.0
Faltec Europe Ltd,38.0,6.0,212.08,2025-03-15 19:15:30+00:00,0.0,0.0,0.0,0.0
Faltec Europe Ltd,38.0,6.0,212.08,2025-03-15 19:30:30+00:00,0.0,0.0,0.0,0.0
Faltec Europe Ltd,38.0,6.0,212.08,2025-03-15 19:45:30+00:00,0.0,0.0,0.0,0.0
Faltec Europe Ltd,38.0,6.0,212.08,2025-03-15 20:00:30+00:00,0.0,0.0,0.0,0.0
Faltec Europe Ltd,38.0,6.0,212.08,2025-03-15 20:15:30+00:00,0.0,0.0,0.0,0.0
Faltec Europe Ltd,38.0,6.0,212.08,2025-03-15 20:30:30+00:00,0.0,0.0,0.0,0.0
Faltec Europe Ltd,38.0,6.0,212.08,2025-03-15 20:45:30+00:00,0.0,0.0,0.0,0.0
Faltec Europe Ltd,38.0,6.0,212.08,2025-03-15 21:00:30+00:00,0.0,0.0,0.0,0.0
Faltec Europe Ltd,38.0,6.0,212.08,2025-03-15 21:15:30+00:00,0.0,0.0,0.0,0.0
Faltec Europe Ltd,38.0,6.0,212.08,2025-03-15 21:30:30+00:00,0.0,0.0,0.0,0.0
Faltec Europe Ltd,38.0,6.0,212.08,2025-03-15 21:45:30+00:00,0.0,0.0,0.0,0.0
Faltec Europe Ltd,38.0,6.0,212.08,2025-03-15 22:00:30+00:00,0.0,0.0,0.0,0.0
Faltec Europe Ltd,38.0,6.0,212.08,2025-03-15 22:15:30+00:00,0.0,0.0,0.0,0.0
Faltec Europe Ltd,38.0,6.0,212.08,2025-03-15 22:30:30+00:00,0.0,0.0,0.0,0.0
Faltec Europe Ltd,38.0,6.0,212.08,2025-03-15 22:45:30+00:00,0.0,0.0,0.0,0.0
Faltec Europe Ltd,38.0,6.0,212.08,2025-03-15 23:00:30+00:00,0.0,0.0,0.0,0.0
Faltec Europe Ltd,38.0,6.0,212.08,2025-03-15 23:15:30+00:00,0.0,0.0,0.0,0.0
Faltec Europe Ltd,38.0,6.0,212.08,2025-03-15 23:30:30+00:00,0.0,0.0,0.0,0.0
Faltec Europe Ltd,38.0,6.0,212.08,2025-03-15 23:45:30+00:00,0.0,0.0,0.0,0.0
Faltec Europe Ltd,38.0,6.0,212.08,2025-03-16 00:00:30+00:00,0.0,0.0,0.0,0.0
Faltec Europe Ltd,38.0,6.0,212.08,2025-03-16 00:15:30+00:00,0.0,0.0,0.0,0.0
Faltec Europe Ltd,38.0,6.0,212.08,2025-03-16 00:30:30+00:00,0.0,0.0,0.0,0.0
Faltec Europe Ltd,38.0,6.0,212.08,2025-03-16 00:45:30+00:00,0.0,0.0,0.0,0.0
Faltec Europe Ltd,38.0,6.0,212.08,2025-03-16 01:00:30+00:00,0.0,0.0,0.0,0.0
Faltec Europe Ltd,38.0,6.0,212.08,2025-03-16 01:15:30+00:00,0.0,0.0,0.0,0.0
Faltec Europe Ltd,38.0,6.0,212.08,2025-03-16 01:30:30+00:00,0.0,0.0,0.0,0.0
Faltec Europe Ltd,38.0,6.0,212.08,2025-03-16 01:45:30+00:00,0.0,0.0,0.0,0.0
Faltec Europe Ltd,38.0,6.0,212.08,2025-03-16 02:00:30+00:00,0.0,0.0,0.0,0.0
Faltec Europe Ltd,38.0,6.0,212.08,2025-03-16 02:15:30+00:00,0.0,0.0,0.0,0.0
Faltec Europe Ltd,38.0,6.0,212.08,2025-03-16 02:30:30+00:00,0.0,0.0,0.0,0.0
Faltec Europe Ltd,38.0,6.0,212.08,2025-03-16 02:45:30+00:00,0.0,0.0,0.0,0.0
Faltec Europe Ltd,38.0,6.0,212.08,2025-03-16 03:00:30+00:00,0.0,0.0,0.0,0.0
Faltec Europe Ltd,38.0,6.0,212.08,2025-03-16 03:15:30+00:00,0.0,0.0,0.0,0.0
Faltec Europe Ltd,38.0,6.0,212.08,2025-03-16 03:30:30+00:00,0.0,0.0,0.0,0.0
Faltec Europe Ltd,38.0,6.0,212.08,2025-03-16 03:45:30+00:00,0.0,0.0,0.0,0.0
Faltec Europe Ltd,38.0,6.0,212.08,2025-03-16 04:00:30+00:00,0.0,0.0,0.0,0.0
Faltec Europe Ltd,38.0,6.0,212.08,2025-03-16 04:15:30+00:00,0.0,0.0,0.0,0.0
Faltec Europe Ltd,38.0,6.0,212.08,2025-03-16 04:30:30+00:00,0.0,0.0,0.0,0.0
Faltec Europe Ltd,38.0,6.0,212.08,2025-03-16 04:45:30+00:00,0.0,0.0,0.0,0.0
Faltec Europe Ltd,38.0,6.0,212.08,2025-03-16 05:00:30+00:00,0.0,0.0,0.0,0.0
Faltec Europe Ltd,38.0,6.0,212.08,2025-03-16 05:15:30+00:00,0.0,0.0,0.0,0.0
Faltec Europe Ltd,38.0,6.0,212.08,2025-03-16 05:30:30+00:00,0.0,0.0,0.0,0.0
Faltec Europe Ltd,38.0,6.0,212.08,2025-03-16 05:45:30+00:00,0.0,0.0,0.0,0.0
Faltec Europe Ltd,38.0,6.0,212.08,2025-03-16 06:00:30+00:00,0.0,0.0,0.0,0.0
Faltec Europe Ltd,38.0,6.0,212.08,2025-03-16 06:15:30+00:00,0.0,0.0,0.00025,0.0
Faltec Europe Ltd,38.0,6.0,212.08,2025-03-16 06:30:30+00:00,0.003,0.002,0.0045,0.003
Faltec Europe Ltd,38.0,6.0,212.08,2025-03-16 06:45:30+00:00,0.009,0.005,0.01375,0.00775
Faltec Europe Ltd,38.0,6.0,212.08,2025-03-16 07:00:30+00:00,0.0155,0.0075,0.0215,0.01375
Faltec Europe Ltd,38.0,6.0,212.08,2025-03-16 07:15:30+00:00,0.018,0.009,0.027,0.01675
Faltec Europe Ltd,38.0,6.0,212.08,2025-03-16 07:30:30+00:00,0.0205,0.01175,0.03225,0.02
Faltec Europe Ltd,38.0,6.0,212.08,2025-03-16 07:45:30+00:00,0.02825,0.017,0.04025,0.02725
Faltec Europe Ltd,38.0,6.0,212.08,2025-03-16 08:00:30+00:00,0.03675,0.02375,0.049,0.0355
Faltec Europe Ltd,38.0,6.0,212.08,2025-03-16 08:15:30+00:00,0.04375,0.02725,0.058,0.04275
Faltec Europe Ltd,38.0,6.0,212.08,2025-03-16 08:30:30+00:00,0.04725,0.02375,0.0655,0.04675
Faltec Europe Ltd,38.0,6.0,212.08,2025-03-16 08:45:30+00:00,0.04275,0.0175,0.06875,0.04275
Faltec Europe Ltd,38.0,6.0,212.08,2025-03-16 09:00:30+00:00,0.0395,0.0095,0.06825,0.03975
Faltec Europe Ltd,38.0,6.0,212.08,2025-03-16 09:15:30+00:00,0.03425,0.01025,0.07225,0.03475
Faltec Europe Ltd,38.0,6.0,212.08,2025-03-16 09:30:30+00:00,0.04925,0.0185,0.08475,0.05
Faltec Europe Ltd,38.0,6.0,212.08,2025-03-16 09:45:30+00:00,0.07025,0.03375,0.09425,0.07175
Faltec Europe Ltd,38.0,6.0,212.08,2025-03-16 10:00:30+00:00,0.07225,0.04125,0.0945,0.07425
Faltec Europe Ltd,38.0,6.0,212.08,2025-03-16 10:15:30+00:00,0.06125,0.041,0.0895,0.06275
Faltec Europe Ltd,38.0,6.0,212.08,2025-03-16 10:30:30+00:00,0.0615,0.03625,0.09275,0.06325
Faltec Europe Ltd,38.0,6.0,212.08,2025-03-16 10:45:30+00:00,0.0695,0.041,0.1055,0.07225
Faltec Europe Ltd,38.0,6.0,212.08,2025-03-16 11:00:30+00:00,0.08725,0.05175,0.117,0.092
Faltec Europe Ltd,38.0,6.0,212.08,2025-03-16 11:15:30+00:00,0.09575,0.06025,0.116,0.10175
Faltec Europe Ltd,38.0,6.0,212.08,2025-03-16 11:30:30+00:00,0.082,0.067,0.11375,0.08675
Faltec Europe Ltd,38.0,6.0,212.08,2025-03-16 11:45:30+00:00,0.091,0.0695,0.108,0.097
Faltec Europe Ltd,38.0,6.0,212.08,2025-03-16 12:00:30+00:00,0.093,0.07175,0.10775,0.0995
Faltec Europe Ltd,38.0,6.0,212.08,2025-03-16 12:15:30+00:00,0.08575,0.06575,0.10775,0.0915
Faltec Europe Ltd,38.0,6.0,212.08,2025-03-16 12:30:30+00:00,0.08075,0.0545,0.11,0.08625
Faltec Europe Ltd,38.0,6.0,212.08,2025-03-16 12:45:30+00:00,0.0795,0.05375,0.12125,0.0855
Faltec Europe Ltd,38.0,6.0,212.08,2025-03-16 13:00:30+00:00,0.0995,0.04675,0.116,0.11025
Faltec Europe Ltd,38.0,6.0,212.08,2025-03-16 13:15:30+00:00,0.06925,0.0455,0.11525,0.0745
Faltec Europe Ltd,38.0,6.0,212.08,2025-03-16 13:30:30+00:00,0.06925,0.04175,0.1095,0.075
Faltec Europe Ltd,38.0,6.0,212.08,2025-03-16 13:45:30+00:00,0.08625,0.0365,0.109,0.096
Faltec Europe Ltd,38.0,6.0,212.08,2025-03-16 14:00:30+00:00,0.06525,0.02925,0.109,0.07125
Faltec Europe Ltd,38.0,6.0,212.08,2025-03-16 14:15:30+00:00,0.05525,0.0155,0.09275,0.059
Faltec Europe Ltd,38.0,6.0,212.08,2025-03-16 14:30:30+00:00,0.04125,0.014,0.08225,0.043
Faltec Europe Ltd,38.0,6.0,212.08,2025-03-16 14:45:30+00:00,0.04475,0.01925,0.07475,0.0475
Faltec Europe Ltd,38.0,6.0,212.08,2025-03-16 15:00:30+00:00,0.05325,0.02525,0.07375,0.059
Faltec Europe Ltd,38.0,6.0,212.08,2025-03-16 15:15:30+00:00,0.05175,0.032,0.06825,0.058
Faltec Europe Ltd,38.0,6.0,212.08,2025-03-16 15:30:30+00:00,0.046,0.0325,0.0585,0.05125
Faltec Europe Ltd,38.0,6.0,212.08,2025-03-16 15:45:30+00:00,0.0385,0.0295,0.04925,0.0425
Faltec Europe Ltd,38.0,6.0,212.08,2025-03-16 16:00:30+00:00,0.033,0.0245,0.04275,0.0365
Faltec Europe Ltd,38.0,6.0,212.08,2025-03-16 16:15:30+00:00,0.029,0.0205,0.037,0.03225
Faltec Europe Ltd,38.0,6.0,212.08,2025-03-16 16:30:30+00:00,0.02425,0.0165,0.03175,0.027
Faltec Europe Ltd,38.0,6.0,212.08,2025-03-16 16:45:30+00:00,0.019,0.0125,0.02625,0.02125
Faltec Europe Ltd,38.0,6.0,212.08,2025-03-16 17:00:30+00:00,0.0145,0.00875,0.0205,0.0165
Faltec Europe Ltd,38.0,6.0,212.08,2025-03-16 17:15:30+00:00,0.01025,0.00575,0.015,0.01175
Faltec Europe Ltd,38.0,6.0,212.08,2025-03-16 17:30:30+00:00,0.0065,0.00325,0.01,0.00675
Faltec Europe Ltd,38.0,6.0,212.08,2025-03-16 17:45:30+00:00,0.0025,0.0015,0.0045,0.0025
Faltec Europe Ltd,38.0,6.0,212.08,2025-03-16 18:00:30+00:00,0.00075,0.0005,0.0015,0.00075
Faltec Europe Ltd,38.0,6.0,212.08,2025-03-16 18:15:30+00:00,0.0,0.0,0.0,0.0
Faltec Europe Ltd,38.0,6.0,212.08,2025-03-16 18:30:30+00:00,0.0,0.0,0.0,0.0
Faltec Europe Ltd,38.0,6.0,212.08,2025-03-16 18:45:30+00:00,0.0,0.0,0.0,0.0
Faltec Europe Ltd,38.0,6.0,212.08,2025-03-16 19:00:30+00:00,0.0,0.0,0.0,0.0
Faltec Europe Ltd,38.0,6.0,212.08,2025-03-16 19:15:30+00:00,0.0,0.0,0.0,0.0
Faltec Europe Ltd,38.0,6.0,212.08,2025-03-16 19:30:30+00:00,0.0,0.0,0.0,0.0
Faltec Europe Ltd,38.0,6.0,212.08,2025-03-16 19:45:30+00:00,0.0,0.0,0.0,0.0
Faltec Europe Ltd,38.0,6.0,212.08,2025-03-16 20:00:30+00:00,0.0,0.0,0.0,0.0
Faltec Europe Ltd,38.0,6.0,212.08,2025-03-16 20:15:30+00:00,0.0,0.0,0.0,0.0
Faltec Europe Ltd,38.0,6.0,212.08,2025-03-16 20:30:30+00:00,0.0,0.0,0.0,0.0
Faltec Europe Ltd,38.0,6.0,212.08,2025-03-16 20:45:30+00:00,0.0,0.0,0.0,0.0
Faltec Europe Ltd,38.0,6.0,212.08,2025-03-16 21:00:30+00:00,0.0,0.0,0.0,0.0
Faltec Europe Ltd,38.0,6.0,212.08,2025-03-16 21:15:30+00:00,0.0,0.0,0.0,0.0
Faltec Europe Ltd,38.0,6.0,212.08,2025-03-16 21:30:30+00:00,0.0,0.0,0.0,0.0
Faltec Europe Ltd,38.0,6.0,212.08,2025-03-16 21:45:30+00:00,0.0,0.0,0.0,0.0
Faltec Europe Ltd,38.0,6.0,212.08,2025-03-16 22:00:30+00:00,0.0,0.0,0.0,0.0
Faltec Europe Ltd,38.0,6.0,212.08,2025-03-16 22:15:30+00:00,0.0,0.0,0.0,0.0
Faltec Europe Ltd,38.0,6.0,212.08,2025-03-16 22:30:30+00:00,0.0,0.0,0.0,0.0
Faltec Europe Ltd,38.0,6.0,212.08,2025-03-16 22:45:30+00:00,0.0,0.0,0.0,0.0
Faltec Europe Ltd,38.0,6.0,212.08,2025-03-16 23:00:30+00:00,0.0,0.0,0.0,0.0
Faltec Europe Ltd,38.0,6.0,212.08,2025-03-16 23:15:30+00:00,0.0,0.0,0.0,0.0
Faltec Europe Ltd,38.0,6.0,212.08,2025-03-16 23:30:30+00:00,0.0,0.0,0.0,0.0
Faltec Europe Ltd,38.0,6.0,212.08,2025-03-16 23:45:30+00:00,0.0,0.0,0.0,0.0
Faltec Europe Ltd,38.0,6.0,212.08,2025-03-17 00:00:30+00:00,0.0,0.0,0.0,0.0
Faltec Europe Ltd,38.0,6.0,212.08,2025-03-17 00:15:30+00:00,0.0,0.0,0.0,0.0
Faltec Europe Ltd,38.0,6.0,212.08,2025-03-17 00:30:30+00:00,0.0,0.0,0.0,0.0
Faltec Europe Ltd,38.0,6.0,212.08,2025-03-17 00:45:30+00:00,0.0,0.0,0.0,0.0
Faltec Europe Ltd,38.0,6.0,212.08,2025-03-17 01:00:30+00:00,0.0,0.0,0.0,0.0
Faltec Europe Ltd,38.0,6.0,212.08,2025-03-17 01:15:30+00:00,0.0,0.0,0.0,0.0
Faltec Europe Ltd,38.0,6.0,212.08,2025-03-17 01:30:30+00:00,0.0,0.0,0.0,0.0
Faltec Europe Ltd,38.0,6.0,212.08,2025-03-17 01:45:30+00:00,0.0,0.0,0.0,0.0
Faltec Europe Ltd,38.0,6.0,212.08,2025-03-17 02:00:30+00:00,0.0,0.0,0.0,0.0
Faltec Europe Ltd,38.0,6.0,212.08,2025-03-17 02:15:30+00:00,0.0,0.0,0.0,0.0
Faltec Europe Ltd,38.0,6.0,212.08,2025-03-17 02:30:30+00:00,0.0,0.0,0.0,0.0
Faltec Europe Ltd,38.0,6.0,212.08,2025-03-17 02:45:30+00:00,0.0,0.0,0.0,0.0
Faltec Europe Ltd,38.0,6.0,212.08,2025-03-17 03:00:30+00:00,0.0,0.0,0.0,0.0
Faltec Europe Ltd,38.0,6.0,212.08,2025-03-17 03:15:30+00:00,0.0,0.0,0.0,0.0
Faltec Europe Ltd,38.0,6.0,212.08,2025-03-17 03:30:30+00:00,0.0,0.0,0.0,0.0
Faltec Europe Ltd,38.0,6.0,212.08,2025-03-17 03:45:30+00:00,0.0,0.0,0.0,0.0
Faltec Europe Ltd,38.0,6.0,212.08,2025-03-17 04:00:30+00:00,0.0,0.0,0.0,0.0
Faltec Europe Ltd,38.0,6.0,212.08,2025-03-17 04:15:30+00:00,0.0,0.0,0.0,0.0
Faltec Europe Ltd,38.0,6.0,212.08,2025-03-17 04:30:30+00:00,0.0,0.0,0.0,0.0
Faltec Europe Ltd,38.0,6.0,212.08,2025-03-17 04:45:30+00:00,0.0,0.0,0.0,0.0
Faltec Europe Ltd,38.0,6.0,212.08,2025-03-17 05:00:30+00:00,0.0,0.0,0.0,0.0
Faltec Europe Ltd,38.0,6.0,212.08,2025-03-17 05:15:30+00:00,0.0,0.0,0.0,0.0
Faltec Europe Ltd,38.0,6.0,212.08,2025-03-17 05:30:30+00:00,0.0,0.0,0.0,0.0
Faltec Europe Ltd,38.0,6.0,212.08,2025-03-17 05:45:30+00:00,0.0,0.0,0.0,0.0
Faltec Europe Ltd,38.0,6.0,212.08,2025-03-17 06:00:30+00:00,0.0,0.0,0.0,0.0
Faltec Europe Ltd,38.0,6.0,212.08,2025-03-17 06:15:30+00:00,0.00025,0.00025,0.0005,0.00025
Faltec Europe Ltd,38.0,6.0,212.08,2025-03-17 06:30:30+00:00,0.00275,0.00125,0.0055,0.003
Faltec Europe Ltd,38.0,6.0,212.08,2025-03-17 06:45:30+00:00,0.00725,0.004,0.01225,0.007
Faltec Europe Ltd,38.0,6.0,212.08,2025-03-17 07:00:30+00:00,0.0155,0.008,0.022,0.014
Faltec Europe Ltd,38.0,6.0,212.08,2025-03-17 07:15:30+00:00,0.0215,0.0105,0.0295,0.01975
Faltec Europe Ltd,38.0,6.0,212.08,2025-03-17 07:30:30+00:00,0.02225,0.011,0.0345,0.0215
Faltec Europe Ltd,38.0,6.0,212.08,2025-03-17 07:45:30+00:00,0.025,0.01275,0.0375,0.0245
Faltec Europe Ltd,38.0,6.0,212.08,2025-03-17 08:00:30+00:00,0.02775,0.016,0.03975,0.0275
Faltec Europe Ltd,38.0,6.0,212.08,2025-03-17 08:15:30+00:00,0.03075,0.021,0.042,0.03075
Faltec Europe Ltd,38.0,6.0,212.08,2025-03-17 08:30:30+00:00,0.03625,0.02325,0.04825,0.03625
Faltec Europe Ltd,38.0,6.0,212.08,2025-03-17 08:45:30+00:00,0.04,0.022,0.05475,0.04
Faltec Europe Ltd,38.0,6.0,212.08,2025-03-17 09:00:30+00:00,0.03875,0.0165,0.05775,0.039
Faltec Europe Ltd,38.0,6.0,212.08,2025-03-17 09:15:30+00:00,0.0325,0.0115,0.05625,0.033
Faltec Europe Ltd,38.0,6.0,212.08,2025-03-17 09:30:30+00:00,0.03025,0.0135,0.059,0.0305
Faltec Europe Ltd,38.0,6.0,212.08,2025-03-17 09:45:30+00:00,0.04525,0.02,0.066,0.046
Faltec Europe Ltd,38.0,6.0,212.08,2025-03-17 10:00:30+00:00,0.053,0.03125,0.07025,0.054
Faltec Europe Ltd,38.0,6.0,212.08,2025-03-17 10:15:30+00:00,0.0535,0.0395,0.0695,0.0545
Faltec Europe Ltd,38.0,6.0,212.08,2025-03-17 10:30:30+00:00,0.05675,0.045,0.067,0.05775
Faltec Europe Ltd,38.0,6.0,212.08,2025-03-17 10:45:30+00:00,0.05775,0.04025,0.07625,0.059
Faltec Europe Ltd,38.0,6.0,212.08,2025-03-17 11:00:30+00:00,0.06,0.02975,0.0925,0.0615
Faltec Europe Ltd,38.0,6.0,212.08,2025-03-17 11:15:30+00:00,0.0645,0.02325,0.1195,0.0665
Faltec Europe Ltd,38.0,6.0,212.08,2025-03-17 11:30:30+00:00,0.08725,0.02875,0.14225,0.09225
Faltec Europe Ltd,38.0,6.0,212.08,2025-03-17 11:45:30+00:00,0.1035,0.05,0.1455,0.1115
Faltec Europe Ltd,38.0,6.0,212.08,2025-03-17 12:00:30+00:00,0.11475,0.05875,0.14325,0.126
Faltec Europe Ltd,38.0,6.0,212.08,2025-03-17 12:15:30+00:00,0.1165,0.05125,0.1425,0.12875
Faltec Europe Ltd,38.0,6.0,212.08,2025-03-17 12:30:30+00:00,0.0855,0.02425,0.14525,0.0925
Faltec Europe Ltd,38.0,6.0,212.08,2025-03-17 12:45:30+00:00,0.06,0.012,0.12375,0.063
Faltec Europe Ltd,38.0,6.0,212.08,2025-03-17 13:00:30+00:00,0.041,0.011,0.09625,0.042
Faltec Europe Ltd,38.0,6.0,212.08,2025-03-17 13:15:30+00:00,0.04175,0.01075,0.0805,0.04275
Faltec Europe Ltd,38.0,6.0,212.08,2025-03-17 13:30:30+00:00,0.04275,0.0105,0.0855,0.044
Faltec Europe Ltd,38.0,6.0,212.08,2025-03-17 13:45:30+00:00,0.05275,0.0105,0.10275,0.05525
Faltec Europe Ltd,38.0,6.0,212.08,2025-03-17 14:00:30+00:00,0.06425,0.01275,0.118,0.069
Faltec Europe Ltd,38.0,6.0,212.08,2025-03-17 14:15:30+00:00,0.07525,0.0255,0.11575,0.084
Faltec Europe Ltd,38.0,6.0,212.08,2025-03-17 14:30:30+00:00,0.0795,0.04075,0.106,0.09175
Faltec Europe Ltd,38.0,6.0,212.08,2025-03-17 14:45:30+00:00,0.0775,0.053,0.09675,0.09225
Faltec Europe Ltd,38.0,6.0,212.08,2025-03-17 15:00:30+00:00,0.074,0.05925,0.08725,0.09
Faltec Europe Ltd,38.0,6.0,212.08,2025-03-17 15:15:30+00:00,0.06825,0.05825,0.0765,0.0845
Faltec Europe Ltd,38.0,6.0,212.08,2025-03-17 15:30:30+00:00,0.06025,0.0525,0.0675,0.075
Faltec Europe Ltd,38.0,6.0,212.08,2025-03-17 15:45:30+00:00,0.05175,0.045,0.06,0.06475
Faltec Europe Ltd,38.0,6.0,212.08,2025-03-17 16:00:30+00:00,0.045,0.03775,0.0525,0.05725
Faltec Europe Ltd,38.0,6.0,212.08,2025-03-17 16:15:30+00:00,0.0385,0.03125,0.04575,0.0505
Faltec Europe Ltd,38.0,6.0,212.08,2025-03-17 16:30:30+00:00,0.032,0.02525,0.038,0.0435
Faltec Europe Ltd,38.0,6.0,212.08,2025-03-17 16:45:30+00:00,0.02525,0.0195,0.03,0.03525
Faltec Europe Ltd,38.0,6.0,212.08,2025-03-17 17:00:30+00:00,0.01875,0.014,0.02175,0.0275
Faltec Europe Ltd,38.0,6.0,212.08,2025-03-17 17:15:30+00:00,0.01225,0.009,0.01425,0.0195
Faltec Europe Ltd,38.0,6.0,212.08,2025-03-17 17:30:30+00:00,0.00675,0.00475,0.00775,0.0115
Faltec Europe Ltd,38.0,6.0,212.08,2025-03-17 17:45:30+00:00,0.004,0.0035,0.00475,0.00475
Faltec Europe Ltd,38.0,6.0,212.08,2025-03-17 18:00:30+00:00,0.00175,0.00125,0.002,0.00175
Faltec Europe Ltd,38.0,6.0,212.08,2025-03-17 18:15:30+00:00,0.0,0.0,0.0,0.0
Faltec Europe Ltd,38.0,6.0,212.08,2025-03-17 18:30:30+00:00,0.0,0.0,0.0,0.0
Faltec Europe Ltd,38.0,6.0,212.08,2025-03-17 18:45:30+00:00,0.0,0.0,0.0,0.0
Faltec Europe Ltd,38.0,6.0,212.08,2025-03-17 19:00:30+00:00,0.0,0.0,0.0,0.0
Faltec Europe Ltd,38.0,6.0,212.08,2025-03-17 19:15:30+00:00,0.0,0.0,0.0,0.0
Faltec Europe Ltd,38.0,6.0,212.08,2025-03-17 19:30:30+00:00,0.0,0.0,0.0,0.0
Faltec Europe Ltd,38.0,6.0,212.08,2025-03-17 19:45:30+00:00,0.0,0.0,0.0,0.0
Faltec Europe Ltd,38.0,6.0,212.08,2025-03-17 20:00:30+00:00,0.0,0.0,0.0,0.0
Faltec Europe Ltd,38.0,6.0,212.08,2025-03-17 20:15:30+00:00,0.0,0.0,0.0,0.0
Faltec Europe Ltd,38.0,6.0,212.08,2025-03-17 20:30:30+00:00,0.0,0.0,0.0,0.0
Faltec Europe Ltd,38.0,6.0,212.08,2025-03-17 20:45:30+00:00,0.0,0.0,0.0,0.0
Faltec Europe Ltd,38.0,6.0,212.08,2025-03-17 21:00:30+00:00,0.0,0.0,0.0,0.0
Faltec Europe Ltd,38.0,6.0,212.08,2025-03-17 21:15:30+00:00,0.0,0.0,0.0,0.0
Faltec Europe Ltd,38.0,6.0,212.08,2025-03-17 21:30:30+00:00,0.0,0.0,0.0,0.0
Faltec Europe Ltd,38.0,6.0,212.08,2025-03-17 21:45:30+00:00,0.0,0.0,0.0,0.0
Faltec Europe Ltd,38.0,6.0,212.08,2025-03-17 22:00:30+00:00,0.0,0.0,0.0,0.0
Faltec Europe Ltd,38.0,6.0,212.08,2025-03-17 22:15:30+00:00,0.0,0.0,0.0,0.0
Faltec Europe Ltd,38.0,6.0,212.08,2025-03-17 22:30:30+00:00,0.0,0.0,0.0,0.0
Faltec Europe Ltd,38.0,6.0,212.08,2025-03-17 22:45:30+00:00,0.0,0.0,0.0,0.0
Faltec Europe Ltd,38.0,6.0,212.08,2025-03-17 23:00:30+00:00,0.0,0.0,0.0,0.0
Faltec Europe Ltd,38.0,6.0,212.08,2025-03-17 23:15:30+00:00,0.0,0.0,0.0,0.0
Faltec Europe Ltd,38.0,6.0,212.08,2025-03-17 23:30:30+00:00,0.0,0.0,0.0,0.0
Faltec Europe Ltd,38.0,6.0,212.08,2025-03-17 23:45:30+00:00,0.0,0.0,0.0,0.0
Faltec Europe Ltd,38.0,6.0,212.08,2025-03-18 00:00:30+00:00,0.0,0.0,0.0,0.0
Faltec Europe Ltd,38.0,6.0,212.08,2025-03-18 00:15:30+00:00,0.0,0.0,0.0,0.0
Faltec Europe Ltd,38.0,6.0,212.08,2025-03-18 00:30:30+00:00,0.0,0.0,0.0,0.0
Faltec Europe Ltd,38.0,6.0,212.08,2025-03-18 00:45:30+00:00,0.0,0.0,0.0,0.0
Faltec Europe Ltd,38.0,6.0,212.08,2025-03-18 01:00:30+00:00,0.0,0.0,0.0,0.0
Faltec Europe Ltd,38.0,6.0,212.08,2025-03-18 01:15:30+00:00,0.0,0.0,0.0,0.0
Faltec Europe Ltd,38.0,6.0,212.08,2025-03-18 01:30:30+00:00,0.0,0.0,0.0,0.0
Faltec Europe Ltd,38.0,6.0,212.08,2025-03-18 01:45:30+00:00,0.0,0.0,0.0,0.0
Faltec Europe Ltd,38.0,6.0,212.08,2025-03-18 02:00:30+00:00,0.0,0.0,0.0,0.0
Faltec Europe Ltd,38.0,6.0,212.08,2025-03-18 02:15:30+00:00,0.0,0.0,0.0,0.0
Faltec Europe Ltd,38.0,6.0,212.08,2025-03-18 02:30:30+00:00,0.0,0.0,0.0,0.0
Faltec Europe Ltd,38.0,6.0,212.08,2025-03-18 02:45:30+00:00,0.0,0.0,0.0,0.0
Faltec Europe Ltd,38.0,6.0,212.08,2025-03-18 03:00:30+00:00,0.0,0.0,0.0,0.0
Faltec Europe Ltd,38.0,6.0,212.08,2025-03-18 03:15:30+00:00,0.0,0.0,0.0,0.0
Faltec Europe Ltd,38.0,6.0,212.08,2025-03-18 03:30:30+00:00,0.0,0.0,0.0,0.0
Faltec Europe Ltd,38.0,6.0,212.08,2025-03-18 03:45:30+00:00,0.0,0.0,0.0,0.0
Faltec Europe Ltd,38.0,6.0,212.08,2025-03-18 04:00:30+00:00,0.0,0.0,0.0,0.0
Faltec Europe Ltd,38.0,6.0,212.08,2025-03-18 04:15:30+00:00,0.0,0.0,0.0,0.0
Faltec Europe Ltd,38.0,6.0,212.08,2025-03-18 04:30:30+00:00,0.0,0.0,0.0,0.0
Faltec Europe Ltd,38.0,6.0,212.08,2025-03-18 04:45:30+00:00,0.0,0.0,0.0,0.0
Faltec Europe Ltd,38.0,6.0,212.08,2025-03-18 05:00:30+00:00,0.0,0.0,0.0,0.0
Faltec Europe Ltd,38.0,6.0,212.08,2025-03-18 05:15:30+00:00,0.0,0.0,0.0,0.0
Faltec Europe Ltd,38.0,6.0,212.08,2025-03-18 05:30:30+00:00,0.0,0.0,0.0,0.0
Faltec Europe Ltd,38.0,6.0,212.08,2025-03-18 05:45:30+00:00,0.0,0.0,0.0,0.0
Faltec Europe Ltd,38.0,6.0,212.08,2025-03-18 06:00:30+00:00,0.0,0.0,0.0,0.0
Faltec Europe Ltd,38.0,6.0,212.08,2025-03-18 06:15:30+00:00,0.00125,0.00075,0.00125,0.00125
Faltec Europe Ltd,38.0,6.0,212.08,2025-03-18 06:30:30+00:00,0.00875,0.00675,0.0105,0.00625
Faltec Europe Ltd,38.0,6.0,212.08,2025-03-18 06:45:30+00:00,0.01875,0.01325,0.02125,0.01375
Faltec Europe Ltd,38.0,6.0,212.08,2025-03-18 07:00:30+00:00,0.02775,0.0205,0.0315,0.02225
Faltec Europe Ltd,38.0,6.0,212.08,2025-03-18 07:15:30+00:00,0.0365,0.028,0.0415,0.03075
Faltec Europe Ltd,38.0,6.0,212.08,2025-03-18 07:30:30+00:00,0.04525,0.03625,0.0515,0.03975
Faltec Europe Ltd,38.0,6.0,212.08,2025-03-18 07:45:30+00:00,0.054,0.0445,0.06125,0.049
Faltec Europe Ltd,38.0,6.0,212.08,2025-03-18 08:00:30+00:00,0.0625,0.053,0.0705,0.05825
Faltec Europe Ltd,38.0,6.0,212.08,2025-03-18 08:15:30+00:00,0.0705,0.06175,0.07925,0.067
Faltec Europe Ltd,38.0,6.0,212.08,2025-03-18 08:30:30+00:00,0.078,0.07025,0.08575,0.07575
Faltec Europe Ltd,38.0,6.0,212.08,2025-03-18 08:45:30+00:00,0.0855,0.0785,0.09175,0.08425
Faltec Europe Ltd,38.0,6.0,212.08,2025-03-18 09:00:30+00:00,0.09175,0.08625,0.09725,0.09175
Faltec Europe Ltd,38.0,6.0,212.08,2025-03-18 09:15:30+00:00,0.098,0.09275,0.103,0.09925
Faltec Europe Ltd,38.0,6.0,212.08,2025-03-18 09:30:30+00:00,0.1035,0.09825,0.10875,0.10625
Faltec Europe Ltd,38.0,6.0,212.08,2025-03-18 09:45:30+00:00,0.1085,0.103,0.115,0.1125
Faltec Europe Ltd,38.0,6.0,212.08,2025-03-18 10:00:30+00:00,0.1145,0.10725,0.12075,0.12
Faltec Europe Ltd,38.0,6.0,212.08,2025-03-18 10:15:30+00:00,0.119,0.112,0.12625,0.12575
Faltec Europe Ltd,38.0,6.0,212.08,2025-03-18 10:30:30+00:00,0.12375,0.114,0.132,0.132
Faltec Europe Ltd,38.0,6.0,212.08,2025-03-18 10:45:30+00:00,0.1265,0.1135,0.13775,0.13625
Faltec Europe Ltd,38.0,6.0,212.08,2025-03-18 11:00:30+00:00,0.12675,0.11,0.14075,0.13725
Faltec Europe Ltd,38.0,6.0,212.08,2025-03-18 11:15:30+00:00,0.1225,0.10725,0.13925,0.1335
Faltec Europe Ltd,38.0,6.0,212.08,2025-03-18 11:30:30+00:00,0.12,0.10675,0.1385,0.13125
Faltec Europe Ltd,38.0,6.0,212.08,2025-03-18 11:45:30+00:00,0.12475,0.1085,0.1405,0.13775
Faltec Europe Ltd,38.0,6.0,212.08,2025-03-18 12:00:30+00:00,0.1285,0.112,0.143,0.1435
Faltec Europe Ltd,38.0,6.0,212.08,2025-03-18 12:15:30+00:00,0.1295,0.116,0.142,0.146
Faltec Europe Ltd,38.0,6.0,212.08,2025-03-18 12:30:30+00:00,0.12925,0.11925,0.138,0.147
Faltec Europe Ltd,38.0,6.0,212.08,2025-03-18 12:45:30+00:00,0.127,0.12025,0.1335,0.14575
Faltec Europe Ltd,38.0,6.0,212.08,2025-03-18 13:00:30+00:00,0.12425,0.11875,0.12925,0.14375
Faltec Europe Ltd,38.0,6.0,212.08,2025-03-18 13:15:30+00:00,0.1205,0.11575,0.125,0.1405
Faltec Europe Ltd,38.0,6.0,212.08,2025-03-18 13:30:30+00:00,0.1165,0.11175,0.12075,0.13675
Faltec Europe Ltd,38.0,6.0,212.08,2025-03-18 13:45:30+00:00,0.11175,0.1075,0.116,0.1325
Faltec Europe Ltd,38.0,6.0,212.08,2025-03-18 14:00:30+00:00,0.10675,0.1025,0.11075,0.12775
Faltec Europe Ltd,38.0,6.0,212.08,2025-03-18 14:15:30+00:00,0.101,0.097,0.105,0.122
Faltec Europe Ltd,38.0,6.0,212.08,2025-03-18 14:30:30+00:00,0.095,0.09125,0.0985,0.116
Faltec Europe Ltd,38.0,6.0,212.08,2025-03-18 14:45:30+00:00,0.0885,0.08475,0.092,0.10925
Faltec Europe Ltd,38.0,6.0,212.08,2025-03-18 15:00:30+00:00,0.0815,0.0775,0.08525,0.10175
Faltec Europe Ltd,38.0,6.0,212.08,2025-03-18 15:15:30+00:00,0.074,0.0695,0.0785,0.09375
Faltec Europe Ltd,38.0,6.0,212.08,2025-03-18 15:30:30+00:00,0.0665,0.061,0.07175,0.0855
Faltec Europe Ltd,38.0,6.0,212.08,2025-03-18 15:45:30+00:00,0.0585,0.0525,0.0645,0.07675
Faltec Europe Ltd,38.0,6.0,212.08,2025-03-18 16:00:30+00:00,0.0505,0.044,0.056,0.06775
Faltec Europe Ltd,38.0,6.0,212.08,2025-03-18 16:15:30+00:00,0.0425,0.036,0.0475,0.0585
Faltec Europe Ltd,38.0,6.0,212.08,2025-03-18 16:30:30+00:00,0.03475,0.0285,0.03875,0.04925
Faltec Europe Ltd,38.0,6.0,212.08,2025-03-18 16:45:30+00:00,0.027,0.0215,0.03025,0.04025
Faltec Europe Ltd,38.0,6.0,212.08,2025-03-18 17:00:30+00:00,0.01975,0.015,0.02225,0.031
Faltec Europe Ltd,38.0,6.0,212.08,2025-03-18 17:15:30+00:00,0.013,0.0095,0.01475,0.022
Faltec Europe Ltd,38.0,6.0,212.08,2025-03-18 17:30:30+00:00,0.00675,0.00475,0.00775,0.0135
Faltec Europe Ltd,38.0,6.0,212.08,2025-03-18 17:45:30+00:00,0.00475,0.004,0.00575,0.006
Faltec Europe Ltd,38.0,6.0,212.08,2025-03-18 18:00:30+00:00,0.0025,0.00175,0.00275,0.0025
Faltec Europe Ltd,38.0,6.0,212.08,2025-03-18 18:15:30+00:00,0.0,0.0,0.0,0.0
Faltec Europe Ltd,38.0,6.0,212.08,2025-03-18 18:30:30+00:00,0.0,0.0,0.0,0.0
Faltec Europe Ltd,38.0,6.0,212.08,2025-03-18 18:45:30+00:00,0.0,0.0,0.0,0.0
Faltec Europe Ltd,38.0,6.0,212.08,2025-03-18 19:00:30+00:00,0.0,0.0,0.0,0.0
Faltec Europe Ltd,38.0,6.0,212.08,2025-03-18 19:15:30+00:00,0.0,0.0,0.0,0.0
Faltec Europe Ltd,38.0,6.0,212.08,2025-03-18 19:30:30+00:00,0.0,0.0,0.0,0.0
Faltec Europe Ltd,38.0,6.0,212.08,2025-03-18 19:45:30+00:00,0.0,0.0,0.0,0.0
Faltec Europe Ltd,38.0,6.0,212.08,2025-03-18 20:00:30+00:00,0.0,0.0,0.0,0.0
Faltec Europe Ltd,38.0,6.0,212.08,2025-03-18 20:15:30+00:00,0.0,0.0,0.0,0.0
Faltec Europe Ltd,38.0,6.0,212.08,2025-03-18 20:30:30+00:00,0.0,0.0,0.0,0.0
Faltec Europe Ltd,38.0,6.0,212.08,2025-03-18 20:45:30+00:00,0.0,0.0,0.0,0.0
Faltec Europe Ltd,38.0,6.0,212.08,2025-03-18 21:00:30+00:00,0.0,0.0,0.0,0.0
Faltec Europe Ltd,38.0,6.0,212.08,2025-03-18 21:15:30+00:00,0.0,0.0,0.0,0.0
Faltec Europe Ltd,38.0,6.0,212.08,2025-03-18 21:30:30+00:00,0.0,0.0,0.0,0.0
Faltec Europe Ltd,38.0,6.0,212.08,2025-03-18 21:45:30+00:00,0.0,0.0,0.0,0.0
Faltec Europe Ltd,38.0,6.0,212.08,2025-03-18 22:00:30+00:00,0.0,0.0,0.0,0.0
Faltec Europe Ltd,38.0,6.0,212.08,2025-03-18 22:15:30+00:00,0.0,0.0,0.0,0.0
Faltec Europe Ltd,38.0,6.0,212.08,2025-03-18 22:30:30+00:00,0.0,0.0,0.0,0.0
Faltec Europe Ltd,38.0,6.0,212.08,2025-03-18 22:45:30+00:00,0.0,0.0,0.0,0.0
Faltec Europe Ltd,38.0,6.0,212.08,2025-03-18 23:00:30+00:00,0.0,0.0,0.0,0.0
Faltec Europe Ltd,38.0,6.0,212.08,2025-03-18 23:15:30+00:00,0.0,0.0,0.0,0.0
Faltec Europe Ltd,38.0,6.0,212.08,2025-03-18 23:30:30+00:00,0.0,0.0,0.0,0.0
Faltec Europe Ltd,38.0,6.0,212.08,2025-03-18 23:45:30+00:00,0.0,0.0,0.0,0.0
Faltec Europe Ltd,38.0,6.0,212.08,2025-03-19 00:00:30+00:00,0.0,0.0,0.0,0.0
Faltec Europe Ltd,38.0,6.0,212.08,2025-03-19 00:15:30+00:00,0.0,0.0,0.0,0.0
Faltec Europe Ltd,38.0,6.0,212.08,2025-03-19 00:30:30+00:00,0.0,0.0,0.0,0.0
Faltec Europe Ltd,38.0,6.0,212.08,2025-03-19 00:45:30+00:00,0.0,0.0,0.0,0.0
Faltec Europe Ltd,38.0,6.0,212.08,2025-03-19 01:00:30+00:00,0.0,0.0,0.0,0.0
Faltec Europe Ltd,38.0,6.0,212.08,2025-03-19 01:15:30+00:00,0.0,0.0,0.0,0.0
Faltec Europe Ltd,38.0,6.0,212.08,2025-03-19 01:30:30+00:00,0.0,0.0,0.0,0.0
Faltec Europe Ltd,38.0,6.0,212.08,2025-03-19 01:45:30+00:00,0.0,0.0,0.0,0.0
Faltec Europe Ltd,38.0,6.0,212.08,2025-03-19 02:00:30+00:00,0.0,0.0,0.0,0.0
Faltec Europe Ltd,38.0,6.0,212.08,2025-03-19 02:15:30+00:00,0.0,0.0,0.0,0.0
Faltec Europe Ltd,38.0,6.0,212.08,2025-03-19 02:30:30+00:00,0.0,0.0,0.0,0.0
Faltec Europe Ltd,38.0,6.0,212.08,2025-03-19 02:45:30+00:00,0.0,0.0,0.0,0.0
Faltec Europe Ltd,38.0,6.0,212.08,2025-03-19 03:00:30+00:00,0.0,0.0,0.0,0.0
Faltec Europe Ltd,38.0,6.0,212.08,2025-03-19 03:15:30+00:00,0.0,0.0,0.0,0.0
Faltec Europe Ltd,38.0,6.0,212.08,2025-03-19 03:30:30+00:00,0.0,0.0,0.0,0.0
Faltec Europe Ltd,38.0,6.0,212.08,2025-03-19 03:45:30+00:00,0.0,0.0,0.0,0.0
Faltec Europe Ltd,38.0,6.0,212.08,2025-03-19 04:00:30+00:00,0.0,0.0,0.0,0.0
Faltec Europe Ltd,38.0,6.0,212.08,2025-03-19 04:15:30+00:00,0.0,0.0,0.0,0.0
Faltec Europe Ltd,38.0,6.0,212.08,2025-03-19 04:30:30+00:00,0.0,0.0,0.0,0.0
Faltec Europe Ltd,38.0,6.0,212.08,2025-03-19 04:45:30+00:00,0.0,0.0,0.0,0.0
Faltec Europe Ltd,38.0,6.0,212.08,2025-03-19 05:00:30+00:00,0.0,0.0,0.0,0.0
Faltec Europe Ltd,38.0,6.0,212.08,2025-03-19 05:15:30+00:00,0.0,0.0,0.0,0.0
Faltec Europe Ltd,38.0,6.0,212.08,2025-03-19 05:30:30+00:00,0.0,0.0,0.0,0.0
Faltec Europe Ltd,38.0,6.0,212.08,2025-03-19 05:45:30+00:00,0.0,0.0,0.0,0.0
Faltec Europe Ltd,38.0,6.0,212.08,2025-03-19 06:00:30+00:00,0.0,0.0,0.0,0.0
Faltec Europe Ltd,38.0,6.0,212.08,2025-03-19 06:15:30+00:00,0.002,0.00175,0.00225,0.002
Faltec Europe Ltd,38.0,6.0,212.08,2025-03-19 06:30:30+00:00,0.009,0.00675,0.011,0.00675
Faltec Europe Ltd,38.0,6.0,212.08,2025-03-19 06:45:30+00:00,0.018,0.01275,0.02125,0.014
Faltec Europe Ltd,38.0,6.0,212.08,2025-03-19 07:00:30+00:00,0.02675,0.01975,0.03125,0.022
Faltec Europe Ltd,38.0,6.0,212.08,2025-03-19 07:15:30+00:00,0.0355,0.02725,0.041,0.03075
Faltec Europe Ltd,38.0,6.0,212.08,2025-03-19 07:30:30+00:00,0.0445,0.0355,0.051,0.03975
Faltec Europe Ltd,38.0,6.0,212.08,2025-03-19 07:45:30+00:00,0.05325,0.044,0.0605,0.04875
Faltec Europe Ltd,38.0,6.0,212.08,2025-03-19 08:00:30+00:00,0.062,0.05275,0.07,0.058
Faltec Europe Ltd,38.0,6.0,212.08,2025-03-19 08:15:30+00:00,0.07,0.06125,0.07875,0.06675
Faltec Europe Ltd,38.0,6.0,212.08,2025-03-19 08:30:30+00:00,0.0775,0.06825,0.08525,0.07525
Faltec Europe Ltd,38.0,6.0,212.08,2025-03-19 08:45:30+00:00,0.0825,0.07575,0.09225,0.0815
Faltec Europe Ltd,38.0,6.0,212.08,2025-03-19 09:00:30+00:00,0.092,0.083,0.09975,0.09175
Faltec Europe Ltd,38.0,6.0,212.08,2025-03-19 09:15:30+00:00,0.0995,0.0875,0.107,0.1005
Faltec Europe Ltd,38.0,6.0,212.08,2025-03-19 09:30:30+00:00,0.10025,0.09025,0.11325,0.1025
Faltec Europe Ltd,38.0,6.0,212.08,2025-03-19 09:45:30+00:00,0.10525,0.091,0.11675,0.10875
Faltec Europe Ltd,38.0,6.0,212.08,2025-03-19 10:00:30+00:00,0.106,0.09575,0.122,0.11025
Faltec Europe Ltd,38.0,6.0,212.08,2025-03-19 10:15:30+00:00,0.115,0.09575,0.1245,0.1205
Faltec Europe Ltd,38.0,6.0,212.08,2025-03-19 10:30:30+00:00,0.1095,0.0975,0.13025,0.11525
Faltec Europe Ltd,38.0,6.0,212.08,2025-03-19 10:45:30+00:00,0.116,0.099,0.1365,0.1235
Faltec Europe Ltd,38.0,6.0,212.08,2025-03-19 11:00:30+00:00,0.12675,0.10575,0.14225,0.1365
Faltec Europe Ltd,38.0,6.0,212.08,2025-03-19 11:15:30+00:00,0.1295,0.1145,0.1435,0.14075
Faltec Europe Ltd,38.0,6.0,212.08,2025-03-19 11:30:30+00:00,0.13125,0.12075,0.14125,0.14425
Faltec Europe Ltd,38.0,6.0,212.08,2025-03-19 11:45:30+00:00,0.132,0.124,0.138,0.146
Faltec Europe Ltd,38.0,6.0,212.08,2025-03-19 12:00:30+00:00,0.13,0.1235,0.137,0.14475
Faltec Europe Ltd,38.0,6.0,212.08,2025-03-19 12:15:30+00:00,0.12875,0.12225,0.13525,0.1445
Faltec Europe Ltd,38.0,6.0,212.08,2025-03-19 12:30:30+00:00,0.12725,0.121,0.1335,0.144
Faltec Europe Ltd,38.0,6.0,212.08,2025-03-19 12:45:30+00:00,0.126,0.11975,0.1315,0.1435
Faltec Europe Ltd,38.0,6.0,212.08,2025-03-19 13:00:30+00:00,0.1235,0.1175,0.1285,0.14175
Faltec Europe Ltd,38.0,6.0,212.08,2025-03-19 13:15:30+00:00,0.11975,0.1145,0.12475,0.13875
Faltec Europe Ltd,38.0,6.0,212.08,2025-03-19 13:30:30+00:00,0.1155,0.11075,0.12,0.13475
Faltec Europe Ltd,38.0,6.0,212.08,2025-03-19 13:45:30+00:00,0.111,0.10625,0.11525,0.1305
Faltec Europe Ltd,38.0,6.0,212.08,2025-03-19 14:00:30+00:00,0.10575,0.1015,0.10975,0.1255
Faltec Europe Ltd,38.0,6.0,212.08,2025-03-19 14:15:30+00:00,0.10025,0.09625,0.104,0.12
Faltec Europe Ltd,38.0,6.0,212.08,2025-03-19 14:30:30+00:00,0.09425,0.09025,0.09775,0.11375
Faltec Europe Ltd,38.0,6.0,212.08,2025-03-19 14:45:30+00:00,0.08775,0.084,0.09125,0.107
Faltec Europe Ltd,38.0,6.0,212.08,2025-03-19 15:00:30+00:00,0.08075,0.077,0.0845,0.09975
Faltec Europe Ltd,38.0,6.0,212.08,2025-03-19 15:15:30+00:00,0.0735,0.06925,0.078,0.092
Faltec Europe Ltd,38.0,6.0,212.08,2025-03-19 15:30:30+00:00,0.06625,0.061,0.07125,0.084
Faltec Europe Ltd,38.0,6.0,212.08,2025-03-19 15:45:30+00:00,0.0585,0.0525,0.06425,0.07525
Faltec Europe Ltd,38.0,6.0,212.08,2025-03-19 16:00:30+00:00,0.05075,0.04425,0.05675,0.0665
Faltec Europe Ltd,38.0,6.0,212.08,2025-03-19 16:15:30+00:00,0.04275,0.03625,0.04825,0.05725
Faltec Europe Ltd,38.0,6.0,212.08,2025-03-19 16:30:30+00:00,0.03525,0.02875,0.04,0.04825
Faltec Europe Ltd,38.0,6.0,212.08,2025-03-19 16:45:30+00:00,0.02775,0.02175,0.032,0.039
Faltec Europe Ltd,38.0,6.0,212.08,2025-03-19 17:00:30+00:00,0.0205,0.0155,0.024,0.02975
Faltec Europe Ltd,38.0,6.0,212.08,2025-03-19 17:15:30+00:00,0.01375,0.01,0.01625,0.02125
Faltec Europe Ltd,38.0,6.0,212.08,2025-03-19 17:30:30+00:00,0.008,0.0055,0.0095,0.01325
Faltec Europe Ltd,38.0,6.0,212.08,2025-03-19 17:45:30+00:00,0.00525,0.00375,0.0065,0.006
Faltec Europe Ltd,38.0,6.0,212.08,2025-03-19 18:00:30+00:00,0.00125,0.00075,0.0015,0.00125
Faltec Europe Ltd,38.0,6.0,212.08,2025-03-19 18:15:30+00:00,0.0,0.0,0.0,0.0
Faltec Europe Ltd,38.0,6.0,212.08,2025-03-19 18:30:30+00:00,0.0,0.0,0.0,0.0
Faltec Europe Ltd,38.0,6.0,212.08,2025-03-19 18:45:30+00:00,0.0,0.0,0.0,0.0
Faltec Europe Ltd,38.0,6.0,212.08,2025-03-19 19:00:30+00:00,0.0,0.0,0.0,0.0
Faltec Europe Ltd,38.0,6.0,212.08,2025-03-19 19:15:30+00:00,0.0,0.0,0.0,0.0
Faltec Europe Ltd,38.0,6.0,212.08,2025-03-19 19:30:30+00:00,0.0,0.0,0.0,0.0
Faltec Europe Ltd,38.0,6.0,212.08,2025-03-19 19:45:30+00:00,0.0,0.0,0.0,0.0
Faltec Europe Ltd,38.0,6.0,212.08,2025-03-19 20:00:30+00:00,0.0,0.0,0.0,0.0
Faltec Europe Ltd,38.0,6.0,212.08,2025-03-19 20:15:30+00:00,0.0,0.0,0.0,0.0
Faltec Europe Ltd,38.0,6.0,212.08,2025-03-19 20:30:30+00:00,0.0,0.0,0.0,0.0
Faltec Europe Ltd,38.0,6.0,212.08,2025-03-19 20:45:30+00:00,0.0,0.0,0.0,0.0
Faltec Europe Ltd,38.0,6.0,212.08,2025-03-19 21:00:30+00:00,0.0,0.0,0.0,0.0
Faltec Europe Ltd,38.0,6.0,212.08,2025-03-19 21:15:30+00:00,0.0,0.0,0.0,0.0
Faltec Europe Ltd,38.0,6.0,212.08,2025-03-19 21:30:30+00:00,0.0,0.0,0.0,0.0
Faltec Europe Ltd,38.0,6.0,212.08,2025-03-19 21:45:30+00:00,0.0,0.0,0.0,0.0
Faltec Europe Ltd,38.0,6.0,212.08,2025-03-19 22:00:30+00:00,0.0,0.0,0.0,0.0
Faltec Europe Ltd,38.0,6.0,212.08,2025-03-19 22:15:30+00:00,0.0,0.0,0.0,0.0
Faltec Europe Ltd,38.0,6.0,212.08,2025-03-19 22:30:30+00:00,0.0,0.0,0.0,0.0
Faltec Europe Ltd,38.0,6.0,212.08,2025-03-19 22:45:30+00:00,0.0,0.0,0.0,0.0
Faltec Europe Ltd,38.0,6.0,212.08,2025-03-19 23:00:30+00:00,0.0,0.0,0.0,0.0
Faltec Europe Ltd,38.0,6.0,212.08,2025-03-19 23:15:30+00:00,0.0,0.0,0.0,0.0
Faltec Europe Ltd,38.0,6.0,212.08,2025-03-19 23:30:30+00:00,0.0,0.0,0.0,0.0
Faltec Europe Ltd,38.0,6.0,212.08,2025-03-19 23:45:30+00:00,0.0,0.0,0.0,0.0
Faltec Europe Ltd,38.0,6.0,212.08,2025-03-20 00:00:30+00:00,0.0,0.0,0.0,0.0
Faltec Europe Ltd,38.0,6.0,212.08,2025-03-20 00:15:30+00:00,0.0,0.0,0.0,0.0
Faltec Europe Ltd,38.0,6.0,212.08,2025-03-20 00:30:30+00:00,0.0,0.0,0.0,0.0
Faltec Europe Ltd,38.0,6.0,212.08,2025-03-20 00:45:30+00:00,0.0,0.0,0.0,0.0
Faltec Europe Ltd,38.0,6.0,212.08,2025-03-20 01:00:30+00:00,0.0,0.0,0.0,0.0
Faltec Europe Ltd,38.0,6.0,212.08,2025-03-20 01:15:30+00:00,0.0,0.0,0.0,0.0
Faltec Europe Ltd,38.0,6.0,212.08,2025-03-20 01:30:30+00:00,0.0,0.0,0.0,0.0
Faltec Europe Ltd,38.0,6.0,212.08,2025-03-20 01:45:30+00:00,0.0,0.0,0.0,0.0
Faltec Europe Ltd,38.0,6.0,212.08,2025-03-20 02:00:30+00:00,0.0,0.0,0.0,0.0
Faltec Europe Ltd,38.0,6.0,212.08,2025-03-20 02:15:30+00:00,0.0,0.0,0.0,0.0
Faltec Europe Ltd,38.0,6.0,212.08,2025-03-20 02:30:30+00:00,0.0,0.0,0.0,0.0
Faltec Europe Ltd,38.0,6.0,212.08,2025-03-20 02:45:30+00:00,0.0,0.0,0.0,0.0
Faltec Europe Ltd,38.0,6.0,212.08,2025-03-20 03:00:30+00:00,0.0,0.0,0.0,0.0
Faltec Europe Ltd,38.0,6.0,212.08,2025-03-20 03:15:30+00:00,0.0,0.0,0.0,0.0
Faltec Europe Ltd,38.0,6.0,212.08,2025-03-20 03:30:30+00:00,0.0,0.0,0.0,0.0
Faltec Europe Ltd,38.0,6.0,212.08,2025-03-20 03:45:30+00:00,0.0,0.0,0.0,0.0
Faltec Europe Ltd,38.0,6.0,212.08,2025-03-20 04:00:30+00:00,0.0,0.0,0.0,0.0
Faltec Europe Ltd,38.0,6.0,212.08,2025-03-20 04:15:30+00:00,0.0,0.0,0.0,0.0
Faltec Europe Ltd,38.0,6.0,212.08,2025-03-20 04:30:30+00:00,0.0,0.0,0.0,0.0
Faltec Europe Ltd,38.0,6.0,212.08,2025-03-20 04:45:30+00:00,0.0,0.0,0.0,0.0
Faltec Europe Ltd,38.0,6.0,212.08,2025-03-20 05:00:30+00:00,0.0,0.0,0.0,0.0
Faltec Europe Ltd,38.0,6.0,212.08,2025-03-20 05:15:30+00:00,0.0,0.0,0.0,0.0
Faltec Europe Ltd,38.0,6.0,212.08,2025-03-20 05:30:30+00:00,0.0,0.0,0.0,0.0
Faltec Europe Ltd,38.0,6.0,212.08,2025-03-20 05:45:30+00:00,0.0,0.0,0.0,0.0
Faltec Europe Ltd,38.0,6.0,212.08,2025-03-20 06:00:30+00:00,0.0,0.0,0.0,0.0
Faltec Europe Ltd,38.0,6.0,212.08,2025-03-20 06:15:30+00:00,0.0025,0.002,0.00275,0.0025
Faltec Europe Ltd,38.0,6.0,212.08,2025-03-20 06:30:30+00:00,0.00875,0.0065,0.0105,0.00725
Faltec Europe Ltd,38.0,6.0,212.08,2025-03-20 06:45:30+00:00,0.0175,0.0125,0.0205,0.01425
Faltec Europe Ltd,38.0,6.0,212.08,2025-03-20 07:00:30+00:00,0.026,0.01925,0.03,0.022
Faltec Europe Ltd,38.0,6.0,212.08,2025-03-20 07:15:30+00:00,0.03475,0.027,0.03975,0.0305
Faltec Europe Ltd,38.0,6.0,212.08,2025-03-20 07:30:30+00:00,0.04375,0.035,0.04925,0.03925
Faltec Europe Ltd,38.0,6.0,212.08,2025-03-20 07:45:30+00:00,0.0525,0.0435,0.0585,0.04825
Faltec Europe Ltd,38.0,6.0,212.08,2025-03-20 08:00:30+00:00,0.0605,0.052,0.0675,0.057
Faltec Europe Ltd,38.0,6.0,212.08,2025-03-20 08:15:30+00:00,0.06825,0.0605,0.076,0.0655
Faltec Europe Ltd,38.0,6.0,212.08,2025-03-20 08:30:30+00:00,0.076,0.069,0.08275,0.074
Faltec Europe Ltd,38.0,6.0,212.08,2025-03-20 08:45:30+00:00,0.08325,0.07725,0.08925,0.08225
Faltec Europe Ltd,38.0,6.0,212.08,2025-03-20 09:00:30+00:00,0.09025,0.08525,0.09525,0.09025
Faltec Europe Ltd,38.0,6.0,212.08,2025-03-20 09:15:30+00:00,0.09675,0.092,0.10125,0.09775
Faltec Europe Ltd,38.0,6.0,212.08,2025-03-20 09:30:30+00:00,0.10275,0.098,0.10725,0.105
Faltec Europe Ltd,38.0,6.0,212.08,2025-03-20 09:45:30+00:00,0.10825,0.10325,0.113,0.11175
Faltec Europe Ltd,38.0,6.0,212.08,2025-03-20 10:00:30+00:00,0.11325,0.108,0.11825,0.11775
Faltec Europe Ltd,38.0,6.0,212.08,2025-03-20 10:15:30+00:00,0.1175,0.11225,0.12275,0.1235
Faltec Europe Ltd,38.0,6.0,212.08,2025-03-20 10:30:30+00:00,0.1215,0.116,0.12675,0.12875
Faltec Europe Ltd,38.0,6.0,212.08,2025-03-20 10:45:30+00:00,0.12475,0.11925,0.12975,0.1335
Faltec Europe Ltd,38.0,6.0,212.08,2025-03-20 11:00:30+00:00,0.12725,0.12175,0.13225,0.137
Faltec Europe Ltd,38.0,6.0,212.08,2025-03-20 11:15:30+00:00,0.12875,0.12325,0.13375,0.13975
Faltec Europe Ltd,38.0,6.0,212.08,2025-03-20 11:30:30+00:00,0.1295,0.12375,0.135,0.1415
Faltec Europe Ltd,38.0,6.0,212.08,2025-03-20 11:45:30+00:00,0.12975,0.12375,0.13525,0.14275
Faltec Europe Ltd,38.0,6.0,212.08,2025-03-20 12:00:30+00:00,0.12925,0.123,0.13475,0.14325
Faltec Europe Ltd,38.0,6.0,212.08,2025-03-20 12:15:30+00:00,0.1275,0.122,0.13325,0.1425
Faltec Europe Ltd,38.0,6.0,212.08,2025-03-20 12:30:30+00:00,0.12625,0.1205,0.13125,0.14175
Faltec Europe Ltd,38.0,6.0,212.08,2025-03-20 12:45:30+00:00,0.12375,0.1185,0.12875,0.14
Faltec Europe Ltd,38.0,6.0,212.08,2025-03-20 13:00:30+00:00,0.121,0.116,0.1255,0.13775
Faltec Europe Ltd,38.0,6.0,212.08,2025-03-20 13:15:30+00:00,0.1175,0.11275,0.12225,0.13475
Faltec Europe Ltd,38.0,6.0,212.08,2025-03-20 13:30:30+00:00,0.11375,0.1085,0.11825,0.1315
Faltec Europe Ltd,38.0,6.0,212.08,2025-03-20 13:45:30+00:00,0.10925,0.10425,0.11425,0.12675
Faltec Europe Ltd,38.0,6.0,212.08,2025-03-20 14:00:30+00:00,0.10425,0.09875,0.10925,0.12175
Faltec Europe Ltd,38.0,6.0,212.08,2025-03-20 14:15:30+00:00,0.09825,0.09325,0.1035,0.1155
Faltec Europe Ltd,38.0,6.0,212.08,2025-03-20 14:30:30+00:00,0.0925,0.08725,0.09675,0.1095
Faltec Europe Ltd,38.0,6.0,212.08,2025-03-20 14:45:30+00:00,0.08575,0.0805,0.092,0.10225
Faltec Europe Ltd,38.0,6.0,212.08,2025-03-20 15:00:30+00:00,0.08,0.07225,0.08675,0.0965
Faltec Europe Ltd,38.0,6.0,212.08,2025-03-20 15:15:30+00:00,0.073,0.063,0.0805,0.08875
Faltec Europe Ltd,38.0,6.0,212.08,2025-03-20 15:30:30+00:00,0.06275,0.055,0.07275,0.07575
Faltec Europe Ltd,38.0,6.0,212.08,2025-03-20 15:45:30+00:00,0.05475,0.0475,0.0645,0.067
Faltec Europe Ltd,38.0,6.0,212.08,2025-03-20 16:00:30+00:00,0.0495,0.041,0.057,0.06225
Faltec Europe Ltd,38.0,6.0,212.08,2025-03-20 16:15:30+00:00,0.043,0.035,0.04875,0.05525
Faltec Europe Ltd,38.0,6.0,212.08,2025-03-20 16:30:30+00:00,0.036,0.02775,0.0405,0.047
Faltec Europe Ltd,38.0,6.0,212.08,2025-03-20 16:45:30+00:00,0.028,0.0205,0.03275,0.037
Faltec Europe Ltd,38.0,6.0,212.08,2025-03-20 17:00:30+00:00,0.0205,0.014,0.0255,0.027
Faltec Europe Ltd,38.0,6.0,212.08,2025-03-20 17:15:30+00:00,0.01375,0.009,0.0185,0.01825
Faltec Europe Ltd,38.0,6.0,212.08,2025-03-20 17:30:30+00:00,0.00875,0.0055,0.012,0.01125
Faltec Europe Ltd,38.0,6.0,212.08,2025-03-20 17:45:30+00:00,0.005,0.00325,0.00725,0.0055
Faltec Europe Ltd,38.0,6.0,212.08,2025-03-20 18:00:30+00:00,0.00125,0.00075,0.00175,0.00125
Faltec Europe Ltd,38.0,6.0,212.08,2025-03-20 18:15:30+00:00,0.0,0.0,0.0,0.0
Faltec Europe Ltd,38.0,6.0,212.08,2025-03-20 18:30:30+00:00,0.0,0.0,0.0,0.0
Faltec Europe Ltd,38.0,6.0,212.08,2025-03-20 18:45:30+00:00,0.0,0.0,0.0,0.0
Faltec Europe Ltd,38.0,6.0,212.08,2025-03-20 19:00:30+00:00,0.0,0.0,0.0,0.0
Faltec Europe Ltd,38.0,6.0,212.08,2025-03-20 19:15:30+00:00,0.0,0.0,0.0,0.0
Faltec Europe Ltd,38.0,6.0,212.08,2025-03-20 19:30:30+00:00,0.0,0.0,0.0,0.0
Faltec Europe Ltd,38.0,6.0,212.08,2025-03-20 19:45:30+00:00,0.0,0.0,0.0,0.0
Faltec Europe Ltd,38.0,6.0,212.08,2025-03-20 20:00:30+00:00,0.0,0.0,0.0,0.0
Faltec Europe Ltd,38.0,6.0,212.08,2025-03-20 20:15:30+00:00,0.0,0.0,0.0,0.0
Faltec Europe Ltd,38.0,6.0,212.08,2025-03-20 20:30:30+00:00,0.0,0.0,0.0,0.0
Faltec Europe Ltd,38.0,6.0,212.08,2025-03-20 20:45:30+00:00,0.0,0.0,0.0,0.0
Faltec Europe Ltd,38.0,6.0,212.08,2025-03-20 21:00:30+00:00,0.0,0.0,0.0,0.0
Faltec Europe Ltd,38.0,6.0,212.08,2025-03-20 21:15:30+00:00,0.0,0.0,0.0,0.0
Faltec Europe Ltd,38.0,6.0,212.08,2025-03-20 21:30:30+00:00,0.0,0.0,0.0,0.0
Faltec Europe Ltd,38.0,6.0,212.08,2025-03-20 21:45:30+00:00,0.0,0.0,0.0,0.0
Faltec Europe Ltd,38.0,6.0,212.08,2025-03-20 22:00:30+00:00,0.0,0.0,0.0,0.0
Faltec Europe Ltd,38.0,6.0,212.08,2025-03-20 22:15:30+00:00,0.0,0.0,0.0,0.0
Faltec Europe Ltd,38.0,6.0,212.08,2025-03-20 22:30:30+00:00,0.0,0.0,0.0,0.0
Faltec Europe Ltd,38.0,6.0,212.08,2025-03-20 22:45:30+00:00,0.0,0.0,0.0,0.0
Faltec Europe Ltd,38.0,6.0,212.08,2025-03-20 23:00:30+00:00,0.0,0.0,0.0,0.0
Faltec Europe Ltd,38.0,6.0,212.08,2025-03-20 23:15:30+00:00,0.0,0.0,0.0,0.0
Faltec Europe Ltd,38.0,6.0,212.08,2025-03-20 23:30:30+00:00,0.0,0.0,0.0,0.0
Faltec Europe Ltd,38.0,6.0,212.08,2025-03-20 23:45:30+00:00,0.0,0.0,0.0,0.0
Faltec Europe Ltd,38.0,6.0,212.08,2025-03-21 00:00:30+00:00,0.0,0.0,0.0,0.0
Faltec Europe Ltd,38.0,6.0,212.08,2025-03-21 00:15:30+00:00,0.0,0.0,0.0,0.0
Faltec Europe Ltd,38.0,6.0,212.08,2025-03-21 00:30:30+00:00,0.0,0.0,0.0,0.0
Faltec Europe Ltd,38.0,6.0,212.08,2025-03-21 00:45:30+00:00,0.0,0.0,0.0,0.0
Faltec Europe Ltd,38.0,6.0,212.08,2025-03-21 01:00:30+00:00,0.0,0.0,0.0,0.0
Faltec Europe Ltd,38.0,6.0,212.08,2025-03-21 01:15:30+00:00,0.0,0.0,0.0,0.0
Faltec Europe Ltd,38.0,6.0,212.08,2025-03-21 01:30:30+00:00,0.0,0.0,0.0,0.0
Faltec Europe Ltd,38.0,6.0,212.08,2025-03-21 01:45:30+00:00,0.0,0.0,0.0,0.0
Faltec Europe Ltd,38.0,6.0,212.08,2025-03-21 02:00:30+00:00,0.0,0.0,0.0,0.0
Faltec Europe Ltd,38.0,6.0,212.08,2025-03-21 02:15:30+00:00,0.0,0.0,0.0,0.0
Faltec Europe Ltd,38.0,6.0,212.08,2025-03-21 02:30:30+00:00,0.0,0.0,0.0,0.0
Faltec Europe Ltd,38.0,6.0,212.08,2025-03-21 02:45:30+00:00,0.0,0.0,0.0,0.0
Faltec Europe Ltd,38.0,6.0,212.08,2025-03-21 03:00:30+00:00,0.0,0.0,0.0,0.0
Faltec Europe Ltd,38.0,6.0,212.08,2025-03-21 03:15:30+00:00,0.0,0.0,0.0,0.0
Faltec Europe Ltd,38.0,6.0,212.08,2025-03-21 03:30:30+00:00,0.0,0.0,0.0,0.0
Faltec Europe Ltd,38.0,6.0,212.08,2025-03-21 03:45:30+00:00,0.0,0.0,0.0,0.0
Faltec Europe Ltd,38.0,6.0,212.08,2025-03-21 04:00:30+00:00,0.0,0.0,0.0,0.0
Faltec Europe Ltd,38.0,6.0,212.08,2025-03-21 04:15:30+00:00,0.0,0.0,0.0,0.0
Faltec Europe Ltd,38.0,6.0,212.08,2025-03-21 04:30:30+00:00,0.0,0.0,0.0,0.0
Faltec Europe Ltd,38.0,6.0,212.08,2025-03-21 04:45:30+00:00,0.0,0.0,0.0,0.0
Faltec Europe Ltd,38.0,6.0,212.08,2025-03-21 05:00:30+00:00,0.0,0.0,0.0,0.0
Faltec Europe Ltd,38.0,6.0,212.08,2025-03-21 05:15:30+00:00,0.0,0.0,0.0,0.0
Faltec Europe Ltd,38.0,6.0,212.08,2025-03-21 05:30:30+00:00,0.0,0.0,0.0,0.0
Faltec Europe Ltd,38.0,6.0,212.08,2025-03-21 05:45:30+00:00,0.0,0.0,0.0,0.0
Faltec Europe Ltd,38.0,6.0,212.08,2025-03-21 06:00:30+00:00,0.0,0.0,0.0,0.0
Faltec Europe Ltd,38.0,6.0,212.08,2025-03-21 06:15:30+00:00,0.0015,0.001,0.00275,0.0015
Faltec Europe Ltd,38.0,6.0,212.08,2025-03-21 06:30:30+00:00,0.0045,0.00225,0.0075,0.00475
Faltec Europe Ltd,38.0,6.0,212.08,2025-03-21 06:45:30+00:00,0.00875,0.0035,0.015,0.0085
Faltec Europe Ltd,38.0,6.0,212.08,2025-03-21 07:00:30+00:00,0.0145,0.0055,0.025,0.014
Faltec Europe Ltd,38.0,6.0,212.08,2025-03-21 07:15:30+00:00,0.0225,0.0115,0.03525,0.0215
Faltec Europe Ltd,38.0,6.0,212.08,2025-03-21 07:30:30+00:00,0.03875,0.021,0.04575,0.03625
Faltec Europe Ltd,38.0,6.0,212.08,2025-03-21 07:45:30+00:00,0.0475,0.02975,0.05525,0.04475
Faltec Europe Ltd,38.0,6.0,212.08,2025-03-21 08:00:30+00:00,0.0465,0.0355,0.06325,0.045
Faltec Europe Ltd,38.0,6.0,212.08,2025-03-21 08:15:30+00:00,0.0545,0.04375,0.0705,0.05325
Faltec Europe Ltd,38.0,6.0,212.08,2025-03-21 08:30:30+00:00,0.07,0.05375,0.08125,0.0685
Faltec Europe Ltd,38.0,6.0,212.08,2025-03-21 08:45:30+00:00,0.07725,0.06275,0.0875,0.07675
Faltec Europe Ltd,38.0,6.0,212.08,2025-03-21 09:00:30+00:00,0.078,0.07075,0.0925,0.078
Faltec Europe Ltd,38.0,6.0,212.08,2025-03-21 09:15:30+00:00,0.0895,0.0755,0.09525,0.0905
Faltec Europe Ltd,38.0,6.0,212.08,2025-03-21 09:30:30+00:00,0.08875,0.07825,0.1035,0.09025
Faltec Europe Ltd,38.0,6.0,212.08,2025-03-21 09:45:30+00:00,0.09425,0.08025,0.1075,0.09675
Faltec Europe Ltd,38.0,6.0,212.08,2025-03-21 10:00:30+00:00,0.09875,0.081,0.1105,0.10175
Faltec Europe Ltd,38.0,6.0,212.08,2025-03-21 10:15:30+00:00,0.09425,0.083,0.11,0.0975
Faltec Europe Ltd,38.0,6.0,212.08,2025-03-21 10:30:30+00:00,0.0965,0.08525,0.1095,0.1005
Faltec Europe Ltd,38.0,6.0,212.08,2025-03-21 10:45:30+00:00,0.10125,0.08925,0.11275,0.106
Faltec Europe Ltd,38.0,6.0,212.08,2025-03-21 11:00:30+00:00,0.10525,0.0885,0.1205,0.11125
Faltec Europe Ltd,38.0,6.0,212.08,2025-03-21 11:15:30+00:00,0.107,0.082,0.12625,0.1135
Faltec Europe Ltd,38.0,6.0,212.08,2025-03-21 11:30:30+00:00,0.1005,0.071,0.1255,0.1065
Faltec Europe Ltd,38.0,6.0,212.08,2025-03-21 11:45:30+00:00,0.087,0.07175,0.126,0.09175
Faltec Europe Ltd,38.0,6.0,212.08,2025-03-21 12:00:30+00:00,0.10675,0.0605,0.13275,0.1145
Faltec Europe Ltd,38.0,6.0,212.08,2025-03-21 12:15:30+00:00,0.097,0.051,0.14175,0.1035
Faltec Europe Ltd,38.0,6.0,212.08,2025-03-21 12:30:30+00:00,0.0855,0.028,0.13175,0.0905
Faltec Europe Ltd,38.0,6.0,212.08,2025-03-21 12:45:30+00:00,0.0565,0.02675,0.118,0.05875
Faltec Europe Ltd,38.0,6.0,212.08,2025-03-21 13:00:30+00:00,0.07175,0.03275,0.1075,0.07575
Faltec Europe Ltd,38.0,6.0,212.08,2025-03-21 13:15:30+00:00,0.08175,0.04525,0.10875,0.087
Faltec Europe Ltd,38.0,6.0,212.08,2025-03-21 13:30:30+00:00,0.07775,0.042,0.10875,0.08275
Faltec Europe Ltd,38.0,6.0,212.08,2025-03-21 13:45:30+00:00,0.0665,0.02975,0.10125,0.0705
Faltec Europe Ltd,38.0,6.0,212.08,2025-03-21 14:00:30+00:00,0.05225,0.016,0.091,0.05425
Faltec Europe Ltd,38.0,6.0,212.08,2025-03-21 14:15:30+00:00,0.04,0.01075,0.07475,0.041
Faltec Europe Ltd,38.0,6.0,212.08,2025-03-21 14:30:30+00:00,0.035,0.01175,0.05925,0.03575
Faltec Europe Ltd,38.0,6.0,212.08,2025-03-21 14:45:30+00:00,0.031,0.01375,0.0475,0.0315
Faltec Europe Ltd,38.0,6.0,212.08,2025-03-21 15:00:30+00:00,0.026,0.01375,0.039,0.02625
Faltec Europe Ltd,38.0,6.0,212.08,2025-03-21 15:15:30+00:00,0.022,0.01275,0.03375,0.02225
Faltec Europe Ltd,38.0,6.0,212.08,2025-03-21 15:30:30+00:00,0.0215,0.01175,0.03075,0.02175
Faltec Europe Ltd,38.0,6.0,212.08,2025-03-21 15:45:30+00:00,0.02025,0.01025,0.0285,0.0205
Faltec Europe Ltd,38.0,6.0,212.08,2025-03-21 16:00:30+00:00,0.0165,0.00625,0.02725,0.01675
Faltec Europe Ltd,38.0,6.0,212.08,2025-03-21 16:15:30+00:00,0.01325,0.00425,0.02575,0.01325
Faltec Europe Ltd,38.0,6.0,212.08,2025-03-21 16:30:30+00:00,0.0135,0.00375,0.02525,0.01375
Faltec Europe Ltd,38.0,6.0,212.08,2025-03-21 16:45:30+00:00,0.0145,0.00325,0.02225,0.01475
Faltec Europe Ltd,38.0,6.0,212.08,2025-03-21 17:00:30+00:00,0.0105,0.00275,0.01825,0.0105
Faltec Europe Ltd,38.0,6.0,212.08,2025-03-21 17:15:30+00:00,0.00675,0.00175,0.01325,0.00675
Faltec Europe Ltd,38.0,6.0,212.08,2025-03-21 17:30:30+00:00,0.005,0.001,0.009,0.00525
Faltec Europe Ltd,38.0,6.0,212.08,2025-03-21 17:45:30+00:00,0.00275,0.0005,0.00525,0.00275
Faltec Europe Ltd,38.0,6.0,212.08,2025-03-21 18:00:30+00:00,0.00075,0.00025,0.002,0.00075
Faltec Europe Ltd,38.0,6.0,212.08,2025-03-21 18:15:30+00:00,0.0,0.0,0.0,0.0
Faltec Europe Ltd,38.0,6.0,212.08,2025-03-21 18:30:30+00:00,0.0,0.0,0.0,0.0
Faltec Europe Ltd,38.0,6.0,212.08,2025-03-21 18:45:30+00:00,0.0,0.0,0.0,0.0
Faltec Europe Ltd,38.0,6.0,212.08,2025-03-21 19:00:30+00:00,0.0,0.0,0.0,0.0
Faltec Europe Ltd,38.0,6.0,212.08,2025-03-21 19:15:30+00:00,0.0,0.0,0.0,0.0
Faltec Europe Ltd,38.0,6.0,212.08,2025-03-21 19:30:30+00:00,0.0,0.0,0.0,0.0
Faltec Europe Ltd,38.0,6.0,212.08,2025-03-21 19:45:30+00:00,0.0,0.0,0.0,0.0
Faltec Europe Ltd,38.0,6.0,212.08,2025-03-21 20:00:30+00:00,0.0,0.0,0.0,0.0
Faltec Europe Ltd,38.0,6.0,212.08,2025-03-21 20:15:30+00:00,0.0,0.0,0.0,0.0
Faltec Europe Ltd,38.0,6.0,212.08,2025-03-21 20:30:30+00:00,0.0,0.0,0.0,0.0
Faltec Europe Ltd,38.0,6.0,212.08,2025-03-21 20:45:30+00:00,0.0,0.0,0.0,0.0
Faltec Europe Ltd,38.0,6.0,212.08,2025-03-21 21:00:30+00:00,0.0,0.0,0.0,0.0
Faltec Europe Ltd,38.0,6.0,212.08,2025-03-21 21:15:30+00:00,0.0,0.0,0.0,0.0
Faltec Europe Ltd,38.0,6.0,212.08,2025-03-21 21:30:30+00:00,0.0,0.0,0.0,0.0
Faltec Europe Ltd,38.0,6.0,212.08,2025-03-21 21:45:30+00:00,0.0,0.0,0.0,0.0
Faltec Europe Ltd,38.0,6.0,212.08,2025-03-21 22:00:30+00:00,0.0,0.0,0.0,0.0
Faltec Europe Ltd,38.0,6.0,212.08,2025-03-21 22:15:30+00:00,0.0,0.0,0.0,0.0
Faltec Europe Ltd,38.0,6.0,212.08,2025-03-21 22:30:30+00:00,0.0,0.0,0.0,0.0
Faltec Europe Ltd,38.0,6.0,212.08,2025-03-21 22:45:30+00:00,0.0,0.0,0.0,0.0
Faltec Europe Ltd,38.0,6.0,212.08,2025-03-21 23:00:30+00:00,0.0,0.0,0.0,0.0
Faltec Europe Ltd,38.0,6.0,212.08,2025-03-21 23:15:30+00:00,0.0,0.0,0.0,0.0
Faltec Europe Ltd,38.0,6.0,212.08,2025-03-21 23:30:30+00:00,0.0,0.0,0.0,0.0
Faltec Europe Ltd,38.0,6.0,212.08,2025-03-21 23:45:30+00:00,0.0,0.0,0.0,0.0
Faltec Europe Ltd,38.0,6.0,212.08,2025-03-22 00:00:30+00:00,0.0,0.0,0.0,0.0
Faltec Europe Ltd,38.0,6.0,212.08,2025-03-22 00:15:30+00:00,0.0,0.0,0.0,0.0
Faltec Europe Ltd,38.0,6.0,212.08,2025-03-22 00:30:30+00:00,0.0,0.0,0.0,0.0
Faltec Europe Ltd,38.0,6.0,212.08,2025-03-22 00:45:30+00:00,0.0,0.0,0.0,0.0
Faltec Europe Ltd,38.0,6.0,212.08,2025-03-22 01:00:30+00:00,0.0,0.0,0.0,0.0
Faltec Europe Ltd,38.0,6.0,212.08,2025-03-22 01:15:30+00:00,0.0,0.0,0.0,0.0
Faltec Europe Ltd,38.0,6.0,212.08,2025-03-22 01:30:30+00:00,0.0,0.0,0.0,0.0
Faltec Europe Ltd,38.0,6.0,212.08,2025-03-22 01:45:30+00:00,0.0,0.0,0.0,0.0
Faltec Europe Ltd,38.0,6.0,212.08,2025-03-22 02:00:30+00:00,0.0,0.0,0.0,0.0
Faltec Europe Ltd,38.0,6.0,212.08,2025-03-22 02:15:30+00:00,0.0,0.0,0.0,0.0
Faltec Europe Ltd,38.0,6.0,212.08,2025-03-22 02:30:30+00:00,0.0,0.0,0.0,0.0
Faltec Europe Ltd,38.0,6.0,212.08,2025-03-22 02:45:30+00:00,0.0,0.0,0.0,0.0
Faltec Europe Ltd,38.0,6.0,212.08,2025-03-22 03:00:30+00:00,0.0,0.0,0.0,0.0
Faltec Europe Ltd,38.0,6.0,212.08,2025-03-22 03:15:30+00:00,0.0,0.0,0.0,0.0
Faltec Europe Ltd,38.0,6.0,212.08,2025-03-22 03:30:30+00:00,0.0,0.0,0.0,0.0
Faltec Europe Ltd,38.0,6.0,212.08,2025-03-22 03:45:30+00:00,0.0,0.0,0.0,0.0
Faltec Europe Ltd,38.0,6.0,212.08,2025-03-22 04:00:30+00:00,0.0,0.0,0.0,0.0
Faltec Europe Ltd,38.0,6.0,212.08,2025-03-22 04:15:30+00:00,0.0,0.0,0.0,0.0
Faltec Europe Ltd,38.0,6.0,212.08,2025-03-22 04:30:30+00:00,0.0,0.0,0.0,0.0
Faltec Europe Ltd,38.0,6.0,212.08,2025-03-22 04:45:30+00:00,0.0,0.0,0.0,0.0
Faltec Europe Ltd,38.0,6.0,212.08,2025-03-22 05:00:30+00:00,0.0,0.0,0.0,0.0
Faltec Europe Ltd,38.0,6.0,212.08,2025-03-22 05:15:30+00:00,0.0,0.0,0.0,0.0
Faltec Europe Ltd,38.0,6.0,212.08,2025-03-22 05:30:30+00:00,0.0,0.0,0.0,0.0
Faltec Europe Ltd,38.0,6.0,212.08,2025-03-22 05:45:30+00:00,0.0,0.0,0.0,0.0
Faltec Europe Ltd,38.0,6.0,212.08,2025-03-22 06:00:30+00:00,0.0,0.0,0.0,0.0
Faltec Europe Ltd,38.0,6.0,212.08,2025-03-22 06:15:30+00:00,0.001,0.00025,0.00275,0.001
Faltec Europe Ltd,38.0,6.0,212.08,2025-03-22 06:30:30+00:00,0.003,0.0005,0.0065,0.00325
Faltec Europe Ltd,38.0,6.0,212.08,2025-03-22 06:45:30+00:00,0.00575,0.00225,0.01325,0.00575
Faltec Europe Ltd,38.0,6.0,212.08,2025-03-22 07:00:30+00:00,0.01525,0.00375,0.0205,0.0145
Faltec Europe Ltd,38.0,6.0,212.08,2025-03-22 07:15:30+00:00,0.015,0.006,0.03025,0.01475
Faltec Europe Ltd,38.0,6.0,212.08,2025-03-22 07:30:30+00:00,0.025,0.005,0.037,0.0245
Faltec Europe Ltd,38.0,6.0,212.08,2025-03-22 07:45:30+00:00,0.0195,0.00375,0.0415,0.01925
Faltec Europe Ltd,38.0,6.0,212.08,2025-03-22 08:00:30+00:00,0.01475,0.004,0.03725,0.015
Faltec Europe Ltd,38.0,6.0,212.08,2025-03-22 08:15:30+00:00,0.01425,0.00475,0.0325,0.01425
Faltec Europe Ltd,38.0,6.0,212.08,2025-03-22 08:30:30+00:00,0.01525,0.00525,0.03075,0.01525
Faltec Europe Ltd,38.0,6.0,212.08,2025-03-22 08:45:30+00:00,0.02175,0.006,0.0305,0.022
Faltec Europe Ltd,38.0,6.0,212.08,2025-03-22 09:00:30+00:00,0.015,0.0065,0.03225,0.015
Faltec Europe Ltd,38.0,6.0,212.08,2025-03-22 09:15:30+00:00,0.015,0.007,0.03625,0.015
Faltec Europe Ltd,38.0,6.0,212.08,2025-03-22 09:30:30+00:00,0.025,0.00775,0.0465,0.02525
Faltec Europe Ltd,38.0,6.0,212.08,2025-03-22 09:45:30+00:00,0.03225,0.008,0.0585,0.0325
Faltec Europe Ltd,38.0,6.0,212.08,2025-03-22 10:00:30+00:00,0.03725,0.0085,0.06925,0.0375
Faltec Europe Ltd,38.0,6.0,212.08,2025-03-22 10:15:30+00:00,0.04575,0.0165,0.079,0.0465
Faltec Europe Ltd,38.0,6.0,212.08,2025-03-22 10:30:30+00:00,0.0595,0.02925,0.087,0.06075
Faltec Europe Ltd,38.0,6.0,212.08,2025-03-22 10:45:30+00:00,0.06825,0.04025,0.09,0.07
Faltec Europe Ltd,38.0,6.0,212.08,2025-03-22 11:00:30+00:00,0.0675,0.04275,0.09,0.06925
Faltec Europe Ltd,38.0,6.0,212.08,2025-03-22 11:15:30+00:00,0.06275,0.0375,0.087,0.06425
Faltec Europe Ltd,38.0,6.0,212.08,2025-03-22 11:30:30+00:00,0.05625,0.031,0.08325,0.05725
Faltec Europe Ltd,38.0,6.0,212.08,2025-03-22 11:45:30+00:00,0.052,0.02825,0.0765,0.053
Faltec Europe Ltd,38.0,6.0,212.08,2025-03-22 12:00:30+00:00,0.0485,0.02725,0.07025,0.0495
Faltec Europe Ltd,38.0,6.0,212.08,2025-03-22 12:15:30+00:00,0.04525,0.0255,0.06575,0.04625
Faltec Europe Ltd,38.0,6.0,212.08,2025-03-22 12:30:30+00:00,0.04275,0.02275,0.06125,0.0435
Faltec Europe Ltd,38.0,6.0,212.08,2025-03-22 12:45:30+00:00,0.03775,0.02025,0.056,0.0385
Faltec Europe Ltd,38.0,6.0,212.08,2025-03-22 13:00:30+00:00,0.0335,0.01975,0.05,0.034
Faltec Europe Ltd,38.0,6.0,212.08,2025-03-22 13:15:30+00:00,0.033,0.02075,0.047,0.0335
Faltec Europe Ltd,38.0,6.0,212.08,2025-03-22 13:30:30+00:00,0.03475,0.0225,0.0455,0.0355
Faltec Europe Ltd,38.0,6.0,212.08,2025-03-22 13:45:30+00:00,0.03375,0.0225,0.0445,0.0345
Faltec Europe Ltd,38.0,6.0,212.08,2025-03-22 14:00:30+00:00,0.0315,0.021,0.043,0.032
Faltec Europe Ltd,38.0,6.0,212.08,2025-03-22 14:15:30+00:00,0.03075,0.0195,0.043,0.03125
Faltec Europe Ltd,38.0,6.0,212.08,2025-03-22 14:30:30+00:00,0.03125,0.019,0.043,0.03175
Faltec Europe Ltd,38.0,6.0,212.08,2025-03-22 14:45:30+00:00,0.031,0.02,0.04225,0.0315
Faltec Europe Ltd,38.0,6.0,212.08,2025-03-22 15:00:30+00:00,0.03125,0.0185,0.04225,0.032
Faltec Europe Ltd,38.0,6.0,212.08,2025-03-22 15:15:30+00:00,0.02875,0.0145,0.041,0.02925
Faltec Europe Ltd,38.0,6.0,212.08,2025-03-22 15:30:30+00:00,0.023,0.007,0.03725,0.0235
Faltec Europe Ltd,38.0,6.0,212.08,2025-03-22 15:45:30+00:00,0.01425,0.00525,0.03025,0.0145
Faltec Europe Ltd,38.0,6.0,212.08,2025-03-22 16:00:30+00:00,0.011,0.0045,0.02425,0.01125
Faltec Europe Ltd,38.0,6.0,212.08,2025-03-22 16:15:30+00:00,0.012,0.004,0.021,0.012
Faltec Europe Ltd,38.0,6.0,212.08,2025-03-22 16:30:30+00:00,0.011,0.00325,0.0185,0.011
Faltec Europe Ltd,38.0,6.0,212.08,2025-03-22 16:45:30+00:00,0.0075,0.00275,0.016,0.00775
Faltec Europe Ltd,38.0,6.0,212.08,2025-03-22 17:00:30+00:00,0.006,0.002,0.01325,0.00625
Faltec Europe Ltd,38.0,6.0,212.08,2025-03-22 17:15:30+00:00,0.006,0.0015,0.011,0.006
Faltec Europe Ltd,38.0,6.0,212.08,2025-03-22 17:30:30+00:00,0.00425,0.001,0.008,0.00425
Faltec Europe Ltd,38.0,6.0,212.08,2025-03-22 17:45:30+00:00,0.00225,0.0005,0.0045,0.00225
Faltec Europe Ltd,38.0,6.0,212.08,2025-03-22 18:00:30+00:00,0.0005,0.00025,0.00175,0.0005
Faltec Europe Ltd,38.0,6.0,212.08,2025-03-22 18:15:30+00:00,0.0,0.0,0.00025,0.0
Faltec Europe Ltd,38.0,6.0,212.08,2025-03-22 18:30:30+00:00,0.0,0.0,0.0,0.0
Faltec Europe Ltd,38.0,6.0,212.08,2025-03-22 18:45:30+00:00,0.0,0.0,0.0,0.0
Faltec Europe Ltd,38.0,6.0,212.08,2025-03-22 19:00:30+00:00,0.0,0.0,0.0,0.0
Faltec Europe Ltd,38.0,6.0,212.08,2025-03-22 19:15:30+00:00,0.0,0.0,0.0,0.0
Faltec Europe Ltd,38.0,6.0,212.08,2025-03-22 19:30:30+00:00,0.0,0.0,0.0,0.0
Faltec Europe Ltd,38.0,6.0,212.08,2025-03-22 19:45:30+00:00,0.0,0.0,0.0,0.0
Faltec Europe Ltd,38.0,6.0,212.08,2025-03-22 20:00:30+00:00,0.0,0.0,0.0,0.0
Faltec Europe Ltd,38.0,6.0,212.08,2025-03-22 20:15:30+00:00,0.0,0.0,0.0,0.0
Faltec Europe Ltd,38.0,6.0,212.08,2025-03-22 20:30:30+00:00,0.0,0.0,0.0,0.0
Faltec Europe Ltd,38.0,6.0,212.08,2025-03-22 20:45:30+00:00,0.0,0.0,0.0,0.0
Faltec Europe Ltd,38.0,6.0,212.08,2025-03-22 21:00:30+00:00,0.0,0.0,0.0,0.0
Faltec Europe Ltd,38.0,6.0,212.08,2025-03-22 21:15:30+00:00,0.0,0.0,0.0,0.0
Faltec Europe Ltd,38.0,6.0,212.08,2025-03-22 21:30:30+00:00,0.0,0.0,0.0,0.0
Faltec Europe Ltd,38.0,6.0,212.08,2025-03-22 21:45:30+00:00,0.0,0.0,0.0,0.0
Faltec Europe Ltd,38.0,6.0,212.08,2025-03-22 22:00:30+00:00,0.0,0.0,0.0,0.0
Faltec Europe Ltd,38.0,6.0,212.08,2025-03-22 22:15:30+00:00,0.0,0.0,0.0,0.0
Faltec Europe Ltd,38.0,6.0,212.08,2025-03-22 22:30:30+00:00,0.0,0.0,0.0,0.0
Faltec Europe Ltd,38.0,6.0,212.08,2025-03-22 22:45:30+00:00,0.0,0.0,0.0,0.0
Faltec Europe Ltd,38.0,6.0,212.08,2025-03-22 23:00:30+00:00,0.0,0.0,0.0,0.0
Faltec Europe Ltd,38.0,6.0,212.08,2025-03-22 23:15:30+00:00,0.0,0.0,0.0,0.0
Faltec Europe Ltd,38.0,6.0,212.08,2025-03-22 23:30:30+00:00,0.0,0.0,0.0,0.0
Faltec Europe Ltd,38.0,6.0,212.08,2025-03-22 23:45:30+00:00,0.0,0.0,0.0,0.0
Faltec Europe Ltd,38.0,6.0,212.08,2025-03-23 00:00:30+00:00,0.0,0.0,0.0,0.0
Faltec Europe Ltd,38.0,6.0,212.08,2025-03-23 00:15:30+00:00,0.0,0.0,0.0,0.0
Faltec Europe Ltd,38.0,6.0,212.08,2025-03-23 00:30:30+00:00,0.0,0.0,0.0,0.0
Faltec Europe Ltd,38.0,6.0,212.08,2025-03-23 00:45:30+00:00,0.0,0.0,0.0,0.0
Faltec Europe Ltd,38.0,6.0,212.08,2025-03-23 01:00:30+00:00,0.0,0.0,0.0,0.0
Faltec Europe Ltd,38.0,6.0,212.08,2025-03-23 01:15:30+00:00,0.0,0.0,0.0,0.0
Faltec Europe Ltd,38.0,6.0,212.08,2025-03-23 01:30:30+00:00,0.0,0.0,0.0,0.0
Faltec Europe Ltd,38.0,6.0,212.08,2025-03-23 01:45:30+00:00,0.0,0.0,0.0,0.0
Faltec Europe Ltd,38.0,6.0,212.08,2025-03-23 02:00:30+00:00,0.0,0.0,0.0,0.0
Faltec Europe Ltd,38.0,6.0,212.08,2025-03-23 02:15:30+00:00,0.0,0.0,0.0,0.0
Faltec Europe Ltd,38.0,6.0,212.08,2025-03-23 02:30:30+00:00,0.0,0.0,0.0,0.0
Faltec Europe Ltd,38.0,6.0,212.08,2025-03-23 02:45:30+00:00,0.0,0.0,0.0,0.0
Faltec Europe Ltd,38.0,6.0,212.08,2025-03-23 03:00:30+00:00,0.0,0.0,0.0,0.0
Faltec Europe Ltd,38.0,6.0,212.08,2025-03-23 03:15:30+00:00,0.0,0.0,0.0,0.0
Faltec Europe Ltd,38.0,6.0,212.08,2025-03-23 03:30:30+00:00,0.0,0.0,0.0,0.0
Faltec Europe Ltd,38.0,6.0,212.08,2025-03-23 03:45:30+00:00,0.0,0.0,0.0,0.0
Faltec Europe Ltd,38.0,6.0,212.08,2025-03-23 04:00:30+00:00,0.0,0.0,0.0,0.0
Faltec Europe Ltd,38.0,6.0,212.08,2025-03-23 04:15:30+00:00,0.0,0.0,0.0,0.0
Faltec Europe Ltd,38.0,6.0,212.08,2025-03-23 04:30:30+00:00,0.0,0.0,0.0,0.0
Faltec Europe Ltd,38.0,6.0,212.08,2025-03-23 04:45:30+00:00,0.0,0.0,0.0,0.0
Faltec Europe Ltd,38.0,6.0,212.08,2025-03-23 05:00:30+00:00,0.0,0.0,0.0,0.0
Faltec Europe Ltd,38.0,6.0,212.08,2025-03-23 05:15:30+00:00,0.0,0.0,0.0,0.0
Faltec Europe Ltd,38.0,6.0,212.08,2025-03-23 05:30:30+00:00,0.0,0.0,0.0,0.0
Faltec Europe Ltd,38.0,6.0,212.08,2025-03-23 05:45:30+00:00,0.0,0.0,0.0,0.0
Faltec Europe Ltd,38.0,6.0,212.08,2025-03-23 06:00:30+00:00,0.0,0.0,0.00025,0.0
Faltec Europe Ltd,38.0,6.0,212.08,2025-03-23 06:15:30+00:00,0.001,0.00025,0.0025,0.001
Faltec Europe Ltd,38.0,6.0,212.08,2025-03-23 06:30:30+00:00,0.00275,0.0005,0.00625,0.00275
Faltec Europe Ltd,38.0,6.0,212.08,2025-03-23 06:45:30+00:00,0.006,0.00125,0.0115,0.00625
Faltec Europe Ltd,38.0,6.0,212.08,2025-03-23 07:00:30+00:00,0.01025,0.0045,0.018,0.01025
Faltec Europe Ltd,38.0,6.0,212.08,2025-03-23 07:15:30+00:00,0.0175,0.00875,0.0245,0.01725
Faltec Europe Ltd,38.0,6.0,212.08,2025-03-23 07:30:30+00:00,0.02225,0.013,0.03,0.022
Faltec Europe Ltd,38.0,6.0,212.08,2025-03-23 07:45:30+00:00,0.0245,0.015,0.03475,0.0245
Faltec Europe Ltd,38.0,6.0,212.08,2025-03-23 08:00:30+00:00,0.028,0.01675,0.03775,0.028
Faltec Europe Ltd,38.0,6.0,212.08,2025-03-23 08:15:30+00:00,0.029,0.01825,0.03975,0.029
Faltec Europe Ltd,38.0,6.0,212.08,2025-03-23 08:30:30+00:00,0.03025,0.021,0.04075,0.03025
Faltec Europe Ltd,38.0,6.0,212.08,2025-03-23 08:45:30+00:00,0.0335,0.02325,0.04525,0.03375
Faltec Europe Ltd,38.0,6.0,212.08,2025-03-23 09:00:30+00:00,0.039,0.0225,0.0505,0.03925
Faltec Europe Ltd,38.0,6.0,212.08,2025-03-23 09:15:30+00:00,0.037,0.01825,0.0545,0.03725
Faltec Europe Ltd,38.0,6.0,212.08,2025-03-23 09:30:30+00:00,0.033,0.014,0.05325,0.0335
Faltec Europe Ltd,38.0,6.0,212.08,2025-03-23 09:45:30+00:00,0.0305,0.01375,0.0495,0.03075
Faltec Europe Ltd,38.0,6.0,212.08,2025-03-23 10:00:30+00:00,0.031,0.01675,0.0455,0.03125
Faltec Europe Ltd,38.0,6.0,212.08,2025-03-23 10:15:30+00:00,0.0315,0.0195,0.04375,0.032
Faltec Europe Ltd,38.0,6.0,212.08,2025-03-23 10:30:30+00:00,0.03225,0.0205,0.04375,0.03275
Faltec Europe Ltd,38.0,6.0,212.08,2025-03-23 10:45:30+00:00,0.03225,0.01975,0.04425,0.0325
Faltec Europe Ltd,38.0,6.0,212.08,2025-03-23 11:00:30+00:00,0.0315,0.019,0.0445,0.03175
Faltec Europe Ltd,38.0,6.0,212.08,2025-03-23 11:15:30+00:00,0.0315,0.0185,0.044,0.03175
Faltec Europe Ltd,38.0,6.0,212.08,2025-03-23 11:30:30+00:00,0.03075,0.01825,0.0435,0.031
Faltec Europe Ltd,38.0,6.0,212.08,2025-03-23 11:45:30+00:00,0.03025,0.01825,0.04275,0.0305
Faltec Europe Ltd,38.0,6.0,212.08,2025-03-23 12:00:30+00:00,0.0305,0.01775,0.0425,0.03075
Faltec Europe Ltd,38.0,6.0,212.08,2025-03-23 12:15:30+00:00,0.0295,0.0175,0.042,0.03
Faltec Europe Ltd,38.0,6.0,212.08,2025-03-23 12:30:30+00:00,0.02925,0.01675,0.04125,0.0295
Faltec Europe Ltd,38.0,6.0,212.08,2025-03-23 12:45:30+00:00,0.02825,0.01625,0.04025,0.0285
Faltec Europe Ltd,38.0,6.0,212.08,2025-03-23 13:00:30+00:00,0.027,0.0155,0.039,0.0275
Faltec Europe Ltd,38.0,6.0,212.08,2025-03-23 13:15:30+00:00,0.02625,0.015,0.038,0.0265
Faltec Europe Ltd,38.0,6.0,212.08,2025-03-23 13:30:30+00:00,0.026,0.01475,0.03725,0.02625
Faltec Europe Ltd,38.0,6.0,212.08,2025-03-23 13:45:30+00:00,0.0255,0.0135,0.0375,0.02575
Faltec Europe Ltd,38.0,6.0,212.08,2025-03-23 14:00:30+00:00,0.025,0.01175,0.03825,0.0255
Faltec Europe Ltd,38.0,6.0,212.08,2025-03-23 14:15:30+00:00,0.0245,0.01175,0.04,0.02475
Faltec Europe Ltd,38.0,6.0,212.08,2025-03-23 14:30:30+00:00,0.028,0.0135,0.0405,0.0285
Faltec Europe Ltd,38.0,6.0,212.08,2025-03-23 14:45:30+00:00,0.0285,0.0165,0.03875,0.029
Faltec Europe Ltd,38.0,6.0,212.08,2025-03-23 15:00:30+00:00,0.0265,0.017,0.03525,0.02675
Faltec Europe Ltd,38.0,6.0,212.08,2025-03-23 15:15:30+00:00,0.02325,0.016,0.0315,0.0235
Faltec Europe Ltd,38.0,6.0,212.08,2025-03-23 15:30:30+00:00,0.0215,0.014,0.0295,0.02175
Faltec Europe Ltd,38.0,6.0,212.08,2025-03-23 15:45:30+00:00,0.02025,0.01225,0.02825,0.0205
Faltec Europe Ltd,38.0,6.0,212.08,2025-03-23 16:00:30+00:00,0.01875,0.0105,0.0265,0.019
Faltec Europe Ltd,38.0,6.0,212.08,2025-03-23 16:15:30+00:00,0.0165,0.00875,0.0245,0.01675
Faltec Europe Ltd,38.0,6.0,212.08,2025-03-23 16:30:30+00:00,0.0145,0.00675,0.022,0.0145
Faltec Europe Ltd,38.0,6.0,212.08,2025-03-23 16:45:30+00:00,0.01225,0.005,0.0195,0.01225
Faltec Europe Ltd,38.0,6.0,212.08,2025-03-23 17:00:30+00:00,0.01,0.00375,0.0165,0.01025
Faltec Europe Ltd,38.0,6.0,212.08,2025-03-23 17:15:30+00:00,0.008,0.00275,0.01325,0.008
Faltec Europe Ltd,38.0,6.0,212.08,2025-03-23 17:30:30+00:00,0.00575,0.002,0.00925,0.00575
Faltec Europe Ltd,38.0,6.0,212.08,2025-03-23 17:45:30+00:00,0.003,0.001,0.0055,0.003
Faltec Europe Ltd,38.0,6.0,212.08,2025-03-23 18:00:30+00:00,0.001,0.0005,0.002,0.001
Faltec Europe Ltd,38.0,6.0,212.08,2025-03-23 18:15:30+00:00,0.0,0.0,0.00025,0.0
Faltec Europe Ltd,38.0,6.0,212.08,2025-03-23 18:30:30+00:00,0.0,0.0,0.0,0.0
Faltec Europe Ltd,38.0,6.0,212.08,2025-03-23 18:45:30+00:00,0.0,0.0,0.0,0.0
Faltec Europe Ltd,38.0,6.0,212.08,2025-03-23 19:00:30+00:00,0.0,0.0,0.0,0.0
Faltec Europe Ltd,38.0,6.0,212.08,2025-03-23 19:15:30+00:00,0.0,0.0,0.0,0.0
Faltec Europe Ltd,38.0,6.0,212.08,2025-03-23 19:30:30+00:00,0.0,0.0,0.0,0.0
Faltec Europe Ltd,38.0,6.0,212.08,2025-03-23 19:45:30+00:00,0.0,0.0,0.0,0.0
Faltec Europe Ltd,38.0,6.0,212.08,2025-03-23 20:00:30+00:00,0.0,0.0,0.0,0.0
Faltec Europe Ltd,38.0,6.0,212.08,2025-03-23 20:15:30+00:00,0.0,0.0,0.0,0.0
Faltec Europe Ltd,38.0,6.0,212.08,2025-03-23 20:30:30+00:00,0.0,0.0,0.0,0.0
Faltec Europe Ltd,38.0,6.0,212.08,2025-03-23 20:45:30+00:00,0.0,0.0,0.0,0.0
Faltec Europe Ltd,38.0,6.0,212.08,2025-03-23 21:00:30+00:00,0.0,0.0,0.0,0.0
Faltec Europe Ltd,38.0,6.0,212.08,2025-03-23 21:15:30+00:00,0.0,0.0,0.0,0.0
Faltec Europe Ltd,38.0,6.0,212.08,2025-03-23 21:30:30+00:00,0.0,0.0,0.0,0.0
Faltec Europe Ltd,38.0,6.0,212.08,2025-03-23 21:45:30+00:00,0.0,0.0,0.0,0.0
Faltec Europe Ltd,38.0,6.0,212.08,2025-03-23 22:00:30+00:00,0.0,0.0,0.0,0.0
Faltec Europe Ltd,38.0,6.0,212.08,2025-03-23 22:15:30+00:00,0.0,0.0,0.0,0.0
Faltec Europe Ltd,38.0,6.0,212.08,2025-03-23 22:30:30+00:00,0.0,0.0,0.0,0.0
Faltec Europe Ltd,38.0,6.0,212.08,2025-03-23 22:45:30+00:00,0.0,0.0,0.0,0.0
Faltec Europe Ltd,38.0,6.0,212.08,2025-03-23 23:00:30+00:00,0.0,0.0,0.0,0.0
Faltec Europe Ltd,38.0,6.0,212.08,2025-03-23 23:15:30+00:00,0.0,0.0,0.0,0.0
Faltec Europe Ltd,38.0,6.0,212.08,2025-03-23 23:30:30+00:00,0.0,0.0,0.0,0.0
Faltec Europe Ltd,38.0,6.0,212.08,2025-03-23 23:45:30+00:00,0.0,0.0,0.0,0.0
Faltec Europe Ltd,38.0,6.0,212.08,2025-03-24 00:00:30+00:00,0.0,0.0,0.0,0.0
Faltec Europe Ltd,38.0,6.0,212.08,2025-03-24 00:15:30+00:00,0.0,0.0,0.0,0.0
Faltec Europe Ltd,38.0,6.0,212.08,2025-03-24 00:30:30+00:00,0.0,0.0,0.0,0.0
Faltec Europe Ltd,38.0,6.0,212.08,2025-03-24 00:45:30+00:00,0.0,0.0,0.0,0.0
Faltec Europe Ltd,38.0,6.0,212.08,2025-03-24 01:00:30+00:00,0.0,0.0,0.0,0.0
Faltec Europe Ltd,38.0,6.0,212.08,2025-03-24 01:15:30+00:00,0.0,0.0,0.0,0.0
Faltec Europe Ltd,38.0,6.0,212.08,2025-03-24 01:30:30+00:00,0.0,0.0,0.0,0.0
Faltec Europe Ltd,38.0,6.0,212.08,2025-03-24 01:45:30+00:00,0.0,0.0,0.0,0.0
Faltec Europe Ltd,38.0,6.0,212.08,2025-03-24 02:00:30+00:00,0.0,0.0,0.0,0.0
Faltec Europe Ltd,38.0,6.0,212.08,2025-03-24 02:15:30+00:00,0.0,0.0,0.0,0.0
Faltec Europe Ltd,38.0,6.0,212.08,2025-03-24 02:30:30+00:00,0.0,0.0,0.0,0.0
Faltec Europe Ltd,38.0,6.0,212.08,2025-03-24 02:45:30+00:00,0.0,0.0,0.0,0.0
Faltec Europe Ltd,38.0,6.0,212.08,2025-03-24 03:00:30+00:00,0.0,0.0,0.0,0.0
Faltec Europe Ltd,38.0,6.0,212.08,2025-03-24 03:15:30+00:00,0.0,0.0,0.0,0.0
Faltec Europe Ltd,38.0,6.0,212.08,2025-03-24 03:30:30+00:00,0.0,0.0,0.0,0.0
Faltec Europe Ltd,38.0,6.0,212.08,2025-03-24 03:45:30+00:00,0.0,0.0,0.0,0.0
Faltec Europe Ltd,38.0,6.0,212.08,2025-03-24 04:00:30+00:00,0.0,0.0,0.0,0.0
Faltec Europe Ltd,38.0,6.0,212.08,2025-03-24 04:15:30+00:00,0.0,0.0,0.0,0.0
Faltec Europe Ltd,38.0,6.0,212.08,2025-03-24 04:30:30+00:00,0.0,0.0,0.0,0.0
Faltec Europe Ltd,38.0,6.0,212.08,2025-03-24 04:45:30+00:00,0.0,0.0,0.0,0.0
Faltec Europe Ltd,38.0,6.0,212.08,2025-03-24 05:00:30+00:00,0.0,0.0,0.0,0.0
Faltec Europe Ltd,38.0,6.0,212.08,2025-03-24 05:15:30+00:00,0.0,0.0,0.0,0.0
Faltec Europe Ltd,38.0,6.0,212.08,2025-03-24 05:30:30+00:00,0.0,0.0,0.0,0.0
Faltec Europe Ltd,38.0,6.0,212.08,2025-03-24 05:45:30+00:00,0.0,0.0,0.0,0.0
Faltec Europe Ltd,38.0,6.0,212.08,2025-03-24 06:00:30+00:00,0.00075,0.0005,0.001,0.00075
Faltec Europe Ltd,38.0,6.0,212.08,2025-03-24 06:15:30+00:00,0.004,0.0025,0.00575,0.004
Faltec Europe Ltd,38.0,6.0,212.08,2025-03-24 06:30:30+00:00,0.01,0.0045,0.01425,0.009
Faltec Europe Ltd,38.0,6.0,212.08,2025-03-24 06:45:30+00:00,0.0145,0.00525,0.022,0.0135
Faltec Europe Ltd,38.0,6.0,212.08,2025-03-24 07:00:30+00:00,0.016,0.005,0.02675,0.0155
Faltec Europe Ltd,38.0,6.0,212.08,2025-03-24 07:15:30+00:00,0.017,0.006,0.029,0.017
Faltec Europe Ltd,38.0,6.0,212.08,2025-03-24 07:30:30+00:00,0.01975,0.0095,0.032,0.01975
Faltec Europe Ltd,38.0,6.0,212.08,2025-03-24 07:45:30+00:00,0.0255,0.013,0.035,0.0255
Faltec Europe Ltd,38.0,6.0,212.08,2025-03-24 08:00:30+00:00,0.0265,0.0145,0.0375,0.02675
Faltec Europe Ltd,38.0,6.0,212.08,2025-03-24 08:15:30+00:00,0.02575,0.0145,0.04025,0.026
Faltec Europe Ltd,38.0,6.0,212.08,2025-03-24 08:30:30+00:00,0.02975,0.0065,0.0525,0.03
Faltec Europe Ltd,38.0,6.0,212.08,2025-03-24 08:45:30+00:00,0.03275,0.007,0.071,0.033
Faltec Europe Ltd,38.0,6.0,212.08,2025-03-24 09:00:30+00:00,0.048,0.01075,0.10175,0.04825
Faltec Europe Ltd,38.0,6.0,212.08,2025-03-24 09:15:30+00:00,0.087,0.02625,0.11025,0.088
Faltec Europe Ltd,38.0,6.0,212.08,2025-03-24 09:30:30+00:00,0.0785,0.034,0.11725,0.07975
Faltec Europe Ltd,38.0,6.0,212.08,2025-03-24 09:45:30+00:00,0.066,0.029,0.118,0.06725
Faltec Europe Ltd,38.0,6.0,212.08,2025-03-24 10:00:30+00:00,0.07525,0.036,0.1295,0.077
Faltec Europe Ltd,38.0,6.0,212.08,2025-03-24 10:15:30+00:00,0.11025,0.0525,0.13325,0.1145
Faltec Europe Ltd,38.0,6.0,212.08,2025-03-24 10:30:30+00:00,0.1235,0.081,0.1365,0.13
Faltec Europe Ltd,38.0,6.0,212.08,2025-03-24 10:45:30+00:00,0.12525,0.09975,0.1395,0.1325
Faltec Europe Ltd,38.0,6.0,212.08,2025-03-24 11:00:30+00:00,0.12475,0.11125,0.141,0.133
Faltec Europe Ltd,38.0,6.0,212.08,2025-03-24 11:15:30+00:00,0.128,0.109,0.14325,0.13725
Faltec Europe Ltd,38.0,6.0,212.08,2025-03-24 11:30:30+00:00,0.12525,0.10125,0.14575,0.135
Faltec Europe Ltd,38.0,6.0,212.08,2025-03-24 11:45:30+00:00,0.11825,0.095,0.14325,0.127
Faltec Europe Ltd,38.0,6.0,212.08,2025-03-24 12:00:30+00:00,0.113,0.09125,0.1355,0.12175
Faltec Europe Ltd,38.0,6.0,212.08,2025-03-24 12:15:30+00:00,0.10825,0.09075,0.13175,0.11675
Faltec Europe Ltd,38.0,6.0,212.08,2025-03-24 12:30:30+00:00,0.11125,0.09125,0.133,0.121
Faltec Europe Ltd,38.0,6.0,212.08,2025-03-24 12:45:30+00:00,0.116,0.093,0.13775,0.1275
Faltec Europe Ltd,38.0,6.0,212.08,2025-03-24 13:00:30+00:00,0.118,0.09675,0.137,0.1315
Faltec Europe Ltd,38.0,6.0,212.08,2025-03-24 13:15:30+00:00,0.11725,0.1015,0.132,0.13175
Faltec Europe Ltd,38.0,6.0,212.08,2025-03-24 13:30:30+00:00,0.115,0.104,0.125,0.1305
Faltec Europe Ltd,38.0,6.0,212.08,2025-03-24 13:45:30+00:00,0.1115,0.104,0.11825,0.1275
Faltec Europe Ltd,38.0,6.0,212.08,2025-03-24 14:00:30+00:00,0.10675,0.101,0.112,0.1225
Faltec Europe Ltd,38.0,6.0,212.08,2025-03-24 14:15:30+00:00,0.10125,0.096,0.10575,0.117
Faltec Europe Ltd,38.0,6.0,212.08,2025-03-24 14:30:30+00:00,0.095,0.08975,0.1,0.11025
Faltec Europe Ltd,38.0,6.0,212.08,2025-03-24 14:45:30+00:00,0.0885,0.08325,0.0935,0.10375
Faltec Europe Ltd,38.0,6.0,212.08,2025-03-24 15:00:30+00:00,0.08175,0.07675,0.0865,0.09625
Faltec Europe Ltd,38.0,6.0,212.08,2025-03-24 15:15:30+00:00,0.0745,0.0695,0.08,0.08825
Faltec Europe Ltd,38.0,6.0,212.08,2025-03-24 15:30:30+00:00,0.0675,0.062,0.07375,0.0805
Faltec Europe Ltd,38.0,6.0,212.08,2025-03-24 15:45:30+00:00,0.06125,0.05375,0.06925,0.07375
Faltec Europe Ltd,38.0,6.0,212.08,2025-03-24 16:00:30+00:00,0.0555,0.04425,0.06075,0.068
Faltec Europe Ltd,38.0,6.0,212.08,2025-03-24 16:15:30+00:00,0.049,0.03325,0.0535,0.05975
Faltec Europe Ltd,38.0,6.0,212.08,2025-03-24 16:30:30+00:00,0.03775,0.022,0.0465,0.045
Faltec Europe Ltd,38.0,6.0,212.08,2025-03-24 16:45:30+00:00,0.0275,0.01375,0.03975,0.03175
Faltec Europe Ltd,38.0,6.0,212.08,2025-03-24 17:00:30+00:00,0.0195,0.01,0.03225,0.0215
Faltec Europe Ltd,38.0,6.0,212.08,2025-03-24 17:15:30+00:00,0.015,0.00775,0.02175,0.017
Faltec Europe Ltd,38.0,6.0,212.08,2025-03-24 17:30:30+00:00,0.01,0.00575,0.015,0.011
Faltec Europe Ltd,38.0,6.0,212.08,2025-03-24 17:45:30+00:00,0.00575,0.00325,0.00925,0.006
Faltec Europe Ltd,38.0,6.0,212.08,2025-03-24 18:00:30+00:00,0.00225,0.0015,0.004,0.00225
Faltec Europe Ltd,38.0,6.0,212.08,2025-03-24 18:15:30+00:00,0.00075,0.0005,0.00125,0.00075
Faltec Europe Ltd,38.0,6.0,212.08,2025-03-24 18:30:30+00:00,0.0,0.0,0.0,0.0
Faltec Europe Ltd,38.0,6.0,212.08,2025-03-24 18:45:30+00:00,0.0,0.0,0.0,0.0
Faltec Europe Ltd,38.0,6.0,212.08,2025-03-24 19:00:30+00:00,0.0,0.0,0.0,0.0
Faltec Europe Ltd,38.0,6.0,212.08,2025-03-24 19:15:30+00:00,0.0,0.0,0.0,0.0
Faltec Europe Ltd,38.0,6.0,212.08,2025-03-24 19:30:30+00:00,0.0,0.0,0.0,0.0
Faltec Europe Ltd,38.0,6.0,212.08,2025-03-24 19:45:30+00:00,0.0,0.0,0.0,0.0
Faltec Europe Ltd,38.0,6.0,212.08,2025-03-24 20:00:30+00:00,0.0,0.0,0.0,0.0
Faltec Europe Ltd,38.0,6.0,212.08,2025-03-24 20:15:30+00:00,0.0,0.0,0.0,0.0
Faltec Europe Ltd,38.0,6.0,212.08,2025-03-24 20:30:30+00:00,0.0,0.0,0.0,0.0
Faltec Europe Ltd,38.0,6.0,212.08,2025-03-24 20:45:30+00:00,0.0,0.0,0.0,0.0
Faltec Europe Ltd,38.0,6.0,212.08,2025-03-24 21:00:30+00:00,0.0,0.0,0.0,0.0
Faltec Europe Ltd,38.0,6.0,212.08,2025-03-24 21:15:30+00:00,0.0,0.0,0.0,0.0
Faltec Europe Ltd,38.0,6.0,212.08,2025-03-24 21:30:30+00:00,0.0,0.0,0.0,0.0
Faltec Europe Ltd,38.0,6.0,212.08,2025-03-24 21:45:30+00:00,0.0,0.0,0.0,0.0
Faltec Europe Ltd,38.0,6.0,212.08,2025-03-24 22:00:30+00:00,0.0,0.0,0.0,0.0
Faltec Europe Ltd,38.0,6.0,212.08,2025-03-24 22:15:30+00:00,0.0,0.0,0.0,0.0
Faltec Europe Ltd,38.0,6.0,212.08,2025-03-24 22:30:30+00:00,0.0,0.0,0.0,0.0
Faltec Europe Ltd,38.0,6.0,212.08,2025-03-24 22:45:30+00:00,0.0,0.0,0.0,0.0
Faltec Europe Ltd,38.0,6.0,212.08,2025-03-24 23:00:30+00:00,0.0,0.0,0.0,0.0
Faltec Europe Ltd,38.0,6.0,212.08,2025-03-24 23:15:30+00:00,0.0,0.0,0.0,0.0
Faltec Europe Ltd,38.0,6.0,212.08,2025-03-24 23:30:30+00:00,0.0,0.0,0.0,0.0
Faltec Europe Ltd,38.0,6.0,212.08,2025-03-24 23:45:30+00:00,0.0,0.0,0.0,0.0
Faltec Europe Ltd,38.0,6.0,212.08,2025-03-25 00:00:30+00:00,0.0,0.0,0.0,0.0
Faltec Europe Ltd,38.0,6.0,212.08,2025-03-25 00:15:30+00:00,0.0,0.0,0.0,0.0
Faltec Europe Ltd,38.0,6.0,212.08,2025-03-25 00:30:30+00:00,0.0,0.0,0.0,0.0
Faltec Europe Ltd,38.0,6.0,212.08,2025-03-25 00:45:30+00:00,0.0,0.0,0.0,0.0
Faltec Europe Ltd,38.0,6.0,212.08,2025-03-25 01:00:30+00:00,0.0,0.0,0.0,0.0
Faltec Europe Ltd,38.0,6.0,212.08,2025-03-25 01:15:30+00:00,0.0,0.0,0.0,0.0
Faltec Europe Ltd,38.0,6.0,212.08,2025-03-25 01:30:30+00:00,0.0,0.0,0.0,0.0
Faltec Europe Ltd,38.0,6.0,212.08,2025-03-25 01:45:30+00:00,0.0,0.0,0.0,0.0
Faltec Europe Ltd,38.0,6.0,212.08,2025-03-25 02:00:30+00:00,0.0,0.0,0.0,0.0
Faltec Europe Ltd,38.0,6.0,212.08,2025-03-25 02:15:30+00:00,0.0,0.0,0.0,0.0
Faltec Europe Ltd,38.0,6.0,212.08,2025-03-25 02:30:30+00:00,0.0,0.0,0.0,0.0
Faltec Europe Ltd,38.0,6.0,212.08,2025-03-25 02:45:30+00:00,0.0,0.0,0.0,0.0
Faltec Europe Ltd,38.0,6.0,212.08,2025-03-25 03:00:30+00:00,0.0,0.0,0.0,0.0
Faltec Europe Ltd,38.0,6.0,212.08,2025-03-25 03:15:30+00:00,0.0,0.0,0.0,0.0
Faltec Europe Ltd,38.0,6.0,212.08,2025-03-25 03:30:30+00:00,0.0,0.0,0.0,0.0
Faltec Europe Ltd,38.0,6.0,212.08,2025-03-25 03:45:30+00:00,0.0,0.0,0.0,0.0
Faltec Europe Ltd,38.0,6.0,212.08,2025-03-25 04:00:30+00:00,0.0,0.0,0.0,0.0
Faltec Europe Ltd,38.0,6.0,212.08,2025-03-25 04:15:30+00:00,0.0,0.0,0.0,0.0
Faltec Europe Ltd,38.0,6.0,212.08,2025-03-25 04:30:30+00:00,0.0,0.0,0.0,0.0
Faltec Europe Ltd,38.0,6.0,212.08,2025-03-25 04:45:30+00:00,0.0,0.0,0.0,0.0
Faltec Europe Ltd,38.0,6.0,212.08,2025-03-25 05:00:30+00:00,0.0,0.0,0.0,0.0
Faltec Europe Ltd,38.0,6.0,212.08,2025-03-25 05:15:30+00:00,0.0,0.0,0.0,0.0
Faltec Europe Ltd,38.0,6.0,212.08,2025-03-25 05:30:30+00:00,0.0,0.0,0.0,0.0
Faltec Europe Ltd,38.0,6.0,212.08,2025-03-25 05:45:30+00:00,0.0,0.0,0.0,0.0
Faltec Europe Ltd,38.0,6.0,212.08,2025-03-25 06:00:30+00:00,0.001,0.00025,0.00225,0.001
Faltec Europe Ltd,38.0,6.0,212.08,2025-03-25 06:15:30+00:00,0.00325,0.00075,0.00625,0.00325
Faltec Europe Ltd,38.0,6.0,212.08,2025-03-25 06:30:30+00:00,0.0065,0.0025,0.01225,0.0065
Faltec Europe Ltd,38.0,6.0,212.08,2025-03-25 06:45:30+00:00,0.0125,0.0055,0.02075,0.012
Faltec Europe Ltd,38.0,6.0,212.08,2025-03-25 07:00:30+00:00,0.02,0.01,0.029,0.019
Faltec Europe Ltd,38.0,6.0,212.08,2025-03-25 07:15:30+00:00,0.02525,0.01625,0.03625,0.02425
Faltec Europe Ltd,38.0,6.0,212.08,2025-03-25 07:30:30+00:00,0.03375,0.0225,0.04325,0.03225
Faltec Europe Ltd,38.0,6.0,212.08,2025-03-25 07:45:30+00:00,0.039,0.02725,0.05,0.03775
Faltec Europe Ltd,38.0,6.0,212.08,2025-03-25 08:00:30+00:00,0.04275,0.028,0.05575,0.042
Faltec Europe Ltd,38.0,6.0,212.08,2025-03-25 08:15:30+00:00,0.0435,0.0275,0.05925,0.043
Faltec Europe Ltd,38.0,6.0,212.08,2025-03-25 08:30:30+00:00,0.04375,0.0255,0.062,0.04375
Faltec Europe Ltd,38.0,6.0,212.08,2025-03-25 08:45:30+00:00,0.04375,0.02425,0.07375,0.04375
Faltec Europe Ltd,38.0,6.0,212.08,2025-03-25 09:00:30+00:00,0.05925,0.02425,0.092,0.0595
Faltec Europe Ltd,38.0,6.0,212.08,2025-03-25 09:15:30+00:00,0.07075,0.036,0.11225,0.0715
Faltec Europe Ltd,38.0,6.0,212.08,2025-03-25 09:30:30+00:00,0.09125,0.05325,0.123,0.09275
Faltec Europe Ltd,38.0,6.0,212.08,2025-03-25 09:45:30+00:00,0.1015,0.075,0.12275,0.104
Faltec Europe Ltd,38.0,6.0,212.08,2025-03-25 10:00:30+00:00,0.10375,0.089,0.121,0.107
Faltec Europe Ltd,38.0,6.0,212.08,2025-03-25 10:15:30+00:00,0.1095,0.09125,0.1265,0.114
Faltec Europe Ltd,38.0,6.0,212.08,2025-03-25 10:30:30+00:00,0.11325,0.0855,0.13725,0.1185
Faltec Europe Ltd,38.0,6.0,212.08,2025-03-25 10:45:30+00:00,0.111,0.0655,0.14425,0.1165
Faltec Europe Ltd,38.0,6.0,212.08,2025-03-25 11:00:30+00:00,0.09025,0.05,0.14475,0.09425
Faltec Europe Ltd,38.0,6.0,212.08,2025-03-25 11:15:30+00:00,0.089,0.03825,0.1325,0.093
Faltec Europe Ltd,38.0,6.0,212.08,2025-03-25 11:30:30+00:00,0.0765,0.03325,0.123,0.0795
Faltec Europe Ltd,38.0,6.0,212.08,2025-03-25 11:45:30+00:00,0.06775,0.03075,0.109,0.07
Faltec Europe Ltd,38.0,6.0,212.08,2025-03-25 12:00:30+00:00,0.06475,0.02575,0.09975,0.06625
Faltec Europe Ltd,38.0,6.0,212.08,2025-03-25 12:15:30+00:00,0.055,0.024,0.0865,0.05625
Faltec Europe Ltd,38.0,6.0,212.08,2025-03-25 12:30:30+00:00,0.0455,0.02475,0.07625,0.0465
Faltec Europe Ltd,38.0,6.0,212.08,2025-03-25 12:45:30+00:00,0.05,0.01575,0.08475,0.05125
Faltec Europe Ltd,38.0,6.0,212.08,2025-03-25 13:00:30+00:00,0.0545,0.0115,0.09975,0.056
Faltec Europe Ltd,38.0,6.0,212.08,2025-03-25 13:15:30+00:00,0.05675,0.0115,0.1235,0.0585
Faltec Europe Ltd,38.0,6.0,212.08,2025-03-25 13:30:30+00:00,0.086,0.025,0.13025,0.0935
Faltec Europe Ltd,38.0,6.0,212.08,2025-03-25 13:45:30+00:00,0.0915,0.04125,0.13325,0.10025
Faltec Europe Ltd,38.0,6.0,212.08,2025-03-25 14:00:30+00:00,0.084,0.04675,0.1305,0.092
Faltec Europe Ltd,38.0,6.0,212.08,2025-03-25 14:15:30+00:00,0.088,0.0545,0.12425,0.0985
Faltec Europe Ltd,38.0,6.0,212.08,2025-03-25 14:30:30+00:00,0.0975,0.06225,0.114,0.113
Faltec Europe Ltd,38.0,6.0,212.08,2025-03-25 14:45:30+00:00,0.09475,0.07175,0.10525,0.11225
Faltec Europe Ltd,38.0,6.0,212.08,2025-03-25 15:00:30+00:00,0.08725,0.0755,0.097,0.10525
Faltec Europe Ltd,38.0,6.0,212.08,2025-03-25 15:15:30+00:00,0.08025,0.07475,0.08575,0.0975
Faltec Europe Ltd,38.0,6.0,212.08,2025-03-25 15:30:30+00:00,0.07325,0.0685,0.07775,0.09025
Faltec Europe Ltd,38.0,6.0,212.08,2025-03-25 15:45:30+00:00,0.066,0.0605,0.07125,0.0825
Faltec Europe Ltd,38.0,6.0,212.08,2025-03-25 16:00:30+00:00,0.05875,0.05275,0.06425,0.074
Faltec Europe Ltd,38.0,6.0,212.08,2025-03-25 16:15:30+00:00,0.05075,0.0445,0.0555,0.065
Faltec Europe Ltd,38.0,6.0,212.08,2025-03-25 16:30:30+00:00,0.04275,0.0365,0.047,0.05575
Faltec Europe Ltd,38.0,6.0,212.08,2025-03-25 16:45:30+00:00,0.035,0.029,0.0385,0.04675
Faltec Europe Ltd,38.0,6.0,212.08,2025-03-25 17:00:30+00:00,0.02725,0.022,0.03,0.03775
Faltec Europe Ltd,38.0,6.0,212.08,2025-03-25 17:15:30+00:00,0.02,0.01525,0.022,0.0285
Faltec Europe Ltd,38.0,6.0,212.08,2025-03-25 17:30:30+00:00,0.01325,0.00975,0.01475,0.02
Faltec Europe Ltd,38.0,6.0,212.08,2025-03-25 17:45:30+00:00,0.00725,0.00525,0.008,0.012
Faltec Europe Ltd,38.0,6.0,212.08,2025-03-25 18:00:30+00:00,0.00425,0.0035,0.00475,0.005
Faltec Europe Ltd,38.0,6.0,212.08,2025-03-25 18:15:30+00:00,0.00175,0.0015,0.002,0.002
Faltec Europe Ltd,38.0,6.0,212.08,2025-03-25 18:30:30+00:00,0.0,0.0,0.0,0.0
Faltec Europe Ltd,38.0,6.0,212.08,2025-03-25 18:45:30+00:00,0.0,0.0,0.0,0.0
Faltec Europe Ltd,38.0,6.0,212.08,2025-03-25 19:00:30+00:00,0.0,0.0,0.0,0.0
Faltec Europe Ltd,38.0,6.0,212.08,2025-03-25 19:15:30+00:00,0.0,0.0,0.0,0.0
Faltec Europe Ltd,38.0,6.0,212.08,2025-03-25 19:30:30+00:00,0.0,0.0,0.0,0.0
Faltec Europe Ltd,38.0,6.0,212.08,2025-03-25 19:45:30+00:00,0.0,0.0,0.0,0.0
Faltec Europe Ltd,38.0,6.0,212.08,2025-03-25 20:00:30+00:00,0.0,0.0,0.0,0.0
Faltec Europe Ltd,38.0,6.0,212.08,2025-03-25 20:15:30+00:00,0.0,0.0,0.0,0.0
Faltec Europe Ltd,38.0,6.0,212.08,2025-03-25 20:30:30+00:00,0.0,0.0,0.0,0.0
Faltec Europe Ltd,38.0,6.0,212.08,2025-03-25 20:45:30+00:00,0.0,0.0,0.0,0.0
Faltec Europe Ltd,38.0,6.0,212.08,2025-03-25 21:00:30+00:00,0.0,0.0,0.0,0.0
Faltec Europe Ltd,38.0,6.0,212.08,2025-03-25 21:15:30+00:00,0.0,0.0,0.0,0.0
Faltec Europe Ltd,38.0,6.0,212.08,2025-03-25 21:30:30+00:00,0.0,0.0,0.0,0.0
Faltec Europe Ltd,38.0,6.0,212.08,2025-03-25 21:45:30+00:00,0.0,0.0,0.0,0.0
Faltec Europe Ltd,38.0,6.0,212.08,2025-03-25 22:00:30+00:00,0.0,0.0,0.0,0.0
Faltec Europe Ltd,38.0,6.0,212.08,2025-03-25 22:15:30+00:00,0.0,0.0,0.0,0.0
Faltec Europe Ltd,38.0,6.0,212.08,2025-03-25 22:30:30+00:00,0.0,0.0,0.0,0.0
Faltec Europe Ltd,38.0,6.0,212.08,2025-03-25 22:45:30+00:00,0.0,0.0,0.0,0.0
Faltec Europe Ltd,38.0,6.0,212.08,2025-03-25 23:00:30+00:00,0.0,0.0,0.0,0.0
Faltec Europe Ltd,38.0,6.0,212.08,2025-03-25 23:15:30+00:00,0.0,0.0,0.0,0.0
Faltec Europe Ltd,38.0,6.0,212.08,2025-03-25 23:30:30+00:00,0.0,0.0,0.0,0.0
Faltec Europe Ltd,38.0,6.0,212.08,2025-03-25 23:45:30+00:00,0.0,0.0,0.0,0.0
Faltec Europe Ltd,38.0,6.0,212.08,2025-03-26 00:00:30+00:00,0.0,0.0,0.0,0.0
Faltec Europe Ltd,38.0,6.0,212.08,2025-03-26 00:15:30+00:00,0.0,0.0,0.0,0.0
Faltec Europe Ltd,38.0,6.0,212.08,2025-03-26 00:30:30+00:00,0.0,0.0,0.0,0.0
Faltec Europe Ltd,38.0,6.0,212.08,2025-03-26 00:45:30+00:00,0.0,0.0,0.0,0.0
Faltec Europe Ltd,38.0,6.0,212.08,2025-03-26 01:00:30+00:00,0.0,0.0,0.0,0.0
Faltec Europe Ltd,38.0,6.0,212.08,2025-03-26 01:15:30+00:00,0.0,0.0,0.0,0.0
Faltec Europe Ltd,38.0,6.0,212.08,2025-03-26 01:30:30+00:00,0.0,0.0,0.0,0.0
Faltec Europe Ltd,38.0,6.0,212.08,2025-03-26 01:45:30+00:00,0.0,0.0,0.0,0.0
Faltec Europe Ltd,38.0,6.0,212.08,2025-03-26 02:00:30+00:00,0.0,0.0,0.0,0.0
Faltec Europe Ltd,38.0,6.0,212.08,2025-03-26 02:15:30+00:00,0.0,0.0,0.0,0.0
Faltec Europe Ltd,38.0,6.0,212.08,2025-03-26 02:30:30+00:00,0.0,0.0,0.0,0.0
Faltec Europe Ltd,38.0,6.0,212.08,2025-03-26 02:45:30+00:00,0.0,0.0,0.0,0.0
Faltec Europe Ltd,38.0,6.0,212.08,2025-03-26 03:00:30+00:00,0.0,0.0,0.0,0.0
Faltec Europe Ltd,38.0,6.0,212.08,2025-03-26 03:15:30+00:00,0.0,0.0,0.0,0.0
Faltec Europe Ltd,38.0,6.0,212.08,2025-03-26 03:30:30+00:00,0.0,0.0,0.0,0.0
Faltec Europe Ltd,38.0,6.0,212.08,2025-03-26 03:45:30+00:00,0.0,0.0,0.0,0.0
Faltec Europe Ltd,38.0,6.0,212.08,2025-03-26 04:00:30+00:00,0.0,0.0,0.0,0.0
Faltec Europe Ltd,38.0,6.0,212.08,2025-03-26 04:15:30+00:00,0.0,0.0,0.0,0.0
Faltec Europe Ltd,38.0,6.0,212.08,2025-03-26 04:30:30+00:00,0.0,0.0,0.0,0.0
Faltec Europe Ltd,38.0,6.0,212.08,2025-03-26 04:45:30+00:00,0.0,0.0,0.0,0.0
Faltec Europe Ltd,38.0,6.0,212.08,2025-03-26 05:00:30+00:00,0.0,0.0,0.0,0.0
Faltec Europe Ltd,38.0,6.0,212.08,2025-03-26 05:15:30+00:00,0.0,0.0,0.0,0.0
Faltec Europe Ltd,38.0,6.0,212.08,2025-03-26 05:30:30+00:00,0.0,0.0,0.0,0.0
Faltec Europe Ltd,38.0,6.0,212.08,2025-03-26 05:45:30+00:00,0.0,0.0,0.0,0.0
Faltec Europe Ltd,38.0,6.0,212.08,2025-03-26 06:00:30+00:00,0.00225,0.00175,0.003,0.00225
Faltec Europe Ltd,38.0,6.0,212.08,2025-03-26 06:15:30+00:00,0.00825,0.00575,0.01075,0.00675
Faltec Europe Ltd,38.0,6.0,212.08,2025-03-26 06:30:30+00:00,0.016,0.0115,0.0205,0.01325
Faltec Europe Ltd,38.0,6.0,212.08,2025-03-26 06:45:30+00:00,0.026,0.0175,0.0305,0.02225
Faltec Europe Ltd,38.0,6.0,212.08,2025-03-26 07:00:30+00:00,0.03225,0.0235,0.04025,0.0285
Faltec Europe Ltd,38.0,6.0,212.08,2025-03-26 07:15:30+00:00,0.03875,0.03075,0.05,0.03525
Faltec Europe Ltd,38.0,6.0,212.08,2025-03-26 07:30:30+00:00,0.052,0.0395,0.0605,0.04775
Faltec Europe Ltd,38.0,6.0,212.08,2025-03-26 07:45:30+00:00,0.06125,0.04925,0.07025,0.05675
Faltec Europe Ltd,38.0,6.0,212.08,2025-03-26 08:00:30+00:00,0.067,0.0585,0.0785,0.0635
Faltec Europe Ltd,38.0,6.0,212.08,2025-03-26 08:15:30+00:00,0.07725,0.068,0.0855,0.074
Faltec Europe Ltd,38.0,6.0,212.08,2025-03-26 08:30:30+00:00,0.0855,0.078,0.09275,0.08325
Faltec Europe Ltd,38.0,6.0,212.08,2025-03-26 08:45:30+00:00,0.093,0.08625,0.099,0.0915
Faltec Europe Ltd,38.0,6.0,212.08,2025-03-26 09:00:30+00:00,0.09925,0.09275,0.10475,0.099
Faltec Europe Ltd,38.0,6.0,212.08,2025-03-26 09:15:30+00:00,0.10425,0.0985,0.11225,0.105
Faltec Europe Ltd,38.0,6.0,212.08,2025-03-26 09:30:30+00:00,0.1125,0.10425,0.119,0.1145
Faltec Europe Ltd,38.0,6.0,212.08,2025-03-26 09:45:30+00:00,0.1185,0.11075,0.1245,0.12175
Faltec Europe Ltd,38.0,6.0,212.08,2025-03-26 10:00:30+00:00,0.12225,0.116,0.1285,0.12675
Faltec Europe Ltd,38.0,6.0,212.08,2025-03-26 10:15:30+00:00,0.1265,0.12075,0.132,0.13225
Faltec Europe Ltd,38.0,6.0,212.08,2025-03-26 10:30:30+00:00,0.13025,0.12275,0.13725,0.13725
Faltec Europe Ltd,38.0,6.0,212.08,2025-03-26 10:45:30+00:00,0.13325,0.12325,0.14175,0.1415
Faltec Europe Ltd,38.0,6.0,212.08,2025-03-26 11:00:30+00:00,0.13425,0.122,0.1445,0.1435
Faltec Europe Ltd,38.0,6.0,212.08,2025-03-26 11:15:30+00:00,0.1325,0.12125,0.14425,0.142
Faltec Europe Ltd,38.0,6.0,212.08,2025-03-26 11:30:30+00:00,0.1315,0.1225,0.1425,0.142
Faltec Europe Ltd,38.0,6.0,212.08,2025-03-26 11:45:30+00:00,0.13325,0.124,0.14025,0.145
Faltec Europe Ltd,38.0,6.0,212.08,2025-03-26 12:00:30+00:00,0.132,0.1255,0.13925,0.1445
Faltec Europe Ltd,38.0,6.0,212.08,2025-03-26 12:15:30+00:00,0.1315,0.1245,0.138,0.14475
Faltec Europe Ltd,38.0,6.0,212.08,2025-03-26 12:30:30+00:00,0.13025,0.1235,0.137,0.1445
Faltec Europe Ltd,38.0,6.0,212.08,2025-03-26 12:45:30+00:00,0.129,0.121,0.136,0.144
Faltec Europe Ltd,38.0,6.0,212.08,2025-03-26 13:00:30+00:00,0.1265,0.1175,0.13375,0.142
Faltec Europe Ltd,38.0,6.0,212.08,2025-03-26 13:15:30+00:00,0.12175,0.11275,0.13025,0.13725
Faltec Europe Ltd,38.0,6.0,212.08,2025-03-26 13:30:30+00:00,0.116,0.10825,0.12475,0.131
Faltec Europe Ltd,38.0,6.0,212.08,2025-03-26 13:45:30+00:00,0.1115,0.10475,0.12025,0.127
Faltec Europe Ltd,38.0,6.0,212.08,2025-03-26 14:00:30+00:00,0.1095,0.09975,0.11575,0.12575
Faltec Europe Ltd,38.0,6.0,212.08,2025-03-26 14:15:30+00:00,0.10275,0.09475,0.1115,0.1185
Faltec Europe Ltd,38.0,6.0,212.08,2025-03-26 14:30:30+00:00,0.097,0.08975,0.10675,0.1125
Faltec Europe Ltd,38.0,6.0,212.08,2025-03-26 14:45:30+00:00,0.0945,0.08525,0.10075,0.111
Faltec Europe Ltd,38.0,6.0,212.08,2025-03-26 15:00:30+00:00,0.088,0.08,0.094,0.10425
Faltec Europe Ltd,38.0,6.0,212.08,2025-03-26 15:15:30+00:00,0.07925,0.0735,0.087,0.09425
Faltec Europe Ltd,38.0,6.0,212.08,2025-03-26 15:30:30+00:00,0.07325,0.06625,0.08,0.08825
Faltec Europe Ltd,38.0,6.0,212.08,2025-03-26 15:45:30+00:00,0.067,0.058,0.07425,0.082
Faltec Europe Ltd,38.0,6.0,212.08,2025-03-26 16:00:30+00:00,0.06,0.0485,0.066,0.074
Faltec Europe Ltd,38.0,6.0,212.08,2025-03-26 16:15:30+00:00,0.04975,0.03875,0.0585,0.061
Faltec Europe Ltd,38.0,6.0,212.08,2025-03-26 16:30:30+00:00,0.04,0.03,0.0505,0.04875
Faltec Europe Ltd,38.0,6.0,212.08,2025-03-26 16:45:30+00:00,0.032,0.02325,0.042,0.0395
Faltec Europe Ltd,38.0,6.0,212.08,2025-03-26 17:00:30+00:00,0.026,0.0175,0.03375,0.0325
Faltec Europe Ltd,38.0,6.0,212.08,2025-03-26 17:15:30+00:00,0.01875,0.012,0.02575,0.02325
Faltec Europe Ltd,38.0,6.0,212.08,2025-03-26 17:30:30+00:00,0.0125,0.0075,0.0185,0.01475
Faltec Europe Ltd,38.0,6.0,212.08,2025-03-26 17:45:30+00:00,0.00775,0.00425,0.01175,0.00875
Faltec Europe Ltd,38.0,6.0,212.08,2025-03-26 18:00:30+00:00,0.00375,0.0025,0.006,0.004
Faltec Europe Ltd,38.0,6.0,212.08,2025-03-26 18:15:30+00:00,0.0015,0.001,0.0025,0.0015
Faltec Europe Ltd,38.0,6.0,212.08,2025-03-26 18:30:30+00:00,0.0,0.0,0.0,0.0
Faltec Europe Ltd,38.0,6.0,212.08,2025-03-26 18:45:30+00:00,0.0,0.0,0.0,0.0
Faltec Europe Ltd,38.0,6.0,212.08,2025-03-26 19:00:30+00:00,0.0,0.0,0.0,0.0
Faltec Europe Ltd,38.0,6.0,212.08,2025-03-26 19:15:30+00:00,0.0,0.0,0.0,0.0
Faltec Europe Ltd,38.0,6.0,212.08,2025-03-26 19:30:30+00:00,0.0,0.0,0.0,0.0
Faltec Europe Ltd,38.0,6.0,212.08,2025-03-26 19:45:30+00:00,0.0,0.0,0.0,0.0
Faltec Europe Ltd,38.0,6.0,212.08,2025-03-26 20:00:30+00:00,0.0,0.0,0.0,0.0
Faltec Europe Ltd,38.0,6.0,212.08,2025-03-26 20:15:30+00:00,0.0,0.0,0.0,0.0
Faltec Europe Ltd,38.0,6.0,212.08,2025-03-26 20:30:30+00:00,0.0,0.0,0.0,0.0
Faltec Europe Ltd,38.0,6.0,212.08,2025-03-26 20:45:30+00:00,0.0,0.0,0.0,0.0
Faltec Europe Ltd,38.0,6.0,212.08,2025-03-26 21:00:30+00:00,0.0,0.0,0.0,0.0
Faltec Europe Ltd,38.0,6.0,212.08,2025-03-26 21:15:30+00:00,0.0,0.0,0.0,0.0
Faltec Europe Ltd,38.0,6.0,212.08,2025-03-26 21:30:30+00:00,0.0,0.0,0.0,0.0
Faltec Europe Ltd,38.0,6.0,212.08,2025-03-26 21:45:30+00:00,0.0,0.0,0.0,0.0
Faltec Europe Ltd,38.0,6.0,212.08,2025-03-26 22:00:30+00:00,0.0,0.0,0.0,0.0
Faltec Europe Ltd,38.0,6.0,212.08,2025-03-26 22:15:30+00:00,0.0,0.0,0.0,0.0
Faltec Europe Ltd,38.0,6.0,212.08,2025-03-26 22:30:30+00:00,0.0,0.0,0.0,0.0
Faltec Europe Ltd,38.0,6.0,212.08,2025-03-26 22:45:30+00:00,0.0,0.0,0.0,0.0
Faltec Europe Ltd,38.0,6.0,212.08,2025-03-26 23:00:30+00:00,0.0,0.0,0.0,0.0
Faltec Europe Ltd,38.0,6.0,212.08,2025-03-26 23:15:30+00:00,0.0,0.0,0.0,0.0
Faltec Europe Ltd,38.0,6.0,212.08,2025-03-26 23:30:30+00:00,0.0,0.0,0.0,0.0
Faltec Europe Ltd,38.0,6.0,212.08,2025-03-26 23:45:30+00:00,0.0,0.0,0.0,0.0
Faltec Europe Ltd,38.0,6.0,212.08,2025-03-27 00:00:30+00:00,0.0,0.0,0.0,0.0
Faltec Europe Ltd,38.0,6.0,212.08,2025-03-27 00:15:30+00:00,0.0,0.0,0.0,0.0
Faltec Europe Ltd,38.0,6.0,212.08,2025-03-27 00:30:30+00:00,0.0,0.0,0.0,0.0
Faltec Europe Ltd,38.0,6.0,212.08,2025-03-27 00:45:30+00:00,0.0,0.0,0.0,0.0
Faltec Europe Ltd,38.0,6.0,212.08,2025-03-27 01:00:30+00:00,0.0,0.0,0.0,0.0
Faltec Europe Ltd,38.0,6.0,212.08,2025-03-27 01:15:30+00:00,0.0,0.0,0.0,0.0
Faltec Europe Ltd,38.0,6.0,212.08,2025-03-27 01:30:30+00:00,0.0,0.0,0.0,0.0
Faltec Europe Ltd,38.0,6.0,212.08,2025-03-27 01:45:30+00:00,0.0,0.0,0.0,0.0
Faltec Europe Ltd,38.0,6.0,212.08,2025-03-27 02:00:30+00:00,0.0,0.0,0.0,0.0
Faltec Europe Ltd,38.0,6.0,212.08,2025-03-27 02:15:30+00:00,0.0,0.0,0.0,0.0
Faltec Europe Ltd,38.0,6.0,212.08,2025-03-27 02:30:30+00:00,0.0,0.0,0.0,0.0
Faltec Europe Ltd,38.0,6.0,212.08,2025-03-27 02:45:30+00:00,0.0,0.0,0.0,0.0
Faltec Europe Ltd,38.0,6.0,212.08,2025-03-27 03:00:30+00:00,0.0,0.0,0.0,0.0
Faltec Europe Ltd,38.0,6.0,212.08,2025-03-27 03:15:30+00:00,0.0,0.0,0.0,0.0
Faltec Europe Ltd,38.0,6.0,212.08,2025-03-27 03:30:30+00:00,0.0,0.0,0.0,0.0
Faltec Europe Ltd,38.0,6.0,212.08,2025-03-27 03:45:30+00:00,0.0,0.0,0.0,0.0
Faltec Europe Ltd,38.0,6.0,212.08,2025-03-27 04:00:30+00:00,0.0,0.0,0.0,0.0
Faltec Europe Ltd,38.0,6.0,212.08,2025-03-27 04:15:30+00:00,0.0,0.0,0.0,0.0
Faltec Europe Ltd,38.0,6.0,212.08,2025-03-27 04:30:30+00:00,0.0,0.0,0.0,0.0
Faltec Europe Ltd,38.0,6.0,212.08,2025-03-27 04:45:30+00:00,0.0,0.0,0.0,0.0
Faltec Europe Ltd,38.0,6.0,212.08,2025-03-27 05:00:30+00:00,0.0,0.0,0.0,0.0
Faltec Europe Ltd,38.0,6.0,212.08,2025-03-27 05:15:30+00:00,0.0,0.0,0.0,0.0
Faltec Europe Ltd,38.0,6.0,212.08,2025-03-27 05:30:30+00:00,0.0,0.0,0.0,0.0
Faltec Europe Ltd,38.0,6.0,212.08,2025-03-27 05:45:30+00:00,0.0,0.0,0.0,0.0
Faltec Europe Ltd,38.0,6.0,212.08,2025-03-27 06:00:30+00:00,0.0005,0.00025,0.00175,0.0005
Faltec Europe Ltd,38.0,6.0,212.08,2025-03-27 06:15:30+00:00,0.00125,0.00075,0.0055,0.00125
Faltec Europe Ltd,38.0,6.0,212.08,2025-03-27 06:30:30+00:00,0.00425,0.00125,0.01,0.00425
Faltec Europe Ltd,38.0,6.0,212.08,2025-03-27 06:45:30+00:00,0.007,0.002,0.01475,0.007
Faltec Europe Ltd,38.0,6.0,212.08,2025-03-27 07:00:30+00:00,0.011,0.00275,0.019,0.011
Faltec Europe Ltd,38.0,6.0,212.08,2025-03-27 07:15:30+00:00,0.01425,0.00525,0.0235,0.01425
Faltec Europe Ltd,38.0,6.0,212.08,2025-03-27 07:30:30+00:00,0.018,0.00675,0.02825,0.01825
Faltec Europe Ltd,38.0,6.0,212.08,2025-03-27 07:45:30+00:00,0.02025,0.00925,0.0355,0.02025
Faltec Europe Ltd,38.0,6.0,212.08,2025-03-27 08:00:30+00:00,0.02875,0.01325,0.04425,0.02875
Faltec Europe Ltd,38.0,6.0,212.08,2025-03-27 08:15:30+00:00,0.03675,0.0205,0.053,0.037
Faltec Europe Ltd,38.0,6.0,212.08,2025-03-27 08:30:30+00:00,0.0445,0.0265,0.05875,0.0445
Faltec Europe Ltd,38.0,6.0,212.08,2025-03-27 08:45:30+00:00,0.04575,0.0285,0.06925,0.046
Faltec Europe Ltd,38.0,6.0,212.08,2025-03-27 09:00:30+00:00,0.05625,0.03,0.082,0.0565
Faltec Europe Ltd,38.0,6.0,212.08,2025-03-27 09:15:30+00:00,0.06525,0.03975,0.09925,0.06575
Faltec Europe Ltd,38.0,6.0,212.08,2025-03-27 09:30:30+00:00,0.0865,0.0535,0.108,0.08775
Faltec Europe Ltd,38.0,6.0,212.08,2025-03-27 09:45:30+00:00,0.09,0.06925,0.111,0.092
Faltec Europe Ltd,38.0,6.0,212.08,2025-03-27 10:00:30+00:00,0.0935,0.07325,0.10825,0.096
Faltec Europe Ltd,38.0,6.0,212.08,2025-03-27 10:15:30+00:00,0.089,0.07375,0.10925,0.0915
Faltec Europe Ltd,38.0,6.0,212.08,2025-03-27 10:30:30+00:00,0.09175,0.07475,0.11675,0.0945
Faltec Europe Ltd,38.0,6.0,212.08,2025-03-27 10:45:30+00:00,0.1055,0.0805,0.127,0.11
Faltec Europe Ltd,38.0,6.0,212.08,2025-03-27 11:00:30+00:00,0.1135,0.0845,0.1315,0.1195
Faltec Europe Ltd,38.0,6.0,212.08,2025-03-27 11:15:30+00:00,0.10575,0.0825,0.13,0.11125
Faltec Europe Ltd,38.0,6.0,212.08,2025-03-27 11:30:30+00:00,0.0985,0.08225,0.1235,0.1035
Faltec Europe Ltd,38.0,6.0,212.08,2025-03-27 11:45:30+00:00,0.103,0.08375,0.12125,0.10875
Faltec Europe Ltd,38.0,6.0,212.08,2025-03-27 12:00:30+00:00,0.10575,0.088,0.122,0.1125
Faltec Europe Ltd,38.0,6.0,212.08,2025-03-27 12:15:30+00:00,0.106,0.08275,0.12,0.11325
Faltec Europe Ltd,38.0,6.0,212.08,2025-03-27 12:30:30+00:00,0.0925,0.07475,0.119,0.0985
Faltec Europe Ltd,38.0,6.0,212.08,2025-03-27 12:45:30+00:00,0.091,0.063,0.12775,0.097
Faltec Europe Ltd,38.0,6.0,212.08,2025-03-27 13:00:30+00:00,0.10075,0.05825,0.142,0.109
Faltec Europe Ltd,38.0,6.0,212.08,2025-03-27 13:15:30+00:00,0.1075,0.06725,0.14525,0.118
Faltec Europe Ltd,38.0,6.0,212.08,2025-03-27 13:30:30+00:00,0.1225,0.069,0.1385,0.1375
Faltec Europe Ltd,38.0,6.0,212.08,2025-03-27 13:45:30+00:00,0.11075,0.065,0.135,0.12375
Faltec Europe Ltd,38.0,6.0,212.08,2025-03-27 14:00:30+00:00,0.096,0.04475,0.1315,0.106
Faltec Europe Ltd,38.0,6.0,212.08,2025-03-27 14:15:30+00:00,0.069,0.0405,0.1255,0.074
Faltec Europe Ltd,38.0,6.0,212.08,2025-03-27 14:30:30+00:00,0.0785,0.043,0.11375,0.0865
Faltec Europe Ltd,38.0,6.0,212.08,2025-03-27 14:45:30+00:00,0.08675,0.0415,0.11025,0.09825
Faltec Europe Ltd,38.0,6.0,212.08,2025-03-27 15:00:30+00:00,0.072,0.0315,0.10525,0.08025
Faltec Europe Ltd,38.0,6.0,212.08,2025-03-27 15:15:30+00:00,0.05575,0.014,0.09625,0.0605
Faltec Europe Ltd,38.0,6.0,212.08,2025-03-27 15:30:30+00:00,0.036,0.00775,0.077,0.03775
Faltec Europe Ltd,38.0,6.0,212.08,2025-03-27 15:45:30+00:00,0.03325,0.0075,0.0585,0.0345
Faltec Europe Ltd,38.0,6.0,212.08,2025-03-27 16:00:30+00:00,0.02875,0.00825,0.04775,0.02975
Faltec Europe Ltd,38.0,6.0,212.08,2025-03-27 16:15:30+00:00,0.0215,0.00875,0.04475,0.022
Faltec Europe Ltd,38.0,6.0,212.08,2025-03-27 16:30:30+00:00,0.0275,0.0055,0.03775,0.02975
Faltec Europe Ltd,38.0,6.0,212.08,2025-03-27 16:45:30+00:00,0.016,0.00575,0.03975,0.0165
Faltec Europe Ltd,38.0,6.0,212.08,2025-03-27 17:00:30+00:00,0.0215,0.0045,0.0305,0.0245
Faltec Europe Ltd,38.0,6.0,212.08,2025-03-27 17:15:30+00:00,0.01675,0.00425,0.02575,0.01875
Faltec Europe Ltd,38.0,6.0,212.08,2025-03-27 17:30:30+00:00,0.00675,0.00175,0.01925,0.007
Faltec Europe Ltd,38.0,6.0,212.08,2025-03-27 17:45:30+00:00,0.00625,0.00125,0.011,0.0065
Faltec Europe Ltd,38.0,6.0,212.08,2025-03-27 18:00:30+00:00,0.00375,0.00075,0.0065,0.004
Faltec Europe Ltd,38.0,6.0,212.08,2025-03-27 18:15:30+00:00,0.00075,0.0005,0.00125,0.00075
Faltec Europe Ltd,38.0,6.0,212.08,2025-03-27 18:30:30+00:00,0.0,0.0,0.0,0.0
Faltec Europe Ltd,38.0,6.0,212.08,2025-03-27 18:45:30+00:00,0.0,0.0,0.0,0.0
Faltec Europe Ltd,38.0,6.0,212.08,2025-03-27 19:00:30+00:00,0.0,0.0,0.0,0.0
Faltec Europe Ltd,38.0,6.0,212.08,2025-03-27 19:15:30+00:00,0.0,0.0,0.0,0.0
Faltec Europe Ltd,38.0,6.0,212.08,2025-03-27 19:30:30+00:00,0.0,0.0,0.0,0.0
Faltec Europe Ltd,38.0,6.0,212.08,2025-03-27 19:45:30+00:00,0.0,0.0,0.0,0.0
Faltec Europe Ltd,38.0,6.0,212.08,2025-03-27 20:00:30+00:00,0.0,0.0,0.0,0.0
Faltec Europe Ltd,38.0,6.0,212.08,2025-03-27 20:15:30+00:00,0.0,0.0,0.0,0.0
Faltec Europe Ltd,38.0,6.0,212.08,2025-03-27 20:30:30+00:00,0.0,0.0,0.0,0.0
Faltec Europe Ltd,38.0,6.0,212.08,2025-03-27 20:45:30+00:00,0.0,0.0,0.0,0.0
Faltec Europe Ltd,38.0,6.0,212.08,2025-03-27 21:00:30+00:00,0.0,0.0,0.0,0.0
Faltec Europe Ltd,38.0,6.0,212.08,2025-03-27 21:15:30+00:00,0.0,0.0,0.0,0.0
Faltec Europe Ltd,38.0,6.0,212.08,2025-03-27 21:30:30+00:00,0.0,0.0,0.0,0.0
Faltec Europe Ltd,38.0,6.0,212.08,2025-03-27 21:45:30+00:00,0.0,0.0,0.0,0.0
Faltec Europe Ltd,38.0,6.0,212.08,2025-03-27 22:00:30+00:00,0.0,0.0,0.0,0.0
Faltec Europe Ltd,38.0,6.0,212.08,2025-03-27 22:15:30+00:00,0.0,0.0,0.0,0.0
Faltec Europe Ltd,38.0,6.0,212.08,2025-03-27 22:30:30+00:00,0.0,0.0,0.0,0.0
Faltec Europe Ltd,38.0,6.0,212.08,2025-03-27 22:45:30+00:00,0.0,0.0,0.0,0.0
Faltec Europe Ltd,38.0,6.0,212.08,2025-03-27 23:00:30+00:00,0.0,0.0,0.0,0.0
Faltec Europe Ltd,38.0,6.0,212.08,2025-03-27 23:15:30+00:00,0.0,0.0,0.0,0.0
Faltec Europe Ltd,38.0,6.0,212.08,2025-03-27 23:30:30+00:00,0.0,0.0,0.0,0.0
Faltec Europe Ltd,38.0,6.0,212.08,2025-03-27 23:45:30+00:00,0.0,0.0,0.0,0.0
Faltec Europe Ltd,38.0,6.0,212.08,2025-03-28 00:00:30+00:00,0.0,0.0,0.0,0.0
Faltec Europe Ltd,38.0,6.0,212.08,2025-03-28 00:15:30+00:00,0.0,0.0,0.0,0.0
Faltec Europe Ltd,38.0,6.0,212.08,2025-03-28 00:30:30+00:00,0.0,0.0,0.0,0.0
Faltec Europe Ltd,38.0,6.0,212.08,2025-03-28 00:45:30+00:00,0.0,0.0,0.0,0.0
Faltec Europe Ltd,38.0,6.0,212.08,2025-03-28 01:00:30+00:00,0.0,0.0,0.0,0.0
Faltec Europe Ltd,38.0,6.0,212.08,2025-03-28 01:15:30+00:00,0.0,0.0,0.0,0.0
Faltec Europe Ltd,38.0,6.0,212.08,2025-03-28 01:30:30+00:00,0.0,0.0,0.0,0.0
Faltec Europe Ltd,38.0,6.0,212.08,2025-03-28 01:45:30+00:00,0.0,0.0,0.0,0.0
Faltec Europe Ltd,38.0,6.0,212.08,2025-03-28 02:00:30+00:00,0.0,0.0,0.0,0.0
Faltec Europe Ltd,38.0,6.0,212.08,2025-03-28 02:15:30+00:00,0.0,0.0,0.0,0.0
Faltec Europe Ltd,38.0,6.0,212.08,2025-03-28 02:30:30+00:00,0.0,0.0,0.0,0.0
Faltec Europe Ltd,38.0,6.0,212.08,2025-03-28 02:45:30+00:00,0.0,0.0,0.0,0.0
Faltec Europe Ltd,38.0,6.0,212.08,2025-03-28 03:00:30+00:00,0.0,0.0,0.0,0.0
Faltec Europe Ltd,38.0,6.0,212.08,2025-03-28 03:15:30+00:00,0.0,0.0,0.0,0.0
Faltec Europe Ltd,38.0,6.0,212.08,2025-03-28 03:30:30+00:00,0.0,0.0,0.0,0.0
Faltec Europe Ltd,38.0,6.0,212.08,2025-03-28 03:45:30+00:00,0.0,0.0,0.0,0.0
Faltec Europe Ltd,38.0,6.0,212.08,2025-03-28 04:00:30+00:00,0.0,0.0,0.0,0.0
Faltec Europe Ltd,38.0,6.0,212.08,2025-03-28 04:15:30+00:00,0.0,0.0,0.0,0.0
Faltec Europe Ltd,38.0,6.0,212.08,2025-03-28 04:30:30+00:00,0.0,0.0,0.0,0.0
Faltec Europe Ltd,38.0,6.0,212.08,2025-03-28 04:45:30+00:00,0.0,0.0,0.0,0.0
Faltec Europe Ltd,38.0,6.0,212.08,2025-03-28 05:00:30+00:00,0.0,0.0,0.0,0.0
Faltec Europe Ltd,38.0,6.0,212.08,2025-03-28 05:15:30+00:00,0.0,0.0,0.0,0.0
Faltec Europe Ltd,38.0,6.0,212.08,2025-03-28 05:30:30+00:00,0.0,0.0,0.0,0.0
Faltec Europe Ltd,38.0,6.0,212.08,2025-03-28 05:45:30+00:00,0.00025,0.00025,0.00025,0.00025
Faltec Europe Ltd,38.0,6.0,212.08,2025-03-28 06:00:30+00:00,0.00375,0.0015,0.00525,0.0035
Faltec Europe Ltd,38.0,6.0,212.08,2025-03-28 06:15:30+00:00,0.01125,0.0055,0.01525,0.009
Faltec Europe Ltd,38.0,6.0,212.08,2025-03-28 06:30:30+00:00,0.024,0.00475,0.02575,0.02
Faltec Europe Ltd,38.0,6.0,212.08,2025-03-28 06:45:30+00:00,0.01625,0.0055,0.03325,0.015
Faltec Europe Ltd,38.0,6.0,212.08,2025-03-28 07:00:30+00:00,0.0275,0.01,0.0445,0.02525
Faltec Europe Ltd,38.0,6.0,212.08,2025-03-28 07:15:30+00:00,0.04475,0.01825,0.056,0.04075
Faltec Europe Ltd,38.0,6.0,212.08,2025-03-28 07:30:30+00:00,0.04025,0.02125,0.0645,0.038
Faltec Europe Ltd,38.0,6.0,212.08,2025-03-28 07:45:30+00:00,0.04675,0.022,0.07025,0.045
Faltec Europe Ltd,38.0,6.0,212.08,2025-03-28 08:00:30+00:00,0.05075,0.017,0.07525,0.04925
Faltec Europe Ltd,38.0,6.0,212.08,2025-03-28 08:15:30+00:00,0.04025,0.0235,0.08425,0.03975
Faltec Europe Ltd,38.0,6.0,212.08,2025-03-28 08:30:30+00:00,0.07225,0.03075,0.10025,0.071
Faltec Europe Ltd,38.0,6.0,212.08,2025-03-28 08:45:30+00:00,0.08275,0.0405,0.111,0.08175
Faltec Europe Ltd,38.0,6.0,212.08,2025-03-28 09:00:30+00:00,0.07625,0.037,0.1175,0.07625
Faltec Europe Ltd,38.0,6.0,212.08,2025-03-28 09:15:30+00:00,0.07275,0.026,0.1135,0.07325
Faltec Europe Ltd,38.0,6.0,212.08,2025-03-28 09:30:30+00:00,0.05975,0.033,0.12825,0.0605
Faltec Europe Ltd,38.0,6.0,212.08,2025-03-28 09:45:30+00:00,0.108,0.0425,0.13875,0.1105
Faltec Europe Ltd,38.0,6.0,212.08,2025-03-28 10:00:30+00:00,0.108,0.05575,0.14425,0.11125
Faltec Europe Ltd,38.0,6.0,212.08,2025-03-28 10:15:30+00:00,0.10525,0.05125,0.14925,0.109
Faltec Europe Ltd,38.0,6.0,212.08,2025-03-28 10:30:30+00:00,0.10175,0.035,0.151,0.10575
Faltec Europe Ltd,38.0,6.0,212.08,2025-03-28 10:45:30+00:00,0.0715,0.039,0.159,0.07375
Faltec Europe Ltd,38.0,6.0,212.08,2025-03-28 11:00:30+00:00,0.1265,0.0465,0.159,0.1335
Faltec Europe Ltd,38.0,6.0,212.08,2025-03-28 11:15:30+00:00,0.132,0.077,0.16025,0.14075
Faltec Europe Ltd,38.0,6.0,212.08,2025-03-28 11:30:30+00:00,0.1235,0.089,0.162,0.132
Faltec Europe Ltd,38.0,6.0,212.08,2025-03-28 11:45:30+00:00,0.12275,0.0945,0.1465,0.13175
Faltec Europe Ltd,38.0,6.0,212.08,2025-03-28 12:00:30+00:00,0.11525,0.0955,0.1525,0.124
Faltec Europe Ltd,38.0,6.0,212.08,2025-03-28 12:15:30+00:00,0.131,0.09725,0.15775,0.14325
Faltec Europe Ltd,38.0,6.0,212.08,2025-03-28 12:30:30+00:00,0.13575,0.10825,0.15625,0.151
Faltec Europe Ltd,38.0,6.0,212.08,2025-03-28 12:45:30+00:00,0.13075,0.11325,0.14875,0.14625
Faltec Europe Ltd,38.0,6.0,212.08,2025-03-28 13:00:30+00:00,0.12675,0.11375,0.14225,0.142
Faltec Europe Ltd,38.0,6.0,212.08,2025-03-28 13:15:30+00:00,0.1255,0.1005,0.14575,0.142
Faltec Europe Ltd,38.0,6.0,212.08,2025-03-28 13:30:30+00:00,0.1185,0.08075,0.1435,0.13375
Faltec Europe Ltd,38.0,6.0,212.08,2025-03-28 13:45:30+00:00,0.10625,0.05875,0.14075,0.11875
Faltec Europe Ltd,38.0,6.0,212.08,2025-03-28 14:00:30+00:00,0.086,0.043,0.13275,0.09425
Faltec Europe Ltd,38.0,6.0,212.08,2025-03-28 14:15:30+00:00,0.06975,0.0395,0.12275,0.07525
Faltec Europe Ltd,38.0,6.0,212.08,2025-03-28 14:30:30+00:00,0.0835,0.031,0.116,0.09275
Faltec Europe Ltd,38.0,6.0,212.08,2025-03-28 14:45:30+00:00,0.069,0.0365,0.1185,0.0765
Faltec Europe Ltd,38.0,6.0,212.08,2025-03-28 15:00:30+00:00,0.086,0.03925,0.106,0.10025
Faltec Europe Ltd,38.0,6.0,212.08,2025-03-28 15:15:30+00:00,0.08975,0.04875,0.09675,0.10675
Faltec Europe Ltd,38.0,6.0,212.08,2025-03-28 15:30:30+00:00,0.07425,0.044,0.0905,0.087
Faltec Europe Ltd,38.0,6.0,212.08,2025-03-28 15:45:30+00:00,0.05575,0.03975,0.08425,0.064
Faltec Europe Ltd,38.0,6.0,212.08,2025-03-28 16:00:30+00:00,0.05825,0.0355,0.073,0.0695
Faltec Europe Ltd,38.0,6.0,212.08,2025-03-28 16:15:30+00:00,0.054,0.03625,0.0615,0.0675
Faltec Europe Ltd,38.0,6.0,212.08,2025-03-28 16:30:30+00:00,0.04775,0.03075,0.05325,0.06025
Faltec Europe Ltd,38.0,6.0,212.08,2025-03-28 16:45:30+00:00,0.03375,0.027,0.04725,0.04075
Faltec Europe Ltd,38.0,6.0,212.08,2025-03-28 17:00:30+00:00,0.03225,0.02,0.0375,0.04
Faltec Europe Ltd,38.0,6.0,212.08,2025-03-28 17:15:30+00:00,0.0235,0.01625,0.0285,0.03
Faltec Europe Ltd,38.0,6.0,212.08,2025-03-28 17:30:30+00:00,0.01525,0.0105,0.019,0.02125
Faltec Europe Ltd,38.0,6.0,212.08,2025-03-28 17:45:30+00:00,0.00925,0.00625,0.0115,0.01375
Faltec Europe Ltd,38.0,6.0,212.08,2025-03-28 18:00:30+00:00,0.00525,0.0035,0.00675,0.00675
Faltec Europe Ltd,38.0,6.0,212.08,2025-03-28 18:15:30+00:00,0.0015,0.001,0.002,0.00175
Faltec Europe Ltd,38.0,6.0,212.08,2025-03-28 18:30:30+00:00,0.0,0.0,0.0,0.0
Faltec Europe Ltd,38.0,6.0,212.08,2025-03-28 18:45:30+00:00,0.0,0.0,0.0,0.0
Faltec Europe Ltd,38.0,6.0,212.08,2025-03-28 19:00:30+00:00,0.0,0.0,0.0,0.0
Faltec Europe Ltd,38.0,6.0,212.08,2025-03-28 19:15:30+00:00,0.0,0.0,0.0,0.0
Faltec Europe Ltd,38.0,6.0,212.08,2025-03-28 19:30:30+00:00,0.0,0.0,0.0,0.0
Faltec Europe Ltd,38.0,6.0,212.08,2025-03-28 19:45:30+00:00,0.0,0.0,0.0,0.0
Faltec Europe Ltd,38.0,6.0,212.08,2025-03-28 20:00:30+00:00,0.0,0.0,0.0,0.0
Faltec Europe Ltd,38.0,6.0,212.08,2025-03-28 20:15:30+00:00,0.0,0.0,0.0,0.0
Faltec Europe Ltd,38.0,6.0,212.08,2025-03-28 20:30:30+00:00,0.0,0.0,0.0,0.0
Faltec Europe Ltd,38.0,6.0,212.08,2025-03-28 20:45:30+00:00,0.0,0.0,0.0,0.0
Faltec Europe Ltd,38.0,6.0,212.08,2025-03-28 21:00:30+00:00,0.0,0.0,0.0,0.0
Faltec Europe Ltd,38.0,6.0,212.08,2025-03-28 21:15:30+00:00,0.0,0.0,0.0,0.0
Faltec Europe Ltd,38.0,6.0,212.08,2025-03-28 21:30:30+00:00,0.0,0.0,0.0,0.0
Faltec Europe Ltd,38.0,6.0,212.08,2025-03-28 21:45:30+00:00,0.0,0.0,0.0,0.0
Faltec Europe Ltd,38.0,6.0,212.08,2025-03-28 22:00:30+00:00,0.0,0.0,0.0,0.0
Faltec Europe Ltd,38.0,6.0,212.08,2025-03-28 22:15:30+00:00,0.0,0.0,0.0,0.0
Faltec Europe Ltd,38.0,6.0,212.08,2025-03-28 22:30:30+00:00,0.0,0.0,0.0,0.0
Faltec Europe Ltd,38.0,6.0,212.08,2025-03-28 22:45:30+00:00,0.0,0.0,0.0,0.0
Faltec Europe Ltd,38.0,6.0,212.08,2025-03-28 23:00:30+00:00,0.0,0.0,0.0,0.0
Faltec Europe Ltd,38.0,6.0,212.08,2025-03-28 23:15:30+00:00,0.0,0.0,0.0,0.0
Faltec Europe Ltd,38.0,6.0,212.08,2025-03-28 23:30:30+00:00,0.0,0.0,0.0,0.0
Faltec Europe Ltd,38.0,6.0,212.08,2025-03-28 23:45:30+00:00,0.0,0.0,0.0,0.0
Faltec Europe Ltd,38.0,6.0,212.08,2025-03-29 00:00:30+00:00,0.0,0.0,0.0,0.0
Faltec Europe Ltd,38.0,6.0,212.08,2025-03-29 00:15:30+00:00,0.0,0.0,0.0,0.0
Faltec Europe Ltd,38.0,6.0,212.08,2025-03-29 00:30:30+00:00,0.0,0.0,0.0,0.0
Faltec Europe Ltd,38.0,6.0,212.08,2025-03-29 00:45:30+00:00,0.0,0.0,0.0,0.0
Faltec Europe Ltd,38.0,6.0,212.08,2025-03-29 01:00:30+00:00,0.0,0.0,0.0,0.0
Faltec Europe Ltd,38.0,6.0,212.08,2025-03-29 01:15:30+00:00,0.0,0.0,0.0,0.0
Faltec Europe Ltd,38.0,6.0,212.08,2025-03-29 01:30:30+00:00,0.0,0.0,0.0,0.0
Faltec Europe Ltd,38.0,6.0,212.08,2025-03-29 01:45:30+00:00,0.0,0.0,0.0,0.0
Faltec Europe Ltd,38.0,6.0,212.08,2025-03-29 02:00:30+00:00,0.0,0.0,0.0,0.0
Faltec Europe Ltd,38.0,6.0,212.08,2025-03-29 02:15:30+00:00,0.0,0.0,0.0,0.0
Faltec Europe Ltd,38.0,6.0,212.08,2025-03-29 02:30:30+00:00,0.0,0.0,0.0,0.0
Faltec Europe Ltd,38.0,6.0,212.08,2025-03-29 02:45:30+00:00,0.0,0.0,0.0,0.0
Faltec Europe Ltd,38.0,6.0,212.08,2025-03-29 03:00:30+00:00,0.0,0.0,0.0,0.0
Faltec Europe Ltd,38.0,6.0,212.08,2025-03-29 03:15:30+00:00,0.0,0.0,0.0,0.0
Faltec Europe Ltd,38.0,6.0,212.08,2025-03-29 03:30:30+00:00,0.0,0.0,0.0,0.0
Faltec Europe Ltd,38.0,6.0,212.08,2025-03-29 03:45:30+00:00,0.0,0.0,0.0,0.0
Faltec Europe Ltd,38.0,6.0,212.08,2025-03-29 04:00:30+00:00,0.0,0.0,0.0,0.0
Faltec Europe Ltd,38.0,6.0,212.08,2025-03-29 04:15:30+00:00,0.0,0.0,0.0,0.0
Faltec Europe Ltd,38.0,6.0,212.08,2025-03-29 04:30:30+00:00,0.0,0.0,0.0,0.0
Faltec Europe Ltd,38.0,6.0,212.08,2025-03-29 04:45:30+00:00,0.0,0.0,0.0,0.0
Faltec Europe Ltd,38.0,6.0,212.08,2025-03-29 05:00:30+00:00,0.0,0.0,0.0,0.0
Faltec Europe Ltd,38.0,6.0,212.08,2025-03-29 05:15:30+00:00,0.0,0.0,0.0,0.0
Faltec Europe Ltd,38.0,6.0,212.08,2025-03-29 05:30:30+00:00,0.0,0.0,0.0,0.0
Faltec Europe Ltd,38.0,6.0,212.08,2025-03-29 05:45:30+00:00,0.00075,0.0005,0.00075,0.00075
Faltec Europe Ltd,38.0,6.0,212.08,2025-03-29 06:00:30+00:00,0.00775,0.00575,0.009,0.005
Faltec Europe Ltd,38.0,6.0,212.08,2025-03-29 06:15:30+00:00,0.01775,0.00925,0.02,0.01225
Faltec Europe Ltd,38.0,6.0,212.08,2025-03-29 06:30:30+00:00,0.0255,0.01,0.029,0.02025
Faltec Europe Ltd,38.0,6.0,212.08,2025-03-29 06:45:30+00:00,0.02625,0.00525,0.03725,0.023
Faltec Europe Ltd,38.0,6.0,212.08,2025-03-29 07:00:30+00:00,0.01825,0.00375,0.0415,0.0175
Faltec Europe Ltd,38.0,6.0,212.08,2025-03-29 07:15:30+00:00,0.026,0.008,0.04275,0.025
Faltec Europe Ltd,38.0,6.0,212.08,2025-03-29 07:30:30+00:00,0.0315,0.0175,0.04525,0.03075
Faltec Europe Ltd,38.0,6.0,212.08,2025-03-29 07:45:30+00:00,0.0365,0.02575,0.048,0.03575
Faltec Europe Ltd,38.0,6.0,212.08,2025-03-29 08:00:30+00:00,0.0425,0.02775,0.05225,0.042
Faltec Europe Ltd,38.0,6.0,212.08,2025-03-29 08:15:30+00:00,0.04075,0.0295,0.05825,0.0405
Faltec Europe Ltd,38.0,6.0,212.08,2025-03-29 08:30:30+00:00,0.04825,0.02925,0.071,0.04825
Faltec Europe Ltd,38.0,6.0,212.08,2025-03-29 08:45:30+00:00,0.06075,0.03275,0.086,0.06075
Faltec Europe Ltd,38.0,6.0,212.08,2025-03-29 09:00:30+00:00,0.06825,0.037,0.10725,0.06875
Faltec Europe Ltd,38.0,6.0,212.08,2025-03-29 09:15:30+00:00,0.0865,0.0315,0.11175,0.08725
Faltec Europe Ltd,38.0,6.0,212.08,2025-03-29 09:30:30+00:00,0.0595,0.016,0.1165,0.06025
Faltec Europe Ltd,38.0,6.0,212.08,2025-03-29 09:45:30+00:00,0.0525,0.0105,0.12525,0.053
Faltec Europe Ltd,38.0,6.0,212.08,2025-03-29 10:00:30+00:00,0.08875,0.024,0.14625,0.091
Faltec Europe Ltd,38.0,6.0,212.08,2025-03-29 10:15:30+00:00,0.12225,0.05475,0.15,0.127
Faltec Europe Ltd,38.0,6.0,212.08,2025-03-29 10:30:30+00:00,0.128,0.08425,0.1535,0.13425
Faltec Europe Ltd,38.0,6.0,212.08,2025-03-29 10:45:30+00:00,0.1355,0.09575,0.156,0.1435
Faltec Europe Ltd,38.0,6.0,212.08,2025-03-29 11:00:30+00:00,0.139,0.0915,0.15875,0.148
Faltec Europe Ltd,38.0,6.0,212.08,2025-03-29 11:15:30+00:00,0.12375,0.0685,0.16225,0.13125
Faltec Europe Ltd,38.0,6.0,212.08,2025-03-29 11:30:30+00:00,0.10075,0.05375,0.16075,0.106
Faltec Europe Ltd,38.0,6.0,212.08,2025-03-29 11:45:30+00:00,0.09575,0.0535,0.14025,0.1005
Faltec Europe Ltd,38.0,6.0,212.08,2025-03-29 12:00:30+00:00,0.09325,0.05875,0.12325,0.098
Faltec Europe Ltd,38.0,6.0,212.08,2025-03-29 12:15:30+00:00,0.08425,0.06,0.117,0.08825
Faltec Europe Ltd,38.0,6.0,212.08,2025-03-29 12:30:30+00:00,0.0865,0.046,0.11825,0.091
Faltec Europe Ltd,38.0,6.0,212.08,2025-03-29 12:45:30+00:00,0.07575,0.02775,0.1215,0.07925
Faltec Europe Ltd,38.0,6.0,212.08,2025-03-29 13:00:30+00:00,0.06075,0.012,0.11375,0.063
Faltec Europe Ltd,38.0,6.0,212.08,2025-03-29 13:15:30+00:00,0.0435,0.012,0.09825,0.04425
Faltec Europe Ltd,38.0,6.0,212.08,2025-03-29 13:30:30+00:00,0.033,0.01175,0.07525,0.0335
Faltec Europe Ltd,38.0,6.0,212.08,2025-03-29 13:45:30+00:00,0.02325,0.0115,0.0555,0.0235
Faltec Europe Ltd,38.0,6.0,212.08,2025-03-29 14:00:30+00:00,0.02175,0.011,0.0425,0.022
Faltec Europe Ltd,38.0,6.0,212.08,2025-03-29 14:15:30+00:00,0.02025,0.01075,0.04,0.0205
Faltec Europe Ltd,38.0,6.0,212.08,2025-03-29 14:30:30+00:00,0.0185,0.01025,0.0445,0.0185
Faltec Europe Ltd,38.0,6.0,212.08,2025-03-29 14:45:30+00:00,0.024,0.0095,0.0525,0.02425
Faltec Europe Ltd,38.0,6.0,212.08,2025-03-29 15:00:30+00:00,0.0315,0.009,0.05775,0.03225
Faltec Europe Ltd,38.0,6.0,212.08,2025-03-29 15:15:30+00:00,0.037,0.01175,0.05675,0.038
Faltec Europe Ltd,38.0,6.0,212.08,2025-03-29 15:30:30+00:00,0.03425,0.0075,0.05675,0.03525
Faltec Europe Ltd,38.0,6.0,212.08,2025-03-29 15:45:30+00:00,0.0215,0.007,0.06025,0.02175
Faltec Europe Ltd,38.0,6.0,212.08,2025-03-29 16:00:30+00:00,0.03025,0.00625,0.066,0.03175
Faltec Europe Ltd,38.0,6.0,212.08,2025-03-29 16:15:30+00:00,0.041,0.00825,0.06325,0.0465
Faltec Europe Ltd,38.0,6.0,212.08,2025-03-29 16:30:30+00:00,0.0345,0.00675,0.059,0.039
Faltec Europe Ltd,38.0,6.0,212.08,2025-03-29 16:45:30+00:00,0.023,0.0045,0.0475,0.02475
Faltec Europe Ltd,38.0,6.0,212.08,2025-03-29 17:00:30+00:00,0.009,0.0035,0.03475,0.00925
Faltec Europe Ltd,38.0,6.0,212.08,2025-03-29 17:15:30+00:00,0.00625,0.00275,0.02175,0.00625
Faltec Europe Ltd,38.0,6.0,212.08,2025-03-29 17:30:30+00:00,0.00325,0.002,0.013,0.00325
Faltec Europe Ltd,38.0,6.0,212.08,2025-03-29 17:45:30+00:00,0.00125,0.00075,0.0055,0.00125
Faltec Europe Ltd,38.0,6.0,212.08,2025-03-29 18:00:30+00:00,0.00075,0.0005,0.00275,0.00075
Faltec Europe Ltd,38.0,6.0,212.08,2025-03-29 18:15:30+00:00,0.00025,0.00025,0.00075,0.00025
Faltec Europe Ltd,38.0,6.0,212.08,2025-03-29 18:30:30+00:00,0.0,0.0,0.0,0.0
Faltec Europe Ltd,38.0,6.0,212.08,2025-03-29 18:45:30+00:00,0.0,0.0,0.0,0.0
Faltec Europe Ltd,38.0,6.0,212.08,2025-03-29 19:00:30+00:00,0.0,0.0,0.0,0.0
Faltec Europe Ltd,38.0,6.0,212.08,2025-03-29 19:15:30+00:00,0.0,0.0,0.0,0.0
Faltec Europe Ltd,38.0,6.0,212.08,2025-03-29 19:30:30+00:00,0.0,0.0,0.0,0.0
Faltec Europe Ltd,38.0,6.0,212.08,2025-03-29 19:45:30+00:00,0.0,0.0,0.0,0.0
Faltec Europe Ltd,38.0,6.0,212.08,2025-03-29 20:00:30+00:00,0.0,0.0,0.0,0.0
Faltec Europe Ltd,38.0,6.0,212.08,2025-03-29 20:15:30+00:00,0.0,0.0,0.0,0.0
Faltec Europe Ltd,38.0,6.0,212.08,2025-03-29 20:30:30+00:00,0.0,0.0,0.0,0.0
Faltec Europe Ltd,38.0,6.0,212.08,2025-03-29 20:45:30+00:00,0.0,0.0,0.0,0.0
Faltec Europe Ltd,38.0,6.0,212.08,2025-03-29 21:00:30+00:00,0.0,0.0,0.0,0.0
Faltec Europe Ltd,38.0,6.0,212.08,2025-03-29 21:15:30+00:00,0.0,0.0,0.0,0.0
Faltec Europe Ltd,38.0,6.0,212.08,2025-03-29 21:30:30+00:00,0.0,0.0,0.0,0.0
Faltec Europe Ltd,38.0,6.0,212.08,2025-03-29 21:45:30+00:00,0.0,0.0,0.0,0.0
Faltec Europe Ltd,38.0,6.0,212.08,2025-03-29 22:00:30+00:00,0.0,0.0,0.0,0.0
Faltec Europe Ltd,38.0,6.0,212.08,2025-03-29 22:15:30+00:00,0.0,0.0,0.0,0.0
Faltec Europe Ltd,38.0,6.0,212.08,2025-03-29 22:30:30+00:00,0.0,0.0,0.0,0.0
Faltec Europe Ltd,38.0,6.0,212.08,2025-03-29 22:45:30+00:00,0.0,0.0,0.0,0.0
Faltec Europe Ltd,38.0,6.0,212.08,2025-03-29 23:00:30+00:00,0.0,0.0,0.0,0.0
Faltec Europe Ltd,38.0,6.0,212.08,2025-03-29 23:15:30+00:00,0.0,0.0,0.0,0.0
Faltec Europe Ltd,38.0,6.0,212.08,2025-03-29 23:30:30+00:00,0.0,0.0,0.0,0.0
Faltec Europe Ltd,38.0,6.0,212.08,2025-03-29 23:45:30+00:00,0.0,0.0,0.0,0.0
Faltec Europe Ltd,38.0,6.0,212.08,2025-03-30 00:00:30+00:00,0.0,0.0,0.0,0.0
Faltec Europe Ltd,38.0,6.0,212.08,2025-03-30 00:15:30+00:00,0.0,0.0,0.0,0.0
Faltec Europe Ltd,38.0,6.0,212.08,2025-03-30 00:30:30+00:00,0.0,0.0,0.0,0.0
Faltec Europe Ltd,38.0,6.0,212.08,2025-03-30 00:45:30+00:00,0.0,0.0,0.0,0.0
Faltec Europe Ltd,38.0,6.0,212.08,2025-03-30 01:00:30+00:00,0.0,0.0,0.0,0.0
Faltec Europe Ltd,38.0,6.0,212.08,2025-03-30 01:15:30+00:00,0.0,0.0,0.0,0.0
Faltec Europe Ltd,38.0,6.0,212.08,2025-03-30 01:30:30+00:00,0.0,0.0,0.0,0.0
Faltec Europe Ltd,38.0,6.0,212.08,2025-03-30 01:45:30+00:00,0.0,0.0,0.0,0.0
Faltec Europe Ltd,38.0,6.0,212.08,2025-03-30 02:00:30+00:00,0.0,0.0,0.0,0.0
Faltec Europe Ltd,38.0,6.0,212.08,2025-03-30 02:15:30+00:00,0.0,0.0,0.0,0.0
Faltec Europe Ltd,38.0,6.0,212.08,2025-03-30 02:30:30+00:00,0.0,0.0,0.0,0.0
Faltec Europe Ltd,38.0,6.0,212.08,2025-03-30 02:45:30+00:00,0.0,0.0,0.0,0.0
Faltec Europe Ltd,38.0,6.0,212.08,2025-03-30 03:00:30+00:00,0.0,0.0,0.0,0.0
Faltec Europe Ltd,38.0,6.0,212.08,2025-03-30 03:15:30+00:00,0.0,0.0,0.0,0.0
Faltec Europe Ltd,38.0,6.0,212.08,2025-03-30 03:30:30+00:00,0.0,0.0,0.0,0.0
Faltec Europe Ltd,38.0,6.0,212.08,2025-03-30 03:45:30+00:00,0.0,0.0,0.0,0.0
Faltec Europe Ltd,38.0,6.0,212.08,2025-03-30 04:00:30+00:00,0.0,0.0,0.0,0.0
Faltec Europe Ltd,38.0,6.0,212.08,2025-03-30 04:15:30+00:00,0.0,0.0,0.0,0.0
Faltec Europe Ltd,38.0,6.0,212.08,2025-03-30 04:30:30+00:00,0.0,0.0,0.0,0.0
Faltec Europe Ltd,38.0,6.0,212.08,2025-03-30 04:45:30+00:00,0.0,0.0,0.0,0.0
Faltec Europe Ltd,38.0,6.0,212.08,2025-03-30 05:00:30+00:00,0.0,0.0,0.0,0.0
Faltec Europe Ltd,38.0,6.0,212.08,2025-03-30 05:15:30+00:00,0.0,0.0,0.0,0.0
Faltec Europe Ltd,38.0,6.0,212.08,2025-03-30 05:30:30+00:00,0.0,0.0,0.0,0.0
Faltec Europe Ltd,38.0,6.0,212.08,2025-03-30 05:45:30+00:00,0.00125,0.00075,0.0015,0.00125
Faltec Europe Ltd,38.0,6.0,212.08,2025-03-30 06:00:30+00:00,0.009,0.00675,0.01075,0.006
Faltec Europe Ltd,38.0,6.0,212.08,2025-03-30 06:15:30+00:00,0.01875,0.01325,0.02175,0.01325
Faltec Europe Ltd,38.0,6.0,212.08,2025-03-30 06:30:30+00:00,0.028,0.02075,0.032,0.0215
Faltec Europe Ltd,38.0,6.0,212.08,2025-03-30 06:45:30+00:00,0.0375,0.02875,0.04225,0.03025
Faltec Europe Ltd,38.0,6.0,212.08,2025-03-30 07:00:30+00:00,0.047,0.0375,0.05225,0.0395
Faltec Europe Ltd,38.0,6.0,212.08,2025-03-30 07:15:30+00:00,0.05625,0.0465,0.06225,0.049
Faltec Europe Ltd,38.0,6.0,212.08,2025-03-30 07:30:30+00:00,0.06475,0.05575,0.07175,0.05825
Faltec Europe Ltd,38.0,6.0,212.08,2025-03-30 07:45:30+00:00,0.07325,0.065,0.081,0.0675
Faltec Europe Ltd,38.0,6.0,212.08,2025-03-30 08:00:30+00:00,0.08175,0.07425,0.089,0.0765
Faltec Europe Ltd,38.0,6.0,212.08,2025-03-30 08:15:30+00:00,0.08975,0.0835,0.0955,0.0855
Faltec Europe Ltd,38.0,6.0,212.08,2025-03-30 08:30:30+00:00,0.097,0.092,0.102,0.09425
Faltec Europe Ltd,38.0,6.0,212.08,2025-03-30 08:45:30+00:00,0.10425,0.09975,0.1085,0.1025
Faltec Europe Ltd,38.0,6.0,212.08,2025-03-30 09:00:30+00:00,0.11075,0.1065,0.11525,0.11025
Faltec Europe Ltd,38.0,6.0,212.08,2025-03-30 09:15:30+00:00,0.11725,0.1125,0.1215,0.118
Faltec Europe Ltd,38.0,6.0,212.08,2025-03-30 09:30:30+00:00,0.12275,0.118,0.12725,0.125
Faltec Europe Ltd,38.0,6.0,212.08,2025-03-30 09:45:30+00:00,0.12775,0.12275,0.1325,0.13125
Faltec Europe Ltd,38.0,6.0,212.08,2025-03-30 10:00:30+00:00,0.13225,0.127,0.13725,0.13725
Faltec Europe Ltd,38.0,6.0,212.08,2025-03-30 10:15:30+00:00,0.13625,0.1305,0.1415,0.14275
Faltec Europe Ltd,38.0,6.0,212.08,2025-03-30 10:30:30+00:00,0.13975,0.133,0.14575,0.14725
Faltec Europe Ltd,38.0,6.0,212.08,2025-03-30 10:45:30+00:00,0.142,0.133,0.15025,0.151
Faltec Europe Ltd,38.0,6.0,212.08,2025-03-30 11:00:30+00:00,0.14325,0.1325,0.15325,0.1535
Faltec Europe Ltd,38.0,6.0,212.08,2025-03-30 11:15:30+00:00,0.1435,0.13025,0.1545,0.1545
Faltec Europe Ltd,38.0,6.0,212.08,2025-03-30 11:30:30+00:00,0.1405,0.1295,0.15475,0.152
Faltec Europe Ltd,38.0,6.0,212.08,2025-03-30 11:45:30+00:00,0.142,0.12775,0.15225,0.155
Faltec Europe Ltd,38.0,6.0,212.08,2025-03-30 12:00:30+00:00,0.138,0.125,0.15225,0.15125
Faltec Europe Ltd,38.0,6.0,212.08,2025-03-30 12:15:30+00:00,0.1355,0.11925,0.15325,0.14925
Faltec Europe Ltd,38.0,6.0,212.08,2025-03-30 12:30:30+00:00,0.135,0.1115,0.15275,0.14925
Faltec Europe Ltd,38.0,6.0,212.08,2025-03-30 12:45:30+00:00,0.12625,0.1,0.15125,0.1395
Faltec Europe Ltd,38.0,6.0,212.08,2025-03-30 13:00:30+00:00,0.11575,0.0865,0.15325,0.127
Faltec Europe Ltd,38.0,6.0,212.08,2025-03-30 13:15:30+00:00,0.115,0.06675,0.15125,0.12775
Faltec Europe Ltd,38.0,6.0,212.08,2025-03-30 13:30:30+00:00,0.1005,0.04775,0.14875,0.11025
Faltec Europe Ltd,38.0,6.0,212.08,2025-03-30 13:45:30+00:00,0.07925,0.0325,0.132,0.08475
Faltec Europe Ltd,38.0,6.0,212.08,2025-03-30 14:00:30+00:00,0.064,0.02875,0.10725,0.0675
Faltec Europe Ltd,38.0,6.0,212.08,2025-03-30 14:15:30+00:00,0.059,0.03275,0.08975,0.062
Faltec Europe Ltd,38.0,6.0,212.08,2025-03-30 14:30:30+00:00,0.06,0.03625,0.08775,0.0635
Faltec Europe Ltd,38.0,6.0,212.08,2025-03-30 14:45:30+00:00,0.06575,0.03375,0.093,0.0705
Faltec Europe Ltd,38.0,6.0,212.08,2025-03-30 15:00:30+00:00,0.06475,0.03775,0.0965,0.07
Faltec Europe Ltd,38.0,6.0,212.08,2025-03-30 15:15:30+00:00,0.06875,0.042,0.091,0.07675
Faltec Europe Ltd,38.0,6.0,212.08,2025-03-30 15:30:30+00:00,0.0665,0.046,0.08075,0.076
Faltec Europe Ltd,38.0,6.0,212.08,2025-03-30 15:45:30+00:00,0.05675,0.04625,0.07525,0.064
Faltec Europe Ltd,38.0,6.0,212.08,2025-03-30 16:00:30+00:00,0.05625,0.042,0.0655,0.066
Faltec Europe Ltd,38.0,6.0,212.08,2025-03-30 16:15:30+00:00,0.04925,0.03825,0.061,0.05875
Faltec Europe Ltd,38.0,6.0,212.08,2025-03-30 16:30:30+00:00,0.04275,0.0325,0.05375,0.05225
Faltec Europe Ltd,38.0,6.0,212.08,2025-03-30 16:45:30+00:00,0.037,0.028,0.04575,0.047
Faltec Europe Ltd,38.0,6.0,212.08,2025-03-30 17:00:30+00:00,0.03125,0.023,0.037,0.041
Faltec Europe Ltd,38.0,6.0,212.08,2025-03-30 17:15:30+00:00,0.02425,0.01775,0.02825,0.03325
Faltec Europe Ltd,38.0,6.0,212.08,2025-03-30 17:30:30+00:00,0.01775,0.01225,0.0205,0.02525
Faltec Europe Ltd,38.0,6.0,212.08,2025-03-30 17:45:30+00:00,0.011,0.00725,0.014,0.0155
Faltec Europe Ltd,38.0,6.0,212.08,2025-03-30 18:00:30+00:00,0.0055,0.0035,0.0075,0.008
Faltec Europe Ltd,38.0,6.0,212.08,2025-03-30 18:15:30+00:00,0.0025,0.00175,0.00325,0.00275
Faltec Europe Ltd,38.0,6.0,212.08,2025-03-30 18:30:30+00:00,0.00025,0.00025,0.0005,0.00025
Faltec Europe Ltd,38.0,6.0,212.08,2025-03-30 18:45:30+00:00,0.0,0.0,0.0,0.0
Faltec Europe Ltd,38.0,6.0,212.08,2025-03-30 19:00:30+00:00,0.0,0.0,0.0,0.0
Faltec Europe Ltd,38.0,6.0,212.08,2025-03-30 19:15:30+00:00,0.0,0.0,0.0,0.0
Faltec Europe Ltd,38.0,6.0,212.08,2025-03-30 19:30:30+00:00,0.0,0.0,0.0,0.0
Faltec Europe Ltd,38.0,6.0,212.08,2025-03-30 19:45:30+00:00,0.0,0.0,0.0,0.0
Faltec Europe Ltd,38.0,6.0,212.08,2025-03-30 20:00:30+00:00,0.0,0.0,0.0,0.0
Faltec Europe Ltd,38.0,6.0,212.08,2025-03-30 20:15:30+00:00,0.0,0.0,0.0,0.0
Faltec Europe Ltd,38.0,6.0,212.08,2025-03-30 20:30:30+00:00,0.0,0.0,0.0,0.0
Faltec Europe Ltd,38.0,6.0,212.08,2025-03-30 20:45:30+00:00,0.0,0.0,0.0,0.0
Faltec Europe Ltd,38.0,6.0,212.08,2025-03-30 21:00:30+00:00,0.0,0.0,0.0,0.0
Faltec Europe Ltd,38.0,6.0,212.08,2025-03-30 21:15:30+00:00,0.0,0.0,0.0,0.0
Faltec Europe Ltd,38.0,6.0,212.08,2025-03-30 21:30:30+00:00,0.0,0.0,0.0,0.0
Faltec Europe Ltd,38.0,6.0,212.08,2025-03-30 21:45:30+00:00,0.0,0.0,0.0,0.0
Faltec Europe Ltd,38.0,6.0,212.08,2025-03-30 22:00:30+00:00,0.0,0.0,0.0,0.0
Faltec Europe Ltd,38.0,6.0,212.08,2025-03-30 22:15:30+00:00,0.0,0.0,0.0,0.0
Faltec Europe Ltd,38.0,6.0,212.08,2025-03-30 22:30:30+00:00,0.0,0.0,0.0,0.0
Faltec Europe Ltd,38.0,6.0,212.08,2025-03-30 22:45:30+00:00,0.0,0.0,0.0,0.0
Faltec Europe Ltd,38.0,6.0,212.08,2025-03-30 23:00:30+00:00,0.0,0.0,0.0,0.0
Faltec Europe Ltd,38.0,6.0,212.08,2025-03-30 23:15:30+00:00,0.0,0.0,0.0,0.0
Faltec Europe Ltd,38.0,6.0,212.08,2025-03-30 23:30:30+00:00,0.0,0.0,0.0,0.0
Faltec Europe Ltd,38.0,6.0,212.08,2025-03-30 23:45:30+00:00,0.0,0.0,0.0,0.0
Faltec Europe Ltd,38.0,6.0,212.08,2025-03-31 00:00:30+00:00,0.0,0.0,0.0,0.0
Faltec Europe Ltd,38.0,6.0,212.08,2025-03-31 00:15:30+00:00,0.0,0.0,0.0,0.0
Faltec Europe Ltd,38.0,6.0,212.08,2025-03-31 00:30:30+00:00,0.0,0.0,0.0,0.0
Faltec Europe Ltd,38.0,6.0,212.08,2025-03-31 00:45:30+00:00,0.0,0.0,0.0,0.0
Faltec Europe Ltd,38.0,6.0,212.08,2025-03-31 01:00:30+00:00,0.0,0.0,0.0,0.0
Faltec Europe Ltd,38.0,6.0,212.08,2025-03-31 01:15:30+00:00,0.0,0.0,0.0,0.0
Faltec Europe Ltd,38.0,6.0,212.08,2025-03-31 01:30:30+00:00,0.0,0.0,0.0,0.0
Faltec Europe Ltd,38.0,6.0,212.08,2025-03-31 01:45:30+00:00,0.0,0.0,0.0,0.0
Faltec Europe Ltd,38.0,6.0,212.08,2025-03-31 02:00:30+00:00,0.0,0.0,0.0,0.0
Faltec Europe Ltd,38.0,6.0,212.08,2025-03-31 02:15:30+00:00,0.0,0.0,0.0,0.0
Faltec Europe Ltd,38.0,6.0,212.08,2025-03-31 02:30:30+00:00,0.0,0.0,0.0,0.0
Faltec Europe Ltd,38.0,6.0,212.08,2025-03-31 02:45:30+00:00,0.0,0.0,0.0,0.0
Faltec Europe Ltd,38.0,6.0,212.08,2025-03-31 03:00:30+00:00,0.0,0.0,0.0,0.0
Faltec Europe Ltd,38.0,6.0,212.08,2025-03-31 03:15:30+00:00,0.0,0.0,0.0,0.0
Faltec Europe Ltd,38.0,6.0,212.08,2025-03-31 03:30:30+00:00,0.0,0.0,0.0,0.0
Faltec Europe Ltd,38.0,6.0,212.08,2025-03-31 03:45:30+00:00,0.0,0.0,0.0,0.0
Faltec Europe Ltd,38.0,6.0,212.08,2025-03-31 04:00:30+00:00,0.0,0.0,0.0,0.0
Faltec Europe Ltd,38.0,6.0,212.08,2025-03-31 04:15:30+00:00,0.0,0.0,0.0,0.0
Faltec Europe Ltd,38.0,6.0,212.08,2025-03-31 04:30:30+00:00,0.0,0.0,0.0,0.0
Faltec Europe Ltd,38.0,6.0,212.08,2025-03-31 04:45:30+00:00,0.0,0.0,0.0,0.0
Faltec Europe Ltd,38.0,6.0,212.08,2025-03-31 05:00:30+00:00,0.0,0.0,0.0,0.0
Faltec Europe Ltd,38.0,6.0,212.08,2025-03-31 05:15:30+00:00,0.0,0.0,0.0,0.0
Faltec Europe Ltd,38.0,6.0,212.08,2025-03-31 05:30:30+00:00,0.0,0.0,0.0,0.0
Faltec Europe Ltd,38.0,6.0,212.08,2025-03-31 05:45:30+00:00,0.001,0.00025,0.0025,0.001
Faltec Europe Ltd,38.0,6.0,212.08,2025-03-31 06:00:30+00:00,0.003,0.001,0.006,0.00325
Faltec Europe Ltd,38.0,6.0,212.08,2025-03-31 06:15:30+00:00,0.00625,0.002,0.0105,0.00625
Faltec Europe Ltd,38.0,6.0,212.08,2025-03-31 06:30:30+00:00,0.0095,0.004,0.01575,0.0095
Faltec Europe Ltd,38.0,6.0,212.08,2025-03-31 06:45:30+00:00,0.01375,0.006,0.021,0.01375
Faltec Europe Ltd,38.0,6.0,212.08,2025-03-31 07:00:30+00:00,0.017,0.008,0.0255,0.017
Faltec Europe Ltd,38.0,6.0,212.08,2025-03-31 07:15:30+00:00,0.01925,0.01,0.02875,0.01925
Faltec Europe Ltd,38.0,6.0,212.08,2025-03-31 07:30:30+00:00,0.02175,0.0125,0.03225,0.02175
Faltec Europe Ltd,38.0,6.0,212.08,2025-03-31 07:45:30+00:00,0.02575,0.01575,0.0365,0.02575
Faltec Europe Ltd,38.0,6.0,212.08,2025-03-31 08:00:30+00:00,0.0305,0.02025,0.04175,0.0305
Faltec Europe Ltd,38.0,6.0,212.08,2025-03-31 08:15:30+00:00,0.03675,0.02575,0.04725,0.037
Faltec Europe Ltd,38.0,6.0,212.08,2025-03-31 08:30:30+00:00,0.042,0.0305,0.05275,0.04225
Faltec Europe Ltd,38.0,6.0,212.08,2025-03-31 08:45:30+00:00,0.046,0.03275,0.0565,0.04625
Faltec Europe Ltd,38.0,6.0,212.08,2025-03-31 09:00:30+00:00,0.0455,0.03175,0.05875,0.046
Faltec Europe Ltd,38.0,6.0,212.08,2025-03-31 09:15:30+00:00,0.044,0.02825,0.0625,0.04425
Faltec Europe Ltd,38.0,6.0,212.08,2025-03-31 09:30:30+00:00,0.04625,0.027,0.07,0.0465
Faltec Europe Ltd,38.0,6.0,212.08,2025-03-31 09:45:30+00:00,0.055,0.03075,0.08375,0.05575
Faltec Europe Ltd,38.0,6.0,212.08,2025-03-31 10:00:30+00:00,0.06975,0.04025,0.09375,0.071
Faltec Europe Ltd,38.0,6.0,212.08,2025-03-31 10:15:30+00:00,0.0755,0.05175,0.0985,0.07725
Faltec Europe Ltd,38.0,6.0,212.08,2025-03-31 10:30:30+00:00,0.0795,0.05875,0.09975,0.0815
Faltec Europe Ltd,38.0,6.0,212.08,2025-03-31 10:45:30+00:00,0.08225,0.0625,0.10475,0.0845
Faltec Europe Ltd,38.0,6.0,212.08,2025-03-31 11:00:30+00:00,0.0885,0.0645,0.1145,0.0915
Faltec Europe Ltd,38.0,6.0,212.08,2025-03-31 11:15:30+00:00,0.09725,0.07025,0.1235,0.10125
Faltec Europe Ltd,38.0,6.0,212.08,2025-03-31 11:30:30+00:00,0.1045,0.0765,0.13025,0.10975
Faltec Europe Ltd,38.0,6.0,212.08,2025-03-31 11:45:30+00:00,0.108,0.0815,0.134,0.114
Faltec Europe Ltd,38.0,6.0,212.08,2025-03-31 12:00:30+00:00,0.11025,0.08475,0.13975,0.11725
Faltec Europe Ltd,38.0,6.0,212.08,2025-03-31 12:15:30+00:00,0.117,0.089,0.144,0.126
Faltec Europe Ltd,38.0,6.0,212.08,2025-03-31 12:30:30+00:00,0.12225,0.09725,0.1465,0.133
Faltec Europe Ltd,38.0,6.0,212.08,2025-03-31 12:45:30+00:00,0.1255,0.103,0.14375,0.13825
Faltec Europe Ltd,38.0,6.0,212.08,2025-03-31 13:00:30+00:00,0.12325,0.10025,0.144,0.1365
Faltec Europe Ltd,38.0,6.0,212.08,2025-03-31 13:15:30+00:00,0.118,0.08625,0.14525,0.131
Faltec Europe Ltd,38.0,6.0,212.08,2025-03-31 13:30:30+00:00,0.10675,0.06175,0.14825,0.11775
Faltec Europe Ltd,38.0,6.0,212.08,2025-03-31 13:45:30+00:00,0.09125,0.03825,0.14575,0.09925
Faltec Europe Ltd,38.0,6.0,212.08,2025-03-31 14:00:30+00:00,0.07725,0.01925,0.13025,0.0835
Faltec Europe Ltd,38.0,6.0,212.08,2025-03-31 14:15:30+00:00,0.05575,0.01175,0.1075,0.05875
Faltec Europe Ltd,38.0,6.0,212.08,2025-03-31 14:30:30+00:00,0.04375,0.0115,0.08675,0.045
Faltec Europe Ltd,38.0,6.0,212.08,2025-03-31 14:45:30+00:00,0.046,0.0155,0.07675,0.04725
Faltec Europe Ltd,38.0,6.0,212.08,2025-03-31 15:00:30+00:00,0.04775,0.0245,0.0755,0.05
Faltec Europe Ltd,38.0,6.0,212.08,2025-03-31 15:15:30+00:00,0.0555,0.02925,0.07275,0.0595
Faltec Europe Ltd,38.0,6.0,212.08,2025-03-31 15:30:30+00:00,0.05075,0.035,0.06675,0.05425
Faltec Europe Ltd,38.0,6.0,212.08,2025-03-31 15:45:30+00:00,0.046,0.0355,0.0595,0.04925
Faltec Europe Ltd,38.0,6.0,212.08,2025-03-31 16:00:30+00:00,0.045,0.03275,0.0525,0.049
Faltec Europe Ltd,38.0,6.0,212.08,2025-03-31 16:15:30+00:00,0.03775,0.02525,0.05175,0.04075
Faltec Europe Ltd,38.0,6.0,212.08,2025-03-31 16:30:30+00:00,0.03225,0.016,0.04675,0.03475
Faltec Europe Ltd,38.0,6.0,212.08,2025-03-31 16:45:30+00:00,0.02425,0.00825,0.03975,0.0255
Faltec Europe Ltd,38.0,6.0,212.08,2025-03-31 17:00:30+00:00,0.01475,0.0055,0.03125,0.01525
Faltec Europe Ltd,38.0,6.0,212.08,2025-03-31 17:15:30+00:00,0.0145,0.00325,0.0225,0.0155
Faltec Europe Ltd,38.0,6.0,212.08,2025-03-31 17:30:30+00:00,0.00975,0.00325,0.01775,0.01
Faltec Europe Ltd,38.0,6.0,212.08,2025-03-31 17:45:30+00:00,0.0065,0.0015,0.01225,0.0065
Faltec Europe Ltd,38.0,6.0,212.08,2025-03-31 18:00:30+00:00,0.004,0.00075,0.00725,0.004
Faltec Europe Ltd,38.0,6.0,212.08,2025-03-31 18:15:30+00:00,0.0015,0.00025,0.0035,0.0015
Faltec Europe Ltd,38.0,6.0,212.08,2025-03-31 18:30:30+00:00,0.00025,0.0,0.0005,0.00025
Faltec Europe Ltd,38.0,6.0,212.08,2025-03-31 18:45:30+00:00,0.0,0.0,0.0,0.0
Faltec Europe Ltd,38.0,6.0,212.08,2025-03-31 19:00:30+00:00,0.0,0.0,0.0,0.0
Faltec Europe Ltd,38.0,6.0,212.08,2025-03-31 19:15:30+00:00,0.0,0.0,0.0,0.0
Faltec Europe Ltd,38.0,6.0,212.08,2025-03-31 19:30:30+00:00,0.0,0.0,0.0,0.0
Faltec Europe Ltd,38.0,6.0,212.08,2025-03-31 19:45:30+00:00,0.0,0.0,0.0,0.0
Faltec Europe Ltd,38.0,6.0,212.08,2025-03-31 20:00:30+00:00,0.0,0.0,0.0,0.0
Faltec Europe Ltd,38.0,6.0,212.08,2025-03-31 20:15:30+00:00,0.0,0.0,0.0,0.0
Faltec Europe Ltd,38.0,6.0,212.08,2025-03-31 20:30:30+00:00,0.0,0.0,0.0,0.0
Faltec Europe Ltd,38.0,6.0,212.08,2025-03-31 20:45:30+00:00,0.0,0.0,0.0,0.0
Faltec Europe Ltd,38.0,6.0,212.08,2025-03-31 21:00:30+00:00,0.0,0.0,0.0,0.0
Faltec Europe Ltd,38.0,6.0,212.08,2025-03-31 21:15:30+00:00,0.0,0.0,0.0,0.0
Faltec Europe Ltd,38.0,6.0,212.08,2025-03-31 21:30:30+00:00,0.0,0.0,0.0,0.0
Faltec Europe Ltd,38.0,6.0,212.08,2025-03-31 21:45:30+00:00,0.0,0.0,0.0,0.0
Faltec Europe Ltd,38.0,6.0,212.08,2025-03-31 22:00:30+00:00,0.0,0.0,0.0,0.0
Faltec Europe Ltd,38.0,6.0,212.08,2025-03-31 22:15:30+00:00,0.0,0.0,0.0,0.0
Faltec Europe Ltd,38.0,6.0,212.08,2025-03-31 22:30:30+00:00,0.0,0.0,0.0,0.0
Faltec Europe Ltd,38.0,6.0,212.08,2025-03-31 22:45:30+00:00,0.0,0.0,0.0,0.0
Faltec Europe Ltd,38.0,6.0,212.08,2025-03-31 23:00:30+00:00,0.0,0.0,0.0,0.0
Faltec Europe Ltd,38.0,6.0,212.08,2025-03-31 23:15:30+00:00,0.0,0.0,0.0,0.0
Faltec Europe Ltd,38.0,6.0,212.08,2025-03-31 23:30:30+00:00,0.0,0.0,0.0,0.0
Faltec Europe Ltd,38.0,6.0,212.08,2025-03-31 23:45:30+00:00,0.0,0.0,0.0,0.0
Faltec Europe Ltd,219.0,6.0,154.88,2025-03-01 00:00:30+00:00,0.0,0.0,0.0,0.0
Faltec Europe Ltd,219.0,6.0,154.88,2025-03-01 00:15:30+00:00,0.0,0.0,0.0,0.0
Faltec Europe Ltd,219.0,6.0,154.88,2025-03-01 00:30:30+00:00,0.0,0.0,0.0,0.0
Faltec Europe Ltd,219.0,6.0,154.88,2025-03-01 00:45:30+00:00,0.0,0.0,0.0,0.0
Faltec Europe Ltd,219.0,6.0,154.88,2025-03-01 01:00:30+00:00,0.0,0.0,0.0,0.0
Faltec Europe Ltd,219.0,6.0,154.88,2025-03-01 01:15:30+00:00,0.0,0.0,0.0,0.0
Faltec Europe Ltd,219.0,6.0,154.88,2025-03-01 01:30:30+00:00,0.0,0.0,0.0,0.0
Faltec Europe Ltd,219.0,6.0,154.88,2025-03-01 01:45:30+00:00,0.0,0.0,0.0,0.0
Faltec Europe Ltd,219.0,6.0,154.88,2025-03-01 02:00:30+00:00,0.0,0.0,0.0,0.0
Faltec Europe Ltd,219.0,6.0,154.88,2025-03-01 02:15:30+00:00,0.0,0.0,0.0,0.0
Faltec Europe Ltd,219.0,6.0,154.88,2025-03-01 02:30:30+00:00,0.0,0.0,0.0,0.0
Faltec Europe Ltd,219.0,6.0,154.88,2025-03-01 02:45:30+00:00,0.0,0.0,0.0,0.0
Faltec Europe Ltd,219.0,6.0,154.88,2025-03-01 03:00:30+00:00,0.0,0.0,0.0,0.0
Faltec Europe Ltd,219.0,6.0,154.88,2025-03-01 03:15:30+00:00,0.0,0.0,0.0,0.0
Faltec Europe Ltd,219.0,6.0,154.88,2025-03-01 03:30:30+00:00,0.0,0.0,0.0,0.0
Faltec Europe Ltd,219.0,6.0,154.88,2025-03-01 03:45:30+00:00,0.0,0.0,0.0,0.0
Faltec Europe Ltd,219.0,6.0,154.88,2025-03-01 04:00:30+00:00,0.0,0.0,0.0,0.0
Faltec Europe Ltd,219.0,6.0,154.88,2025-03-01 04:15:30+00:00,0.0,0.0,0.0,0.0
Faltec Europe Ltd,219.0,6.0,154.88,2025-03-01 04:30:30+00:00,0.0,0.0,0.0,0.0
Faltec Europe Ltd,219.0,6.0,154.88,2025-03-01 04:45:30+00:00,0.0,0.0,0.0,0.0
Faltec Europe Ltd,219.0,6.0,154.88,2025-03-01 05:00:30+00:00,0.0,0.0,0.0,0.0
Faltec Europe Ltd,219.0,6.0,154.88,2025-03-01 05:15:30+00:00,0.0,0.0,0.0,0.0
Faltec Europe Ltd,219.0,6.0,154.88,2025-03-01 05:30:30+00:00,0.0,0.0,0.0,0.0
Faltec Europe Ltd,219.0,6.0,154.88,2025-03-01 05:45:30+00:00,0.0,0.0,0.0,0.0
Faltec Europe Ltd,219.0,6.0,154.88,2025-03-01 06:00:30+00:00,0.0,0.0,0.0,0.0
Faltec Europe Ltd,219.0,6.0,154.88,2025-03-01 06:15:30+00:00,0.0,0.0,0.0,0.0
Faltec Europe Ltd,219.0,6.0,154.88,2025-03-01 06:30:30+00:00,0.0,0.0,0.0,0.0
Faltec Europe Ltd,219.0,6.0,154.88,2025-03-01 06:45:30+00:00,0.0,0.0,0.0,0.0
Faltec Europe Ltd,219.0,6.0,154.88,2025-03-01 07:00:30+00:00,0.00125,0.00075,0.00225,0.00125
Faltec Europe Ltd,219.0,6.0,154.88,2025-03-01 07:15:30+00:00,0.0045,0.002,0.0075,0.00475
Faltec Europe Ltd,219.0,6.0,154.88,2025-03-01 07:30:30+00:00,0.009,0.002,0.01275,0.01
Faltec Europe Ltd,219.0,6.0,154.88,2025-03-01 07:45:30+00:00,0.0095,0.0025,0.019,0.00975
Faltec Europe Ltd,219.0,6.0,154.88,2025-03-01 08:00:30+00:00,0.013,0.00375,0.02425,0.01325
Faltec Europe Ltd,219.0,6.0,154.88,2025-03-01 08:15:30+00:00,0.01925,0.006,0.03125,0.0195
Faltec Europe Ltd,219.0,6.0,154.88,2025-03-01 08:30:30+00:00,0.02375,0.01075,0.0405,0.024
Faltec Europe Ltd,219.0,6.0,154.88,2025-03-01 08:45:30+00:00,0.03375,0.015,0.05175,0.034
Faltec Europe Ltd,219.0,6.0,154.88,2025-03-01 09:00:30+00:00,0.0425,0.02425,0.0625,0.0425
Faltec Europe Ltd,219.0,6.0,154.88,2025-03-01 09:15:30+00:00,0.054,0.0355,0.0715,0.05325
Faltec Europe Ltd,219.0,6.0,154.88,2025-03-01 09:30:30+00:00,0.064,0.048,0.0755,0.06225
Faltec Europe Ltd,219.0,6.0,154.88,2025-03-01 09:45:30+00:00,0.0665,0.05675,0.078,0.06425
Faltec Europe Ltd,219.0,6.0,154.88,2025-03-01 10:00:30+00:00,0.072,0.06375,0.0805,0.069
Faltec Europe Ltd,219.0,6.0,154.88,2025-03-01 10:15:30+00:00,0.078,0.07,0.0865,0.07425
Faltec Europe Ltd,219.0,6.0,154.88,2025-03-01 10:30:30+00:00,0.08475,0.075,0.09225,0.08025
Faltec Europe Ltd,219.0,6.0,154.88,2025-03-01 10:45:30+00:00,0.08775,0.07825,0.09925,0.0825
Faltec Europe Ltd,219.0,6.0,154.88,2025-03-01 11:00:30+00:00,0.09425,0.08075,0.10675,0.088
Faltec Europe Ltd,219.0,6.0,154.88,2025-03-01 11:15:30+00:00,0.1,0.0865,0.1155,0.092
Faltec Europe Ltd,219.0,6.0,154.88,2025-03-01 11:30:30+00:00,0.10825,0.0925,0.12225,0.0985
Faltec Europe Ltd,219.0,6.0,154.88,2025-03-01 11:45:30+00:00,0.11325,0.0995,0.12475,0.10225
Faltec Europe Ltd,219.0,6.0,154.88,2025-03-01 12:00:30+00:00,0.11425,0.104,0.12625,0.10225
Faltec Europe Ltd,219.0,6.0,154.88,2025-03-01 12:15:30+00:00,0.11825,0.1055,0.12625,0.105
Faltec Europe Ltd,219.0,6.0,154.88,2025-03-01 12:30:30+00:00,0.1145,0.10575,0.128,0.1015
Faltec Europe Ltd,219.0,6.0,154.88,2025-03-01 12:45:30+00:00,0.119,0.10625,0.13025,0.1045
Faltec Europe Ltd,219.0,6.0,154.88,2025-03-01 13:00:30+00:00,0.1215,0.10925,0.13025,0.105
Faltec Europe Ltd,219.0,6.0,154.88,2025-03-01 13:15:30+00:00,0.11675,0.10775,0.12825,0.10025
Faltec Europe Ltd,219.0,6.0,154.88,2025-03-01 13:30:30+00:00,0.11625,0.1045,0.127,0.09875
Faltec Europe Ltd,219.0,6.0,154.88,2025-03-01 13:45:30+00:00,0.1135,0.0925,0.12975,0.09575
Faltec Europe Ltd,219.0,6.0,154.88,2025-03-01 14:00:30+00:00,0.101,0.0765,0.1265,0.08625
Faltec Europe Ltd,219.0,6.0,154.88,2025-03-01 14:15:30+00:00,0.10575,0.05325,0.12025,0.09
Faltec Europe Ltd,219.0,6.0,154.88,2025-03-01 14:30:30+00:00,0.0745,0.03125,0.10975,0.06525
Faltec Europe Ltd,219.0,6.0,154.88,2025-03-01 14:45:30+00:00,0.05125,0.0125,0.09675,0.04725
Faltec Europe Ltd,219.0,6.0,154.88,2025-03-01 15:00:30+00:00,0.04,0.008,0.074,0.0375
Faltec Europe Ltd,219.0,6.0,154.88,2025-03-01 15:15:30+00:00,0.031,0.0065,0.054,0.03
Faltec Europe Ltd,219.0,6.0,154.88,2025-03-01 15:30:30+00:00,0.02025,0.00775,0.0395,0.02
Faltec Europe Ltd,219.0,6.0,154.88,2025-03-01 15:45:30+00:00,0.02025,0.00625,0.03125,0.01975
Faltec Europe Ltd,219.0,6.0,154.88,2025-03-01 16:00:30+00:00,0.01525,0.0055,0.02675,0.01525
Faltec Europe Ltd,219.0,6.0,154.88,2025-03-01 16:15:30+00:00,0.013,0.004,0.02275,0.013
Faltec Europe Ltd,219.0,6.0,154.88,2025-03-01 16:30:30+00:00,0.01175,0.00325,0.0195,0.0115
Faltec Europe Ltd,219.0,6.0,154.88,2025-03-01 16:45:30+00:00,0.00925,0.00275,0.01525,0.009
Faltec Europe Ltd,219.0,6.0,154.88,2025-03-01 17:00:30+00:00,0.0055,0.00175,0.00925,0.0055
Faltec Europe Ltd,219.0,6.0,154.88,2025-03-01 17:15:30+00:00,0.002,0.00075,0.0045,0.002
Faltec Europe Ltd,219.0,6.0,154.88,2025-03-01 17:30:30+00:00,0.00075,0.00025,0.0015,0.00075
Faltec Europe Ltd,219.0,6.0,154.88,2025-03-01 17:45:30+00:00,0.0,0.0,0.0,0.0
Faltec Europe Ltd,219.0,6.0,154.88,2025-03-01 18:00:30+00:00,0.0,0.0,0.0,0.0
Faltec Europe Ltd,219.0,6.0,154.88,2025-03-01 18:15:30+00:00,0.0,0.0,0.0,0.0
Faltec Europe Ltd,219.0,6.0,154.88,2025-03-01 18:30:30+00:00,0.0,0.0,0.0,0.0
Faltec Europe Ltd,219.0,6.0,154.88,2025-03-01 18:45:30+00:00,0.0,0.0,0.0,0.0
Faltec Europe Ltd,219.0,6.0,154.88,2025-03-01 19:00:30+00:00,0.0,0.0,0.0,0.0
Faltec Europe Ltd,219.0,6.0,154.88,2025-03-01 19:15:30+00:00,0.0,0.0,0.0,0.0
Faltec Europe Ltd,219.0,6.0,154.88,2025-03-01 19:30:30+00:00,0.0,0.0,0.0,0.0
Faltec Europe Ltd,219.0,6.0,154.88,2025-03-01 19:45:30+00:00,0.0,0.0,0.0,0.0
Faltec Europe Ltd,219.0,6.0,154.88,2025-03-01 20:00:30+00:00,0.0,0.0,0.0,0.0
Faltec Europe Ltd,219.0,6.0,154.88,2025-03-01 20:15:30+00:00,0.0,0.0,0.0,0.0
Faltec Europe Ltd,219.0,6.0,154.88,2025-03-01 20:30:30+00:00,0.0,0.0,0.0,0.0
Faltec Europe Ltd,219.0,6.0,154.88,2025-03-01 20:45:30+00:00,0.0,0.0,0.0,0.0
Faltec Europe Ltd,219.0,6.0,154.88,2025-03-01 21:00:30+00:00,0.0,0.0,0.0,0.0
Faltec Europe Ltd,219.0,6.0,154.88,2025-03-01 21:15:30+00:00,0.0,0.0,0.0,0.0
Faltec Europe Ltd,219.0,6.0,154.88,2025-03-01 21:30:30+00:00,0.0,0.0,0.0,0.0
Faltec Europe Ltd,219.0,6.0,154.88,2025-03-01 21:45:30+00:00,0.0,0.0,0.0,0.0
Faltec Europe Ltd,219.0,6.0,154.88,2025-03-01 22:00:30+00:00,0.0,0.0,0.0,0.0
Faltec Europe Ltd,219.0,6.0,154.88,2025-03-01 22:15:30+00:00,0.0,0.0,0.0,0.0
Faltec Europe Ltd,219.0,6.0,154.88,2025-03-01 22:30:30+00:00,0.0,0.0,0.0,0.0
Faltec Europe Ltd,219.0,6.0,154.88,2025-03-01 22:45:30+00:00,0.0,0.0,0.0,0.0
Faltec Europe Ltd,219.0,6.0,154.88,2025-03-01 23:00:30+00:00,0.0,0.0,0.0,0.0
Faltec Europe Ltd,219.0,6.0,154.88,2025-03-01 23:15:30+00:00,0.0,0.0,0.0,0.0
Faltec Europe Ltd,219.0,6.0,154.88,2025-03-01 23:30:30+00:00,0.0,0.0,0.0,0.0
Faltec Europe Ltd,219.0,6.0,154.88,2025-03-01 23:45:30+00:00,0.0,0.0,0.0,0.0
Faltec Europe Ltd,219.0,6.0,154.88,2025-03-02 00:00:30+00:00,0.0,0.0,0.0,0.0
Faltec Europe Ltd,219.0,6.0,154.88,2025-03-02 00:15:30+00:00,0.0,0.0,0.0,0.0
Faltec Europe Ltd,219.0,6.0,154.88,2025-03-02 00:30:30+00:00,0.0,0.0,0.0,0.0
Faltec Europe Ltd,219.0,6.0,154.88,2025-03-02 00:45:30+00:00,0.0,0.0,0.0,0.0
Faltec Europe Ltd,219.0,6.0,154.88,2025-03-02 01:00:30+00:00,0.0,0.0,0.0,0.0
Faltec Europe Ltd,219.0,6.0,154.88,2025-03-02 01:15:30+00:00,0.0,0.0,0.0,0.0
Faltec Europe Ltd,219.0,6.0,154.88,2025-03-02 01:30:30+00:00,0.0,0.0,0.0,0.0
Faltec Europe Ltd,219.0,6.0,154.88,2025-03-02 01:45:30+00:00,0.0,0.0,0.0,0.0
Faltec Europe Ltd,219.0,6.0,154.88,2025-03-02 02:00:30+00:00,0.0,0.0,0.0,0.0
Faltec Europe Ltd,219.0,6.0,154.88,2025-03-02 02:15:30+00:00,0.0,0.0,0.0,0.0
Faltec Europe Ltd,219.0,6.0,154.88,2025-03-02 02:30:30+00:00,0.0,0.0,0.0,0.0
Faltec Europe Ltd,219.0,6.0,154.88,2025-03-02 02:45:30+00:00,0.0,0.0,0.0,0.0
Faltec Europe Ltd,219.0,6.0,154.88,2025-03-02 03:00:30+00:00,0.0,0.0,0.0,0.0
Faltec Europe Ltd,219.0,6.0,154.88,2025-03-02 03:15:30+00:00,0.0,0.0,0.0,0.0
Faltec Europe Ltd,219.0,6.0,154.88,2025-03-02 03:30:30+00:00,0.0,0.0,0.0,0.0
Faltec Europe Ltd,219.0,6.0,154.88,2025-03-02 03:45:30+00:00,0.0,0.0,0.0,0.0
Faltec Europe Ltd,219.0,6.0,154.88,2025-03-02 04:00:30+00:00,0.0,0.0,0.0,0.0
Faltec Europe Ltd,219.0,6.0,154.88,2025-03-02 04:15:30+00:00,0.0,0.0,0.0,0.0
Faltec Europe Ltd,219.0,6.0,154.88,2025-03-02 04:30:30+00:00,0.0,0.0,0.0,0.0
Faltec Europe Ltd,219.0,6.0,154.88,2025-03-02 04:45:30+00:00,0.0,0.0,0.0,0.0
Faltec Europe Ltd,219.0,6.0,154.88,2025-03-02 05:00:30+00:00,0.0,0.0,0.0,0.0
Faltec Europe Ltd,219.0,6.0,154.88,2025-03-02 05:15:30+00:00,0.0,0.0,0.0,0.0
Faltec Europe Ltd,219.0,6.0,154.88,2025-03-02 05:30:30+00:00,0.0,0.0,0.0,0.0
Faltec Europe Ltd,219.0,6.0,154.88,2025-03-02 05:45:30+00:00,0.0,0.0,0.0,0.0
Faltec Europe Ltd,219.0,6.0,154.88,2025-03-02 06:00:30+00:00,0.0,0.0,0.0,0.0
Faltec Europe Ltd,219.0,6.0,154.88,2025-03-02 06:15:30+00:00,0.0,0.0,0.0,0.0
Faltec Europe Ltd,219.0,6.0,154.88,2025-03-02 06:30:30+00:00,0.0,0.0,0.0,0.0
Faltec Europe Ltd,219.0,6.0,154.88,2025-03-02 06:45:30+00:00,0.0,0.0,0.0,0.0
Faltec Europe Ltd,219.0,6.0,154.88,2025-03-02 07:00:30+00:00,0.00175,0.001,0.003,0.00175
Faltec Europe Ltd,219.0,6.0,154.88,2025-03-02 07:15:30+00:00,0.00475,0.0025,0.008,0.00475
Faltec Europe Ltd,219.0,6.0,154.88,2025-03-02 07:30:30+00:00,0.00875,0.00475,0.01325,0.00925
Faltec Europe Ltd,219.0,6.0,154.88,2025-03-02 07:45:30+00:00,0.0135,0.0075,0.0195,0.01425
Faltec Europe Ltd,219.0,6.0,154.88,2025-03-02 08:00:30+00:00,0.01825,0.0115,0.02625,0.019
Faltec Europe Ltd,219.0,6.0,154.88,2025-03-02 08:15:30+00:00,0.0245,0.01425,0.0345,0.02525
Faltec Europe Ltd,219.0,6.0,154.88,2025-03-02 08:30:30+00:00,0.03025,0.01325,0.04375,0.03075
Faltec Europe Ltd,219.0,6.0,154.88,2025-03-02 08:45:30+00:00,0.0305,0.0065,0.0525,0.03075
Faltec Europe Ltd,219.0,6.0,154.88,2025-03-02 09:00:30+00:00,0.027,0.0055,0.05475,0.02725
Faltec Europe Ltd,219.0,6.0,154.88,2025-03-02 09:15:30+00:00,0.0205,0.00575,0.04975,0.02075
Faltec Europe Ltd,219.0,6.0,154.88,2025-03-02 09:30:30+00:00,0.01375,0.00625,0.04,0.014
Faltec Europe Ltd,219.0,6.0,154.88,2025-03-02 09:45:30+00:00,0.01325,0.00675,0.03475,0.0135
Faltec Europe Ltd,219.0,6.0,154.88,2025-03-02 10:00:30+00:00,0.016,0.00725,0.0425,0.01625
Faltec Europe Ltd,219.0,6.0,154.88,2025-03-02 10:15:30+00:00,0.01425,0.00775,0.0575,0.0145
Faltec Europe Ltd,219.0,6.0,154.88,2025-03-02 10:30:30+00:00,0.0325,0.00825,0.096,0.032
Faltec Europe Ltd,219.0,6.0,154.88,2025-03-02 10:45:30+00:00,0.09525,0.0265,0.12375,0.08975
Faltec Europe Ltd,219.0,6.0,154.88,2025-03-02 11:00:30+00:00,0.1155,0.0655,0.131,0.1065
Faltec Europe Ltd,219.0,6.0,154.88,2025-03-02 11:15:30+00:00,0.11725,0.08575,0.13625,0.1065
Faltec Europe Ltd,219.0,6.0,154.88,2025-03-02 11:30:30+00:00,0.119,0.0975,0.13775,0.1075
Faltec Europe Ltd,219.0,6.0,154.88,2025-03-02 11:45:30+00:00,0.11575,0.088,0.14175,0.1045
Faltec Europe Ltd,219.0,6.0,154.88,2025-03-02 12:00:30+00:00,0.113,0.07625,0.143,0.10175
Faltec Europe Ltd,219.0,6.0,154.88,2025-03-02 12:15:30+00:00,0.103,0.0605,0.137,0.094
Faltec Europe Ltd,219.0,6.0,154.88,2025-03-02 12:30:30+00:00,0.0795,0.04875,0.12675,0.07425
Faltec Europe Ltd,219.0,6.0,154.88,2025-03-02 12:45:30+00:00,0.08325,0.0405,0.1245,0.07725
Faltec Europe Ltd,219.0,6.0,154.88,2025-03-02 13:00:30+00:00,0.084,0.02825,0.12025,0.0775
Faltec Europe Ltd,219.0,6.0,154.88,2025-03-02 13:15:30+00:00,0.0525,0.0145,0.1005,0.05025
Faltec Europe Ltd,219.0,6.0,154.88,2025-03-02 13:30:30+00:00,0.03725,0.00875,0.07675,0.037
Faltec Europe Ltd,219.0,6.0,154.88,2025-03-02 13:45:30+00:00,0.0375,0.01,0.066,0.03725
Faltec Europe Ltd,219.0,6.0,154.88,2025-03-02 14:00:30+00:00,0.039,0.01325,0.05625,0.03825
Faltec Europe Ltd,219.0,6.0,154.88,2025-03-02 14:15:30+00:00,0.02675,0.0075,0.0515,0.02675
Faltec Europe Ltd,219.0,6.0,154.88,2025-03-02 14:30:30+00:00,0.01875,0.007,0.0485,0.019
Faltec Europe Ltd,219.0,6.0,154.88,2025-03-02 14:45:30+00:00,0.0225,0.0065,0.05425,0.0225
Faltec Europe Ltd,219.0,6.0,154.88,2025-03-02 15:00:30+00:00,0.03975,0.008,0.06125,0.037
Faltec Europe Ltd,219.0,6.0,154.88,2025-03-02 15:15:30+00:00,0.03825,0.01625,0.058,0.0355
Faltec Europe Ltd,219.0,6.0,154.88,2025-03-02 15:30:30+00:00,0.03275,0.01725,0.0475,0.03075
Faltec Europe Ltd,219.0,6.0,154.88,2025-03-02 15:45:30+00:00,0.02525,0.01525,0.03675,0.0245
Faltec Europe Ltd,219.0,6.0,154.88,2025-03-02 16:00:30+00:00,0.02025,0.011,0.0305,0.01975
Faltec Europe Ltd,219.0,6.0,154.88,2025-03-02 16:15:30+00:00,0.01675,0.0085,0.02575,0.01625
Faltec Europe Ltd,219.0,6.0,154.88,2025-03-02 16:30:30+00:00,0.0145,0.0065,0.02125,0.0135
Faltec Europe Ltd,219.0,6.0,154.88,2025-03-02 16:45:30+00:00,0.00975,0.00425,0.0155,0.0095
Faltec Europe Ltd,219.0,6.0,154.88,2025-03-02 17:00:30+00:00,0.0055,0.002,0.0095,0.0055
Faltec Europe Ltd,219.0,6.0,154.88,2025-03-02 17:15:30+00:00,0.00225,0.00075,0.005,0.00225
Faltec Europe Ltd,219.0,6.0,154.88,2025-03-02 17:30:30+00:00,0.00075,0.00025,0.00175,0.00075
Faltec Europe Ltd,219.0,6.0,154.88,2025-03-02 17:45:30+00:00,0.0,0.0,0.0,0.0
Faltec Europe Ltd,219.0,6.0,154.88,2025-03-02 18:00:30+00:00,0.0,0.0,0.0,0.0
Faltec Europe Ltd,219.0,6.0,154.88,2025-03-02 18:15:30+00:00,0.0,0.0,0.0,0.0
Faltec Europe Ltd,219.0,6.0,154.88,2025-03-02 18:30:30+00:00,0.0,0.0,0.0,0.0
Faltec Europe Ltd,219.0,6.0,154.88,2025-03-02 18:45:30+00:00,0.0,0.0,0.0,0.0
Faltec Europe Ltd,219.0,6.0,154.88,2025-03-02 19:00:30+00:00,0.0,0.0,0.0,0.0
Faltec Europe Ltd,219.0,6.0,154.88,2025-03-02 19:15:30+00:00,0.0,0.0,0.0,0.0
Faltec Europe Ltd,219.0,6.0,154.88,2025-03-02 19:30:30+00:00,0.0,0.0,0.0,0.0
Faltec Europe Ltd,219.0,6.0,154.88,2025-03-02 19:45:30+00:00,0.0,0.0,0.0,0.0
Faltec Europe Ltd,219.0,6.0,154.88,2025-03-02 20:00:30+00:00,0.0,0.0,0.0,0.0
Faltec Europe Ltd,219.0,6.0,154.88,2025-03-02 20:15:30+00:00,0.0,0.0,0.0,0.0
Faltec Europe Ltd,219.0,6.0,154.88,2025-03-02 20:30:30+00:00,0.0,0.0,0.0,0.0
Faltec Europe Ltd,219.0,6.0,154.88,2025-03-02 20:45:30+00:00,0.0,0.0,0.0,0.0
Faltec Europe Ltd,219.0,6.0,154.88,2025-03-02 21:00:30+00:00,0.0,0.0,0.0,0.0
Faltec Europe Ltd,219.0,6.0,154.88,2025-03-02 21:15:30+00:00,0.0,0.0,0.0,0.0
Faltec Europe Ltd,219.0,6.0,154.88,2025-03-02 21:30:30+00:00,0.0,0.0,0.0,0.0
Faltec Europe Ltd,219.0,6.0,154.88,2025-03-02 21:45:30+00:00,0.0,0.0,0.0,0.0
Faltec Europe Ltd,219.0,6.0,154.88,2025-03-02 22:00:30+00:00,0.0,0.0,0.0,0.0
Faltec Europe Ltd,219.0,6.0,154.88,2025-03-02 22:15:30+00:00,0.0,0.0,0.0,0.0
Faltec Europe Ltd,219.0,6.0,154.88,2025-03-02 22:30:30+00:00,0.0,0.0,0.0,0.0
Faltec Europe Ltd,219.0,6.0,154.88,2025-03-02 22:45:30+00:00,0.0,0.0,0.0,0.0
Faltec Europe Ltd,219.0,6.0,154.88,2025-03-02 23:00:30+00:00,0.0,0.0,0.0,0.0
Faltec Europe Ltd,219.0,6.0,154.88,2025-03-02 23:15:30+00:00,0.0,0.0,0.0,0.0
Faltec Europe Ltd,219.0,6.0,154.88,2025-03-02 23:30:30+00:00,0.0,0.0,0.0,0.0
Faltec Europe Ltd,219.0,6.0,154.88,2025-03-02 23:45:30+00:00,0.0,0.0,0.0,0.0
Faltec Europe Ltd,219.0,6.0,154.88,2025-03-03 00:00:30+00:00,0.0,0.0,0.0,0.0
Faltec Europe Ltd,219.0,6.0,154.88,2025-03-03 00:15:30+00:00,0.0,0.0,0.0,0.0
Faltec Europe Ltd,219.0,6.0,154.88,2025-03-03 00:30:30+00:00,0.0,0.0,0.0,0.0
Faltec Europe Ltd,219.0,6.0,154.88,2025-03-03 00:45:30+00:00,0.0,0.0,0.0,0.0
Faltec Europe Ltd,219.0,6.0,154.88,2025-03-03 01:00:30+00:00,0.0,0.0,0.0,0.0
Faltec Europe Ltd,219.0,6.0,154.88,2025-03-03 01:15:30+00:00,0.0,0.0,0.0,0.0
Faltec Europe Ltd,219.0,6.0,154.88,2025-03-03 01:30:30+00:00,0.0,0.0,0.0,0.0
Faltec Europe Ltd,219.0,6.0,154.88,2025-03-03 01:45:30+00:00,0.0,0.0,0.0,0.0
Faltec Europe Ltd,219.0,6.0,154.88,2025-03-03 02:00:30+00:00,0.0,0.0,0.0,0.0
Faltec Europe Ltd,219.0,6.0,154.88,2025-03-03 02:15:30+00:00,0.0,0.0,0.0,0.0
Faltec Europe Ltd,219.0,6.0,154.88,2025-03-03 02:30:30+00:00,0.0,0.0,0.0,0.0
Faltec Europe Ltd,219.0,6.0,154.88,2025-03-03 02:45:30+00:00,0.0,0.0,0.0,0.0
Faltec Europe Ltd,219.0,6.0,154.88,2025-03-03 03:00:30+00:00,0.0,0.0,0.0,0.0
Faltec Europe Ltd,219.0,6.0,154.88,2025-03-03 03:15:30+00:00,0.0,0.0,0.0,0.0
Faltec Europe Ltd,219.0,6.0,154.88,2025-03-03 03:30:30+00:00,0.0,0.0,0.0,0.0
Faltec Europe Ltd,219.0,6.0,154.88,2025-03-03 03:45:30+00:00,0.0,0.0,0.0,0.0
Faltec Europe Ltd,219.0,6.0,154.88,2025-03-03 04:00:30+00:00,0.0,0.0,0.0,0.0
Faltec Europe Ltd,219.0,6.0,154.88,2025-03-03 04:15:30+00:00,0.0,0.0,0.0,0.0
Faltec Europe Ltd,219.0,6.0,154.88,2025-03-03 04:30:30+00:00,0.0,0.0,0.0,0.0
Faltec Europe Ltd,219.0,6.0,154.88,2025-03-03 04:45:30+00:00,0.0,0.0,0.0,0.0
Faltec Europe Ltd,219.0,6.0,154.88,2025-03-03 05:00:30+00:00,0.0,0.0,0.0,0.0
Faltec Europe Ltd,219.0,6.0,154.88,2025-03-03 05:15:30+00:00,0.0,0.0,0.0,0.0
Faltec Europe Ltd,219.0,6.0,154.88,2025-03-03 05:30:30+00:00,0.0,0.0,0.0,0.0
Faltec Europe Ltd,219.0,6.0,154.88,2025-03-03 05:45:30+00:00,0.0,0.0,0.0,0.0
Faltec Europe Ltd,219.0,6.0,154.88,2025-03-03 06:00:30+00:00,0.0,0.0,0.0,0.0
Faltec Europe Ltd,219.0,6.0,154.88,2025-03-03 06:15:30+00:00,0.0,0.0,0.0,0.0
Faltec Europe Ltd,219.0,6.0,154.88,2025-03-03 06:30:30+00:00,0.0,0.0,0.0,0.0
Faltec Europe Ltd,219.0,6.0,154.88,2025-03-03 06:45:30+00:00,0.00075,0.0005,0.0015,0.00075
Faltec Europe Ltd,219.0,6.0,154.88,2025-03-03 07:00:30+00:00,0.00225,0.00125,0.004,0.00225
Faltec Europe Ltd,219.0,6.0,154.88,2025-03-03 07:15:30+00:00,0.0055,0.003,0.00875,0.0055
Faltec Europe Ltd,219.0,6.0,154.88,2025-03-03 07:30:30+00:00,0.00975,0.00525,0.01425,0.01025
Faltec Europe Ltd,219.0,6.0,154.88,2025-03-03 07:45:30+00:00,0.0145,0.0085,0.0205,0.015
Faltec Europe Ltd,219.0,6.0,154.88,2025-03-03 08:00:30+00:00,0.01975,0.01225,0.02725,0.0205
Faltec Europe Ltd,219.0,6.0,154.88,2025-03-03 08:15:30+00:00,0.025,0.01725,0.03475,0.02575
Faltec Europe Ltd,219.0,6.0,154.88,2025-03-03 08:30:30+00:00,0.03275,0.0225,0.042,0.0335
Faltec Europe Ltd,219.0,6.0,154.88,2025-03-03 08:45:30+00:00,0.03925,0.02925,0.049,0.0395
Faltec Europe Ltd,219.0,6.0,154.88,2025-03-03 09:00:30+00:00,0.04525,0.03475,0.0565,0.04525
Faltec Europe Ltd,219.0,6.0,154.88,2025-03-03 09:15:30+00:00,0.05275,0.03925,0.06325,0.05225
Faltec Europe Ltd,219.0,6.0,154.88,2025-03-03 09:30:30+00:00,0.05525,0.03975,0.06775,0.0545
Faltec Europe Ltd,219.0,6.0,154.88,2025-03-03 09:45:30+00:00,0.05325,0.0405,0.06875,0.0525
Faltec Europe Ltd,219.0,6.0,154.88,2025-03-03 10:00:30+00:00,0.0555,0.0445,0.0685,0.0545
Faltec Europe Ltd,219.0,6.0,154.88,2025-03-03 10:15:30+00:00,0.061,0.04975,0.069,0.05975
Faltec Europe Ltd,219.0,6.0,154.88,2025-03-03 10:30:30+00:00,0.06125,0.05475,0.071,0.06
Faltec Europe Ltd,219.0,6.0,154.88,2025-03-03 10:45:30+00:00,0.06625,0.055,0.07675,0.0645
Faltec Europe Ltd,219.0,6.0,154.88,2025-03-03 11:00:30+00:00,0.0695,0.0525,0.083,0.0675
Faltec Europe Ltd,219.0,6.0,154.88,2025-03-03 11:15:30+00:00,0.067,0.04675,0.0855,0.065
Faltec Europe Ltd,219.0,6.0,154.88,2025-03-03 11:30:30+00:00,0.061,0.04125,0.082,0.05925
Faltec Europe Ltd,219.0,6.0,154.88,2025-03-03 11:45:30+00:00,0.05575,0.03825,0.0805,0.055
Faltec Europe Ltd,219.0,6.0,154.88,2025-03-03 12:00:30+00:00,0.0625,0.0405,0.0865,0.0605
Faltec Europe Ltd,219.0,6.0,154.88,2025-03-03 12:15:30+00:00,0.07175,0.047,0.095,0.0685
Faltec Europe Ltd,219.0,6.0,154.88,2025-03-03 12:30:30+00:00,0.07825,0.05525,0.0985,0.07425
Faltec Europe Ltd,219.0,6.0,154.88,2025-03-03 12:45:30+00:00,0.07975,0.05925,0.09625,0.07525
Faltec Europe Ltd,219.0,6.0,154.88,2025-03-03 13:00:30+00:00,0.0745,0.05575,0.09,0.07025
Faltec Europe Ltd,219.0,6.0,154.88,2025-03-03 13:15:30+00:00,0.06375,0.05025,0.083,0.06075
Faltec Europe Ltd,219.0,6.0,154.88,2025-03-03 13:30:30+00:00,0.062,0.047,0.078,0.05875
Faltec Europe Ltd,219.0,6.0,154.88,2025-03-03 13:45:30+00:00,0.06175,0.0435,0.076,0.0585
Faltec Europe Ltd,219.0,6.0,154.88,2025-03-03 14:00:30+00:00,0.05475,0.0355,0.07375,0.052
Faltec Europe Ltd,219.0,6.0,154.88,2025-03-03 14:15:30+00:00,0.047,0.026,0.0675,0.045
Faltec Europe Ltd,219.0,6.0,154.88,2025-03-03 14:30:30+00:00,0.0375,0.0185,0.0575,0.03675
Faltec Europe Ltd,219.0,6.0,154.88,2025-03-03 14:45:30+00:00,0.03,0.01425,0.051,0.02975
Faltec Europe Ltd,219.0,6.0,154.88,2025-03-03 15:00:30+00:00,0.03075,0.01175,0.05225,0.03025
Faltec Europe Ltd,219.0,6.0,154.88,2025-03-03 15:15:30+00:00,0.03625,0.01175,0.05875,0.034
Faltec Europe Ltd,219.0,6.0,154.88,2025-03-03 15:30:30+00:00,0.03825,0.0155,0.06,0.035
Faltec Europe Ltd,219.0,6.0,154.88,2025-03-03 15:45:30+00:00,0.0395,0.02025,0.057,0.03475
Faltec Europe Ltd,219.0,6.0,154.88,2025-03-03 16:00:30+00:00,0.038,0.023,0.0505,0.03175
Faltec Europe Ltd,219.0,6.0,154.88,2025-03-03 16:15:30+00:00,0.03075,0.02025,0.04125,0.026
Faltec Europe Ltd,219.0,6.0,154.88,2025-03-03 16:30:30+00:00,0.02375,0.01525,0.03225,0.01975
Faltec Europe Ltd,219.0,6.0,154.88,2025-03-03 16:45:30+00:00,0.0165,0.01,0.0235,0.01375
Faltec Europe Ltd,219.0,6.0,154.88,2025-03-03 17:00:30+00:00,0.00975,0.0055,0.01475,0.00825
Faltec Europe Ltd,219.0,6.0,154.88,2025-03-03 17:15:30+00:00,0.004,0.0025,0.00675,0.00375
Faltec Europe Ltd,219.0,6.0,154.88,2025-03-03 17:30:30+00:00,0.0015,0.00075,0.0025,0.0015
Faltec Europe Ltd,219.0,6.0,154.88,2025-03-03 17:45:30+00:00,0.0,0.0,0.0,0.0
Faltec Europe Ltd,219.0,6.0,154.88,2025-03-03 18:00:30+00:00,0.0,0.0,0.0,0.0
Faltec Europe Ltd,219.0,6.0,154.88,2025-03-03 18:15:30+00:00,0.0,0.0,0.0,0.0
Faltec Europe Ltd,219.0,6.0,154.88,2025-03-03 18:30:30+00:00,0.0,0.0,0.0,0.0
Faltec Europe Ltd,219.0,6.0,154.88,2025-03-03 18:45:30+00:00,0.0,0.0,0.0,0.0
Faltec Europe Ltd,219.0,6.0,154.88,2025-03-03 19:00:30+00:00,0.0,0.0,0.0,0.0
Faltec Europe Ltd,219.0,6.0,154.88,2025-03-03 19:15:30+00:00,0.0,0.0,0.0,0.0
Faltec Europe Ltd,219.0,6.0,154.88,2025-03-03 19:30:30+00:00,0.0,0.0,0.0,0.0
Faltec Europe Ltd,219.0,6.0,154.88,2025-03-03 19:45:30+00:00,0.0,0.0,0.0,0.0
Faltec Europe Ltd,219.0,6.0,154.88,2025-03-03 20:00:30+00:00,0.0,0.0,0.0,0.0
Faltec Europe Ltd,219.0,6.0,154.88,2025-03-03 20:15:30+00:00,0.0,0.0,0.0,0.0
Faltec Europe Ltd,219.0,6.0,154.88,2025-03-03 20:30:30+00:00,0.0,0.0,0.0,0.0
Faltec Europe Ltd,219.0,6.0,154.88,2025-03-03 20:45:30+00:00,0.0,0.0,0.0,0.0
Faltec Europe Ltd,219.0,6.0,154.88,2025-03-03 21:00:30+00:00,0.0,0.0,0.0,0.0
Faltec Europe Ltd,219.0,6.0,154.88,2025-03-03 21:15:30+00:00,0.0,0.0,0.0,0.0
Faltec Europe Ltd,219.0,6.0,154.88,2025-03-03 21:30:30+00:00,0.0,0.0,0.0,0.0
Faltec Europe Ltd,219.0,6.0,154.88,2025-03-03 21:45:30+00:00,0.0,0.0,0.0,0.0
Faltec Europe Ltd,219.0,6.0,154.88,2025-03-03 22:00:30+00:00,0.0,0.0,0.0,0.0
Faltec Europe Ltd,219.0,6.0,154.88,2025-03-03 22:15:30+00:00,0.0,0.0,0.0,0.0
Faltec Europe Ltd,219.0,6.0,154.88,2025-03-03 22:30:30+00:00,0.0,0.0,0.0,0.0
Faltec Europe Ltd,219.0,6.0,154.88,2025-03-03 22:45:30+00:00,0.0,0.0,0.0,0.0
Faltec Europe Ltd,219.0,6.0,154.88,2025-03-03 23:00:30+00:00,0.0,0.0,0.0,0.0
Faltec Europe Ltd,219.0,6.0,154.88,2025-03-03 23:15:30+00:00,0.0,0.0,0.0,0.0
Faltec Europe Ltd,219.0,6.0,154.88,2025-03-03 23:30:30+00:00,0.0,0.0,0.0,0.0
Faltec Europe Ltd,219.0,6.0,154.88,2025-03-03 23:45:30+00:00,0.0,0.0,0.0,0.0
Faltec Europe Ltd,219.0,6.0,154.88,2025-03-04 00:00:30+00:00,0.0,0.0,0.0,0.0
Faltec Europe Ltd,219.0,6.0,154.88,2025-03-04 00:15:30+00:00,0.0,0.0,0.0,0.0
Faltec Europe Ltd,219.0,6.0,154.88,2025-03-04 00:30:30+00:00,0.0,0.0,0.0,0.0
Faltec Europe Ltd,219.0,6.0,154.88,2025-03-04 00:45:30+00:00,0.0,0.0,0.0,0.0
Faltec Europe Ltd,219.0,6.0,154.88,2025-03-04 01:00:30+00:00,0.0,0.0,0.0,0.0
Faltec Europe Ltd,219.0,6.0,154.88,2025-03-04 01:15:30+00:00,0.0,0.0,0.0,0.0
Faltec Europe Ltd,219.0,6.0,154.88,2025-03-04 01:30:30+00:00,0.0,0.0,0.0,0.0
Faltec Europe Ltd,219.0,6.0,154.88,2025-03-04 01:45:30+00:00,0.0,0.0,0.0,0.0
Faltec Europe Ltd,219.0,6.0,154.88,2025-03-04 02:00:30+00:00,0.0,0.0,0.0,0.0
Faltec Europe Ltd,219.0,6.0,154.88,2025-03-04 02:15:30+00:00,0.0,0.0,0.0,0.0
Faltec Europe Ltd,219.0,6.0,154.88,2025-03-04 02:30:30+00:00,0.0,0.0,0.0,0.0
Faltec Europe Ltd,219.0,6.0,154.88,2025-03-04 02:45:30+00:00,0.0,0.0,0.0,0.0
Faltec Europe Ltd,219.0,6.0,154.88,2025-03-04 03:00:30+00:00,0.0,0.0,0.0,0.0
Faltec Europe Ltd,219.0,6.0,154.88,2025-03-04 03:15:30+00:00,0.0,0.0,0.0,0.0
Faltec Europe Ltd,219.0,6.0,154.88,2025-03-04 03:30:30+00:00,0.0,0.0,0.0,0.0
Faltec Europe Ltd,219.0,6.0,154.88,2025-03-04 03:45:30+00:00,0.0,0.0,0.0,0.0
Faltec Europe Ltd,219.0,6.0,154.88,2025-03-04 04:00:30+00:00,0.0,0.0,0.0,0.0
Faltec Europe Ltd,219.0,6.0,154.88,2025-03-04 04:15:30+00:00,0.0,0.0,0.0,0.0
Faltec Europe Ltd,219.0,6.0,154.88,2025-03-04 04:30:30+00:00,0.0,0.0,0.0,0.0
Faltec Europe Ltd,219.0,6.0,154.88,2025-03-04 04:45:30+00:00,0.0,0.0,0.0,0.0
Faltec Europe Ltd,219.0,6.0,154.88,2025-03-04 05:00:30+00:00,0.0,0.0,0.0,0.0
Faltec Europe Ltd,219.0,6.0,154.88,2025-03-04 05:15:30+00:00,0.0,0.0,0.0,0.0
Faltec Europe Ltd,219.0,6.0,154.88,2025-03-04 05:30:30+00:00,0.0,0.0,0.0,0.0
Faltec Europe Ltd,219.0,6.0,154.88,2025-03-04 05:45:30+00:00,0.0,0.0,0.0,0.0
Faltec Europe Ltd,219.0,6.0,154.88,2025-03-04 06:00:30+00:00,0.0,0.0,0.0,0.0
Faltec Europe Ltd,219.0,6.0,154.88,2025-03-04 06:15:30+00:00,0.0,0.0,0.0,0.0
Faltec Europe Ltd,219.0,6.0,154.88,2025-03-04 06:30:30+00:00,0.0,0.0,0.0,0.0
Faltec Europe Ltd,219.0,6.0,154.88,2025-03-04 06:45:30+00:00,0.0,0.0,0.00025,0.0
Faltec Europe Ltd,219.0,6.0,154.88,2025-03-04 07:00:30+00:00,0.00325,0.00225,0.00425,0.00325
Faltec Europe Ltd,219.0,6.0,154.88,2025-03-04 07:15:30+00:00,0.00725,0.0045,0.00975,0.0085
Faltec Europe Ltd,219.0,6.0,154.88,2025-03-04 07:30:30+00:00,0.0135,0.0065,0.01775,0.0155
Faltec Europe Ltd,219.0,6.0,154.88,2025-03-04 07:45:30+00:00,0.017,0.00875,0.0265,0.01825
Faltec Europe Ltd,219.0,6.0,154.88,2025-03-04 08:00:30+00:00,0.02175,0.01075,0.03125,0.02275
Faltec Europe Ltd,219.0,6.0,154.88,2025-03-04 08:15:30+00:00,0.0245,0.016,0.037,0.02525
Faltec Europe Ltd,219.0,6.0,154.88,2025-03-04 08:30:30+00:00,0.033,0.02225,0.042,0.03375
Faltec Europe Ltd,219.0,6.0,154.88,2025-03-04 08:45:30+00:00,0.039,0.02775,0.04825,0.03925
Faltec Europe Ltd,219.0,6.0,154.88,2025-03-04 09:00:30+00:00,0.042,0.0315,0.053,0.042
Faltec Europe Ltd,219.0,6.0,154.88,2025-03-04 09:15:30+00:00,0.04575,0.035,0.056,0.04575
Faltec Europe Ltd,219.0,6.0,154.88,2025-03-04 09:30:30+00:00,0.0485,0.0385,0.05875,0.04825
Faltec Europe Ltd,219.0,6.0,154.88,2025-03-04 09:45:30+00:00,0.051,0.04275,0.0605,0.0505
Faltec Europe Ltd,219.0,6.0,154.88,2025-03-04 10:00:30+00:00,0.0555,0.0465,0.06275,0.05475
Faltec Europe Ltd,219.0,6.0,154.88,2025-03-04 10:15:30+00:00,0.05725,0.05025,0.065,0.05625
Faltec Europe Ltd,219.0,6.0,154.88,2025-03-04 10:30:30+00:00,0.06,0.05225,0.06775,0.05875
Faltec Europe Ltd,219.0,6.0,154.88,2025-03-04 10:45:30+00:00,0.0625,0.0535,0.07175,0.061
Faltec Europe Ltd,219.0,6.0,154.88,2025-03-04 11:00:30+00:00,0.06525,0.053,0.07475,0.0635
Faltec Europe Ltd,219.0,6.0,154.88,2025-03-04 11:15:30+00:00,0.06375,0.04475,0.0825,0.062
Faltec Europe Ltd,219.0,6.0,154.88,2025-03-04 11:30:30+00:00,0.06175,0.0385,0.0925,0.06
Faltec Europe Ltd,219.0,6.0,154.88,2025-03-04 11:45:30+00:00,0.0715,0.04075,0.111,0.06875
Faltec Europe Ltd,219.0,6.0,154.88,2025-03-04 12:00:30+00:00,0.09675,0.05575,0.125,0.0895
Faltec Europe Ltd,219.0,6.0,154.88,2025-03-04 12:15:30+00:00,0.10025,0.06725,0.1245,0.09225
Faltec Europe Ltd,219.0,6.0,154.88,2025-03-04 12:30:30+00:00,0.08825,0.0675,0.114,0.08225
Faltec Europe Ltd,219.0,6.0,154.88,2025-03-04 12:45:30+00:00,0.08425,0.06525,0.104,0.07925
Faltec Europe Ltd,219.0,6.0,154.88,2025-03-04 13:00:30+00:00,0.08175,0.06225,0.0995,0.07675
Faltec Europe Ltd,219.0,6.0,154.88,2025-03-04 13:15:30+00:00,0.07575,0.059,0.09175,0.07125
Faltec Europe Ltd,219.0,6.0,154.88,2025-03-04 13:30:30+00:00,0.068,0.0545,0.0855,0.064
Faltec Europe Ltd,219.0,6.0,154.88,2025-03-04 13:45:30+00:00,0.067,0.05425,0.08475,0.06275
Faltec Europe Ltd,219.0,6.0,154.88,2025-03-04 14:00:30+00:00,0.0755,0.057,0.08625,0.069
Faltec Europe Ltd,219.0,6.0,154.88,2025-03-04 14:15:30+00:00,0.0705,0.05325,0.08775,0.06425
Faltec Europe Ltd,219.0,6.0,154.88,2025-03-04 14:30:30+00:00,0.0655,0.0405,0.08725,0.0595
Faltec Europe Ltd,219.0,6.0,154.88,2025-03-04 14:45:30+00:00,0.054,0.02425,0.08175,0.05
Faltec Europe Ltd,219.0,6.0,154.88,2025-03-04 15:00:30+00:00,0.039,0.01125,0.0675,0.037
Faltec Europe Ltd,219.0,6.0,154.88,2025-03-04 15:15:30+00:00,0.025,0.00625,0.04975,0.02475
Faltec Europe Ltd,219.0,6.0,154.88,2025-03-04 15:30:30+00:00,0.021,0.00675,0.0385,0.021
Faltec Europe Ltd,219.0,6.0,154.88,2025-03-04 15:45:30+00:00,0.0225,0.00775,0.032,0.022
Faltec Europe Ltd,219.0,6.0,154.88,2025-03-04 16:00:30+00:00,0.0155,0.00575,0.0275,0.01525
Faltec Europe Ltd,219.0,6.0,154.88,2025-03-04 16:15:30+00:00,0.01225,0.003,0.02325,0.01225
Faltec Europe Ltd,219.0,6.0,154.88,2025-03-04 16:30:30+00:00,0.01025,0.0025,0.02125,0.01025
Faltec Europe Ltd,219.0,6.0,154.88,2025-03-04 16:45:30+00:00,0.012,0.00225,0.01925,0.011
Faltec Europe Ltd,219.0,6.0,154.88,2025-03-04 17:00:30+00:00,0.00825,0.00225,0.0135,0.00775
Faltec Europe Ltd,219.0,6.0,154.88,2025-03-04 17:15:30+00:00,0.0035,0.00125,0.00675,0.0035
Faltec Europe Ltd,219.0,6.0,154.88,2025-03-04 17:30:30+00:00,0.00075,0.0005,0.0015,0.00075
Faltec Europe Ltd,219.0,6.0,154.88,2025-03-04 17:45:30+00:00,0.0,0.0,0.0,0.0
Faltec Europe Ltd,219.0,6.0,154.88,2025-03-04 18:00:30+00:00,0.0,0.0,0.0,0.0
Faltec Europe Ltd,219.0,6.0,154.88,2025-03-04 18:15:30+00:00,0.0,0.0,0.0,0.0
Faltec Europe Ltd,219.0,6.0,154.88,2025-03-04 18:30:30+00:00,0.0,0.0,0.0,0.0
Faltec Europe Ltd,219.0,6.0,154.88,2025-03-04 18:45:30+00:00,0.0,0.0,0.0,0.0
Faltec Europe Ltd,219.0,6.0,154.88,2025-03-04 19:00:30+00:00,0.0,0.0,0.0,0.0
Faltec Europe Ltd,219.0,6.0,154.88,2025-03-04 19:15:30+00:00,0.0,0.0,0.0,0.0
Faltec Europe Ltd,219.0,6.0,154.88,2025-03-04 19:30:30+00:00,0.0,0.0,0.0,0.0
Faltec Europe Ltd,219.0,6.0,154.88,2025-03-04 19:45:30+00:00,0.0,0.0,0.0,0.0
Faltec Europe Ltd,219.0,6.0,154.88,2025-03-04 20:00:30+00:00,0.0,0.0,0.0,0.0
Faltec Europe Ltd,219.0,6.0,154.88,2025-03-04 20:15:30+00:00,0.0,0.0,0.0,0.0
Faltec Europe Ltd,219.0,6.0,154.88,2025-03-04 20:30:30+00:00,0.0,0.0,0.0,0.0
Faltec Europe Ltd,219.0,6.0,154.88,2025-03-04 20:45:30+00:00,0.0,0.0,0.0,0.0
Faltec Europe Ltd,219.0,6.0,154.88,2025-03-04 21:00:30+00:00,0.0,0.0,0.0,0.0
Faltec Europe Ltd,219.0,6.0,154.88,2025-03-04 21:15:30+00:00,0.0,0.0,0.0,0.0
Faltec Europe Ltd,219.0,6.0,154.88,2025-03-04 21:30:30+00:00,0.0,0.0,0.0,0.0
Faltec Europe Ltd,219.0,6.0,154.88,2025-03-04 21:45:30+00:00,0.0,0.0,0.0,0.0
Faltec Europe Ltd,219.0,6.0,154.88,2025-03-04 22:00:30+00:00,0.0,0.0,0.0,0.0
Faltec Europe Ltd,219.0,6.0,154.88,2025-03-04 22:15:30+00:00,0.0,0.0,0.0,0.0
Faltec Europe Ltd,219.0,6.0,154.88,2025-03-04 22:30:30+00:00,0.0,0.0,0.0,0.0
Faltec Europe Ltd,219.0,6.0,154.88,2025-03-04 22:45:30+00:00,0.0,0.0,0.0,0.0
Faltec Europe Ltd,219.0,6.0,154.88,2025-03-04 23:00:30+00:00,0.0,0.0,0.0,0.0
Faltec Europe Ltd,219.0,6.0,154.88,2025-03-04 23:15:30+00:00,0.0,0.0,0.0,0.0
Faltec Europe Ltd,219.0,6.0,154.88,2025-03-04 23:30:30+00:00,0.0,0.0,0.0,0.0
Faltec Europe Ltd,219.0,6.0,154.88,2025-03-04 23:45:30+00:00,0.0,0.0,0.0,0.0
Faltec Europe Ltd,219.0,6.0,154.88,2025-03-05 00:00:30+00:00,0.0,0.0,0.0,0.0
Faltec Europe Ltd,219.0,6.0,154.88,2025-03-05 00:15:30+00:00,0.0,0.0,0.0,0.0
Faltec Europe Ltd,219.0,6.0,154.88,2025-03-05 00:30:30+00:00,0.0,0.0,0.0,0.0
Faltec Europe Ltd,219.0,6.0,154.88,2025-03-05 00:45:30+00:00,0.0,0.0,0.0,0.0
Faltec Europe Ltd,219.0,6.0,154.88,2025-03-05 01:00:30+00:00,0.0,0.0,0.0,0.0
Faltec Europe Ltd,219.0,6.0,154.88,2025-03-05 01:15:30+00:00,0.0,0.0,0.0,0.0
Faltec Europe Ltd,219.0,6.0,154.88,2025-03-05 01:30:30+00:00,0.0,0.0,0.0,0.0
Faltec Europe Ltd,219.0,6.0,154.88,2025-03-05 01:45:30+00:00,0.0,0.0,0.0,0.0
Faltec Europe Ltd,219.0,6.0,154.88,2025-03-05 02:00:30+00:00,0.0,0.0,0.0,0.0
Faltec Europe Ltd,219.0,6.0,154.88,2025-03-05 02:15:30+00:00,0.0,0.0,0.0,0.0
Faltec Europe Ltd,219.0,6.0,154.88,2025-03-05 02:30:30+00:00,0.0,0.0,0.0,0.0
Faltec Europe Ltd,219.0,6.0,154.88,2025-03-05 02:45:30+00:00,0.0,0.0,0.0,0.0
Faltec Europe Ltd,219.0,6.0,154.88,2025-03-05 03:00:30+00:00,0.0,0.0,0.0,0.0
Faltec Europe Ltd,219.0,6.0,154.88,2025-03-05 03:15:30+00:00,0.0,0.0,0.0,0.0
Faltec Europe Ltd,219.0,6.0,154.88,2025-03-05 03:30:30+00:00,0.0,0.0,0.0,0.0
Faltec Europe Ltd,219.0,6.0,154.88,2025-03-05 03:45:30+00:00,0.0,0.0,0.0,0.0
Faltec Europe Ltd,219.0,6.0,154.88,2025-03-05 04:00:30+00:00,0.0,0.0,0.0,0.0
Faltec Europe Ltd,219.0,6.0,154.88,2025-03-05 04:15:30+00:00,0.0,0.0,0.0,0.0
Faltec Europe Ltd,219.0,6.0,154.88,2025-03-05 04:30:30+00:00,0.0,0.0,0.0,0.0
Faltec Europe Ltd,219.0,6.0,154.88,2025-03-05 04:45:30+00:00,0.0,0.0,0.0,0.0
Faltec Europe Ltd,219.0,6.0,154.88,2025-03-05 05:00:30+00:00,0.0,0.0,0.0,0.0
Faltec Europe Ltd,219.0,6.0,154.88,2025-03-05 05:15:30+00:00,0.0,0.0,0.0,0.0
Faltec Europe Ltd,219.0,6.0,154.88,2025-03-05 05:30:30+00:00,0.0,0.0,0.0,0.0
Faltec Europe Ltd,219.0,6.0,154.88,2025-03-05 05:45:30+00:00,0.0,0.0,0.0,0.0
Faltec Europe Ltd,219.0,6.0,154.88,2025-03-05 06:00:30+00:00,0.0,0.0,0.0,0.0
Faltec Europe Ltd,219.0,6.0,154.88,2025-03-05 06:15:30+00:00,0.0,0.0,0.0,0.0
Faltec Europe Ltd,219.0,6.0,154.88,2025-03-05 06:30:30+00:00,0.0,0.0,0.0,0.0
Faltec Europe Ltd,219.0,6.0,154.88,2025-03-05 06:45:30+00:00,0.00025,0.00025,0.0005,0.00025
Faltec Europe Ltd,219.0,6.0,154.88,2025-03-05 07:00:30+00:00,0.00275,0.00125,0.0055,0.00275
Faltec Europe Ltd,219.0,6.0,154.88,2025-03-05 07:15:30+00:00,0.0065,0.00175,0.01025,0.00675
Faltec Europe Ltd,219.0,6.0,154.88,2025-03-05 07:30:30+00:00,0.00875,0.00175,0.01575,0.009
Faltec Europe Ltd,219.0,6.0,154.88,2025-03-05 07:45:30+00:00,0.011,0.0025,0.01975,0.01125
Faltec Europe Ltd,219.0,6.0,154.88,2025-03-05 08:00:30+00:00,0.01325,0.00375,0.02275,0.01325
Faltec Europe Ltd,219.0,6.0,154.88,2025-03-05 08:15:30+00:00,0.01525,0.0065,0.02525,0.0155
Faltec Europe Ltd,219.0,6.0,154.88,2025-03-05 08:30:30+00:00,0.019,0.009,0.02825,0.019
Faltec Europe Ltd,219.0,6.0,154.88,2025-03-05 08:45:30+00:00,0.0215,0.012,0.032,0.02175
Faltec Europe Ltd,219.0,6.0,154.88,2025-03-05 09:00:30+00:00,0.025,0.0115,0.039,0.02525
Faltec Europe Ltd,219.0,6.0,154.88,2025-03-05 09:15:30+00:00,0.02875,0.01225,0.047,0.029
Faltec Europe Ltd,219.0,6.0,154.88,2025-03-05 09:30:30+00:00,0.0345,0.01775,0.05925,0.03475
Faltec Europe Ltd,219.0,6.0,154.88,2025-03-05 09:45:30+00:00,0.052,0.02425,0.0655,0.0515
Faltec Europe Ltd,219.0,6.0,154.88,2025-03-05 10:00:30+00:00,0.047,0.02725,0.0675,0.04675
Faltec Europe Ltd,219.0,6.0,154.88,2025-03-05 10:15:30+00:00,0.04225,0.028,0.06825,0.04225
Faltec Europe Ltd,219.0,6.0,154.88,2025-03-05 10:30:30+00:00,0.056,0.03225,0.07525,0.055
Faltec Europe Ltd,219.0,6.0,154.88,2025-03-05 10:45:30+00:00,0.06225,0.043,0.0815,0.061
Faltec Europe Ltd,219.0,6.0,154.88,2025-03-05 11:00:30+00:00,0.06825,0.0495,0.08425,0.06625
Faltec Europe Ltd,219.0,6.0,154.88,2025-03-05 11:15:30+00:00,0.07,0.054,0.087,0.0675
Faltec Europe Ltd,219.0,6.0,154.88,2025-03-05 11:30:30+00:00,0.073,0.0495,0.08775,0.07025
Faltec Europe Ltd,219.0,6.0,154.88,2025-03-05 11:45:30+00:00,0.06175,0.0435,0.085,0.06
Faltec Europe Ltd,219.0,6.0,154.88,2025-03-05 12:00:30+00:00,0.05725,0.04275,0.07975,0.0565
Faltec Europe Ltd,219.0,6.0,154.88,2025-03-05 12:15:30+00:00,0.06675,0.04625,0.0805,0.06425
Faltec Europe Ltd,219.0,6.0,154.88,2025-03-05 12:30:30+00:00,0.0645,0.047,0.07875,0.062
Faltec Europe Ltd,219.0,6.0,154.88,2025-03-05 12:45:30+00:00,0.056,0.04125,0.0745,0.055
Faltec Europe Ltd,219.0,6.0,154.88,2025-03-05 13:00:30+00:00,0.05475,0.038,0.08,0.053
Faltec Europe Ltd,219.0,6.0,154.88,2025-03-05 13:15:30+00:00,0.0665,0.0345,0.08375,0.063
Faltec Europe Ltd,219.0,6.0,154.88,2025-03-05 13:30:30+00:00,0.05425,0.02475,0.08175,0.052
Faltec Europe Ltd,219.0,6.0,154.88,2025-03-05 13:45:30+00:00,0.03825,0.01475,0.07575,0.03775
Faltec Europe Ltd,219.0,6.0,154.88,2025-03-05 14:00:30+00:00,0.04575,0.01,0.086,0.044
Faltec Europe Ltd,219.0,6.0,154.88,2025-03-05 14:15:30+00:00,0.06125,0.016,0.10125,0.05625
Faltec Europe Ltd,219.0,6.0,154.88,2025-03-05 14:30:30+00:00,0.06775,0.03025,0.10725,0.061
Faltec Europe Ltd,219.0,6.0,154.88,2025-03-05 14:45:30+00:00,0.078,0.046,0.1015,0.0675
Faltec Europe Ltd,219.0,6.0,154.88,2025-03-05 15:00:30+00:00,0.07225,0.052,0.0885,0.06225
Faltec Europe Ltd,219.0,6.0,154.88,2025-03-05 15:15:30+00:00,0.05825,0.0455,0.07575,0.05125
Faltec Europe Ltd,219.0,6.0,154.88,2025-03-05 15:30:30+00:00,0.054,0.03875,0.068,0.046
Faltec Europe Ltd,219.0,6.0,154.88,2025-03-05 15:45:30+00:00,0.0465,0.03125,0.06,0.0395
Faltec Europe Ltd,219.0,6.0,154.88,2025-03-05 16:00:30+00:00,0.035,0.024,0.04825,0.0305
Faltec Europe Ltd,219.0,6.0,154.88,2025-03-05 16:15:30+00:00,0.02775,0.01775,0.03875,0.02425
Faltec Europe Ltd,219.0,6.0,154.88,2025-03-05 16:30:30+00:00,0.0225,0.01375,0.0315,0.01975
Faltec Europe Ltd,219.0,6.0,154.88,2025-03-05 16:45:30+00:00,0.01825,0.0105,0.02525,0.01525
Faltec Europe Ltd,219.0,6.0,154.88,2025-03-05 17:00:30+00:00,0.012,0.00675,0.0175,0.01
Faltec Europe Ltd,219.0,6.0,154.88,2025-03-05 17:15:30+00:00,0.00525,0.003,0.0085,0.005
Faltec Europe Ltd,219.0,6.0,154.88,2025-03-05 17:30:30+00:00,0.00125,0.001,0.002,0.00125
Faltec Europe Ltd,219.0,6.0,154.88,2025-03-05 17:45:30+00:00,0.0,0.0,0.0,0.0
Faltec Europe Ltd,219.0,6.0,154.88,2025-03-05 18:00:30+00:00,0.0,0.0,0.0,0.0
Faltec Europe Ltd,219.0,6.0,154.88,2025-03-05 18:15:30+00:00,0.0,0.0,0.0,0.0
Faltec Europe Ltd,219.0,6.0,154.88,2025-03-05 18:30:30+00:00,0.0,0.0,0.0,0.0
Faltec Europe Ltd,219.0,6.0,154.88,2025-03-05 18:45:30+00:00,0.0,0.0,0.0,0.0
Faltec Europe Ltd,219.0,6.0,154.88,2025-03-05 19:00:30+00:00,0.0,0.0,0.0,0.0
Faltec Europe Ltd,219.0,6.0,154.88,2025-03-05 19:15:30+00:00,0.0,0.0,0.0,0.0
Faltec Europe Ltd,219.0,6.0,154.88,2025-03-05 19:30:30+00:00,0.0,0.0,0.0,0.0
Faltec Europe Ltd,219.0,6.0,154.88,2025-03-05 19:45:30+00:00,0.0,0.0,0.0,0.0
Faltec Europe Ltd,219.0,6.0,154.88,2025-03-05 20:00:30+00:00,0.0,0.0,0.0,0.0
Faltec Europe Ltd,219.0,6.0,154.88,2025-03-05 20:15:30+00:00,0.0,0.0,0.0,0.0
Faltec Europe Ltd,219.0,6.0,154.88,2025-03-05 20:30:30+00:00,0.0,0.0,0.0,0.0
Faltec Europe Ltd,219.0,6.0,154.88,2025-03-05 20:45:30+00:00,0.0,0.0,0.0,0.0
Faltec Europe Ltd,219.0,6.0,154.88,2025-03-05 21:00:30+00:00,0.0,0.0,0.0,0.0
Faltec Europe Ltd,219.0,6.0,154.88,2025-03-05 21:15:30+00:00,0.0,0.0,0.0,0.0
Faltec Europe Ltd,219.0,6.0,154.88,2025-03-05 21:30:30+00:00,0.0,0.0,0.0,0.0
Faltec Europe Ltd,219.0,6.0,154.88,2025-03-05 21:45:30+00:00,0.0,0.0,0.0,0.0
Faltec Europe Ltd,219.0,6.0,154.88,2025-03-05 22:00:30+00:00,0.0,0.0,0.0,0.0
Faltec Europe Ltd,219.0,6.0,154.88,2025-03-05 22:15:30+00:00,0.0,0.0,0.0,0.0
Faltec Europe Ltd,219.0,6.0,154.88,2025-03-05 22:30:30+00:00,0.0,0.0,0.0,0.0
Faltec Europe Ltd,219.0,6.0,154.88,2025-03-05 22:45:30+00:00,0.0,0.0,0.0,0.0
Faltec Europe Ltd,219.0,6.0,154.88,2025-03-05 23:00:30+00:00,0.0,0.0,0.0,0.0
Faltec Europe Ltd,219.0,6.0,154.88,2025-03-05 23:15:30+00:00,0.0,0.0,0.0,0.0
Faltec Europe Ltd,219.0,6.0,154.88,2025-03-05 23:30:30+00:00,0.0,0.0,0.0,0.0
Faltec Europe Ltd,219.0,6.0,154.88,2025-03-05 23:45:30+00:00,0.0,0.0,0.0,0.0
Faltec Europe Ltd,219.0,6.0,154.88,2025-03-06 00:00:30+00:00,0.0,0.0,0.0,0.0
Faltec Europe Ltd,219.0,6.0,154.88,2025-03-06 00:15:30+00:00,0.0,0.0,0.0,0.0
Faltec Europe Ltd,219.0,6.0,154.88,2025-03-06 00:30:30+00:00,0.0,0.0,0.0,0.0
Faltec Europe Ltd,219.0,6.0,154.88,2025-03-06 00:45:30+00:00,0.0,0.0,0.0,0.0
Faltec Europe Ltd,219.0,6.0,154.88,2025-03-06 01:00:30+00:00,0.0,0.0,0.0,0.0
Faltec Europe Ltd,219.0,6.0,154.88,2025-03-06 01:15:30+00:00,0.0,0.0,0.0,0.0
Faltec Europe Ltd,219.0,6.0,154.88,2025-03-06 01:30:30+00:00,0.0,0.0,0.0,0.0
Faltec Europe Ltd,219.0,6.0,154.88,2025-03-06 01:45:30+00:00,0.0,0.0,0.0,0.0
Faltec Europe Ltd,219.0,6.0,154.88,2025-03-06 02:00:30+00:00,0.0,0.0,0.0,0.0
Faltec Europe Ltd,219.0,6.0,154.88,2025-03-06 02:15:30+00:00,0.0,0.0,0.0,0.0
Faltec Europe Ltd,219.0,6.0,154.88,2025-03-06 02:30:30+00:00,0.0,0.0,0.0,0.0
Faltec Europe Ltd,219.0,6.0,154.88,2025-03-06 02:45:30+00:00,0.0,0.0,0.0,0.0
Faltec Europe Ltd,219.0,6.0,154.88,2025-03-06 03:00:30+00:00,0.0,0.0,0.0,0.0
Faltec Europe Ltd,219.0,6.0,154.88,2025-03-06 03:15:30+00:00,0.0,0.0,0.0,0.0
Faltec Europe Ltd,219.0,6.0,154.88,2025-03-06 03:30:30+00:00,0.0,0.0,0.0,0.0
Faltec Europe Ltd,219.0,6.0,154.88,2025-03-06 03:45:30+00:00,0.0,0.0,0.0,0.0
Faltec Europe Ltd,219.0,6.0,154.88,2025-03-06 04:00:30+00:00,0.0,0.0,0.0,0.0
Faltec Europe Ltd,219.0,6.0,154.88,2025-03-06 04:15:30+00:00,0.0,0.0,0.0,0.0
Faltec Europe Ltd,219.0,6.0,154.88,2025-03-06 04:30:30+00:00,0.0,0.0,0.0,0.0
Faltec Europe Ltd,219.0,6.0,154.88,2025-03-06 04:45:30+00:00,0.0,0.0,0.0,0.0
Faltec Europe Ltd,219.0,6.0,154.88,2025-03-06 05:00:30+00:00,0.0,0.0,0.0,0.0
Faltec Europe Ltd,219.0,6.0,154.88,2025-03-06 05:15:30+00:00,0.0,0.0,0.0,0.0
Faltec Europe Ltd,219.0,6.0,154.88,2025-03-06 05:30:30+00:00,0.0,0.0,0.0,0.0
Faltec Europe Ltd,219.0,6.0,154.88,2025-03-06 05:45:30+00:00,0.0,0.0,0.0,0.0
Faltec Europe Ltd,219.0,6.0,154.88,2025-03-06 06:00:30+00:00,0.0,0.0,0.0,0.0
Faltec Europe Ltd,219.0,6.0,154.88,2025-03-06 06:15:30+00:00,0.0,0.0,0.0,0.0
Faltec Europe Ltd,219.0,6.0,154.88,2025-03-06 06:30:30+00:00,0.0,0.0,0.0,0.0
Faltec Europe Ltd,219.0,6.0,154.88,2025-03-06 06:45:30+00:00,0.001,0.0005,0.001,0.001
Faltec Europe Ltd,219.0,6.0,154.88,2025-03-06 07:00:30+00:00,0.00375,0.00275,0.0045,0.005
Faltec Europe Ltd,219.0,6.0,154.88,2025-03-06 07:15:30+00:00,0.009,0.00625,0.01075,0.01125
Faltec Europe Ltd,219.0,6.0,154.88,2025-03-06 07:30:30+00:00,0.01575,0.0115,0.0185,0.0185
Faltec Europe Ltd,219.0,6.0,154.88,2025-03-06 07:45:30+00:00,0.02325,0.01775,0.02725,0.026
Faltec Europe Ltd,219.0,6.0,154.88,2025-03-06 08:00:30+00:00,0.03125,0.0245,0.0365,0.034
Faltec Europe Ltd,219.0,6.0,154.88,2025-03-06 08:15:30+00:00,0.03975,0.03225,0.046,0.04175
Faltec Europe Ltd,219.0,6.0,154.88,2025-03-06 08:30:30+00:00,0.04825,0.04025,0.0555,0.04975
Faltec Europe Ltd,219.0,6.0,154.88,2025-03-06 08:45:30+00:00,0.057,0.04875,0.065,0.05775
Faltec Europe Ltd,219.0,6.0,154.88,2025-03-06 09:00:30+00:00,0.0655,0.05775,0.073,0.06525
Faltec Europe Ltd,219.0,6.0,154.88,2025-03-06 09:15:30+00:00,0.07375,0.0665,0.08075,0.0725
Faltec Europe Ltd,219.0,6.0,154.88,2025-03-06 09:30:30+00:00,0.0815,0.075,0.08775,0.07925
Faltec Europe Ltd,219.0,6.0,154.88,2025-03-06 09:45:30+00:00,0.089,0.08325,0.0945,0.08575
Faltec Europe Ltd,219.0,6.0,154.88,2025-03-06 10:00:30+00:00,0.09625,0.09075,0.10125,0.09175
Faltec Europe Ltd,219.0,6.0,154.88,2025-03-06 10:15:30+00:00,0.10275,0.09775,0.10775,0.09725
Faltec Europe Ltd,219.0,6.0,154.88,2025-03-06 10:30:30+00:00,0.109,0.10375,0.114,0.10225
Faltec Europe Ltd,219.0,6.0,154.88,2025-03-06 10:45:30+00:00,0.11475,0.10925,0.11975,0.10675
Faltec Europe Ltd,219.0,6.0,154.88,2025-03-06 11:00:30+00:00,0.12,0.11425,0.12525,0.1105
Faltec Europe Ltd,219.0,6.0,154.88,2025-03-06 11:15:30+00:00,0.12425,0.1185,0.1295,0.1135
Faltec Europe Ltd,219.0,6.0,154.88,2025-03-06 11:30:30+00:00,0.12775,0.122,0.133,0.116
Faltec Europe Ltd,219.0,6.0,154.88,2025-03-06 11:45:30+00:00,0.1305,0.12475,0.13575,0.11775
Faltec Europe Ltd,219.0,6.0,154.88,2025-03-06 12:00:30+00:00,0.13225,0.12675,0.13775,0.1185
Faltec Europe Ltd,219.0,6.0,154.88,2025-03-06 12:15:30+00:00,0.13375,0.12775,0.13875,0.119
Faltec Europe Ltd,219.0,6.0,154.88,2025-03-06 12:30:30+00:00,0.134,0.12825,0.13925,0.1185
Faltec Europe Ltd,219.0,6.0,154.88,2025-03-06 12:45:30+00:00,0.1335,0.12775,0.13875,0.11725
Faltec Europe Ltd,219.0,6.0,154.88,2025-03-06 13:00:30+00:00,0.132,0.12625,0.13725,0.11525
Faltec Europe Ltd,219.0,6.0,154.88,2025-03-06 13:15:30+00:00,0.12975,0.12375,0.135,0.1125
Faltec Europe Ltd,219.0,6.0,154.88,2025-03-06 13:30:30+00:00,0.12625,0.12075,0.1315,0.10875
Faltec Europe Ltd,219.0,6.0,154.88,2025-03-06 13:45:30+00:00,0.1225,0.11725,0.1275,0.10475
Faltec Europe Ltd,219.0,6.0,154.88,2025-03-06 14:00:30+00:00,0.1175,0.1125,0.12225,0.10025
Faltec Europe Ltd,219.0,6.0,154.88,2025-03-06 14:15:30+00:00,0.11225,0.107,0.11725,0.095
Faltec Europe Ltd,219.0,6.0,154.88,2025-03-06 14:30:30+00:00,0.1065,0.10025,0.112,0.08925
Faltec Europe Ltd,219.0,6.0,154.88,2025-03-06 14:45:30+00:00,0.09975,0.0925,0.10675,0.083
Faltec Europe Ltd,219.0,6.0,154.88,2025-03-06 15:00:30+00:00,0.0925,0.08375,0.10075,0.07625
Faltec Europe Ltd,219.0,6.0,154.88,2025-03-06 15:15:30+00:00,0.0845,0.07475,0.094,0.069
Faltec Europe Ltd,219.0,6.0,154.88,2025-03-06 15:30:30+00:00,0.07575,0.06525,0.08575,0.06125
Faltec Europe Ltd,219.0,6.0,154.88,2025-03-06 15:45:30+00:00,0.06625,0.0535,0.07625,0.05275
Faltec Europe Ltd,219.0,6.0,154.88,2025-03-06 16:00:30+00:00,0.058,0.04325,0.06625,0.0455
Faltec Europe Ltd,219.0,6.0,154.88,2025-03-06 16:15:30+00:00,0.049,0.03,0.054,0.039
Faltec Europe Ltd,219.0,6.0,154.88,2025-03-06 16:30:30+00:00,0.02875,0.02,0.04075,0.02425
Faltec Europe Ltd,219.0,6.0,154.88,2025-03-06 16:45:30+00:00,0.022,0.01325,0.03125,0.01775
Faltec Europe Ltd,219.0,6.0,154.88,2025-03-06 17:00:30+00:00,0.019,0.01025,0.0225,0.01425
Faltec Europe Ltd,219.0,6.0,154.88,2025-03-06 17:15:30+00:00,0.01125,0.007,0.01275,0.00775
Faltec Europe Ltd,219.0,6.0,154.88,2025-03-06 17:30:30+00:00,0.00275,0.0025,0.003,0.00225
Faltec Europe Ltd,219.0,6.0,154.88,2025-03-06 17:45:30+00:00,0.0,0.0,0.0,0.0
Faltec Europe Ltd,219.0,6.0,154.88,2025-03-06 18:00:30+00:00,0.0,0.0,0.0,0.0
Faltec Europe Ltd,219.0,6.0,154.88,2025-03-06 18:15:30+00:00,0.0,0.0,0.0,0.0
Faltec Europe Ltd,219.0,6.0,154.88,2025-03-06 18:30:30+00:00,0.0,0.0,0.0,0.0
Faltec Europe Ltd,219.0,6.0,154.88,2025-03-06 18:45:30+00:00,0.0,0.0,0.0,0.0
Faltec Europe Ltd,219.0,6.0,154.88,2025-03-06 19:00:30+00:00,0.0,0.0,0.0,0.0
Faltec Europe Ltd,219.0,6.0,154.88,2025-03-06 19:15:30+00:00,0.0,0.0,0.0,0.0
Faltec Europe Ltd,219.0,6.0,154.88,2025-03-06 19:30:30+00:00,0.0,0.0,0.0,0.0
Faltec Europe Ltd,219.0,6.0,154.88,2025-03-06 19:45:30+00:00,0.0,0.0,0.0,0.0
Faltec Europe Ltd,219.0,6.0,154.88,2025-03-06 20:00:30+00:00,0.0,0.0,0.0,0.0
Faltec Europe Ltd,219.0,6.0,154.88,2025-03-06 20:15:30+00:00,0.0,0.0,0.0,0.0
Faltec Europe Ltd,219.0,6.0,154.88,2025-03-06 20:30:30+00:00,0.0,0.0,0.0,0.0
Faltec Europe Ltd,219.0,6.0,154.88,2025-03-06 20:45:30+00:00,0.0,0.0,0.0,0.0
Faltec Europe Ltd,219.0,6.0,154.88,2025-03-06 21:00:30+00:00,0.0,0.0,0.0,0.0
Faltec Europe Ltd,219.0,6.0,154.88,2025-03-06 21:15:30+00:00,0.0,0.0,0.0,0.0
Faltec Europe Ltd,219.0,6.0,154.88,2025-03-06 21:30:30+00:00,0.0,0.0,0.0,0.0
Faltec Europe Ltd,219.0,6.0,154.88,2025-03-06 21:45:30+00:00,0.0,0.0,0.0,0.0
Faltec Europe Ltd,219.0,6.0,154.88,2025-03-06 22:00:30+00:00,0.0,0.0,0.0,0.0
Faltec Europe Ltd,219.0,6.0,154.88,2025-03-06 22:15:30+00:00,0.0,0.0,0.0,0.0
Faltec Europe Ltd,219.0,6.0,154.88,2025-03-06 22:30:30+00:00,0.0,0.0,0.0,0.0
Faltec Europe Ltd,219.0,6.0,154.88,2025-03-06 22:45:30+00:00,0.0,0.0,0.0,0.0
Faltec Europe Ltd,219.0,6.0,154.88,2025-03-06 23:00:30+00:00,0.0,0.0,0.0,0.0
Faltec Europe Ltd,219.0,6.0,154.88,2025-03-06 23:15:30+00:00,0.0,0.0,0.0,0.0
Faltec Europe Ltd,219.0,6.0,154.88,2025-03-06 23:30:30+00:00,0.0,0.0,0.0,0.0
Faltec Europe Ltd,219.0,6.0,154.88,2025-03-06 23:45:30+00:00,0.0,0.0,0.0,0.0
Faltec Europe Ltd,219.0,6.0,154.88,2025-03-07 00:00:30+00:00,0.0,0.0,0.0,0.0
Faltec Europe Ltd,219.0,6.0,154.88,2025-03-07 00:15:30+00:00,0.0,0.0,0.0,0.0
Faltec Europe Ltd,219.0,6.0,154.88,2025-03-07 00:30:30+00:00,0.0,0.0,0.0,0.0
Faltec Europe Ltd,219.0,6.0,154.88,2025-03-07 00:45:30+00:00,0.0,0.0,0.0,0.0
Faltec Europe Ltd,219.0,6.0,154.88,2025-03-07 01:00:30+00:00,0.0,0.0,0.0,0.0
Faltec Europe Ltd,219.0,6.0,154.88,2025-03-07 01:15:30+00:00,0.0,0.0,0.0,0.0
Faltec Europe Ltd,219.0,6.0,154.88,2025-03-07 01:30:30+00:00,0.0,0.0,0.0,0.0
Faltec Europe Ltd,219.0,6.0,154.88,2025-03-07 01:45:30+00:00,0.0,0.0,0.0,0.0
Faltec Europe Ltd,219.0,6.0,154.88,2025-03-07 02:00:30+00:00,0.0,0.0,0.0,0.0
Faltec Europe Ltd,219.0,6.0,154.88,2025-03-07 02:15:30+00:00,0.0,0.0,0.0,0.0
Faltec Europe Ltd,219.0,6.0,154.88,2025-03-07 02:30:30+00:00,0.0,0.0,0.0,0.0
Faltec Europe Ltd,219.0,6.0,154.88,2025-03-07 02:45:30+00:00,0.0,0.0,0.0,0.0
Faltec Europe Ltd,219.0,6.0,154.88,2025-03-07 03:00:30+00:00,0.0,0.0,0.0,0.0
Faltec Europe Ltd,219.0,6.0,154.88,2025-03-07 03:15:30+00:00,0.0,0.0,0.0,0.0
Faltec Europe Ltd,219.0,6.0,154.88,2025-03-07 03:30:30+00:00,0.0,0.0,0.0,0.0
Faltec Europe Ltd,219.0,6.0,154.88,2025-03-07 03:45:30+00:00,0.0,0.0,0.0,0.0
Faltec Europe Ltd,219.0,6.0,154.88,2025-03-07 04:00:30+00:00,0.0,0.0,0.0,0.0
Faltec Europe Ltd,219.0,6.0,154.88,2025-03-07 04:15:30+00:00,0.0,0.0,0.0,0.0
Faltec Europe Ltd,219.0,6.0,154.88,2025-03-07 04:30:30+00:00,0.0,0.0,0.0,0.0
Faltec Europe Ltd,219.0,6.0,154.88,2025-03-07 04:45:30+00:00,0.0,0.0,0.0,0.0
Faltec Europe Ltd,219.0,6.0,154.88,2025-03-07 05:00:30+00:00,0.0,0.0,0.0,0.0
Faltec Europe Ltd,219.0,6.0,154.88,2025-03-07 05:15:30+00:00,0.0,0.0,0.0,0.0
Faltec Europe Ltd,219.0,6.0,154.88,2025-03-07 05:30:30+00:00,0.0,0.0,0.0,0.0
Faltec Europe Ltd,219.0,6.0,154.88,2025-03-07 05:45:30+00:00,0.0,0.0,0.0,0.0
Faltec Europe Ltd,219.0,6.0,154.88,2025-03-07 06:00:30+00:00,0.0,0.0,0.0,0.0
Faltec Europe Ltd,219.0,6.0,154.88,2025-03-07 06:15:30+00:00,0.0,0.0,0.0,0.0
Faltec Europe Ltd,219.0,6.0,154.88,2025-03-07 06:30:30+00:00,0.0,0.0,0.0,0.0
Faltec Europe Ltd,219.0,6.0,154.88,2025-03-07 06:45:30+00:00,0.00075,0.00025,0.0015,0.00075
Faltec Europe Ltd,219.0,6.0,154.88,2025-03-07 07:00:30+00:00,0.003,0.001,0.00625,0.003
Faltec Europe Ltd,219.0,6.0,154.88,2025-03-07 07:15:30+00:00,0.00675,0.00125,0.01025,0.007
Faltec Europe Ltd,219.0,6.0,154.88,2025-03-07 07:30:30+00:00,0.00625,0.0015,0.0155,0.00625
Faltec Europe Ltd,219.0,6.0,154.88,2025-03-07 07:45:30+00:00,0.01025,0.00225,0.018,0.01025
Faltec Europe Ltd,219.0,6.0,154.88,2025-03-07 08:00:30+00:00,0.01025,0.00275,0.0205,0.0105
Faltec Europe Ltd,219.0,6.0,154.88,2025-03-07 08:15:30+00:00,0.01125,0.00375,0.02275,0.0115
Faltec Europe Ltd,219.0,6.0,154.88,2025-03-07 08:30:30+00:00,0.018,0.006,0.0265,0.01825
Faltec Europe Ltd,219.0,6.0,154.88,2025-03-07 08:45:30+00:00,0.01925,0.0045,0.03575,0.01925
Faltec Europe Ltd,219.0,6.0,154.88,2025-03-07 09:00:30+00:00,0.02025,0.00525,0.04325,0.0205
Faltec Europe Ltd,219.0,6.0,154.88,2025-03-07 09:15:30+00:00,0.01875,0.00575,0.06175,0.019
Faltec Europe Ltd,219.0,6.0,154.88,2025-03-07 09:30:30+00:00,0.05275,0.0105,0.07575,0.05225
Faltec Europe Ltd,219.0,6.0,154.88,2025-03-07 09:45:30+00:00,0.04625,0.00925,0.08375,0.04575
Faltec Europe Ltd,219.0,6.0,154.88,2025-03-07 10:00:30+00:00,0.03075,0.00725,0.07525,0.03075
Faltec Europe Ltd,219.0,6.0,154.88,2025-03-07 10:15:30+00:00,0.01725,0.00775,0.05925,0.01725
Faltec Europe Ltd,219.0,6.0,154.88,2025-03-07 10:30:30+00:00,0.0105,0.008,0.04275,0.01075
Faltec Europe Ltd,219.0,6.0,154.88,2025-03-07 10:45:30+00:00,0.0095,0.0085,0.035,0.0095
Faltec Europe Ltd,219.0,6.0,154.88,2025-03-07 11:00:30+00:00,0.01725,0.00875,0.0365,0.0175
Faltec Europe Ltd,219.0,6.0,154.88,2025-03-07 11:15:30+00:00,0.02425,0.009,0.039,0.0245
Faltec Europe Ltd,219.0,6.0,154.88,2025-03-07 11:30:30+00:00,0.01925,0.009,0.03725,0.0195
Faltec Europe Ltd,219.0,6.0,154.88,2025-03-07 11:45:30+00:00,0.015,0.00925,0.03275,0.015
Faltec Europe Ltd,219.0,6.0,154.88,2025-03-07 12:00:30+00:00,0.0175,0.00925,0.031,0.01775
Faltec Europe Ltd,219.0,6.0,154.88,2025-03-07 12:15:30+00:00,0.01775,0.00925,0.0295,0.018
Faltec Europe Ltd,219.0,6.0,154.88,2025-03-07 12:30:30+00:00,0.015,0.00925,0.028,0.015
Faltec Europe Ltd,219.0,6.0,154.88,2025-03-07 12:45:30+00:00,0.01325,0.009,0.02675,0.01325
Faltec Europe Ltd,219.0,6.0,154.88,2025-03-07 13:00:30+00:00,0.01425,0.009,0.0265,0.01425
Faltec Europe Ltd,219.0,6.0,154.88,2025-03-07 13:15:30+00:00,0.0145,0.00875,0.028,0.01475
Faltec Europe Ltd,219.0,6.0,154.88,2025-03-07 13:30:30+00:00,0.017,0.0085,0.028,0.017
Faltec Europe Ltd,219.0,6.0,154.88,2025-03-07 13:45:30+00:00,0.01425,0.00825,0.02625,0.01425
Faltec Europe Ltd,219.0,6.0,154.88,2025-03-07 14:00:30+00:00,0.01,0.00775,0.02375,0.01025
Faltec Europe Ltd,219.0,6.0,154.88,2025-03-07 14:15:30+00:00,0.01,0.0075,0.02375,0.01
Faltec Europe Ltd,219.0,6.0,154.88,2025-03-07 14:30:30+00:00,0.01275,0.007,0.02625,0.01275
Faltec Europe Ltd,219.0,6.0,154.88,2025-03-07 14:45:30+00:00,0.014,0.0065,0.02925,0.01425
Faltec Europe Ltd,219.0,6.0,154.88,2025-03-07 15:00:30+00:00,0.0155,0.006,0.03025,0.0155
Faltec Europe Ltd,219.0,6.0,154.88,2025-03-07 15:15:30+00:00,0.01675,0.0055,0.031,0.017
Faltec Europe Ltd,219.0,6.0,154.88,2025-03-07 15:30:30+00:00,0.0175,0.00475,0.03075,0.01775
Faltec Europe Ltd,219.0,6.0,154.88,2025-03-07 15:45:30+00:00,0.01625,0.00425,0.0305,0.01625
Faltec Europe Ltd,219.0,6.0,154.88,2025-03-07 16:00:30+00:00,0.01725,0.00425,0.02875,0.01725
Faltec Europe Ltd,219.0,6.0,154.88,2025-03-07 16:15:30+00:00,0.01575,0.005,0.027,0.01575
Faltec Europe Ltd,219.0,6.0,154.88,2025-03-07 16:30:30+00:00,0.0145,0.00375,0.02275,0.01425
Faltec Europe Ltd,219.0,6.0,154.88,2025-03-07 16:45:30+00:00,0.00875,0.00175,0.01675,0.00875
Faltec Europe Ltd,219.0,6.0,154.88,2025-03-07 17:00:30+00:00,0.004,0.00125,0.0105,0.004
Faltec Europe Ltd,219.0,6.0,154.88,2025-03-07 17:15:30+00:00,0.00175,0.0005,0.00525,0.002
Faltec Europe Ltd,219.0,6.0,154.88,2025-03-07 17:30:30+00:00,0.0005,0.00025,0.00225,0.0005
Faltec Europe Ltd,219.0,6.0,154.88,2025-03-07 17:45:30+00:00,0.0,0.0,0.00025,0.0
Faltec Europe Ltd,219.0,6.0,154.88,2025-03-07 18:00:30+00:00,0.0,0.0,0.0,0.0
Faltec Europe Ltd,219.0,6.0,154.88,2025-03-07 18:15:30+00:00,0.0,0.0,0.0,0.0
Faltec Europe Ltd,219.0,6.0,154.88,2025-03-07 18:30:30+00:00,0.0,0.0,0.0,0.0
Faltec Europe Ltd,219.0,6.0,154.88,2025-03-07 18:45:30+00:00,0.0,0.0,0.0,0.0
Faltec Europe Ltd,219.0,6.0,154.88,2025-03-07 19:00:30+00:00,0.0,0.0,0.0,0.0
Faltec Europe Ltd,219.0,6.0,154.88,2025-03-07 19:15:30+00:00,0.0,0.0,0.0,0.0
Faltec Europe Ltd,219.0,6.0,154.88,2025-03-07 19:30:30+00:00,0.0,0.0,0.0,0.0
Faltec Europe Ltd,219.0,6.0,154.88,2025-03-07 19:45:30+00:00,0.0,0.0,0.0,0.0
Faltec Europe Ltd,219.0,6.0,154.88,2025-03-07 20:00:30+00:00,0.0,0.0,0.0,0.0
Faltec Europe Ltd,219.0,6.0,154.88,2025-03-07 20:15:30+00:00,0.0,0.0,0.0,0.0
Faltec Europe Ltd,219.0,6.0,154.88,2025-03-07 20:30:30+00:00,0.0,0.0,0.0,0.0
Faltec Europe Ltd,219.0,6.0,154.88,2025-03-07 20:45:30+00:00,0.0,0.0,0.0,0.0
Faltec Europe Ltd,219.0,6.0,154.88,2025-03-07 21:00:30+00:00,0.0,0.0,0.0,0.0
Faltec Europe Ltd,219.0,6.0,154.88,2025-03-07 21:15:30+00:00,0.0,0.0,0.0,0.0
Faltec Europe Ltd,219.0,6.0,154.88,2025-03-07 21:30:30+00:00,0.0,0.0,0.0,0.0
Faltec Europe Ltd,219.0,6.0,154.88,2025-03-07 21:45:30+00:00,0.0,0.0,0.0,0.0
Faltec Europe Ltd,219.0,6.0,154.88,2025-03-07 22:00:30+00:00,0.0,0.0,0.0,0.0
Faltec Europe Ltd,219.0,6.0,154.88,2025-03-07 22:15:30+00:00,0.0,0.0,0.0,0.0
Faltec Europe Ltd,219.0,6.0,154.88,2025-03-07 22:30:30+00:00,0.0,0.0,0.0,0.0
Faltec Europe Ltd,219.0,6.0,154.88,2025-03-07 22:45:30+00:00,0.0,0.0,0.0,0.0
Faltec Europe Ltd,219.0,6.0,154.88,2025-03-07 23:00:30+00:00,0.0,0.0,0.0,0.0
Faltec Europe Ltd,219.0,6.0,154.88,2025-03-07 23:15:30+00:00,0.0,0.0,0.0,0.0
Faltec Europe Ltd,219.0,6.0,154.88,2025-03-07 23:30:30+00:00,0.0,0.0,0.0,0.0
Faltec Europe Ltd,219.0,6.0,154.88,2025-03-07 23:45:30+00:00,0.0,0.0,0.0,0.0
Faltec Europe Ltd,219.0,6.0,154.88,2025-03-08 00:00:30+00:00,0.0,0.0,0.0,0.0
Faltec Europe Ltd,219.0,6.0,154.88,2025-03-08 00:15:30+00:00,0.0,0.0,0.0,0.0
Faltec Europe Ltd,219.0,6.0,154.88,2025-03-08 00:30:30+00:00,0.0,0.0,0.0,0.0
Faltec Europe Ltd,219.0,6.0,154.88,2025-03-08 00:45:30+00:00,0.0,0.0,0.0,0.0
Faltec Europe Ltd,219.0,6.0,154.88,2025-03-08 01:00:30+00:00,0.0,0.0,0.0,0.0
Faltec Europe Ltd,219.0,6.0,154.88,2025-03-08 01:15:30+00:00,0.0,0.0,0.0,0.0
Faltec Europe Ltd,219.0,6.0,154.88,2025-03-08 01:30:30+00:00,0.0,0.0,0.0,0.0
Faltec Europe Ltd,219.0,6.0,154.88,2025-03-08 01:45:30+00:00,0.0,0.0,0.0,0.0
Faltec Europe Ltd,219.0,6.0,154.88,2025-03-08 02:00:30+00:00,0.0,0.0,0.0,0.0
Faltec Europe Ltd,219.0,6.0,154.88,2025-03-08 02:15:30+00:00,0.0,0.0,0.0,0.0
Faltec Europe Ltd,219.0,6.0,154.88,2025-03-08 02:30:30+00:00,0.0,0.0,0.0,0.0
Faltec Europe Ltd,219.0,6.0,154.88,2025-03-08 02:45:30+00:00,0.0,0.0,0.0,0.0
Faltec Europe Ltd,219.0,6.0,154.88,2025-03-08 03:00:30+00:00,0.0,0.0,0.0,0.0
Faltec Europe Ltd,219.0,6.0,154.88,2025-03-08 03:15:30+00:00,0.0,0.0,0.0,0.0
Faltec Europe Ltd,219.0,6.0,154.88,2025-03-08 03:30:30+00:00,0.0,0.0,0.0,0.0
Faltec Europe Ltd,219.0,6.0,154.88,2025-03-08 03:45:30+00:00,0.0,0.0,0.0,0.0
Faltec Europe Ltd,219.0,6.0,154.88,2025-03-08 04:00:30+00:00,0.0,0.0,0.0,0.0
Faltec Europe Ltd,219.0,6.0,154.88,2025-03-08 04:15:30+00:00,0.0,0.0,0.0,0.0
Faltec Europe Ltd,219.0,6.0,154.88,2025-03-08 04:30:30+00:00,0.0,0.0,0.0,0.0
Faltec Europe Ltd,219.0,6.0,154.88,2025-03-08 04:45:30+00:00,0.0,0.0,0.0,0.0
Faltec Europe Ltd,219.0,6.0,154.88,2025-03-08 05:00:30+00:00,0.0,0.0,0.0,0.0
Faltec Europe Ltd,219.0,6.0,154.88,2025-03-08 05:15:30+00:00,0.0,0.0,0.0,0.0
Faltec Europe Ltd,219.0,6.0,154.88,2025-03-08 05:30:30+00:00,0.0,0.0,0.0,0.0
Faltec Europe Ltd,219.0,6.0,154.88,2025-03-08 05:45:30+00:00,0.0,0.0,0.0,0.0
Faltec Europe Ltd,219.0,6.0,154.88,2025-03-08 06:00:30+00:00,0.0,0.0,0.0,0.0
Faltec Europe Ltd,219.0,6.0,154.88,2025-03-08 06:15:30+00:00,0.0,0.0,0.0,0.0
Faltec Europe Ltd,219.0,6.0,154.88,2025-03-08 06:30:30+00:00,0.0,0.0,0.0,0.0
Faltec Europe Ltd,219.0,6.0,154.88,2025-03-08 06:45:30+00:00,0.002,0.00175,0.0025,0.002
Faltec Europe Ltd,219.0,6.0,154.88,2025-03-08 07:00:30+00:00,0.0055,0.00375,0.0065,0.0065
Faltec Europe Ltd,219.0,6.0,154.88,2025-03-08 07:15:30+00:00,0.01125,0.00625,0.013,0.01325
Faltec Europe Ltd,219.0,6.0,154.88,2025-03-08 07:30:30+00:00,0.0155,0.00925,0.02125,0.01675
Faltec Europe Ltd,219.0,6.0,154.88,2025-03-08 07:45:30+00:00,0.0205,0.0135,0.03,0.022
Faltec Europe Ltd,219.0,6.0,154.88,2025-03-08 08:00:30+00:00,0.0295,0.01825,0.0385,0.03125
Faltec Europe Ltd,219.0,6.0,154.88,2025-03-08 08:15:30+00:00,0.03675,0.02675,0.0475,0.03825
Faltec Europe Ltd,219.0,6.0,154.88,2025-03-08 08:30:30+00:00,0.04825,0.03575,0.05675,0.0495
Faltec Europe Ltd,219.0,6.0,154.88,2025-03-08 08:45:30+00:00,0.05875,0.0475,0.066,0.0595
Faltec Europe Ltd,219.0,6.0,154.88,2025-03-08 09:00:30+00:00,0.067,0.058,0.07525,0.067
Faltec Europe Ltd,219.0,6.0,154.88,2025-03-08 09:15:30+00:00,0.07475,0.068,0.08125,0.07375
Faltec Europe Ltd,219.0,6.0,154.88,2025-03-08 09:30:30+00:00,0.08225,0.07675,0.08775,0.0805
Faltec Europe Ltd,219.0,6.0,154.88,2025-03-08 09:45:30+00:00,0.08975,0.0845,0.09425,0.087
Faltec Europe Ltd,219.0,6.0,154.88,2025-03-08 10:00:30+00:00,0.096,0.0915,0.101,0.092
Faltec Europe Ltd,219.0,6.0,154.88,2025-03-08 10:15:30+00:00,0.10275,0.09775,0.10775,0.09775
Faltec Europe Ltd,219.0,6.0,154.88,2025-03-08 10:30:30+00:00,0.10925,0.10375,0.114,0.103
Faltec Europe Ltd,219.0,6.0,154.88,2025-03-08 10:45:30+00:00,0.1145,0.10875,0.11925,0.10725
Faltec Europe Ltd,219.0,6.0,154.88,2025-03-08 11:00:30+00:00,0.1185,0.11275,0.12375,0.11025
Faltec Europe Ltd,219.0,6.0,154.88,2025-03-08 11:15:30+00:00,0.12175,0.116,0.12775,0.11275
Faltec Europe Ltd,219.0,6.0,154.88,2025-03-08 11:30:30+00:00,0.125,0.119,0.1315,0.115
Faltec Europe Ltd,219.0,6.0,154.88,2025-03-08 11:45:30+00:00,0.12875,0.122,0.13475,0.1175
Faltec Europe Ltd,219.0,6.0,154.88,2025-03-08 12:00:30+00:00,0.131,0.12375,0.13675,0.11875
Faltec Europe Ltd,219.0,6.0,154.88,2025-03-08 12:15:30+00:00,0.131,0.124,0.13725,0.11825
Faltec Europe Ltd,219.0,6.0,154.88,2025-03-08 12:30:30+00:00,0.13,0.12375,0.1365,0.11675
Faltec Europe Ltd,219.0,6.0,154.88,2025-03-08 12:45:30+00:00,0.1295,0.12325,0.13525,0.1155
Faltec Europe Ltd,219.0,6.0,154.88,2025-03-08 13:00:30+00:00,0.12825,0.1225,0.1335,0.11375
Faltec Europe Ltd,219.0,6.0,154.88,2025-03-08 13:15:30+00:00,0.12625,0.1205,0.1315,0.11125
Faltec Europe Ltd,219.0,6.0,154.88,2025-03-08 13:30:30+00:00,0.12325,0.11775,0.1285,0.10825
Faltec Europe Ltd,219.0,6.0,154.88,2025-03-08 13:45:30+00:00,0.12,0.1145,0.125,0.1045
Faltec Europe Ltd,219.0,6.0,154.88,2025-03-08 14:00:30+00:00,0.11575,0.1105,0.1205,0.10025
Faltec Europe Ltd,219.0,6.0,154.88,2025-03-08 14:15:30+00:00,0.11075,0.1055,0.1155,0.09525
Faltec Europe Ltd,219.0,6.0,154.88,2025-03-08 14:30:30+00:00,0.10475,0.099,0.10975,0.0895
Faltec Europe Ltd,219.0,6.0,154.88,2025-03-08 14:45:30+00:00,0.09775,0.0915,0.10375,0.083
Faltec Europe Ltd,219.0,6.0,154.88,2025-03-08 15:00:30+00:00,0.0905,0.08325,0.0975,0.07625
Faltec Europe Ltd,219.0,6.0,154.88,2025-03-08 15:15:30+00:00,0.08325,0.075,0.09125,0.0695
Faltec Europe Ltd,219.0,6.0,154.88,2025-03-08 15:30:30+00:00,0.07525,0.066,0.084,0.06225
Faltec Europe Ltd,219.0,6.0,154.88,2025-03-08 15:45:30+00:00,0.06625,0.05675,0.07475,0.05425
Faltec Europe Ltd,219.0,6.0,154.88,2025-03-08 16:00:30+00:00,0.0565,0.047,0.06425,0.04625
Faltec Europe Ltd,219.0,6.0,154.88,2025-03-08 16:15:30+00:00,0.04725,0.03825,0.054,0.03825
Faltec Europe Ltd,219.0,6.0,154.88,2025-03-08 16:30:30+00:00,0.03825,0.03,0.04375,0.0305
Faltec Europe Ltd,219.0,6.0,154.88,2025-03-08 16:45:30+00:00,0.02975,0.02225,0.0335,0.023
Faltec Europe Ltd,219.0,6.0,154.88,2025-03-08 17:00:30+00:00,0.02125,0.01525,0.0235,0.016
Faltec Europe Ltd,219.0,6.0,154.88,2025-03-08 17:15:30+00:00,0.012,0.00875,0.01325,0.009
Faltec Europe Ltd,219.0,6.0,154.88,2025-03-08 17:30:30+00:00,0.00375,0.00325,0.004,0.00325
Faltec Europe Ltd,219.0,6.0,154.88,2025-03-08 17:45:30+00:00,0.0005,0.00025,0.0005,0.0005
Faltec Europe Ltd,219.0,6.0,154.88,2025-03-08 18:00:30+00:00,0.0,0.0,0.0,0.0
Faltec Europe Ltd,219.0,6.0,154.88,2025-03-08 18:15:30+00:00,0.0,0.0,0.0,0.0
Faltec Europe Ltd,219.0,6.0,154.88,2025-03-08 18:30:30+00:00,0.0,0.0,0.0,0.0
Faltec Europe Ltd,219.0,6.0,154.88,2025-03-08 18:45:30+00:00,0.0,0.0,0.0,0.0
Faltec Europe Ltd,219.0,6.0,154.88,2025-03-08 19:00:30+00:00,0.0,0.0,0.0,0.0
Faltec Europe Ltd,219.0,6.0,154.88,2025-03-08 19:15:30+00:00,0.0,0.0,0.0,0.0
Faltec Europe Ltd,219.0,6.0,154.88,2025-03-08 19:30:30+00:00,0.0,0.0,0.0,0.0
Faltec Europe Ltd,219.0,6.0,154.88,2025-03-08 19:45:30+00:00,0.0,0.0,0.0,0.0
Faltec Europe Ltd,219.0,6.0,154.88,2025-03-08 20:00:30+00:00,0.0,0.0,0.0,0.0
Faltec Europe Ltd,219.0,6.0,154.88,2025-03-08 20:15:30+00:00,0.0,0.0,0.0,0.0
Faltec Europe Ltd,219.0,6.0,154.88,2025-03-08 20:30:30+00:00,0.0,0.0,0.0,0.0
Faltec Europe Ltd,219.0,6.0,154.88,2025-03-08 20:45:30+00:00,0.0,0.0,0.0,0.0
Faltec Europe Ltd,219.0,6.0,154.88,2025-03-08 21:00:30+00:00,0.0,0.0,0.0,0.0
Faltec Europe Ltd,219.0,6.0,154.88,2025-03-08 21:15:30+00:00,0.0,0.0,0.0,0.0
Faltec Europe Ltd,219.0,6.0,154.88,2025-03-08 21:30:30+00:00,0.0,0.0,0.0,0.0
Faltec Europe Ltd,219.0,6.0,154.88,2025-03-08 21:45:30+00:00,0.0,0.0,0.0,0.0
Faltec Europe Ltd,219.0,6.0,154.88,2025-03-08 22:00:30+00:00,0.0,0.0,0.0,0.0
Faltec Europe Ltd,219.0,6.0,154.88,2025-03-08 22:15:30+00:00,0.0,0.0,0.0,0.0
Faltec Europe Ltd,219.0,6.0,154.88,2025-03-08 22:30:30+00:00,0.0,0.0,0.0,0.0
Faltec Europe Ltd,219.0,6.0,154.88,2025-03-08 22:45:30+00:00,0.0,0.0,0.0,0.0
Faltec Europe Ltd,219.0,6.0,154.88,2025-03-08 23:00:30+00:00,0.0,0.0,0.0,0.0
Faltec Europe Ltd,219.0,6.0,154.88,2025-03-08 23:15:30+00:00,0.0,0.0,0.0,0.0
Faltec Europe Ltd,219.0,6.0,154.88,2025-03-08 23:30:30+00:00,0.0,0.0,0.0,0.0
Faltec Europe Ltd,219.0,6.0,154.88,2025-03-08 23:45:30+00:00,0.0,0.0,0.0,0.0
Faltec Europe Ltd,219.0,6.0,154.88,2025-03-09 00:00:30+00:00,0.0,0.0,0.0,0.0
Faltec Europe Ltd,219.0,6.0,154.88,2025-03-09 00:15:30+00:00,0.0,0.0,0.0,0.0
Faltec Europe Ltd,219.0,6.0,154.88,2025-03-09 00:30:30+00:00,0.0,0.0,0.0,0.0
Faltec Europe Ltd,219.0,6.0,154.88,2025-03-09 00:45:30+00:00,0.0,0.0,0.0,0.0
Faltec Europe Ltd,219.0,6.0,154.88,2025-03-09 01:00:30+00:00,0.0,0.0,0.0,0.0
Faltec Europe Ltd,219.0,6.0,154.88,2025-03-09 01:15:30+00:00,0.0,0.0,0.0,0.0
Faltec Europe Ltd,219.0,6.0,154.88,2025-03-09 01:30:30+00:00,0.0,0.0,0.0,0.0
Faltec Europe Ltd,219.0,6.0,154.88,2025-03-09 01:45:30+00:00,0.0,0.0,0.0,0.0
Faltec Europe Ltd,219.0,6.0,154.88,2025-03-09 02:00:30+00:00,0.0,0.0,0.0,0.0
Faltec Europe Ltd,219.0,6.0,154.88,2025-03-09 02:15:30+00:00,0.0,0.0,0.0,0.0
Faltec Europe Ltd,219.0,6.0,154.88,2025-03-09 02:30:30+00:00,0.0,0.0,0.0,0.0
Faltec Europe Ltd,219.0,6.0,154.88,2025-03-09 02:45:30+00:00,0.0,0.0,0.0,0.0
Faltec Europe Ltd,219.0,6.0,154.88,2025-03-09 03:00:30+00:00,0.0,0.0,0.0,0.0
Faltec Europe Ltd,219.0,6.0,154.88,2025-03-09 03:15:30+00:00,0.0,0.0,0.0,0.0
Faltec Europe Ltd,219.0,6.0,154.88,2025-03-09 03:30:30+00:00,0.0,0.0,0.0,0.0
Faltec Europe Ltd,219.0,6.0,154.88,2025-03-09 03:45:30+00:00,0.0,0.0,0.0,0.0
Faltec Europe Ltd,219.0,6.0,154.88,2025-03-09 04:00:30+00:00,0.0,0.0,0.0,0.0
Faltec Europe Ltd,219.0,6.0,154.88,2025-03-09 04:15:30+00:00,0.0,0.0,0.0,0.0
Faltec Europe Ltd,219.0,6.0,154.88,2025-03-09 04:30:30+00:00,0.0,0.0,0.0,0.0
Faltec Europe Ltd,219.0,6.0,154.88,2025-03-09 04:45:30+00:00,0.0,0.0,0.0,0.0
Faltec Europe Ltd,219.0,6.0,154.88,2025-03-09 05:00:30+00:00,0.0,0.0,0.0,0.0
Faltec Europe Ltd,219.0,6.0,154.88,2025-03-09 05:15:30+00:00,0.0,0.0,0.0,0.0
Faltec Europe Ltd,219.0,6.0,154.88,2025-03-09 05:30:30+00:00,0.0,0.0,0.0,0.0
Faltec Europe Ltd,219.0,6.0,154.88,2025-03-09 05:45:30+00:00,0.0,0.0,0.0,0.0
Faltec Europe Ltd,219.0,6.0,154.88,2025-03-09 06:00:30+00:00,0.0,0.0,0.0,0.0
Faltec Europe Ltd,219.0,6.0,154.88,2025-03-09 06:15:30+00:00,0.0,0.0,0.0,0.0
Faltec Europe Ltd,219.0,6.0,154.88,2025-03-09 06:30:30+00:00,0.00075,0.00025,0.00125,0.00075
Faltec Europe Ltd,219.0,6.0,154.88,2025-03-09 06:45:30+00:00,0.00175,0.00125,0.003,0.00175
Faltec Europe Ltd,219.0,6.0,154.88,2025-03-09 07:00:30+00:00,0.00475,0.0025,0.008,0.005
Faltec Europe Ltd,219.0,6.0,154.88,2025-03-09 07:15:30+00:00,0.00875,0.0045,0.013,0.00925
Faltec Europe Ltd,219.0,6.0,154.88,2025-03-09 07:30:30+00:00,0.0125,0.0065,0.0185,0.01275
Faltec Europe Ltd,219.0,6.0,154.88,2025-03-09 07:45:30+00:00,0.016,0.009,0.02325,0.0165
Faltec Europe Ltd,219.0,6.0,154.88,2025-03-09 08:00:30+00:00,0.01975,0.01175,0.02775,0.02025
Faltec Europe Ltd,219.0,6.0,154.88,2025-03-09 08:15:30+00:00,0.02325,0.0155,0.032,0.02375
Faltec Europe Ltd,219.0,6.0,154.88,2025-03-09 08:30:30+00:00,0.02775,0.019,0.036,0.028
Faltec Europe Ltd,219.0,6.0,154.88,2025-03-09 08:45:30+00:00,0.0315,0.022,0.0405,0.03175
Faltec Europe Ltd,219.0,6.0,154.88,2025-03-09 09:00:30+00:00,0.0345,0.024,0.04375,0.03475
Faltec Europe Ltd,219.0,6.0,154.88,2025-03-09 09:15:30+00:00,0.03575,0.0255,0.046,0.036
Faltec Europe Ltd,219.0,6.0,154.88,2025-03-09 09:30:30+00:00,0.03675,0.0275,0.04725,0.037
Faltec Europe Ltd,219.0,6.0,154.88,2025-03-09 09:45:30+00:00,0.039,0.03025,0.048,0.03925
Faltec Europe Ltd,219.0,6.0,154.88,2025-03-09 10:00:30+00:00,0.0415,0.03225,0.0505,0.0415
Faltec Europe Ltd,219.0,6.0,154.88,2025-03-09 10:15:30+00:00,0.0435,0.03175,0.0565,0.0435
Faltec Europe Ltd,219.0,6.0,154.88,2025-03-09 10:30:30+00:00,0.04725,0.02775,0.069,0.04725
Faltec Europe Ltd,219.0,6.0,154.88,2025-03-09 10:45:30+00:00,0.05425,0.0215,0.0895,0.054
Faltec Europe Ltd,219.0,6.0,154.88,2025-03-09 11:00:30+00:00,0.0655,0.02,0.1155,0.064
Faltec Europe Ltd,219.0,6.0,154.88,2025-03-09 11:15:30+00:00,0.0835,0.02875,0.1355,0.08
Faltec Europe Ltd,219.0,6.0,154.88,2025-03-09 11:30:30+00:00,0.109,0.051,0.14125,0.10225
Faltec Europe Ltd,219.0,6.0,154.88,2025-03-09 11:45:30+00:00,0.12725,0.07975,0.146,0.117
Faltec Europe Ltd,219.0,6.0,154.88,2025-03-09 12:00:30+00:00,0.134,0.1055,0.1485,0.122
Faltec Europe Ltd,219.0,6.0,154.88,2025-03-09 12:15:30+00:00,0.1355,0.12175,0.1485,0.1225
Faltec Europe Ltd,219.0,6.0,154.88,2025-03-09 12:30:30+00:00,0.1355,0.1285,0.14225,0.12175
Faltec Europe Ltd,219.0,6.0,154.88,2025-03-09 12:45:30+00:00,0.135,0.12925,0.14,0.1205
Faltec Europe Ltd,219.0,6.0,154.88,2025-03-09 13:00:30+00:00,0.13325,0.12775,0.1385,0.1185
Faltec Europe Ltd,219.0,6.0,154.88,2025-03-09 13:15:30+00:00,0.13075,0.12525,0.136,0.1155
Faltec Europe Ltd,219.0,6.0,154.88,2025-03-09 13:30:30+00:00,0.1275,0.122,0.1325,0.112
Faltec Europe Ltd,219.0,6.0,154.88,2025-03-09 13:45:30+00:00,0.1235,0.11825,0.12825,0.10775
Faltec Europe Ltd,219.0,6.0,154.88,2025-03-09 14:00:30+00:00,0.119,0.11375,0.1235,0.10325
Faltec Europe Ltd,219.0,6.0,154.88,2025-03-09 14:15:30+00:00,0.1135,0.1085,0.118,0.09775
Faltec Europe Ltd,219.0,6.0,154.88,2025-03-09 14:30:30+00:00,0.1075,0.102,0.1125,0.092
Faltec Europe Ltd,219.0,6.0,154.88,2025-03-09 14:45:30+00:00,0.1005,0.09425,0.1065,0.08575
Faltec Europe Ltd,219.0,6.0,154.88,2025-03-09 15:00:30+00:00,0.093,0.08575,0.10025,0.07875
Faltec Europe Ltd,219.0,6.0,154.88,2025-03-09 15:15:30+00:00,0.08475,0.0765,0.09325,0.07125
Faltec Europe Ltd,219.0,6.0,154.88,2025-03-09 15:30:30+00:00,0.07575,0.06675,0.08475,0.0635
Faltec Europe Ltd,219.0,6.0,154.88,2025-03-09 15:45:30+00:00,0.067,0.0575,0.07575,0.05575
Faltec Europe Ltd,219.0,6.0,154.88,2025-03-09 16:00:30+00:00,0.05775,0.04825,0.06575,0.0475
Faltec Europe Ltd,219.0,6.0,154.88,2025-03-09 16:15:30+00:00,0.04875,0.03925,0.0555,0.0395
Faltec Europe Ltd,219.0,6.0,154.88,2025-03-09 16:30:30+00:00,0.03925,0.03075,0.045,0.0315
Faltec Europe Ltd,219.0,6.0,154.88,2025-03-09 16:45:30+00:00,0.03,0.0225,0.0345,0.02375
Faltec Europe Ltd,219.0,6.0,154.88,2025-03-09 17:00:30+00:00,0.02075,0.015,0.024,0.01625
Faltec Europe Ltd,219.0,6.0,154.88,2025-03-09 17:15:30+00:00,0.01175,0.0085,0.014,0.00925
Faltec Europe Ltd,219.0,6.0,154.88,2025-03-09 17:30:30+00:00,0.004,0.0035,0.0045,0.0035
Faltec Europe Ltd,219.0,6.0,154.88,2025-03-09 17:45:30+00:00,0.00125,0.001,0.0015,0.00125
Faltec Europe Ltd,219.0,6.0,154.88,2025-03-09 18:00:30+00:00,0.0,0.0,0.0,0.0
Faltec Europe Ltd,219.0,6.0,154.88,2025-03-09 18:15:30+00:00,0.0,0.0,0.0,0.0
Faltec Europe Ltd,219.0,6.0,154.88,2025-03-09 18:30:30+00:00,0.0,0.0,0.0,0.0
Faltec Europe Ltd,219.0,6.0,154.88,2025-03-09 18:45:30+00:00,0.0,0.0,0.0,0.0
Faltec Europe Ltd,219.0,6.0,154.88,2025-03-09 19:00:30+00:00,0.0,0.0,0.0,0.0
Faltec Europe Ltd,219.0,6.0,154.88,2025-03-09 19:15:30+00:00,0.0,0.0,0.0,0.0
Faltec Europe Ltd,219.0,6.0,154.88,2025-03-09 19:30:30+00:00,0.0,0.0,0.0,0.0
Faltec Europe Ltd,219.0,6.0,154.88,2025-03-09 19:45:30+00:00,0.0,0.0,0.0,0.0
Faltec Europe Ltd,219.0,6.0,154.88,2025-03-09 20:00:30+00:00,0.0,0.0,0.0,0.0
Faltec Europe Ltd,219.0,6.0,154.88,2025-03-09 20:15:30+00:00,0.0,0.0,0.0,0.0
Faltec Europe Ltd,219.0,6.0,154.88,2025-03-09 20:30:30+00:00,0.0,0.0,0.0,0.0
Faltec Europe Ltd,219.0,6.0,154.88,2025-03-09 20:45:30+00:00,0.0,0.0,0.0,0.0
Faltec Europe Ltd,219.0,6.0,154.88,2025-03-09 21:00:30+00:00,0.0,0.0,0.0,0.0
Faltec Europe Ltd,219.0,6.0,154.88,2025-03-09 21:15:30+00:00,0.0,0.0,0.0,0.0
Faltec Europe Ltd,219.0,6.0,154.88,2025-03-09 21:30:30+00:00,0.0,0.0,0.0,0.0
Faltec Europe Ltd,219.0,6.0,154.88,2025-03-09 21:45:30+00:00,0.0,0.0,0.0,0.0
Faltec Europe Ltd,219.0,6.0,154.88,2025-03-09 22:00:30+00:00,0.0,0.0,0.0,0.0
Faltec Europe Ltd,219.0,6.0,154.88,2025-03-09 22:15:30+00:00,0.0,0.0,0.0,0.0
Faltec Europe Ltd,219.0,6.0,154.88,2025-03-09 22:30:30+00:00,0.0,0.0,0.0,0.0
Faltec Europe Ltd,219.0,6.0,154.88,2025-03-09 22:45:30+00:00,0.0,0.0,0.0,0.0
Faltec Europe Ltd,219.0,6.0,154.88,2025-03-09 23:00:30+00:00,0.0,0.0,0.0,0.0
Faltec Europe Ltd,219.0,6.0,154.88,2025-03-09 23:15:30+00:00,0.0,0.0,0.0,0.0
Faltec Europe Ltd,219.0,6.0,154.88,2025-03-09 23:30:30+00:00,0.0,0.0,0.0,0.0
Faltec Europe Ltd,219.0,6.0,154.88,2025-03-09 23:45:30+00:00,0.0,0.0,0.0,0.0
Faltec Europe Ltd,219.0,6.0,154.88,2025-03-10 00:00:30+00:00,0.0,0.0,0.0,0.0
Faltec Europe Ltd,219.0,6.0,154.88,2025-03-10 00:15:30+00:00,0.0,0.0,0.0,0.0
Faltec Europe Ltd,219.0,6.0,154.88,2025-03-10 00:30:30+00:00,0.0,0.0,0.0,0.0
Faltec Europe Ltd,219.0,6.0,154.88,2025-03-10 00:45:30+00:00,0.0,0.0,0.0,0.0
Faltec Europe Ltd,219.0,6.0,154.88,2025-03-10 01:00:30+00:00,0.0,0.0,0.0,0.0
Faltec Europe Ltd,219.0,6.0,154.88,2025-03-10 01:15:30+00:00,0.0,0.0,0.0,0.0
Faltec Europe Ltd,219.0,6.0,154.88,2025-03-10 01:30:30+00:00,0.0,0.0,0.0,0.0
Faltec Europe Ltd,219.0,6.0,154.88,2025-03-10 01:45:30+00:00,0.0,0.0,0.0,0.0
Faltec Europe Ltd,219.0,6.0,154.88,2025-03-10 02:00:30+00:00,0.0,0.0,0.0,0.0
Faltec Europe Ltd,219.0,6.0,154.88,2025-03-10 02:15:30+00:00,0.0,0.0,0.0,0.0
Faltec Europe Ltd,219.0,6.0,154.88,2025-03-10 02:30:30+00:00,0.0,0.0,0.0,0.0
Faltec Europe Ltd,219.0,6.0,154.88,2025-03-10 02:45:30+00:00,0.0,0.0,0.0,0.0
Faltec Europe Ltd,219.0,6.0,154.88,2025-03-10 03:00:30+00:00,0.0,0.0,0.0,0.0
Faltec Europe Ltd,219.0,6.0,154.88,2025-03-10 03:15:30+00:00,0.0,0.0,0.0,0.0
Faltec Europe Ltd,219.0,6.0,154.88,2025-03-10 03:30:30+00:00,0.0,0.0,0.0,0.0
Faltec Europe Ltd,219.0,6.0,154.88,2025-03-10 03:45:30+00:00,0.0,0.0,0.0,0.0
Faltec Europe Ltd,219.0,6.0,154.88,2025-03-10 04:00:30+00:00,0.0,0.0,0.0,0.0
Faltec Europe Ltd,219.0,6.0,154.88,2025-03-10 04:15:30+00:00,0.0,0.0,0.0,0.0
Faltec Europe Ltd,219.0,6.0,154.88,2025-03-10 04:30:30+00:00,0.0,0.0,0.0,0.0
Faltec Europe Ltd,219.0,6.0,154.88,2025-03-10 04:45:30+00:00,0.0,0.0,0.0,0.0
Faltec Europe Ltd,219.0,6.0,154.88,2025-03-10 05:00:30+00:00,0.0,0.0,0.0,0.0
Faltec Europe Ltd,219.0,6.0,154.88,2025-03-10 05:15:30+00:00,0.0,0.0,0.0,0.0
Faltec Europe Ltd,219.0,6.0,154.88,2025-03-10 05:30:30+00:00,0.0,0.0,0.0,0.0
Faltec Europe Ltd,219.0,6.0,154.88,2025-03-10 05:45:30+00:00,0.0,0.0,0.0,0.0
Faltec Europe Ltd,219.0,6.0,154.88,2025-03-10 06:00:30+00:00,0.0,0.0,0.0,0.0
Faltec Europe Ltd,219.0,6.0,154.88,2025-03-10 06:15:30+00:00,0.0,0.0,0.0,0.0
Faltec Europe Ltd,219.0,6.0,154.88,2025-03-10 06:30:30+00:00,0.0,0.0,0.0,0.0
Faltec Europe Ltd,219.0,6.0,154.88,2025-03-10 06:45:30+00:00,0.00125,0.00025,0.00275,0.00125
Faltec Europe Ltd,219.0,6.0,154.88,2025-03-10 07:00:30+00:00,0.0035,0.00075,0.006,0.0035
Faltec Europe Ltd,219.0,6.0,154.88,2025-03-10 07:15:30+00:00,0.005,0.0015,0.01075,0.00525
Faltec Europe Ltd,219.0,6.0,154.88,2025-03-10 07:30:30+00:00,0.0095,0.00325,0.01625,0.00975
Faltec Europe Ltd,219.0,6.0,154.88,2025-03-10 07:45:30+00:00,0.01475,0.005,0.02175,0.015
Faltec Europe Ltd,219.0,6.0,154.88,2025-03-10 08:00:30+00:00,0.016,0.0055,0.026,0.01625
Faltec Europe Ltd,219.0,6.0,154.88,2025-03-10 08:15:30+00:00,0.01625,0.0055,0.0275,0.0165
Faltec Europe Ltd,219.0,6.0,154.88,2025-03-10 08:30:30+00:00,0.01725,0.0085,0.0295,0.0175
Faltec Europe Ltd,219.0,6.0,154.88,2025-03-10 08:45:30+00:00,0.023,0.0115,0.03175,0.02325
Faltec Europe Ltd,219.0,6.0,154.88,2025-03-10 09:00:30+00:00,0.02475,0.014,0.03475,0.025
Faltec Europe Ltd,219.0,6.0,154.88,2025-03-10 09:15:30+00:00,0.02525,0.013,0.0365,0.0255
Faltec Europe Ltd,219.0,6.0,154.88,2025-03-10 09:30:30+00:00,0.024,0.012,0.03875,0.024
Faltec Europe Ltd,219.0,6.0,154.88,2025-03-10 09:45:30+00:00,0.02675,0.01,0.04025,0.027
Faltec Europe Ltd,219.0,6.0,154.88,2025-03-10 10:00:30+00:00,0.0245,0.0075,0.041,0.02475
Faltec Europe Ltd,219.0,6.0,154.88,2025-03-10 10:15:30+00:00,0.0205,0.008,0.039,0.0205
Faltec Europe Ltd,219.0,6.0,154.88,2025-03-10 10:30:30+00:00,0.01875,0.0085,0.036,0.01875
Faltec Europe Ltd,219.0,6.0,154.88,2025-03-10 10:45:30+00:00,0.01775,0.00875,0.033,0.01775
Faltec Europe Ltd,219.0,6.0,154.88,2025-03-10 11:00:30+00:00,0.01625,0.009,0.03125,0.01625
Faltec Europe Ltd,219.0,6.0,154.88,2025-03-10 11:15:30+00:00,0.01525,0.00925,0.0295,0.0155
Faltec Europe Ltd,219.0,6.0,154.88,2025-03-10 11:30:30+00:00,0.01325,0.0095,0.0275,0.0135
Faltec Europe Ltd,219.0,6.0,154.88,2025-03-10 11:45:30+00:00,0.011,0.0095,0.025,0.011
Faltec Europe Ltd,219.0,6.0,154.88,2025-03-10 12:00:30+00:00,0.011,0.0095,0.02375,0.01125
Faltec Europe Ltd,219.0,6.0,154.88,2025-03-10 12:15:30+00:00,0.0115,0.0095,0.023,0.01175
Faltec Europe Ltd,219.0,6.0,154.88,2025-03-10 12:30:30+00:00,0.0105,0.0095,0.0225,0.0105
Faltec Europe Ltd,219.0,6.0,154.88,2025-03-10 12:45:30+00:00,0.00975,0.0095,0.0215,0.00975
Faltec Europe Ltd,219.0,6.0,154.88,2025-03-10 13:00:30+00:00,0.00825,0.00525,0.02025,0.00825
Faltec Europe Ltd,219.0,6.0,154.88,2025-03-10 13:15:30+00:00,0.0075,0.00475,0.0195,0.0075
Faltec Europe Ltd,219.0,6.0,154.88,2025-03-10 13:30:30+00:00,0.008,0.00525,0.0195,0.00825
Faltec Europe Ltd,219.0,6.0,154.88,2025-03-10 13:45:30+00:00,0.00875,0.0085,0.01975,0.00875
Faltec Europe Ltd,219.0,6.0,154.88,2025-03-10 14:00:30+00:00,0.00975,0.008,0.02025,0.00975
Faltec Europe Ltd,219.0,6.0,154.88,2025-03-10 14:15:30+00:00,0.00925,0.00775,0.021,0.0095
Faltec Europe Ltd,219.0,6.0,154.88,2025-03-10 14:30:30+00:00,0.0085,0.00725,0.02375,0.0085
Faltec Europe Ltd,219.0,6.0,154.88,2025-03-10 14:45:30+00:00,0.011,0.00675,0.0285,0.011
Faltec Europe Ltd,219.0,6.0,154.88,2025-03-10 15:00:30+00:00,0.01475,0.00625,0.03375,0.01475
Faltec Europe Ltd,219.0,6.0,154.88,2025-03-10 15:15:30+00:00,0.01775,0.00575,0.03675,0.01775
Faltec Europe Ltd,219.0,6.0,154.88,2025-03-10 15:30:30+00:00,0.01925,0.005,0.0375,0.01925
Faltec Europe Ltd,219.0,6.0,154.88,2025-03-10 15:45:30+00:00,0.02075,0.0045,0.036,0.02075
Faltec Europe Ltd,219.0,6.0,154.88,2025-03-10 16:00:30+00:00,0.02025,0.00675,0.0335,0.02
Faltec Europe Ltd,219.0,6.0,154.88,2025-03-10 16:15:30+00:00,0.01925,0.00825,0.02925,0.019
Faltec Europe Ltd,219.0,6.0,154.88,2025-03-10 16:30:30+00:00,0.01625,0.008,0.024,0.016
Faltec Europe Ltd,219.0,6.0,154.88,2025-03-10 16:45:30+00:00,0.0125,0.006,0.0185,0.0125
Faltec Europe Ltd,219.0,6.0,154.88,2025-03-10 17:00:30+00:00,0.008,0.0035,0.01275,0.008
Faltec Europe Ltd,219.0,6.0,154.88,2025-03-10 17:15:30+00:00,0.0045,0.00175,0.00775,0.0045
Faltec Europe Ltd,219.0,6.0,154.88,2025-03-10 17:30:30+00:00,0.00175,0.00075,0.004,0.00175
Faltec Europe Ltd,219.0,6.0,154.88,2025-03-10 17:45:30+00:00,0.00075,0.00025,0.0015,0.00075
Faltec Europe Ltd,219.0,6.0,154.88,2025-03-10 18:00:30+00:00,0.0,0.0,0.0,0.0
Faltec Europe Ltd,219.0,6.0,154.88,2025-03-10 18:15:30+00:00,0.0,0.0,0.0,0.0
Faltec Europe Ltd,219.0,6.0,154.88,2025-03-10 18:30:30+00:00,0.0,0.0,0.0,0.0
Faltec Europe Ltd,219.0,6.0,154.88,2025-03-10 18:45:30+00:00,0.0,0.0,0.0,0.0
Faltec Europe Ltd,219.0,6.0,154.88,2025-03-10 19:00:30+00:00,0.0,0.0,0.0,0.0
Faltec Europe Ltd,219.0,6.0,154.88,2025-03-10 19:15:30+00:00,0.0,0.0,0.0,0.0
Faltec Europe Ltd,219.0,6.0,154.88,2025-03-10 19:30:30+00:00,0.0,0.0,0.0,0.0
Faltec Europe Ltd,219.0,6.0,154.88,2025-03-10 19:45:30+00:00,0.0,0.0,0.0,0.0
Faltec Europe Ltd,219.0,6.0,154.88,2025-03-10 20:00:30+00:00,0.0,0.0,0.0,0.0
Faltec Europe Ltd,219.0,6.0,154.88,2025-03-10 20:15:30+00:00,0.0,0.0,0.0,0.0
Faltec Europe Ltd,219.0,6.0,154.88,2025-03-10 20:30:30+00:00,0.0,0.0,0.0,0.0
Faltec Europe Ltd,219.0,6.0,154.88,2025-03-10 20:45:30+00:00,0.0,0.0,0.0,0.0
Faltec Europe Ltd,219.0,6.0,154.88,2025-03-10 21:00:30+00:00,0.0,0.0,0.0,0.0
Faltec Europe Ltd,219.0,6.0,154.88,2025-03-10 21:15:30+00:00,0.0,0.0,0.0,0.0
Faltec Europe Ltd,219.0,6.0,154.88,2025-03-10 21:30:30+00:00,0.0,0.0,0.0,0.0
Faltec Europe Ltd,219.0,6.0,154.88,2025-03-10 21:45:30+00:00,0.0,0.0,0.0,0.0
Faltec Europe Ltd,219.0,6.0,154.88,2025-03-10 22:00:30+00:00,0.0,0.0,0.0,0.0
Faltec Europe Ltd,219.0,6.0,154.88,2025-03-10 22:15:30+00:00,0.0,0.0,0.0,0.0
Faltec Europe Ltd,219.0,6.0,154.88,2025-03-10 22:30:30+00:00,0.0,0.0,0.0,0.0
Faltec Europe Ltd,219.0,6.0,154.88,2025-03-10 22:45:30+00:00,0.0,0.0,0.0,0.0
Faltec Europe Ltd,219.0,6.0,154.88,2025-03-10 23:00:30+00:00,0.0,0.0,0.0,0.0
Faltec Europe Ltd,219.0,6.0,154.88,2025-03-10 23:15:30+00:00,0.0,0.0,0.0,0.0
Faltec Europe Ltd,219.0,6.0,154.88,2025-03-10 23:30:30+00:00,0.0,0.0,0.0,0.0
Faltec Europe Ltd,219.0,6.0,154.88,2025-03-10 23:45:30+00:00,0.0,0.0,0.0,0.0
Faltec Europe Ltd,219.0,6.0,154.88,2025-03-11 00:00:30+00:00,0.0,0.0,0.0,0.0
Faltec Europe Ltd,219.0,6.0,154.88,2025-03-11 00:15:30+00:00,0.0,0.0,0.0,0.0
Faltec Europe Ltd,219.0,6.0,154.88,2025-03-11 00:30:30+00:00,0.0,0.0,0.0,0.0
Faltec Europe Ltd,219.0,6.0,154.88,2025-03-11 00:45:30+00:00,0.0,0.0,0.0,0.0
Faltec Europe Ltd,219.0,6.0,154.88,2025-03-11 01:00:30+00:00,0.0,0.0,0.0,0.0
Faltec Europe Ltd,219.0,6.0,154.88,2025-03-11 01:15:30+00:00,0.0,0.0,0.0,0.0
Faltec Europe Ltd,219.0,6.0,154.88,2025-03-11 01:30:30+00:00,0.0,0.0,0.0,0.0
Faltec Europe Ltd,219.0,6.0,154.88,2025-03-11 01:45:30+00:00,0.0,0.0,0.0,0.0
Faltec Europe Ltd,219.0,6.0,154.88,2025-03-11 02:00:30+00:00,0.0,0.0,0.0,0.0
Faltec Europe Ltd,219.0,6.0,154.88,2025-03-11 02:15:30+00:00,0.0,0.0,0.0,0.0
Faltec Europe Ltd,219.0,6.0,154.88,2025-03-11 02:30:30+00:00,0.0,0.0,0.0,0.0
Faltec Europe Ltd,219.0,6.0,154.88,2025-03-11 02:45:30+00:00,0.0,0.0,0.0,0.0
Faltec Europe Ltd,219.0,6.0,154.88,2025-03-11 03:00:30+00:00,0.0,0.0,0.0,0.0
Faltec Europe Ltd,219.0,6.0,154.88,2025-03-11 03:15:30+00:00,0.0,0.0,0.0,0.0
Faltec Europe Ltd,219.0,6.0,154.88,2025-03-11 03:30:30+00:00,0.0,0.0,0.0,0.0
Faltec Europe Ltd,219.0,6.0,154.88,2025-03-11 03:45:30+00:00,0.0,0.0,0.0,0.0
Faltec Europe Ltd,219.0,6.0,154.88,2025-03-11 04:00:30+00:00,0.0,0.0,0.0,0.0
Faltec Europe Ltd,219.0,6.0,154.88,2025-03-11 04:15:30+00:00,0.0,0.0,0.0,0.0
Faltec Europe Ltd,219.0,6.0,154.88,2025-03-11 04:30:30+00:00,0.0,0.0,0.0,0.0
Faltec Europe Ltd,219.0,6.0,154.88,2025-03-11 04:45:30+00:00,0.0,0.0,0.0,0.0
Faltec Europe Ltd,219.0,6.0,154.88,2025-03-11 05:00:30+00:00,0.0,0.0,0.0,0.0
Faltec Europe Ltd,219.0,6.0,154.88,2025-03-11 05:15:30+00:00,0.0,0.0,0.0,0.0
Faltec Europe Ltd,219.0,6.0,154.88,2025-03-11 05:30:30+00:00,0.0,0.0,0.0,0.0
Faltec Europe Ltd,219.0,6.0,154.88,2025-03-11 05:45:30+00:00,0.0,0.0,0.0,0.0
Faltec Europe Ltd,219.0,6.0,154.88,2025-03-11 06:00:30+00:00,0.0,0.0,0.0,0.0
Faltec Europe Ltd,219.0,6.0,154.88,2025-03-11 06:15:30+00:00,0.0,0.0,0.0,0.0
Faltec Europe Ltd,219.0,6.0,154.88,2025-03-11 06:30:30+00:00,0.00025,0.00025,0.0005,0.00025
Faltec Europe Ltd,219.0,6.0,154.88,2025-03-11 06:45:30+00:00,0.00275,0.0015,0.005,0.00275
Faltec Europe Ltd,219.0,6.0,154.88,2025-03-11 07:00:30+00:00,0.00675,0.00275,0.01025,0.007
Faltec Europe Ltd,219.0,6.0,154.88,2025-03-11 07:15:30+00:00,0.01,0.0055,0.0175,0.0105
Faltec Europe Ltd,219.0,6.0,154.88,2025-03-11 07:30:30+00:00,0.01775,0.00775,0.02375,0.019
Faltec Europe Ltd,219.0,6.0,154.88,2025-03-11 07:45:30+00:00,0.02,0.00975,0.03025,0.021
Faltec Europe Ltd,219.0,6.0,154.88,2025-03-11 08:00:30+00:00,0.022,0.0115,0.03625,0.0225
Faltec Europe Ltd,219.0,6.0,154.88,2025-03-11 08:15:30+00:00,0.029,0.01425,0.04425,0.02975
Faltec Europe Ltd,219.0,6.0,154.88,2025-03-11 08:30:30+00:00,0.037,0.02125,0.05425,0.0375
Faltec Europe Ltd,219.0,6.0,154.88,2025-03-11 08:45:30+00:00,0.0475,0.027,0.068,0.048
Faltec Europe Ltd,219.0,6.0,154.88,2025-03-11 09:00:30+00:00,0.05825,0.03125,0.08075,0.0585
Faltec Europe Ltd,219.0,6.0,154.88,2025-03-11 09:15:30+00:00,0.06225,0.02425,0.08525,0.062
Faltec Europe Ltd,219.0,6.0,154.88,2025-03-11 09:30:30+00:00,0.043,0.01575,0.08225,0.04275
Faltec Europe Ltd,219.0,6.0,154.88,2025-03-11 09:45:30+00:00,0.0415,0.01625,0.07025,0.0415
Faltec Europe Ltd,219.0,6.0,154.88,2025-03-11 10:00:30+00:00,0.04475,0.015,0.0745,0.04475
Faltec Europe Ltd,219.0,6.0,154.88,2025-03-11 10:15:30+00:00,0.0475,0.017,0.083,0.04725
Faltec Europe Ltd,219.0,6.0,154.88,2025-03-11 10:30:30+00:00,0.05825,0.02275,0.111,0.05725
Faltec Europe Ltd,219.0,6.0,154.88,2025-03-11 10:45:30+00:00,0.0965,0.0375,0.1255,0.09225
Faltec Europe Ltd,219.0,6.0,154.88,2025-03-11 11:00:30+00:00,0.0865,0.0485,0.128,0.083
Faltec Europe Ltd,219.0,6.0,154.88,2025-03-11 11:15:30+00:00,0.08125,0.05075,0.12925,0.078
Faltec Europe Ltd,219.0,6.0,154.88,2025-03-11 11:30:30+00:00,0.104,0.05925,0.1435,0.09775
Faltec Europe Ltd,219.0,6.0,154.88,2025-03-11 11:45:30+00:00,0.1175,0.074,0.15375,0.10925
Faltec Europe Ltd,219.0,6.0,154.88,2025-03-11 12:00:30+00:00,0.13225,0.0795,0.15725,0.1205
Faltec Europe Ltd,219.0,6.0,154.88,2025-03-11 12:15:30+00:00,0.1325,0.0655,0.15775,0.12075
Faltec Europe Ltd,219.0,6.0,154.88,2025-03-11 12:30:30+00:00,0.095,0.036,0.15275,0.08875
Faltec Europe Ltd,219.0,6.0,154.88,2025-03-11 12:45:30+00:00,0.0725,0.01925,0.13325,0.0695
Faltec Europe Ltd,219.0,6.0,154.88,2025-03-11 13:00:30+00:00,0.06225,0.02,0.10525,0.06025
Faltec Europe Ltd,219.0,6.0,154.88,2025-03-11 13:15:30+00:00,0.05225,0.027,0.08225,0.0515
Faltec Europe Ltd,219.0,6.0,154.88,2025-03-11 13:30:30+00:00,0.04975,0.0315,0.079,0.049
Faltec Europe Ltd,219.0,6.0,154.88,2025-03-11 13:45:30+00:00,0.0655,0.025,0.09075,0.06225
Faltec Europe Ltd,219.0,6.0,154.88,2025-03-11 14:00:30+00:00,0.05575,0.02525,0.101,0.05325
Faltec Europe Ltd,219.0,6.0,154.88,2025-03-11 14:15:30+00:00,0.0705,0.02875,0.11375,0.065
Faltec Europe Ltd,219.0,6.0,154.88,2025-03-11 14:30:30+00:00,0.087,0.033,0.11325,0.078
Faltec Europe Ltd,219.0,6.0,154.88,2025-03-11 14:45:30+00:00,0.05825,0.02,0.1035,0.0535
Faltec Europe Ltd,219.0,6.0,154.88,2025-03-11 15:00:30+00:00,0.03975,0.008,0.08075,0.03825
Faltec Europe Ltd,219.0,6.0,154.88,2025-03-11 15:15:30+00:00,0.036,0.00725,0.06375,0.0345
Faltec Europe Ltd,219.0,6.0,154.88,2025-03-11 15:30:30+00:00,0.0225,0.00575,0.04525,0.02225
Faltec Europe Ltd,219.0,6.0,154.88,2025-03-11 15:45:30+00:00,0.0165,0.005,0.0355,0.0165
Faltec Europe Ltd,219.0,6.0,154.88,2025-03-11 16:00:30+00:00,0.01475,0.0045,0.03475,0.015
Faltec Europe Ltd,219.0,6.0,154.88,2025-03-11 16:15:30+00:00,0.02025,0.004,0.03775,0.01925
Faltec Europe Ltd,219.0,6.0,154.88,2025-03-11 16:30:30+00:00,0.02325,0.00575,0.03625,0.02125
Faltec Europe Ltd,219.0,6.0,154.88,2025-03-11 16:45:30+00:00,0.0185,0.0075,0.02875,0.017
Faltec Europe Ltd,219.0,6.0,154.88,2025-03-11 17:00:30+00:00,0.01225,0.006,0.019,0.0115
Faltec Europe Ltd,219.0,6.0,154.88,2025-03-11 17:15:30+00:00,0.007,0.00325,0.01125,0.00675
Faltec Europe Ltd,219.0,6.0,154.88,2025-03-11 17:30:30+00:00,0.003,0.00125,0.00575,0.003
Faltec Europe Ltd,219.0,6.0,154.88,2025-03-11 17:45:30+00:00,0.0005,0.0005,0.00125,0.0005
Faltec Europe Ltd,219.0,6.0,154.88,2025-03-11 18:00:30+00:00,0.0,0.0,0.0,0.0
Faltec Europe Ltd,219.0,6.0,154.88,2025-03-11 18:15:30+00:00,0.0,0.0,0.0,0.0
Faltec Europe Ltd,219.0,6.0,154.88,2025-03-11 18:30:30+00:00,0.0,0.0,0.0,0.0
Faltec Europe Ltd,219.0,6.0,154.88,2025-03-11 18:45:30+00:00,0.0,0.0,0.0,0.0
Faltec Europe Ltd,219.0,6.0,154.88,2025-03-11 19:00:30+00:00,0.0,0.0,0.0,0.0
Faltec Europe Ltd,219.0,6.0,154.88,2025-03-11 19:15:30+00:00,0.0,0.0,0.0,0.0
Faltec Europe Ltd,219.0,6.0,154.88,2025-03-11 19:30:30+00:00,0.0,0.0,0.0,0.0
Faltec Europe Ltd,219.0,6.0,154.88,2025-03-11 19:45:30+00:00,0.0,0.0,0.0,0.0
Faltec Europe Ltd,219.0,6.0,154.88,2025-03-11 20:00:30+00:00,0.0,0.0,0.0,0.0
Faltec Europe Ltd,219.0,6.0,154.88,2025-03-11 20:15:30+00:00,0.0,0.0,0.0,0.0
Faltec Europe Ltd,219.0,6.0,154.88,2025-03-11 20:30:30+00:00,0.0,0.0,0.0,0.0
Faltec Europe Ltd,219.0,6.0,154.88,2025-03-11 20:45:30+00:00,0.0,0.0,0.0,0.0
Faltec Europe Ltd,219.0,6.0,154.88,2025-03-11 21:00:30+00:00,0.0,0.0,0.0,0.0
Faltec Europe Ltd,219.0,6.0,154.88,2025-03-11 21:15:30+00:00,0.0,0.0,0.0,0.0
Faltec Europe Ltd,219.0,6.0,154.88,2025-03-11 21:30:30+00:00,0.0,0.0,0.0,0.0
Faltec Europe Ltd,219.0,6.0,154.88,2025-03-11 21:45:30+00:00,0.0,0.0,0.0,0.0
Faltec Europe Ltd,219.0,6.0,154.88,2025-03-11 22:00:30+00:00,0.0,0.0,0.0,0.0
Faltec Europe Ltd,219.0,6.0,154.88,2025-03-11 22:15:30+00:00,0.0,0.0,0.0,0.0
Faltec Europe Ltd,219.0,6.0,154.88,2025-03-11 22:30:30+00:00,0.0,0.0,0.0,0.0
Faltec Europe Ltd,219.0,6.0,154.88,2025-03-11 22:45:30+00:00,0.0,0.0,0.0,0.0
Faltec Europe Ltd,219.0,6.0,154.88,2025-03-11 23:00:30+00:00,0.0,0.0,0.0,0.0
Faltec Europe Ltd,219.0,6.0,154.88,2025-03-11 23:15:30+00:00,0.0,0.0,0.0,0.0
Faltec Europe Ltd,219.0,6.0,154.88,2025-03-11 23:30:30+00:00,0.0,0.0,0.0,0.0
Faltec Europe Ltd,219.0,6.0,154.88,2025-03-11 23:45:30+00:00,0.0,0.0,0.0,0.0
Faltec Europe Ltd,219.0,6.0,154.88,2025-03-12 00:00:30+00:00,0.0,0.0,0.0,0.0
Faltec Europe Ltd,219.0,6.0,154.88,2025-03-12 00:15:30+00:00,0.0,0.0,0.0,0.0
Faltec Europe Ltd,219.0,6.0,154.88,2025-03-12 00:30:30+00:00,0.0,0.0,0.0,0.0
Faltec Europe Ltd,219.0,6.0,154.88,2025-03-12 00:45:30+00:00,0.0,0.0,0.0,0.0
Faltec Europe Ltd,219.0,6.0,154.88,2025-03-12 01:00:30+00:00,0.0,0.0,0.0,0.0
Faltec Europe Ltd,219.0,6.0,154.88,2025-03-12 01:15:30+00:00,0.0,0.0,0.0,0.0
Faltec Europe Ltd,219.0,6.0,154.88,2025-03-12 01:30:30+00:00,0.0,0.0,0.0,0.0
Faltec Europe Ltd,219.0,6.0,154.88,2025-03-12 01:45:30+00:00,0.0,0.0,0.0,0.0
Faltec Europe Ltd,219.0,6.0,154.88,2025-03-12 02:00:30+00:00,0.0,0.0,0.0,0.0
Faltec Europe Ltd,219.0,6.0,154.88,2025-03-12 02:15:30+00:00,0.0,0.0,0.0,0.0
Faltec Europe Ltd,219.0,6.0,154.88,2025-03-12 02:30:30+00:00,0.0,0.0,0.0,0.0
Faltec Europe Ltd,219.0,6.0,154.88,2025-03-12 02:45:30+00:00,0.0,0.0,0.0,0.0
Faltec Europe Ltd,219.0,6.0,154.88,2025-03-12 03:00:30+00:00,0.0,0.0,0.0,0.0
Faltec Europe Ltd,219.0,6.0,154.88,2025-03-12 03:15:30+00:00,0.0,0.0,0.0,0.0
Faltec Europe Ltd,219.0,6.0,154.88,2025-03-12 03:30:30+00:00,0.0,0.0,0.0,0.0
Faltec Europe Ltd,219.0,6.0,154.88,2025-03-12 03:45:30+00:00,0.0,0.0,0.0,0.0
Faltec Europe Ltd,219.0,6.0,154.88,2025-03-12 04:00:30+00:00,0.0,0.0,0.0,0.0
Faltec Europe Ltd,219.0,6.0,154.88,2025-03-12 04:15:30+00:00,0.0,0.0,0.0,0.0
Faltec Europe Ltd,219.0,6.0,154.88,2025-03-12 04:30:30+00:00,0.0,0.0,0.0,0.0
Faltec Europe Ltd,219.0,6.0,154.88,2025-03-12 04:45:30+00:00,0.0,0.0,0.0,0.0
Faltec Europe Ltd,219.0,6.0,154.88,2025-03-12 05:00:30+00:00,0.0,0.0,0.0,0.0
Faltec Europe Ltd,219.0,6.0,154.88,2025-03-12 05:15:30+00:00,0.0,0.0,0.0,0.0
Faltec Europe Ltd,219.0,6.0,154.88,2025-03-12 05:30:30+00:00,0.0,0.0,0.0,0.0
Faltec Europe Ltd,219.0,6.0,154.88,2025-03-12 05:45:30+00:00,0.0,0.0,0.0,0.0
Faltec Europe Ltd,219.0,6.0,154.88,2025-03-12 06:00:30+00:00,0.0,0.0,0.0,0.0
Faltec Europe Ltd,219.0,6.0,154.88,2025-03-12 06:15:30+00:00,0.0,0.0,0.0,0.0
Faltec Europe Ltd,219.0,6.0,154.88,2025-03-12 06:30:30+00:00,0.00075,0.00075,0.00125,0.00075
Faltec Europe Ltd,219.0,6.0,154.88,2025-03-12 06:45:30+00:00,0.0035,0.002,0.00625,0.004
Faltec Europe Ltd,219.0,6.0,154.88,2025-03-12 07:00:30+00:00,0.00775,0.00425,0.0125,0.0085
Faltec Europe Ltd,219.0,6.0,154.88,2025-03-12 07:15:30+00:00,0.014,0.005,0.02125,0.0155
Faltec Europe Ltd,219.0,6.0,154.88,2025-03-12 07:30:30+00:00,0.01875,0.00375,0.03075,0.02025
Faltec Europe Ltd,219.0,6.0,154.88,2025-03-12 07:45:30+00:00,0.01925,0.00375,0.03525,0.02
Faltec Europe Ltd,219.0,6.0,154.88,2025-03-12 08:00:30+00:00,0.00825,0.00375,0.033,0.0085
Faltec Europe Ltd,219.0,6.0,154.88,2025-03-12 08:15:30+00:00,0.0185,0.0045,0.0505,0.01875
Faltec Europe Ltd,219.0,6.0,154.88,2025-03-12 08:30:30+00:00,0.04,0.0095,0.07,0.04075
Faltec Europe Ltd,219.0,6.0,154.88,2025-03-12 08:45:30+00:00,0.06525,0.01825,0.0795,0.06625
Faltec Europe Ltd,219.0,6.0,154.88,2025-03-12 09:00:30+00:00,0.056,0.01175,0.08875,0.05625
Faltec Europe Ltd,219.0,6.0,154.88,2025-03-12 09:15:30+00:00,0.03175,0.00725,0.088,0.03175
Faltec Europe Ltd,219.0,6.0,154.88,2025-03-12 09:30:30+00:00,0.04525,0.009,0.0815,0.045
Faltec Europe Ltd,219.0,6.0,154.88,2025-03-12 09:45:30+00:00,0.025,0.00825,0.1005,0.025
Faltec Europe Ltd,219.0,6.0,154.88,2025-03-12 10:00:30+00:00,0.08575,0.017,0.11725,0.08325
Faltec Europe Ltd,219.0,6.0,154.88,2025-03-12 10:15:30+00:00,0.076,0.0295,0.12425,0.074
Faltec Europe Ltd,219.0,6.0,154.88,2025-03-12 10:30:30+00:00,0.0685,0.026,0.1195,0.0665
Faltec Europe Ltd,219.0,6.0,154.88,2025-03-12 10:45:30+00:00,0.074,0.02575,0.1185,0.07075
Faltec Europe Ltd,219.0,6.0,154.88,2025-03-12 11:00:30+00:00,0.072,0.0345,0.14525,0.06925
Faltec Europe Ltd,219.0,6.0,154.88,2025-03-12 11:15:30+00:00,0.128,0.04,0.152,0.12
Faltec Europe Ltd,219.0,6.0,154.88,2025-03-12 11:30:30+00:00,0.09825,0.03625,0.1545,0.0925
Faltec Europe Ltd,219.0,6.0,154.88,2025-03-12 11:45:30+00:00,0.07075,0.03375,0.15375,0.0675
Faltec Europe Ltd,219.0,6.0,154.88,2025-03-12 12:00:30+00:00,0.1305,0.034,0.15975,0.12075
Faltec Europe Ltd,219.0,6.0,154.88,2025-03-12 12:15:30+00:00,0.10225,0.028,0.15775,0.096
Faltec Europe Ltd,219.0,6.0,154.88,2025-03-12 12:30:30+00:00,0.05875,0.01175,0.1315,0.05725
Faltec Europe Ltd,219.0,6.0,154.88,2025-03-12 12:45:30+00:00,0.0545,0.01425,0.121,0.053
Faltec Europe Ltd,219.0,6.0,154.88,2025-03-12 13:00:30+00:00,0.09325,0.03475,0.1315,0.0865
Faltec Europe Ltd,219.0,6.0,154.88,2025-03-12 13:15:30+00:00,0.09875,0.05425,0.1325,0.091
Faltec Europe Ltd,219.0,6.0,154.88,2025-03-12 13:30:30+00:00,0.08675,0.058,0.1215,0.08025
Faltec Europe Ltd,219.0,6.0,154.88,2025-03-12 13:45:30+00:00,0.084,0.05425,0.10925,0.0775
Faltec Europe Ltd,219.0,6.0,154.88,2025-03-12 14:00:30+00:00,0.07275,0.042,0.10425,0.06825
Faltec Europe Ltd,219.0,6.0,154.88,2025-03-12 14:15:30+00:00,0.063,0.02425,0.09575,0.0595
Faltec Europe Ltd,219.0,6.0,154.88,2025-03-12 14:30:30+00:00,0.04325,0.02075,0.0935,0.04175
Faltec Europe Ltd,219.0,6.0,154.88,2025-03-12 14:45:30+00:00,0.0705,0.021,0.10675,0.06325
Faltec Europe Ltd,219.0,6.0,154.88,2025-03-12 15:00:30+00:00,0.07575,0.03625,0.109,0.06675
Faltec Europe Ltd,219.0,6.0,154.88,2025-03-12 15:15:30+00:00,0.06975,0.0355,0.10425,0.06075
Faltec Europe Ltd,219.0,6.0,154.88,2025-03-12 15:30:30+00:00,0.07325,0.034,0.09675,0.06225
Faltec Europe Ltd,219.0,6.0,154.88,2025-03-12 15:45:30+00:00,0.0605,0.014,0.0855,0.05175
Faltec Europe Ltd,219.0,6.0,154.88,2025-03-12 16:00:30+00:00,0.023,0.005,0.0665,0.02125
Faltec Europe Ltd,219.0,6.0,154.88,2025-03-12 16:15:30+00:00,0.02525,0.005,0.054,0.02275
Faltec Europe Ltd,219.0,6.0,154.88,2025-03-12 16:30:30+00:00,0.03075,0.006,0.05225,0.0265
Faltec Europe Ltd,219.0,6.0,154.88,2025-03-12 16:45:30+00:00,0.035,0.01075,0.04425,0.02775
Faltec Europe Ltd,219.0,6.0,154.88,2025-03-12 17:00:30+00:00,0.03025,0.00925,0.03525,0.022
Faltec Europe Ltd,219.0,6.0,154.88,2025-03-12 17:15:30+00:00,0.01125,0.0035,0.021,0.00875
Faltec Europe Ltd,219.0,6.0,154.88,2025-03-12 17:30:30+00:00,0.003,0.0005,0.0085,0.003
Faltec Europe Ltd,219.0,6.0,154.88,2025-03-12 17:45:30+00:00,0.00075,0.00025,0.00175,0.00075
Faltec Europe Ltd,219.0,6.0,154.88,2025-03-12 18:00:30+00:00,0.0,0.0,0.0,0.0
Faltec Europe Ltd,219.0,6.0,154.88,2025-03-12 18:15:30+00:00,0.0,0.0,0.0,0.0
Faltec Europe Ltd,219.0,6.0,154.88,2025-03-12 18:30:30+00:00,0.0,0.0,0.0,0.0
Faltec Europe Ltd,219.0,6.0,154.88,2025-03-12 18:45:30+00:00,0.0,0.0,0.0,0.0
Faltec Europe Ltd,219.0,6.0,154.88,2025-03-12 19:00:30+00:00,0.0,0.0,0.0,0.0
Faltec Europe Ltd,219.0,6.0,154.88,2025-03-12 19:15:30+00:00,0.0,0.0,0.0,0.0
Faltec Europe Ltd,219.0,6.0,154.88,2025-03-12 19:30:30+00:00,0.0,0.0,0.0,0.0
Faltec Europe Ltd,219.0,6.0,154.88,2025-03-12 19:45:30+00:00,0.0,0.0,0.0,0.0
Faltec Europe Ltd,219.0,6.0,154.88,2025-03-12 20:00:30+00:00,0.0,0.0,0.0,0.0
Faltec Europe Ltd,219.0,6.0,154.88,2025-03-12 20:15:30+00:00,0.0,0.0,0.0,0.0
Faltec Europe Ltd,219.0,6.0,154.88,2025-03-12 20:30:30+00:00,0.0,0.0,0.0,0.0
Faltec Europe Ltd,219.0,6.0,154.88,2025-03-12 20:45:30+00:00,0.0,0.0,0.0,0.0
Faltec Europe Ltd,219.0,6.0,154.88,2025-03-12 21:00:30+00:00,0.0,0.0,0.0,0.0
Faltec Europe Ltd,219.0,6.0,154.88,2025-03-12 21:15:30+00:00,0.0,0.0,0.0,0.0
Faltec Europe Ltd,219.0,6.0,154.88,2025-03-12 21:30:30+00:00,0.0,0.0,0.0,0.0
Faltec Europe Ltd,219.0,6.0,154.88,2025-03-12 21:45:30+00:00,0.0,0.0,0.0,0.0
Faltec Europe Ltd,219.0,6.0,154.88,2025-03-12 22:00:30+00:00,0.0,0.0,0.0,0.0
Faltec Europe Ltd,219.0,6.0,154.88,2025-03-12 22:15:30+00:00,0.0,0.0,0.0,0.0
Faltec Europe Ltd,219.0,6.0,154.88,2025-03-12 22:30:30+00:00,0.0,0.0,0.0,0.0
Faltec Europe Ltd,219.0,6.0,154.88,2025-03-12 22:45:30+00:00,0.0,0.0,0.0,0.0
Faltec Europe Ltd,219.0,6.0,154.88,2025-03-12 23:00:30+00:00,0.0,0.0,0.0,0.0
Faltec Europe Ltd,219.0,6.0,154.88,2025-03-12 23:15:30+00:00,0.0,0.0,0.0,0.0
Faltec Europe Ltd,219.0,6.0,154.88,2025-03-12 23:30:30+00:00,0.0,0.0,0.0,0.0
Faltec Europe Ltd,219.0,6.0,154.88,2025-03-12 23:45:30+00:00,0.0,0.0,0.0,0.0
Faltec Europe Ltd,219.0,6.0,154.88,2025-03-13 00:00:30+00:00,0.0,0.0,0.0,0.0
Faltec Europe Ltd,219.0,6.0,154.88,2025-03-13 00:15:30+00:00,0.0,0.0,0.0,0.0
Faltec Europe Ltd,219.0,6.0,154.88,2025-03-13 00:30:30+00:00,0.0,0.0,0.0,0.0
Faltec Europe Ltd,219.0,6.0,154.88,2025-03-13 00:45:30+00:00,0.0,0.0,0.0,0.0
Faltec Europe Ltd,219.0,6.0,154.88,2025-03-13 01:00:30+00:00,0.0,0.0,0.0,0.0
Faltec Europe Ltd,219.0,6.0,154.88,2025-03-13 01:15:30+00:00,0.0,0.0,0.0,0.0
Faltec Europe Ltd,219.0,6.0,154.88,2025-03-13 01:30:30+00:00,0.0,0.0,0.0,0.0
Faltec Europe Ltd,219.0,6.0,154.88,2025-03-13 01:45:30+00:00,0.0,0.0,0.0,0.0
Faltec Europe Ltd,219.0,6.0,154.88,2025-03-13 02:00:30+00:00,0.0,0.0,0.0,0.0
Faltec Europe Ltd,219.0,6.0,154.88,2025-03-13 02:15:30+00:00,0.0,0.0,0.0,0.0
Faltec Europe Ltd,219.0,6.0,154.88,2025-03-13 02:30:30+00:00,0.0,0.0,0.0,0.0
Faltec Europe Ltd,219.0,6.0,154.88,2025-03-13 02:45:30+00:00,0.0,0.0,0.0,0.0
Faltec Europe Ltd,219.0,6.0,154.88,2025-03-13 03:00:30+00:00,0.0,0.0,0.0,0.0
Faltec Europe Ltd,219.0,6.0,154.88,2025-03-13 03:15:30+00:00,0.0,0.0,0.0,0.0
Faltec Europe Ltd,219.0,6.0,154.88,2025-03-13 03:30:30+00:00,0.0,0.0,0.0,0.0
Faltec Europe Ltd,219.0,6.0,154.88,2025-03-13 03:45:30+00:00,0.0,0.0,0.0,0.0
Faltec Europe Ltd,219.0,6.0,154.88,2025-03-13 04:00:30+00:00,0.0,0.0,0.0,0.0
Faltec Europe Ltd,219.0,6.0,154.88,2025-03-13 04:15:30+00:00,0.0,0.0,0.0,0.0
Faltec Europe Ltd,219.0,6.0,154.88,2025-03-13 04:30:30+00:00,0.0,0.0,0.0,0.0
Faltec Europe Ltd,219.0,6.0,154.88,2025-03-13 04:45:30+00:00,0.0,0.0,0.0,0.0
Faltec Europe Ltd,219.0,6.0,154.88,2025-03-13 05:00:30+00:00,0.0,0.0,0.0,0.0
Faltec Europe Ltd,219.0,6.0,154.88,2025-03-13 05:15:30+00:00,0.0,0.0,0.0,0.0
Faltec Europe Ltd,219.0,6.0,154.88,2025-03-13 05:30:30+00:00,0.0,0.0,0.0,0.0
Faltec Europe Ltd,219.0,6.0,154.88,2025-03-13 05:45:30+00:00,0.0,0.0,0.0,0.0
Faltec Europe Ltd,219.0,6.0,154.88,2025-03-13 06:00:30+00:00,0.0,0.0,0.0,0.0
Faltec Europe Ltd,219.0,6.0,154.88,2025-03-13 06:15:30+00:00,0.0,0.0,0.0,0.0
Faltec Europe Ltd,219.0,6.0,154.88,2025-03-13 06:30:30+00:00,0.00175,0.0015,0.00225,0.00175
Faltec Europe Ltd,219.0,6.0,154.88,2025-03-13 06:45:30+00:00,0.0045,0.00325,0.0055,0.00625
Faltec Europe Ltd,219.0,6.0,154.88,2025-03-13 07:00:30+00:00,0.011,0.00625,0.01275,0.0135
Faltec Europe Ltd,219.0,6.0,154.88,2025-03-13 07:15:30+00:00,0.01575,0.011,0.02175,0.018
Faltec Europe Ltd,219.0,6.0,154.88,2025-03-13 07:30:30+00:00,0.024,0.01625,0.03075,0.027
Faltec Europe Ltd,219.0,6.0,154.88,2025-03-13 07:45:30+00:00,0.03225,0.0225,0.04025,0.035
Faltec Europe Ltd,219.0,6.0,154.88,2025-03-13 08:00:30+00:00,0.038,0.02575,0.0505,0.0405
Faltec Europe Ltd,219.0,6.0,154.88,2025-03-13 08:15:30+00:00,0.05025,0.026,0.06025,0.0525
Faltec Europe Ltd,219.0,6.0,154.88,2025-03-13 08:30:30+00:00,0.052,0.019,0.07075,0.05325
Faltec Europe Ltd,219.0,6.0,154.88,2025-03-13 08:45:30+00:00,0.03825,0.0175,0.07675,0.03875
Faltec Europe Ltd,219.0,6.0,154.88,2025-03-13 09:00:30+00:00,0.05025,0.01925,0.078,0.0505
Faltec Europe Ltd,219.0,6.0,154.88,2025-03-13 09:15:30+00:00,0.05725,0.0235,0.0805,0.057
Faltec Europe Ltd,219.0,6.0,154.88,2025-03-13 09:30:30+00:00,0.048,0.0185,0.07725,0.04775
Faltec Europe Ltd,219.0,6.0,154.88,2025-03-13 09:45:30+00:00,0.038,0.0125,0.07425,0.038
Faltec Europe Ltd,219.0,6.0,154.88,2025-03-13 10:00:30+00:00,0.044,0.00875,0.0775,0.04425
Faltec Europe Ltd,219.0,6.0,154.88,2025-03-13 10:15:30+00:00,0.046,0.01825,0.09225,0.046
Faltec Europe Ltd,219.0,6.0,154.88,2025-03-13 10:30:30+00:00,0.07725,0.0305,0.1115,0.075
Faltec Europe Ltd,219.0,6.0,154.88,2025-03-13 10:45:30+00:00,0.08825,0.0475,0.1195,0.085
Faltec Europe Ltd,219.0,6.0,154.88,2025-03-13 11:00:30+00:00,0.084,0.04625,0.1155,0.081
Faltec Europe Ltd,219.0,6.0,154.88,2025-03-13 11:15:30+00:00,0.06875,0.04225,0.11275,0.067
Faltec Europe Ltd,219.0,6.0,154.88,2025-03-13 11:30:30+00:00,0.08125,0.03225,0.111,0.0785
Faltec Europe Ltd,219.0,6.0,154.88,2025-03-13 11:45:30+00:00,0.06325,0.02375,0.1045,0.06175
Faltec Europe Ltd,219.0,6.0,154.88,2025-03-13 12:00:30+00:00,0.04725,0.023,0.088,0.047
Faltec Europe Ltd,219.0,6.0,154.88,2025-03-13 12:15:30+00:00,0.057,0.0275,0.08,0.05625
Faltec Europe Ltd,219.0,6.0,154.88,2025-03-13 12:30:30+00:00,0.05625,0.0345,0.07375,0.0555
Faltec Europe Ltd,219.0,6.0,154.88,2025-03-13 12:45:30+00:00,0.04875,0.02975,0.06925,0.0485
Faltec Europe Ltd,219.0,6.0,154.88,2025-03-13 13:00:30+00:00,0.043,0.015,0.07425,0.04275
Faltec Europe Ltd,219.0,6.0,154.88,2025-03-13 13:15:30+00:00,0.04175,0.0105,0.0885,0.0415
Faltec Europe Ltd,219.0,6.0,154.88,2025-03-13 13:30:30+00:00,0.057,0.01125,0.1145,0.055
Faltec Europe Ltd,219.0,6.0,154.88,2025-03-13 13:45:30+00:00,0.087,0.028,0.131,0.08
Faltec Europe Ltd,219.0,6.0,154.88,2025-03-13 14:00:30+00:00,0.09325,0.04025,0.131,0.084
Faltec Europe Ltd,219.0,6.0,154.88,2025-03-13 14:15:30+00:00,0.07275,0.035,0.1095,0.067
Faltec Europe Ltd,219.0,6.0,154.88,2025-03-13 14:30:30+00:00,0.05025,0.0255,0.08575,0.048
Faltec Europe Ltd,219.0,6.0,154.88,2025-03-13 14:45:30+00:00,0.0455,0.02675,0.07425,0.04375
Faltec Europe Ltd,219.0,6.0,154.88,2025-03-13 15:00:30+00:00,0.0575,0.0335,0.0705,0.05325
Faltec Europe Ltd,219.0,6.0,154.88,2025-03-13 15:15:30+00:00,0.05125,0.034,0.0655,0.0475
Faltec Europe Ltd,219.0,6.0,154.88,2025-03-13 15:30:30+00:00,0.03975,0.02825,0.057,0.03775
Faltec Europe Ltd,219.0,6.0,154.88,2025-03-13 15:45:30+00:00,0.03775,0.02275,0.053,0.03525
Faltec Europe Ltd,219.0,6.0,154.88,2025-03-13 16:00:30+00:00,0.03625,0.01875,0.0535,0.0335
Faltec Europe Ltd,219.0,6.0,154.88,2025-03-13 16:15:30+00:00,0.035,0.0175,0.0535,0.03125
Faltec Europe Ltd,219.0,6.0,154.88,2025-03-13 16:30:30+00:00,0.0355,0.0185,0.05,0.03025
Faltec Europe Ltd,219.0,6.0,154.88,2025-03-13 16:45:30+00:00,0.03225,0.018,0.043,0.026
Faltec Europe Ltd,219.0,6.0,154.88,2025-03-13 17:00:30+00:00,0.02225,0.0135,0.032,0.018
Faltec Europe Ltd,219.0,6.0,154.88,2025-03-13 17:15:30+00:00,0.01275,0.00725,0.0195,0.01075
Faltec Europe Ltd,219.0,6.0,154.88,2025-03-13 17:30:30+00:00,0.0055,0.003,0.00925,0.0055
Faltec Europe Ltd,219.0,6.0,154.88,2025-03-13 17:45:30+00:00,0.0015,0.001,0.00225,0.0015
Faltec Europe Ltd,219.0,6.0,154.88,2025-03-13 18:00:30+00:00,0.0,0.0,0.0,0.0
Faltec Europe Ltd,219.0,6.0,154.88,2025-03-13 18:15:30+00:00,0.0,0.0,0.0,0.0
Faltec Europe Ltd,219.0,6.0,154.88,2025-03-13 18:30:30+00:00,0.0,0.0,0.0,0.0
Faltec Europe Ltd,219.0,6.0,154.88,2025-03-13 18:45:30+00:00,0.0,0.0,0.0,0.0
Faltec Europe Ltd,219.0,6.0,154.88,2025-03-13 19:00:30+00:00,0.0,0.0,0.0,0.0
Faltec Europe Ltd,219.0,6.0,154.88,2025-03-13 19:15:30+00:00,0.0,0.0,0.0,0.0
Faltec Europe Ltd,219.0,6.0,154.88,2025-03-13 19:30:30+00:00,0.0,0.0,0.0,0.0
Faltec Europe Ltd,219.0,6.0,154.88,2025-03-13 19:45:30+00:00,0.0,0.0,0.0,0.0
Faltec Europe Ltd,219.0,6.0,154.88,2025-03-13 20:00:30+00:00,0.0,0.0,0.0,0.0
Faltec Europe Ltd,219.0,6.0,154.88,2025-03-13 20:15:30+00:00,0.0,0.0,0.0,0.0
Faltec Europe Ltd,219.0,6.0,154.88,2025-03-13 20:30:30+00:00,0.0,0.0,0.0,0.0
Faltec Europe Ltd,219.0,6.0,154.88,2025-03-13 20:45:30+00:00,0.0,0.0,0.0,0.0
Faltec Europe Ltd,219.0,6.0,154.88,2025-03-13 21:00:30+00:00,0.0,0.0,0.0,0.0
Faltec Europe Ltd,219.0,6.0,154.88,2025-03-13 21:15:30+00:00,0.0,0.0,0.0,0.0
Faltec Europe Ltd,219.0,6.0,154.88,2025-03-13 21:30:30+00:00,0.0,0.0,0.0,0.0
Faltec Europe Ltd,219.0,6.0,154.88,2025-03-13 21:45:30+00:00,0.0,0.0,0.0,0.0
Faltec Europe Ltd,219.0,6.0,154.88,2025-03-13 22:00:30+00:00,0.0,0.0,0.0,0.0
Faltec Europe Ltd,219.0,6.0,154.88,2025-03-13 22:15:30+00:00,0.0,0.0,0.0,0.0
Faltec Europe Ltd,219.0,6.0,154.88,2025-03-13 22:30:30+00:00,0.0,0.0,0.0,0.0
Faltec Europe Ltd,219.0,6.0,154.88,2025-03-13 22:45:30+00:00,0.0,0.0,0.0,0.0
Faltec Europe Ltd,219.0,6.0,154.88,2025-03-13 23:00:30+00:00,0.0,0.0,0.0,0.0
Faltec Europe Ltd,219.0,6.0,154.88,2025-03-13 23:15:30+00:00,0.0,0.0,0.0,0.0
Faltec Europe Ltd,219.0,6.0,154.88,2025-03-13 23:30:30+00:00,0.0,0.0,0.0,0.0
Faltec Europe Ltd,219.0,6.0,154.88,2025-03-13 23:45:30+00:00,0.0,0.0,0.0,0.0
Faltec Europe Ltd,219.0,6.0,154.88,2025-03-14 00:00:30+00:00,0.0,0.0,0.0,0.0
Faltec Europe Ltd,219.0,6.0,154.88,2025-03-14 00:15:30+00:00,0.0,0.0,0.0,0.0
Faltec Europe Ltd,219.0,6.0,154.88,2025-03-14 00:30:30+00:00,0.0,0.0,0.0,0.0
Faltec Europe Ltd,219.0,6.0,154.88,2025-03-14 00:45:30+00:00,0.0,0.0,0.0,0.0
Faltec Europe Ltd,219.0,6.0,154.88,2025-03-14 01:00:30+00:00,0.0,0.0,0.0,0.0
Faltec Europe Ltd,219.0,6.0,154.88,2025-03-14 01:15:30+00:00,0.0,0.0,0.0,0.0
Faltec Europe Ltd,219.0,6.0,154.88,2025-03-14 01:30:30+00:00,0.0,0.0,0.0,0.0
Faltec Europe Ltd,219.0,6.0,154.88,2025-03-14 01:45:30+00:00,0.0,0.0,0.0,0.0
Faltec Europe Ltd,219.0,6.0,154.88,2025-03-14 02:00:30+00:00,0.0,0.0,0.0,0.0
Faltec Europe Ltd,219.0,6.0,154.88,2025-03-14 02:15:30+00:00,0.0,0.0,0.0,0.0
Faltec Europe Ltd,219.0,6.0,154.88,2025-03-14 02:30:30+00:00,0.0,0.0,0.0,0.0
Faltec Europe Ltd,219.0,6.0,154.88,2025-03-14 02:45:30+00:00,0.0,0.0,0.0,0.0
Faltec Europe Ltd,219.0,6.0,154.88,2025-03-14 03:00:30+00:00,0.0,0.0,0.0,0.0
Faltec Europe Ltd,219.0,6.0,154.88,2025-03-14 03:15:30+00:00,0.0,0.0,0.0,0.0
Faltec Europe Ltd,219.0,6.0,154.88,2025-03-14 03:30:30+00:00,0.0,0.0,0.0,0.0
Faltec Europe Ltd,219.0,6.0,154.88,2025-03-14 03:45:30+00:00,0.0,0.0,0.0,0.0
Faltec Europe Ltd,219.0,6.0,154.88,2025-03-14 04:00:30+00:00,0.0,0.0,0.0,0.0
Faltec Europe Ltd,219.0,6.0,154.88,2025-03-14 04:15:30+00:00,0.0,0.0,0.0,0.0
Faltec Europe Ltd,219.0,6.0,154.88,2025-03-14 04:30:30+00:00,0.0,0.0,0.0,0.0
Faltec Europe Ltd,219.0,6.0,154.88,2025-03-14 04:45:30+00:00,0.0,0.0,0.0,0.0
Faltec Europe Ltd,219.0,6.0,154.88,2025-03-14 05:00:30+00:00,0.0,0.0,0.0,0.0
Faltec Europe Ltd,219.0,6.0,154.88,2025-03-14 05:15:30+00:00,0.0,0.0,0.0,0.0
Faltec Europe Ltd,219.0,6.0,154.88,2025-03-14 05:30:30+00:00,0.0,0.0,0.0,0.0
Faltec Europe Ltd,219.0,6.0,154.88,2025-03-14 05:45:30+00:00,0.0,0.0,0.0,0.0
Faltec Europe Ltd,219.0,6.0,154.88,2025-03-14 06:00:30+00:00,0.0,0.0,0.0,0.0
Faltec Europe Ltd,219.0,6.0,154.88,2025-03-14 06:15:30+00:00,0.0,0.0,0.0,0.0
Faltec Europe Ltd,219.0,6.0,154.88,2025-03-14 06:30:30+00:00,0.00275,0.0025,0.00325,0.00275
Faltec Europe Ltd,219.0,6.0,154.88,2025-03-14 06:45:30+00:00,0.0055,0.004,0.00625,0.00825
Faltec Europe Ltd,219.0,6.0,154.88,2025-03-14 07:00:30+00:00,0.012,0.00825,0.013,0.01625
Faltec Europe Ltd,219.0,6.0,154.88,2025-03-14 07:15:30+00:00,0.0205,0.0135,0.022,0.02525
Faltec Europe Ltd,219.0,6.0,154.88,2025-03-14 07:30:30+00:00,0.0275,0.0175,0.032,0.0315
Faltec Europe Ltd,219.0,6.0,154.88,2025-03-14 07:45:30+00:00,0.03275,0.0205,0.04225,0.036
Faltec Europe Ltd,219.0,6.0,154.88,2025-03-14 08:00:30+00:00,0.0405,0.02275,0.05275,0.04325
Faltec Europe Ltd,219.0,6.0,154.88,2025-03-14 08:15:30+00:00,0.04375,0.02225,0.06325,0.04575
Faltec Europe Ltd,219.0,6.0,154.88,2025-03-14 08:30:30+00:00,0.0435,0.01925,0.07,0.0445
Faltec Europe Ltd,219.0,6.0,154.88,2025-03-14 08:45:30+00:00,0.0455,0.01575,0.072,0.046
Faltec Europe Ltd,219.0,6.0,154.88,2025-03-14 09:00:30+00:00,0.04225,0.01325,0.06875,0.0425
Faltec Europe Ltd,219.0,6.0,154.88,2025-03-14 09:15:30+00:00,0.0345,0.018,0.0675,0.03475
Faltec Europe Ltd,219.0,6.0,154.88,2025-03-14 09:30:30+00:00,0.05175,0.0185,0.068,0.0515
Faltec Europe Ltd,219.0,6.0,154.88,2025-03-14 09:45:30+00:00,0.04275,0.0255,0.08125,0.04275
Faltec Europe Ltd,219.0,6.0,154.88,2025-03-14 10:00:30+00:00,0.06625,0.02575,0.0905,0.065
Faltec Europe Ltd,219.0,6.0,154.88,2025-03-14 10:15:30+00:00,0.06375,0.03625,0.10675,0.063
Faltec Europe Ltd,219.0,6.0,154.88,2025-03-14 10:30:30+00:00,0.08525,0.0365,0.1095,0.0825
Faltec Europe Ltd,219.0,6.0,154.88,2025-03-14 10:45:30+00:00,0.0685,0.04925,0.1225,0.0665
Faltec Europe Ltd,219.0,6.0,154.88,2025-03-14 11:00:30+00:00,0.10625,0.0525,0.1295,0.10075
Faltec Europe Ltd,219.0,6.0,154.88,2025-03-14 11:15:30+00:00,0.09525,0.0635,0.131,0.091
Faltec Europe Ltd,219.0,6.0,154.88,2025-03-14 11:30:30+00:00,0.09075,0.06975,0.12525,0.0865
Faltec Europe Ltd,219.0,6.0,154.88,2025-03-14 11:45:30+00:00,0.1075,0.07675,0.12925,0.10075
Faltec Europe Ltd,219.0,6.0,154.88,2025-03-14 12:00:30+00:00,0.10925,0.07475,0.13375,0.102
Faltec Europe Ltd,219.0,6.0,154.88,2025-03-14 12:15:30+00:00,0.09425,0.0595,0.1285,0.089
Faltec Europe Ltd,219.0,6.0,154.88,2025-03-14 12:30:30+00:00,0.078,0.053,0.12925,0.0745
Faltec Europe Ltd,219.0,6.0,154.88,2025-03-14 12:45:30+00:00,0.105,0.05525,0.1415,0.09775
Faltec Europe Ltd,219.0,6.0,154.88,2025-03-14 13:00:30+00:00,0.10975,0.048,0.1405,0.1015
Faltec Europe Ltd,219.0,6.0,154.88,2025-03-14 13:15:30+00:00,0.0645,0.037,0.1245,0.06175
Faltec Europe Ltd,219.0,6.0,154.88,2025-03-14 13:30:30+00:00,0.07175,0.0305,0.1225,0.068
Faltec Europe Ltd,219.0,6.0,154.88,2025-03-14 13:45:30+00:00,0.09525,0.03875,0.1315,0.08725
Faltec Europe Ltd,219.0,6.0,154.88,2025-03-14 14:00:30+00:00,0.0845,0.05225,0.13575,0.0775
Faltec Europe Ltd,219.0,6.0,154.88,2025-03-14 14:15:30+00:00,0.10525,0.06125,0.13175,0.0935
Faltec Europe Ltd,219.0,6.0,154.88,2025-03-14 14:30:30+00:00,0.09675,0.06025,0.121,0.08575
Faltec Europe Ltd,219.0,6.0,154.88,2025-03-14 14:45:30+00:00,0.067,0.052,0.10625,0.06125
Faltec Europe Ltd,219.0,6.0,154.88,2025-03-14 15:00:30+00:00,0.07825,0.04325,0.0945,0.069
Faltec Europe Ltd,219.0,6.0,154.88,2025-03-14 15:15:30+00:00,0.05725,0.0425,0.0875,0.052
Faltec Europe Ltd,219.0,6.0,154.88,2025-03-14 15:30:30+00:00,0.063,0.04025,0.08325,0.05575
Faltec Europe Ltd,219.0,6.0,154.88,2025-03-14 15:45:30+00:00,0.065,0.04,0.07925,0.05575
Faltec Europe Ltd,219.0,6.0,154.88,2025-03-14 16:00:30+00:00,0.0485,0.0365,0.07125,0.04175
Faltec Europe Ltd,219.0,6.0,154.88,2025-03-14 16:15:30+00:00,0.04925,0.03225,0.0635,0.041
Faltec Europe Ltd,219.0,6.0,154.88,2025-03-14 16:30:30+00:00,0.0445,0.027,0.05525,0.03625
Faltec Europe Ltd,219.0,6.0,154.88,2025-03-14 16:45:30+00:00,0.0275,0.019,0.04225,0.02325
Faltec Europe Ltd,219.0,6.0,154.88,2025-03-14 17:00:30+00:00,0.022,0.01275,0.03225,0.018
Faltec Europe Ltd,219.0,6.0,154.88,2025-03-14 17:15:30+00:00,0.01775,0.00975,0.02425,0.01375
Faltec Europe Ltd,219.0,6.0,154.88,2025-03-14 17:30:30+00:00,0.01,0.006,0.01375,0.00775
Faltec Europe Ltd,219.0,6.0,154.88,2025-03-14 17:45:30+00:00,0.00275,0.00225,0.00375,0.00225
Faltec Europe Ltd,219.0,6.0,154.88,2025-03-14 18:00:30+00:00,0.00025,0.00025,0.00025,0.00025
Faltec Europe Ltd,219.0,6.0,154.88,2025-03-14 18:15:30+00:00,0.0,0.0,0.0,0.0
Faltec Europe Ltd,219.0,6.0,154.88,2025-03-14 18:30:30+00:00,0.0,0.0,0.0,0.0
Faltec Europe Ltd,219.0,6.0,154.88,2025-03-14 18:45:30+00:00,0.0,0.0,0.0,0.0
Faltec Europe Ltd,219.0,6.0,154.88,2025-03-14 19:00:30+00:00,0.0,0.0,0.0,0.0
Faltec Europe Ltd,219.0,6.0,154.88,2025-03-14 19:15:30+00:00,0.0,0.0,0.0,0.0
Faltec Europe Ltd,219.0,6.0,154.88,2025-03-14 19:30:30+00:00,0.0,0.0,0.0,0.0
Faltec Europe Ltd,219.0,6.0,154.88,2025-03-14 19:45:30+00:00,0.0,0.0,0.0,0.0
Faltec Europe Ltd,219.0,6.0,154.88,2025-03-14 20:00:30+00:00,0.0,0.0,0.0,0.0
Faltec Europe Ltd,219.0,6.0,154.88,2025-03-14 20:15:30+00:00,0.0,0.0,0.0,0.0
Faltec Europe Ltd,219.0,6.0,154.88,2025-03-14 20:30:30+00:00,0.0,0.0,0.0,0.0
Faltec Europe Ltd,219.0,6.0,154.88,2025-03-14 20:45:30+00:00,0.0,0.0,0.0,0.0
Faltec Europe Ltd,219.0,6.0,154.88,2025-03-14 21:00:30+00:00,0.0,0.0,0.0,0.0
Faltec Europe Ltd,219.0,6.0,154.88,2025-03-14 21:15:30+00:00,0.0,0.0,0.0,0.0
Faltec Europe Ltd,219.0,6.0,154.88,2025-03-14 21:30:30+00:00,0.0,0.0,0.0,0.0
Faltec Europe Ltd,219.0,6.0,154.88,2025-03-14 21:45:30+00:00,0.0,0.0,0.0,0.0
Faltec Europe Ltd,219.0,6.0,154.88,2025-03-14 22:00:30+00:00,0.0,0.0,0.0,0.0
Faltec Europe Ltd,219.0,6.0,154.88,2025-03-14 22:15:30+00:00,0.0,0.0,0.0,0.0
Faltec Europe Ltd,219.0,6.0,154.88,2025-03-14 22:30:30+00:00,0.0,0.0,0.0,0.0
Faltec Europe Ltd,219.0,6.0,154.88,2025-03-14 22:45:30+00:00,0.0,0.0,0.0,0.0
Faltec Europe Ltd,219.0,6.0,154.88,2025-03-14 23:00:30+00:00,0.0,0.0,0.0,0.0
Faltec Europe Ltd,219.0,6.0,154.88,2025-03-14 23:15:30+00:00,0.0,0.0,0.0,0.0
Faltec Europe Ltd,219.0,6.0,154.88,2025-03-14 23:30:30+00:00,0.0,0.0,0.0,0.0
Faltec Europe Ltd,219.0,6.0,154.88,2025-03-14 23:45:30+00:00,0.0,0.0,0.0,0.0
Faltec Europe Ltd,219.0,6.0,154.88,2025-03-15 00:00:30+00:00,0.0,0.0,0.0,0.0
Faltec Europe Ltd,219.0,6.0,154.88,2025-03-15 00:15:30+00:00,0.0,0.0,0.0,0.0
Faltec Europe Ltd,219.0,6.0,154.88,2025-03-15 00:30:30+00:00,0.0,0.0,0.0,0.0
Faltec Europe Ltd,219.0,6.0,154.88,2025-03-15 00:45:30+00:00,0.0,0.0,0.0,0.0
Faltec Europe Ltd,219.0,6.0,154.88,2025-03-15 01:00:30+00:00,0.0,0.0,0.0,0.0
Faltec Europe Ltd,219.0,6.0,154.88,2025-03-15 01:15:30+00:00,0.0,0.0,0.0,0.0
Faltec Europe Ltd,219.0,6.0,154.88,2025-03-15 01:30:30+00:00,0.0,0.0,0.0,0.0
Faltec Europe Ltd,219.0,6.0,154.88,2025-03-15 01:45:30+00:00,0.0,0.0,0.0,0.0
Faltec Europe Ltd,219.0,6.0,154.88,2025-03-15 02:00:30+00:00,0.0,0.0,0.0,0.0
Faltec Europe Ltd,219.0,6.0,154.88,2025-03-15 02:15:30+00:00,0.0,0.0,0.0,0.0
Faltec Europe Ltd,219.0,6.0,154.88,2025-03-15 02:30:30+00:00,0.0,0.0,0.0,0.0
Faltec Europe Ltd,219.0,6.0,154.88,2025-03-15 02:45:30+00:00,0.0,0.0,0.0,0.0
Faltec Europe Ltd,219.0,6.0,154.88,2025-03-15 03:00:30+00:00,0.0,0.0,0.0,0.0
Faltec Europe Ltd,219.0,6.0,154.88,2025-03-15 03:15:30+00:00,0.0,0.0,0.0,0.0
Faltec Europe Ltd,219.0,6.0,154.88,2025-03-15 03:30:30+00:00,0.0,0.0,0.0,0.0
Faltec Europe Ltd,219.0,6.0,154.88,2025-03-15 03:45:30+00:00,0.0,0.0,0.0,0.0
Faltec Europe Ltd,219.0,6.0,154.88,2025-03-15 04:00:30+00:00,0.0,0.0,0.0,0.0
Faltec Europe Ltd,219.0,6.0,154.88,2025-03-15 04:15:30+00:00,0.0,0.0,0.0,0.0
Faltec Europe Ltd,219.0,6.0,154.88,2025-03-15 04:30:30+00:00,0.0,0.0,0.0,0.0
Faltec Europe Ltd,219.0,6.0,154.88,2025-03-15 04:45:30+00:00,0.0,0.0,0.0,0.0
Faltec Europe Ltd,219.0,6.0,154.88,2025-03-15 05:00:30+00:00,0.0,0.0,0.0,0.0
Faltec Europe Ltd,219.0,6.0,154.88,2025-03-15 05:15:30+00:00,0.0,0.0,0.0,0.0
Faltec Europe Ltd,219.0,6.0,154.88,2025-03-15 05:30:30+00:00,0.0,0.0,0.0,0.0
Faltec Europe Ltd,219.0,6.0,154.88,2025-03-15 05:45:30+00:00,0.0,0.0,0.0,0.0
Faltec Europe Ltd,219.0,6.0,154.88,2025-03-15 06:00:30+00:00,0.0,0.0,0.0,0.0
Faltec Europe Ltd,219.0,6.0,154.88,2025-03-15 06:15:30+00:00,0.00125,0.001,0.0015,0.00125
Faltec Europe Ltd,219.0,6.0,154.88,2025-03-15 06:30:30+00:00,0.0035,0.003,0.004,0.0035
Faltec Europe Ltd,219.0,6.0,154.88,2025-03-15 06:45:30+00:00,0.00625,0.00475,0.00725,0.009
Faltec Europe Ltd,219.0,6.0,154.88,2025-03-15 07:00:30+00:00,0.01275,0.00925,0.0145,0.01675
Faltec Europe Ltd,219.0,6.0,154.88,2025-03-15 07:15:30+00:00,0.0205,0.0155,0.02325,0.02525
Faltec Europe Ltd,219.0,6.0,154.88,2025-03-15 07:30:30+00:00,0.02925,0.023,0.03275,0.034
Faltec Europe Ltd,219.0,6.0,154.88,2025-03-15 07:45:30+00:00,0.0385,0.03125,0.04275,0.043
Faltec Europe Ltd,219.0,6.0,154.88,2025-03-15 08:00:30+00:00,0.048,0.0395,0.05325,0.05175
Faltec Europe Ltd,219.0,6.0,154.88,2025-03-15 08:15:30+00:00,0.057,0.04675,0.06375,0.06025
Faltec Europe Ltd,219.0,6.0,154.88,2025-03-15 08:30:30+00:00,0.065,0.0515,0.074,0.06725
Faltec Europe Ltd,219.0,6.0,154.88,2025-03-15 08:45:30+00:00,0.071,0.05425,0.08425,0.072
Faltec Europe Ltd,219.0,6.0,154.88,2025-03-15 09:00:30+00:00,0.075,0.05625,0.09225,0.07525
Faltec Europe Ltd,219.0,6.0,154.88,2025-03-15 09:15:30+00:00,0.07625,0.06,0.09375,0.07575
Faltec Europe Ltd,219.0,6.0,154.88,2025-03-15 09:30:30+00:00,0.07925,0.06575,0.09575,0.078
Faltec Europe Ltd,219.0,6.0,154.88,2025-03-15 09:45:30+00:00,0.087,0.074,0.10225,0.085
Faltec Europe Ltd,219.0,6.0,154.88,2025-03-15 10:00:30+00:00,0.09875,0.0835,0.11225,0.09525
Faltec Europe Ltd,219.0,6.0,154.88,2025-03-15 10:15:30+00:00,0.1075,0.0885,0.12275,0.103
Faltec Europe Ltd,219.0,6.0,154.88,2025-03-15 10:30:30+00:00,0.11025,0.08725,0.12875,0.10475
Faltec Europe Ltd,219.0,6.0,154.88,2025-03-15 10:45:30+00:00,0.10525,0.07625,0.1345,0.10025
Faltec Europe Ltd,219.0,6.0,154.88,2025-03-15 11:00:30+00:00,0.10075,0.061,0.144,0.09575
Faltec Europe Ltd,219.0,6.0,154.88,2025-03-15 11:15:30+00:00,0.10125,0.04075,0.15175,0.096
Faltec Europe Ltd,219.0,6.0,154.88,2025-03-15 11:30:30+00:00,0.0845,0.01725,0.1445,0.08075
Faltec Europe Ltd,219.0,6.0,154.88,2025-03-15 11:45:30+00:00,0.05525,0.01125,0.119,0.05425
Faltec Europe Ltd,219.0,6.0,154.88,2025-03-15 12:00:30+00:00,0.0415,0.01125,0.0915,0.04125
Faltec Europe Ltd,219.0,6.0,154.88,2025-03-15 12:15:30+00:00,0.0405,0.01125,0.084,0.0405
Faltec Europe Ltd,219.0,6.0,154.88,2025-03-15 12:30:30+00:00,0.05,0.01125,0.097,0.0495
Faltec Europe Ltd,219.0,6.0,154.88,2025-03-15 12:45:30+00:00,0.0635,0.0125,0.12525,0.06125
Faltec Europe Ltd,219.0,6.0,154.88,2025-03-15 13:00:30+00:00,0.0835,0.0165,0.15075,0.07825
Faltec Europe Ltd,219.0,6.0,154.88,2025-03-15 13:15:30+00:00,0.104,0.0405,0.15875,0.095
Faltec Europe Ltd,219.0,6.0,154.88,2025-03-15 13:30:30+00:00,0.11675,0.06775,0.15675,0.10525
Faltec Europe Ltd,219.0,6.0,154.88,2025-03-15 13:45:30+00:00,0.12375,0.083,0.1545,0.10925
Faltec Europe Ltd,219.0,6.0,154.88,2025-03-15 14:00:30+00:00,0.11225,0.0765,0.1435,0.1
Faltec Europe Ltd,219.0,6.0,154.88,2025-03-15 14:15:30+00:00,0.09375,0.058,0.133,0.084
Faltec Europe Ltd,219.0,6.0,154.88,2025-03-15 14:30:30+00:00,0.07925,0.04425,0.114,0.07225
Faltec Europe Ltd,219.0,6.0,154.88,2025-03-15 14:45:30+00:00,0.064,0.03675,0.0945,0.0595
Faltec Europe Ltd,219.0,6.0,154.88,2025-03-15 15:00:30+00:00,0.05425,0.032,0.084,0.051
Faltec Europe Ltd,219.0,6.0,154.88,2025-03-15 15:15:30+00:00,0.057,0.03,0.08825,0.05225
Faltec Europe Ltd,219.0,6.0,154.88,2025-03-15 15:30:30+00:00,0.067,0.03275,0.09675,0.05825
Faltec Europe Ltd,219.0,6.0,154.88,2025-03-15 15:45:30+00:00,0.069,0.0385,0.0915,0.05825
Faltec Europe Ltd,219.0,6.0,154.88,2025-03-15 16:00:30+00:00,0.067,0.04325,0.0835,0.05475
Faltec Europe Ltd,219.0,6.0,154.88,2025-03-15 16:15:30+00:00,0.062,0.0445,0.0735,0.0495
Faltec Europe Ltd,219.0,6.0,154.88,2025-03-15 16:30:30+00:00,0.055,0.041,0.06275,0.04275
Faltec Europe Ltd,219.0,6.0,154.88,2025-03-15 16:45:30+00:00,0.046,0.03475,0.0515,0.03475
Faltec Europe Ltd,219.0,6.0,154.88,2025-03-15 17:00:30+00:00,0.03625,0.027,0.04,0.0265
Faltec Europe Ltd,219.0,6.0,154.88,2025-03-15 17:15:30+00:00,0.026,0.019,0.02875,0.01825
Faltec Europe Ltd,219.0,6.0,154.88,2025-03-15 17:30:30+00:00,0.01525,0.011,0.017,0.01
Faltec Europe Ltd,219.0,6.0,154.88,2025-03-15 17:45:30+00:00,0.0045,0.004,0.005,0.0035
Faltec Europe Ltd,219.0,6.0,154.88,2025-03-15 18:00:30+00:00,0.0005,0.00025,0.0005,0.0005
Faltec Europe Ltd,219.0,6.0,154.88,2025-03-15 18:15:30+00:00,0.0,0.0,0.0,0.0
Faltec Europe Ltd,219.0,6.0,154.88,2025-03-15 18:30:30+00:00,0.0,0.0,0.0,0.0
Faltec Europe Ltd,219.0,6.0,154.88,2025-03-15 18:45:30+00:00,0.0,0.0,0.0,0.0
Faltec Europe Ltd,219.0,6.0,154.88,2025-03-15 19:00:30+00:00,0.0,0.0,0.0,0.0
Faltec Europe Ltd,219.0,6.0,154.88,2025-03-15 19:15:30+00:00,0.0,0.0,0.0,0.0
Faltec Europe Ltd,219.0,6.0,154.88,2025-03-15 19:30:30+00:00,0.0,0.0,0.0,0.0
Faltec Europe Ltd,219.0,6.0,154.88,2025-03-15 19:45:30+00:00,0.0,0.0,0.0,0.0
Faltec Europe Ltd,219.0,6.0,154.88,2025-03-15 20:00:30+00:00,0.0,0.0,0.0,0.0
Faltec Europe Ltd,219.0,6.0,154.88,2025-03-15 20:15:30+00:00,0.0,0.0,0.0,0.0
Faltec Europe Ltd,219.0,6.0,154.88,2025-03-15 20:30:30+00:00,0.0,0.0,0.0,0.0
Faltec Europe Ltd,219.0,6.0,154.88,2025-03-15 20:45:30+00:00,0.0,0.0,0.0,0.0
Faltec Europe Ltd,219.0,6.0,154.88,2025-03-15 21:00:30+00:00,0.0,0.0,0.0,0.0
Faltec Europe Ltd,219.0,6.0,154.88,2025-03-15 21:15:30+00:00,0.0,0.0,0.0,0.0
Faltec Europe Ltd,219.0,6.0,154.88,2025-03-15 21:30:30+00:00,0.0,0.0,0.0,0.0
Faltec Europe Ltd,219.0,6.0,154.88,2025-03-15 21:45:30+00:00,0.0,0.0,0.0,0.0
Faltec Europe Ltd,219.0,6.0,154.88,2025-03-15 22:00:30+00:00,0.0,0.0,0.0,0.0
Faltec Europe Ltd,219.0,6.0,154.88,2025-03-15 22:15:30+00:00,0.0,0.0,0.0,0.0
Faltec Europe Ltd,219.0,6.0,154.88,2025-03-15 22:30:30+00:00,0.0,0.0,0.0,0.0
Faltec Europe Ltd,219.0,6.0,154.88,2025-03-15 22:45:30+00:00,0.0,0.0,0.0,0.0
Faltec Europe Ltd,219.0,6.0,154.88,2025-03-15 23:00:30+00:00,0.0,0.0,0.0,0.0
Faltec Europe Ltd,219.0,6.0,154.88,2025-03-15 23:15:30+00:00,0.0,0.0,0.0,0.0
Faltec Europe Ltd,219.0,6.0,154.88,2025-03-15 23:30:30+00:00,0.0,0.0,0.0,0.0
Faltec Europe Ltd,219.0,6.0,154.88,2025-03-15 23:45:30+00:00,0.0,0.0,0.0,0.0
Faltec Europe Ltd,219.0,6.0,154.88,2025-03-16 00:00:30+00:00,0.0,0.0,0.0,0.0
Faltec Europe Ltd,219.0,6.0,154.88,2025-03-16 00:15:30+00:00,0.0,0.0,0.0,0.0
Faltec Europe Ltd,219.0,6.0,154.88,2025-03-16 00:30:30+00:00,0.0,0.0,0.0,0.0
Faltec Europe Ltd,219.0,6.0,154.88,2025-03-16 00:45:30+00:00,0.0,0.0,0.0,0.0
Faltec Europe Ltd,219.0,6.0,154.88,2025-03-16 01:00:30+00:00,0.0,0.0,0.0,0.0
Faltec Europe Ltd,219.0,6.0,154.88,2025-03-16 01:15:30+00:00,0.0,0.0,0.0,0.0
Faltec Europe Ltd,219.0,6.0,154.88,2025-03-16 01:30:30+00:00,0.0,0.0,0.0,0.0
Faltec Europe Ltd,219.0,6.0,154.88,2025-03-16 01:45:30+00:00,0.0,0.0,0.0,0.0
Faltec Europe Ltd,219.0,6.0,154.88,2025-03-16 02:00:30+00:00,0.0,0.0,0.0,0.0
Faltec Europe Ltd,219.0,6.0,154.88,2025-03-16 02:15:30+00:00,0.0,0.0,0.0,0.0
Faltec Europe Ltd,219.0,6.0,154.88,2025-03-16 02:30:30+00:00,0.0,0.0,0.0,0.0
Faltec Europe Ltd,219.0,6.0,154.88,2025-03-16 02:45:30+00:00,0.0,0.0,0.0,0.0
Faltec Europe Ltd,219.0,6.0,154.88,2025-03-16 03:00:30+00:00,0.0,0.0,0.0,0.0
Faltec Europe Ltd,219.0,6.0,154.88,2025-03-16 03:15:30+00:00,0.0,0.0,0.0,0.0
Faltec Europe Ltd,219.0,6.0,154.88,2025-03-16 03:30:30+00:00,0.0,0.0,0.0,0.0
Faltec Europe Ltd,219.0,6.0,154.88,2025-03-16 03:45:30+00:00,0.0,0.0,0.0,0.0
Faltec Europe Ltd,219.0,6.0,154.88,2025-03-16 04:00:30+00:00,0.0,0.0,0.0,0.0
Faltec Europe Ltd,219.0,6.0,154.88,2025-03-16 04:15:30+00:00,0.0,0.0,0.0,0.0
Faltec Europe Ltd,219.0,6.0,154.88,2025-03-16 04:30:30+00:00,0.0,0.0,0.0,0.0
Faltec Europe Ltd,219.0,6.0,154.88,2025-03-16 04:45:30+00:00,0.0,0.0,0.0,0.0
Faltec Europe Ltd,219.0,6.0,154.88,2025-03-16 05:00:30+00:00,0.0,0.0,0.0,0.0
Faltec Europe Ltd,219.0,6.0,154.88,2025-03-16 05:15:30+00:00,0.0,0.0,0.0,0.0
Faltec Europe Ltd,219.0,6.0,154.88,2025-03-16 05:30:30+00:00,0.0,0.0,0.0,0.0
Faltec Europe Ltd,219.0,6.0,154.88,2025-03-16 05:45:30+00:00,0.0,0.0,0.0,0.0
Faltec Europe Ltd,219.0,6.0,154.88,2025-03-16 06:00:30+00:00,0.0,0.0,0.0,0.0
Faltec Europe Ltd,219.0,6.0,154.88,2025-03-16 06:15:30+00:00,0.0,0.0,0.00025,0.0
Faltec Europe Ltd,219.0,6.0,154.88,2025-03-16 06:30:30+00:00,0.003,0.002,0.0045,0.003
Faltec Europe Ltd,219.0,6.0,154.88,2025-03-16 06:45:30+00:00,0.0065,0.00375,0.01,0.00775
Faltec Europe Ltd,219.0,6.0,154.88,2025-03-16 07:00:30+00:00,0.01175,0.00575,0.01625,0.01375
Faltec Europe Ltd,219.0,6.0,154.88,2025-03-16 07:15:30+00:00,0.0155,0.00775,0.0235,0.01675
Faltec Europe Ltd,219.0,6.0,154.88,2025-03-16 07:30:30+00:00,0.019,0.011,0.03,0.02
Faltec Europe Ltd,219.0,6.0,154.88,2025-03-16 07:45:30+00:00,0.026,0.01575,0.037,0.02725
Faltec Europe Ltd,219.0,6.0,154.88,2025-03-16 08:00:30+00:00,0.034,0.022,0.0455,0.0355
Faltec Europe Ltd,219.0,6.0,154.88,2025-03-16 08:15:30+00:00,0.04125,0.02575,0.055,0.04275
Faltec Europe Ltd,219.0,6.0,154.88,2025-03-16 08:30:30+00:00,0.04575,0.023,0.06325,0.04675
Faltec Europe Ltd,219.0,6.0,154.88,2025-03-16 08:45:30+00:00,0.04225,0.01725,0.068,0.04275
Faltec Europe Ltd,219.0,6.0,154.88,2025-03-16 09:00:30+00:00,0.0395,0.0095,0.06825,0.03975
Faltec Europe Ltd,219.0,6.0,154.88,2025-03-16 09:15:30+00:00,0.0345,0.01025,0.0725,0.03475
Faltec Europe Ltd,219.0,6.0,154.88,2025-03-16 09:30:30+00:00,0.05,0.01875,0.086,0.05
Faltec Europe Ltd,219.0,6.0,154.88,2025-03-16 09:45:30+00:00,0.073,0.035,0.09775,0.07175
Faltec Europe Ltd,219.0,6.0,154.88,2025-03-16 10:00:30+00:00,0.07575,0.04325,0.099,0.07425
Faltec Europe Ltd,219.0,6.0,154.88,2025-03-16 10:15:30+00:00,0.06375,0.0425,0.093,0.06275
Faltec Europe Ltd,219.0,6.0,154.88,2025-03-16 10:30:30+00:00,0.06425,0.03775,0.09675,0.06325
Faltec Europe Ltd,219.0,6.0,154.88,2025-03-16 10:45:30+00:00,0.07425,0.04375,0.11275,0.07225
Faltec Europe Ltd,219.0,6.0,154.88,2025-03-16 11:00:30+00:00,0.096,0.05675,0.1285,0.092
Faltec Europe Ltd,219.0,6.0,154.88,2025-03-16 11:15:30+00:00,0.1075,0.0675,0.13025,0.10175
Faltec Europe Ltd,219.0,6.0,154.88,2025-03-16 11:30:30+00:00,0.0905,0.07375,0.1255,0.08675
Faltec Europe Ltd,219.0,6.0,154.88,2025-03-16 11:45:30+00:00,0.1025,0.078,0.12125,0.097
Faltec Europe Ltd,219.0,6.0,154.88,2025-03-16 12:00:30+00:00,0.1055,0.0815,0.12225,0.0995
Faltec Europe Ltd,219.0,6.0,154.88,2025-03-16 12:15:30+00:00,0.09675,0.074,0.1215,0.0915
Faltec Europe Ltd,219.0,6.0,154.88,2025-03-16 12:30:30+00:00,0.09125,0.06175,0.12425,0.08625
Faltec Europe Ltd,219.0,6.0,154.88,2025-03-16 12:45:30+00:00,0.09075,0.0615,0.13875,0.0855
Faltec Europe Ltd,219.0,6.0,154.88,2025-03-16 13:00:30+00:00,0.1205,0.05675,0.14075,0.11025
Faltec Europe Ltd,219.0,6.0,154.88,2025-03-16 13:15:30+00:00,0.0795,0.0525,0.1325,0.0745
Faltec Europe Ltd,219.0,6.0,154.88,2025-03-16 13:30:30+00:00,0.08025,0.0485,0.127,0.075
Faltec Europe Ltd,219.0,6.0,154.88,2025-03-16 13:45:30+00:00,0.10475,0.0445,0.1325,0.096
Faltec Europe Ltd,219.0,6.0,154.88,2025-03-16 14:00:30+00:00,0.07675,0.0345,0.12825,0.07125
Faltec Europe Ltd,219.0,6.0,154.88,2025-03-16 14:15:30+00:00,0.062,0.0175,0.10425,0.059
Faltec Europe Ltd,219.0,6.0,154.88,2025-03-16 14:30:30+00:00,0.04375,0.01475,0.087,0.043
Faltec Europe Ltd,219.0,6.0,154.88,2025-03-16 14:45:30+00:00,0.0495,0.02125,0.083,0.0475
Faltec Europe Ltd,219.0,6.0,154.88,2025-03-16 15:00:30+00:00,0.06425,0.03075,0.08925,0.059
Faltec Europe Ltd,219.0,6.0,154.88,2025-03-16 15:15:30+00:00,0.064,0.0395,0.084,0.058
Faltec Europe Ltd,219.0,6.0,154.88,2025-03-16 15:30:30+00:00,0.05575,0.0395,0.07075,0.05125
Faltec Europe Ltd,219.0,6.0,154.88,2025-03-16 15:45:30+00:00,0.046,0.03525,0.05875,0.0425
Faltec Europe Ltd,219.0,6.0,154.88,2025-03-16 16:00:30+00:00,0.0395,0.02925,0.051,0.0365
Faltec Europe Ltd,219.0,6.0,154.88,2025-03-16 16:15:30+00:00,0.035,0.02475,0.04475,0.03225
Faltec Europe Ltd,219.0,6.0,154.88,2025-03-16 16:30:30+00:00,0.0295,0.02025,0.0385,0.027
Faltec Europe Ltd,219.0,6.0,154.88,2025-03-16 16:45:30+00:00,0.02325,0.01525,0.032,0.02125
Faltec Europe Ltd,219.0,6.0,154.88,2025-03-16 17:00:30+00:00,0.018,0.01075,0.0255,0.0165
Faltec Europe Ltd,219.0,6.0,154.88,2025-03-16 17:15:30+00:00,0.01275,0.007,0.0185,0.01175
Faltec Europe Ltd,219.0,6.0,154.88,2025-03-16 17:30:30+00:00,0.007,0.00375,0.011,0.00675
Faltec Europe Ltd,219.0,6.0,154.88,2025-03-16 17:45:30+00:00,0.0025,0.0015,0.00475,0.0025
Faltec Europe Ltd,219.0,6.0,154.88,2025-03-16 18:00:30+00:00,0.00075,0.0005,0.0015,0.00075
Faltec Europe Ltd,219.0,6.0,154.88,2025-03-16 18:15:30+00:00,0.0,0.0,0.0,0.0
Faltec Europe Ltd,219.0,6.0,154.88,2025-03-16 18:30:30+00:00,0.0,0.0,0.0,0.0
Faltec Europe Ltd,219.0,6.0,154.88,2025-03-16 18:45:30+00:00,0.0,0.0,0.0,0.0
Faltec Europe Ltd,219.0,6.0,154.88,2025-03-16 19:00:30+00:00,0.0,0.0,0.0,0.0
Faltec Europe Ltd,219.0,6.0,154.88,2025-03-16 19:15:30+00:00,0.0,0.0,0.0,0.0
Faltec Europe Ltd,219.0,6.0,154.88,2025-03-16 19:30:30+00:00,0.0,0.0,0.0,0.0
Faltec Europe Ltd,219.0,6.0,154.88,2025-03-16 19:45:30+00:00,0.0,0.0,0.0,0.0
Faltec Europe Ltd,219.0,6.0,154.88,2025-03-16 20:00:30+00:00,0.0,0.0,0.0,0.0
Faltec Europe Ltd,219.0,6.0,154.88,2025-03-16 20:15:30+00:00,0.0,0.0,0.0,0.0
Faltec Europe Ltd,219.0,6.0,154.88,2025-03-16 20:30:30+00:00,0.0,0.0,0.0,0.0
Faltec Europe Ltd,219.0,6.0,154.88,2025-03-16 20:45:30+00:00,0.0,0.0,0.0,0.0
Faltec Europe Ltd,219.0,6.0,154.88,2025-03-16 21:00:30+00:00,0.0,0.0,0.0,0.0
Faltec Europe Ltd,219.0,6.0,154.88,2025-03-16 21:15:30+00:00,0.0,0.0,0.0,0.0
Faltec Europe Ltd,219.0,6.0,154.88,2025-03-16 21:30:30+00:00,0.0,0.0,0.0,0.0
Faltec Europe Ltd,219.0,6.0,154.88,2025-03-16 21:45:30+00:00,0.0,0.0,0.0,0.0
Faltec Europe Ltd,219.0,6.0,154.88,2025-03-16 22:00:30+00:00,0.0,0.0,0.0,0.0
Faltec Europe Ltd,219.0,6.0,154.88,2025-03-16 22:15:30+00:00,0.0,0.0,0.0,0.0
Faltec Europe Ltd,219.0,6.0,154.88,2025-03-16 22:30:30+00:00,0.0,0.0,0.0,0.0
Faltec Europe Ltd,219.0,6.0,154.88,2025-03-16 22:45:30+00:00,0.0,0.0,0.0,0.0
Faltec Europe Ltd,219.0,6.0,154.88,2025-03-16 23:00:30+00:00,0.0,0.0,0.0,0.0
Faltec Europe Ltd,219.0,6.0,154.88,2025-03-16 23:15:30+00:00,0.0,0.0,0.0,0.0
Faltec Europe Ltd,219.0,6.0,154.88,2025-03-16 23:30:30+00:00,0.0,0.0,0.0,0.0
Faltec Europe Ltd,219.0,6.0,154.88,2025-03-16 23:45:30+00:00,0.0,0.0,0.0,0.0
Faltec Europe Ltd,219.0,6.0,154.88,2025-03-17 00:00:30+00:00,0.0,0.0,0.0,0.0
Faltec Europe Ltd,219.0,6.0,154.88,2025-03-17 00:15:30+00:00,0.0,0.0,0.0,0.0
Faltec Europe Ltd,219.0,6.0,154.88,2025-03-17 00:30:30+00:00,0.0,0.0,0.0,0.0
Faltec Europe Ltd,219.0,6.0,154.88,2025-03-17 00:45:30+00:00,0.0,0.0,0.0,0.0
Faltec Europe Ltd,219.0,6.0,154.88,2025-03-17 01:00:30+00:00,0.0,0.0,0.0,0.0
Faltec Europe Ltd,219.0,6.0,154.88,2025-03-17 01:15:30+00:00,0.0,0.0,0.0,0.0
Faltec Europe Ltd,219.0,6.0,154.88,2025-03-17 01:30:30+00:00,0.0,0.0,0.0,0.0
Faltec Europe Ltd,219.0,6.0,154.88,2025-03-17 01:45:30+00:00,0.0,0.0,0.0,0.0
Faltec Europe Ltd,219.0,6.0,154.88,2025-03-17 02:00:30+00:00,0.0,0.0,0.0,0.0
Faltec Europe Ltd,219.0,6.0,154.88,2025-03-17 02:15:30+00:00,0.0,0.0,0.0,0.0
Faltec Europe Ltd,219.0,6.0,154.88,2025-03-17 02:30:30+00:00,0.0,0.0,0.0,0.0
Faltec Europe Ltd,219.0,6.0,154.88,2025-03-17 02:45:30+00:00,0.0,0.0,0.0,0.0
Faltec Europe Ltd,219.0,6.0,154.88,2025-03-17 03:00:30+00:00,0.0,0.0,0.0,0.0
Faltec Europe Ltd,219.0,6.0,154.88,2025-03-17 03:15:30+00:00,0.0,0.0,0.0,0.0
Faltec Europe Ltd,219.0,6.0,154.88,2025-03-17 03:30:30+00:00,0.0,0.0,0.0,0.0
Faltec Europe Ltd,219.0,6.0,154.88,2025-03-17 03:45:30+00:00,0.0,0.0,0.0,0.0
Faltec Europe Ltd,219.0,6.0,154.88,2025-03-17 04:00:30+00:00,0.0,0.0,0.0,0.0
Faltec Europe Ltd,219.0,6.0,154.88,2025-03-17 04:15:30+00:00,0.0,0.0,0.0,0.0
Faltec Europe Ltd,219.0,6.0,154.88,2025-03-17 04:30:30+00:00,0.0,0.0,0.0,0.0
Faltec Europe Ltd,219.0,6.0,154.88,2025-03-17 04:45:30+00:00,0.0,0.0,0.0,0.0
Faltec Europe Ltd,219.0,6.0,154.88,2025-03-17 05:00:30+00:00,0.0,0.0,0.0,0.0
Faltec Europe Ltd,219.0,6.0,154.88,2025-03-17 05:15:30+00:00,0.0,0.0,0.0,0.0
Faltec Europe Ltd,219.0,6.0,154.88,2025-03-17 05:30:30+00:00,0.0,0.0,0.0,0.0
Faltec Europe Ltd,219.0,6.0,154.88,2025-03-17 05:45:30+00:00,0.0,0.0,0.0,0.0
Faltec Europe Ltd,219.0,6.0,154.88,2025-03-17 06:00:30+00:00,0.0,0.0,0.0,0.0
Faltec Europe Ltd,219.0,6.0,154.88,2025-03-17 06:15:30+00:00,0.00025,0.00025,0.0005,0.00025
Faltec Europe Ltd,219.0,6.0,154.88,2025-03-17 06:30:30+00:00,0.00275,0.00125,0.0055,0.003
Faltec Europe Ltd,219.0,6.0,154.88,2025-03-17 06:45:30+00:00,0.00675,0.00375,0.01125,0.007
Faltec Europe Ltd,219.0,6.0,154.88,2025-03-17 07:00:30+00:00,0.01225,0.0065,0.0175,0.014
Faltec Europe Ltd,219.0,6.0,154.88,2025-03-17 07:15:30+00:00,0.01775,0.00875,0.0245,0.01975
Faltec Europe Ltd,219.0,6.0,154.88,2025-03-17 07:30:30+00:00,0.0205,0.01,0.03175,0.0215
Faltec Europe Ltd,219.0,6.0,154.88,2025-03-17 07:45:30+00:00,0.02375,0.012,0.0355,0.0245
Faltec Europe Ltd,219.0,6.0,154.88,2025-03-17 08:00:30+00:00,0.02675,0.0155,0.0385,0.0275
Faltec Europe Ltd,219.0,6.0,154.88,2025-03-17 08:15:30+00:00,0.03025,0.02075,0.04125,0.03075
Faltec Europe Ltd,219.0,6.0,154.88,2025-03-17 08:30:30+00:00,0.03575,0.023,0.0475,0.03625
Faltec Europe Ltd,219.0,6.0,154.88,2025-03-17 08:45:30+00:00,0.0395,0.02175,0.05425,0.04
Faltec Europe Ltd,219.0,6.0,154.88,2025-03-17 09:00:30+00:00,0.03875,0.0165,0.05775,0.039
Faltec Europe Ltd,219.0,6.0,154.88,2025-03-17 09:15:30+00:00,0.03275,0.0115,0.05625,0.033
Faltec Europe Ltd,219.0,6.0,154.88,2025-03-17 09:30:30+00:00,0.03025,0.0135,0.059,0.0305
Faltec Europe Ltd,219.0,6.0,154.88,2025-03-17 09:45:30+00:00,0.046,0.02025,0.067,0.046
Faltec Europe Ltd,219.0,6.0,154.88,2025-03-17 10:00:30+00:00,0.05425,0.032,0.07175,0.054
Faltec Europe Ltd,219.0,6.0,154.88,2025-03-17 10:15:30+00:00,0.05475,0.04025,0.071,0.0545
Faltec Europe Ltd,219.0,6.0,154.88,2025-03-17 10:30:30+00:00,0.058,0.04625,0.06875,0.05775
Faltec Europe Ltd,219.0,6.0,154.88,2025-03-17 10:45:30+00:00,0.05925,0.0415,0.07825,0.059
Faltec Europe Ltd,219.0,6.0,154.88,2025-03-17 11:00:30+00:00,0.06175,0.0305,0.09525,0.0615
Faltec Europe Ltd,219.0,6.0,154.88,2025-03-17 11:15:30+00:00,0.068,0.0245,0.12575,0.0665
Faltec Europe Ltd,219.0,6.0,154.88,2025-03-17 11:30:30+00:00,0.0965,0.032,0.15725,0.09225
Faltec Europe Ltd,219.0,6.0,154.88,2025-03-17 11:45:30+00:00,0.119,0.0575,0.16725,0.1115
Faltec Europe Ltd,219.0,6.0,154.88,2025-03-17 12:00:30+00:00,0.13725,0.07025,0.1715,0.126
Faltec Europe Ltd,219.0,6.0,154.88,2025-03-17 12:15:30+00:00,0.14075,0.06175,0.17225,0.12875
Faltec Europe Ltd,219.0,6.0,154.88,2025-03-17 12:30:30+00:00,0.0985,0.02775,0.167,0.0925
Faltec Europe Ltd,219.0,6.0,154.88,2025-03-17 12:45:30+00:00,0.06525,0.013,0.13425,0.063
Faltec Europe Ltd,219.0,6.0,154.88,2025-03-17 13:00:30+00:00,0.04225,0.01125,0.0995,0.042
Faltec Europe Ltd,219.0,6.0,154.88,2025-03-17 13:15:30+00:00,0.04325,0.011,0.083,0.04275
Faltec Europe Ltd,219.0,6.0,154.88,2025-03-17 13:30:30+00:00,0.04425,0.01075,0.08825,0.044
Faltec Europe Ltd,219.0,6.0,154.88,2025-03-17 13:45:30+00:00,0.05725,0.01125,0.1115,0.05525
Faltec Europe Ltd,219.0,6.0,154.88,2025-03-17 14:00:30+00:00,0.073,0.0145,0.13425,0.069
Faltec Europe Ltd,219.0,6.0,154.88,2025-03-17 14:15:30+00:00,0.092,0.03125,0.14175,0.084
Faltec Europe Ltd,219.0,6.0,154.88,2025-03-17 14:30:30+00:00,0.10375,0.05325,0.1385,0.09175
Faltec Europe Ltd,219.0,6.0,154.88,2025-03-17 14:45:30+00:00,0.107,0.073,0.1335,0.09225
Faltec Europe Ltd,219.0,6.0,154.88,2025-03-17 15:00:30+00:00,0.106,0.08475,0.12475,0.09
Faltec Europe Ltd,219.0,6.0,154.88,2025-03-17 15:15:30+00:00,0.1005,0.086,0.1125,0.0845
Faltec Europe Ltd,219.0,6.0,154.88,2025-03-17 15:30:30+00:00,0.09,0.07825,0.101,0.075
Faltec Europe Ltd,219.0,6.0,154.88,2025-03-17 15:45:30+00:00,0.078,0.06775,0.0905,0.06475
Faltec Europe Ltd,219.0,6.0,154.88,2025-03-17 16:00:30+00:00,0.07,0.0585,0.08175,0.05725
Faltec Europe Ltd,219.0,6.0,154.88,2025-03-17 16:15:30+00:00,0.0625,0.051,0.07425,0.0505
Faltec Europe Ltd,219.0,6.0,154.88,2025-03-17 16:30:30+00:00,0.055,0.043,0.06525,0.0435
Faltec Europe Ltd,219.0,6.0,154.88,2025-03-17 16:45:30+00:00,0.0455,0.035,0.05375,0.03525
Faltec Europe Ltd,219.0,6.0,154.88,2025-03-17 17:00:30+00:00,0.0365,0.027,0.04225,0.0275
Faltec Europe Ltd,219.0,6.0,154.88,2025-03-17 17:15:30+00:00,0.02675,0.01925,0.03075,0.0195
Faltec Europe Ltd,219.0,6.0,154.88,2025-03-17 17:30:30+00:00,0.01675,0.01175,0.01925,0.0115
Faltec Europe Ltd,219.0,6.0,154.88,2025-03-17 17:45:30+00:00,0.00575,0.005,0.00675,0.00475
Faltec Europe Ltd,219.0,6.0,154.88,2025-03-17 18:00:30+00:00,0.00175,0.00125,0.002,0.00175
Faltec Europe Ltd,219.0,6.0,154.88,2025-03-17 18:15:30+00:00,0.0,0.0,0.0,0.0
Faltec Europe Ltd,219.0,6.0,154.88,2025-03-17 18:30:30+00:00,0.0,0.0,0.0,0.0
Faltec Europe Ltd,219.0,6.0,154.88,2025-03-17 18:45:30+00:00,0.0,0.0,0.0,0.0
Faltec Europe Ltd,219.0,6.0,154.88,2025-03-17 19:00:30+00:00,0.0,0.0,0.0,0.0
Faltec Europe Ltd,219.0,6.0,154.88,2025-03-17 19:15:30+00:00,0.0,0.0,0.0,0.0
Faltec Europe Ltd,219.0,6.0,154.88,2025-03-17 19:30:30+00:00,0.0,0.0,0.0,0.0
Faltec Europe Ltd,219.0,6.0,154.88,2025-03-17 19:45:30+00:00,0.0,0.0,0.0,0.0
Faltec Europe Ltd,219.0,6.0,154.88,2025-03-17 20:00:30+00:00,0.0,0.0,0.0,0.0
Faltec Europe Ltd,219.0,6.0,154.88,2025-03-17 20:15:30+00:00,0.0,0.0,0.0,0.0
Faltec Europe Ltd,219.0,6.0,154.88,2025-03-17 20:30:30+00:00,0.0,0.0,0.0,0.0
Faltec Europe Ltd,219.0,6.0,154.88,2025-03-17 20:45:30+00:00,0.0,0.0,0.0,0.0
Faltec Europe Ltd,219.0,6.0,154.88,2025-03-17 21:00:30+00:00,0.0,0.0,0.0,0.0
Faltec Europe Ltd,219.0,6.0,154.88,2025-03-17 21:15:30+00:00,0.0,0.0,0.0,0.0
Faltec Europe Ltd,219.0,6.0,154.88,2025-03-17 21:30:30+00:00,0.0,0.0,0.0,0.0
Faltec Europe Ltd,219.0,6.0,154.88,2025-03-17 21:45:30+00:00,0.0,0.0,0.0,0.0
Faltec Europe Ltd,219.0,6.0,154.88,2025-03-17 22:00:30+00:00,0.0,0.0,0.0,0.0
Faltec Europe Ltd,219.0,6.0,154.88,2025-03-17 22:15:30+00:00,0.0,0.0,0.0,0.0
Faltec Europe Ltd,219.0,6.0,154.88,2025-03-17 22:30:30+00:00,0.0,0.0,0.0,0.0
Faltec Europe Ltd,219.0,6.0,154.88,2025-03-17 22:45:30+00:00,0.0,0.0,0.0,0.0
Faltec Europe Ltd,219.0,6.0,154.88,2025-03-17 23:00:30+00:00,0.0,0.0,0.0,0.0
Faltec Europe Ltd,219.0,6.0,154.88,2025-03-17 23:15:30+00:00,0.0,0.0,0.0,0.0
Faltec Europe Ltd,219.0,6.0,154.88,2025-03-17 23:30:30+00:00,0.0,0.0,0.0,0.0
Faltec Europe Ltd,219.0,6.0,154.88,2025-03-17 23:45:30+00:00,0.0,0.0,0.0,0.0
Faltec Europe Ltd,219.0,6.0,154.88,2025-03-18 00:00:30+00:00,0.0,0.0,0.0,0.0
Faltec Europe Ltd,219.0,6.0,154.88,2025-03-18 00:15:30+00:00,0.0,0.0,0.0,0.0
Faltec Europe Ltd,219.0,6.0,154.88,2025-03-18 00:30:30+00:00,0.0,0.0,0.0,0.0
Faltec Europe Ltd,219.0,6.0,154.88,2025-03-18 00:45:30+00:00,0.0,0.0,0.0,0.0
Faltec Europe Ltd,219.0,6.0,154.88,2025-03-18 01:00:30+00:00,0.0,0.0,0.0,0.0
Faltec Europe Ltd,219.0,6.0,154.88,2025-03-18 01:15:30+00:00,0.0,0.0,0.0,0.0
Faltec Europe Ltd,219.0,6.0,154.88,2025-03-18 01:30:30+00:00,0.0,0.0,0.0,0.0
Faltec Europe Ltd,219.0,6.0,154.88,2025-03-18 01:45:30+00:00,0.0,0.0,0.0,0.0
Faltec Europe Ltd,219.0,6.0,154.88,2025-03-18 02:00:30+00:00,0.0,0.0,0.0,0.0
Faltec Europe Ltd,219.0,6.0,154.88,2025-03-18 02:15:30+00:00,0.0,0.0,0.0,0.0
Faltec Europe Ltd,219.0,6.0,154.88,2025-03-18 02:30:30+00:00,0.0,0.0,0.0,0.0
Faltec Europe Ltd,219.0,6.0,154.88,2025-03-18 02:45:30+00:00,0.0,0.0,0.0,0.0
Faltec Europe Ltd,219.0,6.0,154.88,2025-03-18 03:00:30+00:00,0.0,0.0,0.0,0.0
Faltec Europe Ltd,219.0,6.0,154.88,2025-03-18 03:15:30+00:00,0.0,0.0,0.0,0.0
Faltec Europe Ltd,219.0,6.0,154.88,2025-03-18 03:30:30+00:00,0.0,0.0,0.0,0.0
Faltec Europe Ltd,219.0,6.0,154.88,2025-03-18 03:45:30+00:00,0.0,0.0,0.0,0.0
Faltec Europe Ltd,219.0,6.0,154.88,2025-03-18 04:00:30+00:00,0.0,0.0,0.0,0.0
Faltec Europe Ltd,219.0,6.0,154.88,2025-03-18 04:15:30+00:00,0.0,0.0,0.0,0.0
Faltec Europe Ltd,219.0,6.0,154.88,2025-03-18 04:30:30+00:00,0.0,0.0,0.0,0.0
Faltec Europe Ltd,219.0,6.0,154.88,2025-03-18 04:45:30+00:00,0.0,0.0,0.0,0.0
Faltec Europe Ltd,219.0,6.0,154.88,2025-03-18 05:00:30+00:00,0.0,0.0,0.0,0.0
Faltec Europe Ltd,219.0,6.0,154.88,2025-03-18 05:15:30+00:00,0.0,0.0,0.0,0.0
Faltec Europe Ltd,219.0,6.0,154.88,2025-03-18 05:30:30+00:00,0.0,0.0,0.0,0.0
Faltec Europe Ltd,219.0,6.0,154.88,2025-03-18 05:45:30+00:00,0.0,0.0,0.0,0.0
Faltec Europe Ltd,219.0,6.0,154.88,2025-03-18 06:00:30+00:00,0.0,0.0,0.0,0.0
Faltec Europe Ltd,219.0,6.0,154.88,2025-03-18 06:15:30+00:00,0.00125,0.00075,0.00125,0.00125
Faltec Europe Ltd,219.0,6.0,154.88,2025-03-18 06:30:30+00:00,0.00375,0.003,0.0045,0.00625
Faltec Europe Ltd,219.0,6.0,154.88,2025-03-18 06:45:30+00:00,0.009,0.0065,0.01025,0.01375
Faltec Europe Ltd,219.0,6.0,154.88,2025-03-18 07:00:30+00:00,0.01675,0.01225,0.019,0.02225
Faltec Europe Ltd,219.0,6.0,154.88,2025-03-18 07:15:30+00:00,0.025,0.01925,0.02875,0.03075
Faltec Europe Ltd,219.0,6.0,154.88,2025-03-18 07:30:30+00:00,0.034,0.02725,0.03875,0.03975
Faltec Europe Ltd,219.0,6.0,154.88,2025-03-18 07:45:30+00:00,0.04375,0.036,0.0495,0.049
Faltec Europe Ltd,219.0,6.0,154.88,2025-03-18 08:00:30+00:00,0.05375,0.0455,0.0605,0.05825
Faltec Europe Ltd,219.0,6.0,154.88,2025-03-18 08:15:30+00:00,0.06325,0.0555,0.07125,0.067
Faltec Europe Ltd,219.0,6.0,154.88,2025-03-18 08:30:30+00:00,0.073,0.06575,0.08025,0.07575
Faltec Europe Ltd,219.0,6.0,154.88,2025-03-18 08:45:30+00:00,0.08275,0.076,0.08875,0.08425
Faltec Europe Ltd,219.0,6.0,154.88,2025-03-18 09:00:30+00:00,0.0915,0.086,0.097,0.09175
Faltec Europe Ltd,219.0,6.0,154.88,2025-03-18 09:15:30+00:00,0.10025,0.095,0.10525,0.09925
Faltec Europe Ltd,219.0,6.0,154.88,2025-03-18 09:30:30+00:00,0.1085,0.10275,0.11375,0.10625
Faltec Europe Ltd,219.0,6.0,154.88,2025-03-18 09:45:30+00:00,0.116,0.11,0.123,0.1125
Faltec Europe Ltd,219.0,6.0,154.88,2025-03-18 10:00:30+00:00,0.125,0.117,0.13175,0.12
Faltec Europe Ltd,219.0,6.0,154.88,2025-03-18 10:15:30+00:00,0.13225,0.1245,0.14025,0.12575
Faltec Europe Ltd,219.0,6.0,154.88,2025-03-18 10:30:30+00:00,0.14,0.129,0.1495,0.132
Faltec Europe Ltd,219.0,6.0,154.88,2025-03-18 10:45:30+00:00,0.14525,0.1305,0.15825,0.13625
Faltec Europe Ltd,219.0,6.0,154.88,2025-03-18 11:00:30+00:00,0.1475,0.12775,0.16375,0.13725
Faltec Europe Ltd,219.0,6.0,154.88,2025-03-18 11:15:30+00:00,0.14425,0.126,0.16375,0.1335
Faltec Europe Ltd,219.0,6.0,154.88,2025-03-18 11:30:30+00:00,0.14275,0.127,0.16475,0.13125
Faltec Europe Ltd,219.0,6.0,154.88,2025-03-18 11:45:30+00:00,0.15075,0.13125,0.17,0.13775
Faltec Europe Ltd,219.0,6.0,154.88,2025-03-18 12:00:30+00:00,0.15825,0.138,0.17625,0.1435
Faltec Europe Ltd,219.0,6.0,154.88,2025-03-18 12:15:30+00:00,0.16225,0.14525,0.178,0.146
Faltec Europe Ltd,219.0,6.0,154.88,2025-03-18 12:30:30+00:00,0.16425,0.15175,0.1755,0.147
Faltec Europe Ltd,219.0,6.0,154.88,2025-03-18 12:45:30+00:00,0.164,0.15525,0.17225,0.14575
Faltec Europe Ltd,219.0,6.0,154.88,2025-03-18 13:00:30+00:00,0.16275,0.1555,0.16925,0.14375
Faltec Europe Ltd,219.0,6.0,154.88,2025-03-18 13:15:30+00:00,0.16,0.15375,0.16625,0.1405
Faltec Europe Ltd,219.0,6.0,154.88,2025-03-18 13:30:30+00:00,0.157,0.15075,0.16275,0.13675
Faltec Europe Ltd,219.0,6.0,154.88,2025-03-18 13:45:30+00:00,0.153,0.147,0.15875,0.1325
Faltec Europe Ltd,219.0,6.0,154.88,2025-03-18 14:00:30+00:00,0.1485,0.1425,0.154,0.12775
Faltec Europe Ltd,219.0,6.0,154.88,2025-03-18 14:15:30+00:00,0.143,0.13725,0.14825,0.122
Faltec Europe Ltd,219.0,6.0,154.88,2025-03-18 14:30:30+00:00,0.137,0.13125,0.142,0.116
Faltec Europe Ltd,219.0,6.0,154.88,2025-03-18 14:45:30+00:00,0.13,0.1245,0.135,0.10925
Faltec Europe Ltd,219.0,6.0,154.88,2025-03-18 15:00:30+00:00,0.12225,0.11625,0.128,0.10175
Faltec Europe Ltd,219.0,6.0,154.88,2025-03-18 15:15:30+00:00,0.11375,0.10675,0.12075,0.09375
Faltec Europe Ltd,219.0,6.0,154.88,2025-03-18 15:30:30+00:00,0.10475,0.09625,0.11325,0.0855
Faltec Europe Ltd,219.0,6.0,154.88,2025-03-18 15:45:30+00:00,0.09525,0.0855,0.105,0.07675
Faltec Europe Ltd,219.0,6.0,154.88,2025-03-18 16:00:30+00:00,0.08525,0.0745,0.09475,0.06775
Faltec Europe Ltd,219.0,6.0,154.88,2025-03-18 16:15:30+00:00,0.07475,0.0635,0.0835,0.0585
Faltec Europe Ltd,219.0,6.0,154.88,2025-03-18 16:30:30+00:00,0.06425,0.053,0.072,0.04925
Faltec Europe Ltd,219.0,6.0,154.88,2025-03-18 16:45:30+00:00,0.05375,0.04275,0.06025,0.04025
Faltec Europe Ltd,219.0,6.0,154.88,2025-03-18 17:00:30+00:00,0.0425,0.0325,0.048,0.031
Faltec Europe Ltd,219.0,6.0,154.88,2025-03-18 17:15:30+00:00,0.03125,0.023,0.03575,0.022
Faltec Europe Ltd,219.0,6.0,154.88,2025-03-18 17:30:30+00:00,0.0205,0.0145,0.02375,0.0135
Faltec Europe Ltd,219.0,6.0,154.88,2025-03-18 17:45:30+00:00,0.0075,0.00625,0.009,0.006
Faltec Europe Ltd,219.0,6.0,154.88,2025-03-18 18:00:30+00:00,0.0025,0.00175,0.00275,0.0025
Faltec Europe Ltd,219.0,6.0,154.88,2025-03-18 18:15:30+00:00,0.0,0.0,0.0,0.0
Faltec Europe Ltd,219.0,6.0,154.88,2025-03-18 18:30:30+00:00,0.0,0.0,0.0,0.0
Faltec Europe Ltd,219.0,6.0,154.88,2025-03-18 18:45:30+00:00,0.0,0.0,0.0,0.0
Faltec Europe Ltd,219.0,6.0,154.88,2025-03-18 19:00:30+00:00,0.0,0.0,0.0,0.0
Faltec Europe Ltd,219.0,6.0,154.88,2025-03-18 19:15:30+00:00,0.0,0.0,0.0,0.0
Faltec Europe Ltd,219.0,6.0,154.88,2025-03-18 19:30:30+00:00,0.0,0.0,0.0,0.0
Faltec Europe Ltd,219.0,6.0,154.88,2025-03-18 19:45:30+00:00,0.0,0.0,0.0,0.0
Faltec Europe Ltd,219.0,6.0,154.88,2025-03-18 20:00:30+00:00,0.0,0.0,0.0,0.0
Faltec Europe Ltd,219.0,6.0,154.88,2025-03-18 20:15:30+00:00,0.0,0.0,0.0,0.0
Faltec Europe Ltd,219.0,6.0,154.88,2025-03-18 20:30:30+00:00,0.0,0.0,0.0,0.0
Faltec Europe Ltd,219.0,6.0,154.88,2025-03-18 20:45:30+00:00,0.0,0.0,0.0,0.0
Faltec Europe Ltd,219.0,6.0,154.88,2025-03-18 21:00:30+00:00,0.0,0.0,0.0,0.0
Faltec Europe Ltd,219.0,6.0,154.88,2025-03-18 21:15:30+00:00,0.0,0.0,0.0,0.0
Faltec Europe Ltd,219.0,6.0,154.88,2025-03-18 21:30:30+00:00,0.0,0.0,0.0,0.0
Faltec Europe Ltd,219.0,6.0,154.88,2025-03-18 21:45:30+00:00,0.0,0.0,0.0,0.0
Faltec Europe Ltd,219.0,6.0,154.88,2025-03-18 22:00:30+00:00,0.0,0.0,0.0,0.0
Faltec Europe Ltd,219.0,6.0,154.88,2025-03-18 22:15:30+00:00,0.0,0.0,0.0,0.0
Faltec Europe Ltd,219.0,6.0,154.88,2025-03-18 22:30:30+00:00,0.0,0.0,0.0,0.0
Faltec Europe Ltd,219.0,6.0,154.88,2025-03-18 22:45:30+00:00,0.0,0.0,0.0,0.0
Faltec Europe Ltd,219.0,6.0,154.88,2025-03-18 23:00:30+00:00,0.0,0.0,0.0,0.0
Faltec Europe Ltd,219.0,6.0,154.88,2025-03-18 23:15:30+00:00,0.0,0.0,0.0,0.0
Faltec Europe Ltd,219.0,6.0,154.88,2025-03-18 23:30:30+00:00,0.0,0.0,0.0,0.0
Faltec Europe Ltd,219.0,6.0,154.88,2025-03-18 23:45:30+00:00,0.0,0.0,0.0,0.0
Faltec Europe Ltd,219.0,6.0,154.88,2025-03-19 00:00:30+00:00,0.0,0.0,0.0,0.0
Faltec Europe Ltd,219.0,6.0,154.88,2025-03-19 00:15:30+00:00,0.0,0.0,0.0,0.0
Faltec Europe Ltd,219.0,6.0,154.88,2025-03-19 00:30:30+00:00,0.0,0.0,0.0,0.0
Faltec Europe Ltd,219.0,6.0,154.88,2025-03-19 00:45:30+00:00,0.0,0.0,0.0,0.0
Faltec Europe Ltd,219.0,6.0,154.88,2025-03-19 01:00:30+00:00,0.0,0.0,0.0,0.0
Faltec Europe Ltd,219.0,6.0,154.88,2025-03-19 01:15:30+00:00,0.0,0.0,0.0,0.0
Faltec Europe Ltd,219.0,6.0,154.88,2025-03-19 01:30:30+00:00,0.0,0.0,0.0,0.0
Faltec Europe Ltd,219.0,6.0,154.88,2025-03-19 01:45:30+00:00,0.0,0.0,0.0,0.0
Faltec Europe Ltd,219.0,6.0,154.88,2025-03-19 02:00:30+00:00,0.0,0.0,0.0,0.0
Faltec Europe Ltd,219.0,6.0,154.88,2025-03-19 02:15:30+00:00,0.0,0.0,0.0,0.0
Faltec Europe Ltd,219.0,6.0,154.88,2025-03-19 02:30:30+00:00,0.0,0.0,0.0,0.0
Faltec Europe Ltd,219.0,6.0,154.88,2025-03-19 02:45:30+00:00,0.0,0.0,0.0,0.0
Faltec Europe Ltd,219.0,6.0,154.88,2025-03-19 03:00:30+00:00,0.0,0.0,0.0,0.0
Faltec Europe Ltd,219.0,6.0,154.88,2025-03-19 03:15:30+00:00,0.0,0.0,0.0,0.0
Faltec Europe Ltd,219.0,6.0,154.88,2025-03-19 03:30:30+00:00,0.0,0.0,0.0,0.0
Faltec Europe Ltd,219.0,6.0,154.88,2025-03-19 03:45:30+00:00,0.0,0.0,0.0,0.0
Faltec Europe Ltd,219.0,6.0,154.88,2025-03-19 04:00:30+00:00,0.0,0.0,0.0,0.0
Faltec Europe Ltd,219.0,6.0,154.88,2025-03-19 04:15:30+00:00,0.0,0.0,0.0,0.0
Faltec Europe Ltd,219.0,6.0,154.88,2025-03-19 04:30:30+00:00,0.0,0.0,0.0,0.0
Faltec Europe Ltd,219.0,6.0,154.88,2025-03-19 04:45:30+00:00,0.0,0.0,0.0,0.0
Faltec Europe Ltd,219.0,6.0,154.88,2025-03-19 05:00:30+00:00,0.0,0.0,0.0,0.0
Faltec Europe Ltd,219.0,6.0,154.88,2025-03-19 05:15:30+00:00,0.0,0.0,0.0,0.0
Faltec Europe Ltd,219.0,6.0,154.88,2025-03-19 05:30:30+00:00,0.0,0.0,0.0,0.0
Faltec Europe Ltd,219.0,6.0,154.88,2025-03-19 05:45:30+00:00,0.0,0.0,0.0,0.0
Faltec Europe Ltd,219.0,6.0,154.88,2025-03-19 06:00:30+00:00,0.0,0.0,0.0,0.0
Faltec Europe Ltd,219.0,6.0,154.88,2025-03-19 06:15:30+00:00,0.002,0.00175,0.00225,0.002
Faltec Europe Ltd,219.0,6.0,154.88,2025-03-19 06:30:30+00:00,0.00425,0.00325,0.00525,0.00675
Faltec Europe Ltd,219.0,6.0,154.88,2025-03-19 06:45:30+00:00,0.01,0.007,0.01175,0.014
Faltec Europe Ltd,219.0,6.0,154.88,2025-03-19 07:00:30+00:00,0.01725,0.01275,0.02025,0.022
Faltec Europe Ltd,219.0,6.0,154.88,2025-03-19 07:15:30+00:00,0.02575,0.01975,0.02975,0.03075
Faltec Europe Ltd,219.0,6.0,154.88,2025-03-19 07:30:30+00:00,0.03475,0.0275,0.0395,0.03975
Faltec Europe Ltd,219.0,6.0,154.88,2025-03-19 07:45:30+00:00,0.044,0.03625,0.05,0.04875
Faltec Europe Ltd,219.0,6.0,154.88,2025-03-19 08:00:30+00:00,0.05375,0.04575,0.0605,0.058
Faltec Europe Ltd,219.0,6.0,154.88,2025-03-19 08:15:30+00:00,0.0635,0.05525,0.07125,0.06675
Faltec Europe Ltd,219.0,6.0,154.88,2025-03-19 08:30:30+00:00,0.07275,0.06425,0.08,0.07525
Faltec Europe Ltd,219.0,6.0,154.88,2025-03-19 08:45:30+00:00,0.08,0.0735,0.0895,0.0815
Faltec Europe Ltd,219.0,6.0,154.88,2025-03-19 09:00:30+00:00,0.0915,0.08275,0.0995,0.09175
Faltec Europe Ltd,219.0,6.0,154.88,2025-03-19 09:15:30+00:00,0.1015,0.08925,0.10925,0.1005
Faltec Europe Ltd,219.0,6.0,154.88,2025-03-19 09:30:30+00:00,0.1045,0.094,0.11775,0.1025
Faltec Europe Ltd,219.0,6.0,154.88,2025-03-19 09:45:30+00:00,0.11175,0.0965,0.12375,0.10875
Faltec Europe Ltd,219.0,6.0,154.88,2025-03-19 10:00:30+00:00,0.11425,0.10325,0.1315,0.11025
Faltec Europe Ltd,219.0,6.0,154.88,2025-03-19 10:15:30+00:00,0.12575,0.10475,0.13625,0.1205
Faltec Europe Ltd,219.0,6.0,154.88,2025-03-19 10:30:30+00:00,0.121,0.1075,0.14375,0.11525
Faltec Europe Ltd,219.0,6.0,154.88,2025-03-19 10:45:30+00:00,0.1305,0.11125,0.15325,0.1235
Faltec Europe Ltd,219.0,6.0,154.88,2025-03-19 11:00:30+00:00,0.146,0.12175,0.164,0.1365
Faltec Europe Ltd,219.0,6.0,154.88,2025-03-19 11:15:30+00:00,0.152,0.1345,0.16875,0.14075
Faltec Europe Ltd,219.0,6.0,154.88,2025-03-19 11:30:30+00:00,0.15675,0.144,0.16875,0.14425
Faltec Europe Ltd,219.0,6.0,154.88,2025-03-19 11:45:30+00:00,0.16,0.15025,0.16725,0.146
Faltec Europe Ltd,219.0,6.0,154.88,2025-03-19 12:00:30+00:00,0.15925,0.15175,0.168,0.14475
Faltec Europe Ltd,219.0,6.0,154.88,2025-03-19 12:15:30+00:00,0.16025,0.152,0.16825,0.1445
Faltec Europe Ltd,219.0,6.0,154.88,2025-03-19 12:30:30+00:00,0.16075,0.15275,0.1685,0.144
Faltec Europe Ltd,219.0,6.0,154.88,2025-03-19 12:45:30+00:00,0.161,0.153,0.16825,0.1435
Faltec Europe Ltd,219.0,6.0,154.88,2025-03-19 13:00:30+00:00,0.16,0.1525,0.1665,0.14175
Faltec Europe Ltd,219.0,6.0,154.88,2025-03-19 13:15:30+00:00,0.1575,0.1505,0.16375,0.13875
Faltec Europe Ltd,219.0,6.0,154.88,2025-03-19 13:30:30+00:00,0.154,0.14775,0.16,0.13475
Faltec Europe Ltd,219.0,6.0,154.88,2025-03-19 13:45:30+00:00,0.15,0.14375,0.15575,0.1305
Faltec Europe Ltd,219.0,6.0,154.88,2025-03-19 14:00:30+00:00,0.145,0.13925,0.1505,0.1255
Faltec Europe Ltd,219.0,6.0,154.88,2025-03-19 14:15:30+00:00,0.13975,0.134,0.14475,0.12
Faltec Europe Ltd,219.0,6.0,154.88,2025-03-19 14:30:30+00:00,0.1335,0.128,0.1385,0.11375
Faltec Europe Ltd,219.0,6.0,154.88,2025-03-19 14:45:30+00:00,0.1265,0.12125,0.1315,0.107
Faltec Europe Ltd,219.0,6.0,154.88,2025-03-19 15:00:30+00:00,0.11875,0.113,0.1245,0.09975
Faltec Europe Ltd,219.0,6.0,154.88,2025-03-19 15:15:30+00:00,0.11075,0.104,0.117,0.092
Faltec Europe Ltd,219.0,6.0,154.88,2025-03-19 15:30:30+00:00,0.10175,0.09375,0.10975,0.084
Faltec Europe Ltd,219.0,6.0,154.88,2025-03-19 15:45:30+00:00,0.09225,0.083,0.10175,0.07525
Faltec Europe Ltd,219.0,6.0,154.88,2025-03-19 16:00:30+00:00,0.0825,0.072,0.0925,0.0665
Faltec Europe Ltd,219.0,6.0,154.88,2025-03-19 16:15:30+00:00,0.07225,0.061,0.0815,0.05725
Faltec Europe Ltd,219.0,6.0,154.88,2025-03-19 16:30:30+00:00,0.06125,0.05,0.0695,0.04825
Faltec Europe Ltd,219.0,6.0,154.88,2025-03-19 16:45:30+00:00,0.05025,0.0395,0.05775,0.039
Faltec Europe Ltd,219.0,6.0,154.88,2025-03-19 17:00:30+00:00,0.03925,0.02975,0.04575,0.02975
Faltec Europe Ltd,219.0,6.0,154.88,2025-03-19 17:15:30+00:00,0.029,0.02075,0.03425,0.02125
Faltec Europe Ltd,219.0,6.0,154.88,2025-03-19 17:30:30+00:00,0.0185,0.013,0.0225,0.01325
Faltec Europe Ltd,219.0,6.0,154.88,2025-03-19 17:45:30+00:00,0.00725,0.00525,0.009,0.006
Faltec Europe Ltd,219.0,6.0,154.88,2025-03-19 18:00:30+00:00,0.00125,0.00075,0.0015,0.00125
Faltec Europe Ltd,219.0,6.0,154.88,2025-03-19 18:15:30+00:00,0.0,0.0,0.0,0.0
Faltec Europe Ltd,219.0,6.0,154.88,2025-03-19 18:30:30+00:00,0.0,0.0,0.0,0.0
Faltec Europe Ltd,219.0,6.0,154.88,2025-03-19 18:45:30+00:00,0.0,0.0,0.0,0.0
Faltec Europe Ltd,219.0,6.0,154.88,2025-03-19 19:00:30+00:00,0.0,0.0,0.0,0.0
Faltec Europe Ltd,219.0,6.0,154.88,2025-03-19 19:15:30+00:00,0.0,0.0,0.0,0.0
Faltec Europe Ltd,219.0,6.0,154.88,2025-03-19 19:30:30+00:00,0.0,0.0,0.0,0.0
Faltec Europe Ltd,219.0,6.0,154.88,2025-03-19 19:45:30+00:00,0.0,0.0,0.0,0.0
Faltec Europe Ltd,219.0,6.0,154.88,2025-03-19 20:00:30+00:00,0.0,0.0,0.0,0.0
Faltec Europe Ltd,219.0,6.0,154.88,2025-03-19 20:15:30+00:00,0.0,0.0,0.0,0.0
Faltec Europe Ltd,219.0,6.0,154.88,2025-03-19 20:30:30+00:00,0.0,0.0,0.0,0.0
Faltec Europe Ltd,219.0,6.0,154.88,2025-03-19 20:45:30+00:00,0.0,0.0,0.0,0.0
Faltec Europe Ltd,219.0,6.0,154.88,2025-03-19 21:00:30+00:00,0.0,0.0,0.0,0.0
Faltec Europe Ltd,219.0,6.0,154.88,2025-03-19 21:15:30+00:00,0.0,0.0,0.0,0.0
Faltec Europe Ltd,219.0,6.0,154.88,2025-03-19 21:30:30+00:00,0.0,0.0,0.0,0.0
Faltec Europe Ltd,219.0,6.0,154.88,2025-03-19 21:45:30+00:00,0.0,0.0,0.0,0.0
Faltec Europe Ltd,219.0,6.0,154.88,2025-03-19 22:00:30+00:00,0.0,0.0,0.0,0.0
Faltec Europe Ltd,219.0,6.0,154.88,2025-03-19 22:15:30+00:00,0.0,0.0,0.0,0.0
Faltec Europe Ltd,219.0,6.0,154.88,2025-03-19 22:30:30+00:00,0.0,0.0,0.0,0.0
Faltec Europe Ltd,219.0,6.0,154.88,2025-03-19 22:45:30+00:00,0.0,0.0,0.0,0.0
Faltec Europe Ltd,219.0,6.0,154.88,2025-03-19 23:00:30+00:00,0.0,0.0,0.0,0.0
Faltec Europe Ltd,219.0,6.0,154.88,2025-03-19 23:15:30+00:00,0.0,0.0,0.0,0.0
Faltec Europe Ltd,219.0,6.0,154.88,2025-03-19 23:30:30+00:00,0.0,0.0,0.0,0.0
Faltec Europe Ltd,219.0,6.0,154.88,2025-03-19 23:45:30+00:00,0.0,0.0,0.0,0.0
Faltec Europe Ltd,219.0,6.0,154.88,2025-03-20 00:00:30+00:00,0.0,0.0,0.0,0.0
Faltec Europe Ltd,219.0,6.0,154.88,2025-03-20 00:15:30+00:00,0.0,0.0,0.0,0.0
Faltec Europe Ltd,219.0,6.0,154.88,2025-03-20 00:30:30+00:00,0.0,0.0,0.0,0.0
Faltec Europe Ltd,219.0,6.0,154.88,2025-03-20 00:45:30+00:00,0.0,0.0,0.0,0.0
Faltec Europe Ltd,219.0,6.0,154.88,2025-03-20 01:00:30+00:00,0.0,0.0,0.0,0.0
Faltec Europe Ltd,219.0,6.0,154.88,2025-03-20 01:15:30+00:00,0.0,0.0,0.0,0.0
Faltec Europe Ltd,219.0,6.0,154.88,2025-03-20 01:30:30+00:00,0.0,0.0,0.0,0.0
Faltec Europe Ltd,219.0,6.0,154.88,2025-03-20 01:45:30+00:00,0.0,0.0,0.0,0.0
Faltec Europe Ltd,219.0,6.0,154.88,2025-03-20 02:00:30+00:00,0.0,0.0,0.0,0.0
Faltec Europe Ltd,219.0,6.0,154.88,2025-03-20 02:15:30+00:00,0.0,0.0,0.0,0.0
Faltec Europe Ltd,219.0,6.0,154.88,2025-03-20 02:30:30+00:00,0.0,0.0,0.0,0.0
Faltec Europe Ltd,219.0,6.0,154.88,2025-03-20 02:45:30+00:00,0.0,0.0,0.0,0.0
Faltec Europe Ltd,219.0,6.0,154.88,2025-03-20 03:00:30+00:00,0.0,0.0,0.0,0.0
Faltec Europe Ltd,219.0,6.0,154.88,2025-03-20 03:15:30+00:00,0.0,0.0,0.0,0.0
Faltec Europe Ltd,219.0,6.0,154.88,2025-03-20 03:30:30+00:00,0.0,0.0,0.0,0.0
Faltec Europe Ltd,219.0,6.0,154.88,2025-03-20 03:45:30+00:00,0.0,0.0,0.0,0.0
Faltec Europe Ltd,219.0,6.0,154.88,2025-03-20 04:00:30+00:00,0.0,0.0,0.0,0.0
Faltec Europe Ltd,219.0,6.0,154.88,2025-03-20 04:15:30+00:00,0.0,0.0,0.0,0.0
Faltec Europe Ltd,219.0,6.0,154.88,2025-03-20 04:30:30+00:00,0.0,0.0,0.0,0.0
Faltec Europe Ltd,219.0,6.0,154.88,2025-03-20 04:45:30+00:00,0.0,0.0,0.0,0.0
Faltec Europe Ltd,219.0,6.0,154.88,2025-03-20 05:00:30+00:00,0.0,0.0,0.0,0.0
Faltec Europe Ltd,219.0,6.0,154.88,2025-03-20 05:15:30+00:00,0.0,0.0,0.0,0.0
Faltec Europe Ltd,219.0,6.0,154.88,2025-03-20 05:30:30+00:00,0.0,0.0,0.0,0.0
Faltec Europe Ltd,219.0,6.0,154.88,2025-03-20 05:45:30+00:00,0.0,0.0,0.0,0.0
Faltec Europe Ltd,219.0,6.0,154.88,2025-03-20 06:00:30+00:00,0.0,0.0,0.0,0.0
Faltec Europe Ltd,219.0,6.0,154.88,2025-03-20 06:15:30+00:00,0.0025,0.002,0.00275,0.0025
Faltec Europe Ltd,219.0,6.0,154.88,2025-03-20 06:30:30+00:00,0.0055,0.004,0.0065,0.00725
Faltec Europe Ltd,219.0,6.0,154.88,2025-03-20 06:45:30+00:00,0.01075,0.00775,0.01275,0.01425
Faltec Europe Ltd,219.0,6.0,154.88,2025-03-20 07:00:30+00:00,0.018,0.01325,0.02075,0.022
Faltec Europe Ltd,219.0,6.0,154.88,2025-03-20 07:15:30+00:00,0.026,0.02025,0.02975,0.0305
Faltec Europe Ltd,219.0,6.0,154.88,2025-03-20 07:30:30+00:00,0.035,0.028,0.03925,0.03925
Faltec Europe Ltd,219.0,6.0,154.88,2025-03-20 07:45:30+00:00,0.04425,0.03675,0.04925,0.04825
Faltec Europe Ltd,219.0,6.0,154.88,2025-03-20 08:00:30+00:00,0.05325,0.04575,0.0595,0.057
Faltec Europe Ltd,219.0,6.0,154.88,2025-03-20 08:15:30+00:00,0.0625,0.05525,0.0695,0.0655
Faltec Europe Ltd,219.0,6.0,154.88,2025-03-20 08:30:30+00:00,0.07175,0.06525,0.07825,0.074
Faltec Europe Ltd,219.0,6.0,154.88,2025-03-20 08:45:30+00:00,0.081,0.075,0.0865,0.08225
Faltec Europe Ltd,219.0,6.0,154.88,2025-03-20 09:00:30+00:00,0.09,0.08475,0.09475,0.09025
Faltec Europe Ltd,219.0,6.0,154.88,2025-03-20 09:15:30+00:00,0.0985,0.09375,0.103,0.09775
Faltec Europe Ltd,219.0,6.0,154.88,2025-03-20 09:30:30+00:00,0.107,0.102,0.1115,0.105
Faltec Europe Ltd,219.0,6.0,154.88,2025-03-20 09:45:30+00:00,0.11475,0.1095,0.11975,0.11175
Faltec Europe Ltd,219.0,6.0,154.88,2025-03-20 10:00:30+00:00,0.122,0.1165,0.1275,0.11775
Faltec Europe Ltd,219.0,6.0,154.88,2025-03-20 10:15:30+00:00,0.12925,0.1235,0.135,0.1235
Faltec Europe Ltd,219.0,6.0,154.88,2025-03-20 10:30:30+00:00,0.136,0.12975,0.14175,0.12875
Faltec Europe Ltd,219.0,6.0,154.88,2025-03-20 10:45:30+00:00,0.14175,0.1355,0.1475,0.1335
Faltec Europe Ltd,219.0,6.0,154.88,2025-03-20 11:00:30+00:00,0.1465,0.14025,0.15225,0.137
Faltec Europe Ltd,219.0,6.0,154.88,2025-03-20 11:15:30+00:00,0.1505,0.144,0.15625,0.13975
Faltec Europe Ltd,219.0,6.0,154.88,2025-03-20 11:30:30+00:00,0.1535,0.1465,0.15975,0.1415
Faltec Europe Ltd,219.0,6.0,154.88,2025-03-20 11:45:30+00:00,0.1555,0.1485,0.1625,0.14275
Faltec Europe Ltd,219.0,6.0,154.88,2025-03-20 12:00:30+00:00,0.157,0.1495,0.16375,0.14325
Faltec Europe Ltd,219.0,6.0,154.88,2025-03-20 12:15:30+00:00,0.157,0.15025,0.164,0.1425
Faltec Europe Ltd,219.0,6.0,154.88,2025-03-20 12:30:30+00:00,0.15725,0.15025,0.1635,0.14175
Faltec Europe Ltd,219.0,6.0,154.88,2025-03-20 12:45:30+00:00,0.15625,0.14975,0.16225,0.14
Faltec Europe Ltd,219.0,6.0,154.88,2025-03-20 13:00:30+00:00,0.1545,0.14825,0.16025,0.13775
Faltec Europe Ltd,219.0,6.0,154.88,2025-03-20 13:15:30+00:00,0.15225,0.146,0.158,0.13475
Faltec Europe Ltd,219.0,6.0,154.88,2025-03-20 13:30:30+00:00,0.14925,0.1425,0.15525,0.1315
Faltec Europe Ltd,219.0,6.0,154.88,2025-03-20 13:45:30+00:00,0.14425,0.1375,0.1505,0.12675
Faltec Europe Ltd,219.0,6.0,154.88,2025-03-20 14:00:30+00:00,0.13925,0.13175,0.14575,0.12175
Faltec Europe Ltd,219.0,6.0,154.88,2025-03-20 14:15:30+00:00,0.13275,0.126,0.13975,0.1155
Faltec Europe Ltd,219.0,6.0,154.88,2025-03-20 14:30:30+00:00,0.1265,0.1195,0.13275,0.1095
Faltec Europe Ltd,219.0,6.0,154.88,2025-03-20 14:45:30+00:00,0.11875,0.1115,0.1275,0.10225
Faltec Europe Ltd,219.0,6.0,154.88,2025-03-20 15:00:30+00:00,0.113,0.102,0.12225,0.0965
Faltec Europe Ltd,219.0,6.0,154.88,2025-03-20 15:15:30+00:00,0.10425,0.09,0.11475,0.08875
Faltec Europe Ltd,219.0,6.0,154.88,2025-03-20 15:30:30+00:00,0.089,0.078,0.10325,0.07575
Faltec Europe Ltd,219.0,6.0,154.88,2025-03-20 15:45:30+00:00,0.07925,0.06875,0.09325,0.067
Faltec Europe Ltd,219.0,6.0,154.88,2025-03-20 16:00:30+00:00,0.075,0.062,0.08625,0.06225
Faltec Europe Ltd,219.0,6.0,154.88,2025-03-20 16:15:30+00:00,0.0675,0.055,0.0765,0.05525
Faltec Europe Ltd,219.0,6.0,154.88,2025-03-20 16:30:30+00:00,0.05825,0.045,0.06575,0.047
Faltec Europe Ltd,219.0,6.0,154.88,2025-03-20 16:45:30+00:00,0.04625,0.03375,0.054,0.037
Faltec Europe Ltd,219.0,6.0,154.88,2025-03-20 17:00:30+00:00,0.03325,0.02275,0.04175,0.027
Faltec Europe Ltd,219.0,6.0,154.88,2025-03-20 17:15:30+00:00,0.02275,0.01475,0.0305,0.01825
Faltec Europe Ltd,219.0,6.0,154.88,2025-03-20 17:30:30+00:00,0.014,0.00875,0.01925,0.01125
Faltec Europe Ltd,219.0,6.0,154.88,2025-03-20 17:45:30+00:00,0.006,0.00375,0.00825,0.0055
Faltec Europe Ltd,219.0,6.0,154.88,2025-03-20 18:00:30+00:00,0.00125,0.00075,0.00175,0.00125
Faltec Europe Ltd,219.0,6.0,154.88,2025-03-20 18:15:30+00:00,0.0,0.0,0.0,0.0
Faltec Europe Ltd,219.0,6.0,154.88,2025-03-20 18:30:30+00:00,0.0,0.0,0.0,0.0
Faltec Europe Ltd,219.0,6.0,154.88,2025-03-20 18:45:30+00:00,0.0,0.0,0.0,0.0
Faltec Europe Ltd,219.0,6.0,154.88,2025-03-20 19:00:30+00:00,0.0,0.0,0.0,0.0
Faltec Europe Ltd,219.0,6.0,154.88,2025-03-20 19:15:30+00:00,0.0,0.0,0.0,0.0
Faltec Europe Ltd,219.0,6.0,154.88,2025-03-20 19:30:30+00:00,0.0,0.0,0.0,0.0
Faltec Europe Ltd,219.0,6.0,154.88,2025-03-20 19:45:30+00:00,0.0,0.0,0.0,0.0
Faltec Europe Ltd,219.0,6.0,154.88,2025-03-20 20:00:30+00:00,0.0,0.0,0.0,0.0
Faltec Europe Ltd,219.0,6.0,154.88,2025-03-20 20:15:30+00:00,0.0,0.0,0.0,0.0
Faltec Europe Ltd,219.0,6.0,154.88,2025-03-20 20:30:30+00:00,0.0,0.0,0.0,0.0
Faltec Europe Ltd,219.0,6.0,154.88,2025-03-20 20:45:30+00:00,0.0,0.0,0.0,0.0
Faltec Europe Ltd,219.0,6.0,154.88,2025-03-20 21:00:30+00:00,0.0,0.0,0.0,0.0
Faltec Europe Ltd,219.0,6.0,154.88,2025-03-20 21:15:30+00:00,0.0,0.0,0.0,0.0
Faltec Europe Ltd,219.0,6.0,154.88,2025-03-20 21:30:30+00:00,0.0,0.0,0.0,0.0
Faltec Europe Ltd,219.0,6.0,154.88,2025-03-20 21:45:30+00:00,0.0,0.0,0.0,0.0
Faltec Europe Ltd,219.0,6.0,154.88,2025-03-20 22:00:30+00:00,0.0,0.0,0.0,0.0
Faltec Europe Ltd,219.0,6.0,154.88,2025-03-20 22:15:30+00:00,0.0,0.0,0.0,0.0
Faltec Europe Ltd,219.0,6.0,154.88,2025-03-20 22:30:30+00:00,0.0,0.0,0.0,0.0
Faltec Europe Ltd,219.0,6.0,154.88,2025-03-20 22:45:30+00:00,0.0,0.0,0.0,0.0
Faltec Europe Ltd,219.0,6.0,154.88,2025-03-20 23:00:30+00:00,0.0,0.0,0.0,0.0
Faltec Europe Ltd,219.0,6.0,154.88,2025-03-20 23:15:30+00:00,0.0,0.0,0.0,0.0
Faltec Europe Ltd,219.0,6.0,154.88,2025-03-20 23:30:30+00:00,0.0,0.0,0.0,0.0
Faltec Europe Ltd,219.0,6.0,154.88,2025-03-20 23:45:30+00:00,0.0,0.0,0.0,0.0
Faltec Europe Ltd,219.0,6.0,154.88,2025-03-21 00:00:30+00:00,0.0,0.0,0.0,0.0
Faltec Europe Ltd,219.0,6.0,154.88,2025-03-21 00:15:30+00:00,0.0,0.0,0.0,0.0
Faltec Europe Ltd,219.0,6.0,154.88,2025-03-21 00:30:30+00:00,0.0,0.0,0.0,0.0
Faltec Europe Ltd,219.0,6.0,154.88,2025-03-21 00:45:30+00:00,0.0,0.0,0.0,0.0
Faltec Europe Ltd,219.0,6.0,154.88,2025-03-21 01:00:30+00:00,0.0,0.0,0.0,0.0
Faltec Europe Ltd,219.0,6.0,154.88,2025-03-21 01:15:30+00:00,0.0,0.0,0.0,0.0
Faltec Europe Ltd,219.0,6.0,154.88,2025-03-21 01:30:30+00:00,0.0,0.0,0.0,0.0
Faltec Europe Ltd,219.0,6.0,154.88,2025-03-21 01:45:30+00:00,0.0,0.0,0.0,0.0
Faltec Europe Ltd,219.0,6.0,154.88,2025-03-21 02:00:30+00:00,0.0,0.0,0.0,0.0
Faltec Europe Ltd,219.0,6.0,154.88,2025-03-21 02:15:30+00:00,0.0,0.0,0.0,0.0
Faltec Europe Ltd,219.0,6.0,154.88,2025-03-21 02:30:30+00:00,0.0,0.0,0.0,0.0
Faltec Europe Ltd,219.0,6.0,154.88,2025-03-21 02:45:30+00:00,0.0,0.0,0.0,0.0
Faltec Europe Ltd,219.0,6.0,154.88,2025-03-21 03:00:30+00:00,0.0,0.0,0.0,0.0
Faltec Europe Ltd,219.0,6.0,154.88,2025-03-21 03:15:30+00:00,0.0,0.0,0.0,0.0
Faltec Europe Ltd,219.0,6.0,154.88,2025-03-21 03:30:30+00:00,0.0,0.0,0.0,0.0
Faltec Europe Ltd,219.0,6.0,154.88,2025-03-21 03:45:30+00:00,0.0,0.0,0.0,0.0
Faltec Europe Ltd,219.0,6.0,154.88,2025-03-21 04:00:30+00:00,0.0,0.0,0.0,0.0
Faltec Europe Ltd,219.0,6.0,154.88,2025-03-21 04:15:30+00:00,0.0,0.0,0.0,0.0
Faltec Europe Ltd,219.0,6.0,154.88,2025-03-21 04:30:30+00:00,0.0,0.0,0.0,0.0
Faltec Europe Ltd,219.0,6.0,154.88,2025-03-21 04:45:30+00:00,0.0,0.0,0.0,0.0
Faltec Europe Ltd,219.0,6.0,154.88,2025-03-21 05:00:30+00:00,0.0,0.0,0.0,0.0
Faltec Europe Ltd,219.0,6.0,154.88,2025-03-21 05:15:30+00:00,0.0,0.0,0.0,0.0
Faltec Europe Ltd,219.0,6.0,154.88,2025-03-21 05:30:30+00:00,0.0,0.0,0.0,0.0
Faltec Europe Ltd,219.0,6.0,154.88,2025-03-21 05:45:30+00:00,0.0,0.0,0.0,0.0
Faltec Europe Ltd,219.0,6.0,154.88,2025-03-21 06:00:30+00:00,0.0,0.0,0.0,0.0
Faltec Europe Ltd,219.0,6.0,154.88,2025-03-21 06:15:30+00:00,0.0015,0.001,0.00275,0.0015
Faltec Europe Ltd,219.0,6.0,154.88,2025-03-21 06:30:30+00:00,0.0045,0.00225,0.0075,0.00475
Faltec Europe Ltd,219.0,6.0,154.88,2025-03-21 06:45:30+00:00,0.0085,0.00325,0.0145,0.0085
Faltec Europe Ltd,219.0,6.0,154.88,2025-03-21 07:00:30+00:00,0.01325,0.005,0.023,0.014
Faltec Europe Ltd,219.0,6.0,154.88,2025-03-21 07:15:30+00:00,0.02,0.01025,0.0315,0.0215
Faltec Europe Ltd,219.0,6.0,154.88,2025-03-21 07:30:30+00:00,0.03325,0.018,0.03925,0.03625
Faltec Europe Ltd,219.0,6.0,154.88,2025-03-21 07:45:30+00:00,0.04175,0.02625,0.0485,0.04475
Faltec Europe Ltd,219.0,6.0,154.88,2025-03-21 08:00:30+00:00,0.043,0.033,0.0585,0.045
Faltec Europe Ltd,219.0,6.0,154.88,2025-03-21 08:15:30+00:00,0.0515,0.04125,0.06625,0.05325
Faltec Europe Ltd,219.0,6.0,154.88,2025-03-21 08:30:30+00:00,0.06675,0.05125,0.0775,0.0685
Faltec Europe Ltd,219.0,6.0,154.88,2025-03-21 08:45:30+00:00,0.0755,0.06125,0.08525,0.07675
Faltec Europe Ltd,219.0,6.0,154.88,2025-03-21 09:00:30+00:00,0.07775,0.0705,0.09225,0.078
Faltec Europe Ltd,219.0,6.0,154.88,2025-03-21 09:15:30+00:00,0.09075,0.07675,0.0965,0.0905
Faltec Europe Ltd,219.0,6.0,154.88,2025-03-21 09:30:30+00:00,0.09125,0.0805,0.1065,0.09025
Faltec Europe Ltd,219.0,6.0,154.88,2025-03-21 09:45:30+00:00,0.0985,0.084,0.1125,0.09675
Faltec Europe Ltd,219.0,6.0,154.88,2025-03-21 10:00:30+00:00,0.1045,0.08575,0.117,0.10175
Faltec Europe Ltd,219.0,6.0,154.88,2025-03-21 10:15:30+00:00,0.1,0.08825,0.117,0.0975
Faltec Europe Ltd,219.0,6.0,154.88,2025-03-21 10:30:30+00:00,0.1035,0.0915,0.1175,0.1005
Faltec Europe Ltd,219.0,6.0,154.88,2025-03-21 10:45:30+00:00,0.1105,0.09775,0.12325,0.106
Faltec Europe Ltd,219.0,6.0,154.88,2025-03-21 11:00:30+00:00,0.1165,0.098,0.1335,0.11125
Faltec Europe Ltd,219.0,6.0,154.88,2025-03-21 11:15:30+00:00,0.1195,0.0915,0.14125,0.1135
Faltec Europe Ltd,219.0,6.0,154.88,2025-03-21 11:30:30+00:00,0.1115,0.07875,0.13925,0.1065
Faltec Europe Ltd,219.0,6.0,154.88,2025-03-21 11:45:30+00:00,0.096,0.079,0.13925,0.09175
Faltec Europe Ltd,219.0,6.0,154.88,2025-03-21 12:00:30+00:00,0.12125,0.0685,0.1505,0.1145
Faltec Europe Ltd,219.0,6.0,154.88,2025-03-21 12:15:30+00:00,0.1095,0.05775,0.16025,0.1035
Faltec Europe Ltd,219.0,6.0,154.88,2025-03-21 12:30:30+00:00,0.09475,0.031,0.146,0.0905
Faltec Europe Ltd,219.0,6.0,154.88,2025-03-21 12:45:30+00:00,0.06025,0.02875,0.12575,0.05875
Faltec Europe Ltd,219.0,6.0,154.88,2025-03-21 13:00:30+00:00,0.07875,0.036,0.11825,0.07575
Faltec Europe Ltd,219.0,6.0,154.88,2025-03-21 13:15:30+00:00,0.09175,0.05075,0.12175,0.087
Faltec Europe Ltd,219.0,6.0,154.88,2025-03-21 13:30:30+00:00,0.08725,0.047,0.122,0.08275
Faltec Europe Ltd,219.0,6.0,154.88,2025-03-21 13:45:30+00:00,0.0735,0.033,0.112,0.0705
Faltec Europe Ltd,219.0,6.0,154.88,2025-03-21 14:00:30+00:00,0.05525,0.017,0.096,0.05425
Faltec Europe Ltd,219.0,6.0,154.88,2025-03-21 14:15:30+00:00,0.04125,0.011,0.07725,0.041
Faltec Europe Ltd,219.0,6.0,154.88,2025-03-21 14:30:30+00:00,0.036,0.012,0.06075,0.03575
Faltec Europe Ltd,219.0,6.0,154.88,2025-03-21 14:45:30+00:00,0.0315,0.014,0.0485,0.0315
Faltec Europe Ltd,219.0,6.0,154.88,2025-03-21 15:00:30+00:00,0.02625,0.01375,0.0395,0.02625
Faltec Europe Ltd,219.0,6.0,154.88,2025-03-21 15:15:30+00:00,0.02225,0.01275,0.034,0.02225
Faltec Europe Ltd,219.0,6.0,154.88,2025-03-21 15:30:30+00:00,0.02175,0.012,0.031,0.02175
Faltec Europe Ltd,219.0,6.0,154.88,2025-03-21 15:45:30+00:00,0.0205,0.01025,0.029,0.0205
Faltec Europe Ltd,219.0,6.0,154.88,2025-03-21 16:00:30+00:00,0.0165,0.00625,0.02725,0.01675
Faltec Europe Ltd,219.0,6.0,154.88,2025-03-21 16:15:30+00:00,0.01325,0.00425,0.02575,0.01325
Faltec Europe Ltd,219.0,6.0,154.88,2025-03-21 16:30:30+00:00,0.0135,0.00375,0.02525,0.01375
Faltec Europe Ltd,219.0,6.0,154.88,2025-03-21 16:45:30+00:00,0.01475,0.0035,0.02275,0.01475
Faltec Europe Ltd,219.0,6.0,154.88,2025-03-21 17:00:30+00:00,0.0105,0.00275,0.0185,0.0105
Faltec Europe Ltd,219.0,6.0,154.88,2025-03-21 17:15:30+00:00,0.00675,0.00175,0.01325,0.00675
Faltec Europe Ltd,219.0,6.0,154.88,2025-03-21 17:30:30+00:00,0.005,0.001,0.009,0.00525
Faltec Europe Ltd,219.0,6.0,154.88,2025-03-21 17:45:30+00:00,0.00275,0.0005,0.00525,0.00275
Faltec Europe Ltd,219.0,6.0,154.88,2025-03-21 18:00:30+00:00,0.00075,0.00025,0.002,0.00075
Faltec Europe Ltd,219.0,6.0,154.88,2025-03-21 18:15:30+00:00,0.0,0.0,0.0,0.0
Faltec Europe Ltd,219.0,6.0,154.88,2025-03-21 18:30:30+00:00,0.0,0.0,0.0,0.0
Faltec Europe Ltd,219.0,6.0,154.88,2025-03-21 18:45:30+00:00,0.0,0.0,0.0,0.0
Faltec Europe Ltd,219.0,6.0,154.88,2025-03-21 19:00:30+00:00,0.0,0.0,0.0,0.0
Faltec Europe Ltd,219.0,6.0,154.88,2025-03-21 19:15:30+00:00,0.0,0.0,0.0,0.0
Faltec Europe Ltd,219.0,6.0,154.88,2025-03-21 19:30:30+00:00,0.0,0.0,0.0,0.0
Faltec Europe Ltd,219.0,6.0,154.88,2025-03-21 19:45:30+00:00,0.0,0.0,0.0,0.0
Faltec Europe Ltd,219.0,6.0,154.88,2025-03-21 20:00:30+00:00,0.0,0.0,0.0,0.0
Faltec Europe Ltd,219.0,6.0,154.88,2025-03-21 20:15:30+00:00,0.0,0.0,0.0,0.0
Faltec Europe Ltd,219.0,6.0,154.88,2025-03-21 20:30:30+00:00,0.0,0.0,0.0,0.0
Faltec Europe Ltd,219.0,6.0,154.88,2025-03-21 20:45:30+00:00,0.0,0.0,0.0,0.0
Faltec Europe Ltd,219.0,6.0,154.88,2025-03-21 21:00:30+00:00,0.0,0.0,0.0,0.0
Faltec Europe Ltd,219.0,6.0,154.88,2025-03-21 21:15:30+00:00,0.0,0.0,0.0,0.0
Faltec Europe Ltd,219.0,6.0,154.88,2025-03-21 21:30:30+00:00,0.0,0.0,0.0,0.0
Faltec Europe Ltd,219.0,6.0,154.88,2025-03-21 21:45:30+00:00,0.0,0.0,0.0,0.0
Faltec Europe Ltd,219.0,6.0,154.88,2025-03-21 22:00:30+00:00,0.0,0.0,0.0,0.0
Faltec Europe Ltd,219.0,6.0,154.88,2025-03-21 22:15:30+00:00,0.0,0.0,0.0,0.0
Faltec Europe Ltd,219.0,6.0,154.88,2025-03-21 22:30:30+00:00,0.0,0.0,0.0,0.0
Faltec Europe Ltd,219.0,6.0,154.88,2025-03-21 22:45:30+00:00,0.0,0.0,0.0,0.0
Faltec Europe Ltd,219.0,6.0,154.88,2025-03-21 23:00:30+00:00,0.0,0.0,0.0,0.0
Faltec Europe Ltd,219.0,6.0,154.88,2025-03-21 23:15:30+00:00,0.0,0.0,0.0,0.0
Faltec Europe Ltd,219.0,6.0,154.88,2025-03-21 23:30:30+00:00,0.0,0.0,0.0,0.0
Faltec Europe Ltd,219.0,6.0,154.88,2025-03-21 23:45:30+00:00,0.0,0.0,0.0,0.0
Faltec Europe Ltd,219.0,6.0,154.88,2025-03-22 00:00:30+00:00,0.0,0.0,0.0,0.0
Faltec Europe Ltd,219.0,6.0,154.88,2025-03-22 00:15:30+00:00,0.0,0.0,0.0,0.0
Faltec Europe Ltd,219.0,6.0,154.88,2025-03-22 00:30:30+00:00,0.0,0.0,0.0,0.0
Faltec Europe Ltd,219.0,6.0,154.88,2025-03-22 00:45:30+00:00,0.0,0.0,0.0,0.0
Faltec Europe Ltd,219.0,6.0,154.88,2025-03-22 01:00:30+00:00,0.0,0.0,0.0,0.0
Faltec Europe Ltd,219.0,6.0,154.88,2025-03-22 01:15:30+00:00,0.0,0.0,0.0,0.0
Faltec Europe Ltd,219.0,6.0,154.88,2025-03-22 01:30:30+00:00,0.0,0.0,0.0,0.0
Faltec Europe Ltd,219.0,6.0,154.88,2025-03-22 01:45:30+00:00,0.0,0.0,0.0,0.0
Faltec Europe Ltd,219.0,6.0,154.88,2025-03-22 02:00:30+00:00,0.0,0.0,0.0,0.0
Faltec Europe Ltd,219.0,6.0,154.88,2025-03-22 02:15:30+00:00,0.0,0.0,0.0,0.0
Faltec Europe Ltd,219.0,6.0,154.88,2025-03-22 02:30:30+00:00,0.0,0.0,0.0,0.0
Faltec Europe Ltd,219.0,6.0,154.88,2025-03-22 02:45:30+00:00,0.0,0.0,0.0,0.0
Faltec Europe Ltd,219.0,6.0,154.88,2025-03-22 03:00:30+00:00,0.0,0.0,0.0,0.0
Faltec Europe Ltd,219.0,6.0,154.88,2025-03-22 03:15:30+00:00,0.0,0.0,0.0,0.0
Faltec Europe Ltd,219.0,6.0,154.88,2025-03-22 03:30:30+00:00,0.0,0.0,0.0,0.0
Faltec Europe Ltd,219.0,6.0,154.88,2025-03-22 03:45:30+00:00,0.0,0.0,0.0,0.0
Faltec Europe Ltd,219.0,6.0,154.88,2025-03-22 04:00:30+00:00,0.0,0.0,0.0,0.0
Faltec Europe Ltd,219.0,6.0,154.88,2025-03-22 04:15:30+00:00,0.0,0.0,0.0,0.0
Faltec Europe Ltd,219.0,6.0,154.88,2025-03-22 04:30:30+00:00,0.0,0.0,0.0,0.0
Faltec Europe Ltd,219.0,6.0,154.88,2025-03-22 04:45:30+00:00,0.0,0.0,0.0,0.0
Faltec Europe Ltd,219.0,6.0,154.88,2025-03-22 05:00:30+00:00,0.0,0.0,0.0,0.0
Faltec Europe Ltd,219.0,6.0,154.88,2025-03-22 05:15:30+00:00,0.0,0.0,0.0,0.0
Faltec Europe Ltd,219.0,6.0,154.88,2025-03-22 05:30:30+00:00,0.0,0.0,0.0,0.0
Faltec Europe Ltd,219.0,6.0,154.88,2025-03-22 05:45:30+00:00,0.0,0.0,0.0,0.0
Faltec Europe Ltd,219.0,6.0,154.88,2025-03-22 06:00:30+00:00,0.0,0.0,0.0,0.0
Faltec Europe Ltd,219.0,6.0,154.88,2025-03-22 06:15:30+00:00,0.001,0.00025,0.00275,0.001
Faltec Europe Ltd,219.0,6.0,154.88,2025-03-22 06:30:30+00:00,0.003,0.0005,0.0065,0.00325
Faltec Europe Ltd,219.0,6.0,154.88,2025-03-22 06:45:30+00:00,0.00575,0.00225,0.01325,0.00575
Faltec Europe Ltd,219.0,6.0,154.88,2025-03-22 07:00:30+00:00,0.01375,0.0035,0.01875,0.0145
Faltec Europe Ltd,219.0,6.0,154.88,2025-03-22 07:15:30+00:00,0.0145,0.00575,0.02925,0.01475
Faltec Europe Ltd,219.0,6.0,154.88,2025-03-22 07:30:30+00:00,0.0235,0.00475,0.0345,0.0245
Faltec Europe Ltd,219.0,6.0,154.88,2025-03-22 07:45:30+00:00,0.019,0.00375,0.0405,0.01925
Faltec Europe Ltd,219.0,6.0,154.88,2025-03-22 08:00:30+00:00,0.01475,0.004,0.03725,0.015
Faltec Europe Ltd,219.0,6.0,154.88,2025-03-22 08:15:30+00:00,0.01425,0.00475,0.0325,0.01425
Faltec Europe Ltd,219.0,6.0,154.88,2025-03-22 08:30:30+00:00,0.01525,0.00525,0.03075,0.01525
Faltec Europe Ltd,219.0,6.0,154.88,2025-03-22 08:45:30+00:00,0.02175,0.006,0.03025,0.022
Faltec Europe Ltd,219.0,6.0,154.88,2025-03-22 09:00:30+00:00,0.015,0.0065,0.03225,0.015
Faltec Europe Ltd,219.0,6.0,154.88,2025-03-22 09:15:30+00:00,0.015,0.007,0.03625,0.015
Faltec Europe Ltd,219.0,6.0,154.88,2025-03-22 09:30:30+00:00,0.02525,0.00775,0.0465,0.02525
Faltec Europe Ltd,219.0,6.0,154.88,2025-03-22 09:45:30+00:00,0.03225,0.00825,0.0585,0.0325
Faltec Europe Ltd,219.0,6.0,154.88,2025-03-22 10:00:30+00:00,0.0375,0.0085,0.0695,0.0375
Faltec Europe Ltd,219.0,6.0,154.88,2025-03-22 10:15:30+00:00,0.04625,0.0165,0.08,0.0465
Faltec Europe Ltd,219.0,6.0,154.88,2025-03-22 10:30:30+00:00,0.061,0.02975,0.089,0.06075
Faltec Europe Ltd,219.0,6.0,154.88,2025-03-22 10:45:30+00:00,0.071,0.04175,0.09375,0.07
Faltec Europe Ltd,219.0,6.0,154.88,2025-03-22 11:00:30+00:00,0.06975,0.04425,0.09275,0.06925
Faltec Europe Ltd,219.0,6.0,154.88,2025-03-22 11:15:30+00:00,0.06475,0.03875,0.08975,0.06425
Faltec Europe Ltd,219.0,6.0,154.88,2025-03-22 11:30:30+00:00,0.05775,0.032,0.0855,0.05725
Faltec Europe Ltd,219.0,6.0,154.88,2025-03-22 11:45:30+00:00,0.05325,0.029,0.07825,0.053
Faltec Europe Ltd,219.0,6.0,154.88,2025-03-22 12:00:30+00:00,0.04975,0.02775,0.072,0.0495
Faltec Europe Ltd,219.0,6.0,154.88,2025-03-22 12:15:30+00:00,0.04625,0.02625,0.06725,0.04625
Faltec Europe Ltd,219.0,6.0,154.88,2025-03-22 12:30:30+00:00,0.0435,0.02325,0.0625,0.0435
Faltec Europe Ltd,219.0,6.0,154.88,2025-03-22 12:45:30+00:00,0.0385,0.0205,0.05675,0.0385
Faltec Europe Ltd,219.0,6.0,154.88,2025-03-22 13:00:30+00:00,0.03375,0.02,0.05075,0.034
Faltec Europe Ltd,219.0,6.0,154.88,2025-03-22 13:15:30+00:00,0.0335,0.021,0.0475,0.0335
Faltec Europe Ltd,219.0,6.0,154.88,2025-03-22 13:30:30+00:00,0.0355,0.02275,0.04625,0.0355
Faltec Europe Ltd,219.0,6.0,154.88,2025-03-22 13:45:30+00:00,0.0345,0.02275,0.04525,0.0345
Faltec Europe Ltd,219.0,6.0,154.88,2025-03-22 14:00:30+00:00,0.032,0.0215,0.04375,0.032
Faltec Europe Ltd,219.0,6.0,154.88,2025-03-22 14:15:30+00:00,0.03125,0.01975,0.0435,0.03125
Faltec Europe Ltd,219.0,6.0,154.88,2025-03-22 14:30:30+00:00,0.03175,0.0195,0.04375,0.03175
Faltec Europe Ltd,219.0,6.0,154.88,2025-03-22 14:45:30+00:00,0.03175,0.0205,0.04325,0.0315
Faltec Europe Ltd,219.0,6.0,154.88,2025-03-22 15:00:30+00:00,0.032,0.019,0.04325,0.032
Faltec Europe Ltd,219.0,6.0,154.88,2025-03-22 15:15:30+00:00,0.0295,0.015,0.042,0.02925
Faltec Europe Ltd,219.0,6.0,154.88,2025-03-22 15:30:30+00:00,0.02325,0.007,0.03775,0.0235
Faltec Europe Ltd,219.0,6.0,154.88,2025-03-22 15:45:30+00:00,0.01425,0.00525,0.03025,0.0145
Faltec Europe Ltd,219.0,6.0,154.88,2025-03-22 16:00:30+00:00,0.011,0.0045,0.02425,0.01125
Faltec Europe Ltd,219.0,6.0,154.88,2025-03-22 16:15:30+00:00,0.012,0.004,0.021,0.012
Faltec Europe Ltd,219.0,6.0,154.88,2025-03-22 16:30:30+00:00,0.011,0.00325,0.0185,0.011
Faltec Europe Ltd,219.0,6.0,154.88,2025-03-22 16:45:30+00:00,0.0075,0.00275,0.016,0.00775
Faltec Europe Ltd,219.0,6.0,154.88,2025-03-22 17:00:30+00:00,0.006,0.002,0.01325,0.00625
Faltec Europe Ltd,219.0,6.0,154.88,2025-03-22 17:15:30+00:00,0.00575,0.0015,0.011,0.006
Faltec Europe Ltd,219.0,6.0,154.88,2025-03-22 17:30:30+00:00,0.00425,0.001,0.008,0.00425
Faltec Europe Ltd,219.0,6.0,154.88,2025-03-22 17:45:30+00:00,0.00225,0.0005,0.0045,0.00225
Faltec Europe Ltd,219.0,6.0,154.88,2025-03-22 18:00:30+00:00,0.0005,0.00025,0.00175,0.0005
Faltec Europe Ltd,219.0,6.0,154.88,2025-03-22 18:15:30+00:00,0.0,0.0,0.00025,0.0
Faltec Europe Ltd,219.0,6.0,154.88,2025-03-22 18:30:30+00:00,0.0,0.0,0.0,0.0
Faltec Europe Ltd,219.0,6.0,154.88,2025-03-22 18:45:30+00:00,0.0,0.0,0.0,0.0
Faltec Europe Ltd,219.0,6.0,154.88,2025-03-22 19:00:30+00:00,0.0,0.0,0.0,0.0
Faltec Europe Ltd,219.0,6.0,154.88,2025-03-22 19:15:30+00:00,0.0,0.0,0.0,0.0
Faltec Europe Ltd,219.0,6.0,154.88,2025-03-22 19:30:30+00:00,0.0,0.0,0.0,0.0
Faltec Europe Ltd,219.0,6.0,154.88,2025-03-22 19:45:30+00:00,0.0,0.0,0.0,0.0
Faltec Europe Ltd,219.0,6.0,154.88,2025-03-22 20:00:30+00:00,0.0,0.0,0.0,0.0
Faltec Europe Ltd,219.0,6.0,154.88,2025-03-22 20:15:30+00:00,0.0,0.0,0.0,0.0
Faltec Europe Ltd,219.0,6.0,154.88,2025-03-22 20:30:30+00:00,0.0,0.0,0.0,0.0
Faltec Europe Ltd,219.0,6.0,154.88,2025-03-22 20:45:30+00:00,0.0,0.0,0.0,0.0
Faltec Europe Ltd,219.0,6.0,154.88,2025-03-22 21:00:30+00:00,0.0,0.0,0.0,0.0
Faltec Europe Ltd,219.0,6.0,154.88,2025-03-22 21:15:30+00:00,0.0,0.0,0.0,0.0
Faltec Europe Ltd,219.0,6.0,154.88,2025-03-22 21:30:30+00:00,0.0,0.0,0.0,0.0
Faltec Europe Ltd,219.0,6.0,154.88,2025-03-22 21:45:30+00:00,0.0,0.0,0.0,0.0
Faltec Europe Ltd,219.0,6.0,154.88,2025-03-22 22:00:30+00:00,0.0,0.0,0.0,0.0
Faltec Europe Ltd,219.0,6.0,154.88,2025-03-22 22:15:30+00:00,0.0,0.0,0.0,0.0
Faltec Europe Ltd,219.0,6.0,154.88,2025-03-22 22:30:30+00:00,0.0,0.0,0.0,0.0
Faltec Europe Ltd,219.0,6.0,154.88,2025-03-22 22:45:30+00:00,0.0,0.0,0.0,0.0
Faltec Europe Ltd,219.0,6.0,154.88,2025-03-22 23:00:30+00:00,0.0,0.0,0.0,0.0
Faltec Europe Ltd,219.0,6.0,154.88,2025-03-22 23:15:30+00:00,0.0,0.0,0.0,0.0
Faltec Europe Ltd,219.0,6.0,154.88,2025-03-22 23:30:30+00:00,0.0,0.0,0.0,0.0
Faltec Europe Ltd,219.0,6.0,154.88,2025-03-22 23:45:30+00:00,0.0,0.0,0.0,0.0
Faltec Europe Ltd,219.0,6.0,154.88,2025-03-23 00:00:30+00:00,0.0,0.0,0.0,0.0
Faltec Europe Ltd,219.0,6.0,154.88,2025-03-23 00:15:30+00:00,0.0,0.0,0.0,0.0
Faltec Europe Ltd,219.0,6.0,154.88,2025-03-23 00:30:30+00:00,0.0,0.0,0.0,0.0
Faltec Europe Ltd,219.0,6.0,154.88,2025-03-23 00:45:30+00:00,0.0,0.0,0.0,0.0
Faltec Europe Ltd,219.0,6.0,154.88,2025-03-23 01:00:30+00:00,0.0,0.0,0.0,0.0
Faltec Europe Ltd,219.0,6.0,154.88,2025-03-23 01:15:30+00:00,0.0,0.0,0.0,0.0
Faltec Europe Ltd,219.0,6.0,154.88,2025-03-23 01:30:30+00:00,0.0,0.0,0.0,0.0
Faltec Europe Ltd,219.0,6.0,154.88,2025-03-23 01:45:30+00:00,0.0,0.0,0.0,0.0
Faltec Europe Ltd,219.0,6.0,154.88,2025-03-23 02:00:30+00:00,0.0,0.0,0.0,0.0
Faltec Europe Ltd,219.0,6.0,154.88,2025-03-23 02:15:30+00:00,0.0,0.0,0.0,0.0
Faltec Europe Ltd,219.0,6.0,154.88,2025-03-23 02:30:30+00:00,0.0,0.0,0.0,0.0
Faltec Europe Ltd,219.0,6.0,154.88,2025-03-23 02:45:30+00:00,0.0,0.0,0.0,0.0
Faltec Europe Ltd,219.0,6.0,154.88,2025-03-23 03:00:30+00:00,0.0,0.0,0.0,0.0
Faltec Europe Ltd,219.0,6.0,154.88,2025-03-23 03:15:30+00:00,0.0,0.0,0.0,0.0
Faltec Europe Ltd,219.0,6.0,154.88,2025-03-23 03:30:30+00:00,0.0,0.0,0.0,0.0
Faltec Europe Ltd,219.0,6.0,154.88,2025-03-23 03:45:30+00:00,0.0,0.0,0.0,0.0
Faltec Europe Ltd,219.0,6.0,154.88,2025-03-23 04:00:30+00:00,0.0,0.0,0.0,0.0
Faltec Europe Ltd,219.0,6.0,154.88,2025-03-23 04:15:30+00:00,0.0,0.0,0.0,0.0
Faltec Europe Ltd,219.0,6.0,154.88,2025-03-23 04:30:30+00:00,0.0,0.0,0.0,0.0
Faltec Europe Ltd,219.0,6.0,154.88,2025-03-23 04:45:30+00:00,0.0,0.0,0.0,0.0
Faltec Europe Ltd,219.0,6.0,154.88,2025-03-23 05:00:30+00:00,0.0,0.0,0.0,0.0
Faltec Europe Ltd,219.0,6.0,154.88,2025-03-23 05:15:30+00:00,0.0,0.0,0.0,0.0
Faltec Europe Ltd,219.0,6.0,154.88,2025-03-23 05:30:30+00:00,0.0,0.0,0.0,0.0
Faltec Europe Ltd,219.0,6.0,154.88,2025-03-23 05:45:30+00:00,0.0,0.0,0.0,0.0
Faltec Europe Ltd,219.0,6.0,154.88,2025-03-23 06:00:30+00:00,0.0,0.0,0.00025,0.0
Faltec Europe Ltd,219.0,6.0,154.88,2025-03-23 06:15:30+00:00,0.001,0.00025,0.0025,0.001
Faltec Europe Ltd,219.0,6.0,154.88,2025-03-23 06:30:30+00:00,0.00275,0.0005,0.00625,0.00275
Faltec Europe Ltd,219.0,6.0,154.88,2025-03-23 06:45:30+00:00,0.006,0.00125,0.0115,0.00625
Faltec Europe Ltd,219.0,6.0,154.88,2025-03-23 07:00:30+00:00,0.01025,0.0045,0.018,0.01025
Faltec Europe Ltd,219.0,6.0,154.88,2025-03-23 07:15:30+00:00,0.01675,0.0085,0.02375,0.01725
Faltec Europe Ltd,219.0,6.0,154.88,2025-03-23 07:30:30+00:00,0.0215,0.0125,0.029,0.022
Faltec Europe Ltd,219.0,6.0,154.88,2025-03-23 07:45:30+00:00,0.024,0.01475,0.034,0.0245
Faltec Europe Ltd,219.0,6.0,154.88,2025-03-23 08:00:30+00:00,0.0275,0.0165,0.03725,0.028
Faltec Europe Ltd,219.0,6.0,154.88,2025-03-23 08:15:30+00:00,0.02875,0.01825,0.0395,0.029
Faltec Europe Ltd,219.0,6.0,154.88,2025-03-23 08:30:30+00:00,0.03,0.021,0.0405,0.03025
Faltec Europe Ltd,219.0,6.0,154.88,2025-03-23 08:45:30+00:00,0.0335,0.02325,0.045,0.03375
Faltec Europe Ltd,219.0,6.0,154.88,2025-03-23 09:00:30+00:00,0.039,0.0225,0.0505,0.03925
Faltec Europe Ltd,219.0,6.0,154.88,2025-03-23 09:15:30+00:00,0.037,0.01825,0.05475,0.03725
Faltec Europe Ltd,219.0,6.0,154.88,2025-03-23 09:30:30+00:00,0.03325,0.014,0.0535,0.0335
Faltec Europe Ltd,219.0,6.0,154.88,2025-03-23 09:45:30+00:00,0.0305,0.014,0.0495,0.03075
Faltec Europe Ltd,219.0,6.0,154.88,2025-03-23 10:00:30+00:00,0.031,0.01675,0.0455,0.03125
Faltec Europe Ltd,219.0,6.0,154.88,2025-03-23 10:15:30+00:00,0.03175,0.01975,0.044,0.032
Faltec Europe Ltd,219.0,6.0,154.88,2025-03-23 10:30:30+00:00,0.0325,0.0205,0.044,0.03275
Faltec Europe Ltd,219.0,6.0,154.88,2025-03-23 10:45:30+00:00,0.03225,0.02,0.0445,0.0325
Faltec Europe Ltd,219.0,6.0,154.88,2025-03-23 11:00:30+00:00,0.03175,0.01925,0.04475,0.03175
Faltec Europe Ltd,219.0,6.0,154.88,2025-03-23 11:15:30+00:00,0.03175,0.01875,0.04425,0.03175
Faltec Europe Ltd,219.0,6.0,154.88,2025-03-23 11:30:30+00:00,0.031,0.0185,0.04375,0.031
Faltec Europe Ltd,219.0,6.0,154.88,2025-03-23 11:45:30+00:00,0.0305,0.01825,0.04325,0.0305
Faltec Europe Ltd,219.0,6.0,154.88,2025-03-23 12:00:30+00:00,0.03075,0.018,0.04275,0.03075
Faltec Europe Ltd,219.0,6.0,154.88,2025-03-23 12:15:30+00:00,0.02975,0.01775,0.04225,0.03
Faltec Europe Ltd,219.0,6.0,154.88,2025-03-23 12:30:30+00:00,0.0295,0.017,0.0415,0.0295
Faltec Europe Ltd,219.0,6.0,154.88,2025-03-23 12:45:30+00:00,0.0285,0.01625,0.0405,0.0285
Faltec Europe Ltd,219.0,6.0,154.88,2025-03-23 13:00:30+00:00,0.02725,0.01575,0.03925,0.0275
Faltec Europe Ltd,219.0,6.0,154.88,2025-03-23 13:15:30+00:00,0.0265,0.01525,0.03825,0.0265
Faltec Europe Ltd,219.0,6.0,154.88,2025-03-23 13:30:30+00:00,0.02625,0.01475,0.0375,0.02625
Faltec Europe Ltd,219.0,6.0,154.88,2025-03-23 13:45:30+00:00,0.0255,0.0135,0.038,0.02575
Faltec Europe Ltd,219.0,6.0,154.88,2025-03-23 14:00:30+00:00,0.02525,0.01175,0.03875,0.0255
Faltec Europe Ltd,219.0,6.0,154.88,2025-03-23 14:15:30+00:00,0.0245,0.012,0.04025,0.02475
Faltec Europe Ltd,219.0,6.0,154.88,2025-03-23 14:30:30+00:00,0.0285,0.01375,0.041,0.0285
Faltec Europe Ltd,219.0,6.0,154.88,2025-03-23 14:45:30+00:00,0.029,0.017,0.0395,0.029
Faltec Europe Ltd,219.0,6.0,154.88,2025-03-23 15:00:30+00:00,0.02675,0.01725,0.03575,0.02675
Faltec Europe Ltd,219.0,6.0,154.88,2025-03-23 15:15:30+00:00,0.0235,0.01625,0.03175,0.0235
Faltec Europe Ltd,219.0,6.0,154.88,2025-03-23 15:30:30+00:00,0.02175,0.014,0.02975,0.02175
Faltec Europe Ltd,219.0,6.0,154.88,2025-03-23 15:45:30+00:00,0.0205,0.01225,0.0285,0.0205
Faltec Europe Ltd,219.0,6.0,154.88,2025-03-23 16:00:30+00:00,0.01875,0.01075,0.02675,0.019
Faltec Europe Ltd,219.0,6.0,154.88,2025-03-23 16:15:30+00:00,0.0165,0.00875,0.0245,0.01675
Faltec Europe Ltd,219.0,6.0,154.88,2025-03-23 16:30:30+00:00,0.0145,0.00675,0.022,0.0145
Faltec Europe Ltd,219.0,6.0,154.88,2025-03-23 16:45:30+00:00,0.01225,0.005,0.0195,0.01225
Faltec Europe Ltd,219.0,6.0,154.88,2025-03-23 17:00:30+00:00,0.01,0.00375,0.0165,0.01025
Faltec Europe Ltd,219.0,6.0,154.88,2025-03-23 17:15:30+00:00,0.008,0.00275,0.01325,0.008
Faltec Europe Ltd,219.0,6.0,154.88,2025-03-23 17:30:30+00:00,0.00575,0.002,0.00925,0.00575
Faltec Europe Ltd,219.0,6.0,154.88,2025-03-23 17:45:30+00:00,0.003,0.001,0.0055,0.003
Faltec Europe Ltd,219.0,6.0,154.88,2025-03-23 18:00:30+00:00,0.001,0.0005,0.002,0.001
Faltec Europe Ltd,219.0,6.0,154.88,2025-03-23 18:15:30+00:00,0.0,0.0,0.00025,0.0
Faltec Europe Ltd,219.0,6.0,154.88,2025-03-23 18:30:30+00:00,0.0,0.0,0.0,0.0
Faltec Europe Ltd,219.0,6.0,154.88,2025-03-23 18:45:30+00:00,0.0,0.0,0.0,0.0
Faltec Europe Ltd,219.0,6.0,154.88,2025-03-23 19:00:30+00:00,0.0,0.0,0.0,0.0
Faltec Europe Ltd,219.0,6.0,154.88,2025-03-23 19:15:30+00:00,0.0,0.0,0.0,0.0
Faltec Europe Ltd,219.0,6.0,154.88,2025-03-23 19:30:30+00:00,0.0,0.0,0.0,0.0
Faltec Europe Ltd,219.0,6.0,154.88,2025-03-23 19:45:30+00:00,0.0,0.0,0.0,0.0
Faltec Europe Ltd,219.0,6.0,154.88,2025-03-23 20:00:30+00:00,0.0,0.0,0.0,0.0
Faltec Europe Ltd,219.0,6.0,154.88,2025-03-23 20:15:30+00:00,0.0,0.0,0.0,0.0
Faltec Europe Ltd,219.0,6.0,154.88,2025-03-23 20:30:30+00:00,0.0,0.0,0.0,0.0
Faltec Europe Ltd,219.0,6.0,154.88,2025-03-23 20:45:30+00:00,0.0,0.0,0.0,0.0
Faltec Europe Ltd,219.0,6.0,154.88,2025-03-23 21:00:30+00:00,0.0,0.0,0.0,0.0
Faltec Europe Ltd,219.0,6.0,154.88,2025-03-23 21:15:30+00:00,0.0,0.0,0.0,0.0
Faltec Europe Ltd,219.0,6.0,154.88,2025-03-23 21:30:30+00:00,0.0,0.0,0.0,0.0
Faltec Europe Ltd,219.0,6.0,154.88,2025-03-23 21:45:30+00:00,0.0,0.0,0.0,0.0
Faltec Europe Ltd,219.0,6.0,154.88,2025-03-23 22:00:30+00:00,0.0,0.0,0.0,0.0
Faltec Europe Ltd,219.0,6.0,154.88,2025-03-23 22:15:30+00:00,0.0,0.0,0.0,0.0
Faltec Europe Ltd,219.0,6.0,154.88,2025-03-23 22:30:30+00:00,0.0,0.0,0.0,0.0
Faltec Europe Ltd,219.0,6.0,154.88,2025-03-23 22:45:30+00:00,0.0,0.0,0.0,0.0
Faltec Europe Ltd,219.0,6.0,154.88,2025-03-23 23:00:30+00:00,0.0,0.0,0.0,0.0
Faltec Europe Ltd,219.0,6.0,154.88,2025-03-23 23:15:30+00:00,0.0,0.0,0.0,0.0
Faltec Europe Ltd,219.0,6.0,154.88,2025-03-23 23:30:30+00:00,0.0,0.0,0.0,0.0
Faltec Europe Ltd,219.0,6.0,154.88,2025-03-23 23:45:30+00:00,0.0,0.0,0.0,0.0
Faltec Europe Ltd,219.0,6.0,154.88,2025-03-24 00:00:30+00:00,0.0,0.0,0.0,0.0
Faltec Europe Ltd,219.0,6.0,154.88,2025-03-24 00:15:30+00:00,0.0,0.0,0.0,0.0
Faltec Europe Ltd,219.0,6.0,154.88,2025-03-24 00:30:30+00:00,0.0,0.0,0.0,0.0
Faltec Europe Ltd,219.0,6.0,154.88,2025-03-24 00:45:30+00:00,0.0,0.0,0.0,0.0
Faltec Europe Ltd,219.0,6.0,154.88,2025-03-24 01:00:30+00:00,0.0,0.0,0.0,0.0
Faltec Europe Ltd,219.0,6.0,154.88,2025-03-24 01:15:30+00:00,0.0,0.0,0.0,0.0
Faltec Europe Ltd,219.0,6.0,154.88,2025-03-24 01:30:30+00:00,0.0,0.0,0.0,0.0
Faltec Europe Ltd,219.0,6.0,154.88,2025-03-24 01:45:30+00:00,0.0,0.0,0.0,0.0
Faltec Europe Ltd,219.0,6.0,154.88,2025-03-24 02:00:30+00:00,0.0,0.0,0.0,0.0
Faltec Europe Ltd,219.0,6.0,154.88,2025-03-24 02:15:30+00:00,0.0,0.0,0.0,0.0
Faltec Europe Ltd,219.0,6.0,154.88,2025-03-24 02:30:30+00:00,0.0,0.0,0.0,0.0
Faltec Europe Ltd,219.0,6.0,154.88,2025-03-24 02:45:30+00:00,0.0,0.0,0.0,0.0
Faltec Europe Ltd,219.0,6.0,154.88,2025-03-24 03:00:30+00:00,0.0,0.0,0.0,0.0
Faltec Europe Ltd,219.0,6.0,154.88,2025-03-24 03:15:30+00:00,0.0,0.0,0.0,0.0
Faltec Europe Ltd,219.0,6.0,154.88,2025-03-24 03:30:30+00:00,0.0,0.0,0.0,0.0
Faltec Europe Ltd,219.0,6.0,154.88,2025-03-24 03:45:30+00:00,0.0,0.0,0.0,0.0
Faltec Europe Ltd,219.0,6.0,154.88,2025-03-24 04:00:30+00:00,0.0,0.0,0.0,0.0
Faltec Europe Ltd,219.0,6.0,154.88,2025-03-24 04:15:30+00:00,0.0,0.0,0.0,0.0
Faltec Europe Ltd,219.0,6.0,154.88,2025-03-24 04:30:30+00:00,0.0,0.0,0.0,0.0
Faltec Europe Ltd,219.0,6.0,154.88,2025-03-24 04:45:30+00:00,0.0,0.0,0.0,0.0
Faltec Europe Ltd,219.0,6.0,154.88,2025-03-24 05:00:30+00:00,0.0,0.0,0.0,0.0
Faltec Europe Ltd,219.0,6.0,154.88,2025-03-24 05:15:30+00:00,0.0,0.0,0.0,0.0
Faltec Europe Ltd,219.0,6.0,154.88,2025-03-24 05:30:30+00:00,0.0,0.0,0.0,0.0
Faltec Europe Ltd,219.0,6.0,154.88,2025-03-24 05:45:30+00:00,0.0,0.0,0.0,0.0
Faltec Europe Ltd,219.0,6.0,154.88,2025-03-24 06:00:30+00:00,0.00075,0.0005,0.001,0.00075
Faltec Europe Ltd,219.0,6.0,154.88,2025-03-24 06:15:30+00:00,0.004,0.00225,0.00575,0.004
Faltec Europe Ltd,219.0,6.0,154.88,2025-03-24 06:30:30+00:00,0.008,0.00375,0.0115,0.009
Faltec Europe Ltd,219.0,6.0,154.88,2025-03-24 06:45:30+00:00,0.0125,0.0045,0.019,0.0135
Faltec Europe Ltd,219.0,6.0,154.88,2025-03-24 07:00:30+00:00,0.01475,0.0045,0.02475,0.0155
Faltec Europe Ltd,219.0,6.0,154.88,2025-03-24 07:15:30+00:00,0.0165,0.00575,0.02825,0.017
Faltec Europe Ltd,219.0,6.0,154.88,2025-03-24 07:30:30+00:00,0.01925,0.00925,0.0315,0.01975
Faltec Europe Ltd,219.0,6.0,154.88,2025-03-24 07:45:30+00:00,0.025,0.01275,0.03425,0.0255
Faltec Europe Ltd,219.0,6.0,154.88,2025-03-24 08:00:30+00:00,0.02625,0.01425,0.037,0.02675
Faltec Europe Ltd,219.0,6.0,154.88,2025-03-24 08:15:30+00:00,0.02575,0.0145,0.04,0.026
Faltec Europe Ltd,219.0,6.0,154.88,2025-03-24 08:30:30+00:00,0.02975,0.0065,0.05225,0.03
Faltec Europe Ltd,219.0,6.0,154.88,2025-03-24 08:45:30+00:00,0.03275,0.007,0.07075,0.033
Faltec Europe Ltd,219.0,6.0,154.88,2025-03-24 09:00:30+00:00,0.04775,0.01075,0.1015,0.04825
Faltec Europe Ltd,219.0,6.0,154.88,2025-03-24 09:15:30+00:00,0.088,0.0265,0.1115,0.088
Faltec Europe Ltd,219.0,6.0,154.88,2025-03-24 09:30:30+00:00,0.08025,0.03475,0.11975,0.07975
Faltec Europe Ltd,219.0,6.0,154.88,2025-03-24 09:45:30+00:00,0.0675,0.02975,0.1205,0.06725
Faltec Europe Ltd,219.0,6.0,154.88,2025-03-24 10:00:30+00:00,0.07775,0.037,0.13375,0.077
Faltec Europe Ltd,219.0,6.0,154.88,2025-03-24 10:15:30+00:00,0.118,0.056,0.1425,0.1145
Faltec Europe Ltd,219.0,6.0,154.88,2025-03-24 10:30:30+00:00,0.13575,0.089,0.15,0.13
Faltec Europe Ltd,219.0,6.0,154.88,2025-03-24 10:45:30+00:00,0.13975,0.1115,0.15575,0.1325
Faltec Europe Ltd,219.0,6.0,154.88,2025-03-24 11:00:30+00:00,0.141,0.12575,0.159,0.133
Faltec Europe Ltd,219.0,6.0,154.88,2025-03-24 11:15:30+00:00,0.14625,0.1245,0.1635,0.13725
Faltec Europe Ltd,219.0,6.0,154.88,2025-03-24 11:30:30+00:00,0.14425,0.11675,0.16775,0.135
Faltec Europe Ltd,219.0,6.0,154.88,2025-03-24 11:45:30+00:00,0.1355,0.109,0.164,0.127
Faltec Europe Ltd,219.0,6.0,154.88,2025-03-24 12:00:30+00:00,0.13,0.10475,0.15575,0.12175
Faltec Europe Ltd,219.0,6.0,154.88,2025-03-24 12:15:30+00:00,0.125,0.10475,0.152,0.11675
Faltec Europe Ltd,219.0,6.0,154.88,2025-03-24 12:30:30+00:00,0.1305,0.10675,0.15575,0.121
Faltec Europe Ltd,219.0,6.0,154.88,2025-03-24 12:45:30+00:00,0.1385,0.111,0.1645,0.1275
Faltec Europe Ltd,219.0,6.0,154.88,2025-03-24 13:00:30+00:00,0.14475,0.119,0.1685,0.1315
Faltec Europe Ltd,219.0,6.0,154.88,2025-03-24 13:15:30+00:00,0.14625,0.12675,0.165,0.13175
Faltec Europe Ltd,219.0,6.0,154.88,2025-03-24 13:30:30+00:00,0.146,0.132,0.1585,0.1305
Faltec Europe Ltd,219.0,6.0,154.88,2025-03-24 13:45:30+00:00,0.14325,0.1335,0.15175,0.1275
Faltec Europe Ltd,219.0,6.0,154.88,2025-03-24 14:00:30+00:00,0.1385,0.131,0.1455,0.1225
Faltec Europe Ltd,219.0,6.0,154.88,2025-03-24 14:15:30+00:00,0.13275,0.126,0.139,0.117
Faltec Europe Ltd,219.0,6.0,154.88,2025-03-24 14:30:30+00:00,0.12575,0.119,0.13275,0.11025
Faltec Europe Ltd,219.0,6.0,154.88,2025-03-24 14:45:30+00:00,0.11875,0.1115,0.1255,0.10375
Faltec Europe Ltd,219.0,6.0,154.88,2025-03-24 15:00:30+00:00,0.11075,0.104,0.117,0.09625
Faltec Europe Ltd,219.0,6.0,154.88,2025-03-24 15:15:30+00:00,0.10175,0.095,0.10925,0.08825
Faltec Europe Ltd,219.0,6.0,154.88,2025-03-24 15:30:30+00:00,0.0935,0.08575,0.10225,0.0805
Faltec Europe Ltd,219.0,6.0,154.88,2025-03-24 15:45:30+00:00,0.08675,0.076,0.098,0.07375
Faltec Europe Ltd,219.0,6.0,154.88,2025-03-24 16:00:30+00:00,0.08075,0.0645,0.08825,0.068
Faltec Europe Ltd,219.0,6.0,154.88,2025-03-24 16:15:30+00:00,0.07025,0.04775,0.0765,0.05975
Faltec Europe Ltd,219.0,6.0,154.88,2025-03-24 16:30:30+00:00,0.0525,0.03075,0.06475,0.045
Faltec Europe Ltd,219.0,6.0,154.88,2025-03-24 16:45:30+00:00,0.03575,0.018,0.052,0.03175
Faltec Europe Ltd,219.0,6.0,154.88,2025-03-24 17:00:30+00:00,0.0235,0.01225,0.03875,0.0215
Faltec Europe Ltd,219.0,6.0,154.88,2025-03-24 17:15:30+00:00,0.0185,0.0095,0.027,0.017
Faltec Europe Ltd,219.0,6.0,154.88,2025-03-24 17:30:30+00:00,0.01175,0.0065,0.01775,0.011
Faltec Europe Ltd,219.0,6.0,154.88,2025-03-24 17:45:30+00:00,0.006,0.00325,0.00975,0.006
Faltec Europe Ltd,219.0,6.0,154.88,2025-03-24 18:00:30+00:00,0.00225,0.0015,0.004,0.00225
Faltec Europe Ltd,219.0,6.0,154.88,2025-03-24 18:15:30+00:00,0.00075,0.0005,0.00125,0.00075
Faltec Europe Ltd,219.0,6.0,154.88,2025-03-24 18:30:30+00:00,0.0,0.0,0.0,0.0
Faltec Europe Ltd,219.0,6.0,154.88,2025-03-24 18:45:30+00:00,0.0,0.0,0.0,0.0
Faltec Europe Ltd,219.0,6.0,154.88,2025-03-24 19:00:30+00:00,0.0,0.0,0.0,0.0
Faltec Europe Ltd,219.0,6.0,154.88,2025-03-24 19:15:30+00:00,0.0,0.0,0.0,0.0
Faltec Europe Ltd,219.0,6.0,154.88,2025-03-24 19:30:30+00:00,0.0,0.0,0.0,0.0
Faltec Europe Ltd,219.0,6.0,154.88,2025-03-24 19:45:30+00:00,0.0,0.0,0.0,0.0
Faltec Europe Ltd,219.0,6.0,154.88,2025-03-24 20:00:30+00:00,0.0,0.0,0.0,0.0
Faltec Europe Ltd,219.0,6.0,154.88,2025-03-24 20:15:30+00:00,0.0,0.0,0.0,0.0
Faltec Europe Ltd,219.0,6.0,154.88,2025-03-24 20:30:30+00:00,0.0,0.0,0.0,0.0
Faltec Europe Ltd,219.0,6.0,154.88,2025-03-24 20:45:30+00:00,0.0,0.0,0.0,0.0
Faltec Europe Ltd,219.0,6.0,154.88,2025-03-24 21:00:30+00:00,0.0,0.0,0.0,0.0
Faltec Europe Ltd,219.0,6.0,154.88,2025-03-24 21:15:30+00:00,0.0,0.0,0.0,0.0
Faltec Europe Ltd,219.0,6.0,154.88,2025-03-24 21:30:30+00:00,0.0,0.0,0.0,0.0
Faltec Europe Ltd,219.0,6.0,154.88,2025-03-24 21:45:30+00:00,0.0,0.0,0.0,0.0
Faltec Europe Ltd,219.0,6.0,154.88,2025-03-24 22:00:30+00:00,0.0,0.0,0.0,0.0
Faltec Europe Ltd,219.0,6.0,154.88,2025-03-24 22:15:30+00:00,0.0,0.0,0.0,0.0
Faltec Europe Ltd,219.0,6.0,154.88,2025-03-24 22:30:30+00:00,0.0,0.0,0.0,0.0
Faltec Europe Ltd,219.0,6.0,154.88,2025-03-24 22:45:30+00:00,0.0,0.0,0.0,0.0
Faltec Europe Ltd,219.0,6.0,154.88,2025-03-24 23:00:30+00:00,0.0,0.0,0.0,0.0
Faltec Europe Ltd,219.0,6.0,154.88,2025-03-24 23:15:30+00:00,0.0,0.0,0.0,0.0
Faltec Europe Ltd,219.0,6.0,154.88,2025-03-24 23:30:30+00:00,0.0,0.0,0.0,0.0
Faltec Europe Ltd,219.0,6.0,154.88,2025-03-24 23:45:30+00:00,0.0,0.0,0.0,0.0
Faltec Europe Ltd,219.0,6.0,154.88,2025-03-25 00:00:30+00:00,0.0,0.0,0.0,0.0
Faltec Europe Ltd,219.0,6.0,154.88,2025-03-25 00:15:30+00:00,0.0,0.0,0.0,0.0
Faltec Europe Ltd,219.0,6.0,154.88,2025-03-25 00:30:30+00:00,0.0,0.0,0.0,0.0
Faltec Europe Ltd,219.0,6.0,154.88,2025-03-25 00:45:30+00:00,0.0,0.0,0.0,0.0
Faltec Europe Ltd,219.0,6.0,154.88,2025-03-25 01:00:30+00:00,0.0,0.0,0.0,0.0
Faltec Europe Ltd,219.0,6.0,154.88,2025-03-25 01:15:30+00:00,0.0,0.0,0.0,0.0
Faltec Europe Ltd,219.0,6.0,154.88,2025-03-25 01:30:30+00:00,0.0,0.0,0.0,0.0
Faltec Europe Ltd,219.0,6.0,154.88,2025-03-25 01:45:30+00:00,0.0,0.0,0.0,0.0
Faltec Europe Ltd,219.0,6.0,154.88,2025-03-25 02:00:30+00:00,0.0,0.0,0.0,0.0
Faltec Europe Ltd,219.0,6.0,154.88,2025-03-25 02:15:30+00:00,0.0,0.0,0.0,0.0
Faltec Europe Ltd,219.0,6.0,154.88,2025-03-25 02:30:30+00:00,0.0,0.0,0.0,0.0
Faltec Europe Ltd,219.0,6.0,154.88,2025-03-25 02:45:30+00:00,0.0,0.0,0.0,0.0
Faltec Europe Ltd,219.0,6.0,154.88,2025-03-25 03:00:30+00:00,0.0,0.0,0.0,0.0
Faltec Europe Ltd,219.0,6.0,154.88,2025-03-25 03:15:30+00:00,0.0,0.0,0.0,0.0
Faltec Europe Ltd,219.0,6.0,154.88,2025-03-25 03:30:30+00:00,0.0,0.0,0.0,0.0
Faltec Europe Ltd,219.0,6.0,154.88,2025-03-25 03:45:30+00:00,0.0,0.0,0.0,0.0
Faltec Europe Ltd,219.0,6.0,154.88,2025-03-25 04:00:30+00:00,0.0,0.0,0.0,0.0
Faltec Europe Ltd,219.0,6.0,154.88,2025-03-25 04:15:30+00:00,0.0,0.0,0.0,0.0
Faltec Europe Ltd,219.0,6.0,154.88,2025-03-25 04:30:30+00:00,0.0,0.0,0.0,0.0
Faltec Europe Ltd,219.0,6.0,154.88,2025-03-25 04:45:30+00:00,0.0,0.0,0.0,0.0
Faltec Europe Ltd,219.0,6.0,154.88,2025-03-25 05:00:30+00:00,0.0,0.0,0.0,0.0
Faltec Europe Ltd,219.0,6.0,154.88,2025-03-25 05:15:30+00:00,0.0,0.0,0.0,0.0
Faltec Europe Ltd,219.0,6.0,154.88,2025-03-25 05:30:30+00:00,0.0,0.0,0.0,0.0
Faltec Europe Ltd,219.0,6.0,154.88,2025-03-25 05:45:30+00:00,0.0,0.0,0.0,0.0
Faltec Europe Ltd,219.0,6.0,154.88,2025-03-25 06:00:30+00:00,0.001,0.00025,0.00225,0.001
Faltec Europe Ltd,219.0,6.0,154.88,2025-03-25 06:15:30+00:00,0.00325,0.00075,0.00625,0.00325
Faltec Europe Ltd,219.0,6.0,154.88,2025-03-25 06:30:30+00:00,0.0065,0.00225,0.01175,0.0065
Faltec Europe Ltd,219.0,6.0,154.88,2025-03-25 06:45:30+00:00,0.01125,0.00475,0.01875,0.012
Faltec Europe Ltd,219.0,6.0,154.88,2025-03-25 07:00:30+00:00,0.01775,0.00875,0.0255,0.019
Faltec Europe Ltd,219.0,6.0,154.88,2025-03-25 07:15:30+00:00,0.02275,0.01475,0.033,0.02425
Faltec Europe Ltd,219.0,6.0,154.88,2025-03-25 07:30:30+00:00,0.03025,0.02025,0.03875,0.03225
Faltec Europe Ltd,219.0,6.0,154.88,2025-03-25 07:45:30+00:00,0.036,0.02525,0.04625,0.03775
Faltec Europe Ltd,219.0,6.0,154.88,2025-03-25 08:00:30+00:00,0.04075,0.0265,0.05275,0.042
Faltec Europe Ltd,219.0,6.0,154.88,2025-03-25 08:15:30+00:00,0.04225,0.02675,0.0575,0.043
Faltec Europe Ltd,219.0,6.0,154.88,2025-03-25 08:30:30+00:00,0.043,0.025,0.06075,0.04375
Faltec Europe Ltd,219.0,6.0,154.88,2025-03-25 08:45:30+00:00,0.04325,0.024,0.073,0.04375
Faltec Europe Ltd,219.0,6.0,154.88,2025-03-25 09:00:30+00:00,0.059,0.024,0.09175,0.0595
Faltec Europe Ltd,219.0,6.0,154.88,2025-03-25 09:15:30+00:00,0.0715,0.03625,0.113,0.0715
Faltec Europe Ltd,219.0,6.0,154.88,2025-03-25 09:30:30+00:00,0.09375,0.0545,0.12625,0.09275
Faltec Europe Ltd,219.0,6.0,154.88,2025-03-25 09:45:30+00:00,0.10575,0.07825,0.128,0.104
Faltec Europe Ltd,219.0,6.0,154.88,2025-03-25 10:00:30+00:00,0.10975,0.09425,0.128,0.107
Faltec Europe Ltd,219.0,6.0,154.88,2025-03-25 10:15:30+00:00,0.11825,0.09825,0.1365,0.114
Faltec Europe Ltd,219.0,6.0,154.88,2025-03-25 10:30:30+00:00,0.12325,0.093,0.149,0.1185
Faltec Europe Ltd,219.0,6.0,154.88,2025-03-25 10:45:30+00:00,0.1215,0.0715,0.15775,0.1165
Faltec Europe Ltd,219.0,6.0,154.88,2025-03-25 11:00:30+00:00,0.0975,0.054,0.156,0.09425
Faltec Europe Ltd,219.0,6.0,154.88,2025-03-25 11:15:30+00:00,0.0965,0.04125,0.1435,0.093
Faltec Europe Ltd,219.0,6.0,154.88,2025-03-25 11:30:30+00:00,0.0815,0.0355,0.13075,0.0795
Faltec Europe Ltd,219.0,6.0,154.88,2025-03-25 11:45:30+00:00,0.07125,0.0325,0.11475,0.07
Faltec Europe Ltd,219.0,6.0,154.88,2025-03-25 12:00:30+00:00,0.067,0.02675,0.1035,0.06625
Faltec Europe Ltd,219.0,6.0,154.88,2025-03-25 12:15:30+00:00,0.05675,0.02475,0.08925,0.05625
Faltec Europe Ltd,219.0,6.0,154.88,2025-03-25 12:30:30+00:00,0.0465,0.02525,0.07775,0.0465
Faltec Europe Ltd,219.0,6.0,154.88,2025-03-25 12:45:30+00:00,0.0515,0.016,0.08725,0.05125
Faltec Europe Ltd,219.0,6.0,154.88,2025-03-25 13:00:30+00:00,0.0565,0.012,0.1035,0.056
Faltec Europe Ltd,219.0,6.0,154.88,2025-03-25 13:15:30+00:00,0.05925,0.012,0.12925,0.0585
Faltec Europe Ltd,219.0,6.0,154.88,2025-03-25 13:30:30+00:00,0.1,0.02925,0.1515,0.0935
Faltec Europe Ltd,219.0,6.0,154.88,2025-03-25 13:45:30+00:00,0.10825,0.04875,0.15725,0.10025
Faltec Europe Ltd,219.0,6.0,154.88,2025-03-25 14:00:30+00:00,0.09925,0.05525,0.15425,0.092
Faltec Europe Ltd,219.0,6.0,154.88,2025-03-25 14:15:30+00:00,0.1085,0.06725,0.15325,0.0985
Faltec Europe Ltd,219.0,6.0,154.88,2025-03-25 14:30:30+00:00,0.12825,0.082,0.15,0.113
Faltec Europe Ltd,219.0,6.0,154.88,2025-03-25 14:45:30+00:00,0.12975,0.09825,0.14425,0.11225
Faltec Europe Ltd,219.0,6.0,154.88,2025-03-25 15:00:30+00:00,0.1235,0.10675,0.137,0.10525
Faltec Europe Ltd,219.0,6.0,154.88,2025-03-25 15:15:30+00:00,0.11525,0.1075,0.1235,0.0975
Faltec Europe Ltd,219.0,6.0,154.88,2025-03-25 15:30:30+00:00,0.1075,0.1005,0.11425,0.09025
Faltec Europe Ltd,219.0,6.0,154.88,2025-03-25 15:45:30+00:00,0.09925,0.091,0.107,0.0825
Faltec Europe Ltd,219.0,6.0,154.88,2025-03-25 16:00:30+00:00,0.0895,0.0805,0.09775,0.074
Faltec Europe Ltd,219.0,6.0,154.88,2025-03-25 16:15:30+00:00,0.07925,0.06975,0.087,0.065
Faltec Europe Ltd,219.0,6.0,154.88,2025-03-25 16:30:30+00:00,0.069,0.059,0.07575,0.05575
Faltec Europe Ltd,219.0,6.0,154.88,2025-03-25 16:45:30+00:00,0.05875,0.0485,0.0645,0.04675
Faltec Europe Ltd,219.0,6.0,154.88,2025-03-25 17:00:30+00:00,0.048,0.0385,0.053,0.03775
Faltec Europe Ltd,219.0,6.0,154.88,2025-03-25 17:15:30+00:00,0.0375,0.02875,0.04125,0.0285
Faltec Europe Ltd,219.0,6.0,154.88,2025-03-25 17:30:30+00:00,0.027,0.01975,0.03,0.02
Faltec Europe Ltd,219.0,6.0,154.88,2025-03-25 17:45:30+00:00,0.01675,0.012,0.01875,0.012
Faltec Europe Ltd,219.0,6.0,154.88,2025-03-25 18:00:30+00:00,0.006,0.005,0.00675,0.005
Faltec Europe Ltd,219.0,6.0,154.88,2025-03-25 18:15:30+00:00,0.00175,0.0015,0.002,0.002
Faltec Europe Ltd,219.0,6.0,154.88,2025-03-25 18:30:30+00:00,0.0,0.0,0.0,0.0
Faltec Europe Ltd,219.0,6.0,154.88,2025-03-25 18:45:30+00:00,0.0,0.0,0.0,0.0
Faltec Europe Ltd,219.0,6.0,154.88,2025-03-25 19:00:30+00:00,0.0,0.0,0.0,0.0
Faltec Europe Ltd,219.0,6.0,154.88,2025-03-25 19:15:30+00:00,0.0,0.0,0.0,0.0
Faltec Europe Ltd,219.0,6.0,154.88,2025-03-25 19:30:30+00:00,0.0,0.0,0.0,0.0
Faltec Europe Ltd,219.0,6.0,154.88,2025-03-25 19:45:30+00:00,0.0,0.0,0.0,0.0
Faltec Europe Ltd,219.0,6.0,154.88,2025-03-25 20:00:30+00:00,0.0,0.0,0.0,0.0
Faltec Europe Ltd,219.0,6.0,154.88,2025-03-25 20:15:30+00:00,0.0,0.0,0.0,0.0
Faltec Europe Ltd,219.0,6.0,154.88,2025-03-25 20:30:30+00:00,0.0,0.0,0.0,0.0
Faltec Europe Ltd,219.0,6.0,154.88,2025-03-25 20:45:30+00:00,0.0,0.0,0.0,0.0
Faltec Europe Ltd,219.0,6.0,154.88,2025-03-25 21:00:30+00:00,0.0,0.0,0.0,0.0
Faltec Europe Ltd,219.0,6.0,154.88,2025-03-25 21:15:30+00:00,0.0,0.0,0.0,0.0
Faltec Europe Ltd,219.0,6.0,154.88,2025-03-25 21:30:30+00:00,0.0,0.0,0.0,0.0
Faltec Europe Ltd,219.0,6.0,154.88,2025-03-25 21:45:30+00:00,0.0,0.0,0.0,0.0
Faltec Europe Ltd,219.0,6.0,154.88,2025-03-25 22:00:30+00:00,0.0,0.0,0.0,0.0
Faltec Europe Ltd,219.0,6.0,154.88,2025-03-25 22:15:30+00:00,0.0,0.0,0.0,0.0
Faltec Europe Ltd,219.0,6.0,154.88,2025-03-25 22:30:30+00:00,0.0,0.0,0.0,0.0
Faltec Europe Ltd,219.0,6.0,154.88,2025-03-25 22:45:30+00:00,0.0,0.0,0.0,0.0
Faltec Europe Ltd,219.0,6.0,154.88,2025-03-25 23:00:30+00:00,0.0,0.0,0.0,0.0
Faltec Europe Ltd,219.0,6.0,154.88,2025-03-25 23:15:30+00:00,0.0,0.0,0.0,0.0
Faltec Europe Ltd,219.0,6.0,154.88,2025-03-25 23:30:30+00:00,0.0,0.0,0.0,0.0
Faltec Europe Ltd,219.0,6.0,154.88,2025-03-25 23:45:30+00:00,0.0,0.0,0.0,0.0
Faltec Europe Ltd,219.0,6.0,154.88,2025-03-26 00:00:30+00:00,0.0,0.0,0.0,0.0
Faltec Europe Ltd,219.0,6.0,154.88,2025-03-26 00:15:30+00:00,0.0,0.0,0.0,0.0
Faltec Europe Ltd,219.0,6.0,154.88,2025-03-26 00:30:30+00:00,0.0,0.0,0.0,0.0
Faltec Europe Ltd,219.0,6.0,154.88,2025-03-26 00:45:30+00:00,0.0,0.0,0.0,0.0
Faltec Europe Ltd,219.0,6.0,154.88,2025-03-26 01:00:30+00:00,0.0,0.0,0.0,0.0
Faltec Europe Ltd,219.0,6.0,154.88,2025-03-26 01:15:30+00:00,0.0,0.0,0.0,0.0
Faltec Europe Ltd,219.0,6.0,154.88,2025-03-26 01:30:30+00:00,0.0,0.0,0.0,0.0
Faltec Europe Ltd,219.0,6.0,154.88,2025-03-26 01:45:30+00:00,0.0,0.0,0.0,0.0
Faltec Europe Ltd,219.0,6.0,154.88,2025-03-26 02:00:30+00:00,0.0,0.0,0.0,0.0
Faltec Europe Ltd,219.0,6.0,154.88,2025-03-26 02:15:30+00:00,0.0,0.0,0.0,0.0
Faltec Europe Ltd,219.0,6.0,154.88,2025-03-26 02:30:30+00:00,0.0,0.0,0.0,0.0
Faltec Europe Ltd,219.0,6.0,154.88,2025-03-26 02:45:30+00:00,0.0,0.0,0.0,0.0
Faltec Europe Ltd,219.0,6.0,154.88,2025-03-26 03:00:30+00:00,0.0,0.0,0.0,0.0
Faltec Europe Ltd,219.0,6.0,154.88,2025-03-26 03:15:30+00:00,0.0,0.0,0.0,0.0
Faltec Europe Ltd,219.0,6.0,154.88,2025-03-26 03:30:30+00:00,0.0,0.0,0.0,0.0
Faltec Europe Ltd,219.0,6.0,154.88,2025-03-26 03:45:30+00:00,0.0,0.0,0.0,0.0
Faltec Europe Ltd,219.0,6.0,154.88,2025-03-26 04:00:30+00:00,0.0,0.0,0.0,0.0
Faltec Europe Ltd,219.0,6.0,154.88,2025-03-26 04:15:30+00:00,0.0,0.0,0.0,0.0
Faltec Europe Ltd,219.0,6.0,154.88,2025-03-26 04:30:30+00:00,0.0,0.0,0.0,0.0
Faltec Europe Ltd,219.0,6.0,154.88,2025-03-26 04:45:30+00:00,0.0,0.0,0.0,0.0
Faltec Europe Ltd,219.0,6.0,154.88,2025-03-26 05:00:30+00:00,0.0,0.0,0.0,0.0
Faltec Europe Ltd,219.0,6.0,154.88,2025-03-26 05:15:30+00:00,0.0,0.0,0.0,0.0
Faltec Europe Ltd,219.0,6.0,154.88,2025-03-26 05:30:30+00:00,0.0,0.0,0.0,0.0
Faltec Europe Ltd,219.0,6.0,154.88,2025-03-26 05:45:30+00:00,0.0,0.0,0.0,0.0
Faltec Europe Ltd,219.0,6.0,154.88,2025-03-26 06:00:30+00:00,0.00225,0.00175,0.003,0.00225
Faltec Europe Ltd,219.0,6.0,154.88,2025-03-26 06:15:30+00:00,0.00525,0.00375,0.007,0.00675
Faltec Europe Ltd,219.0,6.0,154.88,2025-03-26 06:30:30+00:00,0.0105,0.0075,0.0135,0.01325
Faltec Europe Ltd,219.0,6.0,154.88,2025-03-26 06:45:30+00:00,0.01825,0.01225,0.0215,0.02225
Faltec Europe Ltd,219.0,6.0,154.88,2025-03-26 07:00:30+00:00,0.0245,0.01775,0.0305,0.0285
Faltec Europe Ltd,219.0,6.0,154.88,2025-03-26 07:15:30+00:00,0.03125,0.02475,0.04025,0.03525
Faltec Europe Ltd,219.0,6.0,154.88,2025-03-26 07:30:30+00:00,0.043,0.03275,0.05,0.04775
Faltec Europe Ltd,219.0,6.0,154.88,2025-03-26 07:45:30+00:00,0.0525,0.04225,0.06025,0.05675
Faltec Europe Ltd,219.0,6.0,154.88,2025-03-26 08:00:30+00:00,0.05975,0.05225,0.07,0.0635
Faltec Europe Ltd,219.0,6.0,154.88,2025-03-26 08:15:30+00:00,0.07075,0.0625,0.07825,0.074
Faltec Europe Ltd,219.0,6.0,154.88,2025-03-26 08:30:30+00:00,0.08075,0.0735,0.0875,0.08325
Faltec Europe Ltd,219.0,6.0,154.88,2025-03-26 08:45:30+00:00,0.09,0.0835,0.096,0.0915
Faltec Europe Ltd,219.0,6.0,154.88,2025-03-26 09:00:30+00:00,0.0985,0.092,0.104,0.099
Faltec Europe Ltd,219.0,6.0,154.88,2025-03-26 09:15:30+00:00,0.1055,0.09975,0.1135,0.105
Faltec Europe Ltd,219.0,6.0,154.88,2025-03-26 09:30:30+00:00,0.116,0.10775,0.123,0.1145
Faltec Europe Ltd,219.0,6.0,154.88,2025-03-26 09:45:30+00:00,0.1245,0.11675,0.131,0.12175
Faltec Europe Ltd,219.0,6.0,154.88,2025-03-26 10:00:30+00:00,0.13075,0.12425,0.1375,0.12675
Faltec Europe Ltd,219.0,6.0,154.88,2025-03-26 10:15:30+00:00,0.13775,0.1315,0.14375,0.13225
Faltec Europe Ltd,219.0,6.0,154.88,2025-03-26 10:30:30+00:00,0.14425,0.136,0.15175,0.13725
Faltec Europe Ltd,219.0,6.0,154.88,2025-03-26 10:45:30+00:00,0.1495,0.1385,0.15925,0.1415
Faltec Europe Ltd,219.0,6.0,154.88,2025-03-26 11:00:30+00:00,0.1525,0.13875,0.16425,0.1435
Faltec Europe Ltd,219.0,6.0,154.88,2025-03-26 11:15:30+00:00,0.1515,0.13875,0.165,0.142
Faltec Europe Ltd,219.0,6.0,154.88,2025-03-26 11:30:30+00:00,0.152,0.14175,0.16475,0.142
Faltec Europe Ltd,219.0,6.0,154.88,2025-03-26 11:45:30+00:00,0.15625,0.1455,0.1645,0.145
Faltec Europe Ltd,219.0,6.0,154.88,2025-03-26 12:00:30+00:00,0.1565,0.14875,0.165,0.1445
Faltec Europe Ltd,219.0,6.0,154.88,2025-03-26 12:15:30+00:00,0.15775,0.14925,0.16575,0.14475
Faltec Europe Ltd,219.0,6.0,154.88,2025-03-26 12:30:30+00:00,0.15825,0.15,0.1665,0.1445
Faltec Europe Ltd,219.0,6.0,154.88,2025-03-26 12:45:30+00:00,0.1585,0.149,0.16725,0.144
Faltec Europe Ltd,219.0,6.0,154.88,2025-03-26 13:00:30+00:00,0.15725,0.14625,0.1665,0.142
Faltec Europe Ltd,219.0,6.0,154.88,2025-03-26 13:15:30+00:00,0.1525,0.141,0.163,0.13725
Faltec Europe Ltd,219.0,6.0,154.88,2025-03-26 13:30:30+00:00,0.14625,0.1365,0.1575,0.131
Faltec Europe Ltd,219.0,6.0,154.88,2025-03-26 13:45:30+00:00,0.14225,0.1335,0.15325,0.127
Faltec Europe Ltd,219.0,6.0,154.88,2025-03-26 14:00:30+00:00,0.142,0.12925,0.15025,0.12575
Faltec Europe Ltd,219.0,6.0,154.88,2025-03-26 14:15:30+00:00,0.1345,0.124,0.14575,0.1185
Faltec Europe Ltd,219.0,6.0,154.88,2025-03-26 14:30:30+00:00,0.128,0.11875,0.14125,0.1125
Faltec Europe Ltd,219.0,6.0,154.88,2025-03-26 14:45:30+00:00,0.1275,0.115,0.136,0.111
Faltec Europe Ltd,219.0,6.0,154.88,2025-03-26 15:00:30+00:00,0.12075,0.10975,0.12925,0.10425
Faltec Europe Ltd,219.0,6.0,154.88,2025-03-26 15:15:30+00:00,0.1095,0.10175,0.1205,0.09425
Faltec Europe Ltd,219.0,6.0,154.88,2025-03-26 15:30:30+00:00,0.1035,0.09375,0.11325,0.08825
Faltec Europe Ltd,219.0,6.0,154.88,2025-03-26 15:45:30+00:00,0.097,0.08425,0.10775,0.082
Faltec Europe Ltd,219.0,6.0,154.88,2025-03-26 16:00:30+00:00,0.08825,0.0715,0.097,0.074
Faltec Europe Ltd,219.0,6.0,154.88,2025-03-26 16:15:30+00:00,0.0725,0.0565,0.085,0.061
Faltec Europe Ltd,219.0,6.0,154.88,2025-03-26 16:30:30+00:00,0.0575,0.04325,0.07275,0.04875
Faltec Europe Ltd,219.0,6.0,154.88,2025-03-26 16:45:30+00:00,0.04675,0.034,0.0615,0.0395
Faltec Europe Ltd,219.0,6.0,154.88,2025-03-26 17:00:30+00:00,0.03875,0.026,0.05,0.0325
Faltec Europe Ltd,219.0,6.0,154.88,2025-03-26 17:15:30+00:00,0.02775,0.01775,0.03825,0.02325
Faltec Europe Ltd,219.0,6.0,154.88,2025-03-26 17:30:30+00:00,0.017,0.0105,0.02575,0.01475
Faltec Europe Ltd,219.0,6.0,154.88,2025-03-26 17:45:30+00:00,0.00975,0.0055,0.015,0.00875
Faltec Europe Ltd,219.0,6.0,154.88,2025-03-26 18:00:30+00:00,0.004,0.0025,0.00625,0.004
Faltec Europe Ltd,219.0,6.0,154.88,2025-03-26 18:15:30+00:00,0.0015,0.001,0.0025,0.0015
Faltec Europe Ltd,219.0,6.0,154.88,2025-03-26 18:30:30+00:00,0.0,0.0,0.0,0.0
Faltec Europe Ltd,219.0,6.0,154.88,2025-03-26 18:45:30+00:00,0.0,0.0,0.0,0.0
Faltec Europe Ltd,219.0,6.0,154.88,2025-03-26 19:00:30+00:00,0.0,0.0,0.0,0.0
Faltec Europe Ltd,219.0,6.0,154.88,2025-03-26 19:15:30+00:00,0.0,0.0,0.0,0.0
Faltec Europe Ltd,219.0,6.0,154.88,2025-03-26 19:30:30+00:00,0.0,0.0,0.0,0.0
Faltec Europe Ltd,219.0,6.0,154.88,2025-03-26 19:45:30+00:00,0.0,0.0,0.0,0.0
Faltec Europe Ltd,219.0,6.0,154.88,2025-03-26 20:00:30+00:00,0.0,0.0,0.0,0.0
Faltec Europe Ltd,219.0,6.0,154.88,2025-03-26 20:15:30+00:00,0.0,0.0,0.0,0.0
Faltec Europe Ltd,219.0,6.0,154.88,2025-03-26 20:30:30+00:00,0.0,0.0,0.0,0.0
Faltec Europe Ltd,219.0,6.0,154.88,2025-03-26 20:45:30+00:00,0.0,0.0,0.0,0.0
Faltec Europe Ltd,219.0,6.0,154.88,2025-03-26 21:00:30+00:00,0.0,0.0,0.0,0.0
Faltec Europe Ltd,219.0,6.0,154.88,2025-03-26 21:15:30+00:00,0.0,0.0,0.0,0.0
Faltec Europe Ltd,219.0,6.0,154.88,2025-03-26 21:30:30+00:00,0.0,0.0,0.0,0.0
Faltec Europe Ltd,219.0,6.0,154.88,2025-03-26 21:45:30+00:00,0.0,0.0,0.0,0.0
Faltec Europe Ltd,219.0,6.0,154.88,2025-03-26 22:00:30+00:00,0.0,0.0,0.0,0.0
Faltec Europe Ltd,219.0,6.0,154.88,2025-03-26 22:15:30+00:00,0.0,0.0,0.0,0.0
Faltec Europe Ltd,219.0,6.0,154.88,2025-03-26 22:30:30+00:00,0.0,0.0,0.0,0.0
Faltec Europe Ltd,219.0,6.0,154.88,2025-03-26 22:45:30+00:00,0.0,0.0,0.0,0.0
Faltec Europe Ltd,219.0,6.0,154.88,2025-03-26 23:00:30+00:00,0.0,0.0,0.0,0.0
Faltec Europe Ltd,219.0,6.0,154.88,2025-03-26 23:15:30+00:00,0.0,0.0,0.0,0.0
Faltec Europe Ltd,219.0,6.0,154.88,2025-03-26 23:30:30+00:00,0.0,0.0,0.0,0.0
Faltec Europe Ltd,219.0,6.0,154.88,2025-03-26 23:45:30+00:00,0.0,0.0,0.0,0.0
Faltec Europe Ltd,219.0,6.0,154.88,2025-03-27 00:00:30+00:00,0.0,0.0,0.0,0.0
Faltec Europe Ltd,219.0,6.0,154.88,2025-03-27 00:15:30+00:00,0.0,0.0,0.0,0.0
Faltec Europe Ltd,219.0,6.0,154.88,2025-03-27 00:30:30+00:00,0.0,0.0,0.0,0.0
Faltec Europe Ltd,219.0,6.0,154.88,2025-03-27 00:45:30+00:00,0.0,0.0,0.0,0.0
Faltec Europe Ltd,219.0,6.0,154.88,2025-03-27 01:00:30+00:00,0.0,0.0,0.0,0.0
Faltec Europe Ltd,219.0,6.0,154.88,2025-03-27 01:15:30+00:00,0.0,0.0,0.0,0.0
Faltec Europe Ltd,219.0,6.0,154.88,2025-03-27 01:30:30+00:00,0.0,0.0,0.0,0.0
Faltec Europe Ltd,219.0,6.0,154.88,2025-03-27 01:45:30+00:00,0.0,0.0,0.0,0.0
Faltec Europe Ltd,219.0,6.0,154.88,2025-03-27 02:00:30+00:00,0.0,0.0,0.0,0.0
Faltec Europe Ltd,219.0,6.0,154.88,2025-03-27 02:15:30+00:00,0.0,0.0,0.0,0.0
Faltec Europe Ltd,219.0,6.0,154.88,2025-03-27 02:30:30+00:00,0.0,0.0,0.0,0.0
Faltec Europe Ltd,219.0,6.0,154.88,2025-03-27 02:45:30+00:00,0.0,0.0,0.0,0.0
Faltec Europe Ltd,219.0,6.0,154.88,2025-03-27 03:00:30+00:00,0.0,0.0,0.0,0.0
Faltec Europe Ltd,219.0,6.0,154.88,2025-03-27 03:15:30+00:00,0.0,0.0,0.0,0.0
Faltec Europe Ltd,219.0,6.0,154.88,2025-03-27 03:30:30+00:00,0.0,0.0,0.0,0.0
Faltec Europe Ltd,219.0,6.0,154.88,2025-03-27 03:45:30+00:00,0.0,0.0,0.0,0.0
Faltec Europe Ltd,219.0,6.0,154.88,2025-03-27 04:00:30+00:00,0.0,0.0,0.0,0.0
Faltec Europe Ltd,219.0,6.0,154.88,2025-03-27 04:15:30+00:00,0.0,0.0,0.0,0.0
Faltec Europe Ltd,219.0,6.0,154.88,2025-03-27 04:30:30+00:00,0.0,0.0,0.0,0.0
Faltec Europe Ltd,219.0,6.0,154.88,2025-03-27 04:45:30+00:00,0.0,0.0,0.0,0.0
Faltec Europe Ltd,219.0,6.0,154.88,2025-03-27 05:00:30+00:00,0.0,0.0,0.0,0.0
Faltec Europe Ltd,219.0,6.0,154.88,2025-03-27 05:15:30+00:00,0.0,0.0,0.0,0.0
Faltec Europe Ltd,219.0,6.0,154.88,2025-03-27 05:30:30+00:00,0.0,0.0,0.0,0.0
Faltec Europe Ltd,219.0,6.0,154.88,2025-03-27 05:45:30+00:00,0.0,0.0,0.0,0.0
Faltec Europe Ltd,219.0,6.0,154.88,2025-03-27 06:00:30+00:00,0.0005,0.00025,0.00175,0.0005
Faltec Europe Ltd,219.0,6.0,154.88,2025-03-27 06:15:30+00:00,0.00125,0.00075,0.0055,0.00125
Faltec Europe Ltd,219.0,6.0,154.88,2025-03-27 06:30:30+00:00,0.00425,0.00125,0.01,0.00425
Faltec Europe Ltd,219.0,6.0,154.88,2025-03-27 06:45:30+00:00,0.007,0.002,0.01475,0.007
Faltec Europe Ltd,219.0,6.0,154.88,2025-03-27 07:00:30+00:00,0.011,0.00275,0.019,0.011
Faltec Europe Ltd,219.0,6.0,154.88,2025-03-27 07:15:30+00:00,0.01425,0.00525,0.02325,0.01425
Faltec Europe Ltd,219.0,6.0,154.88,2025-03-27 07:30:30+00:00,0.018,0.00675,0.028,0.01825
Faltec Europe Ltd,219.0,6.0,154.88,2025-03-27 07:45:30+00:00,0.02,0.00925,0.03525,0.02025
Faltec Europe Ltd,219.0,6.0,154.88,2025-03-27 08:00:30+00:00,0.02825,0.013,0.0435,0.02875
Faltec Europe Ltd,219.0,6.0,154.88,2025-03-27 08:15:30+00:00,0.03625,0.02,0.05225,0.037
Faltec Europe Ltd,219.0,6.0,154.88,2025-03-27 08:30:30+00:00,0.04375,0.026,0.05775,0.0445
Faltec Europe Ltd,219.0,6.0,154.88,2025-03-27 08:45:30+00:00,0.0455,0.02825,0.06875,0.046
Faltec Europe Ltd,219.0,6.0,154.88,2025-03-27 09:00:30+00:00,0.056,0.02975,0.08175,0.0565
Faltec Europe Ltd,219.0,6.0,154.88,2025-03-27 09:15:30+00:00,0.0655,0.04,0.09975,0.06575
Faltec Europe Ltd,219.0,6.0,154.88,2025-03-27 09:30:30+00:00,0.08825,0.05475,0.11,0.08775
Faltec Europe Ltd,219.0,6.0,154.88,2025-03-27 09:45:30+00:00,0.093,0.0715,0.11475,0.092
Faltec Europe Ltd,219.0,6.0,154.88,2025-03-27 10:00:30+00:00,0.09775,0.0765,0.113,0.096
Faltec Europe Ltd,219.0,6.0,154.88,2025-03-27 10:15:30+00:00,0.09325,0.07725,0.1145,0.0915
Faltec Europe Ltd,219.0,6.0,154.88,2025-03-27 10:30:30+00:00,0.09625,0.07875,0.12275,0.0945
Faltec Europe Ltd,219.0,6.0,154.88,2025-03-27 10:45:30+00:00,0.11375,0.08675,0.13675,0.11
Faltec Europe Ltd,219.0,6.0,154.88,2025-03-27 11:00:30+00:00,0.125,0.09325,0.14475,0.1195
Faltec Europe Ltd,219.0,6.0,154.88,2025-03-27 11:15:30+00:00,0.11575,0.09025,0.142,0.11125
Faltec Europe Ltd,219.0,6.0,154.88,2025-03-27 11:30:30+00:00,0.10775,0.08975,0.135,0.1035
Faltec Europe Ltd,219.0,6.0,154.88,2025-03-27 11:45:30+00:00,0.114,0.0925,0.13425,0.10875
Faltec Europe Ltd,219.0,6.0,154.88,2025-03-27 12:00:30+00:00,0.11825,0.09825,0.1365,0.1125
Faltec Europe Ltd,219.0,6.0,154.88,2025-03-27 12:15:30+00:00,0.1195,0.09325,0.13525,0.11325
Faltec Europe Ltd,219.0,6.0,154.88,2025-03-27 12:30:30+00:00,0.10375,0.08375,0.13325,0.0985
Faltec Europe Ltd,219.0,6.0,154.88,2025-03-27 12:45:30+00:00,0.10225,0.07075,0.14375,0.097
Faltec Europe Ltd,219.0,6.0,154.88,2025-03-27 13:00:30+00:00,0.11625,0.06725,0.16375,0.109
Faltec Europe Ltd,219.0,6.0,154.88,2025-03-27 13:15:30+00:00,0.128,0.08025,0.17325,0.118
Faltec Europe Ltd,219.0,6.0,154.88,2025-03-27 13:30:30+00:00,0.15225,0.08575,0.17225,0.1375
Faltec Europe Ltd,219.0,6.0,154.88,2025-03-27 13:45:30+00:00,0.136,0.07975,0.166,0.12375
Faltec Europe Ltd,219.0,6.0,154.88,2025-03-27 14:00:30+00:00,0.11525,0.0535,0.15775,0.106
Faltec Europe Ltd,219.0,6.0,154.88,2025-03-27 14:15:30+00:00,0.07825,0.046,0.14225,0.074
Faltec Europe Ltd,219.0,6.0,154.88,2025-03-27 14:30:30+00:00,0.09375,0.0515,0.13625,0.0865
Faltec Europe Ltd,219.0,6.0,154.88,2025-03-27 14:45:30+00:00,0.1095,0.0525,0.13925,0.09825
Faltec Europe Ltd,219.0,6.0,154.88,2025-03-27 15:00:30+00:00,0.08775,0.0385,0.12825,0.08025
Faltec Europe Ltd,219.0,6.0,154.88,2025-03-27 15:15:30+00:00,0.0645,0.016,0.111,0.0605
Faltec Europe Ltd,219.0,6.0,154.88,2025-03-27 15:30:30+00:00,0.03875,0.0085,0.083,0.03775
Faltec Europe Ltd,219.0,6.0,154.88,2025-03-27 15:45:30+00:00,0.035,0.00775,0.0615,0.0345
Faltec Europe Ltd,219.0,6.0,154.88,2025-03-27 16:00:30+00:00,0.03,0.0085,0.04975,0.02975
Faltec Europe Ltd,219.0,6.0,154.88,2025-03-27 16:15:30+00:00,0.022,0.00875,0.04575,0.022
Faltec Europe Ltd,219.0,6.0,154.88,2025-03-27 16:30:30+00:00,0.032,0.00625,0.044,0.02975
Faltec Europe Ltd,219.0,6.0,154.88,2025-03-27 16:45:30+00:00,0.017,0.00625,0.0425,0.0165
Faltec Europe Ltd,219.0,6.0,154.88,2025-03-27 17:00:30+00:00,0.0275,0.00575,0.03925,0.0245
Faltec Europe Ltd,219.0,6.0,154.88,2025-03-27 17:15:30+00:00,0.0205,0.00525,0.0315,0.01875
Faltec Europe Ltd,219.0,6.0,154.88,2025-03-27 17:30:30+00:00,0.007,0.00175,0.02,0.007
Faltec Europe Ltd,219.0,6.0,154.88,2025-03-27 17:45:30+00:00,0.00675,0.00125,0.01225,0.0065
Faltec Europe Ltd,219.0,6.0,154.88,2025-03-27 18:00:30+00:00,0.004,0.00075,0.007,0.004
Faltec Europe Ltd,219.0,6.0,154.88,2025-03-27 18:15:30+00:00,0.00075,0.0005,0.00125,0.00075
Faltec Europe Ltd,219.0,6.0,154.88,2025-03-27 18:30:30+00:00,0.0,0.0,0.0,0.0
Faltec Europe Ltd,219.0,6.0,154.88,2025-03-27 18:45:30+00:00,0.0,0.0,0.0,0.0
Faltec Europe Ltd,219.0,6.0,154.88,2025-03-27 19:00:30+00:00,0.0,0.0,0.0,0.0
Faltec Europe Ltd,219.0,6.0,154.88,2025-03-27 19:15:30+00:00,0.0,0.0,0.0,0.0
Faltec Europe Ltd,219.0,6.0,154.88,2025-03-27 19:30:30+00:00,0.0,0.0,0.0,0.0
Faltec Europe Ltd,219.0,6.0,154.88,2025-03-27 19:45:30+00:00,0.0,0.0,0.0,0.0
Faltec Europe Ltd,219.0,6.0,154.88,2025-03-27 20:00:30+00:00,0.0,0.0,0.0,0.0
Faltec Europe Ltd,219.0,6.0,154.88,2025-03-27 20:15:30+00:00,0.0,0.0,0.0,0.0
Faltec Europe Ltd,219.0,6.0,154.88,2025-03-27 20:30:30+00:00,0.0,0.0,0.0,0.0
Faltec Europe Ltd,219.0,6.0,154.88,2025-03-27 20:45:30+00:00,0.0,0.0,0.0,0.0
Faltec Europe Ltd,219.0,6.0,154.88,2025-03-27 21:00:30+00:00,0.0,0.0,0.0,0.0
Faltec Europe Ltd,219.0,6.0,154.88,2025-03-27 21:15:30+00:00,0.0,0.0,0.0,0.0
Faltec Europe Ltd,219.0,6.0,154.88,2025-03-27 21:30:30+00:00,0.0,0.0,0.0,0.0
Faltec Europe Ltd,219.0,6.0,154.88,2025-03-27 21:45:30+00:00,0.0,0.0,0.0,0.0
Faltec Europe Ltd,219.0,6.0,154.88,2025-03-27 22:00:30+00:00,0.0,0.0,0.0,0.0
Faltec Europe Ltd,219.0,6.0,154.88,2025-03-27 22:15:30+00:00,0.0,0.0,0.0,0.0
Faltec Europe Ltd,219.0,6.0,154.88,2025-03-27 22:30:30+00:00,0.0,0.0,0.0,0.0
Faltec Europe Ltd,219.0,6.0,154.88,2025-03-27 22:45:30+00:00,0.0,0.0,0.0,0.0
Faltec Europe Ltd,219.0,6.0,154.88,2025-03-27 23:00:30+00:00,0.0,0.0,0.0,0.0
Faltec Europe Ltd,219.0,6.0,154.88,2025-03-27 23:15:30+00:00,0.0,0.0,0.0,0.0
Faltec Europe Ltd,219.0,6.0,154.88,2025-03-27 23:30:30+00:00,0.0,0.0,0.0,0.0
Faltec Europe Ltd,219.0,6.0,154.88,2025-03-27 23:45:30+00:00,0.0,0.0,0.0,0.0
Faltec Europe Ltd,219.0,6.0,154.88,2025-03-28 00:00:30+00:00,0.0,0.0,0.0,0.0
Faltec Europe Ltd,219.0,6.0,154.88,2025-03-28 00:15:30+00:00,0.0,0.0,0.0,0.0
Faltec Europe Ltd,219.0,6.0,154.88,2025-03-28 00:30:30+00:00,0.0,0.0,0.0,0.0
Faltec Europe Ltd,219.0,6.0,154.88,2025-03-28 00:45:30+00:00,0.0,0.0,0.0,0.0
Faltec Europe Ltd,219.0,6.0,154.88,2025-03-28 01:00:30+00:00,0.0,0.0,0.0,0.0
Faltec Europe Ltd,219.0,6.0,154.88,2025-03-28 01:15:30+00:00,0.0,0.0,0.0,0.0
Faltec Europe Ltd,219.0,6.0,154.88,2025-03-28 01:30:30+00:00,0.0,0.0,0.0,0.0
Faltec Europe Ltd,219.0,6.0,154.88,2025-03-28 01:45:30+00:00,0.0,0.0,0.0,0.0
Faltec Europe Ltd,219.0,6.0,154.88,2025-03-28 02:00:30+00:00,0.0,0.0,0.0,0.0
Faltec Europe Ltd,219.0,6.0,154.88,2025-03-28 02:15:30+00:00,0.0,0.0,0.0,0.0
Faltec Europe Ltd,219.0,6.0,154.88,2025-03-28 02:30:30+00:00,0.0,0.0,0.0,0.0
Faltec Europe Ltd,219.0,6.0,154.88,2025-03-28 02:45:30+00:00,0.0,0.0,0.0,0.0
Faltec Europe Ltd,219.0,6.0,154.88,2025-03-28 03:00:30+00:00,0.0,0.0,0.0,0.0
Faltec Europe Ltd,219.0,6.0,154.88,2025-03-28 03:15:30+00:00,0.0,0.0,0.0,0.0
Faltec Europe Ltd,219.0,6.0,154.88,2025-03-28 03:30:30+00:00,0.0,0.0,0.0,0.0
Faltec Europe Ltd,219.0,6.0,154.88,2025-03-28 03:45:30+00:00,0.0,0.0,0.0,0.0
Faltec Europe Ltd,219.0,6.0,154.88,2025-03-28 04:00:30+00:00,0.0,0.0,0.0,0.0
Faltec Europe Ltd,219.0,6.0,154.88,2025-03-28 04:15:30+00:00,0.0,0.0,0.0,0.0
Faltec Europe Ltd,219.0,6.0,154.88,2025-03-28 04:30:30+00:00,0.0,0.0,0.0,0.0
Faltec Europe Ltd,219.0,6.0,154.88,2025-03-28 04:45:30+00:00,0.0,0.0,0.0,0.0
Faltec Europe Ltd,219.0,6.0,154.88,2025-03-28 05:00:30+00:00,0.0,0.0,0.0,0.0
Faltec Europe Ltd,219.0,6.0,154.88,2025-03-28 05:15:30+00:00,0.0,0.0,0.0,0.0
Faltec Europe Ltd,219.0,6.0,154.88,2025-03-28 05:30:30+00:00,0.0,0.0,0.0,0.0
Faltec Europe Ltd,219.0,6.0,154.88,2025-03-28 05:45:30+00:00,0.00025,0.00025,0.00025,0.00025
Faltec Europe Ltd,219.0,6.0,154.88,2025-03-28 06:00:30+00:00,0.0035,0.0015,0.0045,0.0035
Faltec Europe Ltd,219.0,6.0,154.88,2025-03-28 06:15:30+00:00,0.00675,0.0035,0.0095,0.009
Faltec Europe Ltd,219.0,6.0,154.88,2025-03-28 06:30:30+00:00,0.0155,0.003,0.01675,0.02
Faltec Europe Ltd,219.0,6.0,154.88,2025-03-28 06:45:30+00:00,0.01375,0.0045,0.02825,0.015
Faltec Europe Ltd,219.0,6.0,154.88,2025-03-28 07:00:30+00:00,0.02275,0.00825,0.03675,0.02525
Faltec Europe Ltd,219.0,6.0,154.88,2025-03-28 07:15:30+00:00,0.0365,0.015,0.0455,0.04075
Faltec Europe Ltd,219.0,6.0,154.88,2025-03-28 07:30:30+00:00,0.0355,0.01875,0.05725,0.038
Faltec Europe Ltd,219.0,6.0,154.88,2025-03-28 07:45:30+00:00,0.04275,0.02,0.064,0.045
Faltec Europe Ltd,219.0,6.0,154.88,2025-03-28 08:00:30+00:00,0.0475,0.01575,0.07025,0.04925
Faltec Europe Ltd,219.0,6.0,154.88,2025-03-28 08:15:30+00:00,0.039,0.023,0.08175,0.03975
Faltec Europe Ltd,219.0,6.0,154.88,2025-03-28 08:30:30+00:00,0.06925,0.0295,0.09625,0.071
Faltec Europe Ltd,219.0,6.0,154.88,2025-03-28 08:45:30+00:00,0.0805,0.0395,0.10825,0.08175
Faltec Europe Ltd,219.0,6.0,154.88,2025-03-28 09:00:30+00:00,0.07575,0.03675,0.11675,0.07625
Faltec Europe Ltd,219.0,6.0,154.88,2025-03-28 09:15:30+00:00,0.07325,0.026,0.11425,0.07325
Faltec Europe Ltd,219.0,6.0,154.88,2025-03-28 09:30:30+00:00,0.06075,0.0335,0.13025,0.0605
Faltec Europe Ltd,219.0,6.0,154.88,2025-03-28 09:45:30+00:00,0.11225,0.04425,0.14425,0.1105
Faltec Europe Ltd,219.0,6.0,154.88,2025-03-28 10:00:30+00:00,0.11375,0.05875,0.15175,0.11125
Faltec Europe Ltd,219.0,6.0,154.88,2025-03-28 10:15:30+00:00,0.112,0.0545,0.15875,0.109
Faltec Europe Ltd,219.0,6.0,154.88,2025-03-28 10:30:30+00:00,0.1085,0.03725,0.161,0.10575
Faltec Europe Ltd,219.0,6.0,154.88,2025-03-28 10:45:30+00:00,0.0755,0.04125,0.168,0.07375
Faltec Europe Ltd,219.0,6.0,154.88,2025-03-28 11:00:30+00:00,0.14,0.0515,0.17575,0.1335
Faltec Europe Ltd,219.0,6.0,154.88,2025-03-28 11:15:30+00:00,0.149,0.08675,0.181,0.14075
Faltec Europe Ltd,219.0,6.0,154.88,2025-03-28 11:30:30+00:00,0.13975,0.10075,0.18325,0.132
Faltec Europe Ltd,219.0,6.0,154.88,2025-03-28 11:45:30+00:00,0.14025,0.10775,0.1675,0.13175
Faltec Europe Ltd,219.0,6.0,154.88,2025-03-28 12:00:30+00:00,0.132,0.10925,0.17475,0.124
Faltec Europe Ltd,219.0,6.0,154.88,2025-03-28 12:15:30+00:00,0.1555,0.1155,0.1875,0.14325
Faltec Europe Ltd,219.0,6.0,154.88,2025-03-28 12:30:30+00:00,0.166,0.13225,0.191,0.151
Faltec Europe Ltd,219.0,6.0,154.88,2025-03-28 12:45:30+00:00,0.1615,0.14,0.18375,0.14625
Faltec Europe Ltd,219.0,6.0,154.88,2025-03-28 13:00:30+00:00,0.157,0.14075,0.17625,0.142
Faltec Europe Ltd,219.0,6.0,154.88,2025-03-28 13:15:30+00:00,0.1585,0.127,0.18425,0.142
Faltec Europe Ltd,219.0,6.0,154.88,2025-03-28 13:30:30+00:00,0.149,0.1015,0.18075,0.13375
Faltec Europe Ltd,219.0,6.0,154.88,2025-03-28 13:45:30+00:00,0.13075,0.07225,0.17325,0.11875
Faltec Europe Ltd,219.0,6.0,154.88,2025-03-28 14:00:30+00:00,0.10175,0.051,0.157,0.09425
Faltec Europe Ltd,219.0,6.0,154.88,2025-03-28 14:15:30+00:00,0.08025,0.0455,0.1415,0.07525
Faltec Europe Ltd,219.0,6.0,154.88,2025-03-28 14:30:30+00:00,0.10125,0.03775,0.14075,0.09275
Faltec Europe Ltd,219.0,6.0,154.88,2025-03-28 14:45:30+00:00,0.08325,0.044,0.143,0.0765
Faltec Europe Ltd,219.0,6.0,154.88,2025-03-28 15:00:30+00:00,0.11425,0.052,0.14075,0.10025
Faltec Europe Ltd,219.0,6.0,154.88,2025-03-28 15:15:30+00:00,0.1235,0.067,0.133,0.10675
Faltec Europe Ltd,219.0,6.0,154.88,2025-03-28 15:30:30+00:00,0.0995,0.059,0.121,0.087
Faltec Europe Ltd,219.0,6.0,154.88,2025-03-28 15:45:30+00:00,0.072,0.0515,0.10875,0.064
Faltec Europe Ltd,219.0,6.0,154.88,2025-03-28 16:00:30+00:00,0.08025,0.049,0.1005,0.0695
Faltec Europe Ltd,219.0,6.0,154.88,2025-03-28 16:15:30+00:00,0.081,0.05425,0.0925,0.0675
Faltec Europe Ltd,219.0,6.0,154.88,2025-03-28 16:30:30+00:00,0.0725,0.04675,0.08075,0.06025
Faltec Europe Ltd,219.0,6.0,154.88,2025-03-28 16:45:30+00:00,0.04725,0.038,0.066,0.04075
Faltec Europe Ltd,219.0,6.0,154.88,2025-03-28 17:00:30+00:00,0.04775,0.0295,0.0555,0.04
Faltec Europe Ltd,219.0,6.0,154.88,2025-03-28 17:15:30+00:00,0.03675,0.0255,0.0445,0.03
Faltec Europe Ltd,219.0,6.0,154.88,2025-03-28 17:30:30+00:00,0.0275,0.019,0.0345,0.02125
Faltec Europe Ltd,219.0,6.0,154.88,2025-03-28 17:45:30+00:00,0.0185,0.0125,0.02325,0.01375
Faltec Europe Ltd,219.0,6.0,154.88,2025-03-28 18:00:30+00:00,0.0085,0.006,0.011,0.00675
Faltec Europe Ltd,219.0,6.0,154.88,2025-03-28 18:15:30+00:00,0.002,0.00125,0.0025,0.00175
Faltec Europe Ltd,219.0,6.0,154.88,2025-03-28 18:30:30+00:00,0.0,0.0,0.0,0.0
Faltec Europe Ltd,219.0,6.0,154.88,2025-03-28 18:45:30+00:00,0.0,0.0,0.0,0.0
Faltec Europe Ltd,219.0,6.0,154.88,2025-03-28 19:00:30+00:00,0.0,0.0,0.0,0.0
Faltec Europe Ltd,219.0,6.0,154.88,2025-03-28 19:15:30+00:00,0.0,0.0,0.0,0.0
Faltec Europe Ltd,219.0,6.0,154.88,2025-03-28 19:30:30+00:00,0.0,0.0,0.0,0.0
Faltec Europe Ltd,219.0,6.0,154.88,2025-03-28 19:45:30+00:00,0.0,0.0,0.0,0.0
Faltec Europe Ltd,219.0,6.0,154.88,2025-03-28 20:00:30+00:00,0.0,0.0,0.0,0.0
Faltec Europe Ltd,219.0,6.0,154.88,2025-03-28 20:15:30+00:00,0.0,0.0,0.0,0.0
Faltec Europe Ltd,219.0,6.0,154.88,2025-03-28 20:30:30+00:00,0.0,0.0,0.0,0.0
Faltec Europe Ltd,219.0,6.0,154.88,2025-03-28 20:45:30+00:00,0.0,0.0,0.0,0.0
Faltec Europe Ltd,219.0,6.0,154.88,2025-03-28 21:00:30+00:00,0.0,0.0,0.0,0.0
Faltec Europe Ltd,219.0,6.0,154.88,2025-03-28 21:15:30+00:00,0.0,0.0,0.0,0.0
Faltec Europe Ltd,219.0,6.0,154.88,2025-03-28 21:30:30+00:00,0.0,0.0,0.0,0.0
Faltec Europe Ltd,219.0,6.0,154.88,2025-03-28 21:45:30+00:00,0.0,0.0,0.0,0.0
Faltec Europe Ltd,219.0,6.0,154.88,2025-03-28 22:00:30+00:00,0.0,0.0,0.0,0.0
Faltec Europe Ltd,219.0,6.0,154.88,2025-03-28 22:15:30+00:00,0.0,0.0,0.0,0.0
Faltec Europe Ltd,219.0,6.0,154.88,2025-03-28 22:30:30+00:00,0.0,0.0,0.0,0.0
Faltec Europe Ltd,219.0,6.0,154.88,2025-03-28 22:45:30+00:00,0.0,0.0,0.0,0.0
Faltec Europe Ltd,219.0,6.0,154.88,2025-03-28 23:00:30+00:00,0.0,0.0,0.0,0.0
Faltec Europe Ltd,219.0,6.0,154.88,2025-03-28 23:15:30+00:00,0.0,0.0,0.0,0.0
Faltec Europe Ltd,219.0,6.0,154.88,2025-03-28 23:30:30+00:00,0.0,0.0,0.0,0.0
Faltec Europe Ltd,219.0,6.0,154.88,2025-03-28 23:45:30+00:00,0.0,0.0,0.0,0.0
Faltec Europe Ltd,219.0,6.0,154.88,2025-03-29 00:00:30+00:00,0.0,0.0,0.0,0.0
Faltec Europe Ltd,219.0,6.0,154.88,2025-03-29 00:15:30+00:00,0.0,0.0,0.0,0.0
Faltec Europe Ltd,219.0,6.0,154.88,2025-03-29 00:30:30+00:00,0.0,0.0,0.0,0.0
Faltec Europe Ltd,219.0,6.0,154.88,2025-03-29 00:45:30+00:00,0.0,0.0,0.0,0.0
Faltec Europe Ltd,219.0,6.0,154.88,2025-03-29 01:00:30+00:00,0.0,0.0,0.0,0.0
Faltec Europe Ltd,219.0,6.0,154.88,2025-03-29 01:15:30+00:00,0.0,0.0,0.0,0.0
Faltec Europe Ltd,219.0,6.0,154.88,2025-03-29 01:30:30+00:00,0.0,0.0,0.0,0.0
Faltec Europe Ltd,219.0,6.0,154.88,2025-03-29 01:45:30+00:00,0.0,0.0,0.0,0.0
Faltec Europe Ltd,219.0,6.0,154.88,2025-03-29 02:00:30+00:00,0.0,0.0,0.0,0.0
Faltec Europe Ltd,219.0,6.0,154.88,2025-03-29 02:15:30+00:00,0.0,0.0,0.0,0.0
Faltec Europe Ltd,219.0,6.0,154.88,2025-03-29 02:30:30+00:00,0.0,0.0,0.0,0.0
Faltec Europe Ltd,219.0,6.0,154.88,2025-03-29 02:45:30+00:00,0.0,0.0,0.0,0.0
Faltec Europe Ltd,219.0,6.0,154.88,2025-03-29 03:00:30+00:00,0.0,0.0,0.0,0.0
Faltec Europe Ltd,219.0,6.0,154.88,2025-03-29 03:15:30+00:00,0.0,0.0,0.0,0.0
Faltec Europe Ltd,219.0,6.0,154.88,2025-03-29 03:30:30+00:00,0.0,0.0,0.0,0.0
Faltec Europe Ltd,219.0,6.0,154.88,2025-03-29 03:45:30+00:00,0.0,0.0,0.0,0.0
Faltec Europe Ltd,219.0,6.0,154.88,2025-03-29 04:00:30+00:00,0.0,0.0,0.0,0.0
Faltec Europe Ltd,219.0,6.0,154.88,2025-03-29 04:15:30+00:00,0.0,0.0,0.0,0.0
Faltec Europe Ltd,219.0,6.0,154.88,2025-03-29 04:30:30+00:00,0.0,0.0,0.0,0.0
Faltec Europe Ltd,219.0,6.0,154.88,2025-03-29 04:45:30+00:00,0.0,0.0,0.0,0.0
Faltec Europe Ltd,219.0,6.0,154.88,2025-03-29 05:00:30+00:00,0.0,0.0,0.0,0.0
Faltec Europe Ltd,219.0,6.0,154.88,2025-03-29 05:15:30+00:00,0.0,0.0,0.0,0.0
Faltec Europe Ltd,219.0,6.0,154.88,2025-03-29 05:30:30+00:00,0.0,0.0,0.0,0.0
Faltec Europe Ltd,219.0,6.0,154.88,2025-03-29 05:45:30+00:00,0.00075,0.0005,0.00075,0.00075
Faltec Europe Ltd,219.0,6.0,154.88,2025-03-29 06:00:30+00:00,0.00325,0.0025,0.004,0.005
Faltec Europe Ltd,219.0,6.0,154.88,2025-03-29 06:15:30+00:00,0.007,0.00375,0.008,0.01225
Faltec Europe Ltd,219.0,6.0,154.88,2025-03-29 06:30:30+00:00,0.01475,0.00575,0.01675,0.02025
Faltec Europe Ltd,219.0,6.0,154.88,2025-03-29 06:45:30+00:00,0.0195,0.004,0.02775,0.023
Faltec Europe Ltd,219.0,6.0,154.88,2025-03-29 07:00:30+00:00,0.01675,0.0035,0.0385,0.0175
Faltec Europe Ltd,219.0,6.0,154.88,2025-03-29 07:15:30+00:00,0.02375,0.00725,0.03925,0.025
Faltec Europe Ltd,219.0,6.0,154.88,2025-03-29 07:30:30+00:00,0.0295,0.01625,0.0425,0.03075
Faltec Europe Ltd,219.0,6.0,154.88,2025-03-29 07:45:30+00:00,0.0345,0.0245,0.0455,0.03575
Faltec Europe Ltd,219.0,6.0,154.88,2025-03-29 08:00:30+00:00,0.04075,0.02675,0.05,0.042
Faltec Europe Ltd,219.0,6.0,154.88,2025-03-29 08:15:30+00:00,0.03975,0.02875,0.05675,0.0405
Faltec Europe Ltd,219.0,6.0,154.88,2025-03-29 08:30:30+00:00,0.0475,0.0285,0.0695,0.04825
Faltec Europe Ltd,219.0,6.0,154.88,2025-03-29 08:45:30+00:00,0.06,0.03225,0.08475,0.06075
Faltec Europe Ltd,219.0,6.0,154.88,2025-03-29 09:00:30+00:00,0.068,0.03675,0.1065,0.06875
Faltec Europe Ltd,219.0,6.0,154.88,2025-03-29 09:15:30+00:00,0.087,0.03175,0.1125,0.08725
Faltec Europe Ltd,219.0,6.0,154.88,2025-03-29 09:30:30+00:00,0.06025,0.01625,0.118,0.06025
Faltec Europe Ltd,219.0,6.0,154.88,2025-03-29 09:45:30+00:00,0.053,0.0105,0.12675,0.053
Faltec Europe Ltd,219.0,6.0,154.88,2025-03-29 10:00:30+00:00,0.09225,0.02475,0.15225,0.091
Faltec Europe Ltd,219.0,6.0,154.88,2025-03-29 10:15:30+00:00,0.1315,0.05875,0.16125,0.127
Faltec Europe Ltd,219.0,6.0,154.88,2025-03-29 10:30:30+00:00,0.14,0.09225,0.168,0.13425
Faltec Europe Ltd,219.0,6.0,154.88,2025-03-29 10:45:30+00:00,0.1515,0.10725,0.1745,0.1435
Faltec Europe Ltd,219.0,6.0,154.88,2025-03-29 11:00:30+00:00,0.1565,0.10325,0.179,0.148
Faltec Europe Ltd,219.0,6.0,154.88,2025-03-29 11:15:30+00:00,0.13825,0.0765,0.18125,0.13125
Faltec Europe Ltd,219.0,6.0,154.88,2025-03-29 11:30:30+00:00,0.11025,0.059,0.176,0.106
Faltec Europe Ltd,219.0,6.0,154.88,2025-03-29 11:45:30+00:00,0.10475,0.0585,0.15325,0.1005
Faltec Europe Ltd,219.0,6.0,154.88,2025-03-29 12:00:30+00:00,0.10225,0.06425,0.1355,0.098
Faltec Europe Ltd,219.0,6.0,154.88,2025-03-29 12:15:30+00:00,0.09125,0.065,0.1265,0.08825
Faltec Europe Ltd,219.0,6.0,154.88,2025-03-29 12:30:30+00:00,0.0945,0.05025,0.12925,0.091
Faltec Europe Ltd,219.0,6.0,154.88,2025-03-29 12:45:30+00:00,0.082,0.03,0.13125,0.07925
Faltec Europe Ltd,219.0,6.0,154.88,2025-03-29 13:00:30+00:00,0.06425,0.01275,0.1205,0.063
Faltec Europe Ltd,219.0,6.0,154.88,2025-03-29 13:15:30+00:00,0.0445,0.01225,0.1005,0.04425
Faltec Europe Ltd,219.0,6.0,154.88,2025-03-29 13:30:30+00:00,0.03325,0.012,0.07625,0.0335
Faltec Europe Ltd,219.0,6.0,154.88,2025-03-29 13:45:30+00:00,0.02325,0.0115,0.05575,0.0235
Faltec Europe Ltd,219.0,6.0,154.88,2025-03-29 14:00:30+00:00,0.02175,0.01125,0.04275,0.022
Faltec Europe Ltd,219.0,6.0,154.88,2025-03-29 14:15:30+00:00,0.02025,0.01075,0.04,0.0205
Faltec Europe Ltd,219.0,6.0,154.88,2025-03-29 14:30:30+00:00,0.0185,0.01025,0.0445,0.0185
Faltec Europe Ltd,219.0,6.0,154.88,2025-03-29 14:45:30+00:00,0.024,0.00975,0.053,0.02425
Faltec Europe Ltd,219.0,6.0,154.88,2025-03-29 15:00:30+00:00,0.03225,0.00925,0.059,0.03225
Faltec Europe Ltd,219.0,6.0,154.88,2025-03-29 15:15:30+00:00,0.0385,0.01225,0.059,0.038
Faltec Europe Ltd,219.0,6.0,154.88,2025-03-29 15:30:30+00:00,0.03575,0.008,0.05925,0.03525
Faltec Europe Ltd,219.0,6.0,154.88,2025-03-29 15:45:30+00:00,0.02175,0.00725,0.061,0.02175
Faltec Europe Ltd,219.0,6.0,154.88,2025-03-29 16:00:30+00:00,0.03275,0.00675,0.07175,0.03175
Faltec Europe Ltd,219.0,6.0,154.88,2025-03-29 16:15:30+00:00,0.05175,0.01025,0.08,0.0465
Faltec Europe Ltd,219.0,6.0,154.88,2025-03-29 16:30:30+00:00,0.043,0.0085,0.07375,0.039
Faltec Europe Ltd,219.0,6.0,154.88,2025-03-29 16:45:30+00:00,0.026,0.00525,0.05375,0.02475
Faltec Europe Ltd,219.0,6.0,154.88,2025-03-29 17:00:30+00:00,0.00925,0.0035,0.0355,0.00925
Faltec Europe Ltd,219.0,6.0,154.88,2025-03-29 17:15:30+00:00,0.00625,0.00275,0.02175,0.00625
Faltec Europe Ltd,219.0,6.0,154.88,2025-03-29 17:30:30+00:00,0.00325,0.002,0.013,0.00325
Faltec Europe Ltd,219.0,6.0,154.88,2025-03-29 17:45:30+00:00,0.00125,0.00075,0.0055,0.00125
Faltec Europe Ltd,219.0,6.0,154.88,2025-03-29 18:00:30+00:00,0.00075,0.0005,0.00275,0.00075
Faltec Europe Ltd,219.0,6.0,154.88,2025-03-29 18:15:30+00:00,0.00025,0.00025,0.00075,0.00025
Faltec Europe Ltd,219.0,6.0,154.88,2025-03-29 18:30:30+00:00,0.0,0.0,0.0,0.0
Faltec Europe Ltd,219.0,6.0,154.88,2025-03-29 18:45:30+00:00,0.0,0.0,0.0,0.0
Faltec Europe Ltd,219.0,6.0,154.88,2025-03-29 19:00:30+00:00,0.0,0.0,0.0,0.0
Faltec Europe Ltd,219.0,6.0,154.88,2025-03-29 19:15:30+00:00,0.0,0.0,0.0,0.0
Faltec Europe Ltd,219.0,6.0,154.88,2025-03-29 19:30:30+00:00,0.0,0.0,0.0,0.0
Faltec Europe Ltd,219.0,6.0,154.88,2025-03-29 19:45:30+00:00,0.0,0.0,0.0,0.0
Faltec Europe Ltd,219.0,6.0,154.88,2025-03-29 20:00:30+00:00,0.0,0.0,0.0,0.0
Faltec Europe Ltd,219.0,6.0,154.88,2025-03-29 20:15:30+00:00,0.0,0.0,0.0,0.0
Faltec Europe Ltd,219.0,6.0,154.88,2025-03-29 20:30:30+00:00,0.0,0.0,0.0,0.0
Faltec Europe Ltd,219.0,6.0,154.88,2025-03-29 20:45:30+00:00,0.0,0.0,0.0,0.0
Faltec Europe Ltd,219.0,6.0,154.88,2025-03-29 21:00:30+00:00,0.0,0.0,0.0,0.0
Faltec Europe Ltd,219.0,6.0,154.88,2025-03-29 21:15:30+00:00,0.0,0.0,0.0,0.0
Faltec Europe Ltd,219.0,6.0,154.88,2025-03-29 21:30:30+00:00,0.0,0.0,0.0,0.0
Faltec Europe Ltd,219.0,6.0,154.88,2025-03-29 21:45:30+00:00,0.0,0.0,0.0,0.0
Faltec Europe Ltd,219.0,6.0,154.88,2025-03-29 22:00:30+00:00,0.0,0.0,0.0,0.0
Faltec Europe Ltd,219.0,6.0,154.88,2025-03-29 22:15:30+00:00,0.0,0.0,0.0,0.0
Faltec Europe Ltd,219.0,6.0,154.88,2025-03-29 22:30:30+00:00,0.0,0.0,0.0,0.0
Faltec Europe Ltd,219.0,6.0,154.88,2025-03-29 22:45:30+00:00,0.0,0.0,0.0,0.0
Faltec Europe Ltd,219.0,6.0,154.88,2025-03-29 23:00:30+00:00,0.0,0.0,0.0,0.0
Faltec Europe Ltd,219.0,6.0,154.88,2025-03-29 23:15:30+00:00,0.0,0.0,0.0,0.0
Faltec Europe Ltd,219.0,6.0,154.88,2025-03-29 23:30:30+00:00,0.0,0.0,0.0,0.0
Faltec Europe Ltd,219.0,6.0,154.88,2025-03-29 23:45:30+00:00,0.0,0.0,0.0,0.0
Faltec Europe Ltd,219.0,6.0,154.88,2025-03-30 00:00:30+00:00,0.0,0.0,0.0,0.0
Faltec Europe Ltd,219.0,6.0,154.88,2025-03-30 00:15:30+00:00,0.0,0.0,0.0,0.0
Faltec Europe Ltd,219.0,6.0,154.88,2025-03-30 00:30:30+00:00,0.0,0.0,0.0,0.0
Faltec Europe Ltd,219.0,6.0,154.88,2025-03-30 00:45:30+00:00,0.0,0.0,0.0,0.0
Faltec Europe Ltd,219.0,6.0,154.88,2025-03-30 01:00:30+00:00,0.0,0.0,0.0,0.0
Faltec Europe Ltd,219.0,6.0,154.88,2025-03-30 01:15:30+00:00,0.0,0.0,0.0,0.0
Faltec Europe Ltd,219.0,6.0,154.88,2025-03-30 01:30:30+00:00,0.0,0.0,0.0,0.0
Faltec Europe Ltd,219.0,6.0,154.88,2025-03-30 01:45:30+00:00,0.0,0.0,0.0,0.0
Faltec Europe Ltd,219.0,6.0,154.88,2025-03-30 02:00:30+00:00,0.0,0.0,0.0,0.0
Faltec Europe Ltd,219.0,6.0,154.88,2025-03-30 02:15:30+00:00,0.0,0.0,0.0,0.0
Faltec Europe Ltd,219.0,6.0,154.88,2025-03-30 02:30:30+00:00,0.0,0.0,0.0,0.0
Faltec Europe Ltd,219.0,6.0,154.88,2025-03-30 02:45:30+00:00,0.0,0.0,0.0,0.0
Faltec Europe Ltd,219.0,6.0,154.88,2025-03-30 03:00:30+00:00,0.0,0.0,0.0,0.0
Faltec Europe Ltd,219.0,6.0,154.88,2025-03-30 03:15:30+00:00,0.0,0.0,0.0,0.0
Faltec Europe Ltd,219.0,6.0,154.88,2025-03-30 03:30:30+00:00,0.0,0.0,0.0,0.0
Faltec Europe Ltd,219.0,6.0,154.88,2025-03-30 03:45:30+00:00,0.0,0.0,0.0,0.0
Faltec Europe Ltd,219.0,6.0,154.88,2025-03-30 04:00:30+00:00,0.0,0.0,0.0,0.0
Faltec Europe Ltd,219.0,6.0,154.88,2025-03-30 04:15:30+00:00,0.0,0.0,0.0,0.0
Faltec Europe Ltd,219.0,6.0,154.88,2025-03-30 04:30:30+00:00,0.0,0.0,0.0,0.0
Faltec Europe Ltd,219.0,6.0,154.88,2025-03-30 04:45:30+00:00,0.0,0.0,0.0,0.0
Faltec Europe Ltd,219.0,6.0,154.88,2025-03-30 05:00:30+00:00,0.0,0.0,0.0,0.0
Faltec Europe Ltd,219.0,6.0,154.88,2025-03-30 05:15:30+00:00,0.0,0.0,0.0,0.0
Faltec Europe Ltd,219.0,6.0,154.88,2025-03-30 05:30:30+00:00,0.0,0.0,0.0,0.0
Faltec Europe Ltd,219.0,6.0,154.88,2025-03-30 05:45:30+00:00,0.00125,0.00075,0.0015,0.00125
Faltec Europe Ltd,219.0,6.0,154.88,2025-03-30 06:00:30+00:00,0.00375,0.00275,0.0045,0.006
Faltec Europe Ltd,219.0,6.0,154.88,2025-03-30 06:15:30+00:00,0.00775,0.0055,0.009,0.01325
Faltec Europe Ltd,219.0,6.0,154.88,2025-03-30 06:30:30+00:00,0.01475,0.011,0.017,0.0215
Faltec Europe Ltd,219.0,6.0,154.88,2025-03-30 06:45:30+00:00,0.023,0.01775,0.026,0.03025
Faltec Europe Ltd,219.0,6.0,154.88,2025-03-30 07:00:30+00:00,0.032,0.02575,0.03575,0.0395
Faltec Europe Ltd,219.0,6.0,154.88,2025-03-30 07:15:30+00:00,0.04175,0.0345,0.04625,0.049
Faltec Europe Ltd,219.0,6.0,154.88,2025-03-30 07:30:30+00:00,0.0515,0.04425,0.057,0.05825
Faltec Europe Ltd,219.0,6.0,154.88,2025-03-30 07:45:30+00:00,0.06125,0.05425,0.06775,0.0675
Faltec Europe Ltd,219.0,6.0,154.88,2025-03-30 08:00:30+00:00,0.07125,0.065,0.07775,0.0765
Faltec Europe Ltd,219.0,6.0,154.88,2025-03-30 08:15:30+00:00,0.08125,0.07575,0.0865,0.0855
Faltec Europe Ltd,219.0,6.0,154.88,2025-03-30 08:30:30+00:00,0.091,0.08625,0.0955,0.09425
Faltec Europe Ltd,219.0,6.0,154.88,2025-03-30 08:45:30+00:00,0.10025,0.096,0.1045,0.1025
Faltec Europe Ltd,219.0,6.0,154.88,2025-03-30 09:00:30+00:00,0.1095,0.105,0.11375,0.11025
Faltec Europe Ltd,219.0,6.0,154.88,2025-03-30 09:15:30+00:00,0.1185,0.11375,0.123,0.118
Faltec Europe Ltd,219.0,6.0,154.88,2025-03-30 09:30:30+00:00,0.12675,0.12175,0.1315,0.125
Faltec Europe Ltd,219.0,6.0,154.88,2025-03-30 09:45:30+00:00,0.1345,0.12925,0.1395,0.13125
Faltec Europe Ltd,219.0,6.0,154.88,2025-03-30 10:00:30+00:00,0.14175,0.13625,0.147,0.13725
Faltec Europe Ltd,219.0,6.0,154.88,2025-03-30 10:15:30+00:00,0.1485,0.14225,0.15425,0.14275
Faltec Europe Ltd,219.0,6.0,154.88,2025-03-30 10:30:30+00:00,0.1545,0.14725,0.16125,0.14725
Faltec Europe Ltd,219.0,6.0,154.88,2025-03-30 10:45:30+00:00,0.1595,0.1495,0.16875,0.151
Faltec Europe Ltd,219.0,6.0,154.88,2025-03-30 11:00:30+00:00,0.16325,0.151,0.1745,0.1535
Faltec Europe Ltd,219.0,6.0,154.88,2025-03-30 11:15:30+00:00,0.16525,0.15025,0.17825,0.1545
Faltec Europe Ltd,219.0,6.0,154.88,2025-03-30 11:30:30+00:00,0.1635,0.15075,0.18025,0.152
Faltec Europe Ltd,219.0,6.0,154.88,2025-03-30 11:45:30+00:00,0.1675,0.15075,0.17975,0.155
Faltec Europe Ltd,219.0,6.0,154.88,2025-03-30 12:00:30+00:00,0.16425,0.14875,0.18125,0.15125
Faltec Europe Ltd,219.0,6.0,154.88,2025-03-30 12:15:30+00:00,0.163,0.1435,0.18425,0.14925
Faltec Europe Ltd,219.0,6.0,154.88,2025-03-30 12:30:30+00:00,0.16375,0.13525,0.1855,0.14925
Faltec Europe Ltd,219.0,6.0,154.88,2025-03-30 12:45:30+00:00,0.1525,0.12075,0.18275,0.1395
Faltec Europe Ltd,219.0,6.0,154.88,2025-03-30 13:00:30+00:00,0.138,0.103,0.18275,0.127
Faltec Europe Ltd,219.0,6.0,154.88,2025-03-30 13:15:30+00:00,0.14025,0.0815,0.1845,0.12775
Faltec Europe Ltd,219.0,6.0,154.88,2025-03-30 13:30:30+00:00,0.1195,0.057,0.177,0.11025
Faltec Europe Ltd,219.0,6.0,154.88,2025-03-30 13:45:30+00:00,0.089,0.0365,0.148,0.08475
Faltec Europe Ltd,219.0,6.0,154.88,2025-03-30 14:00:30+00:00,0.07,0.0315,0.117,0.0675
Faltec Europe Ltd,219.0,6.0,154.88,2025-03-30 14:15:30+00:00,0.06425,0.03575,0.09775,0.062
Faltec Europe Ltd,219.0,6.0,154.88,2025-03-30 14:30:30+00:00,0.066,0.03975,0.09675,0.0635
Faltec Europe Ltd,219.0,6.0,154.88,2025-03-30 14:45:30+00:00,0.07475,0.0385,0.106,0.0705
Faltec Europe Ltd,219.0,6.0,154.88,2025-03-30 15:00:30+00:00,0.0745,0.04375,0.11125,0.07
Faltec Europe Ltd,219.0,6.0,154.88,2025-03-30 15:15:30+00:00,0.0845,0.05175,0.112,0.07675
Faltec Europe Ltd,219.0,6.0,154.88,2025-03-30 15:30:30+00:00,0.0855,0.059,0.10375,0.076
Faltec Europe Ltd,219.0,6.0,154.88,2025-03-30 15:45:30+00:00,0.071,0.05825,0.0945,0.064
Faltec Europe Ltd,219.0,6.0,154.88,2025-03-30 16:00:30+00:00,0.07575,0.0565,0.08825,0.066
Faltec Europe Ltd,219.0,6.0,154.88,2025-03-30 16:15:30+00:00,0.06825,0.053,0.08425,0.05875
Faltec Europe Ltd,219.0,6.0,154.88,2025-03-30 16:30:30+00:00,0.062,0.04725,0.078,0.05225
Faltec Europe Ltd,219.0,6.0,154.88,2025-03-30 16:45:30+00:00,0.05725,0.04325,0.07075,0.047
Faltec Europe Ltd,219.0,6.0,154.88,2025-03-30 17:00:30+00:00,0.05125,0.03775,0.061,0.041
Faltec Europe Ltd,219.0,6.0,154.88,2025-03-30 17:15:30+00:00,0.0425,0.031,0.0495,0.03325
Faltec Europe Ltd,219.0,6.0,154.88,2025-03-30 17:30:30+00:00,0.03275,0.02225,0.03775,0.02525
Faltec Europe Ltd,219.0,6.0,154.88,2025-03-30 17:45:30+00:00,0.02025,0.0135,0.0255,0.0155
Faltec Europe Ltd,219.0,6.0,154.88,2025-03-30 18:00:30+00:00,0.0105,0.00675,0.0145,0.008
Faltec Europe Ltd,219.0,6.0,154.88,2025-03-30 18:15:30+00:00,0.003,0.00225,0.00425,0.00275
Faltec Europe Ltd,219.0,6.0,154.88,2025-03-30 18:30:30+00:00,0.00025,0.00025,0.0005,0.00025
Faltec Europe Ltd,219.0,6.0,154.88,2025-03-30 18:45:30+00:00,0.0,0.0,0.0,0.0
Faltec Europe Ltd,219.0,6.0,154.88,2025-03-30 19:00:30+00:00,0.0,0.0,0.0,0.0
Faltec Europe Ltd,219.0,6.0,154.88,2025-03-30 19:15:30+00:00,0.0,0.0,0.0,0.0
Faltec Europe Ltd,219.0,6.0,154.88,2025-03-30 19:30:30+00:00,0.0,0.0,0.0,0.0
Faltec Europe Ltd,219.0,6.0,154.88,2025-03-30 19:45:30+00:00,0.0,0.0,0.0,0.0
Faltec Europe Ltd,219.0,6.0,154.88,2025-03-30 20:00:30+00:00,0.0,0.0,0.0,0.0
Faltec Europe Ltd,219.0,6.0,154.88,2025-03-30 20:15:30+00:00,0.0,0.0,0.0,0.0
Faltec Europe Ltd,219.0,6.0,154.88,2025-03-30 20:30:30+00:00,0.0,0.0,0.0,0.0
Faltec Europe Ltd,219.0,6.0,154.88,2025-03-30 20:45:30+00:00,0.0,0.0,0.0,0.0
Faltec Europe Ltd,219.0,6.0,154.88,2025-03-30 21:00:30+00:00,0.0,0.0,0.0,0.0
Faltec Europe Ltd,219.0,6.0,154.88,2025-03-30 21:15:30+00:00,0.0,0.0,0.0,0.0
Faltec Europe Ltd,219.0,6.0,154.88,2025-03-30 21:30:30+00:00,0.0,0.0,0.0,0.0
Faltec Europe Ltd,219.0,6.0,154.88,2025-03-30 21:45:30+00:00,0.0,0.0,0.0,0.0
Faltec Europe Ltd,219.0,6.0,154.88,2025-03-30 22:00:30+00:00,0.0,0.0,0.0,0.0
Faltec Europe Ltd,219.0,6.0,154.88,2025-03-30 22:15:30+00:00,0.0,0.0,0.0,0.0
Faltec Europe Ltd,219.0,6.0,154.88,2025-03-30 22:30:30+00:00,0.0,0.0,0.0,0.0
Faltec Europe Ltd,219.0,6.0,154.88,2025-03-30 22:45:30+00:00,0.0,0.0,0.0,0.0
Faltec Europe Ltd,219.0,6.0,154.88,2025-03-30 23:00:30+00:00,0.0,0.0,0.0,0.0
Faltec Europe Ltd,219.0,6.0,154.88,2025-03-30 23:15:30+00:00,0.0,0.0,0.0,0.0
Faltec Europe Ltd,219.0,6.0,154.88,2025-03-30 23:30:30+00:00,0.0,0.0,0.0,0.0
Faltec Europe Ltd,219.0,6.0,154.88,2025-03-30 23:45:30+00:00,0.0,0.0,0.0,0.0
Faltec Europe Ltd,219.0,6.0,154.88,2025-03-31 00:00:30+00:00,0.0,0.0,0.0,0.0
Faltec Europe Ltd,219.0,6.0,154.88,2025-03-31 00:15:30+00:00,0.0,0.0,0.0,0.0
Faltec Europe Ltd,219.0,6.0,154.88,2025-03-31 00:30:30+00:00,0.0,0.0,0.0,0.0
Faltec Europe Ltd,219.0,6.0,154.88,2025-03-31 00:45:30+00:00,0.0,0.0,0.0,0.0
Faltec Europe Ltd,219.0,6.0,154.88,2025-03-31 01:00:30+00:00,0.0,0.0,0.0,0.0
Faltec Europe Ltd,219.0,6.0,154.88,2025-03-31 01:15:30+00:00,0.0,0.0,0.0,0.0
Faltec Europe Ltd,219.0,6.0,154.88,2025-03-31 01:30:30+00:00,0.0,0.0,0.0,0.0
Faltec Europe Ltd,219.0,6.0,154.88,2025-03-31 01:45:30+00:00,0.0,0.0,0.0,0.0
Faltec Europe Ltd,219.0,6.0,154.88,2025-03-31 02:00:30+00:00,0.0,0.0,0.0,0.0
Faltec Europe Ltd,219.0,6.0,154.88,2025-03-31 02:15:30+00:00,0.0,0.0,0.0,0.0
Faltec Europe Ltd,219.0,6.0,154.88,2025-03-31 02:30:30+00:00,0.0,0.0,0.0,0.0
Faltec Europe Ltd,219.0,6.0,154.88,2025-03-31 02:45:30+00:00,0.0,0.0,0.0,0.0
Faltec Europe Ltd,219.0,6.0,154.88,2025-03-31 03:00:30+00:00,0.0,0.0,0.0,0.0
Faltec Europe Ltd,219.0,6.0,154.88,2025-03-31 03:15:30+00:00,0.0,0.0,0.0,0.0
Faltec Europe Ltd,219.0,6.0,154.88,2025-03-31 03:30:30+00:00,0.0,0.0,0.0,0.0
Faltec Europe Ltd,219.0,6.0,154.88,2025-03-31 03:45:30+00:00,0.0,0.0,0.0,0.0
Faltec Europe Ltd,219.0,6.0,154.88,2025-03-31 04:00:30+00:00,0.0,0.0,0.0,0.0
Faltec Europe Ltd,219.0,6.0,154.88,2025-03-31 04:15:30+00:00,0.0,0.0,0.0,0.0
Faltec Europe Ltd,219.0,6.0,154.88,2025-03-31 04:30:30+00:00,0.0,0.0,0.0,0.0
Faltec Europe Ltd,219.0,6.0,154.88,2025-03-31 04:45:30+00:00,0.0,0.0,0.0,0.0
Faltec Europe Ltd,219.0,6.0,154.88,2025-03-31 05:00:30+00:00,0.0,0.0,0.0,0.0
Faltec Europe Ltd,219.0,6.0,154.88,2025-03-31 05:15:30+00:00,0.0,0.0,0.0,0.0
Faltec Europe Ltd,219.0,6.0,154.88,2025-03-31 05:30:30+00:00,0.0,0.0,0.0,0.0
Faltec Europe Ltd,219.0,6.0,154.88,2025-03-31 05:45:30+00:00,0.001,0.00025,0.0025,0.001
Faltec Europe Ltd,219.0,6.0,154.88,2025-03-31 06:00:30+00:00,0.003,0.001,0.006,0.00325
Faltec Europe Ltd,219.0,6.0,154.88,2025-03-31 06:15:30+00:00,0.00625,0.002,0.0105,0.00625
Faltec Europe Ltd,219.0,6.0,154.88,2025-03-31 06:30:30+00:00,0.0095,0.004,0.0155,0.0095
Faltec Europe Ltd,219.0,6.0,154.88,2025-03-31 06:45:30+00:00,0.0135,0.006,0.0205,0.01375
Faltec Europe Ltd,219.0,6.0,154.88,2025-03-31 07:00:30+00:00,0.01675,0.008,0.02475,0.017
Faltec Europe Ltd,219.0,6.0,154.88,2025-03-31 07:15:30+00:00,0.019,0.00975,0.02825,0.01925
Faltec Europe Ltd,219.0,6.0,154.88,2025-03-31 07:30:30+00:00,0.0215,0.01225,0.03175,0.02175
Faltec Europe Ltd,219.0,6.0,154.88,2025-03-31 07:45:30+00:00,0.0255,0.0155,0.036,0.02575
Faltec Europe Ltd,219.0,6.0,154.88,2025-03-31 08:00:30+00:00,0.03,0.02,0.04125,0.0305
Faltec Europe Ltd,219.0,6.0,154.88,2025-03-31 08:15:30+00:00,0.03625,0.0255,0.0465,0.037
Faltec Europe Ltd,219.0,6.0,154.88,2025-03-31 08:30:30+00:00,0.0415,0.03025,0.05225,0.04225
Faltec Europe Ltd,219.0,6.0,154.88,2025-03-31 08:45:30+00:00,0.04575,0.0325,0.05625,0.04625
Faltec Europe Ltd,219.0,6.0,154.88,2025-03-31 09:00:30+00:00,0.0455,0.0315,0.05875,0.046
Faltec Europe Ltd,219.0,6.0,154.88,2025-03-31 09:15:30+00:00,0.044,0.02825,0.0625,0.04425
Faltec Europe Ltd,219.0,6.0,154.88,2025-03-31 09:30:30+00:00,0.04625,0.027,0.07025,0.0465
Faltec Europe Ltd,219.0,6.0,154.88,2025-03-31 09:45:30+00:00,0.0555,0.031,0.08425,0.05575
Faltec Europe Ltd,219.0,6.0,154.88,2025-03-31 10:00:30+00:00,0.07125,0.041,0.09575,0.071
Faltec Europe Ltd,219.0,6.0,154.88,2025-03-31 10:15:30+00:00,0.078,0.05325,0.1015,0.07725
Faltec Europe Ltd,219.0,6.0,154.88,2025-03-31 10:30:30+00:00,0.0825,0.061,0.1035,0.0815
Faltec Europe Ltd,219.0,6.0,154.88,2025-03-31 10:45:30+00:00,0.086,0.06525,0.1095,0.0845
Faltec Europe Ltd,219.0,6.0,154.88,2025-03-31 11:00:30+00:00,0.0935,0.06825,0.121,0.0915
Faltec Europe Ltd,219.0,6.0,154.88,2025-03-31 11:15:30+00:00,0.10475,0.07575,0.13325,0.10125
Faltec Europe Ltd,219.0,6.0,154.88,2025-03-31 11:30:30+00:00,0.11425,0.08375,0.14225,0.10975
Faltec Europe Ltd,219.0,6.0,154.88,2025-03-31 11:45:30+00:00,0.11925,0.09,0.148,0.114
Faltec Europe Ltd,219.0,6.0,154.88,2025-03-31 12:00:30+00:00,0.12325,0.0945,0.156,0.11725
Faltec Europe Ltd,219.0,6.0,154.88,2025-03-31 12:15:30+00:00,0.1345,0.1025,0.1655,0.126
Faltec Europe Ltd,219.0,6.0,154.88,2025-03-31 12:30:30+00:00,0.143,0.11375,0.17125,0.133
Faltec Europe Ltd,219.0,6.0,154.88,2025-03-31 12:45:30+00:00,0.151,0.12375,0.173,0.13825
Faltec Europe Ltd,219.0,6.0,154.88,2025-03-31 13:00:30+00:00,0.1495,0.12175,0.17475,0.1365
Faltec Europe Ltd,219.0,6.0,154.88,2025-03-31 13:15:30+00:00,0.144,0.10525,0.17725,0.131
Faltec Europe Ltd,219.0,6.0,154.88,2025-03-31 13:30:30+00:00,0.12825,0.074,0.178,0.11775
Faltec Europe Ltd,219.0,6.0,154.88,2025-03-31 13:45:30+00:00,0.10675,0.04475,0.1705,0.09925
Faltec Europe Ltd,219.0,6.0,154.88,2025-03-31 14:00:30+00:00,0.08925,0.02225,0.1505,0.0835
Faltec Europe Ltd,219.0,6.0,154.88,2025-03-31 14:15:30+00:00,0.06075,0.01275,0.11725,0.05875
Faltec Europe Ltd,219.0,6.0,154.88,2025-03-31 14:30:30+00:00,0.0455,0.012,0.09025,0.045
Faltec Europe Ltd,219.0,6.0,154.88,2025-03-31 14:45:30+00:00,0.048,0.01625,0.08025,0.04725
Faltec Europe Ltd,219.0,6.0,154.88,2025-03-31 15:00:30+00:00,0.0515,0.02675,0.08175,0.05
Faltec Europe Ltd,219.0,6.0,154.88,2025-03-31 15:15:30+00:00,0.063,0.03325,0.0825,0.0595
Faltec Europe Ltd,219.0,6.0,154.88,2025-03-31 15:30:30+00:00,0.05725,0.0395,0.0755,0.05425
Faltec Europe Ltd,219.0,6.0,154.88,2025-03-31 15:45:30+00:00,0.052,0.04025,0.06725,0.04925
Faltec Europe Ltd,219.0,6.0,154.88,2025-03-31 16:00:30+00:00,0.0525,0.03825,0.06125,0.049
Faltec Europe Ltd,219.0,6.0,154.88,2025-03-31 16:15:30+00:00,0.04325,0.029,0.0595,0.04075
Faltec Europe Ltd,219.0,6.0,154.88,2025-03-31 16:30:30+00:00,0.037,0.01825,0.0535,0.03475
Faltec Europe Ltd,219.0,6.0,154.88,2025-03-31 16:45:30+00:00,0.0265,0.009,0.0435,0.0255
Faltec Europe Ltd,219.0,6.0,154.88,2025-03-31 17:00:30+00:00,0.01525,0.00575,0.032,0.01525
Faltec Europe Ltd,219.0,6.0,154.88,2025-03-31 17:15:30+00:00,0.016,0.0035,0.0245,0.0155
Faltec Europe Ltd,219.0,6.0,154.88,2025-03-31 17:30:30+00:00,0.01025,0.00325,0.01825,0.01
Faltec Europe Ltd,219.0,6.0,154.88,2025-03-31 17:45:30+00:00,0.0065,0.0015,0.012,0.0065
Faltec Europe Ltd,219.0,6.0,154.88,2025-03-31 18:00:30+00:00,0.004,0.00075,0.00725,0.004
Faltec Europe Ltd,219.0,6.0,154.88,2025-03-31 18:15:30+00:00,0.0015,0.00025,0.0035,0.0015
Faltec Europe Ltd,219.0,6.0,154.88,2025-03-31 18:30:30+00:00,0.00025,0.0,0.0005,0.00025
Faltec Europe Ltd,219.0,6.0,154.88,2025-03-31 18:45:30+00:00,0.0,0.0,0.0,0.0
Faltec Europe Ltd,219.0,6.0,154.88,2025-03-31 19:00:30+00:00,0.0,0.0,0.0,0.0
Faltec Europe Ltd,219.0,6.0,154.88,2025-03-31 19:15:30+00:00,0.0,0.0,0.0,0.0
Faltec Europe Ltd,219.0,6.0,154.88,2025-03-31 19:30:30+00:00,0.0,0.0,0.0,0.0
Faltec Europe Ltd,219.0,6.0,154.88,2025-03-31 19:45:30+00:00,0.0,0.0,0.0,0.0
Faltec Europe Ltd,219.0,6.0,154.88,2025-03-31 20:00:30+00:00,0.0,0.0,0.0,0.0
Faltec Europe Ltd,219.0,6.0,154.88,2025-03-31 20:15:30+00:00,0.0,0.0,0.0,0.0
Faltec Europe Ltd,219.0,6.0,154.88,2025-03-31 20:30:30+00:00,0.0,0.0,0.0,0.0
Faltec Europe Ltd,219.0,6.0,154.88,2025-03-31 20:45:30+00:00,0.0,0.0,0.0,0.0
Faltec Europe Ltd,219.0,6.0,154.88,2025-03-31 21:00:30+00:00,0.0,0.0,0.0,0.0
Faltec Europe Ltd,219.0,6.0,154.88,2025-03-31 21:15:30+00:00,0.0,0.0,0.0,0.0
Faltec Europe Ltd,219.0,6.0,154.88,2025-03-31 21:30:30+00:00,0.0,0.0,0.0,0.0
Faltec Europe Ltd,219.0,6.0,154.88,2025-03-31 21:45:30+00:00,0.0,0.0,0.0,0.0
Faltec Europe Ltd,219.0,6.0,154.88,2025-03-31 22:00:30+00:00,0.0,0.0,0.0,0.0
Faltec Europe Ltd,219.0,6.0,154.88,2025-03-31 22:15:30+00:00,0.0,0.0,0.0,0.0
Faltec Europe Ltd,219.0,6.0,154.88,2025-03-31 22:30:30+00:00,0.0,0.0,0.0,0.0
Faltec Europe Ltd,219.0,6.0,154.88,2025-03-31 22:45:30+00:00,0.0,0.0,0.0,0.0
Faltec Europe Ltd,219.0,6.0,154.88,2025-03-31 23:00:30+00:00,0.0,0.0,0.0,0.0
Faltec Europe Ltd,219.0,6.0,154.88,2025-03-31 23:15:30+00:00,0.0,0.0,0.0,0.0
Faltec Europe Ltd,219.0,6.0,154.88,2025-03-31 23:30:30+00:00,0.0,0.0,0.0,0.0
Faltec Europe Ltd,219.0,6.0,154.88,2025-03-31 23:45:30+00:00,0.0,0.0,0.0,0.0
Faltec Europe Ltd,219.0,6.0,154.88,2025-03-01 00:00:30+00:00,0.0,0.0,0.0,0.0
Faltec Europe Ltd,219.0,6.0,154.88,2025-03-01 00:15:30+00:00,0.0,0.0,0.0,0.0
Faltec Europe Ltd,219.0,6.0,154.88,2025-03-01 00:30:30+00:00,0.0,0.0,0.0,0.0
Faltec Europe Ltd,219.0,6.0,154.88,2025-03-01 00:45:30+00:00,0.0,0.0,0.0,0.0
Faltec Europe Ltd,219.0,6.0,154.88,2025-03-01 01:00:30+00:00,0.0,0.0,0.0,0.0
Faltec Europe Ltd,219.0,6.0,154.88,2025-03-01 01:15:30+00:00,0.0,0.0,0.0,0.0
Faltec Europe Ltd,219.0,6.0,154.88,2025-03-01 01:30:30+00:00,0.0,0.0,0.0,0.0
Faltec Europe Ltd,219.0,6.0,154.88,2025-03-01 01:45:30+00:00,0.0,0.0,0.0,0.0
Faltec Europe Ltd,219.0,6.0,154.88,2025-03-01 02:00:30+00:00,0.0,0.0,0.0,0.0
Faltec Europe Ltd,219.0,6.0,154.88,2025-03-01 02:15:30+00:00,0.0,0.0,0.0,0.0
Faltec Europe Ltd,219.0,6.0,154.88,2025-03-01 02:30:30+00:00,0.0,0.0,0.0,0.0
Faltec Europe Ltd,219.0,6.0,154.88,2025-03-01 02:45:30+00:00,0.0,0.0,0.0,0.0
Faltec Europe Ltd,219.0,6.0,154.88,2025-03-01 03:00:30+00:00,0.0,0.0,0.0,0.0
Faltec Europe Ltd,219.0,6.0,154.88,2025-03-01 03:15:30+00:00,0.0,0.0,0.0,0.0
Faltec Europe Ltd,219.0,6.0,154.88,2025-03-01 03:30:30+00:00,0.0,0.0,0.0,0.0
Faltec Europe Ltd,219.0,6.0,154.88,2025-03-01 03:45:30+00:00,0.0,0.0,0.0,0.0
Faltec Europe Ltd,219.0,6.0,154.88,2025-03-01 04:00:30+00:00,0.0,0.0,0.0,0.0
Faltec Europe Ltd,219.0,6.0,154.88,2025-03-01 04:15:30+00:00,0.0,0.0,0.0,0.0
Faltec Europe Ltd,219.0,6.0,154.88,2025-03-01 04:30:30+00:00,0.0,0.0,0.0,0.0
Faltec Europe Ltd,219.0,6.0,154.88,2025-03-01 04:45:30+00:00,0.0,0.0,0.0,0.0
Faltec Europe Ltd,219.0,6.0,154.88,2025-03-01 05:00:30+00:00,0.0,0.0,0.0,0.0
Faltec Europe Ltd,219.0,6.0,154.88,2025-03-01 05:15:30+00:00,0.0,0.0,0.0,0.0
Faltec Europe Ltd,219.0,6.0,154.88,2025-03-01 05:30:30+00:00,0.0,0.0,0.0,0.0
Faltec Europe Ltd,219.0,6.0,154.88,2025-03-01 05:45:30+00:00,0.0,0.0,0.0,0.0
Faltec Europe Ltd,219.0,6.0,154.88,2025-03-01 06:00:30+00:00,0.0,0.0,0.0,0.0
Faltec Europe Ltd,219.0,6.0,154.88,2025-03-01 06:15:30+00:00,0.0,0.0,0.0,0.0
Faltec Europe Ltd,219.0,6.0,154.88,2025-03-01 06:30:30+00:00,0.0,0.0,0.0,0.0
Faltec Europe Ltd,219.0,6.0,154.88,2025-03-01 06:45:30+00:00,0.0,0.0,0.0,0.0
Faltec Europe Ltd,219.0,6.0,154.88,2025-03-01 07:00:30+00:00,0.00125,0.00075,0.00225,0.00125
Faltec Europe Ltd,219.0,6.0,154.88,2025-03-01 07:15:30+00:00,0.0045,0.002,0.0075,0.00475
Faltec Europe Ltd,219.0,6.0,154.88,2025-03-01 07:30:30+00:00,0.009,0.002,0.01275,0.01
Faltec Europe Ltd,219.0,6.0,154.88,2025-03-01 07:45:30+00:00,0.0095,0.0025,0.019,0.00975
Faltec Europe Ltd,219.0,6.0,154.88,2025-03-01 08:00:30+00:00,0.013,0.00375,0.02425,0.01325
Faltec Europe Ltd,219.0,6.0,154.88,2025-03-01 08:15:30+00:00,0.01925,0.006,0.03125,0.0195
Faltec Europe Ltd,219.0,6.0,154.88,2025-03-01 08:30:30+00:00,0.02375,0.01075,0.0405,0.024
Faltec Europe Ltd,219.0,6.0,154.88,2025-03-01 08:45:30+00:00,0.03375,0.015,0.05175,0.034
Faltec Europe Ltd,219.0,6.0,154.88,2025-03-01 09:00:30+00:00,0.0425,0.02425,0.0625,0.0425
Faltec Europe Ltd,219.0,6.0,154.88,2025-03-01 09:15:30+00:00,0.054,0.0355,0.0715,0.05325
Faltec Europe Ltd,219.0,6.0,154.88,2025-03-01 09:30:30+00:00,0.064,0.048,0.0755,0.06225
Faltec Europe Ltd,219.0,6.0,154.88,2025-03-01 09:45:30+00:00,0.0665,0.05675,0.078,0.06425
Faltec Europe Ltd,219.0,6.0,154.88,2025-03-01 10:00:30+00:00,0.072,0.06375,0.0805,0.069
Faltec Europe Ltd,219.0,6.0,154.88,2025-03-01 10:15:30+00:00,0.078,0.07,0.0865,0.07425
Faltec Europe Ltd,219.0,6.0,154.88,2025-03-01 10:30:30+00:00,0.08475,0.075,0.09225,0.08025
Faltec Europe Ltd,219.0,6.0,154.88,2025-03-01 10:45:30+00:00,0.08775,0.07825,0.09925,0.0825
Faltec Europe Ltd,219.0,6.0,154.88,2025-03-01 11:00:30+00:00,0.09425,0.08075,0.10675,0.088
Faltec Europe Ltd,219.0,6.0,154.88,2025-03-01 11:15:30+00:00,0.1,0.0865,0.1155,0.092
Faltec Europe Ltd,219.0,6.0,154.88,2025-03-01 11:30:30+00:00,0.10825,0.0925,0.12225,0.0985
Faltec Europe Ltd,219.0,6.0,154.88,2025-03-01 11:45:30+00:00,0.11325,0.0995,0.12475,0.10225
Faltec Europe Ltd,219.0,6.0,154.88,2025-03-01 12:00:30+00:00,0.11425,0.104,0.12625,0.10225
Faltec Europe Ltd,219.0,6.0,154.88,2025-03-01 12:15:30+00:00,0.11825,0.1055,0.12625,0.105
Faltec Europe Ltd,219.0,6.0,154.88,2025-03-01 12:30:30+00:00,0.1145,0.10575,0.128,0.1015
Faltec Europe Ltd,219.0,6.0,154.88,2025-03-01 12:45:30+00:00,0.119,0.10625,0.13025,0.1045
Faltec Europe Ltd,219.0,6.0,154.88,2025-03-01 13:00:30+00:00,0.1215,0.10925,0.13025,0.105
Faltec Europe Ltd,219.0,6.0,154.88,2025-03-01 13:15:30+00:00,0.11675,0.10775,0.12825,0.10025
Faltec Europe Ltd,219.0,6.0,154.88,2025-03-01 13:30:30+00:00,0.11625,0.1045,0.127,0.09875
Faltec Europe Ltd,219.0,6.0,154.88,2025-03-01 13:45:30+00:00,0.1135,0.0925,0.12975,0.09575
Faltec Europe Ltd,219.0,6.0,154.88,2025-03-01 14:00:30+00:00,0.101,0.0765,0.1265,0.08625
Faltec Europe Ltd,219.0,6.0,154.88,2025-03-01 14:15:30+00:00,0.10575,0.05325,0.12025,0.09
Faltec Europe Ltd,219.0,6.0,154.88,2025-03-01 14:30:30+00:00,0.0745,0.03125,0.10975,0.06525
Faltec Europe Ltd,219.0,6.0,154.88,2025-03-01 14:45:30+00:00,0.05125,0.0125,0.09675,0.04725
Faltec Europe Ltd,219.0,6.0,154.88,2025-03-01 15:00:30+00:00,0.04,0.008,0.074,0.0375
Faltec Europe Ltd,219.0,6.0,154.88,2025-03-01 15:15:30+00:00,0.031,0.0065,0.054,0.03
Faltec Europe Ltd,219.0,6.0,154.88,2025-03-01 15:30:30+00:00,0.02025,0.00775,0.0395,0.02
Faltec Europe Ltd,219.0,6.0,154.88,2025-03-01 15:45:30+00:00,0.02025,0.00625,0.03125,0.01975
Faltec Europe Ltd,219.0,6.0,154.88,2025-03-01 16:00:30+00:00,0.01525,0.0055,0.02675,0.01525
Faltec Europe Ltd,219.0,6.0,154.88,2025-03-01 16:15:30+00:00,0.013,0.004,0.02275,0.013
Faltec Europe Ltd,219.0,6.0,154.88,2025-03-01 16:30:30+00:00,0.01175,0.00325,0.0195,0.0115
Faltec Europe Ltd,219.0,6.0,154.88,2025-03-01 16:45:30+00:00,0.00925,0.00275,0.01525,0.009
Faltec Europe Ltd,219.0,6.0,154.88,2025-03-01 17:00:30+00:00,0.0055,0.00175,0.00925,0.0055
Faltec Europe Ltd,219.0,6.0,154.88,2025-03-01 17:15:30+00:00,0.002,0.00075,0.0045,0.002
Faltec Europe Ltd,219.0,6.0,154.88,2025-03-01 17:30:30+00:00,0.00075,0.00025,0.0015,0.00075
Faltec Europe Ltd,219.0,6.0,154.88,2025-03-01 17:45:30+00:00,0.0,0.0,0.0,0.0
Faltec Europe Ltd,219.0,6.0,154.88,2025-03-01 18:00:30+00:00,0.0,0.0,0.0,0.0
Faltec Europe Ltd,219.0,6.0,154.88,2025-03-01 18:15:30+00:00,0.0,0.0,0.0,0.0
Faltec Europe Ltd,219.0,6.0,154.88,2025-03-01 18:30:30+00:00,0.0,0.0,0.0,0.0
Faltec Europe Ltd,219.0,6.0,154.88,2025-03-01 18:45:30+00:00,0.0,0.0,0.0,0.0
Faltec Europe Ltd,219.0,6.0,154.88,2025-03-01 19:00:30+00:00,0.0,0.0,0.0,0.0
Faltec Europe Ltd,219.0,6.0,154.88,2025-03-01 19:15:30+00:00,0.0,0.0,0.0,0.0
Faltec Europe Ltd,219.0,6.0,154.88,2025-03-01 19:30:30+00:00,0.0,0.0,0.0,0.0
Faltec Europe Ltd,219.0,6.0,154.88,2025-03-01 19:45:30+00:00,0.0,0.0,0.0,0.0
Faltec Europe Ltd,219.0,6.0,154.88,2025-03-01 20:00:30+00:00,0.0,0.0,0.0,0.0
Faltec Europe Ltd,219.0,6.0,154.88,2025-03-01 20:15:30+00:00,0.0,0.0,0.0,0.0
Faltec Europe Ltd,219.0,6.0,154.88,2025-03-01 20:30:30+00:00,0.0,0.0,0.0,0.0
Faltec Europe Ltd,219.0,6.0,154.88,2025-03-01 20:45:30+00:00,0.0,0.0,0.0,0.0
Faltec Europe Ltd,219.0,6.0,154.88,2025-03-01 21:00:30+00:00,0.0,0.0,0.0,0.0
Faltec Europe Ltd,219.0,6.0,154.88,2025-03-01 21:15:30+00:00,0.0,0.0,0.0,0.0
Faltec Europe Ltd,219.0,6.0,154.88,2025-03-01 21:30:30+00:00,0.0,0.0,0.0,0.0
Faltec Europe Ltd,219.0,6.0,154.88,2025-03-01 21:45:30+00:00,0.0,0.0,0.0,0.0
Faltec Europe Ltd,219.0,6.0,154.88,2025-03-01 22:00:30+00:00,0.0,0.0,0.0,0.0
Faltec Europe Ltd,219.0,6.0,154.88,2025-03-01 22:15:30+00:00,0.0,0.0,0.0,0.0
Faltec Europe Ltd,219.0,6.0,154.88,2025-03-01 22:30:30+00:00,0.0,0.0,0.0,0.0
Faltec Europe Ltd,219.0,6.0,154.88,2025-03-01 22:45:30+00:00,0.0,0.0,0.0,0.0
Faltec Europe Ltd,219.0,6.0,154.88,2025-03-01 23:00:30+00:00,0.0,0.0,0.0,0.0
Faltec Europe Ltd,219.0,6.0,154.88,2025-03-01 23:15:30+00:00,0.0,0.0,0.0,0.0
Faltec Europe Ltd,219.0,6.0,154.88,2025-03-01 23:30:30+00:00,0.0,0.0,0.0,0.0
Faltec Europe Ltd,219.0,6.0,154.88,2025-03-01 23:45:30+00:00,0.0,0.0,0.0,0.0
Faltec Europe Ltd,219.0,6.0,154.88,2025-03-02 00:00:30+00:00,0.0,0.0,0.0,0.0
Faltec Europe Ltd,219.0,6.0,154.88,2025-03-02 00:15:30+00:00,0.0,0.0,0.0,0.0
Faltec Europe Ltd,219.0,6.0,154.88,2025-03-02 00:30:30+00:00,0.0,0.0,0.0,0.0
Faltec Europe Ltd,219.0,6.0,154.88,2025-03-02 00:45:30+00:00,0.0,0.0,0.0,0.0
Faltec Europe Ltd,219.0,6.0,154.88,2025-03-02 01:00:30+00:00,0.0,0.0,0.0,0.0
Faltec Europe Ltd,219.0,6.0,154.88,2025-03-02 01:15:30+00:00,0.0,0.0,0.0,0.0
Faltec Europe Ltd,219.0,6.0,154.88,2025-03-02 01:30:30+00:00,0.0,0.0,0.0,0.0
Faltec Europe Ltd,219.0,6.0,154.88,2025-03-02 01:45:30+00:00,0.0,0.0,0.0,0.0
Faltec Europe Ltd,219.0,6.0,154.88,2025-03-02 02:00:30+00:00,0.0,0.0,0.0,0.0
Faltec Europe Ltd,219.0,6.0,154.88,2025-03-02 02:15:30+00:00,0.0,0.0,0.0,0.0
Faltec Europe Ltd,219.0,6.0,154.88,2025-03-02 02:30:30+00:00,0.0,0.0,0.0,0.0
Faltec Europe Ltd,219.0,6.0,154.88,2025-03-02 02:45:30+00:00,0.0,0.0,0.0,0.0
Faltec Europe Ltd,219.0,6.0,154.88,2025-03-02 03:00:30+00:00,0.0,0.0,0.0,0.0
Faltec Europe Ltd,219.0,6.0,154.88,2025-03-02 03:15:30+00:00,0.0,0.0,0.0,0.0
Faltec Europe Ltd,219.0,6.0,154.88,2025-03-02 03:30:30+00:00,0.0,0.0,0.0,0.0
Faltec Europe Ltd,219.0,6.0,154.88,2025-03-02 03:45:30+00:00,0.0,0.0,0.0,0.0
Faltec Europe Ltd,219.0,6.0,154.88,2025-03-02 04:00:30+00:00,0.0,0.0,0.0,0.0
Faltec Europe Ltd,219.0,6.0,154.88,2025-03-02 04:15:30+00:00,0.0,0.0,0.0,0.0
Faltec Europe Ltd,219.0,6.0,154.88,2025-03-02 04:30:30+00:00,0.0,0.0,0.0,0.0
Faltec Europe Ltd,219.0,6.0,154.88,2025-03-02 04:45:30+00:00,0.0,0.0,0.0,0.0
Faltec Europe Ltd,219.0,6.0,154.88,2025-03-02 05:00:30+00:00,0.0,0.0,0.0,0.0
Faltec Europe Ltd,219.0,6.0,154.88,2025-03-02 05:15:30+00:00,0.0,0.0,0.0,0.0
Faltec Europe Ltd,219.0,6.0,154.88,2025-03-02 05:30:30+00:00,0.0,0.0,0.0,0.0
Faltec Europe Ltd,219.0,6.0,154.88,2025-03-02 05:45:30+00:00,0.0,0.0,0.0,0.0
Faltec Europe Ltd,219.0,6.0,154.88,2025-03-02 06:00:30+00:00,0.0,0.0,0.0,0.0
Faltec Europe Ltd,219.0,6.0,154.88,2025-03-02 06:15:30+00:00,0.0,0.0,0.0,0.0
Faltec Europe Ltd,219.0,6.0,154.88,2025-03-02 06:30:30+00:00,0.0,0.0,0.0,0.0
Faltec Europe Ltd,219.0,6.0,154.88,2025-03-02 06:45:30+00:00,0.0,0.0,0.0,0.0
Faltec Europe Ltd,219.0,6.0,154.88,2025-03-02 07:00:30+00:00,0.00175,0.001,0.003,0.00175
Faltec Europe Ltd,219.0,6.0,154.88,2025-03-02 07:15:30+00:00,0.00475,0.0025,0.008,0.00475
Faltec Europe Ltd,219.0,6.0,154.88,2025-03-02 07:30:30+00:00,0.00875,0.00475,0.01325,0.00925
Faltec Europe Ltd,219.0,6.0,154.88,2025-03-02 07:45:30+00:00,0.0135,0.0075,0.0195,0.01425
Faltec Europe Ltd,219.0,6.0,154.88,2025-03-02 08:00:30+00:00,0.01825,0.0115,0.02625,0.019
Faltec Europe Ltd,219.0,6.0,154.88,2025-03-02 08:15:30+00:00,0.0245,0.01425,0.0345,0.02525
Faltec Europe Ltd,219.0,6.0,154.88,2025-03-02 08:30:30+00:00,0.03025,0.01325,0.04375,0.03075
Faltec Europe Ltd,219.0,6.0,154.88,2025-03-02 08:45:30+00:00,0.0305,0.0065,0.0525,0.03075
Faltec Europe Ltd,219.0,6.0,154.88,2025-03-02 09:00:30+00:00,0.027,0.0055,0.05475,0.02725
Faltec Europe Ltd,219.0,6.0,154.88,2025-03-02 09:15:30+00:00,0.0205,0.00575,0.04975,0.02075
Faltec Europe Ltd,219.0,6.0,154.88,2025-03-02 09:30:30+00:00,0.01375,0.00625,0.04,0.014
Faltec Europe Ltd,219.0,6.0,154.88,2025-03-02 09:45:30+00:00,0.01325,0.00675,0.03475,0.0135
Faltec Europe Ltd,219.0,6.0,154.88,2025-03-02 10:00:30+00:00,0.016,0.00725,0.0425,0.01625
Faltec Europe Ltd,219.0,6.0,154.88,2025-03-02 10:15:30+00:00,0.01425,0.00775,0.0575,0.0145
Faltec Europe Ltd,219.0,6.0,154.88,2025-03-02 10:30:30+00:00,0.0325,0.00825,0.096,0.032
Faltec Europe Ltd,219.0,6.0,154.88,2025-03-02 10:45:30+00:00,0.09525,0.0265,0.12375,0.08975
Faltec Europe Ltd,219.0,6.0,154.88,2025-03-02 11:00:30+00:00,0.1155,0.0655,0.131,0.1065
Faltec Europe Ltd,219.0,6.0,154.88,2025-03-02 11:15:30+00:00,0.11725,0.08575,0.13625,0.1065
Faltec Europe Ltd,219.0,6.0,154.88,2025-03-02 11:30:30+00:00,0.119,0.0975,0.13775,0.1075
Faltec Europe Ltd,219.0,6.0,154.88,2025-03-02 11:45:30+00:00,0.11575,0.088,0.14175,0.1045
Faltec Europe Ltd,219.0,6.0,154.88,2025-03-02 12:00:30+00:00,0.113,0.07625,0.143,0.10175
Faltec Europe Ltd,219.0,6.0,154.88,2025-03-02 12:15:30+00:00,0.103,0.0605,0.137,0.094
Faltec Europe Ltd,219.0,6.0,154.88,2025-03-02 12:30:30+00:00,0.0795,0.04875,0.12675,0.07425
Faltec Europe Ltd,219.0,6.0,154.88,2025-03-02 12:45:30+00:00,0.08325,0.0405,0.1245,0.07725
Faltec Europe Ltd,219.0,6.0,154.88,2025-03-02 13:00:30+00:00,0.084,0.02825,0.12025,0.0775
Faltec Europe Ltd,219.0,6.0,154.88,2025-03-02 13:15:30+00:00,0.0525,0.0145,0.1005,0.05025
Faltec Europe Ltd,219.0,6.0,154.88,2025-03-02 13:30:30+00:00,0.03725,0.00875,0.07675,0.037
Faltec Europe Ltd,219.0,6.0,154.88,2025-03-02 13:45:30+00:00,0.0375,0.01,0.066,0.03725
Faltec Europe Ltd,219.0,6.0,154.88,2025-03-02 14:00:30+00:00,0.039,0.01325,0.05625,0.03825
Faltec Europe Ltd,219.0,6.0,154.88,2025-03-02 14:15:30+00:00,0.02675,0.0075,0.0515,0.02675
Faltec Europe Ltd,219.0,6.0,154.88,2025-03-02 14:30:30+00:00,0.01875,0.007,0.0485,0.019
Faltec Europe Ltd,219.0,6.0,154.88,2025-03-02 14:45:30+00:00,0.0225,0.0065,0.05425,0.0225
Faltec Europe Ltd,219.0,6.0,154.88,2025-03-02 15:00:30+00:00,0.03975,0.008,0.06125,0.037
Faltec Europe Ltd,219.0,6.0,154.88,2025-03-02 15:15:30+00:00,0.03825,0.01625,0.058,0.0355
Faltec Europe Ltd,219.0,6.0,154.88,2025-03-02 15:30:30+00:00,0.03275,0.01725,0.0475,0.03075
Faltec Europe Ltd,219.0,6.0,154.88,2025-03-02 15:45:30+00:00,0.02525,0.01525,0.03675,0.0245
Faltec Europe Ltd,219.0,6.0,154.88,2025-03-02 16:00:30+00:00,0.02025,0.011,0.0305,0.01975
Faltec Europe Ltd,219.0,6.0,154.88,2025-03-02 16:15:30+00:00,0.01675,0.0085,0.02575,0.01625
Faltec Europe Ltd,219.0,6.0,154.88,2025-03-02 16:30:30+00:00,0.0145,0.0065,0.02125,0.0135
Faltec Europe Ltd,219.0,6.0,154.88,2025-03-02 16:45:30+00:00,0.00975,0.00425,0.0155,0.0095
Faltec Europe Ltd,219.0,6.0,154.88,2025-03-02 17:00:30+00:00,0.0055,0.002,0.0095,0.0055
Faltec Europe Ltd,219.0,6.0,154.88,2025-03-02 17:15:30+00:00,0.00225,0.00075,0.005,0.00225
Faltec Europe Ltd,219.0,6.0,154.88,2025-03-02 17:30:30+00:00,0.00075,0.00025,0.00175,0.00075
Faltec Europe Ltd,219.0,6.0,154.88,2025-03-02 17:45:30+00:00,0.0,0.0,0.0,0.0
Faltec Europe Ltd,219.0,6.0,154.88,2025-03-02 18:00:30+00:00,0.0,0.0,0.0,0.0
Faltec Europe Ltd,219.0,6.0,154.88,2025-03-02 18:15:30+00:00,0.0,0.0,0.0,0.0
Faltec Europe Ltd,219.0,6.0,154.88,2025-03-02 18:30:30+00:00,0.0,0.0,0.0,0.0
Faltec Europe Ltd,219.0,6.0,154.88,2025-03-02 18:45:30+00:00,0.0,0.0,0.0,0.0
Faltec Europe Ltd,219.0,6.0,154.88,2025-03-02 19:00:30+00:00,0.0,0.0,0.0,0.0
Faltec Europe Ltd,219.0,6.0,154.88,2025-03-02 19:15:30+00:00,0.0,0.0,0.0,0.0
Faltec Europe Ltd,219.0,6.0,154.88,2025-03-02 19:30:30+00:00,0.0,0.0,0.0,0.0
Faltec Europe Ltd,219.0,6.0,154.88,2025-03-02 19:45:30+00:00,0.0,0.0,0.0,0.0
Faltec Europe Ltd,219.0,6.0,154.88,2025-03-02 20:00:30+00:00,0.0,0.0,0.0,0.0
Faltec Europe Ltd,219.0,6.0,154.88,2025-03-02 20:15:30+00:00,0.0,0.0,0.0,0.0
Faltec Europe Ltd,219.0,6.0,154.88,2025-03-02 20:30:30+00:00,0.0,0.0,0.0,0.0
Faltec Europe Ltd,219.0,6.0,154.88,2025-03-02 20:45:30+00:00,0.0,0.0,0.0,0.0
Faltec Europe Ltd,219.0,6.0,154.88,2025-03-02 21:00:30+00:00,0.0,0.0,0.0,0.0
Faltec Europe Ltd,219.0,6.0,154.88,2025-03-02 21:15:30+00:00,0.0,0.0,0.0,0.0
Faltec Europe Ltd,219.0,6.0,154.88,2025-03-02 21:30:30+00:00,0.0,0.0,0.0,0.0
Faltec Europe Ltd,219.0,6.0,154.88,2025-03-02 21:45:30+00:00,0.0,0.0,0.0,0.0
Faltec Europe Ltd,219.0,6.0,154.88,2025-03-02 22:00:30+00:00,0.0,0.0,0.0,0.0
Faltec Europe Ltd,219.0,6.0,154.88,2025-03-02 22:15:30+00:00,0.0,0.0,0.0,0.0
Faltec Europe Ltd,219.0,6.0,154.88,2025-03-02 22:30:30+00:00,0.0,0.0,0.0,0.0
Faltec Europe Ltd,219.0,6.0,154.88,2025-03-02 22:45:30+00:00,0.0,0.0,0.0,0.0
Faltec Europe Ltd,219.0,6.0,154.88,2025-03-02 23:00:30+00:00,0.0,0.0,0.0,0.0
Faltec Europe Ltd,219.0,6.0,154.88,2025-03-02 23:15:30+00:00,0.0,0.0,0.0,0.0
Faltec Europe Ltd,219.0,6.0,154.88,2025-03-02 23:30:30+00:00,0.0,0.0,0.0,0.0
Faltec Europe Ltd,219.0,6.0,154.88,2025-03-02 23:45:30+00:00,0.0,0.0,0.0,0.0
Faltec Europe Ltd,219.0,6.0,154.88,2025-03-03 00:00:30+00:00,0.0,0.0,0.0,0.0
Faltec Europe Ltd,219.0,6.0,154.88,2025-03-03 00:15:30+00:00,0.0,0.0,0.0,0.0
Faltec Europe Ltd,219.0,6.0,154.88,2025-03-03 00:30:30+00:00,0.0,0.0,0.0,0.0
Faltec Europe Ltd,219.0,6.0,154.88,2025-03-03 00:45:30+00:00,0.0,0.0,0.0,0.0
Faltec Europe Ltd,219.0,6.0,154.88,2025-03-03 01:00:30+00:00,0.0,0.0,0.0,0.0
Faltec Europe Ltd,219.0,6.0,154.88,2025-03-03 01:15:30+00:00,0.0,0.0,0.0,0.0
Faltec Europe Ltd,219.0,6.0,154.88,2025-03-03 01:30:30+00:00,0.0,0.0,0.0,0.0
Faltec Europe Ltd,219.0,6.0,154.88,2025-03-03 01:45:30+00:00,0.0,0.0,0.0,0.0
Faltec Europe Ltd,219.0,6.0,154.88,2025-03-03 02:00:30+00:00,0.0,0.0,0.0,0.0
Faltec Europe Ltd,219.0,6.0,154.88,2025-03-03 02:15:30+00:00,0.0,0.0,0.0,0.0
Faltec Europe Ltd,219.0,6.0,154.88,2025-03-03 02:30:30+00:00,0.0,0.0,0.0,0.0
Faltec Europe Ltd,219.0,6.0,154.88,2025-03-03 02:45:30+00:00,0.0,0.0,0.0,0.0
Faltec Europe Ltd,219.0,6.0,154.88,2025-03-03 03:00:30+00:00,0.0,0.0,0.0,0.0
Faltec Europe Ltd,219.0,6.0,154.88,2025-03-03 03:15:30+00:00,0.0,0.0,0.0,0.0
Faltec Europe Ltd,219.0,6.0,154.88,2025-03-03 03:30:30+00:00,0.0,0.0,0.0,0.0
Faltec Europe Ltd,219.0,6.0,154.88,2025-03-03 03:45:30+00:00,0.0,0.0,0.0,0.0
Faltec Europe Ltd,219.0,6.0,154.88,2025-03-03 04:00:30+00:00,0.0,0.0,0.0,0.0
Faltec Europe Ltd,219.0,6.0,154.88,2025-03-03 04:15:30+00:00,0.0,0.0,0.0,0.0
Faltec Europe Ltd,219.0,6.0,154.88,2025-03-03 04:30:30+00:00,0.0,0.0,0.0,0.0
Faltec Europe Ltd,219.0,6.0,154.88,2025-03-03 04:45:30+00:00,0.0,0.0,0.0,0.0
Faltec Europe Ltd,219.0,6.0,154.88,2025-03-03 05:00:30+00:00,0.0,0.0,0.0,0.0
Faltec Europe Ltd,219.0,6.0,154.88,2025-03-03 05:15:30+00:00,0.0,0.0,0.0,0.0
Faltec Europe Ltd,219.0,6.0,154.88,2025-03-03 05:30:30+00:00,0.0,0.0,0.0,0.0
Faltec Europe Ltd,219.0,6.0,154.88,2025-03-03 05:45:30+00:00,0.0,0.0,0.0,0.0
Faltec Europe Ltd,219.0,6.0,154.88,2025-03-03 06:00:30+00:00,0.0,0.0,0.0,0.0
Faltec Europe Ltd,219.0,6.0,154.88,2025-03-03 06:15:30+00:00,0.0,0.0,0.0,0.0
Faltec Europe Ltd,219.0,6.0,154.88,2025-03-03 06:30:30+00:00,0.0,0.0,0.0,0.0
Faltec Europe Ltd,219.0,6.0,154.88,2025-03-03 06:45:30+00:00,0.00075,0.0005,0.0015,0.00075
Faltec Europe Ltd,219.0,6.0,154.88,2025-03-03 07:00:30+00:00,0.00225,0.00125,0.004,0.00225
Faltec Europe Ltd,219.0,6.0,154.88,2025-03-03 07:15:30+00:00,0.0055,0.003,0.00875,0.0055
Faltec Europe Ltd,219.0,6.0,154.88,2025-03-03 07:30:30+00:00,0.00975,0.00525,0.01425,0.01025
Faltec Europe Ltd,219.0,6.0,154.88,2025-03-03 07:45:30+00:00,0.0145,0.0085,0.0205,0.015
Faltec Europe Ltd,219.0,6.0,154.88,2025-03-03 08:00:30+00:00,0.01975,0.01225,0.02725,0.0205
Faltec Europe Ltd,219.0,6.0,154.88,2025-03-03 08:15:30+00:00,0.025,0.01725,0.03475,0.02575
Faltec Europe Ltd,219.0,6.0,154.88,2025-03-03 08:30:30+00:00,0.03275,0.0225,0.042,0.0335
Faltec Europe Ltd,219.0,6.0,154.88,2025-03-03 08:45:30+00:00,0.03925,0.02925,0.049,0.0395
Faltec Europe Ltd,219.0,6.0,154.88,2025-03-03 09:00:30+00:00,0.04525,0.03475,0.0565,0.04525
Faltec Europe Ltd,219.0,6.0,154.88,2025-03-03 09:15:30+00:00,0.05275,0.03925,0.06325,0.05225
Faltec Europe Ltd,219.0,6.0,154.88,2025-03-03 09:30:30+00:00,0.05525,0.03975,0.06775,0.0545
Faltec Europe Ltd,219.0,6.0,154.88,2025-03-03 09:45:30+00:00,0.05325,0.0405,0.06875,0.0525
Faltec Europe Ltd,219.0,6.0,154.88,2025-03-03 10:00:30+00:00,0.0555,0.0445,0.0685,0.0545
Faltec Europe Ltd,219.0,6.0,154.88,2025-03-03 10:15:30+00:00,0.061,0.04975,0.069,0.05975
Faltec Europe Ltd,219.0,6.0,154.88,2025-03-03 10:30:30+00:00,0.06125,0.05475,0.071,0.06
Faltec Europe Ltd,219.0,6.0,154.88,2025-03-03 10:45:30+00:00,0.06625,0.055,0.07675,0.0645
Faltec Europe Ltd,219.0,6.0,154.88,2025-03-03 11:00:30+00:00,0.0695,0.0525,0.083,0.0675
Faltec Europe Ltd,219.0,6.0,154.88,2025-03-03 11:15:30+00:00,0.067,0.04675,0.0855,0.065
Faltec Europe Ltd,219.0,6.0,154.88,2025-03-03 11:30:30+00:00,0.061,0.04125,0.082,0.05925
Faltec Europe Ltd,219.0,6.0,154.88,2025-03-03 11:45:30+00:00,0.05575,0.03825,0.0805,0.055
Faltec Europe Ltd,219.0,6.0,154.88,2025-03-03 12:00:30+00:00,0.0625,0.0405,0.0865,0.0605
Faltec Europe Ltd,219.0,6.0,154.88,2025-03-03 12:15:30+00:00,0.07175,0.047,0.095,0.0685
Faltec Europe Ltd,219.0,6.0,154.88,2025-03-03 12:30:30+00:00,0.07825,0.05525,0.0985,0.07425
Faltec Europe Ltd,219.0,6.0,154.88,2025-03-03 12:45:30+00:00,0.07975,0.05925,0.09625,0.07525
Faltec Europe Ltd,219.0,6.0,154.88,2025-03-03 13:00:30+00:00,0.0745,0.05575,0.09,0.07025
Faltec Europe Ltd,219.0,6.0,154.88,2025-03-03 13:15:30+00:00,0.06375,0.05025,0.083,0.06075
Faltec Europe Ltd,219.0,6.0,154.88,2025-03-03 13:30:30+00:00,0.062,0.047,0.078,0.05875
Faltec Europe Ltd,219.0,6.0,154.88,2025-03-03 13:45:30+00:00,0.06175,0.0435,0.076,0.0585
Faltec Europe Ltd,219.0,6.0,154.88,2025-03-03 14:00:30+00:00,0.05475,0.0355,0.07375,0.052
Faltec Europe Ltd,219.0,6.0,154.88,2025-03-03 14:15:30+00:00,0.047,0.026,0.0675,0.045
Faltec Europe Ltd,219.0,6.0,154.88,2025-03-03 14:30:30+00:00,0.0375,0.0185,0.0575,0.03675
Faltec Europe Ltd,219.0,6.0,154.88,2025-03-03 14:45:30+00:00,0.03,0.01425,0.051,0.02975
Faltec Europe Ltd,219.0,6.0,154.88,2025-03-03 15:00:30+00:00,0.03075,0.01175,0.05225,0.03025
Faltec Europe Ltd,219.0,6.0,154.88,2025-03-03 15:15:30+00:00,0.03625,0.01175,0.05875,0.034
Faltec Europe Ltd,219.0,6.0,154.88,2025-03-03 15:30:30+00:00,0.03825,0.0155,0.06,0.035
Faltec Europe Ltd,219.0,6.0,154.88,2025-03-03 15:45:30+00:00,0.0395,0.02025,0.057,0.03475
Faltec Europe Ltd,219.0,6.0,154.88,2025-03-03 16:00:30+00:00,0.038,0.023,0.0505,0.03175
Faltec Europe Ltd,219.0,6.0,154.88,2025-03-03 16:15:30+00:00,0.03075,0.02025,0.04125,0.026
Faltec Europe Ltd,219.0,6.0,154.88,2025-03-03 16:30:30+00:00,0.02375,0.01525,0.03225,0.01975
Faltec Europe Ltd,219.0,6.0,154.88,2025-03-03 16:45:30+00:00,0.0165,0.01,0.0235,0.01375
Faltec Europe Ltd,219.0,6.0,154.88,2025-03-03 17:00:30+00:00,0.00975,0.0055,0.01475,0.00825
Faltec Europe Ltd,219.0,6.0,154.88,2025-03-03 17:15:30+00:00,0.004,0.0025,0.00675,0.00375
Faltec Europe Ltd,219.0,6.0,154.88,2025-03-03 17:30:30+00:00,0.0015,0.00075,0.0025,0.0015
Faltec Europe Ltd,219.0,6.0,154.88,2025-03-03 17:45:30+00:00,0.0,0.0,0.0,0.0
Faltec Europe Ltd,219.0,6.0,154.88,2025-03-03 18:00:30+00:00,0.0,0.0,0.0,0.0
Faltec Europe Ltd,219.0,6.0,154.88,2025-03-03 18:15:30+00:00,0.0,0.0,0.0,0.0
Faltec Europe Ltd,219.0,6.0,154.88,2025-03-03 18:30:30+00:00,0.0,0.0,0.0,0.0
Faltec Europe Ltd,219.0,6.0,154.88,2025-03-03 18:45:30+00:00,0.0,0.0,0.0,0.0
Faltec Europe Ltd,219.0,6.0,154.88,2025-03-03 19:00:30+00:00,0.0,0.0,0.0,0.0
Faltec Europe Ltd,219.0,6.0,154.88,2025-03-03 19:15:30+00:00,0.0,0.0,0.0,0.0
Faltec Europe Ltd,219.0,6.0,154.88,2025-03-03 19:30:30+00:00,0.0,0.0,0.0,0.0
Faltec Europe Ltd,219.0,6.0,154.88,2025-03-03 19:45:30+00:00,0.0,0.0,0.0,0.0
Faltec Europe Ltd,219.0,6.0,154.88,2025-03-03 20:00:30+00:00,0.0,0.0,0.0,0.0
Faltec Europe Ltd,219.0,6.0,154.88,2025-03-03 20:15:30+00:00,0.0,0.0,0.0,0.0
Faltec Europe Ltd,219.0,6.0,154.88,2025-03-03 20:30:30+00:00,0.0,0.0,0.0,0.0
Faltec Europe Ltd,219.0,6.0,154.88,2025-03-03 20:45:30+00:00,0.0,0.0,0.0,0.0
Faltec Europe Ltd,219.0,6.0,154.88,2025-03-03 21:00:30+00:00,0.0,0.0,0.0,0.0
Faltec Europe Ltd,219.0,6.0,154.88,2025-03-03 21:15:30+00:00,0.0,0.0,0.0,0.0
Faltec Europe Ltd,219.0,6.0,154.88,2025-03-03 21:30:30+00:00,0.0,0.0,0.0,0.0
Faltec Europe Ltd,219.0,6.0,154.88,2025-03-03 21:45:30+00:00,0.0,0.0,0.0,0.0
Faltec Europe Ltd,219.0,6.0,154.88,2025-03-03 22:00:30+00:00,0.0,0.0,0.0,0.0
Faltec Europe Ltd,219.0,6.0,154.88,2025-03-03 22:15:30+00:00,0.0,0.0,0.0,0.0
Faltec Europe Ltd,219.0,6.0,154.88,2025-03-03 22:30:30+00:00,0.0,0.0,0.0,0.0
Faltec Europe Ltd,219.0,6.0,154.88,2025-03-03 22:45:30+00:00,0.0,0.0,0.0,0.0
Faltec Europe Ltd,219.0,6.0,154.88,2025-03-03 23:00:30+00:00,0.0,0.0,0.0,0.0
Faltec Europe Ltd,219.0,6.0,154.88,2025-03-03 23:15:30+00:00,0.0,0.0,0.0,0.0
Faltec Europe Ltd,219.0,6.0,154.88,2025-03-03 23:30:30+00:00,0.0,0.0,0.0,0.0
Faltec Europe Ltd,219.0,6.0,154.88,2025-03-03 23:45:30+00:00,0.0,0.0,0.0,0.0
Faltec Europe Ltd,219.0,6.0,154.88,2025-03-04 00:00:30+00:00,0.0,0.0,0.0,0.0
Faltec Europe Ltd,219.0,6.0,154.88,2025-03-04 00:15:30+00:00,0.0,0.0,0.0,0.0
Faltec Europe Ltd,219.0,6.0,154.88,2025-03-04 00:30:30+00:00,0.0,0.0,0.0,0.0
Faltec Europe Ltd,219.0,6.0,154.88,2025-03-04 00:45:30+00:00,0.0,0.0,0.0,0.0
Faltec Europe Ltd,219.0,6.0,154.88,2025-03-04 01:00:30+00:00,0.0,0.0,0.0,0.0
Faltec Europe Ltd,219.0,6.0,154.88,2025-03-04 01:15:30+00:00,0.0,0.0,0.0,0.0
Faltec Europe Ltd,219.0,6.0,154.88,2025-03-04 01:30:30+00:00,0.0,0.0,0.0,0.0
Faltec Europe Ltd,219.0,6.0,154.88,2025-03-04 01:45:30+00:00,0.0,0.0,0.0,0.0
Faltec Europe Ltd,219.0,6.0,154.88,2025-03-04 02:00:30+00:00,0.0,0.0,0.0,0.0
Faltec Europe Ltd,219.0,6.0,154.88,2025-03-04 02:15:30+00:00,0.0,0.0,0.0,0.0
Faltec Europe Ltd,219.0,6.0,154.88,2025-03-04 02:30:30+00:00,0.0,0.0,0.0,0.0
Faltec Europe Ltd,219.0,6.0,154.88,2025-03-04 02:45:30+00:00,0.0,0.0,0.0,0.0
Faltec Europe Ltd,219.0,6.0,154.88,2025-03-04 03:00:30+00:00,0.0,0.0,0.0,0.0
Faltec Europe Ltd,219.0,6.0,154.88,2025-03-04 03:15:30+00:00,0.0,0.0,0.0,0.0
Faltec Europe Ltd,219.0,6.0,154.88,2025-03-04 03:30:30+00:00,0.0,0.0,0.0,0.0
Faltec Europe Ltd,219.0,6.0,154.88,2025-03-04 03:45:30+00:00,0.0,0.0,0.0,0.0
Faltec Europe Ltd,219.0,6.0,154.88,2025-03-04 04:00:30+00:00,0.0,0.0,0.0,0.0
Faltec Europe Ltd,219.0,6.0,154.88,2025-03-04 04:15:30+00:00,0.0,0.0,0.0,0.0
Faltec Europe Ltd,219.0,6.0,154.88,2025-03-04 04:30:30+00:00,0.0,0.0,0.0,0.0
Faltec Europe Ltd,219.0,6.0,154.88,2025-03-04 04:45:30+00:00,0.0,0.0,0.0,0.0
Faltec Europe Ltd,219.0,6.0,154.88,2025-03-04 05:00:30+00:00,0.0,0.0,0.0,0.0
Faltec Europe Ltd,219.0,6.0,154.88,2025-03-04 05:15:30+00:00,0.0,0.0,0.0,0.0
Faltec Europe Ltd,219.0,6.0,154.88,2025-03-04 05:30:30+00:00,0.0,0.0,0.0,0.0
Faltec Europe Ltd,219.0,6.0,154.88,2025-03-04 05:45:30+00:00,0.0,0.0,0.0,0.0
Faltec Europe Ltd,219.0,6.0,154.88,2025-03-04 06:00:30+00:00,0.0,0.0,0.0,0.0
Faltec Europe Ltd,219.0,6.0,154.88,2025-03-04 06:15:30+00:00,0.0,0.0,0.0,0.0
Faltec Europe Ltd,219.0,6.0,154.88,2025-03-04 06:30:30+00:00,0.0,0.0,0.0,0.0
Faltec Europe Ltd,219.0,6.0,154.88,2025-03-04 06:45:30+00:00,0.0,0.0,0.00025,0.0
Faltec Europe Ltd,219.0,6.0,154.88,2025-03-04 07:00:30+00:00,0.00325,0.00225,0.00425,0.00325
Faltec Europe Ltd,219.0,6.0,154.88,2025-03-04 07:15:30+00:00,0.00725,0.0045,0.00975,0.0085
Faltec Europe Ltd,219.0,6.0,154.88,2025-03-04 07:30:30+00:00,0.0135,0.0065,0.01775,0.0155
Faltec Europe Ltd,219.0,6.0,154.88,2025-03-04 07:45:30+00:00,0.017,0.00875,0.0265,0.01825
Faltec Europe Ltd,219.0,6.0,154.88,2025-03-04 08:00:30+00:00,0.02175,0.01075,0.03125,0.02275
Faltec Europe Ltd,219.0,6.0,154.88,2025-03-04 08:15:30+00:00,0.0245,0.016,0.037,0.02525
Faltec Europe Ltd,219.0,6.0,154.88,2025-03-04 08:30:30+00:00,0.033,0.02225,0.042,0.03375
Faltec Europe Ltd,219.0,6.0,154.88,2025-03-04 08:45:30+00:00,0.039,0.02775,0.04825,0.03925
Faltec Europe Ltd,219.0,6.0,154.88,2025-03-04 09:00:30+00:00,0.042,0.0315,0.053,0.042
Faltec Europe Ltd,219.0,6.0,154.88,2025-03-04 09:15:30+00:00,0.04575,0.035,0.056,0.04575
Faltec Europe Ltd,219.0,6.0,154.88,2025-03-04 09:30:30+00:00,0.0485,0.0385,0.05875,0.04825
Faltec Europe Ltd,219.0,6.0,154.88,2025-03-04 09:45:30+00:00,0.051,0.04275,0.0605,0.0505
Faltec Europe Ltd,219.0,6.0,154.88,2025-03-04 10:00:30+00:00,0.0555,0.0465,0.06275,0.05475
Faltec Europe Ltd,219.0,6.0,154.88,2025-03-04 10:15:30+00:00,0.05725,0.05025,0.065,0.05625
Faltec Europe Ltd,219.0,6.0,154.88,2025-03-04 10:30:30+00:00,0.06,0.05225,0.06775,0.05875
Faltec Europe Ltd,219.0,6.0,154.88,2025-03-04 10:45:30+00:00,0.0625,0.0535,0.07175,0.061
Faltec Europe Ltd,219.0,6.0,154.88,2025-03-04 11:00:30+00:00,0.06525,0.053,0.07475,0.0635
Faltec Europe Ltd,219.0,6.0,154.88,2025-03-04 11:15:30+00:00,0.06375,0.04475,0.0825,0.062
Faltec Europe Ltd,219.0,6.0,154.88,2025-03-04 11:30:30+00:00,0.06175,0.0385,0.0925,0.06
Faltec Europe Ltd,219.0,6.0,154.88,2025-03-04 11:45:30+00:00,0.0715,0.04075,0.111,0.06875
Faltec Europe Ltd,219.0,6.0,154.88,2025-03-04 12:00:30+00:00,0.09675,0.05575,0.125,0.0895
Faltec Europe Ltd,219.0,6.0,154.88,2025-03-04 12:15:30+00:00,0.10025,0.06725,0.1245,0.09225
Faltec Europe Ltd,219.0,6.0,154.88,2025-03-04 12:30:30+00:00,0.08825,0.0675,0.114,0.08225
Faltec Europe Ltd,219.0,6.0,154.88,2025-03-04 12:45:30+00:00,0.08425,0.06525,0.104,0.07925
Faltec Europe Ltd,219.0,6.0,154.88,2025-03-04 13:00:30+00:00,0.08175,0.06225,0.0995,0.07675
Faltec Europe Ltd,219.0,6.0,154.88,2025-03-04 13:15:30+00:00,0.07575,0.059,0.09175,0.07125
Faltec Europe Ltd,219.0,6.0,154.88,2025-03-04 13:30:30+00:00,0.068,0.0545,0.0855,0.064
Faltec Europe Ltd,219.0,6.0,154.88,2025-03-04 13:45:30+00:00,0.067,0.05425,0.08475,0.06275
Faltec Europe Ltd,219.0,6.0,154.88,2025-03-04 14:00:30+00:00,0.0755,0.057,0.08625,0.069
Faltec Europe Ltd,219.0,6.0,154.88,2025-03-04 14:15:30+00:00,0.0705,0.05325,0.08775,0.06425
Faltec Europe Ltd,219.0,6.0,154.88,2025-03-04 14:30:30+00:00,0.0655,0.0405,0.08725,0.0595
Faltec Europe Ltd,219.0,6.0,154.88,2025-03-04 14:45:30+00:00,0.054,0.02425,0.08175,0.05
Faltec Europe Ltd,219.0,6.0,154.88,2025-03-04 15:00:30+00:00,0.039,0.01125,0.0675,0.037
Faltec Europe Ltd,219.0,6.0,154.88,2025-03-04 15:15:30+00:00,0.025,0.00625,0.04975,0.02475
Faltec Europe Ltd,219.0,6.0,154.88,2025-03-04 15:30:30+00:00,0.021,0.00675,0.0385,0.021
Faltec Europe Ltd,219.0,6.0,154.88,2025-03-04 15:45:30+00:00,0.0225,0.00775,0.032,0.022
Faltec Europe Ltd,219.0,6.0,154.88,2025-03-04 16:00:30+00:00,0.0155,0.00575,0.0275,0.01525
Faltec Europe Ltd,219.0,6.0,154.88,2025-03-04 16:15:30+00:00,0.01225,0.003,0.02325,0.01225
Faltec Europe Ltd,219.0,6.0,154.88,2025-03-04 16:30:30+00:00,0.01025,0.0025,0.02125,0.01025
Faltec Europe Ltd,219.0,6.0,154.88,2025-03-04 16:45:30+00:00,0.012,0.00225,0.01925,0.011
Faltec Europe Ltd,219.0,6.0,154.88,2025-03-04 17:00:30+00:00,0.00825,0.00225,0.0135,0.00775
Faltec Europe Ltd,219.0,6.0,154.88,2025-03-04 17:15:30+00:00,0.0035,0.00125,0.00675,0.0035
Faltec Europe Ltd,219.0,6.0,154.88,2025-03-04 17:30:30+00:00,0.00075,0.0005,0.0015,0.00075
Faltec Europe Ltd,219.0,6.0,154.88,2025-03-04 17:45:30+00:00,0.0,0.0,0.0,0.0
Faltec Europe Ltd,219.0,6.0,154.88,2025-03-04 18:00:30+00:00,0.0,0.0,0.0,0.0
Faltec Europe Ltd,219.0,6.0,154.88,2025-03-04 18:15:30+00:00,0.0,0.0,0.0,0.0
Faltec Europe Ltd,219.0,6.0,154.88,2025-03-04 18:30:30+00:00,0.0,0.0,0.0,0.0
Faltec Europe Ltd,219.0,6.0,154.88,2025-03-04 18:45:30+00:00,0.0,0.0,0.0,0.0
Faltec Europe Ltd,219.0,6.0,154.88,2025-03-04 19:00:30+00:00,0.0,0.0,0.0,0.0
Faltec Europe Ltd,219.0,6.0,154.88,2025-03-04 19:15:30+00:00,0.0,0.0,0.0,0.0
Faltec Europe Ltd,219.0,6.0,154.88,2025-03-04 19:30:30+00:00,0.0,0.0,0.0,0.0
Faltec Europe Ltd,219.0,6.0,154.88,2025-03-04 19:45:30+00:00,0.0,0.0,0.0,0.0
Faltec Europe Ltd,219.0,6.0,154.88,2025-03-04 20:00:30+00:00,0.0,0.0,0.0,0.0
Faltec Europe Ltd,219.0,6.0,154.88,2025-03-04 20:15:30+00:00,0.0,0.0,0.0,0.0
Faltec Europe Ltd,219.0,6.0,154.88,2025-03-04 20:30:30+00:00,0.0,0.0,0.0,0.0
Faltec Europe Ltd,219.0,6.0,154.88,2025-03-04 20:45:30+00:00,0.0,0.0,0.0,0.0
Faltec Europe Ltd,219.0,6.0,154.88,2025-03-04 21:00:30+00:00,0.0,0.0,0.0,0.0
Faltec Europe Ltd,219.0,6.0,154.88,2025-03-04 21:15:30+00:00,0.0,0.0,0.0,0.0
Faltec Europe Ltd,219.0,6.0,154.88,2025-03-04 21:30:30+00:00,0.0,0.0,0.0,0.0
Faltec Europe Ltd,219.0,6.0,154.88,2025-03-04 21:45:30+00:00,0.0,0.0,0.0,0.0
Faltec Europe Ltd,219.0,6.0,154.88,2025-03-04 22:00:30+00:00,0.0,0.0,0.0,0.0
Faltec Europe Ltd,219.0,6.0,154.88,2025-03-04 22:15:30+00:00,0.0,0.0,0.0,0.0
Faltec Europe Ltd,219.0,6.0,154.88,2025-03-04 22:30:30+00:00,0.0,0.0,0.0,0.0
Faltec Europe Ltd,219.0,6.0,154.88,2025-03-04 22:45:30+00:00,0.0,0.0,0.0,0.0
Faltec Europe Ltd,219.0,6.0,154.88,2025-03-04 23:00:30+00:00,0.0,0.0,0.0,0.0
Faltec Europe Ltd,219.0,6.0,154.88,2025-03-04 23:15:30+00:00,0.0,0.0,0.0,0.0
Faltec Europe Ltd,219.0,6.0,154.88,2025-03-04 23:30:30+00:00,0.0,0.0,0.0,0.0
Faltec Europe Ltd,219.0,6.0,154.88,2025-03-04 23:45:30+00:00,0.0,0.0,0.0,0.0
Faltec Europe Ltd,219.0,6.0,154.88,2025-03-05 00:00:30+00:00,0.0,0.0,0.0,0.0
Faltec Europe Ltd,219.0,6.0,154.88,2025-03-05 00:15:30+00:00,0.0,0.0,0.0,0.0
Faltec Europe Ltd,219.0,6.0,154.88,2025-03-05 00:30:30+00:00,0.0,0.0,0.0,0.0
Faltec Europe Ltd,219.0,6.0,154.88,2025-03-05 00:45:30+00:00,0.0,0.0,0.0,0.0
Faltec Europe Ltd,219.0,6.0,154.88,2025-03-05 01:00:30+00:00,0.0,0.0,0.0,0.0
Faltec Europe Ltd,219.0,6.0,154.88,2025-03-05 01:15:30+00:00,0.0,0.0,0.0,0.0
Faltec Europe Ltd,219.0,6.0,154.88,2025-03-05 01:30:30+00:00,0.0,0.0,0.0,0.0
Faltec Europe Ltd,219.0,6.0,154.88,2025-03-05 01:45:30+00:00,0.0,0.0,0.0,0.0
Faltec Europe Ltd,219.0,6.0,154.88,2025-03-05 02:00:30+00:00,0.0,0.0,0.0,0.0
Faltec Europe Ltd,219.0,6.0,154.88,2025-03-05 02:15:30+00:00,0.0,0.0,0.0,0.0
Faltec Europe Ltd,219.0,6.0,154.88,2025-03-05 02:30:30+00:00,0.0,0.0,0.0,0.0
Faltec Europe Ltd,219.0,6.0,154.88,2025-03-05 02:45:30+00:00,0.0,0.0,0.0,0.0
Faltec Europe Ltd,219.0,6.0,154.88,2025-03-05 03:00:30+00:00,0.0,0.0,0.0,0.0
Faltec Europe Ltd,219.0,6.0,154.88,2025-03-05 03:15:30+00:00,0.0,0.0,0.0,0.0
Faltec Europe Ltd,219.0,6.0,154.88,2025-03-05 03:30:30+00:00,0.0,0.0,0.0,0.0
Faltec Europe Ltd,219.0,6.0,154.88,2025-03-05 03:45:30+00:00,0.0,0.0,0.0,0.0
Faltec Europe Ltd,219.0,6.0,154.88,2025-03-05 04:00:30+00:00,0.0,0.0,0.0,0.0
Faltec Europe Ltd,219.0,6.0,154.88,2025-03-05 04:15:30+00:00,0.0,0.0,0.0,0.0
Faltec Europe Ltd,219.0,6.0,154.88,2025-03-05 04:30:30+00:00,0.0,0.0,0.0,0.0
Faltec Europe Ltd,219.0,6.0,154.88,2025-03-05 04:45:30+00:00,0.0,0.0,0.0,0.0
Faltec Europe Ltd,219.0,6.0,154.88,2025-03-05 05:00:30+00:00,0.0,0.0,0.0,0.0
Faltec Europe Ltd,219.0,6.0,154.88,2025-03-05 05:15:30+00:00,0.0,0.0,0.0,0.0
Faltec Europe Ltd,219.0,6.0,154.88,2025-03-05 05:30:30+00:00,0.0,0.0,0.0,0.0
Faltec Europe Ltd,219.0,6.0,154.88,2025-03-05 05:45:30+00:00,0.0,0.0,0.0,0.0
Faltec Europe Ltd,219.0,6.0,154.88,2025-03-05 06:00:30+00:00,0.0,0.0,0.0,0.0
Faltec Europe Ltd,219.0,6.0,154.88,2025-03-05 06:15:30+00:00,0.0,0.0,0.0,0.0
Faltec Europe Ltd,219.0,6.0,154.88,2025-03-05 06:30:30+00:00,0.0,0.0,0.0,0.0
Faltec Europe Ltd,219.0,6.0,154.88,2025-03-05 06:45:30+00:00,0.00025,0.00025,0.0005,0.00025
Faltec Europe Ltd,219.0,6.0,154.88,2025-03-05 07:00:30+00:00,0.00275,0.00125,0.0055,0.00275
Faltec Europe Ltd,219.0,6.0,154.88,2025-03-05 07:15:30+00:00,0.0065,0.00175,0.01025,0.00675
Faltec Europe Ltd,219.0,6.0,154.88,2025-03-05 07:30:30+00:00,0.00875,0.00175,0.01575,0.009
Faltec Europe Ltd,219.0,6.0,154.88,2025-03-05 07:45:30+00:00,0.011,0.0025,0.01975,0.01125
Faltec Europe Ltd,219.0,6.0,154.88,2025-03-05 08:00:30+00:00,0.01325,0.00375,0.02275,0.01325
Faltec Europe Ltd,219.0,6.0,154.88,2025-03-05 08:15:30+00:00,0.01525,0.0065,0.02525,0.0155
Faltec Europe Ltd,219.0,6.0,154.88,2025-03-05 08:30:30+00:00,0.019,0.009,0.02825,0.019
Faltec Europe Ltd,219.0,6.0,154.88,2025-03-05 08:45:30+00:00,0.0215,0.012,0.032,0.02175
Faltec Europe Ltd,219.0,6.0,154.88,2025-03-05 09:00:30+00:00,0.025,0.0115,0.039,0.02525
Faltec Europe Ltd,219.0,6.0,154.88,2025-03-05 09:15:30+00:00,0.02875,0.01225,0.047,0.029
Faltec Europe Ltd,219.0,6.0,154.88,2025-03-05 09:30:30+00:00,0.0345,0.01775,0.05925,0.03475
Faltec Europe Ltd,219.0,6.0,154.88,2025-03-05 09:45:30+00:00,0.052,0.02425,0.0655,0.0515
Faltec Europe Ltd,219.0,6.0,154.88,2025-03-05 10:00:30+00:00,0.047,0.02725,0.0675,0.04675
Faltec Europe Ltd,219.0,6.0,154.88,2025-03-05 10:15:30+00:00,0.04225,0.028,0.06825,0.04225
Faltec Europe Ltd,219.0,6.0,154.88,2025-03-05 10:30:30+00:00,0.056,0.03225,0.07525,0.055
Faltec Europe Ltd,219.0,6.0,154.88,2025-03-05 10:45:30+00:00,0.06225,0.043,0.0815,0.061
Faltec Europe Ltd,219.0,6.0,154.88,2025-03-05 11:00:30+00:00,0.06825,0.0495,0.08425,0.06625
Faltec Europe Ltd,219.0,6.0,154.88,2025-03-05 11:15:30+00:00,0.07,0.054,0.087,0.0675
Faltec Europe Ltd,219.0,6.0,154.88,2025-03-05 11:30:30+00:00,0.073,0.0495,0.08775,0.07025
Faltec Europe Ltd,219.0,6.0,154.88,2025-03-05 11:45:30+00:00,0.06175,0.0435,0.085,0.06
Faltec Europe Ltd,219.0,6.0,154.88,2025-03-05 12:00:30+00:00,0.05725,0.04275,0.07975,0.0565
Faltec Europe Ltd,219.0,6.0,154.88,2025-03-05 12:15:30+00:00,0.06675,0.04625,0.0805,0.06425
Faltec Europe Ltd,219.0,6.0,154.88,2025-03-05 12:30:30+00:00,0.0645,0.047,0.07875,0.062
Faltec Europe Ltd,219.0,6.0,154.88,2025-03-05 12:45:30+00:00,0.056,0.04125,0.0745,0.055
Faltec Europe Ltd,219.0,6.0,154.88,2025-03-05 13:00:30+00:00,0.05475,0.038,0.08,0.053
Faltec Europe Ltd,219.0,6.0,154.88,2025-03-05 13:15:30+00:00,0.0665,0.0345,0.08375,0.063
Faltec Europe Ltd,219.0,6.0,154.88,2025-03-05 13:30:30+00:00,0.05425,0.02475,0.08175,0.052
Faltec Europe Ltd,219.0,6.0,154.88,2025-03-05 13:45:30+00:00,0.03825,0.01475,0.07575,0.03775
Faltec Europe Ltd,219.0,6.0,154.88,2025-03-05 14:00:30+00:00,0.04575,0.01,0.086,0.044
Faltec Europe Ltd,219.0,6.0,154.88,2025-03-05 14:15:30+00:00,0.06125,0.016,0.10125,0.05625
Faltec Europe Ltd,219.0,6.0,154.88,2025-03-05 14:30:30+00:00,0.06775,0.03025,0.10725,0.061
Faltec Europe Ltd,219.0,6.0,154.88,2025-03-05 14:45:30+00:00,0.078,0.046,0.1015,0.0675
Faltec Europe Ltd,219.0,6.0,154.88,2025-03-05 15:00:30+00:00,0.07225,0.052,0.0885,0.06225
Faltec Europe Ltd,219.0,6.0,154.88,2025-03-05 15:15:30+00:00,0.05825,0.0455,0.07575,0.05125
Faltec Europe Ltd,219.0,6.0,154.88,2025-03-05 15:30:30+00:00,0.054,0.03875,0.068,0.046
Faltec Europe Ltd,219.0,6.0,154.88,2025-03-05 15:45:30+00:00,0.0465,0.03125,0.06,0.0395
Faltec Europe Ltd,219.0,6.0,154.88,2025-03-05 16:00:30+00:00,0.035,0.024,0.04825,0.0305
Faltec Europe Ltd,219.0,6.0,154.88,2025-03-05 16:15:30+00:00,0.02775,0.01775,0.03875,0.02425
Faltec Europe Ltd,219.0,6.0,154.88,2025-03-05 16:30:30+00:00,0.0225,0.01375,0.0315,0.01975
Faltec Europe Ltd,219.0,6.0,154.88,2025-03-05 16:45:30+00:00,0.01825,0.0105,0.02525,0.01525
Faltec Europe Ltd,219.0,6.0,154.88,2025-03-05 17:00:30+00:00,0.012,0.00675,0.0175,0.01
Faltec Europe Ltd,219.0,6.0,154.88,2025-03-05 17:15:30+00:00,0.00525,0.003,0.0085,0.005
Faltec Europe Ltd,219.0,6.0,154.88,2025-03-05 17:30:30+00:00,0.00125,0.001,0.002,0.00125
Faltec Europe Ltd,219.0,6.0,154.88,2025-03-05 17:45:30+00:00,0.0,0.0,0.0,0.0
Faltec Europe Ltd,219.0,6.0,154.88,2025-03-05 18:00:30+00:00,0.0,0.0,0.0,0.0
Faltec Europe Ltd,219.0,6.0,154.88,2025-03-05 18:15:30+00:00,0.0,0.0,0.0,0.0
Faltec Europe Ltd,219.0,6.0,154.88,2025-03-05 18:30:30+00:00,0.0,0.0,0.0,0.0
Faltec Europe Ltd,219.0,6.0,154.88,2025-03-05 18:45:30+00:00,0.0,0.0,0.0,0.0
Faltec Europe Ltd,219.0,6.0,154.88,2025-03-05 19:00:30+00:00,0.0,0.0,0.0,0.0
Faltec Europe Ltd,219.0,6.0,154.88,2025-03-05 19:15:30+00:00,0.0,0.0,0.0,0.0
Faltec Europe Ltd,219.0,6.0,154.88,2025-03-05 19:30:30+00:00,0.0,0.0,0.0,0.0
Faltec Europe Ltd,219.0,6.0,154.88,2025-03-05 19:45:30+00:00,0.0,0.0,0.0,0.0
Faltec Europe Ltd,219.0,6.0,154.88,2025-03-05 20:00:30+00:00,0.0,0.0,0.0,0.0
Faltec Europe Ltd,219.0,6.0,154.88,2025-03-05 20:15:30+00:00,0.0,0.0,0.0,0.0
Faltec Europe Ltd,219.0,6.0,154.88,2025-03-05 20:30:30+00:00,0.0,0.0,0.0,0.0
Faltec Europe Ltd,219.0,6.0,154.88,2025-03-05 20:45:30+00:00,0.0,0.0,0.0,0.0
Faltec Europe Ltd,219.0,6.0,154.88,2025-03-05 21:00:30+00:00,0.0,0.0,0.0,0.0
Faltec Europe Ltd,219.0,6.0,154.88,2025-03-05 21:15:30+00:00,0.0,0.0,0.0,0.0
Faltec Europe Ltd,219.0,6.0,154.88,2025-03-05 21:30:30+00:00,0.0,0.0,0.0,0.0
Faltec Europe Ltd,219.0,6.0,154.88,2025-03-05 21:45:30+00:00,0.0,0.0,0.0,0.0
Faltec Europe Ltd,219.0,6.0,154.88,2025-03-05 22:00:30+00:00,0.0,0.0,0.0,0.0
Faltec Europe Ltd,219.0,6.0,154.88,2025-03-05 22:15:30+00:00,0.0,0.0,0.0,0.0
Faltec Europe Ltd,219.0,6.0,154.88,2025-03-05 22:30:30+00:00,0.0,0.0,0.0,0.0
Faltec Europe Ltd,219.0,6.0,154.88,2025-03-05 22:45:30+00:00,0.0,0.0,0.0,0.0
Faltec Europe Ltd,219.0,6.0,154.88,2025-03-05 23:00:30+00:00,0.0,0.0,0.0,0.0
Faltec Europe Ltd,219.0,6.0,154.88,2025-03-05 23:15:30+00:00,0.0,0.0,0.0,0.0
Faltec Europe Ltd,219.0,6.0,154.88,2025-03-05 23:30:30+00:00,0.0,0.0,0.0,0.0
Faltec Europe Ltd,219.0,6.0,154.88,2025-03-05 23:45:30+00:00,0.0,0.0,0.0,0.0
Faltec Europe Ltd,219.0,6.0,154.88,2025-03-06 00:00:30+00:00,0.0,0.0,0.0,0.0
Faltec Europe Ltd,219.0,6.0,154.88,2025-03-06 00:15:30+00:00,0.0,0.0,0.0,0.0
Faltec Europe Ltd,219.0,6.0,154.88,2025-03-06 00:30:30+00:00,0.0,0.0,0.0,0.0
Faltec Europe Ltd,219.0,6.0,154.88,2025-03-06 00:45:30+00:00,0.0,0.0,0.0,0.0
Faltec Europe Ltd,219.0,6.0,154.88,2025-03-06 01:00:30+00:00,0.0,0.0,0.0,0.0
Faltec Europe Ltd,219.0,6.0,154.88,2025-03-06 01:15:30+00:00,0.0,0.0,0.0,0.0
Faltec Europe Ltd,219.0,6.0,154.88,2025-03-06 01:30:30+00:00,0.0,0.0,0.0,0.0
Faltec Europe Ltd,219.0,6.0,154.88,2025-03-06 01:45:30+00:00,0.0,0.0,0.0,0.0
Faltec Europe Ltd,219.0,6.0,154.88,2025-03-06 02:00:30+00:00,0.0,0.0,0.0,0.0
Faltec Europe Ltd,219.0,6.0,154.88,2025-03-06 02:15:30+00:00,0.0,0.0,0.0,0.0
Faltec Europe Ltd,219.0,6.0,154.88,2025-03-06 02:30:30+00:00,0.0,0.0,0.0,0.0
Faltec Europe Ltd,219.0,6.0,154.88,2025-03-06 02:45:30+00:00,0.0,0.0,0.0,0.0
Faltec Europe Ltd,219.0,6.0,154.88,2025-03-06 03:00:30+00:00,0.0,0.0,0.0,0.0
Faltec Europe Ltd,219.0,6.0,154.88,2025-03-06 03:15:30+00:00,0.0,0.0,0.0,0.0
Faltec Europe Ltd,219.0,6.0,154.88,2025-03-06 03:30:30+00:00,0.0,0.0,0.0,0.0
Faltec Europe Ltd,219.0,6.0,154.88,2025-03-06 03:45:30+00:00,0.0,0.0,0.0,0.0
Faltec Europe Ltd,219.0,6.0,154.88,2025-03-06 04:00:30+00:00,0.0,0.0,0.0,0.0
Faltec Europe Ltd,219.0,6.0,154.88,2025-03-06 04:15:30+00:00,0.0,0.0,0.0,0.0
Faltec Europe Ltd,219.0,6.0,154.88,2025-03-06 04:30:30+00:00,0.0,0.0,0.0,0.0
Faltec Europe Ltd,219.0,6.0,154.88,2025-03-06 04:45:30+00:00,0.0,0.0,0.0,0.0
Faltec Europe Ltd,219.0,6.0,154.88,2025-03-06 05:00:30+00:00,0.0,0.0,0.0,0.0
Faltec Europe Ltd,219.0,6.0,154.88,2025-03-06 05:15:30+00:00,0.0,0.0,0.0,0.0
Faltec Europe Ltd,219.0,6.0,154.88,2025-03-06 05:30:30+00:00,0.0,0.0,0.0,0.0
Faltec Europe Ltd,219.0,6.0,154.88,2025-03-06 05:45:30+00:00,0.0,0.0,0.0,0.0
Faltec Europe Ltd,219.0,6.0,154.88,2025-03-06 06:00:30+00:00,0.0,0.0,0.0,0.0
Faltec Europe Ltd,219.0,6.0,154.88,2025-03-06 06:15:30+00:00,0.0,0.0,0.0,0.0
Faltec Europe Ltd,219.0,6.0,154.88,2025-03-06 06:30:30+00:00,0.0,0.0,0.0,0.0
Faltec Europe Ltd,219.0,6.0,154.88,2025-03-06 06:45:30+00:00,0.001,0.0005,0.001,0.001
Faltec Europe Ltd,219.0,6.0,154.88,2025-03-06 07:00:30+00:00,0.00375,0.00275,0.0045,0.005
Faltec Europe Ltd,219.0,6.0,154.88,2025-03-06 07:15:30+00:00,0.009,0.00625,0.01075,0.01125
Faltec Europe Ltd,219.0,6.0,154.88,2025-03-06 07:30:30+00:00,0.01575,0.0115,0.0185,0.0185
Faltec Europe Ltd,219.0,6.0,154.88,2025-03-06 07:45:30+00:00,0.02325,0.01775,0.02725,0.026
Faltec Europe Ltd,219.0,6.0,154.88,2025-03-06 08:00:30+00:00,0.03125,0.0245,0.0365,0.034
Faltec Europe Ltd,219.0,6.0,154.88,2025-03-06 08:15:30+00:00,0.03975,0.03225,0.046,0.04175
Faltec Europe Ltd,219.0,6.0,154.88,2025-03-06 08:30:30+00:00,0.04825,0.04025,0.0555,0.04975
Faltec Europe Ltd,219.0,6.0,154.88,2025-03-06 08:45:30+00:00,0.057,0.04875,0.065,0.05775
Faltec Europe Ltd,219.0,6.0,154.88,2025-03-06 09:00:30+00:00,0.0655,0.05775,0.073,0.06525
Faltec Europe Ltd,219.0,6.0,154.88,2025-03-06 09:15:30+00:00,0.07375,0.0665,0.08075,0.0725
Faltec Europe Ltd,219.0,6.0,154.88,2025-03-06 09:30:30+00:00,0.0815,0.075,0.08775,0.07925
Faltec Europe Ltd,219.0,6.0,154.88,2025-03-06 09:45:30+00:00,0.089,0.08325,0.0945,0.08575
Faltec Europe Ltd,219.0,6.0,154.88,2025-03-06 10:00:30+00:00,0.09625,0.09075,0.10125,0.09175
Faltec Europe Ltd,219.0,6.0,154.88,2025-03-06 10:15:30+00:00,0.10275,0.09775,0.10775,0.09725
Faltec Europe Ltd,219.0,6.0,154.88,2025-03-06 10:30:30+00:00,0.109,0.10375,0.114,0.10225
Faltec Europe Ltd,219.0,6.0,154.88,2025-03-06 10:45:30+00:00,0.11475,0.10925,0.11975,0.10675
Faltec Europe Ltd,219.0,6.0,154.88,2025-03-06 11:00:30+00:00,0.12,0.11425,0.12525,0.1105
Faltec Europe Ltd,219.0,6.0,154.88,2025-03-06 11:15:30+00:00,0.12425,0.1185,0.1295,0.1135
Faltec Europe Ltd,219.0,6.0,154.88,2025-03-06 11:30:30+00:00,0.12775,0.122,0.133,0.116
Faltec Europe Ltd,219.0,6.0,154.88,2025-03-06 11:45:30+00:00,0.1305,0.12475,0.13575,0.11775
Faltec Europe Ltd,219.0,6.0,154.88,2025-03-06 12:00:30+00:00,0.13225,0.12675,0.13775,0.1185
Faltec Europe Ltd,219.0,6.0,154.88,2025-03-06 12:15:30+00:00,0.13375,0.12775,0.13875,0.119
Faltec Europe Ltd,219.0,6.0,154.88,2025-03-06 12:30:30+00:00,0.134,0.12825,0.13925,0.1185
Faltec Europe Ltd,219.0,6.0,154.88,2025-03-06 12:45:30+00:00,0.1335,0.12775,0.13875,0.11725
Faltec Europe Ltd,219.0,6.0,154.88,2025-03-06 13:00:30+00:00,0.132,0.12625,0.13725,0.11525
Faltec Europe Ltd,219.0,6.0,154.88,2025-03-06 13:15:30+00:00,0.12975,0.12375,0.135,0.1125
Faltec Europe Ltd,219.0,6.0,154.88,2025-03-06 13:30:30+00:00,0.12625,0.12075,0.1315,0.10875
Faltec Europe Ltd,219.0,6.0,154.88,2025-03-06 13:45:30+00:00,0.1225,0.11725,0.1275,0.10475
Faltec Europe Ltd,219.0,6.0,154.88,2025-03-06 14:00:30+00:00,0.1175,0.1125,0.12225,0.10025
Faltec Europe Ltd,219.0,6.0,154.88,2025-03-06 14:15:30+00:00,0.11225,0.107,0.11725,0.095
Faltec Europe Ltd,219.0,6.0,154.88,2025-03-06 14:30:30+00:00,0.1065,0.10025,0.112,0.08925
Faltec Europe Ltd,219.0,6.0,154.88,2025-03-06 14:45:30+00:00,0.09975,0.0925,0.10675,0.083
Faltec Europe Ltd,219.0,6.0,154.88,2025-03-06 15:00:30+00:00,0.0925,0.08375,0.10075,0.07625
Faltec Europe Ltd,219.0,6.0,154.88,2025-03-06 15:15:30+00:00,0.0845,0.07475,0.094,0.069
Faltec Europe Ltd,219.0,6.0,154.88,2025-03-06 15:30:30+00:00,0.07575,0.06525,0.08575,0.06125
Faltec Europe Ltd,219.0,6.0,154.88,2025-03-06 15:45:30+00:00,0.06625,0.0535,0.07625,0.05275
Faltec Europe Ltd,219.0,6.0,154.88,2025-03-06 16:00:30+00:00,0.058,0.04325,0.06625,0.0455
Faltec Europe Ltd,219.0,6.0,154.88,2025-03-06 16:15:30+00:00,0.049,0.03,0.054,0.039
Faltec Europe Ltd,219.0,6.0,154.88,2025-03-06 16:30:30+00:00,0.02875,0.02,0.04075,0.02425
Faltec Europe Ltd,219.0,6.0,154.88,2025-03-06 16:45:30+00:00,0.022,0.01325,0.03125,0.01775
Faltec Europe Ltd,219.0,6.0,154.88,2025-03-06 17:00:30+00:00,0.019,0.01025,0.0225,0.01425
Faltec Europe Ltd,219.0,6.0,154.88,2025-03-06 17:15:30+00:00,0.01125,0.007,0.01275,0.00775
Faltec Europe Ltd,219.0,6.0,154.88,2025-03-06 17:30:30+00:00,0.00275,0.0025,0.003,0.00225
Faltec Europe Ltd,219.0,6.0,154.88,2025-03-06 17:45:30+00:00,0.0,0.0,0.0,0.0
Faltec Europe Ltd,219.0,6.0,154.88,2025-03-06 18:00:30+00:00,0.0,0.0,0.0,0.0
Faltec Europe Ltd,219.0,6.0,154.88,2025-03-06 18:15:30+00:00,0.0,0.0,0.0,0.0
Faltec Europe Ltd,219.0,6.0,154.88,2025-03-06 18:30:30+00:00,0.0,0.0,0.0,0.0
Faltec Europe Ltd,219.0,6.0,154.88,2025-03-06 18:45:30+00:00,0.0,0.0,0.0,0.0
Faltec Europe Ltd,219.0,6.0,154.88,2025-03-06 19:00:30+00:00,0.0,0.0,0.0,0.0
Faltec Europe Ltd,219.0,6.0,154.88,2025-03-06 19:15:30+00:00,0.0,0.0,0.0,0.0
Faltec Europe Ltd,219.0,6.0,154.88,2025-03-06 19:30:30+00:00,0.0,0.0,0.0,0.0
Faltec Europe Ltd,219.0,6.0,154.88,2025-03-06 19:45:30+00:00,0.0,0.0,0.0,0.0
Faltec Europe Ltd,219.0,6.0,154.88,2025-03-06 20:00:30+00:00,0.0,0.0,0.0,0.0
Faltec Europe Ltd,219.0,6.0,154.88,2025-03-06 20:15:30+00:00,0.0,0.0,0.0,0.0
Faltec Europe Ltd,219.0,6.0,154.88,2025-03-06 20:30:30+00:00,0.0,0.0,0.0,0.0
Faltec Europe Ltd,219.0,6.0,154.88,2025-03-06 20:45:30+00:00,0.0,0.0,0.0,0.0
Faltec Europe Ltd,219.0,6.0,154.88,2025-03-06 21:00:30+00:00,0.0,0.0,0.0,0.0
Faltec Europe Ltd,219.0,6.0,154.88,2025-03-06 21:15:30+00:00,0.0,0.0,0.0,0.0
Faltec Europe Ltd,219.0,6.0,154.88,2025-03-06 21:30:30+00:00,0.0,0.0,0.0,0.0
Faltec Europe Ltd,219.0,6.0,154.88,2025-03-06 21:45:30+00:00,0.0,0.0,0.0,0.0
Faltec Europe Ltd,219.0,6.0,154.88,2025-03-06 22:00:30+00:00,0.0,0.0,0.0,0.0
Faltec Europe Ltd,219.0,6.0,154.88,2025-03-06 22:15:30+00:00,0.0,0.0,0.0,0.0
Faltec Europe Ltd,219.0,6.0,154.88,2025-03-06 22:30:30+00:00,0.0,0.0,0.0,0.0
Faltec Europe Ltd,219.0,6.0,154.88,2025-03-06 22:45:30+00:00,0.0,0.0,0.0,0.0
Faltec Europe Ltd,219.0,6.0,154.88,2025-03-06 23:00:30+00:00,0.0,0.0,0.0,0.0
Faltec Europe Ltd,219.0,6.0,154.88,2025-03-06 23:15:30+00:00,0.0,0.0,0.0,0.0
Faltec Europe Ltd,219.0,6.0,154.88,2025-03-06 23:30:30+00:00,0.0,0.0,0.0,0.0
Faltec Europe Ltd,219.0,6.0,154.88,2025-03-06 23:45:30+00:00,0.0,0.0,0.0,0.0
Faltec Europe Ltd,219.0,6.0,154.88,2025-03-07 00:00:30+00:00,0.0,0.0,0.0,0.0
Faltec Europe Ltd,219.0,6.0,154.88,2025-03-07 00:15:30+00:00,0.0,0.0,0.0,0.0
Faltec Europe Ltd,219.0,6.0,154.88,2025-03-07 00:30:30+00:00,0.0,0.0,0.0,0.0
Faltec Europe Ltd,219.0,6.0,154.88,2025-03-07 00:45:30+00:00,0.0,0.0,0.0,0.0
Faltec Europe Ltd,219.0,6.0,154.88,2025-03-07 01:00:30+00:00,0.0,0.0,0.0,0.0
Faltec Europe Ltd,219.0,6.0,154.88,2025-03-07 01:15:30+00:00,0.0,0.0,0.0,0.0
Faltec Europe Ltd,219.0,6.0,154.88,2025-03-07 01:30:30+00:00,0.0,0.0,0.0,0.0
Faltec Europe Ltd,219.0,6.0,154.88,2025-03-07 01:45:30+00:00,0.0,0.0,0.0,0.0
Faltec Europe Ltd,219.0,6.0,154.88,2025-03-07 02:00:30+00:00,0.0,0.0,0.0,0.0
Faltec Europe Ltd,219.0,6.0,154.88,2025-03-07 02:15:30+00:00,0.0,0.0,0.0,0.0
Faltec Europe Ltd,219.0,6.0,154.88,2025-03-07 02:30:30+00:00,0.0,0.0,0.0,0.0
Faltec Europe Ltd,219.0,6.0,154.88,2025-03-07 02:45:30+00:00,0.0,0.0,0.0,0.0
Faltec Europe Ltd,219.0,6.0,154.88,2025-03-07 03:00:30+00:00,0.0,0.0,0.0,0.0
Faltec Europe Ltd,219.0,6.0,154.88,2025-03-07 03:15:30+00:00,0.0,0.0,0.0,0.0
Faltec Europe Ltd,219.0,6.0,154.88,2025-03-07 03:30:30+00:00,0.0,0.0,0.0,0.0
Faltec Europe Ltd,219.0,6.0,154.88,2025-03-07 03:45:30+00:00,0.0,0.0,0.0,0.0
Faltec Europe Ltd,219.0,6.0,154.88,2025-03-07 04:00:30+00:00,0.0,0.0,0.0,0.0
Faltec Europe Ltd,219.0,6.0,154.88,2025-03-07 04:15:30+00:00,0.0,0.0,0.0,0.0
Faltec Europe Ltd,219.0,6.0,154.88,2025-03-07 04:30:30+00:00,0.0,0.0,0.0,0.0
Faltec Europe Ltd,219.0,6.0,154.88,2025-03-07 04:45:30+00:00,0.0,0.0,0.0,0.0
Faltec Europe Ltd,219.0,6.0,154.88,2025-03-07 05:00:30+00:00,0.0,0.0,0.0,0.0
Faltec Europe Ltd,219.0,6.0,154.88,2025-03-07 05:15:30+00:00,0.0,0.0,0.0,0.0
Faltec Europe Ltd,219.0,6.0,154.88,2025-03-07 05:30:30+00:00,0.0,0.0,0.0,0.0
Faltec Europe Ltd,219.0,6.0,154.88,2025-03-07 05:45:30+00:00,0.0,0.0,0.0,0.0
Faltec Europe Ltd,219.0,6.0,154.88,2025-03-07 06:00:30+00:00,0.0,0.0,0.0,0.0
Faltec Europe Ltd,219.0,6.0,154.88,2025-03-07 06:15:30+00:00,0.0,0.0,0.0,0.0
Faltec Europe Ltd,219.0,6.0,154.88,2025-03-07 06:30:30+00:00,0.0,0.0,0.0,0.0
Faltec Europe Ltd,219.0,6.0,154.88,2025-03-07 06:45:30+00:00,0.00075,0.00025,0.0015,0.00075
Faltec Europe Ltd,219.0,6.0,154.88,2025-03-07 07:00:30+00:00,0.003,0.001,0.00625,0.003
Faltec Europe Ltd,219.0,6.0,154.88,2025-03-07 07:15:30+00:00,0.00675,0.00125,0.01025,0.007
Faltec Europe Ltd,219.0,6.0,154.88,2025-03-07 07:30:30+00:00,0.00625,0.0015,0.0155,0.00625
Faltec Europe Ltd,219.0,6.0,154.88,2025-03-07 07:45:30+00:00,0.01025,0.00225,0.018,0.01025
Faltec Europe Ltd,219.0,6.0,154.88,2025-03-07 08:00:30+00:00,0.01025,0.00275,0.0205,0.0105
Faltec Europe Ltd,219.0,6.0,154.88,2025-03-07 08:15:30+00:00,0.01125,0.00375,0.02275,0.0115
Faltec Europe Ltd,219.0,6.0,154.88,2025-03-07 08:30:30+00:00,0.018,0.006,0.0265,0.01825
Faltec Europe Ltd,219.0,6.0,154.88,2025-03-07 08:45:30+00:00,0.01925,0.0045,0.03575,0.01925
Faltec Europe Ltd,219.0,6.0,154.88,2025-03-07 09:00:30+00:00,0.02025,0.00525,0.04325,0.0205
Faltec Europe Ltd,219.0,6.0,154.88,2025-03-07 09:15:30+00:00,0.01875,0.00575,0.06175,0.019
Faltec Europe Ltd,219.0,6.0,154.88,2025-03-07 09:30:30+00:00,0.05275,0.0105,0.07575,0.05225
Faltec Europe Ltd,219.0,6.0,154.88,2025-03-07 09:45:30+00:00,0.04625,0.00925,0.08375,0.04575
Faltec Europe Ltd,219.0,6.0,154.88,2025-03-07 10:00:30+00:00,0.03075,0.00725,0.07525,0.03075
Faltec Europe Ltd,219.0,6.0,154.88,2025-03-07 10:15:30+00:00,0.01725,0.00775,0.05925,0.01725
Faltec Europe Ltd,219.0,6.0,154.88,2025-03-07 10:30:30+00:00,0.0105,0.008,0.04275,0.01075
Faltec Europe Ltd,219.0,6.0,154.88,2025-03-07 10:45:30+00:00,0.0095,0.0085,0.035,0.0095
Faltec Europe Ltd,219.0,6.0,154.88,2025-03-07 11:00:30+00:00,0.01725,0.00875,0.0365,0.0175
Faltec Europe Ltd,219.0,6.0,154.88,2025-03-07 11:15:30+00:00,0.02425,0.009,0.039,0.0245
Faltec Europe Ltd,219.0,6.0,154.88,2025-03-07 11:30:30+00:00,0.01925,0.009,0.03725,0.0195
Faltec Europe Ltd,219.0,6.0,154.88,2025-03-07 11:45:30+00:00,0.015,0.00925,0.03275,0.015
Faltec Europe Ltd,219.0,6.0,154.88,2025-03-07 12:00:30+00:00,0.0175,0.00925,0.031,0.01775
Faltec Europe Ltd,219.0,6.0,154.88,2025-03-07 12:15:30+00:00,0.01775,0.00925,0.0295,0.018
Faltec Europe Ltd,219.0,6.0,154.88,2025-03-07 12:30:30+00:00,0.015,0.00925,0.028,0.015
Faltec Europe Ltd,219.0,6.0,154.88,2025-03-07 12:45:30+00:00,0.01325,0.009,0.02675,0.01325
Faltec Europe Ltd,219.0,6.0,154.88,2025-03-07 13:00:30+00:00,0.01425,0.009,0.0265,0.01425
Faltec Europe Ltd,219.0,6.0,154.88,2025-03-07 13:15:30+00:00,0.0145,0.00875,0.028,0.01475
Faltec Europe Ltd,219.0,6.0,154.88,2025-03-07 13:30:30+00:00,0.017,0.0085,0.028,0.017
Faltec Europe Ltd,219.0,6.0,154.88,2025-03-07 13:45:30+00:00,0.01425,0.00825,0.02625,0.01425
Faltec Europe Ltd,219.0,6.0,154.88,2025-03-07 14:00:30+00:00,0.01,0.00775,0.02375,0.01025
Faltec Europe Ltd,219.0,6.0,154.88,2025-03-07 14:15:30+00:00,0.01,0.0075,0.02375,0.01
Faltec Europe Ltd,219.0,6.0,154.88,2025-03-07 14:30:30+00:00,0.01275,0.007,0.02625,0.01275
Faltec Europe Ltd,219.0,6.0,154.88,2025-03-07 14:45:30+00:00,0.014,0.0065,0.02925,0.01425
Faltec Europe Ltd,219.0,6.0,154.88,2025-03-07 15:00:30+00:00,0.0155,0.006,0.03025,0.0155
Faltec Europe Ltd,219.0,6.0,154.88,2025-03-07 15:15:30+00:00,0.01675,0.0055,0.031,0.017
Faltec Europe Ltd,219.0,6.0,154.88,2025-03-07 15:30:30+00:00,0.0175,0.00475,0.03075,0.01775
Faltec Europe Ltd,219.0,6.0,154.88,2025-03-07 15:45:30+00:00,0.01625,0.00425,0.0305,0.01625
Faltec Europe Ltd,219.0,6.0,154.88,2025-03-07 16:00:30+00:00,0.01725,0.00425,0.02875,0.01725
Faltec Europe Ltd,219.0,6.0,154.88,2025-03-07 16:15:30+00:00,0.01575,0.005,0.027,0.01575
Faltec Europe Ltd,219.0,6.0,154.88,2025-03-07 16:30:30+00:00,0.0145,0.00375,0.02275,0.01425
Faltec Europe Ltd,219.0,6.0,154.88,2025-03-07 16:45:30+00:00,0.00875,0.00175,0.01675,0.00875
Faltec Europe Ltd,219.0,6.0,154.88,2025-03-07 17:00:30+00:00,0.004,0.00125,0.0105,0.004
Faltec Europe Ltd,219.0,6.0,154.88,2025-03-07 17:15:30+00:00,0.00175,0.0005,0.00525,0.002
Faltec Europe Ltd,219.0,6.0,154.88,2025-03-07 17:30:30+00:00,0.0005,0.00025,0.00225,0.0005
Faltec Europe Ltd,219.0,6.0,154.88,2025-03-07 17:45:30+00:00,0.0,0.0,0.00025,0.0
Faltec Europe Ltd,219.0,6.0,154.88,2025-03-07 18:00:30+00:00,0.0,0.0,0.0,0.0
Faltec Europe Ltd,219.0,6.0,154.88,2025-03-07 18:15:30+00:00,0.0,0.0,0.0,0.0
Faltec Europe Ltd,219.0,6.0,154.88,2025-03-07 18:30:30+00:00,0.0,0.0,0.0,0.0
Faltec Europe Ltd,219.0,6.0,154.88,2025-03-07 18:45:30+00:00,0.0,0.0,0.0,0.0
Faltec Europe Ltd,219.0,6.0,154.88,2025-03-07 19:00:30+00:00,0.0,0.0,0.0,0.0
Faltec Europe Ltd,219.0,6.0,154.88,2025-03-07 19:15:30+00:00,0.0,0.0,0.0,0.0
Faltec Europe Ltd,219.0,6.0,154.88,2025-03-07 19:30:30+00:00,0.0,0.0,0.0,0.0
Faltec Europe Ltd,219.0,6.0,154.88,2025-03-07 19:45:30+00:00,0.0,0.0,0.0,0.0
Faltec Europe Ltd,219.0,6.0,154.88,2025-03-07 20:00:30+00:00,0.0,0.0,0.0,0.0
Faltec Europe Ltd,219.0,6.0,154.88,2025-03-07 20:15:30+00:00,0.0,0.0,0.0,0.0
Faltec Europe Ltd,219.0,6.0,154.88,2025-03-07 20:30:30+00:00,0.0,0.0,0.0,0.0
Faltec Europe Ltd,219.0,6.0,154.88,2025-03-07 20:45:30+00:00,0.0,0.0,0.0,0.0
Faltec Europe Ltd,219.0,6.0,154.88,2025-03-07 21:00:30+00:00,0.0,0.0,0.0,0.0
Faltec Europe Ltd,219.0,6.0,154.88,2025-03-07 21:15:30+00:00,0.0,0.0,0.0,0.0
Faltec Europe Ltd,219.0,6.0,154.88,2025-03-07 21:30:30+00:00,0.0,0.0,0.0,0.0
Faltec Europe Ltd,219.0,6.0,154.88,2025-03-07 21:45:30+00:00,0.0,0.0,0.0,0.0
Faltec Europe Ltd,219.0,6.0,154.88,2025-03-07 22:00:30+00:00,0.0,0.0,0.0,0.0
Faltec Europe Ltd,219.0,6.0,154.88,2025-03-07 22:15:30+00:00,0.0,0.0,0.0,0.0
Faltec Europe Ltd,219.0,6.0,154.88,2025-03-07 22:30:30+00:00,0.0,0.0,0.0,0.0
Faltec Europe Ltd,219.0,6.0,154.88,2025-03-07 22:45:30+00:00,0.0,0.0,0.0,0.0
Faltec Europe Ltd,219.0,6.0,154.88,2025-03-07 23:00:30+00:00,0.0,0.0,0.0,0.0
Faltec Europe Ltd,219.0,6.0,154.88,2025-03-07 23:15:30+00:00,0.0,0.0,0.0,0.0
Faltec Europe Ltd,219.0,6.0,154.88,2025-03-07 23:30:30+00:00,0.0,0.0,0.0,0.0
Faltec Europe Ltd,219.0,6.0,154.88,2025-03-07 23:45:30+00:00,0.0,0.0,0.0,0.0
Faltec Europe Ltd,219.0,6.0,154.88,2025-03-08 00:00:30+00:00,0.0,0.0,0.0,0.0
Faltec Europe Ltd,219.0,6.0,154.88,2025-03-08 00:15:30+00:00,0.0,0.0,0.0,0.0
Faltec Europe Ltd,219.0,6.0,154.88,2025-03-08 00:30:30+00:00,0.0,0.0,0.0,0.0
Faltec Europe Ltd,219.0,6.0,154.88,2025-03-08 00:45:30+00:00,0.0,0.0,0.0,0.0
Faltec Europe Ltd,219.0,6.0,154.88,2025-03-08 01:00:30+00:00,0.0,0.0,0.0,0.0
Faltec Europe Ltd,219.0,6.0,154.88,2025-03-08 01:15:30+00:00,0.0,0.0,0.0,0.0
Faltec Europe Ltd,219.0,6.0,154.88,2025-03-08 01:30:30+00:00,0.0,0.0,0.0,0.0
Faltec Europe Ltd,219.0,6.0,154.88,2025-03-08 01:45:30+00:00,0.0,0.0,0.0,0.0
Faltec Europe Ltd,219.0,6.0,154.88,2025-03-08 02:00:30+00:00,0.0,0.0,0.0,0.0
Faltec Europe Ltd,219.0,6.0,154.88,2025-03-08 02:15:30+00:00,0.0,0.0,0.0,0.0
Faltec Europe Ltd,219.0,6.0,154.88,2025-03-08 02:30:30+00:00,0.0,0.0,0.0,0.0
Faltec Europe Ltd,219.0,6.0,154.88,2025-03-08 02:45:30+00:00,0.0,0.0,0.0,0.0
Faltec Europe Ltd,219.0,6.0,154.88,2025-03-08 03:00:30+00:00,0.0,0.0,0.0,0.0
Faltec Europe Ltd,219.0,6.0,154.88,2025-03-08 03:15:30+00:00,0.0,0.0,0.0,0.0
Faltec Europe Ltd,219.0,6.0,154.88,2025-03-08 03:30:30+00:00,0.0,0.0,0.0,0.0
Faltec Europe Ltd,219.0,6.0,154.88,2025-03-08 03:45:30+00:00,0.0,0.0,0.0,0.0
Faltec Europe Ltd,219.0,6.0,154.88,2025-03-08 04:00:30+00:00,0.0,0.0,0.0,0.0
Faltec Europe Ltd,219.0,6.0,154.88,2025-03-08 04:15:30+00:00,0.0,0.0,0.0,0.0
Faltec Europe Ltd,219.0,6.0,154.88,2025-03-08 04:30:30+00:00,0.0,0.0,0.0,0.0
Faltec Europe Ltd,219.0,6.0,154.88,2025-03-08 04:45:30+00:00,0.0,0.0,0.0,0.0
Faltec Europe Ltd,219.0,6.0,154.88,2025-03-08 05:00:30+00:00,0.0,0.0,0.0,0.0
Faltec Europe Ltd,219.0,6.0,154.88,2025-03-08 05:15:30+00:00,0.0,0.0,0.0,0.0
Faltec Europe Ltd,219.0,6.0,154.88,2025-03-08 05:30:30+00:00,0.0,0.0,0.0,0.0
Faltec Europe Ltd,219.0,6.0,154.88,2025-03-08 05:45:30+00:00,0.0,0.0,0.0,0.0
Faltec Europe Ltd,219.0,6.0,154.88,2025-03-08 06:00:30+00:00,0.0,0.0,0.0,0.0
Faltec Europe Ltd,219.0,6.0,154.88,2025-03-08 06:15:30+00:00,0.0,0.0,0.0,0.0
Faltec Europe Ltd,219.0,6.0,154.88,2025-03-08 06:30:30+00:00,0.0,0.0,0.0,0.0
Faltec Europe Ltd,219.0,6.0,154.88,2025-03-08 06:45:30+00:00,0.002,0.00175,0.0025,0.002
Faltec Europe Ltd,219.0,6.0,154.88,2025-03-08 07:00:30+00:00,0.0055,0.00375,0.0065,0.0065
Faltec Europe Ltd,219.0,6.0,154.88,2025-03-08 07:15:30+00:00,0.01125,0.00625,0.013,0.01325
Faltec Europe Ltd,219.0,6.0,154.88,2025-03-08 07:30:30+00:00,0.0155,0.00925,0.02125,0.01675
Faltec Europe Ltd,219.0,6.0,154.88,2025-03-08 07:45:30+00:00,0.0205,0.0135,0.03,0.022
Faltec Europe Ltd,219.0,6.0,154.88,2025-03-08 08:00:30+00:00,0.0295,0.01825,0.0385,0.03125
Faltec Europe Ltd,219.0,6.0,154.88,2025-03-08 08:15:30+00:00,0.03675,0.02675,0.0475,0.03825
Faltec Europe Ltd,219.0,6.0,154.88,2025-03-08 08:30:30+00:00,0.04825,0.03575,0.05675,0.0495
Faltec Europe Ltd,219.0,6.0,154.88,2025-03-08 08:45:30+00:00,0.05875,0.0475,0.066,0.0595
Faltec Europe Ltd,219.0,6.0,154.88,2025-03-08 09:00:30+00:00,0.067,0.058,0.07525,0.067
Faltec Europe Ltd,219.0,6.0,154.88,2025-03-08 09:15:30+00:00,0.07475,0.068,0.08125,0.07375
Faltec Europe Ltd,219.0,6.0,154.88,2025-03-08 09:30:30+00:00,0.08225,0.07675,0.08775,0.0805
Faltec Europe Ltd,219.0,6.0,154.88,2025-03-08 09:45:30+00:00,0.08975,0.0845,0.09425,0.087
Faltec Europe Ltd,219.0,6.0,154.88,2025-03-08 10:00:30+00:00,0.096,0.0915,0.101,0.092
Faltec Europe Ltd,219.0,6.0,154.88,2025-03-08 10:15:30+00:00,0.10275,0.09775,0.10775,0.09775
Faltec Europe Ltd,219.0,6.0,154.88,2025-03-08 10:30:30+00:00,0.10925,0.10375,0.114,0.103
Faltec Europe Ltd,219.0,6.0,154.88,2025-03-08 10:45:30+00:00,0.1145,0.10875,0.11925,0.10725
Faltec Europe Ltd,219.0,6.0,154.88,2025-03-08 11:00:30+00:00,0.1185,0.11275,0.12375,0.11025
Faltec Europe Ltd,219.0,6.0,154.88,2025-03-08 11:15:30+00:00,0.12175,0.116,0.12775,0.11275
Faltec Europe Ltd,219.0,6.0,154.88,2025-03-08 11:30:30+00:00,0.125,0.119,0.1315,0.115
Faltec Europe Ltd,219.0,6.0,154.88,2025-03-08 11:45:30+00:00,0.12875,0.122,0.13475,0.1175
Faltec Europe Ltd,219.0,6.0,154.88,2025-03-08 12:00:30+00:00,0.131,0.12375,0.13675,0.11875
Faltec Europe Ltd,219.0,6.0,154.88,2025-03-08 12:15:30+00:00,0.131,0.124,0.13725,0.11825
Faltec Europe Ltd,219.0,6.0,154.88,2025-03-08 12:30:30+00:00,0.13,0.12375,0.1365,0.11675
Faltec Europe Ltd,219.0,6.0,154.88,2025-03-08 12:45:30+00:00,0.1295,0.12325,0.13525,0.1155
Faltec Europe Ltd,219.0,6.0,154.88,2025-03-08 13:00:30+00:00,0.12825,0.1225,0.1335,0.11375
Faltec Europe Ltd,219.0,6.0,154.88,2025-03-08 13:15:30+00:00,0.12625,0.1205,0.1315,0.11125
Faltec Europe Ltd,219.0,6.0,154.88,2025-03-08 13:30:30+00:00,0.12325,0.11775,0.1285,0.10825
Faltec Europe Ltd,219.0,6.0,154.88,2025-03-08 13:45:30+00:00,0.12,0.1145,0.125,0.1045
Faltec Europe Ltd,219.0,6.0,154.88,2025-03-08 14:00:30+00:00,0.11575,0.1105,0.1205,0.10025
Faltec Europe Ltd,219.0,6.0,154.88,2025-03-08 14:15:30+00:00,0.11075,0.1055,0.1155,0.09525
Faltec Europe Ltd,219.0,6.0,154.88,2025-03-08 14:30:30+00:00,0.10475,0.099,0.10975,0.0895
Faltec Europe Ltd,219.0,6.0,154.88,2025-03-08 14:45:30+00:00,0.09775,0.0915,0.10375,0.083
Faltec Europe Ltd,219.0,6.0,154.88,2025-03-08 15:00:30+00:00,0.0905,0.08325,0.0975,0.07625
Faltec Europe Ltd,219.0,6.0,154.88,2025-03-08 15:15:30+00:00,0.08325,0.075,0.09125,0.0695
Faltec Europe Ltd,219.0,6.0,154.88,2025-03-08 15:30:30+00:00,0.07525,0.066,0.084,0.06225
Faltec Europe Ltd,219.0,6.0,154.88,2025-03-08 15:45:30+00:00,0.06625,0.05675,0.07475,0.05425
Faltec Europe Ltd,219.0,6.0,154.88,2025-03-08 16:00:30+00:00,0.0565,0.047,0.06425,0.04625
Faltec Europe Ltd,219.0,6.0,154.88,2025-03-08 16:15:30+00:00,0.04725,0.03825,0.054,0.03825
Faltec Europe Ltd,219.0,6.0,154.88,2025-03-08 16:30:30+00:00,0.03825,0.03,0.04375,0.0305
Faltec Europe Ltd,219.0,6.0,154.88,2025-03-08 16:45:30+00:00,0.02975,0.02225,0.0335,0.023
Faltec Europe Ltd,219.0,6.0,154.88,2025-03-08 17:00:30+00:00,0.02125,0.01525,0.0235,0.016
Faltec Europe Ltd,219.0,6.0,154.88,2025-03-08 17:15:30+00:00,0.012,0.00875,0.01325,0.009
Faltec Europe Ltd,219.0,6.0,154.88,2025-03-08 17:30:30+00:00,0.00375,0.00325,0.004,0.00325
Faltec Europe Ltd,219.0,6.0,154.88,2025-03-08 17:45:30+00:00,0.0005,0.00025,0.0005,0.0005
Faltec Europe Ltd,219.0,6.0,154.88,2025-03-08 18:00:30+00:00,0.0,0.0,0.0,0.0
Faltec Europe Ltd,219.0,6.0,154.88,2025-03-08 18:15:30+00:00,0.0,0.0,0.0,0.0
Faltec Europe Ltd,219.0,6.0,154.88,2025-03-08 18:30:30+00:00,0.0,0.0,0.0,0.0
Faltec Europe Ltd,219.0,6.0,154.88,2025-03-08 18:45:30+00:00,0.0,0.0,0.0,0.0
Faltec Europe Ltd,219.0,6.0,154.88,2025-03-08 19:00:30+00:00,0.0,0.0,0.0,0.0
Faltec Europe Ltd,219.0,6.0,154.88,2025-03-08 19:15:30+00:00,0.0,0.0,0.0,0.0
Faltec Europe Ltd,219.0,6.0,154.88,2025-03-08 19:30:30+00:00,0.0,0.0,0.0,0.0
Faltec Europe Ltd,219.0,6.0,154.88,2025-03-08 19:45:30+00:00,0.0,0.0,0.0,0.0
Faltec Europe Ltd,219.0,6.0,154.88,2025-03-08 20:00:30+00:00,0.0,0.0,0.0,0.0
Faltec Europe Ltd,219.0,6.0,154.88,2025-03-08 20:15:30+00:00,0.0,0.0,0.0,0.0
Faltec Europe Ltd,219.0,6.0,154.88,2025-03-08 20:30:30+00:00,0.0,0.0,0.0,0.0
Faltec Europe Ltd,219.0,6.0,154.88,2025-03-08 20:45:30+00:00,0.0,0.0,0.0,0.0
Faltec Europe Ltd,219.0,6.0,154.88,2025-03-08 21:00:30+00:00,0.0,0.0,0.0,0.0
Faltec Europe Ltd,219.0,6.0,154.88,2025-03-08 21:15:30+00:00,0.0,0.0,0.0,0.0
Faltec Europe Ltd,219.0,6.0,154.88,2025-03-08 21:30:30+00:00,0.0,0.0,0.0,0.0
Faltec Europe Ltd,219.0,6.0,154.88,2025-03-08 21:45:30+00:00,0.0,0.0,0.0,0.0
Faltec Europe Ltd,219.0,6.0,154.88,2025-03-08 22:00:30+00:00,0.0,0.0,0.0,0.0
Faltec Europe Ltd,219.0,6.0,154.88,2025-03-08 22:15:30+00:00,0.0,0.0,0.0,0.0
Faltec Europe Ltd,219.0,6.0,154.88,2025-03-08 22:30:30+00:00,0.0,0.0,0.0,0.0
Faltec Europe Ltd,219.0,6.0,154.88,2025-03-08 22:45:30+00:00,0.0,0.0,0.0,0.0
Faltec Europe Ltd,219.0,6.0,154.88,2025-03-08 23:00:30+00:00,0.0,0.0,0.0,0.0
Faltec Europe Ltd,219.0,6.0,154.88,2025-03-08 23:15:30+00:00,0.0,0.0,0.0,0.0
Faltec Europe Ltd,219.0,6.0,154.88,2025-03-08 23:30:30+00:00,0.0,0.0,0.0,0.0
Faltec Europe Ltd,219.0,6.0,154.88,2025-03-08 23:45:30+00:00,0.0,0.0,0.0,0.0
Faltec Europe Ltd,219.0,6.0,154.88,2025-03-09 00:00:30+00:00,0.0,0.0,0.0,0.0
Faltec Europe Ltd,219.0,6.0,154.88,2025-03-09 00:15:30+00:00,0.0,0.0,0.0,0.0
Faltec Europe Ltd,219.0,6.0,154.88,2025-03-09 00:30:30+00:00,0.0,0.0,0.0,0.0
Faltec Europe Ltd,219.0,6.0,154.88,2025-03-09 00:45:30+00:00,0.0,0.0,0.0,0.0
Faltec Europe Ltd,219.0,6.0,154.88,2025-03-09 01:00:30+00:00,0.0,0.0,0.0,0.0
Faltec Europe Ltd,219.0,6.0,154.88,2025-03-09 01:15:30+00:00,0.0,0.0,0.0,0.0
Faltec Europe Ltd,219.0,6.0,154.88,2025-03-09 01:30:30+00:00,0.0,0.0,0.0,0.0
Faltec Europe Ltd,219.0,6.0,154.88,2025-03-09 01:45:30+00:00,0.0,0.0,0.0,0.0
Faltec Europe Ltd,219.0,6.0,154.88,2025-03-09 02:00:30+00:00,0.0,0.0,0.0,0.0
Faltec Europe Ltd,219.0,6.0,154.88,2025-03-09 02:15:30+00:00,0.0,0.0,0.0,0.0
Faltec Europe Ltd,219.0,6.0,154.88,2025-03-09 02:30:30+00:00,0.0,0.0,0.0,0.0
Faltec Europe Ltd,219.0,6.0,154.88,2025-03-09 02:45:30+00:00,0.0,0.0,0.0,0.0
Faltec Europe Ltd,219.0,6.0,154.88,2025-03-09 03:00:30+00:00,0.0,0.0,0.0,0.0
Faltec Europe Ltd,219.0,6.0,154.88,2025-03-09 03:15:30+00:00,0.0,0.0,0.0,0.0
Faltec Europe Ltd,219.0,6.0,154.88,2025-03-09 03:30:30+00:00,0.0,0.0,0.0,0.0
Faltec Europe Ltd,219.0,6.0,154.88,2025-03-09 03:45:30+00:00,0.0,0.0,0.0,0.0
Faltec Europe Ltd,219.0,6.0,154.88,2025-03-09 04:00:30+00:00,0.0,0.0,0.0,0.0
Faltec Europe Ltd,219.0,6.0,154.88,2025-03-09 04:15:30+00:00,0.0,0.0,0.0,0.0
Faltec Europe Ltd,219.0,6.0,154.88,2025-03-09 04:30:30+00:00,0.0,0.0,0.0,0.0
Faltec Europe Ltd,219.0,6.0,154.88,2025-03-09 04:45:30+00:00,0.0,0.0,0.0,0.0
Faltec Europe Ltd,219.0,6.0,154.88,2025-03-09 05:00:30+00:00,0.0,0.0,0.0,0.0
Faltec Europe Ltd,219.0,6.0,154.88,2025-03-09 05:15:30+00:00,0.0,0.0,0.0,0.0
Faltec Europe Ltd,219.0,6.0,154.88,2025-03-09 05:30:30+00:00,0.0,0.0,0.0,0.0
Faltec Europe Ltd,219.0,6.0,154.88,2025-03-09 05:45:30+00:00,0.0,0.0,0.0,0.0
Faltec Europe Ltd,219.0,6.0,154.88,2025-03-09 06:00:30+00:00,0.0,0.0,0.0,0.0
Faltec Europe Ltd,219.0,6.0,154.88,2025-03-09 06:15:30+00:00,0.0,0.0,0.0,0.0
Faltec Europe Ltd,219.0,6.0,154.88,2025-03-09 06:30:30+00:00,0.00075,0.00025,0.00125,0.00075
Faltec Europe Ltd,219.0,6.0,154.88,2025-03-09 06:45:30+00:00,0.00175,0.00125,0.003,0.00175
Faltec Europe Ltd,219.0,6.0,154.88,2025-03-09 07:00:30+00:00,0.00475,0.0025,0.008,0.005
Faltec Europe Ltd,219.0,6.0,154.88,2025-03-09 07:15:30+00:00,0.00875,0.0045,0.013,0.00925
Faltec Europe Ltd,219.0,6.0,154.88,2025-03-09 07:30:30+00:00,0.0125,0.0065,0.0185,0.01275
Faltec Europe Ltd,219.0,6.0,154.88,2025-03-09 07:45:30+00:00,0.016,0.009,0.02325,0.0165
Faltec Europe Ltd,219.0,6.0,154.88,2025-03-09 08:00:30+00:00,0.01975,0.01175,0.02775,0.02025
Faltec Europe Ltd,219.0,6.0,154.88,2025-03-09 08:15:30+00:00,0.02325,0.0155,0.032,0.02375
Faltec Europe Ltd,219.0,6.0,154.88,2025-03-09 08:30:30+00:00,0.02775,0.019,0.036,0.028
Faltec Europe Ltd,219.0,6.0,154.88,2025-03-09 08:45:30+00:00,0.0315,0.022,0.0405,0.03175
Faltec Europe Ltd,219.0,6.0,154.88,2025-03-09 09:00:30+00:00,0.0345,0.024,0.04375,0.03475
Faltec Europe Ltd,219.0,6.0,154.88,2025-03-09 09:15:30+00:00,0.03575,0.0255,0.046,0.036
Faltec Europe Ltd,219.0,6.0,154.88,2025-03-09 09:30:30+00:00,0.03675,0.0275,0.04725,0.037
Faltec Europe Ltd,219.0,6.0,154.88,2025-03-09 09:45:30+00:00,0.039,0.03025,0.048,0.03925
Faltec Europe Ltd,219.0,6.0,154.88,2025-03-09 10:00:30+00:00,0.0415,0.03225,0.0505,0.0415
Faltec Europe Ltd,219.0,6.0,154.88,2025-03-09 10:15:30+00:00,0.0435,0.03175,0.0565,0.0435
Faltec Europe Ltd,219.0,6.0,154.88,2025-03-09 10:30:30+00:00,0.04725,0.02775,0.069,0.04725
Faltec Europe Ltd,219.0,6.0,154.88,2025-03-09 10:45:30+00:00,0.05425,0.0215,0.0895,0.054
Faltec Europe Ltd,219.0,6.0,154.88,2025-03-09 11:00:30+00:00,0.0655,0.02,0.1155,0.064
Faltec Europe Ltd,219.0,6.0,154.88,2025-03-09 11:15:30+00:00,0.0835,0.02875,0.1355,0.08
Faltec Europe Ltd,219.0,6.0,154.88,2025-03-09 11:30:30+00:00,0.109,0.051,0.14125,0.10225
Faltec Europe Ltd,219.0,6.0,154.88,2025-03-09 11:45:30+00:00,0.12725,0.07975,0.146,0.117
Faltec Europe Ltd,219.0,6.0,154.88,2025-03-09 12:00:30+00:00,0.134,0.1055,0.1485,0.122
Faltec Europe Ltd,219.0,6.0,154.88,2025-03-09 12:15:30+00:00,0.1355,0.12175,0.1485,0.1225
Faltec Europe Ltd,219.0,6.0,154.88,2025-03-09 12:30:30+00:00,0.1355,0.1285,0.14225,0.12175
Faltec Europe Ltd,219.0,6.0,154.88,2025-03-09 12:45:30+00:00,0.135,0.12925,0.14,0.1205
Faltec Europe Ltd,219.0,6.0,154.88,2025-03-09 13:00:30+00:00,0.13325,0.12775,0.1385,0.1185
Faltec Europe Ltd,219.0,6.0,154.88,2025-03-09 13:15:30+00:00,0.13075,0.12525,0.136,0.1155
Faltec Europe Ltd,219.0,6.0,154.88,2025-03-09 13:30:30+00:00,0.1275,0.122,0.1325,0.112
Faltec Europe Ltd,219.0,6.0,154.88,2025-03-09 13:45:30+00:00,0.1235,0.11825,0.12825,0.10775
Faltec Europe Ltd,219.0,6.0,154.88,2025-03-09 14:00:30+00:00,0.119,0.11375,0.1235,0.10325
Faltec Europe Ltd,219.0,6.0,154.88,2025-03-09 14:15:30+00:00,0.1135,0.1085,0.118,0.09775
Faltec Europe Ltd,219.0,6.0,154.88,2025-03-09 14:30:30+00:00,0.1075,0.102,0.1125,0.092
Faltec Europe Ltd,219.0,6.0,154.88,2025-03-09 14:45:30+00:00,0.1005,0.09425,0.1065,0.08575
Faltec Europe Ltd,219.0,6.0,154.88,2025-03-09 15:00:30+00:00,0.093,0.08575,0.10025,0.07875
Faltec Europe Ltd,219.0,6.0,154.88,2025-03-09 15:15:30+00:00,0.08475,0.0765,0.09325,0.07125
Faltec Europe Ltd,219.0,6.0,154.88,2025-03-09 15:30:30+00:00,0.07575,0.06675,0.08475,0.0635
Faltec Europe Ltd,219.0,6.0,154.88,2025-03-09 15:45:30+00:00,0.067,0.0575,0.07575,0.05575
Faltec Europe Ltd,219.0,6.0,154.88,2025-03-09 16:00:30+00:00,0.05775,0.04825,0.06575,0.0475
Faltec Europe Ltd,219.0,6.0,154.88,2025-03-09 16:15:30+00:00,0.04875,0.03925,0.0555,0.0395
Faltec Europe Ltd,219.0,6.0,154.88,2025-03-09 16:30:30+00:00,0.03925,0.03075,0.045,0.0315
Faltec Europe Ltd,219.0,6.0,154.88,2025-03-09 16:45:30+00:00,0.03,0.0225,0.0345,0.02375
Faltec Europe Ltd,219.0,6.0,154.88,2025-03-09 17:00:30+00:00,0.02075,0.015,0.024,0.01625
Faltec Europe Ltd,219.0,6.0,154.88,2025-03-09 17:15:30+00:00,0.01175,0.0085,0.014,0.00925
Faltec Europe Ltd,219.0,6.0,154.88,2025-03-09 17:30:30+00:00,0.004,0.0035,0.0045,0.0035
Faltec Europe Ltd,219.0,6.0,154.88,2025-03-09 17:45:30+00:00,0.00125,0.001,0.0015,0.00125
Faltec Europe Ltd,219.0,6.0,154.88,2025-03-09 18:00:30+00:00,0.0,0.0,0.0,0.0
Faltec Europe Ltd,219.0,6.0,154.88,2025-03-09 18:15:30+00:00,0.0,0.0,0.0,0.0
Faltec Europe Ltd,219.0,6.0,154.88,2025-03-09 18:30:30+00:00,0.0,0.0,0.0,0.0
Faltec Europe Ltd,219.0,6.0,154.88,2025-03-09 18:45:30+00:00,0.0,0.0,0.0,0.0
Faltec Europe Ltd,219.0,6.0,154.88,2025-03-09 19:00:30+00:00,0.0,0.0,0.0,0.0
Faltec Europe Ltd,219.0,6.0,154.88,2025-03-09 19:15:30+00:00,0.0,0.0,0.0,0.0
Faltec Europe Ltd,219.0,6.0,154.88,2025-03-09 19:30:30+00:00,0.0,0.0,0.0,0.0
Faltec Europe Ltd,219.0,6.0,154.88,2025-03-09 19:45:30+00:00,0.0,0.0,0.0,0.0
Faltec Europe Ltd,219.0,6.0,154.88,2025-03-09 20:00:30+00:00,0.0,0.0,0.0,0.0
Faltec Europe Ltd,219.0,6.0,154.88,2025-03-09 20:15:30+00:00,0.0,0.0,0.0,0.0
Faltec Europe Ltd,219.0,6.0,154.88,2025-03-09 20:30:30+00:00,0.0,0.0,0.0,0.0
Faltec Europe Ltd,219.0,6.0,154.88,2025-03-09 20:45:30+00:00,0.0,0.0,0.0,0.0
Faltec Europe Ltd,219.0,6.0,154.88,2025-03-09 21:00:30+00:00,0.0,0.0,0.0,0.0
Faltec Europe Ltd,219.0,6.0,154.88,2025-03-09 21:15:30+00:00,0.0,0.0,0.0,0.0
Faltec Europe Ltd,219.0,6.0,154.88,2025-03-09 21:30:30+00:00,0.0,0.0,0.0,0.0
Faltec Europe Ltd,219.0,6.0,154.88,2025-03-09 21:45:30+00:00,0.0,0.0,0.0,0.0
Faltec Europe Ltd,219.0,6.0,154.88,2025-03-09 22:00:30+00:00,0.0,0.0,0.0,0.0
Faltec Europe Ltd,219.0,6.0,154.88,2025-03-09 22:15:30+00:00,0.0,0.0,0.0,0.0
Faltec Europe Ltd,219.0,6.0,154.88,2025-03-09 22:30:30+00:00,0.0,0.0,0.0,0.0
Faltec Europe Ltd,219.0,6.0,154.88,2025-03-09 22:45:30+00:00,0.0,0.0,0.0,0.0
Faltec Europe Ltd,219.0,6.0,154.88,2025-03-09 23:00:30+00:00,0.0,0.0,0.0,0.0
Faltec Europe Ltd,219.0,6.0,154.88,2025-03-09 23:15:30+00:00,0.0,0.0,0.0,0.0
Faltec Europe Ltd,219.0,6.0,154.88,2025-03-09 23:30:30+00:00,0.0,0.0,0.0,0.0
Faltec Europe Ltd,219.0,6.0,154.88,2025-03-09 23:45:30+00:00,0.0,0.0,0.0,0.0
Faltec Europe Ltd,219.0,6.0,154.88,2025-03-10 00:00:30+00:00,0.0,0.0,0.0,0.0
Faltec Europe Ltd,219.0,6.0,154.88,2025-03-10 00:15:30+00:00,0.0,0.0,0.0,0.0
Faltec Europe Ltd,219.0,6.0,154.88,2025-03-10 00:30:30+00:00,0.0,0.0,0.0,0.0
Faltec Europe Ltd,219.0,6.0,154.88,2025-03-10 00:45:30+00:00,0.0,0.0,0.0,0.0
Faltec Europe Ltd,219.0,6.0,154.88,2025-03-10 01:00:30+00:00,0.0,0.0,0.0,0.0
Faltec Europe Ltd,219.0,6.0,154.88,2025-03-10 01:15:30+00:00,0.0,0.0,0.0,0.0
Faltec Europe Ltd,219.0,6.0,154.88,2025-03-10 01:30:30+00:00,0.0,0.0,0.0,0.0
Faltec Europe Ltd,219.0,6.0,154.88,2025-03-10 01:45:30+00:00,0.0,0.0,0.0,0.0
Faltec Europe Ltd,219.0,6.0,154.88,2025-03-10 02:00:30+00:00,0.0,0.0,0.0,0.0
Faltec Europe Ltd,219.0,6.0,154.88,2025-03-10 02:15:30+00:00,0.0,0.0,0.0,0.0
Faltec Europe Ltd,219.0,6.0,154.88,2025-03-10 02:30:30+00:00,0.0,0.0,0.0,0.0
Faltec Europe Ltd,219.0,6.0,154.88,2025-03-10 02:45:30+00:00,0.0,0.0,0.0,0.0
Faltec Europe Ltd,219.0,6.0,154.88,2025-03-10 03:00:30+00:00,0.0,0.0,0.0,0.0
Faltec Europe Ltd,219.0,6.0,154.88,2025-03-10 03:15:30+00:00,0.0,0.0,0.0,0.0
Faltec Europe Ltd,219.0,6.0,154.88,2025-03-10 03:30:30+00:00,0.0,0.0,0.0,0.0
Faltec Europe Ltd,219.0,6.0,154.88,2025-03-10 03:45:30+00:00,0.0,0.0,0.0,0.0
Faltec Europe Ltd,219.0,6.0,154.88,2025-03-10 04:00:30+00:00,0.0,0.0,0.0,0.0
Faltec Europe Ltd,219.0,6.0,154.88,2025-03-10 04:15:30+00:00,0.0,0.0,0.0,0.0
Faltec Europe Ltd,219.0,6.0,154.88,2025-03-10 04:30:30+00:00,0.0,0.0,0.0,0.0
Faltec Europe Ltd,219.0,6.0,154.88,2025-03-10 04:45:30+00:00,0.0,0.0,0.0,0.0
Faltec Europe Ltd,219.0,6.0,154.88,2025-03-10 05:00:30+00:00,0.0,0.0,0.0,0.0
Faltec Europe Ltd,219.0,6.0,154.88,2025-03-10 05:15:30+00:00,0.0,0.0,0.0,0.0
Faltec Europe Ltd,219.0,6.0,154.88,2025-03-10 05:30:30+00:00,0.0,0.0,0.0,0.0
Faltec Europe Ltd,219.0,6.0,154.88,2025-03-10 05:45:30+00:00,0.0,0.0,0.0,0.0
Faltec Europe Ltd,219.0,6.0,154.88,2025-03-10 06:00:30+00:00,0.0,0.0,0.0,0.0
Faltec Europe Ltd,219.0,6.0,154.88,2025-03-10 06:15:30+00:00,0.0,0.0,0.0,0.0
Faltec Europe Ltd,219.0,6.0,154.88,2025-03-10 06:30:30+00:00,0.0,0.0,0.0,0.0
Faltec Europe Ltd,219.0,6.0,154.88,2025-03-10 06:45:30+00:00,0.00125,0.00025,0.00275,0.00125
Faltec Europe Ltd,219.0,6.0,154.88,2025-03-10 07:00:30+00:00,0.0035,0.00075,0.006,0.0035
Faltec Europe Ltd,219.0,6.0,154.88,2025-03-10 07:15:30+00:00,0.005,0.0015,0.01075,0.00525
Faltec Europe Ltd,219.0,6.0,154.88,2025-03-10 07:30:30+00:00,0.0095,0.00325,0.01625,0.00975
Faltec Europe Ltd,219.0,6.0,154.88,2025-03-10 07:45:30+00:00,0.01475,0.005,0.02175,0.015
Faltec Europe Ltd,219.0,6.0,154.88,2025-03-10 08:00:30+00:00,0.016,0.0055,0.026,0.01625
Faltec Europe Ltd,219.0,6.0,154.88,2025-03-10 08:15:30+00:00,0.01625,0.0055,0.0275,0.0165
Faltec Europe Ltd,219.0,6.0,154.88,2025-03-10 08:30:30+00:00,0.01725,0.0085,0.0295,0.0175
Faltec Europe Ltd,219.0,6.0,154.88,2025-03-10 08:45:30+00:00,0.023,0.0115,0.03175,0.02325
Faltec Europe Ltd,219.0,6.0,154.88,2025-03-10 09:00:30+00:00,0.02475,0.014,0.03475,0.025
Faltec Europe Ltd,219.0,6.0,154.88,2025-03-10 09:15:30+00:00,0.02525,0.013,0.0365,0.0255
Faltec Europe Ltd,219.0,6.0,154.88,2025-03-10 09:30:30+00:00,0.024,0.012,0.03875,0.024
Faltec Europe Ltd,219.0,6.0,154.88,2025-03-10 09:45:30+00:00,0.02675,0.01,0.04025,0.027
Faltec Europe Ltd,219.0,6.0,154.88,2025-03-10 10:00:30+00:00,0.0245,0.0075,0.041,0.02475
Faltec Europe Ltd,219.0,6.0,154.88,2025-03-10 10:15:30+00:00,0.0205,0.008,0.039,0.0205
Faltec Europe Ltd,219.0,6.0,154.88,2025-03-10 10:30:30+00:00,0.01875,0.0085,0.036,0.01875
Faltec Europe Ltd,219.0,6.0,154.88,2025-03-10 10:45:30+00:00,0.01775,0.00875,0.033,0.01775
Faltec Europe Ltd,219.0,6.0,154.88,2025-03-10 11:00:30+00:00,0.01625,0.009,0.03125,0.01625
Faltec Europe Ltd,219.0,6.0,154.88,2025-03-10 11:15:30+00:00,0.01525,0.00925,0.0295,0.0155
Faltec Europe Ltd,219.0,6.0,154.88,2025-03-10 11:30:30+00:00,0.01325,0.0095,0.0275,0.0135
Faltec Europe Ltd,219.0,6.0,154.88,2025-03-10 11:45:30+00:00,0.011,0.0095,0.025,0.011
Faltec Europe Ltd,219.0,6.0,154.88,2025-03-10 12:00:30+00:00,0.011,0.0095,0.02375,0.01125
Faltec Europe Ltd,219.0,6.0,154.88,2025-03-10 12:15:30+00:00,0.0115,0.0095,0.023,0.01175
Faltec Europe Ltd,219.0,6.0,154.88,2025-03-10 12:30:30+00:00,0.0105,0.0095,0.0225,0.0105
Faltec Europe Ltd,219.0,6.0,154.88,2025-03-10 12:45:30+00:00,0.00975,0.0095,0.0215,0.00975
Faltec Europe Ltd,219.0,6.0,154.88,2025-03-10 13:00:30+00:00,0.00825,0.00525,0.02025,0.00825
Faltec Europe Ltd,219.0,6.0,154.88,2025-03-10 13:15:30+00:00,0.0075,0.00475,0.0195,0.0075
Faltec Europe Ltd,219.0,6.0,154.88,2025-03-10 13:30:30+00:00,0.008,0.00525,0.0195,0.00825
Faltec Europe Ltd,219.0,6.0,154.88,2025-03-10 13:45:30+00:00,0.00875,0.0085,0.01975,0.00875
Faltec Europe Ltd,219.0,6.0,154.88,2025-03-10 14:00:30+00:00,0.00975,0.008,0.02025,0.00975
Faltec Europe Ltd,219.0,6.0,154.88,2025-03-10 14:15:30+00:00,0.00925,0.00775,0.021,0.0095
Faltec Europe Ltd,219.0,6.0,154.88,2025-03-10 14:30:30+00:00,0.0085,0.00725,0.02375,0.0085
Faltec Europe Ltd,219.0,6.0,154.88,2025-03-10 14:45:30+00:00,0.011,0.00675,0.0285,0.011
Faltec Europe Ltd,219.0,6.0,154.88,2025-03-10 15:00:30+00:00,0.01475,0.00625,0.03375,0.01475
Faltec Europe Ltd,219.0,6.0,154.88,2025-03-10 15:15:30+00:00,0.01775,0.00575,0.03675,0.01775
Faltec Europe Ltd,219.0,6.0,154.88,2025-03-10 15:30:30+00:00,0.01925,0.005,0.0375,0.01925
Faltec Europe Ltd,219.0,6.0,154.88,2025-03-10 15:45:30+00:00,0.02075,0.0045,0.036,0.02075
Faltec Europe Ltd,219.0,6.0,154.88,2025-03-10 16:00:30+00:00,0.02025,0.00675,0.0335,0.02
Faltec Europe Ltd,219.0,6.0,154.88,2025-03-10 16:15:30+00:00,0.01925,0.00825,0.02925,0.019
Faltec Europe Ltd,219.0,6.0,154.88,2025-03-10 16:30:30+00:00,0.01625,0.008,0.024,0.016
Faltec Europe Ltd,219.0,6.0,154.88,2025-03-10 16:45:30+00:00,0.0125,0.006,0.0185,0.0125
Faltec Europe Ltd,219.0,6.0,154.88,2025-03-10 17:00:30+00:00,0.008,0.0035,0.01275,0.008
Faltec Europe Ltd,219.0,6.0,154.88,2025-03-10 17:15:30+00:00,0.0045,0.00175,0.00775,0.0045
Faltec Europe Ltd,219.0,6.0,154.88,2025-03-10 17:30:30+00:00,0.00175,0.00075,0.004,0.00175
Faltec Europe Ltd,219.0,6.0,154.88,2025-03-10 17:45:30+00:00,0.00075,0.00025,0.0015,0.00075
Faltec Europe Ltd,219.0,6.0,154.88,2025-03-10 18:00:30+00:00,0.0,0.0,0.0,0.0
Faltec Europe Ltd,219.0,6.0,154.88,2025-03-10 18:15:30+00:00,0.0,0.0,0.0,0.0
Faltec Europe Ltd,219.0,6.0,154.88,2025-03-10 18:30:30+00:00,0.0,0.0,0.0,0.0
Faltec Europe Ltd,219.0,6.0,154.88,2025-03-10 18:45:30+00:00,0.0,0.0,0.0,0.0
Faltec Europe Ltd,219.0,6.0,154.88,2025-03-10 19:00:30+00:00,0.0,0.0,0.0,0.0
Faltec Europe Ltd,219.0,6.0,154.88,2025-03-10 19:15:30+00:00,0.0,0.0,0.0,0.0
Faltec Europe Ltd,219.0,6.0,154.88,2025-03-10 19:30:30+00:00,0.0,0.0,0.0,0.0
Faltec Europe Ltd,219.0,6.0,154.88,2025-03-10 19:45:30+00:00,0.0,0.0,0.0,0.0
Faltec Europe Ltd,219.0,6.0,154.88,2025-03-10 20:00:30+00:00,0.0,0.0,0.0,0.0
Faltec Europe Ltd,219.0,6.0,154.88,2025-03-10 20:15:30+00:00,0.0,0.0,0.0,0.0
Faltec Europe Ltd,219.0,6.0,154.88,2025-03-10 20:30:30+00:00,0.0,0.0,0.0,0.0
Faltec Europe Ltd,219.0,6.0,154.88,2025-03-10 20:45:30+00:00,0.0,0.0,0.0,0.0
Faltec Europe Ltd,219.0,6.0,154.88,2025-03-10 21:00:30+00:00,0.0,0.0,0.0,0.0
Faltec Europe Ltd,219.0,6.0,154.88,2025-03-10 21:15:30+00:00,0.0,0.0,0.0,0.0
Faltec Europe Ltd,219.0,6.0,154.88,2025-03-10 21:30:30+00:00,0.0,0.0,0.0,0.0
Faltec Europe Ltd,219.0,6.0,154.88,2025-03-10 21:45:30+00:00,0.0,0.0,0.0,0.0
Faltec Europe Ltd,219.0,6.0,154.88,2025-03-10 22:00:30+00:00,0.0,0.0,0.0,0.0
Faltec Europe Ltd,219.0,6.0,154.88,2025-03-10 22:15:30+00:00,0.0,0.0,0.0,0.0
Faltec Europe Ltd,219.0,6.0,154.88,2025-03-10 22:30:30+00:00,0.0,0.0,0.0,0.0
Faltec Europe Ltd,219.0,6.0,154.88,2025-03-10 22:45:30+00:00,0.0,0.0,0.0,0.0
Faltec Europe Ltd,219.0,6.0,154.88,2025-03-10 23:00:30+00:00,0.0,0.0,0.0,0.0
Faltec Europe Ltd,219.0,6.0,154.88,2025-03-10 23:15:30+00:00,0.0,0.0,0.0,0.0
Faltec Europe Ltd,219.0,6.0,154.88,2025-03-10 23:30:30+00:00,0.0,0.0,0.0,0.0
Faltec Europe Ltd,219.0,6.0,154.88,2025-03-10 23:45:30+00:00,0.0,0.0,0.0,0.0
Faltec Europe Ltd,219.0,6.0,154.88,2025-03-11 00:00:30+00:00,0.0,0.0,0.0,0.0
Faltec Europe Ltd,219.0,6.0,154.88,2025-03-11 00:15:30+00:00,0.0,0.0,0.0,0.0
Faltec Europe Ltd,219.0,6.0,154.88,2025-03-11 00:30:30+00:00,0.0,0.0,0.0,0.0
Faltec Europe Ltd,219.0,6.0,154.88,2025-03-11 00:45:30+00:00,0.0,0.0,0.0,0.0
Faltec Europe Ltd,219.0,6.0,154.88,2025-03-11 01:00:30+00:00,0.0,0.0,0.0,0.0
Faltec Europe Ltd,219.0,6.0,154.88,2025-03-11 01:15:30+00:00,0.0,0.0,0.0,0.0
Faltec Europe Ltd,219.0,6.0,154.88,2025-03-11 01:30:30+00:00,0.0,0.0,0.0,0.0
Faltec Europe Ltd,219.0,6.0,154.88,2025-03-11 01:45:30+00:00,0.0,0.0,0.0,0.0
Faltec Europe Ltd,219.0,6.0,154.88,2025-03-11 02:00:30+00:00,0.0,0.0,0.0,0.0
Faltec Europe Ltd,219.0,6.0,154.88,2025-03-11 02:15:30+00:00,0.0,0.0,0.0,0.0
Faltec Europe Ltd,219.0,6.0,154.88,2025-03-11 02:30:30+00:00,0.0,0.0,0.0,0.0
Faltec Europe Ltd,219.0,6.0,154.88,2025-03-11 02:45:30+00:00,0.0,0.0,0.0,0.0
Faltec Europe Ltd,219.0,6.0,154.88,2025-03-11 03:00:30+00:00,0.0,0.0,0.0,0.0
Faltec Europe Ltd,219.0,6.0,154.88,2025-03-11 03:15:30+00:00,0.0,0.0,0.0,0.0
Faltec Europe Ltd,219.0,6.0,154.88,2025-03-11 03:30:30+00:00,0.0,0.0,0.0,0.0
Faltec Europe Ltd,219.0,6.0,154.88,2025-03-11 03:45:30+00:00,0.0,0.0,0.0,0.0
Faltec Europe Ltd,219.0,6.0,154.88,2025-03-11 04:00:30+00:00,0.0,0.0,0.0,0.0
Faltec Europe Ltd,219.0,6.0,154.88,2025-03-11 04:15:30+00:00,0.0,0.0,0.0,0.0
Faltec Europe Ltd,219.0,6.0,154.88,2025-03-11 04:30:30+00:00,0.0,0.0,0.0,0.0
Faltec Europe Ltd,219.0,6.0,154.88,2025-03-11 04:45:30+00:00,0.0,0.0,0.0,0.0
Faltec Europe Ltd,219.0,6.0,154.88,2025-03-11 05:00:30+00:00,0.0,0.0,0.0,0.0
Faltec Europe Ltd,219.0,6.0,154.88,2025-03-11 05:15:30+00:00,0.0,0.0,0.0,0.0
Faltec Europe Ltd,219.0,6.0,154.88,2025-03-11 05:30:30+00:00,0.0,0.0,0.0,0.0
Faltec Europe Ltd,219.0,6.0,154.88,2025-03-11 05:45:30+00:00,0.0,0.0,0.0,0.0
Faltec Europe Ltd,219.0,6.0,154.88,2025-03-11 06:00:30+00:00,0.0,0.0,0.0,0.0
Faltec Europe Ltd,219.0,6.0,154.88,2025-03-11 06:15:30+00:00,0.0,0.0,0.0,0.0
Faltec Europe Ltd,219.0,6.0,154.88,2025-03-11 06:30:30+00:00,0.00025,0.00025,0.0005,0.00025
Faltec Europe Ltd,219.0,6.0,154.88,2025-03-11 06:45:30+00:00,0.00275,0.0015,0.005,0.00275
Faltec Europe Ltd,219.0,6.0,154.88,2025-03-11 07:00:30+00:00,0.00675,0.00275,0.01025,0.007
Faltec Europe Ltd,219.0,6.0,154.88,2025-03-11 07:15:30+00:00,0.01,0.0055,0.0175,0.0105
Faltec Europe Ltd,219.0,6.0,154.88,2025-03-11 07:30:30+00:00,0.01775,0.00775,0.02375,0.019
Faltec Europe Ltd,219.0,6.0,154.88,2025-03-11 07:45:30+00:00,0.02,0.00975,0.03025,0.021
Faltec Europe Ltd,219.0,6.0,154.88,2025-03-11 08:00:30+00:00,0.022,0.0115,0.03625,0.0225
Faltec Europe Ltd,219.0,6.0,154.88,2025-03-11 08:15:30+00:00,0.029,0.01425,0.04425,0.02975
Faltec Europe Ltd,219.0,6.0,154.88,2025-03-11 08:30:30+00:00,0.037,0.02125,0.05425,0.0375
Faltec Europe Ltd,219.0,6.0,154.88,2025-03-11 08:45:30+00:00,0.0475,0.027,0.068,0.048
Faltec Europe Ltd,219.0,6.0,154.88,2025-03-11 09:00:30+00:00,0.05825,0.03125,0.08075,0.0585
Faltec Europe Ltd,219.0,6.0,154.88,2025-03-11 09:15:30+00:00,0.06225,0.02425,0.08525,0.062
Faltec Europe Ltd,219.0,6.0,154.88,2025-03-11 09:30:30+00:00,0.043,0.01575,0.08225,0.04275
Faltec Europe Ltd,219.0,6.0,154.88,2025-03-11 09:45:30+00:00,0.0415,0.01625,0.07025,0.0415
Faltec Europe Ltd,219.0,6.0,154.88,2025-03-11 10:00:30+00:00,0.04475,0.015,0.0745,0.04475
Faltec Europe Ltd,219.0,6.0,154.88,2025-03-11 10:15:30+00:00,0.0475,0.017,0.083,0.04725
Faltec Europe Ltd,219.0,6.0,154.88,2025-03-11 10:30:30+00:00,0.05825,0.02275,0.111,0.05725
Faltec Europe Ltd,219.0,6.0,154.88,2025-03-11 10:45:30+00:00,0.0965,0.0375,0.1255,0.09225
Faltec Europe Ltd,219.0,6.0,154.88,2025-03-11 11:00:30+00:00,0.0865,0.0485,0.128,0.083
Faltec Europe Ltd,219.0,6.0,154.88,2025-03-11 11:15:30+00:00,0.08125,0.05075,0.12925,0.078
Faltec Europe Ltd,219.0,6.0,154.88,2025-03-11 11:30:30+00:00,0.104,0.05925,0.1435,0.09775
Faltec Europe Ltd,219.0,6.0,154.88,2025-03-11 11:45:30+00:00,0.1175,0.074,0.15375,0.10925
Faltec Europe Ltd,219.0,6.0,154.88,2025-03-11 12:00:30+00:00,0.13225,0.0795,0.15725,0.1205
Faltec Europe Ltd,219.0,6.0,154.88,2025-03-11 12:15:30+00:00,0.1325,0.0655,0.15775,0.12075
Faltec Europe Ltd,219.0,6.0,154.88,2025-03-11 12:30:30+00:00,0.095,0.036,0.15275,0.08875
Faltec Europe Ltd,219.0,6.0,154.88,2025-03-11 12:45:30+00:00,0.0725,0.01925,0.13325,0.0695
Faltec Europe Ltd,219.0,6.0,154.88,2025-03-11 13:00:30+00:00,0.06225,0.02,0.10525,0.06025
Faltec Europe Ltd,219.0,6.0,154.88,2025-03-11 13:15:30+00:00,0.05225,0.027,0.08225,0.0515
Faltec Europe Ltd,219.0,6.0,154.88,2025-03-11 13:30:30+00:00,0.04975,0.0315,0.079,0.049
Faltec Europe Ltd,219.0,6.0,154.88,2025-03-11 13:45:30+00:00,0.0655,0.025,0.09075,0.06225
Faltec Europe Ltd,219.0,6.0,154.88,2025-03-11 14:00:30+00:00,0.05575,0.02525,0.101,0.05325
Faltec Europe Ltd,219.0,6.0,154.88,2025-03-11 14:15:30+00:00,0.0705,0.02875,0.11375,0.065
Faltec Europe Ltd,219.0,6.0,154.88,2025-03-11 14:30:30+00:00,0.087,0.033,0.11325,0.078
Faltec Europe Ltd,219.0,6.0,154.88,2025-03-11 14:45:30+00:00,0.05825,0.02,0.1035,0.0535
Faltec Europe Ltd,219.0,6.0,154.88,2025-03-11 15:00:30+00:00,0.03975,0.008,0.08075,0.03825
Faltec Europe Ltd,219.0,6.0,154.88,2025-03-11 15:15:30+00:00,0.036,0.00725,0.06375,0.0345
Faltec Europe Ltd,219.0,6.0,154.88,2025-03-11 15:30:30+00:00,0.0225,0.00575,0.04525,0.02225
Faltec Europe Ltd,219.0,6.0,154.88,2025-03-11 15:45:30+00:00,0.0165,0.005,0.0355,0.0165
Faltec Europe Ltd,219.0,6.0,154.88,2025-03-11 16:00:30+00:00,0.01475,0.0045,0.03475,0.015
Faltec Europe Ltd,219.0,6.0,154.88,2025-03-11 16:15:30+00:00,0.02025,0.004,0.03775,0.01925
Faltec Europe Ltd,219.0,6.0,154.88,2025-03-11 16:30:30+00:00,0.02325,0.00575,0.03625,0.02125
Faltec Europe Ltd,219.0,6.0,154.88,2025-03-11 16:45:30+00:00,0.0185,0.0075,0.02875,0.017
Faltec Europe Ltd,219.0,6.0,154.88,2025-03-11 17:00:30+00:00,0.01225,0.006,0.019,0.0115
Faltec Europe Ltd,219.0,6.0,154.88,2025-03-11 17:15:30+00:00,0.007,0.00325,0.01125,0.00675
Faltec Europe Ltd,219.0,6.0,154.88,2025-03-11 17:30:30+00:00,0.003,0.00125,0.00575,0.003
Faltec Europe Ltd,219.0,6.0,154.88,2025-03-11 17:45:30+00:00,0.0005,0.0005,0.00125,0.0005
Faltec Europe Ltd,219.0,6.0,154.88,2025-03-11 18:00:30+00:00,0.0,0.0,0.0,0.0
Faltec Europe Ltd,219.0,6.0,154.88,2025-03-11 18:15:30+00:00,0.0,0.0,0.0,0.0
Faltec Europe Ltd,219.0,6.0,154.88,2025-03-11 18:30:30+00:00,0.0,0.0,0.0,0.0
Faltec Europe Ltd,219.0,6.0,154.88,2025-03-11 18:45:30+00:00,0.0,0.0,0.0,0.0
Faltec Europe Ltd,219.0,6.0,154.88,2025-03-11 19:00:30+00:00,0.0,0.0,0.0,0.0
Faltec Europe Ltd,219.0,6.0,154.88,2025-03-11 19:15:30+00:00,0.0,0.0,0.0,0.0
Faltec Europe Ltd,219.0,6.0,154.88,2025-03-11 19:30:30+00:00,0.0,0.0,0.0,0.0
Faltec Europe Ltd,219.0,6.0,154.88,2025-03-11 19:45:30+00:00,0.0,0.0,0.0,0.0
Faltec Europe Ltd,219.0,6.0,154.88,2025-03-11 20:00:30+00:00,0.0,0.0,0.0,0.0
Faltec Europe Ltd,219.0,6.0,154.88,2025-03-11 20:15:30+00:00,0.0,0.0,0.0,0.0
Faltec Europe Ltd,219.0,6.0,154.88,2025-03-11 20:30:30+00:00,0.0,0.0,0.0,0.0
Faltec Europe Ltd,219.0,6.0,154.88,2025-03-11 20:45:30+00:00,0.0,0.0,0.0,0.0
Faltec Europe Ltd,219.0,6.0,154.88,2025-03-11 21:00:30+00:00,0.0,0.0,0.0,0.0
Faltec Europe Ltd,219.0,6.0,154.88,2025-03-11 21:15:30+00:00,0.0,0.0,0.0,0.0
Faltec Europe Ltd,219.0,6.0,154.88,2025-03-11 21:30:30+00:00,0.0,0.0,0.0,0.0
Faltec Europe Ltd,219.0,6.0,154.88,2025-03-11 21:45:30+00:00,0.0,0.0,0.0,0.0
Faltec Europe Ltd,219.0,6.0,154.88,2025-03-11 22:00:30+00:00,0.0,0.0,0.0,0.0
Faltec Europe Ltd,219.0,6.0,154.88,2025-03-11 22:15:30+00:00,0.0,0.0,0.0,0.0
Faltec Europe Ltd,219.0,6.0,154.88,2025-03-11 22:30:30+00:00,0.0,0.0,0.0,0.0
Faltec Europe Ltd,219.0,6.0,154.88,2025-03-11 22:45:30+00:00,0.0,0.0,0.0,0.0
Faltec Europe Ltd,219.0,6.0,154.88,2025-03-11 23:00:30+00:00,0.0,0.0,0.0,0.0
Faltec Europe Ltd,219.0,6.0,154.88,2025-03-11 23:15:30+00:00,0.0,0.0,0.0,0.0
Faltec Europe Ltd,219.0,6.0,154.88,2025-03-11 23:30:30+00:00,0.0,0.0,0.0,0.0
Faltec Europe Ltd,219.0,6.0,154.88,2025-03-11 23:45:30+00:00,0.0,0.0,0.0,0.0
Faltec Europe Ltd,219.0,6.0,154.88,2025-03-12 00:00:30+00:00,0.0,0.0,0.0,0.0
Faltec Europe Ltd,219.0,6.0,154.88,2025-03-12 00:15:30+00:00,0.0,0.0,0.0,0.0
Faltec Europe Ltd,219.0,6.0,154.88,2025-03-12 00:30:30+00:00,0.0,0.0,0.0,0.0
Faltec Europe Ltd,219.0,6.0,154.88,2025-03-12 00:45:30+00:00,0.0,0.0,0.0,0.0
Faltec Europe Ltd,219.0,6.0,154.88,2025-03-12 01:00:30+00:00,0.0,0.0,0.0,0.0
Faltec Europe Ltd,219.0,6.0,154.88,2025-03-12 01:15:30+00:00,0.0,0.0,0.0,0.0
Faltec Europe Ltd,219.0,6.0,154.88,2025-03-12 01:30:30+00:00,0.0,0.0,0.0,0.0
Faltec Europe Ltd,219.0,6.0,154.88,2025-03-12 01:45:30+00:00,0.0,0.0,0.0,0.0
Faltec Europe Ltd,219.0,6.0,154.88,2025-03-12 02:00:30+00:00,0.0,0.0,0.0,0.0
Faltec Europe Ltd,219.0,6.0,154.88,2025-03-12 02:15:30+00:00,0.0,0.0,0.0,0.0
Faltec Europe Ltd,219.0,6.0,154.88,2025-03-12 02:30:30+00:00,0.0,0.0,0.0,0.0
Faltec Europe Ltd,219.0,6.0,154.88,2025-03-12 02:45:30+00:00,0.0,0.0,0.0,0.0
Faltec Europe Ltd,219.0,6.0,154.88,2025-03-12 03:00:30+00:00,0.0,0.0,0.0,0.0
Faltec Europe Ltd,219.0,6.0,154.88,2025-03-12 03:15:30+00:00,0.0,0.0,0.0,0.0
Faltec Europe Ltd,219.0,6.0,154.88,2025-03-12 03:30:30+00:00,0.0,0.0,0.0,0.0
Faltec Europe Ltd,219.0,6.0,154.88,2025-03-12 03:45:30+00:00,0.0,0.0,0.0,0.0
Faltec Europe Ltd,219.0,6.0,154.88,2025-03-12 04:00:30+00:00,0.0,0.0,0.0,0.0
Faltec Europe Ltd,219.0,6.0,154.88,2025-03-12 04:15:30+00:00,0.0,0.0,0.0,0.0
Faltec Europe Ltd,219.0,6.0,154.88,2025-03-12 04:30:30+00:00,0.0,0.0,0.0,0.0
Faltec Europe Ltd,219.0,6.0,154.88,2025-03-12 04:45:30+00:00,0.0,0.0,0.0,0.0
Faltec Europe Ltd,219.0,6.0,154.88,2025-03-12 05:00:30+00:00,0.0,0.0,0.0,0.0
Faltec Europe Ltd,219.0,6.0,154.88,2025-03-12 05:15:30+00:00,0.0,0.0,0.0,0.0
Faltec Europe Ltd,219.0,6.0,154.88,2025-03-12 05:30:30+00:00,0.0,0.0,0.0,0.0
Faltec Europe Ltd,219.0,6.0,154.88,2025-03-12 05:45:30+00:00,0.0,0.0,0.0,0.0
Faltec Europe Ltd,219.0,6.0,154.88,2025-03-12 06:00:30+00:00,0.0,0.0,0.0,0.0
Faltec Europe Ltd,219.0,6.0,154.88,2025-03-12 06:15:30+00:00,0.0,0.0,0.0,0.0
Faltec Europe Ltd,219.0,6.0,154.88,2025-03-12 06:30:30+00:00,0.00075,0.00075,0.00125,0.00075
Faltec Europe Ltd,219.0,6.0,154.88,2025-03-12 06:45:30+00:00,0.0035,0.002,0.00625,0.004
Faltec Europe Ltd,219.0,6.0,154.88,2025-03-12 07:00:30+00:00,0.00775,0.00425,0.0125,0.0085
Faltec Europe Ltd,219.0,6.0,154.88,2025-03-12 07:15:30+00:00,0.014,0.005,0.02125,0.0155
Faltec Europe Ltd,219.0,6.0,154.88,2025-03-12 07:30:30+00:00,0.01875,0.00375,0.03075,0.02025
Faltec Europe Ltd,219.0,6.0,154.88,2025-03-12 07:45:30+00:00,0.01925,0.00375,0.03525,0.02
Faltec Europe Ltd,219.0,6.0,154.88,2025-03-12 08:00:30+00:00,0.00825,0.00375,0.033,0.0085
Faltec Europe Ltd,219.0,6.0,154.88,2025-03-12 08:15:30+00:00,0.0185,0.0045,0.0505,0.01875
Faltec Europe Ltd,219.0,6.0,154.88,2025-03-12 08:30:30+00:00,0.04,0.0095,0.07,0.04075
Faltec Europe Ltd,219.0,6.0,154.88,2025-03-12 08:45:30+00:00,0.06525,0.01825,0.0795,0.06625
Faltec Europe Ltd,219.0,6.0,154.88,2025-03-12 09:00:30+00:00,0.056,0.01175,0.08875,0.05625
Faltec Europe Ltd,219.0,6.0,154.88,2025-03-12 09:15:30+00:00,0.03175,0.00725,0.088,0.03175
Faltec Europe Ltd,219.0,6.0,154.88,2025-03-12 09:30:30+00:00,0.04525,0.009,0.0815,0.045
Faltec Europe Ltd,219.0,6.0,154.88,2025-03-12 09:45:30+00:00,0.025,0.00825,0.1005,0.025
Faltec Europe Ltd,219.0,6.0,154.88,2025-03-12 10:00:30+00:00,0.08575,0.017,0.11725,0.08325
Faltec Europe Ltd,219.0,6.0,154.88,2025-03-12 10:15:30+00:00,0.076,0.0295,0.12425,0.074
Faltec Europe Ltd,219.0,6.0,154.88,2025-03-12 10:30:30+00:00,0.0685,0.026,0.1195,0.0665
Faltec Europe Ltd,219.0,6.0,154.88,2025-03-12 10:45:30+00:00,0.074,0.02575,0.1185,0.07075
Faltec Europe Ltd,219.0,6.0,154.88,2025-03-12 11:00:30+00:00,0.072,0.0345,0.14525,0.06925
Faltec Europe Ltd,219.0,6.0,154.88,2025-03-12 11:15:30+00:00,0.128,0.04,0.152,0.12
Faltec Europe Ltd,219.0,6.0,154.88,2025-03-12 11:30:30+00:00,0.09825,0.03625,0.1545,0.0925
Faltec Europe Ltd,219.0,6.0,154.88,2025-03-12 11:45:30+00:00,0.07075,0.03375,0.15375,0.0675
Faltec Europe Ltd,219.0,6.0,154.88,2025-03-12 12:00:30+00:00,0.1305,0.034,0.15975,0.12075
Faltec Europe Ltd,219.0,6.0,154.88,2025-03-12 12:15:30+00:00,0.10225,0.028,0.15775,0.096
Faltec Europe Ltd,219.0,6.0,154.88,2025-03-12 12:30:30+00:00,0.05875,0.01175,0.1315,0.05725
Faltec Europe Ltd,219.0,6.0,154.88,2025-03-12 12:45:30+00:00,0.0545,0.01425,0.121,0.053
Faltec Europe Ltd,219.0,6.0,154.88,2025-03-12 13:00:30+00:00,0.09325,0.03475,0.1315,0.0865
Faltec Europe Ltd,219.0,6.0,154.88,2025-03-12 13:15:30+00:00,0.09875,0.05425,0.1325,0.091
Faltec Europe Ltd,219.0,6.0,154.88,2025-03-12 13:30:30+00:00,0.08675,0.058,0.1215,0.08025
Faltec Europe Ltd,219.0,6.0,154.88,2025-03-12 13:45:30+00:00,0.084,0.05425,0.10925,0.0775
Faltec Europe Ltd,219.0,6.0,154.88,2025-03-12 14:00:30+00:00,0.07275,0.042,0.10425,0.06825
Faltec Europe Ltd,219.0,6.0,154.88,2025-03-12 14:15:30+00:00,0.063,0.02425,0.09575,0.0595
Faltec Europe Ltd,219.0,6.0,154.88,2025-03-12 14:30:30+00:00,0.04325,0.02075,0.0935,0.04175
Faltec Europe Ltd,219.0,6.0,154.88,2025-03-12 14:45:30+00:00,0.0705,0.021,0.10675,0.06325
Faltec Europe Ltd,219.0,6.0,154.88,2025-03-12 15:00:30+00:00,0.07575,0.03625,0.109,0.06675
Faltec Europe Ltd,219.0,6.0,154.88,2025-03-12 15:15:30+00:00,0.06975,0.0355,0.10425,0.06075
Faltec Europe Ltd,219.0,6.0,154.88,2025-03-12 15:30:30+00:00,0.07325,0.034,0.09675,0.06225
Faltec Europe Ltd,219.0,6.0,154.88,2025-03-12 15:45:30+00:00,0.0605,0.014,0.0855,0.05175
Faltec Europe Ltd,219.0,6.0,154.88,2025-03-12 16:00:30+00:00,0.023,0.005,0.0665,0.02125
Faltec Europe Ltd,219.0,6.0,154.88,2025-03-12 16:15:30+00:00,0.02525,0.005,0.054,0.02275
Faltec Europe Ltd,219.0,6.0,154.88,2025-03-12 16:30:30+00:00,0.03075,0.006,0.05225,0.0265
Faltec Europe Ltd,219.0,6.0,154.88,2025-03-12 16:45:30+00:00,0.035,0.01075,0.04425,0.02775
Faltec Europe Ltd,219.0,6.0,154.88,2025-03-12 17:00:30+00:00,0.03025,0.00925,0.03525,0.022
Faltec Europe Ltd,219.0,6.0,154.88,2025-03-12 17:15:30+00:00,0.01125,0.0035,0.021,0.00875
Faltec Europe Ltd,219.0,6.0,154.88,2025-03-12 17:30:30+00:00,0.003,0.0005,0.0085,0.003
Faltec Europe Ltd,219.0,6.0,154.88,2025-03-12 17:45:30+00:00,0.00075,0.00025,0.00175,0.00075
Faltec Europe Ltd,219.0,6.0,154.88,2025-03-12 18:00:30+00:00,0.0,0.0,0.0,0.0
Faltec Europe Ltd,219.0,6.0,154.88,2025-03-12 18:15:30+00:00,0.0,0.0,0.0,0.0
Faltec Europe Ltd,219.0,6.0,154.88,2025-03-12 18:30:30+00:00,0.0,0.0,0.0,0.0
Faltec Europe Ltd,219.0,6.0,154.88,2025-03-12 18:45:30+00:00,0.0,0.0,0.0,0.0
Faltec Europe Ltd,219.0,6.0,154.88,2025-03-12 19:00:30+00:00,0.0,0.0,0.0,0.0
Faltec Europe Ltd,219.0,6.0,154.88,2025-03-12 19:15:30+00:00,0.0,0.0,0.0,0.0
Faltec Europe Ltd,219.0,6.0,154.88,2025-03-12 19:30:30+00:00,0.0,0.0,0.0,0.0
Faltec Europe Ltd,219.0,6.0,154.88,2025-03-12 19:45:30+00:00,0.0,0.0,0.0,0.0
Faltec Europe Ltd,219.0,6.0,154.88,2025-03-12 20:00:30+00:00,0.0,0.0,0.0,0.0
Faltec Europe Ltd,219.0,6.0,154.88,2025-03-12 20:15:30+00:00,0.0,0.0,0.0,0.0
Faltec Europe Ltd,219.0,6.0,154.88,2025-03-12 20:30:30+00:00,0.0,0.0,0.0,0.0
Faltec Europe Ltd,219.0,6.0,154.88,2025-03-12 20:45:30+00:00,0.0,0.0,0.0,0.0
Faltec Europe Ltd,219.0,6.0,154.88,2025-03-12 21:00:30+00:00,0.0,0.0,0.0,0.0
Faltec Europe Ltd,219.0,6.0,154.88,2025-03-12 21:15:30+00:00,0.0,0.0,0.0,0.0
Faltec Europe Ltd,219.0,6.0,154.88,2025-03-12 21:30:30+00:00,0.0,0.0,0.0,0.0
Faltec Europe Ltd,219.0,6.0,154.88,2025-03-12 21:45:30+00:00,0.0,0.0,0.0,0.0
Faltec Europe Ltd,219.0,6.0,154.88,2025-03-12 22:00:30+00:00,0.0,0.0,0.0,0.0
Faltec Europe Ltd,219.0,6.0,154.88,2025-03-12 22:15:30+00:00,0.0,0.0,0.0,0.0
Faltec Europe Ltd,219.0,6.0,154.88,2025-03-12 22:30:30+00:00,0.0,0.0,0.0,0.0
Faltec Europe Ltd,219.0,6.0,154.88,2025-03-12 22:45:30+00:00,0.0,0.0,0.0,0.0
Faltec Europe Ltd,219.0,6.0,154.88,2025-03-12 23:00:30+00:00,0.0,0.0,0.0,0.0
Faltec Europe Ltd,219.0,6.0,154.88,2025-03-12 23:15:30+00:00,0.0,0.0,0.0,0.0
Faltec Europe Ltd,219.0,6.0,154.88,2025-03-12 23:30:30+00:00,0.0,0.0,0.0,0.0
Faltec Europe Ltd,219.0,6.0,154.88,2025-03-12 23:45:30+00:00,0.0,0.0,0.0,0.0
Faltec Europe Ltd,219.0,6.0,154.88,2025-03-13 00:00:30+00:00,0.0,0.0,0.0,0.0
Faltec Europe Ltd,219.0,6.0,154.88,2025-03-13 00:15:30+00:00,0.0,0.0,0.0,0.0
Faltec Europe Ltd,219.0,6.0,154.88,2025-03-13 00:30:30+00:00,0.0,0.0,0.0,0.0
Faltec Europe Ltd,219.0,6.0,154.88,2025-03-13 00:45:30+00:00,0.0,0.0,0.0,0.0
Faltec Europe Ltd,219.0,6.0,154.88,2025-03-13 01:00:30+00:00,0.0,0.0,0.0,0.0
Faltec Europe Ltd,219.0,6.0,154.88,2025-03-13 01:15:30+00:00,0.0,0.0,0.0,0.0
Faltec Europe Ltd,219.0,6.0,154.88,2025-03-13 01:30:30+00:00,0.0,0.0,0.0,0.0
Faltec Europe Ltd,219.0,6.0,154.88,2025-03-13 01:45:30+00:00,0.0,0.0,0.0,0.0
Faltec Europe Ltd,219.0,6.0,154.88,2025-03-13 02:00:30+00:00,0.0,0.0,0.0,0.0
Faltec Europe Ltd,219.0,6.0,154.88,2025-03-13 02:15:30+00:00,0.0,0.0,0.0,0.0
Faltec Europe Ltd,219.0,6.0,154.88,2025-03-13 02:30:30+00:00,0.0,0.0,0.0,0.0
Faltec Europe Ltd,219.0,6.0,154.88,2025-03-13 02:45:30+00:00,0.0,0.0,0.0,0.0
Faltec Europe Ltd,219.0,6.0,154.88,2025-03-13 03:00:30+00:00,0.0,0.0,0.0,0.0
Faltec Europe Ltd,219.0,6.0,154.88,2025-03-13 03:15:30+00:00,0.0,0.0,0.0,0.0
Faltec Europe Ltd,219.0,6.0,154.88,2025-03-13 03:30:30+00:00,0.0,0.0,0.0,0.0
Faltec Europe Ltd,219.0,6.0,154.88,2025-03-13 03:45:30+00:00,0.0,0.0,0.0,0.0
Faltec Europe Ltd,219.0,6.0,154.88,2025-03-13 04:00:30+00:00,0.0,0.0,0.0,0.0
Faltec Europe Ltd,219.0,6.0,154.88,2025-03-13 04:15:30+00:00,0.0,0.0,0.0,0.0
Faltec Europe Ltd,219.0,6.0,154.88,2025-03-13 04:30:30+00:00,0.0,0.0,0.0,0.0
Faltec Europe Ltd,219.0,6.0,154.88,2025-03-13 04:45:30+00:00,0.0,0.0,0.0,0.0
Faltec Europe Ltd,219.0,6.0,154.88,2025-03-13 05:00:30+00:00,0.0,0.0,0.0,0.0
Faltec Europe Ltd,219.0,6.0,154.88,2025-03-13 05:15:30+00:00,0.0,0.0,0.0,0.0
Faltec Europe Ltd,219.0,6.0,154.88,2025-03-13 05:30:30+00:00,0.0,0.0,0.0,0.0
Faltec Europe Ltd,219.0,6.0,154.88,2025-03-13 05:45:30+00:00,0.0,0.0,0.0,0.0
Faltec Europe Ltd,219.0,6.0,154.88,2025-03-13 06:00:30+00:00,0.0,0.0,0.0,0.0
Faltec Europe Ltd,219.0,6.0,154.88,2025-03-13 06:15:30+00:00,0.0,0.0,0.0,0.0
Faltec Europe Ltd,219.0,6.0,154.88,2025-03-13 06:30:30+00:00,0.00175,0.0015,0.00225,0.00175
Faltec Europe Ltd,219.0,6.0,154.88,2025-03-13 06:45:30+00:00,0.0045,0.00325,0.0055,0.00625
Faltec Europe Ltd,219.0,6.0,154.88,2025-03-13 07:00:30+00:00,0.011,0.00625,0.01275,0.0135
Faltec Europe Ltd,219.0,6.0,154.88,2025-03-13 07:15:30+00:00,0.01575,0.011,0.02175,0.018
Faltec Europe Ltd,219.0,6.0,154.88,2025-03-13 07:30:30+00:00,0.024,0.01625,0.03075,0.027
Faltec Europe Ltd,219.0,6.0,154.88,2025-03-13 07:45:30+00:00,0.03225,0.0225,0.04025,0.035
Faltec Europe Ltd,219.0,6.0,154.88,2025-03-13 08:00:30+00:00,0.038,0.02575,0.0505,0.0405
Faltec Europe Ltd,219.0,6.0,154.88,2025-03-13 08:15:30+00:00,0.05025,0.026,0.06025,0.0525
Faltec Europe Ltd,219.0,6.0,154.88,2025-03-13 08:30:30+00:00,0.052,0.019,0.07075,0.05325
Faltec Europe Ltd,219.0,6.0,154.88,2025-03-13 08:45:30+00:00,0.03825,0.0175,0.07675,0.03875
Faltec Europe Ltd,219.0,6.0,154.88,2025-03-13 09:00:30+00:00,0.05025,0.01925,0.078,0.0505
Faltec Europe Ltd,219.0,6.0,154.88,2025-03-13 09:15:30+00:00,0.05725,0.0235,0.0805,0.057
Faltec Europe Ltd,219.0,6.0,154.88,2025-03-13 09:30:30+00:00,0.048,0.0185,0.07725,0.04775
Faltec Europe Ltd,219.0,6.0,154.88,2025-03-13 09:45:30+00:00,0.038,0.0125,0.07425,0.038
Faltec Europe Ltd,219.0,6.0,154.88,2025-03-13 10:00:30+00:00,0.044,0.00875,0.0775,0.04425
Faltec Europe Ltd,219.0,6.0,154.88,2025-03-13 10:15:30+00:00,0.046,0.01825,0.09225,0.046
Faltec Europe Ltd,219.0,6.0,154.88,2025-03-13 10:30:30+00:00,0.07725,0.0305,0.1115,0.075
Faltec Europe Ltd,219.0,6.0,154.88,2025-03-13 10:45:30+00:00,0.08825,0.0475,0.1195,0.085
Faltec Europe Ltd,219.0,6.0,154.88,2025-03-13 11:00:30+00:00,0.084,0.04625,0.1155,0.081
Faltec Europe Ltd,219.0,6.0,154.88,2025-03-13 11:15:30+00:00,0.06875,0.04225,0.11275,0.067
Faltec Europe Ltd,219.0,6.0,154.88,2025-03-13 11:30:30+00:00,0.08125,0.03225,0.111,0.0785
Faltec Europe Ltd,219.0,6.0,154.88,2025-03-13 11:45:30+00:00,0.06325,0.02375,0.1045,0.06175
Faltec Europe Ltd,219.0,6.0,154.88,2025-03-13 12:00:30+00:00,0.04725,0.023,0.088,0.047
Faltec Europe Ltd,219.0,6.0,154.88,2025-03-13 12:15:30+00:00,0.057,0.0275,0.08,0.05625
Faltec Europe Ltd,219.0,6.0,154.88,2025-03-13 12:30:30+00:00,0.05625,0.0345,0.07375,0.0555
Faltec Europe Ltd,219.0,6.0,154.88,2025-03-13 12:45:30+00:00,0.04875,0.02975,0.06925,0.0485
Faltec Europe Ltd,219.0,6.0,154.88,2025-03-13 13:00:30+00:00,0.043,0.015,0.07425,0.04275
Faltec Europe Ltd,219.0,6.0,154.88,2025-03-13 13:15:30+00:00,0.04175,0.0105,0.0885,0.0415
Faltec Europe Ltd,219.0,6.0,154.88,2025-03-13 13:30:30+00:00,0.057,0.01125,0.1145,0.055
Faltec Europe Ltd,219.0,6.0,154.88,2025-03-13 13:45:30+00:00,0.087,0.028,0.131,0.08
Faltec Europe Ltd,219.0,6.0,154.88,2025-03-13 14:00:30+00:00,0.09325,0.04025,0.131,0.084
Faltec Europe Ltd,219.0,6.0,154.88,2025-03-13 14:15:30+00:00,0.07275,0.035,0.1095,0.067
Faltec Europe Ltd,219.0,6.0,154.88,2025-03-13 14:30:30+00:00,0.05025,0.0255,0.08575,0.048
Faltec Europe Ltd,219.0,6.0,154.88,2025-03-13 14:45:30+00:00,0.0455,0.02675,0.07425,0.04375
Faltec Europe Ltd,219.0,6.0,154.88,2025-03-13 15:00:30+00:00,0.0575,0.0335,0.0705,0.05325
Faltec Europe Ltd,219.0,6.0,154.88,2025-03-13 15:15:30+00:00,0.05125,0.034,0.0655,0.0475
Faltec Europe Ltd,219.0,6.0,154.88,2025-03-13 15:30:30+00:00,0.03975,0.02825,0.057,0.03775
Faltec Europe Ltd,219.0,6.0,154.88,2025-03-13 15:45:30+00:00,0.03775,0.02275,0.053,0.03525
Faltec Europe Ltd,219.0,6.0,154.88,2025-03-13 16:00:30+00:00,0.03625,0.01875,0.0535,0.0335
Faltec Europe Ltd,219.0,6.0,154.88,2025-03-13 16:15:30+00:00,0.035,0.0175,0.0535,0.03125
Faltec Europe Ltd,219.0,6.0,154.88,2025-03-13 16:30:30+00:00,0.0355,0.0185,0.05,0.03025
Faltec Europe Ltd,219.0,6.0,154.88,2025-03-13 16:45:30+00:00,0.03225,0.018,0.043,0.026
Faltec Europe Ltd,219.0,6.0,154.88,2025-03-13 17:00:30+00:00,0.02225,0.0135,0.032,0.018
Faltec Europe Ltd,219.0,6.0,154.88,2025-03-13 17:15:30+00:00,0.01275,0.00725,0.0195,0.01075
Faltec Europe Ltd,219.0,6.0,154.88,2025-03-13 17:30:30+00:00,0.0055,0.003,0.00925,0.0055
Faltec Europe Ltd,219.0,6.0,154.88,2025-03-13 17:45:30+00:00,0.0015,0.001,0.00225,0.0015
Faltec Europe Ltd,219.0,6.0,154.88,2025-03-13 18:00:30+00:00,0.0,0.0,0.0,0.0
Faltec Europe Ltd,219.0,6.0,154.88,2025-03-13 18:15:30+00:00,0.0,0.0,0.0,0.0
Faltec Europe Ltd,219.0,6.0,154.88,2025-03-13 18:30:30+00:00,0.0,0.0,0.0,0.0
Faltec Europe Ltd,219.0,6.0,154.88,2025-03-13 18:45:30+00:00,0.0,0.0,0.0,0.0
Faltec Europe Ltd,219.0,6.0,154.88,2025-03-13 19:00:30+00:00,0.0,0.0,0.0,0.0
Faltec Europe Ltd,219.0,6.0,154.88,2025-03-13 19:15:30+00:00,0.0,0.0,0.0,0.0
Faltec Europe Ltd,219.0,6.0,154.88,2025-03-13 19:30:30+00:00,0.0,0.0,0.0,0.0
Faltec Europe Ltd,219.0,6.0,154.88,2025-03-13 19:45:30+00:00,0.0,0.0,0.0,0.0
Faltec Europe Ltd,219.0,6.0,154.88,2025-03-13 20:00:30+00:00,0.0,0.0,0.0,0.0
Faltec Europe Ltd,219.0,6.0,154.88,2025-03-13 20:15:30+00:00,0.0,0.0,0.0,0.0
Faltec Europe Ltd,219.0,6.0,154.88,2025-03-13 20:30:30+00:00,0.0,0.0,0.0,0.0
Faltec Europe Ltd,219.0,6.0,154.88,2025-03-13 20:45:30+00:00,0.0,0.0,0.0,0.0
Faltec Europe Ltd,219.0,6.0,154.88,2025-03-13 21:00:30+00:00,0.0,0.0,0.0,0.0
Faltec Europe Ltd,219.0,6.0,154.88,2025-03-13 21:15:30+00:00,0.0,0.0,0.0,0.0
Faltec Europe Ltd,219.0,6.0,154.88,2025-03-13 21:30:30+00:00,0.0,0.0,0.0,0.0
Faltec Europe Ltd,219.0,6.0,154.88,2025-03-13 21:45:30+00:00,0.0,0.0,0.0,0.0
Faltec Europe Ltd,219.0,6.0,154.88,2025-03-13 22:00:30+00:00,0.0,0.0,0.0,0.0
Faltec Europe Ltd,219.0,6.0,154.88,2025-03-13 22:15:30+00:00,0.0,0.0,0.0,0.0
Faltec Europe Ltd,219.0,6.0,154.88,2025-03-13 22:30:30+00:00,0.0,0.0,0.0,0.0
Faltec Europe Ltd,219.0,6.0,154.88,2025-03-13 22:45:30+00:00,0.0,0.0,0.0,0.0
Faltec Europe Ltd,219.0,6.0,154.88,2025-03-13 23:00:30+00:00,0.0,0.0,0.0,0.0
Faltec Europe Ltd,219.0,6.0,154.88,2025-03-13 23:15:30+00:00,0.0,0.0,0.0,0.0
Faltec Europe Ltd,219.0,6.0,154.88,2025-03-13 23:30:30+00:00,0.0,0.0,0.0,0.0
Faltec Europe Ltd,219.0,6.0,154.88,2025-03-13 23:45:30+00:00,0.0,0.0,0.0,0.0
Faltec Europe Ltd,219.0,6.0,154.88,2025-03-14 00:00:30+00:00,0.0,0.0,0.0,0.0
Faltec Europe Ltd,219.0,6.0,154.88,2025-03-14 00:15:30+00:00,0.0,0.0,0.0,0.0
Faltec Europe Ltd,219.0,6.0,154.88,2025-03-14 00:30:30+00:00,0.0,0.0,0.0,0.0
Faltec Europe Ltd,219.0,6.0,154.88,2025-03-14 00:45:30+00:00,0.0,0.0,0.0,0.0
Faltec Europe Ltd,219.0,6.0,154.88,2025-03-14 01:00:30+00:00,0.0,0.0,0.0,0.0
Faltec Europe Ltd,219.0,6.0,154.88,2025-03-14 01:15:30+00:00,0.0,0.0,0.0,0.0
Faltec Europe Ltd,219.0,6.0,154.88,2025-03-14 01:30:30+00:00,0.0,0.0,0.0,0.0
Faltec Europe Ltd,219.0,6.0,154.88,2025-03-14 01:45:30+00:00,0.0,0.0,0.0,0.0
Faltec Europe Ltd,219.0,6.0,154.88,2025-03-14 02:00:30+00:00,0.0,0.0,0.0,0.0
Faltec Europe Ltd,219.0,6.0,154.88,2025-03-14 02:15:30+00:00,0.0,0.0,0.0,0.0
Faltec Europe Ltd,219.0,6.0,154.88,2025-03-14 02:30:30+00:00,0.0,0.0,0.0,0.0
Faltec Europe Ltd,219.0,6.0,154.88,2025-03-14 02:45:30+00:00,0.0,0.0,0.0,0.0
Faltec Europe Ltd,219.0,6.0,154.88,2025-03-14 03:00:30+00:00,0.0,0.0,0.0,0.0
Faltec Europe Ltd,219.0,6.0,154.88,2025-03-14 03:15:30+00:00,0.0,0.0,0.0,0.0
Faltec Europe Ltd,219.0,6.0,154.88,2025-03-14 03:30:30+00:00,0.0,0.0,0.0,0.0
Faltec Europe Ltd,219.0,6.0,154.88,2025-03-14 03:45:30+00:00,0.0,0.0,0.0,0.0
Faltec Europe Ltd,219.0,6.0,154.88,2025-03-14 04:00:30+00:00,0.0,0.0,0.0,0.0
Faltec Europe Ltd,219.0,6.0,154.88,2025-03-14 04:15:30+00:00,0.0,0.0,0.0,0.0
Faltec Europe Ltd,219.0,6.0,154.88,2025-03-14 04:30:30+00:00,0.0,0.0,0.0,0.0
Faltec Europe Ltd,219.0,6.0,154.88,2025-03-14 04:45:30+00:00,0.0,0.0,0.0,0.0
Faltec Europe Ltd,219.0,6.0,154.88,2025-03-14 05:00:30+00:00,0.0,0.0,0.0,0.0
Faltec Europe Ltd,219.0,6.0,154.88,2025-03-14 05:15:30+00:00,0.0,0.0,0.0,0.0
Faltec Europe Ltd,219.0,6.0,154.88,2025-03-14 05:30:30+00:00,0.0,0.0,0.0,0.0
Faltec Europe Ltd,219.0,6.0,154.88,2025-03-14 05:45:30+00:00,0.0,0.0,0.0,0.0
Faltec Europe Ltd,219.0,6.0,154.88,2025-03-14 06:00:30+00:00,0.0,0.0,0.0,0.0
Faltec Europe Ltd,219.0,6.0,154.88,2025-03-14 06:15:30+00:00,0.0,0.0,0.0,0.0
Faltec Europe Ltd,219.0,6.0,154.88,2025-03-14 06:30:30+00:00,0.00275,0.0025,0.00325,0.00275
Faltec Europe Ltd,219.0,6.0,154.88,2025-03-14 06:45:30+00:00,0.0055,0.004,0.00625,0.00825
Faltec Europe Ltd,219.0,6.0,154.88,2025-03-14 07:00:30+00:00,0.012,0.00825,0.013,0.01625
Faltec Europe Ltd,219.0,6.0,154.88,2025-03-14 07:15:30+00:00,0.0205,0.0135,0.022,0.02525
Faltec Europe Ltd,219.0,6.0,154.88,2025-03-14 07:30:30+00:00,0.0275,0.0175,0.032,0.0315
Faltec Europe Ltd,219.0,6.0,154.88,2025-03-14 07:45:30+00:00,0.03275,0.0205,0.04225,0.036
Faltec Europe Ltd,219.0,6.0,154.88,2025-03-14 08:00:30+00:00,0.0405,0.02275,0.05275,0.04325
Faltec Europe Ltd,219.0,6.0,154.88,2025-03-14 08:15:30+00:00,0.04375,0.02225,0.06325,0.04575
Faltec Europe Ltd,219.0,6.0,154.88,2025-03-14 08:30:30+00:00,0.0435,0.01925,0.07,0.0445
Faltec Europe Ltd,219.0,6.0,154.88,2025-03-14 08:45:30+00:00,0.0455,0.01575,0.072,0.046
Faltec Europe Ltd,219.0,6.0,154.88,2025-03-14 09:00:30+00:00,0.04225,0.01325,0.06875,0.0425
Faltec Europe Ltd,219.0,6.0,154.88,2025-03-14 09:15:30+00:00,0.0345,0.018,0.0675,0.03475
Faltec Europe Ltd,219.0,6.0,154.88,2025-03-14 09:30:30+00:00,0.05175,0.0185,0.068,0.0515
Faltec Europe Ltd,219.0,6.0,154.88,2025-03-14 09:45:30+00:00,0.04275,0.0255,0.08125,0.04275
Faltec Europe Ltd,219.0,6.0,154.88,2025-03-14 10:00:30+00:00,0.06625,0.02575,0.0905,0.065
Faltec Europe Ltd,219.0,6.0,154.88,2025-03-14 10:15:30+00:00,0.06375,0.03625,0.10675,0.063
Faltec Europe Ltd,219.0,6.0,154.88,2025-03-14 10:30:30+00:00,0.08525,0.0365,0.1095,0.0825
Faltec Europe Ltd,219.0,6.0,154.88,2025-03-14 10:45:30+00:00,0.0685,0.04925,0.1225,0.0665
Faltec Europe Ltd,219.0,6.0,154.88,2025-03-14 11:00:30+00:00,0.10625,0.0525,0.1295,0.10075
Faltec Europe Ltd,219.0,6.0,154.88,2025-03-14 11:15:30+00:00,0.09525,0.0635,0.131,0.091
Faltec Europe Ltd,219.0,6.0,154.88,2025-03-14 11:30:30+00:00,0.09075,0.06975,0.12525,0.0865
Faltec Europe Ltd,219.0,6.0,154.88,2025-03-14 11:45:30+00:00,0.1075,0.07675,0.12925,0.10075
Faltec Europe Ltd,219.0,6.0,154.88,2025-03-14 12:00:30+00:00,0.10925,0.07475,0.13375,0.102
Faltec Europe Ltd,219.0,6.0,154.88,2025-03-14 12:15:30+00:00,0.09425,0.0595,0.1285,0.089
Faltec Europe Ltd,219.0,6.0,154.88,2025-03-14 12:30:30+00:00,0.078,0.053,0.12925,0.0745
Faltec Europe Ltd,219.0,6.0,154.88,2025-03-14 12:45:30+00:00,0.105,0.05525,0.1415,0.09775
Faltec Europe Ltd,219.0,6.0,154.88,2025-03-14 13:00:30+00:00,0.10975,0.048,0.1405,0.1015
Faltec Europe Ltd,219.0,6.0,154.88,2025-03-14 13:15:30+00:00,0.0645,0.037,0.1245,0.06175
Faltec Europe Ltd,219.0,6.0,154.88,2025-03-14 13:30:30+00:00,0.07175,0.0305,0.1225,0.068
Faltec Europe Ltd,219.0,6.0,154.88,2025-03-14 13:45:30+00:00,0.09525,0.03875,0.1315,0.08725
Faltec Europe Ltd,219.0,6.0,154.88,2025-03-14 14:00:30+00:00,0.0845,0.05225,0.13575,0.0775
Faltec Europe Ltd,219.0,6.0,154.88,2025-03-14 14:15:30+00:00,0.10525,0.06125,0.13175,0.0935
Faltec Europe Ltd,219.0,6.0,154.88,2025-03-14 14:30:30+00:00,0.09675,0.06025,0.121,0.08575
Faltec Europe Ltd,219.0,6.0,154.88,2025-03-14 14:45:30+00:00,0.067,0.052,0.10625,0.06125
Faltec Europe Ltd,219.0,6.0,154.88,2025-03-14 15:00:30+00:00,0.07825,0.04325,0.0945,0.069
Faltec Europe Ltd,219.0,6.0,154.88,2025-03-14 15:15:30+00:00,0.05725,0.0425,0.0875,0.052
Faltec Europe Ltd,219.0,6.0,154.88,2025-03-14 15:30:30+00:00,0.063,0.04025,0.08325,0.05575
Faltec Europe Ltd,219.0,6.0,154.88,2025-03-14 15:45:30+00:00,0.065,0.04,0.07925,0.05575
Faltec Europe Ltd,219.0,6.0,154.88,2025-03-14 16:00:30+00:00,0.0485,0.0365,0.07125,0.04175
Faltec Europe Ltd,219.0,6.0,154.88,2025-03-14 16:15:30+00:00,0.04925,0.03225,0.0635,0.041
Faltec Europe Ltd,219.0,6.0,154.88,2025-03-14 16:30:30+00:00,0.0445,0.027,0.05525,0.03625
Faltec Europe Ltd,219.0,6.0,154.88,2025-03-14 16:45:30+00:00,0.0275,0.019,0.04225,0.02325
Faltec Europe Ltd,219.0,6.0,154.88,2025-03-14 17:00:30+00:00,0.022,0.01275,0.03225,0.018
Faltec Europe Ltd,219.0,6.0,154.88,2025-03-14 17:15:30+00:00,0.01775,0.00975,0.02425,0.01375
Faltec Europe Ltd,219.0,6.0,154.88,2025-03-14 17:30:30+00:00,0.01,0.006,0.01375,0.00775
Faltec Europe Ltd,219.0,6.0,154.88,2025-03-14 17:45:30+00:00,0.00275,0.00225,0.00375,0.00225
Faltec Europe Ltd,219.0,6.0,154.88,2025-03-14 18:00:30+00:00,0.00025,0.00025,0.00025,0.00025
Faltec Europe Ltd,219.0,6.0,154.88,2025-03-14 18:15:30+00:00,0.0,0.0,0.0,0.0
Faltec Europe Ltd,219.0,6.0,154.88,2025-03-14 18:30:30+00:00,0.0,0.0,0.0,0.0
Faltec Europe Ltd,219.0,6.0,154.88,2025-03-14 18:45:30+00:00,0.0,0.0,0.0,0.0
Faltec Europe Ltd,219.0,6.0,154.88,2025-03-14 19:00:30+00:00,0.0,0.0,0.0,0.0
Faltec Europe Ltd,219.0,6.0,154.88,2025-03-14 19:15:30+00:00,0.0,0.0,0.0,0.0
Faltec Europe Ltd,219.0,6.0,154.88,2025-03-14 19:30:30+00:00,0.0,0.0,0.0,0.0
Faltec Europe Ltd,219.0,6.0,154.88,2025-03-14 19:45:30+00:00,0.0,0.0,0.0,0.0
Faltec Europe Ltd,219.0,6.0,154.88,2025-03-14 20:00:30+00:00,0.0,0.0,0.0,0.0
Faltec Europe Ltd,219.0,6.0,154.88,2025-03-14 20:15:30+00:00,0.0,0.0,0.0,0.0
Faltec Europe Ltd,219.0,6.0,154.88,2025-03-14 20:30:30+00:00,0.0,0.0,0.0,0.0
Faltec Europe Ltd,219.0,6.0,154.88,2025-03-14 20:45:30+00:00,0.0,0.0,0.0,0.0
Faltec Europe Ltd,219.0,6.0,154.88,2025-03-14 21:00:30+00:00,0.0,0.0,0.0,0.0
Faltec Europe Ltd,219.0,6.0,154.88,2025-03-14 21:15:30+00:00,0.0,0.0,0.0,0.0
Faltec Europe Ltd,219.0,6.0,154.88,2025-03-14 21:30:30+00:00,0.0,0.0,0.0,0.0
Faltec Europe Ltd,219.0,6.0,154.88,2025-03-14 21:45:30+00:00,0.0,0.0,0.0,0.0
Faltec Europe Ltd,219.0,6.0,154.88,2025-03-14 22:00:30+00:00,0.0,0.0,0.0,0.0
Faltec Europe Ltd,219.0,6.0,154.88,2025-03-14 22:15:30+00:00,0.0,0.0,0.0,0.0
Faltec Europe Ltd,219.0,6.0,154.88,2025-03-14 22:30:30+00:00,0.0,0.0,0.0,0.0
Faltec Europe Ltd,219.0,6.0,154.88,2025-03-14 22:45:30+00:00,0.0,0.0,0.0,0.0
Faltec Europe Ltd,219.0,6.0,154.88,2025-03-14 23:00:30+00:00,0.0,0.0,0.0,0.0
Faltec Europe Ltd,219.0,6.0,154.88,2025-03-14 23:15:30+00:00,0.0,0.0,0.0,0.0
Faltec Europe Ltd,219.0,6.0,154.88,2025-03-14 23:30:30+00:00,0.0,0.0,0.0,0.0
Faltec Europe Ltd,219.0,6.0,154.88,2025-03-14 23:45:30+00:00,0.0,0.0,0.0,0.0
Faltec Europe Ltd,219.0,6.0,154.88,2025-03-15 00:00:30+00:00,0.0,0.0,0.0,0.0
Faltec Europe Ltd,219.0,6.0,154.88,2025-03-15 00:15:30+00:00,0.0,0.0,0.0,0.0
Faltec Europe Ltd,219.0,6.0,154.88,2025-03-15 00:30:30+00:00,0.0,0.0,0.0,0.0
Faltec Europe Ltd,219.0,6.0,154.88,2025-03-15 00:45:30+00:00,0.0,0.0,0.0,0.0
Faltec Europe Ltd,219.0,6.0,154.88,2025-03-15 01:00:30+00:00,0.0,0.0,0.0,0.0
Faltec Europe Ltd,219.0,6.0,154.88,2025-03-15 01:15:30+00:00,0.0,0.0,0.0,0.0
Faltec Europe Ltd,219.0,6.0,154.88,2025-03-15 01:30:30+00:00,0.0,0.0,0.0,0.0
Faltec Europe Ltd,219.0,6.0,154.88,2025-03-15 01:45:30+00:00,0.0,0.0,0.0,0.0
Faltec Europe Ltd,219.0,6.0,154.88,2025-03-15 02:00:30+00:00,0.0,0.0,0.0,0.0
Faltec Europe Ltd,219.0,6.0,154.88,2025-03-15 02:15:30+00:00,0.0,0.0,0.0,0.0
Faltec Europe Ltd,219.0,6.0,154.88,2025-03-15 02:30:30+00:00,0.0,0.0,0.0,0.0
Faltec Europe Ltd,219.0,6.0,154.88,2025-03-15 02:45:30+00:00,0.0,0.0,0.0,0.0
Faltec Europe Ltd,219.0,6.0,154.88,2025-03-15 03:00:30+00:00,0.0,0.0,0.0,0.0
Faltec Europe Ltd,219.0,6.0,154.88,2025-03-15 03:15:30+00:00,0.0,0.0,0.0,0.0
Faltec Europe Ltd,219.0,6.0,154.88,2025-03-15 03:30:30+00:00,0.0,0.0,0.0,0.0
Faltec Europe Ltd,219.0,6.0,154.88,2025-03-15 03:45:30+00:00,0.0,0.0,0.0,0.0
Faltec Europe Ltd,219.0,6.0,154.88,2025-03-15 04:00:30+00:00,0.0,0.0,0.0,0.0
Faltec Europe Ltd,219.0,6.0,154.88,2025-03-15 04:15:30+00:00,0.0,0.0,0.0,0.0
Faltec Europe Ltd,219.0,6.0,154.88,2025-03-15 04:30:30+00:00,0.0,0.0,0.0,0.0
Faltec Europe Ltd,219.0,6.0,154.88,2025-03-15 04:45:30+00:00,0.0,0.0,0.0,0.0
Faltec Europe Ltd,219.0,6.0,154.88,2025-03-15 05:00:30+00:00,0.0,0.0,0.0,0.0
Faltec Europe Ltd,219.0,6.0,154.88,2025-03-15 05:15:30+00:00,0.0,0.0,0.0,0.0
Faltec Europe Ltd,219.0,6.0,154.88,2025-03-15 05:30:30+00:00,0.0,0.0,0.0,0.0
Faltec Europe Ltd,219.0,6.0,154.88,2025-03-15 05:45:30+00:00,0.0,0.0,0.0,0.0
Faltec Europe Ltd,219.0,6.0,154.88,2025-03-15 06:00:30+00:00,0.0,0.0,0.0,0.0
Faltec Europe Ltd,219.0,6.0,154.88,2025-03-15 06:15:30+00:00,0.00125,0.001,0.0015,0.00125
Faltec Europe Ltd,219.0,6.0,154.88,2025-03-15 06:30:30+00:00,0.0035,0.003,0.004,0.0035
Faltec Europe Ltd,219.0,6.0,154.88,2025-03-15 06:45:30+00:00,0.00625,0.00475,0.00725,0.009
Faltec Europe Ltd,219.0,6.0,154.88,2025-03-15 07:00:30+00:00,0.01275,0.00925,0.0145,0.01675
Faltec Europe Ltd,219.0,6.0,154.88,2025-03-15 07:15:30+00:00,0.0205,0.0155,0.02325,0.02525
Faltec Europe Ltd,219.0,6.0,154.88,2025-03-15 07:30:30+00:00,0.02925,0.023,0.03275,0.034
Faltec Europe Ltd,219.0,6.0,154.88,2025-03-15 07:45:30+00:00,0.0385,0.03125,0.04275,0.043
Faltec Europe Ltd,219.0,6.0,154.88,2025-03-15 08:00:30+00:00,0.048,0.0395,0.05325,0.05175
Faltec Europe Ltd,219.0,6.0,154.88,2025-03-15 08:15:30+00:00,0.057,0.04675,0.06375,0.06025
Faltec Europe Ltd,219.0,6.0,154.88,2025-03-15 08:30:30+00:00,0.065,0.0515,0.074,0.06725
Faltec Europe Ltd,219.0,6.0,154.88,2025-03-15 08:45:30+00:00,0.071,0.05425,0.08425,0.072
Faltec Europe Ltd,219.0,6.0,154.88,2025-03-15 09:00:30+00:00,0.075,0.05625,0.09225,0.07525
Faltec Europe Ltd,219.0,6.0,154.88,2025-03-15 09:15:30+00:00,0.07625,0.06,0.09375,0.07575
Faltec Europe Ltd,219.0,6.0,154.88,2025-03-15 09:30:30+00:00,0.07925,0.06575,0.09575,0.078
Faltec Europe Ltd,219.0,6.0,154.88,2025-03-15 09:45:30+00:00,0.087,0.074,0.10225,0.085
Faltec Europe Ltd,219.0,6.0,154.88,2025-03-15 10:00:30+00:00,0.09875,0.0835,0.11225,0.09525
Faltec Europe Ltd,219.0,6.0,154.88,2025-03-15 10:15:30+00:00,0.1075,0.0885,0.12275,0.103
Faltec Europe Ltd,219.0,6.0,154.88,2025-03-15 10:30:30+00:00,0.11025,0.08725,0.12875,0.10475
Faltec Europe Ltd,219.0,6.0,154.88,2025-03-15 10:45:30+00:00,0.10525,0.07625,0.1345,0.10025
Faltec Europe Ltd,219.0,6.0,154.88,2025-03-15 11:00:30+00:00,0.10075,0.061,0.144,0.09575
Faltec Europe Ltd,219.0,6.0,154.88,2025-03-15 11:15:30+00:00,0.10125,0.04075,0.15175,0.096
Faltec Europe Ltd,219.0,6.0,154.88,2025-03-15 11:30:30+00:00,0.0845,0.01725,0.1445,0.08075
Faltec Europe Ltd,219.0,6.0,154.88,2025-03-15 11:45:30+00:00,0.05525,0.01125,0.119,0.05425
Faltec Europe Ltd,219.0,6.0,154.88,2025-03-15 12:00:30+00:00,0.0415,0.01125,0.0915,0.04125
Faltec Europe Ltd,219.0,6.0,154.88,2025-03-15 12:15:30+00:00,0.0405,0.01125,0.084,0.0405
Faltec Europe Ltd,219.0,6.0,154.88,2025-03-15 12:30:30+00:00,0.05,0.01125,0.097,0.0495
Faltec Europe Ltd,219.0,6.0,154.88,2025-03-15 12:45:30+00:00,0.0635,0.0125,0.12525,0.06125
Faltec Europe Ltd,219.0,6.0,154.88,2025-03-15 13:00:30+00:00,0.0835,0.0165,0.15075,0.07825
Faltec Europe Ltd,219.0,6.0,154.88,2025-03-15 13:15:30+00:00,0.104,0.0405,0.15875,0.095
Faltec Europe Ltd,219.0,6.0,154.88,2025-03-15 13:30:30+00:00,0.11675,0.06775,0.15675,0.10525
Faltec Europe Ltd,219.0,6.0,154.88,2025-03-15 13:45:30+00:00,0.12375,0.083,0.1545,0.10925
Faltec Europe Ltd,219.0,6.0,154.88,2025-03-15 14:00:30+00:00,0.11225,0.0765,0.1435,0.1
Faltec Europe Ltd,219.0,6.0,154.88,2025-03-15 14:15:30+00:00,0.09375,0.058,0.133,0.084
Faltec Europe Ltd,219.0,6.0,154.88,2025-03-15 14:30:30+00:00,0.07925,0.04425,0.114,0.07225
Faltec Europe Ltd,219.0,6.0,154.88,2025-03-15 14:45:30+00:00,0.064,0.03675,0.0945,0.0595
Faltec Europe Ltd,219.0,6.0,154.88,2025-03-15 15:00:30+00:00,0.05425,0.032,0.084,0.051
Faltec Europe Ltd,219.0,6.0,154.88,2025-03-15 15:15:30+00:00,0.057,0.03,0.08825,0.05225
Faltec Europe Ltd,219.0,6.0,154.88,2025-03-15 15:30:30+00:00,0.067,0.03275,0.09675,0.05825
Faltec Europe Ltd,219.0,6.0,154.88,2025-03-15 15:45:30+00:00,0.069,0.0385,0.0915,0.05825
Faltec Europe Ltd,219.0,6.0,154.88,2025-03-15 16:00:30+00:00,0.067,0.04325,0.0835,0.05475
Faltec Europe Ltd,219.0,6.0,154.88,2025-03-15 16:15:30+00:00,0.062,0.0445,0.0735,0.0495
Faltec Europe Ltd,219.0,6.0,154.88,2025-03-15 16:30:30+00:00,0.055,0.041,0.06275,0.04275
Faltec Europe Ltd,219.0,6.0,154.88,2025-03-15 16:45:30+00:00,0.046,0.03475,0.0515,0.03475
Faltec Europe Ltd,219.0,6.0,154.88,2025-03-15 17:00:30+00:00,0.03625,0.027,0.04,0.0265
Faltec Europe Ltd,219.0,6.0,154.88,2025-03-15 17:15:30+00:00,0.026,0.019,0.02875,0.01825
Faltec Europe Ltd,219.0,6.0,154.88,2025-03-15 17:30:30+00:00,0.01525,0.011,0.017,0.01
Faltec Europe Ltd,219.0,6.0,154.88,2025-03-15 17:45:30+00:00,0.0045,0.004,0.005,0.0035
Faltec Europe Ltd,219.0,6.0,154.88,2025-03-15 18:00:30+00:00,0.0005,0.00025,0.0005,0.0005
Faltec Europe Ltd,219.0,6.0,154.88,2025-03-15 18:15:30+00:00,0.0,0.0,0.0,0.0
Faltec Europe Ltd,219.0,6.0,154.88,2025-03-15 18:30:30+00:00,0.0,0.0,0.0,0.0
Faltec Europe Ltd,219.0,6.0,154.88,2025-03-15 18:45:30+00:00,0.0,0.0,0.0,0.0
Faltec Europe Ltd,219.0,6.0,154.88,2025-03-15 19:00:30+00:00,0.0,0.0,0.0,0.0
Faltec Europe Ltd,219.0,6.0,154.88,2025-03-15 19:15:30+00:00,0.0,0.0,0.0,0.0
Faltec Europe Ltd,219.0,6.0,154.88,2025-03-15 19:30:30+00:00,0.0,0.0,0.0,0.0
Faltec Europe Ltd,219.0,6.0,154.88,2025-03-15 19:45:30+00:00,0.0,0.0,0.0,0.0
Faltec Europe Ltd,219.0,6.0,154.88,2025-03-15 20:00:30+00:00,0.0,0.0,0.0,0.0
Faltec Europe Ltd,219.0,6.0,154.88,2025-03-15 20:15:30+00:00,0.0,0.0,0.0,0.0
Faltec Europe Ltd,219.0,6.0,154.88,2025-03-15 20:30:30+00:00,0.0,0.0,0.0,0.0
Faltec Europe Ltd,219.0,6.0,154.88,2025-03-15 20:45:30+00:00,0.0,0.0,0.0,0.0
Faltec Europe Ltd,219.0,6.0,154.88,2025-03-15 21:00:30+00:00,0.0,0.0,0.0,0.0
Faltec Europe Ltd,219.0,6.0,154.88,2025-03-15 21:15:30+00:00,0.0,0.0,0.0,0.0
Faltec Europe Ltd,219.0,6.0,154.88,2025-03-15 21:30:30+00:00,0.0,0.0,0.0,0.0
Faltec Europe Ltd,219.0,6.0,154.88,2025-03-15 21:45:30+00:00,0.0,0.0,0.0,0.0
Faltec Europe Ltd,219.0,6.0,154.88,2025-03-15 22:00:30+00:00,0.0,0.0,0.0,0.0
Faltec Europe Ltd,219.0,6.0,154.88,2025-03-15 22:15:30+00:00,0.0,0.0,0.0,0.0
Faltec Europe Ltd,219.0,6.0,154.88,2025-03-15 22:30:30+00:00,0.0,0.0,0.0,0.0
Faltec Europe Ltd,219.0,6.0,154.88,2025-03-15 22:45:30+00:00,0.0,0.0,0.0,0.0
Faltec Europe Ltd,219.0,6.0,154.88,2025-03-15 23:00:30+00:00,0.0,0.0,0.0,0.0
Faltec Europe Ltd,219.0,6.0,154.88,2025-03-15 23:15:30+00:00,0.0,0.0,0.0,0.0
Faltec Europe Ltd,219.0,6.0,154.88,2025-03-15 23:30:30+00:00,0.0,0.0,0.0,0.0
Faltec Europe Ltd,219.0,6.0,154.88,2025-03-15 23:45:30+00:00,0.0,0.0,0.0,0.0
Faltec Europe Ltd,219.0,6.0,154.88,2025-03-16 00:00:30+00:00,0.0,0.0,0.0,0.0
Faltec Europe Ltd,219.0,6.0,154.88,2025-03-16 00:15:30+00:00,0.0,0.0,0.0,0.0
Faltec Europe Ltd,219.0,6.0,154.88,2025-03-16 00:30:30+00:00,0.0,0.0,0.0,0.0
Faltec Europe Ltd,219.0,6.0,154.88,2025-03-16 00:45:30+00:00,0.0,0.0,0.0,0.0
Faltec Europe Ltd,219.0,6.0,154.88,2025-03-16 01:00:30+00:00,0.0,0.0,0.0,0.0
Faltec Europe Ltd,219.0,6.0,154.88,2025-03-16 01:15:30+00:00,0.0,0.0,0.0,0.0
Faltec Europe Ltd,219.0,6.0,154.88,2025-03-16 01:30:30+00:00,0.0,0.0,0.0,0.0
Faltec Europe Ltd,219.0,6.0,154.88,2025-03-16 01:45:30+00:00,0.0,0.0,0.0,0.0
Faltec Europe Ltd,219.0,6.0,154.88,2025-03-16 02:00:30+00:00,0.0,0.0,0.0,0.0
Faltec Europe Ltd,219.0,6.0,154.88,2025-03-16 02:15:30+00:00,0.0,0.0,0.0,0.0
Faltec Europe Ltd,219.0,6.0,154.88,2025-03-16 02:30:30+00:00,0.0,0.0,0.0,0.0
Faltec Europe Ltd,219.0,6.0,154.88,2025-03-16 02:45:30+00:00,0.0,0.0,0.0,0.0
Faltec Europe Ltd,219.0,6.0,154.88,2025-03-16 03:00:30+00:00,0.0,0.0,0.0,0.0
Faltec Europe Ltd,219.0,6.0,154.88,2025-03-16 03:15:30+00:00,0.0,0.0,0.0,0.0
Faltec Europe Ltd,219.0,6.0,154.88,2025-03-16 03:30:30+00:00,0.0,0.0,0.0,0.0
Faltec Europe Ltd,219.0,6.0,154.88,2025-03-16 03:45:30+00:00,0.0,0.0,0.0,0.0
Faltec Europe Ltd,219.0,6.0,154.88,2025-03-16 04:00:30+00:00,0.0,0.0,0.0,0.0
Faltec Europe Ltd,219.0,6.0,154.88,2025-03-16 04:15:30+00:00,0.0,0.0,0.0,0.0
Faltec Europe Ltd,219.0,6.0,154.88,2025-03-16 04:30:30+00:00,0.0,0.0,0.0,0.0
Faltec Europe Ltd,219.0,6.0,154.88,2025-03-16 04:45:30+00:00,0.0,0.0,0.0,0.0
Faltec Europe Ltd,219.0,6.0,154.88,2025-03-16 05:00:30+00:00,0.0,0.0,0.0,0.0
Faltec Europe Ltd,219.0,6.0,154.88,2025-03-16 05:15:30+00:00,0.0,0.0,0.0,0.0
Faltec Europe Ltd,219.0,6.0,154.88,2025-03-16 05:30:30+00:00,0.0,0.0,0.0,0.0
Faltec Europe Ltd,219.0,6.0,154.88,2025-03-16 05:45:30+00:00,0.0,0.0,0.0,0.0
Faltec Europe Ltd,219.0,6.0,154.88,2025-03-16 06:00:30+00:00,0.0,0.0,0.0,0.0
Faltec Europe Ltd,219.0,6.0,154.88,2025-03-16 06:15:30+00:00,0.0,0.0,0.00025,0.0
Faltec Europe Ltd,219.0,6.0,154.88,2025-03-16 06:30:30+00:00,0.003,0.002,0.0045,0.003
Faltec Europe Ltd,219.0,6.0,154.88,2025-03-16 06:45:30+00:00,0.0065,0.00375,0.01,0.00775
Faltec Europe Ltd,219.0,6.0,154.88,2025-03-16 07:00:30+00:00,0.01175,0.00575,0.01625,0.01375
Faltec Europe Ltd,219.0,6.0,154.88,2025-03-16 07:15:30+00:00,0.0155,0.00775,0.0235,0.01675
Faltec Europe Ltd,219.0,6.0,154.88,2025-03-16 07:30:30+00:00,0.019,0.011,0.03,0.02
Faltec Europe Ltd,219.0,6.0,154.88,2025-03-16 07:45:30+00:00,0.026,0.01575,0.037,0.02725
Faltec Europe Ltd,219.0,6.0,154.88,2025-03-16 08:00:30+00:00,0.034,0.022,0.0455,0.0355
Faltec Europe Ltd,219.0,6.0,154.88,2025-03-16 08:15:30+00:00,0.04125,0.02575,0.055,0.04275
Faltec Europe Ltd,219.0,6.0,154.88,2025-03-16 08:30:30+00:00,0.04575,0.023,0.06325,0.04675
Faltec Europe Ltd,219.0,6.0,154.88,2025-03-16 08:45:30+00:00,0.04225,0.01725,0.068,0.04275
Faltec Europe Ltd,219.0,6.0,154.88,2025-03-16 09:00:30+00:00,0.0395,0.0095,0.06825,0.03975
Faltec Europe Ltd,219.0,6.0,154.88,2025-03-16 09:15:30+00:00,0.0345,0.01025,0.0725,0.03475
Faltec Europe Ltd,219.0,6.0,154.88,2025-03-16 09:30:30+00:00,0.05,0.01875,0.086,0.05
Faltec Europe Ltd,219.0,6.0,154.88,2025-03-16 09:45:30+00:00,0.073,0.035,0.09775,0.07175
Faltec Europe Ltd,219.0,6.0,154.88,2025-03-16 10:00:30+00:00,0.07575,0.04325,0.099,0.07425
Faltec Europe Ltd,219.0,6.0,154.88,2025-03-16 10:15:30+00:00,0.06375,0.0425,0.093,0.06275
Faltec Europe Ltd,219.0,6.0,154.88,2025-03-16 10:30:30+00:00,0.06425,0.03775,0.09675,0.06325
Faltec Europe Ltd,219.0,6.0,154.88,2025-03-16 10:45:30+00:00,0.07425,0.04375,0.11275,0.07225
Faltec Europe Ltd,219.0,6.0,154.88,2025-03-16 11:00:30+00:00,0.096,0.05675,0.1285,0.092
Faltec Europe Ltd,219.0,6.0,154.88,2025-03-16 11:15:30+00:00,0.1075,0.0675,0.13025,0.10175
Faltec Europe Ltd,219.0,6.0,154.88,2025-03-16 11:30:30+00:00,0.0905,0.07375,0.1255,0.08675
Faltec Europe Ltd,219.0,6.0,154.88,2025-03-16 11:45:30+00:00,0.1025,0.078,0.12125,0.097
Faltec Europe Ltd,219.0,6.0,154.88,2025-03-16 12:00:30+00:00,0.1055,0.0815,0.12225,0.0995
Faltec Europe Ltd,219.0,6.0,154.88,2025-03-16 12:15:30+00:00,0.09675,0.074,0.1215,0.0915
Faltec Europe Ltd,219.0,6.0,154.88,2025-03-16 12:30:30+00:00,0.09125,0.06175,0.12425,0.08625
Faltec Europe Ltd,219.0,6.0,154.88,2025-03-16 12:45:30+00:00,0.09075,0.0615,0.13875,0.0855
Faltec Europe Ltd,219.0,6.0,154.88,2025-03-16 13:00:30+00:00,0.1205,0.05675,0.14075,0.11025
Faltec Europe Ltd,219.0,6.0,154.88,2025-03-16 13:15:30+00:00,0.0795,0.0525,0.1325,0.0745
Faltec Europe Ltd,219.0,6.0,154.88,2025-03-16 13:30:30+00:00,0.08025,0.0485,0.127,0.075
Faltec Europe Ltd,219.0,6.0,154.88,2025-03-16 13:45:30+00:00,0.10475,0.0445,0.1325,0.096
Faltec Europe Ltd,219.0,6.0,154.88,2025-03-16 14:00:30+00:00,0.07675,0.0345,0.12825,0.07125
Faltec Europe Ltd,219.0,6.0,154.88,2025-03-16 14:15:30+00:00,0.062,0.0175,0.10425,0.059
Faltec Europe Ltd,219.0,6.0,154.88,2025-03-16 14:30:30+00:00,0.04375,0.01475,0.087,0.043
Faltec Europe Ltd,219.0,6.0,154.88,2025-03-16 14:45:30+00:00,0.0495,0.02125,0.083,0.0475
Faltec Europe Ltd,219.0,6.0,154.88,2025-03-16 15:00:30+00:00,0.06425,0.03075,0.08925,0.059
Faltec Europe Ltd,219.0,6.0,154.88,2025-03-16 15:15:30+00:00,0.064,0.0395,0.084,0.058
Faltec Europe Ltd,219.0,6.0,154.88,2025-03-16 15:30:30+00:00,0.05575,0.0395,0.07075,0.05125
Faltec Europe Ltd,219.0,6.0,154.88,2025-03-16 15:45:30+00:00,0.046,0.03525,0.05875,0.0425
Faltec Europe Ltd,219.0,6.0,154.88,2025-03-16 16:00:30+00:00,0.0395,0.02925,0.051,0.0365
Faltec Europe Ltd,219.0,6.0,154.88,2025-03-16 16:15:30+00:00,0.035,0.02475,0.04475,0.03225
Faltec Europe Ltd,219.0,6.0,154.88,2025-03-16 16:30:30+00:00,0.0295,0.02025,0.0385,0.027
Faltec Europe Ltd,219.0,6.0,154.88,2025-03-16 16:45:30+00:00,0.02325,0.01525,0.032,0.02125
Faltec Europe Ltd,219.0,6.0,154.88,2025-03-16 17:00:30+00:00,0.018,0.01075,0.0255,0.0165
Faltec Europe Ltd,219.0,6.0,154.88,2025-03-16 17:15:30+00:00,0.01275,0.007,0.0185,0.01175
Faltec Europe Ltd,219.0,6.0,154.88,2025-03-16 17:30:30+00:00,0.007,0.00375,0.011,0.00675
Faltec Europe Ltd,219.0,6.0,154.88,2025-03-16 17:45:30+00:00,0.0025,0.0015,0.00475,0.0025
Faltec Europe Ltd,219.0,6.0,154.88,2025-03-16 18:00:30+00:00,0.00075,0.0005,0.0015,0.00075
Faltec Europe Ltd,219.0,6.0,154.88,2025-03-16 18:15:30+00:00,0.0,0.0,0.0,0.0
Faltec Europe Ltd,219.0,6.0,154.88,2025-03-16 18:30:30+00:00,0.0,0.0,0.0,0.0
Faltec Europe Ltd,219.0,6.0,154.88,2025-03-16 18:45:30+00:00,0.0,0.0,0.0,0.0
Faltec Europe Ltd,219.0,6.0,154.88,2025-03-16 19:00:30+00:00,0.0,0.0,0.0,0.0
Faltec Europe Ltd,219.0,6.0,154.88,2025-03-16 19:15:30+00:00,0.0,0.0,0.0,0.0
Faltec Europe Ltd,219.0,6.0,154.88,2025-03-16 19:30:30+00:00,0.0,0.0,0.0,0.0
Faltec Europe Ltd,219.0,6.0,154.88,2025-03-16 19:45:30+00:00,0.0,0.0,0.0,0.0
Faltec Europe Ltd,219.0,6.0,154.88,2025-03-16 20:00:30+00:00,0.0,0.0,0.0,0.0
Faltec Europe Ltd,219.0,6.0,154.88,2025-03-16 20:15:30+00:00,0.0,0.0,0.0,0.0
Faltec Europe Ltd,219.0,6.0,154.88,2025-03-16 20:30:30+00:00,0.0,0.0,0.0,0.0
Faltec Europe Ltd,219.0,6.0,154.88,2025-03-16 20:45:30+00:00,0.0,0.0,0.0,0.0
Faltec Europe Ltd,219.0,6.0,154.88,2025-03-16 21:00:30+00:00,0.0,0.0,0.0,0.0
Faltec Europe Ltd,219.0,6.0,154.88,2025-03-16 21:15:30+00:00,0.0,0.0,0.0,0.0
Faltec Europe Ltd,219.0,6.0,154.88,2025-03-16 21:30:30+00:00,0.0,0.0,0.0,0.0
Faltec Europe Ltd,219.0,6.0,154.88,2025-03-16 21:45:30+00:00,0.0,0.0,0.0,0.0
Faltec Europe Ltd,219.0,6.0,154.88,2025-03-16 22:00:30+00:00,0.0,0.0,0.0,0.0
Faltec Europe Ltd,219.0,6.0,154.88,2025-03-16 22:15:30+00:00,0.0,0.0,0.0,0.0
Faltec Europe Ltd,219.0,6.0,154.88,2025-03-16 22:30:30+00:00,0.0,0.0,0.0,0.0
Faltec Europe Ltd,219.0,6.0,154.88,2025-03-16 22:45:30+00:00,0.0,0.0,0.0,0.0
Faltec Europe Ltd,219.0,6.0,154.88,2025-03-16 23:00:30+00:00,0.0,0.0,0.0,0.0
Faltec Europe Ltd,219.0,6.0,154.88,2025-03-16 23:15:30+00:00,0.0,0.0,0.0,0.0
Faltec Europe Ltd,219.0,6.0,154.88,2025-03-16 23:30:30+00:00,0.0,0.0,0.0,0.0
Faltec Europe Ltd,219.0,6.0,154.88,2025-03-16 23:45:30+00:00,0.0,0.0,0.0,0.0
Faltec Europe Ltd,219.0,6.0,154.88,2025-03-17 00:00:30+00:00,0.0,0.0,0.0,0.0
Faltec Europe Ltd,219.0,6.0,154.88,2025-03-17 00:15:30+00:00,0.0,0.0,0.0,0.0
Faltec Europe Ltd,219.0,6.0,154.88,2025-03-17 00:30:30+00:00,0.0,0.0,0.0,0.0
Faltec Europe Ltd,219.0,6.0,154.88,2025-03-17 00:45:30+00:00,0.0,0.0,0.0,0.0
Faltec Europe Ltd,219.0,6.0,154.88,2025-03-17 01:00:30+00:00,0.0,0.0,0.0,0.0
Faltec Europe Ltd,219.0,6.0,154.88,2025-03-17 01:15:30+00:00,0.0,0.0,0.0,0.0
Faltec Europe Ltd,219.0,6.0,154.88,2025-03-17 01:30:30+00:00,0.0,0.0,0.0,0.0
Faltec Europe Ltd,219.0,6.0,154.88,2025-03-17 01:45:30+00:00,0.0,0.0,0.0,0.0
Faltec Europe Ltd,219.0,6.0,154.88,2025-03-17 02:00:30+00:00,0.0,0.0,0.0,0.0
Faltec Europe Ltd,219.0,6.0,154.88,2025-03-17 02:15:30+00:00,0.0,0.0,0.0,0.0
Faltec Europe Ltd,219.0,6.0,154.88,2025-03-17 02:30:30+00:00,0.0,0.0,0.0,0.0
Faltec Europe Ltd,219.0,6.0,154.88,2025-03-17 02:45:30+00:00,0.0,0.0,0.0,0.0
Faltec Europe Ltd,219.0,6.0,154.88,2025-03-17 03:00:30+00:00,0.0,0.0,0.0,0.0
Faltec Europe Ltd,219.0,6.0,154.88,2025-03-17 03:15:30+00:00,0.0,0.0,0.0,0.0
Faltec Europe Ltd,219.0,6.0,154.88,2025-03-17 03:30:30+00:00,0.0,0.0,0.0,0.0
Faltec Europe Ltd,219.0,6.0,154.88,2025-03-17 03:45:30+00:00,0.0,0.0,0.0,0.0
Faltec Europe Ltd,219.0,6.0,154.88,2025-03-17 04:00:30+00:00,0.0,0.0,0.0,0.0
Faltec Europe Ltd,219.0,6.0,154.88,2025-03-17 04:15:30+00:00,0.0,0.0,0.0,0.0
Faltec Europe Ltd,219.0,6.0,154.88,2025-03-17 04:30:30+00:00,0.0,0.0,0.0,0.0
Faltec Europe Ltd,219.0,6.0,154.88,2025-03-17 04:45:30+00:00,0.0,0.0,0.0,0.0
Faltec Europe Ltd,219.0,6.0,154.88,2025-03-17 05:00:30+00:00,0.0,0.0,0.0,0.0
Faltec Europe Ltd,219.0,6.0,154.88,2025-03-17 05:15:30+00:00,0.0,0.0,0.0,0.0
Faltec Europe Ltd,219.0,6.0,154.88,2025-03-17 05:30:30+00:00,0.0,0.0,0.0,0.0
Faltec Europe Ltd,219.0,6.0,154.88,2025-03-17 05:45:30+00:00,0.0,0.0,0.0,0.0
Faltec Europe Ltd,219.0,6.0,154.88,2025-03-17 06:00:30+00:00,0.0,0.0,0.0,0.0
Faltec Europe Ltd,219.0,6.0,154.88,2025-03-17 06:15:30+00:00,0.00025,0.00025,0.0005,0.00025
Faltec Europe Ltd,219.0,6.0,154.88,2025-03-17 06:30:30+00:00,0.00275,0.00125,0.0055,0.003
Faltec Europe Ltd,219.0,6.0,154.88,2025-03-17 06:45:30+00:00,0.00675,0.00375,0.01125,0.007
Faltec Europe Ltd,219.0,6.0,154.88,2025-03-17 07:00:30+00:00,0.01225,0.0065,0.0175,0.014
Faltec Europe Ltd,219.0,6.0,154.88,2025-03-17 07:15:30+00:00,0.01775,0.00875,0.0245,0.01975
Faltec Europe Ltd,219.0,6.0,154.88,2025-03-17 07:30:30+00:00,0.0205,0.01,0.03175,0.0215
Faltec Europe Ltd,219.0,6.0,154.88,2025-03-17 07:45:30+00:00,0.02375,0.012,0.0355,0.0245
Faltec Europe Ltd,219.0,6.0,154.88,2025-03-17 08:00:30+00:00,0.02675,0.0155,0.0385,0.0275
Faltec Europe Ltd,219.0,6.0,154.88,2025-03-17 08:15:30+00:00,0.03025,0.02075,0.04125,0.03075
Faltec Europe Ltd,219.0,6.0,154.88,2025-03-17 08:30:30+00:00,0.03575,0.023,0.0475,0.03625
Faltec Europe Ltd,219.0,6.0,154.88,2025-03-17 08:45:30+00:00,0.0395,0.02175,0.05425,0.04
Faltec Europe Ltd,219.0,6.0,154.88,2025-03-17 09:00:30+00:00,0.03875,0.0165,0.05775,0.039
Faltec Europe Ltd,219.0,6.0,154.88,2025-03-17 09:15:30+00:00,0.03275,0.0115,0.05625,0.033
Faltec Europe Ltd,219.0,6.0,154.88,2025-03-17 09:30:30+00:00,0.03025,0.0135,0.059,0.0305
Faltec Europe Ltd,219.0,6.0,154.88,2025-03-17 09:45:30+00:00,0.046,0.02025,0.067,0.046
Faltec Europe Ltd,219.0,6.0,154.88,2025-03-17 10:00:30+00:00,0.05425,0.032,0.07175,0.054
Faltec Europe Ltd,219.0,6.0,154.88,2025-03-17 10:15:30+00:00,0.05475,0.04025,0.071,0.0545
Faltec Europe Ltd,219.0,6.0,154.88,2025-03-17 10:30:30+00:00,0.058,0.04625,0.06875,0.05775
Faltec Europe Ltd,219.0,6.0,154.88,2025-03-17 10:45:30+00:00,0.05925,0.0415,0.07825,0.059
Faltec Europe Ltd,219.0,6.0,154.88,2025-03-17 11:00:30+00:00,0.06175,0.0305,0.09525,0.0615
Faltec Europe Ltd,219.0,6.0,154.88,2025-03-17 11:15:30+00:00,0.068,0.0245,0.12575,0.0665
Faltec Europe Ltd,219.0,6.0,154.88,2025-03-17 11:30:30+00:00,0.0965,0.032,0.15725,0.09225
Faltec Europe Ltd,219.0,6.0,154.88,2025-03-17 11:45:30+00:00,0.119,0.0575,0.16725,0.1115
Faltec Europe Ltd,219.0,6.0,154.88,2025-03-17 12:00:30+00:00,0.13725,0.07025,0.1715,0.126
Faltec Europe Ltd,219.0,6.0,154.88,2025-03-17 12:15:30+00:00,0.14075,0.06175,0.17225,0.12875
Faltec Europe Ltd,219.0,6.0,154.88,2025-03-17 12:30:30+00:00,0.0985,0.02775,0.167,0.0925
Faltec Europe Ltd,219.0,6.0,154.88,2025-03-17 12:45:30+00:00,0.06525,0.013,0.13425,0.063
Faltec Europe Ltd,219.0,6.0,154.88,2025-03-17 13:00:30+00:00,0.04225,0.01125,0.0995,0.042
Faltec Europe Ltd,219.0,6.0,154.88,2025-03-17 13:15:30+00:00,0.04325,0.011,0.083,0.04275
Faltec Europe Ltd,219.0,6.0,154.88,2025-03-17 13:30:30+00:00,0.04425,0.01075,0.08825,0.044
Faltec Europe Ltd,219.0,6.0,154.88,2025-03-17 13:45:30+00:00,0.05725,0.01125,0.1115,0.05525
Faltec Europe Ltd,219.0,6.0,154.88,2025-03-17 14:00:30+00:00,0.073,0.0145,0.13425,0.069
Faltec Europe Ltd,219.0,6.0,154.88,2025-03-17 14:15:30+00:00,0.092,0.03125,0.14175,0.084
Faltec Europe Ltd,219.0,6.0,154.88,2025-03-17 14:30:30+00:00,0.10375,0.05325,0.1385,0.09175
Faltec Europe Ltd,219.0,6.0,154.88,2025-03-17 14:45:30+00:00,0.107,0.073,0.1335,0.09225
Faltec Europe Ltd,219.0,6.0,154.88,2025-03-17 15:00:30+00:00,0.106,0.08475,0.12475,0.09
Faltec Europe Ltd,219.0,6.0,154.88,2025-03-17 15:15:30+00:00,0.1005,0.086,0.1125,0.0845
Faltec Europe Ltd,219.0,6.0,154.88,2025-03-17 15:30:30+00:00,0.09,0.07825,0.101,0.075
Faltec Europe Ltd,219.0,6.0,154.88,2025-03-17 15:45:30+00:00,0.078,0.06775,0.0905,0.06475
Faltec Europe Ltd,219.0,6.0,154.88,2025-03-17 16:00:30+00:00,0.07,0.0585,0.08175,0.05725
Faltec Europe Ltd,219.0,6.0,154.88,2025-03-17 16:15:30+00:00,0.0625,0.051,0.07425,0.0505
Faltec Europe Ltd,219.0,6.0,154.88,2025-03-17 16:30:30+00:00,0.055,0.043,0.06525,0.0435
Faltec Europe Ltd,219.0,6.0,154.88,2025-03-17 16:45:30+00:00,0.0455,0.035,0.05375,0.03525
Faltec Europe Ltd,219.0,6.0,154.88,2025-03-17 17:00:30+00:00,0.0365,0.027,0.04225,0.0275
Faltec Europe Ltd,219.0,6.0,154.88,2025-03-17 17:15:30+00:00,0.02675,0.01925,0.03075,0.0195
Faltec Europe Ltd,219.0,6.0,154.88,2025-03-17 17:30:30+00:00,0.01675,0.01175,0.01925,0.0115
Faltec Europe Ltd,219.0,6.0,154.88,2025-03-17 17:45:30+00:00,0.00575,0.005,0.00675,0.00475
Faltec Europe Ltd,219.0,6.0,154.88,2025-03-17 18:00:30+00:00,0.00175,0.00125,0.002,0.00175
Faltec Europe Ltd,219.0,6.0,154.88,2025-03-17 18:15:30+00:00,0.0,0.0,0.0,0.0
Faltec Europe Ltd,219.0,6.0,154.88,2025-03-17 18:30:30+00:00,0.0,0.0,0.0,0.0
Faltec Europe Ltd,219.0,6.0,154.88,2025-03-17 18:45:30+00:00,0.0,0.0,0.0,0.0
Faltec Europe Ltd,219.0,6.0,154.88,2025-03-17 19:00:30+00:00,0.0,0.0,0.0,0.0
Faltec Europe Ltd,219.0,6.0,154.88,2025-03-17 19:15:30+00:00,0.0,0.0,0.0,0.0
Faltec Europe Ltd,219.0,6.0,154.88,2025-03-17 19:30:30+00:00,0.0,0.0,0.0,0.0
Faltec Europe Ltd,219.0,6.0,154.88,2025-03-17 19:45:30+00:00,0.0,0.0,0.0,0.0
Faltec Europe Ltd,219.0,6.0,154.88,2025-03-17 20:00:30+00:00,0.0,0.0,0.0,0.0
Faltec Europe Ltd,219.0,6.0,154.88,2025-03-17 20:15:30+00:00,0.0,0.0,0.0,0.0
Faltec Europe Ltd,219.0,6.0,154.88,2025-03-17 20:30:30+00:00,0.0,0.0,0.0,0.0
Faltec Europe Ltd,219.0,6.0,154.88,2025-03-17 20:45:30+00:00,0.0,0.0,0.0,0.0
Faltec Europe Ltd,219.0,6.0,154.88,2025-03-17 21:00:30+00:00,0.0,0.0,0.0,0.0
Faltec Europe Ltd,219.0,6.0,154.88,2025-03-17 21:15:30+00:00,0.0,0.0,0.0,0.0
Faltec Europe Ltd,219.0,6.0,154.88,2025-03-17 21:30:30+00:00,0.0,0.0,0.0,0.0
Faltec Europe Ltd,219.0,6.0,154.88,2025-03-17 21:45:30+00:00,0.0,0.0,0.0,0.0
Faltec Europe Ltd,219.0,6.0,154.88,2025-03-17 22:00:30+00:00,0.0,0.0,0.0,0.0
Faltec Europe Ltd,219.0,6.0,154.88,2025-03-17 22:15:30+00:00,0.0,0.0,0.0,0.0
Faltec Europe Ltd,219.0,6.0,154.88,2025-03-17 22:30:30+00:00,0.0,0.0,0.0,0.0
Faltec Europe Ltd,219.0,6.0,154.88,2025-03-17 22:45:30+00:00,0.0,0.0,0.0,0.0
Faltec Europe Ltd,219.0,6.0,154.88,2025-03-17 23:00:30+00:00,0.0,0.0,0.0,0.0
Faltec Europe Ltd,219.0,6.0,154.88,2025-03-17 23:15:30+00:00,0.0,0.0,0.0,0.0
Faltec Europe Ltd,219.0,6.0,154.88,2025-03-17 23:30:30+00:00,0.0,0.0,0.0,0.0
Faltec Europe Ltd,219.0,6.0,154.88,2025-03-17 23:45:30+00:00,0.0,0.0,0.0,0.0
Faltec Europe Ltd,219.0,6.0,154.88,2025-03-18 00:00:30+00:00,0.0,0.0,0.0,0.0
Faltec Europe Ltd,219.0,6.0,154.88,2025-03-18 00:15:30+00:00,0.0,0.0,0.0,0.0
Faltec Europe Ltd,219.0,6.0,154.88,2025-03-18 00:30:30+00:00,0.0,0.0,0.0,0.0
Faltec Europe Ltd,219.0,6.0,154.88,2025-03-18 00:45:30+00:00,0.0,0.0,0.0,0.0
Faltec Europe Ltd,219.0,6.0,154.88,2025-03-18 01:00:30+00:00,0.0,0.0,0.0,0.0
Faltec Europe Ltd,219.0,6.0,154.88,2025-03-18 01:15:30+00:00,0.0,0.0,0.0,0.0
Faltec Europe Ltd,219.0,6.0,154.88,2025-03-18 01:30:30+00:00,0.0,0.0,0.0,0.0
Faltec Europe Ltd,219.0,6.0,154.88,2025-03-18 01:45:30+00:00,0.0,0.0,0.0,0.0
Faltec Europe Ltd,219.0,6.0,154.88,2025-03-18 02:00:30+00:00,0.0,0.0,0.0,0.0
Faltec Europe Ltd,219.0,6.0,154.88,2025-03-18 02:15:30+00:00,0.0,0.0,0.0,0.0
Faltec Europe Ltd,219.0,6.0,154.88,2025-03-18 02:30:30+00:00,0.0,0.0,0.0,0.0
Faltec Europe Ltd,219.0,6.0,154.88,2025-03-18 02:45:30+00:00,0.0,0.0,0.0,0.0
Faltec Europe Ltd,219.0,6.0,154.88,2025-03-18 03:00:30+00:00,0.0,0.0,0.0,0.0
Faltec Europe Ltd,219.0,6.0,154.88,2025-03-18 03:15:30+00:00,0.0,0.0,0.0,0.0
Faltec Europe Ltd,219.0,6.0,154.88,2025-03-18 03:30:30+00:00,0.0,0.0,0.0,0.0
Faltec Europe Ltd,219.0,6.0,154.88,2025-03-18 03:45:30+00:00,0.0,0.0,0.0,0.0
Faltec Europe Ltd,219.0,6.0,154.88,2025-03-18 04:00:30+00:00,0.0,0.0,0.0,0.0
Faltec Europe Ltd,219.0,6.0,154.88,2025-03-18 04:15:30+00:00,0.0,0.0,0.0,0.0
Faltec Europe Ltd,219.0,6.0,154.88,2025-03-18 04:30:30+00:00,0.0,0.0,0.0,0.0
Faltec Europe Ltd,219.0,6.0,154.88,2025-03-18 04:45:30+00:00,0.0,0.0,0.0,0.0
Faltec Europe Ltd,219.0,6.0,154.88,2025-03-18 05:00:30+00:00,0.0,0.0,0.0,0.0
Faltec Europe Ltd,219.0,6.0,154.88,2025-03-18 05:15:30+00:00,0.0,0.0,0.0,0.0
Faltec Europe Ltd,219.0,6.0,154.88,2025-03-18 05:30:30+00:00,0.0,0.0,0.0,0.0
Faltec Europe Ltd,219.0,6.0,154.88,2025-03-18 05:45:30+00:00,0.0,0.0,0.0,0.0
Faltec Europe Ltd,219.0,6.0,154.88,2025-03-18 06:00:30+00:00,0.0,0.0,0.0,0.0
Faltec Europe Ltd,219.0,6.0,154.88,2025-03-18 06:15:30+00:00,0.00125,0.00075,0.00125,0.00125
Faltec Europe Ltd,219.0,6.0,154.88,2025-03-18 06:30:30+00:00,0.00375,0.003,0.0045,0.00625
Faltec Europe Ltd,219.0,6.0,154.88,2025-03-18 06:45:30+00:00,0.009,0.0065,0.01025,0.01375
Faltec Europe Ltd,219.0,6.0,154.88,2025-03-18 07:00:30+00:00,0.01675,0.01225,0.019,0.02225
Faltec Europe Ltd,219.0,6.0,154.88,2025-03-18 07:15:30+00:00,0.025,0.01925,0.02875,0.03075
Faltec Europe Ltd,219.0,6.0,154.88,2025-03-18 07:30:30+00:00,0.034,0.02725,0.03875,0.03975
Faltec Europe Ltd,219.0,6.0,154.88,2025-03-18 07:45:30+00:00,0.04375,0.036,0.0495,0.049
Faltec Europe Ltd,219.0,6.0,154.88,2025-03-18 08:00:30+00:00,0.05375,0.0455,0.0605,0.05825
Faltec Europe Ltd,219.0,6.0,154.88,2025-03-18 08:15:30+00:00,0.06325,0.0555,0.07125,0.067
Faltec Europe Ltd,219.0,6.0,154.88,2025-03-18 08:30:30+00:00,0.073,0.06575,0.08025,0.07575
Faltec Europe Ltd,219.0,6.0,154.88,2025-03-18 08:45:30+00:00,0.08275,0.076,0.08875,0.08425
Faltec Europe Ltd,219.0,6.0,154.88,2025-03-18 09:00:30+00:00,0.0915,0.086,0.097,0.09175
Faltec Europe Ltd,219.0,6.0,154.88,2025-03-18 09:15:30+00:00,0.10025,0.095,0.10525,0.09925
Faltec Europe Ltd,219.0,6.0,154.88,2025-03-18 09:30:30+00:00,0.1085,0.10275,0.11375,0.10625
Faltec Europe Ltd,219.0,6.0,154.88,2025-03-18 09:45:30+00:00,0.116,0.11,0.123,0.1125
Faltec Europe Ltd,219.0,6.0,154.88,2025-03-18 10:00:30+00:00,0.125,0.117,0.13175,0.12
Faltec Europe Ltd,219.0,6.0,154.88,2025-03-18 10:15:30+00:00,0.13225,0.1245,0.14025,0.12575
Faltec Europe Ltd,219.0,6.0,154.88,2025-03-18 10:30:30+00:00,0.14,0.129,0.1495,0.132
Faltec Europe Ltd,219.0,6.0,154.88,2025-03-18 10:45:30+00:00,0.14525,0.1305,0.15825,0.13625
Faltec Europe Ltd,219.0,6.0,154.88,2025-03-18 11:00:30+00:00,0.1475,0.12775,0.16375,0.13725
Faltec Europe Ltd,219.0,6.0,154.88,2025-03-18 11:15:30+00:00,0.14425,0.126,0.16375,0.1335
Faltec Europe Ltd,219.0,6.0,154.88,2025-03-18 11:30:30+00:00,0.14275,0.127,0.16475,0.13125
Faltec Europe Ltd,219.0,6.0,154.88,2025-03-18 11:45:30+00:00,0.15075,0.13125,0.17,0.13775
Faltec Europe Ltd,219.0,6.0,154.88,2025-03-18 12:00:30+00:00,0.15825,0.138,0.17625,0.1435
Faltec Europe Ltd,219.0,6.0,154.88,2025-03-18 12:15:30+00:00,0.16225,0.14525,0.178,0.146
Faltec Europe Ltd,219.0,6.0,154.88,2025-03-18 12:30:30+00:00,0.16425,0.15175,0.1755,0.147
Faltec Europe Ltd,219.0,6.0,154.88,2025-03-18 12:45:30+00:00,0.164,0.15525,0.17225,0.14575
Faltec Europe Ltd,219.0,6.0,154.88,2025-03-18 13:00:30+00:00,0.16275,0.1555,0.16925,0.14375
Faltec Europe Ltd,219.0,6.0,154.88,2025-03-18 13:15:30+00:00,0.16,0.15375,0.16625,0.1405
Faltec Europe Ltd,219.0,6.0,154.88,2025-03-18 13:30:30+00:00,0.157,0.15075,0.16275,0.13675
Faltec Europe Ltd,219.0,6.0,154.88,2025-03-18 13:45:30+00:00,0.153,0.147,0.15875,0.1325
Faltec Europe Ltd,219.0,6.0,154.88,2025-03-18 14:00:30+00:00,0.1485,0.1425,0.154,0.12775
Faltec Europe Ltd,219.0,6.0,154.88,2025-03-18 14:15:30+00:00,0.143,0.13725,0.14825,0.122
Faltec Europe Ltd,219.0,6.0,154.88,2025-03-18 14:30:30+00:00,0.137,0.13125,0.142,0.116
Faltec Europe Ltd,219.0,6.0,154.88,2025-03-18 14:45:30+00:00,0.13,0.1245,0.135,0.10925
Faltec Europe Ltd,219.0,6.0,154.88,2025-03-18 15:00:30+00:00,0.12225,0.11625,0.128,0.10175
Faltec Europe Ltd,219.0,6.0,154.88,2025-03-18 15:15:30+00:00,0.11375,0.10675,0.12075,0.09375
Faltec Europe Ltd,219.0,6.0,154.88,2025-03-18 15:30:30+00:00,0.10475,0.09625,0.11325,0.0855
Faltec Europe Ltd,219.0,6.0,154.88,2025-03-18 15:45:30+00:00,0.09525,0.0855,0.105,0.07675
Faltec Europe Ltd,219.0,6.0,154.88,2025-03-18 16:00:30+00:00,0.08525,0.0745,0.09475,0.06775
Faltec Europe Ltd,219.0,6.0,154.88,2025-03-18 16:15:30+00:00,0.07475,0.0635,0.0835,0.0585
Faltec Europe Ltd,219.0,6.0,154.88,2025-03-18 16:30:30+00:00,0.06425,0.053,0.072,0.04925
Faltec Europe Ltd,219.0,6.0,154.88,2025-03-18 16:45:30+00:00,0.05375,0.04275,0.06025,0.04025
Faltec Europe Ltd,219.0,6.0,154.88,2025-03-18 17:00:30+00:00,0.0425,0.0325,0.048,0.031
Faltec Europe Ltd,219.0,6.0,154.88,2025-03-18 17:15:30+00:00,0.03125,0.023,0.03575,0.022
Faltec Europe Ltd,219.0,6.0,154.88,2025-03-18 17:30:30+00:00,0.0205,0.0145,0.02375,0.0135
Faltec Europe Ltd,219.0,6.0,154.88,2025-03-18 17:45:30+00:00,0.0075,0.00625,0.009,0.006
Faltec Europe Ltd,219.0,6.0,154.88,2025-03-18 18:00:30+00:00,0.0025,0.00175,0.00275,0.0025
Faltec Europe Ltd,219.0,6.0,154.88,2025-03-18 18:15:30+00:00,0.0,0.0,0.0,0.0
Faltec Europe Ltd,219.0,6.0,154.88,2025-03-18 18:30:30+00:00,0.0,0.0,0.0,0.0
Faltec Europe Ltd,219.0,6.0,154.88,2025-03-18 18:45:30+00:00,0.0,0.0,0.0,0.0
Faltec Europe Ltd,219.0,6.0,154.88,2025-03-18 19:00:30+00:00,0.0,0.0,0.0,0.0
Faltec Europe Ltd,219.0,6.0,154.88,2025-03-18 19:15:30+00:00,0.0,0.0,0.0,0.0
Faltec Europe Ltd,219.0,6.0,154.88,2025-03-18 19:30:30+00:00,0.0,0.0,0.0,0.0
Faltec Europe Ltd,219.0,6.0,154.88,2025-03-18 19:45:30+00:00,0.0,0.0,0.0,0.0
Faltec Europe Ltd,219.0,6.0,154.88,2025-03-18 20:00:30+00:00,0.0,0.0,0.0,0.0
Faltec Europe Ltd,219.0,6.0,154.88,2025-03-18 20:15:30+00:00,0.0,0.0,0.0,0.0
Faltec Europe Ltd,219.0,6.0,154.88,2025-03-18 20:30:30+00:00,0.0,0.0,0.0,0.0
Faltec Europe Ltd,219.0,6.0,154.88,2025-03-18 20:45:30+00:00,0.0,0.0,0.0,0.0
Faltec Europe Ltd,219.0,6.0,154.88,2025-03-18 21:00:30+00:00,0.0,0.0,0.0,0.0
Faltec Europe Ltd,219.0,6.0,154.88,2025-03-18 21:15:30+00:00,0.0,0.0,0.0,0.0
Faltec Europe Ltd,219.0,6.0,154.88,2025-03-18 21:30:30+00:00,0.0,0.0,0.0,0.0
Faltec Europe Ltd,219.0,6.0,154.88,2025-03-18 21:45:30+00:00,0.0,0.0,0.0,0.0
Faltec Europe Ltd,219.0,6.0,154.88,2025-03-18 22:00:30+00:00,0.0,0.0,0.0,0.0
Faltec Europe Ltd,219.0,6.0,154.88,2025-03-18 22:15:30+00:00,0.0,0.0,0.0,0.0
Faltec Europe Ltd,219.0,6.0,154.88,2025-03-18 22:30:30+00:00,0.0,0.0,0.0,0.0
Faltec Europe Ltd,219.0,6.0,154.88,2025-03-18 22:45:30+00:00,0.0,0.0,0.0,0.0
Faltec Europe Ltd,219.0,6.0,154.88,2025-03-18 23:00:30+00:00,0.0,0.0,0.0,0.0
Faltec Europe Ltd,219.0,6.0,154.88,2025-03-18 23:15:30+00:00,0.0,0.0,0.0,0.0
Faltec Europe Ltd,219.0,6.0,154.88,2025-03-18 23:30:30+00:00,0.0,0.0,0.0,0.0
Faltec Europe Ltd,219.0,6.0,154.88,2025-03-18 23:45:30+00:00,0.0,0.0,0.0,0.0
Faltec Europe Ltd,219.0,6.0,154.88,2025-03-19 00:00:30+00:00,0.0,0.0,0.0,0.0
Faltec Europe Ltd,219.0,6.0,154.88,2025-03-19 00:15:30+00:00,0.0,0.0,0.0,0.0
Faltec Europe Ltd,219.0,6.0,154.88,2025-03-19 00:30:30+00:00,0.0,0.0,0.0,0.0
Faltec Europe Ltd,219.0,6.0,154.88,2025-03-19 00:45:30+00:00,0.0,0.0,0.0,0.0
Faltec Europe Ltd,219.0,6.0,154.88,2025-03-19 01:00:30+00:00,0.0,0.0,0.0,0.0
Faltec Europe Ltd,219.0,6.0,154.88,2025-03-19 01:15:30+00:00,0.0,0.0,0.0,0.0
Faltec Europe Ltd,219.0,6.0,154.88,2025-03-19 01:30:30+00:00,0.0,0.0,0.0,0.0
Faltec Europe Ltd,219.0,6.0,154.88,2025-03-19 01:45:30+00:00,0.0,0.0,0.0,0.0
Faltec Europe Ltd,219.0,6.0,154.88,2025-03-19 02:00:30+00:00,0.0,0.0,0.0,0.0
Faltec Europe Ltd,219.0,6.0,154.88,2025-03-19 02:15:30+00:00,0.0,0.0,0.0,0.0
Faltec Europe Ltd,219.0,6.0,154.88,2025-03-19 02:30:30+00:00,0.0,0.0,0.0,0.0
Faltec Europe Ltd,219.0,6.0,154.88,2025-03-19 02:45:30+00:00,0.0,0.0,0.0,0.0
Faltec Europe Ltd,219.0,6.0,154.88,2025-03-19 03:00:30+00:00,0.0,0.0,0.0,0.0
Faltec Europe Ltd,219.0,6.0,154.88,2025-03-19 03:15:30+00:00,0.0,0.0,0.0,0.0
Faltec Europe Ltd,219.0,6.0,154.88,2025-03-19 03:30:30+00:00,0.0,0.0,0.0,0.0
Faltec Europe Ltd,219.0,6.0,154.88,2025-03-19 03:45:30+00:00,0.0,0.0,0.0,0.0
Faltec Europe Ltd,219.0,6.0,154.88,2025-03-19 04:00:30+00:00,0.0,0.0,0.0,0.0
Faltec Europe Ltd,219.0,6.0,154.88,2025-03-19 04:15:30+00:00,0.0,0.0,0.0,0.0
Faltec Europe Ltd,219.0,6.0,154.88,2025-03-19 04:30:30+00:00,0.0,0.0,0.0,0.0
Faltec Europe Ltd,219.0,6.0,154.88,2025-03-19 04:45:30+00:00,0.0,0.0,0.0,0.0
Faltec Europe Ltd,219.0,6.0,154.88,2025-03-19 05:00:30+00:00,0.0,0.0,0.0,0.0
Faltec Europe Ltd,219.0,6.0,154.88,2025-03-19 05:15:30+00:00,0.0,0.0,0.0,0.0
Faltec Europe Ltd,219.0,6.0,154.88,2025-03-19 05:30:30+00:00,0.0,0.0,0.0,0.0
Faltec Europe Ltd,219.0,6.0,154.88,2025-03-19 05:45:30+00:00,0.0,0.0,0.0,0.0
Faltec Europe Ltd,219.0,6.0,154.88,2025-03-19 06:00:30+00:00,0.0,0.0,0.0,0.0
Faltec Europe Ltd,219.0,6.0,154.88,2025-03-19 06:15:30+00:00,0.002,0.00175,0.00225,0.002
Faltec Europe Ltd,219.0,6.0,154.88,2025-03-19 06:30:30+00:00,0.00425,0.00325,0.00525,0.00675
Faltec Europe Ltd,219.0,6.0,154.88,2025-03-19 06:45:30+00:00,0.01,0.007,0.01175,0.014
Faltec Europe Ltd,219.0,6.0,154.88,2025-03-19 07:00:30+00:00,0.01725,0.01275,0.02025,0.022
Faltec Europe Ltd,219.0,6.0,154.88,2025-03-19 07:15:30+00:00,0.02575,0.01975,0.02975,0.03075
Faltec Europe Ltd,219.0,6.0,154.88,2025-03-19 07:30:30+00:00,0.03475,0.0275,0.0395,0.03975
Faltec Europe Ltd,219.0,6.0,154.88,2025-03-19 07:45:30+00:00,0.044,0.03625,0.05,0.04875
Faltec Europe Ltd,219.0,6.0,154.88,2025-03-19 08:00:30+00:00,0.05375,0.04575,0.0605,0.058
Faltec Europe Ltd,219.0,6.0,154.88,2025-03-19 08:15:30+00:00,0.0635,0.05525,0.07125,0.06675
Faltec Europe Ltd,219.0,6.0,154.88,2025-03-19 08:30:30+00:00,0.07275,0.06425,0.08,0.07525
Faltec Europe Ltd,219.0,6.0,154.88,2025-03-19 08:45:30+00:00,0.08,0.0735,0.0895,0.0815
Faltec Europe Ltd,219.0,6.0,154.88,2025-03-19 09:00:30+00:00,0.0915,0.08275,0.0995,0.09175
Faltec Europe Ltd,219.0,6.0,154.88,2025-03-19 09:15:30+00:00,0.1015,0.08925,0.10925,0.1005
Faltec Europe Ltd,219.0,6.0,154.88,2025-03-19 09:30:30+00:00,0.1045,0.094,0.11775,0.1025
Faltec Europe Ltd,219.0,6.0,154.88,2025-03-19 09:45:30+00:00,0.11175,0.0965,0.12375,0.10875
Faltec Europe Ltd,219.0,6.0,154.88,2025-03-19 10:00:30+00:00,0.11425,0.10325,0.1315,0.11025
Faltec Europe Ltd,219.0,6.0,154.88,2025-03-19 10:15:30+00:00,0.12575,0.10475,0.13625,0.1205
Faltec Europe Ltd,219.0,6.0,154.88,2025-03-19 10:30:30+00:00,0.121,0.1075,0.14375,0.11525
Faltec Europe Ltd,219.0,6.0,154.88,2025-03-19 10:45:30+00:00,0.1305,0.11125,0.15325,0.1235
Faltec Europe Ltd,219.0,6.0,154.88,2025-03-19 11:00:30+00:00,0.146,0.12175,0.164,0.1365
Faltec Europe Ltd,219.0,6.0,154.88,2025-03-19 11:15:30+00:00,0.152,0.1345,0.16875,0.14075
Faltec Europe Ltd,219.0,6.0,154.88,2025-03-19 11:30:30+00:00,0.15675,0.144,0.16875,0.14425
Faltec Europe Ltd,219.0,6.0,154.88,2025-03-19 11:45:30+00:00,0.16,0.15025,0.16725,0.146
Faltec Europe Ltd,219.0,6.0,154.88,2025-03-19 12:00:30+00:00,0.15925,0.15175,0.168,0.14475
Faltec Europe Ltd,219.0,6.0,154.88,2025-03-19 12:15:30+00:00,0.16025,0.152,0.16825,0.1445
Faltec Europe Ltd,219.0,6.0,154.88,2025-03-19 12:30:30+00:00,0.16075,0.15275,0.1685,0.144
Faltec Europe Ltd,219.0,6.0,154.88,2025-03-19 12:45:30+00:00,0.161,0.153,0.16825,0.1435
Faltec Europe Ltd,219.0,6.0,154.88,2025-03-19 13:00:30+00:00,0.16,0.1525,0.1665,0.14175
Faltec Europe Ltd,219.0,6.0,154.88,2025-03-19 13:15:30+00:00,0.1575,0.1505,0.16375,0.13875
Faltec Europe Ltd,219.0,6.0,154.88,2025-03-19 13:30:30+00:00,0.154,0.14775,0.16,0.13475
Faltec Europe Ltd,219.0,6.0,154.88,2025-03-19 13:45:30+00:00,0.15,0.14375,0.15575,0.1305
Faltec Europe Ltd,219.0,6.0,154.88,2025-03-19 14:00:30+00:00,0.145,0.13925,0.1505,0.1255
Faltec Europe Ltd,219.0,6.0,154.88,2025-03-19 14:15:30+00:00,0.13975,0.134,0.14475,0.12
Faltec Europe Ltd,219.0,6.0,154.88,2025-03-19 14:30:30+00:00,0.1335,0.128,0.1385,0.11375
Faltec Europe Ltd,219.0,6.0,154.88,2025-03-19 14:45:30+00:00,0.1265,0.12125,0.1315,0.107
Faltec Europe Ltd,219.0,6.0,154.88,2025-03-19 15:00:30+00:00,0.11875,0.113,0.1245,0.09975
Faltec Europe Ltd,219.0,6.0,154.88,2025-03-19 15:15:30+00:00,0.11075,0.104,0.117,0.092
Faltec Europe Ltd,219.0,6.0,154.88,2025-03-19 15:30:30+00:00,0.10175,0.09375,0.10975,0.084
Faltec Europe Ltd,219.0,6.0,154.88,2025-03-19 15:45:30+00:00,0.09225,0.083,0.10175,0.07525
Faltec Europe Ltd,219.0,6.0,154.88,2025-03-19 16:00:30+00:00,0.0825,0.072,0.0925,0.0665
Faltec Europe Ltd,219.0,6.0,154.88,2025-03-19 16:15:30+00:00,0.07225,0.061,0.0815,0.05725
Faltec Europe Ltd,219.0,6.0,154.88,2025-03-19 16:30:30+00:00,0.06125,0.05,0.0695,0.04825
Faltec Europe Ltd,219.0,6.0,154.88,2025-03-19 16:45:30+00:00,0.05025,0.0395,0.05775,0.039
Faltec Europe Ltd,219.0,6.0,154.88,2025-03-19 17:00:30+00:00,0.03925,0.02975,0.04575,0.02975
Faltec Europe Ltd,219.0,6.0,154.88,2025-03-19 17:15:30+00:00,0.029,0.02075,0.03425,0.02125
Faltec Europe Ltd,219.0,6.0,154.88,2025-03-19 17:30:30+00:00,0.0185,0.013,0.0225,0.01325
Faltec Europe Ltd,219.0,6.0,154.88,2025-03-19 17:45:30+00:00,0.00725,0.00525,0.009,0.006
Faltec Europe Ltd,219.0,6.0,154.88,2025-03-19 18:00:30+00:00,0.00125,0.00075,0.0015,0.00125
Faltec Europe Ltd,219.0,6.0,154.88,2025-03-19 18:15:30+00:00,0.0,0.0,0.0,0.0
Faltec Europe Ltd,219.0,6.0,154.88,2025-03-19 18:30:30+00:00,0.0,0.0,0.0,0.0
Faltec Europe Ltd,219.0,6.0,154.88,2025-03-19 18:45:30+00:00,0.0,0.0,0.0,0.0
Faltec Europe Ltd,219.0,6.0,154.88,2025-03-19 19:00:30+00:00,0.0,0.0,0.0,0.0
Faltec Europe Ltd,219.0,6.0,154.88,2025-03-19 19:15:30+00:00,0.0,0.0,0.0,0.0
Faltec Europe Ltd,219.0,6.0,154.88,2025-03-19 19:30:30+00:00,0.0,0.0,0.0,0.0
Faltec Europe Ltd,219.0,6.0,154.88,2025-03-19 19:45:30+00:00,0.0,0.0,0.0,0.0
Faltec Europe Ltd,219.0,6.0,154.88,2025-03-19 20:00:30+00:00,0.0,0.0,0.0,0.0
Faltec Europe Ltd,219.0,6.0,154.88,2025-03-19 20:15:30+00:00,0.0,0.0,0.0,0.0
Faltec Europe Ltd,219.0,6.0,154.88,2025-03-19 20:30:30+00:00,0.0,0.0,0.0,0.0
Faltec Europe Ltd,219.0,6.0,154.88,2025-03-19 20:45:30+00:00,0.0,0.0,0.0,0.0
Faltec Europe Ltd,219.0,6.0,154.88,2025-03-19 21:00:30+00:00,0.0,0.0,0.0,0.0
Faltec Europe Ltd,219.0,6.0,154.88,2025-03-19 21:15:30+00:00,0.0,0.0,0.0,0.0
Faltec Europe Ltd,219.0,6.0,154.88,2025-03-19 21:30:30+00:00,0.0,0.0,0.0,0.0
Faltec Europe Ltd,219.0,6.0,154.88,2025-03-19 21:45:30+00:00,0.0,0.0,0.0,0.0
Faltec Europe Ltd,219.0,6.0,154.88,2025-03-19 22:00:30+00:00,0.0,0.0,0.0,0.0
Faltec Europe Ltd,219.0,6.0,154.88,2025-03-19 22:15:30+00:00,0.0,0.0,0.0,0.0
Faltec Europe Ltd,219.0,6.0,154.88,2025-03-19 22:30:30+00:00,0.0,0.0,0.0,0.0
Faltec Europe Ltd,219.0,6.0,154.88,2025-03-19 22:45:30+00:00,0.0,0.0,0.0,0.0
Faltec Europe Ltd,219.0,6.0,154.88,2025-03-19 23:00:30+00:00,0.0,0.0,0.0,0.0
Faltec Europe Ltd,219.0,6.0,154.88,2025-03-19 23:15:30+00:00,0.0,0.0,0.0,0.0
Faltec Europe Ltd,219.0,6.0,154.88,2025-03-19 23:30:30+00:00,0.0,0.0,0.0,0.0
Faltec Europe Ltd,219.0,6.0,154.88,2025-03-19 23:45:30+00:00,0.0,0.0,0.0,0.0
Faltec Europe Ltd,219.0,6.0,154.88,2025-03-20 00:00:30+00:00,0.0,0.0,0.0,0.0
Faltec Europe Ltd,219.0,6.0,154.88,2025-03-20 00:15:30+00:00,0.0,0.0,0.0,0.0
Faltec Europe Ltd,219.0,6.0,154.88,2025-03-20 00:30:30+00:00,0.0,0.0,0.0,0.0
Faltec Europe Ltd,219.0,6.0,154.88,2025-03-20 00:45:30+00:00,0.0,0.0,0.0,0.0
Faltec Europe Ltd,219.0,6.0,154.88,2025-03-20 01:00:30+00:00,0.0,0.0,0.0,0.0
Faltec Europe Ltd,219.0,6.0,154.88,2025-03-20 01:15:30+00:00,0.0,0.0,0.0,0.0
Faltec Europe Ltd,219.0,6.0,154.88,2025-03-20 01:30:30+00:00,0.0,0.0,0.0,0.0
Faltec Europe Ltd,219.0,6.0,154.88,2025-03-20 01:45:30+00:00,0.0,0.0,0.0,0.0
Faltec Europe Ltd,219.0,6.0,154.88,2025-03-20 02:00:30+00:00,0.0,0.0,0.0,0.0
Faltec Europe Ltd,219.0,6.0,154.88,2025-03-20 02:15:30+00:00,0.0,0.0,0.0,0.0
Faltec Europe Ltd,219.0,6.0,154.88,2025-03-20 02:30:30+00:00,0.0,0.0,0.0,0.0
Faltec Europe Ltd,219.0,6.0,154.88,2025-03-20 02:45:30+00:00,0.0,0.0,0.0,0.0
Faltec Europe Ltd,219.0,6.0,154.88,2025-03-20 03:00:30+00:00,0.0,0.0,0.0,0.0
Faltec Europe Ltd,219.0,6.0,154.88,2025-03-20 03:15:30+00:00,0.0,0.0,0.0,0.0
Faltec Europe Ltd,219.0,6.0,154.88,2025-03-20 03:30:30+00:00,0.0,0.0,0.0,0.0
Faltec Europe Ltd,219.0,6.0,154.88,2025-03-20 03:45:30+00:00,0.0,0.0,0.0,0.0
Faltec Europe Ltd,219.0,6.0,154.88,2025-03-20 04:00:30+00:00,0.0,0.0,0.0,0.0
Faltec Europe Ltd,219.0,6.0,154.88,2025-03-20 04:15:30+00:00,0.0,0.0,0.0,0.0
Faltec Europe Ltd,219.0,6.0,154.88,2025-03-20 04:30:30+00:00,0.0,0.0,0.0,0.0
Faltec Europe Ltd,219.0,6.0,154.88,2025-03-20 04:45:30+00:00,0.0,0.0,0.0,0.0
Faltec Europe Ltd,219.0,6.0,154.88,2025-03-20 05:00:30+00:00,0.0,0.0,0.0,0.0
Faltec Europe Ltd,219.0,6.0,154.88,2025-03-20 05:15:30+00:00,0.0,0.0,0.0,0.0
Faltec Europe Ltd,219.0,6.0,154.88,2025-03-20 05:30:30+00:00,0.0,0.0,0.0,0.0
Faltec Europe Ltd,219.0,6.0,154.88,2025-03-20 05:45:30+00:00,0.0,0.0,0.0,0.0
Faltec Europe Ltd,219.0,6.0,154.88,2025-03-20 06:00:30+00:00,0.0,0.0,0.0,0.0
Faltec Europe Ltd,219.0,6.0,154.88,2025-03-20 06:15:30+00:00,0.0025,0.002,0.00275,0.0025
Faltec Europe Ltd,219.0,6.0,154.88,2025-03-20 06:30:30+00:00,0.0055,0.004,0.0065,0.00725
Faltec Europe Ltd,219.0,6.0,154.88,2025-03-20 06:45:30+00:00,0.01075,0.00775,0.01275,0.01425
Faltec Europe Ltd,219.0,6.0,154.88,2025-03-20 07:00:30+00:00,0.018,0.01325,0.02075,0.022
Faltec Europe Ltd,219.0,6.0,154.88,2025-03-20 07:15:30+00:00,0.026,0.02025,0.02975,0.0305
Faltec Europe Ltd,219.0,6.0,154.88,2025-03-20 07:30:30+00:00,0.035,0.028,0.03925,0.03925
Faltec Europe Ltd,219.0,6.0,154.88,2025-03-20 07:45:30+00:00,0.04425,0.03675,0.04925,0.04825
Faltec Europe Ltd,219.0,6.0,154.88,2025-03-20 08:00:30+00:00,0.05325,0.04575,0.0595,0.057
Faltec Europe Ltd,219.0,6.0,154.88,2025-03-20 08:15:30+00:00,0.0625,0.05525,0.0695,0.0655
Faltec Europe Ltd,219.0,6.0,154.88,2025-03-20 08:30:30+00:00,0.07175,0.06525,0.07825,0.074
Faltec Europe Ltd,219.0,6.0,154.88,2025-03-20 08:45:30+00:00,0.081,0.075,0.0865,0.08225
Faltec Europe Ltd,219.0,6.0,154.88,2025-03-20 09:00:30+00:00,0.09,0.08475,0.09475,0.09025
Faltec Europe Ltd,219.0,6.0,154.88,2025-03-20 09:15:30+00:00,0.0985,0.09375,0.103,0.09775
Faltec Europe Ltd,219.0,6.0,154.88,2025-03-20 09:30:30+00:00,0.107,0.102,0.1115,0.105
Faltec Europe Ltd,219.0,6.0,154.88,2025-03-20 09:45:30+00:00,0.11475,0.1095,0.11975,0.11175
Faltec Europe Ltd,219.0,6.0,154.88,2025-03-20 10:00:30+00:00,0.122,0.1165,0.1275,0.11775
Faltec Europe Ltd,219.0,6.0,154.88,2025-03-20 10:15:30+00:00,0.12925,0.1235,0.135,0.1235
Faltec Europe Ltd,219.0,6.0,154.88,2025-03-20 10:30:30+00:00,0.136,0.12975,0.14175,0.12875
Faltec Europe Ltd,219.0,6.0,154.88,2025-03-20 10:45:30+00:00,0.14175,0.1355,0.1475,0.1335
Faltec Europe Ltd,219.0,6.0,154.88,2025-03-20 11:00:30+00:00,0.1465,0.14025,0.15225,0.137
Faltec Europe Ltd,219.0,6.0,154.88,2025-03-20 11:15:30+00:00,0.1505,0.144,0.15625,0.13975
Faltec Europe Ltd,219.0,6.0,154.88,2025-03-20 11:30:30+00:00,0.1535,0.1465,0.15975,0.1415
Faltec Europe Ltd,219.0,6.0,154.88,2025-03-20 11:45:30+00:00,0.1555,0.1485,0.1625,0.14275
Faltec Europe Ltd,219.0,6.0,154.88,2025-03-20 12:00:30+00:00,0.157,0.1495,0.16375,0.14325
Faltec Europe Ltd,219.0,6.0,154.88,2025-03-20 12:15:30+00:00,0.157,0.15025,0.164,0.1425
Faltec Europe Ltd,219.0,6.0,154.88,2025-03-20 12:30:30+00:00,0.15725,0.15025,0.1635,0.14175
Faltec Europe Ltd,219.0,6.0,154.88,2025-03-20 12:45:30+00:00,0.15625,0.14975,0.16225,0.14
Faltec Europe Ltd,219.0,6.0,154.88,2025-03-20 13:00:30+00:00,0.1545,0.14825,0.16025,0.13775
Faltec Europe Ltd,219.0,6.0,154.88,2025-03-20 13:15:30+00:00,0.15225,0.146,0.158,0.13475
Faltec Europe Ltd,219.0,6.0,154.88,2025-03-20 13:30:30+00:00,0.14925,0.1425,0.15525,0.1315
Faltec Europe Ltd,219.0,6.0,154.88,2025-03-20 13:45:30+00:00,0.14425,0.1375,0.1505,0.12675
Faltec Europe Ltd,219.0,6.0,154.88,2025-03-20 14:00:30+00:00,0.13925,0.13175,0.14575,0.12175
Faltec Europe Ltd,219.0,6.0,154.88,2025-03-20 14:15:30+00:00,0.13275,0.126,0.13975,0.1155
Faltec Europe Ltd,219.0,6.0,154.88,2025-03-20 14:30:30+00:00,0.1265,0.1195,0.13275,0.1095
Faltec Europe Ltd,219.0,6.0,154.88,2025-03-20 14:45:30+00:00,0.11875,0.1115,0.1275,0.10225
Faltec Europe Ltd,219.0,6.0,154.88,2025-03-20 15:00:30+00:00,0.113,0.102,0.12225,0.0965
Faltec Europe Ltd,219.0,6.0,154.88,2025-03-20 15:15:30+00:00,0.10425,0.09,0.11475,0.08875
Faltec Europe Ltd,219.0,6.0,154.88,2025-03-20 15:30:30+00:00,0.089,0.078,0.10325,0.07575
Faltec Europe Ltd,219.0,6.0,154.88,2025-03-20 15:45:30+00:00,0.07925,0.06875,0.09325,0.067
Faltec Europe Ltd,219.0,6.0,154.88,2025-03-20 16:00:30+00:00,0.075,0.062,0.08625,0.06225
Faltec Europe Ltd,219.0,6.0,154.88,2025-03-20 16:15:30+00:00,0.0675,0.055,0.0765,0.05525
Faltec Europe Ltd,219.0,6.0,154.88,2025-03-20 16:30:30+00:00,0.05825,0.045,0.06575,0.047
Faltec Europe Ltd,219.0,6.0,154.88,2025-03-20 16:45:30+00:00,0.04625,0.03375,0.054,0.037
Faltec Europe Ltd,219.0,6.0,154.88,2025-03-20 17:00:30+00:00,0.03325,0.02275,0.04175,0.027
Faltec Europe Ltd,219.0,6.0,154.88,2025-03-20 17:15:30+00:00,0.02275,0.01475,0.0305,0.01825
Faltec Europe Ltd,219.0,6.0,154.88,2025-03-20 17:30:30+00:00,0.014,0.00875,0.01925,0.01125
Faltec Europe Ltd,219.0,6.0,154.88,2025-03-20 17:45:30+00:00,0.006,0.00375,0.00825,0.0055
Faltec Europe Ltd,219.0,6.0,154.88,2025-03-20 18:00:30+00:00,0.00125,0.00075,0.00175,0.00125
Faltec Europe Ltd,219.0,6.0,154.88,2025-03-20 18:15:30+00:00,0.0,0.0,0.0,0.0
Faltec Europe Ltd,219.0,6.0,154.88,2025-03-20 18:30:30+00:00,0.0,0.0,0.0,0.0
Faltec Europe Ltd,219.0,6.0,154.88,2025-03-20 18:45:30+00:00,0.0,0.0,0.0,0.0
Faltec Europe Ltd,219.0,6.0,154.88,2025-03-20 19:00:30+00:00,0.0,0.0,0.0,0.0
Faltec Europe Ltd,219.0,6.0,154.88,2025-03-20 19:15:30+00:00,0.0,0.0,0.0,0.0
Faltec Europe Ltd,219.0,6.0,154.88,2025-03-20 19:30:30+00:00,0.0,0.0,0.0,0.0
Faltec Europe Ltd,219.0,6.0,154.88,2025-03-20 19:45:30+00:00,0.0,0.0,0.0,0.0
Faltec Europe Ltd,219.0,6.0,154.88,2025-03-20 20:00:30+00:00,0.0,0.0,0.0,0.0
Faltec Europe Ltd,219.0,6.0,154.88,2025-03-20 20:15:30+00:00,0.0,0.0,0.0,0.0
Faltec Europe Ltd,219.0,6.0,154.88,2025-03-20 20:30:30+00:00,0.0,0.0,0.0,0.0
Faltec Europe Ltd,219.0,6.0,154.88,2025-03-20 20:45:30+00:00,0.0,0.0,0.0,0.0
Faltec Europe Ltd,219.0,6.0,154.88,2025-03-20 21:00:30+00:00,0.0,0.0,0.0,0.0
Faltec Europe Ltd,219.0,6.0,154.88,2025-03-20 21:15:30+00:00,0.0,0.0,0.0,0.0
Faltec Europe Ltd,219.0,6.0,154.88,2025-03-20 21:30:30+00:00,0.0,0.0,0.0,0.0
Faltec Europe Ltd,219.0,6.0,154.88,2025-03-20 21:45:30+00:00,0.0,0.0,0.0,0.0
Faltec Europe Ltd,219.0,6.0,154.88,2025-03-20 22:00:30+00:00,0.0,0.0,0.0,0.0
Faltec Europe Ltd,219.0,6.0,154.88,2025-03-20 22:15:30+00:00,0.0,0.0,0.0,0.0
Faltec Europe Ltd,219.0,6.0,154.88,2025-03-20 22:30:30+00:00,0.0,0.0,0.0,0.0
Faltec Europe Ltd,219.0,6.0,154.88,2025-03-20 22:45:30+00:00,0.0,0.0,0.0,0.0
Faltec Europe Ltd,219.0,6.0,154.88,2025-03-20 23:00:30+00:00,0.0,0.0,0.0,0.0
Faltec Europe Ltd,219.0,6.0,154.88,2025-03-20 23:15:30+00:00,0.0,0.0,0.0,0.0
Faltec Europe Ltd,219.0,6.0,154.88,2025-03-20 23:30:30+00:00,0.0,0.0,0.0,0.0
Faltec Europe Ltd,219.0,6.0,154.88,2025-03-20 23:45:30+00:00,0.0,0.0,0.0,0.0
Faltec Europe Ltd,219.0,6.0,154.88,2025-03-21 00:00:30+00:00,0.0,0.0,0.0,0.0
Faltec Europe Ltd,219.0,6.0,154.88,2025-03-21 00:15:30+00:00,0.0,0.0,0.0,0.0
Faltec Europe Ltd,219.0,6.0,154.88,2025-03-21 00:30:30+00:00,0.0,0.0,0.0,0.0
Faltec Europe Ltd,219.0,6.0,154.88,2025-03-21 00:45:30+00:00,0.0,0.0,0.0,0.0
Faltec Europe Ltd,219.0,6.0,154.88,2025-03-21 01:00:30+00:00,0.0,0.0,0.0,0.0
Faltec Europe Ltd,219.0,6.0,154.88,2025-03-21 01:15:30+00:00,0.0,0.0,0.0,0.0
Faltec Europe Ltd,219.0,6.0,154.88,2025-03-21 01:30:30+00:00,0.0,0.0,0.0,0.0
Faltec Europe Ltd,219.0,6.0,154.88,2025-03-21 01:45:30+00:00,0.0,0.0,0.0,0.0
Faltec Europe Ltd,219.0,6.0,154.88,2025-03-21 02:00:30+00:00,0.0,0.0,0.0,0.0
Faltec Europe Ltd,219.0,6.0,154.88,2025-03-21 02:15:30+00:00,0.0,0.0,0.0,0.0
Faltec Europe Ltd,219.0,6.0,154.88,2025-03-21 02:30:30+00:00,0.0,0.0,0.0,0.0
Faltec Europe Ltd,219.0,6.0,154.88,2025-03-21 02:45:30+00:00,0.0,0.0,0.0,0.0
Faltec Europe Ltd,219.0,6.0,154.88,2025-03-21 03:00:30+00:00,0.0,0.0,0.0,0.0
Faltec Europe Ltd,219.0,6.0,154.88,2025-03-21 03:15:30+00:00,0.0,0.0,0.0,0.0
Faltec Europe Ltd,219.0,6.0,154.88,2025-03-21 03:30:30+00:00,0.0,0.0,0.0,0.0
Faltec Europe Ltd,219.0,6.0,154.88,2025-03-21 03:45:30+00:00,0.0,0.0,0.0,0.0
Faltec Europe Ltd,219.0,6.0,154.88,2025-03-21 04:00:30+00:00,0.0,0.0,0.0,0.0
Faltec Europe Ltd,219.0,6.0,154.88,2025-03-21 04:15:30+00:00,0.0,0.0,0.0,0.0
Faltec Europe Ltd,219.0,6.0,154.88,2025-03-21 04:30:30+00:00,0.0,0.0,0.0,0.0
Faltec Europe Ltd,219.0,6.0,154.88,2025-03-21 04:45:30+00:00,0.0,0.0,0.0,0.0
Faltec Europe Ltd,219.0,6.0,154.88,2025-03-21 05:00:30+00:00,0.0,0.0,0.0,0.0
Faltec Europe Ltd,219.0,6.0,154.88,2025-03-21 05:15:30+00:00,0.0,0.0,0.0,0.0
Faltec Europe Ltd,219.0,6.0,154.88,2025-03-21 05:30:30+00:00,0.0,0.0,0.0,0.0
Faltec Europe Ltd,219.0,6.0,154.88,2025-03-21 05:45:30+00:00,0.0,0.0,0.0,0.0
Faltec Europe Ltd,219.0,6.0,154.88,2025-03-21 06:00:30+00:00,0.0,0.0,0.0,0.0
Faltec Europe Ltd,219.0,6.0,154.88,2025-03-21 06:15:30+00:00,0.0015,0.001,0.00275,0.0015
Faltec Europe Ltd,219.0,6.0,154.88,2025-03-21 06:30:30+00:00,0.0045,0.00225,0.0075,0.00475
Faltec Europe Ltd,219.0,6.0,154.88,2025-03-21 06:45:30+00:00,0.0085,0.00325,0.0145,0.0085
Faltec Europe Ltd,219.0,6.0,154.88,2025-03-21 07:00:30+00:00,0.01325,0.005,0.023,0.014
Faltec Europe Ltd,219.0,6.0,154.88,2025-03-21 07:15:30+00:00,0.02,0.01025,0.0315,0.0215
Faltec Europe Ltd,219.0,6.0,154.88,2025-03-21 07:30:30+00:00,0.03325,0.018,0.03925,0.03625
Faltec Europe Ltd,219.0,6.0,154.88,2025-03-21 07:45:30+00:00,0.04175,0.02625,0.0485,0.04475
Faltec Europe Ltd,219.0,6.0,154.88,2025-03-21 08:00:30+00:00,0.043,0.033,0.0585,0.045
Faltec Europe Ltd,219.0,6.0,154.88,2025-03-21 08:15:30+00:00,0.0515,0.04125,0.06625,0.05325
Faltec Europe Ltd,219.0,6.0,154.88,2025-03-21 08:30:30+00:00,0.06675,0.05125,0.0775,0.0685
Faltec Europe Ltd,219.0,6.0,154.88,2025-03-21 08:45:30+00:00,0.0755,0.06125,0.08525,0.07675
Faltec Europe Ltd,219.0,6.0,154.88,2025-03-21 09:00:30+00:00,0.07775,0.0705,0.09225,0.078
Faltec Europe Ltd,219.0,6.0,154.88,2025-03-21 09:15:30+00:00,0.09075,0.07675,0.0965,0.0905
Faltec Europe Ltd,219.0,6.0,154.88,2025-03-21 09:30:30+00:00,0.09125,0.0805,0.1065,0.09025
Faltec Europe Ltd,219.0,6.0,154.88,2025-03-21 09:45:30+00:00,0.0985,0.084,0.1125,0.09675
Faltec Europe Ltd,219.0,6.0,154.88,2025-03-21 10:00:30+00:00,0.1045,0.08575,0.117,0.10175
Faltec Europe Ltd,219.0,6.0,154.88,2025-03-21 10:15:30+00:00,0.1,0.08825,0.117,0.0975
Faltec Europe Ltd,219.0,6.0,154.88,2025-03-21 10:30:30+00:00,0.1035,0.0915,0.1175,0.1005
Faltec Europe Ltd,219.0,6.0,154.88,2025-03-21 10:45:30+00:00,0.1105,0.09775,0.12325,0.106
Faltec Europe Ltd,219.0,6.0,154.88,2025-03-21 11:00:30+00:00,0.1165,0.098,0.1335,0.11125
Faltec Europe Ltd,219.0,6.0,154.88,2025-03-21 11:15:30+00:00,0.1195,0.0915,0.14125,0.1135
Faltec Europe Ltd,219.0,6.0,154.88,2025-03-21 11:30:30+00:00,0.1115,0.07875,0.13925,0.1065
Faltec Europe Ltd,219.0,6.0,154.88,2025-03-21 11:45:30+00:00,0.096,0.079,0.13925,0.09175
Faltec Europe Ltd,219.0,6.0,154.88,2025-03-21 12:00:30+00:00,0.12125,0.0685,0.1505,0.1145
Faltec Europe Ltd,219.0,6.0,154.88,2025-03-21 12:15:30+00:00,0.1095,0.05775,0.16025,0.1035
Faltec Europe Ltd,219.0,6.0,154.88,2025-03-21 12:30:30+00:00,0.09475,0.031,0.146,0.0905
Faltec Europe Ltd,219.0,6.0,154.88,2025-03-21 12:45:30+00:00,0.06025,0.02875,0.12575,0.05875
Faltec Europe Ltd,219.0,6.0,154.88,2025-03-21 13:00:30+00:00,0.07875,0.036,0.11825,0.07575
Faltec Europe Ltd,219.0,6.0,154.88,2025-03-21 13:15:30+00:00,0.09175,0.05075,0.12175,0.087
Faltec Europe Ltd,219.0,6.0,154.88,2025-03-21 13:30:30+00:00,0.08725,0.047,0.122,0.08275
Faltec Europe Ltd,219.0,6.0,154.88,2025-03-21 13:45:30+00:00,0.0735,0.033,0.112,0.0705
Faltec Europe Ltd,219.0,6.0,154.88,2025-03-21 14:00:30+00:00,0.05525,0.017,0.096,0.05425
Faltec Europe Ltd,219.0,6.0,154.88,2025-03-21 14:15:30+00:00,0.04125,0.011,0.07725,0.041
Faltec Europe Ltd,219.0,6.0,154.88,2025-03-21 14:30:30+00:00,0.036,0.012,0.06075,0.03575
Faltec Europe Ltd,219.0,6.0,154.88,2025-03-21 14:45:30+00:00,0.0315,0.014,0.0485,0.0315
Faltec Europe Ltd,219.0,6.0,154.88,2025-03-21 15:00:30+00:00,0.02625,0.01375,0.0395,0.02625
Faltec Europe Ltd,219.0,6.0,154.88,2025-03-21 15:15:30+00:00,0.02225,0.01275,0.034,0.02225
Faltec Europe Ltd,219.0,6.0,154.88,2025-03-21 15:30:30+00:00,0.02175,0.012,0.031,0.02175
Faltec Europe Ltd,219.0,6.0,154.88,2025-03-21 15:45:30+00:00,0.0205,0.01025,0.029,0.0205
Faltec Europe Ltd,219.0,6.0,154.88,2025-03-21 16:00:30+00:00,0.0165,0.00625,0.02725,0.01675
Faltec Europe Ltd,219.0,6.0,154.88,2025-03-21 16:15:30+00:00,0.01325,0.00425,0.02575,0.01325
Faltec Europe Ltd,219.0,6.0,154.88,2025-03-21 16:30:30+00:00,0.0135,0.00375,0.02525,0.01375
Faltec Europe Ltd,219.0,6.0,154.88,2025-03-21 16:45:30+00:00,0.01475,0.0035,0.02275,0.01475
Faltec Europe Ltd,219.0,6.0,154.88,2025-03-21 17:00:30+00:00,0.0105,0.00275,0.0185,0.0105
Faltec Europe Ltd,219.0,6.0,154.88,2025-03-21 17:15:30+00:00,0.00675,0.00175,0.01325,0.00675
Faltec Europe Ltd,219.0,6.0,154.88,2025-03-21 17:30:30+00:00,0.005,0.001,0.009,0.00525
Faltec Europe Ltd,219.0,6.0,154.88,2025-03-21 17:45:30+00:00,0.00275,0.0005,0.00525,0.00275
Faltec Europe Ltd,219.0,6.0,154.88,2025-03-21 18:00:30+00:00,0.00075,0.00025,0.002,0.00075
Faltec Europe Ltd,219.0,6.0,154.88,2025-03-21 18:15:30+00:00,0.0,0.0,0.0,0.0
Faltec Europe Ltd,219.0,6.0,154.88,2025-03-21 18:30:30+00:00,0.0,0.0,0.0,0.0
Faltec Europe Ltd,219.0,6.0,154.88,2025-03-21 18:45:30+00:00,0.0,0.0,0.0,0.0
Faltec Europe Ltd,219.0,6.0,154.88,2025-03-21 19:00:30+00:00,0.0,0.0,0.0,0.0
Faltec Europe Ltd,219.0,6.0,154.88,2025-03-21 19:15:30+00:00,0.0,0.0,0.0,0.0
Faltec Europe Ltd,219.0,6.0,154.88,2025-03-21 19:30:30+00:00,0.0,0.0,0.0,0.0
Faltec Europe Ltd,219.0,6.0,154.88,2025-03-21 19:45:30+00:00,0.0,0.0,0.0,0.0
Faltec Europe Ltd,219.0,6.0,154.88,2025-03-21 20:00:30+00:00,0.0,0.0,0.0,0.0
Faltec Europe Ltd,219.0,6.0,154.88,2025-03-21 20:15:30+00:00,0.0,0.0,0.0,0.0
Faltec Europe Ltd,219.0,6.0,154.88,2025-03-21 20:30:30+00:00,0.0,0.0,0.0,0.0
Faltec Europe Ltd,219.0,6.0,154.88,2025-03-21 20:45:30+00:00,0.0,0.0,0.0,0.0
Faltec Europe Ltd,219.0,6.0,154.88,2025-03-21 21:00:30+00:00,0.0,0.0,0.0,0.0
Faltec Europe Ltd,219.0,6.0,154.88,2025-03-21 21:15:30+00:00,0.0,0.0,0.0,0.0
Faltec Europe Ltd,219.0,6.0,154.88,2025-03-21 21:30:30+00:00,0.0,0.0,0.0,0.0
Faltec Europe Ltd,219.0,6.0,154.88,2025-03-21 21:45:30+00:00,0.0,0.0,0.0,0.0
Faltec Europe Ltd,219.0,6.0,154.88,2025-03-21 22:00:30+00:00,0.0,0.0,0.0,0.0
Faltec Europe Ltd,219.0,6.0,154.88,2025-03-21 22:15:30+00:00,0.0,0.0,0.0,0.0
Faltec Europe Ltd,219.0,6.0,154.88,2025-03-21 22:30:30+00:00,0.0,0.0,0.0,0.0
Faltec Europe Ltd,219.0,6.0,154.88,2025-03-21 22:45:30+00:00,0.0,0.0,0.0,0.0
Faltec Europe Ltd,219.0,6.0,154.88,2025-03-21 23:00:30+00:00,0.0,0.0,0.0,0.0
Faltec Europe Ltd,219.0,6.0,154.88,2025-03-21 23:15:30+00:00,0.0,0.0,0.0,0.0
Faltec Europe Ltd,219.0,6.0,154.88,2025-03-21 23:30:30+00:00,0.0,0.0,0.0,0.0
Faltec Europe Ltd,219.0,6.0,154.88,2025-03-21 23:45:30+00:00,0.0,0.0,0.0,0.0
Faltec Europe Ltd,219.0,6.0,154.88,2025-03-22 00:00:30+00:00,0.0,0.0,0.0,0.0
Faltec Europe Ltd,219.0,6.0,154.88,2025-03-22 00:15:30+00:00,0.0,0.0,0.0,0.0
Faltec Europe Ltd,219.0,6.0,154.88,2025-03-22 00:30:30+00:00,0.0,0.0,0.0,0.0
Faltec Europe Ltd,219.0,6.0,154.88,2025-03-22 00:45:30+00:00,0.0,0.0,0.0,0.0
Faltec Europe Ltd,219.0,6.0,154.88,2025-03-22 01:00:30+00:00,0.0,0.0,0.0,0.0
Faltec Europe Ltd,219.0,6.0,154.88,2025-03-22 01:15:30+00:00,0.0,0.0,0.0,0.0
Faltec Europe Ltd,219.0,6.0,154.88,2025-03-22 01:30:30+00:00,0.0,0.0,0.0,0.0
Faltec Europe Ltd,219.0,6.0,154.88,2025-03-22 01:45:30+00:00,0.0,0.0,0.0,0.0
Faltec Europe Ltd,219.0,6.0,154.88,2025-03-22 02:00:30+00:00,0.0,0.0,0.0,0.0
Faltec Europe Ltd,219.0,6.0,154.88,2025-03-22 02:15:30+00:00,0.0,0.0,0.0,0.0
Faltec Europe Ltd,219.0,6.0,154.88,2025-03-22 02:30:30+00:00,0.0,0.0,0.0,0.0
Faltec Europe Ltd,219.0,6.0,154.88,2025-03-22 02:45:30+00:00,0.0,0.0,0.0,0.0
Faltec Europe Ltd,219.0,6.0,154.88,2025-03-22 03:00:30+00:00,0.0,0.0,0.0,0.0
Faltec Europe Ltd,219.0,6.0,154.88,2025-03-22 03:15:30+00:00,0.0,0.0,0.0,0.0
Faltec Europe Ltd,219.0,6.0,154.88,2025-03-22 03:30:30+00:00,0.0,0.0,0.0,0.0
Faltec Europe Ltd,219.0,6.0,154.88,2025-03-22 03:45:30+00:00,0.0,0.0,0.0,0.0
Faltec Europe Ltd,219.0,6.0,154.88,2025-03-22 04:00:30+00:00,0.0,0.0,0.0,0.0
Faltec Europe Ltd,219.0,6.0,154.88,2025-03-22 04:15:30+00:00,0.0,0.0,0.0,0.0
Faltec Europe Ltd,219.0,6.0,154.88,2025-03-22 04:30:30+00:00,0.0,0.0,0.0,0.0
Faltec Europe Ltd,219.0,6.0,154.88,2025-03-22 04:45:30+00:00,0.0,0.0,0.0,0.0
Faltec Europe Ltd,219.0,6.0,154.88,2025-03-22 05:00:30+00:00,0.0,0.0,0.0,0.0
Faltec Europe Ltd,219.0,6.0,154.88,2025-03-22 05:15:30+00:00,0.0,0.0,0.0,0.0
Faltec Europe Ltd,219.0,6.0,154.88,2025-03-22 05:30:30+00:00,0.0,0.0,0.0,0.0
Faltec Europe Ltd,219.0,6.0,154.88,2025-03-22 05:45:30+00:00,0.0,0.0,0.0,0.0
Faltec Europe Ltd,219.0,6.0,154.88,2025-03-22 06:00:30+00:00,0.0,0.0,0.0,0.0
Faltec Europe Ltd,219.0,6.0,154.88,2025-03-22 06:15:30+00:00,0.001,0.00025,0.00275,0.001
Faltec Europe Ltd,219.0,6.0,154.88,2025-03-22 06:30:30+00:00,0.003,0.0005,0.0065,0.00325
Faltec Europe Ltd,219.0,6.0,154.88,2025-03-22 06:45:30+00:00,0.00575,0.00225,0.01325,0.00575
Faltec Europe Ltd,219.0,6.0,154.88,2025-03-22 07:00:30+00:00,0.01375,0.0035,0.01875,0.0145
Faltec Europe Ltd,219.0,6.0,154.88,2025-03-22 07:15:30+00:00,0.0145,0.00575,0.02925,0.01475
Faltec Europe Ltd,219.0,6.0,154.88,2025-03-22 07:30:30+00:00,0.0235,0.00475,0.0345,0.0245
Faltec Europe Ltd,219.0,6.0,154.88,2025-03-22 07:45:30+00:00,0.019,0.00375,0.0405,0.01925
Faltec Europe Ltd,219.0,6.0,154.88,2025-03-22 08:00:30+00:00,0.01475,0.004,0.03725,0.015
Faltec Europe Ltd,219.0,6.0,154.88,2025-03-22 08:15:30+00:00,0.01425,0.00475,0.0325,0.01425
Faltec Europe Ltd,219.0,6.0,154.88,2025-03-22 08:30:30+00:00,0.01525,0.00525,0.03075,0.01525
Faltec Europe Ltd,219.0,6.0,154.88,2025-03-22 08:45:30+00:00,0.02175,0.006,0.03025,0.022
Faltec Europe Ltd,219.0,6.0,154.88,2025-03-22 09:00:30+00:00,0.015,0.0065,0.03225,0.015
Faltec Europe Ltd,219.0,6.0,154.88,2025-03-22 09:15:30+00:00,0.015,0.007,0.03625,0.015
Faltec Europe Ltd,219.0,6.0,154.88,2025-03-22 09:30:30+00:00,0.02525,0.00775,0.0465,0.02525
Faltec Europe Ltd,219.0,6.0,154.88,2025-03-22 09:45:30+00:00,0.03225,0.00825,0.0585,0.0325
Faltec Europe Ltd,219.0,6.0,154.88,2025-03-22 10:00:30+00:00,0.0375,0.0085,0.0695,0.0375
Faltec Europe Ltd,219.0,6.0,154.88,2025-03-22 10:15:30+00:00,0.04625,0.0165,0.08,0.0465
Faltec Europe Ltd,219.0,6.0,154.88,2025-03-22 10:30:30+00:00,0.061,0.02975,0.089,0.06075
Faltec Europe Ltd,219.0,6.0,154.88,2025-03-22 10:45:30+00:00,0.071,0.04175,0.09375,0.07
Faltec Europe Ltd,219.0,6.0,154.88,2025-03-22 11:00:30+00:00,0.06975,0.04425,0.09275,0.06925
Faltec Europe Ltd,219.0,6.0,154.88,2025-03-22 11:15:30+00:00,0.06475,0.03875,0.08975,0.06425
Faltec Europe Ltd,219.0,6.0,154.88,2025-03-22 11:30:30+00:00,0.05775,0.032,0.0855,0.05725
Faltec Europe Ltd,219.0,6.0,154.88,2025-03-22 11:45:30+00:00,0.05325,0.029,0.07825,0.053
Faltec Europe Ltd,219.0,6.0,154.88,2025-03-22 12:00:30+00:00,0.04975,0.02775,0.072,0.0495
Faltec Europe Ltd,219.0,6.0,154.88,2025-03-22 12:15:30+00:00,0.04625,0.02625,0.06725,0.04625
Faltec Europe Ltd,219.0,6.0,154.88,2025-03-22 12:30:30+00:00,0.0435,0.02325,0.0625,0.0435
Faltec Europe Ltd,219.0,6.0,154.88,2025-03-22 12:45:30+00:00,0.0385,0.0205,0.05675,0.0385
Faltec Europe Ltd,219.0,6.0,154.88,2025-03-22 13:00:30+00:00,0.03375,0.02,0.05075,0.034
Faltec Europe Ltd,219.0,6.0,154.88,2025-03-22 13:15:30+00:00,0.0335,0.021,0.0475,0.0335
Faltec Europe Ltd,219.0,6.0,154.88,2025-03-22 13:30:30+00:00,0.0355,0.02275,0.04625,0.0355
Faltec Europe Ltd,219.0,6.0,154.88,2025-03-22 13:45:30+00:00,0.0345,0.02275,0.04525,0.0345
Faltec Europe Ltd,219.0,6.0,154.88,2025-03-22 14:00:30+00:00,0.032,0.0215,0.04375,0.032
Faltec Europe Ltd,219.0,6.0,154.88,2025-03-22 14:15:30+00:00,0.03125,0.01975,0.0435,0.03125
Faltec Europe Ltd,219.0,6.0,154.88,2025-03-22 14:30:30+00:00,0.03175,0.0195,0.04375,0.03175
Faltec Europe Ltd,219.0,6.0,154.88,2025-03-22 14:45:30+00:00,0.03175,0.0205,0.04325,0.0315
Faltec Europe Ltd,219.0,6.0,154.88,2025-03-22 15:00:30+00:00,0.032,0.019,0.04325,0.032
Faltec Europe Ltd,219.0,6.0,154.88,2025-03-22 15:15:30+00:00,0.0295,0.015,0.042,0.02925
Faltec Europe Ltd,219.0,6.0,154.88,2025-03-22 15:30:30+00:00,0.02325,0.007,0.03775,0.0235
Faltec Europe Ltd,219.0,6.0,154.88,2025-03-22 15:45:30+00:00,0.01425,0.00525,0.03025,0.0145
Faltec Europe Ltd,219.0,6.0,154.88,2025-03-22 16:00:30+00:00,0.011,0.0045,0.02425,0.01125
Faltec Europe Ltd,219.0,6.0,154.88,2025-03-22 16:15:30+00:00,0.012,0.004,0.021,0.012
Faltec Europe Ltd,219.0,6.0,154.88,2025-03-22 16:30:30+00:00,0.011,0.00325,0.0185,0.011
Faltec Europe Ltd,219.0,6.0,154.88,2025-03-22 16:45:30+00:00,0.0075,0.00275,0.016,0.00775
Faltec Europe Ltd,219.0,6.0,154.88,2025-03-22 17:00:30+00:00,0.006,0.002,0.01325,0.00625
Faltec Europe Ltd,219.0,6.0,154.88,2025-03-22 17:15:30+00:00,0.00575,0.0015,0.011,0.006
Faltec Europe Ltd,219.0,6.0,154.88,2025-03-22 17:30:30+00:00,0.00425,0.001,0.008,0.00425
Faltec Europe Ltd,219.0,6.0,154.88,2025-03-22 17:45:30+00:00,0.00225,0.0005,0.0045,0.00225
Faltec Europe Ltd,219.0,6.0,154.88,2025-03-22 18:00:30+00:00,0.0005,0.00025,0.00175,0.0005
Faltec Europe Ltd,219.0,6.0,154.88,2025-03-22 18:15:30+00:00,0.0,0.0,0.00025,0.0
Faltec Europe Ltd,219.0,6.0,154.88,2025-03-22 18:30:30+00:00,0.0,0.0,0.0,0.0
Faltec Europe Ltd,219.0,6.0,154.88,2025-03-22 18:45:30+00:00,0.0,0.0,0.0,0.0
Faltec Europe Ltd,219.0,6.0,154.88,2025-03-22 19:00:30+00:00,0.0,0.0,0.0,0.0
Faltec Europe Ltd,219.0,6.0,154.88,2025-03-22 19:15:30+00:00,0.0,0.0,0.0,0.0
Faltec Europe Ltd,219.0,6.0,154.88,2025-03-22 19:30:30+00:00,0.0,0.0,0.0,0.0
Faltec Europe Ltd,219.0,6.0,154.88,2025-03-22 19:45:30+00:00,0.0,0.0,0.0,0.0
Faltec Europe Ltd,219.0,6.0,154.88,2025-03-22 20:00:30+00:00,0.0,0.0,0.0,0.0
Faltec Europe Ltd,219.0,6.0,154.88,2025-03-22 20:15:30+00:00,0.0,0.0,0.0,0.0
Faltec Europe Ltd,219.0,6.0,154.88,2025-03-22 20:30:30+00:00,0.0,0.0,0.0,0.0
Faltec Europe Ltd,219.0,6.0,154.88,2025-03-22 20:45:30+00:00,0.0,0.0,0.0,0.0
Faltec Europe Ltd,219.0,6.0,154.88,2025-03-22 21:00:30+00:00,0.0,0.0,0.0,0.0
Faltec Europe Ltd,219.0,6.0,154.88,2025-03-22 21:15:30+00:00,0.0,0.0,0.0,0.0
Faltec Europe Ltd,219.0,6.0,154.88,2025-03-22 21:30:30+00:00,0.0,0.0,0.0,0.0
Faltec Europe Ltd,219.0,6.0,154.88,2025-03-22 21:45:30+00:00,0.0,0.0,0.0,0.0
Faltec Europe Ltd,219.0,6.0,154.88,2025-03-22 22:00:30+00:00,0.0,0.0,0.0,0.0
Faltec Europe Ltd,219.0,6.0,154.88,2025-03-22 22:15:30+00:00,0.0,0.0,0.0,0.0
Faltec Europe Ltd,219.0,6.0,154.88,2025-03-22 22:30:30+00:00,0.0,0.0,0.0,0.0
Faltec Europe Ltd,219.0,6.0,154.88,2025-03-22 22:45:30+00:00,0.0,0.0,0.0,0.0
Faltec Europe Ltd,219.0,6.0,154.88,2025-03-22 23:00:30+00:00,0.0,0.0,0.0,0.0
Faltec Europe Ltd,219.0,6.0,154.88,2025-03-22 23:15:30+00:00,0.0,0.0,0.0,0.0
Faltec Europe Ltd,219.0,6.0,154.88,2025-03-22 23:30:30+00:00,0.0,0.0,0.0,0.0
Faltec Europe Ltd,219.0,6.0,154.88,2025-03-22 23:45:30+00:00,0.0,0.0,0.0,0.0
Faltec Europe Ltd,219.0,6.0,154.88,2025-03-23 00:00:30+00:00,0.0,0.0,0.0,0.0
Faltec Europe Ltd,219.0,6.0,154.88,2025-03-23 00:15:30+00:00,0.0,0.0,0.0,0.0
Faltec Europe Ltd,219.0,6.0,154.88,2025-03-23 00:30:30+00:00,0.0,0.0,0.0,0.0
Faltec Europe Ltd,219.0,6.0,154.88,2025-03-23 00:45:30+00:00,0.0,0.0,0.0,0.0
Faltec Europe Ltd,219.0,6.0,154.88,2025-03-23 01:00:30+00:00,0.0,0.0,0.0,0.0
Faltec Europe Ltd,219.0,6.0,154.88,2025-03-23 01:15:30+00:00,0.0,0.0,0.0,0.0
Faltec Europe Ltd,219.0,6.0,154.88,2025-03-23 01:30:30+00:00,0.0,0.0,0.0,0.0
Faltec Europe Ltd,219.0,6.0,154.88,2025-03-23 01:45:30+00:00,0.0,0.0,0.0,0.0
Faltec Europe Ltd,219.0,6.0,154.88,2025-03-23 02:00:30+00:00,0.0,0.0,0.0,0.0
Faltec Europe Ltd,219.0,6.0,154.88,2025-03-23 02:15:30+00:00,0.0,0.0,0.0,0.0
Faltec Europe Ltd,219.0,6.0,154.88,2025-03-23 02:30:30+00:00,0.0,0.0,0.0,0.0
Faltec Europe Ltd,219.0,6.0,154.88,2025-03-23 02:45:30+00:00,0.0,0.0,0.0,0.0
Faltec Europe Ltd,219.0,6.0,154.88,2025-03-23 03:00:30+00:00,0.0,0.0,0.0,0.0
Faltec Europe Ltd,219.0,6.0,154.88,2025-03-23 03:15:30+00:00,0.0,0.0,0.0,0.0
Faltec Europe Ltd,219.0,6.0,154.88,2025-03-23 03:30:30+00:00,0.0,0.0,0.0,0.0
Faltec Europe Ltd,219.0,6.0,154.88,2025-03-23 03:45:30+00:00,0.0,0.0,0.0,0.0
Faltec Europe Ltd,219.0,6.0,154.88,2025-03-23 04:00:30+00:00,0.0,0.0,0.0,0.0
Faltec Europe Ltd,219.0,6.0,154.88,2025-03-23 04:15:30+00:00,0.0,0.0,0.0,0.0
Faltec Europe Ltd,219.0,6.0,154.88,2025-03-23 04:30:30+00:00,0.0,0.0,0.0,0.0
Faltec Europe Ltd,219.0,6.0,154.88,2025-03-23 04:45:30+00:00,0.0,0.0,0.0,0.0
Faltec Europe Ltd,219.0,6.0,154.88,2025-03-23 05:00:30+00:00,0.0,0.0,0.0,0.0
Faltec Europe Ltd,219.0,6.0,154.88,2025-03-23 05:15:30+00:00,0.0,0.0,0.0,0.0
Faltec Europe Ltd,219.0,6.0,154.88,2025-03-23 05:30:30+00:00,0.0,0.0,0.0,0.0
Faltec Europe Ltd,219.0,6.0,154.88,2025-03-23 05:45:30+00:00,0.0,0.0,0.0,0.0
Faltec Europe Ltd,219.0,6.0,154.88,2025-03-23 06:00:30+00:00,0.0,0.0,0.00025,0.0
Faltec Europe Ltd,219.0,6.0,154.88,2025-03-23 06:15:30+00:00,0.001,0.00025,0.0025,0.001
Faltec Europe Ltd,219.0,6.0,154.88,2025-03-23 06:30:30+00:00,0.00275,0.0005,0.00625,0.00275
Faltec Europe Ltd,219.0,6.0,154.88,2025-03-23 06:45:30+00:00,0.006,0.00125,0.0115,0.00625
Faltec Europe Ltd,219.0,6.0,154.88,2025-03-23 07:00:30+00:00,0.01025,0.0045,0.018,0.01025
Faltec Europe Ltd,219.0,6.0,154.88,2025-03-23 07:15:30+00:00,0.01675,0.0085,0.02375,0.01725
Faltec Europe Ltd,219.0,6.0,154.88,2025-03-23 07:30:30+00:00,0.0215,0.0125,0.029,0.022
Faltec Europe Ltd,219.0,6.0,154.88,2025-03-23 07:45:30+00:00,0.024,0.01475,0.034,0.0245
Faltec Europe Ltd,219.0,6.0,154.88,2025-03-23 08:00:30+00:00,0.0275,0.0165,0.03725,0.028
Faltec Europe Ltd,219.0,6.0,154.88,2025-03-23 08:15:30+00:00,0.02875,0.01825,0.0395,0.029
Faltec Europe Ltd,219.0,6.0,154.88,2025-03-23 08:30:30+00:00,0.03,0.021,0.0405,0.03025
Faltec Europe Ltd,219.0,6.0,154.88,2025-03-23 08:45:30+00:00,0.0335,0.02325,0.045,0.03375
Faltec Europe Ltd,219.0,6.0,154.88,2025-03-23 09:00:30+00:00,0.039,0.0225,0.0505,0.03925
Faltec Europe Ltd,219.0,6.0,154.88,2025-03-23 09:15:30+00:00,0.037,0.01825,0.05475,0.03725
Faltec Europe Ltd,219.0,6.0,154.88,2025-03-23 09:30:30+00:00,0.03325,0.014,0.0535,0.0335
Faltec Europe Ltd,219.0,6.0,154.88,2025-03-23 09:45:30+00:00,0.0305,0.014,0.0495,0.03075
Faltec Europe Ltd,219.0,6.0,154.88,2025-03-23 10:00:30+00:00,0.031,0.01675,0.0455,0.03125
Faltec Europe Ltd,219.0,6.0,154.88,2025-03-23 10:15:30+00:00,0.03175,0.01975,0.044,0.032
Faltec Europe Ltd,219.0,6.0,154.88,2025-03-23 10:30:30+00:00,0.0325,0.0205,0.044,0.03275
Faltec Europe Ltd,219.0,6.0,154.88,2025-03-23 10:45:30+00:00,0.03225,0.02,0.0445,0.0325
Faltec Europe Ltd,219.0,6.0,154.88,2025-03-23 11:00:30+00:00,0.03175,0.01925,0.04475,0.03175
Faltec Europe Ltd,219.0,6.0,154.88,2025-03-23 11:15:30+00:00,0.03175,0.01875,0.04425,0.03175
Faltec Europe Ltd,219.0,6.0,154.88,2025-03-23 11:30:30+00:00,0.031,0.0185,0.04375,0.031
Faltec Europe Ltd,219.0,6.0,154.88,2025-03-23 11:45:30+00:00,0.0305,0.01825,0.04325,0.0305
Faltec Europe Ltd,219.0,6.0,154.88,2025-03-23 12:00:30+00:00,0.03075,0.018,0.04275,0.03075
Faltec Europe Ltd,219.0,6.0,154.88,2025-03-23 12:15:30+00:00,0.02975,0.01775,0.04225,0.03
Faltec Europe Ltd,219.0,6.0,154.88,2025-03-23 12:30:30+00:00,0.0295,0.017,0.0415,0.0295
Faltec Europe Ltd,219.0,6.0,154.88,2025-03-23 12:45:30+00:00,0.0285,0.01625,0.0405,0.0285
Faltec Europe Ltd,219.0,6.0,154.88,2025-03-23 13:00:30+00:00,0.02725,0.01575,0.03925,0.0275
Faltec Europe Ltd,219.0,6.0,154.88,2025-03-23 13:15:30+00:00,0.0265,0.01525,0.03825,0.0265
Faltec Europe Ltd,219.0,6.0,154.88,2025-03-23 13:30:30+00:00,0.02625,0.01475,0.0375,0.02625
Faltec Europe Ltd,219.0,6.0,154.88,2025-03-23 13:45:30+00:00,0.0255,0.0135,0.038,0.02575
Faltec Europe Ltd,219.0,6.0,154.88,2025-03-23 14:00:30+00:00,0.02525,0.01175,0.03875,0.0255
Faltec Europe Ltd,219.0,6.0,154.88,2025-03-23 14:15:30+00:00,0.0245,0.012,0.04025,0.02475
Faltec Europe Ltd,219.0,6.0,154.88,2025-03-23 14:30:30+00:00,0.0285,0.01375,0.041,0.0285
Faltec Europe Ltd,219.0,6.0,154.88,2025-03-23 14:45:30+00:00,0.029,0.017,0.0395,0.029
Faltec Europe Ltd,219.0,6.0,154.88,2025-03-23 15:00:30+00:00,0.02675,0.01725,0.03575,0.02675
Faltec Europe Ltd,219.0,6.0,154.88,2025-03-23 15:15:30+00:00,0.0235,0.01625,0.03175,0.0235
Faltec Europe Ltd,219.0,6.0,154.88,2025-03-23 15:30:30+00:00,0.02175,0.014,0.02975,0.02175
Faltec Europe Ltd,219.0,6.0,154.88,2025-03-23 15:45:30+00:00,0.0205,0.01225,0.0285,0.0205
Faltec Europe Ltd,219.0,6.0,154.88,2025-03-23 16:00:30+00:00,0.01875,0.01075,0.02675,0.019
Faltec Europe Ltd,219.0,6.0,154.88,2025-03-23 16:15:30+00:00,0.0165,0.00875,0.0245,0.01675
Faltec Europe Ltd,219.0,6.0,154.88,2025-03-23 16:30:30+00:00,0.0145,0.00675,0.022,0.0145
Faltec Europe Ltd,219.0,6.0,154.88,2025-03-23 16:45:30+00:00,0.01225,0.005,0.0195,0.01225
Faltec Europe Ltd,219.0,6.0,154.88,2025-03-23 17:00:30+00:00,0.01,0.00375,0.0165,0.01025
Faltec Europe Ltd,219.0,6.0,154.88,2025-03-23 17:15:30+00:00,0.008,0.00275,0.01325,0.008
Faltec Europe Ltd,219.0,6.0,154.88,2025-03-23 17:30:30+00:00,0.00575,0.002,0.00925,0.00575
Faltec Europe Ltd,219.0,6.0,154.88,2025-03-23 17:45:30+00:00,0.003,0.001,0.0055,0.003
Faltec Europe Ltd,219.0,6.0,154.88,2025-03-23 18:00:30+00:00,0.001,0.0005,0.002,0.001
Faltec Europe Ltd,219.0,6.0,154.88,2025-03-23 18:15:30+00:00,0.0,0.0,0.00025,0.0
Faltec Europe Ltd,219.0,6.0,154.88,2025-03-23 18:30:30+00:00,0.0,0.0,0.0,0.0
Faltec Europe Ltd,219.0,6.0,154.88,2025-03-23 18:45:30+00:00,0.0,0.0,0.0,0.0
Faltec Europe Ltd,219.0,6.0,154.88,2025-03-23 19:00:30+00:00,0.0,0.0,0.0,0.0
Faltec Europe Ltd,219.0,6.0,154.88,2025-03-23 19:15:30+00:00,0.0,0.0,0.0,0.0
Faltec Europe Ltd,219.0,6.0,154.88,2025-03-23 19:30:30+00:00,0.0,0.0,0.0,0.0
Faltec Europe Ltd,219.0,6.0,154.88,2025-03-23 19:45:30+00:00,0.0,0.0,0.0,0.0
Faltec Europe Ltd,219.0,6.0,154.88,2025-03-23 20:00:30+00:00,0.0,0.0,0.0,0.0
Faltec Europe Ltd,219.0,6.0,154.88,2025-03-23 20:15:30+00:00,0.0,0.0,0.0,0.0
Faltec Europe Ltd,219.0,6.0,154.88,2025-03-23 20:30:30+00:00,0.0,0.0,0.0,0.0
Faltec Europe Ltd,219.0,6.0,154.88,2025-03-23 20:45:30+00:00,0.0,0.0,0.0,0.0
Faltec Europe Ltd,219.0,6.0,154.88,2025-03-23 21:00:30+00:00,0.0,0.0,0.0,0.0
Faltec Europe Ltd,219.0,6.0,154.88,2025-03-23 21:15:30+00:00,0.0,0.0,0.0,0.0
Faltec Europe Ltd,219.0,6.0,154.88,2025-03-23 21:30:30+00:00,0.0,0.0,0.0,0.0
Faltec Europe Ltd,219.0,6.0,154.88,2025-03-23 21:45:30+00:00,0.0,0.0,0.0,0.0
Faltec Europe Ltd,219.0,6.0,154.88,2025-03-23 22:00:30+00:00,0.0,0.0,0.0,0.0
Faltec Europe Ltd,219.0,6.0,154.88,2025-03-23 22:15:30+00:00,0.0,0.0,0.0,0.0
Faltec Europe Ltd,219.0,6.0,154.88,2025-03-23 22:30:30+00:00,0.0,0.0,0.0,0.0
Faltec Europe Ltd,219.0,6.0,154.88,2025-03-23 22:45:30+00:00,0.0,0.0,0.0,0.0
Faltec Europe Ltd,219.0,6.0,154.88,2025-03-23 23:00:30+00:00,0.0,0.0,0.0,0.0
Faltec Europe Ltd,219.0,6.0,154.88,2025-03-23 23:15:30+00:00,0.0,0.0,0.0,0.0
Faltec Europe Ltd,219.0,6.0,154.88,2025-03-23 23:30:30+00:00,0.0,0.0,0.0,0.0
Faltec Europe Ltd,219.0,6.0,154.88,2025-03-23 23:45:30+00:00,0.0,0.0,0.0,0.0
Faltec Europe Ltd,219.0,6.0,154.88,2025-03-24 00:00:30+00:00,0.0,0.0,0.0,0.0
Faltec Europe Ltd,219.0,6.0,154.88,2025-03-24 00:15:30+00:00,0.0,0.0,0.0,0.0
Faltec Europe Ltd,219.0,6.0,154.88,2025-03-24 00:30:30+00:00,0.0,0.0,0.0,0.0
Faltec Europe Ltd,219.0,6.0,154.88,2025-03-24 00:45:30+00:00,0.0,0.0,0.0,0.0
Faltec Europe Ltd,219.0,6.0,154.88,2025-03-24 01:00:30+00:00,0.0,0.0,0.0,0.0
Faltec Europe Ltd,219.0,6.0,154.88,2025-03-24 01:15:30+00:00,0.0,0.0,0.0,0.0
Faltec Europe Ltd,219.0,6.0,154.88,2025-03-24 01:30:30+00:00,0.0,0.0,0.0,0.0
Faltec Europe Ltd,219.0,6.0,154.88,2025-03-24 01:45:30+00:00,0.0,0.0,0.0,0.0
Faltec Europe Ltd,219.0,6.0,154.88,2025-03-24 02:00:30+00:00,0.0,0.0,0.0,0.0
Faltec Europe Ltd,219.0,6.0,154.88,2025-03-24 02:15:30+00:00,0.0,0.0,0.0,0.0
Faltec Europe Ltd,219.0,6.0,154.88,2025-03-24 02:30:30+00:00,0.0,0.0,0.0,0.0
Faltec Europe Ltd,219.0,6.0,154.88,2025-03-24 02:45:30+00:00,0.0,0.0,0.0,0.0
Faltec Europe Ltd,219.0,6.0,154.88,2025-03-24 03:00:30+00:00,0.0,0.0,0.0,0.0
Faltec Europe Ltd,219.0,6.0,154.88,2025-03-24 03:15:30+00:00,0.0,0.0,0.0,0.0
Faltec Europe Ltd,219.0,6.0,154.88,2025-03-24 03:30:30+00:00,0.0,0.0,0.0,0.0
Faltec Europe Ltd,219.0,6.0,154.88,2025-03-24 03:45:30+00:00,0.0,0.0,0.0,0.0
Faltec Europe Ltd,219.0,6.0,154.88,2025-03-24 04:00:30+00:00,0.0,0.0,0.0,0.0
Faltec Europe Ltd,219.0,6.0,154.88,2025-03-24 04:15:30+00:00,0.0,0.0,0.0,0.0
Faltec Europe Ltd,219.0,6.0,154.88,2025-03-24 04:30:30+00:00,0.0,0.0,0.0,0.0
Faltec Europe Ltd,219.0,6.0,154.88,2025-03-24 04:45:30+00:00,0.0,0.0,0.0,0.0
Faltec Europe Ltd,219.0,6.0,154.88,2025-03-24 05:00:30+00:00,0.0,0.0,0.0,0.0
Faltec Europe Ltd,219.0,6.0,154.88,2025-03-24 05:15:30+00:00,0.0,0.0,0.0,0.0
Faltec Europe Ltd,219.0,6.0,154.88,2025-03-24 05:30:30+00:00,0.0,0.0,0.0,0.0
Faltec Europe Ltd,219.0,6.0,154.88,2025-03-24 05:45:30+00:00,0.0,0.0,0.0,0.0
Faltec Europe Ltd,219.0,6.0,154.88,2025-03-24 06:00:30+00:00,0.00075,0.0005,0.001,0.00075
Faltec Europe Ltd,219.0,6.0,154.88,2025-03-24 06:15:30+00:00,0.004,0.00225,0.00575,0.004
Faltec Europe Ltd,219.0,6.0,154.88,2025-03-24 06:30:30+00:00,0.008,0.00375,0.0115,0.009
Faltec Europe Ltd,219.0,6.0,154.88,2025-03-24 06:45:30+00:00,0.0125,0.0045,0.019,0.0135
Faltec Europe Ltd,219.0,6.0,154.88,2025-03-24 07:00:30+00:00,0.01475,0.0045,0.02475,0.0155
Faltec Europe Ltd,219.0,6.0,154.88,2025-03-24 07:15:30+00:00,0.0165,0.00575,0.02825,0.017
Faltec Europe Ltd,219.0,6.0,154.88,2025-03-24 07:30:30+00:00,0.01925,0.00925,0.0315,0.01975
Faltec Europe Ltd,219.0,6.0,154.88,2025-03-24 07:45:30+00:00,0.025,0.01275,0.03425,0.0255
Faltec Europe Ltd,219.0,6.0,154.88,2025-03-24 08:00:30+00:00,0.02625,0.01425,0.037,0.02675
Faltec Europe Ltd,219.0,6.0,154.88,2025-03-24 08:15:30+00:00,0.02575,0.0145,0.04,0.026
Faltec Europe Ltd,219.0,6.0,154.88,2025-03-24 08:30:30+00:00,0.02975,0.0065,0.05225,0.03
Faltec Europe Ltd,219.0,6.0,154.88,2025-03-24 08:45:30+00:00,0.03275,0.007,0.07075,0.033
Faltec Europe Ltd,219.0,6.0,154.88,2025-03-24 09:00:30+00:00,0.04775,0.01075,0.1015,0.04825
Faltec Europe Ltd,219.0,6.0,154.88,2025-03-24 09:15:30+00:00,0.088,0.0265,0.1115,0.088
Faltec Europe Ltd,219.0,6.0,154.88,2025-03-24 09:30:30+00:00,0.08025,0.03475,0.11975,0.07975
Faltec Europe Ltd,219.0,6.0,154.88,2025-03-24 09:45:30+00:00,0.0675,0.02975,0.1205,0.06725
Faltec Europe Ltd,219.0,6.0,154.88,2025-03-24 10:00:30+00:00,0.07775,0.037,0.13375,0.077
Faltec Europe Ltd,219.0,6.0,154.88,2025-03-24 10:15:30+00:00,0.118,0.056,0.1425,0.1145
Faltec Europe Ltd,219.0,6.0,154.88,2025-03-24 10:30:30+00:00,0.13575,0.089,0.15,0.13
Faltec Europe Ltd,219.0,6.0,154.88,2025-03-24 10:45:30+00:00,0.13975,0.1115,0.15575,0.1325
Faltec Europe Ltd,219.0,6.0,154.88,2025-03-24 11:00:30+00:00,0.141,0.12575,0.159,0.133
Faltec Europe Ltd,219.0,6.0,154.88,2025-03-24 11:15:30+00:00,0.14625,0.1245,0.1635,0.13725
Faltec Europe Ltd,219.0,6.0,154.88,2025-03-24 11:30:30+00:00,0.14425,0.11675,0.16775,0.135
Faltec Europe Ltd,219.0,6.0,154.88,2025-03-24 11:45:30+00:00,0.1355,0.109,0.164,0.127
Faltec Europe Ltd,219.0,6.0,154.88,2025-03-24 12:00:30+00:00,0.13,0.10475,0.15575,0.12175
Faltec Europe Ltd,219.0,6.0,154.88,2025-03-24 12:15:30+00:00,0.125,0.10475,0.152,0.11675
Faltec Europe Ltd,219.0,6.0,154.88,2025-03-24 12:30:30+00:00,0.1305,0.10675,0.15575,0.121
Faltec Europe Ltd,219.0,6.0,154.88,2025-03-24 12:45:30+00:00,0.1385,0.111,0.1645,0.1275
Faltec Europe Ltd,219.0,6.0,154.88,2025-03-24 13:00:30+00:00,0.14475,0.119,0.1685,0.1315
Faltec Europe Ltd,219.0,6.0,154.88,2025-03-24 13:15:30+00:00,0.14625,0.12675,0.165,0.13175
Faltec Europe Ltd,219.0,6.0,154.88,2025-03-24 13:30:30+00:00,0.146,0.132,0.1585,0.1305
Faltec Europe Ltd,219.0,6.0,154.88,2025-03-24 13:45:30+00:00,0.14325,0.1335,0.15175,0.1275
Faltec Europe Ltd,219.0,6.0,154.88,2025-03-24 14:00:30+00:00,0.1385,0.131,0.1455,0.1225
Faltec Europe Ltd,219.0,6.0,154.88,2025-03-24 14:15:30+00:00,0.13275,0.126,0.139,0.117
Faltec Europe Ltd,219.0,6.0,154.88,2025-03-24 14:30:30+00:00,0.12575,0.119,0.13275,0.11025
Faltec Europe Ltd,219.0,6.0,154.88,2025-03-24 14:45:30+00:00,0.11875,0.1115,0.1255,0.10375
Faltec Europe Ltd,219.0,6.0,154.88,2025-03-24 15:00:30+00:00,0.11075,0.104,0.117,0.09625
Faltec Europe Ltd,219.0,6.0,154.88,2025-03-24 15:15:30+00:00,0.10175,0.095,0.10925,0.08825
Faltec Europe Ltd,219.0,6.0,154.88,2025-03-24 15:30:30+00:00,0.0935,0.08575,0.10225,0.0805
Faltec Europe Ltd,219.0,6.0,154.88,2025-03-24 15:45:30+00:00,0.08675,0.076,0.098,0.07375
Faltec Europe Ltd,219.0,6.0,154.88,2025-03-24 16:00:30+00:00,0.08075,0.0645,0.08825,0.068
Faltec Europe Ltd,219.0,6.0,154.88,2025-03-24 16:15:30+00:00,0.07025,0.04775,0.0765,0.05975
Faltec Europe Ltd,219.0,6.0,154.88,2025-03-24 16:30:30+00:00,0.0525,0.03075,0.06475,0.045
Faltec Europe Ltd,219.0,6.0,154.88,2025-03-24 16:45:30+00:00,0.03575,0.018,0.052,0.03175
Faltec Europe Ltd,219.0,6.0,154.88,2025-03-24 17:00:30+00:00,0.0235,0.01225,0.03875,0.0215
Faltec Europe Ltd,219.0,6.0,154.88,2025-03-24 17:15:30+00:00,0.0185,0.0095,0.027,0.017
Faltec Europe Ltd,219.0,6.0,154.88,2025-03-24 17:30:30+00:00,0.01175,0.0065,0.01775,0.011
Faltec Europe Ltd,219.0,6.0,154.88,2025-03-24 17:45:30+00:00,0.006,0.00325,0.00975,0.006
Faltec Europe Ltd,219.0,6.0,154.88,2025-03-24 18:00:30+00:00,0.00225,0.0015,0.004,0.00225
Faltec Europe Ltd,219.0,6.0,154.88,2025-03-24 18:15:30+00:00,0.00075,0.0005,0.00125,0.00075
Faltec Europe Ltd,219.0,6.0,154.88,2025-03-24 18:30:30+00:00,0.0,0.0,0.0,0.0
Faltec Europe Ltd,219.0,6.0,154.88,2025-03-24 18:45:30+00:00,0.0,0.0,0.0,0.0
Faltec Europe Ltd,219.0,6.0,154.88,2025-03-24 19:00:30+00:00,0.0,0.0,0.0,0.0
Faltec Europe Ltd,219.0,6.0,154.88,2025-03-24 19:15:30+00:00,0.0,0.0,0.0,0.0
Faltec Europe Ltd,219.0,6.0,154.88,2025-03-24 19:30:30+00:00,0.0,0.0,0.0,0.0
Faltec Europe Ltd,219.0,6.0,154.88,2025-03-24 19:45:30+00:00,0.0,0.0,0.0,0.0
Faltec Europe Ltd,219.0,6.0,154.88,2025-03-24 20:00:30+00:00,0.0,0.0,0.0,0.0
Faltec Europe Ltd,219.0,6.0,154.88,2025-03-24 20:15:30+00:00,0.0,0.0,0.0,0.0
Faltec Europe Ltd,219.0,6.0,154.88,2025-03-24 20:30:30+00:00,0.0,0.0,0.0,0.0
Faltec Europe Ltd,219.0,6.0,154.88,2025-03-24 20:45:30+00:00,0.0,0.0,0.0,0.0
Faltec Europe Ltd,219.0,6.0,154.88,2025-03-24 21:00:30+00:00,0.0,0.0,0.0,0.0
Faltec Europe Ltd,219.0,6.0,154.88,2025-03-24 21:15:30+00:00,0.0,0.0,0.0,0.0
Faltec Europe Ltd,219.0,6.0,154.88,2025-03-24 21:30:30+00:00,0.0,0.0,0.0,0.0
Faltec Europe Ltd,219.0,6.0,154.88,2025-03-24 21:45:30+00:00,0.0,0.0,0.0,0.0
Faltec Europe Ltd,219.0,6.0,154.88,2025-03-24 22:00:30+00:00,0.0,0.0,0.0,0.0
Faltec Europe Ltd,219.0,6.0,154.88,2025-03-24 22:15:30+00:00,0.0,0.0,0.0,0.0
Faltec Europe Ltd,219.0,6.0,154.88,2025-03-24 22:30:30+00:00,0.0,0.0,0.0,0.0
Faltec Europe Ltd,219.0,6.0,154.88,2025-03-24 22:45:30+00:00,0.0,0.0,0.0,0.0
Faltec Europe Ltd,219.0,6.0,154.88,2025-03-24 23:00:30+00:00,0.0,0.0,0.0,0.0
Faltec Europe Ltd,219.0,6.0,154.88,2025-03-24 23:15:30+00:00,0.0,0.0,0.0,0.0
Faltec Europe Ltd,219.0,6.0,154.88,2025-03-24 23:30:30+00:00,0.0,0.0,0.0,0.0
Faltec Europe Ltd,219.0,6.0,154.88,2025-03-24 23:45:30+00:00,0.0,0.0,0.0,0.0
Faltec Europe Ltd,219.0,6.0,154.88,2025-03-25 00:00:30+00:00,0.0,0.0,0.0,0.0
Faltec Europe Ltd,219.0,6.0,154.88,2025-03-25 00:15:30+00:00,0.0,0.0,0.0,0.0
Faltec Europe Ltd,219.0,6.0,154.88,2025-03-25 00:30:30+00:00,0.0,0.0,0.0,0.0
Faltec Europe Ltd,219.0,6.0,154.88,2025-03-25 00:45:30+00:00,0.0,0.0,0.0,0.0
Faltec Europe Ltd,219.0,6.0,154.88,2025-03-25 01:00:30+00:00,0.0,0.0,0.0,0.0
Faltec Europe Ltd,219.0,6.0,154.88,2025-03-25 01:15:30+00:00,0.0,0.0,0.0,0.0
Faltec Europe Ltd,219.0,6.0,154.88,2025-03-25 01:30:30+00:00,0.0,0.0,0.0,0.0
Faltec Europe Ltd,219.0,6.0,154.88,2025-03-25 01:45:30+00:00,0.0,0.0,0.0,0.0
Faltec Europe Ltd,219.0,6.0,154.88,2025-03-25 02:00:30+00:00,0.0,0.0,0.0,0.0
Faltec Europe Ltd,219.0,6.0,154.88,2025-03-25 02:15:30+00:00,0.0,0.0,0.0,0.0
Faltec Europe Ltd,219.0,6.0,154.88,2025-03-25 02:30:30+00:00,0.0,0.0,0.0,0.0
Faltec Europe Ltd,219.0,6.0,154.88,2025-03-25 02:45:30+00:00,0.0,0.0,0.0,0.0
Faltec Europe Ltd,219.0,6.0,154.88,2025-03-25 03:00:30+00:00,0.0,0.0,0.0,0.0
Faltec Europe Ltd,219.0,6.0,154.88,2025-03-25 03:15:30+00:00,0.0,0.0,0.0,0.0
Faltec Europe Ltd,219.0,6.0,154.88,2025-03-25 03:30:30+00:00,0.0,0.0,0.0,0.0
Faltec Europe Ltd,219.0,6.0,154.88,2025-03-25 03:45:30+00:00,0.0,0.0,0.0,0.0
Faltec Europe Ltd,219.0,6.0,154.88,2025-03-25 04:00:30+00:00,0.0,0.0,0.0,0.0
Faltec Europe Ltd,219.0,6.0,154.88,2025-03-25 04:15:30+00:00,0.0,0.0,0.0,0.0
Faltec Europe Ltd,219.0,6.0,154.88,2025-03-25 04:30:30+00:00,0.0,0.0,0.0,0.0
Faltec Europe Ltd,219.0,6.0,154.88,2025-03-25 04:45:30+00:00,0.0,0.0,0.0,0.0
Faltec Europe Ltd,219.0,6.0,154.88,2025-03-25 05:00:30+00:00,0.0,0.0,0.0,0.0
Faltec Europe Ltd,219.0,6.0,154.88,2025-03-25 05:15:30+00:00,0.0,0.0,0.0,0.0
Faltec Europe Ltd,219.0,6.0,154.88,2025-03-25 05:30:30+00:00,0.0,0.0,0.0,0.0
Faltec Europe Ltd,219.0,6.0,154.88,2025-03-25 05:45:30+00:00,0.0,0.0,0.0,0.0
Faltec Europe Ltd,219.0,6.0,154.88,2025-03-25 06:00:30+00:00,0.001,0.00025,0.00225,0.001
Faltec Europe Ltd,219.0,6.0,154.88,2025-03-25 06:15:30+00:00,0.00325,0.00075,0.00625,0.00325
Faltec Europe Ltd,219.0,6.0,154.88,2025-03-25 06:30:30+00:00,0.0065,0.00225,0.01175,0.0065
Faltec Europe Ltd,219.0,6.0,154.88,2025-03-25 06:45:30+00:00,0.01125,0.00475,0.01875,0.012
Faltec Europe Ltd,219.0,6.0,154.88,2025-03-25 07:00:30+00:00,0.01775,0.00875,0.0255,0.019
Faltec Europe Ltd,219.0,6.0,154.88,2025-03-25 07:15:30+00:00,0.02275,0.01475,0.033,0.02425
Faltec Europe Ltd,219.0,6.0,154.88,2025-03-25 07:30:30+00:00,0.03025,0.02025,0.03875,0.03225
Faltec Europe Ltd,219.0,6.0,154.88,2025-03-25 07:45:30+00:00,0.036,0.02525,0.04625,0.03775
Faltec Europe Ltd,219.0,6.0,154.88,2025-03-25 08:00:30+00:00,0.04075,0.0265,0.05275,0.042
Faltec Europe Ltd,219.0,6.0,154.88,2025-03-25 08:15:30+00:00,0.04225,0.02675,0.0575,0.043
Faltec Europe Ltd,219.0,6.0,154.88,2025-03-25 08:30:30+00:00,0.043,0.025,0.06075,0.04375
Faltec Europe Ltd,219.0,6.0,154.88,2025-03-25 08:45:30+00:00,0.04325,0.024,0.073,0.04375
Faltec Europe Ltd,219.0,6.0,154.88,2025-03-25 09:00:30+00:00,0.059,0.024,0.09175,0.0595
Faltec Europe Ltd,219.0,6.0,154.88,2025-03-25 09:15:30+00:00,0.0715,0.03625,0.113,0.0715
Faltec Europe Ltd,219.0,6.0,154.88,2025-03-25 09:30:30+00:00,0.09375,0.0545,0.12625,0.09275
Faltec Europe Ltd,219.0,6.0,154.88,2025-03-25 09:45:30+00:00,0.10575,0.07825,0.128,0.104
Faltec Europe Ltd,219.0,6.0,154.88,2025-03-25 10:00:30+00:00,0.10975,0.09425,0.128,0.107
Faltec Europe Ltd,219.0,6.0,154.88,2025-03-25 10:15:30+00:00,0.11825,0.09825,0.1365,0.114
Faltec Europe Ltd,219.0,6.0,154.88,2025-03-25 10:30:30+00:00,0.12325,0.093,0.149,0.1185
Faltec Europe Ltd,219.0,6.0,154.88,2025-03-25 10:45:30+00:00,0.1215,0.0715,0.15775,0.1165
Faltec Europe Ltd,219.0,6.0,154.88,2025-03-25 11:00:30+00:00,0.0975,0.054,0.156,0.09425
Faltec Europe Ltd,219.0,6.0,154.88,2025-03-25 11:15:30+00:00,0.0965,0.04125,0.1435,0.093
Faltec Europe Ltd,219.0,6.0,154.88,2025-03-25 11:30:30+00:00,0.0815,0.0355,0.13075,0.0795
Faltec Europe Ltd,219.0,6.0,154.88,2025-03-25 11:45:30+00:00,0.07125,0.0325,0.11475,0.07
Faltec Europe Ltd,219.0,6.0,154.88,2025-03-25 12:00:30+00:00,0.067,0.02675,0.1035,0.06625
Faltec Europe Ltd,219.0,6.0,154.88,2025-03-25 12:15:30+00:00,0.05675,0.02475,0.08925,0.05625
Faltec Europe Ltd,219.0,6.0,154.88,2025-03-25 12:30:30+00:00,0.0465,0.02525,0.07775,0.0465
Faltec Europe Ltd,219.0,6.0,154.88,2025-03-25 12:45:30+00:00,0.0515,0.016,0.08725,0.05125
Faltec Europe Ltd,219.0,6.0,154.88,2025-03-25 13:00:30+00:00,0.0565,0.012,0.1035,0.056
Faltec Europe Ltd,219.0,6.0,154.88,2025-03-25 13:15:30+00:00,0.05925,0.012,0.12925,0.0585
Faltec Europe Ltd,219.0,6.0,154.88,2025-03-25 13:30:30+00:00,0.1,0.02925,0.1515,0.0935
Faltec Europe Ltd,219.0,6.0,154.88,2025-03-25 13:45:30+00:00,0.10825,0.04875,0.15725,0.10025
Faltec Europe Ltd,219.0,6.0,154.88,2025-03-25 14:00:30+00:00,0.09925,0.05525,0.15425,0.092
Faltec Europe Ltd,219.0,6.0,154.88,2025-03-25 14:15:30+00:00,0.1085,0.06725,0.15325,0.0985
Faltec Europe Ltd,219.0,6.0,154.88,2025-03-25 14:30:30+00:00,0.12825,0.082,0.15,0.113
Faltec Europe Ltd,219.0,6.0,154.88,2025-03-25 14:45:30+00:00,0.12975,0.09825,0.14425,0.11225
Faltec Europe Ltd,219.0,6.0,154.88,2025-03-25 15:00:30+00:00,0.1235,0.10675,0.137,0.10525
Faltec Europe Ltd,219.0,6.0,154.88,2025-03-25 15:15:30+00:00,0.11525,0.1075,0.1235,0.0975
Faltec Europe Ltd,219.0,6.0,154.88,2025-03-25 15:30:30+00:00,0.1075,0.1005,0.11425,0.09025
Faltec Europe Ltd,219.0,6.0,154.88,2025-03-25 15:45:30+00:00,0.09925,0.091,0.107,0.0825
Faltec Europe Ltd,219.0,6.0,154.88,2025-03-25 16:00:30+00:00,0.0895,0.0805,0.09775,0.074
Faltec Europe Ltd,219.0,6.0,154.88,2025-03-25 16:15:30+00:00,0.07925,0.06975,0.087,0.065
Faltec Europe Ltd,219.0,6.0,154.88,2025-03-25 16:30:30+00:00,0.069,0.059,0.07575,0.05575
Faltec Europe Ltd,219.0,6.0,154.88,2025-03-25 16:45:30+00:00,0.05875,0.0485,0.0645,0.04675
Faltec Europe Ltd,219.0,6.0,154.88,2025-03-25 17:00:30+00:00,0.048,0.0385,0.053,0.03775
Faltec Europe Ltd,219.0,6.0,154.88,2025-03-25 17:15:30+00:00,0.0375,0.02875,0.04125,0.0285
Faltec Europe Ltd,219.0,6.0,154.88,2025-03-25 17:30:30+00:00,0.027,0.01975,0.03,0.02
Faltec Europe Ltd,219.0,6.0,154.88,2025-03-25 17:45:30+00:00,0.01675,0.012,0.01875,0.012
Faltec Europe Ltd,219.0,6.0,154.88,2025-03-25 18:00:30+00:00,0.006,0.005,0.00675,0.005
Faltec Europe Ltd,219.0,6.0,154.88,2025-03-25 18:15:30+00:00,0.00175,0.0015,0.002,0.002
Faltec Europe Ltd,219.0,6.0,154.88,2025-03-25 18:30:30+00:00,0.0,0.0,0.0,0.0
Faltec Europe Ltd,219.0,6.0,154.88,2025-03-25 18:45:30+00:00,0.0,0.0,0.0,0.0
Faltec Europe Ltd,219.0,6.0,154.88,2025-03-25 19:00:30+00:00,0.0,0.0,0.0,0.0
Faltec Europe Ltd,219.0,6.0,154.88,2025-03-25 19:15:30+00:00,0.0,0.0,0.0,0.0
Faltec Europe Ltd,219.0,6.0,154.88,2025-03-25 19:30:30+00:00,0.0,0.0,0.0,0.0
Faltec Europe Ltd,219.0,6.0,154.88,2025-03-25 19:45:30+00:00,0.0,0.0,0.0,0.0
Faltec Europe Ltd,219.0,6.0,154.88,2025-03-25 20:00:30+00:00,0.0,0.0,0.0,0.0
Faltec Europe Ltd,219.0,6.0,154.88,2025-03-25 20:15:30+00:00,0.0,0.0,0.0,0.0
Faltec Europe Ltd,219.0,6.0,154.88,2025-03-25 20:30:30+00:00,0.0,0.0,0.0,0.0
Faltec Europe Ltd,219.0,6.0,154.88,2025-03-25 20:45:30+00:00,0.0,0.0,0.0,0.0
Faltec Europe Ltd,219.0,6.0,154.88,2025-03-25 21:00:30+00:00,0.0,0.0,0.0,0.0
Faltec Europe Ltd,219.0,6.0,154.88,2025-03-25 21:15:30+00:00,0.0,0.0,0.0,0.0
Faltec Europe Ltd,219.0,6.0,154.88,2025-03-25 21:30:30+00:00,0.0,0.0,0.0,0.0
Faltec Europe Ltd,219.0,6.0,154.88,2025-03-25 21:45:30+00:00,0.0,0.0,0.0,0.0
Faltec Europe Ltd,219.0,6.0,154.88,2025-03-25 22:00:30+00:00,0.0,0.0,0.0,0.0
Faltec Europe Ltd,219.0,6.0,154.88,2025-03-25 22:15:30+00:00,0.0,0.0,0.0,0.0
Faltec Europe Ltd,219.0,6.0,154.88,2025-03-25 22:30:30+00:00,0.0,0.0,0.0,0.0
Faltec Europe Ltd,219.0,6.0,154.88,2025-03-25 22:45:30+00:00,0.0,0.0,0.0,0.0
Faltec Europe Ltd,219.0,6.0,154.88,2025-03-25 23:00:30+00:00,0.0,0.0,0.0,0.0
Faltec Europe Ltd,219.0,6.0,154.88,2025-03-25 23:15:30+00:00,0.0,0.0,0.0,0.0
Faltec Europe Ltd,219.0,6.0,154.88,2025-03-25 23:30:30+00:00,0.0,0.0,0.0,0.0
Faltec Europe Ltd,219.0,6.0,154.88,2025-03-25 23:45:30+00:00,0.0,0.0,0.0,0.0
Faltec Europe Ltd,219.0,6.0,154.88,2025-03-26 00:00:30+00:00,0.0,0.0,0.0,0.0
Faltec Europe Ltd,219.0,6.0,154.88,2025-03-26 00:15:30+00:00,0.0,0.0,0.0,0.0
Faltec Europe Ltd,219.0,6.0,154.88,2025-03-26 00:30:30+00:00,0.0,0.0,0.0,0.0
Faltec Europe Ltd,219.0,6.0,154.88,2025-03-26 00:45:30+00:00,0.0,0.0,0.0,0.0
Faltec Europe Ltd,219.0,6.0,154.88,2025-03-26 01:00:30+00:00,0.0,0.0,0.0,0.0
Faltec Europe Ltd,219.0,6.0,154.88,2025-03-26 01:15:30+00:00,0.0,0.0,0.0,0.0
Faltec Europe Ltd,219.0,6.0,154.88,2025-03-26 01:30:30+00:00,0.0,0.0,0.0,0.0
Faltec Europe Ltd,219.0,6.0,154.88,2025-03-26 01:45:30+00:00,0.0,0.0,0.0,0.0
Faltec Europe Ltd,219.0,6.0,154.88,2025-03-26 02:00:30+00:00,0.0,0.0,0.0,0.0
Faltec Europe Ltd,219.0,6.0,154.88,2025-03-26 02:15:30+00:00,0.0,0.0,0.0,0.0
Faltec Europe Ltd,219.0,6.0,154.88,2025-03-26 02:30:30+00:00,0.0,0.0,0.0,0.0
Faltec Europe Ltd,219.0,6.0,154.88,2025-03-26 02:45:30+00:00,0.0,0.0,0.0,0.0
Faltec Europe Ltd,219.0,6.0,154.88,2025-03-26 03:00:30+00:00,0.0,0.0,0.0,0.0
Faltec Europe Ltd,219.0,6.0,154.88,2025-03-26 03:15:30+00:00,0.0,0.0,0.0,0.0
Faltec Europe Ltd,219.0,6.0,154.88,2025-03-26 03:30:30+00:00,0.0,0.0,0.0,0.0
Faltec Europe Ltd,219.0,6.0,154.88,2025-03-26 03:45:30+00:00,0.0,0.0,0.0,0.0
Faltec Europe Ltd,219.0,6.0,154.88,2025-03-26 04:00:30+00:00,0.0,0.0,0.0,0.0
Faltec Europe Ltd,219.0,6.0,154.88,2025-03-26 04:15:30+00:00,0.0,0.0,0.0,0.0
Faltec Europe Ltd,219.0,6.0,154.88,2025-03-26 04:30:30+00:00,0.0,0.0,0.0,0.0
Faltec Europe Ltd,219.0,6.0,154.88,2025-03-26 04:45:30+00:00,0.0,0.0,0.0,0.0
Faltec Europe Ltd,219.0,6.0,154.88,2025-03-26 05:00:30+00:00,0.0,0.0,0.0,0.0
Faltec Europe Ltd,219.0,6.0,154.88,2025-03-26 05:15:30+00:00,0.0,0.0,0.0,0.0
Faltec Europe Ltd,219.0,6.0,154.88,2025-03-26 05:30:30+00:00,0.0,0.0,0.0,0.0
Faltec Europe Ltd,219.0,6.0,154.88,2025-03-26 05:45:30+00:00,0.0,0.0,0.0,0.0
Faltec Europe Ltd,219.0,6.0,154.88,2025-03-26 06:00:30+00:00,0.00225,0.00175,0.003,0.00225
Faltec Europe Ltd,219.0,6.0,154.88,2025-03-26 06:15:30+00:00,0.00525,0.00375,0.007,0.00675
Faltec Europe Ltd,219.0,6.0,154.88,2025-03-26 06:30:30+00:00,0.0105,0.0075,0.0135,0.01325
Faltec Europe Ltd,219.0,6.0,154.88,2025-03-26 06:45:30+00:00,0.01825,0.01225,0.0215,0.02225
Faltec Europe Ltd,219.0,6.0,154.88,2025-03-26 07:00:30+00:00,0.0245,0.01775,0.0305,0.0285
Faltec Europe Ltd,219.0,6.0,154.88,2025-03-26 07:15:30+00:00,0.03125,0.02475,0.04025,0.03525
Faltec Europe Ltd,219.0,6.0,154.88,2025-03-26 07:30:30+00:00,0.043,0.03275,0.05,0.04775
Faltec Europe Ltd,219.0,6.0,154.88,2025-03-26 07:45:30+00:00,0.0525,0.04225,0.06025,0.05675
Faltec Europe Ltd,219.0,6.0,154.88,2025-03-26 08:00:30+00:00,0.05975,0.05225,0.07,0.0635
Faltec Europe Ltd,219.0,6.0,154.88,2025-03-26 08:15:30+00:00,0.07075,0.0625,0.07825,0.074
Faltec Europe Ltd,219.0,6.0,154.88,2025-03-26 08:30:30+00:00,0.08075,0.0735,0.0875,0.08325
Faltec Europe Ltd,219.0,6.0,154.88,2025-03-26 08:45:30+00:00,0.09,0.0835,0.096,0.0915
Faltec Europe Ltd,219.0,6.0,154.88,2025-03-26 09:00:30+00:00,0.0985,0.092,0.104,0.099
Faltec Europe Ltd,219.0,6.0,154.88,2025-03-26 09:15:30+00:00,0.1055,0.09975,0.1135,0.105
Faltec Europe Ltd,219.0,6.0,154.88,2025-03-26 09:30:30+00:00,0.116,0.10775,0.123,0.1145
Faltec Europe Ltd,219.0,6.0,154.88,2025-03-26 09:45:30+00:00,0.1245,0.11675,0.131,0.12175
Faltec Europe Ltd,219.0,6.0,154.88,2025-03-26 10:00:30+00:00,0.13075,0.12425,0.1375,0.12675
Faltec Europe Ltd,219.0,6.0,154.88,2025-03-26 10:15:30+00:00,0.13775,0.1315,0.14375,0.13225
Faltec Europe Ltd,219.0,6.0,154.88,2025-03-26 10:30:30+00:00,0.14425,0.136,0.15175,0.13725
Faltec Europe Ltd,219.0,6.0,154.88,2025-03-26 10:45:30+00:00,0.1495,0.1385,0.15925,0.1415
Faltec Europe Ltd,219.0,6.0,154.88,2025-03-26 11:00:30+00:00,0.1525,0.13875,0.16425,0.1435
Faltec Europe Ltd,219.0,6.0,154.88,2025-03-26 11:15:30+00:00,0.1515,0.13875,0.165,0.142
Faltec Europe Ltd,219.0,6.0,154.88,2025-03-26 11:30:30+00:00,0.152,0.14175,0.16475,0.142
Faltec Europe Ltd,219.0,6.0,154.88,2025-03-26 11:45:30+00:00,0.15625,0.1455,0.1645,0.145
Faltec Europe Ltd,219.0,6.0,154.88,2025-03-26 12:00:30+00:00,0.1565,0.14875,0.165,0.1445
Faltec Europe Ltd,219.0,6.0,154.88,2025-03-26 12:15:30+00:00,0.15775,0.14925,0.16575,0.14475
Faltec Europe Ltd,219.0,6.0,154.88,2025-03-26 12:30:30+00:00,0.15825,0.15,0.1665,0.1445
Faltec Europe Ltd,219.0,6.0,154.88,2025-03-26 12:45:30+00:00,0.1585,0.149,0.16725,0.144
Faltec Europe Ltd,219.0,6.0,154.88,2025-03-26 13:00:30+00:00,0.15725,0.14625,0.1665,0.142
Faltec Europe Ltd,219.0,6.0,154.88,2025-03-26 13:15:30+00:00,0.1525,0.141,0.163,0.13725
Faltec Europe Ltd,219.0,6.0,154.88,2025-03-26 13:30:30+00:00,0.14625,0.1365,0.1575,0.131
Faltec Europe Ltd,219.0,6.0,154.88,2025-03-26 13:45:30+00:00,0.14225,0.1335,0.15325,0.127
Faltec Europe Ltd,219.0,6.0,154.88,2025-03-26 14:00:30+00:00,0.142,0.12925,0.15025,0.12575
Faltec Europe Ltd,219.0,6.0,154.88,2025-03-26 14:15:30+00:00,0.1345,0.124,0.14575,0.1185
Faltec Europe Ltd,219.0,6.0,154.88,2025-03-26 14:30:30+00:00,0.128,0.11875,0.14125,0.1125
Faltec Europe Ltd,219.0,6.0,154.88,2025-03-26 14:45:30+00:00,0.1275,0.115,0.136,0.111
Faltec Europe Ltd,219.0,6.0,154.88,2025-03-26 15:00:30+00:00,0.12075,0.10975,0.12925,0.10425
Faltec Europe Ltd,219.0,6.0,154.88,2025-03-26 15:15:30+00:00,0.1095,0.10175,0.1205,0.09425
Faltec Europe Ltd,219.0,6.0,154.88,2025-03-26 15:30:30+00:00,0.1035,0.09375,0.11325,0.08825
Faltec Europe Ltd,219.0,6.0,154.88,2025-03-26 15:45:30+00:00,0.097,0.08425,0.10775,0.082
Faltec Europe Ltd,219.0,6.0,154.88,2025-03-26 16:00:30+00:00,0.08825,0.0715,0.097,0.074
Faltec Europe Ltd,219.0,6.0,154.88,2025-03-26 16:15:30+00:00,0.0725,0.0565,0.085,0.061
Faltec Europe Ltd,219.0,6.0,154.88,2025-03-26 16:30:30+00:00,0.0575,0.04325,0.07275,0.04875
Faltec Europe Ltd,219.0,6.0,154.88,2025-03-26 16:45:30+00:00,0.04675,0.034,0.0615,0.0395
Faltec Europe Ltd,219.0,6.0,154.88,2025-03-26 17:00:30+00:00,0.03875,0.026,0.05,0.0325
Faltec Europe Ltd,219.0,6.0,154.88,2025-03-26 17:15:30+00:00,0.02775,0.01775,0.03825,0.02325
Faltec Europe Ltd,219.0,6.0,154.88,2025-03-26 17:30:30+00:00,0.017,0.0105,0.02575,0.01475
Faltec Europe Ltd,219.0,6.0,154.88,2025-03-26 17:45:30+00:00,0.00975,0.0055,0.015,0.00875
Faltec Europe Ltd,219.0,6.0,154.88,2025-03-26 18:00:30+00:00,0.004,0.0025,0.00625,0.004
Faltec Europe Ltd,219.0,6.0,154.88,2025-03-26 18:15:30+00:00,0.0015,0.001,0.0025,0.0015
Faltec Europe Ltd,219.0,6.0,154.88,2025-03-26 18:30:30+00:00,0.0,0.0,0.0,0.0
Faltec Europe Ltd,219.0,6.0,154.88,2025-03-26 18:45:30+00:00,0.0,0.0,0.0,0.0
Faltec Europe Ltd,219.0,6.0,154.88,2025-03-26 19:00:30+00:00,0.0,0.0,0.0,0.0
Faltec Europe Ltd,219.0,6.0,154.88,2025-03-26 19:15:30+00:00,0.0,0.0,0.0,0.0
Faltec Europe Ltd,219.0,6.0,154.88,2025-03-26 19:30:30+00:00,0.0,0.0,0.0,0.0
Faltec Europe Ltd,219.0,6.0,154.88,2025-03-26 19:45:30+00:00,0.0,0.0,0.0,0.0
Faltec Europe Ltd,219.0,6.0,154.88,2025-03-26 20:00:30+00:00,0.0,0.0,0.0,0.0
Faltec Europe Ltd,219.0,6.0,154.88,2025-03-26 20:15:30+00:00,0.0,0.0,0.0,0.0
Faltec Europe Ltd,219.0,6.0,154.88,2025-03-26 20:30:30+00:00,0.0,0.0,0.0,0.0
Faltec Europe Ltd,219.0,6.0,154.88,2025-03-26 20:45:30+00:00,0.0,0.0,0.0,0.0
Faltec Europe Ltd,219.0,6.0,154.88,2025-03-26 21:00:30+00:00,0.0,0.0,0.0,0.0
Faltec Europe Ltd,219.0,6.0,154.88,2025-03-26 21:15:30+00:00,0.0,0.0,0.0,0.0
Faltec Europe Ltd,219.0,6.0,154.88,2025-03-26 21:30:30+00:00,0.0,0.0,0.0,0.0
Faltec Europe Ltd,219.0,6.0,154.88,2025-03-26 21:45:30+00:00,0.0,0.0,0.0,0.0
Faltec Europe Ltd,219.0,6.0,154.88,2025-03-26 22:00:30+00:00,0.0,0.0,0.0,0.0
Faltec Europe Ltd,219.0,6.0,154.88,2025-03-26 22:15:30+00:00,0.0,0.0,0.0,0.0
Faltec Europe Ltd,219.0,6.0,154.88,2025-03-26 22:30:30+00:00,0.0,0.0,0.0,0.0
Faltec Europe Ltd,219.0,6.0,154.88,2025-03-26 22:45:30+00:00,0.0,0.0,0.0,0.0
Faltec Europe Ltd,219.0,6.0,154.88,2025-03-26 23:00:30+00:00,0.0,0.0,0.0,0.0
Faltec Europe Ltd,219.0,6.0,154.88,2025-03-26 23:15:30+00:00,0.0,0.0,0.0,0.0
Faltec Europe Ltd,219.0,6.0,154.88,2025-03-26 23:30:30+00:00,0.0,0.0,0.0,0.0
Faltec Europe Ltd,219.0,6.0,154.88,2025-03-26 23:45:30+00:00,0.0,0.0,0.0,0.0
Faltec Europe Ltd,219.0,6.0,154.88,2025-03-27 00:00:30+00:00,0.0,0.0,0.0,0.0
Faltec Europe Ltd,219.0,6.0,154.88,2025-03-27 00:15:30+00:00,0.0,0.0,0.0,0.0
Faltec Europe Ltd,219.0,6.0,154.88,2025-03-27 00:30:30+00:00,0.0,0.0,0.0,0.0
Faltec Europe Ltd,219.0,6.0,154.88,2025-03-27 00:45:30+00:00,0.0,0.0,0.0,0.0
Faltec Europe Ltd,219.0,6.0,154.88,2025-03-27 01:00:30+00:00,0.0,0.0,0.0,0.0
Faltec Europe Ltd,219.0,6.0,154.88,2025-03-27 01:15:30+00:00,0.0,0.0,0.0,0.0
Faltec Europe Ltd,219.0,6.0,154.88,2025-03-27 01:30:30+00:00,0.0,0.0,0.0,0.0
Faltec Europe Ltd,219.0,6.0,154.88,2025-03-27 01:45:30+00:00,0.0,0.0,0.0,0.0
Faltec Europe Ltd,219.0,6.0,154.88,2025-03-27 02:00:30+00:00,0.0,0.0,0.0,0.0
Faltec Europe Ltd,219.0,6.0,154.88,2025-03-27 02:15:30+00:00,0.0,0.0,0.0,0.0
Faltec Europe Ltd,219.0,6.0,154.88,2025-03-27 02:30:30+00:00,0.0,0.0,0.0,0.0
Faltec Europe Ltd,219.0,6.0,154.88,2025-03-27 02:45:30+00:00,0.0,0.0,0.0,0.0
Faltec Europe Ltd,219.0,6.0,154.88,2025-03-27 03:00:30+00:00,0.0,0.0,0.0,0.0
Faltec Europe Ltd,219.0,6.0,154.88,2025-03-27 03:15:30+00:00,0.0,0.0,0.0,0.0
Faltec Europe Ltd,219.0,6.0,154.88,2025-03-27 03:30:30+00:00,0.0,0.0,0.0,0.0
Faltec Europe Ltd,219.0,6.0,154.88,2025-03-27 03:45:30+00:00,0.0,0.0,0.0,0.0
Faltec Europe Ltd,219.0,6.0,154.88,2025-03-27 04:00:30+00:00,0.0,0.0,0.0,0.0
Faltec Europe Ltd,219.0,6.0,154.88,2025-03-27 04:15:30+00:00,0.0,0.0,0.0,0.0
Faltec Europe Ltd,219.0,6.0,154.88,2025-03-27 04:30:30+00:00,0.0,0.0,0.0,0.0
Faltec Europe Ltd,219.0,6.0,154.88,2025-03-27 04:45:30+00:00,0.0,0.0,0.0,0.0
Faltec Europe Ltd,219.0,6.0,154.88,2025-03-27 05:00:30+00:00,0.0,0.0,0.0,0.0
Faltec Europe Ltd,219.0,6.0,154.88,2025-03-27 05:15:30+00:00,0.0,0.0,0.0,0.0
Faltec Europe Ltd,219.0,6.0,154.88,2025-03-27 05:30:30+00:00,0.0,0.0,0.0,0.0
Faltec Europe Ltd,219.0,6.0,154.88,2025-03-27 05:45:30+00:00,0.0,0.0,0.0,0.0
Faltec Europe Ltd,219.0,6.0,154.88,2025-03-27 06:00:30+00:00,0.0005,0.00025,0.00175,0.0005
Faltec Europe Ltd,219.0,6.0,154.88,2025-03-27 06:15:30+00:00,0.00125,0.00075,0.0055,0.00125
Faltec Europe Ltd,219.0,6.0,154.88,2025-03-27 06:30:30+00:00,0.00425,0.00125,0.01,0.00425
Faltec Europe Ltd,219.0,6.0,154.88,2025-03-27 06:45:30+00:00,0.007,0.002,0.01475,0.007
Faltec Europe Ltd,219.0,6.0,154.88,2025-03-27 07:00:30+00:00,0.011,0.00275,0.019,0.011
Faltec Europe Ltd,219.0,6.0,154.88,2025-03-27 07:15:30+00:00,0.01425,0.00525,0.02325,0.01425
Faltec Europe Ltd,219.0,6.0,154.88,2025-03-27 07:30:30+00:00,0.018,0.00675,0.028,0.01825
Faltec Europe Ltd,219.0,6.0,154.88,2025-03-27 07:45:30+00:00,0.02,0.00925,0.03525,0.02025
Faltec Europe Ltd,219.0,6.0,154.88,2025-03-27 08:00:30+00:00,0.02825,0.013,0.0435,0.02875
Faltec Europe Ltd,219.0,6.0,154.88,2025-03-27 08:15:30+00:00,0.03625,0.02,0.05225,0.037
Faltec Europe Ltd,219.0,6.0,154.88,2025-03-27 08:30:30+00:00,0.04375,0.026,0.05775,0.0445
Faltec Europe Ltd,219.0,6.0,154.88,2025-03-27 08:45:30+00:00,0.0455,0.02825,0.06875,0.046
Faltec Europe Ltd,219.0,6.0,154.88,2025-03-27 09:00:30+00:00,0.056,0.02975,0.08175,0.0565
Faltec Europe Ltd,219.0,6.0,154.88,2025-03-27 09:15:30+00:00,0.0655,0.04,0.09975,0.06575
Faltec Europe Ltd,219.0,6.0,154.88,2025-03-27 09:30:30+00:00,0.08825,0.05475,0.11,0.08775
Faltec Europe Ltd,219.0,6.0,154.88,2025-03-27 09:45:30+00:00,0.093,0.0715,0.11475,0.092
Faltec Europe Ltd,219.0,6.0,154.88,2025-03-27 10:00:30+00:00,0.09775,0.0765,0.113,0.096
Faltec Europe Ltd,219.0,6.0,154.88,2025-03-27 10:15:30+00:00,0.09325,0.07725,0.1145,0.0915
Faltec Europe Ltd,219.0,6.0,154.88,2025-03-27 10:30:30+00:00,0.09625,0.07875,0.12275,0.0945
Faltec Europe Ltd,219.0,6.0,154.88,2025-03-27 10:45:30+00:00,0.11375,0.08675,0.13675,0.11
Faltec Europe Ltd,219.0,6.0,154.88,2025-03-27 11:00:30+00:00,0.125,0.09325,0.14475,0.1195
Faltec Europe Ltd,219.0,6.0,154.88,2025-03-27 11:15:30+00:00,0.11575,0.09025,0.142,0.11125
Faltec Europe Ltd,219.0,6.0,154.88,2025-03-27 11:30:30+00:00,0.10775,0.08975,0.135,0.1035
Faltec Europe Ltd,219.0,6.0,154.88,2025-03-27 11:45:30+00:00,0.114,0.0925,0.13425,0.10875
Faltec Europe Ltd,219.0,6.0,154.88,2025-03-27 12:00:30+00:00,0.11825,0.09825,0.1365,0.1125
Faltec Europe Ltd,219.0,6.0,154.88,2025-03-27 12:15:30+00:00,0.1195,0.09325,0.13525,0.11325
Faltec Europe Ltd,219.0,6.0,154.88,2025-03-27 12:30:30+00:00,0.10375,0.08375,0.13325,0.0985
Faltec Europe Ltd,219.0,6.0,154.88,2025-03-27 12:45:30+00:00,0.10225,0.07075,0.14375,0.097
Faltec Europe Ltd,219.0,6.0,154.88,2025-03-27 13:00:30+00:00,0.11625,0.06725,0.16375,0.109
Faltec Europe Ltd,219.0,6.0,154.88,2025-03-27 13:15:30+00:00,0.128,0.08025,0.17325,0.118
Faltec Europe Ltd,219.0,6.0,154.88,2025-03-27 13:30:30+00:00,0.15225,0.08575,0.17225,0.1375
Faltec Europe Ltd,219.0,6.0,154.88,2025-03-27 13:45:30+00:00,0.136,0.07975,0.166,0.12375
Faltec Europe Ltd,219.0,6.0,154.88,2025-03-27 14:00:30+00:00,0.11525,0.0535,0.15775,0.106
Faltec Europe Ltd,219.0,6.0,154.88,2025-03-27 14:15:30+00:00,0.07825,0.046,0.14225,0.074
Faltec Europe Ltd,219.0,6.0,154.88,2025-03-27 14:30:30+00:00,0.09375,0.0515,0.13625,0.0865
Faltec Europe Ltd,219.0,6.0,154.88,2025-03-27 14:45:30+00:00,0.1095,0.0525,0.13925,0.09825
Faltec Europe Ltd,219.0,6.0,154.88,2025-03-27 15:00:30+00:00,0.08775,0.0385,0.12825,0.08025
Faltec Europe Ltd,219.0,6.0,154.88,2025-03-27 15:15:30+00:00,0.0645,0.016,0.111,0.0605
Faltec Europe Ltd,219.0,6.0,154.88,2025-03-27 15:30:30+00:00,0.03875,0.0085,0.083,0.03775
Faltec Europe Ltd,219.0,6.0,154.88,2025-03-27 15:45:30+00:00,0.035,0.00775,0.0615,0.0345
Faltec Europe Ltd,219.0,6.0,154.88,2025-03-27 16:00:30+00:00,0.03,0.0085,0.04975,0.02975
Faltec Europe Ltd,219.0,6.0,154.88,2025-03-27 16:15:30+00:00,0.022,0.00875,0.04575,0.022
Faltec Europe Ltd,219.0,6.0,154.88,2025-03-27 16:30:30+00:00,0.032,0.00625,0.044,0.02975
Faltec Europe Ltd,219.0,6.0,154.88,2025-03-27 16:45:30+00:00,0.017,0.00625,0.0425,0.0165
Faltec Europe Ltd,219.0,6.0,154.88,2025-03-27 17:00:30+00:00,0.0275,0.00575,0.03925,0.0245
Faltec Europe Ltd,219.0,6.0,154.88,2025-03-27 17:15:30+00:00,0.0205,0.00525,0.0315,0.01875
Faltec Europe Ltd,219.0,6.0,154.88,2025-03-27 17:30:30+00:00,0.007,0.00175,0.02,0.007
Faltec Europe Ltd,219.0,6.0,154.88,2025-03-27 17:45:30+00:00,0.00675,0.00125,0.01225,0.0065
Faltec Europe Ltd,219.0,6.0,154.88,2025-03-27 18:00:30+00:00,0.004,0.00075,0.007,0.004
Faltec Europe Ltd,219.0,6.0,154.88,2025-03-27 18:15:30+00:00,0.00075,0.0005,0.00125,0.00075
Faltec Europe Ltd,219.0,6.0,154.88,2025-03-27 18:30:30+00:00,0.0,0.0,0.0,0.0
Faltec Europe Ltd,219.0,6.0,154.88,2025-03-27 18:45:30+00:00,0.0,0.0,0.0,0.0
Faltec Europe Ltd,219.0,6.0,154.88,2025-03-27 19:00:30+00:00,0.0,0.0,0.0,0.0
Faltec Europe Ltd,219.0,6.0,154.88,2025-03-27 19:15:30+00:00,0.0,0.0,0.0,0.0
Faltec Europe Ltd,219.0,6.0,154.88,2025-03-27 19:30:30+00:00,0.0,0.0,0.0,0.0
Faltec Europe Ltd,219.0,6.0,154.88,2025-03-27 19:45:30+00:00,0.0,0.0,0.0,0.0
Faltec Europe Ltd,219.0,6.0,154.88,2025-03-27 20:00:30+00:00,0.0,0.0,0.0,0.0
Faltec Europe Ltd,219.0,6.0,154.88,2025-03-27 20:15:30+00:00,0.0,0.0,0.0,0.0
Faltec Europe Ltd,219.0,6.0,154.88,2025-03-27 20:30:30+00:00,0.0,0.0,0.0,0.0
Faltec Europe Ltd,219.0,6.0,154.88,2025-03-27 20:45:30+00:00,0.0,0.0,0.0,0.0
Faltec Europe Ltd,219.0,6.0,154.88,2025-03-27 21:00:30+00:00,0.0,0.0,0.0,0.0
Faltec Europe Ltd,219.0,6.0,154.88,2025-03-27 21:15:30+00:00,0.0,0.0,0.0,0.0
Faltec Europe Ltd,219.0,6.0,154.88,2025-03-27 21:30:30+00:00,0.0,0.0,0.0,0.0
Faltec Europe Ltd,219.0,6.0,154.88,2025-03-27 21:45:30+00:00,0.0,0.0,0.0,0.0
Faltec Europe Ltd,219.0,6.0,154.88,2025-03-27 22:00:30+00:00,0.0,0.0,0.0,0.0
Faltec Europe Ltd,219.0,6.0,154.88,2025-03-27 22:15:30+00:00,0.0,0.0,0.0,0.0
Faltec Europe Ltd,219.0,6.0,154.88,2025-03-27 22:30:30+00:00,0.0,0.0,0.0,0.0
Faltec Europe Ltd,219.0,6.0,154.88,2025-03-27 22:45:30+00:00,0.0,0.0,0.0,0.0
Faltec Europe Ltd,219.0,6.0,154.88,2025-03-27 23:00:30+00:00,0.0,0.0,0.0,0.0
Faltec Europe Ltd,219.0,6.0,154.88,2025-03-27 23:15:30+00:00,0.0,0.0,0.0,0.0
Faltec Europe Ltd,219.0,6.0,154.88,2025-03-27 23:30:30+00:00,0.0,0.0,0.0,0.0
Faltec Europe Ltd,219.0,6.0,154.88,2025-03-27 23:45:30+00:00,0.0,0.0,0.0,0.0
Faltec Europe Ltd,219.0,6.0,154.88,2025-03-28 00:00:30+00:00,0.0,0.0,0.0,0.0
Faltec Europe Ltd,219.0,6.0,154.88,2025-03-28 00:15:30+00:00,0.0,0.0,0.0,0.0
Faltec Europe Ltd,219.0,6.0,154.88,2025-03-28 00:30:30+00:00,0.0,0.0,0.0,0.0
Faltec Europe Ltd,219.0,6.0,154.88,2025-03-28 00:45:30+00:00,0.0,0.0,0.0,0.0
Faltec Europe Ltd,219.0,6.0,154.88,2025-03-28 01:00:30+00:00,0.0,0.0,0.0,0.0
Faltec Europe Ltd,219.0,6.0,154.88,2025-03-28 01:15:30+00:00,0.0,0.0,0.0,0.0
Faltec Europe Ltd,219.0,6.0,154.88,2025-03-28 01:30:30+00:00,0.0,0.0,0.0,0.0
Faltec Europe Ltd,219.0,6.0,154.88,2025-03-28 01:45:30+00:00,0.0,0.0,0.0,0.0
Faltec Europe Ltd,219.0,6.0,154.88,2025-03-28 02:00:30+00:00,0.0,0.0,0.0,0.0
Faltec Europe Ltd,219.0,6.0,154.88,2025-03-28 02:15:30+00:00,0.0,0.0,0.0,0.0
Faltec Europe Ltd,219.0,6.0,154.88,2025-03-28 02:30:30+00:00,0.0,0.0,0.0,0.0
Faltec Europe Ltd,219.0,6.0,154.88,2025-03-28 02:45:30+00:00,0.0,0.0,0.0,0.0
Faltec Europe Ltd,219.0,6.0,154.88,2025-03-28 03:00:30+00:00,0.0,0.0,0.0,0.0
Faltec Europe Ltd,219.0,6.0,154.88,2025-03-28 03:15:30+00:00,0.0,0.0,0.0,0.0
Faltec Europe Ltd,219.0,6.0,154.88,2025-03-28 03:30:30+00:00,0.0,0.0,0.0,0.0
Faltec Europe Ltd,219.0,6.0,154.88,2025-03-28 03:45:30+00:00,0.0,0.0,0.0,0.0
Faltec Europe Ltd,219.0,6.0,154.88,2025-03-28 04:00:30+00:00,0.0,0.0,0.0,0.0
Faltec Europe Ltd,219.0,6.0,154.88,2025-03-28 04:15:30+00:00,0.0,0.0,0.0,0.0
Faltec Europe Ltd,219.0,6.0,154.88,2025-03-28 04:30:30+00:00,0.0,0.0,0.0,0.0
Faltec Europe Ltd,219.0,6.0,154.88,2025-03-28 04:45:30+00:00,0.0,0.0,0.0,0.0
Faltec Europe Ltd,219.0,6.0,154.88,2025-03-28 05:00:30+00:00,0.0,0.0,0.0,0.0
Faltec Europe Ltd,219.0,6.0,154.88,2025-03-28 05:15:30+00:00,0.0,0.0,0.0,0.0
Faltec Europe Ltd,219.0,6.0,154.88,2025-03-28 05:30:30+00:00,0.0,0.0,0.0,0.0
Faltec Europe Ltd,219.0,6.0,154.88,2025-03-28 05:45:30+00:00,0.00025,0.00025,0.00025,0.00025
Faltec Europe Ltd,219.0,6.0,154.88,2025-03-28 06:00:30+00:00,0.0035,0.0015,0.0045,0.0035
Faltec Europe Ltd,219.0,6.0,154.88,2025-03-28 06:15:30+00:00,0.00675,0.0035,0.0095,0.009
Faltec Europe Ltd,219.0,6.0,154.88,2025-03-28 06:30:30+00:00,0.0155,0.003,0.01675,0.02
Faltec Europe Ltd,219.0,6.0,154.88,2025-03-28 06:45:30+00:00,0.01375,0.0045,0.02825,0.015
Faltec Europe Ltd,219.0,6.0,154.88,2025-03-28 07:00:30+00:00,0.02275,0.00825,0.03675,0.02525
Faltec Europe Ltd,219.0,6.0,154.88,2025-03-28 07:15:30+00:00,0.0365,0.015,0.0455,0.04075
Faltec Europe Ltd,219.0,6.0,154.88,2025-03-28 07:30:30+00:00,0.0355,0.01875,0.05725,0.038
Faltec Europe Ltd,219.0,6.0,154.88,2025-03-28 07:45:30+00:00,0.04275,0.02,0.064,0.045
Faltec Europe Ltd,219.0,6.0,154.88,2025-03-28 08:00:30+00:00,0.0475,0.01575,0.07025,0.04925
Faltec Europe Ltd,219.0,6.0,154.88,2025-03-28 08:15:30+00:00,0.039,0.023,0.08175,0.03975
Faltec Europe Ltd,219.0,6.0,154.88,2025-03-28 08:30:30+00:00,0.06925,0.0295,0.09625,0.071
Faltec Europe Ltd,219.0,6.0,154.88,2025-03-28 08:45:30+00:00,0.0805,0.0395,0.10825,0.08175
Faltec Europe Ltd,219.0,6.0,154.88,2025-03-28 09:00:30+00:00,0.07575,0.03675,0.11675,0.07625
Faltec Europe Ltd,219.0,6.0,154.88,2025-03-28 09:15:30+00:00,0.07325,0.026,0.11425,0.07325
Faltec Europe Ltd,219.0,6.0,154.88,2025-03-28 09:30:30+00:00,0.06075,0.0335,0.13025,0.0605
Faltec Europe Ltd,219.0,6.0,154.88,2025-03-28 09:45:30+00:00,0.11225,0.04425,0.14425,0.1105
Faltec Europe Ltd,219.0,6.0,154.88,2025-03-28 10:00:30+00:00,0.11375,0.05875,0.15175,0.11125
Faltec Europe Ltd,219.0,6.0,154.88,2025-03-28 10:15:30+00:00,0.112,0.0545,0.15875,0.109
Faltec Europe Ltd,219.0,6.0,154.88,2025-03-28 10:30:30+00:00,0.1085,0.03725,0.161,0.10575
Faltec Europe Ltd,219.0,6.0,154.88,2025-03-28 10:45:30+00:00,0.0755,0.04125,0.168,0.07375
Faltec Europe Ltd,219.0,6.0,154.88,2025-03-28 11:00:30+00:00,0.14,0.0515,0.17575,0.1335
Faltec Europe Ltd,219.0,6.0,154.88,2025-03-28 11:15:30+00:00,0.149,0.08675,0.181,0.14075
Faltec Europe Ltd,219.0,6.0,154.88,2025-03-28 11:30:30+00:00,0.13975,0.10075,0.18325,0.132
Faltec Europe Ltd,219.0,6.0,154.88,2025-03-28 11:45:30+00:00,0.14025,0.10775,0.1675,0.13175
Faltec Europe Ltd,219.0,6.0,154.88,2025-03-28 12:00:30+00:00,0.132,0.10925,0.17475,0.124
Faltec Europe Ltd,219.0,6.0,154.88,2025-03-28 12:15:30+00:00,0.1555,0.1155,0.1875,0.14325
Faltec Europe Ltd,219.0,6.0,154.88,2025-03-28 12:30:30+00:00,0.166,0.13225,0.191,0.151
Faltec Europe Ltd,219.0,6.0,154.88,2025-03-28 12:45:30+00:00,0.1615,0.14,0.18375,0.14625
Faltec Europe Ltd,219.0,6.0,154.88,2025-03-28 13:00:30+00:00,0.157,0.14075,0.17625,0.142
Faltec Europe Ltd,219.0,6.0,154.88,2025-03-28 13:15:30+00:00,0.1585,0.127,0.18425,0.142
Faltec Europe Ltd,219.0,6.0,154.88,2025-03-28 13:30:30+00:00,0.149,0.1015,0.18075,0.13375
Faltec Europe Ltd,219.0,6.0,154.88,2025-03-28 13:45:30+00:00,0.13075,0.07225,0.17325,0.11875
Faltec Europe Ltd,219.0,6.0,154.88,2025-03-28 14:00:30+00:00,0.10175,0.051,0.157,0.09425
Faltec Europe Ltd,219.0,6.0,154.88,2025-03-28 14:15:30+00:00,0.08025,0.0455,0.1415,0.07525
Faltec Europe Ltd,219.0,6.0,154.88,2025-03-28 14:30:30+00:00,0.10125,0.03775,0.14075,0.09275
Faltec Europe Ltd,219.0,6.0,154.88,2025-03-28 14:45:30+00:00,0.08325,0.044,0.143,0.0765
Faltec Europe Ltd,219.0,6.0,154.88,2025-03-28 15:00:30+00:00,0.11425,0.052,0.14075,0.10025
Faltec Europe Ltd,219.0,6.0,154.88,2025-03-28 15:15:30+00:00,0.1235,0.067,0.133,0.10675
Faltec Europe Ltd,219.0,6.0,154.88,2025-03-28 15:30:30+00:00,0.0995,0.059,0.121,0.087
Faltec Europe Ltd,219.0,6.0,154.88,2025-03-28 15:45:30+00:00,0.072,0.0515,0.10875,0.064
Faltec Europe Ltd,219.0,6.0,154.88,2025-03-28 16:00:30+00:00,0.08025,0.049,0.1005,0.0695
Faltec Europe Ltd,219.0,6.0,154.88,2025-03-28 16:15:30+00:00,0.081,0.05425,0.0925,0.0675
Faltec Europe Ltd,219.0,6.0,154.88,2025-03-28 16:30:30+00:00,0.0725,0.04675,0.08075,0.06025
Faltec Europe Ltd,219.0,6.0,154.88,2025-03-28 16:45:30+00:00,0.04725,0.038,0.066,0.04075
Faltec Europe Ltd,219.0,6.0,154.88,2025-03-28 17:00:30+00:00,0.04775,0.0295,0.0555,0.04
Faltec Europe Ltd,219.0,6.0,154.88,2025-03-28 17:15:30+00:00,0.03675,0.0255,0.0445,0.03
Faltec Europe Ltd,219.0,6.0,154.88,2025-03-28 17:30:30+00:00,0.0275,0.019,0.0345,0.02125
Faltec Europe Ltd,219.0,6.0,154.88,2025-03-28 17:45:30+00:00,0.0185,0.0125,0.02325,0.01375
Faltec Europe Ltd,219.0,6.0,154.88,2025-03-28 18:00:30+00:00,0.0085,0.006,0.011,0.00675
Faltec Europe Ltd,219.0,6.0,154.88,2025-03-28 18:15:30+00:00,0.002,0.00125,0.0025,0.00175
Faltec Europe Ltd,219.0,6.0,154.88,2025-03-28 18:30:30+00:00,0.0,0.0,0.0,0.0
Faltec Europe Ltd,219.0,6.0,154.88,2025-03-28 18:45:30+00:00,0.0,0.0,0.0,0.0
Faltec Europe Ltd,219.0,6.0,154.88,2025-03-28 19:00:30+00:00,0.0,0.0,0.0,0.0
Faltec Europe Ltd,219.0,6.0,154.88,2025-03-28 19:15:30+00:00,0.0,0.0,0.0,0.0
Faltec Europe Ltd,219.0,6.0,154.88,2025-03-28 19:30:30+00:00,0.0,0.0,0.0,0.0
Faltec Europe Ltd,219.0,6.0,154.88,2025-03-28 19:45:30+00:00,0.0,0.0,0.0,0.0
Faltec Europe Ltd,219.0,6.0,154.88,2025-03-28 20:00:30+00:00,0.0,0.0,0.0,0.0
Faltec Europe Ltd,219.0,6.0,154.88,2025-03-28 20:15:30+00:00,0.0,0.0,0.0,0.0
Faltec Europe Ltd,219.0,6.0,154.88,2025-03-28 20:30:30+00:00,0.0,0.0,0.0,0.0
Faltec Europe Ltd,219.0,6.0,154.88,2025-03-28 20:45:30+00:00,0.0,0.0,0.0,0.0
Faltec Europe Ltd,219.0,6.0,154.88,2025-03-28 21:00:30+00:00,0.0,0.0,0.0,0.0
Faltec Europe Ltd,219.0,6.0,154.88,2025-03-28 21:15:30+00:00,0.0,0.0,0.0,0.0
Faltec Europe Ltd,219.0,6.0,154.88,2025-03-28 21:30:30+00:00,0.0,0.0,0.0,0.0
Faltec Europe Ltd,219.0,6.0,154.88,2025-03-28 21:45:30+00:00,0.0,0.0,0.0,0.0
Faltec Europe Ltd,219.0,6.0,154.88,2025-03-28 22:00:30+00:00,0.0,0.0,0.0,0.0
Faltec Europe Ltd,219.0,6.0,154.88,2025-03-28 22:15:30+00:00,0.0,0.0,0.0,0.0
Faltec Europe Ltd,219.0,6.0,154.88,2025-03-28 22:30:30+00:00,0.0,0.0,0.0,0.0
Faltec Europe Ltd,219.0,6.0,154.88,2025-03-28 22:45:30+00:00,0.0,0.0,0.0,0.0
Faltec Europe Ltd,219.0,6.0,154.88,2025-03-28 23:00:30+00:00,0.0,0.0,0.0,0.0
Faltec Europe Ltd,219.0,6.0,154.88,2025-03-28 23:15:30+00:00,0.0,0.0,0.0,0.0
Faltec Europe Ltd,219.0,6.0,154.88,2025-03-28 23:30:30+00:00,0.0,0.0,0.0,0.0
Faltec Europe Ltd,219.0,6.0,154.88,2025-03-28 23:45:30+00:00,0.0,0.0,0.0,0.0
Faltec Europe Ltd,219.0,6.0,154.88,2025-03-29 00:00:30+00:00,0.0,0.0,0.0,0.0
Faltec Europe Ltd,219.0,6.0,154.88,2025-03-29 00:15:30+00:00,0.0,0.0,0.0,0.0
Faltec Europe Ltd,219.0,6.0,154.88,2025-03-29 00:30:30+00:00,0.0,0.0,0.0,0.0
Faltec Europe Ltd,219.0,6.0,154.88,2025-03-29 00:45:30+00:00,0.0,0.0,0.0,0.0
Faltec Europe Ltd,219.0,6.0,154.88,2025-03-29 01:00:30+00:00,0.0,0.0,0.0,0.0
Faltec Europe Ltd,219.0,6.0,154.88,2025-03-29 01:15:30+00:00,0.0,0.0,0.0,0.0
Faltec Europe Ltd,219.0,6.0,154.88,2025-03-29 01:30:30+00:00,0.0,0.0,0.0,0.0
Faltec Europe Ltd,219.0,6.0,154.88,2025-03-29 01:45:30+00:00,0.0,0.0,0.0,0.0
Faltec Europe Ltd,219.0,6.0,154.88,2025-03-29 02:00:30+00:00,0.0,0.0,0.0,0.0
Faltec Europe Ltd,219.0,6.0,154.88,2025-03-29 02:15:30+00:00,0.0,0.0,0.0,0.0
Faltec Europe Ltd,219.0,6.0,154.88,2025-03-29 02:30:30+00:00,0.0,0.0,0.0,0.0
Faltec Europe Ltd,219.0,6.0,154.88,2025-03-29 02:45:30+00:00,0.0,0.0,0.0,0.0
Faltec Europe Ltd,219.0,6.0,154.88,2025-03-29 03:00:30+00:00,0.0,0.0,0.0,0.0
Faltec Europe Ltd,219.0,6.0,154.88,2025-03-29 03:15:30+00:00,0.0,0.0,0.0,0.0
Faltec Europe Ltd,219.0,6.0,154.88,2025-03-29 03:30:30+00:00,0.0,0.0,0.0,0.0
Faltec Europe Ltd,219.0,6.0,154.88,2025-03-29 03:45:30+00:00,0.0,0.0,0.0,0.0
Faltec Europe Ltd,219.0,6.0,154.88,2025-03-29 04:00:30+00:00,0.0,0.0,0.0,0.0
Faltec Europe Ltd,219.0,6.0,154.88,2025-03-29 04:15:30+00:00,0.0,0.0,0.0,0.0
Faltec Europe Ltd,219.0,6.0,154.88,2025-03-29 04:30:30+00:00,0.0,0.0,0.0,0.0
Faltec Europe Ltd,219.0,6.0,154.88,2025-03-29 04:45:30+00:00,0.0,0.0,0.0,0.0
Faltec Europe Ltd,219.0,6.0,154.88,2025-03-29 05:00:30+00:00,0.0,0.0,0.0,0.0
Faltec Europe Ltd,219.0,6.0,154.88,2025-03-29 05:15:30+00:00,0.0,0.0,0.0,0.0
Faltec Europe Ltd,219.0,6.0,154.88,2025-03-29 05:30:30+00:00,0.0,0.0,0.0,0.0
Faltec Europe Ltd,219.0,6.0,154.88,2025-03-29 05:45:30+00:00,0.00075,0.0005,0.00075,0.00075
Faltec Europe Ltd,219.0,6.0,154.88,2025-03-29 06:00:30+00:00,0.00325,0.0025,0.004,0.005
Faltec Europe Ltd,219.0,6.0,154.88,2025-03-29 06:15:30+00:00,0.007,0.00375,0.008,0.01225
Faltec Europe Ltd,219.0,6.0,154.88,2025-03-29 06:30:30+00:00,0.01475,0.00575,0.01675,0.02025
Faltec Europe Ltd,219.0,6.0,154.88,2025-03-29 06:45:30+00:00,0.0195,0.004,0.02775,0.023
Faltec Europe Ltd,219.0,6.0,154.88,2025-03-29 07:00:30+00:00,0.01675,0.0035,0.0385,0.0175
Faltec Europe Ltd,219.0,6.0,154.88,2025-03-29 07:15:30+00:00,0.02375,0.00725,0.03925,0.025
Faltec Europe Ltd,219.0,6.0,154.88,2025-03-29 07:30:30+00:00,0.0295,0.01625,0.0425,0.03075
Faltec Europe Ltd,219.0,6.0,154.88,2025-03-29 07:45:30+00:00,0.0345,0.0245,0.0455,0.03575
Faltec Europe Ltd,219.0,6.0,154.88,2025-03-29 08:00:30+00:00,0.04075,0.02675,0.05,0.042
Faltec Europe Ltd,219.0,6.0,154.88,2025-03-29 08:15:30+00:00,0.03975,0.02875,0.05675,0.0405
Faltec Europe Ltd,219.0,6.0,154.88,2025-03-29 08:30:30+00:00,0.0475,0.0285,0.0695,0.04825
Faltec Europe Ltd,219.0,6.0,154.88,2025-03-29 08:45:30+00:00,0.06,0.03225,0.08475,0.06075
Faltec Europe Ltd,219.0,6.0,154.88,2025-03-29 09:00:30+00:00,0.068,0.03675,0.1065,0.06875
Faltec Europe Ltd,219.0,6.0,154.88,2025-03-29 09:15:30+00:00,0.087,0.03175,0.1125,0.08725
Faltec Europe Ltd,219.0,6.0,154.88,2025-03-29 09:30:30+00:00,0.06025,0.01625,0.118,0.06025
Faltec Europe Ltd,219.0,6.0,154.88,2025-03-29 09:45:30+00:00,0.053,0.0105,0.12675,0.053
Faltec Europe Ltd,219.0,6.0,154.88,2025-03-29 10:00:30+00:00,0.09225,0.02475,0.15225,0.091
Faltec Europe Ltd,219.0,6.0,154.88,2025-03-29 10:15:30+00:00,0.1315,0.05875,0.16125,0.127
Faltec Europe Ltd,219.0,6.0,154.88,2025-03-29 10:30:30+00:00,0.14,0.09225,0.168,0.13425
Faltec Europe Ltd,219.0,6.0,154.88,2025-03-29 10:45:30+00:00,0.1515,0.10725,0.1745,0.1435
Faltec Europe Ltd,219.0,6.0,154.88,2025-03-29 11:00:30+00:00,0.1565,0.10325,0.179,0.148
Faltec Europe Ltd,219.0,6.0,154.88,2025-03-29 11:15:30+00:00,0.13825,0.0765,0.18125,0.13125
Faltec Europe Ltd,219.0,6.0,154.88,2025-03-29 11:30:30+00:00,0.11025,0.059,0.176,0.106
Faltec Europe Ltd,219.0,6.0,154.88,2025-03-29 11:45:30+00:00,0.10475,0.0585,0.15325,0.1005
Faltec Europe Ltd,219.0,6.0,154.88,2025-03-29 12:00:30+00:00,0.10225,0.06425,0.1355,0.098
Faltec Europe Ltd,219.0,6.0,154.88,2025-03-29 12:15:30+00:00,0.09125,0.065,0.1265,0.08825
Faltec Europe Ltd,219.0,6.0,154.88,2025-03-29 12:30:30+00:00,0.0945,0.05025,0.12925,0.091
Faltec Europe Ltd,219.0,6.0,154.88,2025-03-29 12:45:30+00:00,0.082,0.03,0.13125,0.07925
Faltec Europe Ltd,219.0,6.0,154.88,2025-03-29 13:00:30+00:00,0.06425,0.01275,0.1205,0.063
Faltec Europe Ltd,219.0,6.0,154.88,2025-03-29 13:15:30+00:00,0.0445,0.01225,0.1005,0.04425
Faltec Europe Ltd,219.0,6.0,154.88,2025-03-29 13:30:30+00:00,0.03325,0.012,0.07625,0.0335
Faltec Europe Ltd,219.0,6.0,154.88,2025-03-29 13:45:30+00:00,0.02325,0.0115,0.05575,0.0235
Faltec Europe Ltd,219.0,6.0,154.88,2025-03-29 14:00:30+00:00,0.02175,0.01125,0.04275,0.022
Faltec Europe Ltd,219.0,6.0,154.88,2025-03-29 14:15:30+00:00,0.02025,0.01075,0.04,0.0205
Faltec Europe Ltd,219.0,6.0,154.88,2025-03-29 14:30:30+00:00,0.0185,0.01025,0.0445,0.0185
Faltec Europe Ltd,219.0,6.0,154.88,2025-03-29 14:45:30+00:00,0.024,0.00975,0.053,0.02425
Faltec Europe Ltd,219.0,6.0,154.88,2025-03-29 15:00:30+00:00,0.03225,0.00925,0.059,0.03225
Faltec Europe Ltd,219.0,6.0,154.88,2025-03-29 15:15:30+00:00,0.0385,0.01225,0.059,0.038
Faltec Europe Ltd,219.0,6.0,154.88,2025-03-29 15:30:30+00:00,0.03575,0.008,0.05925,0.03525
Faltec Europe Ltd,219.0,6.0,154.88,2025-03-29 15:45:30+00:00,0.02175,0.00725,0.061,0.02175
Faltec Europe Ltd,219.0,6.0,154.88,2025-03-29 16:00:30+00:00,0.03275,0.00675,0.07175,0.03175
Faltec Europe Ltd,219.0,6.0,154.88,2025-03-29 16:15:30+00:00,0.05175,0.01025,0.08,0.0465
Faltec Europe Ltd,219.0,6.0,154.88,2025-03-29 16:30:30+00:00,0.043,0.0085,0.07375,0.039
Faltec Europe Ltd,219.0,6.0,154.88,2025-03-29 16:45:30+00:00,0.026,0.00525,0.05375,0.02475
Faltec Europe Ltd,219.0,6.0,154.88,2025-03-29 17:00:30+00:00,0.00925,0.0035,0.0355,0.00925
Faltec Europe Ltd,219.0,6.0,154.88,2025-03-29 17:15:30+00:00,0.00625,0.00275,0.02175,0.00625
Faltec Europe Ltd,219.0,6.0,154.88,2025-03-29 17:30:30+00:00,0.00325,0.002,0.013,0.00325
Faltec Europe Ltd,219.0,6.0,154.88,2025-03-29 17:45:30+00:00,0.00125,0.00075,0.0055,0.00125
Faltec Europe Ltd,219.0,6.0,154.88,2025-03-29 18:00:30+00:00,0.00075,0.0005,0.00275,0.00075
Faltec Europe Ltd,219.0,6.0,154.88,2025-03-29 18:15:30+00:00,0.00025,0.00025,0.00075,0.00025
Faltec Europe Ltd,219.0,6.0,154.88,2025-03-29 18:30:30+00:00,0.0,0.0,0.0,0.0
Faltec Europe Ltd,219.0,6.0,154.88,2025-03-29 18:45:30+00:00,0.0,0.0,0.0,0.0
Faltec Europe Ltd,219.0,6.0,154.88,2025-03-29 19:00:30+00:00,0.0,0.0,0.0,0.0
Faltec Europe Ltd,219.0,6.0,154.88,2025-03-29 19:15:30+00:00,0.0,0.0,0.0,0.0
Faltec Europe Ltd,219.0,6.0,154.88,2025-03-29 19:30:30+00:00,0.0,0.0,0.0,0.0
Faltec Europe Ltd,219.0,6.0,154.88,2025-03-29 19:45:30+00:00,0.0,0.0,0.0,0.0
Faltec Europe Ltd,219.0,6.0,154.88,2025-03-29 20:00:30+00:00,0.0,0.0,0.0,0.0
Faltec Europe Ltd,219.0,6.0,154.88,2025-03-29 20:15:30+00:00,0.0,0.0,0.0,0.0
Faltec Europe Ltd,219.0,6.0,154.88,2025-03-29 20:30:30+00:00,0.0,0.0,0.0,0.0
Faltec Europe Ltd,219.0,6.0,154.88,2025-03-29 20:45:30+00:00,0.0,0.0,0.0,0.0
Faltec Europe Ltd,219.0,6.0,154.88,2025-03-29 21:00:30+00:00,0.0,0.0,0.0,0.0
Faltec Europe Ltd,219.0,6.0,154.88,2025-03-29 21:15:30+00:00,0.0,0.0,0.0,0.0
Faltec Europe Ltd,219.0,6.0,154.88,2025-03-29 21:30:30+00:00,0.0,0.0,0.0,0.0
Faltec Europe Ltd,219.0,6.0,154.88,2025-03-29 21:45:30+00:00,0.0,0.0,0.0,0.0
Faltec Europe Ltd,219.0,6.0,154.88,2025-03-29 22:00:30+00:00,0.0,0.0,0.0,0.0
Faltec Europe Ltd,219.0,6.0,154.88,2025-03-29 22:15:30+00:00,0.0,0.0,0.0,0.0
Faltec Europe Ltd,219.0,6.0,154.88,2025-03-29 22:30:30+00:00,0.0,0.0,0.0,0.0
Faltec Europe Ltd,219.0,6.0,154.88,2025-03-29 22:45:30+00:00,0.0,0.0,0.0,0.0
Faltec Europe Ltd,219.0,6.0,154.88,2025-03-29 23:00:30+00:00,0.0,0.0,0.0,0.0
Faltec Europe Ltd,219.0,6.0,154.88,2025-03-29 23:15:30+00:00,0.0,0.0,0.0,0.0
Faltec Europe Ltd,219.0,6.0,154.88,2025-03-29 23:30:30+00:00,0.0,0.0,0.0,0.0
Faltec Europe Ltd,219.0,6.0,154.88,2025-03-29 23:45:30+00:00,0.0,0.0,0.0,0.0
Faltec Europe Ltd,219.0,6.0,154.88,2025-03-30 00:00:30+00:00,0.0,0.0,0.0,0.0
Faltec Europe Ltd,219.0,6.0,154.88,2025-03-30 00:15:30+00:00,0.0,0.0,0.0,0.0
Faltec Europe Ltd,219.0,6.0,154.88,2025-03-30 00:30:30+00:00,0.0,0.0,0.0,0.0
Faltec Europe Ltd,219.0,6.0,154.88,2025-03-30 00:45:30+00:00,0.0,0.0,0.0,0.0
Faltec Europe Ltd,219.0,6.0,154.88,2025-03-30 01:00:30+00:00,0.0,0.0,0.0,0.0
Faltec Europe Ltd,219.0,6.0,154.88,2025-03-30 01:15:30+00:00,0.0,0.0,0.0,0.0
Faltec Europe Ltd,219.0,6.0,154.88,2025-03-30 01:30:30+00:00,0.0,0.0,0.0,0.0
Faltec Europe Ltd,219.0,6.0,154.88,2025-03-30 01:45:30+00:00,0.0,0.0,0.0,0.0
Faltec Europe Ltd,219.0,6.0,154.88,2025-03-30 02:00:30+00:00,0.0,0.0,0.0,0.0
Faltec Europe Ltd,219.0,6.0,154.88,2025-03-30 02:15:30+00:00,0.0,0.0,0.0,0.0
Faltec Europe Ltd,219.0,6.0,154.88,2025-03-30 02:30:30+00:00,0.0,0.0,0.0,0.0
Faltec Europe Ltd,219.0,6.0,154.88,2025-03-30 02:45:30+00:00,0.0,0.0,0.0,0.0
Faltec Europe Ltd,219.0,6.0,154.88,2025-03-30 03:00:30+00:00,0.0,0.0,0.0,0.0
Faltec Europe Ltd,219.0,6.0,154.88,2025-03-30 03:15:30+00:00,0.0,0.0,0.0,0.0
Faltec Europe Ltd,219.0,6.0,154.88,2025-03-30 03:30:30+00:00,0.0,0.0,0.0,0.0
Faltec Europe Ltd,219.0,6.0,154.88,2025-03-30 03:45:30+00:00,0.0,0.0,0.0,0.0
Faltec Europe Ltd,219.0,6.0,154.88,2025-03-30 04:00:30+00:00,0.0,0.0,0.0,0.0
Faltec Europe Ltd,219.0,6.0,154.88,2025-03-30 04:15:30+00:00,0.0,0.0,0.0,0.0
Faltec Europe Ltd,219.0,6.0,154.88,2025-03-30 04:30:30+00:00,0.0,0.0,0.0,0.0
Faltec Europe Ltd,219.0,6.0,154.88,2025-03-30 04:45:30+00:00,0.0,0.0,0.0,0.0
Faltec Europe Ltd,219.0,6.0,154.88,2025-03-30 05:00:30+00:00,0.0,0.0,0.0,0.0
Faltec Europe Ltd,219.0,6.0,154.88,2025-03-30 05:15:30+00:00,0.0,0.0,0.0,0.0
Faltec Europe Ltd,219.0,6.0,154.88,2025-03-30 05:30:30+00:00,0.0,0.0,0.0,0.0
Faltec Europe Ltd,219.0,6.0,154.88,2025-03-30 05:45:30+00:00,0.00125,0.00075,0.0015,0.00125
Faltec Europe Ltd,219.0,6.0,154.88,2025-03-30 06:00:30+00:00,0.00375,0.00275,0.0045,0.006
Faltec Europe Ltd,219.0,6.0,154.88,2025-03-30 06:15:30+00:00,0.00775,0.0055,0.009,0.01325
Faltec Europe Ltd,219.0,6.0,154.88,2025-03-30 06:30:30+00:00,0.01475,0.011,0.017,0.0215
Faltec Europe Ltd,219.0,6.0,154.88,2025-03-30 06:45:30+00:00,0.023,0.01775,0.026,0.03025
Faltec Europe Ltd,219.0,6.0,154.88,2025-03-30 07:00:30+00:00,0.032,0.02575,0.03575,0.0395
Faltec Europe Ltd,219.0,6.0,154.88,2025-03-30 07:15:30+00:00,0.04175,0.0345,0.04625,0.049
Faltec Europe Ltd,219.0,6.0,154.88,2025-03-30 07:30:30+00:00,0.0515,0.04425,0.057,0.05825
Faltec Europe Ltd,219.0,6.0,154.88,2025-03-30 07:45:30+00:00,0.06125,0.05425,0.06775,0.0675
Faltec Europe Ltd,219.0,6.0,154.88,2025-03-30 08:00:30+00:00,0.07125,0.065,0.07775,0.0765
Faltec Europe Ltd,219.0,6.0,154.88,2025-03-30 08:15:30+00:00,0.08125,0.07575,0.0865,0.0855
Faltec Europe Ltd,219.0,6.0,154.88,2025-03-30 08:30:30+00:00,0.091,0.08625,0.0955,0.09425
Faltec Europe Ltd,219.0,6.0,154.88,2025-03-30 08:45:30+00:00,0.10025,0.096,0.1045,0.1025
Faltec Europe Ltd,219.0,6.0,154.88,2025-03-30 09:00:30+00:00,0.1095,0.105,0.11375,0.11025
Faltec Europe Ltd,219.0,6.0,154.88,2025-03-30 09:15:30+00:00,0.1185,0.11375,0.123,0.118
Faltec Europe Ltd,219.0,6.0,154.88,2025-03-30 09:30:30+00:00,0.12675,0.12175,0.1315,0.125
Faltec Europe Ltd,219.0,6.0,154.88,2025-03-30 09:45:30+00:00,0.1345,0.12925,0.1395,0.13125
Faltec Europe Ltd,219.0,6.0,154.88,2025-03-30 10:00:30+00:00,0.14175,0.13625,0.147,0.13725
Faltec Europe Ltd,219.0,6.0,154.88,2025-03-30 10:15:30+00:00,0.1485,0.14225,0.15425,0.14275
Faltec Europe Ltd,219.0,6.0,154.88,2025-03-30 10:30:30+00:00,0.1545,0.14725,0.16125,0.14725
Faltec Europe Ltd,219.0,6.0,154.88,2025-03-30 10:45:30+00:00,0.1595,0.1495,0.16875,0.151
Faltec Europe Ltd,219.0,6.0,154.88,2025-03-30 11:00:30+00:00,0.16325,0.151,0.1745,0.1535
Faltec Europe Ltd,219.0,6.0,154.88,2025-03-30 11:15:30+00:00,0.16525,0.15025,0.17825,0.1545
Faltec Europe Ltd,219.0,6.0,154.88,2025-03-30 11:30:30+00:00,0.1635,0.15075,0.18025,0.152
Faltec Europe Ltd,219.0,6.0,154.88,2025-03-30 11:45:30+00:00,0.1675,0.15075,0.17975,0.155
Faltec Europe Ltd,219.0,6.0,154.88,2025-03-30 12:00:30+00:00,0.16425,0.14875,0.18125,0.15125
Faltec Europe Ltd,219.0,6.0,154.88,2025-03-30 12:15:30+00:00,0.163,0.1435,0.18425,0.14925
Faltec Europe Ltd,219.0,6.0,154.88,2025-03-30 12:30:30+00:00,0.16375,0.13525,0.1855,0.14925
Faltec Europe Ltd,219.0,6.0,154.88,2025-03-30 12:45:30+00:00,0.1525,0.12075,0.18275,0.1395
Faltec Europe Ltd,219.0,6.0,154.88,2025-03-30 13:00:30+00:00,0.138,0.103,0.18275,0.127
Faltec Europe Ltd,219.0,6.0,154.88,2025-03-30 13:15:30+00:00,0.14025,0.0815,0.1845,0.12775
Faltec Europe Ltd,219.0,6.0,154.88,2025-03-30 13:30:30+00:00,0.1195,0.057,0.177,0.11025
Faltec Europe Ltd,219.0,6.0,154.88,2025-03-30 13:45:30+00:00,0.089,0.0365,0.148,0.08475
Faltec Europe Ltd,219.0,6.0,154.88,2025-03-30 14:00:30+00:00,0.07,0.0315,0.117,0.0675
Faltec Europe Ltd,219.0,6.0,154.88,2025-03-30 14:15:30+00:00,0.06425,0.03575,0.09775,0.062
Faltec Europe Ltd,219.0,6.0,154.88,2025-03-30 14:30:30+00:00,0.066,0.03975,0.09675,0.0635
Faltec Europe Ltd,219.0,6.0,154.88,2025-03-30 14:45:30+00:00,0.07475,0.0385,0.106,0.0705
Faltec Europe Ltd,219.0,6.0,154.88,2025-03-30 15:00:30+00:00,0.0745,0.04375,0.11125,0.07
Faltec Europe Ltd,219.0,6.0,154.88,2025-03-30 15:15:30+00:00,0.0845,0.05175,0.112,0.07675
Faltec Europe Ltd,219.0,6.0,154.88,2025-03-30 15:30:30+00:00,0.0855,0.059,0.10375,0.076
Faltec Europe Ltd,219.0,6.0,154.88,2025-03-30 15:45:30+00:00,0.071,0.05825,0.0945,0.064
Faltec Europe Ltd,219.0,6.0,154.88,2025-03-30 16:00:30+00:00,0.07575,0.0565,0.08825,0.066
Faltec Europe Ltd,219.0,6.0,154.88,2025-03-30 16:15:30+00:00,0.06825,0.053,0.08425,0.05875
Faltec Europe Ltd,219.0,6.0,154.88,2025-03-30 16:30:30+00:00,0.062,0.04725,0.078,0.05225
Faltec Europe Ltd,219.0,6.0,154.88,2025-03-30 16:45:30+00:00,0.05725,0.04325,0.07075,0.047
Faltec Europe Ltd,219.0,6.0,154.88,2025-03-30 17:00:30+00:00,0.05125,0.03775,0.061,0.041
Faltec Europe Ltd,219.0,6.0,154.88,2025-03-30 17:15:30+00:00,0.0425,0.031,0.0495,0.03325
Faltec Europe Ltd,219.0,6.0,154.88,2025-03-30 17:30:30+00:00,0.03275,0.02225,0.03775,0.02525
Faltec Europe Ltd,219.0,6.0,154.88,2025-03-30 17:45:30+00:00,0.02025,0.0135,0.0255,0.0155
Faltec Europe Ltd,219.0,6.0,154.88,2025-03-30 18:00:30+00:00,0.0105,0.00675,0.0145,0.008
Faltec Europe Ltd,219.0,6.0,154.88,2025-03-30 18:15:30+00:00,0.003,0.00225,0.00425,0.00275
Faltec Europe Ltd,219.0,6.0,154.88,2025-03-30 18:30:30+00:00,0.00025,0.00025,0.0005,0.00025
Faltec Europe Ltd,219.0,6.0,154.88,2025-03-30 18:45:30+00:00,0.0,0.0,0.0,0.0
Faltec Europe Ltd,219.0,6.0,154.88,2025-03-30 19:00:30+00:00,0.0,0.0,0.0,0.0
Faltec Europe Ltd,219.0,6.0,154.88,2025-03-30 19:15:30+00:00,0.0,0.0,0.0,0.0
Faltec Europe Ltd,219.0,6.0,154.88,2025-03-30 19:30:30+00:00,0.0,0.0,0.0,0.0
Faltec Europe Ltd,219.0,6.0,154.88,2025-03-30 19:45:30+00:00,0.0,0.0,0.0,0.0
Faltec Europe Ltd,219.0,6.0,154.88,2025-03-30 20:00:30+00:00,0.0,0.0,0.0,0.0
Faltec Europe Ltd,219.0,6.0,154.88,2025-03-30 20:15:30+00:00,0.0,0.0,0.0,0.0
Faltec Europe Ltd,219.0,6.0,154.88,2025-03-30 20:30:30+00:00,0.0,0.0,0.0,0.0
Faltec Europe Ltd,219.0,6.0,154.88,2025-03-30 20:45:30+00:00,0.0,0.0,0.0,0.0
Faltec Europe Ltd,219.0,6.0,154.88,2025-03-30 21:00:30+00:00,0.0,0.0,0.0,0.0
Faltec Europe Ltd,219.0,6.0,154.88,2025-03-30 21:15:30+00:00,0.0,0.0,0.0,0.0
Faltec Europe Ltd,219.0,6.0,154.88,2025-03-30 21:30:30+00:00,0.0,0.0,0.0,0.0
Faltec Europe Ltd,219.0,6.0,154.88,2025-03-30 21:45:30+00:00,0.0,0.0,0.0,0.0
Faltec Europe Ltd,219.0,6.0,154.88,2025-03-30 22:00:30+00:00,0.0,0.0,0.0,0.0
Faltec Europe Ltd,219.0,6.0,154.88,2025-03-30 22:15:30+00:00,0.0,0.0,0.0,0.0
Faltec Europe Ltd,219.0,6.0,154.88,2025-03-30 22:30:30+00:00,0.0,0.0,0.0,0.0
Faltec Europe Ltd,219.0,6.0,154.88,2025-03-30 22:45:30+00:00,0.0,0.0,0.0,0.0
Faltec Europe Ltd,219.0,6.0,154.88,2025-03-30 23:00:30+00:00,0.0,0.0,0.0,0.0
Faltec Europe Ltd,219.0,6.0,154.88,2025-03-30 23:15:30+00:00,0.0,0.0,0.0,0.0
Faltec Europe Ltd,219.0,6.0,154.88,2025-03-30 23:30:30+00:00,0.0,0.0,0.0,0.0
Faltec Europe Ltd,219.0,6.0,154.88,2025-03-30 23:45:30+00:00,0.0,0.0,0.0,0.0
Faltec Europe Ltd,219.0,6.0,154.88,2025-03-31 00:00:30+00:00,0.0,0.0,0.0,0.0
Faltec Europe Ltd,219.0,6.0,154.88,2025-03-31 00:15:30+00:00,0.0,0.0,0.0,0.0
Faltec Europe Ltd,219.0,6.0,154.88,2025-03-31 00:30:30+00:00,0.0,0.0,0.0,0.0
Faltec Europe Ltd,219.0,6.0,154.88,2025-03-31 00:45:30+00:00,0.0,0.0,0.0,0.0
Faltec Europe Ltd,219.0,6.0,154.88,2025-03-31 01:00:30+00:00,0.0,0.0,0.0,0.0
Faltec Europe Ltd,219.0,6.0,154.88,2025-03-31 01:15:30+00:00,0.0,0.0,0.0,0.0
Faltec Europe Ltd,219.0,6.0,154.88,2025-03-31 01:30:30+00:00,0.0,0.0,0.0,0.0
Faltec Europe Ltd,219.0,6.0,154.88,2025-03-31 01:45:30+00:00,0.0,0.0,0.0,0.0
Faltec Europe Ltd,219.0,6.0,154.88,2025-03-31 02:00:30+00:00,0.0,0.0,0.0,0.0
Faltec Europe Ltd,219.0,6.0,154.88,2025-03-31 02:15:30+00:00,0.0,0.0,0.0,0.0
Faltec Europe Ltd,219.0,6.0,154.88,2025-03-31 02:30:30+00:00,0.0,0.0,0.0,0.0
Faltec Europe Ltd,219.0,6.0,154.88,2025-03-31 02:45:30+00:00,0.0,0.0,0.0,0.0
Faltec Europe Ltd,219.0,6.0,154.88,2025-03-31 03:00:30+00:00,0.0,0.0,0.0,0.0
Faltec Europe Ltd,219.0,6.0,154.88,2025-03-31 03:15:30+00:00,0.0,0.0,0.0,0.0
Faltec Europe Ltd,219.0,6.0,154.88,2025-03-31 03:30:30+00:00,0.0,0.0,0.0,0.0
Faltec Europe Ltd,219.0,6.0,154.88,2025-03-31 03:45:30+00:00,0.0,0.0,0.0,0.0
Faltec Europe Ltd,219.0,6.0,154.88,2025-03-31 04:00:30+00:00,0.0,0.0,0.0,0.0
Faltec Europe Ltd,219.0,6.0,154.88,2025-03-31 04:15:30+00:00,0.0,0.0,0.0,0.0
Faltec Europe Ltd,219.0,6.0,154.88,2025-03-31 04:30:30+00:00,0.0,0.0,0.0,0.0
Faltec Europe Ltd,219.0,6.0,154.88,2025-03-31 04:45:30+00:00,0.0,0.0,0.0,0.0
Faltec Europe Ltd,219.0,6.0,154.88,2025-03-31 05:00:30+00:00,0.0,0.0,0.0,0.0
Faltec Europe Ltd,219.0,6.0,154.88,2025-03-31 05:15:30+00:00,0.0,0.0,0.0,0.0
Faltec Europe Ltd,219.0,6.0,154.88,2025-03-31 05:30:30+00:00,0.0,0.0,0.0,0.0
Faltec Europe Ltd,219.0,6.0,154.88,2025-03-31 05:45:30+00:00,0.001,0.00025,0.0025,0.001
Faltec Europe Ltd,219.0,6.0,154.88,2025-03-31 06:00:30+00:00,0.003,0.001,0.006,0.00325
Faltec Europe Ltd,219.0,6.0,154.88,2025-03-31 06:15:30+00:00,0.00625,0.002,0.0105,0.00625
Faltec Europe Ltd,219.0,6.0,154.88,2025-03-31 06:30:30+00:00,0.0095,0.004,0.0155,0.0095
Faltec Europe Ltd,219.0,6.0,154.88,2025-03-31 06:45:30+00:00,0.0135,0.006,0.0205,0.01375
Faltec Europe Ltd,219.0,6.0,154.88,2025-03-31 07:00:30+00:00,0.01675,0.008,0.02475,0.017
Faltec Europe Ltd,219.0,6.0,154.88,2025-03-31 07:15:30+00:00,0.019,0.00975,0.02825,0.01925
Faltec Europe Ltd,219.0,6.0,154.88,2025-03-31 07:30:30+00:00,0.0215,0.01225,0.03175,0.02175
Faltec Europe Ltd,219.0,6.0,154.88,2025-03-31 07:45:30+00:00,0.0255,0.0155,0.036,0.02575
Faltec Europe Ltd,219.0,6.0,154.88,2025-03-31 08:00:30+00:00,0.03,0.02,0.04125,0.0305
Faltec Europe Ltd,219.0,6.0,154.88,2025-03-31 08:15:30+00:00,0.03625,0.0255,0.0465,0.037
Faltec Europe Ltd,219.0,6.0,154.88,2025-03-31 08:30:30+00:00,0.0415,0.03025,0.05225,0.04225
Faltec Europe Ltd,219.0,6.0,154.88,2025-03-31 08:45:30+00:00,0.04575,0.0325,0.05625,0.04625
Faltec Europe Ltd,219.0,6.0,154.88,2025-03-31 09:00:30+00:00,0.0455,0.0315,0.05875,0.046
Faltec Europe Ltd,219.0,6.0,154.88,2025-03-31 09:15:30+00:00,0.044,0.02825,0.0625,0.04425
Faltec Europe Ltd,219.0,6.0,154.88,2025-03-31 09:30:30+00:00,0.04625,0.027,0.07025,0.0465
Faltec Europe Ltd,219.0,6.0,154.88,2025-03-31 09:45:30+00:00,0.0555,0.031,0.08425,0.05575
Faltec Europe Ltd,219.0,6.0,154.88,2025-03-31 10:00:30+00:00,0.07125,0.041,0.09575,0.071
Faltec Europe Ltd,219.0,6.0,154.88,2025-03-31 10:15:30+00:00,0.078,0.05325,0.1015,0.07725
Faltec Europe Ltd,219.0,6.0,154.88,2025-03-31 10:30:30+00:00,0.0825,0.061,0.1035,0.0815
Faltec Europe Ltd,219.0,6.0,154.88,2025-03-31 10:45:30+00:00,0.086,0.06525,0.1095,0.0845
Faltec Europe Ltd,219.0,6.0,154.88,2025-03-31 11:00:30+00:00,0.0935,0.06825,0.121,0.0915
Faltec Europe Ltd,219.0,6.0,154.88,2025-03-31 11:15:30+00:00,0.10475,0.07575,0.13325,0.10125
Faltec Europe Ltd,219.0,6.0,154.88,2025-03-31 11:30:30+00:00,0.11425,0.08375,0.14225,0.10975
Faltec Europe Ltd,219.0,6.0,154.88,2025-03-31 11:45:30+00:00,0.11925,0.09,0.148,0.114
Faltec Europe Ltd,219.0,6.0,154.88,2025-03-31 12:00:30+00:00,0.12325,0.0945,0.156,0.11725
Faltec Europe Ltd,219.0,6.0,154.88,2025-03-31 12:15:30+00:00,0.1345,0.1025,0.1655,0.126
Faltec Europe Ltd,219.0,6.0,154.88,2025-03-31 12:30:30+00:00,0.143,0.11375,0.17125,0.133
Faltec Europe Ltd,219.0,6.0,154.88,2025-03-31 12:45:30+00:00,0.151,0.12375,0.173,0.13825
Faltec Europe Ltd,219.0,6.0,154.88,2025-03-31 13:00:30+00:00,0.1495,0.12175,0.17475,0.1365
Faltec Europe Ltd,219.0,6.0,154.88,2025-03-31 13:15:30+00:00,0.144,0.10525,0.17725,0.131
Faltec Europe Ltd,219.0,6.0,154.88,2025-03-31 13:30:30+00:00,0.12825,0.074,0.178,0.11775
Faltec Europe Ltd,219.0,6.0,154.88,2025-03-31 13:45:30+00:00,0.10675,0.04475,0.1705,0.09925
Faltec Europe Ltd,219.0,6.0,154.88,2025-03-31 14:00:30+00:00,0.08925,0.02225,0.1505,0.0835
Faltec Europe Ltd,219.0,6.0,154.88,2025-03-31 14:15:30+00:00,0.06075,0.01275,0.11725,0.05875
Faltec Europe Ltd,219.0,6.0,154.88,2025-03-31 14:30:30+00:00,0.0455,0.012,0.09025,0.045
Faltec Europe Ltd,219.0,6.0,154.88,2025-03-31 14:45:30+00:00,0.048,0.01625,0.08025,0.04725
Faltec Europe Ltd,219.0,6.0,154.88,2025-03-31 15:00:30+00:00,0.0515,0.02675,0.08175,0.05
Faltec Europe Ltd,219.0,6.0,154.88,2025-03-31 15:15:30+00:00,0.063,0.03325,0.0825,0.0595
Faltec Europe Ltd,219.0,6.0,154.88,2025-03-31 15:30:30+00:00,0.05725,0.0395,0.0755,0.05425
Faltec Europe Ltd,219.0,6.0,154.88,2025-03-31 15:45:30+00:00,0.052,0.04025,0.06725,0.04925
Faltec Europe Ltd,219.0,6.0,154.88,2025-03-31 16:00:30+00:00,0.0525,0.03825,0.06125,0.049
Faltec Europe Ltd,219.0,6.0,154.88,2025-03-31 16:15:30+00:00,0.04325,0.029,0.0595,0.04075
Faltec Europe Ltd,219.0,6.0,154.88,2025-03-31 16:30:30+00:00,0.037,0.01825,0.0535,0.03475
Faltec Europe Ltd,219.0,6.0,154.88,2025-03-31 16:45:30+00:00,0.0265,0.009,0.0435,0.0255
Faltec Europe Ltd,219.0,6.0,154.88,2025-03-31 17:00:30+00:00,0.01525,0.00575,0.032,0.01525
Faltec Europe Ltd,219.0,6.0,154.88,2025-03-31 17:15:30+00:00,0.016,0.0035,0.0245,0.0155
Faltec Europe Ltd,219.0,6.0,154.88,2025-03-31 17:30:30+00:00,0.01025,0.00325,0.01825,0.01
Faltec Europe Ltd,219.0,6.0,154.88,2025-03-31 17:45:30+00:00,0.0065,0.0015,0.012,0.0065
Faltec Europe Ltd,219.0,6.0,154.88,2025-03-31 18:00:30+00:00,0.004,0.00075,0.00725,0.004
Faltec Europe Ltd,219.0,6.0,154.88,2025-03-31 18:15:30+00:00,0.0015,0.00025,0.0035,0.0015
Faltec Europe Ltd,219.0,6.0,154.88,2025-03-31 18:30:30+00:00,0.00025,0.0,0.0005,0.00025
Faltec Europe Ltd,219.0,6.0,154.88,2025-03-31 18:45:30+00:00,0.0,0.0,0.0,0.0
Faltec Europe Ltd,219.0,6.0,154.88,2025-03-31 19:00:30+00:00,0.0,0.0,0.0,0.0
Faltec Europe Ltd,219.0,6.0,154.88,2025-03-31 19:15:30+00:00,0.0,0.0,0.0,0.0
Faltec Europe Ltd,219.0,6.0,154.88,2025-03-31 19:30:30+00:00,0.0,0.0,0.0,0.0
Faltec Europe Ltd,219.0,6.0,154.88,2025-03-31 19:45:30+00:00,0.0,0.0,0.0,0.0
Faltec Europe Ltd,219.0,6.0,154.88,2025-03-31 20:00:30+00:00,0.0,0.0,0.0,0.0
Faltec Europe Ltd,219.0,6.0,154.88,2025-03-31 20:15:30+00:00,0.0,0.0,0.0,0.0
Faltec Europe Ltd,219.0,6.0,154.88,2025-03-31 20:30:30+00:00,0.0,0.0,0.0,0.0
Faltec Europe Ltd,219.0,6.0,154.88,2025-03-31 20:45:30+00:00,0.0,0.0,0.0,0.0
Faltec Europe Ltd,219.0,6.0,154.88,2025-03-31 21:00:30+00:00,0.0,0.0,0.0,0.0
Faltec Europe Ltd,219.0,6.0,154.88,2025-03-31 21:15:30+00:00,0.0,0.0,0.0,0.0
Faltec Europe Ltd,219.0,6.0,154.88,2025-03-31 21:30:30+00:00,0.0,0.0,0.0,0.0
Faltec Europe Ltd,219.0,6.0,154.88,2025-03-31 21:45:30+00:00,0.0,0.0,0.0,0.0
Faltec Europe Ltd,219.0,6.0,154.88,2025-03-31 22:00:30+00:00,0.0,0.0,0.0,0.0
Faltec Europe Ltd,219.0,6.0,154.88,2025-03-31 22:15:30+00:00,0.0,0.0,0.0,0.0
Faltec Europe Ltd,219.0,6.0,154.88,2025-03-31 22:30:30+00:00,0.0,0.0,0.0,0.0
Faltec Europe Ltd,219.0,6.0,154.88,2025-03-31 22:45:30+00:00,0.0,0.0,0.0,0.0
Faltec Europe Ltd,219.0,6.0,154.88,2025-03-31 23:00:30+00:00,0.0,0.0,0.0,0.0
Faltec Europe Ltd,219.0,6.0,154.88,2025-03-31 23:15:30+00:00,0.0,0.0,0.0,0.0
Faltec Europe Ltd,219.0,6.0,154.88,2025-03-31 23:30:30+00:00,0.0,0.0,0.0,0.0
Faltec Europe Ltd,219.0,6.0,154.88,2025-03-31 23:45:30+00:00,0.0,0.0,0.0,0.0
