name,azimuth,slope,array_capacity,time,gti,gti_low,gti_high,ghi
Parfetts - Birmingham,134.0,6.0,139.92,2025-05-01 00:00:30+00:00,0.0,0.0,0.0,0.0
Parfetts - Birmingham,134.0,6.0,139.92,2025-05-01 00:15:30+00:00,0.0,0.0,0.0,0.0
Parfetts - Birmingham,134.0,6.0,139.92,2025-05-01 00:30:30+00:00,0.0,0.0,0.0,0.0
Parfetts - Birmingham,134.0,6.0,139.92,2025-05-01 00:45:30+00:00,0.0,0.0,0.0,0.0
Parfetts - Birmingham,134.0,6.0,139.92,2025-05-01 01:00:30+00:00,0.0,0.0,0.0,0.0
Parfetts - Birmingham,134.0,6.0,139.92,2025-05-01 01:15:30+00:00,0.0,0.0,0.0,0.0
Parfetts - Birmingham,134.0,6.0,139.92,2025-05-01 01:30:30+00:00,0.0,0.0,0.0,0.0
Parfetts - Birmingham,134.0,6.0,139.92,2025-05-01 01:45:30+00:00,0.0,0.0,0.0,0.0
Parfetts - Birmingham,134.0,6.0,139.92,2025-05-01 02:00:30+00:00,0.0,0.0,0.0,0.0
Parfetts - Birmingham,134.0,6.0,139.92,2025-05-01 02:15:30+00:00,0.0,0.0,0.0,0.0
Parfetts - Birmingham,134.0,6.0,139.92,2025-05-01 02:30:30+00:00,0.0,0.0,0.0,0.0
Parfetts - Birmingham,134.0,6.0,139.92,2025-05-01 02:45:30+00:00,0.0,0.0,0.0,0.0
Parfetts - Birmingham,134.0,6.0,139.92,2025-05-01 03:00:30+00:00,0.0,0.0,0.0,0.0
Parfetts - Birmingham,134.0,6.0,139.92,2025-05-01 03:15:30+00:00,0.0,0.0,0.0,0.0
Parfetts - Birmingham,134.0,6.0,139.92,2025-05-01 03:30:30+00:00,0.0,0.0,0.0,0.0
Parfetts - Birmingham,134.0,6.0,139.92,2025-05-01 03:45:30+00:00,0.0,0.0,0.0,0.0
Parfetts - Birmingham,134.0,6.0,139.92,2025-05-01 04:00:30+00:00,0.0,0.0,0.0,0.0
Parfetts - Birmingham,134.0,6.0,139.92,2025-05-01 04:15:30+00:00,0.0,0.0,0.0,0.0
Parfetts - Birmingham,134.0,6.0,139.92,2025-05-01 04:30:30+00:00,0.00075,0.0005,0.00125,0.00075
Parfetts - Birmingham,134.0,6.0,139.92,2025-05-01 04:45:30+00:00,0.00225,0.002,0.003,0.00225
Parfetts - Birmingham,134.0,6.0,139.92,2025-05-01 05:00:30+00:00,0.007,0.00475,0.00925,0.0065
Parfetts - Birmingham,134.0,6.0,139.92,2025-05-01 05:15:30+00:00,0.014,0.0095,0.0185,0.01225
Parfetts - Birmingham,134.0,6.0,139.92,2025-05-01 05:30:30+00:00,0.0225,0.01575,0.0285,0.0195
Parfetts - Birmingham,134.0,6.0,139.92,2025-05-01 05:45:30+00:00,0.03225,0.024,0.039,0.028
Parfetts - Birmingham,134.0,6.0,139.92,2025-05-01 06:00:30+00:00,0.043,0.0335,0.05025,0.03725
Parfetts - Birmingham,134.0,6.0,139.92,2025-05-01 06:15:30+00:00,0.054,0.04425,0.06225,0.0465
Parfetts - Birmingham,134.0,6.0,139.92,2025-05-01 06:30:30+00:00,0.0645,0.05575,0.07375,0.056
Parfetts - Birmingham,134.0,6.0,139.92,2025-05-01 06:45:30+00:00,0.07525,0.0675,0.08325,0.06575
Parfetts - Birmingham,134.0,6.0,139.92,2025-05-01 07:00:30+00:00,0.086,0.07925,0.09275,0.0755
Parfetts - Birmingham,134.0,6.0,139.92,2025-05-01 07:15:30+00:00,0.0965,0.091,0.1025,0.08525
Parfetts - Birmingham,134.0,6.0,139.92,2025-05-01 07:30:30+00:00,0.10725,0.10175,0.1125,0.095
Parfetts - Birmingham,134.0,6.0,139.92,2025-05-01 07:45:30+00:00,0.11725,0.1105,0.124,0.10425
Parfetts - Birmingham,134.0,6.0,139.92,2025-05-01 08:00:30+00:00,0.12725,0.11825,0.13525,0.1135
Parfetts - Birmingham,134.0,6.0,139.92,2025-05-01 08:15:30+00:00,0.135,0.1235,0.1445,0.12125
Parfetts - Birmingham,134.0,6.0,139.92,2025-05-01 08:30:30+00:00,0.13925,0.13075,0.1535,0.12575
Parfetts - Birmingham,134.0,6.0,139.92,2025-05-01 08:45:30+00:00,0.15225,0.139,0.16425,0.13775
Parfetts - Birmingham,134.0,6.0,139.92,2025-05-01 09:00:30+00:00,0.1625,0.14975,0.17425,0.1475
Parfetts - Birmingham,134.0,6.0,139.92,2025-05-01 09:15:30+00:00,0.17025,0.1595,0.18125,0.155
Parfetts - Birmingham,134.0,6.0,139.92,2025-05-01 09:30:30+00:00,0.17875,0.16925,0.18775,0.16275
Parfetts - Birmingham,134.0,6.0,139.92,2025-05-01 09:45:30+00:00,0.18575,0.176,0.19425,0.16975
Parfetts - Birmingham,134.0,6.0,139.92,2025-05-01 10:00:30+00:00,0.19075,0.1805,0.20025,0.175
Parfetts - Birmingham,134.0,6.0,139.92,2025-05-01 10:15:30+00:00,0.1945,0.18325,0.20425,0.17925
Parfetts - Birmingham,134.0,6.0,139.92,2025-05-01 10:30:30+00:00,0.196,0.18675,0.20725,0.18175
Parfetts - Birmingham,134.0,6.0,139.92,2025-05-01 10:45:30+00:00,0.2005,0.188,0.21225,0.18675
Parfetts - Birmingham,134.0,6.0,139.92,2025-05-01 11:00:30+00:00,0.20375,0.18875,0.21675,0.1905
Parfetts - Birmingham,134.0,6.0,139.92,2025-05-01 11:15:30+00:00,0.2035,0.18525,0.21775,0.1915
Parfetts - Birmingham,134.0,6.0,139.92,2025-05-01 11:30:30+00:00,0.19625,0.183,0.21875,0.186
Parfetts - Birmingham,134.0,6.0,139.92,2025-05-01 11:45:30+00:00,0.20375,0.18175,0.22025,0.1935
Parfetts - Birmingham,134.0,6.0,139.92,2025-05-01 12:00:30+00:00,0.20125,0.177,0.21825,0.1925
Parfetts - Birmingham,134.0,6.0,139.92,2025-05-01 12:15:30+00:00,0.18775,0.173,0.214,0.18075
Parfetts - Birmingham,134.0,6.0,139.92,2025-05-01 12:30:30+00:00,0.19125,0.171,0.21225,0.185
Parfetts - Birmingham,134.0,6.0,139.92,2025-05-01 12:45:30+00:00,0.1955,0.17475,0.2125,0.1895
Parfetts - Birmingham,134.0,6.0,139.92,2025-05-01 13:00:30+00:00,0.19325,0.1755,0.209,0.1885
Parfetts - Birmingham,134.0,6.0,139.92,2025-05-01 13:15:30+00:00,0.18775,0.17075,0.2005,0.18425
Parfetts - Birmingham,134.0,6.0,139.92,2025-05-01 13:30:30+00:00,0.1755,0.1645,0.19375,0.1735
Parfetts - Birmingham,134.0,6.0,139.92,2025-05-01 13:45:30+00:00,0.1745,0.1595,0.18825,0.1735
Parfetts - Birmingham,134.0,6.0,139.92,2025-05-01 14:00:30+00:00,0.1715,0.1545,0.18575,0.17175
Parfetts - Birmingham,134.0,6.0,139.92,2025-05-01 14:15:30+00:00,0.164,0.13725,0.18225,0.1655
Parfetts - Birmingham,134.0,6.0,139.92,2025-05-01 14:30:30+00:00,0.15375,0.11425,0.17375,0.15625
Parfetts - Birmingham,134.0,6.0,139.92,2025-05-01 14:45:30+00:00,0.13775,0.086,0.16525,0.141
Parfetts - Birmingham,134.0,6.0,139.92,2025-05-01 15:00:30+00:00,0.10475,0.07,0.1545,0.1075
Parfetts - Birmingham,134.0,6.0,139.92,2025-05-01 15:15:30+00:00,0.0935,0.06375,0.13075,0.09625
Parfetts - Birmingham,134.0,6.0,139.92,2025-05-01 15:30:30+00:00,0.093,0.069,0.12075,0.0965
Parfetts - Birmingham,134.0,6.0,139.92,2025-05-01 15:45:30+00:00,0.09675,0.07225,0.11225,0.102
Parfetts - Birmingham,134.0,6.0,139.92,2025-05-01 16:00:30+00:00,0.08725,0.06875,0.106,0.09275
Parfetts - Birmingham,134.0,6.0,139.92,2025-05-01 16:15:30+00:00,0.078,0.0585,0.0925,0.0835
Parfetts - Birmingham,134.0,6.0,139.92,2025-05-01 16:30:30+00:00,0.0625,0.052,0.08725,0.06675
Parfetts - Birmingham,134.0,6.0,139.92,2025-05-01 16:45:30+00:00,0.06575,0.0435,0.07925,0.07275
Parfetts - Birmingham,134.0,6.0,139.92,2025-05-01 17:00:30+00:00,0.05675,0.04275,0.0725,0.0635
Parfetts - Birmingham,134.0,6.0,139.92,2025-05-01 17:15:30+00:00,0.051,0.03675,0.06075,0.05925
Parfetts - Birmingham,134.0,6.0,139.92,2025-05-01 17:30:30+00:00,0.0435,0.029,0.0495,0.053
Parfetts - Birmingham,134.0,6.0,139.92,2025-05-01 17:45:30+00:00,0.0325,0.018,0.04125,0.03925
Parfetts - Birmingham,134.0,6.0,139.92,2025-05-01 18:00:30+00:00,0.02275,0.00875,0.034,0.0265
Parfetts - Birmingham,134.0,6.0,139.92,2025-05-01 18:15:30+00:00,0.015,0.003,0.027,0.017
Parfetts - Birmingham,134.0,6.0,139.92,2025-05-01 18:30:30+00:00,0.007,0.0015,0.0185,0.00725
Parfetts - Birmingham,134.0,6.0,139.92,2025-05-01 18:45:30+00:00,0.00225,0.001,0.00875,0.00225
Parfetts - Birmingham,134.0,6.0,139.92,2025-05-01 19:00:30+00:00,0.00075,0.0005,0.003,0.00075
Parfetts - Birmingham,134.0,6.0,139.92,2025-05-01 19:15:30+00:00,0.00025,0.0,0.0005,0.00025
Parfetts - Birmingham,134.0,6.0,139.92,2025-05-01 19:30:30+00:00,0.0,0.0,0.0,0.0
Parfetts - Birmingham,134.0,6.0,139.92,2025-05-01 19:45:30+00:00,0.0,0.0,0.0,0.0
Parfetts - Birmingham,134.0,6.0,139.92,2025-05-01 20:00:30+00:00,0.0,0.0,0.0,0.0
Parfetts - Birmingham,134.0,6.0,139.92,2025-05-01 20:15:30+00:00,0.0,0.0,0.0,0.0
Parfetts - Birmingham,134.0,6.0,139.92,2025-05-01 20:30:30+00:00,0.0,0.0,0.0,0.0
Parfetts - Birmingham,134.0,6.0,139.92,2025-05-01 20:45:30+00:00,0.0,0.0,0.0,0.0
Parfetts - Birmingham,134.0,6.0,139.92,2025-05-01 21:00:30+00:00,0.0,0.0,0.0,0.0
Parfetts - Birmingham,134.0,6.0,139.92,2025-05-01 21:15:30+00:00,0.0,0.0,0.0,0.0
Parfetts - Birmingham,134.0,6.0,139.92,2025-05-01 21:30:30+00:00,0.0,0.0,0.0,0.0
Parfetts - Birmingham,134.0,6.0,139.92,2025-05-01 21:45:30+00:00,0.0,0.0,0.0,0.0
Parfetts - Birmingham,134.0,6.0,139.92,2025-05-01 22:00:30+00:00,0.0,0.0,0.0,0.0
Parfetts - Birmingham,134.0,6.0,139.92,2025-05-01 22:15:30+00:00,0.0,0.0,0.0,0.0
Parfetts - Birmingham,134.0,6.0,139.92,2025-05-01 22:30:30+00:00,0.0,0.0,0.0,0.0
Parfetts - Birmingham,134.0,6.0,139.92,2025-05-01 22:45:30+00:00,0.0,0.0,0.0,0.0
Parfetts - Birmingham,134.0,6.0,139.92,2025-05-01 23:00:30+00:00,0.0,0.0,0.0,0.0
Parfetts - Birmingham,134.0,6.0,139.92,2025-05-01 23:15:30+00:00,0.0,0.0,0.0,0.0
Parfetts - Birmingham,134.0,6.0,139.92,2025-05-01 23:30:30+00:00,0.0,0.0,0.0,0.0
Parfetts - Birmingham,134.0,6.0,139.92,2025-05-01 23:45:30+00:00,0.0,0.0,0.0,0.0
Parfetts - Birmingham,134.0,6.0,139.92,2025-05-02 00:00:30+00:00,0.0,0.0,0.0,0.0
Parfetts - Birmingham,134.0,6.0,139.92,2025-05-02 00:15:30+00:00,0.0,0.0,0.0,0.0
Parfetts - Birmingham,134.0,6.0,139.92,2025-05-02 00:30:30+00:00,0.0,0.0,0.0,0.0
Parfetts - Birmingham,134.0,6.0,139.92,2025-05-02 00:45:30+00:00,0.0,0.0,0.0,0.0
Parfetts - Birmingham,134.0,6.0,139.92,2025-05-02 01:00:30+00:00,0.0,0.0,0.0,0.0
Parfetts - Birmingham,134.0,6.0,139.92,2025-05-02 01:15:30+00:00,0.0,0.0,0.0,0.0
Parfetts - Birmingham,134.0,6.0,139.92,2025-05-02 01:30:30+00:00,0.0,0.0,0.0,0.0
Parfetts - Birmingham,134.0,6.0,139.92,2025-05-02 01:45:30+00:00,0.0,0.0,0.0,0.0
Parfetts - Birmingham,134.0,6.0,139.92,2025-05-02 02:00:30+00:00,0.0,0.0,0.0,0.0
Parfetts - Birmingham,134.0,6.0,139.92,2025-05-02 02:15:30+00:00,0.0,0.0,0.0,0.0
Parfetts - Birmingham,134.0,6.0,139.92,2025-05-02 02:30:30+00:00,0.0,0.0,0.0,0.0
Parfetts - Birmingham,134.0,6.0,139.92,2025-05-02 02:45:30+00:00,0.0,0.0,0.0,0.0
Parfetts - Birmingham,134.0,6.0,139.92,2025-05-02 03:00:30+00:00,0.0,0.0,0.0,0.0
Parfetts - Birmingham,134.0,6.0,139.92,2025-05-02 03:15:30+00:00,0.0,0.0,0.0,0.0
Parfetts - Birmingham,134.0,6.0,139.92,2025-05-02 03:30:30+00:00,0.0,0.0,0.0,0.0
Parfetts - Birmingham,134.0,6.0,139.92,2025-05-02 03:45:30+00:00,0.0,0.0,0.0,0.0
Parfetts - Birmingham,134.0,6.0,139.92,2025-05-02 04:00:30+00:00,0.0,0.0,0.0,0.0
Parfetts - Birmingham,134.0,6.0,139.92,2025-05-02 04:15:30+00:00,0.0,0.0,0.0,0.0
Parfetts - Birmingham,134.0,6.0,139.92,2025-05-02 04:30:30+00:00,0.0,0.0,0.0,0.0
Parfetts - Birmingham,134.0,6.0,139.92,2025-05-02 04:45:30+00:00,0.0015,0.0005,0.003,0.0015
Parfetts - Birmingham,134.0,6.0,139.92,2025-05-02 05:00:30+00:00,0.00425,0.00225,0.00775,0.00425
Parfetts - Birmingham,134.0,6.0,139.92,2025-05-02 05:15:30+00:00,0.00975,0.005,0.01425,0.0095
Parfetts - Birmingham,134.0,6.0,139.92,2025-05-02 05:30:30+00:00,0.015,0.008,0.02075,0.01425
Parfetts - Birmingham,134.0,6.0,139.92,2025-05-02 05:45:30+00:00,0.018,0.0105,0.02725,0.0175
Parfetts - Birmingham,134.0,6.0,139.92,2025-05-02 06:00:30+00:00,0.024,0.014,0.037,0.023
Parfetts - Birmingham,134.0,6.0,139.92,2025-05-02 06:15:30+00:00,0.03525,0.01925,0.05075,0.03325
Parfetts - Birmingham,134.0,6.0,139.92,2025-05-02 06:30:30+00:00,0.04525,0.02825,0.06525,0.04225
Parfetts - Birmingham,134.0,6.0,139.92,2025-05-02 06:45:30+00:00,0.06075,0.0405,0.07925,0.0555
Parfetts - Birmingham,134.0,6.0,139.92,2025-05-02 07:00:30+00:00,0.0735,0.0575,0.0905,0.0665
Parfetts - Birmingham,134.0,6.0,139.92,2025-05-02 07:15:30+00:00,0.08675,0.071,0.09975,0.07825
Parfetts - Birmingham,134.0,6.0,139.92,2025-05-02 07:30:30+00:00,0.095,0.07725,0.10725,0.08625
Parfetts - Birmingham,134.0,6.0,139.92,2025-05-02 07:45:30+00:00,0.093,0.08075,0.11675,0.08625
Parfetts - Birmingham,134.0,6.0,139.92,2025-05-02 08:00:30+00:00,0.1115,0.086,0.13775,0.102
Parfetts - Birmingham,134.0,6.0,139.92,2025-05-02 08:15:30+00:00,0.12975,0.08225,0.1495,0.11825
Parfetts - Birmingham,134.0,6.0,139.92,2025-05-02 08:30:30+00:00,0.129,0.06375,0.15875,0.1185
Parfetts - Birmingham,134.0,6.0,139.92,2025-05-02 08:45:30+00:00,0.108,0.034,0.16475,0.1015
Parfetts - Birmingham,134.0,6.0,139.92,2025-05-02 09:00:30+00:00,0.07975,0.01825,0.15175,0.07725
Parfetts - Birmingham,134.0,6.0,139.92,2025-05-02 09:15:30+00:00,0.068,0.01375,0.12975,0.06725
Parfetts - Birmingham,134.0,6.0,139.92,2025-05-02 09:30:30+00:00,0.06825,0.01375,0.1335,0.06775
Parfetts - Birmingham,134.0,6.0,139.92,2025-05-02 09:45:30+00:00,0.085,0.01975,0.16325,0.08275
Parfetts - Birmingham,134.0,6.0,139.92,2025-05-02 10:00:30+00:00,0.12175,0.0355,0.202,0.11625
Parfetts - Birmingham,134.0,6.0,139.92,2025-05-02 10:15:30+00:00,0.16225,0.07425,0.211,0.1525
Parfetts - Birmingham,134.0,6.0,139.92,2025-05-02 10:30:30+00:00,0.18425,0.11825,0.2175,0.17225
Parfetts - Birmingham,134.0,6.0,139.92,2025-05-02 10:45:30+00:00,0.192,0.15375,0.2215,0.17975
Parfetts - Birmingham,134.0,6.0,139.92,2025-05-02 11:00:30+00:00,0.1935,0.167,0.21625,0.18225
Parfetts - Birmingham,134.0,6.0,139.92,2025-05-02 11:15:30+00:00,0.18875,0.16325,0.216,0.1785
Parfetts - Birmingham,134.0,6.0,139.92,2025-05-02 11:30:30+00:00,0.18625,0.15,0.21725,0.177
Parfetts - Birmingham,134.0,6.0,139.92,2025-05-02 11:45:30+00:00,0.1745,0.13975,0.21225,0.1675
Parfetts - Birmingham,134.0,6.0,139.92,2025-05-02 12:00:30+00:00,0.16775,0.12875,0.20275,0.16175
Parfetts - Birmingham,134.0,6.0,139.92,2025-05-02 12:15:30+00:00,0.1535,0.1225,0.1975,0.14975
Parfetts - Birmingham,134.0,6.0,139.92,2025-05-02 12:30:30+00:00,0.1605,0.12525,0.20425,0.15625
Parfetts - Birmingham,134.0,6.0,139.92,2025-05-02 12:45:30+00:00,0.1795,0.13575,0.21325,0.17475
Parfetts - Birmingham,134.0,6.0,139.92,2025-05-02 13:00:30+00:00,0.18225,0.15075,0.2085,0.17825
Parfetts - Birmingham,134.0,6.0,139.92,2025-05-02 13:15:30+00:00,0.1765,0.15475,0.198,0.1735
Parfetts - Birmingham,134.0,6.0,139.92,2025-05-02 13:30:30+00:00,0.17,0.1515,0.18775,0.16825
Parfetts - Birmingham,134.0,6.0,139.92,2025-05-02 13:45:30+00:00,0.16225,0.14025,0.18125,0.1615
Parfetts - Birmingham,134.0,6.0,139.92,2025-05-02 14:00:30+00:00,0.1495,0.12925,0.17075,0.14975
Parfetts - Birmingham,134.0,6.0,139.92,2025-05-02 14:15:30+00:00,0.1385,0.123,0.16275,0.13975
Parfetts - Birmingham,134.0,6.0,139.92,2025-05-02 14:30:30+00:00,0.14,0.11975,0.1585,0.142
Parfetts - Birmingham,134.0,6.0,139.92,2025-05-02 14:45:30+00:00,0.1385,0.11775,0.153,0.14175
Parfetts - Birmingham,134.0,6.0,139.92,2025-05-02 15:00:30+00:00,0.1275,0.10925,0.1435,0.13125
Parfetts - Birmingham,134.0,6.0,139.92,2025-05-02 15:15:30+00:00,0.11325,0.099,0.132,0.11725
Parfetts - Birmingham,134.0,6.0,139.92,2025-05-02 15:30:30+00:00,0.1055,0.08775,0.121,0.11025
Parfetts - Birmingham,134.0,6.0,139.92,2025-05-02 15:45:30+00:00,0.0945,0.0765,0.113,0.0995
Parfetts - Birmingham,134.0,6.0,139.92,2025-05-02 16:00:30+00:00,0.08425,0.06475,0.1025,0.089
Parfetts - Birmingham,134.0,6.0,139.92,2025-05-02 16:15:30+00:00,0.07225,0.05275,0.09075,0.0765
Parfetts - Birmingham,134.0,6.0,139.92,2025-05-02 16:30:30+00:00,0.059,0.04525,0.08075,0.06225
Parfetts - Birmingham,134.0,6.0,139.92,2025-05-02 16:45:30+00:00,0.056,0.039,0.07425,0.0605
Parfetts - Birmingham,134.0,6.0,139.92,2025-05-02 17:00:30+00:00,0.0545,0.03625,0.07,0.0605
Parfetts - Birmingham,134.0,6.0,139.92,2025-05-02 17:15:30+00:00,0.04875,0.03475,0.0615,0.0555
Parfetts - Birmingham,134.0,6.0,139.92,2025-05-02 17:30:30+00:00,0.042,0.032,0.05075,0.04925
Parfetts - Birmingham,134.0,6.0,139.92,2025-05-02 17:45:30+00:00,0.0345,0.0275,0.041,0.04175
Parfetts - Birmingham,134.0,6.0,139.92,2025-05-02 18:00:30+00:00,0.02675,0.021,0.0315,0.0335
Parfetts - Birmingham,134.0,6.0,139.92,2025-05-02 18:15:30+00:00,0.0195,0.0145,0.02325,0.02525
Parfetts - Birmingham,134.0,6.0,139.92,2025-05-02 18:30:30+00:00,0.01275,0.00925,0.01575,0.01725
Parfetts - Birmingham,134.0,6.0,139.92,2025-05-02 18:45:30+00:00,0.008,0.0055,0.0105,0.01
Parfetts - Birmingham,134.0,6.0,139.92,2025-05-02 19:00:30+00:00,0.0045,0.00325,0.006,0.00475
Parfetts - Birmingham,134.0,6.0,139.92,2025-05-02 19:15:30+00:00,0.001,0.00075,0.00125,0.001
Parfetts - Birmingham,134.0,6.0,139.92,2025-05-02 19:30:30+00:00,0.0,0.0,0.0,0.0
Parfetts - Birmingham,134.0,6.0,139.92,2025-05-02 19:45:30+00:00,0.0,0.0,0.0,0.0
Parfetts - Birmingham,134.0,6.0,139.92,2025-05-02 20:00:30+00:00,0.0,0.0,0.0,0.0
Parfetts - Birmingham,134.0,6.0,139.92,2025-05-02 20:15:30+00:00,0.0,0.0,0.0,0.0
Parfetts - Birmingham,134.0,6.0,139.92,2025-05-02 20:30:30+00:00,0.0,0.0,0.0,0.0
Parfetts - Birmingham,134.0,6.0,139.92,2025-05-02 20:45:30+00:00,0.0,0.0,0.0,0.0
Parfetts - Birmingham,134.0,6.0,139.92,2025-05-02 21:00:30+00:00,0.0,0.0,0.0,0.0
Parfetts - Birmingham,134.0,6.0,139.92,2025-05-02 21:15:30+00:00,0.0,0.0,0.0,0.0
Parfetts - Birmingham,134.0,6.0,139.92,2025-05-02 21:30:30+00:00,0.0,0.0,0.0,0.0
Parfetts - Birmingham,134.0,6.0,139.92,2025-05-02 21:45:30+00:00,0.0,0.0,0.0,0.0
Parfetts - Birmingham,134.0,6.0,139.92,2025-05-02 22:00:30+00:00,0.0,0.0,0.0,0.0
Parfetts - Birmingham,134.0,6.0,139.92,2025-05-02 22:15:30+00:00,0.0,0.0,0.0,0.0
Parfetts - Birmingham,134.0,6.0,139.92,2025-05-02 22:30:30+00:00,0.0,0.0,0.0,0.0
Parfetts - Birmingham,134.0,6.0,139.92,2025-05-02 22:45:30+00:00,0.0,0.0,0.0,0.0
Parfetts - Birmingham,134.0,6.0,139.92,2025-05-02 23:00:30+00:00,0.0,0.0,0.0,0.0
Parfetts - Birmingham,134.0,6.0,139.92,2025-05-02 23:15:30+00:00,0.0,0.0,0.0,0.0
Parfetts - Birmingham,134.0,6.0,139.92,2025-05-02 23:30:30+00:00,0.0,0.0,0.0,0.0
Parfetts - Birmingham,134.0,6.0,139.92,2025-05-02 23:45:30+00:00,0.0,0.0,0.0,0.0
Parfetts - Birmingham,134.0,6.0,139.92,2025-05-03 00:00:30+00:00,0.0,0.0,0.0,0.0
Parfetts - Birmingham,134.0,6.0,139.92,2025-05-03 00:15:30+00:00,0.0,0.0,0.0,0.0
Parfetts - Birmingham,134.0,6.0,139.92,2025-05-03 00:30:30+00:00,0.0,0.0,0.0,0.0
Parfetts - Birmingham,134.0,6.0,139.92,2025-05-03 00:45:30+00:00,0.0,0.0,0.0,0.0
Parfetts - Birmingham,134.0,6.0,139.92,2025-05-03 01:00:30+00:00,0.0,0.0,0.0,0.0
Parfetts - Birmingham,134.0,6.0,139.92,2025-05-03 01:15:30+00:00,0.0,0.0,0.0,0.0
Parfetts - Birmingham,134.0,6.0,139.92,2025-05-03 01:30:30+00:00,0.0,0.0,0.0,0.0
Parfetts - Birmingham,134.0,6.0,139.92,2025-05-03 01:45:30+00:00,0.0,0.0,0.0,0.0
Parfetts - Birmingham,134.0,6.0,139.92,2025-05-03 02:00:30+00:00,0.0,0.0,0.0,0.0
Parfetts - Birmingham,134.0,6.0,139.92,2025-05-03 02:15:30+00:00,0.0,0.0,0.0,0.0
Parfetts - Birmingham,134.0,6.0,139.92,2025-05-03 02:30:30+00:00,0.0,0.0,0.0,0.0
Parfetts - Birmingham,134.0,6.0,139.92,2025-05-03 02:45:30+00:00,0.0,0.0,0.0,0.0
Parfetts - Birmingham,134.0,6.0,139.92,2025-05-03 03:00:30+00:00,0.0,0.0,0.0,0.0
Parfetts - Birmingham,134.0,6.0,139.92,2025-05-03 03:15:30+00:00,0.0,0.0,0.0,0.0
Parfetts - Birmingham,134.0,6.0,139.92,2025-05-03 03:30:30+00:00,0.0,0.0,0.0,0.0
Parfetts - Birmingham,134.0,6.0,139.92,2025-05-03 03:45:30+00:00,0.0,0.0,0.0,0.0
Parfetts - Birmingham,134.0,6.0,139.92,2025-05-03 04:00:30+00:00,0.0,0.0,0.0,0.0
Parfetts - Birmingham,134.0,6.0,139.92,2025-05-03 04:15:30+00:00,0.0,0.0,0.0,0.0
Parfetts - Birmingham,134.0,6.0,139.92,2025-05-03 04:30:30+00:00,0.00025,0.00025,0.00025,0.00025
Parfetts - Birmingham,134.0,6.0,139.92,2025-05-03 04:45:30+00:00,0.003,0.002,0.00425,0.003
Parfetts - Birmingham,134.0,6.0,139.92,2025-05-03 05:00:30+00:00,0.0085,0.00575,0.012,0.00775
Parfetts - Birmingham,134.0,6.0,139.92,2025-05-03 05:15:30+00:00,0.01775,0.0115,0.0225,0.01525
Parfetts - Birmingham,134.0,6.0,139.92,2025-05-03 05:30:30+00:00,0.02725,0.01925,0.033,0.0235
Parfetts - Birmingham,134.0,6.0,139.92,2025-05-03 05:45:30+00:00,0.03675,0.0275,0.0445,0.0315
Parfetts - Birmingham,134.0,6.0,139.92,2025-05-03 06:00:30+00:00,0.048,0.035,0.05625,0.041
Parfetts - Birmingham,134.0,6.0,139.92,2025-05-03 06:15:30+00:00,0.05475,0.03925,0.067,0.048
Parfetts - Birmingham,134.0,6.0,139.92,2025-05-03 06:30:30+00:00,0.05675,0.04375,0.07275,0.05075
Parfetts - Birmingham,134.0,6.0,139.92,2025-05-03 06:45:30+00:00,0.0635,0.05,0.0815,0.05725
Parfetts - Birmingham,134.0,6.0,139.92,2025-05-03 07:00:30+00:00,0.07775,0.06,0.09575,0.07
Parfetts - Birmingham,134.0,6.0,139.92,2025-05-03 07:15:30+00:00,0.092,0.0735,0.112,0.0825
Parfetts - Birmingham,134.0,6.0,139.92,2025-05-03 07:30:30+00:00,0.109,0.08975,0.1255,0.097
Parfetts - Birmingham,134.0,6.0,139.92,2025-05-03 07:45:30+00:00,0.12075,0.10725,0.134,0.1075
Parfetts - Birmingham,134.0,6.0,139.92,2025-05-03 08:00:30+00:00,0.1315,0.1205,0.1415,0.1175
Parfetts - Birmingham,134.0,6.0,139.92,2025-05-03 08:15:30+00:00,0.1405,0.13025,0.14825,0.126
Parfetts - Birmingham,134.0,6.0,139.92,2025-05-03 08:30:30+00:00,0.14525,0.1375,0.15625,0.13125
Parfetts - Birmingham,134.0,6.0,139.92,2025-05-03 08:45:30+00:00,0.1555,0.14425,0.165,0.141
Parfetts - Birmingham,134.0,6.0,139.92,2025-05-03 09:00:30+00:00,0.1625,0.1525,0.1745,0.148
Parfetts - Birmingham,134.0,6.0,139.92,2025-05-03 09:15:30+00:00,0.17225,0.1585,0.186,0.157
Parfetts - Birmingham,134.0,6.0,139.92,2025-05-03 09:30:30+00:00,0.18225,0.1585,0.2035,0.16625
Parfetts - Birmingham,134.0,6.0,139.92,2025-05-03 09:45:30+00:00,0.18675,0.142,0.21225,0.17175
Parfetts - Birmingham,134.0,6.0,139.92,2025-05-03 10:00:30+00:00,0.1805,0.109,0.2175,0.16725
Parfetts - Birmingham,134.0,6.0,139.92,2025-05-03 10:15:30+00:00,0.162,0.071,0.2205,0.1525
Parfetts - Birmingham,134.0,6.0,139.92,2025-05-03 10:30:30+00:00,0.1335,0.03425,0.222,0.12775
Parfetts - Birmingham,134.0,6.0,139.92,2025-05-03 10:45:30+00:00,0.10025,0.02,0.20275,0.098
Parfetts - Birmingham,134.0,6.0,139.92,2025-05-03 11:00:30+00:00,0.0825,0.0165,0.1675,0.08125
Parfetts - Birmingham,134.0,6.0,139.92,2025-05-03 11:15:30+00:00,0.0565,0.01625,0.13175,0.0565
Parfetts - Birmingham,134.0,6.0,139.92,2025-05-03 11:30:30+00:00,0.044,0.0165,0.09575,0.04425
Parfetts - Birmingham,134.0,6.0,139.92,2025-05-03 11:45:30+00:00,0.04225,0.0165,0.07675,0.0425
Parfetts - Birmingham,134.0,6.0,139.92,2025-05-03 12:00:30+00:00,0.0465,0.02225,0.0675,0.0465
Parfetts - Birmingham,134.0,6.0,139.92,2025-05-03 12:15:30+00:00,0.04575,0.0205,0.071,0.04575
Parfetts - Birmingham,134.0,6.0,139.92,2025-05-03 12:30:30+00:00,0.04475,0.01625,0.076,0.045
Parfetts - Birmingham,134.0,6.0,139.92,2025-05-03 12:45:30+00:00,0.0445,0.0165,0.0885,0.04475
Parfetts - Birmingham,134.0,6.0,139.92,2025-05-03 13:00:30+00:00,0.06775,0.025,0.0965,0.068
Parfetts - Birmingham,134.0,6.0,139.92,2025-05-03 13:15:30+00:00,0.06925,0.036,0.1,0.0695
Parfetts - Birmingham,134.0,6.0,139.92,2025-05-03 13:30:30+00:00,0.0665,0.037,0.09425,0.067
Parfetts - Birmingham,134.0,6.0,139.92,2025-05-03 13:45:30+00:00,0.06075,0.04225,0.09225,0.06125
Parfetts - Birmingham,134.0,6.0,139.92,2025-05-03 14:00:30+00:00,0.07425,0.0325,0.106,0.07475
Parfetts - Birmingham,134.0,6.0,139.92,2025-05-03 14:15:30+00:00,0.072,0.01425,0.123,0.0725
Parfetts - Birmingham,134.0,6.0,139.92,2025-05-03 14:30:30+00:00,0.056,0.0135,0.15025,0.05675
Parfetts - Birmingham,134.0,6.0,139.92,2025-05-03 14:45:30+00:00,0.1015,0.02025,0.1715,0.1035
Parfetts - Birmingham,134.0,6.0,139.92,2025-05-03 15:00:30+00:00,0.125,0.0405,0.16375,0.1285
Parfetts - Birmingham,134.0,6.0,139.92,2025-05-03 15:15:30+00:00,0.09,0.041,0.1505,0.09275
Parfetts - Birmingham,134.0,6.0,139.92,2025-05-03 15:30:30+00:00,0.07175,0.04225,0.116,0.07375
Parfetts - Birmingham,134.0,6.0,139.92,2025-05-03 15:45:30+00:00,0.07425,0.03625,0.1015,0.07675
Parfetts - Birmingham,134.0,6.0,139.92,2025-05-03 16:00:30+00:00,0.0605,0.03375,0.09825,0.0625
Parfetts - Birmingham,134.0,6.0,139.92,2025-05-03 16:15:30+00:00,0.062,0.027,0.105,0.065
Parfetts - Birmingham,134.0,6.0,139.92,2025-05-03 16:30:30+00:00,0.073,0.03325,0.1,0.07925
Parfetts - Birmingham,134.0,6.0,139.92,2025-05-03 16:45:30+00:00,0.0725,0.04325,0.087,0.0815
Parfetts - Birmingham,134.0,6.0,139.92,2025-05-03 17:00:30+00:00,0.063,0.04675,0.0755,0.0725
Parfetts - Birmingham,134.0,6.0,139.92,2025-05-03 17:15:30+00:00,0.053,0.043,0.0645,0.0625
Parfetts - Birmingham,134.0,6.0,139.92,2025-05-03 17:30:30+00:00,0.0465,0.0325,0.05425,0.05575
Parfetts - Birmingham,134.0,6.0,139.92,2025-05-03 17:45:30+00:00,0.03575,0.02125,0.04475,0.0435
Parfetts - Birmingham,134.0,6.0,139.92,2025-05-03 18:00:30+00:00,0.025,0.012,0.03725,0.0295
Parfetts - Birmingham,134.0,6.0,139.92,2025-05-03 18:15:30+00:00,0.01675,0.00775,0.03025,0.01875
Parfetts - Birmingham,134.0,6.0,139.92,2025-05-03 18:30:30+00:00,0.01425,0.00525,0.019,0.01825
Parfetts - Birmingham,134.0,6.0,139.92,2025-05-03 18:45:30+00:00,0.00875,0.004,0.01,0.01375
Parfetts - Birmingham,134.0,6.0,139.92,2025-05-03 19:00:30+00:00,0.00525,0.003,0.006,0.00675
Parfetts - Birmingham,134.0,6.0,139.92,2025-05-03 19:15:30+00:00,0.0015,0.001,0.00175,0.00175
Parfetts - Birmingham,134.0,6.0,139.92,2025-05-03 19:30:30+00:00,0.0,0.0,0.0,0.0
Parfetts - Birmingham,134.0,6.0,139.92,2025-05-03 19:45:30+00:00,0.0,0.0,0.0,0.0
Parfetts - Birmingham,134.0,6.0,139.92,2025-05-03 20:00:30+00:00,0.0,0.0,0.0,0.0
Parfetts - Birmingham,134.0,6.0,139.92,2025-05-03 20:15:30+00:00,0.0,0.0,0.0,0.0
Parfetts - Birmingham,134.0,6.0,139.92,2025-05-03 20:30:30+00:00,0.0,0.0,0.0,0.0
Parfetts - Birmingham,134.0,6.0,139.92,2025-05-03 20:45:30+00:00,0.0,0.0,0.0,0.0
Parfetts - Birmingham,134.0,6.0,139.92,2025-05-03 21:00:30+00:00,0.0,0.0,0.0,0.0
Parfetts - Birmingham,134.0,6.0,139.92,2025-05-03 21:15:30+00:00,0.0,0.0,0.0,0.0
Parfetts - Birmingham,134.0,6.0,139.92,2025-05-03 21:30:30+00:00,0.0,0.0,0.0,0.0
Parfetts - Birmingham,134.0,6.0,139.92,2025-05-03 21:45:30+00:00,0.0,0.0,0.0,0.0
Parfetts - Birmingham,134.0,6.0,139.92,2025-05-03 22:00:30+00:00,0.0,0.0,0.0,0.0
Parfetts - Birmingham,134.0,6.0,139.92,2025-05-03 22:15:30+00:00,0.0,0.0,0.0,0.0
Parfetts - Birmingham,134.0,6.0,139.92,2025-05-03 22:30:30+00:00,0.0,0.0,0.0,0.0
Parfetts - Birmingham,134.0,6.0,139.92,2025-05-03 22:45:30+00:00,0.0,0.0,0.0,0.0
Parfetts - Birmingham,134.0,6.0,139.92,2025-05-03 23:00:30+00:00,0.0,0.0,0.0,0.0
Parfetts - Birmingham,134.0,6.0,139.92,2025-05-03 23:15:30+00:00,0.0,0.0,0.0,0.0
Parfetts - Birmingham,134.0,6.0,139.92,2025-05-03 23:30:30+00:00,0.0,0.0,0.0,0.0
Parfetts - Birmingham,134.0,6.0,139.92,2025-05-03 23:45:30+00:00,0.0,0.0,0.0,0.0
Parfetts - Birmingham,134.0,6.0,139.92,2025-05-04 00:00:30+00:00,0.0,0.0,0.0,0.0
Parfetts - Birmingham,134.0,6.0,139.92,2025-05-04 00:15:30+00:00,0.0,0.0,0.0,0.0
Parfetts - Birmingham,134.0,6.0,139.92,2025-05-04 00:30:30+00:00,0.0,0.0,0.0,0.0
Parfetts - Birmingham,134.0,6.0,139.92,2025-05-04 00:45:30+00:00,0.0,0.0,0.0,0.0
Parfetts - Birmingham,134.0,6.0,139.92,2025-05-04 01:00:30+00:00,0.0,0.0,0.0,0.0
Parfetts - Birmingham,134.0,6.0,139.92,2025-05-04 01:15:30+00:00,0.0,0.0,0.0,0.0
Parfetts - Birmingham,134.0,6.0,139.92,2025-05-04 01:30:30+00:00,0.0,0.0,0.0,0.0
Parfetts - Birmingham,134.0,6.0,139.92,2025-05-04 01:45:30+00:00,0.0,0.0,0.0,0.0
Parfetts - Birmingham,134.0,6.0,139.92,2025-05-04 02:00:30+00:00,0.0,0.0,0.0,0.0
Parfetts - Birmingham,134.0,6.0,139.92,2025-05-04 02:15:30+00:00,0.0,0.0,0.0,0.0
Parfetts - Birmingham,134.0,6.0,139.92,2025-05-04 02:30:30+00:00,0.0,0.0,0.0,0.0
Parfetts - Birmingham,134.0,6.0,139.92,2025-05-04 02:45:30+00:00,0.0,0.0,0.0,0.0
Parfetts - Birmingham,134.0,6.0,139.92,2025-05-04 03:00:30+00:00,0.0,0.0,0.0,0.0
Parfetts - Birmingham,134.0,6.0,139.92,2025-05-04 03:15:30+00:00,0.0,0.0,0.0,0.0
Parfetts - Birmingham,134.0,6.0,139.92,2025-05-04 03:30:30+00:00,0.0,0.0,0.0,0.0
Parfetts - Birmingham,134.0,6.0,139.92,2025-05-04 03:45:30+00:00,0.0,0.0,0.0,0.0
Parfetts - Birmingham,134.0,6.0,139.92,2025-05-04 04:00:30+00:00,0.0,0.0,0.0,0.0
Parfetts - Birmingham,134.0,6.0,139.92,2025-05-04 04:15:30+00:00,0.0,0.0,0.0,0.0
Parfetts - Birmingham,134.0,6.0,139.92,2025-05-04 04:30:30+00:00,0.00025,0.0,0.00075,0.00025
Parfetts - Birmingham,134.0,6.0,139.92,2025-05-04 04:45:30+00:00,0.002,0.0005,0.004,0.002
Parfetts - Birmingham,134.0,6.0,139.92,2025-05-04 05:00:30+00:00,0.0045,0.00125,0.008,0.0045
Parfetts - Birmingham,134.0,6.0,139.92,2025-05-04 05:15:30+00:00,0.0075,0.00225,0.01275,0.00775
Parfetts - Birmingham,134.0,6.0,139.92,2025-05-04 05:30:30+00:00,0.01025,0.00375,0.01725,0.01025
Parfetts - Birmingham,134.0,6.0,139.92,2025-05-04 05:45:30+00:00,0.0135,0.00525,0.0215,0.0135
Parfetts - Birmingham,134.0,6.0,139.92,2025-05-04 06:00:30+00:00,0.0165,0.0075,0.02575,0.0165
Parfetts - Birmingham,134.0,6.0,139.92,2025-05-04 06:15:30+00:00,0.01975,0.00925,0.02875,0.01975
Parfetts - Birmingham,134.0,6.0,139.92,2025-05-04 06:30:30+00:00,0.0205,0.01175,0.0315,0.0205
Parfetts - Birmingham,134.0,6.0,139.92,2025-05-04 06:45:30+00:00,0.0245,0.015,0.03475,0.02475
Parfetts - Birmingham,134.0,6.0,139.92,2025-05-04 07:00:30+00:00,0.0295,0.013,0.04625,0.0295
Parfetts - Birmingham,134.0,6.0,139.92,2025-05-04 07:15:30+00:00,0.0345,0.0095,0.05775,0.03425
Parfetts - Birmingham,134.0,6.0,139.92,2025-05-04 07:30:30+00:00,0.03625,0.01475,0.0795,0.036
Parfetts - Birmingham,134.0,6.0,139.92,2025-05-04 07:45:30+00:00,0.07425,0.02775,0.101,0.07
Parfetts - Birmingham,134.0,6.0,139.92,2025-05-04 08:00:30+00:00,0.079,0.048,0.11025,0.07525
Parfetts - Birmingham,134.0,6.0,139.92,2025-05-04 08:15:30+00:00,0.084,0.057,0.10775,0.0805
Parfetts - Birmingham,134.0,6.0,139.92,2025-05-04 08:30:30+00:00,0.0835,0.06375,0.102,0.08025
Parfetts - Birmingham,134.0,6.0,139.92,2025-05-04 08:45:30+00:00,0.08075,0.06775,0.10725,0.078
Parfetts - Birmingham,134.0,6.0,139.92,2025-05-04 09:00:30+00:00,0.1,0.07025,0.1135,0.095
Parfetts - Birmingham,134.0,6.0,139.92,2025-05-04 09:15:30+00:00,0.09175,0.067,0.124,0.0885
Parfetts - Birmingham,134.0,6.0,139.92,2025-05-04 09:30:30+00:00,0.0955,0.06075,0.12675,0.0925
Parfetts - Birmingham,134.0,6.0,139.92,2025-05-04 09:45:30+00:00,0.093,0.049,0.12775,0.0905
Parfetts - Birmingham,134.0,6.0,139.92,2025-05-04 10:00:30+00:00,0.075,0.0415,0.12025,0.07425
Parfetts - Birmingham,134.0,6.0,139.92,2025-05-04 10:15:30+00:00,0.0755,0.0455,0.131,0.07475
Parfetts - Birmingham,134.0,6.0,139.92,2025-05-04 10:30:30+00:00,0.117,0.04825,0.13975,0.1125
Parfetts - Birmingham,134.0,6.0,139.92,2025-05-04 10:45:30+00:00,0.08475,0.04375,0.14775,0.08325
Parfetts - Birmingham,134.0,6.0,139.92,2025-05-04 11:00:30+00:00,0.08675,0.033,0.16325,0.0855
Parfetts - Birmingham,134.0,6.0,139.92,2025-05-04 11:15:30+00:00,0.12425,0.0355,0.20575,0.12025
Parfetts - Birmingham,134.0,6.0,139.92,2025-05-04 11:30:30+00:00,0.1485,0.0605,0.23475,0.1435
Parfetts - Birmingham,134.0,6.0,139.92,2025-05-04 11:45:30+00:00,0.16975,0.09525,0.24075,0.16325
Parfetts - Birmingham,134.0,6.0,139.92,2025-05-04 12:00:30+00:00,0.19175,0.122,0.2355,0.184
Parfetts - Birmingham,134.0,6.0,139.92,2025-05-04 12:15:30+00:00,0.172,0.12225,0.2205,0.16675
Parfetts - Birmingham,134.0,6.0,139.92,2025-05-04 12:30:30+00:00,0.14975,0.111,0.198,0.14675
Parfetts - Birmingham,134.0,6.0,139.92,2025-05-04 12:45:30+00:00,0.14225,0.11225,0.18225,0.13975
Parfetts - Birmingham,134.0,6.0,139.92,2025-05-04 13:00:30+00:00,0.15,0.12,0.1735,0.1475
Parfetts - Birmingham,134.0,6.0,139.92,2025-05-04 13:15:30+00:00,0.14675,0.1275,0.1705,0.145
Parfetts - Birmingham,134.0,6.0,139.92,2025-05-04 13:30:30+00:00,0.14975,0.11825,0.1745,0.1485
Parfetts - Birmingham,134.0,6.0,139.92,2025-05-04 13:45:30+00:00,0.14225,0.11175,0.1785,0.14175
Parfetts - Birmingham,134.0,6.0,139.92,2025-05-04 14:00:30+00:00,0.14275,0.1005,0.19925,0.14325
Parfetts - Birmingham,134.0,6.0,139.92,2025-05-04 14:15:30+00:00,0.16375,0.093,0.19575,0.16525
Parfetts - Birmingham,134.0,6.0,139.92,2025-05-04 14:30:30+00:00,0.138,0.07075,0.18725,0.14
Parfetts - Birmingham,134.0,6.0,139.92,2025-05-04 14:45:30+00:00,0.09575,0.06075,0.17,0.0975
Parfetts - Birmingham,134.0,6.0,139.92,2025-05-04 15:00:30+00:00,0.1105,0.0565,0.1465,0.1135
Parfetts - Birmingham,134.0,6.0,139.92,2025-05-04 15:15:30+00:00,0.09825,0.0595,0.13125,0.1015
Parfetts - Birmingham,134.0,6.0,139.92,2025-05-04 15:30:30+00:00,0.07725,0.05075,0.11125,0.0795
Parfetts - Birmingham,134.0,6.0,139.92,2025-05-04 15:45:30+00:00,0.0665,0.0475,0.09575,0.0685
Parfetts - Birmingham,134.0,6.0,139.92,2025-05-04 16:00:30+00:00,0.07,0.0495,0.0855,0.07275
Parfetts - Birmingham,134.0,6.0,139.92,2025-05-04 16:15:30+00:00,0.06575,0.049,0.079,0.069
Parfetts - Birmingham,134.0,6.0,139.92,2025-05-04 16:30:30+00:00,0.0565,0.0425,0.072,0.05925
Parfetts - Birmingham,134.0,6.0,139.92,2025-05-04 16:45:30+00:00,0.049,0.03425,0.06175,0.0515
Parfetts - Birmingham,134.0,6.0,139.92,2025-05-04 17:00:30+00:00,0.0385,0.0285,0.05325,0.04025
Parfetts - Birmingham,134.0,6.0,139.92,2025-05-04 17:15:30+00:00,0.03425,0.023,0.045,0.03625
Parfetts - Birmingham,134.0,6.0,139.92,2025-05-04 17:30:30+00:00,0.02925,0.02025,0.0415,0.031
Parfetts - Birmingham,134.0,6.0,139.92,2025-05-04 17:45:30+00:00,0.02775,0.017,0.0355,0.03075
Parfetts - Birmingham,134.0,6.0,139.92,2025-05-04 18:00:30+00:00,0.0225,0.01425,0.03075,0.02475
Parfetts - Birmingham,134.0,6.0,139.92,2025-05-04 18:15:30+00:00,0.01725,0.01025,0.0245,0.01925
Parfetts - Birmingham,134.0,6.0,139.92,2025-05-04 18:30:30+00:00,0.01225,0.0065,0.01825,0.01375
Parfetts - Birmingham,134.0,6.0,139.92,2025-05-04 18:45:30+00:00,0.00775,0.0035,0.01275,0.008
Parfetts - Birmingham,134.0,6.0,139.92,2025-05-04 19:00:30+00:00,0.004,0.0015,0.00725,0.004
Parfetts - Birmingham,134.0,6.0,139.92,2025-05-04 19:15:30+00:00,0.00125,0.0005,0.00275,0.00125
Parfetts - Birmingham,134.0,6.0,139.92,2025-05-04 19:30:30+00:00,0.0,0.0,0.00025,0.00025
Parfetts - Birmingham,134.0,6.0,139.92,2025-05-04 19:45:30+00:00,0.0,0.0,0.0,0.0
Parfetts - Birmingham,134.0,6.0,139.92,2025-05-04 20:00:30+00:00,0.0,0.0,0.0,0.0
Parfetts - Birmingham,134.0,6.0,139.92,2025-05-04 20:15:30+00:00,0.0,0.0,0.0,0.0
Parfetts - Birmingham,134.0,6.0,139.92,2025-05-04 20:30:30+00:00,0.0,0.0,0.0,0.0
Parfetts - Birmingham,134.0,6.0,139.92,2025-05-04 20:45:30+00:00,0.0,0.0,0.0,0.0
Parfetts - Birmingham,134.0,6.0,139.92,2025-05-04 21:00:30+00:00,0.0,0.0,0.0,0.0
Parfetts - Birmingham,134.0,6.0,139.92,2025-05-04 21:15:30+00:00,0.0,0.0,0.0,0.0
Parfetts - Birmingham,134.0,6.0,139.92,2025-05-04 21:30:30+00:00,0.0,0.0,0.0,0.0
Parfetts - Birmingham,134.0,6.0,139.92,2025-05-04 21:45:30+00:00,0.0,0.0,0.0,0.0
Parfetts - Birmingham,134.0,6.0,139.92,2025-05-04 22:00:30+00:00,0.0,0.0,0.0,0.0
Parfetts - Birmingham,134.0,6.0,139.92,2025-05-04 22:15:30+00:00,0.0,0.0,0.0,0.0
Parfetts - Birmingham,134.0,6.0,139.92,2025-05-04 22:30:30+00:00,0.0,0.0,0.0,0.0
Parfetts - Birmingham,134.0,6.0,139.92,2025-05-04 22:45:30+00:00,0.0,0.0,0.0,0.0
Parfetts - Birmingham,134.0,6.0,139.92,2025-05-04 23:00:30+00:00,0.0,0.0,0.0,0.0
Parfetts - Birmingham,134.0,6.0,139.92,2025-05-04 23:15:30+00:00,0.0,0.0,0.0,0.0
Parfetts - Birmingham,134.0,6.0,139.92,2025-05-04 23:30:30+00:00,0.0,0.0,0.0,0.0
Parfetts - Birmingham,134.0,6.0,139.92,2025-05-04 23:45:30+00:00,0.0,0.0,0.0,0.0
Parfetts - Birmingham,134.0,6.0,139.92,2025-05-05 00:00:30+00:00,0.0,0.0,0.0,0.0
Parfetts - Birmingham,134.0,6.0,139.92,2025-05-05 00:15:30+00:00,0.0,0.0,0.0,0.0
Parfetts - Birmingham,134.0,6.0,139.92,2025-05-05 00:30:30+00:00,0.0,0.0,0.0,0.0
Parfetts - Birmingham,134.0,6.0,139.92,2025-05-05 00:45:30+00:00,0.0,0.0,0.0,0.0
Parfetts - Birmingham,134.0,6.0,139.92,2025-05-05 01:00:30+00:00,0.0,0.0,0.0,0.0
Parfetts - Birmingham,134.0,6.0,139.92,2025-05-05 01:15:30+00:00,0.0,0.0,0.0,0.0
Parfetts - Birmingham,134.0,6.0,139.92,2025-05-05 01:30:30+00:00,0.0,0.0,0.0,0.0
Parfetts - Birmingham,134.0,6.0,139.92,2025-05-05 01:45:30+00:00,0.0,0.0,0.0,0.0
Parfetts - Birmingham,134.0,6.0,139.92,2025-05-05 02:00:30+00:00,0.0,0.0,0.0,0.0
Parfetts - Birmingham,134.0,6.0,139.92,2025-05-05 02:15:30+00:00,0.0,0.0,0.0,0.0
Parfetts - Birmingham,134.0,6.0,139.92,2025-05-05 02:30:30+00:00,0.0,0.0,0.0,0.0
Parfetts - Birmingham,134.0,6.0,139.92,2025-05-05 02:45:30+00:00,0.0,0.0,0.0,0.0
Parfetts - Birmingham,134.0,6.0,139.92,2025-05-05 03:00:30+00:00,0.0,0.0,0.0,0.0
Parfetts - Birmingham,134.0,6.0,139.92,2025-05-05 03:15:30+00:00,0.0,0.0,0.0,0.0
Parfetts - Birmingham,134.0,6.0,139.92,2025-05-05 03:30:30+00:00,0.0,0.0,0.0,0.0
Parfetts - Birmingham,134.0,6.0,139.92,2025-05-05 03:45:30+00:00,0.0,0.0,0.0,0.0
Parfetts - Birmingham,134.0,6.0,139.92,2025-05-05 04:00:30+00:00,0.0,0.0,0.0,0.0
Parfetts - Birmingham,134.0,6.0,139.92,2025-05-05 04:15:30+00:00,0.0,0.0,0.0,0.0
Parfetts - Birmingham,134.0,6.0,139.92,2025-05-05 04:30:30+00:00,0.0005,0.00025,0.001,0.0005
Parfetts - Birmingham,134.0,6.0,139.92,2025-05-05 04:45:30+00:00,0.00275,0.001,0.005,0.00275
Parfetts - Birmingham,134.0,6.0,139.92,2025-05-05 05:00:30+00:00,0.006,0.00225,0.00975,0.006
Parfetts - Birmingham,134.0,6.0,139.92,2025-05-05 05:15:30+00:00,0.0095,0.0035,0.01525,0.0095
Parfetts - Birmingham,134.0,6.0,139.92,2025-05-05 05:30:30+00:00,0.01275,0.003,0.0255,0.01275
Parfetts - Birmingham,134.0,6.0,139.92,2025-05-05 05:45:30+00:00,0.021,0.00425,0.03875,0.02025
Parfetts - Birmingham,134.0,6.0,139.92,2025-05-05 06:00:30+00:00,0.028,0.0095,0.055,0.0265
Parfetts - Birmingham,134.0,6.0,139.92,2025-05-05 06:15:30+00:00,0.05925,0.02325,0.07125,0.0525
Parfetts - Birmingham,134.0,6.0,139.92,2025-05-05 06:30:30+00:00,0.07575,0.039,0.08525,0.06575
Parfetts - Birmingham,134.0,6.0,139.92,2025-05-05 06:45:30+00:00,0.07975,0.0405,0.0965,0.07025
Parfetts - Birmingham,134.0,6.0,139.92,2025-05-05 07:00:30+00:00,0.066,0.03875,0.102,0.061
Parfetts - Birmingham,134.0,6.0,139.92,2025-05-05 07:15:30+00:00,0.06725,0.04375,0.0975,0.06375
Parfetts - Birmingham,134.0,6.0,139.92,2025-05-05 07:30:30+00:00,0.0805,0.05275,0.10175,0.075
Parfetts - Birmingham,134.0,6.0,139.92,2025-05-05 07:45:30+00:00,0.08225,0.0655,0.1125,0.077
Parfetts - Birmingham,134.0,6.0,139.92,2025-05-05 08:00:30+00:00,0.1055,0.0555,0.12975,0.098
Parfetts - Birmingham,134.0,6.0,139.92,2025-05-05 08:15:30+00:00,0.08725,0.04675,0.144,0.08225
Parfetts - Birmingham,134.0,6.0,139.92,2025-05-05 08:30:30+00:00,0.0945,0.02475,0.1405,0.08925
Parfetts - Birmingham,134.0,6.0,139.92,2025-05-05 08:45:30+00:00,0.0635,0.02475,0.13875,0.062
Parfetts - Birmingham,134.0,6.0,139.92,2025-05-05 09:00:30+00:00,0.09,0.018,0.12375,0.0865
Parfetts - Birmingham,134.0,6.0,139.92,2025-05-05 09:15:30+00:00,0.05375,0.014,0.117,0.05275
Parfetts - Birmingham,134.0,6.0,139.92,2025-05-05 09:30:30+00:00,0.05275,0.01425,0.1075,0.0525
Parfetts - Birmingham,134.0,6.0,139.92,2025-05-05 09:45:30+00:00,0.0725,0.02225,0.1295,0.071
Parfetts - Birmingham,134.0,6.0,139.92,2025-05-05 10:00:30+00:00,0.102,0.022,0.1455,0.099
Parfetts - Birmingham,134.0,6.0,139.92,2025-05-05 10:15:30+00:00,0.07425,0.016,0.1465,0.07275
Parfetts - Birmingham,134.0,6.0,139.92,2025-05-05 10:30:30+00:00,0.04675,0.016,0.13125,0.04675
Parfetts - Birmingham,134.0,6.0,139.92,2025-05-05 10:45:30+00:00,0.03925,0.01625,0.149,0.0395
Parfetts - Birmingham,134.0,6.0,139.92,2025-05-05 11:00:30+00:00,0.12025,0.024,0.17525,0.116
Parfetts - Birmingham,134.0,6.0,139.92,2025-05-05 11:15:30+00:00,0.10575,0.021,0.17725,0.10275
Parfetts - Birmingham,134.0,6.0,139.92,2025-05-05 11:30:30+00:00,0.0605,0.01875,0.16875,0.06
Parfetts - Birmingham,134.0,6.0,139.92,2025-05-05 11:45:30+00:00,0.11875,0.03075,0.1745,0.1155
Parfetts - Birmingham,134.0,6.0,139.92,2025-05-05 12:00:30+00:00,0.12625,0.0505,0.181,0.12325
Parfetts - Birmingham,134.0,6.0,139.92,2025-05-05 12:15:30+00:00,0.10075,0.0435,0.16025,0.0995
Parfetts - Birmingham,134.0,6.0,139.92,2025-05-05 12:30:30+00:00,0.07875,0.025,0.14875,0.0785
Parfetts - Birmingham,134.0,6.0,139.92,2025-05-05 12:45:30+00:00,0.0805,0.01675,0.15875,0.08025
Parfetts - Birmingham,134.0,6.0,139.92,2025-05-05 13:00:30+00:00,0.103,0.03,0.1915,0.10225
Parfetts - Birmingham,134.0,6.0,139.92,2025-05-05 13:15:30+00:00,0.149,0.04575,0.207,0.147
Parfetts - Birmingham,134.0,6.0,139.92,2025-05-05 13:30:30+00:00,0.1245,0.035,0.19375,0.124
Parfetts - Birmingham,134.0,6.0,139.92,2025-05-05 13:45:30+00:00,0.06925,0.01675,0.15825,0.0695
Parfetts - Birmingham,134.0,6.0,139.92,2025-05-05 14:00:30+00:00,0.0685,0.02125,0.142,0.069
Parfetts - Birmingham,134.0,6.0,139.92,2025-05-05 14:15:30+00:00,0.10625,0.03075,0.13025,0.107
Parfetts - Birmingham,134.0,6.0,139.92,2025-05-05 14:30:30+00:00,0.066,0.042,0.1305,0.06675
Parfetts - Birmingham,134.0,6.0,139.92,2025-05-05 14:45:30+00:00,0.08575,0.03625,0.113,0.08725
Parfetts - Birmingham,134.0,6.0,139.92,2025-05-05 15:00:30+00:00,0.07175,0.04,0.10625,0.07325
Parfetts - Birmingham,134.0,6.0,139.92,2025-05-05 15:15:30+00:00,0.061,0.035,0.088,0.062
Parfetts - Birmingham,134.0,6.0,139.92,2025-05-05 15:30:30+00:00,0.05125,0.03,0.07925,0.052
Parfetts - Birmingham,134.0,6.0,139.92,2025-05-05 15:45:30+00:00,0.05125,0.03,0.0755,0.05225
Parfetts - Birmingham,134.0,6.0,139.92,2025-05-05 16:00:30+00:00,0.0555,0.0285,0.081,0.05675
Parfetts - Birmingham,134.0,6.0,139.92,2025-05-05 16:15:30+00:00,0.0565,0.03,0.0795,0.05875
Parfetts - Birmingham,134.0,6.0,139.92,2025-05-05 16:30:30+00:00,0.0525,0.03375,0.07675,0.05475
Parfetts - Birmingham,134.0,6.0,139.92,2025-05-05 16:45:30+00:00,0.055,0.03275,0.0695,0.059
Parfetts - Birmingham,134.0,6.0,139.92,2025-05-05 17:00:30+00:00,0.04675,0.0275,0.06375,0.05
Parfetts - Birmingham,134.0,6.0,139.92,2025-05-05 17:15:30+00:00,0.035,0.01675,0.0545,0.03725
Parfetts - Birmingham,134.0,6.0,139.92,2025-05-05 17:30:30+00:00,0.0245,0.0115,0.04275,0.02525
Parfetts - Birmingham,134.0,6.0,139.92,2025-05-05 17:45:30+00:00,0.02075,0.00925,0.033,0.02125
Parfetts - Birmingham,134.0,6.0,139.92,2025-05-05 18:00:30+00:00,0.018,0.0085,0.02675,0.01875
Parfetts - Birmingham,134.0,6.0,139.92,2025-05-05 18:15:30+00:00,0.01425,0.007,0.022,0.01475
Parfetts - Birmingham,134.0,6.0,139.92,2025-05-05 18:30:30+00:00,0.01125,0.00475,0.017,0.0115
Parfetts - Birmingham,134.0,6.0,139.92,2025-05-05 18:45:30+00:00,0.0075,0.003,0.01225,0.00775
Parfetts - Birmingham,134.0,6.0,139.92,2025-05-05 19:00:30+00:00,0.004,0.0015,0.00725,0.004
Parfetts - Birmingham,134.0,6.0,139.92,2025-05-05 19:15:30+00:00,0.00125,0.0005,0.00325,0.00125
Parfetts - Birmingham,134.0,6.0,139.92,2025-05-05 19:30:30+00:00,0.00025,0.0,0.0005,0.00025
Parfetts - Birmingham,134.0,6.0,139.92,2025-05-05 19:45:30+00:00,0.0,0.0,0.0,0.0
Parfetts - Birmingham,134.0,6.0,139.92,2025-05-05 20:00:30+00:00,0.0,0.0,0.0,0.0
Parfetts - Birmingham,134.0,6.0,139.92,2025-05-05 20:15:30+00:00,0.0,0.0,0.0,0.0
Parfetts - Birmingham,134.0,6.0,139.92,2025-05-05 20:30:30+00:00,0.0,0.0,0.0,0.0
Parfetts - Birmingham,134.0,6.0,139.92,2025-05-05 20:45:30+00:00,0.0,0.0,0.0,0.0
Parfetts - Birmingham,134.0,6.0,139.92,2025-05-05 21:00:30+00:00,0.0,0.0,0.0,0.0
Parfetts - Birmingham,134.0,6.0,139.92,2025-05-05 21:15:30+00:00,0.0,0.0,0.0,0.0
Parfetts - Birmingham,134.0,6.0,139.92,2025-05-05 21:30:30+00:00,0.0,0.0,0.0,0.0
Parfetts - Birmingham,134.0,6.0,139.92,2025-05-05 21:45:30+00:00,0.0,0.0,0.0,0.0
Parfetts - Birmingham,134.0,6.0,139.92,2025-05-05 22:00:30+00:00,0.0,0.0,0.0,0.0
Parfetts - Birmingham,134.0,6.0,139.92,2025-05-05 22:15:30+00:00,0.0,0.0,0.0,0.0
Parfetts - Birmingham,134.0,6.0,139.92,2025-05-05 22:30:30+00:00,0.0,0.0,0.0,0.0
Parfetts - Birmingham,134.0,6.0,139.92,2025-05-05 22:45:30+00:00,0.0,0.0,0.0,0.0
Parfetts - Birmingham,134.0,6.0,139.92,2025-05-05 23:00:30+00:00,0.0,0.0,0.0,0.0
Parfetts - Birmingham,134.0,6.0,139.92,2025-05-05 23:15:30+00:00,0.0,0.0,0.0,0.0
Parfetts - Birmingham,134.0,6.0,139.92,2025-05-05 23:30:30+00:00,0.0,0.0,0.0,0.0
Parfetts - Birmingham,134.0,6.0,139.92,2025-05-05 23:45:30+00:00,0.0,0.0,0.0,0.0
Parfetts - Birmingham,134.0,6.0,139.92,2025-05-06 00:00:30+00:00,0.0,0.0,0.0,0.0
Parfetts - Birmingham,134.0,6.0,139.92,2025-05-06 00:15:30+00:00,0.0,0.0,0.0,0.0
Parfetts - Birmingham,134.0,6.0,139.92,2025-05-06 00:30:30+00:00,0.0,0.0,0.0,0.0
Parfetts - Birmingham,134.0,6.0,139.92,2025-05-06 00:45:30+00:00,0.0,0.0,0.0,0.0
Parfetts - Birmingham,134.0,6.0,139.92,2025-05-06 01:00:30+00:00,0.0,0.0,0.0,0.0
Parfetts - Birmingham,134.0,6.0,139.92,2025-05-06 01:15:30+00:00,0.0,0.0,0.0,0.0
Parfetts - Birmingham,134.0,6.0,139.92,2025-05-06 01:30:30+00:00,0.0,0.0,0.0,0.0
Parfetts - Birmingham,134.0,6.0,139.92,2025-05-06 01:45:30+00:00,0.0,0.0,0.0,0.0
Parfetts - Birmingham,134.0,6.0,139.92,2025-05-06 02:00:30+00:00,0.0,0.0,0.0,0.0
Parfetts - Birmingham,134.0,6.0,139.92,2025-05-06 02:15:30+00:00,0.0,0.0,0.0,0.0
Parfetts - Birmingham,134.0,6.0,139.92,2025-05-06 02:30:30+00:00,0.0,0.0,0.0,0.0
Parfetts - Birmingham,134.0,6.0,139.92,2025-05-06 02:45:30+00:00,0.0,0.0,0.0,0.0
Parfetts - Birmingham,134.0,6.0,139.92,2025-05-06 03:00:30+00:00,0.0,0.0,0.0,0.0
Parfetts - Birmingham,134.0,6.0,139.92,2025-05-06 03:15:30+00:00,0.0,0.0,0.0,0.0
Parfetts - Birmingham,134.0,6.0,139.92,2025-05-06 03:30:30+00:00,0.0,0.0,0.0,0.0
Parfetts - Birmingham,134.0,6.0,139.92,2025-05-06 03:45:30+00:00,0.0,0.0,0.0,0.0
Parfetts - Birmingham,134.0,6.0,139.92,2025-05-06 04:00:30+00:00,0.0,0.0,0.0,0.0
Parfetts - Birmingham,134.0,6.0,139.92,2025-05-06 04:15:30+00:00,0.0,0.0,0.0,0.0
Parfetts - Birmingham,134.0,6.0,139.92,2025-05-06 04:30:30+00:00,0.001,0.00075,0.00125,0.001
Parfetts - Birmingham,134.0,6.0,139.92,2025-05-06 04:45:30+00:00,0.006,0.0045,0.00725,0.00525
Parfetts - Birmingham,134.0,6.0,139.92,2025-05-06 05:00:30+00:00,0.01375,0.00975,0.0165,0.01125
Parfetts - Birmingham,134.0,6.0,139.92,2025-05-06 05:15:30+00:00,0.02225,0.01625,0.0265,0.0185
Parfetts - Birmingham,134.0,6.0,139.92,2025-05-06 05:30:30+00:00,0.03225,0.0245,0.03725,0.027
Parfetts - Birmingham,134.0,6.0,139.92,2025-05-06 05:45:30+00:00,0.0425,0.03375,0.04825,0.036
Parfetts - Birmingham,134.0,6.0,139.92,2025-05-06 06:00:30+00:00,0.053,0.04375,0.05975,0.0455
Parfetts - Birmingham,134.0,6.0,139.92,2025-05-06 06:15:30+00:00,0.0635,0.05475,0.07175,0.05475
Parfetts - Birmingham,134.0,6.0,139.92,2025-05-06 06:30:30+00:00,0.0745,0.06625,0.08275,0.06475
Parfetts - Birmingham,134.0,6.0,139.92,2025-05-06 06:45:30+00:00,0.08525,0.07825,0.09225,0.0745
Parfetts - Birmingham,134.0,6.0,139.92,2025-05-06 07:00:30+00:00,0.09575,0.08925,0.10275,0.084
Parfetts - Birmingham,134.0,6.0,139.92,2025-05-06 07:15:30+00:00,0.107,0.096,0.1175,0.09425
Parfetts - Birmingham,134.0,6.0,139.92,2025-05-06 07:30:30+00:00,0.11725,0.09925,0.1305,0.10375
Parfetts - Birmingham,134.0,6.0,139.92,2025-05-06 07:45:30+00:00,0.122,0.09675,0.141,0.10925
Parfetts - Birmingham,134.0,6.0,139.92,2025-05-06 08:00:30+00:00,0.11675,0.09675,0.14325,0.10675
Parfetts - Birmingham,134.0,6.0,139.92,2025-05-06 08:15:30+00:00,0.12275,0.10325,0.14225,0.11275
Parfetts - Birmingham,134.0,6.0,139.92,2025-05-06 08:30:30+00:00,0.1285,0.1145,0.143,0.11825
Parfetts - Birmingham,134.0,6.0,139.92,2025-05-06 08:45:30+00:00,0.135,0.1225,0.14725,0.12475
Parfetts - Birmingham,134.0,6.0,139.92,2025-05-06 09:00:30+00:00,0.1405,0.12425,0.1585,0.13025
Parfetts - Birmingham,134.0,6.0,139.92,2025-05-06 09:15:30+00:00,0.14825,0.12825,0.17425,0.13775
Parfetts - Birmingham,134.0,6.0,139.92,2025-05-06 09:30:30+00:00,0.16575,0.13825,0.1925,0.153
Parfetts - Birmingham,134.0,6.0,139.92,2025-05-06 09:45:30+00:00,0.18075,0.1515,0.2035,0.167
Parfetts - Birmingham,134.0,6.0,139.92,2025-05-06 10:00:30+00:00,0.18475,0.16275,0.21,0.17125
Parfetts - Birmingham,134.0,6.0,139.92,2025-05-06 10:15:30+00:00,0.1935,0.1715,0.21475,0.17975
Parfetts - Birmingham,134.0,6.0,139.92,2025-05-06 10:30:30+00:00,0.2015,0.18075,0.223,0.1875
Parfetts - Birmingham,134.0,6.0,139.92,2025-05-06 10:45:30+00:00,0.20975,0.1885,0.2295,0.19575
Parfetts - Birmingham,134.0,6.0,139.92,2025-05-06 11:00:30+00:00,0.2155,0.19775,0.232,0.202
Parfetts - Birmingham,134.0,6.0,139.92,2025-05-06 11:15:30+00:00,0.21875,0.20425,0.2315,0.206
Parfetts - Birmingham,134.0,6.0,139.92,2025-05-06 11:30:30+00:00,0.219,0.207,0.23,0.20725
Parfetts - Birmingham,134.0,6.0,139.92,2025-05-06 11:45:30+00:00,0.2175,0.207,0.228,0.20675
Parfetts - Birmingham,134.0,6.0,139.92,2025-05-06 12:00:30+00:00,0.21575,0.20575,0.22675,0.206
Parfetts - Birmingham,134.0,6.0,139.92,2025-05-06 12:15:30+00:00,0.21525,0.20475,0.22525,0.20675
Parfetts - Birmingham,134.0,6.0,139.92,2025-05-06 12:30:30+00:00,0.21375,0.2035,0.22325,0.2065
Parfetts - Birmingham,134.0,6.0,139.92,2025-05-06 12:45:30+00:00,0.21075,0.20125,0.2195,0.20475
Parfetts - Birmingham,134.0,6.0,139.92,2025-05-06 13:00:30+00:00,0.2065,0.1975,0.215,0.20175
Parfetts - Birmingham,134.0,6.0,139.92,2025-05-06 13:15:30+00:00,0.20125,0.1925,0.2095,0.19775
Parfetts - Birmingham,134.0,6.0,139.92,2025-05-06 13:30:30+00:00,0.19525,0.18725,0.20425,0.19325
Parfetts - Birmingham,134.0,6.0,139.92,2025-05-06 13:45:30+00:00,0.1905,0.18175,0.198,0.18975
Parfetts - Birmingham,134.0,6.0,139.92,2025-05-06 14:00:30+00:00,0.18375,0.17525,0.1915,0.18425
Parfetts - Birmingham,134.0,6.0,139.92,2025-05-06 14:15:30+00:00,0.17575,0.1675,0.18375,0.17775
Parfetts - Birmingham,134.0,6.0,139.92,2025-05-06 14:30:30+00:00,0.167,0.15875,0.17525,0.17025
Parfetts - Birmingham,134.0,6.0,139.92,2025-05-06 14:45:30+00:00,0.158,0.14875,0.16725,0.1625
Parfetts - Birmingham,134.0,6.0,139.92,2025-05-06 15:00:30+00:00,0.149,0.13875,0.15825,0.1545
Parfetts - Birmingham,134.0,6.0,139.92,2025-05-06 15:15:30+00:00,0.1385,0.128,0.14775,0.14525
Parfetts - Birmingham,134.0,6.0,139.92,2025-05-06 15:30:30+00:00,0.12625,0.11875,0.136,0.1335
Parfetts - Birmingham,134.0,6.0,139.92,2025-05-06 15:45:30+00:00,0.11725,0.11025,0.125,0.1255
Parfetts - Birmingham,134.0,6.0,139.92,2025-05-06 16:00:30+00:00,0.10925,0.10175,0.11425,0.1185
Parfetts - Birmingham,134.0,6.0,139.92,2025-05-06 16:15:30+00:00,0.09775,0.09275,0.10375,0.10725
Parfetts - Birmingham,134.0,6.0,139.92,2025-05-06 16:30:30+00:00,0.08775,0.08325,0.093,0.098
Parfetts - Birmingham,134.0,6.0,139.92,2025-05-06 16:45:30+00:00,0.07875,0.0735,0.08325,0.08975
Parfetts - Birmingham,134.0,6.0,139.92,2025-05-06 17:00:30+00:00,0.069,0.06325,0.074,0.08025
Parfetts - Birmingham,134.0,6.0,139.92,2025-05-06 17:15:30+00:00,0.0585,0.05225,0.065,0.06975
Parfetts - Birmingham,134.0,6.0,139.92,2025-05-06 17:30:30+00:00,0.0485,0.041,0.05525,0.0595
Parfetts - Birmingham,134.0,6.0,139.92,2025-05-06 17:45:30+00:00,0.039,0.03,0.04475,0.04975
Parfetts - Birmingham,134.0,6.0,139.92,2025-05-06 18:00:30+00:00,0.02975,0.02075,0.0355,0.03925
Parfetts - Birmingham,134.0,6.0,139.92,2025-05-06 18:15:30+00:00,0.02125,0.014,0.028,0.02775
Parfetts - Birmingham,134.0,6.0,139.92,2025-05-06 18:30:30+00:00,0.01475,0.0095,0.0215,0.0185
Parfetts - Birmingham,134.0,6.0,139.92,2025-05-06 18:45:30+00:00,0.00925,0.0055,0.013,0.0125
Parfetts - Birmingham,134.0,6.0,139.92,2025-05-06 19:00:30+00:00,0.006,0.00375,0.0085,0.007
Parfetts - Birmingham,134.0,6.0,139.92,2025-05-06 19:15:30+00:00,0.0025,0.002,0.0035,0.0025
Parfetts - Birmingham,134.0,6.0,139.92,2025-05-06 19:30:30+00:00,0.00075,0.0005,0.001,0.00075
Parfetts - Birmingham,134.0,6.0,139.92,2025-05-06 19:45:30+00:00,0.0,0.0,0.0,0.0
Parfetts - Birmingham,134.0,6.0,139.92,2025-05-06 20:00:30+00:00,0.0,0.0,0.0,0.0
Parfetts - Birmingham,134.0,6.0,139.92,2025-05-06 20:15:30+00:00,0.0,0.0,0.0,0.0
Parfetts - Birmingham,134.0,6.0,139.92,2025-05-06 20:30:30+00:00,0.0,0.0,0.0,0.0
Parfetts - Birmingham,134.0,6.0,139.92,2025-05-06 20:45:30+00:00,0.0,0.0,0.0,0.0
Parfetts - Birmingham,134.0,6.0,139.92,2025-05-06 21:00:30+00:00,0.0,0.0,0.0,0.0
Parfetts - Birmingham,134.0,6.0,139.92,2025-05-06 21:15:30+00:00,0.0,0.0,0.0,0.0
Parfetts - Birmingham,134.0,6.0,139.92,2025-05-06 21:30:30+00:00,0.0,0.0,0.0,0.0
Parfetts - Birmingham,134.0,6.0,139.92,2025-05-06 21:45:30+00:00,0.0,0.0,0.0,0.0
Parfetts - Birmingham,134.0,6.0,139.92,2025-05-06 22:00:30+00:00,0.0,0.0,0.0,0.0
Parfetts - Birmingham,134.0,6.0,139.92,2025-05-06 22:15:30+00:00,0.0,0.0,0.0,0.0
Parfetts - Birmingham,134.0,6.0,139.92,2025-05-06 22:30:30+00:00,0.0,0.0,0.0,0.0
Parfetts - Birmingham,134.0,6.0,139.92,2025-05-06 22:45:30+00:00,0.0,0.0,0.0,0.0
Parfetts - Birmingham,134.0,6.0,139.92,2025-05-06 23:00:30+00:00,0.0,0.0,0.0,0.0
Parfetts - Birmingham,134.0,6.0,139.92,2025-05-06 23:15:30+00:00,0.0,0.0,0.0,0.0
Parfetts - Birmingham,134.0,6.0,139.92,2025-05-06 23:30:30+00:00,0.0,0.0,0.0,0.0
Parfetts - Birmingham,134.0,6.0,139.92,2025-05-06 23:45:30+00:00,0.0,0.0,0.0,0.0
Parfetts - Birmingham,134.0,6.0,139.92,2025-05-07 00:00:30+00:00,0.0,0.0,0.0,0.0
Parfetts - Birmingham,134.0,6.0,139.92,2025-05-07 00:15:30+00:00,0.0,0.0,0.0,0.0
Parfetts - Birmingham,134.0,6.0,139.92,2025-05-07 00:30:30+00:00,0.0,0.0,0.0,0.0
Parfetts - Birmingham,134.0,6.0,139.92,2025-05-07 00:45:30+00:00,0.0,0.0,0.0,0.0
Parfetts - Birmingham,134.0,6.0,139.92,2025-05-07 01:00:30+00:00,0.0,0.0,0.0,0.0
Parfetts - Birmingham,134.0,6.0,139.92,2025-05-07 01:15:30+00:00,0.0,0.0,0.0,0.0
Parfetts - Birmingham,134.0,6.0,139.92,2025-05-07 01:30:30+00:00,0.0,0.0,0.0,0.0
Parfetts - Birmingham,134.0,6.0,139.92,2025-05-07 01:45:30+00:00,0.0,0.0,0.0,0.0
Parfetts - Birmingham,134.0,6.0,139.92,2025-05-07 02:00:30+00:00,0.0,0.0,0.0,0.0
Parfetts - Birmingham,134.0,6.0,139.92,2025-05-07 02:15:30+00:00,0.0,0.0,0.0,0.0
Parfetts - Birmingham,134.0,6.0,139.92,2025-05-07 02:30:30+00:00,0.0,0.0,0.0,0.0
Parfetts - Birmingham,134.0,6.0,139.92,2025-05-07 02:45:30+00:00,0.0,0.0,0.0,0.0
Parfetts - Birmingham,134.0,6.0,139.92,2025-05-07 03:00:30+00:00,0.0,0.0,0.0,0.0
Parfetts - Birmingham,134.0,6.0,139.92,2025-05-07 03:15:30+00:00,0.0,0.0,0.0,0.0
Parfetts - Birmingham,134.0,6.0,139.92,2025-05-07 03:30:30+00:00,0.0,0.0,0.0,0.0
Parfetts - Birmingham,134.0,6.0,139.92,2025-05-07 03:45:30+00:00,0.0,0.0,0.0,0.0
Parfetts - Birmingham,134.0,6.0,139.92,2025-05-07 04:00:30+00:00,0.0,0.0,0.0,0.0
Parfetts - Birmingham,134.0,6.0,139.92,2025-05-07 04:15:30+00:00,0.0,0.0,0.0,0.0
Parfetts - Birmingham,134.0,6.0,139.92,2025-05-07 04:30:30+00:00,0.00075,0.00025,0.00175,0.00075
Parfetts - Birmingham,134.0,6.0,139.92,2025-05-07 04:45:30+00:00,0.00275,0.0005,0.0055,0.00275
Parfetts - Birmingham,134.0,6.0,139.92,2025-05-07 05:00:30+00:00,0.0055,0.00225,0.01225,0.0055
Parfetts - Birmingham,134.0,6.0,139.92,2025-05-07 05:15:30+00:00,0.01475,0.00575,0.0225,0.0135
Parfetts - Birmingham,134.0,6.0,139.92,2025-05-07 05:30:30+00:00,0.022,0.012,0.03175,0.02025
Parfetts - Birmingham,134.0,6.0,139.92,2025-05-07 05:45:30+00:00,0.02875,0.0165,0.0385,0.02675
Parfetts - Birmingham,134.0,6.0,139.92,2025-05-07 06:00:30+00:00,0.03075,0.01825,0.04375,0.029
Parfetts - Birmingham,134.0,6.0,139.92,2025-05-07 06:15:30+00:00,0.03375,0.02225,0.05375,0.0325
Parfetts - Birmingham,134.0,6.0,139.92,2025-05-07 06:30:30+00:00,0.051,0.0305,0.07125,0.04725
Parfetts - Birmingham,134.0,6.0,139.92,2025-05-07 06:45:30+00:00,0.0675,0.04525,0.086,0.06125
Parfetts - Birmingham,134.0,6.0,139.92,2025-05-07 07:00:30+00:00,0.077,0.061,0.09425,0.07
Parfetts - Birmingham,134.0,6.0,139.92,2025-05-07 07:15:30+00:00,0.088,0.0745,0.102,0.08025
Parfetts - Birmingham,134.0,6.0,139.92,2025-05-07 07:30:30+00:00,0.09925,0.0855,0.1125,0.0905
Parfetts - Birmingham,134.0,6.0,139.92,2025-05-07 07:45:30+00:00,0.1095,0.095,0.12825,0.1
Parfetts - Birmingham,134.0,6.0,139.92,2025-05-07 08:00:30+00:00,0.12625,0.106,0.14225,0.11525
Parfetts - Birmingham,134.0,6.0,139.92,2025-05-07 08:15:30+00:00,0.13675,0.11075,0.15125,0.12425
Parfetts - Birmingham,134.0,6.0,139.92,2025-05-07 08:30:30+00:00,0.127,0.11125,0.15375,0.1175
Parfetts - Birmingham,134.0,6.0,139.92,2025-05-07 08:45:30+00:00,0.13575,0.11775,0.1615,0.12575
Parfetts - Birmingham,134.0,6.0,139.92,2025-05-07 09:00:30+00:00,0.15725,0.12975,0.1775,0.1445
Parfetts - Birmingham,134.0,6.0,139.92,2025-05-07 09:15:30+00:00,0.16625,0.13475,0.191,0.153
Parfetts - Birmingham,134.0,6.0,139.92,2025-05-07 09:30:30+00:00,0.16325,0.12525,0.19725,0.152
Parfetts - Birmingham,134.0,6.0,139.92,2025-05-07 09:45:30+00:00,0.15425,0.11575,0.1965,0.1445
Parfetts - Birmingham,134.0,6.0,139.92,2025-05-07 10:00:30+00:00,0.1495,0.11125,0.18575,0.142
Parfetts - Birmingham,134.0,6.0,139.92,2025-05-07 10:15:30+00:00,0.1425,0.1165,0.17425,0.136
Parfetts - Birmingham,134.0,6.0,139.92,2025-05-07 10:30:30+00:00,0.14425,0.1235,0.172,0.138
Parfetts - Birmingham,134.0,6.0,139.92,2025-05-07 10:45:30+00:00,0.15625,0.13075,0.17875,0.14975
Parfetts - Birmingham,134.0,6.0,139.92,2025-05-07 11:00:30+00:00,0.164,0.136,0.19225,0.1565
Parfetts - Birmingham,134.0,6.0,139.92,2025-05-07 11:15:30+00:00,0.1705,0.13,0.20225,0.163
Parfetts - Birmingham,134.0,6.0,139.92,2025-05-07 11:30:30+00:00,0.16275,0.11,0.20975,0.15625
Parfetts - Birmingham,134.0,6.0,139.92,2025-05-07 11:45:30+00:00,0.1445,0.08625,0.20275,0.1405
Parfetts - Birmingham,134.0,6.0,139.92,2025-05-07 12:00:30+00:00,0.12675,0.071,0.1825,0.12375
Parfetts - Birmingham,134.0,6.0,139.92,2025-05-07 12:15:30+00:00,0.10775,0.0665,0.16225,0.1065
Parfetts - Birmingham,134.0,6.0,139.92,2025-05-07 12:30:30+00:00,0.10925,0.07275,0.15825,0.10825
Parfetts - Birmingham,134.0,6.0,139.92,2025-05-07 12:45:30+00:00,0.1295,0.0845,0.1695,0.12775
Parfetts - Birmingham,134.0,6.0,139.92,2025-05-07 13:00:30+00:00,0.14025,0.09325,0.173,0.13875
Parfetts - Birmingham,134.0,6.0,139.92,2025-05-07 13:15:30+00:00,0.1285,0.08975,0.1645,0.1275
Parfetts - Birmingham,134.0,6.0,139.92,2025-05-07 13:30:30+00:00,0.11175,0.0805,0.14725,0.11175
Parfetts - Birmingham,134.0,6.0,139.92,2025-05-07 13:45:30+00:00,0.10175,0.0765,0.13375,0.102
Parfetts - Birmingham,134.0,6.0,139.92,2025-05-07 14:00:30+00:00,0.10125,0.07025,0.1275,0.102
Parfetts - Birmingham,134.0,6.0,139.92,2025-05-07 14:15:30+00:00,0.093,0.06825,0.13025,0.094
Parfetts - Birmingham,134.0,6.0,139.92,2025-05-07 14:30:30+00:00,0.10275,0.06775,0.13775,0.10425
Parfetts - Birmingham,134.0,6.0,139.92,2025-05-07 14:45:30+00:00,0.1115,0.0775,0.13725,0.1135
Parfetts - Birmingham,134.0,6.0,139.92,2025-05-07 15:00:30+00:00,0.1075,0.0845,0.12825,0.11
Parfetts - Birmingham,134.0,6.0,139.92,2025-05-07 15:15:30+00:00,0.1,0.08375,0.115,0.103
Parfetts - Birmingham,134.0,6.0,139.92,2025-05-07 15:30:30+00:00,0.091,0.078,0.11,0.09375
Parfetts - Birmingham,134.0,6.0,139.92,2025-05-07 15:45:30+00:00,0.08975,0.07075,0.107,0.09375
Parfetts - Birmingham,134.0,6.0,139.92,2025-05-07 16:00:30+00:00,0.086,0.061,0.099,0.0905
Parfetts - Birmingham,134.0,6.0,139.92,2025-05-07 16:15:30+00:00,0.0655,0.05225,0.089,0.0685
Parfetts - Birmingham,134.0,6.0,139.92,2025-05-07 16:30:30+00:00,0.0595,0.04275,0.07975,0.0625
Parfetts - Birmingham,134.0,6.0,139.92,2025-05-07 16:45:30+00:00,0.05775,0.03375,0.07425,0.06175
Parfetts - Birmingham,134.0,6.0,139.92,2025-05-07 17:00:30+00:00,0.0455,0.02375,0.06675,0.04825
Parfetts - Birmingham,134.0,6.0,139.92,2025-05-07 17:15:30+00:00,0.033,0.01425,0.05475,0.03425
Parfetts - Birmingham,134.0,6.0,139.92,2025-05-07 17:30:30+00:00,0.024,0.01225,0.0445,0.0245
Parfetts - Birmingham,134.0,6.0,139.92,2025-05-07 17:45:30+00:00,0.026,0.0115,0.03475,0.02825
Parfetts - Birmingham,134.0,6.0,139.92,2025-05-07 18:00:30+00:00,0.0205,0.01125,0.02975,0.02175
Parfetts - Birmingham,134.0,6.0,139.92,2025-05-07 18:15:30+00:00,0.0145,0.00825,0.0235,0.015
Parfetts - Birmingham,134.0,6.0,139.92,2025-05-07 18:30:30+00:00,0.0115,0.0055,0.01725,0.012
Parfetts - Birmingham,134.0,6.0,139.92,2025-05-07 18:45:30+00:00,0.008,0.00375,0.0125,0.00825
Parfetts - Birmingham,134.0,6.0,139.92,2025-05-07 19:00:30+00:00,0.0045,0.002,0.0075,0.0045
Parfetts - Birmingham,134.0,6.0,139.92,2025-05-07 19:15:30+00:00,0.00175,0.00075,0.0035,0.00175
Parfetts - Birmingham,134.0,6.0,139.92,2025-05-07 19:30:30+00:00,0.0005,0.00025,0.00125,0.0005
Parfetts - Birmingham,134.0,6.0,139.92,2025-05-07 19:45:30+00:00,0.0,0.0,0.0,0.0
Parfetts - Birmingham,134.0,6.0,139.92,2025-05-07 20:00:30+00:00,0.0,0.0,0.0,0.0
Parfetts - Birmingham,134.0,6.0,139.92,2025-05-07 20:15:30+00:00,0.0,0.0,0.0,0.0
Parfetts - Birmingham,134.0,6.0,139.92,2025-05-07 20:30:30+00:00,0.0,0.0,0.0,0.0
Parfetts - Birmingham,134.0,6.0,139.92,2025-05-07 20:45:30+00:00,0.0,0.0,0.0,0.0
Parfetts - Birmingham,134.0,6.0,139.92,2025-05-07 21:00:30+00:00,0.0,0.0,0.0,0.0
Parfetts - Birmingham,134.0,6.0,139.92,2025-05-07 21:15:30+00:00,0.0,0.0,0.0,0.0
Parfetts - Birmingham,134.0,6.0,139.92,2025-05-07 21:30:30+00:00,0.0,0.0,0.0,0.0
Parfetts - Birmingham,134.0,6.0,139.92,2025-05-07 21:45:30+00:00,0.0,0.0,0.0,0.0
Parfetts - Birmingham,134.0,6.0,139.92,2025-05-07 22:00:30+00:00,0.0,0.0,0.0,0.0
Parfetts - Birmingham,134.0,6.0,139.92,2025-05-07 22:15:30+00:00,0.0,0.0,0.0,0.0
Parfetts - Birmingham,134.0,6.0,139.92,2025-05-07 22:30:30+00:00,0.0,0.0,0.0,0.0
Parfetts - Birmingham,134.0,6.0,139.92,2025-05-07 22:45:30+00:00,0.0,0.0,0.0,0.0
Parfetts - Birmingham,134.0,6.0,139.92,2025-05-07 23:00:30+00:00,0.0,0.0,0.0,0.0
Parfetts - Birmingham,134.0,6.0,139.92,2025-05-07 23:15:30+00:00,0.0,0.0,0.0,0.0
Parfetts - Birmingham,134.0,6.0,139.92,2025-05-07 23:30:30+00:00,0.0,0.0,0.0,0.0
Parfetts - Birmingham,134.0,6.0,139.92,2025-05-07 23:45:30+00:00,0.0,0.0,0.0,0.0
Parfetts - Birmingham,134.0,6.0,139.92,2025-05-08 00:00:30+00:00,0.0,0.0,0.0,0.0
Parfetts - Birmingham,134.0,6.0,139.92,2025-05-08 00:15:30+00:00,0.0,0.0,0.0,0.0
Parfetts - Birmingham,134.0,6.0,139.92,2025-05-08 00:30:30+00:00,0.0,0.0,0.0,0.0
Parfetts - Birmingham,134.0,6.0,139.92,2025-05-08 00:45:30+00:00,0.0,0.0,0.0,0.0
Parfetts - Birmingham,134.0,6.0,139.92,2025-05-08 01:00:30+00:00,0.0,0.0,0.0,0.0
Parfetts - Birmingham,134.0,6.0,139.92,2025-05-08 01:15:30+00:00,0.0,0.0,0.0,0.0
Parfetts - Birmingham,134.0,6.0,139.92,2025-05-08 01:30:30+00:00,0.0,0.0,0.0,0.0
Parfetts - Birmingham,134.0,6.0,139.92,2025-05-08 01:45:30+00:00,0.0,0.0,0.0,0.0
Parfetts - Birmingham,134.0,6.0,139.92,2025-05-08 02:00:30+00:00,0.0,0.0,0.0,0.0
Parfetts - Birmingham,134.0,6.0,139.92,2025-05-08 02:15:30+00:00,0.0,0.0,0.0,0.0
Parfetts - Birmingham,134.0,6.0,139.92,2025-05-08 02:30:30+00:00,0.0,0.0,0.0,0.0
Parfetts - Birmingham,134.0,6.0,139.92,2025-05-08 02:45:30+00:00,0.0,0.0,0.0,0.0
Parfetts - Birmingham,134.0,6.0,139.92,2025-05-08 03:00:30+00:00,0.0,0.0,0.0,0.0
Parfetts - Birmingham,134.0,6.0,139.92,2025-05-08 03:15:30+00:00,0.0,0.0,0.0,0.0
Parfetts - Birmingham,134.0,6.0,139.92,2025-05-08 03:30:30+00:00,0.0,0.0,0.0,0.0
Parfetts - Birmingham,134.0,6.0,139.92,2025-05-08 03:45:30+00:00,0.0,0.0,0.0,0.0
Parfetts - Birmingham,134.0,6.0,139.92,2025-05-08 04:00:30+00:00,0.0,0.0,0.0,0.0
Parfetts - Birmingham,134.0,6.0,139.92,2025-05-08 04:15:30+00:00,0.0,0.0,0.0,0.0
Parfetts - Birmingham,134.0,6.0,139.92,2025-05-08 04:30:30+00:00,0.00075,0.00025,0.00225,0.00075
Parfetts - Birmingham,134.0,6.0,139.92,2025-05-08 04:45:30+00:00,0.0025,0.0005,0.00525,0.0025
Parfetts - Birmingham,134.0,6.0,139.92,2025-05-08 05:00:30+00:00,0.005,0.0015,0.0095,0.00525
Parfetts - Birmingham,134.0,6.0,139.92,2025-05-08 05:15:30+00:00,0.0085,0.003,0.014,0.0085
Parfetts - Birmingham,134.0,6.0,139.92,2025-05-08 05:30:30+00:00,0.012,0.0055,0.019,0.012
Parfetts - Birmingham,134.0,6.0,139.92,2025-05-08 05:45:30+00:00,0.01625,0.00825,0.024,0.01625
Parfetts - Birmingham,134.0,6.0,139.92,2025-05-08 06:00:30+00:00,0.02,0.011,0.0295,0.01975
Parfetts - Birmingham,134.0,6.0,139.92,2025-05-08 06:15:30+00:00,0.0245,0.0145,0.03575,0.02425
Parfetts - Birmingham,134.0,6.0,139.92,2025-05-08 06:30:30+00:00,0.031,0.0205,0.04375,0.0305
Parfetts - Birmingham,134.0,6.0,139.92,2025-05-08 06:45:30+00:00,0.0415,0.02825,0.05175,0.04
Parfetts - Birmingham,134.0,6.0,139.92,2025-05-08 07:00:30+00:00,0.04675,0.034,0.0585,0.04525
Parfetts - Birmingham,134.0,6.0,139.92,2025-05-08 07:15:30+00:00,0.0495,0.035,0.0615,0.04875
Parfetts - Birmingham,134.0,6.0,139.92,2025-05-08 07:30:30+00:00,0.0485,0.03325,0.06525,0.04775
Parfetts - Birmingham,134.0,6.0,139.92,2025-05-08 07:45:30+00:00,0.0495,0.03225,0.06875,0.049
Parfetts - Birmingham,134.0,6.0,139.92,2025-05-08 08:00:30+00:00,0.0535,0.0315,0.07225,0.053
Parfetts - Birmingham,134.0,6.0,139.92,2025-05-08 08:15:30+00:00,0.05225,0.02925,0.07325,0.05175
Parfetts - Birmingham,134.0,6.0,139.92,2025-05-08 08:30:30+00:00,0.0475,0.02675,0.07075,0.04725
Parfetts - Birmingham,134.0,6.0,139.92,2025-05-08 08:45:30+00:00,0.04675,0.02775,0.0675,0.0465
Parfetts - Birmingham,134.0,6.0,139.92,2025-05-08 09:00:30+00:00,0.0485,0.03225,0.0675,0.04825
Parfetts - Birmingham,134.0,6.0,139.92,2025-05-08 09:15:30+00:00,0.054,0.036,0.0695,0.05375
Parfetts - Birmingham,134.0,6.0,139.92,2025-05-08 09:30:30+00:00,0.0555,0.0355,0.0715,0.05525
Parfetts - Birmingham,134.0,6.0,139.92,2025-05-08 09:45:30+00:00,0.05075,0.034,0.07275,0.05075
Parfetts - Birmingham,134.0,6.0,139.92,2025-05-08 10:00:30+00:00,0.05375,0.03325,0.07225,0.0535
Parfetts - Birmingham,134.0,6.0,139.92,2025-05-08 10:15:30+00:00,0.05375,0.03375,0.07275,0.05375
Parfetts - Birmingham,134.0,6.0,139.92,2025-05-08 10:30:30+00:00,0.052,0.03175,0.074,0.052
Parfetts - Birmingham,134.0,6.0,139.92,2025-05-08 10:45:30+00:00,0.0525,0.03075,0.07825,0.0525
Parfetts - Birmingham,134.0,6.0,139.92,2025-05-08 11:00:30+00:00,0.0585,0.03425,0.08625,0.0585
Parfetts - Birmingham,134.0,6.0,139.92,2025-05-08 11:15:30+00:00,0.06925,0.04,0.08975,0.069
Parfetts - Birmingham,134.0,6.0,139.92,2025-05-08 11:30:30+00:00,0.06625,0.04075,0.09,0.06625
Parfetts - Birmingham,134.0,6.0,139.92,2025-05-08 11:45:30+00:00,0.06025,0.03825,0.08625,0.0605
Parfetts - Birmingham,134.0,6.0,139.92,2025-05-08 12:00:30+00:00,0.0595,0.03575,0.08225,0.05975
Parfetts - Birmingham,134.0,6.0,139.92,2025-05-08 12:15:30+00:00,0.0565,0.03375,0.07975,0.05675
Parfetts - Birmingham,134.0,6.0,139.92,2025-05-08 12:30:30+00:00,0.054,0.0325,0.077,0.05425
Parfetts - Birmingham,134.0,6.0,139.92,2025-05-08 12:45:30+00:00,0.05375,0.02875,0.074,0.054
Parfetts - Birmingham,134.0,6.0,139.92,2025-05-08 13:00:30+00:00,0.046,0.0275,0.0705,0.0465
Parfetts - Birmingham,134.0,6.0,139.92,2025-05-08 13:15:30+00:00,0.047,0.02575,0.066,0.04725
Parfetts - Birmingham,134.0,6.0,139.92,2025-05-08 13:30:30+00:00,0.0445,0.02475,0.06475,0.04475
Parfetts - Birmingham,134.0,6.0,139.92,2025-05-08 13:45:30+00:00,0.0425,0.022,0.06525,0.04275
Parfetts - Birmingham,134.0,6.0,139.92,2025-05-08 14:00:30+00:00,0.0435,0.01825,0.07075,0.044
Parfetts - Birmingham,134.0,6.0,139.92,2025-05-08 14:15:30+00:00,0.04675,0.01825,0.07775,0.04725
Parfetts - Birmingham,134.0,6.0,139.92,2025-05-08 14:30:30+00:00,0.053,0.0205,0.0855,0.0535
Parfetts - Birmingham,134.0,6.0,139.92,2025-05-08 14:45:30+00:00,0.05825,0.02125,0.09175,0.059
Parfetts - Birmingham,134.0,6.0,139.92,2025-05-08 15:00:30+00:00,0.05775,0.0205,0.09975,0.0585
Parfetts - Birmingham,134.0,6.0,139.92,2025-05-08 15:15:30+00:00,0.06375,0.02425,0.10625,0.065
Parfetts - Birmingham,134.0,6.0,139.92,2025-05-08 15:30:30+00:00,0.073,0.03525,0.10875,0.075
Parfetts - Birmingham,134.0,6.0,139.92,2025-05-08 15:45:30+00:00,0.079,0.04775,0.102,0.08175
Parfetts - Birmingham,134.0,6.0,139.92,2025-05-08 16:00:30+00:00,0.07275,0.05475,0.0905,0.07575
Parfetts - Birmingham,134.0,6.0,139.92,2025-05-08 16:15:30+00:00,0.06625,0.05375,0.07725,0.069
Parfetts - Birmingham,134.0,6.0,139.92,2025-05-08 16:30:30+00:00,0.05775,0.048,0.0675,0.0605
Parfetts - Birmingham,134.0,6.0,139.92,2025-05-08 16:45:30+00:00,0.04975,0.04125,0.06125,0.052
Parfetts - Birmingham,134.0,6.0,139.92,2025-05-08 17:00:30+00:00,0.046,0.034,0.05525,0.04875
Parfetts - Birmingham,134.0,6.0,139.92,2025-05-08 17:15:30+00:00,0.0385,0.02625,0.0495,0.041
Parfetts - Birmingham,134.0,6.0,139.92,2025-05-08 17:30:30+00:00,0.0295,0.01975,0.04225,0.03075
Parfetts - Birmingham,134.0,6.0,139.92,2025-05-08 17:45:30+00:00,0.024,0.0145,0.03475,0.025
Parfetts - Birmingham,134.0,6.0,139.92,2025-05-08 18:00:30+00:00,0.02,0.011,0.0295,0.021
Parfetts - Birmingham,134.0,6.0,139.92,2025-05-08 18:15:30+00:00,0.01625,0.0085,0.025,0.01725
Parfetts - Birmingham,134.0,6.0,139.92,2025-05-08 18:30:30+00:00,0.01325,0.006,0.02,0.01425
Parfetts - Birmingham,134.0,6.0,139.92,2025-05-08 18:45:30+00:00,0.00975,0.0045,0.0145,0.011
Parfetts - Birmingham,134.0,6.0,139.92,2025-05-08 19:00:30+00:00,0.00625,0.003,0.00975,0.0065
Parfetts - Birmingham,134.0,6.0,139.92,2025-05-08 19:15:30+00:00,0.00275,0.0015,0.0045,0.00275
Parfetts - Birmingham,134.0,6.0,139.92,2025-05-08 19:30:30+00:00,0.001,0.0005,0.00175,0.001
Parfetts - Birmingham,134.0,6.0,139.92,2025-05-08 19:45:30+00:00,0.0,0.0,0.0,0.0
Parfetts - Birmingham,134.0,6.0,139.92,2025-05-08 20:00:30+00:00,0.0,0.0,0.0,0.0
Parfetts - Birmingham,134.0,6.0,139.92,2025-05-08 20:15:30+00:00,0.0,0.0,0.0,0.0
Parfetts - Birmingham,134.0,6.0,139.92,2025-05-08 20:30:30+00:00,0.0,0.0,0.0,0.0
Parfetts - Birmingham,134.0,6.0,139.92,2025-05-08 20:45:30+00:00,0.0,0.0,0.0,0.0
Parfetts - Birmingham,134.0,6.0,139.92,2025-05-08 21:00:30+00:00,0.0,0.0,0.0,0.0
Parfetts - Birmingham,134.0,6.0,139.92,2025-05-08 21:15:30+00:00,0.0,0.0,0.0,0.0
Parfetts - Birmingham,134.0,6.0,139.92,2025-05-08 21:30:30+00:00,0.0,0.0,0.0,0.0
Parfetts - Birmingham,134.0,6.0,139.92,2025-05-08 21:45:30+00:00,0.0,0.0,0.0,0.0
Parfetts - Birmingham,134.0,6.0,139.92,2025-05-08 22:00:30+00:00,0.0,0.0,0.0,0.0
Parfetts - Birmingham,134.0,6.0,139.92,2025-05-08 22:15:30+00:00,0.0,0.0,0.0,0.0
Parfetts - Birmingham,134.0,6.0,139.92,2025-05-08 22:30:30+00:00,0.0,0.0,0.0,0.0
Parfetts - Birmingham,134.0,6.0,139.92,2025-05-08 22:45:30+00:00,0.0,0.0,0.0,0.0
Parfetts - Birmingham,134.0,6.0,139.92,2025-05-08 23:00:30+00:00,0.0,0.0,0.0,0.0
Parfetts - Birmingham,134.0,6.0,139.92,2025-05-08 23:15:30+00:00,0.0,0.0,0.0,0.0
Parfetts - Birmingham,134.0,6.0,139.92,2025-05-08 23:30:30+00:00,0.0,0.0,0.0,0.0
Parfetts - Birmingham,134.0,6.0,139.92,2025-05-08 23:45:30+00:00,0.0,0.0,0.0,0.0
Parfetts - Birmingham,134.0,6.0,139.92,2025-05-09 00:00:30+00:00,0.0,0.0,0.0,0.0
Parfetts - Birmingham,134.0,6.0,139.92,2025-05-09 00:15:30+00:00,0.0,0.0,0.0,0.0
Parfetts - Birmingham,134.0,6.0,139.92,2025-05-09 00:30:30+00:00,0.0,0.0,0.0,0.0
Parfetts - Birmingham,134.0,6.0,139.92,2025-05-09 00:45:30+00:00,0.0,0.0,0.0,0.0
Parfetts - Birmingham,134.0,6.0,139.92,2025-05-09 01:00:30+00:00,0.0,0.0,0.0,0.0
Parfetts - Birmingham,134.0,6.0,139.92,2025-05-09 01:15:30+00:00,0.0,0.0,0.0,0.0
Parfetts - Birmingham,134.0,6.0,139.92,2025-05-09 01:30:30+00:00,0.0,0.0,0.0,0.0
Parfetts - Birmingham,134.0,6.0,139.92,2025-05-09 01:45:30+00:00,0.0,0.0,0.0,0.0
Parfetts - Birmingham,134.0,6.0,139.92,2025-05-09 02:00:30+00:00,0.0,0.0,0.0,0.0
Parfetts - Birmingham,134.0,6.0,139.92,2025-05-09 02:15:30+00:00,0.0,0.0,0.0,0.0
Parfetts - Birmingham,134.0,6.0,139.92,2025-05-09 02:30:30+00:00,0.0,0.0,0.0,0.0
Parfetts - Birmingham,134.0,6.0,139.92,2025-05-09 02:45:30+00:00,0.0,0.0,0.0,0.0
Parfetts - Birmingham,134.0,6.0,139.92,2025-05-09 03:00:30+00:00,0.0,0.0,0.0,0.0
Parfetts - Birmingham,134.0,6.0,139.92,2025-05-09 03:15:30+00:00,0.0,0.0,0.0,0.0
Parfetts - Birmingham,134.0,6.0,139.92,2025-05-09 03:30:30+00:00,0.0,0.0,0.0,0.0
Parfetts - Birmingham,134.0,6.0,139.92,2025-05-09 03:45:30+00:00,0.0,0.0,0.0,0.0
Parfetts - Birmingham,134.0,6.0,139.92,2025-05-09 04:00:30+00:00,0.0,0.0,0.0,0.0
Parfetts - Birmingham,134.0,6.0,139.92,2025-05-09 04:15:30+00:00,0.001,0.00075,0.00125,0.001
Parfetts - Birmingham,134.0,6.0,139.92,2025-05-09 04:30:30+00:00,0.00275,0.00225,0.00325,0.00275
Parfetts - Birmingham,134.0,6.0,139.92,2025-05-09 04:45:30+00:00,0.00875,0.00625,0.011,0.00725
Parfetts - Birmingham,134.0,6.0,139.92,2025-05-09 05:00:30+00:00,0.017,0.012,0.02075,0.014
Parfetts - Birmingham,134.0,6.0,139.92,2025-05-09 05:15:30+00:00,0.02625,0.01875,0.03125,0.02175
Parfetts - Birmingham,134.0,6.0,139.92,2025-05-09 05:30:30+00:00,0.03475,0.027,0.042,0.0295
Parfetts - Birmingham,134.0,6.0,139.92,2025-05-09 05:45:30+00:00,0.0465,0.0365,0.05375,0.0395
Parfetts - Birmingham,134.0,6.0,139.92,2025-05-09 06:00:30+00:00,0.05825,0.04775,0.06575,0.04975
Parfetts - Birmingham,134.0,6.0,139.92,2025-05-09 06:15:30+00:00,0.06875,0.0595,0.07775,0.05925
Parfetts - Birmingham,134.0,6.0,139.92,2025-05-09 06:30:30+00:00,0.07975,0.0715,0.08825,0.06925
Parfetts - Birmingham,134.0,6.0,139.92,2025-05-09 06:45:30+00:00,0.09125,0.08425,0.0985,0.07925
Parfetts - Birmingham,134.0,6.0,139.92,2025-05-09 07:00:30+00:00,0.10225,0.096,0.1085,0.089
Parfetts - Birmingham,134.0,6.0,139.92,2025-05-09 07:15:30+00:00,0.11325,0.10725,0.11925,0.09925
Parfetts - Birmingham,134.0,6.0,139.92,2025-05-09 07:30:30+00:00,0.1245,0.118,0.1305,0.10975
Parfetts - Birmingham,134.0,6.0,139.92,2025-05-09 07:45:30+00:00,0.135,0.1285,0.1415,0.1195
Parfetts - Birmingham,134.0,6.0,139.92,2025-05-09 08:00:30+00:00,0.14525,0.13825,0.15175,0.129
Parfetts - Birmingham,134.0,6.0,139.92,2025-05-09 08:15:30+00:00,0.155,0.148,0.162,0.1385
Parfetts - Birmingham,134.0,6.0,139.92,2025-05-09 08:30:30+00:00,0.1645,0.157,0.17175,0.14775
Parfetts - Birmingham,134.0,6.0,139.92,2025-05-09 08:45:30+00:00,0.1735,0.16525,0.18125,0.15625
Parfetts - Birmingham,134.0,6.0,139.92,2025-05-09 09:00:30+00:00,0.1815,0.17175,0.18975,0.16425
Parfetts - Birmingham,134.0,6.0,139.92,2025-05-09 09:15:30+00:00,0.18725,0.1775,0.197,0.17025
Parfetts - Birmingham,134.0,6.0,139.92,2025-05-09 09:30:30+00:00,0.19275,0.18275,0.203,0.176
Parfetts - Birmingham,134.0,6.0,139.92,2025-05-09 09:45:30+00:00,0.1985,0.18825,0.209,0.182
Parfetts - Birmingham,134.0,6.0,139.92,2025-05-09 10:00:30+00:00,0.2045,0.19275,0.214,0.1885
Parfetts - Birmingham,134.0,6.0,139.92,2025-05-09 10:15:30+00:00,0.207,0.19525,0.219,0.1915
Parfetts - Birmingham,134.0,6.0,139.92,2025-05-09 10:30:30+00:00,0.2095,0.19825,0.224,0.195
Parfetts - Birmingham,134.0,6.0,139.92,2025-05-09 10:45:30+00:00,0.2165,0.202,0.22975,0.20225
Parfetts - Birmingham,134.0,6.0,139.92,2025-05-09 11:00:30+00:00,0.221,0.1995,0.24075,0.20725
Parfetts - Birmingham,134.0,6.0,139.92,2025-05-09 11:15:30+00:00,0.22275,0.19025,0.244,0.20975
Parfetts - Birmingham,134.0,6.0,139.92,2025-05-09 11:30:30+00:00,0.21875,0.17225,0.24475,0.2075
Parfetts - Birmingham,134.0,6.0,139.92,2025-05-09 11:45:30+00:00,0.196,0.1555,0.2435,0.18725
Parfetts - Birmingham,134.0,6.0,139.92,2025-05-09 12:00:30+00:00,0.185,0.14775,0.22925,0.17775
Parfetts - Birmingham,134.0,6.0,139.92,2025-05-09 12:15:30+00:00,0.18425,0.14625,0.217,0.178
Parfetts - Birmingham,134.0,6.0,139.92,2025-05-09 12:30:30+00:00,0.17475,0.14475,0.203,0.17025
Parfetts - Birmingham,134.0,6.0,139.92,2025-05-09 12:45:30+00:00,0.163,0.13975,0.18975,0.15975
Parfetts - Birmingham,134.0,6.0,139.92,2025-05-09 13:00:30+00:00,0.15625,0.137,0.1815,0.15375
Parfetts - Birmingham,134.0,6.0,139.92,2025-05-09 13:15:30+00:00,0.15825,0.139,0.17825,0.1565
Parfetts - Birmingham,134.0,6.0,139.92,2025-05-09 13:30:30+00:00,0.16075,0.1375,0.1765,0.15975
Parfetts - Birmingham,134.0,6.0,139.92,2025-05-09 13:45:30+00:00,0.1515,0.1335,0.176,0.1515
Parfetts - Birmingham,134.0,6.0,139.92,2025-05-09 14:00:30+00:00,0.1515,0.12625,0.177,0.15225
Parfetts - Birmingham,134.0,6.0,139.92,2025-05-09 14:15:30+00:00,0.1515,0.12275,0.18025,0.153
Parfetts - Birmingham,134.0,6.0,139.92,2025-05-09 14:30:30+00:00,0.151,0.1215,0.182,0.15375
Parfetts - Birmingham,134.0,6.0,139.92,2025-05-09 14:45:30+00:00,0.152,0.12325,0.17675,0.156
Parfetts - Birmingham,134.0,6.0,139.92,2025-05-09 15:00:30+00:00,0.14675,0.126,0.1685,0.15225
Parfetts - Birmingham,134.0,6.0,139.92,2025-05-09 15:15:30+00:00,0.14275,0.1255,0.155,0.14975
Parfetts - Birmingham,134.0,6.0,139.92,2025-05-09 15:30:30+00:00,0.13075,0.12175,0.1415,0.1385
Parfetts - Birmingham,134.0,6.0,139.92,2025-05-09 15:45:30+00:00,0.121,0.11375,0.12825,0.12975
Parfetts - Birmingham,134.0,6.0,139.92,2025-05-09 16:00:30+00:00,0.11125,0.1055,0.11775,0.121
Parfetts - Birmingham,134.0,6.0,139.92,2025-05-09 16:15:30+00:00,0.10225,0.096,0.1075,0.11275
Parfetts - Birmingham,134.0,6.0,139.92,2025-05-09 16:30:30+00:00,0.092,0.087,0.09775,0.1035
Parfetts - Birmingham,134.0,6.0,139.92,2025-05-09 16:45:30+00:00,0.0825,0.07725,0.08725,0.09475
Parfetts - Birmingham,134.0,6.0,139.92,2025-05-09 17:00:30+00:00,0.0725,0.0675,0.07725,0.08525
Parfetts - Birmingham,134.0,6.0,139.92,2025-05-09 17:15:30+00:00,0.0625,0.057,0.06775,0.07525
Parfetts - Birmingham,134.0,6.0,139.92,2025-05-09 17:30:30+00:00,0.0525,0.04675,0.058,0.0655
Parfetts - Birmingham,134.0,6.0,139.92,2025-05-09 17:45:30+00:00,0.043,0.037,0.04775,0.05575
Parfetts - Birmingham,134.0,6.0,139.92,2025-05-09 18:00:30+00:00,0.03375,0.028,0.0375,0.046
Parfetts - Birmingham,134.0,6.0,139.92,2025-05-09 18:15:30+00:00,0.025,0.02,0.028,0.0365
Parfetts - Birmingham,134.0,6.0,139.92,2025-05-09 18:30:30+00:00,0.01725,0.013,0.0195,0.02725
Parfetts - Birmingham,134.0,6.0,139.92,2025-05-09 18:45:30+00:00,0.01025,0.0075,0.01175,0.01875
Parfetts - Birmingham,134.0,6.0,139.92,2025-05-09 19:00:30+00:00,0.006,0.00425,0.00675,0.01125
Parfetts - Birmingham,134.0,6.0,139.92,2025-05-09 19:15:30+00:00,0.004,0.00325,0.00475,0.00475
Parfetts - Birmingham,134.0,6.0,139.92,2025-05-09 19:30:30+00:00,0.002,0.0015,0.00225,0.002
Parfetts - Birmingham,134.0,6.0,139.92,2025-05-09 19:45:30+00:00,0.0,0.0,0.0,0.0
Parfetts - Birmingham,134.0,6.0,139.92,2025-05-09 20:00:30+00:00,0.0,0.0,0.0,0.0
Parfetts - Birmingham,134.0,6.0,139.92,2025-05-09 20:15:30+00:00,0.0,0.0,0.0,0.0
Parfetts - Birmingham,134.0,6.0,139.92,2025-05-09 20:30:30+00:00,0.0,0.0,0.0,0.0
Parfetts - Birmingham,134.0,6.0,139.92,2025-05-09 20:45:30+00:00,0.0,0.0,0.0,0.0
Parfetts - Birmingham,134.0,6.0,139.92,2025-05-09 21:00:30+00:00,0.0,0.0,0.0,0.0
Parfetts - Birmingham,134.0,6.0,139.92,2025-05-09 21:15:30+00:00,0.0,0.0,0.0,0.0
Parfetts - Birmingham,134.0,6.0,139.92,2025-05-09 21:30:30+00:00,0.0,0.0,0.0,0.0
Parfetts - Birmingham,134.0,6.0,139.92,2025-05-09 21:45:30+00:00,0.0,0.0,0.0,0.0
Parfetts - Birmingham,134.0,6.0,139.92,2025-05-09 22:00:30+00:00,0.0,0.0,0.0,0.0
Parfetts - Birmingham,134.0,6.0,139.92,2025-05-09 22:15:30+00:00,0.0,0.0,0.0,0.0
Parfetts - Birmingham,134.0,6.0,139.92,2025-05-09 22:30:30+00:00,0.0,0.0,0.0,0.0
Parfetts - Birmingham,134.0,6.0,139.92,2025-05-09 22:45:30+00:00,0.0,0.0,0.0,0.0
Parfetts - Birmingham,134.0,6.0,139.92,2025-05-09 23:00:30+00:00,0.0,0.0,0.0,0.0
Parfetts - Birmingham,134.0,6.0,139.92,2025-05-09 23:15:30+00:00,0.0,0.0,0.0,0.0
Parfetts - Birmingham,134.0,6.0,139.92,2025-05-09 23:30:30+00:00,0.0,0.0,0.0,0.0
Parfetts - Birmingham,134.0,6.0,139.92,2025-05-09 23:45:30+00:00,0.0,0.0,0.0,0.0
Parfetts - Birmingham,134.0,6.0,139.92,2025-05-10 00:00:30+00:00,0.0,0.0,0.0,0.0
Parfetts - Birmingham,134.0,6.0,139.92,2025-05-10 00:15:30+00:00,0.0,0.0,0.0,0.0
Parfetts - Birmingham,134.0,6.0,139.92,2025-05-10 00:30:30+00:00,0.0,0.0,0.0,0.0
Parfetts - Birmingham,134.0,6.0,139.92,2025-05-10 00:45:30+00:00,0.0,0.0,0.0,0.0
Parfetts - Birmingham,134.0,6.0,139.92,2025-05-10 01:00:30+00:00,0.0,0.0,0.0,0.0
Parfetts - Birmingham,134.0,6.0,139.92,2025-05-10 01:15:30+00:00,0.0,0.0,0.0,0.0
Parfetts - Birmingham,134.0,6.0,139.92,2025-05-10 01:30:30+00:00,0.0,0.0,0.0,0.0
Parfetts - Birmingham,134.0,6.0,139.92,2025-05-10 01:45:30+00:00,0.0,0.0,0.0,0.0
Parfetts - Birmingham,134.0,6.0,139.92,2025-05-10 02:00:30+00:00,0.0,0.0,0.0,0.0
Parfetts - Birmingham,134.0,6.0,139.92,2025-05-10 02:15:30+00:00,0.0,0.0,0.0,0.0
Parfetts - Birmingham,134.0,6.0,139.92,2025-05-10 02:30:30+00:00,0.0,0.0,0.0,0.0
Parfetts - Birmingham,134.0,6.0,139.92,2025-05-10 02:45:30+00:00,0.0,0.0,0.0,0.0
Parfetts - Birmingham,134.0,6.0,139.92,2025-05-10 03:00:30+00:00,0.0,0.0,0.0,0.0
Parfetts - Birmingham,134.0,6.0,139.92,2025-05-10 03:15:30+00:00,0.0,0.0,0.0,0.0
Parfetts - Birmingham,134.0,6.0,139.92,2025-05-10 03:30:30+00:00,0.0,0.0,0.0,0.0
Parfetts - Birmingham,134.0,6.0,139.92,2025-05-10 03:45:30+00:00,0.0,0.0,0.0,0.0
Parfetts - Birmingham,134.0,6.0,139.92,2025-05-10 04:00:30+00:00,0.0,0.0,0.0,0.0
Parfetts - Birmingham,134.0,6.0,139.92,2025-05-10 04:15:30+00:00,0.0,0.0,0.0,0.0
Parfetts - Birmingham,134.0,6.0,139.92,2025-05-10 04:30:30+00:00,0.0025,0.0015,0.00325,0.0025
Parfetts - Birmingham,134.0,6.0,139.92,2025-05-10 04:45:30+00:00,0.00825,0.00525,0.011,0.00725
Parfetts - Birmingham,134.0,6.0,139.92,2025-05-10 05:00:30+00:00,0.01675,0.011,0.021,0.014
Parfetts - Birmingham,134.0,6.0,139.92,2025-05-10 05:15:30+00:00,0.026,0.0185,0.03125,0.022
Parfetts - Birmingham,134.0,6.0,139.92,2025-05-10 05:30:30+00:00,0.036,0.02725,0.04225,0.0305
Parfetts - Birmingham,134.0,6.0,139.92,2025-05-10 05:45:30+00:00,0.04625,0.037,0.0535,0.0395
Parfetts - Birmingham,134.0,6.0,139.92,2025-05-10 06:00:30+00:00,0.05725,0.0475,0.06525,0.04925
Parfetts - Birmingham,134.0,6.0,139.92,2025-05-10 06:15:30+00:00,0.068,0.05875,0.077,0.05875
Parfetts - Birmingham,134.0,6.0,139.92,2025-05-10 06:30:30+00:00,0.079,0.07075,0.0875,0.06875
Parfetts - Birmingham,134.0,6.0,139.92,2025-05-10 06:45:30+00:00,0.09,0.083,0.09725,0.07875
Parfetts - Birmingham,134.0,6.0,139.92,2025-05-10 07:00:30+00:00,0.10125,0.095,0.10725,0.089
Parfetts - Birmingham,134.0,6.0,139.92,2025-05-10 07:15:30+00:00,0.1125,0.10675,0.118,0.09875
Parfetts - Birmingham,134.0,6.0,139.92,2025-05-10 07:30:30+00:00,0.12325,0.1175,0.12875,0.10875
Parfetts - Birmingham,134.0,6.0,139.92,2025-05-10 07:45:30+00:00,0.1335,0.1275,0.1395,0.1185
Parfetts - Birmingham,134.0,6.0,139.92,2025-05-10 08:00:30+00:00,0.14375,0.13725,0.15,0.128
Parfetts - Birmingham,134.0,6.0,139.92,2025-05-10 08:15:30+00:00,0.15325,0.1465,0.16,0.13725
Parfetts - Birmingham,134.0,6.0,139.92,2025-05-10 08:30:30+00:00,0.16275,0.15525,0.17,0.14625
Parfetts - Birmingham,134.0,6.0,139.92,2025-05-10 08:45:30+00:00,0.1715,0.16375,0.17925,0.15475
Parfetts - Birmingham,134.0,6.0,139.92,2025-05-10 09:00:30+00:00,0.18,0.17175,0.188,0.16325
Parfetts - Birmingham,134.0,6.0,139.92,2025-05-10 09:15:30+00:00,0.18775,0.1795,0.196,0.171
Parfetts - Birmingham,134.0,6.0,139.92,2025-05-10 09:30:30+00:00,0.195,0.18625,0.20325,0.17825
Parfetts - Birmingham,134.0,6.0,139.92,2025-05-10 09:45:30+00:00,0.20125,0.19175,0.21075,0.18475
Parfetts - Birmingham,134.0,6.0,139.92,2025-05-10 10:00:30+00:00,0.20725,0.19025,0.224,0.191
Parfetts - Birmingham,134.0,6.0,139.92,2025-05-10 10:15:30+00:00,0.21225,0.1855,0.2305,0.1965
Parfetts - Birmingham,134.0,6.0,139.92,2025-05-10 10:30:30+00:00,0.21225,0.1735,0.23425,0.19775
Parfetts - Birmingham,134.0,6.0,139.92,2025-05-10 10:45:30+00:00,0.1935,0.16675,0.23225,0.182
Parfetts - Birmingham,134.0,6.0,139.92,2025-05-10 11:00:30+00:00,0.19325,0.168,0.22825,0.1825
Parfetts - Birmingham,134.0,6.0,139.92,2025-05-10 11:15:30+00:00,0.20825,0.17825,0.23325,0.19675
Parfetts - Birmingham,134.0,6.0,139.92,2025-05-10 11:30:30+00:00,0.2145,0.18975,0.23325,0.2035
Parfetts - Birmingham,134.0,6.0,139.92,2025-05-10 11:45:30+00:00,0.211,0.195,0.23,0.201
Parfetts - Birmingham,134.0,6.0,139.92,2025-05-10 12:00:30+00:00,0.2115,0.19225,0.228,0.2025
Parfetts - Birmingham,134.0,6.0,139.92,2025-05-10 12:15:30+00:00,0.20725,0.1845,0.231,0.1995
Parfetts - Birmingham,134.0,6.0,139.92,2025-05-10 12:30:30+00:00,0.20425,0.1715,0.22675,0.19775
Parfetts - Birmingham,134.0,6.0,139.92,2025-05-10 12:45:30+00:00,0.185,0.1595,0.219,0.1805
Parfetts - Birmingham,134.0,6.0,139.92,2025-05-10 13:00:30+00:00,0.17875,0.1505,0.21175,0.17525
Parfetts - Birmingham,134.0,6.0,139.92,2025-05-10 13:15:30+00:00,0.17925,0.14075,0.2065,0.17675
Parfetts - Birmingham,134.0,6.0,139.92,2025-05-10 13:30:30+00:00,0.162,0.12975,0.19475,0.161
Parfetts - Birmingham,134.0,6.0,139.92,2025-05-10 13:45:30+00:00,0.1455,0.1195,0.17825,0.14525
Parfetts - Birmingham,134.0,6.0,139.92,2025-05-10 14:00:30+00:00,0.1385,0.11725,0.1715,0.139
Parfetts - Birmingham,134.0,6.0,139.92,2025-05-10 14:15:30+00:00,0.14875,0.11625,0.16825,0.15025
Parfetts - Birmingham,134.0,6.0,139.92,2025-05-10 14:30:30+00:00,0.1395,0.1065,0.164,0.14175
Parfetts - Birmingham,134.0,6.0,139.92,2025-05-10 14:45:30+00:00,0.1175,0.10025,0.1595,0.12
Parfetts - Birmingham,134.0,6.0,139.92,2025-05-10 15:00:30+00:00,0.13175,0.09625,0.1545,0.136
Parfetts - Birmingham,134.0,6.0,139.92,2025-05-10 15:15:30+00:00,0.12675,0.101,0.146,0.132
Parfetts - Birmingham,134.0,6.0,139.92,2025-05-10 15:30:30+00:00,0.11225,0.09775,0.135,0.11775
Parfetts - Birmingham,134.0,6.0,139.92,2025-05-10 15:45:30+00:00,0.10925,0.0905,0.12325,0.116
Parfetts - Birmingham,134.0,6.0,139.92,2025-05-10 16:00:30+00:00,0.0995,0.0845,0.12075,0.1065
Parfetts - Birmingham,134.0,6.0,139.92,2025-05-10 16:15:30+00:00,0.09775,0.079,0.11375,0.10675
Parfetts - Birmingham,134.0,6.0,139.92,2025-05-10 16:30:30+00:00,0.09175,0.07725,0.10325,0.1025
Parfetts - Birmingham,134.0,6.0,139.92,2025-05-10 16:45:30+00:00,0.0815,0.07275,0.091,0.093
Parfetts - Birmingham,134.0,6.0,139.92,2025-05-10 17:00:30+00:00,0.07225,0.066,0.07775,0.08425
Parfetts - Birmingham,134.0,6.0,139.92,2025-05-10 17:15:30+00:00,0.06225,0.057,0.06775,0.0745
Parfetts - Birmingham,134.0,6.0,139.92,2025-05-10 17:30:30+00:00,0.0525,0.0465,0.0585,0.06475
Parfetts - Birmingham,134.0,6.0,139.92,2025-05-10 17:45:30+00:00,0.04275,0.03675,0.048,0.055
Parfetts - Birmingham,134.0,6.0,139.92,2025-05-10 18:00:30+00:00,0.03375,0.028,0.038,0.04525
Parfetts - Birmingham,134.0,6.0,139.92,2025-05-10 18:15:30+00:00,0.02525,0.02,0.02875,0.03575
Parfetts - Birmingham,134.0,6.0,139.92,2025-05-10 18:30:30+00:00,0.0175,0.01325,0.02025,0.027
Parfetts - Birmingham,134.0,6.0,139.92,2025-05-10 18:45:30+00:00,0.01075,0.00775,0.01275,0.01875
Parfetts - Birmingham,134.0,6.0,139.92,2025-05-10 19:00:30+00:00,0.00625,0.00425,0.00775,0.011
Parfetts - Birmingham,134.0,6.0,139.92,2025-05-10 19:15:30+00:00,0.00425,0.003,0.0055,0.005
Parfetts - Birmingham,134.0,6.0,139.92,2025-05-10 19:30:30+00:00,0.001,0.0005,0.00125,0.001
Parfetts - Birmingham,134.0,6.0,139.92,2025-05-10 19:45:30+00:00,0.0,0.0,0.0,0.0
Parfetts - Birmingham,134.0,6.0,139.92,2025-05-10 20:00:30+00:00,0.0,0.0,0.0,0.0
Parfetts - Birmingham,134.0,6.0,139.92,2025-05-10 20:15:30+00:00,0.0,0.0,0.0,0.0
Parfetts - Birmingham,134.0,6.0,139.92,2025-05-10 20:30:30+00:00,0.0,0.0,0.0,0.0
Parfetts - Birmingham,134.0,6.0,139.92,2025-05-10 20:45:30+00:00,0.0,0.0,0.0,0.0
Parfetts - Birmingham,134.0,6.0,139.92,2025-05-10 21:00:30+00:00,0.0,0.0,0.0,0.0
Parfetts - Birmingham,134.0,6.0,139.92,2025-05-10 21:15:30+00:00,0.0,0.0,0.0,0.0
Parfetts - Birmingham,134.0,6.0,139.92,2025-05-10 21:30:30+00:00,0.0,0.0,0.0,0.0
Parfetts - Birmingham,134.0,6.0,139.92,2025-05-10 21:45:30+00:00,0.0,0.0,0.0,0.0
Parfetts - Birmingham,134.0,6.0,139.92,2025-05-10 22:00:30+00:00,0.0,0.0,0.0,0.0
Parfetts - Birmingham,134.0,6.0,139.92,2025-05-10 22:15:30+00:00,0.0,0.0,0.0,0.0
Parfetts - Birmingham,134.0,6.0,139.92,2025-05-10 22:30:30+00:00,0.0,0.0,0.0,0.0
Parfetts - Birmingham,134.0,6.0,139.92,2025-05-10 22:45:30+00:00,0.0,0.0,0.0,0.0
Parfetts - Birmingham,134.0,6.0,139.92,2025-05-10 23:00:30+00:00,0.0,0.0,0.0,0.0
Parfetts - Birmingham,134.0,6.0,139.92,2025-05-10 23:15:30+00:00,0.0,0.0,0.0,0.0
Parfetts - Birmingham,134.0,6.0,139.92,2025-05-10 23:30:30+00:00,0.0,0.0,0.0,0.0
Parfetts - Birmingham,134.0,6.0,139.92,2025-05-10 23:45:30+00:00,0.0,0.0,0.0,0.0
Parfetts - Birmingham,134.0,6.0,139.92,2025-05-11 00:00:30+00:00,0.0,0.0,0.0,0.0
Parfetts - Birmingham,134.0,6.0,139.92,2025-05-11 00:15:30+00:00,0.0,0.0,0.0,0.0
Parfetts - Birmingham,134.0,6.0,139.92,2025-05-11 00:30:30+00:00,0.0,0.0,0.0,0.0
Parfetts - Birmingham,134.0,6.0,139.92,2025-05-11 00:45:30+00:00,0.0,0.0,0.0,0.0
Parfetts - Birmingham,134.0,6.0,139.92,2025-05-11 01:00:30+00:00,0.0,0.0,0.0,0.0
Parfetts - Birmingham,134.0,6.0,139.92,2025-05-11 01:15:30+00:00,0.0,0.0,0.0,0.0
Parfetts - Birmingham,134.0,6.0,139.92,2025-05-11 01:30:30+00:00,0.0,0.0,0.0,0.0
Parfetts - Birmingham,134.0,6.0,139.92,2025-05-11 01:45:30+00:00,0.0,0.0,0.0,0.0
Parfetts - Birmingham,134.0,6.0,139.92,2025-05-11 02:00:30+00:00,0.0,0.0,0.0,0.0
Parfetts - Birmingham,134.0,6.0,139.92,2025-05-11 02:15:30+00:00,0.0,0.0,0.0,0.0
Parfetts - Birmingham,134.0,6.0,139.92,2025-05-11 02:30:30+00:00,0.0,0.0,0.0,0.0
Parfetts - Birmingham,134.0,6.0,139.92,2025-05-11 02:45:30+00:00,0.0,0.0,0.0,0.0
Parfetts - Birmingham,134.0,6.0,139.92,2025-05-11 03:00:30+00:00,0.0,0.0,0.0,0.0
Parfetts - Birmingham,134.0,6.0,139.92,2025-05-11 03:15:30+00:00,0.0,0.0,0.0,0.0
Parfetts - Birmingham,134.0,6.0,139.92,2025-05-11 03:30:30+00:00,0.0,0.0,0.0,0.0
Parfetts - Birmingham,134.0,6.0,139.92,2025-05-11 03:45:30+00:00,0.0,0.0,0.0,0.0
Parfetts - Birmingham,134.0,6.0,139.92,2025-05-11 04:00:30+00:00,0.0,0.0,0.0,0.0
Parfetts - Birmingham,134.0,6.0,139.92,2025-05-11 04:15:30+00:00,0.0,0.0,0.00025,0.0
Parfetts - Birmingham,134.0,6.0,139.92,2025-05-11 04:30:30+00:00,0.00275,0.002,0.0035,0.00275
Parfetts - Birmingham,134.0,6.0,139.92,2025-05-11 04:45:30+00:00,0.00825,0.00575,0.011,0.00725
Parfetts - Birmingham,134.0,6.0,139.92,2025-05-11 05:00:30+00:00,0.0155,0.01075,0.02,0.0135
Parfetts - Birmingham,134.0,6.0,139.92,2025-05-11 05:15:30+00:00,0.023,0.0165,0.0295,0.02025
Parfetts - Birmingham,134.0,6.0,139.92,2025-05-11 05:30:30+00:00,0.03125,0.0215,0.0395,0.0275
Parfetts - Birmingham,134.0,6.0,139.92,2025-05-11 05:45:30+00:00,0.0365,0.0275,0.04975,0.0325
Parfetts - Birmingham,134.0,6.0,139.92,2025-05-11 06:00:30+00:00,0.04875,0.0365,0.062,0.0435
Parfetts - Birmingham,134.0,6.0,139.92,2025-05-11 06:15:30+00:00,0.06425,0.04975,0.07475,0.05625
Parfetts - Birmingham,134.0,6.0,139.92,2025-05-11 06:30:30+00:00,0.07475,0.06,0.08475,0.06575
Parfetts - Birmingham,134.0,6.0,139.92,2025-05-11 06:45:30+00:00,0.0765,0.06825,0.09175,0.069
Parfetts - Birmingham,134.0,6.0,139.92,2025-05-11 07:00:30+00:00,0.09075,0.07725,0.1035,0.08175
Parfetts - Birmingham,134.0,6.0,139.92,2025-05-11 07:15:30+00:00,0.105,0.0915,0.11825,0.0935
Parfetts - Birmingham,134.0,6.0,139.92,2025-05-11 07:30:30+00:00,0.11775,0.10525,0.129,0.105
Parfetts - Birmingham,134.0,6.0,139.92,2025-05-11 07:45:30+00:00,0.12825,0.11725,0.13725,0.115
Parfetts - Birmingham,134.0,6.0,139.92,2025-05-11 08:00:30+00:00,0.135,0.127,0.1465,0.12175
Parfetts - Birmingham,134.0,6.0,139.92,2025-05-11 08:15:30+00:00,0.14725,0.13625,0.158,0.133
Parfetts - Birmingham,134.0,6.0,139.92,2025-05-11 08:30:30+00:00,0.15925,0.148,0.16925,0.1435
Parfetts - Birmingham,134.0,6.0,139.92,2025-05-11 08:45:30+00:00,0.168,0.1585,0.17725,0.152
Parfetts - Birmingham,134.0,6.0,139.92,2025-05-11 09:00:30+00:00,0.17575,0.16775,0.18425,0.15975
Parfetts - Birmingham,134.0,6.0,139.92,2025-05-11 09:15:30+00:00,0.18375,0.175,0.1915,0.1675
Parfetts - Birmingham,134.0,6.0,139.92,2025-05-11 09:30:30+00:00,0.18975,0.18125,0.19975,0.174
Parfetts - Birmingham,134.0,6.0,139.92,2025-05-11 09:45:30+00:00,0.1975,0.187,0.20725,0.1815
Parfetts - Birmingham,134.0,6.0,139.92,2025-05-11 10:00:30+00:00,0.20375,0.1935,0.21375,0.188
Parfetts - Birmingham,134.0,6.0,139.92,2025-05-11 10:15:30+00:00,0.20925,0.19925,0.21825,0.194
Parfetts - Birmingham,134.0,6.0,139.92,2025-05-11 10:30:30+00:00,0.213,0.204,0.22175,0.19825
Parfetts - Birmingham,134.0,6.0,139.92,2025-05-11 10:45:30+00:00,0.21625,0.207,0.22475,0.20225
Parfetts - Birmingham,134.0,6.0,139.92,2025-05-11 11:00:30+00:00,0.218,0.20825,0.2275,0.20475
Parfetts - Birmingham,134.0,6.0,139.92,2025-05-11 11:15:30+00:00,0.21925,0.208,0.22975,0.207
Parfetts - Birmingham,134.0,6.0,139.92,2025-05-11 11:30:30+00:00,0.21925,0.20725,0.2305,0.20775
Parfetts - Birmingham,134.0,6.0,139.92,2025-05-11 11:45:30+00:00,0.21775,0.20575,0.229,0.20725
Parfetts - Birmingham,134.0,6.0,139.92,2025-05-11 12:00:30+00:00,0.215,0.20175,0.22925,0.206
Parfetts - Birmingham,134.0,6.0,139.92,2025-05-11 12:15:30+00:00,0.21375,0.1955,0.2315,0.20575
Parfetts - Birmingham,134.0,6.0,139.92,2025-05-11 12:30:30+00:00,0.2115,0.186,0.23025,0.20475
Parfetts - Birmingham,134.0,6.0,139.92,2025-05-11 12:45:30+00:00,0.1985,0.17275,0.22575,0.1935
Parfetts - Birmingham,134.0,6.0,139.92,2025-05-11 13:00:30+00:00,0.18775,0.16075,0.2205,0.184
Parfetts - Birmingham,134.0,6.0,139.92,2025-05-11 13:15:30+00:00,0.185,0.1415,0.2205,0.1825
Parfetts - Birmingham,134.0,6.0,139.92,2025-05-11 13:30:30+00:00,0.171,0.11775,0.21475,0.1695
Parfetts - Birmingham,134.0,6.0,139.92,2025-05-11 13:45:30+00:00,0.1535,0.088,0.208,0.1535
Parfetts - Birmingham,134.0,6.0,139.92,2025-05-11 14:00:30+00:00,0.12425,0.067,0.18775,0.12475
Parfetts - Birmingham,134.0,6.0,139.92,2025-05-11 14:15:30+00:00,0.104,0.05025,0.1655,0.105
Parfetts - Birmingham,134.0,6.0,139.92,2025-05-11 14:30:30+00:00,0.095,0.04825,0.15975,0.09625
Parfetts - Birmingham,134.0,6.0,139.92,2025-05-11 14:45:30+00:00,0.1115,0.05725,0.17125,0.11375
Parfetts - Birmingham,134.0,6.0,139.92,2025-05-11 15:00:30+00:00,0.1345,0.07,0.16525,0.13875
Parfetts - Birmingham,134.0,6.0,139.92,2025-05-11 15:15:30+00:00,0.107,0.07975,0.153,0.11075
Parfetts - Birmingham,134.0,6.0,139.92,2025-05-11 15:30:30+00:00,0.1065,0.07925,0.1355,0.11125
Parfetts - Birmingham,134.0,6.0,139.92,2025-05-11 15:45:30+00:00,0.10775,0.08,0.1285,0.114
Parfetts - Birmingham,134.0,6.0,139.92,2025-05-11 16:00:30+00:00,0.0985,0.07925,0.1245,0.10525
Parfetts - Birmingham,134.0,6.0,139.92,2025-05-11 16:15:30+00:00,0.09825,0.0735,0.111,0.10625
Parfetts - Birmingham,134.0,6.0,139.92,2025-05-11 16:30:30+00:00,0.08075,0.06525,0.09975,0.08775
Parfetts - Birmingham,134.0,6.0,139.92,2025-05-11 16:45:30+00:00,0.06825,0.05575,0.08375,0.07475
Parfetts - Birmingham,134.0,6.0,139.92,2025-05-11 17:00:30+00:00,0.05975,0.05,0.07225,0.0665
Parfetts - Birmingham,134.0,6.0,139.92,2025-05-11 17:15:30+00:00,0.05475,0.0445,0.0635,0.06275
Parfetts - Birmingham,134.0,6.0,139.92,2025-05-11 17:30:30+00:00,0.04775,0.037,0.05675,0.05625
Parfetts - Birmingham,134.0,6.0,139.92,2025-05-11 17:45:30+00:00,0.03875,0.028,0.04825,0.04625
Parfetts - Birmingham,134.0,6.0,139.92,2025-05-11 18:00:30+00:00,0.029,0.02075,0.0405,0.0335
Parfetts - Birmingham,134.0,6.0,139.92,2025-05-11 18:15:30+00:00,0.0225,0.015,0.03225,0.0265
Parfetts - Birmingham,134.0,6.0,139.92,2025-05-11 18:30:30+00:00,0.0175,0.0105,0.023,0.02325
Parfetts - Birmingham,134.0,6.0,139.92,2025-05-11 18:45:30+00:00,0.012,0.0075,0.0145,0.018
Parfetts - Birmingham,134.0,6.0,139.92,2025-05-11 19:00:30+00:00,0.00725,0.00475,0.00875,0.01125
Parfetts - Birmingham,134.0,6.0,139.92,2025-05-11 19:15:30+00:00,0.00475,0.00325,0.00575,0.00525
Parfetts - Birmingham,134.0,6.0,139.92,2025-05-11 19:30:30+00:00,0.001,0.00075,0.00125,0.001
Parfetts - Birmingham,134.0,6.0,139.92,2025-05-11 19:45:30+00:00,0.0,0.0,0.0,0.0
Parfetts - Birmingham,134.0,6.0,139.92,2025-05-11 20:00:30+00:00,0.0,0.0,0.0,0.0
Parfetts - Birmingham,134.0,6.0,139.92,2025-05-11 20:15:30+00:00,0.0,0.0,0.0,0.0
Parfetts - Birmingham,134.0,6.0,139.92,2025-05-11 20:30:30+00:00,0.0,0.0,0.0,0.0
Parfetts - Birmingham,134.0,6.0,139.92,2025-05-11 20:45:30+00:00,0.0,0.0,0.0,0.0
Parfetts - Birmingham,134.0,6.0,139.92,2025-05-11 21:00:30+00:00,0.0,0.0,0.0,0.0
Parfetts - Birmingham,134.0,6.0,139.92,2025-05-11 21:15:30+00:00,0.0,0.0,0.0,0.0
Parfetts - Birmingham,134.0,6.0,139.92,2025-05-11 21:30:30+00:00,0.0,0.0,0.0,0.0
Parfetts - Birmingham,134.0,6.0,139.92,2025-05-11 21:45:30+00:00,0.0,0.0,0.0,0.0
Parfetts - Birmingham,134.0,6.0,139.92,2025-05-11 22:00:30+00:00,0.0,0.0,0.0,0.0
Parfetts - Birmingham,134.0,6.0,139.92,2025-05-11 22:15:30+00:00,0.0,0.0,0.0,0.0
Parfetts - Birmingham,134.0,6.0,139.92,2025-05-11 22:30:30+00:00,0.0,0.0,0.0,0.0
Parfetts - Birmingham,134.0,6.0,139.92,2025-05-11 22:45:30+00:00,0.0,0.0,0.0,0.0
Parfetts - Birmingham,134.0,6.0,139.92,2025-05-11 23:00:30+00:00,0.0,0.0,0.0,0.0
Parfetts - Birmingham,134.0,6.0,139.92,2025-05-11 23:15:30+00:00,0.0,0.0,0.0,0.0
Parfetts - Birmingham,134.0,6.0,139.92,2025-05-11 23:30:30+00:00,0.0,0.0,0.0,0.0
Parfetts - Birmingham,134.0,6.0,139.92,2025-05-11 23:45:30+00:00,0.0,0.0,0.0,0.0
Parfetts - Birmingham,134.0,6.0,139.92,2025-05-12 00:00:30+00:00,0.0,0.0,0.0,0.0
Parfetts - Birmingham,134.0,6.0,139.92,2025-05-12 00:15:30+00:00,0.0,0.0,0.0,0.0
Parfetts - Birmingham,134.0,6.0,139.92,2025-05-12 00:30:30+00:00,0.0,0.0,0.0,0.0
Parfetts - Birmingham,134.0,6.0,139.92,2025-05-12 00:45:30+00:00,0.0,0.0,0.0,0.0
Parfetts - Birmingham,134.0,6.0,139.92,2025-05-12 01:00:30+00:00,0.0,0.0,0.0,0.0
Parfetts - Birmingham,134.0,6.0,139.92,2025-05-12 01:15:30+00:00,0.0,0.0,0.0,0.0
Parfetts - Birmingham,134.0,6.0,139.92,2025-05-12 01:30:30+00:00,0.0,0.0,0.0,0.0
Parfetts - Birmingham,134.0,6.0,139.92,2025-05-12 01:45:30+00:00,0.0,0.0,0.0,0.0
Parfetts - Birmingham,134.0,6.0,139.92,2025-05-12 02:00:30+00:00,0.0,0.0,0.0,0.0
Parfetts - Birmingham,134.0,6.0,139.92,2025-05-12 02:15:30+00:00,0.0,0.0,0.0,0.0
Parfetts - Birmingham,134.0,6.0,139.92,2025-05-12 02:30:30+00:00,0.0,0.0,0.0,0.0
Parfetts - Birmingham,134.0,6.0,139.92,2025-05-12 02:45:30+00:00,0.0,0.0,0.0,0.0
Parfetts - Birmingham,134.0,6.0,139.92,2025-05-12 03:00:30+00:00,0.0,0.0,0.0,0.0
Parfetts - Birmingham,134.0,6.0,139.92,2025-05-12 03:15:30+00:00,0.0,0.0,0.0,0.0
Parfetts - Birmingham,134.0,6.0,139.92,2025-05-12 03:30:30+00:00,0.0,0.0,0.0,0.0
Parfetts - Birmingham,134.0,6.0,139.92,2025-05-12 03:45:30+00:00,0.0,0.0,0.0,0.0
Parfetts - Birmingham,134.0,6.0,139.92,2025-05-12 04:00:30+00:00,0.0,0.0,0.0,0.0
Parfetts - Birmingham,134.0,6.0,139.92,2025-05-12 04:15:30+00:00,0.00025,0.00025,0.0005,0.00025
Parfetts - Birmingham,134.0,6.0,139.92,2025-05-12 04:30:30+00:00,0.00325,0.00225,0.00425,0.00325
Parfetts - Birmingham,134.0,6.0,139.92,2025-05-12 04:45:30+00:00,0.00975,0.004,0.01225,0.00875
Parfetts - Birmingham,134.0,6.0,139.92,2025-05-12 05:00:30+00:00,0.01325,0.00375,0.0205,0.01225
Parfetts - Birmingham,134.0,6.0,139.92,2025-05-12 05:15:30+00:00,0.01625,0.0035,0.028,0.01525
Parfetts - Birmingham,134.0,6.0,139.92,2025-05-12 05:30:30+00:00,0.0175,0.004,0.0305,0.017
Parfetts - Birmingham,134.0,6.0,139.92,2025-05-12 05:45:30+00:00,0.01775,0.00625,0.0345,0.01775
Parfetts - Birmingham,134.0,6.0,139.92,2025-05-12 06:00:30+00:00,0.0265,0.01175,0.04425,0.02575
Parfetts - Birmingham,134.0,6.0,139.92,2025-05-12 06:15:30+00:00,0.03975,0.0185,0.05975,0.03775
Parfetts - Birmingham,134.0,6.0,139.92,2025-05-12 06:30:30+00:00,0.051,0.01975,0.06925,0.04775
Parfetts - Birmingham,134.0,6.0,139.92,2025-05-12 06:45:30+00:00,0.04025,0.014,0.0695,0.039
Parfetts - Birmingham,134.0,6.0,139.92,2025-05-12 07:00:30+00:00,0.03475,0.013,0.06175,0.03475
Parfetts - Birmingham,134.0,6.0,139.92,2025-05-12 07:15:30+00:00,0.03775,0.0165,0.0615,0.0375
Parfetts - Birmingham,134.0,6.0,139.92,2025-05-12 07:30:30+00:00,0.04425,0.0225,0.06875,0.044
Parfetts - Birmingham,134.0,6.0,139.92,2025-05-12 07:45:30+00:00,0.0545,0.0245,0.088,0.05375
Parfetts - Birmingham,134.0,6.0,139.92,2025-05-12 08:00:30+00:00,0.07025,0.023,0.119,0.068
Parfetts - Birmingham,134.0,6.0,139.92,2025-05-12 08:15:30+00:00,0.08725,0.0255,0.14975,0.08375
Parfetts - Birmingham,134.0,6.0,139.92,2025-05-12 08:30:30+00:00,0.10525,0.044,0.1705,0.0995
Parfetts - Birmingham,134.0,6.0,139.92,2025-05-12 08:45:30+00:00,0.15775,0.07725,0.1855,0.14475
Parfetts - Birmingham,134.0,6.0,139.92,2025-05-12 09:00:30+00:00,0.179,0.12325,0.1965,0.16275
Parfetts - Birmingham,134.0,6.0,139.92,2025-05-12 09:15:30+00:00,0.18675,0.15625,0.20475,0.17025
Parfetts - Birmingham,134.0,6.0,139.92,2025-05-12 09:30:30+00:00,0.19375,0.18175,0.2055,0.1775
Parfetts - Birmingham,134.0,6.0,139.92,2025-05-12 09:45:30+00:00,0.20025,0.19175,0.20825,0.184
Parfetts - Birmingham,134.0,6.0,139.92,2025-05-12 10:00:30+00:00,0.20575,0.19725,0.21375,0.19
Parfetts - Birmingham,134.0,6.0,139.92,2025-05-12 10:15:30+00:00,0.2105,0.202,0.21875,0.19525
Parfetts - Birmingham,134.0,6.0,139.92,2025-05-12 10:30:30+00:00,0.21475,0.20575,0.22325,0.2
Parfetts - Birmingham,134.0,6.0,139.92,2025-05-12 10:45:30+00:00,0.218,0.20175,0.23375,0.204
Parfetts - Birmingham,134.0,6.0,139.92,2025-05-12 11:00:30+00:00,0.2205,0.18475,0.24,0.207
Parfetts - Birmingham,134.0,6.0,139.92,2025-05-12 11:15:30+00:00,0.22,0.15725,0.2415,0.208
Parfetts - Birmingham,134.0,6.0,139.92,2025-05-12 11:30:30+00:00,0.199,0.115,0.241,0.18975
Parfetts - Birmingham,134.0,6.0,139.92,2025-05-12 11:45:30+00:00,0.162,0.07925,0.23925,0.15625
Parfetts - Birmingham,134.0,6.0,139.92,2025-05-12 12:00:30+00:00,0.1525,0.05225,0.237,0.1485
Parfetts - Birmingham,134.0,6.0,139.92,2025-05-12 12:15:30+00:00,0.12425,0.03525,0.20625,0.12175
Parfetts - Birmingham,134.0,6.0,139.92,2025-05-12 12:30:30+00:00,0.08425,0.0445,0.176,0.08375
Parfetts - Birmingham,134.0,6.0,139.92,2025-05-12 12:45:30+00:00,0.12375,0.04175,0.17725,0.122
Parfetts - Birmingham,134.0,6.0,139.92,2025-05-12 13:00:30+00:00,0.11825,0.03925,0.1825,0.117
Parfetts - Birmingham,134.0,6.0,139.92,2025-05-12 13:15:30+00:00,0.089,0.03775,0.2025,0.089
Parfetts - Birmingham,134.0,6.0,139.92,2025-05-12 13:30:30+00:00,0.15375,0.05325,0.21575,0.153
Parfetts - Birmingham,134.0,6.0,139.92,2025-05-12 13:45:30+00:00,0.158,0.07,0.2105,0.158
Parfetts - Birmingham,134.0,6.0,139.92,2025-05-12 14:00:30+00:00,0.14725,0.0575,0.2035,0.14775
Parfetts - Birmingham,134.0,6.0,139.92,2025-05-12 14:15:30+00:00,0.1215,0.02425,0.19125,0.12275
Parfetts - Birmingham,134.0,6.0,139.92,2025-05-12 14:30:30+00:00,0.04475,0.01375,0.15175,0.04525
Parfetts - Birmingham,134.0,6.0,139.92,2025-05-12 14:45:30+00:00,0.04025,0.01325,0.12325,0.04075
Parfetts - Birmingham,134.0,6.0,139.92,2025-05-12 15:00:30+00:00,0.04575,0.01275,0.13175,0.04625
Parfetts - Birmingham,134.0,6.0,139.92,2025-05-12 15:15:30+00:00,0.081,0.01625,0.1445,0.08325
Parfetts - Birmingham,134.0,6.0,139.92,2025-05-12 15:30:30+00:00,0.09675,0.031,0.14725,0.10075
Parfetts - Birmingham,134.0,6.0,139.92,2025-05-12 15:45:30+00:00,0.089,0.03,0.126,0.09325
Parfetts - Birmingham,134.0,6.0,139.92,2025-05-12 16:00:30+00:00,0.04875,0.0265,0.1185,0.0505
Parfetts - Birmingham,134.0,6.0,139.92,2025-05-12 16:15:30+00:00,0.07625,0.01825,0.112,0.08125
Parfetts - Birmingham,134.0,6.0,139.92,2025-05-12 16:30:30+00:00,0.0705,0.03275,0.10825,0.0755
Parfetts - Birmingham,134.0,6.0,139.92,2025-05-12 16:45:30+00:00,0.07625,0.0415,0.095,0.08425
Parfetts - Birmingham,134.0,6.0,139.92,2025-05-12 17:00:30+00:00,0.0735,0.05075,0.08175,0.08475
Parfetts - Birmingham,134.0,6.0,139.92,2025-05-12 17:15:30+00:00,0.0625,0.0485,0.07075,0.07375
Parfetts - Birmingham,134.0,6.0,139.92,2025-05-12 17:30:30+00:00,0.0505,0.044,0.061,0.06025
Parfetts - Birmingham,134.0,6.0,139.92,2025-05-12 17:45:30+00:00,0.04325,0.0355,0.04975,0.054
Parfetts - Birmingham,134.0,6.0,139.92,2025-05-12 18:00:30+00:00,0.035,0.02825,0.0395,0.04575
Parfetts - Birmingham,134.0,6.0,139.92,2025-05-12 18:15:30+00:00,0.0265,0.021,0.03,0.03675
Parfetts - Birmingham,134.0,6.0,139.92,2025-05-12 18:30:30+00:00,0.01875,0.0145,0.02175,0.02775
Parfetts - Birmingham,134.0,6.0,139.92,2025-05-12 18:45:30+00:00,0.012,0.009,0.01425,0.0195
Parfetts - Birmingham,134.0,6.0,139.92,2025-05-12 19:00:30+00:00,0.007,0.005,0.00825,0.0125
Parfetts - Birmingham,134.0,6.0,139.92,2025-05-12 19:15:30+00:00,0.00525,0.00375,0.00625,0.00625
Parfetts - Birmingham,134.0,6.0,139.92,2025-05-12 19:30:30+00:00,0.0015,0.001,0.00175,0.0015
Parfetts - Birmingham,134.0,6.0,139.92,2025-05-12 19:45:30+00:00,0.0,0.0,0.0,0.0
Parfetts - Birmingham,134.0,6.0,139.92,2025-05-12 20:00:30+00:00,0.0,0.0,0.0,0.0
Parfetts - Birmingham,134.0,6.0,139.92,2025-05-12 20:15:30+00:00,0.0,0.0,0.0,0.0
Parfetts - Birmingham,134.0,6.0,139.92,2025-05-12 20:30:30+00:00,0.0,0.0,0.0,0.0
Parfetts - Birmingham,134.0,6.0,139.92,2025-05-12 20:45:30+00:00,0.0,0.0,0.0,0.0
Parfetts - Birmingham,134.0,6.0,139.92,2025-05-12 21:00:30+00:00,0.0,0.0,0.0,0.0
Parfetts - Birmingham,134.0,6.0,139.92,2025-05-12 21:15:30+00:00,0.0,0.0,0.0,0.0
Parfetts - Birmingham,134.0,6.0,139.92,2025-05-12 21:30:30+00:00,0.0,0.0,0.0,0.0
Parfetts - Birmingham,134.0,6.0,139.92,2025-05-12 21:45:30+00:00,0.0,0.0,0.0,0.0
Parfetts - Birmingham,134.0,6.0,139.92,2025-05-12 22:00:30+00:00,0.0,0.0,0.0,0.0
Parfetts - Birmingham,134.0,6.0,139.92,2025-05-12 22:15:30+00:00,0.0,0.0,0.0,0.0
Parfetts - Birmingham,134.0,6.0,139.92,2025-05-12 22:30:30+00:00,0.0,0.0,0.0,0.0
Parfetts - Birmingham,134.0,6.0,139.92,2025-05-12 22:45:30+00:00,0.0,0.0,0.0,0.0
Parfetts - Birmingham,134.0,6.0,139.92,2025-05-12 23:00:30+00:00,0.0,0.0,0.0,0.0
Parfetts - Birmingham,134.0,6.0,139.92,2025-05-12 23:15:30+00:00,0.0,0.0,0.0,0.0
Parfetts - Birmingham,134.0,6.0,139.92,2025-05-12 23:30:30+00:00,0.0,0.0,0.0,0.0
Parfetts - Birmingham,134.0,6.0,139.92,2025-05-12 23:45:30+00:00,0.0,0.0,0.0,0.0
Parfetts - Birmingham,134.0,6.0,139.92,2025-05-13 00:00:30+00:00,0.0,0.0,0.0,0.0
Parfetts - Birmingham,134.0,6.0,139.92,2025-05-13 00:15:30+00:00,0.0,0.0,0.0,0.0
Parfetts - Birmingham,134.0,6.0,139.92,2025-05-13 00:30:30+00:00,0.0,0.0,0.0,0.0
Parfetts - Birmingham,134.0,6.0,139.92,2025-05-13 00:45:30+00:00,0.0,0.0,0.0,0.0
Parfetts - Birmingham,134.0,6.0,139.92,2025-05-13 01:00:30+00:00,0.0,0.0,0.0,0.0
Parfetts - Birmingham,134.0,6.0,139.92,2025-05-13 01:15:30+00:00,0.0,0.0,0.0,0.0
Parfetts - Birmingham,134.0,6.0,139.92,2025-05-13 01:30:30+00:00,0.0,0.0,0.0,0.0
Parfetts - Birmingham,134.0,6.0,139.92,2025-05-13 01:45:30+00:00,0.0,0.0,0.0,0.0
Parfetts - Birmingham,134.0,6.0,139.92,2025-05-13 02:00:30+00:00,0.0,0.0,0.0,0.0
Parfetts - Birmingham,134.0,6.0,139.92,2025-05-13 02:15:30+00:00,0.0,0.0,0.0,0.0
Parfetts - Birmingham,134.0,6.0,139.92,2025-05-13 02:30:30+00:00,0.0,0.0,0.0,0.0
Parfetts - Birmingham,134.0,6.0,139.92,2025-05-13 02:45:30+00:00,0.0,0.0,0.0,0.0
Parfetts - Birmingham,134.0,6.0,139.92,2025-05-13 03:00:30+00:00,0.0,0.0,0.0,0.0
Parfetts - Birmingham,134.0,6.0,139.92,2025-05-13 03:15:30+00:00,0.0,0.0,0.0,0.0
Parfetts - Birmingham,134.0,6.0,139.92,2025-05-13 03:30:30+00:00,0.0,0.0,0.0,0.0
Parfetts - Birmingham,134.0,6.0,139.92,2025-05-13 03:45:30+00:00,0.0,0.0,0.0,0.0
Parfetts - Birmingham,134.0,6.0,139.92,2025-05-13 04:00:30+00:00,0.0,0.0,0.0,0.0
Parfetts - Birmingham,134.0,6.0,139.92,2025-05-13 04:15:30+00:00,0.00075,0.0005,0.00075,0.00075
Parfetts - Birmingham,134.0,6.0,139.92,2025-05-13 04:30:30+00:00,0.005,0.0035,0.0065,0.0045
Parfetts - Birmingham,134.0,6.0,139.92,2025-05-13 04:45:30+00:00,0.0125,0.00875,0.016,0.01025
Parfetts - Birmingham,134.0,6.0,139.92,2025-05-13 05:00:30+00:00,0.02175,0.01525,0.0265,0.01775
Parfetts - Birmingham,134.0,6.0,139.92,2025-05-13 05:15:30+00:00,0.0325,0.02375,0.03775,0.02675
Parfetts - Birmingham,134.0,6.0,139.92,2025-05-13 05:30:30+00:00,0.0435,0.0335,0.0495,0.03625
Parfetts - Birmingham,134.0,6.0,139.92,2025-05-13 05:45:30+00:00,0.0545,0.04425,0.0615,0.04575
Parfetts - Birmingham,134.0,6.0,139.92,2025-05-13 06:00:30+00:00,0.066,0.05575,0.0735,0.05575
Parfetts - Birmingham,134.0,6.0,139.92,2025-05-13 06:15:30+00:00,0.07725,0.068,0.08575,0.066
Parfetts - Birmingham,134.0,6.0,139.92,2025-05-13 06:30:30+00:00,0.0885,0.0805,0.09675,0.076
Parfetts - Birmingham,134.0,6.0,139.92,2025-05-13 06:45:30+00:00,0.0995,0.093,0.10625,0.08625
Parfetts - Birmingham,134.0,6.0,139.92,2025-05-13 07:00:30+00:00,0.111,0.10525,0.1165,0.0965
Parfetts - Birmingham,134.0,6.0,139.92,2025-05-13 07:15:30+00:00,0.12175,0.1165,0.12725,0.1065
Parfetts - Birmingham,134.0,6.0,139.92,2025-05-13 07:30:30+00:00,0.1325,0.127,0.13825,0.11675
Parfetts - Birmingham,134.0,6.0,139.92,2025-05-13 07:45:30+00:00,0.14325,0.13725,0.149,0.12675
Parfetts - Birmingham,134.0,6.0,139.92,2025-05-13 08:00:30+00:00,0.15325,0.14675,0.15925,0.13625
Parfetts - Birmingham,134.0,6.0,139.92,2025-05-13 08:15:30+00:00,0.1625,0.156,0.16925,0.14525
Parfetts - Birmingham,134.0,6.0,139.92,2025-05-13 08:30:30+00:00,0.17175,0.1645,0.179,0.15425
Parfetts - Birmingham,134.0,6.0,139.92,2025-05-13 08:45:30+00:00,0.18075,0.173,0.18825,0.163
Parfetts - Birmingham,134.0,6.0,139.92,2025-05-13 09:00:30+00:00,0.189,0.18075,0.197,0.17125
Parfetts - Birmingham,134.0,6.0,139.92,2025-05-13 09:15:30+00:00,0.19675,0.18825,0.205,0.179
Parfetts - Birmingham,134.0,6.0,139.92,2025-05-13 09:30:30+00:00,0.20375,0.195,0.21225,0.18625
Parfetts - Birmingham,134.0,6.0,139.92,2025-05-13 09:45:30+00:00,0.21025,0.20125,0.21875,0.193
Parfetts - Birmingham,134.0,6.0,139.92,2025-05-13 10:00:30+00:00,0.216,0.20675,0.2245,0.19925
Parfetts - Birmingham,134.0,6.0,139.92,2025-05-13 10:15:30+00:00,0.22075,0.21175,0.2295,0.2045
Parfetts - Birmingham,134.0,6.0,139.92,2025-05-13 10:30:30+00:00,0.22475,0.21575,0.23375,0.20925
Parfetts - Birmingham,134.0,6.0,139.92,2025-05-13 10:45:30+00:00,0.22825,0.21875,0.237,0.2135
Parfetts - Birmingham,134.0,6.0,139.92,2025-05-13 11:00:30+00:00,0.2305,0.22125,0.2395,0.2165
Parfetts - Birmingham,134.0,6.0,139.92,2025-05-13 11:15:30+00:00,0.23225,0.223,0.24125,0.21925
Parfetts - Birmingham,134.0,6.0,139.92,2025-05-13 11:30:30+00:00,0.23325,0.2235,0.2425,0.22125
Parfetts - Birmingham,134.0,6.0,139.92,2025-05-13 11:45:30+00:00,0.23275,0.22225,0.243,0.222
Parfetts - Birmingham,134.0,6.0,139.92,2025-05-13 12:00:30+00:00,0.23175,0.22,0.242,0.222
Parfetts - Birmingham,134.0,6.0,139.92,2025-05-13 12:15:30+00:00,0.22825,0.217,0.2395,0.22
Parfetts - Birmingham,134.0,6.0,139.92,2025-05-13 12:30:30+00:00,0.2245,0.21425,0.2355,0.2175
Parfetts - Birmingham,134.0,6.0,139.92,2025-05-13 12:45:30+00:00,0.2215,0.211,0.23175,0.21575
Parfetts - Birmingham,134.0,6.0,139.92,2025-05-13 13:00:30+00:00,0.21775,0.20775,0.22775,0.21325
Parfetts - Birmingham,134.0,6.0,139.92,2025-05-13 13:15:30+00:00,0.21375,0.20375,0.2235,0.21075
Parfetts - Birmingham,134.0,6.0,139.92,2025-05-13 13:30:30+00:00,0.209,0.1995,0.2175,0.2075
Parfetts - Birmingham,134.0,6.0,139.92,2025-05-13 13:45:30+00:00,0.20275,0.19425,0.21075,0.2025
Parfetts - Birmingham,134.0,6.0,139.92,2025-05-13 14:00:30+00:00,0.19575,0.188,0.203,0.197
Parfetts - Birmingham,134.0,6.0,139.92,2025-05-13 14:15:30+00:00,0.18825,0.18075,0.19525,0.191
Parfetts - Birmingham,134.0,6.0,139.92,2025-05-13 14:30:30+00:00,0.18,0.17275,0.18675,0.18425
Parfetts - Birmingham,134.0,6.0,139.92,2025-05-13 14:45:30+00:00,0.171,0.164,0.178,0.1765
Parfetts - Birmingham,134.0,6.0,139.92,2025-05-13 15:00:30+00:00,0.16175,0.155,0.16825,0.1685
Parfetts - Birmingham,134.0,6.0,139.92,2025-05-13 15:15:30+00:00,0.152,0.1455,0.15825,0.16
Parfetts - Birmingham,134.0,6.0,139.92,2025-05-13 15:30:30+00:00,0.14175,0.13575,0.14775,0.151
Parfetts - Birmingham,134.0,6.0,139.92,2025-05-13 15:45:30+00:00,0.1315,0.12575,0.137,0.14175
Parfetts - Birmingham,134.0,6.0,139.92,2025-05-13 16:00:30+00:00,0.12075,0.1155,0.126,0.13225
Parfetts - Birmingham,134.0,6.0,139.92,2025-05-13 16:15:30+00:00,0.11025,0.105,0.115,0.1225
Parfetts - Birmingham,134.0,6.0,139.92,2025-05-13 16:30:30+00:00,0.09925,0.0945,0.10375,0.11225
Parfetts - Birmingham,134.0,6.0,139.92,2025-05-13 16:45:30+00:00,0.08825,0.08375,0.09275,0.102
Parfetts - Birmingham,134.0,6.0,139.92,2025-05-13 17:00:30+00:00,0.07725,0.07275,0.082,0.0915
Parfetts - Birmingham,134.0,6.0,139.92,2025-05-13 17:15:30+00:00,0.06675,0.0615,0.072,0.08125
Parfetts - Birmingham,134.0,6.0,139.92,2025-05-13 17:30:30+00:00,0.05625,0.0505,0.06225,0.071
Parfetts - Birmingham,134.0,6.0,139.92,2025-05-13 17:45:30+00:00,0.04625,0.04,0.0515,0.061
Parfetts - Birmingham,134.0,6.0,139.92,2025-05-13 18:00:30+00:00,0.03675,0.0305,0.041,0.051
Parfetts - Birmingham,134.0,6.0,139.92,2025-05-13 18:15:30+00:00,0.02725,0.02175,0.031,0.041
Parfetts - Birmingham,134.0,6.0,139.92,2025-05-13 18:30:30+00:00,0.019,0.0145,0.022,0.03125
Parfetts - Birmingham,134.0,6.0,139.92,2025-05-13 18:45:30+00:00,0.01175,0.0085,0.01375,0.0225
Parfetts - Birmingham,134.0,6.0,139.92,2025-05-13 19:00:30+00:00,0.006,0.004,0.00725,0.01425
Parfetts - Birmingham,134.0,6.0,139.92,2025-05-13 19:15:30+00:00,0.0045,0.003,0.0055,0.00725
Parfetts - Birmingham,134.0,6.0,139.92,2025-05-13 19:30:30+00:00,0.002,0.00175,0.00225,0.00225
Parfetts - Birmingham,134.0,6.0,139.92,2025-05-13 19:45:30+00:00,0.00025,0.00025,0.00025,0.00025
Parfetts - Birmingham,134.0,6.0,139.92,2025-05-13 20:00:30+00:00,0.0,0.0,0.0,0.0
Parfetts - Birmingham,134.0,6.0,139.92,2025-05-13 20:15:30+00:00,0.0,0.0,0.0,0.0
Parfetts - Birmingham,134.0,6.0,139.92,2025-05-13 20:30:30+00:00,0.0,0.0,0.0,0.0
Parfetts - Birmingham,134.0,6.0,139.92,2025-05-13 20:45:30+00:00,0.0,0.0,0.0,0.0
Parfetts - Birmingham,134.0,6.0,139.92,2025-05-13 21:00:30+00:00,0.0,0.0,0.0,0.0
Parfetts - Birmingham,134.0,6.0,139.92,2025-05-13 21:15:30+00:00,0.0,0.0,0.0,0.0
Parfetts - Birmingham,134.0,6.0,139.92,2025-05-13 21:30:30+00:00,0.0,0.0,0.0,0.0
Parfetts - Birmingham,134.0,6.0,139.92,2025-05-13 21:45:30+00:00,0.0,0.0,0.0,0.0
Parfetts - Birmingham,134.0,6.0,139.92,2025-05-13 22:00:30+00:00,0.0,0.0,0.0,0.0
Parfetts - Birmingham,134.0,6.0,139.92,2025-05-13 22:15:30+00:00,0.0,0.0,0.0,0.0
Parfetts - Birmingham,134.0,6.0,139.92,2025-05-13 22:30:30+00:00,0.0,0.0,0.0,0.0
Parfetts - Birmingham,134.0,6.0,139.92,2025-05-13 22:45:30+00:00,0.0,0.0,0.0,0.0
Parfetts - Birmingham,134.0,6.0,139.92,2025-05-13 23:00:30+00:00,0.0,0.0,0.0,0.0
Parfetts - Birmingham,134.0,6.0,139.92,2025-05-13 23:15:30+00:00,0.0,0.0,0.0,0.0
Parfetts - Birmingham,134.0,6.0,139.92,2025-05-13 23:30:30+00:00,0.0,0.0,0.0,0.0
Parfetts - Birmingham,134.0,6.0,139.92,2025-05-13 23:45:30+00:00,0.0,0.0,0.0,0.0
Parfetts - Birmingham,134.0,6.0,139.92,2025-05-14 00:00:30+00:00,0.0,0.0,0.0,0.0
Parfetts - Birmingham,134.0,6.0,139.92,2025-05-14 00:15:30+00:00,0.0,0.0,0.0,0.0
Parfetts - Birmingham,134.0,6.0,139.92,2025-05-14 00:30:30+00:00,0.0,0.0,0.0,0.0
Parfetts - Birmingham,134.0,6.0,139.92,2025-05-14 00:45:30+00:00,0.0,0.0,0.0,0.0
Parfetts - Birmingham,134.0,6.0,139.92,2025-05-14 01:00:30+00:00,0.0,0.0,0.0,0.0
Parfetts - Birmingham,134.0,6.0,139.92,2025-05-14 01:15:30+00:00,0.0,0.0,0.0,0.0
Parfetts - Birmingham,134.0,6.0,139.92,2025-05-14 01:30:30+00:00,0.0,0.0,0.0,0.0
Parfetts - Birmingham,134.0,6.0,139.92,2025-05-14 01:45:30+00:00,0.0,0.0,0.0,0.0
Parfetts - Birmingham,134.0,6.0,139.92,2025-05-14 02:00:30+00:00,0.0,0.0,0.0,0.0
Parfetts - Birmingham,134.0,6.0,139.92,2025-05-14 02:15:30+00:00,0.0,0.0,0.0,0.0
Parfetts - Birmingham,134.0,6.0,139.92,2025-05-14 02:30:30+00:00,0.0,0.0,0.0,0.0
Parfetts - Birmingham,134.0,6.0,139.92,2025-05-14 02:45:30+00:00,0.0,0.0,0.0,0.0
Parfetts - Birmingham,134.0,6.0,139.92,2025-05-14 03:00:30+00:00,0.0,0.0,0.0,0.0
Parfetts - Birmingham,134.0,6.0,139.92,2025-05-14 03:15:30+00:00,0.0,0.0,0.0,0.0
Parfetts - Birmingham,134.0,6.0,139.92,2025-05-14 03:30:30+00:00,0.0,0.0,0.0,0.0
Parfetts - Birmingham,134.0,6.0,139.92,2025-05-14 03:45:30+00:00,0.0,0.0,0.0,0.0
Parfetts - Birmingham,134.0,6.0,139.92,2025-05-14 04:00:30+00:00,0.0,0.0,0.0,0.0
Parfetts - Birmingham,134.0,6.0,139.92,2025-05-14 04:15:30+00:00,0.00075,0.0005,0.00125,0.00075
Parfetts - Birmingham,134.0,6.0,139.92,2025-05-14 04:30:30+00:00,0.00375,0.002,0.0065,0.00375
Parfetts - Birmingham,134.0,6.0,139.92,2025-05-14 04:45:30+00:00,0.00875,0.00425,0.01375,0.00825
Parfetts - Birmingham,134.0,6.0,139.92,2025-05-14 05:00:30+00:00,0.01475,0.00925,0.024,0.01325
Parfetts - Birmingham,134.0,6.0,139.92,2025-05-14 05:15:30+00:00,0.0265,0.0135,0.03525,0.0235
Parfetts - Birmingham,134.0,6.0,139.92,2025-05-14 05:30:30+00:00,0.0315,0.02,0.04725,0.028
Parfetts - Birmingham,134.0,6.0,139.92,2025-05-14 05:45:30+00:00,0.04375,0.02775,0.0605,0.038
Parfetts - Birmingham,134.0,6.0,139.92,2025-05-14 06:00:30+00:00,0.05925,0.0405,0.0735,0.051
Parfetts - Birmingham,134.0,6.0,139.92,2025-05-14 06:15:30+00:00,0.07475,0.05625,0.08675,0.064
Parfetts - Birmingham,134.0,6.0,139.92,2025-05-14 06:30:30+00:00,0.08775,0.07325,0.09925,0.0755
Parfetts - Birmingham,134.0,6.0,139.92,2025-05-14 06:45:30+00:00,0.0995,0.0895,0.1095,0.086
Parfetts - Birmingham,134.0,6.0,139.92,2025-05-14 07:00:30+00:00,0.11075,0.10325,0.11825,0.0965
Parfetts - Birmingham,134.0,6.0,139.92,2025-05-14 07:15:30+00:00,0.122,0.11525,0.1285,0.10675
Parfetts - Birmingham,134.0,6.0,139.92,2025-05-14 07:30:30+00:00,0.13275,0.12625,0.13925,0.117
Parfetts - Birmingham,134.0,6.0,139.92,2025-05-14 07:45:30+00:00,0.1435,0.1365,0.15,0.127
Parfetts - Birmingham,134.0,6.0,139.92,2025-05-14 08:00:30+00:00,0.1535,0.14675,0.16025,0.1365
Parfetts - Birmingham,134.0,6.0,139.92,2025-05-14 08:15:30+00:00,0.16325,0.156,0.17,0.14575
Parfetts - Birmingham,134.0,6.0,139.92,2025-05-14 08:30:30+00:00,0.17225,0.165,0.1795,0.1545
Parfetts - Birmingham,134.0,6.0,139.92,2025-05-14 08:45:30+00:00,0.18125,0.17325,0.1885,0.16325
Parfetts - Birmingham,134.0,6.0,139.92,2025-05-14 09:00:30+00:00,0.18925,0.18125,0.197,0.1715
Parfetts - Birmingham,134.0,6.0,139.92,2025-05-14 09:15:30+00:00,0.19675,0.18875,0.20475,0.179
Parfetts - Birmingham,134.0,6.0,139.92,2025-05-14 09:30:30+00:00,0.20375,0.1955,0.2115,0.18625
Parfetts - Birmingham,134.0,6.0,139.92,2025-05-14 09:45:30+00:00,0.21,0.2015,0.21775,0.19275
Parfetts - Birmingham,134.0,6.0,139.92,2025-05-14 10:00:30+00:00,0.21525,0.20675,0.22325,0.1985
Parfetts - Birmingham,134.0,6.0,139.92,2025-05-14 10:15:30+00:00,0.2195,0.211,0.228,0.2035
Parfetts - Birmingham,134.0,6.0,139.92,2025-05-14 10:30:30+00:00,0.22325,0.21425,0.23175,0.20775
Parfetts - Birmingham,134.0,6.0,139.92,2025-05-14 10:45:30+00:00,0.22625,0.21675,0.235,0.2115
Parfetts - Birmingham,134.0,6.0,139.92,2025-05-14 11:00:30+00:00,0.228,0.21875,0.2375,0.21425
Parfetts - Birmingham,134.0,6.0,139.92,2025-05-14 11:15:30+00:00,0.23025,0.22025,0.2395,0.21725
Parfetts - Birmingham,134.0,6.0,139.92,2025-05-14 11:30:30+00:00,0.23125,0.22125,0.24025,0.2195
Parfetts - Birmingham,134.0,6.0,139.92,2025-05-14 11:45:30+00:00,0.2305,0.22075,0.23975,0.21975
Parfetts - Birmingham,134.0,6.0,139.92,2025-05-14 12:00:30+00:00,0.229,0.2195,0.2385,0.2195
Parfetts - Birmingham,134.0,6.0,139.92,2025-05-14 12:15:30+00:00,0.22725,0.21775,0.23625,0.219
Parfetts - Birmingham,134.0,6.0,139.92,2025-05-14 12:30:30+00:00,0.22475,0.21475,0.23375,0.21775
Parfetts - Birmingham,134.0,6.0,139.92,2025-05-14 12:45:30+00:00,0.2205,0.211,0.23075,0.215
Parfetts - Birmingham,134.0,6.0,139.92,2025-05-14 13:00:30+00:00,0.21725,0.205,0.2275,0.213
Parfetts - Birmingham,134.0,6.0,139.92,2025-05-14 13:15:30+00:00,0.21075,0.1985,0.223,0.208
Parfetts - Birmingham,134.0,6.0,139.92,2025-05-14 13:30:30+00:00,0.204,0.191,0.21625,0.2025
Parfetts - Birmingham,134.0,6.0,139.92,2025-05-14 13:45:30+00:00,0.19575,0.18325,0.2095,0.19575
Parfetts - Birmingham,134.0,6.0,139.92,2025-05-14 14:00:30+00:00,0.189,0.1745,0.20225,0.19025
Parfetts - Birmingham,134.0,6.0,139.92,2025-05-14 14:15:30+00:00,0.18025,0.16525,0.19375,0.18275
Parfetts - Birmingham,134.0,6.0,139.92,2025-05-14 14:30:30+00:00,0.169,0.156,0.18275,0.17275
Parfetts - Birmingham,134.0,6.0,139.92,2025-05-14 14:45:30+00:00,0.15875,0.1485,0.172,0.1635
Parfetts - Birmingham,134.0,6.0,139.92,2025-05-14 15:00:30+00:00,0.15225,0.1415,0.162,0.1585
Parfetts - Birmingham,134.0,6.0,139.92,2025-05-14 15:15:30+00:00,0.144,0.13475,0.1535,0.1515
Parfetts - Birmingham,134.0,6.0,139.92,2025-05-14 15:30:30+00:00,0.136,0.12625,0.14375,0.14475
Parfetts - Birmingham,134.0,6.0,139.92,2025-05-14 15:45:30+00:00,0.12525,0.11625,0.1335,0.13475
Parfetts - Birmingham,134.0,6.0,139.92,2025-05-14 16:00:30+00:00,0.1135,0.1055,0.12275,0.12375
Parfetts - Birmingham,134.0,6.0,139.92,2025-05-14 16:15:30+00:00,0.10375,0.09425,0.11225,0.11475
Parfetts - Birmingham,134.0,6.0,139.92,2025-05-14 16:30:30+00:00,0.09275,0.082,0.10325,0.10425
Parfetts - Birmingham,134.0,6.0,139.92,2025-05-14 16:45:30+00:00,0.0815,0.07,0.09325,0.0935
Parfetts - Birmingham,134.0,6.0,139.92,2025-05-14 17:00:30+00:00,0.07075,0.058,0.082,0.082
Parfetts - Birmingham,134.0,6.0,139.92,2025-05-14 17:15:30+00:00,0.05775,0.049,0.0705,0.06725
Parfetts - Birmingham,134.0,6.0,139.92,2025-05-14 17:30:30+00:00,0.04925,0.0405,0.059,0.0595
Parfetts - Birmingham,134.0,6.0,139.92,2025-05-14 17:45:30+00:00,0.043,0.0325,0.05,0.0535
Parfetts - Birmingham,134.0,6.0,139.92,2025-05-14 18:00:30+00:00,0.033,0.0265,0.04275,0.04125
Parfetts - Birmingham,134.0,6.0,139.92,2025-05-14 18:15:30+00:00,0.026,0.01925,0.03375,0.0345
Parfetts - Birmingham,134.0,6.0,139.92,2025-05-14 18:30:30+00:00,0.0195,0.0135,0.0245,0.0295
Parfetts - Birmingham,134.0,6.0,139.92,2025-05-14 18:45:30+00:00,0.01175,0.00825,0.01475,0.022
Parfetts - Birmingham,134.0,6.0,139.92,2025-05-14 19:00:30+00:00,0.006,0.004,0.0075,0.01425
Parfetts - Birmingham,134.0,6.0,139.92,2025-05-14 19:15:30+00:00,0.00425,0.00275,0.0055,0.00775
Parfetts - Birmingham,134.0,6.0,139.92,2025-05-14 19:30:30+00:00,0.00225,0.00175,0.00275,0.0025
Parfetts - Birmingham,134.0,6.0,139.92,2025-05-14 19:45:30+00:00,0.00025,0.00025,0.0005,0.00025
Parfetts - Birmingham,134.0,6.0,139.92,2025-05-14 20:00:30+00:00,0.0,0.0,0.0,0.0
Parfetts - Birmingham,134.0,6.0,139.92,2025-05-14 20:15:30+00:00,0.0,0.0,0.0,0.0
Parfetts - Birmingham,134.0,6.0,139.92,2025-05-14 20:30:30+00:00,0.0,0.0,0.0,0.0
Parfetts - Birmingham,134.0,6.0,139.92,2025-05-14 20:45:30+00:00,0.0,0.0,0.0,0.0
Parfetts - Birmingham,134.0,6.0,139.92,2025-05-14 21:00:30+00:00,0.0,0.0,0.0,0.0
Parfetts - Birmingham,134.0,6.0,139.92,2025-05-14 21:15:30+00:00,0.0,0.0,0.0,0.0
Parfetts - Birmingham,134.0,6.0,139.92,2025-05-14 21:30:30+00:00,0.0,0.0,0.0,0.0
Parfetts - Birmingham,134.0,6.0,139.92,2025-05-14 21:45:30+00:00,0.0,0.0,0.0,0.0
Parfetts - Birmingham,134.0,6.0,139.92,2025-05-14 22:00:30+00:00,0.0,0.0,0.0,0.0
Parfetts - Birmingham,134.0,6.0,139.92,2025-05-14 22:15:30+00:00,0.0,0.0,0.0,0.0
Parfetts - Birmingham,134.0,6.0,139.92,2025-05-14 22:30:30+00:00,0.0,0.0,0.0,0.0
Parfetts - Birmingham,134.0,6.0,139.92,2025-05-14 22:45:30+00:00,0.0,0.0,0.0,0.0
Parfetts - Birmingham,134.0,6.0,139.92,2025-05-14 23:00:30+00:00,0.0,0.0,0.0,0.0
Parfetts - Birmingham,134.0,6.0,139.92,2025-05-14 23:15:30+00:00,0.0,0.0,0.0,0.0
Parfetts - Birmingham,134.0,6.0,139.92,2025-05-14 23:30:30+00:00,0.0,0.0,0.0,0.0
Parfetts - Birmingham,134.0,6.0,139.92,2025-05-14 23:45:30+00:00,0.0,0.0,0.0,0.0
Parfetts - Birmingham,134.0,6.0,139.92,2025-05-15 00:00:30+00:00,0.0,0.0,0.0,0.0
Parfetts - Birmingham,134.0,6.0,139.92,2025-05-15 00:15:30+00:00,0.0,0.0,0.0,0.0
Parfetts - Birmingham,134.0,6.0,139.92,2025-05-15 00:30:30+00:00,0.0,0.0,0.0,0.0
Parfetts - Birmingham,134.0,6.0,139.92,2025-05-15 00:45:30+00:00,0.0,0.0,0.0,0.0
Parfetts - Birmingham,134.0,6.0,139.92,2025-05-15 01:00:30+00:00,0.0,0.0,0.0,0.0
Parfetts - Birmingham,134.0,6.0,139.92,2025-05-15 01:15:30+00:00,0.0,0.0,0.0,0.0
Parfetts - Birmingham,134.0,6.0,139.92,2025-05-15 01:30:30+00:00,0.0,0.0,0.0,0.0
Parfetts - Birmingham,134.0,6.0,139.92,2025-05-15 01:45:30+00:00,0.0,0.0,0.0,0.0
Parfetts - Birmingham,134.0,6.0,139.92,2025-05-15 02:00:30+00:00,0.0,0.0,0.0,0.0
Parfetts - Birmingham,134.0,6.0,139.92,2025-05-15 02:15:30+00:00,0.0,0.0,0.0,0.0
Parfetts - Birmingham,134.0,6.0,139.92,2025-05-15 02:30:30+00:00,0.0,0.0,0.0,0.0
Parfetts - Birmingham,134.0,6.0,139.92,2025-05-15 02:45:30+00:00,0.0,0.0,0.0,0.0
Parfetts - Birmingham,134.0,6.0,139.92,2025-05-15 03:00:30+00:00,0.0,0.0,0.0,0.0
Parfetts - Birmingham,134.0,6.0,139.92,2025-05-15 03:15:30+00:00,0.0,0.0,0.0,0.0
Parfetts - Birmingham,134.0,6.0,139.92,2025-05-15 03:30:30+00:00,0.0,0.0,0.0,0.0
Parfetts - Birmingham,134.0,6.0,139.92,2025-05-15 03:45:30+00:00,0.0,0.0,0.0,0.0
Parfetts - Birmingham,134.0,6.0,139.92,2025-05-15 04:00:30+00:00,0.0,0.0,0.0,0.0
Parfetts - Birmingham,134.0,6.0,139.92,2025-05-15 04:15:30+00:00,0.001,0.00075,0.0015,0.001
Parfetts - Birmingham,134.0,6.0,139.92,2025-05-15 04:30:30+00:00,0.00475,0.003,0.007,0.0045
Parfetts - Birmingham,134.0,6.0,139.92,2025-05-15 04:45:30+00:00,0.01075,0.0065,0.0155,0.0095
Parfetts - Birmingham,134.0,6.0,139.92,2025-05-15 05:00:30+00:00,0.01725,0.00975,0.024,0.01525
Parfetts - Birmingham,134.0,6.0,139.92,2025-05-15 05:15:30+00:00,0.0225,0.012,0.032,0.02025
Parfetts - Birmingham,134.0,6.0,139.92,2025-05-15 05:30:30+00:00,0.02525,0.01275,0.03775,0.0235
Parfetts - Birmingham,134.0,6.0,139.92,2025-05-15 05:45:30+00:00,0.028,0.0135,0.043,0.02675
Parfetts - Birmingham,134.0,6.0,139.92,2025-05-15 06:00:30+00:00,0.0315,0.015,0.04675,0.03025
Parfetts - Birmingham,134.0,6.0,139.92,2025-05-15 06:15:30+00:00,0.03275,0.0155,0.0485,0.03175
Parfetts - Birmingham,134.0,6.0,139.92,2025-05-15 06:30:30+00:00,0.031,0.016,0.04975,0.031
Parfetts - Birmingham,134.0,6.0,139.92,2025-05-15 06:45:30+00:00,0.035,0.0175,0.0505,0.03475
Parfetts - Birmingham,134.0,6.0,139.92,2025-05-15 07:00:30+00:00,0.03575,0.0185,0.05075,0.0355
Parfetts - Birmingham,134.0,6.0,139.92,2025-05-15 07:15:30+00:00,0.03325,0.01975,0.04975,0.03325
Parfetts - Birmingham,134.0,6.0,139.92,2025-05-15 07:30:30+00:00,0.03525,0.0215,0.05,0.03525
Parfetts - Birmingham,134.0,6.0,139.92,2025-05-15 07:45:30+00:00,0.0385,0.024,0.05175,0.0385
Parfetts - Birmingham,134.0,6.0,139.92,2025-05-15 08:00:30+00:00,0.04,0.0265,0.057,0.03975
Parfetts - Birmingham,134.0,6.0,139.92,2025-05-15 08:15:30+00:00,0.04675,0.0265,0.0665,0.04675
Parfetts - Birmingham,134.0,6.0,139.92,2025-05-15 08:30:30+00:00,0.0525,0.02725,0.0795,0.05225
Parfetts - Birmingham,134.0,6.0,139.92,2025-05-15 08:45:30+00:00,0.0605,0.027,0.09675,0.06
Parfetts - Birmingham,134.0,6.0,139.92,2025-05-15 09:00:30+00:00,0.0725,0.028,0.119,0.0715
Parfetts - Birmingham,134.0,6.0,139.92,2025-05-15 09:15:30+00:00,0.088,0.03175,0.148,0.08575
Parfetts - Birmingham,134.0,6.0,139.92,2025-05-15 09:30:30+00:00,0.10775,0.04525,0.17325,0.104
Parfetts - Birmingham,134.0,6.0,139.92,2025-05-15 09:45:30+00:00,0.13225,0.068,0.19725,0.12625
Parfetts - Birmingham,134.0,6.0,139.92,2025-05-15 10:00:30+00:00,0.157,0.092,0.21175,0.14825
Parfetts - Birmingham,134.0,6.0,139.92,2025-05-15 10:15:30+00:00,0.16325,0.11625,0.2175,0.1545
Parfetts - Birmingham,134.0,6.0,139.92,2025-05-15 10:30:30+00:00,0.18075,0.13625,0.226,0.17
Parfetts - Birmingham,134.0,6.0,139.92,2025-05-15 10:45:30+00:00,0.19775,0.1425,0.23675,0.18625
Parfetts - Birmingham,134.0,6.0,139.92,2025-05-15 11:00:30+00:00,0.18875,0.12825,0.2395,0.179
Parfetts - Birmingham,134.0,6.0,139.92,2025-05-15 11:15:30+00:00,0.16375,0.1055,0.226,0.157
Parfetts - Birmingham,134.0,6.0,139.92,2025-05-15 11:30:30+00:00,0.14425,0.09775,0.21475,0.14
Parfetts - Birmingham,134.0,6.0,139.92,2025-05-15 11:45:30+00:00,0.163,0.11075,0.22575,0.15725
Parfetts - Birmingham,134.0,6.0,139.92,2025-05-15 12:00:30+00:00,0.1965,0.1255,0.232,0.18925
Parfetts - Birmingham,134.0,6.0,139.92,2025-05-15 12:15:30+00:00,0.174,0.129,0.22575,0.16925
Parfetts - Birmingham,134.0,6.0,139.92,2025-05-15 12:30:30+00:00,0.16175,0.126,0.2005,0.158
Parfetts - Birmingham,134.0,6.0,139.92,2025-05-15 12:45:30+00:00,0.153,0.1255,0.18525,0.15075
Parfetts - Birmingham,134.0,6.0,139.92,2025-05-15 13:00:30+00:00,0.1525,0.1285,0.179,0.15025
Parfetts - Birmingham,134.0,6.0,139.92,2025-05-15 13:15:30+00:00,0.15475,0.11875,0.17775,0.15325
Parfetts - Birmingham,134.0,6.0,139.92,2025-05-15 13:30:30+00:00,0.1365,0.10525,0.1725,0.13625
Parfetts - Birmingham,134.0,6.0,139.92,2025-05-15 13:45:30+00:00,0.12575,0.09425,0.157,0.12575
Parfetts - Birmingham,134.0,6.0,139.92,2025-05-15 14:00:30+00:00,0.11425,0.08725,0.14975,0.115
Parfetts - Birmingham,134.0,6.0,139.92,2025-05-15 14:15:30+00:00,0.1155,0.07825,0.15525,0.1165
Parfetts - Birmingham,134.0,6.0,139.92,2025-05-15 14:30:30+00:00,0.11975,0.07175,0.171,0.12175
Parfetts - Birmingham,134.0,6.0,139.92,2025-05-15 14:45:30+00:00,0.12775,0.077,0.1835,0.13075
Parfetts - Birmingham,134.0,6.0,139.92,2025-05-15 15:00:30+00:00,0.14125,0.09125,0.17525,0.14625
Parfetts - Birmingham,134.0,6.0,139.92,2025-05-15 15:15:30+00:00,0.13875,0.10425,0.16475,0.14525
Parfetts - Birmingham,134.0,6.0,139.92,2025-05-15 15:30:30+00:00,0.132,0.1005,0.15425,0.13975
Parfetts - Birmingham,134.0,6.0,139.92,2025-05-15 15:45:30+00:00,0.117,0.082,0.144,0.12475
Parfetts - Birmingham,134.0,6.0,139.92,2025-05-15 16:00:30+00:00,0.1015,0.05525,0.13425,0.1085
Parfetts - Birmingham,134.0,6.0,139.92,2025-05-15 16:15:30+00:00,0.08125,0.03275,0.125,0.08625
Parfetts - Birmingham,134.0,6.0,139.92,2025-05-15 16:30:30+00:00,0.0595,0.0205,0.1055,0.0625
Parfetts - Birmingham,134.0,6.0,139.92,2025-05-15 16:45:30+00:00,0.04725,0.01675,0.081,0.04925
Parfetts - Birmingham,134.0,6.0,139.92,2025-05-15 17:00:30+00:00,0.03925,0.0185,0.06125,0.04075
Parfetts - Birmingham,134.0,6.0,139.92,2025-05-15 17:15:30+00:00,0.0325,0.01925,0.04675,0.0335
Parfetts - Birmingham,134.0,6.0,139.92,2025-05-15 17:30:30+00:00,0.027,0.017,0.03825,0.02775
Parfetts - Birmingham,134.0,6.0,139.92,2025-05-15 17:45:30+00:00,0.023,0.014,0.033,0.02375
Parfetts - Birmingham,134.0,6.0,139.92,2025-05-15 18:00:30+00:00,0.02025,0.01125,0.0295,0.021
Parfetts - Birmingham,134.0,6.0,139.92,2025-05-15 18:15:30+00:00,0.0175,0.009,0.02575,0.018
Parfetts - Birmingham,134.0,6.0,139.92,2025-05-15 18:30:30+00:00,0.014,0.00675,0.0215,0.0145
Parfetts - Birmingham,134.0,6.0,139.92,2025-05-15 18:45:30+00:00,0.01075,0.0045,0.01675,0.011
Parfetts - Birmingham,134.0,6.0,139.92,2025-05-15 19:00:30+00:00,0.007,0.00275,0.012,0.00725
Parfetts - Birmingham,134.0,6.0,139.92,2025-05-15 19:15:30+00:00,0.004,0.00125,0.007,0.004
Parfetts - Birmingham,134.0,6.0,139.92,2025-05-15 19:30:30+00:00,0.00125,0.0005,0.00325,0.00125
Parfetts - Birmingham,134.0,6.0,139.92,2025-05-15 19:45:30+00:00,0.0005,0.0,0.001,0.0005
Parfetts - Birmingham,134.0,6.0,139.92,2025-05-15 20:00:30+00:00,0.0,0.0,0.0,0.0
Parfetts - Birmingham,134.0,6.0,139.92,2025-05-15 20:15:30+00:00,0.0,0.0,0.0,0.0
Parfetts - Birmingham,134.0,6.0,139.92,2025-05-15 20:30:30+00:00,0.0,0.0,0.0,0.0
Parfetts - Birmingham,134.0,6.0,139.92,2025-05-15 20:45:30+00:00,0.0,0.0,0.0,0.0
Parfetts - Birmingham,134.0,6.0,139.92,2025-05-15 21:00:30+00:00,0.0,0.0,0.0,0.0
Parfetts - Birmingham,134.0,6.0,139.92,2025-05-15 21:15:30+00:00,0.0,0.0,0.0,0.0
Parfetts - Birmingham,134.0,6.0,139.92,2025-05-15 21:30:30+00:00,0.0,0.0,0.0,0.0
Parfetts - Birmingham,134.0,6.0,139.92,2025-05-15 21:45:30+00:00,0.0,0.0,0.0,0.0
Parfetts - Birmingham,134.0,6.0,139.92,2025-05-15 22:00:30+00:00,0.0,0.0,0.0,0.0
Parfetts - Birmingham,134.0,6.0,139.92,2025-05-15 22:15:30+00:00,0.0,0.0,0.0,0.0
Parfetts - Birmingham,134.0,6.0,139.92,2025-05-15 22:30:30+00:00,0.0,0.0,0.0,0.0
Parfetts - Birmingham,134.0,6.0,139.92,2025-05-15 22:45:30+00:00,0.0,0.0,0.0,0.0
Parfetts - Birmingham,134.0,6.0,139.92,2025-05-15 23:00:30+00:00,0.0,0.0,0.0,0.0
Parfetts - Birmingham,134.0,6.0,139.92,2025-05-15 23:15:30+00:00,0.0,0.0,0.0,0.0
Parfetts - Birmingham,134.0,6.0,139.92,2025-05-15 23:30:30+00:00,0.0,0.0,0.0,0.0
Parfetts - Birmingham,134.0,6.0,139.92,2025-05-15 23:45:30+00:00,0.0,0.0,0.0,0.0
Parfetts - Birmingham,134.0,6.0,139.92,2025-05-16 00:00:30+00:00,0.0,0.0,0.0,0.0
Parfetts - Birmingham,134.0,6.0,139.92,2025-05-16 00:15:30+00:00,0.0,0.0,0.0,0.0
Parfetts - Birmingham,134.0,6.0,139.92,2025-05-16 00:30:30+00:00,0.0,0.0,0.0,0.0
Parfetts - Birmingham,134.0,6.0,139.92,2025-05-16 00:45:30+00:00,0.0,0.0,0.0,0.0
Parfetts - Birmingham,134.0,6.0,139.92,2025-05-16 01:00:30+00:00,0.0,0.0,0.0,0.0
Parfetts - Birmingham,134.0,6.0,139.92,2025-05-16 01:15:30+00:00,0.0,0.0,0.0,0.0
Parfetts - Birmingham,134.0,6.0,139.92,2025-05-16 01:30:30+00:00,0.0,0.0,0.0,0.0
Parfetts - Birmingham,134.0,6.0,139.92,2025-05-16 01:45:30+00:00,0.0,0.0,0.0,0.0
Parfetts - Birmingham,134.0,6.0,139.92,2025-05-16 02:00:30+00:00,0.0,0.0,0.0,0.0
Parfetts - Birmingham,134.0,6.0,139.92,2025-05-16 02:15:30+00:00,0.0,0.0,0.0,0.0
Parfetts - Birmingham,134.0,6.0,139.92,2025-05-16 02:30:30+00:00,0.0,0.0,0.0,0.0
Parfetts - Birmingham,134.0,6.0,139.92,2025-05-16 02:45:30+00:00,0.0,0.0,0.0,0.0
Parfetts - Birmingham,134.0,6.0,139.92,2025-05-16 03:00:30+00:00,0.0,0.0,0.0,0.0
Parfetts - Birmingham,134.0,6.0,139.92,2025-05-16 03:15:30+00:00,0.0,0.0,0.0,0.0
Parfetts - Birmingham,134.0,6.0,139.92,2025-05-16 03:30:30+00:00,0.0,0.0,0.0,0.0
Parfetts - Birmingham,134.0,6.0,139.92,2025-05-16 03:45:30+00:00,0.0,0.0,0.0,0.0
Parfetts - Birmingham,134.0,6.0,139.92,2025-05-16 04:00:30+00:00,0.0,0.0,0.0,0.0
Parfetts - Birmingham,134.0,6.0,139.92,2025-05-16 04:15:30+00:00,0.00075,0.00025,0.00225,0.00075
Parfetts - Birmingham,134.0,6.0,139.92,2025-05-16 04:30:30+00:00,0.00275,0.00075,0.0055,0.00275
Parfetts - Birmingham,134.0,6.0,139.92,2025-05-16 04:45:30+00:00,0.00575,0.001,0.01025,0.00575
Parfetts - Birmingham,134.0,6.0,139.92,2025-05-16 05:00:30+00:00,0.0085,0.00175,0.0185,0.00875
Parfetts - Birmingham,134.0,6.0,139.92,2025-05-16 05:15:30+00:00,0.014,0.00275,0.0305,0.01375
Parfetts - Birmingham,134.0,6.0,139.92,2025-05-16 05:30:30+00:00,0.02575,0.00625,0.0465,0.024
Parfetts - Birmingham,134.0,6.0,139.92,2025-05-16 05:45:30+00:00,0.0455,0.01825,0.06025,0.0405
Parfetts - Birmingham,134.0,6.0,139.92,2025-05-16 06:00:30+00:00,0.063,0.03725,0.074,0.05475
Parfetts - Birmingham,134.0,6.0,139.92,2025-05-16 06:15:30+00:00,0.077,0.05775,0.08725,0.06625
Parfetts - Birmingham,134.0,6.0,139.92,2025-05-16 06:30:30+00:00,0.089,0.07725,0.0995,0.077
Parfetts - Birmingham,134.0,6.0,139.92,2025-05-16 06:45:30+00:00,0.10025,0.0925,0.10825,0.08725
Parfetts - Birmingham,134.0,6.0,139.92,2025-05-16 07:00:30+00:00,0.1115,0.10525,0.11775,0.0975
Parfetts - Birmingham,134.0,6.0,139.92,2025-05-16 07:15:30+00:00,0.1225,0.11675,0.12825,0.10775
Parfetts - Birmingham,134.0,6.0,139.92,2025-05-16 07:30:30+00:00,0.13325,0.12725,0.139,0.11775
Parfetts - Birmingham,134.0,6.0,139.92,2025-05-16 07:45:30+00:00,0.1435,0.13725,0.14975,0.1275
Parfetts - Birmingham,134.0,6.0,139.92,2025-05-16 08:00:30+00:00,0.15375,0.147,0.16025,0.13725
Parfetts - Birmingham,134.0,6.0,139.92,2025-05-16 08:15:30+00:00,0.16325,0.15625,0.17025,0.14625
Parfetts - Birmingham,134.0,6.0,139.92,2025-05-16 08:30:30+00:00,0.1725,0.165,0.17975,0.15525
Parfetts - Birmingham,134.0,6.0,139.92,2025-05-16 08:45:30+00:00,0.18125,0.17375,0.18875,0.164
Parfetts - Birmingham,134.0,6.0,139.92,2025-05-16 09:00:30+00:00,0.18975,0.18175,0.197,0.17225
Parfetts - Birmingham,134.0,6.0,139.92,2025-05-16 09:15:30+00:00,0.197,0.189,0.20475,0.1795
Parfetts - Birmingham,134.0,6.0,139.92,2025-05-16 09:30:30+00:00,0.20375,0.1955,0.21175,0.1865
Parfetts - Birmingham,134.0,6.0,139.92,2025-05-16 09:45:30+00:00,0.21025,0.2015,0.21825,0.19325
Parfetts - Birmingham,134.0,6.0,139.92,2025-05-16 10:00:30+00:00,0.2155,0.20675,0.224,0.199
Parfetts - Birmingham,134.0,6.0,139.92,2025-05-16 10:15:30+00:00,0.22025,0.2115,0.22875,0.2045
Parfetts - Birmingham,134.0,6.0,139.92,2025-05-16 10:30:30+00:00,0.22425,0.21525,0.23275,0.209
Parfetts - Birmingham,134.0,6.0,139.92,2025-05-16 10:45:30+00:00,0.2275,0.2185,0.236,0.213
Parfetts - Birmingham,134.0,6.0,139.92,2025-05-16 11:00:30+00:00,0.22975,0.22075,0.2385,0.21625
Parfetts - Birmingham,134.0,6.0,139.92,2025-05-16 11:15:30+00:00,0.2315,0.222,0.2405,0.21875
Parfetts - Birmingham,134.0,6.0,139.92,2025-05-16 11:30:30+00:00,0.23225,0.22275,0.24175,0.22075
Parfetts - Birmingham,134.0,6.0,139.92,2025-05-16 11:45:30+00:00,0.2325,0.22275,0.242,0.22175
Parfetts - Birmingham,134.0,6.0,139.92,2025-05-16 12:00:30+00:00,0.232,0.22225,0.24125,0.2225
Parfetts - Birmingham,134.0,6.0,139.92,2025-05-16 12:15:30+00:00,0.2305,0.221,0.23925,0.22225
Parfetts - Birmingham,134.0,6.0,139.92,2025-05-16 12:30:30+00:00,0.228,0.21875,0.23675,0.221
Parfetts - Birmingham,134.0,6.0,139.92,2025-05-16 12:45:30+00:00,0.2245,0.21525,0.233,0.21875
Parfetts - Birmingham,134.0,6.0,139.92,2025-05-16 13:00:30+00:00,0.22,0.21075,0.22875,0.21575
Parfetts - Birmingham,134.0,6.0,139.92,2025-05-16 13:15:30+00:00,0.21475,0.20575,0.2235,0.21175
Parfetts - Birmingham,134.0,6.0,139.92,2025-05-16 13:30:30+00:00,0.209,0.20025,0.21725,0.20775
Parfetts - Birmingham,134.0,6.0,139.92,2025-05-16 13:45:30+00:00,0.2025,0.194,0.2105,0.20225
Parfetts - Birmingham,134.0,6.0,139.92,2025-05-16 14:00:30+00:00,0.1955,0.18725,0.20325,0.19675
Parfetts - Birmingham,134.0,6.0,139.92,2025-05-16 14:15:30+00:00,0.18775,0.17975,0.1955,0.1905
Parfetts - Birmingham,134.0,6.0,139.92,2025-05-16 14:30:30+00:00,0.1795,0.1715,0.187,0.1835
Parfetts - Birmingham,134.0,6.0,139.92,2025-05-16 14:45:30+00:00,0.1705,0.163,0.178,0.176
Parfetts - Birmingham,134.0,6.0,139.92,2025-05-16 15:00:30+00:00,0.16125,0.154,0.16825,0.168
Parfetts - Birmingham,134.0,6.0,139.92,2025-05-16 15:15:30+00:00,0.1515,0.14475,0.158,0.1595
Parfetts - Birmingham,134.0,6.0,139.92,2025-05-16 15:30:30+00:00,0.1415,0.1355,0.1475,0.1505
Parfetts - Birmingham,134.0,6.0,139.92,2025-05-16 15:45:30+00:00,0.1315,0.12575,0.13675,0.1415
Parfetts - Birmingham,134.0,6.0,139.92,2025-05-16 16:00:30+00:00,0.121,0.116,0.126,0.132
Parfetts - Birmingham,134.0,6.0,139.92,2025-05-16 16:15:30+00:00,0.1105,0.10625,0.11475,0.12275
Parfetts - Birmingham,134.0,6.0,139.92,2025-05-16 16:30:30+00:00,0.1,0.09625,0.104,0.11275
Parfetts - Birmingham,134.0,6.0,139.92,2025-05-16 16:45:30+00:00,0.0895,0.08575,0.09325,0.103
Parfetts - Birmingham,134.0,6.0,139.92,2025-05-16 17:00:30+00:00,0.079,0.075,0.083,0.093
Parfetts - Birmingham,134.0,6.0,139.92,2025-05-16 17:15:30+00:00,0.0685,0.06375,0.07325,0.083
Parfetts - Birmingham,134.0,6.0,139.92,2025-05-16 17:30:30+00:00,0.058,0.0525,0.06375,0.07275
Parfetts - Birmingham,134.0,6.0,139.92,2025-05-16 17:45:30+00:00,0.04825,0.04225,0.0535,0.06275
Parfetts - Birmingham,134.0,6.0,139.92,2025-05-16 18:00:30+00:00,0.03875,0.03275,0.043,0.053
Parfetts - Birmingham,134.0,6.0,139.92,2025-05-16 18:15:30+00:00,0.0295,0.024,0.033,0.04325
Parfetts - Birmingham,134.0,6.0,139.92,2025-05-16 18:30:30+00:00,0.02125,0.0165,0.02375,0.03425
Parfetts - Birmingham,134.0,6.0,139.92,2025-05-16 18:45:30+00:00,0.01375,0.01025,0.0155,0.02525
Parfetts - Birmingham,134.0,6.0,139.92,2025-05-16 19:00:30+00:00,0.00725,0.00525,0.0085,0.01675
Parfetts - Birmingham,134.0,6.0,139.92,2025-05-16 19:15:30+00:00,0.0045,0.00325,0.00525,0.00925
Parfetts - Birmingham,134.0,6.0,139.92,2025-05-16 19:30:30+00:00,0.003,0.0025,0.0035,0.0035
Parfetts - Birmingham,134.0,6.0,139.92,2025-05-16 19:45:30+00:00,0.00125,0.001,0.0015,0.00125
Parfetts - Birmingham,134.0,6.0,139.92,2025-05-16 20:00:30+00:00,0.0,0.0,0.0,0.0
Parfetts - Birmingham,134.0,6.0,139.92,2025-05-16 20:15:30+00:00,0.0,0.0,0.0,0.0
Parfetts - Birmingham,134.0,6.0,139.92,2025-05-16 20:30:30+00:00,0.0,0.0,0.0,0.0
Parfetts - Birmingham,134.0,6.0,139.92,2025-05-16 20:45:30+00:00,0.0,0.0,0.0,0.0
Parfetts - Birmingham,134.0,6.0,139.92,2025-05-16 21:00:30+00:00,0.0,0.0,0.0,0.0
Parfetts - Birmingham,134.0,6.0,139.92,2025-05-16 21:15:30+00:00,0.0,0.0,0.0,0.0
Parfetts - Birmingham,134.0,6.0,139.92,2025-05-16 21:30:30+00:00,0.0,0.0,0.0,0.0
Parfetts - Birmingham,134.0,6.0,139.92,2025-05-16 21:45:30+00:00,0.0,0.0,0.0,0.0
Parfetts - Birmingham,134.0,6.0,139.92,2025-05-16 22:00:30+00:00,0.0,0.0,0.0,0.0
Parfetts - Birmingham,134.0,6.0,139.92,2025-05-16 22:15:30+00:00,0.0,0.0,0.0,0.0
Parfetts - Birmingham,134.0,6.0,139.92,2025-05-16 22:30:30+00:00,0.0,0.0,0.0,0.0
Parfetts - Birmingham,134.0,6.0,139.92,2025-05-16 22:45:30+00:00,0.0,0.0,0.0,0.0
Parfetts - Birmingham,134.0,6.0,139.92,2025-05-16 23:00:30+00:00,0.0,0.0,0.0,0.0
Parfetts - Birmingham,134.0,6.0,139.92,2025-05-16 23:15:30+00:00,0.0,0.0,0.0,0.0
Parfetts - Birmingham,134.0,6.0,139.92,2025-05-16 23:30:30+00:00,0.0,0.0,0.0,0.0
Parfetts - Birmingham,134.0,6.0,139.92,2025-05-16 23:45:30+00:00,0.0,0.0,0.0,0.0
Parfetts - Birmingham,134.0,6.0,139.92,2025-05-17 00:00:30+00:00,0.0,0.0,0.0,0.0
Parfetts - Birmingham,134.0,6.0,139.92,2025-05-17 00:15:30+00:00,0.0,0.0,0.0,0.0
Parfetts - Birmingham,134.0,6.0,139.92,2025-05-17 00:30:30+00:00,0.0,0.0,0.0,0.0
Parfetts - Birmingham,134.0,6.0,139.92,2025-05-17 00:45:30+00:00,0.0,0.0,0.0,0.0
Parfetts - Birmingham,134.0,6.0,139.92,2025-05-17 01:00:30+00:00,0.0,0.0,0.0,0.0
Parfetts - Birmingham,134.0,6.0,139.92,2025-05-17 01:15:30+00:00,0.0,0.0,0.0,0.0
Parfetts - Birmingham,134.0,6.0,139.92,2025-05-17 01:30:30+00:00,0.0,0.0,0.0,0.0
Parfetts - Birmingham,134.0,6.0,139.92,2025-05-17 01:45:30+00:00,0.0,0.0,0.0,0.0
Parfetts - Birmingham,134.0,6.0,139.92,2025-05-17 02:00:30+00:00,0.0,0.0,0.0,0.0
Parfetts - Birmingham,134.0,6.0,139.92,2025-05-17 02:15:30+00:00,0.0,0.0,0.0,0.0
Parfetts - Birmingham,134.0,6.0,139.92,2025-05-17 02:30:30+00:00,0.0,0.0,0.0,0.0
Parfetts - Birmingham,134.0,6.0,139.92,2025-05-17 02:45:30+00:00,0.0,0.0,0.0,0.0
Parfetts - Birmingham,134.0,6.0,139.92,2025-05-17 03:00:30+00:00,0.0,0.0,0.0,0.0
Parfetts - Birmingham,134.0,6.0,139.92,2025-05-17 03:15:30+00:00,0.0,0.0,0.0,0.0
Parfetts - Birmingham,134.0,6.0,139.92,2025-05-17 03:30:30+00:00,0.0,0.0,0.0,0.0
Parfetts - Birmingham,134.0,6.0,139.92,2025-05-17 03:45:30+00:00,0.0,0.0,0.0,0.0
Parfetts - Birmingham,134.0,6.0,139.92,2025-05-17 04:00:30+00:00,0.0,0.0,0.0,0.0
Parfetts - Birmingham,134.0,6.0,139.92,2025-05-17 04:15:30+00:00,0.00075,0.00025,0.002,0.00075
Parfetts - Birmingham,134.0,6.0,139.92,2025-05-17 04:30:30+00:00,0.002,0.0005,0.00475,0.002
Parfetts - Birmingham,134.0,6.0,139.92,2025-05-17 04:45:30+00:00,0.004,0.00125,0.0085,0.004
Parfetts - Birmingham,134.0,6.0,139.92,2025-05-17 05:00:30+00:00,0.0065,0.00175,0.0125,0.0065
Parfetts - Birmingham,134.0,6.0,139.92,2025-05-17 05:15:30+00:00,0.0095,0.0025,0.0165,0.0095
Parfetts - Birmingham,134.0,6.0,139.92,2025-05-17 05:30:30+00:00,0.01225,0.00425,0.0205,0.01225
Parfetts - Birmingham,134.0,6.0,139.92,2025-05-17 05:45:30+00:00,0.01525,0.0065,0.024,0.01525
Parfetts - Birmingham,134.0,6.0,139.92,2025-05-17 06:00:30+00:00,0.01825,0.009,0.02725,0.01825
Parfetts - Birmingham,134.0,6.0,139.92,2025-05-17 06:15:30+00:00,0.02075,0.01125,0.03025,0.02075
Parfetts - Birmingham,134.0,6.0,139.92,2025-05-17 06:30:30+00:00,0.023,0.0135,0.0325,0.02325
Parfetts - Birmingham,134.0,6.0,139.92,2025-05-17 06:45:30+00:00,0.02475,0.0155,0.03425,0.02475
Parfetts - Birmingham,134.0,6.0,139.92,2025-05-17 07:00:30+00:00,0.02675,0.0175,0.0365,0.02675
Parfetts - Birmingham,134.0,6.0,139.92,2025-05-17 07:15:30+00:00,0.0295,0.01975,0.03925,0.02975
Parfetts - Birmingham,134.0,6.0,139.92,2025-05-17 07:30:30+00:00,0.03225,0.02175,0.0425,0.03225
Parfetts - Birmingham,134.0,6.0,139.92,2025-05-17 07:45:30+00:00,0.03425,0.02325,0.0455,0.03425
Parfetts - Birmingham,134.0,6.0,139.92,2025-05-17 08:00:30+00:00,0.03675,0.025,0.04875,0.03675
Parfetts - Birmingham,134.0,6.0,139.92,2025-05-17 08:15:30+00:00,0.0395,0.02675,0.05225,0.0395
Parfetts - Birmingham,134.0,6.0,139.92,2025-05-17 08:30:30+00:00,0.042,0.02825,0.05525,0.042
Parfetts - Birmingham,134.0,6.0,139.92,2025-05-17 08:45:30+00:00,0.0435,0.029,0.059,0.0435
Parfetts - Birmingham,134.0,6.0,139.92,2025-05-17 09:00:30+00:00,0.046,0.02775,0.06325,0.046
Parfetts - Birmingham,134.0,6.0,139.92,2025-05-17 09:15:30+00:00,0.04675,0.025,0.06675,0.04675
Parfetts - Birmingham,134.0,6.0,139.92,2025-05-17 09:30:30+00:00,0.0445,0.02075,0.06725,0.0445
Parfetts - Birmingham,134.0,6.0,139.92,2025-05-17 09:45:30+00:00,0.04,0.018,0.06475,0.04025
Parfetts - Birmingham,134.0,6.0,139.92,2025-05-17 10:00:30+00:00,0.03925,0.01775,0.06375,0.0395
Parfetts - Birmingham,134.0,6.0,139.92,2025-05-17 10:15:30+00:00,0.04225,0.02,0.06575,0.0425
Parfetts - Birmingham,134.0,6.0,139.92,2025-05-17 10:30:30+00:00,0.04675,0.0235,0.07025,0.04675
Parfetts - Birmingham,134.0,6.0,139.92,2025-05-17 10:45:30+00:00,0.051,0.02725,0.0735,0.051
Parfetts - Birmingham,134.0,6.0,139.92,2025-05-17 11:00:30+00:00,0.053,0.03125,0.07525,0.053
Parfetts - Birmingham,134.0,6.0,139.92,2025-05-17 11:15:30+00:00,0.05525,0.03325,0.07625,0.05525
Parfetts - Birmingham,134.0,6.0,139.92,2025-05-17 11:30:30+00:00,0.05575,0.0335,0.07875,0.05575
Parfetts - Birmingham,134.0,6.0,139.92,2025-05-17 11:45:30+00:00,0.0575,0.03075,0.08525,0.0575
Parfetts - Birmingham,134.0,6.0,139.92,2025-05-17 12:00:30+00:00,0.06075,0.02825,0.09575,0.06075
Parfetts - Birmingham,134.0,6.0,139.92,2025-05-17 12:15:30+00:00,0.06725,0.0275,0.1105,0.0675
Parfetts - Birmingham,134.0,6.0,139.92,2025-05-17 12:30:30+00:00,0.07875,0.02775,0.1285,0.07875
Parfetts - Birmingham,134.0,6.0,139.92,2025-05-17 12:45:30+00:00,0.0875,0.02325,0.1535,0.08775
Parfetts - Birmingham,134.0,6.0,139.92,2025-05-17 13:00:30+00:00,0.09825,0.0195,0.18425,0.098
Parfetts - Birmingham,134.0,6.0,139.92,2025-05-17 13:15:30+00:00,0.1165,0.02675,0.218,0.11625
Parfetts - Birmingham,134.0,6.0,139.92,2025-05-17 13:30:30+00:00,0.15125,0.05175,0.226,0.1505
Parfetts - Birmingham,134.0,6.0,139.92,2025-05-17 13:45:30+00:00,0.1795,0.09025,0.21975,0.1795
Parfetts - Birmingham,134.0,6.0,139.92,2025-05-17 14:00:30+00:00,0.18725,0.126,0.21225,0.1885
Parfetts - Birmingham,134.0,6.0,139.92,2025-05-17 14:15:30+00:00,0.18425,0.152,0.204,0.18675
Parfetts - Birmingham,134.0,6.0,139.92,2025-05-17 14:30:30+00:00,0.1775,0.16225,0.1915,0.1815
Parfetts - Birmingham,134.0,6.0,139.92,2025-05-17 14:45:30+00:00,0.169,0.1605,0.17725,0.1745
Parfetts - Birmingham,134.0,6.0,139.92,2025-05-17 15:00:30+00:00,0.16025,0.1535,0.1665,0.16675
Parfetts - Birmingham,134.0,6.0,139.92,2025-05-17 15:15:30+00:00,0.15075,0.14475,0.15675,0.15875
Parfetts - Birmingham,134.0,6.0,139.92,2025-05-17 15:30:30+00:00,0.141,0.13525,0.14675,0.15
Parfetts - Birmingham,134.0,6.0,139.92,2025-05-17 15:45:30+00:00,0.13075,0.1255,0.13625,0.14075
Parfetts - Birmingham,134.0,6.0,139.92,2025-05-17 16:00:30+00:00,0.12075,0.11575,0.1255,0.13175
Parfetts - Birmingham,134.0,6.0,139.92,2025-05-17 16:15:30+00:00,0.11025,0.10575,0.11475,0.12225
Parfetts - Birmingham,134.0,6.0,139.92,2025-05-17 16:30:30+00:00,0.1,0.09575,0.104,0.1125
Parfetts - Birmingham,134.0,6.0,139.92,2025-05-17 16:45:30+00:00,0.08925,0.08525,0.09325,0.1025
Parfetts - Birmingham,134.0,6.0,139.92,2025-05-17 17:00:30+00:00,0.07875,0.0745,0.083,0.0925
Parfetts - Birmingham,134.0,6.0,139.92,2025-05-17 17:15:30+00:00,0.06825,0.0635,0.07325,0.0825
Parfetts - Birmingham,134.0,6.0,139.92,2025-05-17 17:30:30+00:00,0.05825,0.05275,0.06375,0.0725
Parfetts - Birmingham,134.0,6.0,139.92,2025-05-17 17:45:30+00:00,0.04825,0.04225,0.054,0.0625
Parfetts - Birmingham,134.0,6.0,139.92,2025-05-17 18:00:30+00:00,0.03875,0.03275,0.0435,0.05275
Parfetts - Birmingham,134.0,6.0,139.92,2025-05-17 18:15:30+00:00,0.02975,0.02425,0.03375,0.043
Parfetts - Birmingham,134.0,6.0,139.92,2025-05-17 18:30:30+00:00,0.0215,0.01675,0.02475,0.03375
Parfetts - Birmingham,134.0,6.0,139.92,2025-05-17 18:45:30+00:00,0.0145,0.0105,0.01675,0.02475
Parfetts - Birmingham,134.0,6.0,139.92,2025-05-17 19:00:30+00:00,0.00825,0.00575,0.01,0.0165
Parfetts - Birmingham,134.0,6.0,139.92,2025-05-17 19:15:30+00:00,0.005,0.0035,0.00625,0.00925
Parfetts - Birmingham,134.0,6.0,139.92,2025-05-17 19:30:30+00:00,0.00325,0.00275,0.004,0.00375
Parfetts - Birmingham,134.0,6.0,139.92,2025-05-17 19:45:30+00:00,0.00125,0.001,0.00175,0.0015
Parfetts - Birmingham,134.0,6.0,139.92,2025-05-17 20:00:30+00:00,0.0,0.0,0.0,0.0
Parfetts - Birmingham,134.0,6.0,139.92,2025-05-17 20:15:30+00:00,0.0,0.0,0.0,0.0
Parfetts - Birmingham,134.0,6.0,139.92,2025-05-17 20:30:30+00:00,0.0,0.0,0.0,0.0
Parfetts - Birmingham,134.0,6.0,139.92,2025-05-17 20:45:30+00:00,0.0,0.0,0.0,0.0
Parfetts - Birmingham,134.0,6.0,139.92,2025-05-17 21:00:30+00:00,0.0,0.0,0.0,0.0
Parfetts - Birmingham,134.0,6.0,139.92,2025-05-17 21:15:30+00:00,0.0,0.0,0.0,0.0
Parfetts - Birmingham,134.0,6.0,139.92,2025-05-17 21:30:30+00:00,0.0,0.0,0.0,0.0
Parfetts - Birmingham,134.0,6.0,139.92,2025-05-17 21:45:30+00:00,0.0,0.0,0.0,0.0
Parfetts - Birmingham,134.0,6.0,139.92,2025-05-17 22:00:30+00:00,0.0,0.0,0.0,0.0
Parfetts - Birmingham,134.0,6.0,139.92,2025-05-17 22:15:30+00:00,0.0,0.0,0.0,0.0
Parfetts - Birmingham,134.0,6.0,139.92,2025-05-17 22:30:30+00:00,0.0,0.0,0.0,0.0
Parfetts - Birmingham,134.0,6.0,139.92,2025-05-17 22:45:30+00:00,0.0,0.0,0.0,0.0
Parfetts - Birmingham,134.0,6.0,139.92,2025-05-17 23:00:30+00:00,0.0,0.0,0.0,0.0
Parfetts - Birmingham,134.0,6.0,139.92,2025-05-17 23:15:30+00:00,0.0,0.0,0.0,0.0
Parfetts - Birmingham,134.0,6.0,139.92,2025-05-17 23:30:30+00:00,0.0,0.0,0.0,0.0
Parfetts - Birmingham,134.0,6.0,139.92,2025-05-17 23:45:30+00:00,0.0,0.0,0.0,0.0
Parfetts - Birmingham,134.0,6.0,139.92,2025-05-18 00:00:30+00:00,0.0,0.0,0.0,0.0
Parfetts - Birmingham,134.0,6.0,139.92,2025-05-18 00:15:30+00:00,0.0,0.0,0.0,0.0
Parfetts - Birmingham,134.0,6.0,139.92,2025-05-18 00:30:30+00:00,0.0,0.0,0.0,0.0
Parfetts - Birmingham,134.0,6.0,139.92,2025-05-18 00:45:30+00:00,0.0,0.0,0.0,0.0
Parfetts - Birmingham,134.0,6.0,139.92,2025-05-18 01:00:30+00:00,0.0,0.0,0.0,0.0
Parfetts - Birmingham,134.0,6.0,139.92,2025-05-18 01:15:30+00:00,0.0,0.0,0.0,0.0
Parfetts - Birmingham,134.0,6.0,139.92,2025-05-18 01:30:30+00:00,0.0,0.0,0.0,0.0
Parfetts - Birmingham,134.0,6.0,139.92,2025-05-18 01:45:30+00:00,0.0,0.0,0.0,0.0
Parfetts - Birmingham,134.0,6.0,139.92,2025-05-18 02:00:30+00:00,0.0,0.0,0.0,0.0
Parfetts - Birmingham,134.0,6.0,139.92,2025-05-18 02:15:30+00:00,0.0,0.0,0.0,0.0
Parfetts - Birmingham,134.0,6.0,139.92,2025-05-18 02:30:30+00:00,0.0,0.0,0.0,0.0
Parfetts - Birmingham,134.0,6.0,139.92,2025-05-18 02:45:30+00:00,0.0,0.0,0.0,0.0
Parfetts - Birmingham,134.0,6.0,139.92,2025-05-18 03:00:30+00:00,0.0,0.0,0.0,0.0
Parfetts - Birmingham,134.0,6.0,139.92,2025-05-18 03:15:30+00:00,0.0,0.0,0.0,0.0
Parfetts - Birmingham,134.0,6.0,139.92,2025-05-18 03:30:30+00:00,0.0,0.0,0.0,0.0
Parfetts - Birmingham,134.0,6.0,139.92,2025-05-18 03:45:30+00:00,0.0,0.0,0.0,0.0
Parfetts - Birmingham,134.0,6.0,139.92,2025-05-18 04:00:30+00:00,0.00075,0.0005,0.001,0.00075
Parfetts - Birmingham,134.0,6.0,139.92,2025-05-18 04:15:30+00:00,0.00175,0.00125,0.00275,0.00175
Parfetts - Birmingham,134.0,6.0,139.92,2025-05-18 04:30:30+00:00,0.0055,0.00325,0.0085,0.00525
Parfetts - Birmingham,134.0,6.0,139.92,2025-05-18 04:45:30+00:00,0.01125,0.00575,0.01625,0.01025
Parfetts - Birmingham,134.0,6.0,139.92,2025-05-18 05:00:30+00:00,0.015,0.0075,0.022,0.014
Parfetts - Birmingham,134.0,6.0,139.92,2025-05-18 05:15:30+00:00,0.0175,0.00925,0.0275,0.01675
Parfetts - Birmingham,134.0,6.0,139.92,2025-05-18 05:30:30+00:00,0.02275,0.013,0.03525,0.022
Parfetts - Birmingham,134.0,6.0,139.92,2025-05-18 05:45:30+00:00,0.033,0.0205,0.047,0.03075
Parfetts - Birmingham,134.0,6.0,139.92,2025-05-18 06:00:30+00:00,0.046,0.03125,0.05825,0.042
Parfetts - Birmingham,134.0,6.0,139.92,2025-05-18 06:15:30+00:00,0.0535,0.0405,0.06525,0.04925
Parfetts - Birmingham,134.0,6.0,139.92,2025-05-18 06:30:30+00:00,0.0585,0.0485,0.0715,0.0545
Parfetts - Birmingham,134.0,6.0,139.92,2025-05-18 06:45:30+00:00,0.068,0.05675,0.08175,0.06325
Parfetts - Birmingham,134.0,6.0,139.92,2025-05-18 07:00:30+00:00,0.082,0.06625,0.09675,0.07525
Parfetts - Birmingham,134.0,6.0,139.92,2025-05-18 07:15:30+00:00,0.09325,0.07525,0.1105,0.0855
Parfetts - Birmingham,134.0,6.0,139.92,2025-05-18 07:30:30+00:00,0.103,0.085,0.12375,0.0945
Parfetts - Birmingham,134.0,6.0,139.92,2025-05-18 07:45:30+00:00,0.11725,0.0975,0.13775,0.10725
Parfetts - Birmingham,134.0,6.0,139.92,2025-05-18 08:00:30+00:00,0.13325,0.11325,0.15125,0.121
Parfetts - Birmingham,134.0,6.0,139.92,2025-05-18 08:15:30+00:00,0.14475,0.12875,0.1595,0.1315
Parfetts - Birmingham,134.0,6.0,139.92,2025-05-18 08:30:30+00:00,0.15375,0.14175,0.164,0.14025
Parfetts - Birmingham,134.0,6.0,139.92,2025-05-18 08:45:30+00:00,0.15975,0.1515,0.169,0.14625
Parfetts - Birmingham,134.0,6.0,139.92,2025-05-18 09:00:30+00:00,0.1675,0.1585,0.17525,0.154
Parfetts - Birmingham,134.0,6.0,139.92,2025-05-18 09:15:30+00:00,0.17325,0.1645,0.183,0.16
Parfetts - Birmingham,134.0,6.0,139.92,2025-05-18 09:30:30+00:00,0.18025,0.17,0.19025,0.16675
Parfetts - Birmingham,134.0,6.0,139.92,2025-05-18 09:45:30+00:00,0.18675,0.176,0.198,0.1735
Parfetts - Birmingham,134.0,6.0,139.92,2025-05-18 10:00:30+00:00,0.194,0.181,0.203,0.18075
Parfetts - Birmingham,134.0,6.0,139.92,2025-05-18 10:15:30+00:00,0.19475,0.18475,0.207,0.18225
Parfetts - Birmingham,134.0,6.0,139.92,2025-05-18 10:30:30+00:00,0.1985,0.185,0.2135,0.1865
Parfetts - Birmingham,134.0,6.0,139.92,2025-05-18 10:45:30+00:00,0.20425,0.1845,0.2225,0.1925
Parfetts - Birmingham,134.0,6.0,139.92,2025-05-18 11:00:30+00:00,0.20725,0.18725,0.23275,0.19625
Parfetts - Birmingham,134.0,6.0,139.92,2025-05-18 11:15:30+00:00,0.2185,0.1935,0.24025,0.207
Parfetts - Birmingham,134.0,6.0,139.92,2025-05-18 11:30:30+00:00,0.224,0.2025,0.24225,0.213
Parfetts - Birmingham,134.0,6.0,139.92,2025-05-18 11:45:30+00:00,0.22425,0.2085,0.2395,0.21425
Parfetts - Birmingham,134.0,6.0,139.92,2025-05-18 12:00:30+00:00,0.2235,0.21225,0.235,0.2145
Parfetts - Birmingham,134.0,6.0,139.92,2025-05-18 12:15:30+00:00,0.223,0.21225,0.23225,0.21525
Parfetts - Birmingham,134.0,6.0,139.92,2025-05-18 12:30:30+00:00,0.21975,0.21025,0.23025,0.21325
Parfetts - Birmingham,134.0,6.0,139.92,2025-05-18 12:45:30+00:00,0.21775,0.20725,0.2275,0.21225
Parfetts - Birmingham,134.0,6.0,139.92,2025-05-18 13:00:30+00:00,0.21425,0.20425,0.22375,0.21025
Parfetts - Birmingham,134.0,6.0,139.92,2025-05-18 13:15:30+00:00,0.21,0.19725,0.222,0.20725
Parfetts - Birmingham,134.0,6.0,139.92,2025-05-18 13:30:30+00:00,0.2045,0.1865,0.221,0.20325
Parfetts - Birmingham,134.0,6.0,139.92,2025-05-18 13:45:30+00:00,0.1965,0.1725,0.2165,0.1965
Parfetts - Birmingham,134.0,6.0,139.92,2025-05-18 14:00:30+00:00,0.182,0.15925,0.2055,0.183
Parfetts - Birmingham,134.0,6.0,139.92,2025-05-18 14:15:30+00:00,0.1685,0.15075,0.1905,0.1705
Parfetts - Birmingham,134.0,6.0,139.92,2025-05-18 14:30:30+00:00,0.161,0.14625,0.179,0.16425
Parfetts - Birmingham,134.0,6.0,139.92,2025-05-18 14:45:30+00:00,0.15775,0.1435,0.171,0.16225
Parfetts - Birmingham,134.0,6.0,139.92,2025-05-18 15:00:30+00:00,0.15275,0.1395,0.16275,0.1585
Parfetts - Birmingham,134.0,6.0,139.92,2025-05-18 15:15:30+00:00,0.14275,0.132,0.15325,0.1495
Parfetts - Birmingham,134.0,6.0,139.92,2025-05-18 15:30:30+00:00,0.1325,0.1225,0.14425,0.14025
Parfetts - Birmingham,134.0,6.0,139.92,2025-05-18 15:45:30+00:00,0.1245,0.1095,0.136,0.133
Parfetts - Birmingham,134.0,6.0,139.92,2025-05-18 16:00:30+00:00,0.1115,0.0965,0.1265,0.12025
Parfetts - Birmingham,134.0,6.0,139.92,2025-05-18 16:15:30+00:00,0.0985,0.0835,0.11475,0.107
Parfetts - Birmingham,134.0,6.0,139.92,2025-05-18 16:30:30+00:00,0.0875,0.0735,0.1025,0.096
Parfetts - Birmingham,134.0,6.0,139.92,2025-05-18 16:45:30+00:00,0.0775,0.064,0.08975,0.08575
Parfetts - Birmingham,134.0,6.0,139.92,2025-05-18 17:00:30+00:00,0.066,0.05575,0.078,0.07375
Parfetts - Birmingham,134.0,6.0,139.92,2025-05-18 17:15:30+00:00,0.05725,0.0495,0.07025,0.06475
Parfetts - Birmingham,134.0,6.0,139.92,2025-05-18 17:30:30+00:00,0.055,0.0425,0.06175,0.064
Parfetts - Birmingham,134.0,6.0,139.92,2025-05-18 17:45:30+00:00,0.04475,0.0355,0.054,0.05375
Parfetts - Birmingham,134.0,6.0,139.92,2025-05-18 18:00:30+00:00,0.0355,0.027,0.045,0.0435
Parfetts - Birmingham,134.0,6.0,139.92,2025-05-18 18:15:30+00:00,0.02775,0.01925,0.03575,0.035
Parfetts - Birmingham,134.0,6.0,139.92,2025-05-18 18:30:30+00:00,0.02025,0.0135,0.0275,0.026
Parfetts - Birmingham,134.0,6.0,139.92,2025-05-18 18:45:30+00:00,0.014,0.00925,0.02,0.01825
Parfetts - Birmingham,134.0,6.0,139.92,2025-05-18 19:00:30+00:00,0.00925,0.0055,0.013,0.01275
Parfetts - Birmingham,134.0,6.0,139.92,2025-05-18 19:15:30+00:00,0.00625,0.00375,0.009,0.00775
Parfetts - Birmingham,134.0,6.0,139.92,2025-05-18 19:30:30+00:00,0.003,0.00225,0.0045,0.00325
Parfetts - Birmingham,134.0,6.0,139.92,2025-05-18 19:45:30+00:00,0.00125,0.00075,0.00175,0.00125
Parfetts - Birmingham,134.0,6.0,139.92,2025-05-18 20:00:30+00:00,0.0,0.0,0.0,0.0
Parfetts - Birmingham,134.0,6.0,139.92,2025-05-18 20:15:30+00:00,0.0,0.0,0.0,0.0
Parfetts - Birmingham,134.0,6.0,139.92,2025-05-18 20:30:30+00:00,0.0,0.0,0.0,0.0
Parfetts - Birmingham,134.0,6.0,139.92,2025-05-18 20:45:30+00:00,0.0,0.0,0.0,0.0
Parfetts - Birmingham,134.0,6.0,139.92,2025-05-18 21:00:30+00:00,0.0,0.0,0.0,0.0
Parfetts - Birmingham,134.0,6.0,139.92,2025-05-18 21:15:30+00:00,0.0,0.0,0.0,0.0
Parfetts - Birmingham,134.0,6.0,139.92,2025-05-18 21:30:30+00:00,0.0,0.0,0.0,0.0
Parfetts - Birmingham,134.0,6.0,139.92,2025-05-18 21:45:30+00:00,0.0,0.0,0.0,0.0
Parfetts - Birmingham,134.0,6.0,139.92,2025-05-18 22:00:30+00:00,0.0,0.0,0.0,0.0
Parfetts - Birmingham,134.0,6.0,139.92,2025-05-18 22:15:30+00:00,0.0,0.0,0.0,0.0
Parfetts - Birmingham,134.0,6.0,139.92,2025-05-18 22:30:30+00:00,0.0,0.0,0.0,0.0
Parfetts - Birmingham,134.0,6.0,139.92,2025-05-18 22:45:30+00:00,0.0,0.0,0.0,0.0
Parfetts - Birmingham,134.0,6.0,139.92,2025-05-18 23:00:30+00:00,0.0,0.0,0.0,0.0
Parfetts - Birmingham,134.0,6.0,139.92,2025-05-18 23:15:30+00:00,0.0,0.0,0.0,0.0
Parfetts - Birmingham,134.0,6.0,139.92,2025-05-18 23:30:30+00:00,0.0,0.0,0.0,0.0
Parfetts - Birmingham,134.0,6.0,139.92,2025-05-18 23:45:30+00:00,0.0,0.0,0.0,0.0
Parfetts - Birmingham,134.0,6.0,139.92,2025-05-19 00:00:30+00:00,0.0,0.0,0.0,0.0
Parfetts - Birmingham,134.0,6.0,139.92,2025-05-19 00:15:30+00:00,0.0,0.0,0.0,0.0
Parfetts - Birmingham,134.0,6.0,139.92,2025-05-19 00:30:30+00:00,0.0,0.0,0.0,0.0
Parfetts - Birmingham,134.0,6.0,139.92,2025-05-19 00:45:30+00:00,0.0,0.0,0.0,0.0
Parfetts - Birmingham,134.0,6.0,139.92,2025-05-19 01:00:30+00:00,0.0,0.0,0.0,0.0
Parfetts - Birmingham,134.0,6.0,139.92,2025-05-19 01:15:30+00:00,0.0,0.0,0.0,0.0
Parfetts - Birmingham,134.0,6.0,139.92,2025-05-19 01:30:30+00:00,0.0,0.0,0.0,0.0
Parfetts - Birmingham,134.0,6.0,139.92,2025-05-19 01:45:30+00:00,0.0,0.0,0.0,0.0
Parfetts - Birmingham,134.0,6.0,139.92,2025-05-19 02:00:30+00:00,0.0,0.0,0.0,0.0
Parfetts - Birmingham,134.0,6.0,139.92,2025-05-19 02:15:30+00:00,0.0,0.0,0.0,0.0
Parfetts - Birmingham,134.0,6.0,139.92,2025-05-19 02:30:30+00:00,0.0,0.0,0.0,0.0
Parfetts - Birmingham,134.0,6.0,139.92,2025-05-19 02:45:30+00:00,0.0,0.0,0.0,0.0
Parfetts - Birmingham,134.0,6.0,139.92,2025-05-19 03:00:30+00:00,0.0,0.0,0.0,0.0
Parfetts - Birmingham,134.0,6.0,139.92,2025-05-19 03:15:30+00:00,0.0,0.0,0.0,0.0
Parfetts - Birmingham,134.0,6.0,139.92,2025-05-19 03:30:30+00:00,0.0,0.0,0.0,0.0
Parfetts - Birmingham,134.0,6.0,139.92,2025-05-19 03:45:30+00:00,0.0,0.0,0.0,0.0
Parfetts - Birmingham,134.0,6.0,139.92,2025-05-19 04:00:30+00:00,0.0005,0.00025,0.001,0.0005
Parfetts - Birmingham,134.0,6.0,139.92,2025-05-19 04:15:30+00:00,0.0015,0.001,0.0025,0.0015
Parfetts - Birmingham,134.0,6.0,139.92,2025-05-19 04:30:30+00:00,0.0045,0.00225,0.00725,0.0045
Parfetts - Birmingham,134.0,6.0,139.92,2025-05-19 04:45:30+00:00,0.009,0.0055,0.0145,0.00875
Parfetts - Birmingham,134.0,6.0,139.92,2025-05-19 05:00:30+00:00,0.0185,0.01075,0.02425,0.01675
Parfetts - Birmingham,134.0,6.0,139.92,2025-05-19 05:15:30+00:00,0.02625,0.0145,0.0335,0.024
Parfetts - Birmingham,134.0,6.0,139.92,2025-05-19 05:30:30+00:00,0.02875,0.016,0.0415,0.027
Parfetts - Birmingham,134.0,6.0,139.92,2025-05-19 05:45:30+00:00,0.03075,0.016,0.04625,0.02925
Parfetts - Birmingham,134.0,6.0,139.92,2025-05-19 06:00:30+00:00,0.0345,0.01725,0.05575,0.033
Parfetts - Birmingham,134.0,6.0,139.92,2025-05-19 06:15:30+00:00,0.04525,0.02425,0.07325,0.043
Parfetts - Birmingham,134.0,6.0,139.92,2025-05-19 06:30:30+00:00,0.06825,0.0375,0.0875,0.0625
Parfetts - Birmingham,134.0,6.0,139.92,2025-05-19 06:45:30+00:00,0.087,0.05875,0.10025,0.07875
Parfetts - Birmingham,134.0,6.0,139.92,2025-05-19 07:00:30+00:00,0.1,0.08125,0.11275,0.09
Parfetts - Birmingham,134.0,6.0,139.92,2025-05-19 07:15:30+00:00,0.111,0.10075,0.121,0.09975
Parfetts - Birmingham,134.0,6.0,139.92,2025-05-19 07:30:30+00:00,0.1215,0.1125,0.13,0.10975
Parfetts - Birmingham,134.0,6.0,139.92,2025-05-19 07:45:30+00:00,0.131,0.11825,0.1425,0.1185
Parfetts - Birmingham,134.0,6.0,139.92,2025-05-19 08:00:30+00:00,0.13825,0.117,0.15625,0.12575
Parfetts - Birmingham,134.0,6.0,139.92,2025-05-19 08:15:30+00:00,0.1405,0.114,0.1665,0.1285
Parfetts - Birmingham,134.0,6.0,139.92,2025-05-19 08:30:30+00:00,0.1425,0.1095,0.171,0.132
Parfetts - Birmingham,134.0,6.0,139.92,2025-05-19 08:45:30+00:00,0.13775,0.10925,0.169,0.1285
Parfetts - Birmingham,134.0,6.0,139.92,2025-05-19 09:00:30+00:00,0.13625,0.11275,0.16275,0.1285
Parfetts - Birmingham,134.0,6.0,139.92,2025-05-19 09:15:30+00:00,0.1415,0.11925,0.169,0.133
Parfetts - Birmingham,134.0,6.0,139.92,2025-05-19 09:30:30+00:00,0.15325,0.12775,0.18,0.14425
Parfetts - Birmingham,134.0,6.0,139.92,2025-05-19 09:45:30+00:00,0.16675,0.1395,0.19475,0.15675
Parfetts - Birmingham,134.0,6.0,139.92,2025-05-19 10:00:30+00:00,0.18175,0.1485,0.207,0.17
Parfetts - Birmingham,134.0,6.0,139.92,2025-05-19 10:15:30+00:00,0.18325,0.149,0.21025,0.172
Parfetts - Birmingham,134.0,6.0,139.92,2025-05-19 10:30:30+00:00,0.172,0.1295,0.21625,0.16325
Parfetts - Birmingham,134.0,6.0,139.92,2025-05-19 10:45:30+00:00,0.1635,0.1095,0.2265,0.156
Parfetts - Birmingham,134.0,6.0,139.92,2025-05-19 11:00:30+00:00,0.16775,0.0845,0.22675,0.1605
Parfetts - Birmingham,134.0,6.0,139.92,2025-05-19 11:15:30+00:00,0.133,0.0585,0.2115,0.12925
Parfetts - Birmingham,134.0,6.0,139.92,2025-05-19 11:30:30+00:00,0.10375,0.03625,0.1895,0.10225
Parfetts - Birmingham,134.0,6.0,139.92,2025-05-19 11:45:30+00:00,0.1025,0.04775,0.20775,0.10125
Parfetts - Birmingham,134.0,6.0,139.92,2025-05-19 12:00:30+00:00,0.17925,0.06375,0.22675,0.17375
Parfetts - Birmingham,134.0,6.0,139.92,2025-05-19 12:15:30+00:00,0.14925,0.07275,0.227,0.14625
Parfetts - Birmingham,134.0,6.0,139.92,2025-05-19 12:30:30+00:00,0.121,0.06175,0.191,0.11975
Parfetts - Birmingham,134.0,6.0,139.92,2025-05-19 12:45:30+00:00,0.10925,0.06925,0.15925,0.1085
Parfetts - Birmingham,134.0,6.0,139.92,2025-05-19 13:00:30+00:00,0.11225,0.077,0.14075,0.11175
Parfetts - Birmingham,134.0,6.0,139.92,2025-05-19 13:15:30+00:00,0.1045,0.07775,0.1425,0.10425
Parfetts - Birmingham,134.0,6.0,139.92,2025-05-19 13:30:30+00:00,0.1135,0.06225,0.14275,0.1135
Parfetts - Birmingham,134.0,6.0,139.92,2025-05-19 13:45:30+00:00,0.08875,0.0465,0.13575,0.08925
Parfetts - Birmingham,134.0,6.0,139.92,2025-05-19 14:00:30+00:00,0.0705,0.043,0.127,0.07125
Parfetts - Birmingham,134.0,6.0,139.92,2025-05-19 14:15:30+00:00,0.09525,0.0395,0.1185,0.09625
Parfetts - Birmingham,134.0,6.0,139.92,2025-05-19 14:30:30+00:00,0.071,0.0375,0.113,0.07175
Parfetts - Birmingham,134.0,6.0,139.92,2025-05-19 14:45:30+00:00,0.059,0.016,0.11425,0.0595
Parfetts - Birmingham,134.0,6.0,139.92,2025-05-19 15:00:30+00:00,0.06475,0.013,0.128,0.06575
Parfetts - Birmingham,134.0,6.0,139.92,2025-05-19 15:15:30+00:00,0.08125,0.02025,0.15025,0.083
Parfetts - Birmingham,134.0,6.0,139.92,2025-05-19 15:30:30+00:00,0.1075,0.04175,0.14925,0.112
Parfetts - Birmingham,134.0,6.0,139.92,2025-05-19 15:45:30+00:00,0.098,0.064,0.13475,0.1025
Parfetts - Birmingham,134.0,6.0,139.92,2025-05-19 16:00:30+00:00,0.09175,0.07225,0.11425,0.09675
Parfetts - Birmingham,134.0,6.0,139.92,2025-05-19 16:15:30+00:00,0.08975,0.0725,0.10025,0.09575
Parfetts - Birmingham,134.0,6.0,139.92,2025-05-19 16:30:30+00:00,0.07825,0.066,0.0965,0.084
Parfetts - Birmingham,134.0,6.0,139.92,2025-05-19 16:45:30+00:00,0.0745,0.059,0.0905,0.08175
Parfetts - Birmingham,134.0,6.0,139.92,2025-05-19 17:00:30+00:00,0.07125,0.05675,0.0825,0.08
Parfetts - Birmingham,134.0,6.0,139.92,2025-05-19 17:15:30+00:00,0.06325,0.04625,0.07475,0.07225
Parfetts - Birmingham,134.0,6.0,139.92,2025-05-19 17:30:30+00:00,0.055,0.033,0.06475,0.06375
Parfetts - Birmingham,134.0,6.0,139.92,2025-05-19 17:45:30+00:00,0.043,0.01575,0.05625,0.0495
Parfetts - Birmingham,134.0,6.0,139.92,2025-05-19 18:00:30+00:00,0.02375,0.00475,0.04975,0.02575
Parfetts - Birmingham,134.0,6.0,139.92,2025-05-19 18:15:30+00:00,0.01,0.00325,0.03725,0.01025
Parfetts - Birmingham,134.0,6.0,139.92,2025-05-19 18:30:30+00:00,0.014,0.00275,0.02825,0.01525
Parfetts - Birmingham,134.0,6.0,139.92,2025-05-19 18:45:30+00:00,0.01375,0.00275,0.0225,0.016
Parfetts - Birmingham,134.0,6.0,139.92,2025-05-19 19:00:30+00:00,0.01025,0.0035,0.0155,0.012
Parfetts - Birmingham,134.0,6.0,139.92,2025-05-19 19:15:30+00:00,0.00675,0.0035,0.01,0.00725
Parfetts - Birmingham,134.0,6.0,139.92,2025-05-19 19:30:30+00:00,0.003,0.002,0.0045,0.003
Parfetts - Birmingham,134.0,6.0,139.92,2025-05-19 19:45:30+00:00,0.00125,0.00075,0.00175,0.00125
Parfetts - Birmingham,134.0,6.0,139.92,2025-05-19 20:00:30+00:00,0.0,0.0,0.0,0.0
Parfetts - Birmingham,134.0,6.0,139.92,2025-05-19 20:15:30+00:00,0.0,0.0,0.0,0.0
Parfetts - Birmingham,134.0,6.0,139.92,2025-05-19 20:30:30+00:00,0.0,0.0,0.0,0.0
Parfetts - Birmingham,134.0,6.0,139.92,2025-05-19 20:45:30+00:00,0.0,0.0,0.0,0.0
Parfetts - Birmingham,134.0,6.0,139.92,2025-05-19 21:00:30+00:00,0.0,0.0,0.0,0.0
Parfetts - Birmingham,134.0,6.0,139.92,2025-05-19 21:15:30+00:00,0.0,0.0,0.0,0.0
Parfetts - Birmingham,134.0,6.0,139.92,2025-05-19 21:30:30+00:00,0.0,0.0,0.0,0.0
Parfetts - Birmingham,134.0,6.0,139.92,2025-05-19 21:45:30+00:00,0.0,0.0,0.0,0.0
Parfetts - Birmingham,134.0,6.0,139.92,2025-05-19 22:00:30+00:00,0.0,0.0,0.0,0.0
Parfetts - Birmingham,134.0,6.0,139.92,2025-05-19 22:15:30+00:00,0.0,0.0,0.0,0.0
Parfetts - Birmingham,134.0,6.0,139.92,2025-05-19 22:30:30+00:00,0.0,0.0,0.0,0.0
Parfetts - Birmingham,134.0,6.0,139.92,2025-05-19 22:45:30+00:00,0.0,0.0,0.0,0.0
Parfetts - Birmingham,134.0,6.0,139.92,2025-05-19 23:00:30+00:00,0.0,0.0,0.0,0.0
Parfetts - Birmingham,134.0,6.0,139.92,2025-05-19 23:15:30+00:00,0.0,0.0,0.0,0.0
Parfetts - Birmingham,134.0,6.0,139.92,2025-05-19 23:30:30+00:00,0.0,0.0,0.0,0.0
Parfetts - Birmingham,134.0,6.0,139.92,2025-05-19 23:45:30+00:00,0.0,0.0,0.0,0.0
Parfetts - Birmingham,134.0,6.0,139.92,2025-05-20 00:00:30+00:00,0.0,0.0,0.0,0.0
Parfetts - Birmingham,134.0,6.0,139.92,2025-05-20 00:15:30+00:00,0.0,0.0,0.0,0.0
Parfetts - Birmingham,134.0,6.0,139.92,2025-05-20 00:30:30+00:00,0.0,0.0,0.0,0.0
Parfetts - Birmingham,134.0,6.0,139.92,2025-05-20 00:45:30+00:00,0.0,0.0,0.0,0.0
Parfetts - Birmingham,134.0,6.0,139.92,2025-05-20 01:00:30+00:00,0.0,0.0,0.0,0.0
Parfetts - Birmingham,134.0,6.0,139.92,2025-05-20 01:15:30+00:00,0.0,0.0,0.0,0.0
Parfetts - Birmingham,134.0,6.0,139.92,2025-05-20 01:30:30+00:00,0.0,0.0,0.0,0.0
Parfetts - Birmingham,134.0,6.0,139.92,2025-05-20 01:45:30+00:00,0.0,0.0,0.0,0.0
Parfetts - Birmingham,134.0,6.0,139.92,2025-05-20 02:00:30+00:00,0.0,0.0,0.0,0.0
Parfetts - Birmingham,134.0,6.0,139.92,2025-05-20 02:15:30+00:00,0.0,0.0,0.0,0.0
Parfetts - Birmingham,134.0,6.0,139.92,2025-05-20 02:30:30+00:00,0.0,0.0,0.0,0.0
Parfetts - Birmingham,134.0,6.0,139.92,2025-05-20 02:45:30+00:00,0.0,0.0,0.0,0.0
Parfetts - Birmingham,134.0,6.0,139.92,2025-05-20 03:00:30+00:00,0.0,0.0,0.0,0.0
Parfetts - Birmingham,134.0,6.0,139.92,2025-05-20 03:15:30+00:00,0.0,0.0,0.0,0.0
Parfetts - Birmingham,134.0,6.0,139.92,2025-05-20 03:30:30+00:00,0.0,0.0,0.0,0.0
Parfetts - Birmingham,134.0,6.0,139.92,2025-05-20 03:45:30+00:00,0.0,0.0,0.0,0.0
Parfetts - Birmingham,134.0,6.0,139.92,2025-05-20 04:00:30+00:00,0.0,0.0,0.0,0.0
Parfetts - Birmingham,134.0,6.0,139.92,2025-05-20 04:15:30+00:00,0.00025,0.00025,0.00125,0.00025
Parfetts - Birmingham,134.0,6.0,139.92,2025-05-20 04:30:30+00:00,0.001,0.0005,0.004,0.001
Parfetts - Birmingham,134.0,6.0,139.92,2025-05-20 04:45:30+00:00,0.00275,0.001,0.0105,0.00275
Parfetts - Birmingham,134.0,6.0,139.92,2025-05-20 05:00:30+00:00,0.00675,0.00175,0.019,0.00675
Parfetts - Birmingham,134.0,6.0,139.92,2025-05-20 05:15:30+00:00,0.015,0.003,0.03175,0.01475
Parfetts - Birmingham,134.0,6.0,139.92,2025-05-20 05:30:30+00:00,0.0275,0.00875,0.0435,0.02575
Parfetts - Birmingham,134.0,6.0,139.92,2025-05-20 05:45:30+00:00,0.044,0.0215,0.056,0.03975
Parfetts - Birmingham,134.0,6.0,139.92,2025-05-20 06:00:30+00:00,0.05575,0.037,0.06725,0.05025
Parfetts - Birmingham,134.0,6.0,139.92,2025-05-20 06:15:30+00:00,0.06575,0.05275,0.0785,0.0595
Parfetts - Birmingham,134.0,6.0,139.92,2025-05-20 06:30:30+00:00,0.0785,0.068,0.08925,0.07025
Parfetts - Birmingham,134.0,6.0,139.92,2025-05-20 06:45:30+00:00,0.09075,0.0815,0.0995,0.08125
Parfetts - Birmingham,134.0,6.0,139.92,2025-05-20 07:00:30+00:00,0.10175,0.094,0.1095,0.09125
Parfetts - Birmingham,134.0,6.0,139.92,2025-05-20 07:15:30+00:00,0.1125,0.106,0.11925,0.10125
Parfetts - Birmingham,134.0,6.0,139.92,2025-05-20 07:30:30+00:00,0.12325,0.117,0.12925,0.111
Parfetts - Birmingham,134.0,6.0,139.92,2025-05-20 07:45:30+00:00,0.133,0.12675,0.13925,0.12025
Parfetts - Birmingham,134.0,6.0,139.92,2025-05-20 08:00:30+00:00,0.14275,0.13625,0.1495,0.1295
Parfetts - Birmingham,134.0,6.0,139.92,2025-05-20 08:15:30+00:00,0.1525,0.14525,0.1595,0.1385
Parfetts - Birmingham,134.0,6.0,139.92,2025-05-20 08:30:30+00:00,0.16175,0.15425,0.169,0.1475
Parfetts - Birmingham,134.0,6.0,139.92,2025-05-20 08:45:30+00:00,0.17125,0.1635,0.1785,0.156
Parfetts - Birmingham,134.0,6.0,139.92,2025-05-20 09:00:30+00:00,0.179,0.1715,0.1865,0.16375
Parfetts - Birmingham,134.0,6.0,139.92,2025-05-20 09:15:30+00:00,0.1865,0.17875,0.194,0.171
Parfetts - Birmingham,134.0,6.0,139.92,2025-05-20 09:30:30+00:00,0.1935,0.1855,0.201,0.17825
Parfetts - Birmingham,134.0,6.0,139.92,2025-05-20 09:45:30+00:00,0.19975,0.1915,0.2075,0.1845
Parfetts - Birmingham,134.0,6.0,139.92,2025-05-20 10:00:30+00:00,0.205,0.19675,0.21325,0.19025
Parfetts - Birmingham,134.0,6.0,139.92,2025-05-20 10:15:30+00:00,0.21,0.20125,0.21825,0.1955
Parfetts - Birmingham,134.0,6.0,139.92,2025-05-20 10:30:30+00:00,0.214,0.20525,0.2225,0.20025
Parfetts - Birmingham,134.0,6.0,139.92,2025-05-20 10:45:30+00:00,0.21725,0.2085,0.22575,0.204
Parfetts - Birmingham,134.0,6.0,139.92,2025-05-20 11:00:30+00:00,0.22,0.211,0.22825,0.2075
Parfetts - Birmingham,134.0,6.0,139.92,2025-05-20 11:15:30+00:00,0.2215,0.21275,0.23,0.21
Parfetts - Birmingham,134.0,6.0,139.92,2025-05-20 11:30:30+00:00,0.22225,0.21275,0.23125,0.2115
Parfetts - Birmingham,134.0,6.0,139.92,2025-05-20 11:45:30+00:00,0.222,0.21075,0.233,0.21225
Parfetts - Birmingham,134.0,6.0,139.92,2025-05-20 12:00:30+00:00,0.221,0.20675,0.2335,0.21225
Parfetts - Birmingham,134.0,6.0,139.92,2025-05-20 12:15:30+00:00,0.217,0.2,0.23275,0.20975
Parfetts - Birmingham,134.0,6.0,139.92,2025-05-20 12:30:30+00:00,0.211,0.19225,0.231,0.205
Parfetts - Birmingham,134.0,6.0,139.92,2025-05-20 12:45:30+00:00,0.2065,0.18175,0.22875,0.2015
Parfetts - Birmingham,134.0,6.0,139.92,2025-05-20 13:00:30+00:00,0.19775,0.169,0.226,0.19425
Parfetts - Birmingham,134.0,6.0,139.92,2025-05-20 13:15:30+00:00,0.18775,0.15475,0.219,0.18575
Parfetts - Birmingham,134.0,6.0,139.92,2025-05-20 13:30:30+00:00,0.17475,0.13825,0.21125,0.1735
Parfetts - Birmingham,134.0,6.0,139.92,2025-05-20 13:45:30+00:00,0.161,0.12225,0.2025,0.161
Parfetts - Birmingham,134.0,6.0,139.92,2025-05-20 14:00:30+00:00,0.15125,0.1065,0.19075,0.15225
Parfetts - Birmingham,134.0,6.0,139.92,2025-05-20 14:15:30+00:00,0.133,0.09225,0.17425,0.1345
Parfetts - Birmingham,134.0,6.0,139.92,2025-05-20 14:30:30+00:00,0.115,0.078,0.15875,0.11675
Parfetts - Birmingham,134.0,6.0,139.92,2025-05-20 14:45:30+00:00,0.10675,0.062,0.152,0.1085
Parfetts - Birmingham,134.0,6.0,139.92,2025-05-20 15:00:30+00:00,0.09875,0.0425,0.1455,0.101
Parfetts - Birmingham,134.0,6.0,139.92,2025-05-20 15:15:30+00:00,0.076,0.021,0.1295,0.07775
Parfetts - Birmingham,134.0,6.0,139.92,2025-05-20 15:30:30+00:00,0.0505,0.0115,0.1035,0.05125
Parfetts - Birmingham,134.0,6.0,139.92,2025-05-20 15:45:30+00:00,0.03975,0.011,0.07775,0.04025
Parfetts - Birmingham,134.0,6.0,139.92,2025-05-20 16:00:30+00:00,0.042,0.01775,0.06,0.04275
Parfetts - Birmingham,134.0,6.0,139.92,2025-05-20 16:15:30+00:00,0.0345,0.02175,0.051,0.035
Parfetts - Birmingham,134.0,6.0,139.92,2025-05-20 16:30:30+00:00,0.03225,0.02,0.04925,0.03275
Parfetts - Birmingham,134.0,6.0,139.92,2025-05-20 16:45:30+00:00,0.0365,0.01875,0.04675,0.03725
Parfetts - Birmingham,134.0,6.0,139.92,2025-05-20 17:00:30+00:00,0.0295,0.01525,0.0435,0.03025
Parfetts - Birmingham,134.0,6.0,139.92,2025-05-20 17:15:30+00:00,0.02175,0.0095,0.03725,0.02225
Parfetts - Birmingham,134.0,6.0,139.92,2025-05-20 17:30:30+00:00,0.01825,0.00725,0.035,0.0185
Parfetts - Birmingham,134.0,6.0,139.92,2025-05-20 17:45:30+00:00,0.023,0.00725,0.0335,0.02375
Parfetts - Birmingham,134.0,6.0,139.92,2025-05-20 18:00:30+00:00,0.01975,0.005,0.02975,0.02025
Parfetts - Birmingham,134.0,6.0,139.92,2025-05-20 18:15:30+00:00,0.0095,0.00325,0.026,0.0095
Parfetts - Birmingham,134.0,6.0,139.92,2025-05-20 18:30:30+00:00,0.01175,0.0025,0.02,0.012
Parfetts - Birmingham,134.0,6.0,139.92,2025-05-20 18:45:30+00:00,0.00725,0.002,0.01625,0.00725
Parfetts - Birmingham,134.0,6.0,139.92,2025-05-20 19:00:30+00:00,0.002,0.0015,0.008,0.002
Parfetts - Birmingham,134.0,6.0,139.92,2025-05-20 19:15:30+00:00,0.002,0.00075,0.00575,0.002
Parfetts - Birmingham,134.0,6.0,139.92,2025-05-20 19:30:30+00:00,0.001,0.0005,0.003,0.001
Parfetts - Birmingham,134.0,6.0,139.92,2025-05-20 19:45:30+00:00,0.00025,0.0,0.00075,0.00025
Parfetts - Birmingham,134.0,6.0,139.92,2025-05-20 20:00:30+00:00,0.0,0.0,0.0,0.0
Parfetts - Birmingham,134.0,6.0,139.92,2025-05-20 20:15:30+00:00,0.0,0.0,0.0,0.0
Parfetts - Birmingham,134.0,6.0,139.92,2025-05-20 20:30:30+00:00,0.0,0.0,0.0,0.0
Parfetts - Birmingham,134.0,6.0,139.92,2025-05-20 20:45:30+00:00,0.0,0.0,0.0,0.0
Parfetts - Birmingham,134.0,6.0,139.92,2025-05-20 21:00:30+00:00,0.0,0.0,0.0,0.0
Parfetts - Birmingham,134.0,6.0,139.92,2025-05-20 21:15:30+00:00,0.0,0.0,0.0,0.0
Parfetts - Birmingham,134.0,6.0,139.92,2025-05-20 21:30:30+00:00,0.0,0.0,0.0,0.0
Parfetts - Birmingham,134.0,6.0,139.92,2025-05-20 21:45:30+00:00,0.0,0.0,0.0,0.0
Parfetts - Birmingham,134.0,6.0,139.92,2025-05-20 22:00:30+00:00,0.0,0.0,0.0,0.0
Parfetts - Birmingham,134.0,6.0,139.92,2025-05-20 22:15:30+00:00,0.0,0.0,0.0,0.0
Parfetts - Birmingham,134.0,6.0,139.92,2025-05-20 22:30:30+00:00,0.0,0.0,0.0,0.0
Parfetts - Birmingham,134.0,6.0,139.92,2025-05-20 22:45:30+00:00,0.0,0.0,0.0,0.0
Parfetts - Birmingham,134.0,6.0,139.92,2025-05-20 23:00:30+00:00,0.0,0.0,0.0,0.0
Parfetts - Birmingham,134.0,6.0,139.92,2025-05-20 23:15:30+00:00,0.0,0.0,0.0,0.0
Parfetts - Birmingham,134.0,6.0,139.92,2025-05-20 23:30:30+00:00,0.0,0.0,0.0,0.0
Parfetts - Birmingham,134.0,6.0,139.92,2025-05-20 23:45:30+00:00,0.0,0.0,0.0,0.0
Parfetts - Birmingham,134.0,6.0,139.92,2025-05-21 00:00:30+00:00,0.0,0.0,0.0,0.0
Parfetts - Birmingham,134.0,6.0,139.92,2025-05-21 00:15:30+00:00,0.0,0.0,0.0,0.0
Parfetts - Birmingham,134.0,6.0,139.92,2025-05-21 00:30:30+00:00,0.0,0.0,0.0,0.0
Parfetts - Birmingham,134.0,6.0,139.92,2025-05-21 00:45:30+00:00,0.0,0.0,0.0,0.0
Parfetts - Birmingham,134.0,6.0,139.92,2025-05-21 01:00:30+00:00,0.0,0.0,0.0,0.0
Parfetts - Birmingham,134.0,6.0,139.92,2025-05-21 01:15:30+00:00,0.0,0.0,0.0,0.0
Parfetts - Birmingham,134.0,6.0,139.92,2025-05-21 01:30:30+00:00,0.0,0.0,0.0,0.0
Parfetts - Birmingham,134.0,6.0,139.92,2025-05-21 01:45:30+00:00,0.0,0.0,0.0,0.0
Parfetts - Birmingham,134.0,6.0,139.92,2025-05-21 02:00:30+00:00,0.0,0.0,0.0,0.0
Parfetts - Birmingham,134.0,6.0,139.92,2025-05-21 02:15:30+00:00,0.0,0.0,0.0,0.0
Parfetts - Birmingham,134.0,6.0,139.92,2025-05-21 02:30:30+00:00,0.0,0.0,0.0,0.0
Parfetts - Birmingham,134.0,6.0,139.92,2025-05-21 02:45:30+00:00,0.0,0.0,0.0,0.0
Parfetts - Birmingham,134.0,6.0,139.92,2025-05-21 03:00:30+00:00,0.0,0.0,0.0,0.0
Parfetts - Birmingham,134.0,6.0,139.92,2025-05-21 03:15:30+00:00,0.0,0.0,0.0,0.0
Parfetts - Birmingham,134.0,6.0,139.92,2025-05-21 03:30:30+00:00,0.0,0.0,0.0,0.0
Parfetts - Birmingham,134.0,6.0,139.92,2025-05-21 03:45:30+00:00,0.0,0.0,0.0,0.0
Parfetts - Birmingham,134.0,6.0,139.92,2025-05-21 04:00:30+00:00,0.0,0.0,0.0,0.0
Parfetts - Birmingham,134.0,6.0,139.92,2025-05-21 04:15:30+00:00,0.00075,0.00025,0.0025,0.00075
Parfetts - Birmingham,134.0,6.0,139.92,2025-05-21 04:30:30+00:00,0.0025,0.0005,0.00475,0.0025
Parfetts - Birmingham,134.0,6.0,139.92,2025-05-21 04:45:30+00:00,0.0015,0.001,0.00625,0.0015
Parfetts - Birmingham,134.0,6.0,139.92,2025-05-21 05:00:30+00:00,0.00225,0.00175,0.0095,0.0025
Parfetts - Birmingham,134.0,6.0,139.92,2025-05-21 05:15:30+00:00,0.00575,0.00225,0.016,0.006
Parfetts - Birmingham,134.0,6.0,139.92,2025-05-21 05:30:30+00:00,0.01075,0.003,0.02125,0.011
Parfetts - Birmingham,134.0,6.0,139.92,2025-05-21 05:45:30+00:00,0.01525,0.0045,0.025,0.01525
Parfetts - Birmingham,134.0,6.0,139.92,2025-05-21 06:00:30+00:00,0.018,0.0085,0.02725,0.018
Parfetts - Birmingham,134.0,6.0,139.92,2025-05-21 06:15:30+00:00,0.02025,0.01125,0.02875,0.0205
Parfetts - Birmingham,134.0,6.0,139.92,2025-05-21 06:30:30+00:00,0.02175,0.01375,0.0315,0.02175
Parfetts - Birmingham,134.0,6.0,139.92,2025-05-21 06:45:30+00:00,0.0255,0.01575,0.03375,0.02575
Parfetts - Birmingham,134.0,6.0,139.92,2025-05-21 07:00:30+00:00,0.02675,0.0155,0.03825,0.02675
Parfetts - Birmingham,134.0,6.0,139.92,2025-05-21 07:15:30+00:00,0.02825,0.0135,0.0465,0.02825
Parfetts - Birmingham,134.0,6.0,139.92,2025-05-21 07:30:30+00:00,0.03475,0.0135,0.05925,0.03475
Parfetts - Birmingham,134.0,6.0,139.92,2025-05-21 07:45:30+00:00,0.046,0.01825,0.0755,0.04575
Parfetts - Birmingham,134.0,6.0,139.92,2025-05-21 08:00:30+00:00,0.0595,0.02575,0.0895,0.059
Parfetts - Birmingham,134.0,6.0,139.92,2025-05-21 08:15:30+00:00,0.0665,0.03,0.10675,0.06575
Parfetts - Birmingham,134.0,6.0,139.92,2025-05-21 08:30:30+00:00,0.0795,0.027,0.13375,0.07725
Parfetts - Birmingham,134.0,6.0,139.92,2025-05-21 08:45:30+00:00,0.09375,0.03225,0.1675,0.09075
Parfetts - Birmingham,134.0,6.0,139.92,2025-05-21 09:00:30+00:00,0.12725,0.05425,0.1905,0.12075
Parfetts - Birmingham,134.0,6.0,139.92,2025-05-21 09:15:30+00:00,0.1685,0.094,0.202,0.1575
Parfetts - Birmingham,134.0,6.0,139.92,2025-05-21 09:30:30+00:00,0.18,0.1295,0.211,0.1675
Parfetts - Birmingham,134.0,6.0,139.92,2025-05-21 09:45:30+00:00,0.17825,0.1385,0.2165,0.1665
Parfetts - Birmingham,134.0,6.0,139.92,2025-05-21 10:00:30+00:00,0.1725,0.13425,0.22175,0.1625
Parfetts - Birmingham,134.0,6.0,139.92,2025-05-21 10:15:30+00:00,0.18675,0.10975,0.22725,0.1765
Parfetts - Birmingham,134.0,6.0,139.92,2025-05-21 10:30:30+00:00,0.1525,0.08725,0.227,0.1465
Parfetts - Birmingham,134.0,6.0,139.92,2025-05-21 10:45:30+00:00,0.133,0.0745,0.199,0.1285
Parfetts - Birmingham,134.0,6.0,139.92,2025-05-21 11:00:30+00:00,0.12325,0.0795,0.1745,0.1205
Parfetts - Birmingham,134.0,6.0,139.92,2025-05-21 11:15:30+00:00,0.12525,0.084,0.174,0.1225
Parfetts - Birmingham,134.0,6.0,139.92,2025-05-21 11:30:30+00:00,0.139,0.071,0.2055,0.13525
Parfetts - Birmingham,134.0,6.0,139.92,2025-05-21 11:45:30+00:00,0.1485,0.0335,0.2185,0.14475
Parfetts - Birmingham,134.0,6.0,139.92,2025-05-21 12:00:30+00:00,0.08775,0.0175,0.19775,0.08675
Parfetts - Birmingham,134.0,6.0,139.92,2025-05-21 12:15:30+00:00,0.045,0.017,0.147,0.045
Parfetts - Birmingham,134.0,6.0,139.92,2025-05-21 12:30:30+00:00,0.02325,0.01675,0.093,0.02325
Parfetts - Birmingham,134.0,6.0,139.92,2025-05-21 12:45:30+00:00,0.0155,0.01,0.06225,0.01575
Parfetts - Birmingham,134.0,6.0,139.92,2025-05-21 13:00:30+00:00,0.01775,0.0165,0.056,0.018
Parfetts - Birmingham,134.0,6.0,139.92,2025-05-21 13:15:30+00:00,0.02375,0.01625,0.0575,0.024
Parfetts - Birmingham,134.0,6.0,139.92,2025-05-21 13:30:30+00:00,0.032,0.01575,0.0655,0.03225
Parfetts - Birmingham,134.0,6.0,139.92,2025-05-21 13:45:30+00:00,0.026,0.0155,0.08475,0.02625
Parfetts - Birmingham,134.0,6.0,139.92,2025-05-21 14:00:30+00:00,0.02625,0.015,0.1055,0.0265
Parfetts - Birmingham,134.0,6.0,139.92,2025-05-21 14:15:30+00:00,0.062,0.0145,0.16125,0.06275
Parfetts - Birmingham,134.0,6.0,139.92,2025-05-21 14:30:30+00:00,0.13,0.028,0.1895,0.13225
Parfetts - Birmingham,134.0,6.0,139.92,2025-05-21 14:45:30+00:00,0.1415,0.074,0.18075,0.145
Parfetts - Birmingham,134.0,6.0,139.92,2025-05-21 15:00:30+00:00,0.14275,0.0955,0.171,0.1475
Parfetts - Birmingham,134.0,6.0,139.92,2025-05-21 15:15:30+00:00,0.133,0.10475,0.15325,0.13825
Parfetts - Birmingham,134.0,6.0,139.92,2025-05-21 15:30:30+00:00,0.1115,0.09925,0.13875,0.11625
Parfetts - Birmingham,134.0,6.0,139.92,2025-05-21 15:45:30+00:00,0.11125,0.0915,0.12575,0.1175
Parfetts - Birmingham,134.0,6.0,139.92,2025-05-21 16:00:30+00:00,0.10325,0.091,0.116,0.11
Parfetts - Birmingham,134.0,6.0,139.92,2025-05-21 16:15:30+00:00,0.09575,0.086,0.1055,0.10275
Parfetts - Birmingham,134.0,6.0,139.92,2025-05-21 16:30:30+00:00,0.088,0.0795,0.09625,0.09575
Parfetts - Birmingham,134.0,6.0,139.92,2025-05-21 16:45:30+00:00,0.0795,0.0715,0.08925,0.08775
Parfetts - Birmingham,134.0,6.0,139.92,2025-05-21 17:00:30+00:00,0.07325,0.06425,0.08125,0.08225
Parfetts - Birmingham,134.0,6.0,139.92,2025-05-21 17:15:30+00:00,0.0655,0.058,0.07275,0.075
Parfetts - Birmingham,134.0,6.0,139.92,2025-05-21 17:30:30+00:00,0.057,0.05,0.06325,0.06675
Parfetts - Birmingham,134.0,6.0,139.92,2025-05-21 17:45:30+00:00,0.0475,0.0415,0.054,0.05675
Parfetts - Birmingham,134.0,6.0,139.92,2025-05-21 18:00:30+00:00,0.039,0.0335,0.04575,0.0475
Parfetts - Birmingham,134.0,6.0,139.92,2025-05-21 18:15:30+00:00,0.03175,0.026,0.03675,0.04
Parfetts - Birmingham,134.0,6.0,139.92,2025-05-21 18:30:30+00:00,0.0245,0.01925,0.028,0.03175
Parfetts - Birmingham,134.0,6.0,139.92,2025-05-21 18:45:30+00:00,0.0175,0.01325,0.02025,0.024
Parfetts - Birmingham,134.0,6.0,139.92,2025-05-21 19:00:30+00:00,0.0115,0.00825,0.0135,0.0165
Parfetts - Birmingham,134.0,6.0,139.92,2025-05-21 19:15:30+00:00,0.007,0.005,0.00875,0.00975
Parfetts - Birmingham,134.0,6.0,139.92,2025-05-21 19:30:30+00:00,0.00425,0.003,0.00525,0.0045
Parfetts - Birmingham,134.0,6.0,139.92,2025-05-21 19:45:30+00:00,0.001,0.0005,0.00125,0.001
Parfetts - Birmingham,134.0,6.0,139.92,2025-05-21 20:00:30+00:00,0.0,0.0,0.0,0.0
Parfetts - Birmingham,134.0,6.0,139.92,2025-05-21 20:15:30+00:00,0.0,0.0,0.0,0.0
Parfetts - Birmingham,134.0,6.0,139.92,2025-05-21 20:30:30+00:00,0.0,0.0,0.0,0.0
Parfetts - Birmingham,134.0,6.0,139.92,2025-05-21 20:45:30+00:00,0.0,0.0,0.0,0.0
Parfetts - Birmingham,134.0,6.0,139.92,2025-05-21 21:00:30+00:00,0.0,0.0,0.0,0.0
Parfetts - Birmingham,134.0,6.0,139.92,2025-05-21 21:15:30+00:00,0.0,0.0,0.0,0.0
Parfetts - Birmingham,134.0,6.0,139.92,2025-05-21 21:30:30+00:00,0.0,0.0,0.0,0.0
Parfetts - Birmingham,134.0,6.0,139.92,2025-05-21 21:45:30+00:00,0.0,0.0,0.0,0.0
Parfetts - Birmingham,134.0,6.0,139.92,2025-05-21 22:00:30+00:00,0.0,0.0,0.0,0.0
Parfetts - Birmingham,134.0,6.0,139.92,2025-05-21 22:15:30+00:00,0.0,0.0,0.0,0.0
Parfetts - Birmingham,134.0,6.0,139.92,2025-05-21 22:30:30+00:00,0.0,0.0,0.0,0.0
Parfetts - Birmingham,134.0,6.0,139.92,2025-05-21 22:45:30+00:00,0.0,0.0,0.0,0.0
Parfetts - Birmingham,134.0,6.0,139.92,2025-05-21 23:00:30+00:00,0.0,0.0,0.0,0.0
Parfetts - Birmingham,134.0,6.0,139.92,2025-05-21 23:15:30+00:00,0.0,0.0,0.0,0.0
Parfetts - Birmingham,134.0,6.0,139.92,2025-05-21 23:30:30+00:00,0.0,0.0,0.0,0.0
Parfetts - Birmingham,134.0,6.0,139.92,2025-05-21 23:45:30+00:00,0.0,0.0,0.0,0.0
Parfetts - Birmingham,134.0,6.0,139.92,2025-05-22 00:00:30+00:00,0.0,0.0,0.0,0.0
Parfetts - Birmingham,134.0,6.0,139.92,2025-05-22 00:15:30+00:00,0.0,0.0,0.0,0.0
Parfetts - Birmingham,134.0,6.0,139.92,2025-05-22 00:30:30+00:00,0.0,0.0,0.0,0.0
Parfetts - Birmingham,134.0,6.0,139.92,2025-05-22 00:45:30+00:00,0.0,0.0,0.0,0.0
Parfetts - Birmingham,134.0,6.0,139.92,2025-05-22 01:00:30+00:00,0.0,0.0,0.0,0.0
Parfetts - Birmingham,134.0,6.0,139.92,2025-05-22 01:15:30+00:00,0.0,0.0,0.0,0.0
Parfetts - Birmingham,134.0,6.0,139.92,2025-05-22 01:30:30+00:00,0.0,0.0,0.0,0.0
Parfetts - Birmingham,134.0,6.0,139.92,2025-05-22 01:45:30+00:00,0.0,0.0,0.0,0.0
Parfetts - Birmingham,134.0,6.0,139.92,2025-05-22 02:00:30+00:00,0.0,0.0,0.0,0.0
Parfetts - Birmingham,134.0,6.0,139.92,2025-05-22 02:15:30+00:00,0.0,0.0,0.0,0.0
Parfetts - Birmingham,134.0,6.0,139.92,2025-05-22 02:30:30+00:00,0.0,0.0,0.0,0.0
Parfetts - Birmingham,134.0,6.0,139.92,2025-05-22 02:45:30+00:00,0.0,0.0,0.0,0.0
Parfetts - Birmingham,134.0,6.0,139.92,2025-05-22 03:00:30+00:00,0.0,0.0,0.0,0.0
Parfetts - Birmingham,134.0,6.0,139.92,2025-05-22 03:15:30+00:00,0.0,0.0,0.0,0.0
Parfetts - Birmingham,134.0,6.0,139.92,2025-05-22 03:30:30+00:00,0.0,0.0,0.0,0.0
Parfetts - Birmingham,134.0,6.0,139.92,2025-05-22 03:45:30+00:00,0.0,0.0,0.0,0.0
Parfetts - Birmingham,134.0,6.0,139.92,2025-05-22 04:00:30+00:00,0.0,0.0,0.00025,0.0
Parfetts - Birmingham,134.0,6.0,139.92,2025-05-22 04:15:30+00:00,0.0015,0.0005,0.003,0.0015
Parfetts - Birmingham,134.0,6.0,139.92,2025-05-22 04:30:30+00:00,0.00375,0.00125,0.00675,0.00375
Parfetts - Birmingham,134.0,6.0,139.92,2025-05-22 04:45:30+00:00,0.007,0.00275,0.01175,0.00725
Parfetts - Birmingham,134.0,6.0,139.92,2025-05-22 05:00:30+00:00,0.01075,0.0045,0.017,0.011
Parfetts - Birmingham,134.0,6.0,139.92,2025-05-22 05:15:30+00:00,0.014,0.007,0.02325,0.014
Parfetts - Birmingham,134.0,6.0,139.92,2025-05-22 05:30:30+00:00,0.02075,0.008,0.0285,0.02025
Parfetts - Birmingham,134.0,6.0,139.92,2025-05-22 05:45:30+00:00,0.01925,0.00875,0.032,0.019
Parfetts - Birmingham,134.0,6.0,139.92,2025-05-22 06:00:30+00:00,0.0215,0.0105,0.035,0.0215
Parfetts - Birmingham,134.0,6.0,139.92,2025-05-22 06:15:30+00:00,0.02775,0.01425,0.042,0.02775
Parfetts - Birmingham,134.0,6.0,139.92,2025-05-22 06:30:30+00:00,0.03475,0.0195,0.05075,0.0345
Parfetts - Birmingham,134.0,6.0,139.92,2025-05-22 06:45:30+00:00,0.0425,0.024,0.063,0.042
Parfetts - Birmingham,134.0,6.0,139.92,2025-05-22 07:00:30+00:00,0.0535,0.02775,0.07875,0.052
Parfetts - Birmingham,134.0,6.0,139.92,2025-05-22 07:15:30+00:00,0.06275,0.035,0.09525,0.0605
Parfetts - Birmingham,134.0,6.0,139.92,2025-05-22 07:30:30+00:00,0.0795,0.04875,0.1135,0.07575
Parfetts - Birmingham,134.0,6.0,139.92,2025-05-22 07:45:30+00:00,0.1015,0.0595,0.13575,0.09525
Parfetts - Birmingham,134.0,6.0,139.92,2025-05-22 08:00:30+00:00,0.10975,0.05575,0.14675,0.10325
Parfetts - Birmingham,134.0,6.0,139.92,2025-05-22 08:15:30+00:00,0.0905,0.03625,0.144,0.08625
Parfetts - Birmingham,134.0,6.0,139.92,2025-05-22 08:30:30+00:00,0.06875,0.0335,0.12725,0.06725
Parfetts - Birmingham,134.0,6.0,139.92,2025-05-22 08:45:30+00:00,0.0835,0.042,0.12175,0.08125
Parfetts - Birmingham,134.0,6.0,139.92,2025-05-22 09:00:30+00:00,0.09225,0.0505,0.1245,0.0895
Parfetts - Birmingham,134.0,6.0,139.92,2025-05-22 09:15:30+00:00,0.0855,0.037,0.13025,0.0835
Parfetts - Birmingham,134.0,6.0,139.92,2025-05-22 09:30:30+00:00,0.07175,0.01575,0.1275,0.071
Parfetts - Birmingham,134.0,6.0,139.92,2025-05-22 09:45:30+00:00,0.05775,0.01525,0.11425,0.0575
Parfetts - Birmingham,134.0,6.0,139.92,2025-05-22 10:00:30+00:00,0.04625,0.01575,0.094,0.04625
Parfetts - Birmingham,134.0,6.0,139.92,2025-05-22 10:15:30+00:00,0.039,0.016,0.078,0.039
Parfetts - Birmingham,134.0,6.0,139.92,2025-05-22 10:30:30+00:00,0.03975,0.0165,0.07425,0.04
Parfetts - Birmingham,134.0,6.0,139.92,2025-05-22 10:45:30+00:00,0.0515,0.02075,0.08025,0.05175
Parfetts - Birmingham,134.0,6.0,139.92,2025-05-22 11:00:30+00:00,0.05975,0.02475,0.08475,0.05975
Parfetts - Birmingham,134.0,6.0,139.92,2025-05-22 11:15:30+00:00,0.05225,0.02225,0.08425,0.05225
Parfetts - Birmingham,134.0,6.0,139.92,2025-05-22 11:30:30+00:00,0.04725,0.01725,0.0775,0.0475
Parfetts - Birmingham,134.0,6.0,139.92,2025-05-22 11:45:30+00:00,0.04225,0.0175,0.072,0.0425
Parfetts - Birmingham,134.0,6.0,139.92,2025-05-22 12:00:30+00:00,0.04,0.0175,0.07125,0.04025
Parfetts - Birmingham,134.0,6.0,139.92,2025-05-22 12:15:30+00:00,0.0445,0.01725,0.07925,0.0445
Parfetts - Birmingham,134.0,6.0,139.92,2025-05-22 12:30:30+00:00,0.0515,0.01725,0.08975,0.05175
Parfetts - Birmingham,134.0,6.0,139.92,2025-05-22 12:45:30+00:00,0.06025,0.02225,0.09925,0.0605
Parfetts - Birmingham,134.0,6.0,139.92,2025-05-22 13:00:30+00:00,0.06975,0.0285,0.10325,0.07
Parfetts - Birmingham,134.0,6.0,139.92,2025-05-22 13:15:30+00:00,0.06675,0.02875,0.112,0.067
Parfetts - Birmingham,134.0,6.0,139.92,2025-05-22 13:30:30+00:00,0.074,0.0255,0.12525,0.0745
Parfetts - Birmingham,134.0,6.0,139.92,2025-05-22 13:45:30+00:00,0.08425,0.033,0.141,0.085
Parfetts - Birmingham,134.0,6.0,139.92,2025-05-22 14:00:30+00:00,0.10175,0.043,0.15575,0.1025
Parfetts - Birmingham,134.0,6.0,139.92,2025-05-22 14:15:30+00:00,0.11075,0.0385,0.16425,0.112
Parfetts - Birmingham,134.0,6.0,139.92,2025-05-22 14:30:30+00:00,0.09075,0.03575,0.17925,0.092
Parfetts - Birmingham,134.0,6.0,139.92,2025-05-22 14:45:30+00:00,0.119,0.0435,0.1865,0.12175
Parfetts - Birmingham,134.0,6.0,139.92,2025-05-22 15:00:30+00:00,0.15,0.061,0.176,0.155
Parfetts - Birmingham,134.0,6.0,139.92,2025-05-22 15:15:30+00:00,0.13675,0.0565,0.1665,0.14225
Parfetts - Birmingham,134.0,6.0,139.92,2025-05-22 15:30:30+00:00,0.0985,0.031,0.15825,0.10225
Parfetts - Birmingham,134.0,6.0,139.92,2025-05-22 15:45:30+00:00,0.06375,0.02225,0.1435,0.0655
Parfetts - Birmingham,134.0,6.0,139.92,2025-05-22 16:00:30+00:00,0.08275,0.02425,0.13125,0.087
Parfetts - Birmingham,134.0,6.0,139.92,2025-05-22 16:15:30+00:00,0.08575,0.04225,0.12625,0.09125
Parfetts - Birmingham,134.0,6.0,139.92,2025-05-22 16:30:30+00:00,0.084,0.05125,0.11425,0.091
Parfetts - Birmingham,134.0,6.0,139.92,2025-05-22 16:45:30+00:00,0.08175,0.0605,0.10025,0.09025
Parfetts - Birmingham,134.0,6.0,139.92,2025-05-22 17:00:30+00:00,0.075,0.0585,0.0895,0.085
Parfetts - Birmingham,134.0,6.0,139.92,2025-05-22 17:15:30+00:00,0.066,0.04975,0.079,0.07625
Parfetts - Birmingham,134.0,6.0,139.92,2025-05-22 17:30:30+00:00,0.0535,0.03775,0.069,0.0615
Parfetts - Birmingham,134.0,6.0,139.92,2025-05-22 17:45:30+00:00,0.041,0.0295,0.057,0.04625
Parfetts - Birmingham,134.0,6.0,139.92,2025-05-22 18:00:30+00:00,0.0335,0.024,0.04625,0.0385
Parfetts - Birmingham,134.0,6.0,139.92,2025-05-22 18:15:30+00:00,0.029,0.02,0.03675,0.0355
Parfetts - Birmingham,134.0,6.0,139.92,2025-05-22 18:30:30+00:00,0.02325,0.016,0.02925,0.03025
Parfetts - Birmingham,134.0,6.0,139.92,2025-05-22 18:45:30+00:00,0.0165,0.01175,0.02225,0.022
Parfetts - Birmingham,134.0,6.0,139.92,2025-05-22 19:00:30+00:00,0.01125,0.00775,0.01525,0.0155
Parfetts - Birmingham,134.0,6.0,139.92,2025-05-22 19:15:30+00:00,0.0075,0.005,0.0105,0.00975
Parfetts - Birmingham,134.0,6.0,139.92,2025-05-22 19:30:30+00:00,0.0045,0.003,0.00625,0.00475
Parfetts - Birmingham,134.0,6.0,139.92,2025-05-22 19:45:30+00:00,0.001,0.00075,0.0015,0.001
Parfetts - Birmingham,134.0,6.0,139.92,2025-05-22 20:00:30+00:00,0.0,0.0,0.0,0.0
Parfetts - Birmingham,134.0,6.0,139.92,2025-05-22 20:15:30+00:00,0.0,0.0,0.0,0.0
Parfetts - Birmingham,134.0,6.0,139.92,2025-05-22 20:30:30+00:00,0.0,0.0,0.0,0.0
Parfetts - Birmingham,134.0,6.0,139.92,2025-05-22 20:45:30+00:00,0.0,0.0,0.0,0.0
Parfetts - Birmingham,134.0,6.0,139.92,2025-05-22 21:00:30+00:00,0.0,0.0,0.0,0.0
Parfetts - Birmingham,134.0,6.0,139.92,2025-05-22 21:15:30+00:00,0.0,0.0,0.0,0.0
Parfetts - Birmingham,134.0,6.0,139.92,2025-05-22 21:30:30+00:00,0.0,0.0,0.0,0.0
Parfetts - Birmingham,134.0,6.0,139.92,2025-05-22 21:45:30+00:00,0.0,0.0,0.0,0.0
Parfetts - Birmingham,134.0,6.0,139.92,2025-05-22 22:00:30+00:00,0.0,0.0,0.0,0.0
Parfetts - Birmingham,134.0,6.0,139.92,2025-05-22 22:15:30+00:00,0.0,0.0,0.0,0.0
Parfetts - Birmingham,134.0,6.0,139.92,2025-05-22 22:30:30+00:00,0.0,0.0,0.0,0.0
Parfetts - Birmingham,134.0,6.0,139.92,2025-05-22 22:45:30+00:00,0.0,0.0,0.0,0.0
Parfetts - Birmingham,134.0,6.0,139.92,2025-05-22 23:00:30+00:00,0.0,0.0,0.0,0.0
Parfetts - Birmingham,134.0,6.0,139.92,2025-05-22 23:15:30+00:00,0.0,0.0,0.0,0.0
Parfetts - Birmingham,134.0,6.0,139.92,2025-05-22 23:30:30+00:00,0.0,0.0,0.0,0.0
Parfetts - Birmingham,134.0,6.0,139.92,2025-05-22 23:45:30+00:00,0.0,0.0,0.0,0.0
Parfetts - Birmingham,134.0,6.0,139.92,2025-05-23 00:00:30+00:00,0.0,0.0,0.0,0.0
Parfetts - Birmingham,134.0,6.0,139.92,2025-05-23 00:15:30+00:00,0.0,0.0,0.0,0.0
Parfetts - Birmingham,134.0,6.0,139.92,2025-05-23 00:30:30+00:00,0.0,0.0,0.0,0.0
Parfetts - Birmingham,134.0,6.0,139.92,2025-05-23 00:45:30+00:00,0.0,0.0,0.0,0.0
Parfetts - Birmingham,134.0,6.0,139.92,2025-05-23 01:00:30+00:00,0.0,0.0,0.0,0.0
Parfetts - Birmingham,134.0,6.0,139.92,2025-05-23 01:15:30+00:00,0.0,0.0,0.0,0.0
Parfetts - Birmingham,134.0,6.0,139.92,2025-05-23 01:30:30+00:00,0.0,0.0,0.0,0.0
Parfetts - Birmingham,134.0,6.0,139.92,2025-05-23 01:45:30+00:00,0.0,0.0,0.0,0.0
Parfetts - Birmingham,134.0,6.0,139.92,2025-05-23 02:00:30+00:00,0.0,0.0,0.0,0.0
Parfetts - Birmingham,134.0,6.0,139.92,2025-05-23 02:15:30+00:00,0.0,0.0,0.0,0.0
Parfetts - Birmingham,134.0,6.0,139.92,2025-05-23 02:30:30+00:00,0.0,0.0,0.0,0.0
Parfetts - Birmingham,134.0,6.0,139.92,2025-05-23 02:45:30+00:00,0.0,0.0,0.0,0.0
Parfetts - Birmingham,134.0,6.0,139.92,2025-05-23 03:00:30+00:00,0.0,0.0,0.0,0.0
Parfetts - Birmingham,134.0,6.0,139.92,2025-05-23 03:15:30+00:00,0.0,0.0,0.0,0.0
Parfetts - Birmingham,134.0,6.0,139.92,2025-05-23 03:30:30+00:00,0.0,0.0,0.0,0.0
Parfetts - Birmingham,134.0,6.0,139.92,2025-05-23 03:45:30+00:00,0.0,0.0,0.0,0.0
Parfetts - Birmingham,134.0,6.0,139.92,2025-05-23 04:00:30+00:00,0.00025,0.00025,0.0005,0.00025
Parfetts - Birmingham,134.0,6.0,139.92,2025-05-23 04:15:30+00:00,0.00175,0.0005,0.00375,0.00175
Parfetts - Birmingham,134.0,6.0,139.92,2025-05-23 04:30:30+00:00,0.00425,0.0015,0.0085,0.00425
Parfetts - Birmingham,134.0,6.0,139.92,2025-05-23 04:45:30+00:00,0.009,0.00375,0.0165,0.009
Parfetts - Birmingham,134.0,6.0,139.92,2025-05-23 05:00:30+00:00,0.01775,0.0075,0.0255,0.0165
Parfetts - Birmingham,134.0,6.0,139.92,2025-05-23 05:15:30+00:00,0.022,0.01425,0.0345,0.02075
Parfetts - Birmingham,134.0,6.0,139.92,2025-05-23 05:30:30+00:00,0.03375,0.02,0.0415,0.03125
Parfetts - Birmingham,134.0,6.0,139.92,2025-05-23 05:45:30+00:00,0.0355,0.0275,0.0495,0.03325
Parfetts - Birmingham,134.0,6.0,139.92,2025-05-23 06:00:30+00:00,0.04725,0.033,0.061,0.04375
Parfetts - Birmingham,134.0,6.0,139.92,2025-05-23 06:15:30+00:00,0.05775,0.04,0.0735,0.0535
Parfetts - Birmingham,134.0,6.0,139.92,2025-05-23 06:30:30+00:00,0.065,0.0495,0.088,0.0605
Parfetts - Birmingham,134.0,6.0,139.92,2025-05-23 06:45:30+00:00,0.085,0.0635,0.1035,0.0775
Parfetts - Birmingham,134.0,6.0,139.92,2025-05-23 07:00:30+00:00,0.10225,0.08225,0.11675,0.092
Parfetts - Birmingham,134.0,6.0,139.92,2025-05-23 07:15:30+00:00,0.11225,0.097,0.128,0.10125
Parfetts - Birmingham,134.0,6.0,139.92,2025-05-23 07:30:30+00:00,0.123,0.10825,0.1355,0.11125
Parfetts - Birmingham,134.0,6.0,139.92,2025-05-23 07:45:30+00:00,0.13,0.10925,0.148,0.118
Parfetts - Birmingham,134.0,6.0,139.92,2025-05-23 08:00:30+00:00,0.13225,0.105,0.15975,0.12075
Parfetts - Birmingham,134.0,6.0,139.92,2025-05-23 08:15:30+00:00,0.1355,0.09925,0.16525,0.12525
Parfetts - Birmingham,134.0,6.0,139.92,2025-05-23 08:30:30+00:00,0.129,0.09675,0.163,0.12025
Parfetts - Birmingham,134.0,6.0,139.92,2025-05-23 08:45:30+00:00,0.124,0.1005,0.15675,0.11725
Parfetts - Birmingham,134.0,6.0,139.92,2025-05-23 09:00:30+00:00,0.134,0.10925,0.16025,0.127
Parfetts - Birmingham,134.0,6.0,139.92,2025-05-23 09:15:30+00:00,0.14725,0.125,0.17025,0.13825
Parfetts - Birmingham,134.0,6.0,139.92,2025-05-23 09:30:30+00:00,0.1605,0.1335,0.1775,0.15075
Parfetts - Birmingham,134.0,6.0,139.92,2025-05-23 09:45:30+00:00,0.158,0.13875,0.18575,0.149
Parfetts - Birmingham,134.0,6.0,139.92,2025-05-23 10:00:30+00:00,0.1685,0.1425,0.19625,0.159
Parfetts - Birmingham,134.0,6.0,139.92,2025-05-23 10:15:30+00:00,0.182,0.15375,0.21025,0.17125
Parfetts - Birmingham,134.0,6.0,139.92,2025-05-23 10:30:30+00:00,0.194,0.1655,0.21775,0.18275
Parfetts - Birmingham,134.0,6.0,139.92,2025-05-23 10:45:30+00:00,0.198,0.173,0.2195,0.187
Parfetts - Birmingham,134.0,6.0,139.92,2025-05-23 11:00:30+00:00,0.19625,0.17825,0.22275,0.18625
Parfetts - Birmingham,134.0,6.0,139.92,2025-05-23 11:15:30+00:00,0.20725,0.1835,0.22825,0.19725
Parfetts - Birmingham,134.0,6.0,139.92,2025-05-23 11:30:30+00:00,0.214,0.1875,0.23225,0.204
Parfetts - Birmingham,134.0,6.0,139.92,2025-05-23 11:45:30+00:00,0.207,0.1855,0.23,0.19875
Parfetts - Birmingham,134.0,6.0,139.92,2025-05-23 12:00:30+00:00,0.2025,0.1825,0.222,0.1955
Parfetts - Birmingham,134.0,6.0,139.92,2025-05-23 12:15:30+00:00,0.197,0.182,0.215,0.19075
Parfetts - Birmingham,134.0,6.0,139.92,2025-05-23 12:30:30+00:00,0.19575,0.1825,0.21025,0.1905
Parfetts - Birmingham,134.0,6.0,139.92,2025-05-23 12:45:30+00:00,0.19575,0.18025,0.207,0.19175
Parfetts - Birmingham,134.0,6.0,139.92,2025-05-23 13:00:30+00:00,0.18925,0.175,0.203,0.186
Parfetts - Birmingham,134.0,6.0,139.92,2025-05-23 13:15:30+00:00,0.18175,0.1705,0.198,0.17975
Parfetts - Birmingham,134.0,6.0,139.92,2025-05-23 13:30:30+00:00,0.18175,0.16675,0.19375,0.18075
Parfetts - Birmingham,134.0,6.0,139.92,2025-05-23 13:45:30+00:00,0.17675,0.15775,0.19125,0.17675
Parfetts - Birmingham,134.0,6.0,139.92,2025-05-23 14:00:30+00:00,0.16475,0.1475,0.187,0.16575
Parfetts - Birmingham,134.0,6.0,139.92,2025-05-23 14:15:30+00:00,0.1595,0.13475,0.1765,0.1615
Parfetts - Birmingham,134.0,6.0,139.92,2025-05-23 14:30:30+00:00,0.1425,0.1285,0.16525,0.145
Parfetts - Birmingham,134.0,6.0,139.92,2025-05-23 14:45:30+00:00,0.13825,0.12175,0.158,0.14175
Parfetts - Birmingham,134.0,6.0,139.92,2025-05-23 15:00:30+00:00,0.1385,0.1135,0.15725,0.14325
Parfetts - Birmingham,134.0,6.0,139.92,2025-05-23 15:15:30+00:00,0.12925,0.10025,0.151,0.1345
Parfetts - Birmingham,134.0,6.0,139.92,2025-05-23 15:30:30+00:00,0.10925,0.084,0.1395,0.11375
Parfetts - Birmingham,134.0,6.0,139.92,2025-05-23 15:45:30+00:00,0.09575,0.07625,0.13075,0.1
Parfetts - Birmingham,134.0,6.0,139.92,2025-05-23 16:00:30+00:00,0.1035,0.07375,0.12625,0.11025
Parfetts - Birmingham,134.0,6.0,139.92,2025-05-23 16:15:30+00:00,0.10075,0.0745,0.12175,0.10875
Parfetts - Birmingham,134.0,6.0,139.92,2025-05-23 16:30:30+00:00,0.091,0.06675,0.111,0.09925
Parfetts - Birmingham,134.0,6.0,139.92,2025-05-23 16:45:30+00:00,0.08025,0.052,0.10075,0.08825
Parfetts - Birmingham,134.0,6.0,139.92,2025-05-23 17:00:30+00:00,0.0615,0.035,0.09225,0.06675
Parfetts - Birmingham,134.0,6.0,139.92,2025-05-23 17:15:30+00:00,0.05,0.02025,0.081,0.05375
Parfetts - Birmingham,134.0,6.0,139.92,2025-05-23 17:30:30+00:00,0.0395,0.0115,0.06725,0.042
Parfetts - Birmingham,134.0,6.0,139.92,2025-05-23 17:45:30+00:00,0.02875,0.00575,0.05175,0.03
Parfetts - Birmingham,134.0,6.0,139.92,2025-05-23 18:00:30+00:00,0.01725,0.00425,0.039,0.01775
Parfetts - Birmingham,134.0,6.0,139.92,2025-05-23 18:15:30+00:00,0.0165,0.0035,0.0305,0.017
Parfetts - Birmingham,134.0,6.0,139.92,2025-05-23 18:30:30+00:00,0.01475,0.004,0.02725,0.01525
Parfetts - Birmingham,134.0,6.0,139.92,2025-05-23 18:45:30+00:00,0.014,0.00425,0.0215,0.0155
Parfetts - Birmingham,134.0,6.0,139.92,2025-05-23 19:00:30+00:00,0.01075,0.004,0.01625,0.01175
Parfetts - Birmingham,134.0,6.0,139.92,2025-05-23 19:15:30+00:00,0.00575,0.002,0.011,0.00575
Parfetts - Birmingham,134.0,6.0,139.92,2025-05-23 19:30:30+00:00,0.0025,0.0005,0.0055,0.0025
Parfetts - Birmingham,134.0,6.0,139.92,2025-05-23 19:45:30+00:00,0.00075,0.00025,0.00175,0.00075
Parfetts - Birmingham,134.0,6.0,139.92,2025-05-23 20:00:30+00:00,0.0,0.0,0.00025,0.0
Parfetts - Birmingham,134.0,6.0,139.92,2025-05-23 20:15:30+00:00,0.0,0.0,0.0,0.0
Parfetts - Birmingham,134.0,6.0,139.92,2025-05-23 20:30:30+00:00,0.0,0.0,0.0,0.0
Parfetts - Birmingham,134.0,6.0,139.92,2025-05-23 20:45:30+00:00,0.0,0.0,0.0,0.0
Parfetts - Birmingham,134.0,6.0,139.92,2025-05-23 21:00:30+00:00,0.0,0.0,0.0,0.0
Parfetts - Birmingham,134.0,6.0,139.92,2025-05-23 21:15:30+00:00,0.0,0.0,0.0,0.0
Parfetts - Birmingham,134.0,6.0,139.92,2025-05-23 21:30:30+00:00,0.0,0.0,0.0,0.0
Parfetts - Birmingham,134.0,6.0,139.92,2025-05-23 21:45:30+00:00,0.0,0.0,0.0,0.0
Parfetts - Birmingham,134.0,6.0,139.92,2025-05-23 22:00:30+00:00,0.0,0.0,0.0,0.0
Parfetts - Birmingham,134.0,6.0,139.92,2025-05-23 22:15:30+00:00,0.0,0.0,0.0,0.0
Parfetts - Birmingham,134.0,6.0,139.92,2025-05-23 22:30:30+00:00,0.0,0.0,0.0,0.0
Parfetts - Birmingham,134.0,6.0,139.92,2025-05-23 22:45:30+00:00,0.0,0.0,0.0,0.0
Parfetts - Birmingham,134.0,6.0,139.92,2025-05-23 23:00:30+00:00,0.0,0.0,0.0,0.0
Parfetts - Birmingham,134.0,6.0,139.92,2025-05-23 23:15:30+00:00,0.0,0.0,0.0,0.0
Parfetts - Birmingham,134.0,6.0,139.92,2025-05-23 23:30:30+00:00,0.0,0.0,0.0,0.0
Parfetts - Birmingham,134.0,6.0,139.92,2025-05-23 23:45:30+00:00,0.0,0.0,0.0,0.0
Parfetts - Birmingham,134.0,6.0,139.92,2025-05-24 00:00:30+00:00,0.0,0.0,0.0,0.0
Parfetts - Birmingham,134.0,6.0,139.92,2025-05-24 00:15:30+00:00,0.0,0.0,0.0,0.0
Parfetts - Birmingham,134.0,6.0,139.92,2025-05-24 00:30:30+00:00,0.0,0.0,0.0,0.0
Parfetts - Birmingham,134.0,6.0,139.92,2025-05-24 00:45:30+00:00,0.0,0.0,0.0,0.0
Parfetts - Birmingham,134.0,6.0,139.92,2025-05-24 01:00:30+00:00,0.0,0.0,0.0,0.0
Parfetts - Birmingham,134.0,6.0,139.92,2025-05-24 01:15:30+00:00,0.0,0.0,0.0,0.0
Parfetts - Birmingham,134.0,6.0,139.92,2025-05-24 01:30:30+00:00,0.0,0.0,0.0,0.0
Parfetts - Birmingham,134.0,6.0,139.92,2025-05-24 01:45:30+00:00,0.0,0.0,0.0,0.0
Parfetts - Birmingham,134.0,6.0,139.92,2025-05-24 02:00:30+00:00,0.0,0.0,0.0,0.0
Parfetts - Birmingham,134.0,6.0,139.92,2025-05-24 02:15:30+00:00,0.0,0.0,0.0,0.0
Parfetts - Birmingham,134.0,6.0,139.92,2025-05-24 02:30:30+00:00,0.0,0.0,0.0,0.0
Parfetts - Birmingham,134.0,6.0,139.92,2025-05-24 02:45:30+00:00,0.0,0.0,0.0,0.0
Parfetts - Birmingham,134.0,6.0,139.92,2025-05-24 03:00:30+00:00,0.0,0.0,0.0,0.0
Parfetts - Birmingham,134.0,6.0,139.92,2025-05-24 03:15:30+00:00,0.0,0.0,0.0,0.0
Parfetts - Birmingham,134.0,6.0,139.92,2025-05-24 03:30:30+00:00,0.0,0.0,0.0,0.0
Parfetts - Birmingham,134.0,6.0,139.92,2025-05-24 03:45:30+00:00,0.0,0.0,0.0,0.0
Parfetts - Birmingham,134.0,6.0,139.92,2025-05-24 04:00:30+00:00,0.00025,0.00025,0.0005,0.00025
Parfetts - Birmingham,134.0,6.0,139.92,2025-05-24 04:15:30+00:00,0.00175,0.0005,0.00375,0.00175
Parfetts - Birmingham,134.0,6.0,139.92,2025-05-24 04:30:30+00:00,0.00425,0.001,0.0085,0.0045
Parfetts - Birmingham,134.0,6.0,139.92,2025-05-24 04:45:30+00:00,0.008,0.0015,0.01275,0.008
Parfetts - Birmingham,134.0,6.0,139.92,2025-05-24 05:00:30+00:00,0.007,0.00175,0.0165,0.007
Parfetts - Birmingham,134.0,6.0,139.92,2025-05-24 05:15:30+00:00,0.0075,0.0025,0.02175,0.0075
Parfetts - Birmingham,134.0,6.0,139.92,2025-05-24 05:30:30+00:00,0.01875,0.00375,0.02975,0.0185
Parfetts - Birmingham,134.0,6.0,139.92,2025-05-24 05:45:30+00:00,0.023,0.0075,0.03375,0.02275
Parfetts - Birmingham,134.0,6.0,139.92,2025-05-24 06:00:30+00:00,0.0195,0.01,0.03625,0.01975
Parfetts - Birmingham,134.0,6.0,139.92,2025-05-24 06:15:30+00:00,0.02675,0.0145,0.039,0.02675
Parfetts - Birmingham,134.0,6.0,139.92,2025-05-24 06:30:30+00:00,0.03375,0.018,0.04325,0.0335
Parfetts - Birmingham,134.0,6.0,139.92,2025-05-24 06:45:30+00:00,0.031,0.01825,0.0465,0.03075
Parfetts - Birmingham,134.0,6.0,139.92,2025-05-24 07:00:30+00:00,0.0325,0.019,0.04925,0.0325
Parfetts - Birmingham,134.0,6.0,139.92,2025-05-24 07:15:30+00:00,0.03925,0.019,0.0515,0.039
Parfetts - Birmingham,134.0,6.0,139.92,2025-05-24 07:30:30+00:00,0.034,0.019,0.053,0.034
Parfetts - Birmingham,134.0,6.0,139.92,2025-05-24 07:45:30+00:00,0.035,0.01875,0.05225,0.035
Parfetts - Birmingham,134.0,6.0,139.92,2025-05-24 08:00:30+00:00,0.0375,0.0175,0.05525,0.0375
Parfetts - Birmingham,134.0,6.0,139.92,2025-05-24 08:15:30+00:00,0.03625,0.018,0.059,0.0365
Parfetts - Birmingham,134.0,6.0,139.92,2025-05-24 08:30:30+00:00,0.04125,0.021,0.07,0.0415
Parfetts - Birmingham,134.0,6.0,139.92,2025-05-24 08:45:30+00:00,0.0585,0.02925,0.07925,0.058
Parfetts - Birmingham,134.0,6.0,139.92,2025-05-24 09:00:30+00:00,0.0625,0.039,0.08475,0.062
Parfetts - Birmingham,134.0,6.0,139.92,2025-05-24 09:15:30+00:00,0.0645,0.041,0.08325,0.064
Parfetts - Birmingham,134.0,6.0,139.92,2025-05-24 09:30:30+00:00,0.05875,0.04025,0.08225,0.0585
Parfetts - Birmingham,134.0,6.0,139.92,2025-05-24 09:45:30+00:00,0.06,0.0345,0.086,0.05975
Parfetts - Birmingham,134.0,6.0,139.92,2025-05-24 10:00:30+00:00,0.06125,0.03325,0.09975,0.061
Parfetts - Birmingham,134.0,6.0,139.92,2025-05-24 10:15:30+00:00,0.07825,0.03675,0.1165,0.07775
Parfetts - Birmingham,134.0,6.0,139.92,2025-05-24 10:30:30+00:00,0.08975,0.0495,0.131,0.089
Parfetts - Birmingham,134.0,6.0,139.92,2025-05-24 10:45:30+00:00,0.1035,0.05925,0.13775,0.1015
Parfetts - Birmingham,134.0,6.0,139.92,2025-05-24 11:00:30+00:00,0.1005,0.0565,0.13125,0.09875
Parfetts - Birmingham,134.0,6.0,139.92,2025-05-24 11:15:30+00:00,0.0765,0.047,0.14175,0.07625
Parfetts - Birmingham,134.0,6.0,139.92,2025-05-24 11:30:30+00:00,0.108,0.02875,0.14925,0.10625
Parfetts - Birmingham,134.0,6.0,139.92,2025-05-24 11:45:30+00:00,0.08,0.01725,0.15025,0.0795
Parfetts - Birmingham,134.0,6.0,139.92,2025-05-24 12:00:30+00:00,0.04725,0.017,0.12125,0.04725
Parfetts - Birmingham,134.0,6.0,139.92,2025-05-24 12:15:30+00:00,0.04075,0.017,0.11375,0.041
Parfetts - Birmingham,134.0,6.0,139.92,2025-05-24 12:30:30+00:00,0.0755,0.017,0.127,0.0755
Parfetts - Birmingham,134.0,6.0,139.92,2025-05-24 12:45:30+00:00,0.0795,0.01675,0.14775,0.07975
Parfetts - Birmingham,134.0,6.0,139.92,2025-05-24 13:00:30+00:00,0.0855,0.0225,0.161,0.08575
Parfetts - Birmingham,134.0,6.0,139.92,2025-05-24 13:15:30+00:00,0.10975,0.04775,0.1695,0.10975
Parfetts - Birmingham,134.0,6.0,139.92,2025-05-24 13:30:30+00:00,0.12975,0.07,0.16625,0.1295
Parfetts - Birmingham,134.0,6.0,139.92,2025-05-24 13:45:30+00:00,0.11325,0.07775,0.1515,0.11375
Parfetts - Birmingham,134.0,6.0,139.92,2025-05-24 14:00:30+00:00,0.101,0.0785,0.13625,0.10175
Parfetts - Birmingham,134.0,6.0,139.92,2025-05-24 14:15:30+00:00,0.10725,0.078,0.135,0.1085
Parfetts - Birmingham,134.0,6.0,139.92,2025-05-24 14:30:30+00:00,0.1105,0.0625,0.13975,0.11225
Parfetts - Birmingham,134.0,6.0,139.92,2025-05-24 14:45:30+00:00,0.08525,0.0415,0.14925,0.08675
Parfetts - Birmingham,134.0,6.0,139.92,2025-05-24 15:00:30+00:00,0.08925,0.01775,0.1385,0.091
Parfetts - Birmingham,134.0,6.0,139.92,2025-05-24 15:15:30+00:00,0.04775,0.01225,0.11975,0.0485
Parfetts - Birmingham,134.0,6.0,139.92,2025-05-24 15:30:30+00:00,0.029,0.01175,0.0865,0.02925
Parfetts - Birmingham,134.0,6.0,139.92,2025-05-24 15:45:30+00:00,0.04,0.011,0.0715,0.0405
Parfetts - Birmingham,134.0,6.0,139.92,2025-05-24 16:00:30+00:00,0.04175,0.017,0.06075,0.04225
Parfetts - Birmingham,134.0,6.0,139.92,2025-05-24 16:15:30+00:00,0.03525,0.01525,0.05525,0.03575
Parfetts - Birmingham,134.0,6.0,139.92,2025-05-24 16:30:30+00:00,0.02825,0.00875,0.04775,0.02875
Parfetts - Birmingham,134.0,6.0,139.92,2025-05-24 16:45:30+00:00,0.021,0.008,0.0415,0.02125
Parfetts - Birmingham,134.0,6.0,139.92,2025-05-24 17:00:30+00:00,0.01975,0.00725,0.03375,0.02
Parfetts - Birmingham,134.0,6.0,139.92,2025-05-24 17:15:30+00:00,0.0115,0.0065,0.02725,0.01175
Parfetts - Birmingham,134.0,6.0,139.92,2025-05-24 17:30:30+00:00,0.00975,0.00575,0.0235,0.00975
Parfetts - Birmingham,134.0,6.0,139.92,2025-05-24 17:45:30+00:00,0.00825,0.005,0.0225,0.00825
Parfetts - Birmingham,134.0,6.0,139.92,2025-05-24 18:00:30+00:00,0.006,0.00425,0.02425,0.006
Parfetts - Birmingham,134.0,6.0,139.92,2025-05-24 18:15:30+00:00,0.014,0.0035,0.02325,0.01425
Parfetts - Birmingham,134.0,6.0,139.92,2025-05-24 18:30:30+00:00,0.0065,0.00275,0.02325,0.0065
Parfetts - Birmingham,134.0,6.0,139.92,2025-05-24 18:45:30+00:00,0.0055,0.00225,0.021,0.0055
Parfetts - Birmingham,134.0,6.0,139.92,2025-05-24 19:00:30+00:00,0.009,0.00175,0.01775,0.0095
Parfetts - Birmingham,134.0,6.0,139.92,2025-05-24 19:15:30+00:00,0.00775,0.0015,0.01275,0.0085
Parfetts - Birmingham,134.0,6.0,139.92,2025-05-24 19:30:30+00:00,0.0045,0.00125,0.00725,0.0045
Parfetts - Birmingham,134.0,6.0,139.92,2025-05-24 19:45:30+00:00,0.00125,0.00075,0.002,0.00125
Parfetts - Birmingham,134.0,6.0,139.92,2025-05-24 20:00:30+00:00,0.00025,0.0,0.00025,0.00025
Parfetts - Birmingham,134.0,6.0,139.92,2025-05-24 20:15:30+00:00,0.0,0.0,0.0,0.0
Parfetts - Birmingham,134.0,6.0,139.92,2025-05-24 20:30:30+00:00,0.0,0.0,0.0,0.0
Parfetts - Birmingham,134.0,6.0,139.92,2025-05-24 20:45:30+00:00,0.0,0.0,0.0,0.0
Parfetts - Birmingham,134.0,6.0,139.92,2025-05-24 21:00:30+00:00,0.0,0.0,0.0,0.0
Parfetts - Birmingham,134.0,6.0,139.92,2025-05-24 21:15:30+00:00,0.0,0.0,0.0,0.0
Parfetts - Birmingham,134.0,6.0,139.92,2025-05-24 21:30:30+00:00,0.0,0.0,0.0,0.0
Parfetts - Birmingham,134.0,6.0,139.92,2025-05-24 21:45:30+00:00,0.0,0.0,0.0,0.0
Parfetts - Birmingham,134.0,6.0,139.92,2025-05-24 22:00:30+00:00,0.0,0.0,0.0,0.0
Parfetts - Birmingham,134.0,6.0,139.92,2025-05-24 22:15:30+00:00,0.0,0.0,0.0,0.0
Parfetts - Birmingham,134.0,6.0,139.92,2025-05-24 22:30:30+00:00,0.0,0.0,0.0,0.0
Parfetts - Birmingham,134.0,6.0,139.92,2025-05-24 22:45:30+00:00,0.0,0.0,0.0,0.0
Parfetts - Birmingham,134.0,6.0,139.92,2025-05-24 23:00:30+00:00,0.0,0.0,0.0,0.0
Parfetts - Birmingham,134.0,6.0,139.92,2025-05-24 23:15:30+00:00,0.0,0.0,0.0,0.0
Parfetts - Birmingham,134.0,6.0,139.92,2025-05-24 23:30:30+00:00,0.0,0.0,0.0,0.0
Parfetts - Birmingham,134.0,6.0,139.92,2025-05-24 23:45:30+00:00,0.0,0.0,0.0,0.0
Parfetts - Birmingham,134.0,6.0,139.92,2025-05-25 00:00:30+00:00,0.0,0.0,0.0,0.0
Parfetts - Birmingham,134.0,6.0,139.92,2025-05-25 00:15:30+00:00,0.0,0.0,0.0,0.0
Parfetts - Birmingham,134.0,6.0,139.92,2025-05-25 00:30:30+00:00,0.0,0.0,0.0,0.0
Parfetts - Birmingham,134.0,6.0,139.92,2025-05-25 00:45:30+00:00,0.0,0.0,0.0,0.0
Parfetts - Birmingham,134.0,6.0,139.92,2025-05-25 01:00:30+00:00,0.0,0.0,0.0,0.0
Parfetts - Birmingham,134.0,6.0,139.92,2025-05-25 01:15:30+00:00,0.0,0.0,0.0,0.0
Parfetts - Birmingham,134.0,6.0,139.92,2025-05-25 01:30:30+00:00,0.0,0.0,0.0,0.0
Parfetts - Birmingham,134.0,6.0,139.92,2025-05-25 01:45:30+00:00,0.0,0.0,0.0,0.0
Parfetts - Birmingham,134.0,6.0,139.92,2025-05-25 02:00:30+00:00,0.0,0.0,0.0,0.0
Parfetts - Birmingham,134.0,6.0,139.92,2025-05-25 02:15:30+00:00,0.0,0.0,0.0,0.0
Parfetts - Birmingham,134.0,6.0,139.92,2025-05-25 02:30:30+00:00,0.0,0.0,0.0,0.0
Parfetts - Birmingham,134.0,6.0,139.92,2025-05-25 02:45:30+00:00,0.0,0.0,0.0,0.0
Parfetts - Birmingham,134.0,6.0,139.92,2025-05-25 03:00:30+00:00,0.0,0.0,0.0,0.0
Parfetts - Birmingham,134.0,6.0,139.92,2025-05-25 03:15:30+00:00,0.0,0.0,0.0,0.0
Parfetts - Birmingham,134.0,6.0,139.92,2025-05-25 03:30:30+00:00,0.0,0.0,0.0,0.0
Parfetts - Birmingham,134.0,6.0,139.92,2025-05-25 03:45:30+00:00,0.0,0.0,0.0,0.0
Parfetts - Birmingham,134.0,6.0,139.92,2025-05-25 04:00:30+00:00,0.0,0.0,0.0005,0.0
Parfetts - Birmingham,134.0,6.0,139.92,2025-05-25 04:15:30+00:00,0.0005,0.0005,0.0025,0.0005
Parfetts - Birmingham,134.0,6.0,139.92,2025-05-25 04:30:30+00:00,0.0015,0.00075,0.0055,0.0015
Parfetts - Birmingham,134.0,6.0,139.92,2025-05-25 04:45:30+00:00,0.003,0.0015,0.0115,0.003
Parfetts - Birmingham,134.0,6.0,139.92,2025-05-25 05:00:30+00:00,0.0105,0.002,0.019,0.0105
Parfetts - Birmingham,134.0,6.0,139.92,2025-05-25 05:15:30+00:00,0.01375,0.00325,0.024,0.0135
Parfetts - Birmingham,134.0,6.0,139.92,2025-05-25 05:30:30+00:00,0.01625,0.006,0.02675,0.01625
Parfetts - Birmingham,134.0,6.0,139.92,2025-05-25 05:45:30+00:00,0.019,0.0105,0.03075,0.019
Parfetts - Birmingham,134.0,6.0,139.92,2025-05-25 06:00:30+00:00,0.027,0.01125,0.0365,0.02675
Parfetts - Birmingham,134.0,6.0,139.92,2025-05-25 06:15:30+00:00,0.02525,0.014,0.04525,0.025
Parfetts - Birmingham,134.0,6.0,139.92,2025-05-25 06:30:30+00:00,0.03725,0.01025,0.04975,0.0365
Parfetts - Birmingham,134.0,6.0,139.92,2025-05-25 06:45:30+00:00,0.026,0.00725,0.05975,0.026
Parfetts - Birmingham,134.0,6.0,139.92,2025-05-25 07:00:30+00:00,0.02475,0.008,0.0735,0.025
Parfetts - Birmingham,134.0,6.0,139.92,2025-05-25 07:15:30+00:00,0.046,0.00925,0.113,0.04525
Parfetts - Birmingham,134.0,6.0,139.92,2025-05-25 07:30:30+00:00,0.10875,0.03675,0.143,0.10025
Parfetts - Birmingham,134.0,6.0,139.92,2025-05-25 07:45:30+00:00,0.1435,0.08025,0.15675,0.12975
Parfetts - Birmingham,134.0,6.0,139.92,2025-05-25 08:00:30+00:00,0.15125,0.0915,0.1685,0.13625
Parfetts - Birmingham,134.0,6.0,139.92,2025-05-25 08:15:30+00:00,0.158,0.09,0.17825,0.14325
Parfetts - Birmingham,134.0,6.0,139.92,2025-05-25 08:30:30+00:00,0.15,0.047,0.18425,0.13925
Parfetts - Birmingham,134.0,6.0,139.92,2025-05-25 08:45:30+00:00,0.077,0.0435,0.18775,0.07375
Parfetts - Birmingham,134.0,6.0,139.92,2025-05-25 09:00:30+00:00,0.15775,0.03975,0.20125,0.1475
Parfetts - Birmingham,134.0,6.0,139.92,2025-05-25 09:15:30+00:00,0.1415,0.07575,0.20675,0.13425
Parfetts - Birmingham,134.0,6.0,139.92,2025-05-25 09:30:30+00:00,0.142,0.082,0.214,0.13525
Parfetts - Birmingham,134.0,6.0,139.92,2025-05-25 09:45:30+00:00,0.18325,0.0875,0.22525,0.17125
Parfetts - Birmingham,134.0,6.0,139.92,2025-05-25 10:00:30+00:00,0.16525,0.051,0.22925,0.156
Parfetts - Birmingham,134.0,6.0,139.92,2025-05-25 10:15:30+00:00,0.09925,0.01975,0.21225,0.096
Parfetts - Birmingham,134.0,6.0,139.92,2025-05-25 10:30:30+00:00,0.069,0.01675,0.21875,0.068
Parfetts - Birmingham,134.0,6.0,139.92,2025-05-25 10:45:30+00:00,0.191,0.0515,0.2425,0.182
Parfetts - Birmingham,134.0,6.0,139.92,2025-05-25 11:00:30+00:00,0.21225,0.08275,0.24625,0.20175
Parfetts - Birmingham,134.0,6.0,139.92,2025-05-25 11:15:30+00:00,0.144,0.069,0.24425,0.1395
Parfetts - Birmingham,134.0,6.0,139.92,2025-05-25 11:30:30+00:00,0.13175,0.06225,0.2155,0.12825
Parfetts - Birmingham,134.0,6.0,139.92,2025-05-25 11:45:30+00:00,0.14025,0.07075,0.218,0.13675
Parfetts - Birmingham,134.0,6.0,139.92,2025-05-25 12:00:30+00:00,0.161,0.0615,0.214,0.1565
Parfetts - Birmingham,134.0,6.0,139.92,2025-05-25 12:15:30+00:00,0.109,0.05925,0.2385,0.10725
Parfetts - Birmingham,134.0,6.0,139.92,2025-05-25 12:30:30+00:00,0.179,0.06325,0.244,0.17425
Parfetts - Birmingham,134.0,6.0,139.92,2025-05-25 12:45:30+00:00,0.19225,0.10325,0.24075,0.18825
Parfetts - Birmingham,134.0,6.0,139.92,2025-05-25 13:00:30+00:00,0.1975,0.10475,0.2365,0.19425
Parfetts - Birmingham,134.0,6.0,139.92,2025-05-25 13:15:30+00:00,0.14075,0.10225,0.219,0.14
Parfetts - Birmingham,134.0,6.0,139.92,2025-05-25 13:30:30+00:00,0.1445,0.0995,0.19775,0.144
Parfetts - Birmingham,134.0,6.0,139.92,2025-05-25 13:45:30+00:00,0.159,0.11425,0.18975,0.15925
Parfetts - Birmingham,134.0,6.0,139.92,2025-05-25 14:00:30+00:00,0.15175,0.12975,0.176,0.15275
Parfetts - Birmingham,134.0,6.0,139.92,2025-05-25 14:15:30+00:00,0.14725,0.11575,0.175,0.149
Parfetts - Birmingham,134.0,6.0,139.92,2025-05-25 14:30:30+00:00,0.1365,0.0915,0.18525,0.13875
Parfetts - Birmingham,134.0,6.0,139.92,2025-05-25 14:45:30+00:00,0.131,0.0515,0.18575,0.13375
Parfetts - Birmingham,134.0,6.0,139.92,2025-05-25 15:00:30+00:00,0.0885,0.019,0.1675,0.09025
Parfetts - Birmingham,134.0,6.0,139.92,2025-05-25 15:15:30+00:00,0.0595,0.01275,0.1275,0.0605
Parfetts - Birmingham,134.0,6.0,139.92,2025-05-25 15:30:30+00:00,0.0505,0.012,0.108,0.0515
Parfetts - Birmingham,134.0,6.0,139.92,2025-05-25 15:45:30+00:00,0.06375,0.022,0.098,0.0655
Parfetts - Birmingham,134.0,6.0,139.92,2025-05-25 16:00:30+00:00,0.0655,0.0325,0.1015,0.0675
Parfetts - Birmingham,134.0,6.0,139.92,2025-05-25 16:15:30+00:00,0.07125,0.03825,0.09425,0.07425
Parfetts - Birmingham,134.0,6.0,139.92,2025-05-25 16:30:30+00:00,0.06225,0.0435,0.088,0.06525
Parfetts - Birmingham,134.0,6.0,139.92,2025-05-25 16:45:30+00:00,0.063,0.042,0.0815,0.067
Parfetts - Birmingham,134.0,6.0,139.92,2025-05-25 17:00:30+00:00,0.05925,0.04225,0.07775,0.064
Parfetts - Birmingham,134.0,6.0,139.92,2025-05-25 17:15:30+00:00,0.057,0.03725,0.0705,0.06325
Parfetts - Birmingham,134.0,6.0,139.92,2025-05-25 17:30:30+00:00,0.0465,0.03,0.062,0.05175
Parfetts - Birmingham,134.0,6.0,139.92,2025-05-25 17:45:30+00:00,0.035,0.02425,0.0585,0.03825
Parfetts - Birmingham,134.0,6.0,139.92,2025-05-25 18:00:30+00:00,0.0375,0.01825,0.04875,0.0445
Parfetts - Birmingham,134.0,6.0,139.92,2025-05-25 18:15:30+00:00,0.0305,0.01325,0.04275,0.03625
Parfetts - Birmingham,134.0,6.0,139.92,2025-05-25 18:30:30+00:00,0.01775,0.0085,0.03725,0.01925
Parfetts - Birmingham,134.0,6.0,139.92,2025-05-25 18:45:30+00:00,0.01575,0.00475,0.027,0.01875
Parfetts - Birmingham,134.0,6.0,139.92,2025-05-25 19:00:30+00:00,0.013,0.0045,0.01725,0.01875
Parfetts - Birmingham,134.0,6.0,139.92,2025-05-25 19:15:30+00:00,0.008,0.004,0.01175,0.01125
Parfetts - Birmingham,134.0,6.0,139.92,2025-05-25 19:30:30+00:00,0.00525,0.00275,0.0085,0.0055
Parfetts - Birmingham,134.0,6.0,139.92,2025-05-25 19:45:30+00:00,0.00175,0.00125,0.003,0.00175
Parfetts - Birmingham,134.0,6.0,139.92,2025-05-25 20:00:30+00:00,0.00025,0.00025,0.0005,0.00025
Parfetts - Birmingham,134.0,6.0,139.92,2025-05-25 20:15:30+00:00,0.0,0.0,0.0,0.0
Parfetts - Birmingham,134.0,6.0,139.92,2025-05-25 20:30:30+00:00,0.0,0.0,0.0,0.0
Parfetts - Birmingham,134.0,6.0,139.92,2025-05-25 20:45:30+00:00,0.0,0.0,0.0,0.0
Parfetts - Birmingham,134.0,6.0,139.92,2025-05-25 21:00:30+00:00,0.0,0.0,0.0,0.0
Parfetts - Birmingham,134.0,6.0,139.92,2025-05-25 21:15:30+00:00,0.0,0.0,0.0,0.0
Parfetts - Birmingham,134.0,6.0,139.92,2025-05-25 21:30:30+00:00,0.0,0.0,0.0,0.0
Parfetts - Birmingham,134.0,6.0,139.92,2025-05-25 21:45:30+00:00,0.0,0.0,0.0,0.0
Parfetts - Birmingham,134.0,6.0,139.92,2025-05-25 22:00:30+00:00,0.0,0.0,0.0,0.0
Parfetts - Birmingham,134.0,6.0,139.92,2025-05-25 22:15:30+00:00,0.0,0.0,0.0,0.0
Parfetts - Birmingham,134.0,6.0,139.92,2025-05-25 22:30:30+00:00,0.0,0.0,0.0,0.0
Parfetts - Birmingham,134.0,6.0,139.92,2025-05-25 22:45:30+00:00,0.0,0.0,0.0,0.0
Parfetts - Birmingham,134.0,6.0,139.92,2025-05-25 23:00:30+00:00,0.0,0.0,0.0,0.0
Parfetts - Birmingham,134.0,6.0,139.92,2025-05-25 23:15:30+00:00,0.0,0.0,0.0,0.0
Parfetts - Birmingham,134.0,6.0,139.92,2025-05-25 23:30:30+00:00,0.0,0.0,0.0,0.0
Parfetts - Birmingham,134.0,6.0,139.92,2025-05-25 23:45:30+00:00,0.0,0.0,0.0,0.0
Parfetts - Birmingham,134.0,6.0,139.92,2025-05-26 00:00:30+00:00,0.0,0.0,0.0,0.0
Parfetts - Birmingham,134.0,6.0,139.92,2025-05-26 00:15:30+00:00,0.0,0.0,0.0,0.0
Parfetts - Birmingham,134.0,6.0,139.92,2025-05-26 00:30:30+00:00,0.0,0.0,0.0,0.0
Parfetts - Birmingham,134.0,6.0,139.92,2025-05-26 00:45:30+00:00,0.0,0.0,0.0,0.0
Parfetts - Birmingham,134.0,6.0,139.92,2025-05-26 01:00:30+00:00,0.0,0.0,0.0,0.0
Parfetts - Birmingham,134.0,6.0,139.92,2025-05-26 01:15:30+00:00,0.0,0.0,0.0,0.0
Parfetts - Birmingham,134.0,6.0,139.92,2025-05-26 01:30:30+00:00,0.0,0.0,0.0,0.0
Parfetts - Birmingham,134.0,6.0,139.92,2025-05-26 01:45:30+00:00,0.0,0.0,0.0,0.0
Parfetts - Birmingham,134.0,6.0,139.92,2025-05-26 02:00:30+00:00,0.0,0.0,0.0,0.0
Parfetts - Birmingham,134.0,6.0,139.92,2025-05-26 02:15:30+00:00,0.0,0.0,0.0,0.0
Parfetts - Birmingham,134.0,6.0,139.92,2025-05-26 02:30:30+00:00,0.0,0.0,0.0,0.0
Parfetts - Birmingham,134.0,6.0,139.92,2025-05-26 02:45:30+00:00,0.0,0.0,0.0,0.0
Parfetts - Birmingham,134.0,6.0,139.92,2025-05-26 03:00:30+00:00,0.0,0.0,0.0,0.0
Parfetts - Birmingham,134.0,6.0,139.92,2025-05-26 03:15:30+00:00,0.0,0.0,0.0,0.0
Parfetts - Birmingham,134.0,6.0,139.92,2025-05-26 03:30:30+00:00,0.0,0.0,0.0,0.0
Parfetts - Birmingham,134.0,6.0,139.92,2025-05-26 03:45:30+00:00,0.0,0.0,0.0,0.0
Parfetts - Birmingham,134.0,6.0,139.92,2025-05-26 04:00:30+00:00,0.00025,0.0,0.001,0.00025
Parfetts - Birmingham,134.0,6.0,139.92,2025-05-26 04:15:30+00:00,0.0015,0.0005,0.00475,0.0015
Parfetts - Birmingham,134.0,6.0,139.92,2025-05-26 04:30:30+00:00,0.00275,0.001,0.01125,0.00275
Parfetts - Birmingham,134.0,6.0,139.92,2025-05-26 04:45:30+00:00,0.01675,0.0035,0.02225,0.015
Parfetts - Birmingham,134.0,6.0,139.92,2025-05-26 05:00:30+00:00,0.02525,0.01325,0.0325,0.02225
Parfetts - Birmingham,134.0,6.0,139.92,2025-05-26 05:15:30+00:00,0.03475,0.023,0.043,0.0305
Parfetts - Birmingham,134.0,6.0,139.92,2025-05-26 05:30:30+00:00,0.04675,0.0355,0.05425,0.04075
Parfetts - Birmingham,134.0,6.0,139.92,2025-05-26 05:45:30+00:00,0.05725,0.046,0.0655,0.05
Parfetts - Birmingham,134.0,6.0,139.92,2025-05-26 06:00:30+00:00,0.06775,0.05425,0.077,0.0595
Parfetts - Birmingham,134.0,6.0,139.92,2025-05-26 06:15:30+00:00,0.0725,0.06075,0.08625,0.0645
Parfetts - Birmingham,134.0,6.0,139.92,2025-05-26 06:30:30+00:00,0.07975,0.0665,0.0925,0.07175
Parfetts - Birmingham,134.0,6.0,139.92,2025-05-26 06:45:30+00:00,0.08525,0.0705,0.102,0.07775
Parfetts - Birmingham,134.0,6.0,139.92,2025-05-26 07:00:30+00:00,0.09425,0.07825,0.11775,0.086
Parfetts - Birmingham,134.0,6.0,139.92,2025-05-26 07:15:30+00:00,0.115,0.0685,0.133,0.104
Parfetts - Birmingham,134.0,6.0,139.92,2025-05-26 07:30:30+00:00,0.101,0.05675,0.14125,0.09375
Parfetts - Birmingham,134.0,6.0,139.92,2025-05-26 07:45:30+00:00,0.105,0.03725,0.1495,0.0985
Parfetts - Birmingham,134.0,6.0,139.92,2025-05-26 08:00:30+00:00,0.07275,0.03575,0.142,0.07025
Parfetts - Birmingham,134.0,6.0,139.92,2025-05-26 08:15:30+00:00,0.093,0.0405,0.1275,0.08825
Parfetts - Birmingham,134.0,6.0,139.92,2025-05-26 08:30:30+00:00,0.08325,0.0345,0.1325,0.0805
Parfetts - Birmingham,134.0,6.0,139.92,2025-05-26 08:45:30+00:00,0.07375,0.02775,0.13225,0.07275
Parfetts - Birmingham,134.0,6.0,139.92,2025-05-26 09:00:30+00:00,0.08525,0.03575,0.16725,0.083
Parfetts - Birmingham,134.0,6.0,139.92,2025-05-26 09:15:30+00:00,0.14875,0.0445,0.187,0.13975
Parfetts - Birmingham,134.0,6.0,139.92,2025-05-26 09:30:30+00:00,0.10725,0.03925,0.18825,0.10275
Parfetts - Birmingham,134.0,6.0,139.92,2025-05-26 09:45:30+00:00,0.08525,0.02125,0.175,0.0835
Parfetts - Birmingham,134.0,6.0,139.92,2025-05-26 10:00:30+00:00,0.10425,0.03825,0.2005,0.1015
Parfetts - Birmingham,134.0,6.0,139.92,2025-05-26 10:15:30+00:00,0.172,0.04725,0.22975,0.163
Parfetts - Birmingham,134.0,6.0,139.92,2025-05-26 10:30:30+00:00,0.133,0.0405,0.2335,0.12825
Parfetts - Birmingham,134.0,6.0,139.92,2025-05-26 10:45:30+00:00,0.10825,0.0215,0.196,0.10625
Parfetts - Birmingham,134.0,6.0,139.92,2025-05-26 11:00:30+00:00,0.0725,0.01725,0.165,0.07175
Parfetts - Birmingham,134.0,6.0,139.92,2025-05-26 11:15:30+00:00,0.073,0.01725,0.148,0.07275
Parfetts - Birmingham,134.0,6.0,139.92,2025-05-26 11:30:30+00:00,0.102,0.02025,0.1395,0.1005
Parfetts - Birmingham,134.0,6.0,139.92,2025-05-26 11:45:30+00:00,0.049,0.0175,0.1355,0.04875
Parfetts - Birmingham,134.0,6.0,139.92,2025-05-26 12:00:30+00:00,0.06925,0.0175,0.118,0.069
Parfetts - Birmingham,134.0,6.0,139.92,2025-05-26 12:15:30+00:00,0.06625,0.0175,0.10975,0.066
Parfetts - Birmingham,134.0,6.0,139.92,2025-05-26 12:30:30+00:00,0.0435,0.01725,0.0915,0.0435
Parfetts - Birmingham,134.0,6.0,139.92,2025-05-26 12:45:30+00:00,0.0365,0.017,0.08775,0.03675
Parfetts - Birmingham,134.0,6.0,139.92,2025-05-26 13:00:30+00:00,0.051,0.01675,0.097,0.05125
Parfetts - Birmingham,134.0,6.0,139.92,2025-05-26 13:15:30+00:00,0.07,0.0165,0.10275,0.07025
Parfetts - Birmingham,134.0,6.0,139.92,2025-05-26 13:30:30+00:00,0.056,0.01625,0.09625,0.05625
Parfetts - Birmingham,134.0,6.0,139.92,2025-05-26 13:45:30+00:00,0.034,0.01575,0.08925,0.03425
Parfetts - Birmingham,134.0,6.0,139.92,2025-05-26 14:00:30+00:00,0.04325,0.0155,0.09325,0.0435
Parfetts - Birmingham,134.0,6.0,139.92,2025-05-26 14:15:30+00:00,0.06375,0.01525,0.10225,0.06425
Parfetts - Birmingham,134.0,6.0,139.92,2025-05-26 14:30:30+00:00,0.06875,0.027,0.104,0.0695
Parfetts - Birmingham,134.0,6.0,139.92,2025-05-26 14:45:30+00:00,0.06325,0.02475,0.0925,0.064
Parfetts - Birmingham,134.0,6.0,139.92,2025-05-26 15:00:30+00:00,0.04325,0.01325,0.08575,0.04375
Parfetts - Birmingham,134.0,6.0,139.92,2025-05-26 15:15:30+00:00,0.0365,0.01275,0.08125,0.037
Parfetts - Birmingham,134.0,6.0,139.92,2025-05-26 15:30:30+00:00,0.0385,0.012,0.09425,0.039
Parfetts - Birmingham,134.0,6.0,139.92,2025-05-26 15:45:30+00:00,0.068,0.01375,0.09925,0.07
Parfetts - Birmingham,134.0,6.0,139.92,2025-05-26 16:00:30+00:00,0.06275,0.0285,0.10125,0.06475
Parfetts - Birmingham,134.0,6.0,139.92,2025-05-26 16:15:30+00:00,0.063,0.02625,0.084,0.06525
Parfetts - Birmingham,134.0,6.0,139.92,2025-05-26 16:30:30+00:00,0.04025,0.02525,0.075,0.04125
Parfetts - Birmingham,134.0,6.0,139.92,2025-05-26 16:45:30+00:00,0.0455,0.0155,0.064,0.04725
Parfetts - Birmingham,134.0,6.0,139.92,2025-05-26 17:00:30+00:00,0.034,0.00875,0.062,0.03475
Parfetts - Birmingham,134.0,6.0,139.92,2025-05-26 17:15:30+00:00,0.026,0.00675,0.051,0.02625
Parfetts - Birmingham,134.0,6.0,139.92,2025-05-26 17:30:30+00:00,0.0175,0.006,0.041,0.01775
Parfetts - Birmingham,134.0,6.0,139.92,2025-05-26 17:45:30+00:00,0.00875,0.00525,0.0345,0.00875
Parfetts - Birmingham,134.0,6.0,139.92,2025-05-26 18:00:30+00:00,0.01975,0.0045,0.02925,0.0205
Parfetts - Birmingham,134.0,6.0,139.92,2025-05-26 18:15:30+00:00,0.01075,0.00375,0.02725,0.011
Parfetts - Birmingham,134.0,6.0,139.92,2025-05-26 18:30:30+00:00,0.008,0.00325,0.02175,0.00825
Parfetts - Birmingham,134.0,6.0,139.92,2025-05-26 18:45:30+00:00,0.0085,0.0025,0.01875,0.0085
Parfetts - Birmingham,134.0,6.0,139.92,2025-05-26 19:00:30+00:00,0.009,0.00175,0.01575,0.00925
Parfetts - Birmingham,134.0,6.0,139.92,2025-05-26 19:15:30+00:00,0.0065,0.00125,0.01175,0.00675
Parfetts - Birmingham,134.0,6.0,139.92,2025-05-26 19:30:30+00:00,0.0035,0.00075,0.00675,0.00375
Parfetts - Birmingham,134.0,6.0,139.92,2025-05-26 19:45:30+00:00,0.00125,0.0005,0.00325,0.00125
Parfetts - Birmingham,134.0,6.0,139.92,2025-05-26 20:00:30+00:00,0.0005,0.0,0.001,0.0005
Parfetts - Birmingham,134.0,6.0,139.92,2025-05-26 20:15:30+00:00,0.0,0.0,0.0,0.0
Parfetts - Birmingham,134.0,6.0,139.92,2025-05-26 20:30:30+00:00,0.0,0.0,0.0,0.0
Parfetts - Birmingham,134.0,6.0,139.92,2025-05-26 20:45:30+00:00,0.0,0.0,0.0,0.0
Parfetts - Birmingham,134.0,6.0,139.92,2025-05-26 21:00:30+00:00,0.0,0.0,0.0,0.0
Parfetts - Birmingham,134.0,6.0,139.92,2025-05-26 21:15:30+00:00,0.0,0.0,0.0,0.0
Parfetts - Birmingham,134.0,6.0,139.92,2025-05-26 21:30:30+00:00,0.0,0.0,0.0,0.0
Parfetts - Birmingham,134.0,6.0,139.92,2025-05-26 21:45:30+00:00,0.0,0.0,0.0,0.0
Parfetts - Birmingham,134.0,6.0,139.92,2025-05-26 22:00:30+00:00,0.0,0.0,0.0,0.0
Parfetts - Birmingham,134.0,6.0,139.92,2025-05-26 22:15:30+00:00,0.0,0.0,0.0,0.0
Parfetts - Birmingham,134.0,6.0,139.92,2025-05-26 22:30:30+00:00,0.0,0.0,0.0,0.0
Parfetts - Birmingham,134.0,6.0,139.92,2025-05-26 22:45:30+00:00,0.0,0.0,0.0,0.0
Parfetts - Birmingham,134.0,6.0,139.92,2025-05-26 23:00:30+00:00,0.0,0.0,0.0,0.0
Parfetts - Birmingham,134.0,6.0,139.92,2025-05-26 23:15:30+00:00,0.0,0.0,0.0,0.0
Parfetts - Birmingham,134.0,6.0,139.92,2025-05-26 23:30:30+00:00,0.0,0.0,0.0,0.0
Parfetts - Birmingham,134.0,6.0,139.92,2025-05-26 23:45:30+00:00,0.0,0.0,0.0,0.0
Parfetts - Birmingham,134.0,6.0,139.92,2025-05-27 00:00:30+00:00,0.0,0.0,0.0,0.0
Parfetts - Birmingham,134.0,6.0,139.92,2025-05-27 00:15:30+00:00,0.0,0.0,0.0,0.0
Parfetts - Birmingham,134.0,6.0,139.92,2025-05-27 00:30:30+00:00,0.0,0.0,0.0,0.0
Parfetts - Birmingham,134.0,6.0,139.92,2025-05-27 00:45:30+00:00,0.0,0.0,0.0,0.0
Parfetts - Birmingham,134.0,6.0,139.92,2025-05-27 01:00:30+00:00,0.0,0.0,0.0,0.0
Parfetts - Birmingham,134.0,6.0,139.92,2025-05-27 01:15:30+00:00,0.0,0.0,0.0,0.0
Parfetts - Birmingham,134.0,6.0,139.92,2025-05-27 01:30:30+00:00,0.0,0.0,0.0,0.0
Parfetts - Birmingham,134.0,6.0,139.92,2025-05-27 01:45:30+00:00,0.0,0.0,0.0,0.0
Parfetts - Birmingham,134.0,6.0,139.92,2025-05-27 02:00:30+00:00,0.0,0.0,0.0,0.0
Parfetts - Birmingham,134.0,6.0,139.92,2025-05-27 02:15:30+00:00,0.0,0.0,0.0,0.0
Parfetts - Birmingham,134.0,6.0,139.92,2025-05-27 02:30:30+00:00,0.0,0.0,0.0,0.0
Parfetts - Birmingham,134.0,6.0,139.92,2025-05-27 02:45:30+00:00,0.0,0.0,0.0,0.0
Parfetts - Birmingham,134.0,6.0,139.92,2025-05-27 03:00:30+00:00,0.0,0.0,0.0,0.0
Parfetts - Birmingham,134.0,6.0,139.92,2025-05-27 03:15:30+00:00,0.0,0.0,0.0,0.0
Parfetts - Birmingham,134.0,6.0,139.92,2025-05-27 03:30:30+00:00,0.0,0.0,0.0,0.0
Parfetts - Birmingham,134.0,6.0,139.92,2025-05-27 03:45:30+00:00,0.0,0.0,0.0,0.0
Parfetts - Birmingham,134.0,6.0,139.92,2025-05-27 04:00:30+00:00,0.001,0.00075,0.0015,0.001
Parfetts - Birmingham,134.0,6.0,139.92,2025-05-27 04:15:30+00:00,0.004,0.00225,0.006,0.004
Parfetts - Birmingham,134.0,6.0,139.92,2025-05-27 04:30:30+00:00,0.00875,0.005,0.0135,0.00825
Parfetts - Birmingham,134.0,6.0,139.92,2025-05-27 04:45:30+00:00,0.0165,0.00775,0.0225,0.015
Parfetts - Birmingham,134.0,6.0,139.92,2025-05-27 05:00:30+00:00,0.01875,0.00875,0.02875,0.0175
Parfetts - Birmingham,134.0,6.0,139.92,2025-05-27 05:15:30+00:00,0.0205,0.01,0.0355,0.01975
Parfetts - Birmingham,134.0,6.0,139.92,2025-05-27 05:30:30+00:00,0.02975,0.01125,0.0435,0.028
Parfetts - Birmingham,134.0,6.0,139.92,2025-05-27 05:45:30+00:00,0.03025,0.0095,0.0465,0.02925
Parfetts - Birmingham,134.0,6.0,139.92,2025-05-27 06:00:30+00:00,0.02325,0.01075,0.04825,0.02325
Parfetts - Birmingham,134.0,6.0,139.92,2025-05-27 06:15:30+00:00,0.03625,0.01425,0.05425,0.03525
Parfetts - Birmingham,134.0,6.0,139.92,2025-05-27 06:30:30+00:00,0.042,0.02575,0.06275,0.041
Parfetts - Birmingham,134.0,6.0,139.92,2025-05-27 06:45:30+00:00,0.05475,0.02875,0.07125,0.0525
Parfetts - Birmingham,134.0,6.0,139.92,2025-05-27 07:00:30+00:00,0.05175,0.028,0.076,0.05025
Parfetts - Birmingham,134.0,6.0,139.92,2025-05-27 07:15:30+00:00,0.049,0.0225,0.0735,0.0485
Parfetts - Birmingham,134.0,6.0,139.92,2025-05-27 07:30:30+00:00,0.04325,0.02325,0.06925,0.04325
Parfetts - Birmingham,134.0,6.0,139.92,2025-05-27 07:45:30+00:00,0.0465,0.026,0.0735,0.04625
Parfetts - Birmingham,134.0,6.0,139.92,2025-05-27 08:00:30+00:00,0.05975,0.02475,0.081,0.059
Parfetts - Birmingham,134.0,6.0,139.92,2025-05-27 08:15:30+00:00,0.05125,0.0155,0.08375,0.051
Parfetts - Birmingham,134.0,6.0,139.92,2025-05-27 08:30:30+00:00,0.03775,0.0125,0.075,0.03775
Parfetts - Birmingham,134.0,6.0,139.92,2025-05-27 08:45:30+00:00,0.03825,0.01425,0.071,0.03825
Parfetts - Birmingham,134.0,6.0,139.92,2025-05-27 09:00:30+00:00,0.05175,0.02225,0.07425,0.0515
Parfetts - Birmingham,134.0,6.0,139.92,2025-05-27 09:15:30+00:00,0.054,0.0205,0.07925,0.054
Parfetts - Birmingham,134.0,6.0,139.92,2025-05-27 09:30:30+00:00,0.043,0.01475,0.07925,0.043
Parfetts - Birmingham,134.0,6.0,139.92,2025-05-27 09:45:30+00:00,0.0355,0.01525,0.0705,0.0355
Parfetts - Birmingham,134.0,6.0,139.92,2025-05-27 10:00:30+00:00,0.02925,0.01575,0.06125,0.0295
Parfetts - Birmingham,134.0,6.0,139.92,2025-05-27 10:15:30+00:00,0.03,0.016,0.05575,0.03
Parfetts - Birmingham,134.0,6.0,139.92,2025-05-27 10:30:30+00:00,0.0325,0.0165,0.057,0.03275
Parfetts - Birmingham,134.0,6.0,139.92,2025-05-27 10:45:30+00:00,0.03275,0.01675,0.0635,0.033
Parfetts - Birmingham,134.0,6.0,139.92,2025-05-27 11:00:30+00:00,0.0435,0.017,0.0695,0.04375
Parfetts - Birmingham,134.0,6.0,139.92,2025-05-27 11:15:30+00:00,0.048,0.02025,0.0725,0.04825
Parfetts - Birmingham,134.0,6.0,139.92,2025-05-27 11:30:30+00:00,0.047,0.02,0.07025,0.047
Parfetts - Birmingham,134.0,6.0,139.92,2025-05-27 11:45:30+00:00,0.04,0.019,0.06625,0.04025
Parfetts - Birmingham,134.0,6.0,139.92,2025-05-27 12:00:30+00:00,0.04075,0.0175,0.06575,0.04075
Parfetts - Birmingham,134.0,6.0,139.92,2025-05-27 12:15:30+00:00,0.044,0.01725,0.0725,0.044
Parfetts - Birmingham,134.0,6.0,139.92,2025-05-27 12:30:30+00:00,0.043,0.01725,0.07575,0.043
Parfetts - Birmingham,134.0,6.0,139.92,2025-05-27 12:45:30+00:00,0.0335,0.017,0.08675,0.0335
Parfetts - Birmingham,134.0,6.0,139.92,2025-05-27 13:00:30+00:00,0.06275,0.017,0.088,0.063
Parfetts - Birmingham,134.0,6.0,139.92,2025-05-27 13:15:30+00:00,0.04825,0.0165,0.08925,0.0485
Parfetts - Birmingham,134.0,6.0,139.92,2025-05-27 13:30:30+00:00,0.047,0.01625,0.08375,0.0475
Parfetts - Birmingham,134.0,6.0,139.92,2025-05-27 13:45:30+00:00,0.04,0.016,0.09275,0.04025
Parfetts - Birmingham,134.0,6.0,139.92,2025-05-27 14:00:30+00:00,0.04625,0.0155,0.11375,0.04675
Parfetts - Birmingham,134.0,6.0,139.92,2025-05-27 14:15:30+00:00,0.07175,0.015,0.137,0.0725
Parfetts - Birmingham,134.0,6.0,139.92,2025-05-27 14:30:30+00:00,0.09325,0.031,0.14125,0.0945
Parfetts - Birmingham,134.0,6.0,139.92,2025-05-27 14:45:30+00:00,0.09225,0.053,0.1315,0.09375
Parfetts - Birmingham,134.0,6.0,139.92,2025-05-27 15:00:30+00:00,0.091,0.058,0.11575,0.09275
Parfetts - Birmingham,134.0,6.0,139.92,2025-05-27 15:15:30+00:00,0.077,0.0515,0.10725,0.07875
Parfetts - Birmingham,134.0,6.0,139.92,2025-05-27 15:30:30+00:00,0.0695,0.03775,0.097,0.071
Parfetts - Birmingham,134.0,6.0,139.92,2025-05-27 15:45:30+00:00,0.05525,0.02575,0.09125,0.0565
Parfetts - Birmingham,134.0,6.0,139.92,2025-05-27 16:00:30+00:00,0.0495,0.0105,0.0905,0.0505
Parfetts - Birmingham,134.0,6.0,139.92,2025-05-27 16:15:30+00:00,0.04275,0.01,0.08875,0.0435
Parfetts - Birmingham,134.0,6.0,139.92,2025-05-27 16:30:30+00:00,0.02275,0.00925,0.092,0.023
Parfetts - Birmingham,134.0,6.0,139.92,2025-05-27 16:45:30+00:00,0.0625,0.0125,0.084,0.06725
Parfetts - Birmingham,134.0,6.0,139.92,2025-05-27 17:00:30+00:00,0.03,0.00725,0.0825,0.03175
Parfetts - Birmingham,134.0,6.0,139.92,2025-05-27 17:15:30+00:00,0.0365,0.00725,0.06375,0.0385
Parfetts - Birmingham,134.0,6.0,139.92,2025-05-27 17:30:30+00:00,0.0285,0.00625,0.05575,0.0295
Parfetts - Birmingham,134.0,6.0,139.92,2025-05-27 17:45:30+00:00,0.02675,0.00925,0.05125,0.028
Parfetts - Birmingham,134.0,6.0,139.92,2025-05-27 18:00:30+00:00,0.033,0.008,0.04225,0.03725
Parfetts - Birmingham,134.0,6.0,139.92,2025-05-27 18:15:30+00:00,0.018,0.00775,0.04225,0.01925
Parfetts - Birmingham,134.0,6.0,139.92,2025-05-27 18:30:30+00:00,0.02,0.004,0.02925,0.0235
Parfetts - Birmingham,134.0,6.0,139.92,2025-05-27 18:45:30+00:00,0.00925,0.00225,0.0245,0.01
Parfetts - Birmingham,134.0,6.0,139.92,2025-05-27 19:00:30+00:00,0.006,0.00175,0.01775,0.006
Parfetts - Birmingham,134.0,6.0,139.92,2025-05-27 19:15:30+00:00,0.00725,0.0015,0.0125,0.0075
Parfetts - Birmingham,134.0,6.0,139.92,2025-05-27 19:30:30+00:00,0.00475,0.001,0.0085,0.005
Parfetts - Birmingham,134.0,6.0,139.92,2025-05-27 19:45:30+00:00,0.00175,0.0005,0.00375,0.00175
Parfetts - Birmingham,134.0,6.0,139.92,2025-05-27 20:00:30+00:00,0.0005,0.00025,0.00125,0.0005
Parfetts - Birmingham,134.0,6.0,139.92,2025-05-27 20:15:30+00:00,0.0,0.0,0.0,0.0
Parfetts - Birmingham,134.0,6.0,139.92,2025-05-27 20:30:30+00:00,0.0,0.0,0.0,0.0
Parfetts - Birmingham,134.0,6.0,139.92,2025-05-27 20:45:30+00:00,0.0,0.0,0.0,0.0
Parfetts - Birmingham,134.0,6.0,139.92,2025-05-27 21:00:30+00:00,0.0,0.0,0.0,0.0
Parfetts - Birmingham,134.0,6.0,139.92,2025-05-27 21:15:30+00:00,0.0,0.0,0.0,0.0
Parfetts - Birmingham,134.0,6.0,139.92,2025-05-27 21:30:30+00:00,0.0,0.0,0.0,0.0
Parfetts - Birmingham,134.0,6.0,139.92,2025-05-27 21:45:30+00:00,0.0,0.0,0.0,0.0
Parfetts - Birmingham,134.0,6.0,139.92,2025-05-27 22:00:30+00:00,0.0,0.0,0.0,0.0
Parfetts - Birmingham,134.0,6.0,139.92,2025-05-27 22:15:30+00:00,0.0,0.0,0.0,0.0
Parfetts - Birmingham,134.0,6.0,139.92,2025-05-27 22:30:30+00:00,0.0,0.0,0.0,0.0
Parfetts - Birmingham,134.0,6.0,139.92,2025-05-27 22:45:30+00:00,0.0,0.0,0.0,0.0
Parfetts - Birmingham,134.0,6.0,139.92,2025-05-27 23:00:30+00:00,0.0,0.0,0.0,0.0
Parfetts - Birmingham,134.0,6.0,139.92,2025-05-27 23:15:30+00:00,0.0,0.0,0.0,0.0
Parfetts - Birmingham,134.0,6.0,139.92,2025-05-27 23:30:30+00:00,0.0,0.0,0.0,0.0
Parfetts - Birmingham,134.0,6.0,139.92,2025-05-27 23:45:30+00:00,0.0,0.0,0.0,0.0
Parfetts - Birmingham,134.0,6.0,139.92,2025-05-28 00:00:30+00:00,0.0,0.0,0.0,0.0
Parfetts - Birmingham,134.0,6.0,139.92,2025-05-28 00:15:30+00:00,0.0,0.0,0.0,0.0
Parfetts - Birmingham,134.0,6.0,139.92,2025-05-28 00:30:30+00:00,0.0,0.0,0.0,0.0
Parfetts - Birmingham,134.0,6.0,139.92,2025-05-28 00:45:30+00:00,0.0,0.0,0.0,0.0
Parfetts - Birmingham,134.0,6.0,139.92,2025-05-28 01:00:30+00:00,0.0,0.0,0.0,0.0
Parfetts - Birmingham,134.0,6.0,139.92,2025-05-28 01:15:30+00:00,0.0,0.0,0.0,0.0
Parfetts - Birmingham,134.0,6.0,139.92,2025-05-28 01:30:30+00:00,0.0,0.0,0.0,0.0
Parfetts - Birmingham,134.0,6.0,139.92,2025-05-28 01:45:30+00:00,0.0,0.0,0.0,0.0
Parfetts - Birmingham,134.0,6.0,139.92,2025-05-28 02:00:30+00:00,0.0,0.0,0.0,0.0
Parfetts - Birmingham,134.0,6.0,139.92,2025-05-28 02:15:30+00:00,0.0,0.0,0.0,0.0
Parfetts - Birmingham,134.0,6.0,139.92,2025-05-28 02:30:30+00:00,0.0,0.0,0.0,0.0
Parfetts - Birmingham,134.0,6.0,139.92,2025-05-28 02:45:30+00:00,0.0,0.0,0.0,0.0
Parfetts - Birmingham,134.0,6.0,139.92,2025-05-28 03:00:30+00:00,0.0,0.0,0.0,0.0
Parfetts - Birmingham,134.0,6.0,139.92,2025-05-28 03:15:30+00:00,0.0,0.0,0.0,0.0
Parfetts - Birmingham,134.0,6.0,139.92,2025-05-28 03:30:30+00:00,0.0,0.0,0.0,0.0
Parfetts - Birmingham,134.0,6.0,139.92,2025-05-28 03:45:30+00:00,0.0,0.0,0.0,0.0
Parfetts - Birmingham,134.0,6.0,139.92,2025-05-28 04:00:30+00:00,0.0005,0.00025,0.0015,0.0005
Parfetts - Birmingham,134.0,6.0,139.92,2025-05-28 04:15:30+00:00,0.00175,0.0005,0.00425,0.00175
Parfetts - Birmingham,134.0,6.0,139.92,2025-05-28 04:30:30+00:00,0.0035,0.001,0.00925,0.0035
Parfetts - Birmingham,134.0,6.0,139.92,2025-05-28 04:45:30+00:00,0.0055,0.0015,0.0175,0.0055
Parfetts - Birmingham,134.0,6.0,139.92,2025-05-28 05:00:30+00:00,0.01525,0.00325,0.03075,0.0145
Parfetts - Birmingham,134.0,6.0,139.92,2025-05-28 05:15:30+00:00,0.035,0.0115,0.04225,0.03175
Parfetts - Birmingham,134.0,6.0,139.92,2025-05-28 05:30:30+00:00,0.0405,0.02425,0.053,0.03675
Parfetts - Birmingham,134.0,6.0,139.92,2025-05-28 05:45:30+00:00,0.05375,0.03125,0.064,0.0485
Parfetts - Birmingham,134.0,6.0,139.92,2025-05-28 06:00:30+00:00,0.0505,0.037,0.0695,0.047
Parfetts - Birmingham,134.0,6.0,139.92,2025-05-28 06:15:30+00:00,0.0565,0.04375,0.07825,0.05275
Parfetts - Birmingham,134.0,6.0,139.92,2025-05-28 06:30:30+00:00,0.0775,0.05625,0.09425,0.07075
Parfetts - Birmingham,134.0,6.0,139.92,2025-05-28 06:45:30+00:00,0.09125,0.06075,0.1105,0.0825
Parfetts - Birmingham,134.0,6.0,139.92,2025-05-28 07:00:30+00:00,0.09525,0.0555,0.12075,0.087
Parfetts - Birmingham,134.0,6.0,139.92,2025-05-28 07:15:30+00:00,0.0915,0.03825,0.12975,0.0855
Parfetts - Birmingham,134.0,6.0,139.92,2025-05-28 07:30:30+00:00,0.067,0.039,0.138,0.064
Parfetts - Birmingham,134.0,6.0,139.92,2025-05-28 07:45:30+00:00,0.1225,0.0365,0.15325,0.1135
Parfetts - Birmingham,134.0,6.0,139.92,2025-05-28 08:00:30+00:00,0.10375,0.025,0.16075,0.098
Parfetts - Birmingham,134.0,6.0,139.92,2025-05-28 08:15:30+00:00,0.06075,0.02075,0.15075,0.0595
Parfetts - Birmingham,134.0,6.0,139.92,2025-05-28 08:30:30+00:00,0.098,0.031,0.15325,0.0935
Parfetts - Birmingham,134.0,6.0,139.92,2025-05-28 08:45:30+00:00,0.115,0.05375,0.16375,0.10925
Parfetts - Birmingham,134.0,6.0,139.92,2025-05-28 09:00:30+00:00,0.112,0.04375,0.15625,0.10675
Parfetts - Birmingham,134.0,6.0,139.92,2025-05-28 09:15:30+00:00,0.071,0.03575,0.1665,0.06925
Parfetts - Birmingham,134.0,6.0,139.92,2025-05-28 09:30:30+00:00,0.1255,0.025,0.17475,0.1195
Parfetts - Birmingham,134.0,6.0,139.92,2025-05-28 09:45:30+00:00,0.09,0.018,0.1755,0.087
Parfetts - Birmingham,134.0,6.0,139.92,2025-05-28 10:00:30+00:00,0.046,0.01575,0.14575,0.046
Parfetts - Birmingham,134.0,6.0,139.92,2025-05-28 10:15:30+00:00,0.056,0.01625,0.14825,0.056
Parfetts - Birmingham,134.0,6.0,139.92,2025-05-28 10:30:30+00:00,0.0875,0.0175,0.1735,0.08625
Parfetts - Birmingham,134.0,6.0,139.92,2025-05-28 10:45:30+00:00,0.1225,0.03825,0.1985,0.11875
Parfetts - Birmingham,134.0,6.0,139.92,2025-05-28 11:00:30+00:00,0.1425,0.04475,0.194,0.138
Parfetts - Birmingham,134.0,6.0,139.92,2025-05-28 11:15:30+00:00,0.09025,0.0475,0.18875,0.089
Parfetts - Birmingham,134.0,6.0,139.92,2025-05-28 11:30:30+00:00,0.1245,0.04875,0.205,0.12125
Parfetts - Birmingham,134.0,6.0,139.92,2025-05-28 11:45:30+00:00,0.1645,0.04625,0.22425,0.15925
Parfetts - Birmingham,134.0,6.0,139.92,2025-05-28 12:00:30+00:00,0.113,0.02475,0.2205,0.111
Parfetts - Birmingham,134.0,6.0,139.92,2025-05-28 12:15:30+00:00,0.09,0.018,0.185,0.08925
Parfetts - Birmingham,134.0,6.0,139.92,2025-05-28 12:30:30+00:00,0.04625,0.0175,0.16475,0.04625
Parfetts - Birmingham,134.0,6.0,139.92,2025-05-28 12:45:30+00:00,0.055,0.01725,0.1755,0.055
Parfetts - Birmingham,134.0,6.0,139.92,2025-05-28 13:00:30+00:00,0.12825,0.0255,0.226,0.12725
Parfetts - Birmingham,134.0,6.0,139.92,2025-05-28 13:15:30+00:00,0.1815,0.0605,0.23125,0.1795
Parfetts - Birmingham,134.0,6.0,139.92,2025-05-28 13:30:30+00:00,0.16425,0.05625,0.22525,0.16375
Parfetts - Birmingham,134.0,6.0,139.92,2025-05-28 13:45:30+00:00,0.0995,0.03525,0.2,0.09975
Parfetts - Birmingham,134.0,6.0,139.92,2025-05-28 14:00:30+00:00,0.08875,0.0365,0.16175,0.0895
Parfetts - Birmingham,134.0,6.0,139.92,2025-05-28 14:15:30+00:00,0.1085,0.04225,0.14775,0.10975
Parfetts - Birmingham,134.0,6.0,139.92,2025-05-28 14:30:30+00:00,0.08725,0.0535,0.144,0.08825
Parfetts - Birmingham,134.0,6.0,139.92,2025-05-28 14:45:30+00:00,0.0995,0.052,0.154,0.10125
Parfetts - Birmingham,134.0,6.0,139.92,2025-05-28 15:00:30+00:00,0.121,0.0555,0.14725,0.12425
Parfetts - Birmingham,134.0,6.0,139.92,2025-05-28 15:15:30+00:00,0.084,0.04975,0.1375,0.08625
Parfetts - Birmingham,134.0,6.0,139.92,2025-05-28 15:30:30+00:00,0.075,0.03825,0.13025,0.077
Parfetts - Birmingham,134.0,6.0,139.92,2025-05-28 15:45:30+00:00,0.09175,0.04025,0.13625,0.09575
Parfetts - Birmingham,134.0,6.0,139.92,2025-05-28 16:00:30+00:00,0.097,0.05275,0.14025,0.1025
Parfetts - Birmingham,134.0,6.0,139.92,2025-05-28 16:15:30+00:00,0.1,0.05875,0.12825,0.1075
Parfetts - Birmingham,134.0,6.0,139.92,2025-05-28 16:30:30+00:00,0.0865,0.0545,0.111,0.0935
Parfetts - Birmingham,134.0,6.0,139.92,2025-05-28 16:45:30+00:00,0.06275,0.04575,0.09725,0.06675
Parfetts - Birmingham,134.0,6.0,139.92,2025-05-28 17:00:30+00:00,0.0625,0.039,0.0855,0.068
Parfetts - Birmingham,134.0,6.0,139.92,2025-05-28 17:15:30+00:00,0.0605,0.041,0.079,0.06775
Parfetts - Birmingham,134.0,6.0,139.92,2025-05-28 17:30:30+00:00,0.0565,0.03875,0.07225,0.06525
Parfetts - Birmingham,134.0,6.0,139.92,2025-05-28 17:45:30+00:00,0.049,0.03375,0.062,0.059
Parfetts - Birmingham,134.0,6.0,139.92,2025-05-28 18:00:30+00:00,0.0405,0.027,0.05325,0.049
Parfetts - Birmingham,134.0,6.0,139.92,2025-05-28 18:15:30+00:00,0.03925,0.01775,0.04325,0.049
Parfetts - Birmingham,134.0,6.0,139.92,2025-05-28 18:30:30+00:00,0.025,0.01025,0.03675,0.03025
Parfetts - Birmingham,134.0,6.0,139.92,2025-05-28 18:45:30+00:00,0.01625,0.0035,0.031,0.01825
Parfetts - Birmingham,134.0,6.0,139.92,2025-05-28 19:00:30+00:00,0.01075,0.00225,0.022,0.0115
Parfetts - Birmingham,134.0,6.0,139.92,2025-05-28 19:15:30+00:00,0.0065,0.00125,0.01375,0.0065
Parfetts - Birmingham,134.0,6.0,139.92,2025-05-28 19:30:30+00:00,0.0035,0.00075,0.00725,0.0035
Parfetts - Birmingham,134.0,6.0,139.92,2025-05-28 19:45:30+00:00,0.0015,0.00025,0.0035,0.0015
Parfetts - Birmingham,134.0,6.0,139.92,2025-05-28 20:00:30+00:00,0.0005,0.0,0.00125,0.0005
Parfetts - Birmingham,134.0,6.0,139.92,2025-05-28 20:15:30+00:00,0.0,0.0,0.0,0.0
Parfetts - Birmingham,134.0,6.0,139.92,2025-05-28 20:30:30+00:00,0.0,0.0,0.0,0.0
Parfetts - Birmingham,134.0,6.0,139.92,2025-05-28 20:45:30+00:00,0.0,0.0,0.0,0.0
Parfetts - Birmingham,134.0,6.0,139.92,2025-05-28 21:00:30+00:00,0.0,0.0,0.0,0.0
Parfetts - Birmingham,134.0,6.0,139.92,2025-05-28 21:15:30+00:00,0.0,0.0,0.0,0.0
Parfetts - Birmingham,134.0,6.0,139.92,2025-05-28 21:30:30+00:00,0.0,0.0,0.0,0.0
Parfetts - Birmingham,134.0,6.0,139.92,2025-05-28 21:45:30+00:00,0.0,0.0,0.0,0.0
Parfetts - Birmingham,134.0,6.0,139.92,2025-05-28 22:00:30+00:00,0.0,0.0,0.0,0.0
Parfetts - Birmingham,134.0,6.0,139.92,2025-05-28 22:15:30+00:00,0.0,0.0,0.0,0.0
Parfetts - Birmingham,134.0,6.0,139.92,2025-05-28 22:30:30+00:00,0.0,0.0,0.0,0.0
Parfetts - Birmingham,134.0,6.0,139.92,2025-05-28 22:45:30+00:00,0.0,0.0,0.0,0.0
Parfetts - Birmingham,134.0,6.0,139.92,2025-05-28 23:00:30+00:00,0.0,0.0,0.0,0.0
Parfetts - Birmingham,134.0,6.0,139.92,2025-05-28 23:15:30+00:00,0.0,0.0,0.0,0.0
Parfetts - Birmingham,134.0,6.0,139.92,2025-05-28 23:30:30+00:00,0.0,0.0,0.0,0.0
Parfetts - Birmingham,134.0,6.0,139.92,2025-05-28 23:45:30+00:00,0.0,0.0,0.0,0.0
Parfetts - Birmingham,134.0,6.0,139.92,2025-05-29 00:00:30+00:00,0.0,0.0,0.0,0.0
Parfetts - Birmingham,134.0,6.0,139.92,2025-05-29 00:15:30+00:00,0.0,0.0,0.0,0.0
Parfetts - Birmingham,134.0,6.0,139.92,2025-05-29 00:30:30+00:00,0.0,0.0,0.0,0.0
Parfetts - Birmingham,134.0,6.0,139.92,2025-05-29 00:45:30+00:00,0.0,0.0,0.0,0.0
Parfetts - Birmingham,134.0,6.0,139.92,2025-05-29 01:00:30+00:00,0.0,0.0,0.0,0.0
Parfetts - Birmingham,134.0,6.0,139.92,2025-05-29 01:15:30+00:00,0.0,0.0,0.0,0.0
Parfetts - Birmingham,134.0,6.0,139.92,2025-05-29 01:30:30+00:00,0.0,0.0,0.0,0.0
Parfetts - Birmingham,134.0,6.0,139.92,2025-05-29 01:45:30+00:00,0.0,0.0,0.0,0.0
Parfetts - Birmingham,134.0,6.0,139.92,2025-05-29 02:00:30+00:00,0.0,0.0,0.0,0.0
Parfetts - Birmingham,134.0,6.0,139.92,2025-05-29 02:15:30+00:00,0.0,0.0,0.0,0.0
Parfetts - Birmingham,134.0,6.0,139.92,2025-05-29 02:30:30+00:00,0.0,0.0,0.0,0.0
Parfetts - Birmingham,134.0,6.0,139.92,2025-05-29 02:45:30+00:00,0.0,0.0,0.0,0.0
Parfetts - Birmingham,134.0,6.0,139.92,2025-05-29 03:00:30+00:00,0.0,0.0,0.0,0.0
Parfetts - Birmingham,134.0,6.0,139.92,2025-05-29 03:15:30+00:00,0.0,0.0,0.0,0.0
Parfetts - Birmingham,134.0,6.0,139.92,2025-05-29 03:30:30+00:00,0.0,0.0,0.0,0.0
Parfetts - Birmingham,134.0,6.0,139.92,2025-05-29 03:45:30+00:00,0.0,0.0,0.0,0.0
Parfetts - Birmingham,134.0,6.0,139.92,2025-05-29 04:00:30+00:00,0.00075,0.00025,0.00175,0.00075
Parfetts - Birmingham,134.0,6.0,139.92,2025-05-29 04:15:30+00:00,0.00225,0.0005,0.005,0.00225
Parfetts - Birmingham,134.0,6.0,139.92,2025-05-29 04:30:30+00:00,0.0045,0.001,0.00875,0.0045
Parfetts - Birmingham,134.0,6.0,139.92,2025-05-29 04:45:30+00:00,0.00625,0.0015,0.012,0.00625
Parfetts - Birmingham,134.0,6.0,139.92,2025-05-29 05:00:30+00:00,0.00475,0.00225,0.0165,0.00475
Parfetts - Birmingham,134.0,6.0,139.92,2025-05-29 05:15:30+00:00,0.01125,0.003,0.02375,0.01125
Parfetts - Birmingham,134.0,6.0,139.92,2025-05-29 05:30:30+00:00,0.01675,0.0035,0.031,0.01675
Parfetts - Birmingham,134.0,6.0,139.92,2025-05-29 05:45:30+00:00,0.02,0.0075,0.03875,0.02
Parfetts - Birmingham,134.0,6.0,139.92,2025-05-29 06:00:30+00:00,0.0335,0.015,0.047,0.03225
Parfetts - Birmingham,134.0,6.0,139.92,2025-05-29 06:15:30+00:00,0.0385,0.01675,0.05375,0.0375
Parfetts - Birmingham,134.0,6.0,139.92,2025-05-29 06:30:30+00:00,0.0325,0.01125,0.05475,0.03225
Parfetts - Birmingham,134.0,6.0,139.92,2025-05-29 06:45:30+00:00,0.0285,0.01425,0.0625,0.0285
Parfetts - Birmingham,134.0,6.0,139.92,2025-05-29 07:00:30+00:00,0.05625,0.017,0.075,0.05425
Parfetts - Birmingham,134.0,6.0,139.92,2025-05-29 07:15:30+00:00,0.05075,0.02725,0.08175,0.04975
Parfetts - Birmingham,134.0,6.0,139.92,2025-05-29 07:30:30+00:00,0.05625,0.0355,0.086,0.0555
Parfetts - Birmingham,134.0,6.0,139.92,2025-05-29 07:45:30+00:00,0.077,0.0505,0.09425,0.07425
Parfetts - Birmingham,134.0,6.0,139.92,2025-05-29 08:00:30+00:00,0.08275,0.056,0.1015,0.07975
Parfetts - Birmingham,134.0,6.0,139.92,2025-05-29 08:15:30+00:00,0.0755,0.0535,0.10075,0.0735
Parfetts - Birmingham,134.0,6.0,139.92,2025-05-29 08:30:30+00:00,0.073,0.05,0.10725,0.0715
Parfetts - Birmingham,134.0,6.0,139.92,2025-05-29 08:45:30+00:00,0.08775,0.0435,0.1295,0.08525
Parfetts - Birmingham,134.0,6.0,139.92,2025-05-29 09:00:30+00:00,0.098,0.04775,0.1555,0.095
Parfetts - Birmingham,134.0,6.0,139.92,2025-05-29 09:15:30+00:00,0.12,0.065,0.18525,0.11475
Parfetts - Birmingham,134.0,6.0,139.92,2025-05-29 09:30:30+00:00,0.15775,0.0895,0.20575,0.1485
Parfetts - Birmingham,134.0,6.0,139.92,2025-05-29 09:45:30+00:00,0.162,0.10625,0.21,0.15275
Parfetts - Birmingham,134.0,6.0,139.92,2025-05-29 10:00:30+00:00,0.1535,0.12175,0.2165,0.1455
Parfetts - Birmingham,134.0,6.0,139.92,2025-05-29 10:15:30+00:00,0.1935,0.1345,0.23025,0.182
Parfetts - Birmingham,134.0,6.0,139.92,2025-05-29 10:30:30+00:00,0.1975,0.13425,0.241,0.18625
Parfetts - Birmingham,134.0,6.0,139.92,2025-05-29 10:45:30+00:00,0.17175,0.112,0.23175,0.164
Parfetts - Birmingham,134.0,6.0,139.92,2025-05-29 11:00:30+00:00,0.14575,0.11075,0.21475,0.141
Parfetts - Birmingham,134.0,6.0,139.92,2025-05-29 11:15:30+00:00,0.17375,0.115,0.219,0.16675
Parfetts - Birmingham,134.0,6.0,139.92,2025-05-29 11:30:30+00:00,0.179,0.1225,0.22975,0.1725
Parfetts - Birmingham,134.0,6.0,139.92,2025-05-29 11:45:30+00:00,0.1745,0.0945,0.227,0.16875
Parfetts - Birmingham,134.0,6.0,139.92,2025-05-29 12:00:30+00:00,0.12675,0.07,0.20975,0.12425
Parfetts - Birmingham,134.0,6.0,139.92,2025-05-29 12:15:30+00:00,0.11825,0.0605,0.17425,0.117
Parfetts - Birmingham,134.0,6.0,139.92,2025-05-29 12:30:30+00:00,0.107,0.07225,0.15025,0.10625
Parfetts - Birmingham,134.0,6.0,139.92,2025-05-29 12:45:30+00:00,0.108,0.0875,0.133,0.1075
Parfetts - Birmingham,134.0,6.0,139.92,2025-05-29 13:00:30+00:00,0.11525,0.0915,0.13125,0.115
Parfetts - Birmingham,134.0,6.0,139.92,2025-05-29 13:15:30+00:00,0.1105,0.06875,0.15125,0.1105
Parfetts - Birmingham,134.0,6.0,139.92,2025-05-29 13:30:30+00:00,0.1035,0.04525,0.1695,0.10375
Parfetts - Birmingham,134.0,6.0,139.92,2025-05-29 13:45:30+00:00,0.10725,0.0455,0.21075,0.10775
Parfetts - Birmingham,134.0,6.0,139.92,2025-05-29 14:00:30+00:00,0.1725,0.06875,0.2135,0.17375
Parfetts - Birmingham,134.0,6.0,139.92,2025-05-29 14:15:30+00:00,0.1595,0.082,0.206,0.1615
Parfetts - Birmingham,134.0,6.0,139.92,2025-05-29 14:30:30+00:00,0.1245,0.069,0.191,0.1265
Parfetts - Birmingham,134.0,6.0,139.92,2025-05-29 14:45:30+00:00,0.10525,0.0645,0.15475,0.10725
Parfetts - Birmingham,134.0,6.0,139.92,2025-05-29 15:00:30+00:00,0.09825,0.0665,0.13075,0.1005
Parfetts - Birmingham,134.0,6.0,139.92,2025-05-29 15:15:30+00:00,0.09175,0.0685,0.11625,0.094
Parfetts - Birmingham,134.0,6.0,139.92,2025-05-29 15:30:30+00:00,0.08675,0.06675,0.115,0.0895
Parfetts - Birmingham,134.0,6.0,139.92,2025-05-29 15:45:30+00:00,0.09325,0.066,0.117,0.09725
Parfetts - Birmingham,134.0,6.0,139.92,2025-05-29 16:00:30+00:00,0.094,0.069,0.1115,0.099
Parfetts - Birmingham,134.0,6.0,139.92,2025-05-29 16:15:30+00:00,0.08375,0.069,0.1045,0.08825
Parfetts - Birmingham,134.0,6.0,139.92,2025-05-29 16:30:30+00:00,0.08125,0.06275,0.0905,0.08675
Parfetts - Birmingham,134.0,6.0,139.92,2025-05-29 16:45:30+00:00,0.066,0.056,0.082,0.0705
Parfetts - Birmingham,134.0,6.0,139.92,2025-05-29 17:00:30+00:00,0.0595,0.049,0.07125,0.0635
Parfetts - Birmingham,134.0,6.0,139.92,2025-05-29 17:15:30+00:00,0.054,0.04475,0.064,0.05875
Parfetts - Birmingham,134.0,6.0,139.92,2025-05-29 17:30:30+00:00,0.04925,0.04025,0.058,0.05425
Parfetts - Birmingham,134.0,6.0,139.92,2025-05-29 17:45:30+00:00,0.04325,0.03275,0.05325,0.04925
Parfetts - Birmingham,134.0,6.0,139.92,2025-05-29 18:00:30+00:00,0.03625,0.023,0.04675,0.04275
Parfetts - Birmingham,134.0,6.0,139.92,2025-05-29 18:15:30+00:00,0.02725,0.01525,0.04125,0.031
Parfetts - Birmingham,134.0,6.0,139.92,2025-05-29 18:30:30+00:00,0.0205,0.0115,0.037,0.0225
Parfetts - Birmingham,134.0,6.0,139.92,2025-05-29 18:45:30+00:00,0.02075,0.00775,0.02625,0.026
Parfetts - Birmingham,134.0,6.0,139.92,2025-05-29 19:00:30+00:00,0.013,0.0065,0.02175,0.01575
Parfetts - Birmingham,134.0,6.0,139.92,2025-05-29 19:15:30+00:00,0.0085,0.0035,0.01525,0.00925
Parfetts - Birmingham,134.0,6.0,139.92,2025-05-29 19:30:30+00:00,0.0055,0.00175,0.00925,0.00575
Parfetts - Birmingham,134.0,6.0,139.92,2025-05-29 19:45:30+00:00,0.00225,0.00125,0.0045,0.00225
Parfetts - Birmingham,134.0,6.0,139.92,2025-05-29 20:00:30+00:00,0.001,0.0005,0.00175,0.001
Parfetts - Birmingham,134.0,6.0,139.92,2025-05-29 20:15:30+00:00,0.0,0.0,0.0,0.0
Parfetts - Birmingham,134.0,6.0,139.92,2025-05-29 20:30:30+00:00,0.0,0.0,0.0,0.0
Parfetts - Birmingham,134.0,6.0,139.92,2025-05-29 20:45:30+00:00,0.0,0.0,0.0,0.0
Parfetts - Birmingham,134.0,6.0,139.92,2025-05-29 21:00:30+00:00,0.0,0.0,0.0,0.0
Parfetts - Birmingham,134.0,6.0,139.92,2025-05-29 21:15:30+00:00,0.0,0.0,0.0,0.0
Parfetts - Birmingham,134.0,6.0,139.92,2025-05-29 21:30:30+00:00,0.0,0.0,0.0,0.0
Parfetts - Birmingham,134.0,6.0,139.92,2025-05-29 21:45:30+00:00,0.0,0.0,0.0,0.0
Parfetts - Birmingham,134.0,6.0,139.92,2025-05-29 22:00:30+00:00,0.0,0.0,0.0,0.0
Parfetts - Birmingham,134.0,6.0,139.92,2025-05-29 22:15:30+00:00,0.0,0.0,0.0,0.0
Parfetts - Birmingham,134.0,6.0,139.92,2025-05-29 22:30:30+00:00,0.0,0.0,0.0,0.0
Parfetts - Birmingham,134.0,6.0,139.92,2025-05-29 22:45:30+00:00,0.0,0.0,0.0,0.0
Parfetts - Birmingham,134.0,6.0,139.92,2025-05-29 23:00:30+00:00,0.0,0.0,0.0,0.0
Parfetts - Birmingham,134.0,6.0,139.92,2025-05-29 23:15:30+00:00,0.0,0.0,0.0,0.0
Parfetts - Birmingham,134.0,6.0,139.92,2025-05-29 23:30:30+00:00,0.0,0.0,0.0,0.0
Parfetts - Birmingham,134.0,6.0,139.92,2025-05-29 23:45:30+00:00,0.0,0.0,0.0,0.0
Parfetts - Birmingham,134.0,6.0,139.92,2025-05-30 00:00:30+00:00,0.0,0.0,0.0,0.0
Parfetts - Birmingham,134.0,6.0,139.92,2025-05-30 00:15:30+00:00,0.0,0.0,0.0,0.0
Parfetts - Birmingham,134.0,6.0,139.92,2025-05-30 00:30:30+00:00,0.0,0.0,0.0,0.0
Parfetts - Birmingham,134.0,6.0,139.92,2025-05-30 00:45:30+00:00,0.0,0.0,0.0,0.0
Parfetts - Birmingham,134.0,6.0,139.92,2025-05-30 01:00:30+00:00,0.0,0.0,0.0,0.0
Parfetts - Birmingham,134.0,6.0,139.92,2025-05-30 01:15:30+00:00,0.0,0.0,0.0,0.0
Parfetts - Birmingham,134.0,6.0,139.92,2025-05-30 01:30:30+00:00,0.0,0.0,0.0,0.0
Parfetts - Birmingham,134.0,6.0,139.92,2025-05-30 01:45:30+00:00,0.0,0.0,0.0,0.0
Parfetts - Birmingham,134.0,6.0,139.92,2025-05-30 02:00:30+00:00,0.0,0.0,0.0,0.0
Parfetts - Birmingham,134.0,6.0,139.92,2025-05-30 02:15:30+00:00,0.0,0.0,0.0,0.0
Parfetts - Birmingham,134.0,6.0,139.92,2025-05-30 02:30:30+00:00,0.0,0.0,0.0,0.0
Parfetts - Birmingham,134.0,6.0,139.92,2025-05-30 02:45:30+00:00,0.0,0.0,0.0,0.0
Parfetts - Birmingham,134.0,6.0,139.92,2025-05-30 03:00:30+00:00,0.0,0.0,0.0,0.0
Parfetts - Birmingham,134.0,6.0,139.92,2025-05-30 03:15:30+00:00,0.0,0.0,0.0,0.0
Parfetts - Birmingham,134.0,6.0,139.92,2025-05-30 03:30:30+00:00,0.0,0.0,0.0,0.0
Parfetts - Birmingham,134.0,6.0,139.92,2025-05-30 03:45:30+00:00,0.0,0.0,0.0,0.0
Parfetts - Birmingham,134.0,6.0,139.92,2025-05-30 04:00:30+00:00,0.00175,0.0015,0.00225,0.002
Parfetts - Birmingham,134.0,6.0,139.92,2025-05-30 04:15:30+00:00,0.0065,0.0045,0.008,0.0055
Parfetts - Birmingham,134.0,6.0,139.92,2025-05-30 04:30:30+00:00,0.01325,0.00925,0.01625,0.0115
Parfetts - Birmingham,134.0,6.0,139.92,2025-05-30 04:45:30+00:00,0.02175,0.0155,0.0255,0.01875
Parfetts - Birmingham,134.0,6.0,139.92,2025-05-30 05:00:30+00:00,0.031,0.021,0.03525,0.02675
Parfetts - Birmingham,134.0,6.0,139.92,2025-05-30 05:15:30+00:00,0.0405,0.0245,0.04575,0.03525
Parfetts - Birmingham,134.0,6.0,139.92,2025-05-30 05:30:30+00:00,0.051,0.0215,0.05575,0.04525
Parfetts - Birmingham,134.0,6.0,139.92,2025-05-30 05:45:30+00:00,0.04275,0.01275,0.064,0.0395
Parfetts - Birmingham,134.0,6.0,139.92,2025-05-30 06:00:30+00:00,0.03325,0.0065,0.066,0.03225
Parfetts - Birmingham,134.0,6.0,139.92,2025-05-30 06:15:30+00:00,0.0325,0.01175,0.07675,0.03225
Parfetts - Birmingham,134.0,6.0,139.92,2025-05-30 06:30:30+00:00,0.072,0.0215,0.097,0.06625
Parfetts - Birmingham,134.0,6.0,139.92,2025-05-30 06:45:30+00:00,0.06875,0.01925,0.1035,0.0645
Parfetts - Birmingham,134.0,6.0,139.92,2025-05-30 07:00:30+00:00,0.04225,0.01,0.098,0.0415
Parfetts - Birmingham,134.0,6.0,139.92,2025-05-30 07:15:30+00:00,0.05375,0.017,0.11275,0.05225
Parfetts - Birmingham,134.0,6.0,139.92,2025-05-30 07:30:30+00:00,0.10275,0.0315,0.1335,0.0955
Parfetts - Birmingham,134.0,6.0,139.92,2025-05-30 07:45:30+00:00,0.086,0.039,0.1375,0.0815
Parfetts - Birmingham,134.0,6.0,139.92,2025-05-30 08:00:30+00:00,0.076,0.04125,0.11975,0.0735
Parfetts - Birmingham,134.0,6.0,139.92,2025-05-30 08:15:30+00:00,0.081,0.0435,0.11525,0.0785
Parfetts - Birmingham,134.0,6.0,139.92,2025-05-30 08:30:30+00:00,0.08075,0.05525,0.122,0.0785
Parfetts - Birmingham,134.0,6.0,139.92,2025-05-30 08:45:30+00:00,0.106,0.0655,0.144,0.10125
Parfetts - Birmingham,134.0,6.0,139.92,2025-05-30 09:00:30+00:00,0.126,0.08375,0.15475,0.12
Parfetts - Birmingham,134.0,6.0,139.92,2025-05-30 09:15:30+00:00,0.1245,0.09325,0.155,0.119
Parfetts - Birmingham,134.0,6.0,139.92,2025-05-30 09:30:30+00:00,0.1215,0.103,0.157,0.1165
Parfetts - Birmingham,134.0,6.0,139.92,2025-05-30 09:45:30+00:00,0.1445,0.10975,0.16725,0.138
Parfetts - Birmingham,134.0,6.0,139.92,2025-05-30 10:00:30+00:00,0.1485,0.1185,0.1815,0.14225
Parfetts - Birmingham,134.0,6.0,139.92,2025-05-30 10:15:30+00:00,0.15775,0.12075,0.192,0.15
Parfetts - Birmingham,134.0,6.0,139.92,2025-05-30 10:30:30+00:00,0.161,0.11225,0.19125,0.1535
Parfetts - Birmingham,134.0,6.0,139.92,2025-05-30 10:45:30+00:00,0.13425,0.0985,0.183,0.13
Parfetts - Birmingham,134.0,6.0,139.92,2025-05-30 11:00:30+00:00,0.12725,0.09225,0.17575,0.1245
Parfetts - Birmingham,134.0,6.0,139.92,2025-05-30 11:15:30+00:00,0.142,0.092,0.176,0.138
Parfetts - Birmingham,134.0,6.0,139.92,2025-05-30 11:30:30+00:00,0.13025,0.0855,0.169,0.127
Parfetts - Birmingham,134.0,6.0,139.92,2025-05-30 11:45:30+00:00,0.108,0.0785,0.15675,0.10675
Parfetts - Birmingham,134.0,6.0,139.92,2025-05-30 12:00:30+00:00,0.11525,0.078,0.14475,0.11375
Parfetts - Birmingham,134.0,6.0,139.92,2025-05-30 12:15:30+00:00,0.11,0.082,0.1365,0.109
Parfetts - Birmingham,134.0,6.0,139.92,2025-05-30 12:30:30+00:00,0.10225,0.0855,0.1325,0.1015
Parfetts - Birmingham,134.0,6.0,139.92,2025-05-30 12:45:30+00:00,0.11475,0.08475,0.13125,0.114
Parfetts - Birmingham,134.0,6.0,139.92,2025-05-30 13:00:30+00:00,0.1065,0.0825,0.135,0.10625
Parfetts - Birmingham,134.0,6.0,139.92,2025-05-30 13:15:30+00:00,0.1045,0.0775,0.13475,0.1045
Parfetts - Birmingham,134.0,6.0,139.92,2025-05-30 13:30:30+00:00,0.107,0.0655,0.131,0.10725
Parfetts - Birmingham,134.0,6.0,139.92,2025-05-30 13:45:30+00:00,0.08275,0.06075,0.12725,0.08325
Parfetts - Birmingham,134.0,6.0,139.92,2025-05-30 14:00:30+00:00,0.092,0.059,0.127,0.09275
Parfetts - Birmingham,134.0,6.0,139.92,2025-05-30 14:15:30+00:00,0.1035,0.0605,0.124,0.1045
Parfetts - Birmingham,134.0,6.0,139.92,2025-05-30 14:30:30+00:00,0.08125,0.0565,0.1215,0.08225
Parfetts - Birmingham,134.0,6.0,139.92,2025-05-30 14:45:30+00:00,0.082,0.05275,0.119,0.08325
Parfetts - Birmingham,134.0,6.0,139.92,2025-05-30 15:00:30+00:00,0.09325,0.058,0.12425,0.09525
Parfetts - Birmingham,134.0,6.0,139.92,2025-05-30 15:15:30+00:00,0.09725,0.06425,0.1215,0.1
Parfetts - Birmingham,134.0,6.0,139.92,2025-05-30 15:30:30+00:00,0.088,0.059,0.11475,0.0905
Parfetts - Birmingham,134.0,6.0,139.92,2025-05-30 15:45:30+00:00,0.07525,0.04575,0.1075,0.07775
Parfetts - Birmingham,134.0,6.0,139.92,2025-05-30 16:00:30+00:00,0.0665,0.02875,0.10075,0.0685
Parfetts - Birmingham,134.0,6.0,139.92,2025-05-30 16:15:30+00:00,0.05275,0.02625,0.1055,0.054
Parfetts - Birmingham,134.0,6.0,139.92,2025-05-30 16:30:30+00:00,0.0745,0.02725,0.10425,0.0795
Parfetts - Birmingham,134.0,6.0,139.92,2025-05-30 16:45:30+00:00,0.0705,0.042,0.1015,0.07575
Parfetts - Birmingham,134.0,6.0,139.92,2025-05-30 17:00:30+00:00,0.06825,0.04525,0.08375,0.07525
Parfetts - Birmingham,134.0,6.0,139.92,2025-05-30 17:15:30+00:00,0.0565,0.0445,0.07225,0.06175
Parfetts - Birmingham,134.0,6.0,139.92,2025-05-30 17:30:30+00:00,0.04925,0.0345,0.0685,0.0545
Parfetts - Birmingham,134.0,6.0,139.92,2025-05-30 17:45:30+00:00,0.04675,0.028,0.06575,0.05425
Parfetts - Birmingham,134.0,6.0,139.92,2025-05-30 18:00:30+00:00,0.04425,0.026,0.0525,0.0555
Parfetts - Birmingham,134.0,6.0,139.92,2025-05-30 18:15:30+00:00,0.03675,0.0245,0.04125,0.04975
Parfetts - Birmingham,134.0,6.0,139.92,2025-05-30 18:30:30+00:00,0.02875,0.01925,0.0315,0.042
Parfetts - Birmingham,134.0,6.0,139.92,2025-05-30 18:45:30+00:00,0.02275,0.0135,0.02425,0.0345
Parfetts - Birmingham,134.0,6.0,139.92,2025-05-30 19:00:30+00:00,0.01625,0.00675,0.019,0.0235
Parfetts - Birmingham,134.0,6.0,139.92,2025-05-30 19:15:30+00:00,0.009,0.003,0.01575,0.01075
Parfetts - Birmingham,134.0,6.0,139.92,2025-05-30 19:30:30+00:00,0.005,0.001,0.01125,0.00525
Parfetts - Birmingham,134.0,6.0,139.92,2025-05-30 19:45:30+00:00,0.00225,0.0005,0.005,0.00225
Parfetts - Birmingham,134.0,6.0,139.92,2025-05-30 20:00:30+00:00,0.001,0.00025,0.00175,0.001
Parfetts - Birmingham,134.0,6.0,139.92,2025-05-30 20:15:30+00:00,0.0,0.0,0.0,0.0
Parfetts - Birmingham,134.0,6.0,139.92,2025-05-30 20:30:30+00:00,0.0,0.0,0.0,0.0
Parfetts - Birmingham,134.0,6.0,139.92,2025-05-30 20:45:30+00:00,0.0,0.0,0.0,0.0
Parfetts - Birmingham,134.0,6.0,139.92,2025-05-30 21:00:30+00:00,0.0,0.0,0.0,0.0
Parfetts - Birmingham,134.0,6.0,139.92,2025-05-30 21:15:30+00:00,0.0,0.0,0.0,0.0
Parfetts - Birmingham,134.0,6.0,139.92,2025-05-30 21:30:30+00:00,0.0,0.0,0.0,0.0
Parfetts - Birmingham,134.0,6.0,139.92,2025-05-30 21:45:30+00:00,0.0,0.0,0.0,0.0
Parfetts - Birmingham,134.0,6.0,139.92,2025-05-30 22:00:30+00:00,0.0,0.0,0.0,0.0
Parfetts - Birmingham,134.0,6.0,139.92,2025-05-30 22:15:30+00:00,0.0,0.0,0.0,0.0
Parfetts - Birmingham,134.0,6.0,139.92,2025-05-30 22:30:30+00:00,0.0,0.0,0.0,0.0
Parfetts - Birmingham,134.0,6.0,139.92,2025-05-30 22:45:30+00:00,0.0,0.0,0.0,0.0
Parfetts - Birmingham,134.0,6.0,139.92,2025-05-30 23:00:30+00:00,0.0,0.0,0.0,0.0
Parfetts - Birmingham,134.0,6.0,139.92,2025-05-30 23:15:30+00:00,0.0,0.0,0.0,0.0
Parfetts - Birmingham,134.0,6.0,139.92,2025-05-30 23:30:30+00:00,0.0,0.0,0.0,0.0
Parfetts - Birmingham,134.0,6.0,139.92,2025-05-30 23:45:30+00:00,0.0,0.0,0.0,0.0
Parfetts - Birmingham,134.0,6.0,139.92,2025-05-31 00:00:30+00:00,0.0,0.0,0.0,0.0
Parfetts - Birmingham,134.0,6.0,139.92,2025-05-31 00:15:30+00:00,0.0,0.0,0.0,0.0
Parfetts - Birmingham,134.0,6.0,139.92,2025-05-31 00:30:30+00:00,0.0,0.0,0.0,0.0
Parfetts - Birmingham,134.0,6.0,139.92,2025-05-31 00:45:30+00:00,0.0,0.0,0.0,0.0
Parfetts - Birmingham,134.0,6.0,139.92,2025-05-31 01:00:30+00:00,0.0,0.0,0.0,0.0
Parfetts - Birmingham,134.0,6.0,139.92,2025-05-31 01:15:30+00:00,0.0,0.0,0.0,0.0
Parfetts - Birmingham,134.0,6.0,139.92,2025-05-31 01:30:30+00:00,0.0,0.0,0.0,0.0
Parfetts - Birmingham,134.0,6.0,139.92,2025-05-31 01:45:30+00:00,0.0,0.0,0.0,0.0
Parfetts - Birmingham,134.0,6.0,139.92,2025-05-31 02:00:30+00:00,0.0,0.0,0.0,0.0
Parfetts - Birmingham,134.0,6.0,139.92,2025-05-31 02:15:30+00:00,0.0,0.0,0.0,0.0
Parfetts - Birmingham,134.0,6.0,139.92,2025-05-31 02:30:30+00:00,0.0,0.0,0.0,0.0
Parfetts - Birmingham,134.0,6.0,139.92,2025-05-31 02:45:30+00:00,0.0,0.0,0.0,0.0
Parfetts - Birmingham,134.0,6.0,139.92,2025-05-31 03:00:30+00:00,0.0,0.0,0.0,0.0
Parfetts - Birmingham,134.0,6.0,139.92,2025-05-31 03:15:30+00:00,0.0,0.0,0.0,0.0
Parfetts - Birmingham,134.0,6.0,139.92,2025-05-31 03:30:30+00:00,0.0,0.0,0.0,0.0
Parfetts - Birmingham,134.0,6.0,139.92,2025-05-31 03:45:30+00:00,0.0005,0.00025,0.00075,0.0005
Parfetts - Birmingham,134.0,6.0,139.92,2025-05-31 04:00:30+00:00,0.00125,0.00075,0.00225,0.00125
Parfetts - Birmingham,134.0,6.0,139.92,2025-05-31 04:15:30+00:00,0.0035,0.00175,0.00625,0.00375
Parfetts - Birmingham,134.0,6.0,139.92,2025-05-31 04:30:30+00:00,0.00725,0.00375,0.01225,0.00725
Parfetts - Birmingham,134.0,6.0,139.92,2025-05-31 04:45:30+00:00,0.0135,0.00775,0.0205,0.013
Parfetts - Birmingham,134.0,6.0,139.92,2025-05-31 05:00:30+00:00,0.02125,0.01025,0.0275,0.02
Parfetts - Birmingham,134.0,6.0,139.92,2025-05-31 05:15:30+00:00,0.02075,0.01175,0.0335,0.02025
Parfetts - Birmingham,134.0,6.0,139.92,2025-05-31 05:30:30+00:00,0.0265,0.01425,0.03825,0.02575
Parfetts - Birmingham,134.0,6.0,139.92,2025-05-31 05:45:30+00:00,0.03125,0.0175,0.04275,0.03025
Parfetts - Birmingham,134.0,6.0,139.92,2025-05-31 06:00:30+00:00,0.03225,0.0205,0.04425,0.03175
Parfetts - Birmingham,134.0,6.0,139.92,2025-05-31 06:15:30+00:00,0.0335,0.02425,0.0465,0.03325
Parfetts - Birmingham,134.0,6.0,139.92,2025-05-31 06:30:30+00:00,0.0405,0.0295,0.0515,0.04
Parfetts - Birmingham,134.0,6.0,139.92,2025-05-31 06:45:30+00:00,0.04775,0.037,0.0585,0.0465
Parfetts - Birmingham,134.0,6.0,139.92,2025-05-31 07:00:30+00:00,0.05425,0.04375,0.06575,0.05275
Parfetts - Birmingham,134.0,6.0,139.92,2025-05-31 07:15:30+00:00,0.06225,0.051,0.073,0.0605
Parfetts - Birmingham,134.0,6.0,139.92,2025-05-31 07:30:30+00:00,0.069,0.0575,0.08,0.06675
Parfetts - Birmingham,134.0,6.0,139.92,2025-05-31 07:45:30+00:00,0.0745,0.062,0.0885,0.07225
Parfetts - Birmingham,134.0,6.0,139.92,2025-05-31 08:00:30+00:00,0.08275,0.063,0.1025,0.07975
Parfetts - Birmingham,134.0,6.0,139.92,2025-05-31 08:15:30+00:00,0.09075,0.0615,0.1225,0.0875
Parfetts - Birmingham,134.0,6.0,139.92,2025-05-31 08:30:30+00:00,0.102,0.06625,0.1455,0.09825
Parfetts - Birmingham,134.0,6.0,139.92,2025-05-31 08:45:30+00:00,0.12575,0.08325,0.1685,0.11925
Parfetts - Birmingham,134.0,6.0,139.92,2025-05-31 09:00:30+00:00,0.1495,0.10775,0.17975,0.14025
Parfetts - Birmingham,134.0,6.0,139.92,2025-05-31 09:15:30+00:00,0.15375,0.1235,0.18,0.1445
Parfetts - Birmingham,134.0,6.0,139.92,2025-05-31 09:30:30+00:00,0.151,0.13375,0.18,0.14275
Parfetts - Birmingham,134.0,6.0,139.92,2025-05-31 09:45:30+00:00,0.1665,0.14125,0.1885,0.157
Parfetts - Birmingham,134.0,6.0,139.92,2025-05-31 10:00:30+00:00,0.17725,0.15025,0.2025,0.1665
Parfetts - Birmingham,134.0,6.0,139.92,2025-05-31 10:15:30+00:00,0.18375,0.15225,0.2075,0.17325
Parfetts - Birmingham,134.0,6.0,139.92,2025-05-31 10:30:30+00:00,0.17675,0.14675,0.2045,0.16825
Parfetts - Birmingham,134.0,6.0,139.92,2025-05-31 10:45:30+00:00,0.1665,0.1445,0.197,0.15925
Parfetts - Birmingham,134.0,6.0,139.92,2025-05-31 11:00:30+00:00,0.169,0.14875,0.18975,0.162
Parfetts - Birmingham,134.0,6.0,139.92,2025-05-31 11:15:30+00:00,0.17175,0.157,0.18575,0.16525
Parfetts - Birmingham,134.0,6.0,139.92,2025-05-31 11:30:30+00:00,0.173,0.1565,0.18975,0.167
Parfetts - Birmingham,134.0,6.0,139.92,2025-05-31 11:45:30+00:00,0.17375,0.1475,0.19925,0.16825
Parfetts - Birmingham,134.0,6.0,139.92,2025-05-31 12:00:30+00:00,0.17275,0.12825,0.205,0.168
Parfetts - Birmingham,134.0,6.0,139.92,2025-05-31 12:15:30+00:00,0.152,0.115,0.2225,0.149
Parfetts - Birmingham,134.0,6.0,139.92,2025-05-31 12:30:30+00:00,0.1825,0.089,0.2285,0.1785
Parfetts - Birmingham,134.0,6.0,139.92,2025-05-31 12:45:30+00:00,0.139,0.063,0.22525,0.1375
Parfetts - Birmingham,134.0,6.0,139.92,2025-05-31 13:00:30+00:00,0.1105,0.04225,0.18875,0.11025
Parfetts - Birmingham,134.0,6.0,139.92,2025-05-31 13:15:30+00:00,0.09675,0.0395,0.16325,0.09675
Parfetts - Birmingham,134.0,6.0,139.92,2025-05-31 13:30:30+00:00,0.096,0.05575,0.16275,0.09625
Parfetts - Birmingham,134.0,6.0,139.92,2025-05-31 13:45:30+00:00,0.13475,0.065,0.1745,0.135
Parfetts - Birmingham,134.0,6.0,139.92,2025-05-31 14:00:30+00:00,0.12725,0.0885,0.17675,0.128
Parfetts - Birmingham,134.0,6.0,139.92,2025-05-31 14:15:30+00:00,0.13525,0.097,0.164,0.13675
Parfetts - Birmingham,134.0,6.0,139.92,2025-05-31 14:30:30+00:00,0.1285,0.09475,0.161,0.13075
Parfetts - Birmingham,134.0,6.0,139.92,2025-05-31 14:45:30+00:00,0.11975,0.07175,0.161,0.122
Parfetts - Birmingham,134.0,6.0,139.92,2025-05-31 15:00:30+00:00,0.1005,0.04475,0.149,0.10275
Parfetts - Birmingham,134.0,6.0,139.92,2025-05-31 15:15:30+00:00,0.07,0.0275,0.1285,0.07125
Parfetts - Birmingham,134.0,6.0,139.92,2025-05-31 15:30:30+00:00,0.06275,0.01725,0.11625,0.06375
Parfetts - Birmingham,134.0,6.0,139.92,2025-05-31 15:45:30+00:00,0.066,0.02525,0.1225,0.06775
Parfetts - Birmingham,134.0,6.0,139.92,2025-05-31 16:00:30+00:00,0.09075,0.0375,0.126,0.09525
Parfetts - Birmingham,134.0,6.0,139.92,2025-05-31 16:15:30+00:00,0.08875,0.05025,0.122,0.094
Parfetts - Birmingham,134.0,6.0,139.92,2025-05-31 16:30:30+00:00,0.07875,0.04825,0.105,0.0835
Parfetts - Birmingham,134.0,6.0,139.92,2025-05-31 16:45:30+00:00,0.0625,0.0415,0.08675,0.066
Parfetts - Birmingham,134.0,6.0,139.92,2025-05-31 17:00:30+00:00,0.05075,0.035,0.073,0.05325
Parfetts - Birmingham,134.0,6.0,139.92,2025-05-31 17:15:30+00:00,0.04775,0.031,0.06375,0.0505
Parfetts - Birmingham,134.0,6.0,139.92,2025-05-31 17:30:30+00:00,0.0435,0.03,0.05975,0.0465
Parfetts - Birmingham,134.0,6.0,139.92,2025-05-31 17:45:30+00:00,0.0425,0.0275,0.05525,0.04675
Parfetts - Birmingham,134.0,6.0,139.92,2025-05-31 18:00:30+00:00,0.03775,0.02625,0.0485,0.04275
Parfetts - Birmingham,134.0,6.0,139.92,2025-05-31 18:15:30+00:00,0.03175,0.022,0.04125,0.0375
Parfetts - Birmingham,134.0,6.0,139.92,2025-05-31 18:30:30+00:00,0.0255,0.016,0.03425,0.031
Parfetts - Birmingham,134.0,6.0,139.92,2025-05-31 18:45:30+00:00,0.01875,0.00925,0.0285,0.02275
Parfetts - Birmingham,134.0,6.0,139.92,2025-05-31 19:00:30+00:00,0.01275,0.004,0.02275,0.014
Parfetts - Birmingham,134.0,6.0,139.92,2025-05-31 19:15:30+00:00,0.00725,0.0015,0.0155,0.0075
Parfetts - Birmingham,134.0,6.0,139.92,2025-05-31 19:30:30+00:00,0.004,0.00075,0.0085,0.004
Parfetts - Birmingham,134.0,6.0,139.92,2025-05-31 19:45:30+00:00,0.00175,0.00025,0.004,0.00175
Parfetts - Birmingham,134.0,6.0,139.92,2025-05-31 20:00:30+00:00,0.00075,0.00025,0.0015,0.00075
Parfetts - Birmingham,134.0,6.0,139.92,2025-05-31 20:15:30+00:00,0.0,0.0,0.0,0.0
Parfetts - Birmingham,134.0,6.0,139.92,2025-05-31 20:30:30+00:00,0.0,0.0,0.0,0.0
Parfetts - Birmingham,134.0,6.0,139.92,2025-05-31 20:45:30+00:00,0.0,0.0,0.0,0.0
Parfetts - Birmingham,134.0,6.0,139.92,2025-05-31 21:00:30+00:00,0.0,0.0,0.0,0.0
Parfetts - Birmingham,134.0,6.0,139.92,2025-05-31 21:15:30+00:00,0.0,0.0,0.0,0.0
Parfetts - Birmingham,134.0,6.0,139.92,2025-05-31 21:30:30+00:00,0.0,0.0,0.0,0.0
Parfetts - Birmingham,134.0,6.0,139.92,2025-05-31 21:45:30+00:00,0.0,0.0,0.0,0.0
Parfetts - Birmingham,134.0,6.0,139.92,2025-05-31 22:00:30+00:00,0.0,0.0,0.0,0.0
Parfetts - Birmingham,134.0,6.0,139.92,2025-05-31 22:15:30+00:00,0.0,0.0,0.0,0.0
Parfetts - Birmingham,134.0,6.0,139.92,2025-05-31 22:30:30+00:00,0.0,0.0,0.0,0.0
Parfetts - Birmingham,134.0,6.0,139.92,2025-05-31 22:45:30+00:00,0.0,0.0,0.0,0.0
Parfetts - Birmingham,134.0,6.0,139.92,2025-05-31 23:00:30+00:00,0.0,0.0,0.0,0.0
Parfetts - Birmingham,134.0,6.0,139.92,2025-05-31 23:15:30+00:00,0.0,0.0,0.0,0.0
Parfetts - Birmingham,134.0,6.0,139.92,2025-05-31 23:30:30+00:00,0.0,0.0,0.0,0.0
Parfetts - Birmingham,134.0,6.0,139.92,2025-05-31 23:45:30+00:00,0.0,0.0,0.0,0.0
Parfetts - Birmingham,134.0,6.0,139.92,2025-05-01 00:00:30+00:00,0.0,0.0,0.0,0.0
Parfetts - Birmingham,134.0,6.0,139.92,2025-05-01 00:15:30+00:00,0.0,0.0,0.0,0.0
Parfetts - Birmingham,134.0,6.0,139.92,2025-05-01 00:30:30+00:00,0.0,0.0,0.0,0.0
Parfetts - Birmingham,134.0,6.0,139.92,2025-05-01 00:45:30+00:00,0.0,0.0,0.0,0.0
Parfetts - Birmingham,134.0,6.0,139.92,2025-05-01 01:00:30+00:00,0.0,0.0,0.0,0.0
Parfetts - Birmingham,134.0,6.0,139.92,2025-05-01 01:15:30+00:00,0.0,0.0,0.0,0.0
Parfetts - Birmingham,134.0,6.0,139.92,2025-05-01 01:30:30+00:00,0.0,0.0,0.0,0.0
Parfetts - Birmingham,134.0,6.0,139.92,2025-05-01 01:45:30+00:00,0.0,0.0,0.0,0.0
Parfetts - Birmingham,134.0,6.0,139.92,2025-05-01 02:00:30+00:00,0.0,0.0,0.0,0.0
Parfetts - Birmingham,134.0,6.0,139.92,2025-05-01 02:15:30+00:00,0.0,0.0,0.0,0.0
Parfetts - Birmingham,134.0,6.0,139.92,2025-05-01 02:30:30+00:00,0.0,0.0,0.0,0.0
Parfetts - Birmingham,134.0,6.0,139.92,2025-05-01 02:45:30+00:00,0.0,0.0,0.0,0.0
Parfetts - Birmingham,134.0,6.0,139.92,2025-05-01 03:00:30+00:00,0.0,0.0,0.0,0.0
Parfetts - Birmingham,134.0,6.0,139.92,2025-05-01 03:15:30+00:00,0.0,0.0,0.0,0.0
Parfetts - Birmingham,134.0,6.0,139.92,2025-05-01 03:30:30+00:00,0.0,0.0,0.0,0.0
Parfetts - Birmingham,134.0,6.0,139.92,2025-05-01 03:45:30+00:00,0.0,0.0,0.0,0.0
Parfetts - Birmingham,134.0,6.0,139.92,2025-05-01 04:00:30+00:00,0.0,0.0,0.0,0.0
Parfetts - Birmingham,134.0,6.0,139.92,2025-05-01 04:15:30+00:00,0.0,0.0,0.0,0.0
Parfetts - Birmingham,134.0,6.0,139.92,2025-05-01 04:30:30+00:00,0.00075,0.0005,0.00125,0.00075
Parfetts - Birmingham,134.0,6.0,139.92,2025-05-01 04:45:30+00:00,0.00225,0.002,0.003,0.00225
Parfetts - Birmingham,134.0,6.0,139.92,2025-05-01 05:00:30+00:00,0.007,0.00475,0.00925,0.0065
Parfetts - Birmingham,134.0,6.0,139.92,2025-05-01 05:15:30+00:00,0.014,0.0095,0.0185,0.01225
Parfetts - Birmingham,134.0,6.0,139.92,2025-05-01 05:30:30+00:00,0.0225,0.01575,0.0285,0.0195
Parfetts - Birmingham,134.0,6.0,139.92,2025-05-01 05:45:30+00:00,0.03225,0.024,0.039,0.028
Parfetts - Birmingham,134.0,6.0,139.92,2025-05-01 06:00:30+00:00,0.043,0.0335,0.05025,0.03725
Parfetts - Birmingham,134.0,6.0,139.92,2025-05-01 06:15:30+00:00,0.054,0.04425,0.06225,0.0465
Parfetts - Birmingham,134.0,6.0,139.92,2025-05-01 06:30:30+00:00,0.0645,0.05575,0.07375,0.056
Parfetts - Birmingham,134.0,6.0,139.92,2025-05-01 06:45:30+00:00,0.07525,0.0675,0.08325,0.06575
Parfetts - Birmingham,134.0,6.0,139.92,2025-05-01 07:00:30+00:00,0.086,0.07925,0.09275,0.0755
Parfetts - Birmingham,134.0,6.0,139.92,2025-05-01 07:15:30+00:00,0.0965,0.091,0.1025,0.08525
Parfetts - Birmingham,134.0,6.0,139.92,2025-05-01 07:30:30+00:00,0.10725,0.10175,0.1125,0.095
Parfetts - Birmingham,134.0,6.0,139.92,2025-05-01 07:45:30+00:00,0.11725,0.1105,0.124,0.10425
Parfetts - Birmingham,134.0,6.0,139.92,2025-05-01 08:00:30+00:00,0.12725,0.11825,0.13525,0.1135
Parfetts - Birmingham,134.0,6.0,139.92,2025-05-01 08:15:30+00:00,0.135,0.1235,0.1445,0.12125
Parfetts - Birmingham,134.0,6.0,139.92,2025-05-01 08:30:30+00:00,0.13925,0.13075,0.1535,0.12575
Parfetts - Birmingham,134.0,6.0,139.92,2025-05-01 08:45:30+00:00,0.15225,0.139,0.16425,0.13775
Parfetts - Birmingham,134.0,6.0,139.92,2025-05-01 09:00:30+00:00,0.1625,0.14975,0.17425,0.1475
Parfetts - Birmingham,134.0,6.0,139.92,2025-05-01 09:15:30+00:00,0.17025,0.1595,0.18125,0.155
Parfetts - Birmingham,134.0,6.0,139.92,2025-05-01 09:30:30+00:00,0.17875,0.16925,0.18775,0.16275
Parfetts - Birmingham,134.0,6.0,139.92,2025-05-01 09:45:30+00:00,0.18575,0.176,0.19425,0.16975
Parfetts - Birmingham,134.0,6.0,139.92,2025-05-01 10:00:30+00:00,0.19075,0.1805,0.20025,0.175
Parfetts - Birmingham,134.0,6.0,139.92,2025-05-01 10:15:30+00:00,0.1945,0.18325,0.20425,0.17925
Parfetts - Birmingham,134.0,6.0,139.92,2025-05-01 10:30:30+00:00,0.196,0.18675,0.20725,0.18175
Parfetts - Birmingham,134.0,6.0,139.92,2025-05-01 10:45:30+00:00,0.2005,0.188,0.21225,0.18675
Parfetts - Birmingham,134.0,6.0,139.92,2025-05-01 11:00:30+00:00,0.20375,0.18875,0.21675,0.1905
Parfetts - Birmingham,134.0,6.0,139.92,2025-05-01 11:15:30+00:00,0.2035,0.18525,0.21775,0.1915
Parfetts - Birmingham,134.0,6.0,139.92,2025-05-01 11:30:30+00:00,0.19625,0.183,0.21875,0.186
Parfetts - Birmingham,134.0,6.0,139.92,2025-05-01 11:45:30+00:00,0.20375,0.18175,0.22025,0.1935
Parfetts - Birmingham,134.0,6.0,139.92,2025-05-01 12:00:30+00:00,0.20125,0.177,0.21825,0.1925
Parfetts - Birmingham,134.0,6.0,139.92,2025-05-01 12:15:30+00:00,0.18775,0.173,0.214,0.18075
Parfetts - Birmingham,134.0,6.0,139.92,2025-05-01 12:30:30+00:00,0.19125,0.171,0.21225,0.185
Parfetts - Birmingham,134.0,6.0,139.92,2025-05-01 12:45:30+00:00,0.1955,0.17475,0.2125,0.1895
Parfetts - Birmingham,134.0,6.0,139.92,2025-05-01 13:00:30+00:00,0.19325,0.1755,0.209,0.1885
Parfetts - Birmingham,134.0,6.0,139.92,2025-05-01 13:15:30+00:00,0.18775,0.17075,0.2005,0.18425
Parfetts - Birmingham,134.0,6.0,139.92,2025-05-01 13:30:30+00:00,0.1755,0.1645,0.19375,0.1735
Parfetts - Birmingham,134.0,6.0,139.92,2025-05-01 13:45:30+00:00,0.1745,0.1595,0.18825,0.1735
Parfetts - Birmingham,134.0,6.0,139.92,2025-05-01 14:00:30+00:00,0.1715,0.1545,0.18575,0.17175
Parfetts - Birmingham,134.0,6.0,139.92,2025-05-01 14:15:30+00:00,0.164,0.13725,0.18225,0.1655
Parfetts - Birmingham,134.0,6.0,139.92,2025-05-01 14:30:30+00:00,0.15375,0.11425,0.17375,0.15625
Parfetts - Birmingham,134.0,6.0,139.92,2025-05-01 14:45:30+00:00,0.13775,0.086,0.16525,0.141
Parfetts - Birmingham,134.0,6.0,139.92,2025-05-01 15:00:30+00:00,0.10475,0.07,0.1545,0.1075
Parfetts - Birmingham,134.0,6.0,139.92,2025-05-01 15:15:30+00:00,0.0935,0.06375,0.13075,0.09625
Parfetts - Birmingham,134.0,6.0,139.92,2025-05-01 15:30:30+00:00,0.093,0.069,0.12075,0.0965
Parfetts - Birmingham,134.0,6.0,139.92,2025-05-01 15:45:30+00:00,0.09675,0.07225,0.11225,0.102
Parfetts - Birmingham,134.0,6.0,139.92,2025-05-01 16:00:30+00:00,0.08725,0.06875,0.106,0.09275
Parfetts - Birmingham,134.0,6.0,139.92,2025-05-01 16:15:30+00:00,0.078,0.0585,0.0925,0.0835
Parfetts - Birmingham,134.0,6.0,139.92,2025-05-01 16:30:30+00:00,0.0625,0.052,0.08725,0.06675
Parfetts - Birmingham,134.0,6.0,139.92,2025-05-01 16:45:30+00:00,0.06575,0.0435,0.07925,0.07275
Parfetts - Birmingham,134.0,6.0,139.92,2025-05-01 17:00:30+00:00,0.05675,0.04275,0.0725,0.0635
Parfetts - Birmingham,134.0,6.0,139.92,2025-05-01 17:15:30+00:00,0.051,0.03675,0.06075,0.05925
Parfetts - Birmingham,134.0,6.0,139.92,2025-05-01 17:30:30+00:00,0.0435,0.029,0.0495,0.053
Parfetts - Birmingham,134.0,6.0,139.92,2025-05-01 17:45:30+00:00,0.0325,0.018,0.04125,0.03925
Parfetts - Birmingham,134.0,6.0,139.92,2025-05-01 18:00:30+00:00,0.02275,0.00875,0.034,0.0265
Parfetts - Birmingham,134.0,6.0,139.92,2025-05-01 18:15:30+00:00,0.015,0.003,0.027,0.017
Parfetts - Birmingham,134.0,6.0,139.92,2025-05-01 18:30:30+00:00,0.007,0.0015,0.0185,0.00725
Parfetts - Birmingham,134.0,6.0,139.92,2025-05-01 18:45:30+00:00,0.00225,0.001,0.00875,0.00225
Parfetts - Birmingham,134.0,6.0,139.92,2025-05-01 19:00:30+00:00,0.00075,0.0005,0.003,0.00075
Parfetts - Birmingham,134.0,6.0,139.92,2025-05-01 19:15:30+00:00,0.00025,0.0,0.0005,0.00025
Parfetts - Birmingham,134.0,6.0,139.92,2025-05-01 19:30:30+00:00,0.0,0.0,0.0,0.0
Parfetts - Birmingham,134.0,6.0,139.92,2025-05-01 19:45:30+00:00,0.0,0.0,0.0,0.0
Parfetts - Birmingham,134.0,6.0,139.92,2025-05-01 20:00:30+00:00,0.0,0.0,0.0,0.0
Parfetts - Birmingham,134.0,6.0,139.92,2025-05-01 20:15:30+00:00,0.0,0.0,0.0,0.0
Parfetts - Birmingham,134.0,6.0,139.92,2025-05-01 20:30:30+00:00,0.0,0.0,0.0,0.0
Parfetts - Birmingham,134.0,6.0,139.92,2025-05-01 20:45:30+00:00,0.0,0.0,0.0,0.0
Parfetts - Birmingham,134.0,6.0,139.92,2025-05-01 21:00:30+00:00,0.0,0.0,0.0,0.0
Parfetts - Birmingham,134.0,6.0,139.92,2025-05-01 21:15:30+00:00,0.0,0.0,0.0,0.0
Parfetts - Birmingham,134.0,6.0,139.92,2025-05-01 21:30:30+00:00,0.0,0.0,0.0,0.0
Parfetts - Birmingham,134.0,6.0,139.92,2025-05-01 21:45:30+00:00,0.0,0.0,0.0,0.0
Parfetts - Birmingham,134.0,6.0,139.92,2025-05-01 22:00:30+00:00,0.0,0.0,0.0,0.0
Parfetts - Birmingham,134.0,6.0,139.92,2025-05-01 22:15:30+00:00,0.0,0.0,0.0,0.0
Parfetts - Birmingham,134.0,6.0,139.92,2025-05-01 22:30:30+00:00,0.0,0.0,0.0,0.0
Parfetts - Birmingham,134.0,6.0,139.92,2025-05-01 22:45:30+00:00,0.0,0.0,0.0,0.0
Parfetts - Birmingham,134.0,6.0,139.92,2025-05-01 23:00:30+00:00,0.0,0.0,0.0,0.0
Parfetts - Birmingham,134.0,6.0,139.92,2025-05-01 23:15:30+00:00,0.0,0.0,0.0,0.0
Parfetts - Birmingham,134.0,6.0,139.92,2025-05-01 23:30:30+00:00,0.0,0.0,0.0,0.0
Parfetts - Birmingham,134.0,6.0,139.92,2025-05-01 23:45:30+00:00,0.0,0.0,0.0,0.0
Parfetts - Birmingham,134.0,6.0,139.92,2025-05-02 00:00:30+00:00,0.0,0.0,0.0,0.0
Parfetts - Birmingham,134.0,6.0,139.92,2025-05-02 00:15:30+00:00,0.0,0.0,0.0,0.0
Parfetts - Birmingham,134.0,6.0,139.92,2025-05-02 00:30:30+00:00,0.0,0.0,0.0,0.0
Parfetts - Birmingham,134.0,6.0,139.92,2025-05-02 00:45:30+00:00,0.0,0.0,0.0,0.0
Parfetts - Birmingham,134.0,6.0,139.92,2025-05-02 01:00:30+00:00,0.0,0.0,0.0,0.0
Parfetts - Birmingham,134.0,6.0,139.92,2025-05-02 01:15:30+00:00,0.0,0.0,0.0,0.0
Parfetts - Birmingham,134.0,6.0,139.92,2025-05-02 01:30:30+00:00,0.0,0.0,0.0,0.0
Parfetts - Birmingham,134.0,6.0,139.92,2025-05-02 01:45:30+00:00,0.0,0.0,0.0,0.0
Parfetts - Birmingham,134.0,6.0,139.92,2025-05-02 02:00:30+00:00,0.0,0.0,0.0,0.0
Parfetts - Birmingham,134.0,6.0,139.92,2025-05-02 02:15:30+00:00,0.0,0.0,0.0,0.0
Parfetts - Birmingham,134.0,6.0,139.92,2025-05-02 02:30:30+00:00,0.0,0.0,0.0,0.0
Parfetts - Birmingham,134.0,6.0,139.92,2025-05-02 02:45:30+00:00,0.0,0.0,0.0,0.0
Parfetts - Birmingham,134.0,6.0,139.92,2025-05-02 03:00:30+00:00,0.0,0.0,0.0,0.0
Parfetts - Birmingham,134.0,6.0,139.92,2025-05-02 03:15:30+00:00,0.0,0.0,0.0,0.0
Parfetts - Birmingham,134.0,6.0,139.92,2025-05-02 03:30:30+00:00,0.0,0.0,0.0,0.0
Parfetts - Birmingham,134.0,6.0,139.92,2025-05-02 03:45:30+00:00,0.0,0.0,0.0,0.0
Parfetts - Birmingham,134.0,6.0,139.92,2025-05-02 04:00:30+00:00,0.0,0.0,0.0,0.0
Parfetts - Birmingham,134.0,6.0,139.92,2025-05-02 04:15:30+00:00,0.0,0.0,0.0,0.0
Parfetts - Birmingham,134.0,6.0,139.92,2025-05-02 04:30:30+00:00,0.0,0.0,0.0,0.0
Parfetts - Birmingham,134.0,6.0,139.92,2025-05-02 04:45:30+00:00,0.0015,0.0005,0.003,0.0015
Parfetts - Birmingham,134.0,6.0,139.92,2025-05-02 05:00:30+00:00,0.00425,0.00225,0.00775,0.00425
Parfetts - Birmingham,134.0,6.0,139.92,2025-05-02 05:15:30+00:00,0.00975,0.005,0.01425,0.0095
Parfetts - Birmingham,134.0,6.0,139.92,2025-05-02 05:30:30+00:00,0.015,0.008,0.02075,0.01425
Parfetts - Birmingham,134.0,6.0,139.92,2025-05-02 05:45:30+00:00,0.018,0.0105,0.02725,0.0175
Parfetts - Birmingham,134.0,6.0,139.92,2025-05-02 06:00:30+00:00,0.024,0.014,0.037,0.023
Parfetts - Birmingham,134.0,6.0,139.92,2025-05-02 06:15:30+00:00,0.03525,0.01925,0.05075,0.03325
Parfetts - Birmingham,134.0,6.0,139.92,2025-05-02 06:30:30+00:00,0.04525,0.02825,0.06525,0.04225
Parfetts - Birmingham,134.0,6.0,139.92,2025-05-02 06:45:30+00:00,0.06075,0.0405,0.07925,0.0555
Parfetts - Birmingham,134.0,6.0,139.92,2025-05-02 07:00:30+00:00,0.0735,0.0575,0.0905,0.0665
Parfetts - Birmingham,134.0,6.0,139.92,2025-05-02 07:15:30+00:00,0.08675,0.071,0.09975,0.07825
Parfetts - Birmingham,134.0,6.0,139.92,2025-05-02 07:30:30+00:00,0.095,0.07725,0.10725,0.08625
Parfetts - Birmingham,134.0,6.0,139.92,2025-05-02 07:45:30+00:00,0.093,0.08075,0.11675,0.08625
Parfetts - Birmingham,134.0,6.0,139.92,2025-05-02 08:00:30+00:00,0.1115,0.086,0.13775,0.102
Parfetts - Birmingham,134.0,6.0,139.92,2025-05-02 08:15:30+00:00,0.12975,0.08225,0.1495,0.11825
Parfetts - Birmingham,134.0,6.0,139.92,2025-05-02 08:30:30+00:00,0.129,0.06375,0.15875,0.1185
Parfetts - Birmingham,134.0,6.0,139.92,2025-05-02 08:45:30+00:00,0.108,0.034,0.16475,0.1015
Parfetts - Birmingham,134.0,6.0,139.92,2025-05-02 09:00:30+00:00,0.07975,0.01825,0.15175,0.07725
Parfetts - Birmingham,134.0,6.0,139.92,2025-05-02 09:15:30+00:00,0.068,0.01375,0.12975,0.06725
Parfetts - Birmingham,134.0,6.0,139.92,2025-05-02 09:30:30+00:00,0.06825,0.01375,0.1335,0.06775
Parfetts - Birmingham,134.0,6.0,139.92,2025-05-02 09:45:30+00:00,0.085,0.01975,0.16325,0.08275
Parfetts - Birmingham,134.0,6.0,139.92,2025-05-02 10:00:30+00:00,0.12175,0.0355,0.202,0.11625
Parfetts - Birmingham,134.0,6.0,139.92,2025-05-02 10:15:30+00:00,0.16225,0.07425,0.211,0.1525
Parfetts - Birmingham,134.0,6.0,139.92,2025-05-02 10:30:30+00:00,0.18425,0.11825,0.2175,0.17225
Parfetts - Birmingham,134.0,6.0,139.92,2025-05-02 10:45:30+00:00,0.192,0.15375,0.2215,0.17975
Parfetts - Birmingham,134.0,6.0,139.92,2025-05-02 11:00:30+00:00,0.1935,0.167,0.21625,0.18225
Parfetts - Birmingham,134.0,6.0,139.92,2025-05-02 11:15:30+00:00,0.18875,0.16325,0.216,0.1785
Parfetts - Birmingham,134.0,6.0,139.92,2025-05-02 11:30:30+00:00,0.18625,0.15,0.21725,0.177
Parfetts - Birmingham,134.0,6.0,139.92,2025-05-02 11:45:30+00:00,0.1745,0.13975,0.21225,0.1675
Parfetts - Birmingham,134.0,6.0,139.92,2025-05-02 12:00:30+00:00,0.16775,0.12875,0.20275,0.16175
Parfetts - Birmingham,134.0,6.0,139.92,2025-05-02 12:15:30+00:00,0.1535,0.1225,0.1975,0.14975
Parfetts - Birmingham,134.0,6.0,139.92,2025-05-02 12:30:30+00:00,0.1605,0.12525,0.20425,0.15625
Parfetts - Birmingham,134.0,6.0,139.92,2025-05-02 12:45:30+00:00,0.1795,0.13575,0.21325,0.17475
Parfetts - Birmingham,134.0,6.0,139.92,2025-05-02 13:00:30+00:00,0.18225,0.15075,0.2085,0.17825
Parfetts - Birmingham,134.0,6.0,139.92,2025-05-02 13:15:30+00:00,0.1765,0.15475,0.198,0.1735
Parfetts - Birmingham,134.0,6.0,139.92,2025-05-02 13:30:30+00:00,0.17,0.1515,0.18775,0.16825
Parfetts - Birmingham,134.0,6.0,139.92,2025-05-02 13:45:30+00:00,0.16225,0.14025,0.18125,0.1615
Parfetts - Birmingham,134.0,6.0,139.92,2025-05-02 14:00:30+00:00,0.1495,0.12925,0.17075,0.14975
Parfetts - Birmingham,134.0,6.0,139.92,2025-05-02 14:15:30+00:00,0.1385,0.123,0.16275,0.13975
Parfetts - Birmingham,134.0,6.0,139.92,2025-05-02 14:30:30+00:00,0.14,0.11975,0.1585,0.142
Parfetts - Birmingham,134.0,6.0,139.92,2025-05-02 14:45:30+00:00,0.1385,0.11775,0.153,0.14175
Parfetts - Birmingham,134.0,6.0,139.92,2025-05-02 15:00:30+00:00,0.1275,0.10925,0.1435,0.13125
Parfetts - Birmingham,134.0,6.0,139.92,2025-05-02 15:15:30+00:00,0.11325,0.099,0.132,0.11725
Parfetts - Birmingham,134.0,6.0,139.92,2025-05-02 15:30:30+00:00,0.1055,0.08775,0.121,0.11025
Parfetts - Birmingham,134.0,6.0,139.92,2025-05-02 15:45:30+00:00,0.0945,0.0765,0.113,0.0995
Parfetts - Birmingham,134.0,6.0,139.92,2025-05-02 16:00:30+00:00,0.08425,0.06475,0.1025,0.089
Parfetts - Birmingham,134.0,6.0,139.92,2025-05-02 16:15:30+00:00,0.07225,0.05275,0.09075,0.0765
Parfetts - Birmingham,134.0,6.0,139.92,2025-05-02 16:30:30+00:00,0.059,0.04525,0.08075,0.06225
Parfetts - Birmingham,134.0,6.0,139.92,2025-05-02 16:45:30+00:00,0.056,0.039,0.07425,0.0605
Parfetts - Birmingham,134.0,6.0,139.92,2025-05-02 17:00:30+00:00,0.0545,0.03625,0.07,0.0605
Parfetts - Birmingham,134.0,6.0,139.92,2025-05-02 17:15:30+00:00,0.04875,0.03475,0.0615,0.0555
Parfetts - Birmingham,134.0,6.0,139.92,2025-05-02 17:30:30+00:00,0.042,0.032,0.05075,0.04925
Parfetts - Birmingham,134.0,6.0,139.92,2025-05-02 17:45:30+00:00,0.0345,0.0275,0.041,0.04175
Parfetts - Birmingham,134.0,6.0,139.92,2025-05-02 18:00:30+00:00,0.02675,0.021,0.0315,0.0335
Parfetts - Birmingham,134.0,6.0,139.92,2025-05-02 18:15:30+00:00,0.0195,0.0145,0.02325,0.02525
Parfetts - Birmingham,134.0,6.0,139.92,2025-05-02 18:30:30+00:00,0.01275,0.00925,0.01575,0.01725
Parfetts - Birmingham,134.0,6.0,139.92,2025-05-02 18:45:30+00:00,0.008,0.0055,0.0105,0.01
Parfetts - Birmingham,134.0,6.0,139.92,2025-05-02 19:00:30+00:00,0.0045,0.00325,0.006,0.00475
Parfetts - Birmingham,134.0,6.0,139.92,2025-05-02 19:15:30+00:00,0.001,0.00075,0.00125,0.001
Parfetts - Birmingham,134.0,6.0,139.92,2025-05-02 19:30:30+00:00,0.0,0.0,0.0,0.0
Parfetts - Birmingham,134.0,6.0,139.92,2025-05-02 19:45:30+00:00,0.0,0.0,0.0,0.0
Parfetts - Birmingham,134.0,6.0,139.92,2025-05-02 20:00:30+00:00,0.0,0.0,0.0,0.0
Parfetts - Birmingham,134.0,6.0,139.92,2025-05-02 20:15:30+00:00,0.0,0.0,0.0,0.0
Parfetts - Birmingham,134.0,6.0,139.92,2025-05-02 20:30:30+00:00,0.0,0.0,0.0,0.0
Parfetts - Birmingham,134.0,6.0,139.92,2025-05-02 20:45:30+00:00,0.0,0.0,0.0,0.0
Parfetts - Birmingham,134.0,6.0,139.92,2025-05-02 21:00:30+00:00,0.0,0.0,0.0,0.0
Parfetts - Birmingham,134.0,6.0,139.92,2025-05-02 21:15:30+00:00,0.0,0.0,0.0,0.0
Parfetts - Birmingham,134.0,6.0,139.92,2025-05-02 21:30:30+00:00,0.0,0.0,0.0,0.0
Parfetts - Birmingham,134.0,6.0,139.92,2025-05-02 21:45:30+00:00,0.0,0.0,0.0,0.0
Parfetts - Birmingham,134.0,6.0,139.92,2025-05-02 22:00:30+00:00,0.0,0.0,0.0,0.0
Parfetts - Birmingham,134.0,6.0,139.92,2025-05-02 22:15:30+00:00,0.0,0.0,0.0,0.0
Parfetts - Birmingham,134.0,6.0,139.92,2025-05-02 22:30:30+00:00,0.0,0.0,0.0,0.0
Parfetts - Birmingham,134.0,6.0,139.92,2025-05-02 22:45:30+00:00,0.0,0.0,0.0,0.0
Parfetts - Birmingham,134.0,6.0,139.92,2025-05-02 23:00:30+00:00,0.0,0.0,0.0,0.0
Parfetts - Birmingham,134.0,6.0,139.92,2025-05-02 23:15:30+00:00,0.0,0.0,0.0,0.0
Parfetts - Birmingham,134.0,6.0,139.92,2025-05-02 23:30:30+00:00,0.0,0.0,0.0,0.0
Parfetts - Birmingham,134.0,6.0,139.92,2025-05-02 23:45:30+00:00,0.0,0.0,0.0,0.0
Parfetts - Birmingham,134.0,6.0,139.92,2025-05-03 00:00:30+00:00,0.0,0.0,0.0,0.0
Parfetts - Birmingham,134.0,6.0,139.92,2025-05-03 00:15:30+00:00,0.0,0.0,0.0,0.0
Parfetts - Birmingham,134.0,6.0,139.92,2025-05-03 00:30:30+00:00,0.0,0.0,0.0,0.0
Parfetts - Birmingham,134.0,6.0,139.92,2025-05-03 00:45:30+00:00,0.0,0.0,0.0,0.0
Parfetts - Birmingham,134.0,6.0,139.92,2025-05-03 01:00:30+00:00,0.0,0.0,0.0,0.0
Parfetts - Birmingham,134.0,6.0,139.92,2025-05-03 01:15:30+00:00,0.0,0.0,0.0,0.0
Parfetts - Birmingham,134.0,6.0,139.92,2025-05-03 01:30:30+00:00,0.0,0.0,0.0,0.0
Parfetts - Birmingham,134.0,6.0,139.92,2025-05-03 01:45:30+00:00,0.0,0.0,0.0,0.0
Parfetts - Birmingham,134.0,6.0,139.92,2025-05-03 02:00:30+00:00,0.0,0.0,0.0,0.0
Parfetts - Birmingham,134.0,6.0,139.92,2025-05-03 02:15:30+00:00,0.0,0.0,0.0,0.0
Parfetts - Birmingham,134.0,6.0,139.92,2025-05-03 02:30:30+00:00,0.0,0.0,0.0,0.0
Parfetts - Birmingham,134.0,6.0,139.92,2025-05-03 02:45:30+00:00,0.0,0.0,0.0,0.0
Parfetts - Birmingham,134.0,6.0,139.92,2025-05-03 03:00:30+00:00,0.0,0.0,0.0,0.0
Parfetts - Birmingham,134.0,6.0,139.92,2025-05-03 03:15:30+00:00,0.0,0.0,0.0,0.0
Parfetts - Birmingham,134.0,6.0,139.92,2025-05-03 03:30:30+00:00,0.0,0.0,0.0,0.0
Parfetts - Birmingham,134.0,6.0,139.92,2025-05-03 03:45:30+00:00,0.0,0.0,0.0,0.0
Parfetts - Birmingham,134.0,6.0,139.92,2025-05-03 04:00:30+00:00,0.0,0.0,0.0,0.0
Parfetts - Birmingham,134.0,6.0,139.92,2025-05-03 04:15:30+00:00,0.0,0.0,0.0,0.0
Parfetts - Birmingham,134.0,6.0,139.92,2025-05-03 04:30:30+00:00,0.00025,0.00025,0.00025,0.00025
Parfetts - Birmingham,134.0,6.0,139.92,2025-05-03 04:45:30+00:00,0.003,0.002,0.00425,0.003
Parfetts - Birmingham,134.0,6.0,139.92,2025-05-03 05:00:30+00:00,0.0085,0.00575,0.012,0.00775
Parfetts - Birmingham,134.0,6.0,139.92,2025-05-03 05:15:30+00:00,0.01775,0.0115,0.0225,0.01525
Parfetts - Birmingham,134.0,6.0,139.92,2025-05-03 05:30:30+00:00,0.02725,0.01925,0.033,0.0235
Parfetts - Birmingham,134.0,6.0,139.92,2025-05-03 05:45:30+00:00,0.03675,0.0275,0.0445,0.0315
Parfetts - Birmingham,134.0,6.0,139.92,2025-05-03 06:00:30+00:00,0.048,0.035,0.05625,0.041
Parfetts - Birmingham,134.0,6.0,139.92,2025-05-03 06:15:30+00:00,0.05475,0.03925,0.067,0.048
Parfetts - Birmingham,134.0,6.0,139.92,2025-05-03 06:30:30+00:00,0.05675,0.04375,0.07275,0.05075
Parfetts - Birmingham,134.0,6.0,139.92,2025-05-03 06:45:30+00:00,0.0635,0.05,0.0815,0.05725
Parfetts - Birmingham,134.0,6.0,139.92,2025-05-03 07:00:30+00:00,0.07775,0.06,0.09575,0.07
Parfetts - Birmingham,134.0,6.0,139.92,2025-05-03 07:15:30+00:00,0.092,0.0735,0.112,0.0825
Parfetts - Birmingham,134.0,6.0,139.92,2025-05-03 07:30:30+00:00,0.109,0.08975,0.1255,0.097
Parfetts - Birmingham,134.0,6.0,139.92,2025-05-03 07:45:30+00:00,0.12075,0.10725,0.134,0.1075
Parfetts - Birmingham,134.0,6.0,139.92,2025-05-03 08:00:30+00:00,0.1315,0.1205,0.1415,0.1175
Parfetts - Birmingham,134.0,6.0,139.92,2025-05-03 08:15:30+00:00,0.1405,0.13025,0.14825,0.126
Parfetts - Birmingham,134.0,6.0,139.92,2025-05-03 08:30:30+00:00,0.14525,0.1375,0.15625,0.13125
Parfetts - Birmingham,134.0,6.0,139.92,2025-05-03 08:45:30+00:00,0.1555,0.14425,0.165,0.141
Parfetts - Birmingham,134.0,6.0,139.92,2025-05-03 09:00:30+00:00,0.1625,0.1525,0.1745,0.148
Parfetts - Birmingham,134.0,6.0,139.92,2025-05-03 09:15:30+00:00,0.17225,0.1585,0.186,0.157
Parfetts - Birmingham,134.0,6.0,139.92,2025-05-03 09:30:30+00:00,0.18225,0.1585,0.2035,0.16625
Parfetts - Birmingham,134.0,6.0,139.92,2025-05-03 09:45:30+00:00,0.18675,0.142,0.21225,0.17175
Parfetts - Birmingham,134.0,6.0,139.92,2025-05-03 10:00:30+00:00,0.1805,0.109,0.2175,0.16725
Parfetts - Birmingham,134.0,6.0,139.92,2025-05-03 10:15:30+00:00,0.162,0.071,0.2205,0.1525
Parfetts - Birmingham,134.0,6.0,139.92,2025-05-03 10:30:30+00:00,0.1335,0.03425,0.222,0.12775
Parfetts - Birmingham,134.0,6.0,139.92,2025-05-03 10:45:30+00:00,0.10025,0.02,0.20275,0.098
Parfetts - Birmingham,134.0,6.0,139.92,2025-05-03 11:00:30+00:00,0.0825,0.0165,0.1675,0.08125
Parfetts - Birmingham,134.0,6.0,139.92,2025-05-03 11:15:30+00:00,0.0565,0.01625,0.13175,0.0565
Parfetts - Birmingham,134.0,6.0,139.92,2025-05-03 11:30:30+00:00,0.044,0.0165,0.09575,0.04425
Parfetts - Birmingham,134.0,6.0,139.92,2025-05-03 11:45:30+00:00,0.04225,0.0165,0.07675,0.0425
Parfetts - Birmingham,134.0,6.0,139.92,2025-05-03 12:00:30+00:00,0.0465,0.02225,0.0675,0.0465
Parfetts - Birmingham,134.0,6.0,139.92,2025-05-03 12:15:30+00:00,0.04575,0.0205,0.071,0.04575
Parfetts - Birmingham,134.0,6.0,139.92,2025-05-03 12:30:30+00:00,0.04475,0.01625,0.076,0.045
Parfetts - Birmingham,134.0,6.0,139.92,2025-05-03 12:45:30+00:00,0.0445,0.0165,0.0885,0.04475
Parfetts - Birmingham,134.0,6.0,139.92,2025-05-03 13:00:30+00:00,0.06775,0.025,0.0965,0.068
Parfetts - Birmingham,134.0,6.0,139.92,2025-05-03 13:15:30+00:00,0.06925,0.036,0.1,0.0695
Parfetts - Birmingham,134.0,6.0,139.92,2025-05-03 13:30:30+00:00,0.0665,0.037,0.09425,0.067
Parfetts - Birmingham,134.0,6.0,139.92,2025-05-03 13:45:30+00:00,0.06075,0.04225,0.09225,0.06125
Parfetts - Birmingham,134.0,6.0,139.92,2025-05-03 14:00:30+00:00,0.07425,0.0325,0.106,0.07475
Parfetts - Birmingham,134.0,6.0,139.92,2025-05-03 14:15:30+00:00,0.072,0.01425,0.123,0.0725
Parfetts - Birmingham,134.0,6.0,139.92,2025-05-03 14:30:30+00:00,0.056,0.0135,0.15025,0.05675
Parfetts - Birmingham,134.0,6.0,139.92,2025-05-03 14:45:30+00:00,0.1015,0.02025,0.1715,0.1035
Parfetts - Birmingham,134.0,6.0,139.92,2025-05-03 15:00:30+00:00,0.125,0.0405,0.16375,0.1285
Parfetts - Birmingham,134.0,6.0,139.92,2025-05-03 15:15:30+00:00,0.09,0.041,0.1505,0.09275
Parfetts - Birmingham,134.0,6.0,139.92,2025-05-03 15:30:30+00:00,0.07175,0.04225,0.116,0.07375
Parfetts - Birmingham,134.0,6.0,139.92,2025-05-03 15:45:30+00:00,0.07425,0.03625,0.1015,0.07675
Parfetts - Birmingham,134.0,6.0,139.92,2025-05-03 16:00:30+00:00,0.0605,0.03375,0.09825,0.0625
Parfetts - Birmingham,134.0,6.0,139.92,2025-05-03 16:15:30+00:00,0.062,0.027,0.105,0.065
Parfetts - Birmingham,134.0,6.0,139.92,2025-05-03 16:30:30+00:00,0.073,0.03325,0.1,0.07925
Parfetts - Birmingham,134.0,6.0,139.92,2025-05-03 16:45:30+00:00,0.0725,0.04325,0.087,0.0815
Parfetts - Birmingham,134.0,6.0,139.92,2025-05-03 17:00:30+00:00,0.063,0.04675,0.0755,0.0725
Parfetts - Birmingham,134.0,6.0,139.92,2025-05-03 17:15:30+00:00,0.053,0.043,0.0645,0.0625
Parfetts - Birmingham,134.0,6.0,139.92,2025-05-03 17:30:30+00:00,0.0465,0.0325,0.05425,0.05575
Parfetts - Birmingham,134.0,6.0,139.92,2025-05-03 17:45:30+00:00,0.03575,0.02125,0.04475,0.0435
Parfetts - Birmingham,134.0,6.0,139.92,2025-05-03 18:00:30+00:00,0.025,0.012,0.03725,0.0295
Parfetts - Birmingham,134.0,6.0,139.92,2025-05-03 18:15:30+00:00,0.01675,0.00775,0.03025,0.01875
Parfetts - Birmingham,134.0,6.0,139.92,2025-05-03 18:30:30+00:00,0.01425,0.00525,0.019,0.01825
Parfetts - Birmingham,134.0,6.0,139.92,2025-05-03 18:45:30+00:00,0.00875,0.004,0.01,0.01375
Parfetts - Birmingham,134.0,6.0,139.92,2025-05-03 19:00:30+00:00,0.00525,0.003,0.006,0.00675
Parfetts - Birmingham,134.0,6.0,139.92,2025-05-03 19:15:30+00:00,0.0015,0.001,0.00175,0.00175
Parfetts - Birmingham,134.0,6.0,139.92,2025-05-03 19:30:30+00:00,0.0,0.0,0.0,0.0
Parfetts - Birmingham,134.0,6.0,139.92,2025-05-03 19:45:30+00:00,0.0,0.0,0.0,0.0
Parfetts - Birmingham,134.0,6.0,139.92,2025-05-03 20:00:30+00:00,0.0,0.0,0.0,0.0
Parfetts - Birmingham,134.0,6.0,139.92,2025-05-03 20:15:30+00:00,0.0,0.0,0.0,0.0
Parfetts - Birmingham,134.0,6.0,139.92,2025-05-03 20:30:30+00:00,0.0,0.0,0.0,0.0
Parfetts - Birmingham,134.0,6.0,139.92,2025-05-03 20:45:30+00:00,0.0,0.0,0.0,0.0
Parfetts - Birmingham,134.0,6.0,139.92,2025-05-03 21:00:30+00:00,0.0,0.0,0.0,0.0
Parfetts - Birmingham,134.0,6.0,139.92,2025-05-03 21:15:30+00:00,0.0,0.0,0.0,0.0
Parfetts - Birmingham,134.0,6.0,139.92,2025-05-03 21:30:30+00:00,0.0,0.0,0.0,0.0
Parfetts - Birmingham,134.0,6.0,139.92,2025-05-03 21:45:30+00:00,0.0,0.0,0.0,0.0
Parfetts - Birmingham,134.0,6.0,139.92,2025-05-03 22:00:30+00:00,0.0,0.0,0.0,0.0
Parfetts - Birmingham,134.0,6.0,139.92,2025-05-03 22:15:30+00:00,0.0,0.0,0.0,0.0
Parfetts - Birmingham,134.0,6.0,139.92,2025-05-03 22:30:30+00:00,0.0,0.0,0.0,0.0
Parfetts - Birmingham,134.0,6.0,139.92,2025-05-03 22:45:30+00:00,0.0,0.0,0.0,0.0
Parfetts - Birmingham,134.0,6.0,139.92,2025-05-03 23:00:30+00:00,0.0,0.0,0.0,0.0
Parfetts - Birmingham,134.0,6.0,139.92,2025-05-03 23:15:30+00:00,0.0,0.0,0.0,0.0
Parfetts - Birmingham,134.0,6.0,139.92,2025-05-03 23:30:30+00:00,0.0,0.0,0.0,0.0
Parfetts - Birmingham,134.0,6.0,139.92,2025-05-03 23:45:30+00:00,0.0,0.0,0.0,0.0
Parfetts - Birmingham,134.0,6.0,139.92,2025-05-04 00:00:30+00:00,0.0,0.0,0.0,0.0
Parfetts - Birmingham,134.0,6.0,139.92,2025-05-04 00:15:30+00:00,0.0,0.0,0.0,0.0
Parfetts - Birmingham,134.0,6.0,139.92,2025-05-04 00:30:30+00:00,0.0,0.0,0.0,0.0
Parfetts - Birmingham,134.0,6.0,139.92,2025-05-04 00:45:30+00:00,0.0,0.0,0.0,0.0
Parfetts - Birmingham,134.0,6.0,139.92,2025-05-04 01:00:30+00:00,0.0,0.0,0.0,0.0
Parfetts - Birmingham,134.0,6.0,139.92,2025-05-04 01:15:30+00:00,0.0,0.0,0.0,0.0
Parfetts - Birmingham,134.0,6.0,139.92,2025-05-04 01:30:30+00:00,0.0,0.0,0.0,0.0
Parfetts - Birmingham,134.0,6.0,139.92,2025-05-04 01:45:30+00:00,0.0,0.0,0.0,0.0
Parfetts - Birmingham,134.0,6.0,139.92,2025-05-04 02:00:30+00:00,0.0,0.0,0.0,0.0
Parfetts - Birmingham,134.0,6.0,139.92,2025-05-04 02:15:30+00:00,0.0,0.0,0.0,0.0
Parfetts - Birmingham,134.0,6.0,139.92,2025-05-04 02:30:30+00:00,0.0,0.0,0.0,0.0
Parfetts - Birmingham,134.0,6.0,139.92,2025-05-04 02:45:30+00:00,0.0,0.0,0.0,0.0
Parfetts - Birmingham,134.0,6.0,139.92,2025-05-04 03:00:30+00:00,0.0,0.0,0.0,0.0
Parfetts - Birmingham,134.0,6.0,139.92,2025-05-04 03:15:30+00:00,0.0,0.0,0.0,0.0
Parfetts - Birmingham,134.0,6.0,139.92,2025-05-04 03:30:30+00:00,0.0,0.0,0.0,0.0
Parfetts - Birmingham,134.0,6.0,139.92,2025-05-04 03:45:30+00:00,0.0,0.0,0.0,0.0
Parfetts - Birmingham,134.0,6.0,139.92,2025-05-04 04:00:30+00:00,0.0,0.0,0.0,0.0
Parfetts - Birmingham,134.0,6.0,139.92,2025-05-04 04:15:30+00:00,0.0,0.0,0.0,0.0
Parfetts - Birmingham,134.0,6.0,139.92,2025-05-04 04:30:30+00:00,0.00025,0.0,0.00075,0.00025
Parfetts - Birmingham,134.0,6.0,139.92,2025-05-04 04:45:30+00:00,0.002,0.0005,0.004,0.002
Parfetts - Birmingham,134.0,6.0,139.92,2025-05-04 05:00:30+00:00,0.0045,0.00125,0.008,0.0045
Parfetts - Birmingham,134.0,6.0,139.92,2025-05-04 05:15:30+00:00,0.0075,0.00225,0.01275,0.00775
Parfetts - Birmingham,134.0,6.0,139.92,2025-05-04 05:30:30+00:00,0.01025,0.00375,0.01725,0.01025
Parfetts - Birmingham,134.0,6.0,139.92,2025-05-04 05:45:30+00:00,0.0135,0.00525,0.0215,0.0135
Parfetts - Birmingham,134.0,6.0,139.92,2025-05-04 06:00:30+00:00,0.0165,0.0075,0.02575,0.0165
Parfetts - Birmingham,134.0,6.0,139.92,2025-05-04 06:15:30+00:00,0.01975,0.00925,0.02875,0.01975
Parfetts - Birmingham,134.0,6.0,139.92,2025-05-04 06:30:30+00:00,0.0205,0.01175,0.0315,0.0205
Parfetts - Birmingham,134.0,6.0,139.92,2025-05-04 06:45:30+00:00,0.0245,0.015,0.03475,0.02475
Parfetts - Birmingham,134.0,6.0,139.92,2025-05-04 07:00:30+00:00,0.0295,0.013,0.04625,0.0295
Parfetts - Birmingham,134.0,6.0,139.92,2025-05-04 07:15:30+00:00,0.0345,0.0095,0.05775,0.03425
Parfetts - Birmingham,134.0,6.0,139.92,2025-05-04 07:30:30+00:00,0.03625,0.01475,0.0795,0.036
Parfetts - Birmingham,134.0,6.0,139.92,2025-05-04 07:45:30+00:00,0.07425,0.02775,0.101,0.07
Parfetts - Birmingham,134.0,6.0,139.92,2025-05-04 08:00:30+00:00,0.079,0.048,0.11025,0.07525
Parfetts - Birmingham,134.0,6.0,139.92,2025-05-04 08:15:30+00:00,0.084,0.057,0.10775,0.0805
Parfetts - Birmingham,134.0,6.0,139.92,2025-05-04 08:30:30+00:00,0.0835,0.06375,0.102,0.08025
Parfetts - Birmingham,134.0,6.0,139.92,2025-05-04 08:45:30+00:00,0.08075,0.06775,0.10725,0.078
Parfetts - Birmingham,134.0,6.0,139.92,2025-05-04 09:00:30+00:00,0.1,0.07025,0.1135,0.095
Parfetts - Birmingham,134.0,6.0,139.92,2025-05-04 09:15:30+00:00,0.09175,0.067,0.124,0.0885
Parfetts - Birmingham,134.0,6.0,139.92,2025-05-04 09:30:30+00:00,0.0955,0.06075,0.12675,0.0925
Parfetts - Birmingham,134.0,6.0,139.92,2025-05-04 09:45:30+00:00,0.093,0.049,0.12775,0.0905
Parfetts - Birmingham,134.0,6.0,139.92,2025-05-04 10:00:30+00:00,0.075,0.0415,0.12025,0.07425
Parfetts - Birmingham,134.0,6.0,139.92,2025-05-04 10:15:30+00:00,0.0755,0.0455,0.131,0.07475
Parfetts - Birmingham,134.0,6.0,139.92,2025-05-04 10:30:30+00:00,0.117,0.04825,0.13975,0.1125
Parfetts - Birmingham,134.0,6.0,139.92,2025-05-04 10:45:30+00:00,0.08475,0.04375,0.14775,0.08325
Parfetts - Birmingham,134.0,6.0,139.92,2025-05-04 11:00:30+00:00,0.08675,0.033,0.16325,0.0855
Parfetts - Birmingham,134.0,6.0,139.92,2025-05-04 11:15:30+00:00,0.12425,0.0355,0.20575,0.12025
Parfetts - Birmingham,134.0,6.0,139.92,2025-05-04 11:30:30+00:00,0.1485,0.0605,0.23475,0.1435
Parfetts - Birmingham,134.0,6.0,139.92,2025-05-04 11:45:30+00:00,0.16975,0.09525,0.24075,0.16325
Parfetts - Birmingham,134.0,6.0,139.92,2025-05-04 12:00:30+00:00,0.19175,0.122,0.2355,0.184
Parfetts - Birmingham,134.0,6.0,139.92,2025-05-04 12:15:30+00:00,0.172,0.12225,0.2205,0.16675
Parfetts - Birmingham,134.0,6.0,139.92,2025-05-04 12:30:30+00:00,0.14975,0.111,0.198,0.14675
Parfetts - Birmingham,134.0,6.0,139.92,2025-05-04 12:45:30+00:00,0.14225,0.11225,0.18225,0.13975
Parfetts - Birmingham,134.0,6.0,139.92,2025-05-04 13:00:30+00:00,0.15,0.12,0.1735,0.1475
Parfetts - Birmingham,134.0,6.0,139.92,2025-05-04 13:15:30+00:00,0.14675,0.1275,0.1705,0.145
Parfetts - Birmingham,134.0,6.0,139.92,2025-05-04 13:30:30+00:00,0.14975,0.11825,0.1745,0.1485
Parfetts - Birmingham,134.0,6.0,139.92,2025-05-04 13:45:30+00:00,0.14225,0.11175,0.1785,0.14175
Parfetts - Birmingham,134.0,6.0,139.92,2025-05-04 14:00:30+00:00,0.14275,0.1005,0.19925,0.14325
Parfetts - Birmingham,134.0,6.0,139.92,2025-05-04 14:15:30+00:00,0.16375,0.093,0.19575,0.16525
Parfetts - Birmingham,134.0,6.0,139.92,2025-05-04 14:30:30+00:00,0.138,0.07075,0.18725,0.14
Parfetts - Birmingham,134.0,6.0,139.92,2025-05-04 14:45:30+00:00,0.09575,0.06075,0.17,0.0975
Parfetts - Birmingham,134.0,6.0,139.92,2025-05-04 15:00:30+00:00,0.1105,0.0565,0.1465,0.1135
Parfetts - Birmingham,134.0,6.0,139.92,2025-05-04 15:15:30+00:00,0.09825,0.0595,0.13125,0.1015
Parfetts - Birmingham,134.0,6.0,139.92,2025-05-04 15:30:30+00:00,0.07725,0.05075,0.11125,0.0795
Parfetts - Birmingham,134.0,6.0,139.92,2025-05-04 15:45:30+00:00,0.0665,0.0475,0.09575,0.0685
Parfetts - Birmingham,134.0,6.0,139.92,2025-05-04 16:00:30+00:00,0.07,0.0495,0.0855,0.07275
Parfetts - Birmingham,134.0,6.0,139.92,2025-05-04 16:15:30+00:00,0.06575,0.049,0.079,0.069
Parfetts - Birmingham,134.0,6.0,139.92,2025-05-04 16:30:30+00:00,0.0565,0.0425,0.072,0.05925
Parfetts - Birmingham,134.0,6.0,139.92,2025-05-04 16:45:30+00:00,0.049,0.03425,0.06175,0.0515
Parfetts - Birmingham,134.0,6.0,139.92,2025-05-04 17:00:30+00:00,0.0385,0.0285,0.05325,0.04025
Parfetts - Birmingham,134.0,6.0,139.92,2025-05-04 17:15:30+00:00,0.03425,0.023,0.045,0.03625
Parfetts - Birmingham,134.0,6.0,139.92,2025-05-04 17:30:30+00:00,0.02925,0.02025,0.0415,0.031
Parfetts - Birmingham,134.0,6.0,139.92,2025-05-04 17:45:30+00:00,0.02775,0.017,0.0355,0.03075
Parfetts - Birmingham,134.0,6.0,139.92,2025-05-04 18:00:30+00:00,0.0225,0.01425,0.03075,0.02475
Parfetts - Birmingham,134.0,6.0,139.92,2025-05-04 18:15:30+00:00,0.01725,0.01025,0.0245,0.01925
Parfetts - Birmingham,134.0,6.0,139.92,2025-05-04 18:30:30+00:00,0.01225,0.0065,0.01825,0.01375
Parfetts - Birmingham,134.0,6.0,139.92,2025-05-04 18:45:30+00:00,0.00775,0.0035,0.01275,0.008
Parfetts - Birmingham,134.0,6.0,139.92,2025-05-04 19:00:30+00:00,0.004,0.0015,0.00725,0.004
Parfetts - Birmingham,134.0,6.0,139.92,2025-05-04 19:15:30+00:00,0.00125,0.0005,0.00275,0.00125
Parfetts - Birmingham,134.0,6.0,139.92,2025-05-04 19:30:30+00:00,0.0,0.0,0.00025,0.00025
Parfetts - Birmingham,134.0,6.0,139.92,2025-05-04 19:45:30+00:00,0.0,0.0,0.0,0.0
Parfetts - Birmingham,134.0,6.0,139.92,2025-05-04 20:00:30+00:00,0.0,0.0,0.0,0.0
Parfetts - Birmingham,134.0,6.0,139.92,2025-05-04 20:15:30+00:00,0.0,0.0,0.0,0.0
Parfetts - Birmingham,134.0,6.0,139.92,2025-05-04 20:30:30+00:00,0.0,0.0,0.0,0.0
Parfetts - Birmingham,134.0,6.0,139.92,2025-05-04 20:45:30+00:00,0.0,0.0,0.0,0.0
Parfetts - Birmingham,134.0,6.0,139.92,2025-05-04 21:00:30+00:00,0.0,0.0,0.0,0.0
Parfetts - Birmingham,134.0,6.0,139.92,2025-05-04 21:15:30+00:00,0.0,0.0,0.0,0.0
Parfetts - Birmingham,134.0,6.0,139.92,2025-05-04 21:30:30+00:00,0.0,0.0,0.0,0.0
Parfetts - Birmingham,134.0,6.0,139.92,2025-05-04 21:45:30+00:00,0.0,0.0,0.0,0.0
Parfetts - Birmingham,134.0,6.0,139.92,2025-05-04 22:00:30+00:00,0.0,0.0,0.0,0.0
Parfetts - Birmingham,134.0,6.0,139.92,2025-05-04 22:15:30+00:00,0.0,0.0,0.0,0.0
Parfetts - Birmingham,134.0,6.0,139.92,2025-05-04 22:30:30+00:00,0.0,0.0,0.0,0.0
Parfetts - Birmingham,134.0,6.0,139.92,2025-05-04 22:45:30+00:00,0.0,0.0,0.0,0.0
Parfetts - Birmingham,134.0,6.0,139.92,2025-05-04 23:00:30+00:00,0.0,0.0,0.0,0.0
Parfetts - Birmingham,134.0,6.0,139.92,2025-05-04 23:15:30+00:00,0.0,0.0,0.0,0.0
Parfetts - Birmingham,134.0,6.0,139.92,2025-05-04 23:30:30+00:00,0.0,0.0,0.0,0.0
Parfetts - Birmingham,134.0,6.0,139.92,2025-05-04 23:45:30+00:00,0.0,0.0,0.0,0.0
Parfetts - Birmingham,134.0,6.0,139.92,2025-05-05 00:00:30+00:00,0.0,0.0,0.0,0.0
Parfetts - Birmingham,134.0,6.0,139.92,2025-05-05 00:15:30+00:00,0.0,0.0,0.0,0.0
Parfetts - Birmingham,134.0,6.0,139.92,2025-05-05 00:30:30+00:00,0.0,0.0,0.0,0.0
Parfetts - Birmingham,134.0,6.0,139.92,2025-05-05 00:45:30+00:00,0.0,0.0,0.0,0.0
Parfetts - Birmingham,134.0,6.0,139.92,2025-05-05 01:00:30+00:00,0.0,0.0,0.0,0.0
Parfetts - Birmingham,134.0,6.0,139.92,2025-05-05 01:15:30+00:00,0.0,0.0,0.0,0.0
Parfetts - Birmingham,134.0,6.0,139.92,2025-05-05 01:30:30+00:00,0.0,0.0,0.0,0.0
Parfetts - Birmingham,134.0,6.0,139.92,2025-05-05 01:45:30+00:00,0.0,0.0,0.0,0.0
Parfetts - Birmingham,134.0,6.0,139.92,2025-05-05 02:00:30+00:00,0.0,0.0,0.0,0.0
Parfetts - Birmingham,134.0,6.0,139.92,2025-05-05 02:15:30+00:00,0.0,0.0,0.0,0.0
Parfetts - Birmingham,134.0,6.0,139.92,2025-05-05 02:30:30+00:00,0.0,0.0,0.0,0.0
Parfetts - Birmingham,134.0,6.0,139.92,2025-05-05 02:45:30+00:00,0.0,0.0,0.0,0.0
Parfetts - Birmingham,134.0,6.0,139.92,2025-05-05 03:00:30+00:00,0.0,0.0,0.0,0.0
Parfetts - Birmingham,134.0,6.0,139.92,2025-05-05 03:15:30+00:00,0.0,0.0,0.0,0.0
Parfetts - Birmingham,134.0,6.0,139.92,2025-05-05 03:30:30+00:00,0.0,0.0,0.0,0.0
Parfetts - Birmingham,134.0,6.0,139.92,2025-05-05 03:45:30+00:00,0.0,0.0,0.0,0.0
Parfetts - Birmingham,134.0,6.0,139.92,2025-05-05 04:00:30+00:00,0.0,0.0,0.0,0.0
Parfetts - Birmingham,134.0,6.0,139.92,2025-05-05 04:15:30+00:00,0.0,0.0,0.0,0.0
Parfetts - Birmingham,134.0,6.0,139.92,2025-05-05 04:30:30+00:00,0.0005,0.00025,0.001,0.0005
Parfetts - Birmingham,134.0,6.0,139.92,2025-05-05 04:45:30+00:00,0.00275,0.001,0.005,0.00275
Parfetts - Birmingham,134.0,6.0,139.92,2025-05-05 05:00:30+00:00,0.006,0.00225,0.00975,0.006
Parfetts - Birmingham,134.0,6.0,139.92,2025-05-05 05:15:30+00:00,0.0095,0.0035,0.01525,0.0095
Parfetts - Birmingham,134.0,6.0,139.92,2025-05-05 05:30:30+00:00,0.01275,0.003,0.0255,0.01275
Parfetts - Birmingham,134.0,6.0,139.92,2025-05-05 05:45:30+00:00,0.021,0.00425,0.03875,0.02025
Parfetts - Birmingham,134.0,6.0,139.92,2025-05-05 06:00:30+00:00,0.028,0.0095,0.055,0.0265
Parfetts - Birmingham,134.0,6.0,139.92,2025-05-05 06:15:30+00:00,0.05925,0.02325,0.07125,0.0525
Parfetts - Birmingham,134.0,6.0,139.92,2025-05-05 06:30:30+00:00,0.07575,0.039,0.08525,0.06575
Parfetts - Birmingham,134.0,6.0,139.92,2025-05-05 06:45:30+00:00,0.07975,0.0405,0.0965,0.07025
Parfetts - Birmingham,134.0,6.0,139.92,2025-05-05 07:00:30+00:00,0.066,0.03875,0.102,0.061
Parfetts - Birmingham,134.0,6.0,139.92,2025-05-05 07:15:30+00:00,0.06725,0.04375,0.0975,0.06375
Parfetts - Birmingham,134.0,6.0,139.92,2025-05-05 07:30:30+00:00,0.0805,0.05275,0.10175,0.075
Parfetts - Birmingham,134.0,6.0,139.92,2025-05-05 07:45:30+00:00,0.08225,0.0655,0.1125,0.077
Parfetts - Birmingham,134.0,6.0,139.92,2025-05-05 08:00:30+00:00,0.1055,0.0555,0.12975,0.098
Parfetts - Birmingham,134.0,6.0,139.92,2025-05-05 08:15:30+00:00,0.08725,0.04675,0.144,0.08225
Parfetts - Birmingham,134.0,6.0,139.92,2025-05-05 08:30:30+00:00,0.0945,0.02475,0.1405,0.08925
Parfetts - Birmingham,134.0,6.0,139.92,2025-05-05 08:45:30+00:00,0.0635,0.02475,0.13875,0.062
Parfetts - Birmingham,134.0,6.0,139.92,2025-05-05 09:00:30+00:00,0.09,0.018,0.12375,0.0865
Parfetts - Birmingham,134.0,6.0,139.92,2025-05-05 09:15:30+00:00,0.05375,0.014,0.117,0.05275
Parfetts - Birmingham,134.0,6.0,139.92,2025-05-05 09:30:30+00:00,0.05275,0.01425,0.1075,0.0525
Parfetts - Birmingham,134.0,6.0,139.92,2025-05-05 09:45:30+00:00,0.0725,0.02225,0.1295,0.071
Parfetts - Birmingham,134.0,6.0,139.92,2025-05-05 10:00:30+00:00,0.102,0.022,0.1455,0.099
Parfetts - Birmingham,134.0,6.0,139.92,2025-05-05 10:15:30+00:00,0.07425,0.016,0.1465,0.07275
Parfetts - Birmingham,134.0,6.0,139.92,2025-05-05 10:30:30+00:00,0.04675,0.016,0.13125,0.04675
Parfetts - Birmingham,134.0,6.0,139.92,2025-05-05 10:45:30+00:00,0.03925,0.01625,0.149,0.0395
Parfetts - Birmingham,134.0,6.0,139.92,2025-05-05 11:00:30+00:00,0.12025,0.024,0.17525,0.116
Parfetts - Birmingham,134.0,6.0,139.92,2025-05-05 11:15:30+00:00,0.10575,0.021,0.17725,0.10275
Parfetts - Birmingham,134.0,6.0,139.92,2025-05-05 11:30:30+00:00,0.0605,0.01875,0.16875,0.06
Parfetts - Birmingham,134.0,6.0,139.92,2025-05-05 11:45:30+00:00,0.11875,0.03075,0.1745,0.1155
Parfetts - Birmingham,134.0,6.0,139.92,2025-05-05 12:00:30+00:00,0.12625,0.0505,0.181,0.12325
Parfetts - Birmingham,134.0,6.0,139.92,2025-05-05 12:15:30+00:00,0.10075,0.0435,0.16025,0.0995
Parfetts - Birmingham,134.0,6.0,139.92,2025-05-05 12:30:30+00:00,0.07875,0.025,0.14875,0.0785
Parfetts - Birmingham,134.0,6.0,139.92,2025-05-05 12:45:30+00:00,0.0805,0.01675,0.15875,0.08025
Parfetts - Birmingham,134.0,6.0,139.92,2025-05-05 13:00:30+00:00,0.103,0.03,0.1915,0.10225
Parfetts - Birmingham,134.0,6.0,139.92,2025-05-05 13:15:30+00:00,0.149,0.04575,0.207,0.147
Parfetts - Birmingham,134.0,6.0,139.92,2025-05-05 13:30:30+00:00,0.1245,0.035,0.19375,0.124
Parfetts - Birmingham,134.0,6.0,139.92,2025-05-05 13:45:30+00:00,0.06925,0.01675,0.15825,0.0695
Parfetts - Birmingham,134.0,6.0,139.92,2025-05-05 14:00:30+00:00,0.0685,0.02125,0.142,0.069
Parfetts - Birmingham,134.0,6.0,139.92,2025-05-05 14:15:30+00:00,0.10625,0.03075,0.13025,0.107
Parfetts - Birmingham,134.0,6.0,139.92,2025-05-05 14:30:30+00:00,0.066,0.042,0.1305,0.06675
Parfetts - Birmingham,134.0,6.0,139.92,2025-05-05 14:45:30+00:00,0.08575,0.03625,0.113,0.08725
Parfetts - Birmingham,134.0,6.0,139.92,2025-05-05 15:00:30+00:00,0.07175,0.04,0.10625,0.07325
Parfetts - Birmingham,134.0,6.0,139.92,2025-05-05 15:15:30+00:00,0.061,0.035,0.088,0.062
Parfetts - Birmingham,134.0,6.0,139.92,2025-05-05 15:30:30+00:00,0.05125,0.03,0.07925,0.052
Parfetts - Birmingham,134.0,6.0,139.92,2025-05-05 15:45:30+00:00,0.05125,0.03,0.0755,0.05225
Parfetts - Birmingham,134.0,6.0,139.92,2025-05-05 16:00:30+00:00,0.0555,0.0285,0.081,0.05675
Parfetts - Birmingham,134.0,6.0,139.92,2025-05-05 16:15:30+00:00,0.0565,0.03,0.0795,0.05875
Parfetts - Birmingham,134.0,6.0,139.92,2025-05-05 16:30:30+00:00,0.0525,0.03375,0.07675,0.05475
Parfetts - Birmingham,134.0,6.0,139.92,2025-05-05 16:45:30+00:00,0.055,0.03275,0.0695,0.059
Parfetts - Birmingham,134.0,6.0,139.92,2025-05-05 17:00:30+00:00,0.04675,0.0275,0.06375,0.05
Parfetts - Birmingham,134.0,6.0,139.92,2025-05-05 17:15:30+00:00,0.035,0.01675,0.0545,0.03725
Parfetts - Birmingham,134.0,6.0,139.92,2025-05-05 17:30:30+00:00,0.0245,0.0115,0.04275,0.02525
Parfetts - Birmingham,134.0,6.0,139.92,2025-05-05 17:45:30+00:00,0.02075,0.00925,0.033,0.02125
Parfetts - Birmingham,134.0,6.0,139.92,2025-05-05 18:00:30+00:00,0.018,0.0085,0.02675,0.01875
Parfetts - Birmingham,134.0,6.0,139.92,2025-05-05 18:15:30+00:00,0.01425,0.007,0.022,0.01475
Parfetts - Birmingham,134.0,6.0,139.92,2025-05-05 18:30:30+00:00,0.01125,0.00475,0.017,0.0115
Parfetts - Birmingham,134.0,6.0,139.92,2025-05-05 18:45:30+00:00,0.0075,0.003,0.01225,0.00775
Parfetts - Birmingham,134.0,6.0,139.92,2025-05-05 19:00:30+00:00,0.004,0.0015,0.00725,0.004
Parfetts - Birmingham,134.0,6.0,139.92,2025-05-05 19:15:30+00:00,0.00125,0.0005,0.00325,0.00125
Parfetts - Birmingham,134.0,6.0,139.92,2025-05-05 19:30:30+00:00,0.00025,0.0,0.0005,0.00025
Parfetts - Birmingham,134.0,6.0,139.92,2025-05-05 19:45:30+00:00,0.0,0.0,0.0,0.0
Parfetts - Birmingham,134.0,6.0,139.92,2025-05-05 20:00:30+00:00,0.0,0.0,0.0,0.0
Parfetts - Birmingham,134.0,6.0,139.92,2025-05-05 20:15:30+00:00,0.0,0.0,0.0,0.0
Parfetts - Birmingham,134.0,6.0,139.92,2025-05-05 20:30:30+00:00,0.0,0.0,0.0,0.0
Parfetts - Birmingham,134.0,6.0,139.92,2025-05-05 20:45:30+00:00,0.0,0.0,0.0,0.0
Parfetts - Birmingham,134.0,6.0,139.92,2025-05-05 21:00:30+00:00,0.0,0.0,0.0,0.0
Parfetts - Birmingham,134.0,6.0,139.92,2025-05-05 21:15:30+00:00,0.0,0.0,0.0,0.0
Parfetts - Birmingham,134.0,6.0,139.92,2025-05-05 21:30:30+00:00,0.0,0.0,0.0,0.0
Parfetts - Birmingham,134.0,6.0,139.92,2025-05-05 21:45:30+00:00,0.0,0.0,0.0,0.0
Parfetts - Birmingham,134.0,6.0,139.92,2025-05-05 22:00:30+00:00,0.0,0.0,0.0,0.0
Parfetts - Birmingham,134.0,6.0,139.92,2025-05-05 22:15:30+00:00,0.0,0.0,0.0,0.0
Parfetts - Birmingham,134.0,6.0,139.92,2025-05-05 22:30:30+00:00,0.0,0.0,0.0,0.0
Parfetts - Birmingham,134.0,6.0,139.92,2025-05-05 22:45:30+00:00,0.0,0.0,0.0,0.0
Parfetts - Birmingham,134.0,6.0,139.92,2025-05-05 23:00:30+00:00,0.0,0.0,0.0,0.0
Parfetts - Birmingham,134.0,6.0,139.92,2025-05-05 23:15:30+00:00,0.0,0.0,0.0,0.0
Parfetts - Birmingham,134.0,6.0,139.92,2025-05-05 23:30:30+00:00,0.0,0.0,0.0,0.0
Parfetts - Birmingham,134.0,6.0,139.92,2025-05-05 23:45:30+00:00,0.0,0.0,0.0,0.0
Parfetts - Birmingham,134.0,6.0,139.92,2025-05-06 00:00:30+00:00,0.0,0.0,0.0,0.0
Parfetts - Birmingham,134.0,6.0,139.92,2025-05-06 00:15:30+00:00,0.0,0.0,0.0,0.0
Parfetts - Birmingham,134.0,6.0,139.92,2025-05-06 00:30:30+00:00,0.0,0.0,0.0,0.0
Parfetts - Birmingham,134.0,6.0,139.92,2025-05-06 00:45:30+00:00,0.0,0.0,0.0,0.0
Parfetts - Birmingham,134.0,6.0,139.92,2025-05-06 01:00:30+00:00,0.0,0.0,0.0,0.0
Parfetts - Birmingham,134.0,6.0,139.92,2025-05-06 01:15:30+00:00,0.0,0.0,0.0,0.0
Parfetts - Birmingham,134.0,6.0,139.92,2025-05-06 01:30:30+00:00,0.0,0.0,0.0,0.0
Parfetts - Birmingham,134.0,6.0,139.92,2025-05-06 01:45:30+00:00,0.0,0.0,0.0,0.0
Parfetts - Birmingham,134.0,6.0,139.92,2025-05-06 02:00:30+00:00,0.0,0.0,0.0,0.0
Parfetts - Birmingham,134.0,6.0,139.92,2025-05-06 02:15:30+00:00,0.0,0.0,0.0,0.0
Parfetts - Birmingham,134.0,6.0,139.92,2025-05-06 02:30:30+00:00,0.0,0.0,0.0,0.0
Parfetts - Birmingham,134.0,6.0,139.92,2025-05-06 02:45:30+00:00,0.0,0.0,0.0,0.0
Parfetts - Birmingham,134.0,6.0,139.92,2025-05-06 03:00:30+00:00,0.0,0.0,0.0,0.0
Parfetts - Birmingham,134.0,6.0,139.92,2025-05-06 03:15:30+00:00,0.0,0.0,0.0,0.0
Parfetts - Birmingham,134.0,6.0,139.92,2025-05-06 03:30:30+00:00,0.0,0.0,0.0,0.0
Parfetts - Birmingham,134.0,6.0,139.92,2025-05-06 03:45:30+00:00,0.0,0.0,0.0,0.0
Parfetts - Birmingham,134.0,6.0,139.92,2025-05-06 04:00:30+00:00,0.0,0.0,0.0,0.0
Parfetts - Birmingham,134.0,6.0,139.92,2025-05-06 04:15:30+00:00,0.0,0.0,0.0,0.0
Parfetts - Birmingham,134.0,6.0,139.92,2025-05-06 04:30:30+00:00,0.001,0.00075,0.00125,0.001
Parfetts - Birmingham,134.0,6.0,139.92,2025-05-06 04:45:30+00:00,0.006,0.0045,0.00725,0.00525
Parfetts - Birmingham,134.0,6.0,139.92,2025-05-06 05:00:30+00:00,0.01375,0.00975,0.0165,0.01125
Parfetts - Birmingham,134.0,6.0,139.92,2025-05-06 05:15:30+00:00,0.02225,0.01625,0.0265,0.0185
Parfetts - Birmingham,134.0,6.0,139.92,2025-05-06 05:30:30+00:00,0.03225,0.0245,0.03725,0.027
Parfetts - Birmingham,134.0,6.0,139.92,2025-05-06 05:45:30+00:00,0.0425,0.03375,0.04825,0.036
Parfetts - Birmingham,134.0,6.0,139.92,2025-05-06 06:00:30+00:00,0.053,0.04375,0.05975,0.0455
Parfetts - Birmingham,134.0,6.0,139.92,2025-05-06 06:15:30+00:00,0.0635,0.05475,0.07175,0.05475
Parfetts - Birmingham,134.0,6.0,139.92,2025-05-06 06:30:30+00:00,0.0745,0.06625,0.08275,0.06475
Parfetts - Birmingham,134.0,6.0,139.92,2025-05-06 06:45:30+00:00,0.08525,0.07825,0.09225,0.0745
Parfetts - Birmingham,134.0,6.0,139.92,2025-05-06 07:00:30+00:00,0.09575,0.08925,0.10275,0.084
Parfetts - Birmingham,134.0,6.0,139.92,2025-05-06 07:15:30+00:00,0.107,0.096,0.1175,0.09425
Parfetts - Birmingham,134.0,6.0,139.92,2025-05-06 07:30:30+00:00,0.11725,0.09925,0.1305,0.10375
Parfetts - Birmingham,134.0,6.0,139.92,2025-05-06 07:45:30+00:00,0.122,0.09675,0.141,0.10925
Parfetts - Birmingham,134.0,6.0,139.92,2025-05-06 08:00:30+00:00,0.11675,0.09675,0.14325,0.10675
Parfetts - Birmingham,134.0,6.0,139.92,2025-05-06 08:15:30+00:00,0.12275,0.10325,0.14225,0.11275
Parfetts - Birmingham,134.0,6.0,139.92,2025-05-06 08:30:30+00:00,0.1285,0.1145,0.143,0.11825
Parfetts - Birmingham,134.0,6.0,139.92,2025-05-06 08:45:30+00:00,0.135,0.1225,0.14725,0.12475
Parfetts - Birmingham,134.0,6.0,139.92,2025-05-06 09:00:30+00:00,0.1405,0.12425,0.1585,0.13025
Parfetts - Birmingham,134.0,6.0,139.92,2025-05-06 09:15:30+00:00,0.14825,0.12825,0.17425,0.13775
Parfetts - Birmingham,134.0,6.0,139.92,2025-05-06 09:30:30+00:00,0.16575,0.13825,0.1925,0.153
Parfetts - Birmingham,134.0,6.0,139.92,2025-05-06 09:45:30+00:00,0.18075,0.1515,0.2035,0.167
Parfetts - Birmingham,134.0,6.0,139.92,2025-05-06 10:00:30+00:00,0.18475,0.16275,0.21,0.17125
Parfetts - Birmingham,134.0,6.0,139.92,2025-05-06 10:15:30+00:00,0.1935,0.1715,0.21475,0.17975
Parfetts - Birmingham,134.0,6.0,139.92,2025-05-06 10:30:30+00:00,0.2015,0.18075,0.223,0.1875
Parfetts - Birmingham,134.0,6.0,139.92,2025-05-06 10:45:30+00:00,0.20975,0.1885,0.2295,0.19575
Parfetts - Birmingham,134.0,6.0,139.92,2025-05-06 11:00:30+00:00,0.2155,0.19775,0.232,0.202
Parfetts - Birmingham,134.0,6.0,139.92,2025-05-06 11:15:30+00:00,0.21875,0.20425,0.2315,0.206
Parfetts - Birmingham,134.0,6.0,139.92,2025-05-06 11:30:30+00:00,0.219,0.207,0.23,0.20725
Parfetts - Birmingham,134.0,6.0,139.92,2025-05-06 11:45:30+00:00,0.2175,0.207,0.228,0.20675
Parfetts - Birmingham,134.0,6.0,139.92,2025-05-06 12:00:30+00:00,0.21575,0.20575,0.22675,0.206
Parfetts - Birmingham,134.0,6.0,139.92,2025-05-06 12:15:30+00:00,0.21525,0.20475,0.22525,0.20675
Parfetts - Birmingham,134.0,6.0,139.92,2025-05-06 12:30:30+00:00,0.21375,0.2035,0.22325,0.2065
Parfetts - Birmingham,134.0,6.0,139.92,2025-05-06 12:45:30+00:00,0.21075,0.20125,0.2195,0.20475
Parfetts - Birmingham,134.0,6.0,139.92,2025-05-06 13:00:30+00:00,0.2065,0.1975,0.215,0.20175
Parfetts - Birmingham,134.0,6.0,139.92,2025-05-06 13:15:30+00:00,0.20125,0.1925,0.2095,0.19775
Parfetts - Birmingham,134.0,6.0,139.92,2025-05-06 13:30:30+00:00,0.19525,0.18725,0.20425,0.19325
Parfetts - Birmingham,134.0,6.0,139.92,2025-05-06 13:45:30+00:00,0.1905,0.18175,0.198,0.18975
Parfetts - Birmingham,134.0,6.0,139.92,2025-05-06 14:00:30+00:00,0.18375,0.17525,0.1915,0.18425
Parfetts - Birmingham,134.0,6.0,139.92,2025-05-06 14:15:30+00:00,0.17575,0.1675,0.18375,0.17775
Parfetts - Birmingham,134.0,6.0,139.92,2025-05-06 14:30:30+00:00,0.167,0.15875,0.17525,0.17025
Parfetts - Birmingham,134.0,6.0,139.92,2025-05-06 14:45:30+00:00,0.158,0.14875,0.16725,0.1625
Parfetts - Birmingham,134.0,6.0,139.92,2025-05-06 15:00:30+00:00,0.149,0.13875,0.15825,0.1545
Parfetts - Birmingham,134.0,6.0,139.92,2025-05-06 15:15:30+00:00,0.1385,0.128,0.14775,0.14525
Parfetts - Birmingham,134.0,6.0,139.92,2025-05-06 15:30:30+00:00,0.12625,0.11875,0.136,0.1335
Parfetts - Birmingham,134.0,6.0,139.92,2025-05-06 15:45:30+00:00,0.11725,0.11025,0.125,0.1255
Parfetts - Birmingham,134.0,6.0,139.92,2025-05-06 16:00:30+00:00,0.10925,0.10175,0.11425,0.1185
Parfetts - Birmingham,134.0,6.0,139.92,2025-05-06 16:15:30+00:00,0.09775,0.09275,0.10375,0.10725
Parfetts - Birmingham,134.0,6.0,139.92,2025-05-06 16:30:30+00:00,0.08775,0.08325,0.093,0.098
Parfetts - Birmingham,134.0,6.0,139.92,2025-05-06 16:45:30+00:00,0.07875,0.0735,0.08325,0.08975
Parfetts - Birmingham,134.0,6.0,139.92,2025-05-06 17:00:30+00:00,0.069,0.06325,0.074,0.08025
Parfetts - Birmingham,134.0,6.0,139.92,2025-05-06 17:15:30+00:00,0.0585,0.05225,0.065,0.06975
Parfetts - Birmingham,134.0,6.0,139.92,2025-05-06 17:30:30+00:00,0.0485,0.041,0.05525,0.0595
Parfetts - Birmingham,134.0,6.0,139.92,2025-05-06 17:45:30+00:00,0.039,0.03,0.04475,0.04975
Parfetts - Birmingham,134.0,6.0,139.92,2025-05-06 18:00:30+00:00,0.02975,0.02075,0.0355,0.03925
Parfetts - Birmingham,134.0,6.0,139.92,2025-05-06 18:15:30+00:00,0.02125,0.014,0.028,0.02775
Parfetts - Birmingham,134.0,6.0,139.92,2025-05-06 18:30:30+00:00,0.01475,0.0095,0.0215,0.0185
Parfetts - Birmingham,134.0,6.0,139.92,2025-05-06 18:45:30+00:00,0.00925,0.0055,0.013,0.0125
Parfetts - Birmingham,134.0,6.0,139.92,2025-05-06 19:00:30+00:00,0.006,0.00375,0.0085,0.007
Parfetts - Birmingham,134.0,6.0,139.92,2025-05-06 19:15:30+00:00,0.0025,0.002,0.0035,0.0025
Parfetts - Birmingham,134.0,6.0,139.92,2025-05-06 19:30:30+00:00,0.00075,0.0005,0.001,0.00075
Parfetts - Birmingham,134.0,6.0,139.92,2025-05-06 19:45:30+00:00,0.0,0.0,0.0,0.0
Parfetts - Birmingham,134.0,6.0,139.92,2025-05-06 20:00:30+00:00,0.0,0.0,0.0,0.0
Parfetts - Birmingham,134.0,6.0,139.92,2025-05-06 20:15:30+00:00,0.0,0.0,0.0,0.0
Parfetts - Birmingham,134.0,6.0,139.92,2025-05-06 20:30:30+00:00,0.0,0.0,0.0,0.0
Parfetts - Birmingham,134.0,6.0,139.92,2025-05-06 20:45:30+00:00,0.0,0.0,0.0,0.0
Parfetts - Birmingham,134.0,6.0,139.92,2025-05-06 21:00:30+00:00,0.0,0.0,0.0,0.0
Parfetts - Birmingham,134.0,6.0,139.92,2025-05-06 21:15:30+00:00,0.0,0.0,0.0,0.0
Parfetts - Birmingham,134.0,6.0,139.92,2025-05-06 21:30:30+00:00,0.0,0.0,0.0,0.0
Parfetts - Birmingham,134.0,6.0,139.92,2025-05-06 21:45:30+00:00,0.0,0.0,0.0,0.0
Parfetts - Birmingham,134.0,6.0,139.92,2025-05-06 22:00:30+00:00,0.0,0.0,0.0,0.0
Parfetts - Birmingham,134.0,6.0,139.92,2025-05-06 22:15:30+00:00,0.0,0.0,0.0,0.0
Parfetts - Birmingham,134.0,6.0,139.92,2025-05-06 22:30:30+00:00,0.0,0.0,0.0,0.0
Parfetts - Birmingham,134.0,6.0,139.92,2025-05-06 22:45:30+00:00,0.0,0.0,0.0,0.0
Parfetts - Birmingham,134.0,6.0,139.92,2025-05-06 23:00:30+00:00,0.0,0.0,0.0,0.0
Parfetts - Birmingham,134.0,6.0,139.92,2025-05-06 23:15:30+00:00,0.0,0.0,0.0,0.0
Parfetts - Birmingham,134.0,6.0,139.92,2025-05-06 23:30:30+00:00,0.0,0.0,0.0,0.0
Parfetts - Birmingham,134.0,6.0,139.92,2025-05-06 23:45:30+00:00,0.0,0.0,0.0,0.0
Parfetts - Birmingham,134.0,6.0,139.92,2025-05-07 00:00:30+00:00,0.0,0.0,0.0,0.0
Parfetts - Birmingham,134.0,6.0,139.92,2025-05-07 00:15:30+00:00,0.0,0.0,0.0,0.0
Parfetts - Birmingham,134.0,6.0,139.92,2025-05-07 00:30:30+00:00,0.0,0.0,0.0,0.0
Parfetts - Birmingham,134.0,6.0,139.92,2025-05-07 00:45:30+00:00,0.0,0.0,0.0,0.0
Parfetts - Birmingham,134.0,6.0,139.92,2025-05-07 01:00:30+00:00,0.0,0.0,0.0,0.0
Parfetts - Birmingham,134.0,6.0,139.92,2025-05-07 01:15:30+00:00,0.0,0.0,0.0,0.0
Parfetts - Birmingham,134.0,6.0,139.92,2025-05-07 01:30:30+00:00,0.0,0.0,0.0,0.0
Parfetts - Birmingham,134.0,6.0,139.92,2025-05-07 01:45:30+00:00,0.0,0.0,0.0,0.0
Parfetts - Birmingham,134.0,6.0,139.92,2025-05-07 02:00:30+00:00,0.0,0.0,0.0,0.0
Parfetts - Birmingham,134.0,6.0,139.92,2025-05-07 02:15:30+00:00,0.0,0.0,0.0,0.0
Parfetts - Birmingham,134.0,6.0,139.92,2025-05-07 02:30:30+00:00,0.0,0.0,0.0,0.0
Parfetts - Birmingham,134.0,6.0,139.92,2025-05-07 02:45:30+00:00,0.0,0.0,0.0,0.0
Parfetts - Birmingham,134.0,6.0,139.92,2025-05-07 03:00:30+00:00,0.0,0.0,0.0,0.0
Parfetts - Birmingham,134.0,6.0,139.92,2025-05-07 03:15:30+00:00,0.0,0.0,0.0,0.0
Parfetts - Birmingham,134.0,6.0,139.92,2025-05-07 03:30:30+00:00,0.0,0.0,0.0,0.0
Parfetts - Birmingham,134.0,6.0,139.92,2025-05-07 03:45:30+00:00,0.0,0.0,0.0,0.0
Parfetts - Birmingham,134.0,6.0,139.92,2025-05-07 04:00:30+00:00,0.0,0.0,0.0,0.0
Parfetts - Birmingham,134.0,6.0,139.92,2025-05-07 04:15:30+00:00,0.0,0.0,0.0,0.0
Parfetts - Birmingham,134.0,6.0,139.92,2025-05-07 04:30:30+00:00,0.00075,0.00025,0.00175,0.00075
Parfetts - Birmingham,134.0,6.0,139.92,2025-05-07 04:45:30+00:00,0.00275,0.0005,0.0055,0.00275
Parfetts - Birmingham,134.0,6.0,139.92,2025-05-07 05:00:30+00:00,0.0055,0.00225,0.01225,0.0055
Parfetts - Birmingham,134.0,6.0,139.92,2025-05-07 05:15:30+00:00,0.01475,0.00575,0.0225,0.0135
Parfetts - Birmingham,134.0,6.0,139.92,2025-05-07 05:30:30+00:00,0.022,0.012,0.03175,0.02025
Parfetts - Birmingham,134.0,6.0,139.92,2025-05-07 05:45:30+00:00,0.02875,0.0165,0.0385,0.02675
Parfetts - Birmingham,134.0,6.0,139.92,2025-05-07 06:00:30+00:00,0.03075,0.01825,0.04375,0.029
Parfetts - Birmingham,134.0,6.0,139.92,2025-05-07 06:15:30+00:00,0.03375,0.02225,0.05375,0.0325
Parfetts - Birmingham,134.0,6.0,139.92,2025-05-07 06:30:30+00:00,0.051,0.0305,0.07125,0.04725
Parfetts - Birmingham,134.0,6.0,139.92,2025-05-07 06:45:30+00:00,0.0675,0.04525,0.086,0.06125
Parfetts - Birmingham,134.0,6.0,139.92,2025-05-07 07:00:30+00:00,0.077,0.061,0.09425,0.07
Parfetts - Birmingham,134.0,6.0,139.92,2025-05-07 07:15:30+00:00,0.088,0.0745,0.102,0.08025
Parfetts - Birmingham,134.0,6.0,139.92,2025-05-07 07:30:30+00:00,0.09925,0.0855,0.1125,0.0905
Parfetts - Birmingham,134.0,6.0,139.92,2025-05-07 07:45:30+00:00,0.1095,0.095,0.12825,0.1
Parfetts - Birmingham,134.0,6.0,139.92,2025-05-07 08:00:30+00:00,0.12625,0.106,0.14225,0.11525
Parfetts - Birmingham,134.0,6.0,139.92,2025-05-07 08:15:30+00:00,0.13675,0.11075,0.15125,0.12425
Parfetts - Birmingham,134.0,6.0,139.92,2025-05-07 08:30:30+00:00,0.127,0.11125,0.15375,0.1175
Parfetts - Birmingham,134.0,6.0,139.92,2025-05-07 08:45:30+00:00,0.13575,0.11775,0.1615,0.12575
Parfetts - Birmingham,134.0,6.0,139.92,2025-05-07 09:00:30+00:00,0.15725,0.12975,0.1775,0.1445
Parfetts - Birmingham,134.0,6.0,139.92,2025-05-07 09:15:30+00:00,0.16625,0.13475,0.191,0.153
Parfetts - Birmingham,134.0,6.0,139.92,2025-05-07 09:30:30+00:00,0.16325,0.12525,0.19725,0.152
Parfetts - Birmingham,134.0,6.0,139.92,2025-05-07 09:45:30+00:00,0.15425,0.11575,0.1965,0.1445
Parfetts - Birmingham,134.0,6.0,139.92,2025-05-07 10:00:30+00:00,0.1495,0.11125,0.18575,0.142
Parfetts - Birmingham,134.0,6.0,139.92,2025-05-07 10:15:30+00:00,0.1425,0.1165,0.17425,0.136
Parfetts - Birmingham,134.0,6.0,139.92,2025-05-07 10:30:30+00:00,0.14425,0.1235,0.172,0.138
Parfetts - Birmingham,134.0,6.0,139.92,2025-05-07 10:45:30+00:00,0.15625,0.13075,0.17875,0.14975
Parfetts - Birmingham,134.0,6.0,139.92,2025-05-07 11:00:30+00:00,0.164,0.136,0.19225,0.1565
Parfetts - Birmingham,134.0,6.0,139.92,2025-05-07 11:15:30+00:00,0.1705,0.13,0.20225,0.163
Parfetts - Birmingham,134.0,6.0,139.92,2025-05-07 11:30:30+00:00,0.16275,0.11,0.20975,0.15625
Parfetts - Birmingham,134.0,6.0,139.92,2025-05-07 11:45:30+00:00,0.1445,0.08625,0.20275,0.1405
Parfetts - Birmingham,134.0,6.0,139.92,2025-05-07 12:00:30+00:00,0.12675,0.071,0.1825,0.12375
Parfetts - Birmingham,134.0,6.0,139.92,2025-05-07 12:15:30+00:00,0.10775,0.0665,0.16225,0.1065
Parfetts - Birmingham,134.0,6.0,139.92,2025-05-07 12:30:30+00:00,0.10925,0.07275,0.15825,0.10825
Parfetts - Birmingham,134.0,6.0,139.92,2025-05-07 12:45:30+00:00,0.1295,0.0845,0.1695,0.12775
Parfetts - Birmingham,134.0,6.0,139.92,2025-05-07 13:00:30+00:00,0.14025,0.09325,0.173,0.13875
Parfetts - Birmingham,134.0,6.0,139.92,2025-05-07 13:15:30+00:00,0.1285,0.08975,0.1645,0.1275
Parfetts - Birmingham,134.0,6.0,139.92,2025-05-07 13:30:30+00:00,0.11175,0.0805,0.14725,0.11175
Parfetts - Birmingham,134.0,6.0,139.92,2025-05-07 13:45:30+00:00,0.10175,0.0765,0.13375,0.102
Parfetts - Birmingham,134.0,6.0,139.92,2025-05-07 14:00:30+00:00,0.10125,0.07025,0.1275,0.102
Parfetts - Birmingham,134.0,6.0,139.92,2025-05-07 14:15:30+00:00,0.093,0.06825,0.13025,0.094
Parfetts - Birmingham,134.0,6.0,139.92,2025-05-07 14:30:30+00:00,0.10275,0.06775,0.13775,0.10425
Parfetts - Birmingham,134.0,6.0,139.92,2025-05-07 14:45:30+00:00,0.1115,0.0775,0.13725,0.1135
Parfetts - Birmingham,134.0,6.0,139.92,2025-05-07 15:00:30+00:00,0.1075,0.0845,0.12825,0.11
Parfetts - Birmingham,134.0,6.0,139.92,2025-05-07 15:15:30+00:00,0.1,0.08375,0.115,0.103
Parfetts - Birmingham,134.0,6.0,139.92,2025-05-07 15:30:30+00:00,0.091,0.078,0.11,0.09375
Parfetts - Birmingham,134.0,6.0,139.92,2025-05-07 15:45:30+00:00,0.08975,0.07075,0.107,0.09375
Parfetts - Birmingham,134.0,6.0,139.92,2025-05-07 16:00:30+00:00,0.086,0.061,0.099,0.0905
Parfetts - Birmingham,134.0,6.0,139.92,2025-05-07 16:15:30+00:00,0.0655,0.05225,0.089,0.0685
Parfetts - Birmingham,134.0,6.0,139.92,2025-05-07 16:30:30+00:00,0.0595,0.04275,0.07975,0.0625
Parfetts - Birmingham,134.0,6.0,139.92,2025-05-07 16:45:30+00:00,0.05775,0.03375,0.07425,0.06175
Parfetts - Birmingham,134.0,6.0,139.92,2025-05-07 17:00:30+00:00,0.0455,0.02375,0.06675,0.04825
Parfetts - Birmingham,134.0,6.0,139.92,2025-05-07 17:15:30+00:00,0.033,0.01425,0.05475,0.03425
Parfetts - Birmingham,134.0,6.0,139.92,2025-05-07 17:30:30+00:00,0.024,0.01225,0.0445,0.0245
Parfetts - Birmingham,134.0,6.0,139.92,2025-05-07 17:45:30+00:00,0.026,0.0115,0.03475,0.02825
Parfetts - Birmingham,134.0,6.0,139.92,2025-05-07 18:00:30+00:00,0.0205,0.01125,0.02975,0.02175
Parfetts - Birmingham,134.0,6.0,139.92,2025-05-07 18:15:30+00:00,0.0145,0.00825,0.0235,0.015
Parfetts - Birmingham,134.0,6.0,139.92,2025-05-07 18:30:30+00:00,0.0115,0.0055,0.01725,0.012
Parfetts - Birmingham,134.0,6.0,139.92,2025-05-07 18:45:30+00:00,0.008,0.00375,0.0125,0.00825
Parfetts - Birmingham,134.0,6.0,139.92,2025-05-07 19:00:30+00:00,0.0045,0.002,0.0075,0.0045
Parfetts - Birmingham,134.0,6.0,139.92,2025-05-07 19:15:30+00:00,0.00175,0.00075,0.0035,0.00175
Parfetts - Birmingham,134.0,6.0,139.92,2025-05-07 19:30:30+00:00,0.0005,0.00025,0.00125,0.0005
Parfetts - Birmingham,134.0,6.0,139.92,2025-05-07 19:45:30+00:00,0.0,0.0,0.0,0.0
Parfetts - Birmingham,134.0,6.0,139.92,2025-05-07 20:00:30+00:00,0.0,0.0,0.0,0.0
Parfetts - Birmingham,134.0,6.0,139.92,2025-05-07 20:15:30+00:00,0.0,0.0,0.0,0.0
Parfetts - Birmingham,134.0,6.0,139.92,2025-05-07 20:30:30+00:00,0.0,0.0,0.0,0.0
Parfetts - Birmingham,134.0,6.0,139.92,2025-05-07 20:45:30+00:00,0.0,0.0,0.0,0.0
Parfetts - Birmingham,134.0,6.0,139.92,2025-05-07 21:00:30+00:00,0.0,0.0,0.0,0.0
Parfetts - Birmingham,134.0,6.0,139.92,2025-05-07 21:15:30+00:00,0.0,0.0,0.0,0.0
Parfetts - Birmingham,134.0,6.0,139.92,2025-05-07 21:30:30+00:00,0.0,0.0,0.0,0.0
Parfetts - Birmingham,134.0,6.0,139.92,2025-05-07 21:45:30+00:00,0.0,0.0,0.0,0.0
Parfetts - Birmingham,134.0,6.0,139.92,2025-05-07 22:00:30+00:00,0.0,0.0,0.0,0.0
Parfetts - Birmingham,134.0,6.0,139.92,2025-05-07 22:15:30+00:00,0.0,0.0,0.0,0.0
Parfetts - Birmingham,134.0,6.0,139.92,2025-05-07 22:30:30+00:00,0.0,0.0,0.0,0.0
Parfetts - Birmingham,134.0,6.0,139.92,2025-05-07 22:45:30+00:00,0.0,0.0,0.0,0.0
Parfetts - Birmingham,134.0,6.0,139.92,2025-05-07 23:00:30+00:00,0.0,0.0,0.0,0.0
Parfetts - Birmingham,134.0,6.0,139.92,2025-05-07 23:15:30+00:00,0.0,0.0,0.0,0.0
Parfetts - Birmingham,134.0,6.0,139.92,2025-05-07 23:30:30+00:00,0.0,0.0,0.0,0.0
Parfetts - Birmingham,134.0,6.0,139.92,2025-05-07 23:45:30+00:00,0.0,0.0,0.0,0.0
Parfetts - Birmingham,134.0,6.0,139.92,2025-05-08 00:00:30+00:00,0.0,0.0,0.0,0.0
Parfetts - Birmingham,134.0,6.0,139.92,2025-05-08 00:15:30+00:00,0.0,0.0,0.0,0.0
Parfetts - Birmingham,134.0,6.0,139.92,2025-05-08 00:30:30+00:00,0.0,0.0,0.0,0.0
Parfetts - Birmingham,134.0,6.0,139.92,2025-05-08 00:45:30+00:00,0.0,0.0,0.0,0.0
Parfetts - Birmingham,134.0,6.0,139.92,2025-05-08 01:00:30+00:00,0.0,0.0,0.0,0.0
Parfetts - Birmingham,134.0,6.0,139.92,2025-05-08 01:15:30+00:00,0.0,0.0,0.0,0.0
Parfetts - Birmingham,134.0,6.0,139.92,2025-05-08 01:30:30+00:00,0.0,0.0,0.0,0.0
Parfetts - Birmingham,134.0,6.0,139.92,2025-05-08 01:45:30+00:00,0.0,0.0,0.0,0.0
Parfetts - Birmingham,134.0,6.0,139.92,2025-05-08 02:00:30+00:00,0.0,0.0,0.0,0.0
Parfetts - Birmingham,134.0,6.0,139.92,2025-05-08 02:15:30+00:00,0.0,0.0,0.0,0.0
Parfetts - Birmingham,134.0,6.0,139.92,2025-05-08 02:30:30+00:00,0.0,0.0,0.0,0.0
Parfetts - Birmingham,134.0,6.0,139.92,2025-05-08 02:45:30+00:00,0.0,0.0,0.0,0.0
Parfetts - Birmingham,134.0,6.0,139.92,2025-05-08 03:00:30+00:00,0.0,0.0,0.0,0.0
Parfetts - Birmingham,134.0,6.0,139.92,2025-05-08 03:15:30+00:00,0.0,0.0,0.0,0.0
Parfetts - Birmingham,134.0,6.0,139.92,2025-05-08 03:30:30+00:00,0.0,0.0,0.0,0.0
Parfetts - Birmingham,134.0,6.0,139.92,2025-05-08 03:45:30+00:00,0.0,0.0,0.0,0.0
Parfetts - Birmingham,134.0,6.0,139.92,2025-05-08 04:00:30+00:00,0.0,0.0,0.0,0.0
Parfetts - Birmingham,134.0,6.0,139.92,2025-05-08 04:15:30+00:00,0.0,0.0,0.0,0.0
Parfetts - Birmingham,134.0,6.0,139.92,2025-05-08 04:30:30+00:00,0.00075,0.00025,0.00225,0.00075
Parfetts - Birmingham,134.0,6.0,139.92,2025-05-08 04:45:30+00:00,0.0025,0.0005,0.00525,0.0025
Parfetts - Birmingham,134.0,6.0,139.92,2025-05-08 05:00:30+00:00,0.005,0.0015,0.0095,0.00525
Parfetts - Birmingham,134.0,6.0,139.92,2025-05-08 05:15:30+00:00,0.0085,0.003,0.014,0.0085
Parfetts - Birmingham,134.0,6.0,139.92,2025-05-08 05:30:30+00:00,0.012,0.0055,0.019,0.012
Parfetts - Birmingham,134.0,6.0,139.92,2025-05-08 05:45:30+00:00,0.01625,0.00825,0.024,0.01625
Parfetts - Birmingham,134.0,6.0,139.92,2025-05-08 06:00:30+00:00,0.02,0.011,0.0295,0.01975
Parfetts - Birmingham,134.0,6.0,139.92,2025-05-08 06:15:30+00:00,0.0245,0.0145,0.03575,0.02425
Parfetts - Birmingham,134.0,6.0,139.92,2025-05-08 06:30:30+00:00,0.031,0.0205,0.04375,0.0305
Parfetts - Birmingham,134.0,6.0,139.92,2025-05-08 06:45:30+00:00,0.0415,0.02825,0.05175,0.04
Parfetts - Birmingham,134.0,6.0,139.92,2025-05-08 07:00:30+00:00,0.04675,0.034,0.0585,0.04525
Parfetts - Birmingham,134.0,6.0,139.92,2025-05-08 07:15:30+00:00,0.0495,0.035,0.0615,0.04875
Parfetts - Birmingham,134.0,6.0,139.92,2025-05-08 07:30:30+00:00,0.0485,0.03325,0.06525,0.04775
Parfetts - Birmingham,134.0,6.0,139.92,2025-05-08 07:45:30+00:00,0.0495,0.03225,0.06875,0.049
Parfetts - Birmingham,134.0,6.0,139.92,2025-05-08 08:00:30+00:00,0.0535,0.0315,0.07225,0.053
Parfetts - Birmingham,134.0,6.0,139.92,2025-05-08 08:15:30+00:00,0.05225,0.02925,0.07325,0.05175
Parfetts - Birmingham,134.0,6.0,139.92,2025-05-08 08:30:30+00:00,0.0475,0.02675,0.07075,0.04725
Parfetts - Birmingham,134.0,6.0,139.92,2025-05-08 08:45:30+00:00,0.04675,0.02775,0.0675,0.0465
Parfetts - Birmingham,134.0,6.0,139.92,2025-05-08 09:00:30+00:00,0.0485,0.03225,0.0675,0.04825
Parfetts - Birmingham,134.0,6.0,139.92,2025-05-08 09:15:30+00:00,0.054,0.036,0.0695,0.05375
Parfetts - Birmingham,134.0,6.0,139.92,2025-05-08 09:30:30+00:00,0.0555,0.0355,0.0715,0.05525
Parfetts - Birmingham,134.0,6.0,139.92,2025-05-08 09:45:30+00:00,0.05075,0.034,0.07275,0.05075
Parfetts - Birmingham,134.0,6.0,139.92,2025-05-08 10:00:30+00:00,0.05375,0.03325,0.07225,0.0535
Parfetts - Birmingham,134.0,6.0,139.92,2025-05-08 10:15:30+00:00,0.05375,0.03375,0.07275,0.05375
Parfetts - Birmingham,134.0,6.0,139.92,2025-05-08 10:30:30+00:00,0.052,0.03175,0.074,0.052
Parfetts - Birmingham,134.0,6.0,139.92,2025-05-08 10:45:30+00:00,0.0525,0.03075,0.07825,0.0525
Parfetts - Birmingham,134.0,6.0,139.92,2025-05-08 11:00:30+00:00,0.0585,0.03425,0.08625,0.0585
Parfetts - Birmingham,134.0,6.0,139.92,2025-05-08 11:15:30+00:00,0.06925,0.04,0.08975,0.069
Parfetts - Birmingham,134.0,6.0,139.92,2025-05-08 11:30:30+00:00,0.06625,0.04075,0.09,0.06625
Parfetts - Birmingham,134.0,6.0,139.92,2025-05-08 11:45:30+00:00,0.06025,0.03825,0.08625,0.0605
Parfetts - Birmingham,134.0,6.0,139.92,2025-05-08 12:00:30+00:00,0.0595,0.03575,0.08225,0.05975
Parfetts - Birmingham,134.0,6.0,139.92,2025-05-08 12:15:30+00:00,0.0565,0.03375,0.07975,0.05675
Parfetts - Birmingham,134.0,6.0,139.92,2025-05-08 12:30:30+00:00,0.054,0.0325,0.077,0.05425
Parfetts - Birmingham,134.0,6.0,139.92,2025-05-08 12:45:30+00:00,0.05375,0.02875,0.074,0.054
Parfetts - Birmingham,134.0,6.0,139.92,2025-05-08 13:00:30+00:00,0.046,0.0275,0.0705,0.0465
Parfetts - Birmingham,134.0,6.0,139.92,2025-05-08 13:15:30+00:00,0.047,0.02575,0.066,0.04725
Parfetts - Birmingham,134.0,6.0,139.92,2025-05-08 13:30:30+00:00,0.0445,0.02475,0.06475,0.04475
Parfetts - Birmingham,134.0,6.0,139.92,2025-05-08 13:45:30+00:00,0.0425,0.022,0.06525,0.04275
Parfetts - Birmingham,134.0,6.0,139.92,2025-05-08 14:00:30+00:00,0.0435,0.01825,0.07075,0.044
Parfetts - Birmingham,134.0,6.0,139.92,2025-05-08 14:15:30+00:00,0.04675,0.01825,0.07775,0.04725
Parfetts - Birmingham,134.0,6.0,139.92,2025-05-08 14:30:30+00:00,0.053,0.0205,0.0855,0.0535
Parfetts - Birmingham,134.0,6.0,139.92,2025-05-08 14:45:30+00:00,0.05825,0.02125,0.09175,0.059
Parfetts - Birmingham,134.0,6.0,139.92,2025-05-08 15:00:30+00:00,0.05775,0.0205,0.09975,0.0585
Parfetts - Birmingham,134.0,6.0,139.92,2025-05-08 15:15:30+00:00,0.06375,0.02425,0.10625,0.065
Parfetts - Birmingham,134.0,6.0,139.92,2025-05-08 15:30:30+00:00,0.073,0.03525,0.10875,0.075
Parfetts - Birmingham,134.0,6.0,139.92,2025-05-08 15:45:30+00:00,0.079,0.04775,0.102,0.08175
Parfetts - Birmingham,134.0,6.0,139.92,2025-05-08 16:00:30+00:00,0.07275,0.05475,0.0905,0.07575
Parfetts - Birmingham,134.0,6.0,139.92,2025-05-08 16:15:30+00:00,0.06625,0.05375,0.07725,0.069
Parfetts - Birmingham,134.0,6.0,139.92,2025-05-08 16:30:30+00:00,0.05775,0.048,0.0675,0.0605
Parfetts - Birmingham,134.0,6.0,139.92,2025-05-08 16:45:30+00:00,0.04975,0.04125,0.06125,0.052
Parfetts - Birmingham,134.0,6.0,139.92,2025-05-08 17:00:30+00:00,0.046,0.034,0.05525,0.04875
Parfetts - Birmingham,134.0,6.0,139.92,2025-05-08 17:15:30+00:00,0.0385,0.02625,0.0495,0.041
Parfetts - Birmingham,134.0,6.0,139.92,2025-05-08 17:30:30+00:00,0.0295,0.01975,0.04225,0.03075
Parfetts - Birmingham,134.0,6.0,139.92,2025-05-08 17:45:30+00:00,0.024,0.0145,0.03475,0.025
Parfetts - Birmingham,134.0,6.0,139.92,2025-05-08 18:00:30+00:00,0.02,0.011,0.0295,0.021
Parfetts - Birmingham,134.0,6.0,139.92,2025-05-08 18:15:30+00:00,0.01625,0.0085,0.025,0.01725
Parfetts - Birmingham,134.0,6.0,139.92,2025-05-08 18:30:30+00:00,0.01325,0.006,0.02,0.01425
Parfetts - Birmingham,134.0,6.0,139.92,2025-05-08 18:45:30+00:00,0.00975,0.0045,0.0145,0.011
Parfetts - Birmingham,134.0,6.0,139.92,2025-05-08 19:00:30+00:00,0.00625,0.003,0.00975,0.0065
Parfetts - Birmingham,134.0,6.0,139.92,2025-05-08 19:15:30+00:00,0.00275,0.0015,0.0045,0.00275
Parfetts - Birmingham,134.0,6.0,139.92,2025-05-08 19:30:30+00:00,0.001,0.0005,0.00175,0.001
Parfetts - Birmingham,134.0,6.0,139.92,2025-05-08 19:45:30+00:00,0.0,0.0,0.0,0.0
Parfetts - Birmingham,134.0,6.0,139.92,2025-05-08 20:00:30+00:00,0.0,0.0,0.0,0.0
Parfetts - Birmingham,134.0,6.0,139.92,2025-05-08 20:15:30+00:00,0.0,0.0,0.0,0.0
Parfetts - Birmingham,134.0,6.0,139.92,2025-05-08 20:30:30+00:00,0.0,0.0,0.0,0.0
Parfetts - Birmingham,134.0,6.0,139.92,2025-05-08 20:45:30+00:00,0.0,0.0,0.0,0.0
Parfetts - Birmingham,134.0,6.0,139.92,2025-05-08 21:00:30+00:00,0.0,0.0,0.0,0.0
Parfetts - Birmingham,134.0,6.0,139.92,2025-05-08 21:15:30+00:00,0.0,0.0,0.0,0.0
Parfetts - Birmingham,134.0,6.0,139.92,2025-05-08 21:30:30+00:00,0.0,0.0,0.0,0.0
Parfetts - Birmingham,134.0,6.0,139.92,2025-05-08 21:45:30+00:00,0.0,0.0,0.0,0.0
Parfetts - Birmingham,134.0,6.0,139.92,2025-05-08 22:00:30+00:00,0.0,0.0,0.0,0.0
Parfetts - Birmingham,134.0,6.0,139.92,2025-05-08 22:15:30+00:00,0.0,0.0,0.0,0.0
Parfetts - Birmingham,134.0,6.0,139.92,2025-05-08 22:30:30+00:00,0.0,0.0,0.0,0.0
Parfetts - Birmingham,134.0,6.0,139.92,2025-05-08 22:45:30+00:00,0.0,0.0,0.0,0.0
Parfetts - Birmingham,134.0,6.0,139.92,2025-05-08 23:00:30+00:00,0.0,0.0,0.0,0.0
Parfetts - Birmingham,134.0,6.0,139.92,2025-05-08 23:15:30+00:00,0.0,0.0,0.0,0.0
Parfetts - Birmingham,134.0,6.0,139.92,2025-05-08 23:30:30+00:00,0.0,0.0,0.0,0.0
Parfetts - Birmingham,134.0,6.0,139.92,2025-05-08 23:45:30+00:00,0.0,0.0,0.0,0.0
Parfetts - Birmingham,134.0,6.0,139.92,2025-05-09 00:00:30+00:00,0.0,0.0,0.0,0.0
Parfetts - Birmingham,134.0,6.0,139.92,2025-05-09 00:15:30+00:00,0.0,0.0,0.0,0.0
Parfetts - Birmingham,134.0,6.0,139.92,2025-05-09 00:30:30+00:00,0.0,0.0,0.0,0.0
Parfetts - Birmingham,134.0,6.0,139.92,2025-05-09 00:45:30+00:00,0.0,0.0,0.0,0.0
Parfetts - Birmingham,134.0,6.0,139.92,2025-05-09 01:00:30+00:00,0.0,0.0,0.0,0.0
Parfetts - Birmingham,134.0,6.0,139.92,2025-05-09 01:15:30+00:00,0.0,0.0,0.0,0.0
Parfetts - Birmingham,134.0,6.0,139.92,2025-05-09 01:30:30+00:00,0.0,0.0,0.0,0.0
Parfetts - Birmingham,134.0,6.0,139.92,2025-05-09 01:45:30+00:00,0.0,0.0,0.0,0.0
Parfetts - Birmingham,134.0,6.0,139.92,2025-05-09 02:00:30+00:00,0.0,0.0,0.0,0.0
Parfetts - Birmingham,134.0,6.0,139.92,2025-05-09 02:15:30+00:00,0.0,0.0,0.0,0.0
Parfetts - Birmingham,134.0,6.0,139.92,2025-05-09 02:30:30+00:00,0.0,0.0,0.0,0.0
Parfetts - Birmingham,134.0,6.0,139.92,2025-05-09 02:45:30+00:00,0.0,0.0,0.0,0.0
Parfetts - Birmingham,134.0,6.0,139.92,2025-05-09 03:00:30+00:00,0.0,0.0,0.0,0.0
Parfetts - Birmingham,134.0,6.0,139.92,2025-05-09 03:15:30+00:00,0.0,0.0,0.0,0.0
Parfetts - Birmingham,134.0,6.0,139.92,2025-05-09 03:30:30+00:00,0.0,0.0,0.0,0.0
Parfetts - Birmingham,134.0,6.0,139.92,2025-05-09 03:45:30+00:00,0.0,0.0,0.0,0.0
Parfetts - Birmingham,134.0,6.0,139.92,2025-05-09 04:00:30+00:00,0.0,0.0,0.0,0.0
Parfetts - Birmingham,134.0,6.0,139.92,2025-05-09 04:15:30+00:00,0.001,0.00075,0.00125,0.001
Parfetts - Birmingham,134.0,6.0,139.92,2025-05-09 04:30:30+00:00,0.00275,0.00225,0.00325,0.00275
Parfetts - Birmingham,134.0,6.0,139.92,2025-05-09 04:45:30+00:00,0.00875,0.00625,0.011,0.00725
Parfetts - Birmingham,134.0,6.0,139.92,2025-05-09 05:00:30+00:00,0.017,0.012,0.02075,0.014
Parfetts - Birmingham,134.0,6.0,139.92,2025-05-09 05:15:30+00:00,0.02625,0.01875,0.03125,0.02175
Parfetts - Birmingham,134.0,6.0,139.92,2025-05-09 05:30:30+00:00,0.03475,0.027,0.042,0.0295
Parfetts - Birmingham,134.0,6.0,139.92,2025-05-09 05:45:30+00:00,0.0465,0.0365,0.05375,0.0395
Parfetts - Birmingham,134.0,6.0,139.92,2025-05-09 06:00:30+00:00,0.05825,0.04775,0.06575,0.04975
Parfetts - Birmingham,134.0,6.0,139.92,2025-05-09 06:15:30+00:00,0.06875,0.0595,0.07775,0.05925
Parfetts - Birmingham,134.0,6.0,139.92,2025-05-09 06:30:30+00:00,0.07975,0.0715,0.08825,0.06925
Parfetts - Birmingham,134.0,6.0,139.92,2025-05-09 06:45:30+00:00,0.09125,0.08425,0.0985,0.07925
Parfetts - Birmingham,134.0,6.0,139.92,2025-05-09 07:00:30+00:00,0.10225,0.096,0.1085,0.089
Parfetts - Birmingham,134.0,6.0,139.92,2025-05-09 07:15:30+00:00,0.11325,0.10725,0.11925,0.09925
Parfetts - Birmingham,134.0,6.0,139.92,2025-05-09 07:30:30+00:00,0.1245,0.118,0.1305,0.10975
Parfetts - Birmingham,134.0,6.0,139.92,2025-05-09 07:45:30+00:00,0.135,0.1285,0.1415,0.1195
Parfetts - Birmingham,134.0,6.0,139.92,2025-05-09 08:00:30+00:00,0.14525,0.13825,0.15175,0.129
Parfetts - Birmingham,134.0,6.0,139.92,2025-05-09 08:15:30+00:00,0.155,0.148,0.162,0.1385
Parfetts - Birmingham,134.0,6.0,139.92,2025-05-09 08:30:30+00:00,0.1645,0.157,0.17175,0.14775
Parfetts - Birmingham,134.0,6.0,139.92,2025-05-09 08:45:30+00:00,0.1735,0.16525,0.18125,0.15625
Parfetts - Birmingham,134.0,6.0,139.92,2025-05-09 09:00:30+00:00,0.1815,0.17175,0.18975,0.16425
Parfetts - Birmingham,134.0,6.0,139.92,2025-05-09 09:15:30+00:00,0.18725,0.1775,0.197,0.17025
Parfetts - Birmingham,134.0,6.0,139.92,2025-05-09 09:30:30+00:00,0.19275,0.18275,0.203,0.176
Parfetts - Birmingham,134.0,6.0,139.92,2025-05-09 09:45:30+00:00,0.1985,0.18825,0.209,0.182
Parfetts - Birmingham,134.0,6.0,139.92,2025-05-09 10:00:30+00:00,0.2045,0.19275,0.214,0.1885
Parfetts - Birmingham,134.0,6.0,139.92,2025-05-09 10:15:30+00:00,0.207,0.19525,0.219,0.1915
Parfetts - Birmingham,134.0,6.0,139.92,2025-05-09 10:30:30+00:00,0.2095,0.19825,0.224,0.195
Parfetts - Birmingham,134.0,6.0,139.92,2025-05-09 10:45:30+00:00,0.2165,0.202,0.22975,0.20225
Parfetts - Birmingham,134.0,6.0,139.92,2025-05-09 11:00:30+00:00,0.221,0.1995,0.24075,0.20725
Parfetts - Birmingham,134.0,6.0,139.92,2025-05-09 11:15:30+00:00,0.22275,0.19025,0.244,0.20975
Parfetts - Birmingham,134.0,6.0,139.92,2025-05-09 11:30:30+00:00,0.21875,0.17225,0.24475,0.2075
Parfetts - Birmingham,134.0,6.0,139.92,2025-05-09 11:45:30+00:00,0.196,0.1555,0.2435,0.18725
Parfetts - Birmingham,134.0,6.0,139.92,2025-05-09 12:00:30+00:00,0.185,0.14775,0.22925,0.17775
Parfetts - Birmingham,134.0,6.0,139.92,2025-05-09 12:15:30+00:00,0.18425,0.14625,0.217,0.178
Parfetts - Birmingham,134.0,6.0,139.92,2025-05-09 12:30:30+00:00,0.17475,0.14475,0.203,0.17025
Parfetts - Birmingham,134.0,6.0,139.92,2025-05-09 12:45:30+00:00,0.163,0.13975,0.18975,0.15975
Parfetts - Birmingham,134.0,6.0,139.92,2025-05-09 13:00:30+00:00,0.15625,0.137,0.1815,0.15375
Parfetts - Birmingham,134.0,6.0,139.92,2025-05-09 13:15:30+00:00,0.15825,0.139,0.17825,0.1565
Parfetts - Birmingham,134.0,6.0,139.92,2025-05-09 13:30:30+00:00,0.16075,0.1375,0.1765,0.15975
Parfetts - Birmingham,134.0,6.0,139.92,2025-05-09 13:45:30+00:00,0.1515,0.1335,0.176,0.1515
Parfetts - Birmingham,134.0,6.0,139.92,2025-05-09 14:00:30+00:00,0.1515,0.12625,0.177,0.15225
Parfetts - Birmingham,134.0,6.0,139.92,2025-05-09 14:15:30+00:00,0.1515,0.12275,0.18025,0.153
Parfetts - Birmingham,134.0,6.0,139.92,2025-05-09 14:30:30+00:00,0.151,0.1215,0.182,0.15375
Parfetts - Birmingham,134.0,6.0,139.92,2025-05-09 14:45:30+00:00,0.152,0.12325,0.17675,0.156
Parfetts - Birmingham,134.0,6.0,139.92,2025-05-09 15:00:30+00:00,0.14675,0.126,0.1685,0.15225
Parfetts - Birmingham,134.0,6.0,139.92,2025-05-09 15:15:30+00:00,0.14275,0.1255,0.155,0.14975
Parfetts - Birmingham,134.0,6.0,139.92,2025-05-09 15:30:30+00:00,0.13075,0.12175,0.1415,0.1385
Parfetts - Birmingham,134.0,6.0,139.92,2025-05-09 15:45:30+00:00,0.121,0.11375,0.12825,0.12975
Parfetts - Birmingham,134.0,6.0,139.92,2025-05-09 16:00:30+00:00,0.11125,0.1055,0.11775,0.121
Parfetts - Birmingham,134.0,6.0,139.92,2025-05-09 16:15:30+00:00,0.10225,0.096,0.1075,0.11275
Parfetts - Birmingham,134.0,6.0,139.92,2025-05-09 16:30:30+00:00,0.092,0.087,0.09775,0.1035
Parfetts - Birmingham,134.0,6.0,139.92,2025-05-09 16:45:30+00:00,0.0825,0.07725,0.08725,0.09475
Parfetts - Birmingham,134.0,6.0,139.92,2025-05-09 17:00:30+00:00,0.0725,0.0675,0.07725,0.08525
Parfetts - Birmingham,134.0,6.0,139.92,2025-05-09 17:15:30+00:00,0.0625,0.057,0.06775,0.07525
Parfetts - Birmingham,134.0,6.0,139.92,2025-05-09 17:30:30+00:00,0.0525,0.04675,0.058,0.0655
Parfetts - Birmingham,134.0,6.0,139.92,2025-05-09 17:45:30+00:00,0.043,0.037,0.04775,0.05575
Parfetts - Birmingham,134.0,6.0,139.92,2025-05-09 18:00:30+00:00,0.03375,0.028,0.0375,0.046
Parfetts - Birmingham,134.0,6.0,139.92,2025-05-09 18:15:30+00:00,0.025,0.02,0.028,0.0365
Parfetts - Birmingham,134.0,6.0,139.92,2025-05-09 18:30:30+00:00,0.01725,0.013,0.0195,0.02725
Parfetts - Birmingham,134.0,6.0,139.92,2025-05-09 18:45:30+00:00,0.01025,0.0075,0.01175,0.01875
Parfetts - Birmingham,134.0,6.0,139.92,2025-05-09 19:00:30+00:00,0.006,0.00425,0.00675,0.01125
Parfetts - Birmingham,134.0,6.0,139.92,2025-05-09 19:15:30+00:00,0.004,0.00325,0.00475,0.00475
Parfetts - Birmingham,134.0,6.0,139.92,2025-05-09 19:30:30+00:00,0.002,0.0015,0.00225,0.002
Parfetts - Birmingham,134.0,6.0,139.92,2025-05-09 19:45:30+00:00,0.0,0.0,0.0,0.0
Parfetts - Birmingham,134.0,6.0,139.92,2025-05-09 20:00:30+00:00,0.0,0.0,0.0,0.0
Parfetts - Birmingham,134.0,6.0,139.92,2025-05-09 20:15:30+00:00,0.0,0.0,0.0,0.0
Parfetts - Birmingham,134.0,6.0,139.92,2025-05-09 20:30:30+00:00,0.0,0.0,0.0,0.0
Parfetts - Birmingham,134.0,6.0,139.92,2025-05-09 20:45:30+00:00,0.0,0.0,0.0,0.0
Parfetts - Birmingham,134.0,6.0,139.92,2025-05-09 21:00:30+00:00,0.0,0.0,0.0,0.0
Parfetts - Birmingham,134.0,6.0,139.92,2025-05-09 21:15:30+00:00,0.0,0.0,0.0,0.0
Parfetts - Birmingham,134.0,6.0,139.92,2025-05-09 21:30:30+00:00,0.0,0.0,0.0,0.0
Parfetts - Birmingham,134.0,6.0,139.92,2025-05-09 21:45:30+00:00,0.0,0.0,0.0,0.0
Parfetts - Birmingham,134.0,6.0,139.92,2025-05-09 22:00:30+00:00,0.0,0.0,0.0,0.0
Parfetts - Birmingham,134.0,6.0,139.92,2025-05-09 22:15:30+00:00,0.0,0.0,0.0,0.0
Parfetts - Birmingham,134.0,6.0,139.92,2025-05-09 22:30:30+00:00,0.0,0.0,0.0,0.0
Parfetts - Birmingham,134.0,6.0,139.92,2025-05-09 22:45:30+00:00,0.0,0.0,0.0,0.0
Parfetts - Birmingham,134.0,6.0,139.92,2025-05-09 23:00:30+00:00,0.0,0.0,0.0,0.0
Parfetts - Birmingham,134.0,6.0,139.92,2025-05-09 23:15:30+00:00,0.0,0.0,0.0,0.0
Parfetts - Birmingham,134.0,6.0,139.92,2025-05-09 23:30:30+00:00,0.0,0.0,0.0,0.0
Parfetts - Birmingham,134.0,6.0,139.92,2025-05-09 23:45:30+00:00,0.0,0.0,0.0,0.0
Parfetts - Birmingham,134.0,6.0,139.92,2025-05-10 00:00:30+00:00,0.0,0.0,0.0,0.0
Parfetts - Birmingham,134.0,6.0,139.92,2025-05-10 00:15:30+00:00,0.0,0.0,0.0,0.0
Parfetts - Birmingham,134.0,6.0,139.92,2025-05-10 00:30:30+00:00,0.0,0.0,0.0,0.0
Parfetts - Birmingham,134.0,6.0,139.92,2025-05-10 00:45:30+00:00,0.0,0.0,0.0,0.0
Parfetts - Birmingham,134.0,6.0,139.92,2025-05-10 01:00:30+00:00,0.0,0.0,0.0,0.0
Parfetts - Birmingham,134.0,6.0,139.92,2025-05-10 01:15:30+00:00,0.0,0.0,0.0,0.0
Parfetts - Birmingham,134.0,6.0,139.92,2025-05-10 01:30:30+00:00,0.0,0.0,0.0,0.0
Parfetts - Birmingham,134.0,6.0,139.92,2025-05-10 01:45:30+00:00,0.0,0.0,0.0,0.0
Parfetts - Birmingham,134.0,6.0,139.92,2025-05-10 02:00:30+00:00,0.0,0.0,0.0,0.0
Parfetts - Birmingham,134.0,6.0,139.92,2025-05-10 02:15:30+00:00,0.0,0.0,0.0,0.0
Parfetts - Birmingham,134.0,6.0,139.92,2025-05-10 02:30:30+00:00,0.0,0.0,0.0,0.0
Parfetts - Birmingham,134.0,6.0,139.92,2025-05-10 02:45:30+00:00,0.0,0.0,0.0,0.0
Parfetts - Birmingham,134.0,6.0,139.92,2025-05-10 03:00:30+00:00,0.0,0.0,0.0,0.0
Parfetts - Birmingham,134.0,6.0,139.92,2025-05-10 03:15:30+00:00,0.0,0.0,0.0,0.0
Parfetts - Birmingham,134.0,6.0,139.92,2025-05-10 03:30:30+00:00,0.0,0.0,0.0,0.0
Parfetts - Birmingham,134.0,6.0,139.92,2025-05-10 03:45:30+00:00,0.0,0.0,0.0,0.0
Parfetts - Birmingham,134.0,6.0,139.92,2025-05-10 04:00:30+00:00,0.0,0.0,0.0,0.0
Parfetts - Birmingham,134.0,6.0,139.92,2025-05-10 04:15:30+00:00,0.0,0.0,0.0,0.0
Parfetts - Birmingham,134.0,6.0,139.92,2025-05-10 04:30:30+00:00,0.0025,0.0015,0.00325,0.0025
Parfetts - Birmingham,134.0,6.0,139.92,2025-05-10 04:45:30+00:00,0.00825,0.00525,0.011,0.00725
Parfetts - Birmingham,134.0,6.0,139.92,2025-05-10 05:00:30+00:00,0.01675,0.011,0.021,0.014
Parfetts - Birmingham,134.0,6.0,139.92,2025-05-10 05:15:30+00:00,0.026,0.0185,0.03125,0.022
Parfetts - Birmingham,134.0,6.0,139.92,2025-05-10 05:30:30+00:00,0.036,0.02725,0.04225,0.0305
Parfetts - Birmingham,134.0,6.0,139.92,2025-05-10 05:45:30+00:00,0.04625,0.037,0.0535,0.0395
Parfetts - Birmingham,134.0,6.0,139.92,2025-05-10 06:00:30+00:00,0.05725,0.0475,0.06525,0.04925
Parfetts - Birmingham,134.0,6.0,139.92,2025-05-10 06:15:30+00:00,0.068,0.05875,0.077,0.05875
Parfetts - Birmingham,134.0,6.0,139.92,2025-05-10 06:30:30+00:00,0.079,0.07075,0.0875,0.06875
Parfetts - Birmingham,134.0,6.0,139.92,2025-05-10 06:45:30+00:00,0.09,0.083,0.09725,0.07875
Parfetts - Birmingham,134.0,6.0,139.92,2025-05-10 07:00:30+00:00,0.10125,0.095,0.10725,0.089
Parfetts - Birmingham,134.0,6.0,139.92,2025-05-10 07:15:30+00:00,0.1125,0.10675,0.118,0.09875
Parfetts - Birmingham,134.0,6.0,139.92,2025-05-10 07:30:30+00:00,0.12325,0.1175,0.12875,0.10875
Parfetts - Birmingham,134.0,6.0,139.92,2025-05-10 07:45:30+00:00,0.1335,0.1275,0.1395,0.1185
Parfetts - Birmingham,134.0,6.0,139.92,2025-05-10 08:00:30+00:00,0.14375,0.13725,0.15,0.128
Parfetts - Birmingham,134.0,6.0,139.92,2025-05-10 08:15:30+00:00,0.15325,0.1465,0.16,0.13725
Parfetts - Birmingham,134.0,6.0,139.92,2025-05-10 08:30:30+00:00,0.16275,0.15525,0.17,0.14625
Parfetts - Birmingham,134.0,6.0,139.92,2025-05-10 08:45:30+00:00,0.1715,0.16375,0.17925,0.15475
Parfetts - Birmingham,134.0,6.0,139.92,2025-05-10 09:00:30+00:00,0.18,0.17175,0.188,0.16325
Parfetts - Birmingham,134.0,6.0,139.92,2025-05-10 09:15:30+00:00,0.18775,0.1795,0.196,0.171
Parfetts - Birmingham,134.0,6.0,139.92,2025-05-10 09:30:30+00:00,0.195,0.18625,0.20325,0.17825
Parfetts - Birmingham,134.0,6.0,139.92,2025-05-10 09:45:30+00:00,0.20125,0.19175,0.21075,0.18475
Parfetts - Birmingham,134.0,6.0,139.92,2025-05-10 10:00:30+00:00,0.20725,0.19025,0.224,0.191
Parfetts - Birmingham,134.0,6.0,139.92,2025-05-10 10:15:30+00:00,0.21225,0.1855,0.2305,0.1965
Parfetts - Birmingham,134.0,6.0,139.92,2025-05-10 10:30:30+00:00,0.21225,0.1735,0.23425,0.19775
Parfetts - Birmingham,134.0,6.0,139.92,2025-05-10 10:45:30+00:00,0.1935,0.16675,0.23225,0.182
Parfetts - Birmingham,134.0,6.0,139.92,2025-05-10 11:00:30+00:00,0.19325,0.168,0.22825,0.1825
Parfetts - Birmingham,134.0,6.0,139.92,2025-05-10 11:15:30+00:00,0.20825,0.17825,0.23325,0.19675
Parfetts - Birmingham,134.0,6.0,139.92,2025-05-10 11:30:30+00:00,0.2145,0.18975,0.23325,0.2035
Parfetts - Birmingham,134.0,6.0,139.92,2025-05-10 11:45:30+00:00,0.211,0.195,0.23,0.201
Parfetts - Birmingham,134.0,6.0,139.92,2025-05-10 12:00:30+00:00,0.2115,0.19225,0.228,0.2025
Parfetts - Birmingham,134.0,6.0,139.92,2025-05-10 12:15:30+00:00,0.20725,0.1845,0.231,0.1995
Parfetts - Birmingham,134.0,6.0,139.92,2025-05-10 12:30:30+00:00,0.20425,0.1715,0.22675,0.19775
Parfetts - Birmingham,134.0,6.0,139.92,2025-05-10 12:45:30+00:00,0.185,0.1595,0.219,0.1805
Parfetts - Birmingham,134.0,6.0,139.92,2025-05-10 13:00:30+00:00,0.17875,0.1505,0.21175,0.17525
Parfetts - Birmingham,134.0,6.0,139.92,2025-05-10 13:15:30+00:00,0.17925,0.14075,0.2065,0.17675
Parfetts - Birmingham,134.0,6.0,139.92,2025-05-10 13:30:30+00:00,0.162,0.12975,0.19475,0.161
Parfetts - Birmingham,134.0,6.0,139.92,2025-05-10 13:45:30+00:00,0.1455,0.1195,0.17825,0.14525
Parfetts - Birmingham,134.0,6.0,139.92,2025-05-10 14:00:30+00:00,0.1385,0.11725,0.1715,0.139
Parfetts - Birmingham,134.0,6.0,139.92,2025-05-10 14:15:30+00:00,0.14875,0.11625,0.16825,0.15025
Parfetts - Birmingham,134.0,6.0,139.92,2025-05-10 14:30:30+00:00,0.1395,0.1065,0.164,0.14175
Parfetts - Birmingham,134.0,6.0,139.92,2025-05-10 14:45:30+00:00,0.1175,0.10025,0.1595,0.12
Parfetts - Birmingham,134.0,6.0,139.92,2025-05-10 15:00:30+00:00,0.13175,0.09625,0.1545,0.136
Parfetts - Birmingham,134.0,6.0,139.92,2025-05-10 15:15:30+00:00,0.12675,0.101,0.146,0.132
Parfetts - Birmingham,134.0,6.0,139.92,2025-05-10 15:30:30+00:00,0.11225,0.09775,0.135,0.11775
Parfetts - Birmingham,134.0,6.0,139.92,2025-05-10 15:45:30+00:00,0.10925,0.0905,0.12325,0.116
Parfetts - Birmingham,134.0,6.0,139.92,2025-05-10 16:00:30+00:00,0.0995,0.0845,0.12075,0.1065
Parfetts - Birmingham,134.0,6.0,139.92,2025-05-10 16:15:30+00:00,0.09775,0.079,0.11375,0.10675
Parfetts - Birmingham,134.0,6.0,139.92,2025-05-10 16:30:30+00:00,0.09175,0.07725,0.10325,0.1025
Parfetts - Birmingham,134.0,6.0,139.92,2025-05-10 16:45:30+00:00,0.0815,0.07275,0.091,0.093
Parfetts - Birmingham,134.0,6.0,139.92,2025-05-10 17:00:30+00:00,0.07225,0.066,0.07775,0.08425
Parfetts - Birmingham,134.0,6.0,139.92,2025-05-10 17:15:30+00:00,0.06225,0.057,0.06775,0.0745
Parfetts - Birmingham,134.0,6.0,139.92,2025-05-10 17:30:30+00:00,0.0525,0.0465,0.0585,0.06475
Parfetts - Birmingham,134.0,6.0,139.92,2025-05-10 17:45:30+00:00,0.04275,0.03675,0.048,0.055
Parfetts - Birmingham,134.0,6.0,139.92,2025-05-10 18:00:30+00:00,0.03375,0.028,0.038,0.04525
Parfetts - Birmingham,134.0,6.0,139.92,2025-05-10 18:15:30+00:00,0.02525,0.02,0.02875,0.03575
Parfetts - Birmingham,134.0,6.0,139.92,2025-05-10 18:30:30+00:00,0.0175,0.01325,0.02025,0.027
Parfetts - Birmingham,134.0,6.0,139.92,2025-05-10 18:45:30+00:00,0.01075,0.00775,0.01275,0.01875
Parfetts - Birmingham,134.0,6.0,139.92,2025-05-10 19:00:30+00:00,0.00625,0.00425,0.00775,0.011
Parfetts - Birmingham,134.0,6.0,139.92,2025-05-10 19:15:30+00:00,0.00425,0.003,0.0055,0.005
Parfetts - Birmingham,134.0,6.0,139.92,2025-05-10 19:30:30+00:00,0.001,0.0005,0.00125,0.001
Parfetts - Birmingham,134.0,6.0,139.92,2025-05-10 19:45:30+00:00,0.0,0.0,0.0,0.0
Parfetts - Birmingham,134.0,6.0,139.92,2025-05-10 20:00:30+00:00,0.0,0.0,0.0,0.0
Parfetts - Birmingham,134.0,6.0,139.92,2025-05-10 20:15:30+00:00,0.0,0.0,0.0,0.0
Parfetts - Birmingham,134.0,6.0,139.92,2025-05-10 20:30:30+00:00,0.0,0.0,0.0,0.0
Parfetts - Birmingham,134.0,6.0,139.92,2025-05-10 20:45:30+00:00,0.0,0.0,0.0,0.0
Parfetts - Birmingham,134.0,6.0,139.92,2025-05-10 21:00:30+00:00,0.0,0.0,0.0,0.0
Parfetts - Birmingham,134.0,6.0,139.92,2025-05-10 21:15:30+00:00,0.0,0.0,0.0,0.0
Parfetts - Birmingham,134.0,6.0,139.92,2025-05-10 21:30:30+00:00,0.0,0.0,0.0,0.0
Parfetts - Birmingham,134.0,6.0,139.92,2025-05-10 21:45:30+00:00,0.0,0.0,0.0,0.0
Parfetts - Birmingham,134.0,6.0,139.92,2025-05-10 22:00:30+00:00,0.0,0.0,0.0,0.0
Parfetts - Birmingham,134.0,6.0,139.92,2025-05-10 22:15:30+00:00,0.0,0.0,0.0,0.0
Parfetts - Birmingham,134.0,6.0,139.92,2025-05-10 22:30:30+00:00,0.0,0.0,0.0,0.0
Parfetts - Birmingham,134.0,6.0,139.92,2025-05-10 22:45:30+00:00,0.0,0.0,0.0,0.0
Parfetts - Birmingham,134.0,6.0,139.92,2025-05-10 23:00:30+00:00,0.0,0.0,0.0,0.0
Parfetts - Birmingham,134.0,6.0,139.92,2025-05-10 23:15:30+00:00,0.0,0.0,0.0,0.0
Parfetts - Birmingham,134.0,6.0,139.92,2025-05-10 23:30:30+00:00,0.0,0.0,0.0,0.0
Parfetts - Birmingham,134.0,6.0,139.92,2025-05-10 23:45:30+00:00,0.0,0.0,0.0,0.0
Parfetts - Birmingham,134.0,6.0,139.92,2025-05-11 00:00:30+00:00,0.0,0.0,0.0,0.0
Parfetts - Birmingham,134.0,6.0,139.92,2025-05-11 00:15:30+00:00,0.0,0.0,0.0,0.0
Parfetts - Birmingham,134.0,6.0,139.92,2025-05-11 00:30:30+00:00,0.0,0.0,0.0,0.0
Parfetts - Birmingham,134.0,6.0,139.92,2025-05-11 00:45:30+00:00,0.0,0.0,0.0,0.0
Parfetts - Birmingham,134.0,6.0,139.92,2025-05-11 01:00:30+00:00,0.0,0.0,0.0,0.0
Parfetts - Birmingham,134.0,6.0,139.92,2025-05-11 01:15:30+00:00,0.0,0.0,0.0,0.0
Parfetts - Birmingham,134.0,6.0,139.92,2025-05-11 01:30:30+00:00,0.0,0.0,0.0,0.0
Parfetts - Birmingham,134.0,6.0,139.92,2025-05-11 01:45:30+00:00,0.0,0.0,0.0,0.0
Parfetts - Birmingham,134.0,6.0,139.92,2025-05-11 02:00:30+00:00,0.0,0.0,0.0,0.0
Parfetts - Birmingham,134.0,6.0,139.92,2025-05-11 02:15:30+00:00,0.0,0.0,0.0,0.0
Parfetts - Birmingham,134.0,6.0,139.92,2025-05-11 02:30:30+00:00,0.0,0.0,0.0,0.0
Parfetts - Birmingham,134.0,6.0,139.92,2025-05-11 02:45:30+00:00,0.0,0.0,0.0,0.0
Parfetts - Birmingham,134.0,6.0,139.92,2025-05-11 03:00:30+00:00,0.0,0.0,0.0,0.0
Parfetts - Birmingham,134.0,6.0,139.92,2025-05-11 03:15:30+00:00,0.0,0.0,0.0,0.0
Parfetts - Birmingham,134.0,6.0,139.92,2025-05-11 03:30:30+00:00,0.0,0.0,0.0,0.0
Parfetts - Birmingham,134.0,6.0,139.92,2025-05-11 03:45:30+00:00,0.0,0.0,0.0,0.0
Parfetts - Birmingham,134.0,6.0,139.92,2025-05-11 04:00:30+00:00,0.0,0.0,0.0,0.0
Parfetts - Birmingham,134.0,6.0,139.92,2025-05-11 04:15:30+00:00,0.0,0.0,0.00025,0.0
Parfetts - Birmingham,134.0,6.0,139.92,2025-05-11 04:30:30+00:00,0.00275,0.002,0.0035,0.00275
Parfetts - Birmingham,134.0,6.0,139.92,2025-05-11 04:45:30+00:00,0.00825,0.00575,0.011,0.00725
Parfetts - Birmingham,134.0,6.0,139.92,2025-05-11 05:00:30+00:00,0.0155,0.01075,0.02,0.0135
Parfetts - Birmingham,134.0,6.0,139.92,2025-05-11 05:15:30+00:00,0.023,0.0165,0.0295,0.02025
Parfetts - Birmingham,134.0,6.0,139.92,2025-05-11 05:30:30+00:00,0.03125,0.0215,0.0395,0.0275
Parfetts - Birmingham,134.0,6.0,139.92,2025-05-11 05:45:30+00:00,0.0365,0.0275,0.04975,0.0325
Parfetts - Birmingham,134.0,6.0,139.92,2025-05-11 06:00:30+00:00,0.04875,0.0365,0.062,0.0435
Parfetts - Birmingham,134.0,6.0,139.92,2025-05-11 06:15:30+00:00,0.06425,0.04975,0.07475,0.05625
Parfetts - Birmingham,134.0,6.0,139.92,2025-05-11 06:30:30+00:00,0.07475,0.06,0.08475,0.06575
Parfetts - Birmingham,134.0,6.0,139.92,2025-05-11 06:45:30+00:00,0.0765,0.06825,0.09175,0.069
Parfetts - Birmingham,134.0,6.0,139.92,2025-05-11 07:00:30+00:00,0.09075,0.07725,0.1035,0.08175
Parfetts - Birmingham,134.0,6.0,139.92,2025-05-11 07:15:30+00:00,0.105,0.0915,0.11825,0.0935
Parfetts - Birmingham,134.0,6.0,139.92,2025-05-11 07:30:30+00:00,0.11775,0.10525,0.129,0.105
Parfetts - Birmingham,134.0,6.0,139.92,2025-05-11 07:45:30+00:00,0.12825,0.11725,0.13725,0.115
Parfetts - Birmingham,134.0,6.0,139.92,2025-05-11 08:00:30+00:00,0.135,0.127,0.1465,0.12175
Parfetts - Birmingham,134.0,6.0,139.92,2025-05-11 08:15:30+00:00,0.14725,0.13625,0.158,0.133
Parfetts - Birmingham,134.0,6.0,139.92,2025-05-11 08:30:30+00:00,0.15925,0.148,0.16925,0.1435
Parfetts - Birmingham,134.0,6.0,139.92,2025-05-11 08:45:30+00:00,0.168,0.1585,0.17725,0.152
Parfetts - Birmingham,134.0,6.0,139.92,2025-05-11 09:00:30+00:00,0.17575,0.16775,0.18425,0.15975
Parfetts - Birmingham,134.0,6.0,139.92,2025-05-11 09:15:30+00:00,0.18375,0.175,0.1915,0.1675
Parfetts - Birmingham,134.0,6.0,139.92,2025-05-11 09:30:30+00:00,0.18975,0.18125,0.19975,0.174
Parfetts - Birmingham,134.0,6.0,139.92,2025-05-11 09:45:30+00:00,0.1975,0.187,0.20725,0.1815
Parfetts - Birmingham,134.0,6.0,139.92,2025-05-11 10:00:30+00:00,0.20375,0.1935,0.21375,0.188
Parfetts - Birmingham,134.0,6.0,139.92,2025-05-11 10:15:30+00:00,0.20925,0.19925,0.21825,0.194
Parfetts - Birmingham,134.0,6.0,139.92,2025-05-11 10:30:30+00:00,0.213,0.204,0.22175,0.19825
Parfetts - Birmingham,134.0,6.0,139.92,2025-05-11 10:45:30+00:00,0.21625,0.207,0.22475,0.20225
Parfetts - Birmingham,134.0,6.0,139.92,2025-05-11 11:00:30+00:00,0.218,0.20825,0.2275,0.20475
Parfetts - Birmingham,134.0,6.0,139.92,2025-05-11 11:15:30+00:00,0.21925,0.208,0.22975,0.207
Parfetts - Birmingham,134.0,6.0,139.92,2025-05-11 11:30:30+00:00,0.21925,0.20725,0.2305,0.20775
Parfetts - Birmingham,134.0,6.0,139.92,2025-05-11 11:45:30+00:00,0.21775,0.20575,0.229,0.20725
Parfetts - Birmingham,134.0,6.0,139.92,2025-05-11 12:00:30+00:00,0.215,0.20175,0.22925,0.206
Parfetts - Birmingham,134.0,6.0,139.92,2025-05-11 12:15:30+00:00,0.21375,0.1955,0.2315,0.20575
Parfetts - Birmingham,134.0,6.0,139.92,2025-05-11 12:30:30+00:00,0.2115,0.186,0.23025,0.20475
Parfetts - Birmingham,134.0,6.0,139.92,2025-05-11 12:45:30+00:00,0.1985,0.17275,0.22575,0.1935
Parfetts - Birmingham,134.0,6.0,139.92,2025-05-11 13:00:30+00:00,0.18775,0.16075,0.2205,0.184
Parfetts - Birmingham,134.0,6.0,139.92,2025-05-11 13:15:30+00:00,0.185,0.1415,0.2205,0.1825
Parfetts - Birmingham,134.0,6.0,139.92,2025-05-11 13:30:30+00:00,0.171,0.11775,0.21475,0.1695
Parfetts - Birmingham,134.0,6.0,139.92,2025-05-11 13:45:30+00:00,0.1535,0.088,0.208,0.1535
Parfetts - Birmingham,134.0,6.0,139.92,2025-05-11 14:00:30+00:00,0.12425,0.067,0.18775,0.12475
Parfetts - Birmingham,134.0,6.0,139.92,2025-05-11 14:15:30+00:00,0.104,0.05025,0.1655,0.105
Parfetts - Birmingham,134.0,6.0,139.92,2025-05-11 14:30:30+00:00,0.095,0.04825,0.15975,0.09625
Parfetts - Birmingham,134.0,6.0,139.92,2025-05-11 14:45:30+00:00,0.1115,0.05725,0.17125,0.11375
Parfetts - Birmingham,134.0,6.0,139.92,2025-05-11 15:00:30+00:00,0.1345,0.07,0.16525,0.13875
Parfetts - Birmingham,134.0,6.0,139.92,2025-05-11 15:15:30+00:00,0.107,0.07975,0.153,0.11075
Parfetts - Birmingham,134.0,6.0,139.92,2025-05-11 15:30:30+00:00,0.1065,0.07925,0.1355,0.11125
Parfetts - Birmingham,134.0,6.0,139.92,2025-05-11 15:45:30+00:00,0.10775,0.08,0.1285,0.114
Parfetts - Birmingham,134.0,6.0,139.92,2025-05-11 16:00:30+00:00,0.0985,0.07925,0.1245,0.10525
Parfetts - Birmingham,134.0,6.0,139.92,2025-05-11 16:15:30+00:00,0.09825,0.0735,0.111,0.10625
Parfetts - Birmingham,134.0,6.0,139.92,2025-05-11 16:30:30+00:00,0.08075,0.06525,0.09975,0.08775
Parfetts - Birmingham,134.0,6.0,139.92,2025-05-11 16:45:30+00:00,0.06825,0.05575,0.08375,0.07475
Parfetts - Birmingham,134.0,6.0,139.92,2025-05-11 17:00:30+00:00,0.05975,0.05,0.07225,0.0665
Parfetts - Birmingham,134.0,6.0,139.92,2025-05-11 17:15:30+00:00,0.05475,0.0445,0.0635,0.06275
Parfetts - Birmingham,134.0,6.0,139.92,2025-05-11 17:30:30+00:00,0.04775,0.037,0.05675,0.05625
Parfetts - Birmingham,134.0,6.0,139.92,2025-05-11 17:45:30+00:00,0.03875,0.028,0.04825,0.04625
Parfetts - Birmingham,134.0,6.0,139.92,2025-05-11 18:00:30+00:00,0.029,0.02075,0.0405,0.0335
Parfetts - Birmingham,134.0,6.0,139.92,2025-05-11 18:15:30+00:00,0.0225,0.015,0.03225,0.0265
Parfetts - Birmingham,134.0,6.0,139.92,2025-05-11 18:30:30+00:00,0.0175,0.0105,0.023,0.02325
Parfetts - Birmingham,134.0,6.0,139.92,2025-05-11 18:45:30+00:00,0.012,0.0075,0.0145,0.018
Parfetts - Birmingham,134.0,6.0,139.92,2025-05-11 19:00:30+00:00,0.00725,0.00475,0.00875,0.01125
Parfetts - Birmingham,134.0,6.0,139.92,2025-05-11 19:15:30+00:00,0.00475,0.00325,0.00575,0.00525
Parfetts - Birmingham,134.0,6.0,139.92,2025-05-11 19:30:30+00:00,0.001,0.00075,0.00125,0.001
Parfetts - Birmingham,134.0,6.0,139.92,2025-05-11 19:45:30+00:00,0.0,0.0,0.0,0.0
Parfetts - Birmingham,134.0,6.0,139.92,2025-05-11 20:00:30+00:00,0.0,0.0,0.0,0.0
Parfetts - Birmingham,134.0,6.0,139.92,2025-05-11 20:15:30+00:00,0.0,0.0,0.0,0.0
Parfetts - Birmingham,134.0,6.0,139.92,2025-05-11 20:30:30+00:00,0.0,0.0,0.0,0.0
Parfetts - Birmingham,134.0,6.0,139.92,2025-05-11 20:45:30+00:00,0.0,0.0,0.0,0.0
Parfetts - Birmingham,134.0,6.0,139.92,2025-05-11 21:00:30+00:00,0.0,0.0,0.0,0.0
Parfetts - Birmingham,134.0,6.0,139.92,2025-05-11 21:15:30+00:00,0.0,0.0,0.0,0.0
Parfetts - Birmingham,134.0,6.0,139.92,2025-05-11 21:30:30+00:00,0.0,0.0,0.0,0.0
Parfetts - Birmingham,134.0,6.0,139.92,2025-05-11 21:45:30+00:00,0.0,0.0,0.0,0.0
Parfetts - Birmingham,134.0,6.0,139.92,2025-05-11 22:00:30+00:00,0.0,0.0,0.0,0.0
Parfetts - Birmingham,134.0,6.0,139.92,2025-05-11 22:15:30+00:00,0.0,0.0,0.0,0.0
Parfetts - Birmingham,134.0,6.0,139.92,2025-05-11 22:30:30+00:00,0.0,0.0,0.0,0.0
Parfetts - Birmingham,134.0,6.0,139.92,2025-05-11 22:45:30+00:00,0.0,0.0,0.0,0.0
Parfetts - Birmingham,134.0,6.0,139.92,2025-05-11 23:00:30+00:00,0.0,0.0,0.0,0.0
Parfetts - Birmingham,134.0,6.0,139.92,2025-05-11 23:15:30+00:00,0.0,0.0,0.0,0.0
Parfetts - Birmingham,134.0,6.0,139.92,2025-05-11 23:30:30+00:00,0.0,0.0,0.0,0.0
Parfetts - Birmingham,134.0,6.0,139.92,2025-05-11 23:45:30+00:00,0.0,0.0,0.0,0.0
Parfetts - Birmingham,134.0,6.0,139.92,2025-05-12 00:00:30+00:00,0.0,0.0,0.0,0.0
Parfetts - Birmingham,134.0,6.0,139.92,2025-05-12 00:15:30+00:00,0.0,0.0,0.0,0.0
Parfetts - Birmingham,134.0,6.0,139.92,2025-05-12 00:30:30+00:00,0.0,0.0,0.0,0.0
Parfetts - Birmingham,134.0,6.0,139.92,2025-05-12 00:45:30+00:00,0.0,0.0,0.0,0.0
Parfetts - Birmingham,134.0,6.0,139.92,2025-05-12 01:00:30+00:00,0.0,0.0,0.0,0.0
Parfetts - Birmingham,134.0,6.0,139.92,2025-05-12 01:15:30+00:00,0.0,0.0,0.0,0.0
Parfetts - Birmingham,134.0,6.0,139.92,2025-05-12 01:30:30+00:00,0.0,0.0,0.0,0.0
Parfetts - Birmingham,134.0,6.0,139.92,2025-05-12 01:45:30+00:00,0.0,0.0,0.0,0.0
Parfetts - Birmingham,134.0,6.0,139.92,2025-05-12 02:00:30+00:00,0.0,0.0,0.0,0.0
Parfetts - Birmingham,134.0,6.0,139.92,2025-05-12 02:15:30+00:00,0.0,0.0,0.0,0.0
Parfetts - Birmingham,134.0,6.0,139.92,2025-05-12 02:30:30+00:00,0.0,0.0,0.0,0.0
Parfetts - Birmingham,134.0,6.0,139.92,2025-05-12 02:45:30+00:00,0.0,0.0,0.0,0.0
Parfetts - Birmingham,134.0,6.0,139.92,2025-05-12 03:00:30+00:00,0.0,0.0,0.0,0.0
Parfetts - Birmingham,134.0,6.0,139.92,2025-05-12 03:15:30+00:00,0.0,0.0,0.0,0.0
Parfetts - Birmingham,134.0,6.0,139.92,2025-05-12 03:30:30+00:00,0.0,0.0,0.0,0.0
Parfetts - Birmingham,134.0,6.0,139.92,2025-05-12 03:45:30+00:00,0.0,0.0,0.0,0.0
Parfetts - Birmingham,134.0,6.0,139.92,2025-05-12 04:00:30+00:00,0.0,0.0,0.0,0.0
Parfetts - Birmingham,134.0,6.0,139.92,2025-05-12 04:15:30+00:00,0.00025,0.00025,0.0005,0.00025
Parfetts - Birmingham,134.0,6.0,139.92,2025-05-12 04:30:30+00:00,0.00325,0.00225,0.00425,0.00325
Parfetts - Birmingham,134.0,6.0,139.92,2025-05-12 04:45:30+00:00,0.00975,0.004,0.01225,0.00875
Parfetts - Birmingham,134.0,6.0,139.92,2025-05-12 05:00:30+00:00,0.01325,0.00375,0.0205,0.01225
Parfetts - Birmingham,134.0,6.0,139.92,2025-05-12 05:15:30+00:00,0.01625,0.0035,0.028,0.01525
Parfetts - Birmingham,134.0,6.0,139.92,2025-05-12 05:30:30+00:00,0.0175,0.004,0.0305,0.017
Parfetts - Birmingham,134.0,6.0,139.92,2025-05-12 05:45:30+00:00,0.01775,0.00625,0.0345,0.01775
Parfetts - Birmingham,134.0,6.0,139.92,2025-05-12 06:00:30+00:00,0.0265,0.01175,0.04425,0.02575
Parfetts - Birmingham,134.0,6.0,139.92,2025-05-12 06:15:30+00:00,0.03975,0.0185,0.05975,0.03775
Parfetts - Birmingham,134.0,6.0,139.92,2025-05-12 06:30:30+00:00,0.051,0.01975,0.06925,0.04775
Parfetts - Birmingham,134.0,6.0,139.92,2025-05-12 06:45:30+00:00,0.04025,0.014,0.0695,0.039
Parfetts - Birmingham,134.0,6.0,139.92,2025-05-12 07:00:30+00:00,0.03475,0.013,0.06175,0.03475
Parfetts - Birmingham,134.0,6.0,139.92,2025-05-12 07:15:30+00:00,0.03775,0.0165,0.0615,0.0375
Parfetts - Birmingham,134.0,6.0,139.92,2025-05-12 07:30:30+00:00,0.04425,0.0225,0.06875,0.044
Parfetts - Birmingham,134.0,6.0,139.92,2025-05-12 07:45:30+00:00,0.0545,0.0245,0.088,0.05375
Parfetts - Birmingham,134.0,6.0,139.92,2025-05-12 08:00:30+00:00,0.07025,0.023,0.119,0.068
Parfetts - Birmingham,134.0,6.0,139.92,2025-05-12 08:15:30+00:00,0.08725,0.0255,0.14975,0.08375
Parfetts - Birmingham,134.0,6.0,139.92,2025-05-12 08:30:30+00:00,0.10525,0.044,0.1705,0.0995
Parfetts - Birmingham,134.0,6.0,139.92,2025-05-12 08:45:30+00:00,0.15775,0.07725,0.1855,0.14475
Parfetts - Birmingham,134.0,6.0,139.92,2025-05-12 09:00:30+00:00,0.179,0.12325,0.1965,0.16275
Parfetts - Birmingham,134.0,6.0,139.92,2025-05-12 09:15:30+00:00,0.18675,0.15625,0.20475,0.17025
Parfetts - Birmingham,134.0,6.0,139.92,2025-05-12 09:30:30+00:00,0.19375,0.18175,0.2055,0.1775
Parfetts - Birmingham,134.0,6.0,139.92,2025-05-12 09:45:30+00:00,0.20025,0.19175,0.20825,0.184
Parfetts - Birmingham,134.0,6.0,139.92,2025-05-12 10:00:30+00:00,0.20575,0.19725,0.21375,0.19
Parfetts - Birmingham,134.0,6.0,139.92,2025-05-12 10:15:30+00:00,0.2105,0.202,0.21875,0.19525
Parfetts - Birmingham,134.0,6.0,139.92,2025-05-12 10:30:30+00:00,0.21475,0.20575,0.22325,0.2
Parfetts - Birmingham,134.0,6.0,139.92,2025-05-12 10:45:30+00:00,0.218,0.20175,0.23375,0.204
Parfetts - Birmingham,134.0,6.0,139.92,2025-05-12 11:00:30+00:00,0.2205,0.18475,0.24,0.207
Parfetts - Birmingham,134.0,6.0,139.92,2025-05-12 11:15:30+00:00,0.22,0.15725,0.2415,0.208
Parfetts - Birmingham,134.0,6.0,139.92,2025-05-12 11:30:30+00:00,0.199,0.115,0.241,0.18975
Parfetts - Birmingham,134.0,6.0,139.92,2025-05-12 11:45:30+00:00,0.162,0.07925,0.23925,0.15625
Parfetts - Birmingham,134.0,6.0,139.92,2025-05-12 12:00:30+00:00,0.1525,0.05225,0.237,0.1485
Parfetts - Birmingham,134.0,6.0,139.92,2025-05-12 12:15:30+00:00,0.12425,0.03525,0.20625,0.12175
Parfetts - Birmingham,134.0,6.0,139.92,2025-05-12 12:30:30+00:00,0.08425,0.0445,0.176,0.08375
Parfetts - Birmingham,134.0,6.0,139.92,2025-05-12 12:45:30+00:00,0.12375,0.04175,0.17725,0.122
Parfetts - Birmingham,134.0,6.0,139.92,2025-05-12 13:00:30+00:00,0.11825,0.03925,0.1825,0.117
Parfetts - Birmingham,134.0,6.0,139.92,2025-05-12 13:15:30+00:00,0.089,0.03775,0.2025,0.089
Parfetts - Birmingham,134.0,6.0,139.92,2025-05-12 13:30:30+00:00,0.15375,0.05325,0.21575,0.153
Parfetts - Birmingham,134.0,6.0,139.92,2025-05-12 13:45:30+00:00,0.158,0.07,0.2105,0.158
Parfetts - Birmingham,134.0,6.0,139.92,2025-05-12 14:00:30+00:00,0.14725,0.0575,0.2035,0.14775
Parfetts - Birmingham,134.0,6.0,139.92,2025-05-12 14:15:30+00:00,0.1215,0.02425,0.19125,0.12275
Parfetts - Birmingham,134.0,6.0,139.92,2025-05-12 14:30:30+00:00,0.04475,0.01375,0.15175,0.04525
Parfetts - Birmingham,134.0,6.0,139.92,2025-05-12 14:45:30+00:00,0.04025,0.01325,0.12325,0.04075
Parfetts - Birmingham,134.0,6.0,139.92,2025-05-12 15:00:30+00:00,0.04575,0.01275,0.13175,0.04625
Parfetts - Birmingham,134.0,6.0,139.92,2025-05-12 15:15:30+00:00,0.081,0.01625,0.1445,0.08325
Parfetts - Birmingham,134.0,6.0,139.92,2025-05-12 15:30:30+00:00,0.09675,0.031,0.14725,0.10075
Parfetts - Birmingham,134.0,6.0,139.92,2025-05-12 15:45:30+00:00,0.089,0.03,0.126,0.09325
Parfetts - Birmingham,134.0,6.0,139.92,2025-05-12 16:00:30+00:00,0.04875,0.0265,0.1185,0.0505
Parfetts - Birmingham,134.0,6.0,139.92,2025-05-12 16:15:30+00:00,0.07625,0.01825,0.112,0.08125
Parfetts - Birmingham,134.0,6.0,139.92,2025-05-12 16:30:30+00:00,0.0705,0.03275,0.10825,0.0755
Parfetts - Birmingham,134.0,6.0,139.92,2025-05-12 16:45:30+00:00,0.07625,0.0415,0.095,0.08425
Parfetts - Birmingham,134.0,6.0,139.92,2025-05-12 17:00:30+00:00,0.0735,0.05075,0.08175,0.08475
Parfetts - Birmingham,134.0,6.0,139.92,2025-05-12 17:15:30+00:00,0.0625,0.0485,0.07075,0.07375
Parfetts - Birmingham,134.0,6.0,139.92,2025-05-12 17:30:30+00:00,0.0505,0.044,0.061,0.06025
Parfetts - Birmingham,134.0,6.0,139.92,2025-05-12 17:45:30+00:00,0.04325,0.0355,0.04975,0.054
Parfetts - Birmingham,134.0,6.0,139.92,2025-05-12 18:00:30+00:00,0.035,0.02825,0.0395,0.04575
Parfetts - Birmingham,134.0,6.0,139.92,2025-05-12 18:15:30+00:00,0.0265,0.021,0.03,0.03675
Parfetts - Birmingham,134.0,6.0,139.92,2025-05-12 18:30:30+00:00,0.01875,0.0145,0.02175,0.02775
Parfetts - Birmingham,134.0,6.0,139.92,2025-05-12 18:45:30+00:00,0.012,0.009,0.01425,0.0195
Parfetts - Birmingham,134.0,6.0,139.92,2025-05-12 19:00:30+00:00,0.007,0.005,0.00825,0.0125
Parfetts - Birmingham,134.0,6.0,139.92,2025-05-12 19:15:30+00:00,0.00525,0.00375,0.00625,0.00625
Parfetts - Birmingham,134.0,6.0,139.92,2025-05-12 19:30:30+00:00,0.0015,0.001,0.00175,0.0015
Parfetts - Birmingham,134.0,6.0,139.92,2025-05-12 19:45:30+00:00,0.0,0.0,0.0,0.0
Parfetts - Birmingham,134.0,6.0,139.92,2025-05-12 20:00:30+00:00,0.0,0.0,0.0,0.0
Parfetts - Birmingham,134.0,6.0,139.92,2025-05-12 20:15:30+00:00,0.0,0.0,0.0,0.0
Parfetts - Birmingham,134.0,6.0,139.92,2025-05-12 20:30:30+00:00,0.0,0.0,0.0,0.0
Parfetts - Birmingham,134.0,6.0,139.92,2025-05-12 20:45:30+00:00,0.0,0.0,0.0,0.0
Parfetts - Birmingham,134.0,6.0,139.92,2025-05-12 21:00:30+00:00,0.0,0.0,0.0,0.0
Parfetts - Birmingham,134.0,6.0,139.92,2025-05-12 21:15:30+00:00,0.0,0.0,0.0,0.0
Parfetts - Birmingham,134.0,6.0,139.92,2025-05-12 21:30:30+00:00,0.0,0.0,0.0,0.0
Parfetts - Birmingham,134.0,6.0,139.92,2025-05-12 21:45:30+00:00,0.0,0.0,0.0,0.0
Parfetts - Birmingham,134.0,6.0,139.92,2025-05-12 22:00:30+00:00,0.0,0.0,0.0,0.0
Parfetts - Birmingham,134.0,6.0,139.92,2025-05-12 22:15:30+00:00,0.0,0.0,0.0,0.0
Parfetts - Birmingham,134.0,6.0,139.92,2025-05-12 22:30:30+00:00,0.0,0.0,0.0,0.0
Parfetts - Birmingham,134.0,6.0,139.92,2025-05-12 22:45:30+00:00,0.0,0.0,0.0,0.0
Parfetts - Birmingham,134.0,6.0,139.92,2025-05-12 23:00:30+00:00,0.0,0.0,0.0,0.0
Parfetts - Birmingham,134.0,6.0,139.92,2025-05-12 23:15:30+00:00,0.0,0.0,0.0,0.0
Parfetts - Birmingham,134.0,6.0,139.92,2025-05-12 23:30:30+00:00,0.0,0.0,0.0,0.0
Parfetts - Birmingham,134.0,6.0,139.92,2025-05-12 23:45:30+00:00,0.0,0.0,0.0,0.0
Parfetts - Birmingham,134.0,6.0,139.92,2025-05-13 00:00:30+00:00,0.0,0.0,0.0,0.0
Parfetts - Birmingham,134.0,6.0,139.92,2025-05-13 00:15:30+00:00,0.0,0.0,0.0,0.0
Parfetts - Birmingham,134.0,6.0,139.92,2025-05-13 00:30:30+00:00,0.0,0.0,0.0,0.0
Parfetts - Birmingham,134.0,6.0,139.92,2025-05-13 00:45:30+00:00,0.0,0.0,0.0,0.0
Parfetts - Birmingham,134.0,6.0,139.92,2025-05-13 01:00:30+00:00,0.0,0.0,0.0,0.0
Parfetts - Birmingham,134.0,6.0,139.92,2025-05-13 01:15:30+00:00,0.0,0.0,0.0,0.0
Parfetts - Birmingham,134.0,6.0,139.92,2025-05-13 01:30:30+00:00,0.0,0.0,0.0,0.0
Parfetts - Birmingham,134.0,6.0,139.92,2025-05-13 01:45:30+00:00,0.0,0.0,0.0,0.0
Parfetts - Birmingham,134.0,6.0,139.92,2025-05-13 02:00:30+00:00,0.0,0.0,0.0,0.0
Parfetts - Birmingham,134.0,6.0,139.92,2025-05-13 02:15:30+00:00,0.0,0.0,0.0,0.0
Parfetts - Birmingham,134.0,6.0,139.92,2025-05-13 02:30:30+00:00,0.0,0.0,0.0,0.0
Parfetts - Birmingham,134.0,6.0,139.92,2025-05-13 02:45:30+00:00,0.0,0.0,0.0,0.0
Parfetts - Birmingham,134.0,6.0,139.92,2025-05-13 03:00:30+00:00,0.0,0.0,0.0,0.0
Parfetts - Birmingham,134.0,6.0,139.92,2025-05-13 03:15:30+00:00,0.0,0.0,0.0,0.0
Parfetts - Birmingham,134.0,6.0,139.92,2025-05-13 03:30:30+00:00,0.0,0.0,0.0,0.0
Parfetts - Birmingham,134.0,6.0,139.92,2025-05-13 03:45:30+00:00,0.0,0.0,0.0,0.0
Parfetts - Birmingham,134.0,6.0,139.92,2025-05-13 04:00:30+00:00,0.0,0.0,0.0,0.0
Parfetts - Birmingham,134.0,6.0,139.92,2025-05-13 04:15:30+00:00,0.00075,0.0005,0.00075,0.00075
Parfetts - Birmingham,134.0,6.0,139.92,2025-05-13 04:30:30+00:00,0.005,0.0035,0.0065,0.0045
Parfetts - Birmingham,134.0,6.0,139.92,2025-05-13 04:45:30+00:00,0.0125,0.00875,0.016,0.01025
Parfetts - Birmingham,134.0,6.0,139.92,2025-05-13 05:00:30+00:00,0.02175,0.01525,0.0265,0.01775
Parfetts - Birmingham,134.0,6.0,139.92,2025-05-13 05:15:30+00:00,0.0325,0.02375,0.03775,0.02675
Parfetts - Birmingham,134.0,6.0,139.92,2025-05-13 05:30:30+00:00,0.0435,0.0335,0.0495,0.03625
Parfetts - Birmingham,134.0,6.0,139.92,2025-05-13 05:45:30+00:00,0.0545,0.04425,0.0615,0.04575
Parfetts - Birmingham,134.0,6.0,139.92,2025-05-13 06:00:30+00:00,0.066,0.05575,0.0735,0.05575
Parfetts - Birmingham,134.0,6.0,139.92,2025-05-13 06:15:30+00:00,0.07725,0.068,0.08575,0.066
Parfetts - Birmingham,134.0,6.0,139.92,2025-05-13 06:30:30+00:00,0.0885,0.0805,0.09675,0.076
Parfetts - Birmingham,134.0,6.0,139.92,2025-05-13 06:45:30+00:00,0.0995,0.093,0.10625,0.08625
Parfetts - Birmingham,134.0,6.0,139.92,2025-05-13 07:00:30+00:00,0.111,0.10525,0.1165,0.0965
Parfetts - Birmingham,134.0,6.0,139.92,2025-05-13 07:15:30+00:00,0.12175,0.1165,0.12725,0.1065
Parfetts - Birmingham,134.0,6.0,139.92,2025-05-13 07:30:30+00:00,0.1325,0.127,0.13825,0.11675
Parfetts - Birmingham,134.0,6.0,139.92,2025-05-13 07:45:30+00:00,0.14325,0.13725,0.149,0.12675
Parfetts - Birmingham,134.0,6.0,139.92,2025-05-13 08:00:30+00:00,0.15325,0.14675,0.15925,0.13625
Parfetts - Birmingham,134.0,6.0,139.92,2025-05-13 08:15:30+00:00,0.1625,0.156,0.16925,0.14525
Parfetts - Birmingham,134.0,6.0,139.92,2025-05-13 08:30:30+00:00,0.17175,0.1645,0.179,0.15425
Parfetts - Birmingham,134.0,6.0,139.92,2025-05-13 08:45:30+00:00,0.18075,0.173,0.18825,0.163
Parfetts - Birmingham,134.0,6.0,139.92,2025-05-13 09:00:30+00:00,0.189,0.18075,0.197,0.17125
Parfetts - Birmingham,134.0,6.0,139.92,2025-05-13 09:15:30+00:00,0.19675,0.18825,0.205,0.179
Parfetts - Birmingham,134.0,6.0,139.92,2025-05-13 09:30:30+00:00,0.20375,0.195,0.21225,0.18625
Parfetts - Birmingham,134.0,6.0,139.92,2025-05-13 09:45:30+00:00,0.21025,0.20125,0.21875,0.193
Parfetts - Birmingham,134.0,6.0,139.92,2025-05-13 10:00:30+00:00,0.216,0.20675,0.2245,0.19925
Parfetts - Birmingham,134.0,6.0,139.92,2025-05-13 10:15:30+00:00,0.22075,0.21175,0.2295,0.2045
Parfetts - Birmingham,134.0,6.0,139.92,2025-05-13 10:30:30+00:00,0.22475,0.21575,0.23375,0.20925
Parfetts - Birmingham,134.0,6.0,139.92,2025-05-13 10:45:30+00:00,0.22825,0.21875,0.237,0.2135
Parfetts - Birmingham,134.0,6.0,139.92,2025-05-13 11:00:30+00:00,0.2305,0.22125,0.2395,0.2165
Parfetts - Birmingham,134.0,6.0,139.92,2025-05-13 11:15:30+00:00,0.23225,0.223,0.24125,0.21925
Parfetts - Birmingham,134.0,6.0,139.92,2025-05-13 11:30:30+00:00,0.23325,0.2235,0.2425,0.22125
Parfetts - Birmingham,134.0,6.0,139.92,2025-05-13 11:45:30+00:00,0.23275,0.22225,0.243,0.222
Parfetts - Birmingham,134.0,6.0,139.92,2025-05-13 12:00:30+00:00,0.23175,0.22,0.242,0.222
Parfetts - Birmingham,134.0,6.0,139.92,2025-05-13 12:15:30+00:00,0.22825,0.217,0.2395,0.22
Parfetts - Birmingham,134.0,6.0,139.92,2025-05-13 12:30:30+00:00,0.2245,0.21425,0.2355,0.2175
Parfetts - Birmingham,134.0,6.0,139.92,2025-05-13 12:45:30+00:00,0.2215,0.211,0.23175,0.21575
Parfetts - Birmingham,134.0,6.0,139.92,2025-05-13 13:00:30+00:00,0.21775,0.20775,0.22775,0.21325
Parfetts - Birmingham,134.0,6.0,139.92,2025-05-13 13:15:30+00:00,0.21375,0.20375,0.2235,0.21075
Parfetts - Birmingham,134.0,6.0,139.92,2025-05-13 13:30:30+00:00,0.209,0.1995,0.2175,0.2075
Parfetts - Birmingham,134.0,6.0,139.92,2025-05-13 13:45:30+00:00,0.20275,0.19425,0.21075,0.2025
Parfetts - Birmingham,134.0,6.0,139.92,2025-05-13 14:00:30+00:00,0.19575,0.188,0.203,0.197
Parfetts - Birmingham,134.0,6.0,139.92,2025-05-13 14:15:30+00:00,0.18825,0.18075,0.19525,0.191
Parfetts - Birmingham,134.0,6.0,139.92,2025-05-13 14:30:30+00:00,0.18,0.17275,0.18675,0.18425
Parfetts - Birmingham,134.0,6.0,139.92,2025-05-13 14:45:30+00:00,0.171,0.164,0.178,0.1765
Parfetts - Birmingham,134.0,6.0,139.92,2025-05-13 15:00:30+00:00,0.16175,0.155,0.16825,0.1685
Parfetts - Birmingham,134.0,6.0,139.92,2025-05-13 15:15:30+00:00,0.152,0.1455,0.15825,0.16
Parfetts - Birmingham,134.0,6.0,139.92,2025-05-13 15:30:30+00:00,0.14175,0.13575,0.14775,0.151
Parfetts - Birmingham,134.0,6.0,139.92,2025-05-13 15:45:30+00:00,0.1315,0.12575,0.137,0.14175
Parfetts - Birmingham,134.0,6.0,139.92,2025-05-13 16:00:30+00:00,0.12075,0.1155,0.126,0.13225
Parfetts - Birmingham,134.0,6.0,139.92,2025-05-13 16:15:30+00:00,0.11025,0.105,0.115,0.1225
Parfetts - Birmingham,134.0,6.0,139.92,2025-05-13 16:30:30+00:00,0.09925,0.0945,0.10375,0.11225
Parfetts - Birmingham,134.0,6.0,139.92,2025-05-13 16:45:30+00:00,0.08825,0.08375,0.09275,0.102
Parfetts - Birmingham,134.0,6.0,139.92,2025-05-13 17:00:30+00:00,0.07725,0.07275,0.082,0.0915
Parfetts - Birmingham,134.0,6.0,139.92,2025-05-13 17:15:30+00:00,0.06675,0.0615,0.072,0.08125
Parfetts - Birmingham,134.0,6.0,139.92,2025-05-13 17:30:30+00:00,0.05625,0.0505,0.06225,0.071
Parfetts - Birmingham,134.0,6.0,139.92,2025-05-13 17:45:30+00:00,0.04625,0.04,0.0515,0.061
Parfetts - Birmingham,134.0,6.0,139.92,2025-05-13 18:00:30+00:00,0.03675,0.0305,0.041,0.051
Parfetts - Birmingham,134.0,6.0,139.92,2025-05-13 18:15:30+00:00,0.02725,0.02175,0.031,0.041
Parfetts - Birmingham,134.0,6.0,139.92,2025-05-13 18:30:30+00:00,0.019,0.0145,0.022,0.03125
Parfetts - Birmingham,134.0,6.0,139.92,2025-05-13 18:45:30+00:00,0.01175,0.0085,0.01375,0.0225
Parfetts - Birmingham,134.0,6.0,139.92,2025-05-13 19:00:30+00:00,0.006,0.004,0.00725,0.01425
Parfetts - Birmingham,134.0,6.0,139.92,2025-05-13 19:15:30+00:00,0.0045,0.003,0.0055,0.00725
Parfetts - Birmingham,134.0,6.0,139.92,2025-05-13 19:30:30+00:00,0.002,0.00175,0.00225,0.00225
Parfetts - Birmingham,134.0,6.0,139.92,2025-05-13 19:45:30+00:00,0.00025,0.00025,0.00025,0.00025
Parfetts - Birmingham,134.0,6.0,139.92,2025-05-13 20:00:30+00:00,0.0,0.0,0.0,0.0
Parfetts - Birmingham,134.0,6.0,139.92,2025-05-13 20:15:30+00:00,0.0,0.0,0.0,0.0
Parfetts - Birmingham,134.0,6.0,139.92,2025-05-13 20:30:30+00:00,0.0,0.0,0.0,0.0
Parfetts - Birmingham,134.0,6.0,139.92,2025-05-13 20:45:30+00:00,0.0,0.0,0.0,0.0
Parfetts - Birmingham,134.0,6.0,139.92,2025-05-13 21:00:30+00:00,0.0,0.0,0.0,0.0
Parfetts - Birmingham,134.0,6.0,139.92,2025-05-13 21:15:30+00:00,0.0,0.0,0.0,0.0
Parfetts - Birmingham,134.0,6.0,139.92,2025-05-13 21:30:30+00:00,0.0,0.0,0.0,0.0
Parfetts - Birmingham,134.0,6.0,139.92,2025-05-13 21:45:30+00:00,0.0,0.0,0.0,0.0
Parfetts - Birmingham,134.0,6.0,139.92,2025-05-13 22:00:30+00:00,0.0,0.0,0.0,0.0
Parfetts - Birmingham,134.0,6.0,139.92,2025-05-13 22:15:30+00:00,0.0,0.0,0.0,0.0
Parfetts - Birmingham,134.0,6.0,139.92,2025-05-13 22:30:30+00:00,0.0,0.0,0.0,0.0
Parfetts - Birmingham,134.0,6.0,139.92,2025-05-13 22:45:30+00:00,0.0,0.0,0.0,0.0
Parfetts - Birmingham,134.0,6.0,139.92,2025-05-13 23:00:30+00:00,0.0,0.0,0.0,0.0
Parfetts - Birmingham,134.0,6.0,139.92,2025-05-13 23:15:30+00:00,0.0,0.0,0.0,0.0
Parfetts - Birmingham,134.0,6.0,139.92,2025-05-13 23:30:30+00:00,0.0,0.0,0.0,0.0
Parfetts - Birmingham,134.0,6.0,139.92,2025-05-13 23:45:30+00:00,0.0,0.0,0.0,0.0
Parfetts - Birmingham,134.0,6.0,139.92,2025-05-14 00:00:30+00:00,0.0,0.0,0.0,0.0
Parfetts - Birmingham,134.0,6.0,139.92,2025-05-14 00:15:30+00:00,0.0,0.0,0.0,0.0
Parfetts - Birmingham,134.0,6.0,139.92,2025-05-14 00:30:30+00:00,0.0,0.0,0.0,0.0
Parfetts - Birmingham,134.0,6.0,139.92,2025-05-14 00:45:30+00:00,0.0,0.0,0.0,0.0
Parfetts - Birmingham,134.0,6.0,139.92,2025-05-14 01:00:30+00:00,0.0,0.0,0.0,0.0
Parfetts - Birmingham,134.0,6.0,139.92,2025-05-14 01:15:30+00:00,0.0,0.0,0.0,0.0
Parfetts - Birmingham,134.0,6.0,139.92,2025-05-14 01:30:30+00:00,0.0,0.0,0.0,0.0
Parfetts - Birmingham,134.0,6.0,139.92,2025-05-14 01:45:30+00:00,0.0,0.0,0.0,0.0
Parfetts - Birmingham,134.0,6.0,139.92,2025-05-14 02:00:30+00:00,0.0,0.0,0.0,0.0
Parfetts - Birmingham,134.0,6.0,139.92,2025-05-14 02:15:30+00:00,0.0,0.0,0.0,0.0
Parfetts - Birmingham,134.0,6.0,139.92,2025-05-14 02:30:30+00:00,0.0,0.0,0.0,0.0
Parfetts - Birmingham,134.0,6.0,139.92,2025-05-14 02:45:30+00:00,0.0,0.0,0.0,0.0
Parfetts - Birmingham,134.0,6.0,139.92,2025-05-14 03:00:30+00:00,0.0,0.0,0.0,0.0
Parfetts - Birmingham,134.0,6.0,139.92,2025-05-14 03:15:30+00:00,0.0,0.0,0.0,0.0
Parfetts - Birmingham,134.0,6.0,139.92,2025-05-14 03:30:30+00:00,0.0,0.0,0.0,0.0
Parfetts - Birmingham,134.0,6.0,139.92,2025-05-14 03:45:30+00:00,0.0,0.0,0.0,0.0
Parfetts - Birmingham,134.0,6.0,139.92,2025-05-14 04:00:30+00:00,0.0,0.0,0.0,0.0
Parfetts - Birmingham,134.0,6.0,139.92,2025-05-14 04:15:30+00:00,0.00075,0.0005,0.00125,0.00075
Parfetts - Birmingham,134.0,6.0,139.92,2025-05-14 04:30:30+00:00,0.00375,0.002,0.0065,0.00375
Parfetts - Birmingham,134.0,6.0,139.92,2025-05-14 04:45:30+00:00,0.00875,0.00425,0.01375,0.00825
Parfetts - Birmingham,134.0,6.0,139.92,2025-05-14 05:00:30+00:00,0.01475,0.00925,0.024,0.01325
Parfetts - Birmingham,134.0,6.0,139.92,2025-05-14 05:15:30+00:00,0.0265,0.0135,0.03525,0.0235
Parfetts - Birmingham,134.0,6.0,139.92,2025-05-14 05:30:30+00:00,0.0315,0.02,0.04725,0.028
Parfetts - Birmingham,134.0,6.0,139.92,2025-05-14 05:45:30+00:00,0.04375,0.02775,0.0605,0.038
Parfetts - Birmingham,134.0,6.0,139.92,2025-05-14 06:00:30+00:00,0.05925,0.0405,0.0735,0.051
Parfetts - Birmingham,134.0,6.0,139.92,2025-05-14 06:15:30+00:00,0.07475,0.05625,0.08675,0.064
Parfetts - Birmingham,134.0,6.0,139.92,2025-05-14 06:30:30+00:00,0.08775,0.07325,0.09925,0.0755
Parfetts - Birmingham,134.0,6.0,139.92,2025-05-14 06:45:30+00:00,0.0995,0.0895,0.1095,0.086
Parfetts - Birmingham,134.0,6.0,139.92,2025-05-14 07:00:30+00:00,0.11075,0.10325,0.11825,0.0965
Parfetts - Birmingham,134.0,6.0,139.92,2025-05-14 07:15:30+00:00,0.122,0.11525,0.1285,0.10675
Parfetts - Birmingham,134.0,6.0,139.92,2025-05-14 07:30:30+00:00,0.13275,0.12625,0.13925,0.117
Parfetts - Birmingham,134.0,6.0,139.92,2025-05-14 07:45:30+00:00,0.1435,0.1365,0.15,0.127
Parfetts - Birmingham,134.0,6.0,139.92,2025-05-14 08:00:30+00:00,0.1535,0.14675,0.16025,0.1365
Parfetts - Birmingham,134.0,6.0,139.92,2025-05-14 08:15:30+00:00,0.16325,0.156,0.17,0.14575
Parfetts - Birmingham,134.0,6.0,139.92,2025-05-14 08:30:30+00:00,0.17225,0.165,0.1795,0.1545
Parfetts - Birmingham,134.0,6.0,139.92,2025-05-14 08:45:30+00:00,0.18125,0.17325,0.1885,0.16325
Parfetts - Birmingham,134.0,6.0,139.92,2025-05-14 09:00:30+00:00,0.18925,0.18125,0.197,0.1715
Parfetts - Birmingham,134.0,6.0,139.92,2025-05-14 09:15:30+00:00,0.19675,0.18875,0.20475,0.179
Parfetts - Birmingham,134.0,6.0,139.92,2025-05-14 09:30:30+00:00,0.20375,0.1955,0.2115,0.18625
Parfetts - Birmingham,134.0,6.0,139.92,2025-05-14 09:45:30+00:00,0.21,0.2015,0.21775,0.19275
Parfetts - Birmingham,134.0,6.0,139.92,2025-05-14 10:00:30+00:00,0.21525,0.20675,0.22325,0.1985
Parfetts - Birmingham,134.0,6.0,139.92,2025-05-14 10:15:30+00:00,0.2195,0.211,0.228,0.2035
Parfetts - Birmingham,134.0,6.0,139.92,2025-05-14 10:30:30+00:00,0.22325,0.21425,0.23175,0.20775
Parfetts - Birmingham,134.0,6.0,139.92,2025-05-14 10:45:30+00:00,0.22625,0.21675,0.235,0.2115
Parfetts - Birmingham,134.0,6.0,139.92,2025-05-14 11:00:30+00:00,0.228,0.21875,0.2375,0.21425
Parfetts - Birmingham,134.0,6.0,139.92,2025-05-14 11:15:30+00:00,0.23025,0.22025,0.2395,0.21725
Parfetts - Birmingham,134.0,6.0,139.92,2025-05-14 11:30:30+00:00,0.23125,0.22125,0.24025,0.2195
Parfetts - Birmingham,134.0,6.0,139.92,2025-05-14 11:45:30+00:00,0.2305,0.22075,0.23975,0.21975
Parfetts - Birmingham,134.0,6.0,139.92,2025-05-14 12:00:30+00:00,0.229,0.2195,0.2385,0.2195
Parfetts - Birmingham,134.0,6.0,139.92,2025-05-14 12:15:30+00:00,0.22725,0.21775,0.23625,0.219
Parfetts - Birmingham,134.0,6.0,139.92,2025-05-14 12:30:30+00:00,0.22475,0.21475,0.23375,0.21775
Parfetts - Birmingham,134.0,6.0,139.92,2025-05-14 12:45:30+00:00,0.2205,0.211,0.23075,0.215
Parfetts - Birmingham,134.0,6.0,139.92,2025-05-14 13:00:30+00:00,0.21725,0.205,0.2275,0.213
Parfetts - Birmingham,134.0,6.0,139.92,2025-05-14 13:15:30+00:00,0.21075,0.1985,0.223,0.208
Parfetts - Birmingham,134.0,6.0,139.92,2025-05-14 13:30:30+00:00,0.204,0.191,0.21625,0.2025
Parfetts - Birmingham,134.0,6.0,139.92,2025-05-14 13:45:30+00:00,0.19575,0.18325,0.2095,0.19575
Parfetts - Birmingham,134.0,6.0,139.92,2025-05-14 14:00:30+00:00,0.189,0.1745,0.20225,0.19025
Parfetts - Birmingham,134.0,6.0,139.92,2025-05-14 14:15:30+00:00,0.18025,0.16525,0.19375,0.18275
Parfetts - Birmingham,134.0,6.0,139.92,2025-05-14 14:30:30+00:00,0.169,0.156,0.18275,0.17275
Parfetts - Birmingham,134.0,6.0,139.92,2025-05-14 14:45:30+00:00,0.15875,0.1485,0.172,0.1635
Parfetts - Birmingham,134.0,6.0,139.92,2025-05-14 15:00:30+00:00,0.15225,0.1415,0.162,0.1585
Parfetts - Birmingham,134.0,6.0,139.92,2025-05-14 15:15:30+00:00,0.144,0.13475,0.1535,0.1515
Parfetts - Birmingham,134.0,6.0,139.92,2025-05-14 15:30:30+00:00,0.136,0.12625,0.14375,0.14475
Parfetts - Birmingham,134.0,6.0,139.92,2025-05-14 15:45:30+00:00,0.12525,0.11625,0.1335,0.13475
Parfetts - Birmingham,134.0,6.0,139.92,2025-05-14 16:00:30+00:00,0.1135,0.1055,0.12275,0.12375
Parfetts - Birmingham,134.0,6.0,139.92,2025-05-14 16:15:30+00:00,0.10375,0.09425,0.11225,0.11475
Parfetts - Birmingham,134.0,6.0,139.92,2025-05-14 16:30:30+00:00,0.09275,0.082,0.10325,0.10425
Parfetts - Birmingham,134.0,6.0,139.92,2025-05-14 16:45:30+00:00,0.0815,0.07,0.09325,0.0935
Parfetts - Birmingham,134.0,6.0,139.92,2025-05-14 17:00:30+00:00,0.07075,0.058,0.082,0.082
Parfetts - Birmingham,134.0,6.0,139.92,2025-05-14 17:15:30+00:00,0.05775,0.049,0.0705,0.06725
Parfetts - Birmingham,134.0,6.0,139.92,2025-05-14 17:30:30+00:00,0.04925,0.0405,0.059,0.0595
Parfetts - Birmingham,134.0,6.0,139.92,2025-05-14 17:45:30+00:00,0.043,0.0325,0.05,0.0535
Parfetts - Birmingham,134.0,6.0,139.92,2025-05-14 18:00:30+00:00,0.033,0.0265,0.04275,0.04125
Parfetts - Birmingham,134.0,6.0,139.92,2025-05-14 18:15:30+00:00,0.026,0.01925,0.03375,0.0345
Parfetts - Birmingham,134.0,6.0,139.92,2025-05-14 18:30:30+00:00,0.0195,0.0135,0.0245,0.0295
Parfetts - Birmingham,134.0,6.0,139.92,2025-05-14 18:45:30+00:00,0.01175,0.00825,0.01475,0.022
Parfetts - Birmingham,134.0,6.0,139.92,2025-05-14 19:00:30+00:00,0.006,0.004,0.0075,0.01425
Parfetts - Birmingham,134.0,6.0,139.92,2025-05-14 19:15:30+00:00,0.00425,0.00275,0.0055,0.00775
Parfetts - Birmingham,134.0,6.0,139.92,2025-05-14 19:30:30+00:00,0.00225,0.00175,0.00275,0.0025
Parfetts - Birmingham,134.0,6.0,139.92,2025-05-14 19:45:30+00:00,0.00025,0.00025,0.0005,0.00025
Parfetts - Birmingham,134.0,6.0,139.92,2025-05-14 20:00:30+00:00,0.0,0.0,0.0,0.0
Parfetts - Birmingham,134.0,6.0,139.92,2025-05-14 20:15:30+00:00,0.0,0.0,0.0,0.0
Parfetts - Birmingham,134.0,6.0,139.92,2025-05-14 20:30:30+00:00,0.0,0.0,0.0,0.0
Parfetts - Birmingham,134.0,6.0,139.92,2025-05-14 20:45:30+00:00,0.0,0.0,0.0,0.0
Parfetts - Birmingham,134.0,6.0,139.92,2025-05-14 21:00:30+00:00,0.0,0.0,0.0,0.0
Parfetts - Birmingham,134.0,6.0,139.92,2025-05-14 21:15:30+00:00,0.0,0.0,0.0,0.0
Parfetts - Birmingham,134.0,6.0,139.92,2025-05-14 21:30:30+00:00,0.0,0.0,0.0,0.0
Parfetts - Birmingham,134.0,6.0,139.92,2025-05-14 21:45:30+00:00,0.0,0.0,0.0,0.0
Parfetts - Birmingham,134.0,6.0,139.92,2025-05-14 22:00:30+00:00,0.0,0.0,0.0,0.0
Parfetts - Birmingham,134.0,6.0,139.92,2025-05-14 22:15:30+00:00,0.0,0.0,0.0,0.0
Parfetts - Birmingham,134.0,6.0,139.92,2025-05-14 22:30:30+00:00,0.0,0.0,0.0,0.0
Parfetts - Birmingham,134.0,6.0,139.92,2025-05-14 22:45:30+00:00,0.0,0.0,0.0,0.0
Parfetts - Birmingham,134.0,6.0,139.92,2025-05-14 23:00:30+00:00,0.0,0.0,0.0,0.0
Parfetts - Birmingham,134.0,6.0,139.92,2025-05-14 23:15:30+00:00,0.0,0.0,0.0,0.0
Parfetts - Birmingham,134.0,6.0,139.92,2025-05-14 23:30:30+00:00,0.0,0.0,0.0,0.0
Parfetts - Birmingham,134.0,6.0,139.92,2025-05-14 23:45:30+00:00,0.0,0.0,0.0,0.0
Parfetts - Birmingham,134.0,6.0,139.92,2025-05-15 00:00:30+00:00,0.0,0.0,0.0,0.0
Parfetts - Birmingham,134.0,6.0,139.92,2025-05-15 00:15:30+00:00,0.0,0.0,0.0,0.0
Parfetts - Birmingham,134.0,6.0,139.92,2025-05-15 00:30:30+00:00,0.0,0.0,0.0,0.0
Parfetts - Birmingham,134.0,6.0,139.92,2025-05-15 00:45:30+00:00,0.0,0.0,0.0,0.0
Parfetts - Birmingham,134.0,6.0,139.92,2025-05-15 01:00:30+00:00,0.0,0.0,0.0,0.0
Parfetts - Birmingham,134.0,6.0,139.92,2025-05-15 01:15:30+00:00,0.0,0.0,0.0,0.0
Parfetts - Birmingham,134.0,6.0,139.92,2025-05-15 01:30:30+00:00,0.0,0.0,0.0,0.0
Parfetts - Birmingham,134.0,6.0,139.92,2025-05-15 01:45:30+00:00,0.0,0.0,0.0,0.0
Parfetts - Birmingham,134.0,6.0,139.92,2025-05-15 02:00:30+00:00,0.0,0.0,0.0,0.0
Parfetts - Birmingham,134.0,6.0,139.92,2025-05-15 02:15:30+00:00,0.0,0.0,0.0,0.0
Parfetts - Birmingham,134.0,6.0,139.92,2025-05-15 02:30:30+00:00,0.0,0.0,0.0,0.0
Parfetts - Birmingham,134.0,6.0,139.92,2025-05-15 02:45:30+00:00,0.0,0.0,0.0,0.0
Parfetts - Birmingham,134.0,6.0,139.92,2025-05-15 03:00:30+00:00,0.0,0.0,0.0,0.0
Parfetts - Birmingham,134.0,6.0,139.92,2025-05-15 03:15:30+00:00,0.0,0.0,0.0,0.0
Parfetts - Birmingham,134.0,6.0,139.92,2025-05-15 03:30:30+00:00,0.0,0.0,0.0,0.0
Parfetts - Birmingham,134.0,6.0,139.92,2025-05-15 03:45:30+00:00,0.0,0.0,0.0,0.0
Parfetts - Birmingham,134.0,6.0,139.92,2025-05-15 04:00:30+00:00,0.0,0.0,0.0,0.0
Parfetts - Birmingham,134.0,6.0,139.92,2025-05-15 04:15:30+00:00,0.001,0.00075,0.0015,0.001
Parfetts - Birmingham,134.0,6.0,139.92,2025-05-15 04:30:30+00:00,0.00475,0.003,0.007,0.0045
Parfetts - Birmingham,134.0,6.0,139.92,2025-05-15 04:45:30+00:00,0.01075,0.0065,0.0155,0.0095
Parfetts - Birmingham,134.0,6.0,139.92,2025-05-15 05:00:30+00:00,0.01725,0.00975,0.024,0.01525
Parfetts - Birmingham,134.0,6.0,139.92,2025-05-15 05:15:30+00:00,0.0225,0.012,0.032,0.02025
Parfetts - Birmingham,134.0,6.0,139.92,2025-05-15 05:30:30+00:00,0.02525,0.01275,0.03775,0.0235
Parfetts - Birmingham,134.0,6.0,139.92,2025-05-15 05:45:30+00:00,0.028,0.0135,0.043,0.02675
Parfetts - Birmingham,134.0,6.0,139.92,2025-05-15 06:00:30+00:00,0.0315,0.015,0.04675,0.03025
Parfetts - Birmingham,134.0,6.0,139.92,2025-05-15 06:15:30+00:00,0.03275,0.0155,0.0485,0.03175
Parfetts - Birmingham,134.0,6.0,139.92,2025-05-15 06:30:30+00:00,0.031,0.016,0.04975,0.031
Parfetts - Birmingham,134.0,6.0,139.92,2025-05-15 06:45:30+00:00,0.035,0.0175,0.0505,0.03475
Parfetts - Birmingham,134.0,6.0,139.92,2025-05-15 07:00:30+00:00,0.03575,0.0185,0.05075,0.0355
Parfetts - Birmingham,134.0,6.0,139.92,2025-05-15 07:15:30+00:00,0.03325,0.01975,0.04975,0.03325
Parfetts - Birmingham,134.0,6.0,139.92,2025-05-15 07:30:30+00:00,0.03525,0.0215,0.05,0.03525
Parfetts - Birmingham,134.0,6.0,139.92,2025-05-15 07:45:30+00:00,0.0385,0.024,0.05175,0.0385
Parfetts - Birmingham,134.0,6.0,139.92,2025-05-15 08:00:30+00:00,0.04,0.0265,0.057,0.03975
Parfetts - Birmingham,134.0,6.0,139.92,2025-05-15 08:15:30+00:00,0.04675,0.0265,0.0665,0.04675
Parfetts - Birmingham,134.0,6.0,139.92,2025-05-15 08:30:30+00:00,0.0525,0.02725,0.0795,0.05225
Parfetts - Birmingham,134.0,6.0,139.92,2025-05-15 08:45:30+00:00,0.0605,0.027,0.09675,0.06
Parfetts - Birmingham,134.0,6.0,139.92,2025-05-15 09:00:30+00:00,0.0725,0.028,0.119,0.0715
Parfetts - Birmingham,134.0,6.0,139.92,2025-05-15 09:15:30+00:00,0.088,0.03175,0.148,0.08575
Parfetts - Birmingham,134.0,6.0,139.92,2025-05-15 09:30:30+00:00,0.10775,0.04525,0.17325,0.104
Parfetts - Birmingham,134.0,6.0,139.92,2025-05-15 09:45:30+00:00,0.13225,0.068,0.19725,0.12625
Parfetts - Birmingham,134.0,6.0,139.92,2025-05-15 10:00:30+00:00,0.157,0.092,0.21175,0.14825
Parfetts - Birmingham,134.0,6.0,139.92,2025-05-15 10:15:30+00:00,0.16325,0.11625,0.2175,0.1545
Parfetts - Birmingham,134.0,6.0,139.92,2025-05-15 10:30:30+00:00,0.18075,0.13625,0.226,0.17
Parfetts - Birmingham,134.0,6.0,139.92,2025-05-15 10:45:30+00:00,0.19775,0.1425,0.23675,0.18625
Parfetts - Birmingham,134.0,6.0,139.92,2025-05-15 11:00:30+00:00,0.18875,0.12825,0.2395,0.179
Parfetts - Birmingham,134.0,6.0,139.92,2025-05-15 11:15:30+00:00,0.16375,0.1055,0.226,0.157
Parfetts - Birmingham,134.0,6.0,139.92,2025-05-15 11:30:30+00:00,0.14425,0.09775,0.21475,0.14
Parfetts - Birmingham,134.0,6.0,139.92,2025-05-15 11:45:30+00:00,0.163,0.11075,0.22575,0.15725
Parfetts - Birmingham,134.0,6.0,139.92,2025-05-15 12:00:30+00:00,0.1965,0.1255,0.232,0.18925
Parfetts - Birmingham,134.0,6.0,139.92,2025-05-15 12:15:30+00:00,0.174,0.129,0.22575,0.16925
Parfetts - Birmingham,134.0,6.0,139.92,2025-05-15 12:30:30+00:00,0.16175,0.126,0.2005,0.158
Parfetts - Birmingham,134.0,6.0,139.92,2025-05-15 12:45:30+00:00,0.153,0.1255,0.18525,0.15075
Parfetts - Birmingham,134.0,6.0,139.92,2025-05-15 13:00:30+00:00,0.1525,0.1285,0.179,0.15025
Parfetts - Birmingham,134.0,6.0,139.92,2025-05-15 13:15:30+00:00,0.15475,0.11875,0.17775,0.15325
Parfetts - Birmingham,134.0,6.0,139.92,2025-05-15 13:30:30+00:00,0.1365,0.10525,0.1725,0.13625
Parfetts - Birmingham,134.0,6.0,139.92,2025-05-15 13:45:30+00:00,0.12575,0.09425,0.157,0.12575
Parfetts - Birmingham,134.0,6.0,139.92,2025-05-15 14:00:30+00:00,0.11425,0.08725,0.14975,0.115
Parfetts - Birmingham,134.0,6.0,139.92,2025-05-15 14:15:30+00:00,0.1155,0.07825,0.15525,0.1165
Parfetts - Birmingham,134.0,6.0,139.92,2025-05-15 14:30:30+00:00,0.11975,0.07175,0.171,0.12175
Parfetts - Birmingham,134.0,6.0,139.92,2025-05-15 14:45:30+00:00,0.12775,0.077,0.1835,0.13075
Parfetts - Birmingham,134.0,6.0,139.92,2025-05-15 15:00:30+00:00,0.14125,0.09125,0.17525,0.14625
Parfetts - Birmingham,134.0,6.0,139.92,2025-05-15 15:15:30+00:00,0.13875,0.10425,0.16475,0.14525
Parfetts - Birmingham,134.0,6.0,139.92,2025-05-15 15:30:30+00:00,0.132,0.1005,0.15425,0.13975
Parfetts - Birmingham,134.0,6.0,139.92,2025-05-15 15:45:30+00:00,0.117,0.082,0.144,0.12475
Parfetts - Birmingham,134.0,6.0,139.92,2025-05-15 16:00:30+00:00,0.1015,0.05525,0.13425,0.1085
Parfetts - Birmingham,134.0,6.0,139.92,2025-05-15 16:15:30+00:00,0.08125,0.03275,0.125,0.08625
Parfetts - Birmingham,134.0,6.0,139.92,2025-05-15 16:30:30+00:00,0.0595,0.0205,0.1055,0.0625
Parfetts - Birmingham,134.0,6.0,139.92,2025-05-15 16:45:30+00:00,0.04725,0.01675,0.081,0.04925
Parfetts - Birmingham,134.0,6.0,139.92,2025-05-15 17:00:30+00:00,0.03925,0.0185,0.06125,0.04075
Parfetts - Birmingham,134.0,6.0,139.92,2025-05-15 17:15:30+00:00,0.0325,0.01925,0.04675,0.0335
Parfetts - Birmingham,134.0,6.0,139.92,2025-05-15 17:30:30+00:00,0.027,0.017,0.03825,0.02775
Parfetts - Birmingham,134.0,6.0,139.92,2025-05-15 17:45:30+00:00,0.023,0.014,0.033,0.02375
Parfetts - Birmingham,134.0,6.0,139.92,2025-05-15 18:00:30+00:00,0.02025,0.01125,0.0295,0.021
Parfetts - Birmingham,134.0,6.0,139.92,2025-05-15 18:15:30+00:00,0.0175,0.009,0.02575,0.018
Parfetts - Birmingham,134.0,6.0,139.92,2025-05-15 18:30:30+00:00,0.014,0.00675,0.0215,0.0145
Parfetts - Birmingham,134.0,6.0,139.92,2025-05-15 18:45:30+00:00,0.01075,0.0045,0.01675,0.011
Parfetts - Birmingham,134.0,6.0,139.92,2025-05-15 19:00:30+00:00,0.007,0.00275,0.012,0.00725
Parfetts - Birmingham,134.0,6.0,139.92,2025-05-15 19:15:30+00:00,0.004,0.00125,0.007,0.004
Parfetts - Birmingham,134.0,6.0,139.92,2025-05-15 19:30:30+00:00,0.00125,0.0005,0.00325,0.00125
Parfetts - Birmingham,134.0,6.0,139.92,2025-05-15 19:45:30+00:00,0.0005,0.0,0.001,0.0005
Parfetts - Birmingham,134.0,6.0,139.92,2025-05-15 20:00:30+00:00,0.0,0.0,0.0,0.0
Parfetts - Birmingham,134.0,6.0,139.92,2025-05-15 20:15:30+00:00,0.0,0.0,0.0,0.0
Parfetts - Birmingham,134.0,6.0,139.92,2025-05-15 20:30:30+00:00,0.0,0.0,0.0,0.0
Parfetts - Birmingham,134.0,6.0,139.92,2025-05-15 20:45:30+00:00,0.0,0.0,0.0,0.0
Parfetts - Birmingham,134.0,6.0,139.92,2025-05-15 21:00:30+00:00,0.0,0.0,0.0,0.0
Parfetts - Birmingham,134.0,6.0,139.92,2025-05-15 21:15:30+00:00,0.0,0.0,0.0,0.0
Parfetts - Birmingham,134.0,6.0,139.92,2025-05-15 21:30:30+00:00,0.0,0.0,0.0,0.0
Parfetts - Birmingham,134.0,6.0,139.92,2025-05-15 21:45:30+00:00,0.0,0.0,0.0,0.0
Parfetts - Birmingham,134.0,6.0,139.92,2025-05-15 22:00:30+00:00,0.0,0.0,0.0,0.0
Parfetts - Birmingham,134.0,6.0,139.92,2025-05-15 22:15:30+00:00,0.0,0.0,0.0,0.0
Parfetts - Birmingham,134.0,6.0,139.92,2025-05-15 22:30:30+00:00,0.0,0.0,0.0,0.0
Parfetts - Birmingham,134.0,6.0,139.92,2025-05-15 22:45:30+00:00,0.0,0.0,0.0,0.0
Parfetts - Birmingham,134.0,6.0,139.92,2025-05-15 23:00:30+00:00,0.0,0.0,0.0,0.0
Parfetts - Birmingham,134.0,6.0,139.92,2025-05-15 23:15:30+00:00,0.0,0.0,0.0,0.0
Parfetts - Birmingham,134.0,6.0,139.92,2025-05-15 23:30:30+00:00,0.0,0.0,0.0,0.0
Parfetts - Birmingham,134.0,6.0,139.92,2025-05-15 23:45:30+00:00,0.0,0.0,0.0,0.0
Parfetts - Birmingham,134.0,6.0,139.92,2025-05-16 00:00:30+00:00,0.0,0.0,0.0,0.0
Parfetts - Birmingham,134.0,6.0,139.92,2025-05-16 00:15:30+00:00,0.0,0.0,0.0,0.0
Parfetts - Birmingham,134.0,6.0,139.92,2025-05-16 00:30:30+00:00,0.0,0.0,0.0,0.0
Parfetts - Birmingham,134.0,6.0,139.92,2025-05-16 00:45:30+00:00,0.0,0.0,0.0,0.0
Parfetts - Birmingham,134.0,6.0,139.92,2025-05-16 01:00:30+00:00,0.0,0.0,0.0,0.0
Parfetts - Birmingham,134.0,6.0,139.92,2025-05-16 01:15:30+00:00,0.0,0.0,0.0,0.0
Parfetts - Birmingham,134.0,6.0,139.92,2025-05-16 01:30:30+00:00,0.0,0.0,0.0,0.0
Parfetts - Birmingham,134.0,6.0,139.92,2025-05-16 01:45:30+00:00,0.0,0.0,0.0,0.0
Parfetts - Birmingham,134.0,6.0,139.92,2025-05-16 02:00:30+00:00,0.0,0.0,0.0,0.0
Parfetts - Birmingham,134.0,6.0,139.92,2025-05-16 02:15:30+00:00,0.0,0.0,0.0,0.0
Parfetts - Birmingham,134.0,6.0,139.92,2025-05-16 02:30:30+00:00,0.0,0.0,0.0,0.0
Parfetts - Birmingham,134.0,6.0,139.92,2025-05-16 02:45:30+00:00,0.0,0.0,0.0,0.0
Parfetts - Birmingham,134.0,6.0,139.92,2025-05-16 03:00:30+00:00,0.0,0.0,0.0,0.0
Parfetts - Birmingham,134.0,6.0,139.92,2025-05-16 03:15:30+00:00,0.0,0.0,0.0,0.0
Parfetts - Birmingham,134.0,6.0,139.92,2025-05-16 03:30:30+00:00,0.0,0.0,0.0,0.0
Parfetts - Birmingham,134.0,6.0,139.92,2025-05-16 03:45:30+00:00,0.0,0.0,0.0,0.0
Parfetts - Birmingham,134.0,6.0,139.92,2025-05-16 04:00:30+00:00,0.0,0.0,0.0,0.0
Parfetts - Birmingham,134.0,6.0,139.92,2025-05-16 04:15:30+00:00,0.00075,0.00025,0.00225,0.00075
Parfetts - Birmingham,134.0,6.0,139.92,2025-05-16 04:30:30+00:00,0.00275,0.00075,0.0055,0.00275
Parfetts - Birmingham,134.0,6.0,139.92,2025-05-16 04:45:30+00:00,0.00575,0.001,0.01025,0.00575
Parfetts - Birmingham,134.0,6.0,139.92,2025-05-16 05:00:30+00:00,0.0085,0.00175,0.0185,0.00875
Parfetts - Birmingham,134.0,6.0,139.92,2025-05-16 05:15:30+00:00,0.014,0.00275,0.0305,0.01375
Parfetts - Birmingham,134.0,6.0,139.92,2025-05-16 05:30:30+00:00,0.02575,0.00625,0.0465,0.024
Parfetts - Birmingham,134.0,6.0,139.92,2025-05-16 05:45:30+00:00,0.0455,0.01825,0.06025,0.0405
Parfetts - Birmingham,134.0,6.0,139.92,2025-05-16 06:00:30+00:00,0.063,0.03725,0.074,0.05475
Parfetts - Birmingham,134.0,6.0,139.92,2025-05-16 06:15:30+00:00,0.077,0.05775,0.08725,0.06625
Parfetts - Birmingham,134.0,6.0,139.92,2025-05-16 06:30:30+00:00,0.089,0.07725,0.0995,0.077
Parfetts - Birmingham,134.0,6.0,139.92,2025-05-16 06:45:30+00:00,0.10025,0.0925,0.10825,0.08725
Parfetts - Birmingham,134.0,6.0,139.92,2025-05-16 07:00:30+00:00,0.1115,0.10525,0.11775,0.0975
Parfetts - Birmingham,134.0,6.0,139.92,2025-05-16 07:15:30+00:00,0.1225,0.11675,0.12825,0.10775
Parfetts - Birmingham,134.0,6.0,139.92,2025-05-16 07:30:30+00:00,0.13325,0.12725,0.139,0.11775
Parfetts - Birmingham,134.0,6.0,139.92,2025-05-16 07:45:30+00:00,0.1435,0.13725,0.14975,0.1275
Parfetts - Birmingham,134.0,6.0,139.92,2025-05-16 08:00:30+00:00,0.15375,0.147,0.16025,0.13725
Parfetts - Birmingham,134.0,6.0,139.92,2025-05-16 08:15:30+00:00,0.16325,0.15625,0.17025,0.14625
Parfetts - Birmingham,134.0,6.0,139.92,2025-05-16 08:30:30+00:00,0.1725,0.165,0.17975,0.15525
Parfetts - Birmingham,134.0,6.0,139.92,2025-05-16 08:45:30+00:00,0.18125,0.17375,0.18875,0.164
Parfetts - Birmingham,134.0,6.0,139.92,2025-05-16 09:00:30+00:00,0.18975,0.18175,0.197,0.17225
Parfetts - Birmingham,134.0,6.0,139.92,2025-05-16 09:15:30+00:00,0.197,0.189,0.20475,0.1795
Parfetts - Birmingham,134.0,6.0,139.92,2025-05-16 09:30:30+00:00,0.20375,0.1955,0.21175,0.1865
Parfetts - Birmingham,134.0,6.0,139.92,2025-05-16 09:45:30+00:00,0.21025,0.2015,0.21825,0.19325
Parfetts - Birmingham,134.0,6.0,139.92,2025-05-16 10:00:30+00:00,0.2155,0.20675,0.224,0.199
Parfetts - Birmingham,134.0,6.0,139.92,2025-05-16 10:15:30+00:00,0.22025,0.2115,0.22875,0.2045
Parfetts - Birmingham,134.0,6.0,139.92,2025-05-16 10:30:30+00:00,0.22425,0.21525,0.23275,0.209
Parfetts - Birmingham,134.0,6.0,139.92,2025-05-16 10:45:30+00:00,0.2275,0.2185,0.236,0.213
Parfetts - Birmingham,134.0,6.0,139.92,2025-05-16 11:00:30+00:00,0.22975,0.22075,0.2385,0.21625
Parfetts - Birmingham,134.0,6.0,139.92,2025-05-16 11:15:30+00:00,0.2315,0.222,0.2405,0.21875
Parfetts - Birmingham,134.0,6.0,139.92,2025-05-16 11:30:30+00:00,0.23225,0.22275,0.24175,0.22075
Parfetts - Birmingham,134.0,6.0,139.92,2025-05-16 11:45:30+00:00,0.2325,0.22275,0.242,0.22175
Parfetts - Birmingham,134.0,6.0,139.92,2025-05-16 12:00:30+00:00,0.232,0.22225,0.24125,0.2225
Parfetts - Birmingham,134.0,6.0,139.92,2025-05-16 12:15:30+00:00,0.2305,0.221,0.23925,0.22225
Parfetts - Birmingham,134.0,6.0,139.92,2025-05-16 12:30:30+00:00,0.228,0.21875,0.23675,0.221
Parfetts - Birmingham,134.0,6.0,139.92,2025-05-16 12:45:30+00:00,0.2245,0.21525,0.233,0.21875
Parfetts - Birmingham,134.0,6.0,139.92,2025-05-16 13:00:30+00:00,0.22,0.21075,0.22875,0.21575
Parfetts - Birmingham,134.0,6.0,139.92,2025-05-16 13:15:30+00:00,0.21475,0.20575,0.2235,0.21175
Parfetts - Birmingham,134.0,6.0,139.92,2025-05-16 13:30:30+00:00,0.209,0.20025,0.21725,0.20775
Parfetts - Birmingham,134.0,6.0,139.92,2025-05-16 13:45:30+00:00,0.2025,0.194,0.2105,0.20225
Parfetts - Birmingham,134.0,6.0,139.92,2025-05-16 14:00:30+00:00,0.1955,0.18725,0.20325,0.19675
Parfetts - Birmingham,134.0,6.0,139.92,2025-05-16 14:15:30+00:00,0.18775,0.17975,0.1955,0.1905
Parfetts - Birmingham,134.0,6.0,139.92,2025-05-16 14:30:30+00:00,0.1795,0.1715,0.187,0.1835
Parfetts - Birmingham,134.0,6.0,139.92,2025-05-16 14:45:30+00:00,0.1705,0.163,0.178,0.176
Parfetts - Birmingham,134.0,6.0,139.92,2025-05-16 15:00:30+00:00,0.16125,0.154,0.16825,0.168
Parfetts - Birmingham,134.0,6.0,139.92,2025-05-16 15:15:30+00:00,0.1515,0.14475,0.158,0.1595
Parfetts - Birmingham,134.0,6.0,139.92,2025-05-16 15:30:30+00:00,0.1415,0.1355,0.1475,0.1505
Parfetts - Birmingham,134.0,6.0,139.92,2025-05-16 15:45:30+00:00,0.1315,0.12575,0.13675,0.1415
Parfetts - Birmingham,134.0,6.0,139.92,2025-05-16 16:00:30+00:00,0.121,0.116,0.126,0.132
Parfetts - Birmingham,134.0,6.0,139.92,2025-05-16 16:15:30+00:00,0.1105,0.10625,0.11475,0.12275
Parfetts - Birmingham,134.0,6.0,139.92,2025-05-16 16:30:30+00:00,0.1,0.09625,0.104,0.11275
Parfetts - Birmingham,134.0,6.0,139.92,2025-05-16 16:45:30+00:00,0.0895,0.08575,0.09325,0.103
Parfetts - Birmingham,134.0,6.0,139.92,2025-05-16 17:00:30+00:00,0.079,0.075,0.083,0.093
Parfetts - Birmingham,134.0,6.0,139.92,2025-05-16 17:15:30+00:00,0.0685,0.06375,0.07325,0.083
Parfetts - Birmingham,134.0,6.0,139.92,2025-05-16 17:30:30+00:00,0.058,0.0525,0.06375,0.07275
Parfetts - Birmingham,134.0,6.0,139.92,2025-05-16 17:45:30+00:00,0.04825,0.04225,0.0535,0.06275
Parfetts - Birmingham,134.0,6.0,139.92,2025-05-16 18:00:30+00:00,0.03875,0.03275,0.043,0.053
Parfetts - Birmingham,134.0,6.0,139.92,2025-05-16 18:15:30+00:00,0.0295,0.024,0.033,0.04325
Parfetts - Birmingham,134.0,6.0,139.92,2025-05-16 18:30:30+00:00,0.02125,0.0165,0.02375,0.03425
Parfetts - Birmingham,134.0,6.0,139.92,2025-05-16 18:45:30+00:00,0.01375,0.01025,0.0155,0.02525
Parfetts - Birmingham,134.0,6.0,139.92,2025-05-16 19:00:30+00:00,0.00725,0.00525,0.0085,0.01675
Parfetts - Birmingham,134.0,6.0,139.92,2025-05-16 19:15:30+00:00,0.0045,0.00325,0.00525,0.00925
Parfetts - Birmingham,134.0,6.0,139.92,2025-05-16 19:30:30+00:00,0.003,0.0025,0.0035,0.0035
Parfetts - Birmingham,134.0,6.0,139.92,2025-05-16 19:45:30+00:00,0.00125,0.001,0.0015,0.00125
Parfetts - Birmingham,134.0,6.0,139.92,2025-05-16 20:00:30+00:00,0.0,0.0,0.0,0.0
Parfetts - Birmingham,134.0,6.0,139.92,2025-05-16 20:15:30+00:00,0.0,0.0,0.0,0.0
Parfetts - Birmingham,134.0,6.0,139.92,2025-05-16 20:30:30+00:00,0.0,0.0,0.0,0.0
Parfetts - Birmingham,134.0,6.0,139.92,2025-05-16 20:45:30+00:00,0.0,0.0,0.0,0.0
Parfetts - Birmingham,134.0,6.0,139.92,2025-05-16 21:00:30+00:00,0.0,0.0,0.0,0.0
Parfetts - Birmingham,134.0,6.0,139.92,2025-05-16 21:15:30+00:00,0.0,0.0,0.0,0.0
Parfetts - Birmingham,134.0,6.0,139.92,2025-05-16 21:30:30+00:00,0.0,0.0,0.0,0.0
Parfetts - Birmingham,134.0,6.0,139.92,2025-05-16 21:45:30+00:00,0.0,0.0,0.0,0.0
Parfetts - Birmingham,134.0,6.0,139.92,2025-05-16 22:00:30+00:00,0.0,0.0,0.0,0.0
Parfetts - Birmingham,134.0,6.0,139.92,2025-05-16 22:15:30+00:00,0.0,0.0,0.0,0.0
Parfetts - Birmingham,134.0,6.0,139.92,2025-05-16 22:30:30+00:00,0.0,0.0,0.0,0.0
Parfetts - Birmingham,134.0,6.0,139.92,2025-05-16 22:45:30+00:00,0.0,0.0,0.0,0.0
Parfetts - Birmingham,134.0,6.0,139.92,2025-05-16 23:00:30+00:00,0.0,0.0,0.0,0.0
Parfetts - Birmingham,134.0,6.0,139.92,2025-05-16 23:15:30+00:00,0.0,0.0,0.0,0.0
Parfetts - Birmingham,134.0,6.0,139.92,2025-05-16 23:30:30+00:00,0.0,0.0,0.0,0.0
Parfetts - Birmingham,134.0,6.0,139.92,2025-05-16 23:45:30+00:00,0.0,0.0,0.0,0.0
Parfetts - Birmingham,134.0,6.0,139.92,2025-05-17 00:00:30+00:00,0.0,0.0,0.0,0.0
Parfetts - Birmingham,134.0,6.0,139.92,2025-05-17 00:15:30+00:00,0.0,0.0,0.0,0.0
Parfetts - Birmingham,134.0,6.0,139.92,2025-05-17 00:30:30+00:00,0.0,0.0,0.0,0.0
Parfetts - Birmingham,134.0,6.0,139.92,2025-05-17 00:45:30+00:00,0.0,0.0,0.0,0.0
Parfetts - Birmingham,134.0,6.0,139.92,2025-05-17 01:00:30+00:00,0.0,0.0,0.0,0.0
Parfetts - Birmingham,134.0,6.0,139.92,2025-05-17 01:15:30+00:00,0.0,0.0,0.0,0.0
Parfetts - Birmingham,134.0,6.0,139.92,2025-05-17 01:30:30+00:00,0.0,0.0,0.0,0.0
Parfetts - Birmingham,134.0,6.0,139.92,2025-05-17 01:45:30+00:00,0.0,0.0,0.0,0.0
Parfetts - Birmingham,134.0,6.0,139.92,2025-05-17 02:00:30+00:00,0.0,0.0,0.0,0.0
Parfetts - Birmingham,134.0,6.0,139.92,2025-05-17 02:15:30+00:00,0.0,0.0,0.0,0.0
Parfetts - Birmingham,134.0,6.0,139.92,2025-05-17 02:30:30+00:00,0.0,0.0,0.0,0.0
Parfetts - Birmingham,134.0,6.0,139.92,2025-05-17 02:45:30+00:00,0.0,0.0,0.0,0.0
Parfetts - Birmingham,134.0,6.0,139.92,2025-05-17 03:00:30+00:00,0.0,0.0,0.0,0.0
Parfetts - Birmingham,134.0,6.0,139.92,2025-05-17 03:15:30+00:00,0.0,0.0,0.0,0.0
Parfetts - Birmingham,134.0,6.0,139.92,2025-05-17 03:30:30+00:00,0.0,0.0,0.0,0.0
Parfetts - Birmingham,134.0,6.0,139.92,2025-05-17 03:45:30+00:00,0.0,0.0,0.0,0.0
Parfetts - Birmingham,134.0,6.0,139.92,2025-05-17 04:00:30+00:00,0.0,0.0,0.0,0.0
Parfetts - Birmingham,134.0,6.0,139.92,2025-05-17 04:15:30+00:00,0.00075,0.00025,0.002,0.00075
Parfetts - Birmingham,134.0,6.0,139.92,2025-05-17 04:30:30+00:00,0.002,0.0005,0.00475,0.002
Parfetts - Birmingham,134.0,6.0,139.92,2025-05-17 04:45:30+00:00,0.004,0.00125,0.0085,0.004
Parfetts - Birmingham,134.0,6.0,139.92,2025-05-17 05:00:30+00:00,0.0065,0.00175,0.0125,0.0065
Parfetts - Birmingham,134.0,6.0,139.92,2025-05-17 05:15:30+00:00,0.0095,0.0025,0.0165,0.0095
Parfetts - Birmingham,134.0,6.0,139.92,2025-05-17 05:30:30+00:00,0.01225,0.00425,0.0205,0.01225
Parfetts - Birmingham,134.0,6.0,139.92,2025-05-17 05:45:30+00:00,0.01525,0.0065,0.024,0.01525
Parfetts - Birmingham,134.0,6.0,139.92,2025-05-17 06:00:30+00:00,0.01825,0.009,0.02725,0.01825
Parfetts - Birmingham,134.0,6.0,139.92,2025-05-17 06:15:30+00:00,0.02075,0.01125,0.03025,0.02075
Parfetts - Birmingham,134.0,6.0,139.92,2025-05-17 06:30:30+00:00,0.023,0.0135,0.0325,0.02325
Parfetts - Birmingham,134.0,6.0,139.92,2025-05-17 06:45:30+00:00,0.02475,0.0155,0.03425,0.02475
Parfetts - Birmingham,134.0,6.0,139.92,2025-05-17 07:00:30+00:00,0.02675,0.0175,0.0365,0.02675
Parfetts - Birmingham,134.0,6.0,139.92,2025-05-17 07:15:30+00:00,0.0295,0.01975,0.03925,0.02975
Parfetts - Birmingham,134.0,6.0,139.92,2025-05-17 07:30:30+00:00,0.03225,0.02175,0.0425,0.03225
Parfetts - Birmingham,134.0,6.0,139.92,2025-05-17 07:45:30+00:00,0.03425,0.02325,0.0455,0.03425
Parfetts - Birmingham,134.0,6.0,139.92,2025-05-17 08:00:30+00:00,0.03675,0.025,0.04875,0.03675
Parfetts - Birmingham,134.0,6.0,139.92,2025-05-17 08:15:30+00:00,0.0395,0.02675,0.05225,0.0395
Parfetts - Birmingham,134.0,6.0,139.92,2025-05-17 08:30:30+00:00,0.042,0.02825,0.05525,0.042
Parfetts - Birmingham,134.0,6.0,139.92,2025-05-17 08:45:30+00:00,0.0435,0.029,0.059,0.0435
Parfetts - Birmingham,134.0,6.0,139.92,2025-05-17 09:00:30+00:00,0.046,0.02775,0.06325,0.046
Parfetts - Birmingham,134.0,6.0,139.92,2025-05-17 09:15:30+00:00,0.04675,0.025,0.06675,0.04675
Parfetts - Birmingham,134.0,6.0,139.92,2025-05-17 09:30:30+00:00,0.0445,0.02075,0.06725,0.0445
Parfetts - Birmingham,134.0,6.0,139.92,2025-05-17 09:45:30+00:00,0.04,0.018,0.06475,0.04025
Parfetts - Birmingham,134.0,6.0,139.92,2025-05-17 10:00:30+00:00,0.03925,0.01775,0.06375,0.0395
Parfetts - Birmingham,134.0,6.0,139.92,2025-05-17 10:15:30+00:00,0.04225,0.02,0.06575,0.0425
Parfetts - Birmingham,134.0,6.0,139.92,2025-05-17 10:30:30+00:00,0.04675,0.0235,0.07025,0.04675
Parfetts - Birmingham,134.0,6.0,139.92,2025-05-17 10:45:30+00:00,0.051,0.02725,0.0735,0.051
Parfetts - Birmingham,134.0,6.0,139.92,2025-05-17 11:00:30+00:00,0.053,0.03125,0.07525,0.053
Parfetts - Birmingham,134.0,6.0,139.92,2025-05-17 11:15:30+00:00,0.05525,0.03325,0.07625,0.05525
Parfetts - Birmingham,134.0,6.0,139.92,2025-05-17 11:30:30+00:00,0.05575,0.0335,0.07875,0.05575
Parfetts - Birmingham,134.0,6.0,139.92,2025-05-17 11:45:30+00:00,0.0575,0.03075,0.08525,0.0575
Parfetts - Birmingham,134.0,6.0,139.92,2025-05-17 12:00:30+00:00,0.06075,0.02825,0.09575,0.06075
Parfetts - Birmingham,134.0,6.0,139.92,2025-05-17 12:15:30+00:00,0.06725,0.0275,0.1105,0.0675
Parfetts - Birmingham,134.0,6.0,139.92,2025-05-17 12:30:30+00:00,0.07875,0.02775,0.1285,0.07875
Parfetts - Birmingham,134.0,6.0,139.92,2025-05-17 12:45:30+00:00,0.0875,0.02325,0.1535,0.08775
Parfetts - Birmingham,134.0,6.0,139.92,2025-05-17 13:00:30+00:00,0.09825,0.0195,0.18425,0.098
Parfetts - Birmingham,134.0,6.0,139.92,2025-05-17 13:15:30+00:00,0.1165,0.02675,0.218,0.11625
Parfetts - Birmingham,134.0,6.0,139.92,2025-05-17 13:30:30+00:00,0.15125,0.05175,0.226,0.1505
Parfetts - Birmingham,134.0,6.0,139.92,2025-05-17 13:45:30+00:00,0.1795,0.09025,0.21975,0.1795
Parfetts - Birmingham,134.0,6.0,139.92,2025-05-17 14:00:30+00:00,0.18725,0.126,0.21225,0.1885
Parfetts - Birmingham,134.0,6.0,139.92,2025-05-17 14:15:30+00:00,0.18425,0.152,0.204,0.18675
Parfetts - Birmingham,134.0,6.0,139.92,2025-05-17 14:30:30+00:00,0.1775,0.16225,0.1915,0.1815
Parfetts - Birmingham,134.0,6.0,139.92,2025-05-17 14:45:30+00:00,0.169,0.1605,0.17725,0.1745
Parfetts - Birmingham,134.0,6.0,139.92,2025-05-17 15:00:30+00:00,0.16025,0.1535,0.1665,0.16675
Parfetts - Birmingham,134.0,6.0,139.92,2025-05-17 15:15:30+00:00,0.15075,0.14475,0.15675,0.15875
Parfetts - Birmingham,134.0,6.0,139.92,2025-05-17 15:30:30+00:00,0.141,0.13525,0.14675,0.15
Parfetts - Birmingham,134.0,6.0,139.92,2025-05-17 15:45:30+00:00,0.13075,0.1255,0.13625,0.14075
Parfetts - Birmingham,134.0,6.0,139.92,2025-05-17 16:00:30+00:00,0.12075,0.11575,0.1255,0.13175
Parfetts - Birmingham,134.0,6.0,139.92,2025-05-17 16:15:30+00:00,0.11025,0.10575,0.11475,0.12225
Parfetts - Birmingham,134.0,6.0,139.92,2025-05-17 16:30:30+00:00,0.1,0.09575,0.104,0.1125
Parfetts - Birmingham,134.0,6.0,139.92,2025-05-17 16:45:30+00:00,0.08925,0.08525,0.09325,0.1025
Parfetts - Birmingham,134.0,6.0,139.92,2025-05-17 17:00:30+00:00,0.07875,0.0745,0.083,0.0925
Parfetts - Birmingham,134.0,6.0,139.92,2025-05-17 17:15:30+00:00,0.06825,0.0635,0.07325,0.0825
Parfetts - Birmingham,134.0,6.0,139.92,2025-05-17 17:30:30+00:00,0.05825,0.05275,0.06375,0.0725
Parfetts - Birmingham,134.0,6.0,139.92,2025-05-17 17:45:30+00:00,0.04825,0.04225,0.054,0.0625
Parfetts - Birmingham,134.0,6.0,139.92,2025-05-17 18:00:30+00:00,0.03875,0.03275,0.0435,0.05275
Parfetts - Birmingham,134.0,6.0,139.92,2025-05-17 18:15:30+00:00,0.02975,0.02425,0.03375,0.043
Parfetts - Birmingham,134.0,6.0,139.92,2025-05-17 18:30:30+00:00,0.0215,0.01675,0.02475,0.03375
Parfetts - Birmingham,134.0,6.0,139.92,2025-05-17 18:45:30+00:00,0.0145,0.0105,0.01675,0.02475
Parfetts - Birmingham,134.0,6.0,139.92,2025-05-17 19:00:30+00:00,0.00825,0.00575,0.01,0.0165
Parfetts - Birmingham,134.0,6.0,139.92,2025-05-17 19:15:30+00:00,0.005,0.0035,0.00625,0.00925
Parfetts - Birmingham,134.0,6.0,139.92,2025-05-17 19:30:30+00:00,0.00325,0.00275,0.004,0.00375
Parfetts - Birmingham,134.0,6.0,139.92,2025-05-17 19:45:30+00:00,0.00125,0.001,0.00175,0.0015
Parfetts - Birmingham,134.0,6.0,139.92,2025-05-17 20:00:30+00:00,0.0,0.0,0.0,0.0
Parfetts - Birmingham,134.0,6.0,139.92,2025-05-17 20:15:30+00:00,0.0,0.0,0.0,0.0
Parfetts - Birmingham,134.0,6.0,139.92,2025-05-17 20:30:30+00:00,0.0,0.0,0.0,0.0
Parfetts - Birmingham,134.0,6.0,139.92,2025-05-17 20:45:30+00:00,0.0,0.0,0.0,0.0
Parfetts - Birmingham,134.0,6.0,139.92,2025-05-17 21:00:30+00:00,0.0,0.0,0.0,0.0
Parfetts - Birmingham,134.0,6.0,139.92,2025-05-17 21:15:30+00:00,0.0,0.0,0.0,0.0
Parfetts - Birmingham,134.0,6.0,139.92,2025-05-17 21:30:30+00:00,0.0,0.0,0.0,0.0
Parfetts - Birmingham,134.0,6.0,139.92,2025-05-17 21:45:30+00:00,0.0,0.0,0.0,0.0
Parfetts - Birmingham,134.0,6.0,139.92,2025-05-17 22:00:30+00:00,0.0,0.0,0.0,0.0
Parfetts - Birmingham,134.0,6.0,139.92,2025-05-17 22:15:30+00:00,0.0,0.0,0.0,0.0
Parfetts - Birmingham,134.0,6.0,139.92,2025-05-17 22:30:30+00:00,0.0,0.0,0.0,0.0
Parfetts - Birmingham,134.0,6.0,139.92,2025-05-17 22:45:30+00:00,0.0,0.0,0.0,0.0
Parfetts - Birmingham,134.0,6.0,139.92,2025-05-17 23:00:30+00:00,0.0,0.0,0.0,0.0
Parfetts - Birmingham,134.0,6.0,139.92,2025-05-17 23:15:30+00:00,0.0,0.0,0.0,0.0
Parfetts - Birmingham,134.0,6.0,139.92,2025-05-17 23:30:30+00:00,0.0,0.0,0.0,0.0
Parfetts - Birmingham,134.0,6.0,139.92,2025-05-17 23:45:30+00:00,0.0,0.0,0.0,0.0
Parfetts - Birmingham,134.0,6.0,139.92,2025-05-18 00:00:30+00:00,0.0,0.0,0.0,0.0
Parfetts - Birmingham,134.0,6.0,139.92,2025-05-18 00:15:30+00:00,0.0,0.0,0.0,0.0
Parfetts - Birmingham,134.0,6.0,139.92,2025-05-18 00:30:30+00:00,0.0,0.0,0.0,0.0
Parfetts - Birmingham,134.0,6.0,139.92,2025-05-18 00:45:30+00:00,0.0,0.0,0.0,0.0
Parfetts - Birmingham,134.0,6.0,139.92,2025-05-18 01:00:30+00:00,0.0,0.0,0.0,0.0
Parfetts - Birmingham,134.0,6.0,139.92,2025-05-18 01:15:30+00:00,0.0,0.0,0.0,0.0
Parfetts - Birmingham,134.0,6.0,139.92,2025-05-18 01:30:30+00:00,0.0,0.0,0.0,0.0
Parfetts - Birmingham,134.0,6.0,139.92,2025-05-18 01:45:30+00:00,0.0,0.0,0.0,0.0
Parfetts - Birmingham,134.0,6.0,139.92,2025-05-18 02:00:30+00:00,0.0,0.0,0.0,0.0
Parfetts - Birmingham,134.0,6.0,139.92,2025-05-18 02:15:30+00:00,0.0,0.0,0.0,0.0
Parfetts - Birmingham,134.0,6.0,139.92,2025-05-18 02:30:30+00:00,0.0,0.0,0.0,0.0
Parfetts - Birmingham,134.0,6.0,139.92,2025-05-18 02:45:30+00:00,0.0,0.0,0.0,0.0
Parfetts - Birmingham,134.0,6.0,139.92,2025-05-18 03:00:30+00:00,0.0,0.0,0.0,0.0
Parfetts - Birmingham,134.0,6.0,139.92,2025-05-18 03:15:30+00:00,0.0,0.0,0.0,0.0
Parfetts - Birmingham,134.0,6.0,139.92,2025-05-18 03:30:30+00:00,0.0,0.0,0.0,0.0
Parfetts - Birmingham,134.0,6.0,139.92,2025-05-18 03:45:30+00:00,0.0,0.0,0.0,0.0
Parfetts - Birmingham,134.0,6.0,139.92,2025-05-18 04:00:30+00:00,0.00075,0.0005,0.001,0.00075
Parfetts - Birmingham,134.0,6.0,139.92,2025-05-18 04:15:30+00:00,0.00175,0.00125,0.00275,0.00175
Parfetts - Birmingham,134.0,6.0,139.92,2025-05-18 04:30:30+00:00,0.0055,0.00325,0.0085,0.00525
Parfetts - Birmingham,134.0,6.0,139.92,2025-05-18 04:45:30+00:00,0.01125,0.00575,0.01625,0.01025
Parfetts - Birmingham,134.0,6.0,139.92,2025-05-18 05:00:30+00:00,0.015,0.0075,0.022,0.014
Parfetts - Birmingham,134.0,6.0,139.92,2025-05-18 05:15:30+00:00,0.0175,0.00925,0.0275,0.01675
Parfetts - Birmingham,134.0,6.0,139.92,2025-05-18 05:30:30+00:00,0.02275,0.013,0.03525,0.022
Parfetts - Birmingham,134.0,6.0,139.92,2025-05-18 05:45:30+00:00,0.033,0.0205,0.047,0.03075
Parfetts - Birmingham,134.0,6.0,139.92,2025-05-18 06:00:30+00:00,0.046,0.03125,0.05825,0.042
Parfetts - Birmingham,134.0,6.0,139.92,2025-05-18 06:15:30+00:00,0.0535,0.0405,0.06525,0.04925
Parfetts - Birmingham,134.0,6.0,139.92,2025-05-18 06:30:30+00:00,0.0585,0.0485,0.0715,0.0545
Parfetts - Birmingham,134.0,6.0,139.92,2025-05-18 06:45:30+00:00,0.068,0.05675,0.08175,0.06325
Parfetts - Birmingham,134.0,6.0,139.92,2025-05-18 07:00:30+00:00,0.082,0.06625,0.09675,0.07525
Parfetts - Birmingham,134.0,6.0,139.92,2025-05-18 07:15:30+00:00,0.09325,0.07525,0.1105,0.0855
Parfetts - Birmingham,134.0,6.0,139.92,2025-05-18 07:30:30+00:00,0.103,0.085,0.12375,0.0945
Parfetts - Birmingham,134.0,6.0,139.92,2025-05-18 07:45:30+00:00,0.11725,0.0975,0.13775,0.10725
Parfetts - Birmingham,134.0,6.0,139.92,2025-05-18 08:00:30+00:00,0.13325,0.11325,0.15125,0.121
Parfetts - Birmingham,134.0,6.0,139.92,2025-05-18 08:15:30+00:00,0.14475,0.12875,0.1595,0.1315
Parfetts - Birmingham,134.0,6.0,139.92,2025-05-18 08:30:30+00:00,0.15375,0.14175,0.164,0.14025
Parfetts - Birmingham,134.0,6.0,139.92,2025-05-18 08:45:30+00:00,0.15975,0.1515,0.169,0.14625
Parfetts - Birmingham,134.0,6.0,139.92,2025-05-18 09:00:30+00:00,0.1675,0.1585,0.17525,0.154
Parfetts - Birmingham,134.0,6.0,139.92,2025-05-18 09:15:30+00:00,0.17325,0.1645,0.183,0.16
Parfetts - Birmingham,134.0,6.0,139.92,2025-05-18 09:30:30+00:00,0.18025,0.17,0.19025,0.16675
Parfetts - Birmingham,134.0,6.0,139.92,2025-05-18 09:45:30+00:00,0.18675,0.176,0.198,0.1735
Parfetts - Birmingham,134.0,6.0,139.92,2025-05-18 10:00:30+00:00,0.194,0.181,0.203,0.18075
Parfetts - Birmingham,134.0,6.0,139.92,2025-05-18 10:15:30+00:00,0.19475,0.18475,0.207,0.18225
Parfetts - Birmingham,134.0,6.0,139.92,2025-05-18 10:30:30+00:00,0.1985,0.185,0.2135,0.1865
Parfetts - Birmingham,134.0,6.0,139.92,2025-05-18 10:45:30+00:00,0.20425,0.1845,0.2225,0.1925
Parfetts - Birmingham,134.0,6.0,139.92,2025-05-18 11:00:30+00:00,0.20725,0.18725,0.23275,0.19625
Parfetts - Birmingham,134.0,6.0,139.92,2025-05-18 11:15:30+00:00,0.2185,0.1935,0.24025,0.207
Parfetts - Birmingham,134.0,6.0,139.92,2025-05-18 11:30:30+00:00,0.224,0.2025,0.24225,0.213
Parfetts - Birmingham,134.0,6.0,139.92,2025-05-18 11:45:30+00:00,0.22425,0.2085,0.2395,0.21425
Parfetts - Birmingham,134.0,6.0,139.92,2025-05-18 12:00:30+00:00,0.2235,0.21225,0.235,0.2145
Parfetts - Birmingham,134.0,6.0,139.92,2025-05-18 12:15:30+00:00,0.223,0.21225,0.23225,0.21525
Parfetts - Birmingham,134.0,6.0,139.92,2025-05-18 12:30:30+00:00,0.21975,0.21025,0.23025,0.21325
Parfetts - Birmingham,134.0,6.0,139.92,2025-05-18 12:45:30+00:00,0.21775,0.20725,0.2275,0.21225
Parfetts - Birmingham,134.0,6.0,139.92,2025-05-18 13:00:30+00:00,0.21425,0.20425,0.22375,0.21025
Parfetts - Birmingham,134.0,6.0,139.92,2025-05-18 13:15:30+00:00,0.21,0.19725,0.222,0.20725
Parfetts - Birmingham,134.0,6.0,139.92,2025-05-18 13:30:30+00:00,0.2045,0.1865,0.221,0.20325
Parfetts - Birmingham,134.0,6.0,139.92,2025-05-18 13:45:30+00:00,0.1965,0.1725,0.2165,0.1965
Parfetts - Birmingham,134.0,6.0,139.92,2025-05-18 14:00:30+00:00,0.182,0.15925,0.2055,0.183
Parfetts - Birmingham,134.0,6.0,139.92,2025-05-18 14:15:30+00:00,0.1685,0.15075,0.1905,0.1705
Parfetts - Birmingham,134.0,6.0,139.92,2025-05-18 14:30:30+00:00,0.161,0.14625,0.179,0.16425
Parfetts - Birmingham,134.0,6.0,139.92,2025-05-18 14:45:30+00:00,0.15775,0.1435,0.171,0.16225
Parfetts - Birmingham,134.0,6.0,139.92,2025-05-18 15:00:30+00:00,0.15275,0.1395,0.16275,0.1585
Parfetts - Birmingham,134.0,6.0,139.92,2025-05-18 15:15:30+00:00,0.14275,0.132,0.15325,0.1495
Parfetts - Birmingham,134.0,6.0,139.92,2025-05-18 15:30:30+00:00,0.1325,0.1225,0.14425,0.14025
Parfetts - Birmingham,134.0,6.0,139.92,2025-05-18 15:45:30+00:00,0.1245,0.1095,0.136,0.133
Parfetts - Birmingham,134.0,6.0,139.92,2025-05-18 16:00:30+00:00,0.1115,0.0965,0.1265,0.12025
Parfetts - Birmingham,134.0,6.0,139.92,2025-05-18 16:15:30+00:00,0.0985,0.0835,0.11475,0.107
Parfetts - Birmingham,134.0,6.0,139.92,2025-05-18 16:30:30+00:00,0.0875,0.0735,0.1025,0.096
Parfetts - Birmingham,134.0,6.0,139.92,2025-05-18 16:45:30+00:00,0.0775,0.064,0.08975,0.08575
Parfetts - Birmingham,134.0,6.0,139.92,2025-05-18 17:00:30+00:00,0.066,0.05575,0.078,0.07375
Parfetts - Birmingham,134.0,6.0,139.92,2025-05-18 17:15:30+00:00,0.05725,0.0495,0.07025,0.06475
Parfetts - Birmingham,134.0,6.0,139.92,2025-05-18 17:30:30+00:00,0.055,0.0425,0.06175,0.064
Parfetts - Birmingham,134.0,6.0,139.92,2025-05-18 17:45:30+00:00,0.04475,0.0355,0.054,0.05375
Parfetts - Birmingham,134.0,6.0,139.92,2025-05-18 18:00:30+00:00,0.0355,0.027,0.045,0.0435
Parfetts - Birmingham,134.0,6.0,139.92,2025-05-18 18:15:30+00:00,0.02775,0.01925,0.03575,0.035
Parfetts - Birmingham,134.0,6.0,139.92,2025-05-18 18:30:30+00:00,0.02025,0.0135,0.0275,0.026
Parfetts - Birmingham,134.0,6.0,139.92,2025-05-18 18:45:30+00:00,0.014,0.00925,0.02,0.01825
Parfetts - Birmingham,134.0,6.0,139.92,2025-05-18 19:00:30+00:00,0.00925,0.0055,0.013,0.01275
Parfetts - Birmingham,134.0,6.0,139.92,2025-05-18 19:15:30+00:00,0.00625,0.00375,0.009,0.00775
Parfetts - Birmingham,134.0,6.0,139.92,2025-05-18 19:30:30+00:00,0.003,0.00225,0.0045,0.00325
Parfetts - Birmingham,134.0,6.0,139.92,2025-05-18 19:45:30+00:00,0.00125,0.00075,0.00175,0.00125
Parfetts - Birmingham,134.0,6.0,139.92,2025-05-18 20:00:30+00:00,0.0,0.0,0.0,0.0
Parfetts - Birmingham,134.0,6.0,139.92,2025-05-18 20:15:30+00:00,0.0,0.0,0.0,0.0
Parfetts - Birmingham,134.0,6.0,139.92,2025-05-18 20:30:30+00:00,0.0,0.0,0.0,0.0
Parfetts - Birmingham,134.0,6.0,139.92,2025-05-18 20:45:30+00:00,0.0,0.0,0.0,0.0
Parfetts - Birmingham,134.0,6.0,139.92,2025-05-18 21:00:30+00:00,0.0,0.0,0.0,0.0
Parfetts - Birmingham,134.0,6.0,139.92,2025-05-18 21:15:30+00:00,0.0,0.0,0.0,0.0
Parfetts - Birmingham,134.0,6.0,139.92,2025-05-18 21:30:30+00:00,0.0,0.0,0.0,0.0
Parfetts - Birmingham,134.0,6.0,139.92,2025-05-18 21:45:30+00:00,0.0,0.0,0.0,0.0
Parfetts - Birmingham,134.0,6.0,139.92,2025-05-18 22:00:30+00:00,0.0,0.0,0.0,0.0
Parfetts - Birmingham,134.0,6.0,139.92,2025-05-18 22:15:30+00:00,0.0,0.0,0.0,0.0
Parfetts - Birmingham,134.0,6.0,139.92,2025-05-18 22:30:30+00:00,0.0,0.0,0.0,0.0
Parfetts - Birmingham,134.0,6.0,139.92,2025-05-18 22:45:30+00:00,0.0,0.0,0.0,0.0
Parfetts - Birmingham,134.0,6.0,139.92,2025-05-18 23:00:30+00:00,0.0,0.0,0.0,0.0
Parfetts - Birmingham,134.0,6.0,139.92,2025-05-18 23:15:30+00:00,0.0,0.0,0.0,0.0
Parfetts - Birmingham,134.0,6.0,139.92,2025-05-18 23:30:30+00:00,0.0,0.0,0.0,0.0
Parfetts - Birmingham,134.0,6.0,139.92,2025-05-18 23:45:30+00:00,0.0,0.0,0.0,0.0
Parfetts - Birmingham,134.0,6.0,139.92,2025-05-19 00:00:30+00:00,0.0,0.0,0.0,0.0
Parfetts - Birmingham,134.0,6.0,139.92,2025-05-19 00:15:30+00:00,0.0,0.0,0.0,0.0
Parfetts - Birmingham,134.0,6.0,139.92,2025-05-19 00:30:30+00:00,0.0,0.0,0.0,0.0
Parfetts - Birmingham,134.0,6.0,139.92,2025-05-19 00:45:30+00:00,0.0,0.0,0.0,0.0
Parfetts - Birmingham,134.0,6.0,139.92,2025-05-19 01:00:30+00:00,0.0,0.0,0.0,0.0
Parfetts - Birmingham,134.0,6.0,139.92,2025-05-19 01:15:30+00:00,0.0,0.0,0.0,0.0
Parfetts - Birmingham,134.0,6.0,139.92,2025-05-19 01:30:30+00:00,0.0,0.0,0.0,0.0
Parfetts - Birmingham,134.0,6.0,139.92,2025-05-19 01:45:30+00:00,0.0,0.0,0.0,0.0
Parfetts - Birmingham,134.0,6.0,139.92,2025-05-19 02:00:30+00:00,0.0,0.0,0.0,0.0
Parfetts - Birmingham,134.0,6.0,139.92,2025-05-19 02:15:30+00:00,0.0,0.0,0.0,0.0
Parfetts - Birmingham,134.0,6.0,139.92,2025-05-19 02:30:30+00:00,0.0,0.0,0.0,0.0
Parfetts - Birmingham,134.0,6.0,139.92,2025-05-19 02:45:30+00:00,0.0,0.0,0.0,0.0
Parfetts - Birmingham,134.0,6.0,139.92,2025-05-19 03:00:30+00:00,0.0,0.0,0.0,0.0
Parfetts - Birmingham,134.0,6.0,139.92,2025-05-19 03:15:30+00:00,0.0,0.0,0.0,0.0
Parfetts - Birmingham,134.0,6.0,139.92,2025-05-19 03:30:30+00:00,0.0,0.0,0.0,0.0
Parfetts - Birmingham,134.0,6.0,139.92,2025-05-19 03:45:30+00:00,0.0,0.0,0.0,0.0
Parfetts - Birmingham,134.0,6.0,139.92,2025-05-19 04:00:30+00:00,0.0005,0.00025,0.001,0.0005
Parfetts - Birmingham,134.0,6.0,139.92,2025-05-19 04:15:30+00:00,0.0015,0.001,0.0025,0.0015
Parfetts - Birmingham,134.0,6.0,139.92,2025-05-19 04:30:30+00:00,0.0045,0.00225,0.00725,0.0045
Parfetts - Birmingham,134.0,6.0,139.92,2025-05-19 04:45:30+00:00,0.009,0.0055,0.0145,0.00875
Parfetts - Birmingham,134.0,6.0,139.92,2025-05-19 05:00:30+00:00,0.0185,0.01075,0.02425,0.01675
Parfetts - Birmingham,134.0,6.0,139.92,2025-05-19 05:15:30+00:00,0.02625,0.0145,0.0335,0.024
Parfetts - Birmingham,134.0,6.0,139.92,2025-05-19 05:30:30+00:00,0.02875,0.016,0.0415,0.027
Parfetts - Birmingham,134.0,6.0,139.92,2025-05-19 05:45:30+00:00,0.03075,0.016,0.04625,0.02925
Parfetts - Birmingham,134.0,6.0,139.92,2025-05-19 06:00:30+00:00,0.0345,0.01725,0.05575,0.033
Parfetts - Birmingham,134.0,6.0,139.92,2025-05-19 06:15:30+00:00,0.04525,0.02425,0.07325,0.043
Parfetts - Birmingham,134.0,6.0,139.92,2025-05-19 06:30:30+00:00,0.06825,0.0375,0.0875,0.0625
Parfetts - Birmingham,134.0,6.0,139.92,2025-05-19 06:45:30+00:00,0.087,0.05875,0.10025,0.07875
Parfetts - Birmingham,134.0,6.0,139.92,2025-05-19 07:00:30+00:00,0.1,0.08125,0.11275,0.09
Parfetts - Birmingham,134.0,6.0,139.92,2025-05-19 07:15:30+00:00,0.111,0.10075,0.121,0.09975
Parfetts - Birmingham,134.0,6.0,139.92,2025-05-19 07:30:30+00:00,0.1215,0.1125,0.13,0.10975
Parfetts - Birmingham,134.0,6.0,139.92,2025-05-19 07:45:30+00:00,0.131,0.11825,0.1425,0.1185
Parfetts - Birmingham,134.0,6.0,139.92,2025-05-19 08:00:30+00:00,0.13825,0.117,0.15625,0.12575
Parfetts - Birmingham,134.0,6.0,139.92,2025-05-19 08:15:30+00:00,0.1405,0.114,0.1665,0.1285
Parfetts - Birmingham,134.0,6.0,139.92,2025-05-19 08:30:30+00:00,0.1425,0.1095,0.171,0.132
Parfetts - Birmingham,134.0,6.0,139.92,2025-05-19 08:45:30+00:00,0.13775,0.10925,0.169,0.1285
Parfetts - Birmingham,134.0,6.0,139.92,2025-05-19 09:00:30+00:00,0.13625,0.11275,0.16275,0.1285
Parfetts - Birmingham,134.0,6.0,139.92,2025-05-19 09:15:30+00:00,0.1415,0.11925,0.169,0.133
Parfetts - Birmingham,134.0,6.0,139.92,2025-05-19 09:30:30+00:00,0.15325,0.12775,0.18,0.14425
Parfetts - Birmingham,134.0,6.0,139.92,2025-05-19 09:45:30+00:00,0.16675,0.1395,0.19475,0.15675
Parfetts - Birmingham,134.0,6.0,139.92,2025-05-19 10:00:30+00:00,0.18175,0.1485,0.207,0.17
Parfetts - Birmingham,134.0,6.0,139.92,2025-05-19 10:15:30+00:00,0.18325,0.149,0.21025,0.172
Parfetts - Birmingham,134.0,6.0,139.92,2025-05-19 10:30:30+00:00,0.172,0.1295,0.21625,0.16325
Parfetts - Birmingham,134.0,6.0,139.92,2025-05-19 10:45:30+00:00,0.1635,0.1095,0.2265,0.156
Parfetts - Birmingham,134.0,6.0,139.92,2025-05-19 11:00:30+00:00,0.16775,0.0845,0.22675,0.1605
Parfetts - Birmingham,134.0,6.0,139.92,2025-05-19 11:15:30+00:00,0.133,0.0585,0.2115,0.12925
Parfetts - Birmingham,134.0,6.0,139.92,2025-05-19 11:30:30+00:00,0.10375,0.03625,0.1895,0.10225
Parfetts - Birmingham,134.0,6.0,139.92,2025-05-19 11:45:30+00:00,0.1025,0.04775,0.20775,0.10125
Parfetts - Birmingham,134.0,6.0,139.92,2025-05-19 12:00:30+00:00,0.17925,0.06375,0.22675,0.17375
Parfetts - Birmingham,134.0,6.0,139.92,2025-05-19 12:15:30+00:00,0.14925,0.07275,0.227,0.14625
Parfetts - Birmingham,134.0,6.0,139.92,2025-05-19 12:30:30+00:00,0.121,0.06175,0.191,0.11975
Parfetts - Birmingham,134.0,6.0,139.92,2025-05-19 12:45:30+00:00,0.10925,0.06925,0.15925,0.1085
Parfetts - Birmingham,134.0,6.0,139.92,2025-05-19 13:00:30+00:00,0.11225,0.077,0.14075,0.11175
Parfetts - Birmingham,134.0,6.0,139.92,2025-05-19 13:15:30+00:00,0.1045,0.07775,0.1425,0.10425
Parfetts - Birmingham,134.0,6.0,139.92,2025-05-19 13:30:30+00:00,0.1135,0.06225,0.14275,0.1135
Parfetts - Birmingham,134.0,6.0,139.92,2025-05-19 13:45:30+00:00,0.08875,0.0465,0.13575,0.08925
Parfetts - Birmingham,134.0,6.0,139.92,2025-05-19 14:00:30+00:00,0.0705,0.043,0.127,0.07125
Parfetts - Birmingham,134.0,6.0,139.92,2025-05-19 14:15:30+00:00,0.09525,0.0395,0.1185,0.09625
Parfetts - Birmingham,134.0,6.0,139.92,2025-05-19 14:30:30+00:00,0.071,0.0375,0.113,0.07175
Parfetts - Birmingham,134.0,6.0,139.92,2025-05-19 14:45:30+00:00,0.059,0.016,0.11425,0.0595
Parfetts - Birmingham,134.0,6.0,139.92,2025-05-19 15:00:30+00:00,0.06475,0.013,0.128,0.06575
Parfetts - Birmingham,134.0,6.0,139.92,2025-05-19 15:15:30+00:00,0.08125,0.02025,0.15025,0.083
Parfetts - Birmingham,134.0,6.0,139.92,2025-05-19 15:30:30+00:00,0.1075,0.04175,0.14925,0.112
Parfetts - Birmingham,134.0,6.0,139.92,2025-05-19 15:45:30+00:00,0.098,0.064,0.13475,0.1025
Parfetts - Birmingham,134.0,6.0,139.92,2025-05-19 16:00:30+00:00,0.09175,0.07225,0.11425,0.09675
Parfetts - Birmingham,134.0,6.0,139.92,2025-05-19 16:15:30+00:00,0.08975,0.0725,0.10025,0.09575
Parfetts - Birmingham,134.0,6.0,139.92,2025-05-19 16:30:30+00:00,0.07825,0.066,0.0965,0.084
Parfetts - Birmingham,134.0,6.0,139.92,2025-05-19 16:45:30+00:00,0.0745,0.059,0.0905,0.08175
Parfetts - Birmingham,134.0,6.0,139.92,2025-05-19 17:00:30+00:00,0.07125,0.05675,0.0825,0.08
Parfetts - Birmingham,134.0,6.0,139.92,2025-05-19 17:15:30+00:00,0.06325,0.04625,0.07475,0.07225
Parfetts - Birmingham,134.0,6.0,139.92,2025-05-19 17:30:30+00:00,0.055,0.033,0.06475,0.06375
Parfetts - Birmingham,134.0,6.0,139.92,2025-05-19 17:45:30+00:00,0.043,0.01575,0.05625,0.0495
Parfetts - Birmingham,134.0,6.0,139.92,2025-05-19 18:00:30+00:00,0.02375,0.00475,0.04975,0.02575
Parfetts - Birmingham,134.0,6.0,139.92,2025-05-19 18:15:30+00:00,0.01,0.00325,0.03725,0.01025
Parfetts - Birmingham,134.0,6.0,139.92,2025-05-19 18:30:30+00:00,0.014,0.00275,0.02825,0.01525
Parfetts - Birmingham,134.0,6.0,139.92,2025-05-19 18:45:30+00:00,0.01375,0.00275,0.0225,0.016
Parfetts - Birmingham,134.0,6.0,139.92,2025-05-19 19:00:30+00:00,0.01025,0.0035,0.0155,0.012
Parfetts - Birmingham,134.0,6.0,139.92,2025-05-19 19:15:30+00:00,0.00675,0.0035,0.01,0.00725
Parfetts - Birmingham,134.0,6.0,139.92,2025-05-19 19:30:30+00:00,0.003,0.002,0.0045,0.003
Parfetts - Birmingham,134.0,6.0,139.92,2025-05-19 19:45:30+00:00,0.00125,0.00075,0.00175,0.00125
Parfetts - Birmingham,134.0,6.0,139.92,2025-05-19 20:00:30+00:00,0.0,0.0,0.0,0.0
Parfetts - Birmingham,134.0,6.0,139.92,2025-05-19 20:15:30+00:00,0.0,0.0,0.0,0.0
Parfetts - Birmingham,134.0,6.0,139.92,2025-05-19 20:30:30+00:00,0.0,0.0,0.0,0.0
Parfetts - Birmingham,134.0,6.0,139.92,2025-05-19 20:45:30+00:00,0.0,0.0,0.0,0.0
Parfetts - Birmingham,134.0,6.0,139.92,2025-05-19 21:00:30+00:00,0.0,0.0,0.0,0.0
Parfetts - Birmingham,134.0,6.0,139.92,2025-05-19 21:15:30+00:00,0.0,0.0,0.0,0.0
Parfetts - Birmingham,134.0,6.0,139.92,2025-05-19 21:30:30+00:00,0.0,0.0,0.0,0.0
Parfetts - Birmingham,134.0,6.0,139.92,2025-05-19 21:45:30+00:00,0.0,0.0,0.0,0.0
Parfetts - Birmingham,134.0,6.0,139.92,2025-05-19 22:00:30+00:00,0.0,0.0,0.0,0.0
Parfetts - Birmingham,134.0,6.0,139.92,2025-05-19 22:15:30+00:00,0.0,0.0,0.0,0.0
Parfetts - Birmingham,134.0,6.0,139.92,2025-05-19 22:30:30+00:00,0.0,0.0,0.0,0.0
Parfetts - Birmingham,134.0,6.0,139.92,2025-05-19 22:45:30+00:00,0.0,0.0,0.0,0.0
Parfetts - Birmingham,134.0,6.0,139.92,2025-05-19 23:00:30+00:00,0.0,0.0,0.0,0.0
Parfetts - Birmingham,134.0,6.0,139.92,2025-05-19 23:15:30+00:00,0.0,0.0,0.0,0.0
Parfetts - Birmingham,134.0,6.0,139.92,2025-05-19 23:30:30+00:00,0.0,0.0,0.0,0.0
Parfetts - Birmingham,134.0,6.0,139.92,2025-05-19 23:45:30+00:00,0.0,0.0,0.0,0.0
Parfetts - Birmingham,134.0,6.0,139.92,2025-05-20 00:00:30+00:00,0.0,0.0,0.0,0.0
Parfetts - Birmingham,134.0,6.0,139.92,2025-05-20 00:15:30+00:00,0.0,0.0,0.0,0.0
Parfetts - Birmingham,134.0,6.0,139.92,2025-05-20 00:30:30+00:00,0.0,0.0,0.0,0.0
Parfetts - Birmingham,134.0,6.0,139.92,2025-05-20 00:45:30+00:00,0.0,0.0,0.0,0.0
Parfetts - Birmingham,134.0,6.0,139.92,2025-05-20 01:00:30+00:00,0.0,0.0,0.0,0.0
Parfetts - Birmingham,134.0,6.0,139.92,2025-05-20 01:15:30+00:00,0.0,0.0,0.0,0.0
Parfetts - Birmingham,134.0,6.0,139.92,2025-05-20 01:30:30+00:00,0.0,0.0,0.0,0.0
Parfetts - Birmingham,134.0,6.0,139.92,2025-05-20 01:45:30+00:00,0.0,0.0,0.0,0.0
Parfetts - Birmingham,134.0,6.0,139.92,2025-05-20 02:00:30+00:00,0.0,0.0,0.0,0.0
Parfetts - Birmingham,134.0,6.0,139.92,2025-05-20 02:15:30+00:00,0.0,0.0,0.0,0.0
Parfetts - Birmingham,134.0,6.0,139.92,2025-05-20 02:30:30+00:00,0.0,0.0,0.0,0.0
Parfetts - Birmingham,134.0,6.0,139.92,2025-05-20 02:45:30+00:00,0.0,0.0,0.0,0.0
Parfetts - Birmingham,134.0,6.0,139.92,2025-05-20 03:00:30+00:00,0.0,0.0,0.0,0.0
Parfetts - Birmingham,134.0,6.0,139.92,2025-05-20 03:15:30+00:00,0.0,0.0,0.0,0.0
Parfetts - Birmingham,134.0,6.0,139.92,2025-05-20 03:30:30+00:00,0.0,0.0,0.0,0.0
Parfetts - Birmingham,134.0,6.0,139.92,2025-05-20 03:45:30+00:00,0.0,0.0,0.0,0.0
Parfetts - Birmingham,134.0,6.0,139.92,2025-05-20 04:00:30+00:00,0.0,0.0,0.0,0.0
Parfetts - Birmingham,134.0,6.0,139.92,2025-05-20 04:15:30+00:00,0.00025,0.00025,0.00125,0.00025
Parfetts - Birmingham,134.0,6.0,139.92,2025-05-20 04:30:30+00:00,0.001,0.0005,0.004,0.001
Parfetts - Birmingham,134.0,6.0,139.92,2025-05-20 04:45:30+00:00,0.00275,0.001,0.0105,0.00275
Parfetts - Birmingham,134.0,6.0,139.92,2025-05-20 05:00:30+00:00,0.00675,0.00175,0.019,0.00675
Parfetts - Birmingham,134.0,6.0,139.92,2025-05-20 05:15:30+00:00,0.015,0.003,0.03175,0.01475
Parfetts - Birmingham,134.0,6.0,139.92,2025-05-20 05:30:30+00:00,0.0275,0.00875,0.0435,0.02575
Parfetts - Birmingham,134.0,6.0,139.92,2025-05-20 05:45:30+00:00,0.044,0.0215,0.056,0.03975
Parfetts - Birmingham,134.0,6.0,139.92,2025-05-20 06:00:30+00:00,0.05575,0.037,0.06725,0.05025
Parfetts - Birmingham,134.0,6.0,139.92,2025-05-20 06:15:30+00:00,0.06575,0.05275,0.0785,0.0595
Parfetts - Birmingham,134.0,6.0,139.92,2025-05-20 06:30:30+00:00,0.0785,0.068,0.08925,0.07025
Parfetts - Birmingham,134.0,6.0,139.92,2025-05-20 06:45:30+00:00,0.09075,0.0815,0.0995,0.08125
Parfetts - Birmingham,134.0,6.0,139.92,2025-05-20 07:00:30+00:00,0.10175,0.094,0.1095,0.09125
Parfetts - Birmingham,134.0,6.0,139.92,2025-05-20 07:15:30+00:00,0.1125,0.106,0.11925,0.10125
Parfetts - Birmingham,134.0,6.0,139.92,2025-05-20 07:30:30+00:00,0.12325,0.117,0.12925,0.111
Parfetts - Birmingham,134.0,6.0,139.92,2025-05-20 07:45:30+00:00,0.133,0.12675,0.13925,0.12025
Parfetts - Birmingham,134.0,6.0,139.92,2025-05-20 08:00:30+00:00,0.14275,0.13625,0.1495,0.1295
Parfetts - Birmingham,134.0,6.0,139.92,2025-05-20 08:15:30+00:00,0.1525,0.14525,0.1595,0.1385
Parfetts - Birmingham,134.0,6.0,139.92,2025-05-20 08:30:30+00:00,0.16175,0.15425,0.169,0.1475
Parfetts - Birmingham,134.0,6.0,139.92,2025-05-20 08:45:30+00:00,0.17125,0.1635,0.1785,0.156
Parfetts - Birmingham,134.0,6.0,139.92,2025-05-20 09:00:30+00:00,0.179,0.1715,0.1865,0.16375
Parfetts - Birmingham,134.0,6.0,139.92,2025-05-20 09:15:30+00:00,0.1865,0.17875,0.194,0.171
Parfetts - Birmingham,134.0,6.0,139.92,2025-05-20 09:30:30+00:00,0.1935,0.1855,0.201,0.17825
Parfetts - Birmingham,134.0,6.0,139.92,2025-05-20 09:45:30+00:00,0.19975,0.1915,0.2075,0.1845
Parfetts - Birmingham,134.0,6.0,139.92,2025-05-20 10:00:30+00:00,0.205,0.19675,0.21325,0.19025
Parfetts - Birmingham,134.0,6.0,139.92,2025-05-20 10:15:30+00:00,0.21,0.20125,0.21825,0.1955
Parfetts - Birmingham,134.0,6.0,139.92,2025-05-20 10:30:30+00:00,0.214,0.20525,0.2225,0.20025
Parfetts - Birmingham,134.0,6.0,139.92,2025-05-20 10:45:30+00:00,0.21725,0.2085,0.22575,0.204
Parfetts - Birmingham,134.0,6.0,139.92,2025-05-20 11:00:30+00:00,0.22,0.211,0.22825,0.2075
Parfetts - Birmingham,134.0,6.0,139.92,2025-05-20 11:15:30+00:00,0.2215,0.21275,0.23,0.21
Parfetts - Birmingham,134.0,6.0,139.92,2025-05-20 11:30:30+00:00,0.22225,0.21275,0.23125,0.2115
Parfetts - Birmingham,134.0,6.0,139.92,2025-05-20 11:45:30+00:00,0.222,0.21075,0.233,0.21225
Parfetts - Birmingham,134.0,6.0,139.92,2025-05-20 12:00:30+00:00,0.221,0.20675,0.2335,0.21225
Parfetts - Birmingham,134.0,6.0,139.92,2025-05-20 12:15:30+00:00,0.217,0.2,0.23275,0.20975
Parfetts - Birmingham,134.0,6.0,139.92,2025-05-20 12:30:30+00:00,0.211,0.19225,0.231,0.205
Parfetts - Birmingham,134.0,6.0,139.92,2025-05-20 12:45:30+00:00,0.2065,0.18175,0.22875,0.2015
Parfetts - Birmingham,134.0,6.0,139.92,2025-05-20 13:00:30+00:00,0.19775,0.169,0.226,0.19425
Parfetts - Birmingham,134.0,6.0,139.92,2025-05-20 13:15:30+00:00,0.18775,0.15475,0.219,0.18575
Parfetts - Birmingham,134.0,6.0,139.92,2025-05-20 13:30:30+00:00,0.17475,0.13825,0.21125,0.1735
Parfetts - Birmingham,134.0,6.0,139.92,2025-05-20 13:45:30+00:00,0.161,0.12225,0.2025,0.161
Parfetts - Birmingham,134.0,6.0,139.92,2025-05-20 14:00:30+00:00,0.15125,0.1065,0.19075,0.15225
Parfetts - Birmingham,134.0,6.0,139.92,2025-05-20 14:15:30+00:00,0.133,0.09225,0.17425,0.1345
Parfetts - Birmingham,134.0,6.0,139.92,2025-05-20 14:30:30+00:00,0.115,0.078,0.15875,0.11675
Parfetts - Birmingham,134.0,6.0,139.92,2025-05-20 14:45:30+00:00,0.10675,0.062,0.152,0.1085
Parfetts - Birmingham,134.0,6.0,139.92,2025-05-20 15:00:30+00:00,0.09875,0.0425,0.1455,0.101
Parfetts - Birmingham,134.0,6.0,139.92,2025-05-20 15:15:30+00:00,0.076,0.021,0.1295,0.07775
Parfetts - Birmingham,134.0,6.0,139.92,2025-05-20 15:30:30+00:00,0.0505,0.0115,0.1035,0.05125
Parfetts - Birmingham,134.0,6.0,139.92,2025-05-20 15:45:30+00:00,0.03975,0.011,0.07775,0.04025
Parfetts - Birmingham,134.0,6.0,139.92,2025-05-20 16:00:30+00:00,0.042,0.01775,0.06,0.04275
Parfetts - Birmingham,134.0,6.0,139.92,2025-05-20 16:15:30+00:00,0.0345,0.02175,0.051,0.035
Parfetts - Birmingham,134.0,6.0,139.92,2025-05-20 16:30:30+00:00,0.03225,0.02,0.04925,0.03275
Parfetts - Birmingham,134.0,6.0,139.92,2025-05-20 16:45:30+00:00,0.0365,0.01875,0.04675,0.03725
Parfetts - Birmingham,134.0,6.0,139.92,2025-05-20 17:00:30+00:00,0.0295,0.01525,0.0435,0.03025
Parfetts - Birmingham,134.0,6.0,139.92,2025-05-20 17:15:30+00:00,0.02175,0.0095,0.03725,0.02225
Parfetts - Birmingham,134.0,6.0,139.92,2025-05-20 17:30:30+00:00,0.01825,0.00725,0.035,0.0185
Parfetts - Birmingham,134.0,6.0,139.92,2025-05-20 17:45:30+00:00,0.023,0.00725,0.0335,0.02375
Parfetts - Birmingham,134.0,6.0,139.92,2025-05-20 18:00:30+00:00,0.01975,0.005,0.02975,0.02025
Parfetts - Birmingham,134.0,6.0,139.92,2025-05-20 18:15:30+00:00,0.0095,0.00325,0.026,0.0095
Parfetts - Birmingham,134.0,6.0,139.92,2025-05-20 18:30:30+00:00,0.01175,0.0025,0.02,0.012
Parfetts - Birmingham,134.0,6.0,139.92,2025-05-20 18:45:30+00:00,0.00725,0.002,0.01625,0.00725
Parfetts - Birmingham,134.0,6.0,139.92,2025-05-20 19:00:30+00:00,0.002,0.0015,0.008,0.002
Parfetts - Birmingham,134.0,6.0,139.92,2025-05-20 19:15:30+00:00,0.002,0.00075,0.00575,0.002
Parfetts - Birmingham,134.0,6.0,139.92,2025-05-20 19:30:30+00:00,0.001,0.0005,0.003,0.001
Parfetts - Birmingham,134.0,6.0,139.92,2025-05-20 19:45:30+00:00,0.00025,0.0,0.00075,0.00025
Parfetts - Birmingham,134.0,6.0,139.92,2025-05-20 20:00:30+00:00,0.0,0.0,0.0,0.0
Parfetts - Birmingham,134.0,6.0,139.92,2025-05-20 20:15:30+00:00,0.0,0.0,0.0,0.0
Parfetts - Birmingham,134.0,6.0,139.92,2025-05-20 20:30:30+00:00,0.0,0.0,0.0,0.0
Parfetts - Birmingham,134.0,6.0,139.92,2025-05-20 20:45:30+00:00,0.0,0.0,0.0,0.0
Parfetts - Birmingham,134.0,6.0,139.92,2025-05-20 21:00:30+00:00,0.0,0.0,0.0,0.0
Parfetts - Birmingham,134.0,6.0,139.92,2025-05-20 21:15:30+00:00,0.0,0.0,0.0,0.0
Parfetts - Birmingham,134.0,6.0,139.92,2025-05-20 21:30:30+00:00,0.0,0.0,0.0,0.0
Parfetts - Birmingham,134.0,6.0,139.92,2025-05-20 21:45:30+00:00,0.0,0.0,0.0,0.0
Parfetts - Birmingham,134.0,6.0,139.92,2025-05-20 22:00:30+00:00,0.0,0.0,0.0,0.0
Parfetts - Birmingham,134.0,6.0,139.92,2025-05-20 22:15:30+00:00,0.0,0.0,0.0,0.0
Parfetts - Birmingham,134.0,6.0,139.92,2025-05-20 22:30:30+00:00,0.0,0.0,0.0,0.0
Parfetts - Birmingham,134.0,6.0,139.92,2025-05-20 22:45:30+00:00,0.0,0.0,0.0,0.0
Parfetts - Birmingham,134.0,6.0,139.92,2025-05-20 23:00:30+00:00,0.0,0.0,0.0,0.0
Parfetts - Birmingham,134.0,6.0,139.92,2025-05-20 23:15:30+00:00,0.0,0.0,0.0,0.0
Parfetts - Birmingham,134.0,6.0,139.92,2025-05-20 23:30:30+00:00,0.0,0.0,0.0,0.0
Parfetts - Birmingham,134.0,6.0,139.92,2025-05-20 23:45:30+00:00,0.0,0.0,0.0,0.0
Parfetts - Birmingham,134.0,6.0,139.92,2025-05-21 00:00:30+00:00,0.0,0.0,0.0,0.0
Parfetts - Birmingham,134.0,6.0,139.92,2025-05-21 00:15:30+00:00,0.0,0.0,0.0,0.0
Parfetts - Birmingham,134.0,6.0,139.92,2025-05-21 00:30:30+00:00,0.0,0.0,0.0,0.0
Parfetts - Birmingham,134.0,6.0,139.92,2025-05-21 00:45:30+00:00,0.0,0.0,0.0,0.0
Parfetts - Birmingham,134.0,6.0,139.92,2025-05-21 01:00:30+00:00,0.0,0.0,0.0,0.0
Parfetts - Birmingham,134.0,6.0,139.92,2025-05-21 01:15:30+00:00,0.0,0.0,0.0,0.0
Parfetts - Birmingham,134.0,6.0,139.92,2025-05-21 01:30:30+00:00,0.0,0.0,0.0,0.0
Parfetts - Birmingham,134.0,6.0,139.92,2025-05-21 01:45:30+00:00,0.0,0.0,0.0,0.0
Parfetts - Birmingham,134.0,6.0,139.92,2025-05-21 02:00:30+00:00,0.0,0.0,0.0,0.0
Parfetts - Birmingham,134.0,6.0,139.92,2025-05-21 02:15:30+00:00,0.0,0.0,0.0,0.0
Parfetts - Birmingham,134.0,6.0,139.92,2025-05-21 02:30:30+00:00,0.0,0.0,0.0,0.0
Parfetts - Birmingham,134.0,6.0,139.92,2025-05-21 02:45:30+00:00,0.0,0.0,0.0,0.0
Parfetts - Birmingham,134.0,6.0,139.92,2025-05-21 03:00:30+00:00,0.0,0.0,0.0,0.0
Parfetts - Birmingham,134.0,6.0,139.92,2025-05-21 03:15:30+00:00,0.0,0.0,0.0,0.0
Parfetts - Birmingham,134.0,6.0,139.92,2025-05-21 03:30:30+00:00,0.0,0.0,0.0,0.0
Parfetts - Birmingham,134.0,6.0,139.92,2025-05-21 03:45:30+00:00,0.0,0.0,0.0,0.0
Parfetts - Birmingham,134.0,6.0,139.92,2025-05-21 04:00:30+00:00,0.0,0.0,0.0,0.0
Parfetts - Birmingham,134.0,6.0,139.92,2025-05-21 04:15:30+00:00,0.00075,0.00025,0.0025,0.00075
Parfetts - Birmingham,134.0,6.0,139.92,2025-05-21 04:30:30+00:00,0.0025,0.0005,0.00475,0.0025
Parfetts - Birmingham,134.0,6.0,139.92,2025-05-21 04:45:30+00:00,0.0015,0.001,0.00625,0.0015
Parfetts - Birmingham,134.0,6.0,139.92,2025-05-21 05:00:30+00:00,0.00225,0.00175,0.0095,0.0025
Parfetts - Birmingham,134.0,6.0,139.92,2025-05-21 05:15:30+00:00,0.00575,0.00225,0.016,0.006
Parfetts - Birmingham,134.0,6.0,139.92,2025-05-21 05:30:30+00:00,0.01075,0.003,0.02125,0.011
Parfetts - Birmingham,134.0,6.0,139.92,2025-05-21 05:45:30+00:00,0.01525,0.0045,0.025,0.01525
Parfetts - Birmingham,134.0,6.0,139.92,2025-05-21 06:00:30+00:00,0.018,0.0085,0.02725,0.018
Parfetts - Birmingham,134.0,6.0,139.92,2025-05-21 06:15:30+00:00,0.02025,0.01125,0.02875,0.0205
Parfetts - Birmingham,134.0,6.0,139.92,2025-05-21 06:30:30+00:00,0.02175,0.01375,0.0315,0.02175
Parfetts - Birmingham,134.0,6.0,139.92,2025-05-21 06:45:30+00:00,0.0255,0.01575,0.03375,0.02575
Parfetts - Birmingham,134.0,6.0,139.92,2025-05-21 07:00:30+00:00,0.02675,0.0155,0.03825,0.02675
Parfetts - Birmingham,134.0,6.0,139.92,2025-05-21 07:15:30+00:00,0.02825,0.0135,0.0465,0.02825
Parfetts - Birmingham,134.0,6.0,139.92,2025-05-21 07:30:30+00:00,0.03475,0.0135,0.05925,0.03475
Parfetts - Birmingham,134.0,6.0,139.92,2025-05-21 07:45:30+00:00,0.046,0.01825,0.0755,0.04575
Parfetts - Birmingham,134.0,6.0,139.92,2025-05-21 08:00:30+00:00,0.0595,0.02575,0.0895,0.059
Parfetts - Birmingham,134.0,6.0,139.92,2025-05-21 08:15:30+00:00,0.0665,0.03,0.10675,0.06575
Parfetts - Birmingham,134.0,6.0,139.92,2025-05-21 08:30:30+00:00,0.0795,0.027,0.13375,0.07725
Parfetts - Birmingham,134.0,6.0,139.92,2025-05-21 08:45:30+00:00,0.09375,0.03225,0.1675,0.09075
Parfetts - Birmingham,134.0,6.0,139.92,2025-05-21 09:00:30+00:00,0.12725,0.05425,0.1905,0.12075
Parfetts - Birmingham,134.0,6.0,139.92,2025-05-21 09:15:30+00:00,0.1685,0.094,0.202,0.1575
Parfetts - Birmingham,134.0,6.0,139.92,2025-05-21 09:30:30+00:00,0.18,0.1295,0.211,0.1675
Parfetts - Birmingham,134.0,6.0,139.92,2025-05-21 09:45:30+00:00,0.17825,0.1385,0.2165,0.1665
Parfetts - Birmingham,134.0,6.0,139.92,2025-05-21 10:00:30+00:00,0.1725,0.13425,0.22175,0.1625
Parfetts - Birmingham,134.0,6.0,139.92,2025-05-21 10:15:30+00:00,0.18675,0.10975,0.22725,0.1765
Parfetts - Birmingham,134.0,6.0,139.92,2025-05-21 10:30:30+00:00,0.1525,0.08725,0.227,0.1465
Parfetts - Birmingham,134.0,6.0,139.92,2025-05-21 10:45:30+00:00,0.133,0.0745,0.199,0.1285
Parfetts - Birmingham,134.0,6.0,139.92,2025-05-21 11:00:30+00:00,0.12325,0.0795,0.1745,0.1205
Parfetts - Birmingham,134.0,6.0,139.92,2025-05-21 11:15:30+00:00,0.12525,0.084,0.174,0.1225
Parfetts - Birmingham,134.0,6.0,139.92,2025-05-21 11:30:30+00:00,0.139,0.071,0.2055,0.13525
Parfetts - Birmingham,134.0,6.0,139.92,2025-05-21 11:45:30+00:00,0.1485,0.0335,0.2185,0.14475
Parfetts - Birmingham,134.0,6.0,139.92,2025-05-21 12:00:30+00:00,0.08775,0.0175,0.19775,0.08675
Parfetts - Birmingham,134.0,6.0,139.92,2025-05-21 12:15:30+00:00,0.045,0.017,0.147,0.045
Parfetts - Birmingham,134.0,6.0,139.92,2025-05-21 12:30:30+00:00,0.02325,0.01675,0.093,0.02325
Parfetts - Birmingham,134.0,6.0,139.92,2025-05-21 12:45:30+00:00,0.0155,0.01,0.06225,0.01575
Parfetts - Birmingham,134.0,6.0,139.92,2025-05-21 13:00:30+00:00,0.01775,0.0165,0.056,0.018
Parfetts - Birmingham,134.0,6.0,139.92,2025-05-21 13:15:30+00:00,0.02375,0.01625,0.0575,0.024
Parfetts - Birmingham,134.0,6.0,139.92,2025-05-21 13:30:30+00:00,0.032,0.01575,0.0655,0.03225
Parfetts - Birmingham,134.0,6.0,139.92,2025-05-21 13:45:30+00:00,0.026,0.0155,0.08475,0.02625
Parfetts - Birmingham,134.0,6.0,139.92,2025-05-21 14:00:30+00:00,0.02625,0.015,0.1055,0.0265
Parfetts - Birmingham,134.0,6.0,139.92,2025-05-21 14:15:30+00:00,0.062,0.0145,0.16125,0.06275
Parfetts - Birmingham,134.0,6.0,139.92,2025-05-21 14:30:30+00:00,0.13,0.028,0.1895,0.13225
Parfetts - Birmingham,134.0,6.0,139.92,2025-05-21 14:45:30+00:00,0.1415,0.074,0.18075,0.145
Parfetts - Birmingham,134.0,6.0,139.92,2025-05-21 15:00:30+00:00,0.14275,0.0955,0.171,0.1475
Parfetts - Birmingham,134.0,6.0,139.92,2025-05-21 15:15:30+00:00,0.133,0.10475,0.15325,0.13825
Parfetts - Birmingham,134.0,6.0,139.92,2025-05-21 15:30:30+00:00,0.1115,0.09925,0.13875,0.11625
Parfetts - Birmingham,134.0,6.0,139.92,2025-05-21 15:45:30+00:00,0.11125,0.0915,0.12575,0.1175
Parfetts - Birmingham,134.0,6.0,139.92,2025-05-21 16:00:30+00:00,0.10325,0.091,0.116,0.11
Parfetts - Birmingham,134.0,6.0,139.92,2025-05-21 16:15:30+00:00,0.09575,0.086,0.1055,0.10275
Parfetts - Birmingham,134.0,6.0,139.92,2025-05-21 16:30:30+00:00,0.088,0.0795,0.09625,0.09575
Parfetts - Birmingham,134.0,6.0,139.92,2025-05-21 16:45:30+00:00,0.0795,0.0715,0.08925,0.08775
Parfetts - Birmingham,134.0,6.0,139.92,2025-05-21 17:00:30+00:00,0.07325,0.06425,0.08125,0.08225
Parfetts - Birmingham,134.0,6.0,139.92,2025-05-21 17:15:30+00:00,0.0655,0.058,0.07275,0.075
Parfetts - Birmingham,134.0,6.0,139.92,2025-05-21 17:30:30+00:00,0.057,0.05,0.06325,0.06675
Parfetts - Birmingham,134.0,6.0,139.92,2025-05-21 17:45:30+00:00,0.0475,0.0415,0.054,0.05675
Parfetts - Birmingham,134.0,6.0,139.92,2025-05-21 18:00:30+00:00,0.039,0.0335,0.04575,0.0475
Parfetts - Birmingham,134.0,6.0,139.92,2025-05-21 18:15:30+00:00,0.03175,0.026,0.03675,0.04
Parfetts - Birmingham,134.0,6.0,139.92,2025-05-21 18:30:30+00:00,0.0245,0.01925,0.028,0.03175
Parfetts - Birmingham,134.0,6.0,139.92,2025-05-21 18:45:30+00:00,0.0175,0.01325,0.02025,0.024
Parfetts - Birmingham,134.0,6.0,139.92,2025-05-21 19:00:30+00:00,0.0115,0.00825,0.0135,0.0165
Parfetts - Birmingham,134.0,6.0,139.92,2025-05-21 19:15:30+00:00,0.007,0.005,0.00875,0.00975
Parfetts - Birmingham,134.0,6.0,139.92,2025-05-21 19:30:30+00:00,0.00425,0.003,0.00525,0.0045
Parfetts - Birmingham,134.0,6.0,139.92,2025-05-21 19:45:30+00:00,0.001,0.0005,0.00125,0.001
Parfetts - Birmingham,134.0,6.0,139.92,2025-05-21 20:00:30+00:00,0.0,0.0,0.0,0.0
Parfetts - Birmingham,134.0,6.0,139.92,2025-05-21 20:15:30+00:00,0.0,0.0,0.0,0.0
Parfetts - Birmingham,134.0,6.0,139.92,2025-05-21 20:30:30+00:00,0.0,0.0,0.0,0.0
Parfetts - Birmingham,134.0,6.0,139.92,2025-05-21 20:45:30+00:00,0.0,0.0,0.0,0.0
Parfetts - Birmingham,134.0,6.0,139.92,2025-05-21 21:00:30+00:00,0.0,0.0,0.0,0.0
Parfetts - Birmingham,134.0,6.0,139.92,2025-05-21 21:15:30+00:00,0.0,0.0,0.0,0.0
Parfetts - Birmingham,134.0,6.0,139.92,2025-05-21 21:30:30+00:00,0.0,0.0,0.0,0.0
Parfetts - Birmingham,134.0,6.0,139.92,2025-05-21 21:45:30+00:00,0.0,0.0,0.0,0.0
Parfetts - Birmingham,134.0,6.0,139.92,2025-05-21 22:00:30+00:00,0.0,0.0,0.0,0.0
Parfetts - Birmingham,134.0,6.0,139.92,2025-05-21 22:15:30+00:00,0.0,0.0,0.0,0.0
Parfetts - Birmingham,134.0,6.0,139.92,2025-05-21 22:30:30+00:00,0.0,0.0,0.0,0.0
Parfetts - Birmingham,134.0,6.0,139.92,2025-05-21 22:45:30+00:00,0.0,0.0,0.0,0.0
Parfetts - Birmingham,134.0,6.0,139.92,2025-05-21 23:00:30+00:00,0.0,0.0,0.0,0.0
Parfetts - Birmingham,134.0,6.0,139.92,2025-05-21 23:15:30+00:00,0.0,0.0,0.0,0.0
Parfetts - Birmingham,134.0,6.0,139.92,2025-05-21 23:30:30+00:00,0.0,0.0,0.0,0.0
Parfetts - Birmingham,134.0,6.0,139.92,2025-05-21 23:45:30+00:00,0.0,0.0,0.0,0.0
Parfetts - Birmingham,134.0,6.0,139.92,2025-05-22 00:00:30+00:00,0.0,0.0,0.0,0.0
Parfetts - Birmingham,134.0,6.0,139.92,2025-05-22 00:15:30+00:00,0.0,0.0,0.0,0.0
Parfetts - Birmingham,134.0,6.0,139.92,2025-05-22 00:30:30+00:00,0.0,0.0,0.0,0.0
Parfetts - Birmingham,134.0,6.0,139.92,2025-05-22 00:45:30+00:00,0.0,0.0,0.0,0.0
Parfetts - Birmingham,134.0,6.0,139.92,2025-05-22 01:00:30+00:00,0.0,0.0,0.0,0.0
Parfetts - Birmingham,134.0,6.0,139.92,2025-05-22 01:15:30+00:00,0.0,0.0,0.0,0.0
Parfetts - Birmingham,134.0,6.0,139.92,2025-05-22 01:30:30+00:00,0.0,0.0,0.0,0.0
Parfetts - Birmingham,134.0,6.0,139.92,2025-05-22 01:45:30+00:00,0.0,0.0,0.0,0.0
Parfetts - Birmingham,134.0,6.0,139.92,2025-05-22 02:00:30+00:00,0.0,0.0,0.0,0.0
Parfetts - Birmingham,134.0,6.0,139.92,2025-05-22 02:15:30+00:00,0.0,0.0,0.0,0.0
Parfetts - Birmingham,134.0,6.0,139.92,2025-05-22 02:30:30+00:00,0.0,0.0,0.0,0.0
Parfetts - Birmingham,134.0,6.0,139.92,2025-05-22 02:45:30+00:00,0.0,0.0,0.0,0.0
Parfetts - Birmingham,134.0,6.0,139.92,2025-05-22 03:00:30+00:00,0.0,0.0,0.0,0.0
Parfetts - Birmingham,134.0,6.0,139.92,2025-05-22 03:15:30+00:00,0.0,0.0,0.0,0.0
Parfetts - Birmingham,134.0,6.0,139.92,2025-05-22 03:30:30+00:00,0.0,0.0,0.0,0.0
Parfetts - Birmingham,134.0,6.0,139.92,2025-05-22 03:45:30+00:00,0.0,0.0,0.0,0.0
Parfetts - Birmingham,134.0,6.0,139.92,2025-05-22 04:00:30+00:00,0.0,0.0,0.00025,0.0
Parfetts - Birmingham,134.0,6.0,139.92,2025-05-22 04:15:30+00:00,0.0015,0.0005,0.003,0.0015
Parfetts - Birmingham,134.0,6.0,139.92,2025-05-22 04:30:30+00:00,0.00375,0.00125,0.00675,0.00375
Parfetts - Birmingham,134.0,6.0,139.92,2025-05-22 04:45:30+00:00,0.007,0.00275,0.01175,0.00725
Parfetts - Birmingham,134.0,6.0,139.92,2025-05-22 05:00:30+00:00,0.01075,0.0045,0.017,0.011
Parfetts - Birmingham,134.0,6.0,139.92,2025-05-22 05:15:30+00:00,0.014,0.007,0.02325,0.014
Parfetts - Birmingham,134.0,6.0,139.92,2025-05-22 05:30:30+00:00,0.02075,0.008,0.0285,0.02025
Parfetts - Birmingham,134.0,6.0,139.92,2025-05-22 05:45:30+00:00,0.01925,0.00875,0.032,0.019
Parfetts - Birmingham,134.0,6.0,139.92,2025-05-22 06:00:30+00:00,0.0215,0.0105,0.035,0.0215
Parfetts - Birmingham,134.0,6.0,139.92,2025-05-22 06:15:30+00:00,0.02775,0.01425,0.042,0.02775
Parfetts - Birmingham,134.0,6.0,139.92,2025-05-22 06:30:30+00:00,0.03475,0.0195,0.05075,0.0345
Parfetts - Birmingham,134.0,6.0,139.92,2025-05-22 06:45:30+00:00,0.0425,0.024,0.063,0.042
Parfetts - Birmingham,134.0,6.0,139.92,2025-05-22 07:00:30+00:00,0.0535,0.02775,0.07875,0.052
Parfetts - Birmingham,134.0,6.0,139.92,2025-05-22 07:15:30+00:00,0.06275,0.035,0.09525,0.0605
Parfetts - Birmingham,134.0,6.0,139.92,2025-05-22 07:30:30+00:00,0.0795,0.04875,0.1135,0.07575
Parfetts - Birmingham,134.0,6.0,139.92,2025-05-22 07:45:30+00:00,0.1015,0.0595,0.13575,0.09525
Parfetts - Birmingham,134.0,6.0,139.92,2025-05-22 08:00:30+00:00,0.10975,0.05575,0.14675,0.10325
Parfetts - Birmingham,134.0,6.0,139.92,2025-05-22 08:15:30+00:00,0.0905,0.03625,0.144,0.08625
Parfetts - Birmingham,134.0,6.0,139.92,2025-05-22 08:30:30+00:00,0.06875,0.0335,0.12725,0.06725
Parfetts - Birmingham,134.0,6.0,139.92,2025-05-22 08:45:30+00:00,0.0835,0.042,0.12175,0.08125
Parfetts - Birmingham,134.0,6.0,139.92,2025-05-22 09:00:30+00:00,0.09225,0.0505,0.1245,0.0895
Parfetts - Birmingham,134.0,6.0,139.92,2025-05-22 09:15:30+00:00,0.0855,0.037,0.13025,0.0835
Parfetts - Birmingham,134.0,6.0,139.92,2025-05-22 09:30:30+00:00,0.07175,0.01575,0.1275,0.071
Parfetts - Birmingham,134.0,6.0,139.92,2025-05-22 09:45:30+00:00,0.05775,0.01525,0.11425,0.0575
Parfetts - Birmingham,134.0,6.0,139.92,2025-05-22 10:00:30+00:00,0.04625,0.01575,0.094,0.04625
Parfetts - Birmingham,134.0,6.0,139.92,2025-05-22 10:15:30+00:00,0.039,0.016,0.078,0.039
Parfetts - Birmingham,134.0,6.0,139.92,2025-05-22 10:30:30+00:00,0.03975,0.0165,0.07425,0.04
Parfetts - Birmingham,134.0,6.0,139.92,2025-05-22 10:45:30+00:00,0.0515,0.02075,0.08025,0.05175
Parfetts - Birmingham,134.0,6.0,139.92,2025-05-22 11:00:30+00:00,0.05975,0.02475,0.08475,0.05975
Parfetts - Birmingham,134.0,6.0,139.92,2025-05-22 11:15:30+00:00,0.05225,0.02225,0.08425,0.05225
Parfetts - Birmingham,134.0,6.0,139.92,2025-05-22 11:30:30+00:00,0.04725,0.01725,0.0775,0.0475
Parfetts - Birmingham,134.0,6.0,139.92,2025-05-22 11:45:30+00:00,0.04225,0.0175,0.072,0.0425
Parfetts - Birmingham,134.0,6.0,139.92,2025-05-22 12:00:30+00:00,0.04,0.0175,0.07125,0.04025
Parfetts - Birmingham,134.0,6.0,139.92,2025-05-22 12:15:30+00:00,0.0445,0.01725,0.07925,0.0445
Parfetts - Birmingham,134.0,6.0,139.92,2025-05-22 12:30:30+00:00,0.0515,0.01725,0.08975,0.05175
Parfetts - Birmingham,134.0,6.0,139.92,2025-05-22 12:45:30+00:00,0.06025,0.02225,0.09925,0.0605
Parfetts - Birmingham,134.0,6.0,139.92,2025-05-22 13:00:30+00:00,0.06975,0.0285,0.10325,0.07
Parfetts - Birmingham,134.0,6.0,139.92,2025-05-22 13:15:30+00:00,0.06675,0.02875,0.112,0.067
Parfetts - Birmingham,134.0,6.0,139.92,2025-05-22 13:30:30+00:00,0.074,0.0255,0.12525,0.0745
Parfetts - Birmingham,134.0,6.0,139.92,2025-05-22 13:45:30+00:00,0.08425,0.033,0.141,0.085
Parfetts - Birmingham,134.0,6.0,139.92,2025-05-22 14:00:30+00:00,0.10175,0.043,0.15575,0.1025
Parfetts - Birmingham,134.0,6.0,139.92,2025-05-22 14:15:30+00:00,0.11075,0.0385,0.16425,0.112
Parfetts - Birmingham,134.0,6.0,139.92,2025-05-22 14:30:30+00:00,0.09075,0.03575,0.17925,0.092
Parfetts - Birmingham,134.0,6.0,139.92,2025-05-22 14:45:30+00:00,0.119,0.0435,0.1865,0.12175
Parfetts - Birmingham,134.0,6.0,139.92,2025-05-22 15:00:30+00:00,0.15,0.061,0.176,0.155
Parfetts - Birmingham,134.0,6.0,139.92,2025-05-22 15:15:30+00:00,0.13675,0.0565,0.1665,0.14225
Parfetts - Birmingham,134.0,6.0,139.92,2025-05-22 15:30:30+00:00,0.0985,0.031,0.15825,0.10225
Parfetts - Birmingham,134.0,6.0,139.92,2025-05-22 15:45:30+00:00,0.06375,0.02225,0.1435,0.0655
Parfetts - Birmingham,134.0,6.0,139.92,2025-05-22 16:00:30+00:00,0.08275,0.02425,0.13125,0.087
Parfetts - Birmingham,134.0,6.0,139.92,2025-05-22 16:15:30+00:00,0.08575,0.04225,0.12625,0.09125
Parfetts - Birmingham,134.0,6.0,139.92,2025-05-22 16:30:30+00:00,0.084,0.05125,0.11425,0.091
Parfetts - Birmingham,134.0,6.0,139.92,2025-05-22 16:45:30+00:00,0.08175,0.0605,0.10025,0.09025
Parfetts - Birmingham,134.0,6.0,139.92,2025-05-22 17:00:30+00:00,0.075,0.0585,0.0895,0.085
Parfetts - Birmingham,134.0,6.0,139.92,2025-05-22 17:15:30+00:00,0.066,0.04975,0.079,0.07625
Parfetts - Birmingham,134.0,6.0,139.92,2025-05-22 17:30:30+00:00,0.0535,0.03775,0.069,0.0615
Parfetts - Birmingham,134.0,6.0,139.92,2025-05-22 17:45:30+00:00,0.041,0.0295,0.057,0.04625
Parfetts - Birmingham,134.0,6.0,139.92,2025-05-22 18:00:30+00:00,0.0335,0.024,0.04625,0.0385
Parfetts - Birmingham,134.0,6.0,139.92,2025-05-22 18:15:30+00:00,0.029,0.02,0.03675,0.0355
Parfetts - Birmingham,134.0,6.0,139.92,2025-05-22 18:30:30+00:00,0.02325,0.016,0.02925,0.03025
Parfetts - Birmingham,134.0,6.0,139.92,2025-05-22 18:45:30+00:00,0.0165,0.01175,0.02225,0.022
Parfetts - Birmingham,134.0,6.0,139.92,2025-05-22 19:00:30+00:00,0.01125,0.00775,0.01525,0.0155
Parfetts - Birmingham,134.0,6.0,139.92,2025-05-22 19:15:30+00:00,0.0075,0.005,0.0105,0.00975
Parfetts - Birmingham,134.0,6.0,139.92,2025-05-22 19:30:30+00:00,0.0045,0.003,0.00625,0.00475
Parfetts - Birmingham,134.0,6.0,139.92,2025-05-22 19:45:30+00:00,0.001,0.00075,0.0015,0.001
Parfetts - Birmingham,134.0,6.0,139.92,2025-05-22 20:00:30+00:00,0.0,0.0,0.0,0.0
Parfetts - Birmingham,134.0,6.0,139.92,2025-05-22 20:15:30+00:00,0.0,0.0,0.0,0.0
Parfetts - Birmingham,134.0,6.0,139.92,2025-05-22 20:30:30+00:00,0.0,0.0,0.0,0.0
Parfetts - Birmingham,134.0,6.0,139.92,2025-05-22 20:45:30+00:00,0.0,0.0,0.0,0.0
Parfetts - Birmingham,134.0,6.0,139.92,2025-05-22 21:00:30+00:00,0.0,0.0,0.0,0.0
Parfetts - Birmingham,134.0,6.0,139.92,2025-05-22 21:15:30+00:00,0.0,0.0,0.0,0.0
Parfetts - Birmingham,134.0,6.0,139.92,2025-05-22 21:30:30+00:00,0.0,0.0,0.0,0.0
Parfetts - Birmingham,134.0,6.0,139.92,2025-05-22 21:45:30+00:00,0.0,0.0,0.0,0.0
Parfetts - Birmingham,134.0,6.0,139.92,2025-05-22 22:00:30+00:00,0.0,0.0,0.0,0.0
Parfetts - Birmingham,134.0,6.0,139.92,2025-05-22 22:15:30+00:00,0.0,0.0,0.0,0.0
Parfetts - Birmingham,134.0,6.0,139.92,2025-05-22 22:30:30+00:00,0.0,0.0,0.0,0.0
Parfetts - Birmingham,134.0,6.0,139.92,2025-05-22 22:45:30+00:00,0.0,0.0,0.0,0.0
Parfetts - Birmingham,134.0,6.0,139.92,2025-05-22 23:00:30+00:00,0.0,0.0,0.0,0.0
Parfetts - Birmingham,134.0,6.0,139.92,2025-05-22 23:15:30+00:00,0.0,0.0,0.0,0.0
Parfetts - Birmingham,134.0,6.0,139.92,2025-05-22 23:30:30+00:00,0.0,0.0,0.0,0.0
Parfetts - Birmingham,134.0,6.0,139.92,2025-05-22 23:45:30+00:00,0.0,0.0,0.0,0.0
Parfetts - Birmingham,134.0,6.0,139.92,2025-05-23 00:00:30+00:00,0.0,0.0,0.0,0.0
Parfetts - Birmingham,134.0,6.0,139.92,2025-05-23 00:15:30+00:00,0.0,0.0,0.0,0.0
Parfetts - Birmingham,134.0,6.0,139.92,2025-05-23 00:30:30+00:00,0.0,0.0,0.0,0.0
Parfetts - Birmingham,134.0,6.0,139.92,2025-05-23 00:45:30+00:00,0.0,0.0,0.0,0.0
Parfetts - Birmingham,134.0,6.0,139.92,2025-05-23 01:00:30+00:00,0.0,0.0,0.0,0.0
Parfetts - Birmingham,134.0,6.0,139.92,2025-05-23 01:15:30+00:00,0.0,0.0,0.0,0.0
Parfetts - Birmingham,134.0,6.0,139.92,2025-05-23 01:30:30+00:00,0.0,0.0,0.0,0.0
Parfetts - Birmingham,134.0,6.0,139.92,2025-05-23 01:45:30+00:00,0.0,0.0,0.0,0.0
Parfetts - Birmingham,134.0,6.0,139.92,2025-05-23 02:00:30+00:00,0.0,0.0,0.0,0.0
Parfetts - Birmingham,134.0,6.0,139.92,2025-05-23 02:15:30+00:00,0.0,0.0,0.0,0.0
Parfetts - Birmingham,134.0,6.0,139.92,2025-05-23 02:30:30+00:00,0.0,0.0,0.0,0.0
Parfetts - Birmingham,134.0,6.0,139.92,2025-05-23 02:45:30+00:00,0.0,0.0,0.0,0.0
Parfetts - Birmingham,134.0,6.0,139.92,2025-05-23 03:00:30+00:00,0.0,0.0,0.0,0.0
Parfetts - Birmingham,134.0,6.0,139.92,2025-05-23 03:15:30+00:00,0.0,0.0,0.0,0.0
Parfetts - Birmingham,134.0,6.0,139.92,2025-05-23 03:30:30+00:00,0.0,0.0,0.0,0.0
Parfetts - Birmingham,134.0,6.0,139.92,2025-05-23 03:45:30+00:00,0.0,0.0,0.0,0.0
Parfetts - Birmingham,134.0,6.0,139.92,2025-05-23 04:00:30+00:00,0.00025,0.00025,0.0005,0.00025
Parfetts - Birmingham,134.0,6.0,139.92,2025-05-23 04:15:30+00:00,0.00175,0.0005,0.00375,0.00175
Parfetts - Birmingham,134.0,6.0,139.92,2025-05-23 04:30:30+00:00,0.00425,0.0015,0.0085,0.00425
Parfetts - Birmingham,134.0,6.0,139.92,2025-05-23 04:45:30+00:00,0.009,0.00375,0.0165,0.009
Parfetts - Birmingham,134.0,6.0,139.92,2025-05-23 05:00:30+00:00,0.01775,0.0075,0.0255,0.0165
Parfetts - Birmingham,134.0,6.0,139.92,2025-05-23 05:15:30+00:00,0.022,0.01425,0.0345,0.02075
Parfetts - Birmingham,134.0,6.0,139.92,2025-05-23 05:30:30+00:00,0.03375,0.02,0.0415,0.03125
Parfetts - Birmingham,134.0,6.0,139.92,2025-05-23 05:45:30+00:00,0.0355,0.0275,0.0495,0.03325
Parfetts - Birmingham,134.0,6.0,139.92,2025-05-23 06:00:30+00:00,0.04725,0.033,0.061,0.04375
Parfetts - Birmingham,134.0,6.0,139.92,2025-05-23 06:15:30+00:00,0.05775,0.04,0.0735,0.0535
Parfetts - Birmingham,134.0,6.0,139.92,2025-05-23 06:30:30+00:00,0.065,0.0495,0.088,0.0605
Parfetts - Birmingham,134.0,6.0,139.92,2025-05-23 06:45:30+00:00,0.085,0.0635,0.1035,0.0775
Parfetts - Birmingham,134.0,6.0,139.92,2025-05-23 07:00:30+00:00,0.10225,0.08225,0.11675,0.092
Parfetts - Birmingham,134.0,6.0,139.92,2025-05-23 07:15:30+00:00,0.11225,0.097,0.128,0.10125
Parfetts - Birmingham,134.0,6.0,139.92,2025-05-23 07:30:30+00:00,0.123,0.10825,0.1355,0.11125
Parfetts - Birmingham,134.0,6.0,139.92,2025-05-23 07:45:30+00:00,0.13,0.10925,0.148,0.118
Parfetts - Birmingham,134.0,6.0,139.92,2025-05-23 08:00:30+00:00,0.13225,0.105,0.15975,0.12075
Parfetts - Birmingham,134.0,6.0,139.92,2025-05-23 08:15:30+00:00,0.1355,0.09925,0.16525,0.12525
Parfetts - Birmingham,134.0,6.0,139.92,2025-05-23 08:30:30+00:00,0.129,0.09675,0.163,0.12025
Parfetts - Birmingham,134.0,6.0,139.92,2025-05-23 08:45:30+00:00,0.124,0.1005,0.15675,0.11725
Parfetts - Birmingham,134.0,6.0,139.92,2025-05-23 09:00:30+00:00,0.134,0.10925,0.16025,0.127
Parfetts - Birmingham,134.0,6.0,139.92,2025-05-23 09:15:30+00:00,0.14725,0.125,0.17025,0.13825
Parfetts - Birmingham,134.0,6.0,139.92,2025-05-23 09:30:30+00:00,0.1605,0.1335,0.1775,0.15075
Parfetts - Birmingham,134.0,6.0,139.92,2025-05-23 09:45:30+00:00,0.158,0.13875,0.18575,0.149
Parfetts - Birmingham,134.0,6.0,139.92,2025-05-23 10:00:30+00:00,0.1685,0.1425,0.19625,0.159
Parfetts - Birmingham,134.0,6.0,139.92,2025-05-23 10:15:30+00:00,0.182,0.15375,0.21025,0.17125
Parfetts - Birmingham,134.0,6.0,139.92,2025-05-23 10:30:30+00:00,0.194,0.1655,0.21775,0.18275
Parfetts - Birmingham,134.0,6.0,139.92,2025-05-23 10:45:30+00:00,0.198,0.173,0.2195,0.187
Parfetts - Birmingham,134.0,6.0,139.92,2025-05-23 11:00:30+00:00,0.19625,0.17825,0.22275,0.18625
Parfetts - Birmingham,134.0,6.0,139.92,2025-05-23 11:15:30+00:00,0.20725,0.1835,0.22825,0.19725
Parfetts - Birmingham,134.0,6.0,139.92,2025-05-23 11:30:30+00:00,0.214,0.1875,0.23225,0.204
Parfetts - Birmingham,134.0,6.0,139.92,2025-05-23 11:45:30+00:00,0.207,0.1855,0.23,0.19875
Parfetts - Birmingham,134.0,6.0,139.92,2025-05-23 12:00:30+00:00,0.2025,0.1825,0.222,0.1955
Parfetts - Birmingham,134.0,6.0,139.92,2025-05-23 12:15:30+00:00,0.197,0.182,0.215,0.19075
Parfetts - Birmingham,134.0,6.0,139.92,2025-05-23 12:30:30+00:00,0.19575,0.1825,0.21025,0.1905
Parfetts - Birmingham,134.0,6.0,139.92,2025-05-23 12:45:30+00:00,0.19575,0.18025,0.207,0.19175
Parfetts - Birmingham,134.0,6.0,139.92,2025-05-23 13:00:30+00:00,0.18925,0.175,0.203,0.186
Parfetts - Birmingham,134.0,6.0,139.92,2025-05-23 13:15:30+00:00,0.18175,0.1705,0.198,0.17975
Parfetts - Birmingham,134.0,6.0,139.92,2025-05-23 13:30:30+00:00,0.18175,0.16675,0.19375,0.18075
Parfetts - Birmingham,134.0,6.0,139.92,2025-05-23 13:45:30+00:00,0.17675,0.15775,0.19125,0.17675
Parfetts - Birmingham,134.0,6.0,139.92,2025-05-23 14:00:30+00:00,0.16475,0.1475,0.187,0.16575
Parfetts - Birmingham,134.0,6.0,139.92,2025-05-23 14:15:30+00:00,0.1595,0.13475,0.1765,0.1615
Parfetts - Birmingham,134.0,6.0,139.92,2025-05-23 14:30:30+00:00,0.1425,0.1285,0.16525,0.145
Parfetts - Birmingham,134.0,6.0,139.92,2025-05-23 14:45:30+00:00,0.13825,0.12175,0.158,0.14175
Parfetts - Birmingham,134.0,6.0,139.92,2025-05-23 15:00:30+00:00,0.1385,0.1135,0.15725,0.14325
Parfetts - Birmingham,134.0,6.0,139.92,2025-05-23 15:15:30+00:00,0.12925,0.10025,0.151,0.1345
Parfetts - Birmingham,134.0,6.0,139.92,2025-05-23 15:30:30+00:00,0.10925,0.084,0.1395,0.11375
Parfetts - Birmingham,134.0,6.0,139.92,2025-05-23 15:45:30+00:00,0.09575,0.07625,0.13075,0.1
Parfetts - Birmingham,134.0,6.0,139.92,2025-05-23 16:00:30+00:00,0.1035,0.07375,0.12625,0.11025
Parfetts - Birmingham,134.0,6.0,139.92,2025-05-23 16:15:30+00:00,0.10075,0.0745,0.12175,0.10875
Parfetts - Birmingham,134.0,6.0,139.92,2025-05-23 16:30:30+00:00,0.091,0.06675,0.111,0.09925
Parfetts - Birmingham,134.0,6.0,139.92,2025-05-23 16:45:30+00:00,0.08025,0.052,0.10075,0.08825
Parfetts - Birmingham,134.0,6.0,139.92,2025-05-23 17:00:30+00:00,0.0615,0.035,0.09225,0.06675
Parfetts - Birmingham,134.0,6.0,139.92,2025-05-23 17:15:30+00:00,0.05,0.02025,0.081,0.05375
Parfetts - Birmingham,134.0,6.0,139.92,2025-05-23 17:30:30+00:00,0.0395,0.0115,0.06725,0.042
Parfetts - Birmingham,134.0,6.0,139.92,2025-05-23 17:45:30+00:00,0.02875,0.00575,0.05175,0.03
Parfetts - Birmingham,134.0,6.0,139.92,2025-05-23 18:00:30+00:00,0.01725,0.00425,0.039,0.01775
Parfetts - Birmingham,134.0,6.0,139.92,2025-05-23 18:15:30+00:00,0.0165,0.0035,0.0305,0.017
Parfetts - Birmingham,134.0,6.0,139.92,2025-05-23 18:30:30+00:00,0.01475,0.004,0.02725,0.01525
Parfetts - Birmingham,134.0,6.0,139.92,2025-05-23 18:45:30+00:00,0.014,0.00425,0.0215,0.0155
Parfetts - Birmingham,134.0,6.0,139.92,2025-05-23 19:00:30+00:00,0.01075,0.004,0.01625,0.01175
Parfetts - Birmingham,134.0,6.0,139.92,2025-05-23 19:15:30+00:00,0.00575,0.002,0.011,0.00575
Parfetts - Birmingham,134.0,6.0,139.92,2025-05-23 19:30:30+00:00,0.0025,0.0005,0.0055,0.0025
Parfetts - Birmingham,134.0,6.0,139.92,2025-05-23 19:45:30+00:00,0.00075,0.00025,0.00175,0.00075
Parfetts - Birmingham,134.0,6.0,139.92,2025-05-23 20:00:30+00:00,0.0,0.0,0.00025,0.0
Parfetts - Birmingham,134.0,6.0,139.92,2025-05-23 20:15:30+00:00,0.0,0.0,0.0,0.0
Parfetts - Birmingham,134.0,6.0,139.92,2025-05-23 20:30:30+00:00,0.0,0.0,0.0,0.0
Parfetts - Birmingham,134.0,6.0,139.92,2025-05-23 20:45:30+00:00,0.0,0.0,0.0,0.0
Parfetts - Birmingham,134.0,6.0,139.92,2025-05-23 21:00:30+00:00,0.0,0.0,0.0,0.0
Parfetts - Birmingham,134.0,6.0,139.92,2025-05-23 21:15:30+00:00,0.0,0.0,0.0,0.0
Parfetts - Birmingham,134.0,6.0,139.92,2025-05-23 21:30:30+00:00,0.0,0.0,0.0,0.0
Parfetts - Birmingham,134.0,6.0,139.92,2025-05-23 21:45:30+00:00,0.0,0.0,0.0,0.0
Parfetts - Birmingham,134.0,6.0,139.92,2025-05-23 22:00:30+00:00,0.0,0.0,0.0,0.0
Parfetts - Birmingham,134.0,6.0,139.92,2025-05-23 22:15:30+00:00,0.0,0.0,0.0,0.0
Parfetts - Birmingham,134.0,6.0,139.92,2025-05-23 22:30:30+00:00,0.0,0.0,0.0,0.0
Parfetts - Birmingham,134.0,6.0,139.92,2025-05-23 22:45:30+00:00,0.0,0.0,0.0,0.0
Parfetts - Birmingham,134.0,6.0,139.92,2025-05-23 23:00:30+00:00,0.0,0.0,0.0,0.0
Parfetts - Birmingham,134.0,6.0,139.92,2025-05-23 23:15:30+00:00,0.0,0.0,0.0,0.0
Parfetts - Birmingham,134.0,6.0,139.92,2025-05-23 23:30:30+00:00,0.0,0.0,0.0,0.0
Parfetts - Birmingham,134.0,6.0,139.92,2025-05-23 23:45:30+00:00,0.0,0.0,0.0,0.0
Parfetts - Birmingham,134.0,6.0,139.92,2025-05-24 00:00:30+00:00,0.0,0.0,0.0,0.0
Parfetts - Birmingham,134.0,6.0,139.92,2025-05-24 00:15:30+00:00,0.0,0.0,0.0,0.0
Parfetts - Birmingham,134.0,6.0,139.92,2025-05-24 00:30:30+00:00,0.0,0.0,0.0,0.0
Parfetts - Birmingham,134.0,6.0,139.92,2025-05-24 00:45:30+00:00,0.0,0.0,0.0,0.0
Parfetts - Birmingham,134.0,6.0,139.92,2025-05-24 01:00:30+00:00,0.0,0.0,0.0,0.0
Parfetts - Birmingham,134.0,6.0,139.92,2025-05-24 01:15:30+00:00,0.0,0.0,0.0,0.0
Parfetts - Birmingham,134.0,6.0,139.92,2025-05-24 01:30:30+00:00,0.0,0.0,0.0,0.0
Parfetts - Birmingham,134.0,6.0,139.92,2025-05-24 01:45:30+00:00,0.0,0.0,0.0,0.0
Parfetts - Birmingham,134.0,6.0,139.92,2025-05-24 02:00:30+00:00,0.0,0.0,0.0,0.0
Parfetts - Birmingham,134.0,6.0,139.92,2025-05-24 02:15:30+00:00,0.0,0.0,0.0,0.0
Parfetts - Birmingham,134.0,6.0,139.92,2025-05-24 02:30:30+00:00,0.0,0.0,0.0,0.0
Parfetts - Birmingham,134.0,6.0,139.92,2025-05-24 02:45:30+00:00,0.0,0.0,0.0,0.0
Parfetts - Birmingham,134.0,6.0,139.92,2025-05-24 03:00:30+00:00,0.0,0.0,0.0,0.0
Parfetts - Birmingham,134.0,6.0,139.92,2025-05-24 03:15:30+00:00,0.0,0.0,0.0,0.0
Parfetts - Birmingham,134.0,6.0,139.92,2025-05-24 03:30:30+00:00,0.0,0.0,0.0,0.0
Parfetts - Birmingham,134.0,6.0,139.92,2025-05-24 03:45:30+00:00,0.0,0.0,0.0,0.0
Parfetts - Birmingham,134.0,6.0,139.92,2025-05-24 04:00:30+00:00,0.00025,0.00025,0.0005,0.00025
Parfetts - Birmingham,134.0,6.0,139.92,2025-05-24 04:15:30+00:00,0.00175,0.0005,0.00375,0.00175
Parfetts - Birmingham,134.0,6.0,139.92,2025-05-24 04:30:30+00:00,0.00425,0.001,0.0085,0.0045
Parfetts - Birmingham,134.0,6.0,139.92,2025-05-24 04:45:30+00:00,0.008,0.0015,0.01275,0.008
Parfetts - Birmingham,134.0,6.0,139.92,2025-05-24 05:00:30+00:00,0.007,0.00175,0.0165,0.007
Parfetts - Birmingham,134.0,6.0,139.92,2025-05-24 05:15:30+00:00,0.0075,0.0025,0.02175,0.0075
Parfetts - Birmingham,134.0,6.0,139.92,2025-05-24 05:30:30+00:00,0.01875,0.00375,0.02975,0.0185
Parfetts - Birmingham,134.0,6.0,139.92,2025-05-24 05:45:30+00:00,0.023,0.0075,0.03375,0.02275
Parfetts - Birmingham,134.0,6.0,139.92,2025-05-24 06:00:30+00:00,0.0195,0.01,0.03625,0.01975
Parfetts - Birmingham,134.0,6.0,139.92,2025-05-24 06:15:30+00:00,0.02675,0.0145,0.039,0.02675
Parfetts - Birmingham,134.0,6.0,139.92,2025-05-24 06:30:30+00:00,0.03375,0.018,0.04325,0.0335
Parfetts - Birmingham,134.0,6.0,139.92,2025-05-24 06:45:30+00:00,0.031,0.01825,0.0465,0.03075
Parfetts - Birmingham,134.0,6.0,139.92,2025-05-24 07:00:30+00:00,0.0325,0.019,0.04925,0.0325
Parfetts - Birmingham,134.0,6.0,139.92,2025-05-24 07:15:30+00:00,0.03925,0.019,0.0515,0.039
Parfetts - Birmingham,134.0,6.0,139.92,2025-05-24 07:30:30+00:00,0.034,0.019,0.053,0.034
Parfetts - Birmingham,134.0,6.0,139.92,2025-05-24 07:45:30+00:00,0.035,0.01875,0.05225,0.035
Parfetts - Birmingham,134.0,6.0,139.92,2025-05-24 08:00:30+00:00,0.0375,0.0175,0.05525,0.0375
Parfetts - Birmingham,134.0,6.0,139.92,2025-05-24 08:15:30+00:00,0.03625,0.018,0.059,0.0365
Parfetts - Birmingham,134.0,6.0,139.92,2025-05-24 08:30:30+00:00,0.04125,0.021,0.07,0.0415
Parfetts - Birmingham,134.0,6.0,139.92,2025-05-24 08:45:30+00:00,0.0585,0.02925,0.07925,0.058
Parfetts - Birmingham,134.0,6.0,139.92,2025-05-24 09:00:30+00:00,0.0625,0.039,0.08475,0.062
Parfetts - Birmingham,134.0,6.0,139.92,2025-05-24 09:15:30+00:00,0.0645,0.041,0.08325,0.064
Parfetts - Birmingham,134.0,6.0,139.92,2025-05-24 09:30:30+00:00,0.05875,0.04025,0.08225,0.0585
Parfetts - Birmingham,134.0,6.0,139.92,2025-05-24 09:45:30+00:00,0.06,0.0345,0.086,0.05975
Parfetts - Birmingham,134.0,6.0,139.92,2025-05-24 10:00:30+00:00,0.06125,0.03325,0.09975,0.061
Parfetts - Birmingham,134.0,6.0,139.92,2025-05-24 10:15:30+00:00,0.07825,0.03675,0.1165,0.07775
Parfetts - Birmingham,134.0,6.0,139.92,2025-05-24 10:30:30+00:00,0.08975,0.0495,0.131,0.089
Parfetts - Birmingham,134.0,6.0,139.92,2025-05-24 10:45:30+00:00,0.1035,0.05925,0.13775,0.1015
Parfetts - Birmingham,134.0,6.0,139.92,2025-05-24 11:00:30+00:00,0.1005,0.0565,0.13125,0.09875
Parfetts - Birmingham,134.0,6.0,139.92,2025-05-24 11:15:30+00:00,0.0765,0.047,0.14175,0.07625
Parfetts - Birmingham,134.0,6.0,139.92,2025-05-24 11:30:30+00:00,0.108,0.02875,0.14925,0.10625
Parfetts - Birmingham,134.0,6.0,139.92,2025-05-24 11:45:30+00:00,0.08,0.01725,0.15025,0.0795
Parfetts - Birmingham,134.0,6.0,139.92,2025-05-24 12:00:30+00:00,0.04725,0.017,0.12125,0.04725
Parfetts - Birmingham,134.0,6.0,139.92,2025-05-24 12:15:30+00:00,0.04075,0.017,0.11375,0.041
Parfetts - Birmingham,134.0,6.0,139.92,2025-05-24 12:30:30+00:00,0.0755,0.017,0.127,0.0755
Parfetts - Birmingham,134.0,6.0,139.92,2025-05-24 12:45:30+00:00,0.0795,0.01675,0.14775,0.07975
Parfetts - Birmingham,134.0,6.0,139.92,2025-05-24 13:00:30+00:00,0.0855,0.0225,0.161,0.08575
Parfetts - Birmingham,134.0,6.0,139.92,2025-05-24 13:15:30+00:00,0.10975,0.04775,0.1695,0.10975
Parfetts - Birmingham,134.0,6.0,139.92,2025-05-24 13:30:30+00:00,0.12975,0.07,0.16625,0.1295
Parfetts - Birmingham,134.0,6.0,139.92,2025-05-24 13:45:30+00:00,0.11325,0.07775,0.1515,0.11375
Parfetts - Birmingham,134.0,6.0,139.92,2025-05-24 14:00:30+00:00,0.101,0.0785,0.13625,0.10175
Parfetts - Birmingham,134.0,6.0,139.92,2025-05-24 14:15:30+00:00,0.10725,0.078,0.135,0.1085
Parfetts - Birmingham,134.0,6.0,139.92,2025-05-24 14:30:30+00:00,0.1105,0.0625,0.13975,0.11225
Parfetts - Birmingham,134.0,6.0,139.92,2025-05-24 14:45:30+00:00,0.08525,0.0415,0.14925,0.08675
Parfetts - Birmingham,134.0,6.0,139.92,2025-05-24 15:00:30+00:00,0.08925,0.01775,0.1385,0.091
Parfetts - Birmingham,134.0,6.0,139.92,2025-05-24 15:15:30+00:00,0.04775,0.01225,0.11975,0.0485
Parfetts - Birmingham,134.0,6.0,139.92,2025-05-24 15:30:30+00:00,0.029,0.01175,0.0865,0.02925
Parfetts - Birmingham,134.0,6.0,139.92,2025-05-24 15:45:30+00:00,0.04,0.011,0.0715,0.0405
Parfetts - Birmingham,134.0,6.0,139.92,2025-05-24 16:00:30+00:00,0.04175,0.017,0.06075,0.04225
Parfetts - Birmingham,134.0,6.0,139.92,2025-05-24 16:15:30+00:00,0.03525,0.01525,0.05525,0.03575
Parfetts - Birmingham,134.0,6.0,139.92,2025-05-24 16:30:30+00:00,0.02825,0.00875,0.04775,0.02875
Parfetts - Birmingham,134.0,6.0,139.92,2025-05-24 16:45:30+00:00,0.021,0.008,0.0415,0.02125
Parfetts - Birmingham,134.0,6.0,139.92,2025-05-24 17:00:30+00:00,0.01975,0.00725,0.03375,0.02
Parfetts - Birmingham,134.0,6.0,139.92,2025-05-24 17:15:30+00:00,0.0115,0.0065,0.02725,0.01175
Parfetts - Birmingham,134.0,6.0,139.92,2025-05-24 17:30:30+00:00,0.00975,0.00575,0.0235,0.00975
Parfetts - Birmingham,134.0,6.0,139.92,2025-05-24 17:45:30+00:00,0.00825,0.005,0.0225,0.00825
Parfetts - Birmingham,134.0,6.0,139.92,2025-05-24 18:00:30+00:00,0.006,0.00425,0.02425,0.006
Parfetts - Birmingham,134.0,6.0,139.92,2025-05-24 18:15:30+00:00,0.014,0.0035,0.02325,0.01425
Parfetts - Birmingham,134.0,6.0,139.92,2025-05-24 18:30:30+00:00,0.0065,0.00275,0.02325,0.0065
Parfetts - Birmingham,134.0,6.0,139.92,2025-05-24 18:45:30+00:00,0.0055,0.00225,0.021,0.0055
Parfetts - Birmingham,134.0,6.0,139.92,2025-05-24 19:00:30+00:00,0.009,0.00175,0.01775,0.0095
Parfetts - Birmingham,134.0,6.0,139.92,2025-05-24 19:15:30+00:00,0.00775,0.0015,0.01275,0.0085
Parfetts - Birmingham,134.0,6.0,139.92,2025-05-24 19:30:30+00:00,0.0045,0.00125,0.00725,0.0045
Parfetts - Birmingham,134.0,6.0,139.92,2025-05-24 19:45:30+00:00,0.00125,0.00075,0.002,0.00125
Parfetts - Birmingham,134.0,6.0,139.92,2025-05-24 20:00:30+00:00,0.00025,0.0,0.00025,0.00025
Parfetts - Birmingham,134.0,6.0,139.92,2025-05-24 20:15:30+00:00,0.0,0.0,0.0,0.0
Parfetts - Birmingham,134.0,6.0,139.92,2025-05-24 20:30:30+00:00,0.0,0.0,0.0,0.0
Parfetts - Birmingham,134.0,6.0,139.92,2025-05-24 20:45:30+00:00,0.0,0.0,0.0,0.0
Parfetts - Birmingham,134.0,6.0,139.92,2025-05-24 21:00:30+00:00,0.0,0.0,0.0,0.0
Parfetts - Birmingham,134.0,6.0,139.92,2025-05-24 21:15:30+00:00,0.0,0.0,0.0,0.0
Parfetts - Birmingham,134.0,6.0,139.92,2025-05-24 21:30:30+00:00,0.0,0.0,0.0,0.0
Parfetts - Birmingham,134.0,6.0,139.92,2025-05-24 21:45:30+00:00,0.0,0.0,0.0,0.0
Parfetts - Birmingham,134.0,6.0,139.92,2025-05-24 22:00:30+00:00,0.0,0.0,0.0,0.0
Parfetts - Birmingham,134.0,6.0,139.92,2025-05-24 22:15:30+00:00,0.0,0.0,0.0,0.0
Parfetts - Birmingham,134.0,6.0,139.92,2025-05-24 22:30:30+00:00,0.0,0.0,0.0,0.0
Parfetts - Birmingham,134.0,6.0,139.92,2025-05-24 22:45:30+00:00,0.0,0.0,0.0,0.0
Parfetts - Birmingham,134.0,6.0,139.92,2025-05-24 23:00:30+00:00,0.0,0.0,0.0,0.0
Parfetts - Birmingham,134.0,6.0,139.92,2025-05-24 23:15:30+00:00,0.0,0.0,0.0,0.0
Parfetts - Birmingham,134.0,6.0,139.92,2025-05-24 23:30:30+00:00,0.0,0.0,0.0,0.0
Parfetts - Birmingham,134.0,6.0,139.92,2025-05-24 23:45:30+00:00,0.0,0.0,0.0,0.0
Parfetts - Birmingham,134.0,6.0,139.92,2025-05-25 00:00:30+00:00,0.0,0.0,0.0,0.0
Parfetts - Birmingham,134.0,6.0,139.92,2025-05-25 00:15:30+00:00,0.0,0.0,0.0,0.0
Parfetts - Birmingham,134.0,6.0,139.92,2025-05-25 00:30:30+00:00,0.0,0.0,0.0,0.0
Parfetts - Birmingham,134.0,6.0,139.92,2025-05-25 00:45:30+00:00,0.0,0.0,0.0,0.0
Parfetts - Birmingham,134.0,6.0,139.92,2025-05-25 01:00:30+00:00,0.0,0.0,0.0,0.0
Parfetts - Birmingham,134.0,6.0,139.92,2025-05-25 01:15:30+00:00,0.0,0.0,0.0,0.0
Parfetts - Birmingham,134.0,6.0,139.92,2025-05-25 01:30:30+00:00,0.0,0.0,0.0,0.0
Parfetts - Birmingham,134.0,6.0,139.92,2025-05-25 01:45:30+00:00,0.0,0.0,0.0,0.0
Parfetts - Birmingham,134.0,6.0,139.92,2025-05-25 02:00:30+00:00,0.0,0.0,0.0,0.0
Parfetts - Birmingham,134.0,6.0,139.92,2025-05-25 02:15:30+00:00,0.0,0.0,0.0,0.0
Parfetts - Birmingham,134.0,6.0,139.92,2025-05-25 02:30:30+00:00,0.0,0.0,0.0,0.0
Parfetts - Birmingham,134.0,6.0,139.92,2025-05-25 02:45:30+00:00,0.0,0.0,0.0,0.0
Parfetts - Birmingham,134.0,6.0,139.92,2025-05-25 03:00:30+00:00,0.0,0.0,0.0,0.0
Parfetts - Birmingham,134.0,6.0,139.92,2025-05-25 03:15:30+00:00,0.0,0.0,0.0,0.0
Parfetts - Birmingham,134.0,6.0,139.92,2025-05-25 03:30:30+00:00,0.0,0.0,0.0,0.0
Parfetts - Birmingham,134.0,6.0,139.92,2025-05-25 03:45:30+00:00,0.0,0.0,0.0,0.0
Parfetts - Birmingham,134.0,6.0,139.92,2025-05-25 04:00:30+00:00,0.0,0.0,0.0005,0.0
Parfetts - Birmingham,134.0,6.0,139.92,2025-05-25 04:15:30+00:00,0.0005,0.0005,0.0025,0.0005
Parfetts - Birmingham,134.0,6.0,139.92,2025-05-25 04:30:30+00:00,0.0015,0.00075,0.0055,0.0015
Parfetts - Birmingham,134.0,6.0,139.92,2025-05-25 04:45:30+00:00,0.003,0.0015,0.0115,0.003
Parfetts - Birmingham,134.0,6.0,139.92,2025-05-25 05:00:30+00:00,0.0105,0.002,0.019,0.0105
Parfetts - Birmingham,134.0,6.0,139.92,2025-05-25 05:15:30+00:00,0.01375,0.00325,0.024,0.0135
Parfetts - Birmingham,134.0,6.0,139.92,2025-05-25 05:30:30+00:00,0.01625,0.006,0.02675,0.01625
Parfetts - Birmingham,134.0,6.0,139.92,2025-05-25 05:45:30+00:00,0.019,0.0105,0.03075,0.019
Parfetts - Birmingham,134.0,6.0,139.92,2025-05-25 06:00:30+00:00,0.027,0.01125,0.0365,0.02675
Parfetts - Birmingham,134.0,6.0,139.92,2025-05-25 06:15:30+00:00,0.02525,0.014,0.04525,0.025
Parfetts - Birmingham,134.0,6.0,139.92,2025-05-25 06:30:30+00:00,0.03725,0.01025,0.04975,0.0365
Parfetts - Birmingham,134.0,6.0,139.92,2025-05-25 06:45:30+00:00,0.026,0.00725,0.05975,0.026
Parfetts - Birmingham,134.0,6.0,139.92,2025-05-25 07:00:30+00:00,0.02475,0.008,0.0735,0.025
Parfetts - Birmingham,134.0,6.0,139.92,2025-05-25 07:15:30+00:00,0.046,0.00925,0.113,0.04525
Parfetts - Birmingham,134.0,6.0,139.92,2025-05-25 07:30:30+00:00,0.10875,0.03675,0.143,0.10025
Parfetts - Birmingham,134.0,6.0,139.92,2025-05-25 07:45:30+00:00,0.1435,0.08025,0.15675,0.12975
Parfetts - Birmingham,134.0,6.0,139.92,2025-05-25 08:00:30+00:00,0.15125,0.0915,0.1685,0.13625
Parfetts - Birmingham,134.0,6.0,139.92,2025-05-25 08:15:30+00:00,0.158,0.09,0.17825,0.14325
Parfetts - Birmingham,134.0,6.0,139.92,2025-05-25 08:30:30+00:00,0.15,0.047,0.18425,0.13925
Parfetts - Birmingham,134.0,6.0,139.92,2025-05-25 08:45:30+00:00,0.077,0.0435,0.18775,0.07375
Parfetts - Birmingham,134.0,6.0,139.92,2025-05-25 09:00:30+00:00,0.15775,0.03975,0.20125,0.1475
Parfetts - Birmingham,134.0,6.0,139.92,2025-05-25 09:15:30+00:00,0.1415,0.07575,0.20675,0.13425
Parfetts - Birmingham,134.0,6.0,139.92,2025-05-25 09:30:30+00:00,0.142,0.082,0.214,0.13525
Parfetts - Birmingham,134.0,6.0,139.92,2025-05-25 09:45:30+00:00,0.18325,0.0875,0.22525,0.17125
Parfetts - Birmingham,134.0,6.0,139.92,2025-05-25 10:00:30+00:00,0.16525,0.051,0.22925,0.156
Parfetts - Birmingham,134.0,6.0,139.92,2025-05-25 10:15:30+00:00,0.09925,0.01975,0.21225,0.096
Parfetts - Birmingham,134.0,6.0,139.92,2025-05-25 10:30:30+00:00,0.069,0.01675,0.21875,0.068
Parfetts - Birmingham,134.0,6.0,139.92,2025-05-25 10:45:30+00:00,0.191,0.0515,0.2425,0.182
Parfetts - Birmingham,134.0,6.0,139.92,2025-05-25 11:00:30+00:00,0.21225,0.08275,0.24625,0.20175
Parfetts - Birmingham,134.0,6.0,139.92,2025-05-25 11:15:30+00:00,0.144,0.069,0.24425,0.1395
Parfetts - Birmingham,134.0,6.0,139.92,2025-05-25 11:30:30+00:00,0.13175,0.06225,0.2155,0.12825
Parfetts - Birmingham,134.0,6.0,139.92,2025-05-25 11:45:30+00:00,0.14025,0.07075,0.218,0.13675
Parfetts - Birmingham,134.0,6.0,139.92,2025-05-25 12:00:30+00:00,0.161,0.0615,0.214,0.1565
Parfetts - Birmingham,134.0,6.0,139.92,2025-05-25 12:15:30+00:00,0.109,0.05925,0.2385,0.10725
Parfetts - Birmingham,134.0,6.0,139.92,2025-05-25 12:30:30+00:00,0.179,0.06325,0.244,0.17425
Parfetts - Birmingham,134.0,6.0,139.92,2025-05-25 12:45:30+00:00,0.19225,0.10325,0.24075,0.18825
Parfetts - Birmingham,134.0,6.0,139.92,2025-05-25 13:00:30+00:00,0.1975,0.10475,0.2365,0.19425
Parfetts - Birmingham,134.0,6.0,139.92,2025-05-25 13:15:30+00:00,0.14075,0.10225,0.219,0.14
Parfetts - Birmingham,134.0,6.0,139.92,2025-05-25 13:30:30+00:00,0.1445,0.0995,0.19775,0.144
Parfetts - Birmingham,134.0,6.0,139.92,2025-05-25 13:45:30+00:00,0.159,0.11425,0.18975,0.15925
Parfetts - Birmingham,134.0,6.0,139.92,2025-05-25 14:00:30+00:00,0.15175,0.12975,0.176,0.15275
Parfetts - Birmingham,134.0,6.0,139.92,2025-05-25 14:15:30+00:00,0.14725,0.11575,0.175,0.149
Parfetts - Birmingham,134.0,6.0,139.92,2025-05-25 14:30:30+00:00,0.1365,0.0915,0.18525,0.13875
Parfetts - Birmingham,134.0,6.0,139.92,2025-05-25 14:45:30+00:00,0.131,0.0515,0.18575,0.13375
Parfetts - Birmingham,134.0,6.0,139.92,2025-05-25 15:00:30+00:00,0.0885,0.019,0.1675,0.09025
Parfetts - Birmingham,134.0,6.0,139.92,2025-05-25 15:15:30+00:00,0.0595,0.01275,0.1275,0.0605
Parfetts - Birmingham,134.0,6.0,139.92,2025-05-25 15:30:30+00:00,0.0505,0.012,0.108,0.0515
Parfetts - Birmingham,134.0,6.0,139.92,2025-05-25 15:45:30+00:00,0.06375,0.022,0.098,0.0655
Parfetts - Birmingham,134.0,6.0,139.92,2025-05-25 16:00:30+00:00,0.0655,0.0325,0.1015,0.0675
Parfetts - Birmingham,134.0,6.0,139.92,2025-05-25 16:15:30+00:00,0.07125,0.03825,0.09425,0.07425
Parfetts - Birmingham,134.0,6.0,139.92,2025-05-25 16:30:30+00:00,0.06225,0.0435,0.088,0.06525
Parfetts - Birmingham,134.0,6.0,139.92,2025-05-25 16:45:30+00:00,0.063,0.042,0.0815,0.067
Parfetts - Birmingham,134.0,6.0,139.92,2025-05-25 17:00:30+00:00,0.05925,0.04225,0.07775,0.064
Parfetts - Birmingham,134.0,6.0,139.92,2025-05-25 17:15:30+00:00,0.057,0.03725,0.0705,0.06325
Parfetts - Birmingham,134.0,6.0,139.92,2025-05-25 17:30:30+00:00,0.0465,0.03,0.062,0.05175
Parfetts - Birmingham,134.0,6.0,139.92,2025-05-25 17:45:30+00:00,0.035,0.02425,0.0585,0.03825
Parfetts - Birmingham,134.0,6.0,139.92,2025-05-25 18:00:30+00:00,0.0375,0.01825,0.04875,0.0445
Parfetts - Birmingham,134.0,6.0,139.92,2025-05-25 18:15:30+00:00,0.0305,0.01325,0.04275,0.03625
Parfetts - Birmingham,134.0,6.0,139.92,2025-05-25 18:30:30+00:00,0.01775,0.0085,0.03725,0.01925
Parfetts - Birmingham,134.0,6.0,139.92,2025-05-25 18:45:30+00:00,0.01575,0.00475,0.027,0.01875
Parfetts - Birmingham,134.0,6.0,139.92,2025-05-25 19:00:30+00:00,0.013,0.0045,0.01725,0.01875
Parfetts - Birmingham,134.0,6.0,139.92,2025-05-25 19:15:30+00:00,0.008,0.004,0.01175,0.01125
Parfetts - Birmingham,134.0,6.0,139.92,2025-05-25 19:30:30+00:00,0.00525,0.00275,0.0085,0.0055
Parfetts - Birmingham,134.0,6.0,139.92,2025-05-25 19:45:30+00:00,0.00175,0.00125,0.003,0.00175
Parfetts - Birmingham,134.0,6.0,139.92,2025-05-25 20:00:30+00:00,0.00025,0.00025,0.0005,0.00025
Parfetts - Birmingham,134.0,6.0,139.92,2025-05-25 20:15:30+00:00,0.0,0.0,0.0,0.0
Parfetts - Birmingham,134.0,6.0,139.92,2025-05-25 20:30:30+00:00,0.0,0.0,0.0,0.0
Parfetts - Birmingham,134.0,6.0,139.92,2025-05-25 20:45:30+00:00,0.0,0.0,0.0,0.0
Parfetts - Birmingham,134.0,6.0,139.92,2025-05-25 21:00:30+00:00,0.0,0.0,0.0,0.0
Parfetts - Birmingham,134.0,6.0,139.92,2025-05-25 21:15:30+00:00,0.0,0.0,0.0,0.0
Parfetts - Birmingham,134.0,6.0,139.92,2025-05-25 21:30:30+00:00,0.0,0.0,0.0,0.0
Parfetts - Birmingham,134.0,6.0,139.92,2025-05-25 21:45:30+00:00,0.0,0.0,0.0,0.0
Parfetts - Birmingham,134.0,6.0,139.92,2025-05-25 22:00:30+00:00,0.0,0.0,0.0,0.0
Parfetts - Birmingham,134.0,6.0,139.92,2025-05-25 22:15:30+00:00,0.0,0.0,0.0,0.0
Parfetts - Birmingham,134.0,6.0,139.92,2025-05-25 22:30:30+00:00,0.0,0.0,0.0,0.0
Parfetts - Birmingham,134.0,6.0,139.92,2025-05-25 22:45:30+00:00,0.0,0.0,0.0,0.0
Parfetts - Birmingham,134.0,6.0,139.92,2025-05-25 23:00:30+00:00,0.0,0.0,0.0,0.0
Parfetts - Birmingham,134.0,6.0,139.92,2025-05-25 23:15:30+00:00,0.0,0.0,0.0,0.0
Parfetts - Birmingham,134.0,6.0,139.92,2025-05-25 23:30:30+00:00,0.0,0.0,0.0,0.0
Parfetts - Birmingham,134.0,6.0,139.92,2025-05-25 23:45:30+00:00,0.0,0.0,0.0,0.0
Parfetts - Birmingham,134.0,6.0,139.92,2025-05-26 00:00:30+00:00,0.0,0.0,0.0,0.0
Parfetts - Birmingham,134.0,6.0,139.92,2025-05-26 00:15:30+00:00,0.0,0.0,0.0,0.0
Parfetts - Birmingham,134.0,6.0,139.92,2025-05-26 00:30:30+00:00,0.0,0.0,0.0,0.0
Parfetts - Birmingham,134.0,6.0,139.92,2025-05-26 00:45:30+00:00,0.0,0.0,0.0,0.0
Parfetts - Birmingham,134.0,6.0,139.92,2025-05-26 01:00:30+00:00,0.0,0.0,0.0,0.0
Parfetts - Birmingham,134.0,6.0,139.92,2025-05-26 01:15:30+00:00,0.0,0.0,0.0,0.0
Parfetts - Birmingham,134.0,6.0,139.92,2025-05-26 01:30:30+00:00,0.0,0.0,0.0,0.0
Parfetts - Birmingham,134.0,6.0,139.92,2025-05-26 01:45:30+00:00,0.0,0.0,0.0,0.0
Parfetts - Birmingham,134.0,6.0,139.92,2025-05-26 02:00:30+00:00,0.0,0.0,0.0,0.0
Parfetts - Birmingham,134.0,6.0,139.92,2025-05-26 02:15:30+00:00,0.0,0.0,0.0,0.0
Parfetts - Birmingham,134.0,6.0,139.92,2025-05-26 02:30:30+00:00,0.0,0.0,0.0,0.0
Parfetts - Birmingham,134.0,6.0,139.92,2025-05-26 02:45:30+00:00,0.0,0.0,0.0,0.0
Parfetts - Birmingham,134.0,6.0,139.92,2025-05-26 03:00:30+00:00,0.0,0.0,0.0,0.0
Parfetts - Birmingham,134.0,6.0,139.92,2025-05-26 03:15:30+00:00,0.0,0.0,0.0,0.0
Parfetts - Birmingham,134.0,6.0,139.92,2025-05-26 03:30:30+00:00,0.0,0.0,0.0,0.0
Parfetts - Birmingham,134.0,6.0,139.92,2025-05-26 03:45:30+00:00,0.0,0.0,0.0,0.0
Parfetts - Birmingham,134.0,6.0,139.92,2025-05-26 04:00:30+00:00,0.00025,0.0,0.001,0.00025
Parfetts - Birmingham,134.0,6.0,139.92,2025-05-26 04:15:30+00:00,0.0015,0.0005,0.00475,0.0015
Parfetts - Birmingham,134.0,6.0,139.92,2025-05-26 04:30:30+00:00,0.00275,0.001,0.01125,0.00275
Parfetts - Birmingham,134.0,6.0,139.92,2025-05-26 04:45:30+00:00,0.01675,0.0035,0.02225,0.015
Parfetts - Birmingham,134.0,6.0,139.92,2025-05-26 05:00:30+00:00,0.02525,0.01325,0.0325,0.02225
Parfetts - Birmingham,134.0,6.0,139.92,2025-05-26 05:15:30+00:00,0.03475,0.023,0.043,0.0305
Parfetts - Birmingham,134.0,6.0,139.92,2025-05-26 05:30:30+00:00,0.04675,0.0355,0.05425,0.04075
Parfetts - Birmingham,134.0,6.0,139.92,2025-05-26 05:45:30+00:00,0.05725,0.046,0.0655,0.05
Parfetts - Birmingham,134.0,6.0,139.92,2025-05-26 06:00:30+00:00,0.06775,0.05425,0.077,0.0595
Parfetts - Birmingham,134.0,6.0,139.92,2025-05-26 06:15:30+00:00,0.0725,0.06075,0.08625,0.0645
Parfetts - Birmingham,134.0,6.0,139.92,2025-05-26 06:30:30+00:00,0.07975,0.0665,0.0925,0.07175
Parfetts - Birmingham,134.0,6.0,139.92,2025-05-26 06:45:30+00:00,0.08525,0.0705,0.102,0.07775
Parfetts - Birmingham,134.0,6.0,139.92,2025-05-26 07:00:30+00:00,0.09425,0.07825,0.11775,0.086
Parfetts - Birmingham,134.0,6.0,139.92,2025-05-26 07:15:30+00:00,0.115,0.0685,0.133,0.104
Parfetts - Birmingham,134.0,6.0,139.92,2025-05-26 07:30:30+00:00,0.101,0.05675,0.14125,0.09375
Parfetts - Birmingham,134.0,6.0,139.92,2025-05-26 07:45:30+00:00,0.105,0.03725,0.1495,0.0985
Parfetts - Birmingham,134.0,6.0,139.92,2025-05-26 08:00:30+00:00,0.07275,0.03575,0.142,0.07025
Parfetts - Birmingham,134.0,6.0,139.92,2025-05-26 08:15:30+00:00,0.093,0.0405,0.1275,0.08825
Parfetts - Birmingham,134.0,6.0,139.92,2025-05-26 08:30:30+00:00,0.08325,0.0345,0.1325,0.0805
Parfetts - Birmingham,134.0,6.0,139.92,2025-05-26 08:45:30+00:00,0.07375,0.02775,0.13225,0.07275
Parfetts - Birmingham,134.0,6.0,139.92,2025-05-26 09:00:30+00:00,0.08525,0.03575,0.16725,0.083
Parfetts - Birmingham,134.0,6.0,139.92,2025-05-26 09:15:30+00:00,0.14875,0.0445,0.187,0.13975
Parfetts - Birmingham,134.0,6.0,139.92,2025-05-26 09:30:30+00:00,0.10725,0.03925,0.18825,0.10275
Parfetts - Birmingham,134.0,6.0,139.92,2025-05-26 09:45:30+00:00,0.08525,0.02125,0.175,0.0835
Parfetts - Birmingham,134.0,6.0,139.92,2025-05-26 10:00:30+00:00,0.10425,0.03825,0.2005,0.1015
Parfetts - Birmingham,134.0,6.0,139.92,2025-05-26 10:15:30+00:00,0.172,0.04725,0.22975,0.163
Parfetts - Birmingham,134.0,6.0,139.92,2025-05-26 10:30:30+00:00,0.133,0.0405,0.2335,0.12825
Parfetts - Birmingham,134.0,6.0,139.92,2025-05-26 10:45:30+00:00,0.10825,0.0215,0.196,0.10625
Parfetts - Birmingham,134.0,6.0,139.92,2025-05-26 11:00:30+00:00,0.0725,0.01725,0.165,0.07175
Parfetts - Birmingham,134.0,6.0,139.92,2025-05-26 11:15:30+00:00,0.073,0.01725,0.148,0.07275
Parfetts - Birmingham,134.0,6.0,139.92,2025-05-26 11:30:30+00:00,0.102,0.02025,0.1395,0.1005
Parfetts - Birmingham,134.0,6.0,139.92,2025-05-26 11:45:30+00:00,0.049,0.0175,0.1355,0.04875
Parfetts - Birmingham,134.0,6.0,139.92,2025-05-26 12:00:30+00:00,0.06925,0.0175,0.118,0.069
Parfetts - Birmingham,134.0,6.0,139.92,2025-05-26 12:15:30+00:00,0.06625,0.0175,0.10975,0.066
Parfetts - Birmingham,134.0,6.0,139.92,2025-05-26 12:30:30+00:00,0.0435,0.01725,0.0915,0.0435
Parfetts - Birmingham,134.0,6.0,139.92,2025-05-26 12:45:30+00:00,0.0365,0.017,0.08775,0.03675
Parfetts - Birmingham,134.0,6.0,139.92,2025-05-26 13:00:30+00:00,0.051,0.01675,0.097,0.05125
Parfetts - Birmingham,134.0,6.0,139.92,2025-05-26 13:15:30+00:00,0.07,0.0165,0.10275,0.07025
Parfetts - Birmingham,134.0,6.0,139.92,2025-05-26 13:30:30+00:00,0.056,0.01625,0.09625,0.05625
Parfetts - Birmingham,134.0,6.0,139.92,2025-05-26 13:45:30+00:00,0.034,0.01575,0.08925,0.03425
Parfetts - Birmingham,134.0,6.0,139.92,2025-05-26 14:00:30+00:00,0.04325,0.0155,0.09325,0.0435
Parfetts - Birmingham,134.0,6.0,139.92,2025-05-26 14:15:30+00:00,0.06375,0.01525,0.10225,0.06425
Parfetts - Birmingham,134.0,6.0,139.92,2025-05-26 14:30:30+00:00,0.06875,0.027,0.104,0.0695
Parfetts - Birmingham,134.0,6.0,139.92,2025-05-26 14:45:30+00:00,0.06325,0.02475,0.0925,0.064
Parfetts - Birmingham,134.0,6.0,139.92,2025-05-26 15:00:30+00:00,0.04325,0.01325,0.08575,0.04375
Parfetts - Birmingham,134.0,6.0,139.92,2025-05-26 15:15:30+00:00,0.0365,0.01275,0.08125,0.037
Parfetts - Birmingham,134.0,6.0,139.92,2025-05-26 15:30:30+00:00,0.0385,0.012,0.09425,0.039
Parfetts - Birmingham,134.0,6.0,139.92,2025-05-26 15:45:30+00:00,0.068,0.01375,0.09925,0.07
Parfetts - Birmingham,134.0,6.0,139.92,2025-05-26 16:00:30+00:00,0.06275,0.0285,0.10125,0.06475
Parfetts - Birmingham,134.0,6.0,139.92,2025-05-26 16:15:30+00:00,0.063,0.02625,0.084,0.06525
Parfetts - Birmingham,134.0,6.0,139.92,2025-05-26 16:30:30+00:00,0.04025,0.02525,0.075,0.04125
Parfetts - Birmingham,134.0,6.0,139.92,2025-05-26 16:45:30+00:00,0.0455,0.0155,0.064,0.04725
Parfetts - Birmingham,134.0,6.0,139.92,2025-05-26 17:00:30+00:00,0.034,0.00875,0.062,0.03475
Parfetts - Birmingham,134.0,6.0,139.92,2025-05-26 17:15:30+00:00,0.026,0.00675,0.051,0.02625
Parfetts - Birmingham,134.0,6.0,139.92,2025-05-26 17:30:30+00:00,0.0175,0.006,0.041,0.01775
Parfetts - Birmingham,134.0,6.0,139.92,2025-05-26 17:45:30+00:00,0.00875,0.00525,0.0345,0.00875
Parfetts - Birmingham,134.0,6.0,139.92,2025-05-26 18:00:30+00:00,0.01975,0.0045,0.02925,0.0205
Parfetts - Birmingham,134.0,6.0,139.92,2025-05-26 18:15:30+00:00,0.01075,0.00375,0.02725,0.011
Parfetts - Birmingham,134.0,6.0,139.92,2025-05-26 18:30:30+00:00,0.008,0.00325,0.02175,0.00825
Parfetts - Birmingham,134.0,6.0,139.92,2025-05-26 18:45:30+00:00,0.0085,0.0025,0.01875,0.0085
Parfetts - Birmingham,134.0,6.0,139.92,2025-05-26 19:00:30+00:00,0.009,0.00175,0.01575,0.00925
Parfetts - Birmingham,134.0,6.0,139.92,2025-05-26 19:15:30+00:00,0.0065,0.00125,0.01175,0.00675
Parfetts - Birmingham,134.0,6.0,139.92,2025-05-26 19:30:30+00:00,0.0035,0.00075,0.00675,0.00375
Parfetts - Birmingham,134.0,6.0,139.92,2025-05-26 19:45:30+00:00,0.00125,0.0005,0.00325,0.00125
Parfetts - Birmingham,134.0,6.0,139.92,2025-05-26 20:00:30+00:00,0.0005,0.0,0.001,0.0005
Parfetts - Birmingham,134.0,6.0,139.92,2025-05-26 20:15:30+00:00,0.0,0.0,0.0,0.0
Parfetts - Birmingham,134.0,6.0,139.92,2025-05-26 20:30:30+00:00,0.0,0.0,0.0,0.0
Parfetts - Birmingham,134.0,6.0,139.92,2025-05-26 20:45:30+00:00,0.0,0.0,0.0,0.0
Parfetts - Birmingham,134.0,6.0,139.92,2025-05-26 21:00:30+00:00,0.0,0.0,0.0,0.0
Parfetts - Birmingham,134.0,6.0,139.92,2025-05-26 21:15:30+00:00,0.0,0.0,0.0,0.0
Parfetts - Birmingham,134.0,6.0,139.92,2025-05-26 21:30:30+00:00,0.0,0.0,0.0,0.0
Parfetts - Birmingham,134.0,6.0,139.92,2025-05-26 21:45:30+00:00,0.0,0.0,0.0,0.0
Parfetts - Birmingham,134.0,6.0,139.92,2025-05-26 22:00:30+00:00,0.0,0.0,0.0,0.0
Parfetts - Birmingham,134.0,6.0,139.92,2025-05-26 22:15:30+00:00,0.0,0.0,0.0,0.0
Parfetts - Birmingham,134.0,6.0,139.92,2025-05-26 22:30:30+00:00,0.0,0.0,0.0,0.0
Parfetts - Birmingham,134.0,6.0,139.92,2025-05-26 22:45:30+00:00,0.0,0.0,0.0,0.0
Parfetts - Birmingham,134.0,6.0,139.92,2025-05-26 23:00:30+00:00,0.0,0.0,0.0,0.0
Parfetts - Birmingham,134.0,6.0,139.92,2025-05-26 23:15:30+00:00,0.0,0.0,0.0,0.0
Parfetts - Birmingham,134.0,6.0,139.92,2025-05-26 23:30:30+00:00,0.0,0.0,0.0,0.0
Parfetts - Birmingham,134.0,6.0,139.92,2025-05-26 23:45:30+00:00,0.0,0.0,0.0,0.0
Parfetts - Birmingham,134.0,6.0,139.92,2025-05-27 00:00:30+00:00,0.0,0.0,0.0,0.0
Parfetts - Birmingham,134.0,6.0,139.92,2025-05-27 00:15:30+00:00,0.0,0.0,0.0,0.0
Parfetts - Birmingham,134.0,6.0,139.92,2025-05-27 00:30:30+00:00,0.0,0.0,0.0,0.0
Parfetts - Birmingham,134.0,6.0,139.92,2025-05-27 00:45:30+00:00,0.0,0.0,0.0,0.0
Parfetts - Birmingham,134.0,6.0,139.92,2025-05-27 01:00:30+00:00,0.0,0.0,0.0,0.0
Parfetts - Birmingham,134.0,6.0,139.92,2025-05-27 01:15:30+00:00,0.0,0.0,0.0,0.0
Parfetts - Birmingham,134.0,6.0,139.92,2025-05-27 01:30:30+00:00,0.0,0.0,0.0,0.0
Parfetts - Birmingham,134.0,6.0,139.92,2025-05-27 01:45:30+00:00,0.0,0.0,0.0,0.0
Parfetts - Birmingham,134.0,6.0,139.92,2025-05-27 02:00:30+00:00,0.0,0.0,0.0,0.0
Parfetts - Birmingham,134.0,6.0,139.92,2025-05-27 02:15:30+00:00,0.0,0.0,0.0,0.0
Parfetts - Birmingham,134.0,6.0,139.92,2025-05-27 02:30:30+00:00,0.0,0.0,0.0,0.0
Parfetts - Birmingham,134.0,6.0,139.92,2025-05-27 02:45:30+00:00,0.0,0.0,0.0,0.0
Parfetts - Birmingham,134.0,6.0,139.92,2025-05-27 03:00:30+00:00,0.0,0.0,0.0,0.0
Parfetts - Birmingham,134.0,6.0,139.92,2025-05-27 03:15:30+00:00,0.0,0.0,0.0,0.0
Parfetts - Birmingham,134.0,6.0,139.92,2025-05-27 03:30:30+00:00,0.0,0.0,0.0,0.0
Parfetts - Birmingham,134.0,6.0,139.92,2025-05-27 03:45:30+00:00,0.0,0.0,0.0,0.0
Parfetts - Birmingham,134.0,6.0,139.92,2025-05-27 04:00:30+00:00,0.001,0.00075,0.0015,0.001
Parfetts - Birmingham,134.0,6.0,139.92,2025-05-27 04:15:30+00:00,0.004,0.00225,0.006,0.004
Parfetts - Birmingham,134.0,6.0,139.92,2025-05-27 04:30:30+00:00,0.00875,0.005,0.0135,0.00825
Parfetts - Birmingham,134.0,6.0,139.92,2025-05-27 04:45:30+00:00,0.0165,0.00775,0.0225,0.015
Parfetts - Birmingham,134.0,6.0,139.92,2025-05-27 05:00:30+00:00,0.01875,0.00875,0.02875,0.0175
Parfetts - Birmingham,134.0,6.0,139.92,2025-05-27 05:15:30+00:00,0.0205,0.01,0.0355,0.01975
Parfetts - Birmingham,134.0,6.0,139.92,2025-05-27 05:30:30+00:00,0.02975,0.01125,0.0435,0.028
Parfetts - Birmingham,134.0,6.0,139.92,2025-05-27 05:45:30+00:00,0.03025,0.0095,0.0465,0.02925
Parfetts - Birmingham,134.0,6.0,139.92,2025-05-27 06:00:30+00:00,0.02325,0.01075,0.04825,0.02325
Parfetts - Birmingham,134.0,6.0,139.92,2025-05-27 06:15:30+00:00,0.03625,0.01425,0.05425,0.03525
Parfetts - Birmingham,134.0,6.0,139.92,2025-05-27 06:30:30+00:00,0.042,0.02575,0.06275,0.041
Parfetts - Birmingham,134.0,6.0,139.92,2025-05-27 06:45:30+00:00,0.05475,0.02875,0.07125,0.0525
Parfetts - Birmingham,134.0,6.0,139.92,2025-05-27 07:00:30+00:00,0.05175,0.028,0.076,0.05025
Parfetts - Birmingham,134.0,6.0,139.92,2025-05-27 07:15:30+00:00,0.049,0.0225,0.0735,0.0485
Parfetts - Birmingham,134.0,6.0,139.92,2025-05-27 07:30:30+00:00,0.04325,0.02325,0.06925,0.04325
Parfetts - Birmingham,134.0,6.0,139.92,2025-05-27 07:45:30+00:00,0.0465,0.026,0.0735,0.04625
Parfetts - Birmingham,134.0,6.0,139.92,2025-05-27 08:00:30+00:00,0.05975,0.02475,0.081,0.059
Parfetts - Birmingham,134.0,6.0,139.92,2025-05-27 08:15:30+00:00,0.05125,0.0155,0.08375,0.051
Parfetts - Birmingham,134.0,6.0,139.92,2025-05-27 08:30:30+00:00,0.03775,0.0125,0.075,0.03775
Parfetts - Birmingham,134.0,6.0,139.92,2025-05-27 08:45:30+00:00,0.03825,0.01425,0.071,0.03825
Parfetts - Birmingham,134.0,6.0,139.92,2025-05-27 09:00:30+00:00,0.05175,0.02225,0.07425,0.0515
Parfetts - Birmingham,134.0,6.0,139.92,2025-05-27 09:15:30+00:00,0.054,0.0205,0.07925,0.054
Parfetts - Birmingham,134.0,6.0,139.92,2025-05-27 09:30:30+00:00,0.043,0.01475,0.07925,0.043
Parfetts - Birmingham,134.0,6.0,139.92,2025-05-27 09:45:30+00:00,0.0355,0.01525,0.0705,0.0355
Parfetts - Birmingham,134.0,6.0,139.92,2025-05-27 10:00:30+00:00,0.02925,0.01575,0.06125,0.0295
Parfetts - Birmingham,134.0,6.0,139.92,2025-05-27 10:15:30+00:00,0.03,0.016,0.05575,0.03
Parfetts - Birmingham,134.0,6.0,139.92,2025-05-27 10:30:30+00:00,0.0325,0.0165,0.057,0.03275
Parfetts - Birmingham,134.0,6.0,139.92,2025-05-27 10:45:30+00:00,0.03275,0.01675,0.0635,0.033
Parfetts - Birmingham,134.0,6.0,139.92,2025-05-27 11:00:30+00:00,0.0435,0.017,0.0695,0.04375
Parfetts - Birmingham,134.0,6.0,139.92,2025-05-27 11:15:30+00:00,0.048,0.02025,0.0725,0.04825
Parfetts - Birmingham,134.0,6.0,139.92,2025-05-27 11:30:30+00:00,0.047,0.02,0.07025,0.047
Parfetts - Birmingham,134.0,6.0,139.92,2025-05-27 11:45:30+00:00,0.04,0.019,0.06625,0.04025
Parfetts - Birmingham,134.0,6.0,139.92,2025-05-27 12:00:30+00:00,0.04075,0.0175,0.06575,0.04075
Parfetts - Birmingham,134.0,6.0,139.92,2025-05-27 12:15:30+00:00,0.044,0.01725,0.0725,0.044
Parfetts - Birmingham,134.0,6.0,139.92,2025-05-27 12:30:30+00:00,0.043,0.01725,0.07575,0.043
Parfetts - Birmingham,134.0,6.0,139.92,2025-05-27 12:45:30+00:00,0.0335,0.017,0.08675,0.0335
Parfetts - Birmingham,134.0,6.0,139.92,2025-05-27 13:00:30+00:00,0.06275,0.017,0.088,0.063
Parfetts - Birmingham,134.0,6.0,139.92,2025-05-27 13:15:30+00:00,0.04825,0.0165,0.08925,0.0485
Parfetts - Birmingham,134.0,6.0,139.92,2025-05-27 13:30:30+00:00,0.047,0.01625,0.08375,0.0475
Parfetts - Birmingham,134.0,6.0,139.92,2025-05-27 13:45:30+00:00,0.04,0.016,0.09275,0.04025
Parfetts - Birmingham,134.0,6.0,139.92,2025-05-27 14:00:30+00:00,0.04625,0.0155,0.11375,0.04675
Parfetts - Birmingham,134.0,6.0,139.92,2025-05-27 14:15:30+00:00,0.07175,0.015,0.137,0.0725
Parfetts - Birmingham,134.0,6.0,139.92,2025-05-27 14:30:30+00:00,0.09325,0.031,0.14125,0.0945
Parfetts - Birmingham,134.0,6.0,139.92,2025-05-27 14:45:30+00:00,0.09225,0.053,0.1315,0.09375
Parfetts - Birmingham,134.0,6.0,139.92,2025-05-27 15:00:30+00:00,0.091,0.058,0.11575,0.09275
Parfetts - Birmingham,134.0,6.0,139.92,2025-05-27 15:15:30+00:00,0.077,0.0515,0.10725,0.07875
Parfetts - Birmingham,134.0,6.0,139.92,2025-05-27 15:30:30+00:00,0.0695,0.03775,0.097,0.071
Parfetts - Birmingham,134.0,6.0,139.92,2025-05-27 15:45:30+00:00,0.05525,0.02575,0.09125,0.0565
Parfetts - Birmingham,134.0,6.0,139.92,2025-05-27 16:00:30+00:00,0.0495,0.0105,0.0905,0.0505
Parfetts - Birmingham,134.0,6.0,139.92,2025-05-27 16:15:30+00:00,0.04275,0.01,0.08875,0.0435
Parfetts - Birmingham,134.0,6.0,139.92,2025-05-27 16:30:30+00:00,0.02275,0.00925,0.092,0.023
Parfetts - Birmingham,134.0,6.0,139.92,2025-05-27 16:45:30+00:00,0.0625,0.0125,0.084,0.06725
Parfetts - Birmingham,134.0,6.0,139.92,2025-05-27 17:00:30+00:00,0.03,0.00725,0.0825,0.03175
Parfetts - Birmingham,134.0,6.0,139.92,2025-05-27 17:15:30+00:00,0.0365,0.00725,0.06375,0.0385
Parfetts - Birmingham,134.0,6.0,139.92,2025-05-27 17:30:30+00:00,0.0285,0.00625,0.05575,0.0295
Parfetts - Birmingham,134.0,6.0,139.92,2025-05-27 17:45:30+00:00,0.02675,0.00925,0.05125,0.028
Parfetts - Birmingham,134.0,6.0,139.92,2025-05-27 18:00:30+00:00,0.033,0.008,0.04225,0.03725
Parfetts - Birmingham,134.0,6.0,139.92,2025-05-27 18:15:30+00:00,0.018,0.00775,0.04225,0.01925
Parfetts - Birmingham,134.0,6.0,139.92,2025-05-27 18:30:30+00:00,0.02,0.004,0.02925,0.0235
Parfetts - Birmingham,134.0,6.0,139.92,2025-05-27 18:45:30+00:00,0.00925,0.00225,0.0245,0.01
Parfetts - Birmingham,134.0,6.0,139.92,2025-05-27 19:00:30+00:00,0.006,0.00175,0.01775,0.006
Parfetts - Birmingham,134.0,6.0,139.92,2025-05-27 19:15:30+00:00,0.00725,0.0015,0.0125,0.0075
Parfetts - Birmingham,134.0,6.0,139.92,2025-05-27 19:30:30+00:00,0.00475,0.001,0.0085,0.005
Parfetts - Birmingham,134.0,6.0,139.92,2025-05-27 19:45:30+00:00,0.00175,0.0005,0.00375,0.00175
Parfetts - Birmingham,134.0,6.0,139.92,2025-05-27 20:00:30+00:00,0.0005,0.00025,0.00125,0.0005
Parfetts - Birmingham,134.0,6.0,139.92,2025-05-27 20:15:30+00:00,0.0,0.0,0.0,0.0
Parfetts - Birmingham,134.0,6.0,139.92,2025-05-27 20:30:30+00:00,0.0,0.0,0.0,0.0
Parfetts - Birmingham,134.0,6.0,139.92,2025-05-27 20:45:30+00:00,0.0,0.0,0.0,0.0
Parfetts - Birmingham,134.0,6.0,139.92,2025-05-27 21:00:30+00:00,0.0,0.0,0.0,0.0
Parfetts - Birmingham,134.0,6.0,139.92,2025-05-27 21:15:30+00:00,0.0,0.0,0.0,0.0
Parfetts - Birmingham,134.0,6.0,139.92,2025-05-27 21:30:30+00:00,0.0,0.0,0.0,0.0
Parfetts - Birmingham,134.0,6.0,139.92,2025-05-27 21:45:30+00:00,0.0,0.0,0.0,0.0
Parfetts - Birmingham,134.0,6.0,139.92,2025-05-27 22:00:30+00:00,0.0,0.0,0.0,0.0
Parfetts - Birmingham,134.0,6.0,139.92,2025-05-27 22:15:30+00:00,0.0,0.0,0.0,0.0
Parfetts - Birmingham,134.0,6.0,139.92,2025-05-27 22:30:30+00:00,0.0,0.0,0.0,0.0
Parfetts - Birmingham,134.0,6.0,139.92,2025-05-27 22:45:30+00:00,0.0,0.0,0.0,0.0
Parfetts - Birmingham,134.0,6.0,139.92,2025-05-27 23:00:30+00:00,0.0,0.0,0.0,0.0
Parfetts - Birmingham,134.0,6.0,139.92,2025-05-27 23:15:30+00:00,0.0,0.0,0.0,0.0
Parfetts - Birmingham,134.0,6.0,139.92,2025-05-27 23:30:30+00:00,0.0,0.0,0.0,0.0
Parfetts - Birmingham,134.0,6.0,139.92,2025-05-27 23:45:30+00:00,0.0,0.0,0.0,0.0
Parfetts - Birmingham,134.0,6.0,139.92,2025-05-28 00:00:30+00:00,0.0,0.0,0.0,0.0
Parfetts - Birmingham,134.0,6.0,139.92,2025-05-28 00:15:30+00:00,0.0,0.0,0.0,0.0
Parfetts - Birmingham,134.0,6.0,139.92,2025-05-28 00:30:30+00:00,0.0,0.0,0.0,0.0
Parfetts - Birmingham,134.0,6.0,139.92,2025-05-28 00:45:30+00:00,0.0,0.0,0.0,0.0
Parfetts - Birmingham,134.0,6.0,139.92,2025-05-28 01:00:30+00:00,0.0,0.0,0.0,0.0
Parfetts - Birmingham,134.0,6.0,139.92,2025-05-28 01:15:30+00:00,0.0,0.0,0.0,0.0
Parfetts - Birmingham,134.0,6.0,139.92,2025-05-28 01:30:30+00:00,0.0,0.0,0.0,0.0
Parfetts - Birmingham,134.0,6.0,139.92,2025-05-28 01:45:30+00:00,0.0,0.0,0.0,0.0
Parfetts - Birmingham,134.0,6.0,139.92,2025-05-28 02:00:30+00:00,0.0,0.0,0.0,0.0
Parfetts - Birmingham,134.0,6.0,139.92,2025-05-28 02:15:30+00:00,0.0,0.0,0.0,0.0
Parfetts - Birmingham,134.0,6.0,139.92,2025-05-28 02:30:30+00:00,0.0,0.0,0.0,0.0
Parfetts - Birmingham,134.0,6.0,139.92,2025-05-28 02:45:30+00:00,0.0,0.0,0.0,0.0
Parfetts - Birmingham,134.0,6.0,139.92,2025-05-28 03:00:30+00:00,0.0,0.0,0.0,0.0
Parfetts - Birmingham,134.0,6.0,139.92,2025-05-28 03:15:30+00:00,0.0,0.0,0.0,0.0
Parfetts - Birmingham,134.0,6.0,139.92,2025-05-28 03:30:30+00:00,0.0,0.0,0.0,0.0
Parfetts - Birmingham,134.0,6.0,139.92,2025-05-28 03:45:30+00:00,0.0,0.0,0.0,0.0
Parfetts - Birmingham,134.0,6.0,139.92,2025-05-28 04:00:30+00:00,0.0005,0.00025,0.0015,0.0005
Parfetts - Birmingham,134.0,6.0,139.92,2025-05-28 04:15:30+00:00,0.00175,0.0005,0.00425,0.00175
Parfetts - Birmingham,134.0,6.0,139.92,2025-05-28 04:30:30+00:00,0.0035,0.001,0.00925,0.0035
Parfetts - Birmingham,134.0,6.0,139.92,2025-05-28 04:45:30+00:00,0.0055,0.0015,0.0175,0.0055
Parfetts - Birmingham,134.0,6.0,139.92,2025-05-28 05:00:30+00:00,0.01525,0.00325,0.03075,0.0145
Parfetts - Birmingham,134.0,6.0,139.92,2025-05-28 05:15:30+00:00,0.035,0.0115,0.04225,0.03175
Parfetts - Birmingham,134.0,6.0,139.92,2025-05-28 05:30:30+00:00,0.0405,0.02425,0.053,0.03675
Parfetts - Birmingham,134.0,6.0,139.92,2025-05-28 05:45:30+00:00,0.05375,0.03125,0.064,0.0485
Parfetts - Birmingham,134.0,6.0,139.92,2025-05-28 06:00:30+00:00,0.0505,0.037,0.0695,0.047
Parfetts - Birmingham,134.0,6.0,139.92,2025-05-28 06:15:30+00:00,0.0565,0.04375,0.07825,0.05275
Parfetts - Birmingham,134.0,6.0,139.92,2025-05-28 06:30:30+00:00,0.0775,0.05625,0.09425,0.07075
Parfetts - Birmingham,134.0,6.0,139.92,2025-05-28 06:45:30+00:00,0.09125,0.06075,0.1105,0.0825
Parfetts - Birmingham,134.0,6.0,139.92,2025-05-28 07:00:30+00:00,0.09525,0.0555,0.12075,0.087
Parfetts - Birmingham,134.0,6.0,139.92,2025-05-28 07:15:30+00:00,0.0915,0.03825,0.12975,0.0855
Parfetts - Birmingham,134.0,6.0,139.92,2025-05-28 07:30:30+00:00,0.067,0.039,0.138,0.064
Parfetts - Birmingham,134.0,6.0,139.92,2025-05-28 07:45:30+00:00,0.1225,0.0365,0.15325,0.1135
Parfetts - Birmingham,134.0,6.0,139.92,2025-05-28 08:00:30+00:00,0.10375,0.025,0.16075,0.098
Parfetts - Birmingham,134.0,6.0,139.92,2025-05-28 08:15:30+00:00,0.06075,0.02075,0.15075,0.0595
Parfetts - Birmingham,134.0,6.0,139.92,2025-05-28 08:30:30+00:00,0.098,0.031,0.15325,0.0935
Parfetts - Birmingham,134.0,6.0,139.92,2025-05-28 08:45:30+00:00,0.115,0.05375,0.16375,0.10925
Parfetts - Birmingham,134.0,6.0,139.92,2025-05-28 09:00:30+00:00,0.112,0.04375,0.15625,0.10675
Parfetts - Birmingham,134.0,6.0,139.92,2025-05-28 09:15:30+00:00,0.071,0.03575,0.1665,0.06925
Parfetts - Birmingham,134.0,6.0,139.92,2025-05-28 09:30:30+00:00,0.1255,0.025,0.17475,0.1195
Parfetts - Birmingham,134.0,6.0,139.92,2025-05-28 09:45:30+00:00,0.09,0.018,0.1755,0.087
Parfetts - Birmingham,134.0,6.0,139.92,2025-05-28 10:00:30+00:00,0.046,0.01575,0.14575,0.046
Parfetts - Birmingham,134.0,6.0,139.92,2025-05-28 10:15:30+00:00,0.056,0.01625,0.14825,0.056
Parfetts - Birmingham,134.0,6.0,139.92,2025-05-28 10:30:30+00:00,0.0875,0.0175,0.1735,0.08625
Parfetts - Birmingham,134.0,6.0,139.92,2025-05-28 10:45:30+00:00,0.1225,0.03825,0.1985,0.11875
Parfetts - Birmingham,134.0,6.0,139.92,2025-05-28 11:00:30+00:00,0.1425,0.04475,0.194,0.138
Parfetts - Birmingham,134.0,6.0,139.92,2025-05-28 11:15:30+00:00,0.09025,0.0475,0.18875,0.089
Parfetts - Birmingham,134.0,6.0,139.92,2025-05-28 11:30:30+00:00,0.1245,0.04875,0.205,0.12125
Parfetts - Birmingham,134.0,6.0,139.92,2025-05-28 11:45:30+00:00,0.1645,0.04625,0.22425,0.15925
Parfetts - Birmingham,134.0,6.0,139.92,2025-05-28 12:00:30+00:00,0.113,0.02475,0.2205,0.111
Parfetts - Birmingham,134.0,6.0,139.92,2025-05-28 12:15:30+00:00,0.09,0.018,0.185,0.08925
Parfetts - Birmingham,134.0,6.0,139.92,2025-05-28 12:30:30+00:00,0.04625,0.0175,0.16475,0.04625
Parfetts - Birmingham,134.0,6.0,139.92,2025-05-28 12:45:30+00:00,0.055,0.01725,0.1755,0.055
Parfetts - Birmingham,134.0,6.0,139.92,2025-05-28 13:00:30+00:00,0.12825,0.0255,0.226,0.12725
Parfetts - Birmingham,134.0,6.0,139.92,2025-05-28 13:15:30+00:00,0.1815,0.0605,0.23125,0.1795
Parfetts - Birmingham,134.0,6.0,139.92,2025-05-28 13:30:30+00:00,0.16425,0.05625,0.22525,0.16375
Parfetts - Birmingham,134.0,6.0,139.92,2025-05-28 13:45:30+00:00,0.0995,0.03525,0.2,0.09975
Parfetts - Birmingham,134.0,6.0,139.92,2025-05-28 14:00:30+00:00,0.08875,0.0365,0.16175,0.0895
Parfetts - Birmingham,134.0,6.0,139.92,2025-05-28 14:15:30+00:00,0.1085,0.04225,0.14775,0.10975
Parfetts - Birmingham,134.0,6.0,139.92,2025-05-28 14:30:30+00:00,0.08725,0.0535,0.144,0.08825
Parfetts - Birmingham,134.0,6.0,139.92,2025-05-28 14:45:30+00:00,0.0995,0.052,0.154,0.10125
Parfetts - Birmingham,134.0,6.0,139.92,2025-05-28 15:00:30+00:00,0.121,0.0555,0.14725,0.12425
Parfetts - Birmingham,134.0,6.0,139.92,2025-05-28 15:15:30+00:00,0.084,0.04975,0.1375,0.08625
Parfetts - Birmingham,134.0,6.0,139.92,2025-05-28 15:30:30+00:00,0.075,0.03825,0.13025,0.077
Parfetts - Birmingham,134.0,6.0,139.92,2025-05-28 15:45:30+00:00,0.09175,0.04025,0.13625,0.09575
Parfetts - Birmingham,134.0,6.0,139.92,2025-05-28 16:00:30+00:00,0.097,0.05275,0.14025,0.1025
Parfetts - Birmingham,134.0,6.0,139.92,2025-05-28 16:15:30+00:00,0.1,0.05875,0.12825,0.1075
Parfetts - Birmingham,134.0,6.0,139.92,2025-05-28 16:30:30+00:00,0.0865,0.0545,0.111,0.0935
Parfetts - Birmingham,134.0,6.0,139.92,2025-05-28 16:45:30+00:00,0.06275,0.04575,0.09725,0.06675
Parfetts - Birmingham,134.0,6.0,139.92,2025-05-28 17:00:30+00:00,0.0625,0.039,0.0855,0.068
Parfetts - Birmingham,134.0,6.0,139.92,2025-05-28 17:15:30+00:00,0.0605,0.041,0.079,0.06775
Parfetts - Birmingham,134.0,6.0,139.92,2025-05-28 17:30:30+00:00,0.0565,0.03875,0.07225,0.06525
Parfetts - Birmingham,134.0,6.0,139.92,2025-05-28 17:45:30+00:00,0.049,0.03375,0.062,0.059
Parfetts - Birmingham,134.0,6.0,139.92,2025-05-28 18:00:30+00:00,0.0405,0.027,0.05325,0.049
Parfetts - Birmingham,134.0,6.0,139.92,2025-05-28 18:15:30+00:00,0.03925,0.01775,0.04325,0.049
Parfetts - Birmingham,134.0,6.0,139.92,2025-05-28 18:30:30+00:00,0.025,0.01025,0.03675,0.03025
Parfetts - Birmingham,134.0,6.0,139.92,2025-05-28 18:45:30+00:00,0.01625,0.0035,0.031,0.01825
Parfetts - Birmingham,134.0,6.0,139.92,2025-05-28 19:00:30+00:00,0.01075,0.00225,0.022,0.0115
Parfetts - Birmingham,134.0,6.0,139.92,2025-05-28 19:15:30+00:00,0.0065,0.00125,0.01375,0.0065
Parfetts - Birmingham,134.0,6.0,139.92,2025-05-28 19:30:30+00:00,0.0035,0.00075,0.00725,0.0035
Parfetts - Birmingham,134.0,6.0,139.92,2025-05-28 19:45:30+00:00,0.0015,0.00025,0.0035,0.0015
Parfetts - Birmingham,134.0,6.0,139.92,2025-05-28 20:00:30+00:00,0.0005,0.0,0.00125,0.0005
Parfetts - Birmingham,134.0,6.0,139.92,2025-05-28 20:15:30+00:00,0.0,0.0,0.0,0.0
Parfetts - Birmingham,134.0,6.0,139.92,2025-05-28 20:30:30+00:00,0.0,0.0,0.0,0.0
Parfetts - Birmingham,134.0,6.0,139.92,2025-05-28 20:45:30+00:00,0.0,0.0,0.0,0.0
Parfetts - Birmingham,134.0,6.0,139.92,2025-05-28 21:00:30+00:00,0.0,0.0,0.0,0.0
Parfetts - Birmingham,134.0,6.0,139.92,2025-05-28 21:15:30+00:00,0.0,0.0,0.0,0.0
Parfetts - Birmingham,134.0,6.0,139.92,2025-05-28 21:30:30+00:00,0.0,0.0,0.0,0.0
Parfetts - Birmingham,134.0,6.0,139.92,2025-05-28 21:45:30+00:00,0.0,0.0,0.0,0.0
Parfetts - Birmingham,134.0,6.0,139.92,2025-05-28 22:00:30+00:00,0.0,0.0,0.0,0.0
Parfetts - Birmingham,134.0,6.0,139.92,2025-05-28 22:15:30+00:00,0.0,0.0,0.0,0.0
Parfetts - Birmingham,134.0,6.0,139.92,2025-05-28 22:30:30+00:00,0.0,0.0,0.0,0.0
Parfetts - Birmingham,134.0,6.0,139.92,2025-05-28 22:45:30+00:00,0.0,0.0,0.0,0.0
Parfetts - Birmingham,134.0,6.0,139.92,2025-05-28 23:00:30+00:00,0.0,0.0,0.0,0.0
Parfetts - Birmingham,134.0,6.0,139.92,2025-05-28 23:15:30+00:00,0.0,0.0,0.0,0.0
Parfetts - Birmingham,134.0,6.0,139.92,2025-05-28 23:30:30+00:00,0.0,0.0,0.0,0.0
Parfetts - Birmingham,134.0,6.0,139.92,2025-05-28 23:45:30+00:00,0.0,0.0,0.0,0.0
Parfetts - Birmingham,134.0,6.0,139.92,2025-05-29 00:00:30+00:00,0.0,0.0,0.0,0.0
Parfetts - Birmingham,134.0,6.0,139.92,2025-05-29 00:15:30+00:00,0.0,0.0,0.0,0.0
Parfetts - Birmingham,134.0,6.0,139.92,2025-05-29 00:30:30+00:00,0.0,0.0,0.0,0.0
Parfetts - Birmingham,134.0,6.0,139.92,2025-05-29 00:45:30+00:00,0.0,0.0,0.0,0.0
Parfetts - Birmingham,134.0,6.0,139.92,2025-05-29 01:00:30+00:00,0.0,0.0,0.0,0.0
Parfetts - Birmingham,134.0,6.0,139.92,2025-05-29 01:15:30+00:00,0.0,0.0,0.0,0.0
Parfetts - Birmingham,134.0,6.0,139.92,2025-05-29 01:30:30+00:00,0.0,0.0,0.0,0.0
Parfetts - Birmingham,134.0,6.0,139.92,2025-05-29 01:45:30+00:00,0.0,0.0,0.0,0.0
Parfetts - Birmingham,134.0,6.0,139.92,2025-05-29 02:00:30+00:00,0.0,0.0,0.0,0.0
Parfetts - Birmingham,134.0,6.0,139.92,2025-05-29 02:15:30+00:00,0.0,0.0,0.0,0.0
Parfetts - Birmingham,134.0,6.0,139.92,2025-05-29 02:30:30+00:00,0.0,0.0,0.0,0.0
Parfetts - Birmingham,134.0,6.0,139.92,2025-05-29 02:45:30+00:00,0.0,0.0,0.0,0.0
Parfetts - Birmingham,134.0,6.0,139.92,2025-05-29 03:00:30+00:00,0.0,0.0,0.0,0.0
Parfetts - Birmingham,134.0,6.0,139.92,2025-05-29 03:15:30+00:00,0.0,0.0,0.0,0.0
Parfetts - Birmingham,134.0,6.0,139.92,2025-05-29 03:30:30+00:00,0.0,0.0,0.0,0.0
Parfetts - Birmingham,134.0,6.0,139.92,2025-05-29 03:45:30+00:00,0.0,0.0,0.0,0.0
Parfetts - Birmingham,134.0,6.0,139.92,2025-05-29 04:00:30+00:00,0.00075,0.00025,0.00175,0.00075
Parfetts - Birmingham,134.0,6.0,139.92,2025-05-29 04:15:30+00:00,0.00225,0.0005,0.005,0.00225
Parfetts - Birmingham,134.0,6.0,139.92,2025-05-29 04:30:30+00:00,0.0045,0.001,0.00875,0.0045
Parfetts - Birmingham,134.0,6.0,139.92,2025-05-29 04:45:30+00:00,0.00625,0.0015,0.012,0.00625
Parfetts - Birmingham,134.0,6.0,139.92,2025-05-29 05:00:30+00:00,0.00475,0.00225,0.0165,0.00475
Parfetts - Birmingham,134.0,6.0,139.92,2025-05-29 05:15:30+00:00,0.01125,0.003,0.02375,0.01125
Parfetts - Birmingham,134.0,6.0,139.92,2025-05-29 05:30:30+00:00,0.01675,0.0035,0.031,0.01675
Parfetts - Birmingham,134.0,6.0,139.92,2025-05-29 05:45:30+00:00,0.02,0.0075,0.03875,0.02
Parfetts - Birmingham,134.0,6.0,139.92,2025-05-29 06:00:30+00:00,0.0335,0.015,0.047,0.03225
Parfetts - Birmingham,134.0,6.0,139.92,2025-05-29 06:15:30+00:00,0.0385,0.01675,0.05375,0.0375
Parfetts - Birmingham,134.0,6.0,139.92,2025-05-29 06:30:30+00:00,0.0325,0.01125,0.05475,0.03225
Parfetts - Birmingham,134.0,6.0,139.92,2025-05-29 06:45:30+00:00,0.0285,0.01425,0.0625,0.0285
Parfetts - Birmingham,134.0,6.0,139.92,2025-05-29 07:00:30+00:00,0.05625,0.017,0.075,0.05425
Parfetts - Birmingham,134.0,6.0,139.92,2025-05-29 07:15:30+00:00,0.05075,0.02725,0.08175,0.04975
Parfetts - Birmingham,134.0,6.0,139.92,2025-05-29 07:30:30+00:00,0.05625,0.0355,0.086,0.0555
Parfetts - Birmingham,134.0,6.0,139.92,2025-05-29 07:45:30+00:00,0.077,0.0505,0.09425,0.07425
Parfetts - Birmingham,134.0,6.0,139.92,2025-05-29 08:00:30+00:00,0.08275,0.056,0.1015,0.07975
Parfetts - Birmingham,134.0,6.0,139.92,2025-05-29 08:15:30+00:00,0.0755,0.0535,0.10075,0.0735
Parfetts - Birmingham,134.0,6.0,139.92,2025-05-29 08:30:30+00:00,0.073,0.05,0.10725,0.0715
Parfetts - Birmingham,134.0,6.0,139.92,2025-05-29 08:45:30+00:00,0.08775,0.0435,0.1295,0.08525
Parfetts - Birmingham,134.0,6.0,139.92,2025-05-29 09:00:30+00:00,0.098,0.04775,0.1555,0.095
Parfetts - Birmingham,134.0,6.0,139.92,2025-05-29 09:15:30+00:00,0.12,0.065,0.18525,0.11475
Parfetts - Birmingham,134.0,6.0,139.92,2025-05-29 09:30:30+00:00,0.15775,0.0895,0.20575,0.1485
Parfetts - Birmingham,134.0,6.0,139.92,2025-05-29 09:45:30+00:00,0.162,0.10625,0.21,0.15275
Parfetts - Birmingham,134.0,6.0,139.92,2025-05-29 10:00:30+00:00,0.1535,0.12175,0.2165,0.1455
Parfetts - Birmingham,134.0,6.0,139.92,2025-05-29 10:15:30+00:00,0.1935,0.1345,0.23025,0.182
Parfetts - Birmingham,134.0,6.0,139.92,2025-05-29 10:30:30+00:00,0.1975,0.13425,0.241,0.18625
Parfetts - Birmingham,134.0,6.0,139.92,2025-05-29 10:45:30+00:00,0.17175,0.112,0.23175,0.164
Parfetts - Birmingham,134.0,6.0,139.92,2025-05-29 11:00:30+00:00,0.14575,0.11075,0.21475,0.141
Parfetts - Birmingham,134.0,6.0,139.92,2025-05-29 11:15:30+00:00,0.17375,0.115,0.219,0.16675
Parfetts - Birmingham,134.0,6.0,139.92,2025-05-29 11:30:30+00:00,0.179,0.1225,0.22975,0.1725
Parfetts - Birmingham,134.0,6.0,139.92,2025-05-29 11:45:30+00:00,0.1745,0.0945,0.227,0.16875
Parfetts - Birmingham,134.0,6.0,139.92,2025-05-29 12:00:30+00:00,0.12675,0.07,0.20975,0.12425
Parfetts - Birmingham,134.0,6.0,139.92,2025-05-29 12:15:30+00:00,0.11825,0.0605,0.17425,0.117
Parfetts - Birmingham,134.0,6.0,139.92,2025-05-29 12:30:30+00:00,0.107,0.07225,0.15025,0.10625
Parfetts - Birmingham,134.0,6.0,139.92,2025-05-29 12:45:30+00:00,0.108,0.0875,0.133,0.1075
Parfetts - Birmingham,134.0,6.0,139.92,2025-05-29 13:00:30+00:00,0.11525,0.0915,0.13125,0.115
Parfetts - Birmingham,134.0,6.0,139.92,2025-05-29 13:15:30+00:00,0.1105,0.06875,0.15125,0.1105
Parfetts - Birmingham,134.0,6.0,139.92,2025-05-29 13:30:30+00:00,0.1035,0.04525,0.1695,0.10375
Parfetts - Birmingham,134.0,6.0,139.92,2025-05-29 13:45:30+00:00,0.10725,0.0455,0.21075,0.10775
Parfetts - Birmingham,134.0,6.0,139.92,2025-05-29 14:00:30+00:00,0.1725,0.06875,0.2135,0.17375
Parfetts - Birmingham,134.0,6.0,139.92,2025-05-29 14:15:30+00:00,0.1595,0.082,0.206,0.1615
Parfetts - Birmingham,134.0,6.0,139.92,2025-05-29 14:30:30+00:00,0.1245,0.069,0.191,0.1265
Parfetts - Birmingham,134.0,6.0,139.92,2025-05-29 14:45:30+00:00,0.10525,0.0645,0.15475,0.10725
Parfetts - Birmingham,134.0,6.0,139.92,2025-05-29 15:00:30+00:00,0.09825,0.0665,0.13075,0.1005
Parfetts - Birmingham,134.0,6.0,139.92,2025-05-29 15:15:30+00:00,0.09175,0.0685,0.11625,0.094
Parfetts - Birmingham,134.0,6.0,139.92,2025-05-29 15:30:30+00:00,0.08675,0.06675,0.115,0.0895
Parfetts - Birmingham,134.0,6.0,139.92,2025-05-29 15:45:30+00:00,0.09325,0.066,0.117,0.09725
Parfetts - Birmingham,134.0,6.0,139.92,2025-05-29 16:00:30+00:00,0.094,0.069,0.1115,0.099
Parfetts - Birmingham,134.0,6.0,139.92,2025-05-29 16:15:30+00:00,0.08375,0.069,0.1045,0.08825
Parfetts - Birmingham,134.0,6.0,139.92,2025-05-29 16:30:30+00:00,0.08125,0.06275,0.0905,0.08675
Parfetts - Birmingham,134.0,6.0,139.92,2025-05-29 16:45:30+00:00,0.066,0.056,0.082,0.0705
Parfetts - Birmingham,134.0,6.0,139.92,2025-05-29 17:00:30+00:00,0.0595,0.049,0.07125,0.0635
Parfetts - Birmingham,134.0,6.0,139.92,2025-05-29 17:15:30+00:00,0.054,0.04475,0.064,0.05875
Parfetts - Birmingham,134.0,6.0,139.92,2025-05-29 17:30:30+00:00,0.04925,0.04025,0.058,0.05425
Parfetts - Birmingham,134.0,6.0,139.92,2025-05-29 17:45:30+00:00,0.04325,0.03275,0.05325,0.04925
Parfetts - Birmingham,134.0,6.0,139.92,2025-05-29 18:00:30+00:00,0.03625,0.023,0.04675,0.04275
Parfetts - Birmingham,134.0,6.0,139.92,2025-05-29 18:15:30+00:00,0.02725,0.01525,0.04125,0.031
Parfetts - Birmingham,134.0,6.0,139.92,2025-05-29 18:30:30+00:00,0.0205,0.0115,0.037,0.0225
Parfetts - Birmingham,134.0,6.0,139.92,2025-05-29 18:45:30+00:00,0.02075,0.00775,0.02625,0.026
Parfetts - Birmingham,134.0,6.0,139.92,2025-05-29 19:00:30+00:00,0.013,0.0065,0.02175,0.01575
Parfetts - Birmingham,134.0,6.0,139.92,2025-05-29 19:15:30+00:00,0.0085,0.0035,0.01525,0.00925
Parfetts - Birmingham,134.0,6.0,139.92,2025-05-29 19:30:30+00:00,0.0055,0.00175,0.00925,0.00575
Parfetts - Birmingham,134.0,6.0,139.92,2025-05-29 19:45:30+00:00,0.00225,0.00125,0.0045,0.00225
Parfetts - Birmingham,134.0,6.0,139.92,2025-05-29 20:00:30+00:00,0.001,0.0005,0.00175,0.001
Parfetts - Birmingham,134.0,6.0,139.92,2025-05-29 20:15:30+00:00,0.0,0.0,0.0,0.0
Parfetts - Birmingham,134.0,6.0,139.92,2025-05-29 20:30:30+00:00,0.0,0.0,0.0,0.0
Parfetts - Birmingham,134.0,6.0,139.92,2025-05-29 20:45:30+00:00,0.0,0.0,0.0,0.0
Parfetts - Birmingham,134.0,6.0,139.92,2025-05-29 21:00:30+00:00,0.0,0.0,0.0,0.0
Parfetts - Birmingham,134.0,6.0,139.92,2025-05-29 21:15:30+00:00,0.0,0.0,0.0,0.0
Parfetts - Birmingham,134.0,6.0,139.92,2025-05-29 21:30:30+00:00,0.0,0.0,0.0,0.0
Parfetts - Birmingham,134.0,6.0,139.92,2025-05-29 21:45:30+00:00,0.0,0.0,0.0,0.0
Parfetts - Birmingham,134.0,6.0,139.92,2025-05-29 22:00:30+00:00,0.0,0.0,0.0,0.0
Parfetts - Birmingham,134.0,6.0,139.92,2025-05-29 22:15:30+00:00,0.0,0.0,0.0,0.0
Parfetts - Birmingham,134.0,6.0,139.92,2025-05-29 22:30:30+00:00,0.0,0.0,0.0,0.0
Parfetts - Birmingham,134.0,6.0,139.92,2025-05-29 22:45:30+00:00,0.0,0.0,0.0,0.0
Parfetts - Birmingham,134.0,6.0,139.92,2025-05-29 23:00:30+00:00,0.0,0.0,0.0,0.0
Parfetts - Birmingham,134.0,6.0,139.92,2025-05-29 23:15:30+00:00,0.0,0.0,0.0,0.0
Parfetts - Birmingham,134.0,6.0,139.92,2025-05-29 23:30:30+00:00,0.0,0.0,0.0,0.0
Parfetts - Birmingham,134.0,6.0,139.92,2025-05-29 23:45:30+00:00,0.0,0.0,0.0,0.0
Parfetts - Birmingham,134.0,6.0,139.92,2025-05-30 00:00:30+00:00,0.0,0.0,0.0,0.0
Parfetts - Birmingham,134.0,6.0,139.92,2025-05-30 00:15:30+00:00,0.0,0.0,0.0,0.0
Parfetts - Birmingham,134.0,6.0,139.92,2025-05-30 00:30:30+00:00,0.0,0.0,0.0,0.0
Parfetts - Birmingham,134.0,6.0,139.92,2025-05-30 00:45:30+00:00,0.0,0.0,0.0,0.0
Parfetts - Birmingham,134.0,6.0,139.92,2025-05-30 01:00:30+00:00,0.0,0.0,0.0,0.0
Parfetts - Birmingham,134.0,6.0,139.92,2025-05-30 01:15:30+00:00,0.0,0.0,0.0,0.0
Parfetts - Birmingham,134.0,6.0,139.92,2025-05-30 01:30:30+00:00,0.0,0.0,0.0,0.0
Parfetts - Birmingham,134.0,6.0,139.92,2025-05-30 01:45:30+00:00,0.0,0.0,0.0,0.0
Parfetts - Birmingham,134.0,6.0,139.92,2025-05-30 02:00:30+00:00,0.0,0.0,0.0,0.0
Parfetts - Birmingham,134.0,6.0,139.92,2025-05-30 02:15:30+00:00,0.0,0.0,0.0,0.0
Parfetts - Birmingham,134.0,6.0,139.92,2025-05-30 02:30:30+00:00,0.0,0.0,0.0,0.0
Parfetts - Birmingham,134.0,6.0,139.92,2025-05-30 02:45:30+00:00,0.0,0.0,0.0,0.0
Parfetts - Birmingham,134.0,6.0,139.92,2025-05-30 03:00:30+00:00,0.0,0.0,0.0,0.0
Parfetts - Birmingham,134.0,6.0,139.92,2025-05-30 03:15:30+00:00,0.0,0.0,0.0,0.0
Parfetts - Birmingham,134.0,6.0,139.92,2025-05-30 03:30:30+00:00,0.0,0.0,0.0,0.0
Parfetts - Birmingham,134.0,6.0,139.92,2025-05-30 03:45:30+00:00,0.0,0.0,0.0,0.0
Parfetts - Birmingham,134.0,6.0,139.92,2025-05-30 04:00:30+00:00,0.00175,0.0015,0.00225,0.002
Parfetts - Birmingham,134.0,6.0,139.92,2025-05-30 04:15:30+00:00,0.0065,0.0045,0.008,0.0055
Parfetts - Birmingham,134.0,6.0,139.92,2025-05-30 04:30:30+00:00,0.01325,0.00925,0.01625,0.0115
Parfetts - Birmingham,134.0,6.0,139.92,2025-05-30 04:45:30+00:00,0.02175,0.0155,0.0255,0.01875
Parfetts - Birmingham,134.0,6.0,139.92,2025-05-30 05:00:30+00:00,0.031,0.021,0.03525,0.02675
Parfetts - Birmingham,134.0,6.0,139.92,2025-05-30 05:15:30+00:00,0.0405,0.0245,0.04575,0.03525
Parfetts - Birmingham,134.0,6.0,139.92,2025-05-30 05:30:30+00:00,0.051,0.0215,0.05575,0.04525
Parfetts - Birmingham,134.0,6.0,139.92,2025-05-30 05:45:30+00:00,0.04275,0.01275,0.064,0.0395
Parfetts - Birmingham,134.0,6.0,139.92,2025-05-30 06:00:30+00:00,0.03325,0.0065,0.066,0.03225
Parfetts - Birmingham,134.0,6.0,139.92,2025-05-30 06:15:30+00:00,0.0325,0.01175,0.07675,0.03225
Parfetts - Birmingham,134.0,6.0,139.92,2025-05-30 06:30:30+00:00,0.072,0.0215,0.097,0.06625
Parfetts - Birmingham,134.0,6.0,139.92,2025-05-30 06:45:30+00:00,0.06875,0.01925,0.1035,0.0645
Parfetts - Birmingham,134.0,6.0,139.92,2025-05-30 07:00:30+00:00,0.04225,0.01,0.098,0.0415
Parfetts - Birmingham,134.0,6.0,139.92,2025-05-30 07:15:30+00:00,0.05375,0.017,0.11275,0.05225
Parfetts - Birmingham,134.0,6.0,139.92,2025-05-30 07:30:30+00:00,0.10275,0.0315,0.1335,0.0955
Parfetts - Birmingham,134.0,6.0,139.92,2025-05-30 07:45:30+00:00,0.086,0.039,0.1375,0.0815
Parfetts - Birmingham,134.0,6.0,139.92,2025-05-30 08:00:30+00:00,0.076,0.04125,0.11975,0.0735
Parfetts - Birmingham,134.0,6.0,139.92,2025-05-30 08:15:30+00:00,0.081,0.0435,0.11525,0.0785
Parfetts - Birmingham,134.0,6.0,139.92,2025-05-30 08:30:30+00:00,0.08075,0.05525,0.122,0.0785
Parfetts - Birmingham,134.0,6.0,139.92,2025-05-30 08:45:30+00:00,0.106,0.0655,0.144,0.10125
Parfetts - Birmingham,134.0,6.0,139.92,2025-05-30 09:00:30+00:00,0.126,0.08375,0.15475,0.12
Parfetts - Birmingham,134.0,6.0,139.92,2025-05-30 09:15:30+00:00,0.1245,0.09325,0.155,0.119
Parfetts - Birmingham,134.0,6.0,139.92,2025-05-30 09:30:30+00:00,0.1215,0.103,0.157,0.1165
Parfetts - Birmingham,134.0,6.0,139.92,2025-05-30 09:45:30+00:00,0.1445,0.10975,0.16725,0.138
Parfetts - Birmingham,134.0,6.0,139.92,2025-05-30 10:00:30+00:00,0.1485,0.1185,0.1815,0.14225
Parfetts - Birmingham,134.0,6.0,139.92,2025-05-30 10:15:30+00:00,0.15775,0.12075,0.192,0.15
Parfetts - Birmingham,134.0,6.0,139.92,2025-05-30 10:30:30+00:00,0.161,0.11225,0.19125,0.1535
Parfetts - Birmingham,134.0,6.0,139.92,2025-05-30 10:45:30+00:00,0.13425,0.0985,0.183,0.13
Parfetts - Birmingham,134.0,6.0,139.92,2025-05-30 11:00:30+00:00,0.12725,0.09225,0.17575,0.1245
Parfetts - Birmingham,134.0,6.0,139.92,2025-05-30 11:15:30+00:00,0.142,0.092,0.176,0.138
Parfetts - Birmingham,134.0,6.0,139.92,2025-05-30 11:30:30+00:00,0.13025,0.0855,0.169,0.127
Parfetts - Birmingham,134.0,6.0,139.92,2025-05-30 11:45:30+00:00,0.108,0.0785,0.15675,0.10675
Parfetts - Birmingham,134.0,6.0,139.92,2025-05-30 12:00:30+00:00,0.11525,0.078,0.14475,0.11375
Parfetts - Birmingham,134.0,6.0,139.92,2025-05-30 12:15:30+00:00,0.11,0.082,0.1365,0.109
Parfetts - Birmingham,134.0,6.0,139.92,2025-05-30 12:30:30+00:00,0.10225,0.0855,0.1325,0.1015
Parfetts - Birmingham,134.0,6.0,139.92,2025-05-30 12:45:30+00:00,0.11475,0.08475,0.13125,0.114
Parfetts - Birmingham,134.0,6.0,139.92,2025-05-30 13:00:30+00:00,0.1065,0.0825,0.135,0.10625
Parfetts - Birmingham,134.0,6.0,139.92,2025-05-30 13:15:30+00:00,0.1045,0.0775,0.13475,0.1045
Parfetts - Birmingham,134.0,6.0,139.92,2025-05-30 13:30:30+00:00,0.107,0.0655,0.131,0.10725
Parfetts - Birmingham,134.0,6.0,139.92,2025-05-30 13:45:30+00:00,0.08275,0.06075,0.12725,0.08325
Parfetts - Birmingham,134.0,6.0,139.92,2025-05-30 14:00:30+00:00,0.092,0.059,0.127,0.09275
Parfetts - Birmingham,134.0,6.0,139.92,2025-05-30 14:15:30+00:00,0.1035,0.0605,0.124,0.1045
Parfetts - Birmingham,134.0,6.0,139.92,2025-05-30 14:30:30+00:00,0.08125,0.0565,0.1215,0.08225
Parfetts - Birmingham,134.0,6.0,139.92,2025-05-30 14:45:30+00:00,0.082,0.05275,0.119,0.08325
Parfetts - Birmingham,134.0,6.0,139.92,2025-05-30 15:00:30+00:00,0.09325,0.058,0.12425,0.09525
Parfetts - Birmingham,134.0,6.0,139.92,2025-05-30 15:15:30+00:00,0.09725,0.06425,0.1215,0.1
Parfetts - Birmingham,134.0,6.0,139.92,2025-05-30 15:30:30+00:00,0.088,0.059,0.11475,0.0905
Parfetts - Birmingham,134.0,6.0,139.92,2025-05-30 15:45:30+00:00,0.07525,0.04575,0.1075,0.07775
Parfetts - Birmingham,134.0,6.0,139.92,2025-05-30 16:00:30+00:00,0.0665,0.02875,0.10075,0.0685
Parfetts - Birmingham,134.0,6.0,139.92,2025-05-30 16:15:30+00:00,0.05275,0.02625,0.1055,0.054
Parfetts - Birmingham,134.0,6.0,139.92,2025-05-30 16:30:30+00:00,0.0745,0.02725,0.10425,0.0795
Parfetts - Birmingham,134.0,6.0,139.92,2025-05-30 16:45:30+00:00,0.0705,0.042,0.1015,0.07575
Parfetts - Birmingham,134.0,6.0,139.92,2025-05-30 17:00:30+00:00,0.06825,0.04525,0.08375,0.07525
Parfetts - Birmingham,134.0,6.0,139.92,2025-05-30 17:15:30+00:00,0.0565,0.0445,0.07225,0.06175
Parfetts - Birmingham,134.0,6.0,139.92,2025-05-30 17:30:30+00:00,0.04925,0.0345,0.0685,0.0545
Parfetts - Birmingham,134.0,6.0,139.92,2025-05-30 17:45:30+00:00,0.04675,0.028,0.06575,0.05425
Parfetts - Birmingham,134.0,6.0,139.92,2025-05-30 18:00:30+00:00,0.04425,0.026,0.0525,0.0555
Parfetts - Birmingham,134.0,6.0,139.92,2025-05-30 18:15:30+00:00,0.03675,0.0245,0.04125,0.04975
Parfetts - Birmingham,134.0,6.0,139.92,2025-05-30 18:30:30+00:00,0.02875,0.01925,0.0315,0.042
Parfetts - Birmingham,134.0,6.0,139.92,2025-05-30 18:45:30+00:00,0.02275,0.0135,0.02425,0.0345
Parfetts - Birmingham,134.0,6.0,139.92,2025-05-30 19:00:30+00:00,0.01625,0.00675,0.019,0.0235
Parfetts - Birmingham,134.0,6.0,139.92,2025-05-30 19:15:30+00:00,0.009,0.003,0.01575,0.01075
Parfetts - Birmingham,134.0,6.0,139.92,2025-05-30 19:30:30+00:00,0.005,0.001,0.01125,0.00525
Parfetts - Birmingham,134.0,6.0,139.92,2025-05-30 19:45:30+00:00,0.00225,0.0005,0.005,0.00225
Parfetts - Birmingham,134.0,6.0,139.92,2025-05-30 20:00:30+00:00,0.001,0.00025,0.00175,0.001
Parfetts - Birmingham,134.0,6.0,139.92,2025-05-30 20:15:30+00:00,0.0,0.0,0.0,0.0
Parfetts - Birmingham,134.0,6.0,139.92,2025-05-30 20:30:30+00:00,0.0,0.0,0.0,0.0
Parfetts - Birmingham,134.0,6.0,139.92,2025-05-30 20:45:30+00:00,0.0,0.0,0.0,0.0
Parfetts - Birmingham,134.0,6.0,139.92,2025-05-30 21:00:30+00:00,0.0,0.0,0.0,0.0
Parfetts - Birmingham,134.0,6.0,139.92,2025-05-30 21:15:30+00:00,0.0,0.0,0.0,0.0
Parfetts - Birmingham,134.0,6.0,139.92,2025-05-30 21:30:30+00:00,0.0,0.0,0.0,0.0
Parfetts - Birmingham,134.0,6.0,139.92,2025-05-30 21:45:30+00:00,0.0,0.0,0.0,0.0
Parfetts - Birmingham,134.0,6.0,139.92,2025-05-30 22:00:30+00:00,0.0,0.0,0.0,0.0
Parfetts - Birmingham,134.0,6.0,139.92,2025-05-30 22:15:30+00:00,0.0,0.0,0.0,0.0
Parfetts - Birmingham,134.0,6.0,139.92,2025-05-30 22:30:30+00:00,0.0,0.0,0.0,0.0
Parfetts - Birmingham,134.0,6.0,139.92,2025-05-30 22:45:30+00:00,0.0,0.0,0.0,0.0
Parfetts - Birmingham,134.0,6.0,139.92,2025-05-30 23:00:30+00:00,0.0,0.0,0.0,0.0
Parfetts - Birmingham,134.0,6.0,139.92,2025-05-30 23:15:30+00:00,0.0,0.0,0.0,0.0
Parfetts - Birmingham,134.0,6.0,139.92,2025-05-30 23:30:30+00:00,0.0,0.0,0.0,0.0
Parfetts - Birmingham,134.0,6.0,139.92,2025-05-30 23:45:30+00:00,0.0,0.0,0.0,0.0
Parfetts - Birmingham,134.0,6.0,139.92,2025-05-31 00:00:30+00:00,0.0,0.0,0.0,0.0
Parfetts - Birmingham,134.0,6.0,139.92,2025-05-31 00:15:30+00:00,0.0,0.0,0.0,0.0
Parfetts - Birmingham,134.0,6.0,139.92,2025-05-31 00:30:30+00:00,0.0,0.0,0.0,0.0
Parfetts - Birmingham,134.0,6.0,139.92,2025-05-31 00:45:30+00:00,0.0,0.0,0.0,0.0
Parfetts - Birmingham,134.0,6.0,139.92,2025-05-31 01:00:30+00:00,0.0,0.0,0.0,0.0
Parfetts - Birmingham,134.0,6.0,139.92,2025-05-31 01:15:30+00:00,0.0,0.0,0.0,0.0
Parfetts - Birmingham,134.0,6.0,139.92,2025-05-31 01:30:30+00:00,0.0,0.0,0.0,0.0
Parfetts - Birmingham,134.0,6.0,139.92,2025-05-31 01:45:30+00:00,0.0,0.0,0.0,0.0
Parfetts - Birmingham,134.0,6.0,139.92,2025-05-31 02:00:30+00:00,0.0,0.0,0.0,0.0
Parfetts - Birmingham,134.0,6.0,139.92,2025-05-31 02:15:30+00:00,0.0,0.0,0.0,0.0
Parfetts - Birmingham,134.0,6.0,139.92,2025-05-31 02:30:30+00:00,0.0,0.0,0.0,0.0
Parfetts - Birmingham,134.0,6.0,139.92,2025-05-31 02:45:30+00:00,0.0,0.0,0.0,0.0
Parfetts - Birmingham,134.0,6.0,139.92,2025-05-31 03:00:30+00:00,0.0,0.0,0.0,0.0
Parfetts - Birmingham,134.0,6.0,139.92,2025-05-31 03:15:30+00:00,0.0,0.0,0.0,0.0
Parfetts - Birmingham,134.0,6.0,139.92,2025-05-31 03:30:30+00:00,0.0,0.0,0.0,0.0
Parfetts - Birmingham,134.0,6.0,139.92,2025-05-31 03:45:30+00:00,0.0005,0.00025,0.00075,0.0005
Parfetts - Birmingham,134.0,6.0,139.92,2025-05-31 04:00:30+00:00,0.00125,0.00075,0.00225,0.00125
Parfetts - Birmingham,134.0,6.0,139.92,2025-05-31 04:15:30+00:00,0.0035,0.00175,0.00625,0.00375
Parfetts - Birmingham,134.0,6.0,139.92,2025-05-31 04:30:30+00:00,0.00725,0.00375,0.01225,0.00725
Parfetts - Birmingham,134.0,6.0,139.92,2025-05-31 04:45:30+00:00,0.0135,0.00775,0.0205,0.013
Parfetts - Birmingham,134.0,6.0,139.92,2025-05-31 05:00:30+00:00,0.02125,0.01025,0.0275,0.02
Parfetts - Birmingham,134.0,6.0,139.92,2025-05-31 05:15:30+00:00,0.02075,0.01175,0.0335,0.02025
Parfetts - Birmingham,134.0,6.0,139.92,2025-05-31 05:30:30+00:00,0.0265,0.01425,0.03825,0.02575
Parfetts - Birmingham,134.0,6.0,139.92,2025-05-31 05:45:30+00:00,0.03125,0.0175,0.04275,0.03025
Parfetts - Birmingham,134.0,6.0,139.92,2025-05-31 06:00:30+00:00,0.03225,0.0205,0.04425,0.03175
Parfetts - Birmingham,134.0,6.0,139.92,2025-05-31 06:15:30+00:00,0.0335,0.02425,0.0465,0.03325
Parfetts - Birmingham,134.0,6.0,139.92,2025-05-31 06:30:30+00:00,0.0405,0.0295,0.0515,0.04
Parfetts - Birmingham,134.0,6.0,139.92,2025-05-31 06:45:30+00:00,0.04775,0.037,0.0585,0.0465
Parfetts - Birmingham,134.0,6.0,139.92,2025-05-31 07:00:30+00:00,0.05425,0.04375,0.06575,0.05275
Parfetts - Birmingham,134.0,6.0,139.92,2025-05-31 07:15:30+00:00,0.06225,0.051,0.073,0.0605
Parfetts - Birmingham,134.0,6.0,139.92,2025-05-31 07:30:30+00:00,0.069,0.0575,0.08,0.06675
Parfetts - Birmingham,134.0,6.0,139.92,2025-05-31 07:45:30+00:00,0.0745,0.062,0.0885,0.07225
Parfetts - Birmingham,134.0,6.0,139.92,2025-05-31 08:00:30+00:00,0.08275,0.063,0.1025,0.07975
Parfetts - Birmingham,134.0,6.0,139.92,2025-05-31 08:15:30+00:00,0.09075,0.0615,0.1225,0.0875
Parfetts - Birmingham,134.0,6.0,139.92,2025-05-31 08:30:30+00:00,0.102,0.06625,0.1455,0.09825
Parfetts - Birmingham,134.0,6.0,139.92,2025-05-31 08:45:30+00:00,0.12575,0.08325,0.1685,0.11925
Parfetts - Birmingham,134.0,6.0,139.92,2025-05-31 09:00:30+00:00,0.1495,0.10775,0.17975,0.14025
Parfetts - Birmingham,134.0,6.0,139.92,2025-05-31 09:15:30+00:00,0.15375,0.1235,0.18,0.1445
Parfetts - Birmingham,134.0,6.0,139.92,2025-05-31 09:30:30+00:00,0.151,0.13375,0.18,0.14275
Parfetts - Birmingham,134.0,6.0,139.92,2025-05-31 09:45:30+00:00,0.1665,0.14125,0.1885,0.157
Parfetts - Birmingham,134.0,6.0,139.92,2025-05-31 10:00:30+00:00,0.17725,0.15025,0.2025,0.1665
Parfetts - Birmingham,134.0,6.0,139.92,2025-05-31 10:15:30+00:00,0.18375,0.15225,0.2075,0.17325
Parfetts - Birmingham,134.0,6.0,139.92,2025-05-31 10:30:30+00:00,0.17675,0.14675,0.2045,0.16825
Parfetts - Birmingham,134.0,6.0,139.92,2025-05-31 10:45:30+00:00,0.1665,0.1445,0.197,0.15925
Parfetts - Birmingham,134.0,6.0,139.92,2025-05-31 11:00:30+00:00,0.169,0.14875,0.18975,0.162
Parfetts - Birmingham,134.0,6.0,139.92,2025-05-31 11:15:30+00:00,0.17175,0.157,0.18575,0.16525
Parfetts - Birmingham,134.0,6.0,139.92,2025-05-31 11:30:30+00:00,0.173,0.1565,0.18975,0.167
Parfetts - Birmingham,134.0,6.0,139.92,2025-05-31 11:45:30+00:00,0.17375,0.1475,0.19925,0.16825
Parfetts - Birmingham,134.0,6.0,139.92,2025-05-31 12:00:30+00:00,0.17275,0.12825,0.205,0.168
Parfetts - Birmingham,134.0,6.0,139.92,2025-05-31 12:15:30+00:00,0.152,0.115,0.2225,0.149
Parfetts - Birmingham,134.0,6.0,139.92,2025-05-31 12:30:30+00:00,0.1825,0.089,0.2285,0.1785
Parfetts - Birmingham,134.0,6.0,139.92,2025-05-31 12:45:30+00:00,0.139,0.063,0.22525,0.1375
Parfetts - Birmingham,134.0,6.0,139.92,2025-05-31 13:00:30+00:00,0.1105,0.04225,0.18875,0.11025
Parfetts - Birmingham,134.0,6.0,139.92,2025-05-31 13:15:30+00:00,0.09675,0.0395,0.16325,0.09675
Parfetts - Birmingham,134.0,6.0,139.92,2025-05-31 13:30:30+00:00,0.096,0.05575,0.16275,0.09625
Parfetts - Birmingham,134.0,6.0,139.92,2025-05-31 13:45:30+00:00,0.13475,0.065,0.1745,0.135
Parfetts - Birmingham,134.0,6.0,139.92,2025-05-31 14:00:30+00:00,0.12725,0.0885,0.17675,0.128
Parfetts - Birmingham,134.0,6.0,139.92,2025-05-31 14:15:30+00:00,0.13525,0.097,0.164,0.13675
Parfetts - Birmingham,134.0,6.0,139.92,2025-05-31 14:30:30+00:00,0.1285,0.09475,0.161,0.13075
Parfetts - Birmingham,134.0,6.0,139.92,2025-05-31 14:45:30+00:00,0.11975,0.07175,0.161,0.122
Parfetts - Birmingham,134.0,6.0,139.92,2025-05-31 15:00:30+00:00,0.1005,0.04475,0.149,0.10275
Parfetts - Birmingham,134.0,6.0,139.92,2025-05-31 15:15:30+00:00,0.07,0.0275,0.1285,0.07125
Parfetts - Birmingham,134.0,6.0,139.92,2025-05-31 15:30:30+00:00,0.06275,0.01725,0.11625,0.06375
Parfetts - Birmingham,134.0,6.0,139.92,2025-05-31 15:45:30+00:00,0.066,0.02525,0.1225,0.06775
Parfetts - Birmingham,134.0,6.0,139.92,2025-05-31 16:00:30+00:00,0.09075,0.0375,0.126,0.09525
Parfetts - Birmingham,134.0,6.0,139.92,2025-05-31 16:15:30+00:00,0.08875,0.05025,0.122,0.094
Parfetts - Birmingham,134.0,6.0,139.92,2025-05-31 16:30:30+00:00,0.07875,0.04825,0.105,0.0835
Parfetts - Birmingham,134.0,6.0,139.92,2025-05-31 16:45:30+00:00,0.0625,0.0415,0.08675,0.066
Parfetts - Birmingham,134.0,6.0,139.92,2025-05-31 17:00:30+00:00,0.05075,0.035,0.073,0.05325
Parfetts - Birmingham,134.0,6.0,139.92,2025-05-31 17:15:30+00:00,0.04775,0.031,0.06375,0.0505
Parfetts - Birmingham,134.0,6.0,139.92,2025-05-31 17:30:30+00:00,0.0435,0.03,0.05975,0.0465
Parfetts - Birmingham,134.0,6.0,139.92,2025-05-31 17:45:30+00:00,0.0425,0.0275,0.05525,0.04675
Parfetts - Birmingham,134.0,6.0,139.92,2025-05-31 18:00:30+00:00,0.03775,0.02625,0.0485,0.04275
Parfetts - Birmingham,134.0,6.0,139.92,2025-05-31 18:15:30+00:00,0.03175,0.022,0.04125,0.0375
Parfetts - Birmingham,134.0,6.0,139.92,2025-05-31 18:30:30+00:00,0.0255,0.016,0.03425,0.031
Parfetts - Birmingham,134.0,6.0,139.92,2025-05-31 18:45:30+00:00,0.01875,0.00925,0.0285,0.02275
Parfetts - Birmingham,134.0,6.0,139.92,2025-05-31 19:00:30+00:00,0.01275,0.004,0.02275,0.014
Parfetts - Birmingham,134.0,6.0,139.92,2025-05-31 19:15:30+00:00,0.00725,0.0015,0.0155,0.0075
Parfetts - Birmingham,134.0,6.0,139.92,2025-05-31 19:30:30+00:00,0.004,0.00075,0.0085,0.004
Parfetts - Birmingham,134.0,6.0,139.92,2025-05-31 19:45:30+00:00,0.00175,0.00025,0.004,0.00175
Parfetts - Birmingham,134.0,6.0,139.92,2025-05-31 20:00:30+00:00,0.00075,0.00025,0.0015,0.00075
Parfetts - Birmingham,134.0,6.0,139.92,2025-05-31 20:15:30+00:00,0.0,0.0,0.0,0.0
Parfetts - Birmingham,134.0,6.0,139.92,2025-05-31 20:30:30+00:00,0.0,0.0,0.0,0.0
Parfetts - Birmingham,134.0,6.0,139.92,2025-05-31 20:45:30+00:00,0.0,0.0,0.0,0.0
Parfetts - Birmingham,134.0,6.0,139.92,2025-05-31 21:00:30+00:00,0.0,0.0,0.0,0.0
Parfetts - Birmingham,134.0,6.0,139.92,2025-05-31 21:15:30+00:00,0.0,0.0,0.0,0.0
Parfetts - Birmingham,134.0,6.0,139.92,2025-05-31 21:30:30+00:00,0.0,0.0,0.0,0.0
Parfetts - Birmingham,134.0,6.0,139.92,2025-05-31 21:45:30+00:00,0.0,0.0,0.0,0.0
Parfetts - Birmingham,134.0,6.0,139.92,2025-05-31 22:00:30+00:00,0.0,0.0,0.0,0.0
Parfetts - Birmingham,134.0,6.0,139.92,2025-05-31 22:15:30+00:00,0.0,0.0,0.0,0.0
Parfetts - Birmingham,134.0,6.0,139.92,2025-05-31 22:30:30+00:00,0.0,0.0,0.0,0.0
Parfetts - Birmingham,134.0,6.0,139.92,2025-05-31 22:45:30+00:00,0.0,0.0,0.0,0.0
Parfetts - Birmingham,134.0,6.0,139.92,2025-05-31 23:00:30+00:00,0.0,0.0,0.0,0.0
Parfetts - Birmingham,134.0,6.0,139.92,2025-05-31 23:15:30+00:00,0.0,0.0,0.0,0.0
Parfetts - Birmingham,134.0,6.0,139.92,2025-05-31 23:30:30+00:00,0.0,0.0,0.0,0.0
Parfetts - Birmingham,134.0,6.0,139.92,2025-05-31 23:45:30+00:00,0.0,0.0,0.0,0.0
Parfetts - Birmingham,314.0,6.0,106.53,2025-05-01 00:00:30+00:00,0.0,0.0,0.0,0.0
Parfetts - Birmingham,314.0,6.0,106.53,2025-05-01 00:15:30+00:00,0.0,0.0,0.0,0.0
Parfetts - Birmingham,314.0,6.0,106.53,2025-05-01 00:30:30+00:00,0.0,0.0,0.0,0.0
Parfetts - Birmingham,314.0,6.0,106.53,2025-05-01 00:45:30+00:00,0.0,0.0,0.0,0.0
Parfetts - Birmingham,314.0,6.0,106.53,2025-05-01 01:00:30+00:00,0.0,0.0,0.0,0.0
Parfetts - Birmingham,314.0,6.0,106.53,2025-05-01 01:15:30+00:00,0.0,0.0,0.0,0.0
Parfetts - Birmingham,314.0,6.0,106.53,2025-05-01 01:30:30+00:00,0.0,0.0,0.0,0.0
Parfetts - Birmingham,314.0,6.0,106.53,2025-05-01 01:45:30+00:00,0.0,0.0,0.0,0.0
Parfetts - Birmingham,314.0,6.0,106.53,2025-05-01 02:00:30+00:00,0.0,0.0,0.0,0.0
Parfetts - Birmingham,314.0,6.0,106.53,2025-05-01 02:15:30+00:00,0.0,0.0,0.0,0.0
Parfetts - Birmingham,314.0,6.0,106.53,2025-05-01 02:30:30+00:00,0.0,0.0,0.0,0.0
Parfetts - Birmingham,314.0,6.0,106.53,2025-05-01 02:45:30+00:00,0.0,0.0,0.0,0.0
Parfetts - Birmingham,314.0,6.0,106.53,2025-05-01 03:00:30+00:00,0.0,0.0,0.0,0.0
Parfetts - Birmingham,314.0,6.0,106.53,2025-05-01 03:15:30+00:00,0.0,0.0,0.0,0.0
Parfetts - Birmingham,314.0,6.0,106.53,2025-05-01 03:30:30+00:00,0.0,0.0,0.0,0.0
Parfetts - Birmingham,314.0,6.0,106.53,2025-05-01 03:45:30+00:00,0.0,0.0,0.0,0.0
Parfetts - Birmingham,314.0,6.0,106.53,2025-05-01 04:00:30+00:00,0.0,0.0,0.0,0.0
Parfetts - Birmingham,314.0,6.0,106.53,2025-05-01 04:15:30+00:00,0.0,0.0,0.0,0.0
Parfetts - Birmingham,314.0,6.0,106.53,2025-05-01 04:30:30+00:00,0.00075,0.0005,0.00125,0.00075
Parfetts - Birmingham,314.0,6.0,106.53,2025-05-01 04:45:30+00:00,0.00225,0.002,0.003,0.00225
Parfetts - Birmingham,314.0,6.0,106.53,2025-05-01 05:00:30+00:00,0.00575,0.004,0.00775,0.0065
Parfetts - Birmingham,314.0,6.0,106.53,2025-05-01 05:15:30+00:00,0.0105,0.007,0.01375,0.01225
Parfetts - Birmingham,314.0,6.0,106.53,2025-05-01 05:30:30+00:00,0.0165,0.0115,0.02075,0.0195
Parfetts - Birmingham,314.0,6.0,106.53,2025-05-01 05:45:30+00:00,0.0235,0.0175,0.0285,0.028
Parfetts - Birmingham,314.0,6.0,106.53,2025-05-01 06:00:30+00:00,0.03125,0.0245,0.03675,0.03725
Parfetts - Birmingham,314.0,6.0,106.53,2025-05-01 06:15:30+00:00,0.03925,0.03225,0.04525,0.0465
Parfetts - Birmingham,314.0,6.0,106.53,2025-05-01 06:30:30+00:00,0.0475,0.041,0.05425,0.056
Parfetts - Birmingham,314.0,6.0,106.53,2025-05-01 06:45:30+00:00,0.056,0.05025,0.062,0.06575
Parfetts - Birmingham,314.0,6.0,106.53,2025-05-01 07:00:30+00:00,0.06475,0.05975,0.07,0.0755
Parfetts - Birmingham,314.0,6.0,106.53,2025-05-01 07:15:30+00:00,0.0735,0.06925,0.078,0.08525
Parfetts - Birmingham,314.0,6.0,106.53,2025-05-01 07:30:30+00:00,0.0825,0.07825,0.0865,0.095
Parfetts - Birmingham,314.0,6.0,106.53,2025-05-01 07:45:30+00:00,0.091,0.08575,0.09625,0.10425
Parfetts - Birmingham,314.0,6.0,106.53,2025-05-01 08:00:30+00:00,0.09975,0.09275,0.106,0.1135
Parfetts - Birmingham,314.0,6.0,106.53,2025-05-01 08:15:30+00:00,0.10725,0.098,0.1145,0.12125
Parfetts - Birmingham,314.0,6.0,106.53,2025-05-01 08:30:30+00:00,0.11225,0.1055,0.12375,0.12575
Parfetts - Birmingham,314.0,6.0,106.53,2025-05-01 08:45:30+00:00,0.12325,0.11225,0.13275,0.13775
Parfetts - Birmingham,314.0,6.0,106.53,2025-05-01 09:00:30+00:00,0.132,0.1215,0.1415,0.1475
Parfetts - Birmingham,314.0,6.0,106.53,2025-05-01 09:15:30+00:00,0.1395,0.13075,0.1485,0.155
Parfetts - Birmingham,314.0,6.0,106.53,2025-05-01 09:30:30+00:00,0.14675,0.139,0.154,0.16275
Parfetts - Birmingham,314.0,6.0,106.53,2025-05-01 09:45:30+00:00,0.15375,0.14575,0.161,0.16975
Parfetts - Birmingham,314.0,6.0,106.53,2025-05-01 10:00:30+00:00,0.1595,0.151,0.1675,0.175
Parfetts - Birmingham,314.0,6.0,106.53,2025-05-01 10:15:30+00:00,0.16425,0.155,0.1725,0.17925
Parfetts - Birmingham,314.0,6.0,106.53,2025-05-01 10:30:30+00:00,0.1675,0.1595,0.177,0.18175
Parfetts - Birmingham,314.0,6.0,106.53,2025-05-01 10:45:30+00:00,0.17275,0.162,0.183,0.18675
Parfetts - Birmingham,314.0,6.0,106.53,2025-05-01 11:00:30+00:00,0.17725,0.164,0.1885,0.1905
Parfetts - Birmingham,314.0,6.0,106.53,2025-05-01 11:15:30+00:00,0.17925,0.163,0.1915,0.1915
Parfetts - Birmingham,314.0,6.0,106.53,2025-05-01 11:30:30+00:00,0.17575,0.16375,0.19575,0.186
Parfetts - Birmingham,314.0,6.0,106.53,2025-05-01 11:45:30+00:00,0.18325,0.16325,0.198,0.1935
Parfetts - Birmingham,314.0,6.0,106.53,2025-05-01 12:00:30+00:00,0.1835,0.1615,0.199,0.1925
Parfetts - Birmingham,314.0,6.0,106.53,2025-05-01 12:15:30+00:00,0.1735,0.15975,0.19775,0.18075
Parfetts - Birmingham,314.0,6.0,106.53,2025-05-01 12:30:30+00:00,0.1785,0.1595,0.198,0.185
Parfetts - Birmingham,314.0,6.0,106.53,2025-05-01 12:45:30+00:00,0.1835,0.164,0.1995,0.1895
Parfetts - Birmingham,314.0,6.0,106.53,2025-05-01 13:00:30+00:00,0.1835,0.16675,0.1985,0.1885
Parfetts - Birmingham,314.0,6.0,106.53,2025-05-01 13:15:30+00:00,0.18075,0.16425,0.193,0.18425
Parfetts - Birmingham,314.0,6.0,106.53,2025-05-01 13:30:30+00:00,0.1715,0.16075,0.18925,0.1735
Parfetts - Birmingham,314.0,6.0,106.53,2025-05-01 13:45:30+00:00,0.1725,0.15775,0.18625,0.1735
Parfetts - Birmingham,314.0,6.0,106.53,2025-05-01 14:00:30+00:00,0.172,0.155,0.186,0.17175
Parfetts - Birmingham,314.0,6.0,106.53,2025-05-01 14:15:30+00:00,0.167,0.1395,0.1855,0.1655
Parfetts - Birmingham,314.0,6.0,106.53,2025-05-01 14:30:30+00:00,0.1585,0.118,0.1795,0.15625
Parfetts - Birmingham,314.0,6.0,106.53,2025-05-01 14:45:30+00:00,0.144,0.09,0.17275,0.141
Parfetts - Birmingham,314.0,6.0,106.53,2025-05-01 15:00:30+00:00,0.10925,0.07325,0.161,0.1075
Parfetts - Birmingham,314.0,6.0,106.53,2025-05-01 15:15:30+00:00,0.09825,0.06725,0.1375,0.09625
Parfetts - Birmingham,314.0,6.0,106.53,2025-05-01 15:30:30+00:00,0.09925,0.07375,0.129,0.0965
Parfetts - Birmingham,314.0,6.0,106.53,2025-05-01 15:45:30+00:00,0.107,0.07975,0.124,0.102
Parfetts - Birmingham,314.0,6.0,106.53,2025-05-01 16:00:30+00:00,0.098,0.07725,0.119,0.09275
Parfetts - Birmingham,314.0,6.0,106.53,2025-05-01 16:15:30+00:00,0.089,0.067,0.10575,0.0835
Parfetts - Birmingham,314.0,6.0,106.53,2025-05-01 16:30:30+00:00,0.0705,0.0585,0.09875,0.06675
Parfetts - Birmingham,314.0,6.0,106.53,2025-05-01 16:45:30+00:00,0.07925,0.0525,0.0955,0.07275
Parfetts - Birmingham,314.0,6.0,106.53,2025-05-01 17:00:30+00:00,0.07025,0.05275,0.0895,0.0635
Parfetts - Birmingham,314.0,6.0,106.53,2025-05-01 17:15:30+00:00,0.06725,0.04825,0.08,0.05925
Parfetts - Birmingham,314.0,6.0,106.53,2025-05-01 17:30:30+00:00,0.06225,0.0415,0.07075,0.053
Parfetts - Birmingham,314.0,6.0,106.53,2025-05-01 17:45:30+00:00,0.04575,0.0255,0.058,0.03925
Parfetts - Birmingham,314.0,6.0,106.53,2025-05-01 18:00:30+00:00,0.03025,0.01175,0.04525,0.0265
Parfetts - Birmingham,314.0,6.0,106.53,2025-05-01 18:15:30+00:00,0.0185,0.00375,0.033,0.017
Parfetts - Birmingham,314.0,6.0,106.53,2025-05-01 18:30:30+00:00,0.0075,0.0015,0.02025,0.00725
Parfetts - Birmingham,314.0,6.0,106.53,2025-05-01 18:45:30+00:00,0.00225,0.001,0.00875,0.00225
Parfetts - Birmingham,314.0,6.0,106.53,2025-05-01 19:00:30+00:00,0.00075,0.0005,0.003,0.00075
Parfetts - Birmingham,314.0,6.0,106.53,2025-05-01 19:15:30+00:00,0.00025,0.0,0.0005,0.00025
Parfetts - Birmingham,314.0,6.0,106.53,2025-05-01 19:30:30+00:00,0.0,0.0,0.0,0.0
Parfetts - Birmingham,314.0,6.0,106.53,2025-05-01 19:45:30+00:00,0.0,0.0,0.0,0.0
Parfetts - Birmingham,314.0,6.0,106.53,2025-05-01 20:00:30+00:00,0.0,0.0,0.0,0.0
Parfetts - Birmingham,314.0,6.0,106.53,2025-05-01 20:15:30+00:00,0.0,0.0,0.0,0.0
Parfetts - Birmingham,314.0,6.0,106.53,2025-05-01 20:30:30+00:00,0.0,0.0,0.0,0.0
Parfetts - Birmingham,314.0,6.0,106.53,2025-05-01 20:45:30+00:00,0.0,0.0,0.0,0.0
Parfetts - Birmingham,314.0,6.0,106.53,2025-05-01 21:00:30+00:00,0.0,0.0,0.0,0.0
Parfetts - Birmingham,314.0,6.0,106.53,2025-05-01 21:15:30+00:00,0.0,0.0,0.0,0.0
Parfetts - Birmingham,314.0,6.0,106.53,2025-05-01 21:30:30+00:00,0.0,0.0,0.0,0.0
Parfetts - Birmingham,314.0,6.0,106.53,2025-05-01 21:45:30+00:00,0.0,0.0,0.0,0.0
Parfetts - Birmingham,314.0,6.0,106.53,2025-05-01 22:00:30+00:00,0.0,0.0,0.0,0.0
Parfetts - Birmingham,314.0,6.0,106.53,2025-05-01 22:15:30+00:00,0.0,0.0,0.0,0.0
Parfetts - Birmingham,314.0,6.0,106.53,2025-05-01 22:30:30+00:00,0.0,0.0,0.0,0.0
Parfetts - Birmingham,314.0,6.0,106.53,2025-05-01 22:45:30+00:00,0.0,0.0,0.0,0.0
Parfetts - Birmingham,314.0,6.0,106.53,2025-05-01 23:00:30+00:00,0.0,0.0,0.0,0.0
Parfetts - Birmingham,314.0,6.0,106.53,2025-05-01 23:15:30+00:00,0.0,0.0,0.0,0.0
Parfetts - Birmingham,314.0,6.0,106.53,2025-05-01 23:30:30+00:00,0.0,0.0,0.0,0.0
Parfetts - Birmingham,314.0,6.0,106.53,2025-05-01 23:45:30+00:00,0.0,0.0,0.0,0.0
Parfetts - Birmingham,314.0,6.0,106.53,2025-05-02 00:00:30+00:00,0.0,0.0,0.0,0.0
Parfetts - Birmingham,314.0,6.0,106.53,2025-05-02 00:15:30+00:00,0.0,0.0,0.0,0.0
Parfetts - Birmingham,314.0,6.0,106.53,2025-05-02 00:30:30+00:00,0.0,0.0,0.0,0.0
Parfetts - Birmingham,314.0,6.0,106.53,2025-05-02 00:45:30+00:00,0.0,0.0,0.0,0.0
Parfetts - Birmingham,314.0,6.0,106.53,2025-05-02 01:00:30+00:00,0.0,0.0,0.0,0.0
Parfetts - Birmingham,314.0,6.0,106.53,2025-05-02 01:15:30+00:00,0.0,0.0,0.0,0.0
Parfetts - Birmingham,314.0,6.0,106.53,2025-05-02 01:30:30+00:00,0.0,0.0,0.0,0.0
Parfetts - Birmingham,314.0,6.0,106.53,2025-05-02 01:45:30+00:00,0.0,0.0,0.0,0.0
Parfetts - Birmingham,314.0,6.0,106.53,2025-05-02 02:00:30+00:00,0.0,0.0,0.0,0.0
Parfetts - Birmingham,314.0,6.0,106.53,2025-05-02 02:15:30+00:00,0.0,0.0,0.0,0.0
Parfetts - Birmingham,314.0,6.0,106.53,2025-05-02 02:30:30+00:00,0.0,0.0,0.0,0.0
Parfetts - Birmingham,314.0,6.0,106.53,2025-05-02 02:45:30+00:00,0.0,0.0,0.0,0.0
Parfetts - Birmingham,314.0,6.0,106.53,2025-05-02 03:00:30+00:00,0.0,0.0,0.0,0.0
Parfetts - Birmingham,314.0,6.0,106.53,2025-05-02 03:15:30+00:00,0.0,0.0,0.0,0.0
Parfetts - Birmingham,314.0,6.0,106.53,2025-05-02 03:30:30+00:00,0.0,0.0,0.0,0.0
Parfetts - Birmingham,314.0,6.0,106.53,2025-05-02 03:45:30+00:00,0.0,0.0,0.0,0.0
Parfetts - Birmingham,314.0,6.0,106.53,2025-05-02 04:00:30+00:00,0.0,0.0,0.0,0.0
Parfetts - Birmingham,314.0,6.0,106.53,2025-05-02 04:15:30+00:00,0.0,0.0,0.0,0.0
Parfetts - Birmingham,314.0,6.0,106.53,2025-05-02 04:30:30+00:00,0.0,0.0,0.0,0.0
Parfetts - Birmingham,314.0,6.0,106.53,2025-05-02 04:45:30+00:00,0.0015,0.0005,0.003,0.0015
Parfetts - Birmingham,314.0,6.0,106.53,2025-05-02 05:00:30+00:00,0.00425,0.00225,0.00775,0.00425
Parfetts - Birmingham,314.0,6.0,106.53,2025-05-02 05:15:30+00:00,0.009,0.0045,0.01325,0.0095
Parfetts - Birmingham,314.0,6.0,106.53,2025-05-02 05:30:30+00:00,0.0135,0.00725,0.019,0.01425
Parfetts - Birmingham,314.0,6.0,106.53,2025-05-02 05:45:30+00:00,0.01675,0.00975,0.02525,0.0175
Parfetts - Birmingham,314.0,6.0,106.53,2025-05-02 06:00:30+00:00,0.022,0.01275,0.034,0.023
Parfetts - Birmingham,314.0,6.0,106.53,2025-05-02 06:15:30+00:00,0.03075,0.01675,0.04425,0.03325
Parfetts - Birmingham,314.0,6.0,106.53,2025-05-02 06:30:30+00:00,0.039,0.02425,0.05625,0.04225
Parfetts - Birmingham,314.0,6.0,106.53,2025-05-02 06:45:30+00:00,0.04975,0.03325,0.065,0.0555
Parfetts - Birmingham,314.0,6.0,106.53,2025-05-02 07:00:30+00:00,0.059,0.046,0.07275,0.0665
Parfetts - Birmingham,314.0,6.0,106.53,2025-05-02 07:15:30+00:00,0.0695,0.05675,0.07975,0.07825
Parfetts - Birmingham,314.0,6.0,106.53,2025-05-02 07:30:30+00:00,0.077,0.0625,0.08675,0.08625
Parfetts - Birmingham,314.0,6.0,106.53,2025-05-02 07:45:30+00:00,0.0785,0.06825,0.0985,0.08625
Parfetts - Birmingham,314.0,6.0,106.53,2025-05-02 08:00:30+00:00,0.092,0.07075,0.1135,0.102
Parfetts - Birmingham,314.0,6.0,106.53,2025-05-02 08:15:30+00:00,0.10625,0.06725,0.1225,0.11825
Parfetts - Birmingham,314.0,6.0,106.53,2025-05-02 08:30:30+00:00,0.10775,0.05325,0.1325,0.1185
Parfetts - Birmingham,314.0,6.0,106.53,2025-05-02 08:45:30+00:00,0.0945,0.02975,0.144,0.1015
Parfetts - Birmingham,314.0,6.0,106.53,2025-05-02 09:00:30+00:00,0.074,0.017,0.1405,0.07725
Parfetts - Birmingham,314.0,6.0,106.53,2025-05-02 09:15:30+00:00,0.06525,0.01325,0.12475,0.06725
Parfetts - Birmingham,314.0,6.0,106.53,2025-05-02 09:30:30+00:00,0.066,0.01325,0.12875,0.06775
Parfetts - Birmingham,314.0,6.0,106.53,2025-05-02 09:45:30+00:00,0.07975,0.0185,0.15325,0.08275
Parfetts - Birmingham,314.0,6.0,106.53,2025-05-02 10:00:30+00:00,0.11,0.032,0.1825,0.11625
Parfetts - Birmingham,314.0,6.0,106.53,2025-05-02 10:15:30+00:00,0.1425,0.06525,0.1855,0.1525
Parfetts - Birmingham,314.0,6.0,106.53,2025-05-02 10:30:30+00:00,0.16,0.10275,0.189,0.17225
Parfetts - Birmingham,314.0,6.0,106.53,2025-05-02 10:45:30+00:00,0.1675,0.13425,0.1935,0.17975
Parfetts - Birmingham,314.0,6.0,106.53,2025-05-02 11:00:30+00:00,0.17075,0.14725,0.1905,0.18225
Parfetts - Birmingham,314.0,6.0,106.53,2025-05-02 11:15:30+00:00,0.16825,0.1455,0.1925,0.1785
Parfetts - Birmingham,314.0,6.0,106.53,2025-05-02 11:30:30+00:00,0.16775,0.135,0.19575,0.177
Parfetts - Birmingham,314.0,6.0,106.53,2025-05-02 11:45:30+00:00,0.16025,0.12825,0.19475,0.1675
Parfetts - Birmingham,314.0,6.0,106.53,2025-05-02 12:00:30+00:00,0.15575,0.1195,0.188,0.16175
Parfetts - Birmingham,314.0,6.0,106.53,2025-05-02 12:15:30+00:00,0.145,0.11575,0.18675,0.14975
Parfetts - Birmingham,314.0,6.0,106.53,2025-05-02 12:30:30+00:00,0.1515,0.1185,0.193,0.15625
Parfetts - Birmingham,314.0,6.0,106.53,2025-05-02 12:45:30+00:00,0.16975,0.1285,0.20175,0.17475
Parfetts - Birmingham,314.0,6.0,106.53,2025-05-02 13:00:30+00:00,0.17425,0.144,0.19925,0.17825
Parfetts - Birmingham,314.0,6.0,106.53,2025-05-02 13:15:30+00:00,0.1705,0.1495,0.1915,0.1735
Parfetts - Birmingham,314.0,6.0,106.53,2025-05-02 13:30:30+00:00,0.16625,0.14825,0.1835,0.16825
Parfetts - Birmingham,314.0,6.0,106.53,2025-05-02 13:45:30+00:00,0.16075,0.13875,0.17925,0.1615
Parfetts - Birmingham,314.0,6.0,106.53,2025-05-02 14:00:30+00:00,0.14975,0.1295,0.17125,0.14975
Parfetts - Birmingham,314.0,6.0,106.53,2025-05-02 14:15:30+00:00,0.1405,0.1245,0.165,0.13975
Parfetts - Birmingham,314.0,6.0,106.53,2025-05-02 14:30:30+00:00,0.14375,0.123,0.163,0.142
Parfetts - Birmingham,314.0,6.0,106.53,2025-05-02 14:45:30+00:00,0.145,0.123,0.16,0.14175
Parfetts - Birmingham,314.0,6.0,106.53,2025-05-02 15:00:30+00:00,0.13475,0.1155,0.1515,0.13125
Parfetts - Birmingham,314.0,6.0,106.53,2025-05-02 15:15:30+00:00,0.121,0.106,0.14125,0.11725
Parfetts - Birmingham,314.0,6.0,106.53,2025-05-02 15:30:30+00:00,0.1145,0.09525,0.1315,0.11025
Parfetts - Birmingham,314.0,6.0,106.53,2025-05-02 15:45:30+00:00,0.104,0.084,0.1245,0.0995
Parfetts - Birmingham,314.0,6.0,106.53,2025-05-02 16:00:30+00:00,0.093,0.07175,0.11325,0.089
Parfetts - Birmingham,314.0,6.0,106.53,2025-05-02 16:15:30+00:00,0.08025,0.0585,0.10075,0.0765
Parfetts - Birmingham,314.0,6.0,106.53,2025-05-02 16:30:30+00:00,0.06475,0.04975,0.0885,0.06225
Parfetts - Birmingham,314.0,6.0,106.53,2025-05-02 16:45:30+00:00,0.0645,0.04475,0.08525,0.0605
Parfetts - Birmingham,314.0,6.0,106.53,2025-05-02 17:00:30+00:00,0.06575,0.044,0.0845,0.0605
Parfetts - Birmingham,314.0,6.0,106.53,2025-05-02 17:15:30+00:00,0.062,0.04425,0.07825,0.0555
Parfetts - Birmingham,314.0,6.0,106.53,2025-05-02 17:30:30+00:00,0.05625,0.04275,0.068,0.04925
Parfetts - Birmingham,314.0,6.0,106.53,2025-05-02 17:45:30+00:00,0.04875,0.0385,0.0575,0.04175
Parfetts - Birmingham,314.0,6.0,106.53,2025-05-02 18:00:30+00:00,0.04,0.03125,0.04725,0.0335
Parfetts - Birmingham,314.0,6.0,106.53,2025-05-02 18:15:30+00:00,0.03075,0.023,0.03675,0.02525
Parfetts - Birmingham,314.0,6.0,106.53,2025-05-02 18:30:30+00:00,0.0215,0.01525,0.0265,0.01725
Parfetts - Birmingham,314.0,6.0,106.53,2025-05-02 18:45:30+00:00,0.012,0.00825,0.0155,0.01
Parfetts - Birmingham,314.0,6.0,106.53,2025-05-02 19:00:30+00:00,0.00475,0.00325,0.0065,0.00475
Parfetts - Birmingham,314.0,6.0,106.53,2025-05-02 19:15:30+00:00,0.001,0.00075,0.00125,0.001
Parfetts - Birmingham,314.0,6.0,106.53,2025-05-02 19:30:30+00:00,0.0,0.0,0.0,0.0
Parfetts - Birmingham,314.0,6.0,106.53,2025-05-02 19:45:30+00:00,0.0,0.0,0.0,0.0
Parfetts - Birmingham,314.0,6.0,106.53,2025-05-02 20:00:30+00:00,0.0,0.0,0.0,0.0
Parfetts - Birmingham,314.0,6.0,106.53,2025-05-02 20:15:30+00:00,0.0,0.0,0.0,0.0
Parfetts - Birmingham,314.0,6.0,106.53,2025-05-02 20:30:30+00:00,0.0,0.0,0.0,0.0
Parfetts - Birmingham,314.0,6.0,106.53,2025-05-02 20:45:30+00:00,0.0,0.0,0.0,0.0
Parfetts - Birmingham,314.0,6.0,106.53,2025-05-02 21:00:30+00:00,0.0,0.0,0.0,0.0
Parfetts - Birmingham,314.0,6.0,106.53,2025-05-02 21:15:30+00:00,0.0,0.0,0.0,0.0
Parfetts - Birmingham,314.0,6.0,106.53,2025-05-02 21:30:30+00:00,0.0,0.0,0.0,0.0
Parfetts - Birmingham,314.0,6.0,106.53,2025-05-02 21:45:30+00:00,0.0,0.0,0.0,0.0
Parfetts - Birmingham,314.0,6.0,106.53,2025-05-02 22:00:30+00:00,0.0,0.0,0.0,0.0
Parfetts - Birmingham,314.0,6.0,106.53,2025-05-02 22:15:30+00:00,0.0,0.0,0.0,0.0
Parfetts - Birmingham,314.0,6.0,106.53,2025-05-02 22:30:30+00:00,0.0,0.0,0.0,0.0
Parfetts - Birmingham,314.0,6.0,106.53,2025-05-02 22:45:30+00:00,0.0,0.0,0.0,0.0
Parfetts - Birmingham,314.0,6.0,106.53,2025-05-02 23:00:30+00:00,0.0,0.0,0.0,0.0
Parfetts - Birmingham,314.0,6.0,106.53,2025-05-02 23:15:30+00:00,0.0,0.0,0.0,0.0
Parfetts - Birmingham,314.0,6.0,106.53,2025-05-02 23:30:30+00:00,0.0,0.0,0.0,0.0
Parfetts - Birmingham,314.0,6.0,106.53,2025-05-02 23:45:30+00:00,0.0,0.0,0.0,0.0
Parfetts - Birmingham,314.0,6.0,106.53,2025-05-03 00:00:30+00:00,0.0,0.0,0.0,0.0
Parfetts - Birmingham,314.0,6.0,106.53,2025-05-03 00:15:30+00:00,0.0,0.0,0.0,0.0
Parfetts - Birmingham,314.0,6.0,106.53,2025-05-03 00:30:30+00:00,0.0,0.0,0.0,0.0
Parfetts - Birmingham,314.0,6.0,106.53,2025-05-03 00:45:30+00:00,0.0,0.0,0.0,0.0
Parfetts - Birmingham,314.0,6.0,106.53,2025-05-03 01:00:30+00:00,0.0,0.0,0.0,0.0
Parfetts - Birmingham,314.0,6.0,106.53,2025-05-03 01:15:30+00:00,0.0,0.0,0.0,0.0
Parfetts - Birmingham,314.0,6.0,106.53,2025-05-03 01:30:30+00:00,0.0,0.0,0.0,0.0
Parfetts - Birmingham,314.0,6.0,106.53,2025-05-03 01:45:30+00:00,0.0,0.0,0.0,0.0
Parfetts - Birmingham,314.0,6.0,106.53,2025-05-03 02:00:30+00:00,0.0,0.0,0.0,0.0
Parfetts - Birmingham,314.0,6.0,106.53,2025-05-03 02:15:30+00:00,0.0,0.0,0.0,0.0
Parfetts - Birmingham,314.0,6.0,106.53,2025-05-03 02:30:30+00:00,0.0,0.0,0.0,0.0
Parfetts - Birmingham,314.0,6.0,106.53,2025-05-03 02:45:30+00:00,0.0,0.0,0.0,0.0
Parfetts - Birmingham,314.0,6.0,106.53,2025-05-03 03:00:30+00:00,0.0,0.0,0.0,0.0
Parfetts - Birmingham,314.0,6.0,106.53,2025-05-03 03:15:30+00:00,0.0,0.0,0.0,0.0
Parfetts - Birmingham,314.0,6.0,106.53,2025-05-03 03:30:30+00:00,0.0,0.0,0.0,0.0
Parfetts - Birmingham,314.0,6.0,106.53,2025-05-03 03:45:30+00:00,0.0,0.0,0.0,0.0
Parfetts - Birmingham,314.0,6.0,106.53,2025-05-03 04:00:30+00:00,0.0,0.0,0.0,0.0
Parfetts - Birmingham,314.0,6.0,106.53,2025-05-03 04:15:30+00:00,0.0,0.0,0.0,0.0
Parfetts - Birmingham,314.0,6.0,106.53,2025-05-03 04:30:30+00:00,0.00025,0.00025,0.00025,0.00025
Parfetts - Birmingham,314.0,6.0,106.53,2025-05-03 04:45:30+00:00,0.003,0.002,0.00425,0.003
Parfetts - Birmingham,314.0,6.0,106.53,2025-05-03 05:00:30+00:00,0.00675,0.0045,0.00975,0.00775
Parfetts - Birmingham,314.0,6.0,106.53,2025-05-03 05:15:30+00:00,0.0125,0.00825,0.01575,0.01525
Parfetts - Birmingham,314.0,6.0,106.53,2025-05-03 05:30:30+00:00,0.0195,0.0135,0.0235,0.0235
Parfetts - Birmingham,314.0,6.0,106.53,2025-05-03 05:45:30+00:00,0.026,0.01925,0.0315,0.0315
Parfetts - Birmingham,314.0,6.0,106.53,2025-05-03 06:00:30+00:00,0.03425,0.025,0.04025,0.041
Parfetts - Birmingham,314.0,6.0,106.53,2025-05-03 06:15:30+00:00,0.041,0.0295,0.05025,0.048
Parfetts - Birmingham,314.0,6.0,106.53,2025-05-03 06:30:30+00:00,0.0445,0.03425,0.05675,0.05075
Parfetts - Birmingham,314.0,6.0,106.53,2025-05-03 06:45:30+00:00,0.05075,0.04,0.06525,0.05725
Parfetts - Birmingham,314.0,6.0,106.53,2025-05-03 07:00:30+00:00,0.06175,0.0475,0.076,0.07
Parfetts - Birmingham,314.0,6.0,106.53,2025-05-03 07:15:30+00:00,0.07275,0.058,0.0885,0.0825
Parfetts - Birmingham,314.0,6.0,106.53,2025-05-03 07:30:30+00:00,0.08475,0.06975,0.09775,0.097
Parfetts - Birmingham,314.0,6.0,106.53,2025-05-03 07:45:30+00:00,0.09425,0.0835,0.1045,0.1075
Parfetts - Birmingham,314.0,6.0,106.53,2025-05-03 08:00:30+00:00,0.10325,0.09475,0.111,0.1175
Parfetts - Birmingham,314.0,6.0,106.53,2025-05-03 08:15:30+00:00,0.1115,0.10325,0.1175,0.126
Parfetts - Birmingham,314.0,6.0,106.53,2025-05-03 08:30:30+00:00,0.117,0.11075,0.126,0.13125
Parfetts - Birmingham,314.0,6.0,106.53,2025-05-03 08:45:30+00:00,0.126,0.117,0.13375,0.141
Parfetts - Birmingham,314.0,6.0,106.53,2025-05-03 09:00:30+00:00,0.133,0.12475,0.14275,0.148
Parfetts - Birmingham,314.0,6.0,106.53,2025-05-03 09:15:30+00:00,0.14175,0.1305,0.153,0.157
Parfetts - Birmingham,314.0,6.0,106.53,2025-05-03 09:30:30+00:00,0.15025,0.13075,0.16775,0.16625
Parfetts - Birmingham,314.0,6.0,106.53,2025-05-03 09:45:30+00:00,0.1565,0.119,0.178,0.17175
Parfetts - Birmingham,314.0,6.0,106.53,2025-05-03 10:00:30+00:00,0.154,0.093,0.18575,0.16725
Parfetts - Birmingham,314.0,6.0,106.53,2025-05-03 10:15:30+00:00,0.1425,0.0625,0.194,0.1525
Parfetts - Birmingham,314.0,6.0,106.53,2025-05-03 10:30:30+00:00,0.1215,0.031,0.202,0.12775
Parfetts - Birmingham,314.0,6.0,106.53,2025-05-03 10:45:30+00:00,0.0945,0.01875,0.19125,0.098
Parfetts - Birmingham,314.0,6.0,106.53,2025-05-03 11:00:30+00:00,0.07925,0.01575,0.16075,0.08125
Parfetts - Birmingham,314.0,6.0,106.53,2025-05-03 11:15:30+00:00,0.05575,0.016,0.1295,0.0565
Parfetts - Birmingham,314.0,6.0,106.53,2025-05-03 11:30:30+00:00,0.04375,0.01625,0.09475,0.04425
Parfetts - Birmingham,314.0,6.0,106.53,2025-05-03 11:45:30+00:00,0.042,0.01625,0.07625,0.0425
Parfetts - Birmingham,314.0,6.0,106.53,2025-05-03 12:00:30+00:00,0.046,0.02225,0.067,0.0465
Parfetts - Birmingham,314.0,6.0,106.53,2025-05-03 12:15:30+00:00,0.04525,0.0205,0.07025,0.04575
Parfetts - Birmingham,314.0,6.0,106.53,2025-05-03 12:30:30+00:00,0.0445,0.01625,0.0755,0.045
Parfetts - Birmingham,314.0,6.0,106.53,2025-05-03 12:45:30+00:00,0.04425,0.0165,0.088,0.04475
Parfetts - Birmingham,314.0,6.0,106.53,2025-05-03 13:00:30+00:00,0.06725,0.02475,0.09575,0.068
Parfetts - Birmingham,314.0,6.0,106.53,2025-05-03 13:15:30+00:00,0.06875,0.03575,0.09925,0.0695
Parfetts - Birmingham,314.0,6.0,106.53,2025-05-03 13:30:30+00:00,0.06625,0.037,0.09375,0.067
Parfetts - Birmingham,314.0,6.0,106.53,2025-05-03 13:45:30+00:00,0.06075,0.04225,0.09225,0.06125
Parfetts - Birmingham,314.0,6.0,106.53,2025-05-03 14:00:30+00:00,0.0745,0.0325,0.106,0.07475
Parfetts - Birmingham,314.0,6.0,106.53,2025-05-03 14:15:30+00:00,0.07225,0.0145,0.12375,0.0725
Parfetts - Birmingham,314.0,6.0,106.53,2025-05-03 14:30:30+00:00,0.0565,0.0135,0.151,0.05675
Parfetts - Birmingham,314.0,6.0,106.53,2025-05-03 14:45:30+00:00,0.10475,0.02075,0.17725,0.1035
Parfetts - Birmingham,314.0,6.0,106.53,2025-05-03 15:00:30+00:00,0.13175,0.04275,0.173,0.1285
Parfetts - Birmingham,314.0,6.0,106.53,2025-05-03 15:15:30+00:00,0.09475,0.04325,0.1585,0.09275
Parfetts - Birmingham,314.0,6.0,106.53,2025-05-03 15:30:30+00:00,0.07475,0.04425,0.121,0.07375
Parfetts - Birmingham,314.0,6.0,106.53,2025-05-03 15:45:30+00:00,0.0785,0.03825,0.1075,0.07675
Parfetts - Birmingham,314.0,6.0,106.53,2025-05-03 16:00:30+00:00,0.064,0.03575,0.104,0.0625
Parfetts - Birmingham,314.0,6.0,106.53,2025-05-03 16:15:30+00:00,0.06725,0.02925,0.11375,0.065
Parfetts - Birmingham,314.0,6.0,106.53,2025-05-03 16:30:30+00:00,0.08525,0.03875,0.117,0.07925
Parfetts - Birmingham,314.0,6.0,106.53,2025-05-03 16:45:30+00:00,0.0905,0.05425,0.10875,0.0815
Parfetts - Birmingham,314.0,6.0,106.53,2025-05-03 17:00:30+00:00,0.082,0.061,0.09825,0.0725
Parfetts - Birmingham,314.0,6.0,106.53,2025-05-03 17:15:30+00:00,0.072,0.058,0.08725,0.0625
Parfetts - Birmingham,314.0,6.0,106.53,2025-05-03 17:30:30+00:00,0.06475,0.04525,0.0755,0.05575
Parfetts - Birmingham,314.0,6.0,106.53,2025-05-03 17:45:30+00:00,0.05075,0.03,0.0635,0.0435
Parfetts - Birmingham,314.0,6.0,106.53,2025-05-03 18:00:30+00:00,0.03375,0.016,0.05025,0.0295
Parfetts - Birmingham,314.0,6.0,106.53,2025-05-03 18:15:30+00:00,0.0205,0.00975,0.03725,0.01875
Parfetts - Birmingham,314.0,6.0,106.53,2025-05-03 18:30:30+00:00,0.022,0.008,0.0295,0.01825
Parfetts - Birmingham,314.0,6.0,106.53,2025-05-03 18:45:30+00:00,0.0185,0.0085,0.021,0.01375
Parfetts - Birmingham,314.0,6.0,106.53,2025-05-03 19:00:30+00:00,0.0095,0.0055,0.01075,0.00675
Parfetts - Birmingham,314.0,6.0,106.53,2025-05-03 19:15:30+00:00,0.00225,0.0015,0.0025,0.00175
Parfetts - Birmingham,314.0,6.0,106.53,2025-05-03 19:30:30+00:00,0.0,0.0,0.0,0.0
Parfetts - Birmingham,314.0,6.0,106.53,2025-05-03 19:45:30+00:00,0.0,0.0,0.0,0.0
Parfetts - Birmingham,314.0,6.0,106.53,2025-05-03 20:00:30+00:00,0.0,0.0,0.0,0.0
Parfetts - Birmingham,314.0,6.0,106.53,2025-05-03 20:15:30+00:00,0.0,0.0,0.0,0.0
Parfetts - Birmingham,314.0,6.0,106.53,2025-05-03 20:30:30+00:00,0.0,0.0,0.0,0.0
Parfetts - Birmingham,314.0,6.0,106.53,2025-05-03 20:45:30+00:00,0.0,0.0,0.0,0.0
Parfetts - Birmingham,314.0,6.0,106.53,2025-05-03 21:00:30+00:00,0.0,0.0,0.0,0.0
Parfetts - Birmingham,314.0,6.0,106.53,2025-05-03 21:15:30+00:00,0.0,0.0,0.0,0.0
Parfetts - Birmingham,314.0,6.0,106.53,2025-05-03 21:30:30+00:00,0.0,0.0,0.0,0.0
Parfetts - Birmingham,314.0,6.0,106.53,2025-05-03 21:45:30+00:00,0.0,0.0,0.0,0.0
Parfetts - Birmingham,314.0,6.0,106.53,2025-05-03 22:00:30+00:00,0.0,0.0,0.0,0.0
Parfetts - Birmingham,314.0,6.0,106.53,2025-05-03 22:15:30+00:00,0.0,0.0,0.0,0.0
Parfetts - Birmingham,314.0,6.0,106.53,2025-05-03 22:30:30+00:00,0.0,0.0,0.0,0.0
Parfetts - Birmingham,314.0,6.0,106.53,2025-05-03 22:45:30+00:00,0.0,0.0,0.0,0.0
Parfetts - Birmingham,314.0,6.0,106.53,2025-05-03 23:00:30+00:00,0.0,0.0,0.0,0.0
Parfetts - Birmingham,314.0,6.0,106.53,2025-05-03 23:15:30+00:00,0.0,0.0,0.0,0.0
Parfetts - Birmingham,314.0,6.0,106.53,2025-05-03 23:30:30+00:00,0.0,0.0,0.0,0.0
Parfetts - Birmingham,314.0,6.0,106.53,2025-05-03 23:45:30+00:00,0.0,0.0,0.0,0.0
Parfetts - Birmingham,314.0,6.0,106.53,2025-05-04 00:00:30+00:00,0.0,0.0,0.0,0.0
Parfetts - Birmingham,314.0,6.0,106.53,2025-05-04 00:15:30+00:00,0.0,0.0,0.0,0.0
Parfetts - Birmingham,314.0,6.0,106.53,2025-05-04 00:30:30+00:00,0.0,0.0,0.0,0.0
Parfetts - Birmingham,314.0,6.0,106.53,2025-05-04 00:45:30+00:00,0.0,0.0,0.0,0.0
Parfetts - Birmingham,314.0,6.0,106.53,2025-05-04 01:00:30+00:00,0.0,0.0,0.0,0.0
Parfetts - Birmingham,314.0,6.0,106.53,2025-05-04 01:15:30+00:00,0.0,0.0,0.0,0.0
Parfetts - Birmingham,314.0,6.0,106.53,2025-05-04 01:30:30+00:00,0.0,0.0,0.0,0.0
Parfetts - Birmingham,314.0,6.0,106.53,2025-05-04 01:45:30+00:00,0.0,0.0,0.0,0.0
Parfetts - Birmingham,314.0,6.0,106.53,2025-05-04 02:00:30+00:00,0.0,0.0,0.0,0.0
Parfetts - Birmingham,314.0,6.0,106.53,2025-05-04 02:15:30+00:00,0.0,0.0,0.0,0.0
Parfetts - Birmingham,314.0,6.0,106.53,2025-05-04 02:30:30+00:00,0.0,0.0,0.0,0.0
Parfetts - Birmingham,314.0,6.0,106.53,2025-05-04 02:45:30+00:00,0.0,0.0,0.0,0.0
Parfetts - Birmingham,314.0,6.0,106.53,2025-05-04 03:00:30+00:00,0.0,0.0,0.0,0.0
Parfetts - Birmingham,314.0,6.0,106.53,2025-05-04 03:15:30+00:00,0.0,0.0,0.0,0.0
Parfetts - Birmingham,314.0,6.0,106.53,2025-05-04 03:30:30+00:00,0.0,0.0,0.0,0.0
Parfetts - Birmingham,314.0,6.0,106.53,2025-05-04 03:45:30+00:00,0.0,0.0,0.0,0.0
Parfetts - Birmingham,314.0,6.0,106.53,2025-05-04 04:00:30+00:00,0.0,0.0,0.0,0.0
Parfetts - Birmingham,314.0,6.0,106.53,2025-05-04 04:15:30+00:00,0.0,0.0,0.0,0.0
Parfetts - Birmingham,314.0,6.0,106.53,2025-05-04 04:30:30+00:00,0.00025,0.0,0.00075,0.00025
Parfetts - Birmingham,314.0,6.0,106.53,2025-05-04 04:45:30+00:00,0.002,0.0005,0.004,0.002
Parfetts - Birmingham,314.0,6.0,106.53,2025-05-04 05:00:30+00:00,0.0045,0.00125,0.008,0.0045
Parfetts - Birmingham,314.0,6.0,106.53,2025-05-04 05:15:30+00:00,0.0075,0.00225,0.01275,0.00775
Parfetts - Birmingham,314.0,6.0,106.53,2025-05-04 05:30:30+00:00,0.01025,0.00375,0.017,0.01025
Parfetts - Birmingham,314.0,6.0,106.53,2025-05-04 05:45:30+00:00,0.01325,0.00525,0.02125,0.0135
Parfetts - Birmingham,314.0,6.0,106.53,2025-05-04 06:00:30+00:00,0.01625,0.00725,0.02525,0.0165
Parfetts - Birmingham,314.0,6.0,106.53,2025-05-04 06:15:30+00:00,0.0195,0.009,0.02825,0.01975
Parfetts - Birmingham,314.0,6.0,106.53,2025-05-04 06:30:30+00:00,0.02025,0.01175,0.031,0.0205
Parfetts - Birmingham,314.0,6.0,106.53,2025-05-04 06:45:30+00:00,0.02425,0.01475,0.034,0.02475
Parfetts - Birmingham,314.0,6.0,106.53,2025-05-04 07:00:30+00:00,0.02875,0.0125,0.04525,0.0295
Parfetts - Birmingham,314.0,6.0,106.53,2025-05-04 07:15:30+00:00,0.0335,0.00925,0.05625,0.03425
Parfetts - Birmingham,314.0,6.0,106.53,2025-05-04 07:30:30+00:00,0.03525,0.0145,0.0775,0.036
Parfetts - Birmingham,314.0,6.0,106.53,2025-05-04 07:45:30+00:00,0.065,0.02425,0.08825,0.07
Parfetts - Birmingham,314.0,6.0,106.53,2025-05-04 08:00:30+00:00,0.07075,0.043,0.0985,0.07525
Parfetts - Birmingham,314.0,6.0,106.53,2025-05-04 08:15:30+00:00,0.076,0.0515,0.09725,0.0805
Parfetts - Birmingham,314.0,6.0,106.53,2025-05-04 08:30:30+00:00,0.07625,0.058,0.093,0.08025
Parfetts - Birmingham,314.0,6.0,106.53,2025-05-04 08:45:30+00:00,0.0745,0.0625,0.09875,0.078
Parfetts - Birmingham,314.0,6.0,106.53,2025-05-04 09:00:30+00:00,0.0895,0.063,0.1015,0.095
Parfetts - Birmingham,314.0,6.0,106.53,2025-05-04 09:15:30+00:00,0.0845,0.06175,0.11425,0.0885
Parfetts - Birmingham,314.0,6.0,106.53,2025-05-04 09:30:30+00:00,0.0885,0.05625,0.1175,0.0925
Parfetts - Birmingham,314.0,6.0,106.53,2025-05-04 09:45:30+00:00,0.087,0.046,0.1195,0.0905
Parfetts - Birmingham,314.0,6.0,106.53,2025-05-04 10:00:30+00:00,0.0725,0.04,0.116,0.07425
Parfetts - Birmingham,314.0,6.0,106.53,2025-05-04 10:15:30+00:00,0.073,0.044,0.12675,0.07475
Parfetts - Birmingham,314.0,6.0,106.53,2025-05-04 10:30:30+00:00,0.1075,0.04425,0.1285,0.1125
Parfetts - Birmingham,314.0,6.0,106.53,2025-05-04 10:45:30+00:00,0.08075,0.04175,0.1405,0.08325
Parfetts - Birmingham,314.0,6.0,106.53,2025-05-04 11:00:30+00:00,0.08325,0.03175,0.1565,0.0855
Parfetts - Birmingham,314.0,6.0,106.53,2025-05-04 11:15:30+00:00,0.11575,0.033,0.19175,0.12025
Parfetts - Birmingham,314.0,6.0,106.53,2025-05-04 11:30:30+00:00,0.13775,0.05625,0.218,0.1435
Parfetts - Birmingham,314.0,6.0,106.53,2025-05-04 11:45:30+00:00,0.15625,0.08775,0.2215,0.16325
Parfetts - Birmingham,314.0,6.0,106.53,2025-05-04 12:00:30+00:00,0.176,0.112,0.21625,0.184
Parfetts - Birmingham,314.0,6.0,106.53,2025-05-04 12:15:30+00:00,0.161,0.11425,0.20625,0.16675
Parfetts - Birmingham,314.0,6.0,106.53,2025-05-04 12:30:30+00:00,0.143,0.10575,0.18875,0.14675
Parfetts - Birmingham,314.0,6.0,106.53,2025-05-04 12:45:30+00:00,0.13675,0.108,0.1755,0.13975
Parfetts - Birmingham,314.0,6.0,106.53,2025-05-04 13:00:30+00:00,0.14475,0.11575,0.16725,0.1475
Parfetts - Birmingham,314.0,6.0,106.53,2025-05-04 13:15:30+00:00,0.143,0.12425,0.16575,0.145
Parfetts - Birmingham,314.0,6.0,106.53,2025-05-04 13:30:30+00:00,0.147,0.11625,0.1715,0.1485
Parfetts - Birmingham,314.0,6.0,106.53,2025-05-04 13:45:30+00:00,0.14125,0.11075,0.177,0.14175
Parfetts - Birmingham,314.0,6.0,106.53,2025-05-04 14:00:30+00:00,0.14325,0.10075,0.2,0.14325
Parfetts - Birmingham,314.0,6.0,106.53,2025-05-04 14:15:30+00:00,0.16675,0.09475,0.199,0.16525
Parfetts - Birmingham,314.0,6.0,106.53,2025-05-04 14:30:30+00:00,0.14175,0.07275,0.1925,0.14
Parfetts - Birmingham,314.0,6.0,106.53,2025-05-04 14:45:30+00:00,0.0985,0.0625,0.17475,0.0975
Parfetts - Birmingham,314.0,6.0,106.53,2025-05-04 15:00:30+00:00,0.11625,0.0595,0.15425,0.1135
Parfetts - Birmingham,314.0,6.0,106.53,2025-05-04 15:15:30+00:00,0.104,0.06275,0.13875,0.1015
Parfetts - Birmingham,314.0,6.0,106.53,2025-05-04 15:30:30+00:00,0.081,0.05325,0.1165,0.0795
Parfetts - Birmingham,314.0,6.0,106.53,2025-05-04 15:45:30+00:00,0.06975,0.04975,0.10025,0.0685
Parfetts - Birmingham,314.0,6.0,106.53,2025-05-04 16:00:30+00:00,0.07475,0.053,0.0915,0.07275
Parfetts - Birmingham,314.0,6.0,106.53,2025-05-04 16:15:30+00:00,0.07125,0.053,0.0855,0.069
Parfetts - Birmingham,314.0,6.0,106.53,2025-05-04 16:30:30+00:00,0.06125,0.04625,0.07825,0.05925
Parfetts - Birmingham,314.0,6.0,106.53,2025-05-04 16:45:30+00:00,0.0535,0.03725,0.0675,0.0515
Parfetts - Birmingham,314.0,6.0,106.53,2025-05-04 17:00:30+00:00,0.0415,0.03075,0.0575,0.04025
Parfetts - Birmingham,314.0,6.0,106.53,2025-05-04 17:15:30+00:00,0.0375,0.02525,0.0495,0.03625
Parfetts - Birmingham,314.0,6.0,106.53,2025-05-04 17:30:30+00:00,0.03225,0.0225,0.04575,0.031
Parfetts - Birmingham,314.0,6.0,106.53,2025-05-04 17:45:30+00:00,0.03325,0.02025,0.0425,0.03075
Parfetts - Birmingham,314.0,6.0,106.53,2025-05-04 18:00:30+00:00,0.027,0.01725,0.037,0.02475
Parfetts - Birmingham,314.0,6.0,106.53,2025-05-04 18:15:30+00:00,0.02075,0.01225,0.0295,0.01925
Parfetts - Birmingham,314.0,6.0,106.53,2025-05-04 18:30:30+00:00,0.01475,0.00775,0.022,0.01375
Parfetts - Birmingham,314.0,6.0,106.53,2025-05-04 18:45:30+00:00,0.00825,0.00375,0.01375,0.008
Parfetts - Birmingham,314.0,6.0,106.53,2025-05-04 19:00:30+00:00,0.004,0.0015,0.00725,0.004
Parfetts - Birmingham,314.0,6.0,106.53,2025-05-04 19:15:30+00:00,0.00125,0.0005,0.00275,0.00125
Parfetts - Birmingham,314.0,6.0,106.53,2025-05-04 19:30:30+00:00,0.0,0.0,0.00025,0.00025
Parfetts - Birmingham,314.0,6.0,106.53,2025-05-04 19:45:30+00:00,0.0,0.0,0.0,0.0
Parfetts - Birmingham,314.0,6.0,106.53,2025-05-04 20:00:30+00:00,0.0,0.0,0.0,0.0
Parfetts - Birmingham,314.0,6.0,106.53,2025-05-04 20:15:30+00:00,0.0,0.0,0.0,0.0
Parfetts - Birmingham,314.0,6.0,106.53,2025-05-04 20:30:30+00:00,0.0,0.0,0.0,0.0
Parfetts - Birmingham,314.0,6.0,106.53,2025-05-04 20:45:30+00:00,0.0,0.0,0.0,0.0
Parfetts - Birmingham,314.0,6.0,106.53,2025-05-04 21:00:30+00:00,0.0,0.0,0.0,0.0
Parfetts - Birmingham,314.0,6.0,106.53,2025-05-04 21:15:30+00:00,0.0,0.0,0.0,0.0
Parfetts - Birmingham,314.0,6.0,106.53,2025-05-04 21:30:30+00:00,0.0,0.0,0.0,0.0
Parfetts - Birmingham,314.0,6.0,106.53,2025-05-04 21:45:30+00:00,0.0,0.0,0.0,0.0
Parfetts - Birmingham,314.0,6.0,106.53,2025-05-04 22:00:30+00:00,0.0,0.0,0.0,0.0
Parfetts - Birmingham,314.0,6.0,106.53,2025-05-04 22:15:30+00:00,0.0,0.0,0.0,0.0
Parfetts - Birmingham,314.0,6.0,106.53,2025-05-04 22:30:30+00:00,0.0,0.0,0.0,0.0
Parfetts - Birmingham,314.0,6.0,106.53,2025-05-04 22:45:30+00:00,0.0,0.0,0.0,0.0
Parfetts - Birmingham,314.0,6.0,106.53,2025-05-04 23:00:30+00:00,0.0,0.0,0.0,0.0
Parfetts - Birmingham,314.0,6.0,106.53,2025-05-04 23:15:30+00:00,0.0,0.0,0.0,0.0
Parfetts - Birmingham,314.0,6.0,106.53,2025-05-04 23:30:30+00:00,0.0,0.0,0.0,0.0
Parfetts - Birmingham,314.0,6.0,106.53,2025-05-04 23:45:30+00:00,0.0,0.0,0.0,0.0
Parfetts - Birmingham,314.0,6.0,106.53,2025-05-05 00:00:30+00:00,0.0,0.0,0.0,0.0
Parfetts - Birmingham,314.0,6.0,106.53,2025-05-05 00:15:30+00:00,0.0,0.0,0.0,0.0
Parfetts - Birmingham,314.0,6.0,106.53,2025-05-05 00:30:30+00:00,0.0,0.0,0.0,0.0
Parfetts - Birmingham,314.0,6.0,106.53,2025-05-05 00:45:30+00:00,0.0,0.0,0.0,0.0
Parfetts - Birmingham,314.0,6.0,106.53,2025-05-05 01:00:30+00:00,0.0,0.0,0.0,0.0
Parfetts - Birmingham,314.0,6.0,106.53,2025-05-05 01:15:30+00:00,0.0,0.0,0.0,0.0
Parfetts - Birmingham,314.0,6.0,106.53,2025-05-05 01:30:30+00:00,0.0,0.0,0.0,0.0
Parfetts - Birmingham,314.0,6.0,106.53,2025-05-05 01:45:30+00:00,0.0,0.0,0.0,0.0
Parfetts - Birmingham,314.0,6.0,106.53,2025-05-05 02:00:30+00:00,0.0,0.0,0.0,0.0
Parfetts - Birmingham,314.0,6.0,106.53,2025-05-05 02:15:30+00:00,0.0,0.0,0.0,0.0
Parfetts - Birmingham,314.0,6.0,106.53,2025-05-05 02:30:30+00:00,0.0,0.0,0.0,0.0
Parfetts - Birmingham,314.0,6.0,106.53,2025-05-05 02:45:30+00:00,0.0,0.0,0.0,0.0
Parfetts - Birmingham,314.0,6.0,106.53,2025-05-05 03:00:30+00:00,0.0,0.0,0.0,0.0
Parfetts - Birmingham,314.0,6.0,106.53,2025-05-05 03:15:30+00:00,0.0,0.0,0.0,0.0
Parfetts - Birmingham,314.0,6.0,106.53,2025-05-05 03:30:30+00:00,0.0,0.0,0.0,0.0
Parfetts - Birmingham,314.0,6.0,106.53,2025-05-05 03:45:30+00:00,0.0,0.0,0.0,0.0
Parfetts - Birmingham,314.0,6.0,106.53,2025-05-05 04:00:30+00:00,0.0,0.0,0.0,0.0
Parfetts - Birmingham,314.0,6.0,106.53,2025-05-05 04:15:30+00:00,0.0,0.0,0.0,0.0
Parfetts - Birmingham,314.0,6.0,106.53,2025-05-05 04:30:30+00:00,0.0005,0.00025,0.001,0.0005
Parfetts - Birmingham,314.0,6.0,106.53,2025-05-05 04:45:30+00:00,0.00275,0.001,0.005,0.00275
Parfetts - Birmingham,314.0,6.0,106.53,2025-05-05 05:00:30+00:00,0.006,0.00225,0.00975,0.006
Parfetts - Birmingham,314.0,6.0,106.53,2025-05-05 05:15:30+00:00,0.00925,0.0035,0.015,0.0095
Parfetts - Birmingham,314.0,6.0,106.53,2025-05-05 05:30:30+00:00,0.01225,0.003,0.02475,0.01275
Parfetts - Birmingham,314.0,6.0,106.53,2025-05-05 05:45:30+00:00,0.01925,0.00375,0.03525,0.02025
Parfetts - Birmingham,314.0,6.0,106.53,2025-05-05 06:00:30+00:00,0.02475,0.0085,0.04875,0.0265
Parfetts - Birmingham,314.0,6.0,106.53,2025-05-05 06:15:30+00:00,0.0455,0.01775,0.05475,0.0525
Parfetts - Birmingham,314.0,6.0,106.53,2025-05-05 06:30:30+00:00,0.056,0.02875,0.063,0.06575
Parfetts - Birmingham,314.0,6.0,106.53,2025-05-05 06:45:30+00:00,0.061,0.031,0.07375,0.07025
Parfetts - Birmingham,314.0,6.0,106.53,2025-05-05 07:00:30+00:00,0.0555,0.03275,0.086,0.061
Parfetts - Birmingham,314.0,6.0,106.53,2025-05-05 07:15:30+00:00,0.05925,0.03825,0.0855,0.06375
Parfetts - Birmingham,314.0,6.0,106.53,2025-05-05 07:30:30+00:00,0.06875,0.045,0.087,0.075
Parfetts - Birmingham,314.0,6.0,106.53,2025-05-05 07:45:30+00:00,0.07125,0.05675,0.0975,0.077
Parfetts - Birmingham,314.0,6.0,106.53,2025-05-05 08:00:30+00:00,0.0895,0.047,0.11025,0.098
Parfetts - Birmingham,314.0,6.0,106.53,2025-05-05 08:15:30+00:00,0.07675,0.04125,0.127,0.08225
Parfetts - Birmingham,314.0,6.0,106.53,2025-05-05 08:30:30+00:00,0.0835,0.02175,0.12425,0.08925
Parfetts - Birmingham,314.0,6.0,106.53,2025-05-05 08:45:30+00:00,0.0595,0.023,0.1295,0.062
Parfetts - Birmingham,314.0,6.0,106.53,2025-05-05 09:00:30+00:00,0.08225,0.01625,0.113,0.0865
Parfetts - Birmingham,314.0,6.0,106.53,2025-05-05 09:15:30+00:00,0.05125,0.01325,0.11125,0.05275
Parfetts - Birmingham,314.0,6.0,106.53,2025-05-05 09:30:30+00:00,0.0515,0.014,0.10475,0.0525
Parfetts - Birmingham,314.0,6.0,106.53,2025-05-05 09:45:30+00:00,0.069,0.02125,0.12325,0.071
Parfetts - Birmingham,314.0,6.0,106.53,2025-05-05 10:00:30+00:00,0.095,0.0205,0.13525,0.099
Parfetts - Birmingham,314.0,6.0,106.53,2025-05-05 10:15:30+00:00,0.0705,0.01525,0.1395,0.07275
Parfetts - Birmingham,314.0,6.0,106.53,2025-05-05 10:30:30+00:00,0.046,0.01575,0.129,0.04675
Parfetts - Birmingham,314.0,6.0,106.53,2025-05-05 10:45:30+00:00,0.03875,0.016,0.1475,0.0395
Parfetts - Birmingham,314.0,6.0,106.53,2025-05-05 11:00:30+00:00,0.111,0.022,0.162,0.116
Parfetts - Birmingham,314.0,6.0,106.53,2025-05-05 11:15:30+00:00,0.099,0.01975,0.166,0.10275
Parfetts - Birmingham,314.0,6.0,106.53,2025-05-05 11:30:30+00:00,0.05875,0.01825,0.1645,0.06
Parfetts - Birmingham,314.0,6.0,106.53,2025-05-05 11:45:30+00:00,0.11175,0.029,0.16425,0.1155
Parfetts - Birmingham,314.0,6.0,106.53,2025-05-05 12:00:30+00:00,0.11975,0.048,0.17175,0.12325
Parfetts - Birmingham,314.0,6.0,106.53,2025-05-05 12:15:30+00:00,0.0975,0.042,0.155,0.0995
Parfetts - Birmingham,314.0,6.0,106.53,2025-05-05 12:30:30+00:00,0.07725,0.0245,0.1455,0.0785
Parfetts - Birmingham,314.0,6.0,106.53,2025-05-05 12:45:30+00:00,0.079,0.0165,0.156,0.08025
Parfetts - Birmingham,314.0,6.0,106.53,2025-05-05 13:00:30+00:00,0.101,0.0295,0.18775,0.10225
Parfetts - Birmingham,314.0,6.0,106.53,2025-05-05 13:15:30+00:00,0.145,0.0445,0.2015,0.147
Parfetts - Birmingham,314.0,6.0,106.53,2025-05-05 13:30:30+00:00,0.12275,0.0345,0.191,0.124
Parfetts - Birmingham,314.0,6.0,106.53,2025-05-05 13:45:30+00:00,0.069,0.0165,0.15775,0.0695
Parfetts - Birmingham,314.0,6.0,106.53,2025-05-05 14:00:30+00:00,0.0685,0.02125,0.142,0.069
Parfetts - Birmingham,314.0,6.0,106.53,2025-05-05 14:15:30+00:00,0.1075,0.03125,0.1315,0.107
Parfetts - Birmingham,314.0,6.0,106.53,2025-05-05 14:30:30+00:00,0.06675,0.0425,0.132,0.06675
Parfetts - Birmingham,314.0,6.0,106.53,2025-05-05 14:45:30+00:00,0.088,0.03725,0.116,0.08725
Parfetts - Birmingham,314.0,6.0,106.53,2025-05-05 15:00:30+00:00,0.0735,0.04075,0.10875,0.07325
Parfetts - Birmingham,314.0,6.0,106.53,2025-05-05 15:15:30+00:00,0.06225,0.03575,0.0895,0.062
Parfetts - Birmingham,314.0,6.0,106.53,2025-05-05 15:30:30+00:00,0.052,0.0305,0.0805,0.052
Parfetts - Birmingham,314.0,6.0,106.53,2025-05-05 15:45:30+00:00,0.05225,0.0305,0.07725,0.05225
Parfetts - Birmingham,314.0,6.0,106.53,2025-05-05 16:00:30+00:00,0.05725,0.02925,0.0835,0.05675
Parfetts - Birmingham,314.0,6.0,106.53,2025-05-05 16:15:30+00:00,0.06,0.032,0.0845,0.05875
Parfetts - Birmingham,314.0,6.0,106.53,2025-05-05 16:30:30+00:00,0.05625,0.03625,0.0825,0.05475
Parfetts - Birmingham,314.0,6.0,106.53,2025-05-05 16:45:30+00:00,0.0625,0.037,0.07875,0.059
Parfetts - Birmingham,314.0,6.0,106.53,2025-05-05 17:00:30+00:00,0.05275,0.031,0.07175,0.05
Parfetts - Birmingham,314.0,6.0,106.53,2025-05-05 17:15:30+00:00,0.03875,0.01825,0.06,0.03725
Parfetts - Birmingham,314.0,6.0,106.53,2025-05-05 17:30:30+00:00,0.0255,0.012,0.04475,0.02525
Parfetts - Birmingham,314.0,6.0,106.53,2025-05-05 17:45:30+00:00,0.0215,0.0095,0.0345,0.02125
Parfetts - Birmingham,314.0,6.0,106.53,2025-05-05 18:00:30+00:00,0.019,0.009,0.028,0.01875
Parfetts - Birmingham,314.0,6.0,106.53,2025-05-05 18:15:30+00:00,0.01475,0.00725,0.023,0.01475
Parfetts - Birmingham,314.0,6.0,106.53,2025-05-05 18:30:30+00:00,0.01175,0.005,0.018,0.0115
Parfetts - Birmingham,314.0,6.0,106.53,2025-05-05 18:45:30+00:00,0.00775,0.003,0.0125,0.00775
Parfetts - Birmingham,314.0,6.0,106.53,2025-05-05 19:00:30+00:00,0.004,0.0015,0.00725,0.004
Parfetts - Birmingham,314.0,6.0,106.53,2025-05-05 19:15:30+00:00,0.00125,0.0005,0.00325,0.00125
Parfetts - Birmingham,314.0,6.0,106.53,2025-05-05 19:30:30+00:00,0.00025,0.0,0.0005,0.00025
Parfetts - Birmingham,314.0,6.0,106.53,2025-05-05 19:45:30+00:00,0.0,0.0,0.0,0.0
Parfetts - Birmingham,314.0,6.0,106.53,2025-05-05 20:00:30+00:00,0.0,0.0,0.0,0.0
Parfetts - Birmingham,314.0,6.0,106.53,2025-05-05 20:15:30+00:00,0.0,0.0,0.0,0.0
Parfetts - Birmingham,314.0,6.0,106.53,2025-05-05 20:30:30+00:00,0.0,0.0,0.0,0.0
Parfetts - Birmingham,314.0,6.0,106.53,2025-05-05 20:45:30+00:00,0.0,0.0,0.0,0.0
Parfetts - Birmingham,314.0,6.0,106.53,2025-05-05 21:00:30+00:00,0.0,0.0,0.0,0.0
Parfetts - Birmingham,314.0,6.0,106.53,2025-05-05 21:15:30+00:00,0.0,0.0,0.0,0.0
Parfetts - Birmingham,314.0,6.0,106.53,2025-05-05 21:30:30+00:00,0.0,0.0,0.0,0.0
Parfetts - Birmingham,314.0,6.0,106.53,2025-05-05 21:45:30+00:00,0.0,0.0,0.0,0.0
Parfetts - Birmingham,314.0,6.0,106.53,2025-05-05 22:00:30+00:00,0.0,0.0,0.0,0.0
Parfetts - Birmingham,314.0,6.0,106.53,2025-05-05 22:15:30+00:00,0.0,0.0,0.0,0.0
Parfetts - Birmingham,314.0,6.0,106.53,2025-05-05 22:30:30+00:00,0.0,0.0,0.0,0.0
Parfetts - Birmingham,314.0,6.0,106.53,2025-05-05 22:45:30+00:00,0.0,0.0,0.0,0.0
Parfetts - Birmingham,314.0,6.0,106.53,2025-05-05 23:00:30+00:00,0.0,0.0,0.0,0.0
Parfetts - Birmingham,314.0,6.0,106.53,2025-05-05 23:15:30+00:00,0.0,0.0,0.0,0.0
Parfetts - Birmingham,314.0,6.0,106.53,2025-05-05 23:30:30+00:00,0.0,0.0,0.0,0.0
Parfetts - Birmingham,314.0,6.0,106.53,2025-05-05 23:45:30+00:00,0.0,0.0,0.0,0.0
Parfetts - Birmingham,314.0,6.0,106.53,2025-05-06 00:00:30+00:00,0.0,0.0,0.0,0.0
Parfetts - Birmingham,314.0,6.0,106.53,2025-05-06 00:15:30+00:00,0.0,0.0,0.0,0.0
Parfetts - Birmingham,314.0,6.0,106.53,2025-05-06 00:30:30+00:00,0.0,0.0,0.0,0.0
Parfetts - Birmingham,314.0,6.0,106.53,2025-05-06 00:45:30+00:00,0.0,0.0,0.0,0.0
Parfetts - Birmingham,314.0,6.0,106.53,2025-05-06 01:00:30+00:00,0.0,0.0,0.0,0.0
Parfetts - Birmingham,314.0,6.0,106.53,2025-05-06 01:15:30+00:00,0.0,0.0,0.0,0.0
Parfetts - Birmingham,314.0,6.0,106.53,2025-05-06 01:30:30+00:00,0.0,0.0,0.0,0.0
Parfetts - Birmingham,314.0,6.0,106.53,2025-05-06 01:45:30+00:00,0.0,0.0,0.0,0.0
Parfetts - Birmingham,314.0,6.0,106.53,2025-05-06 02:00:30+00:00,0.0,0.0,0.0,0.0
Parfetts - Birmingham,314.0,6.0,106.53,2025-05-06 02:15:30+00:00,0.0,0.0,0.0,0.0
Parfetts - Birmingham,314.0,6.0,106.53,2025-05-06 02:30:30+00:00,0.0,0.0,0.0,0.0
Parfetts - Birmingham,314.0,6.0,106.53,2025-05-06 02:45:30+00:00,0.0,0.0,0.0,0.0
Parfetts - Birmingham,314.0,6.0,106.53,2025-05-06 03:00:30+00:00,0.0,0.0,0.0,0.0
Parfetts - Birmingham,314.0,6.0,106.53,2025-05-06 03:15:30+00:00,0.0,0.0,0.0,0.0
Parfetts - Birmingham,314.0,6.0,106.53,2025-05-06 03:30:30+00:00,0.0,0.0,0.0,0.0
Parfetts - Birmingham,314.0,6.0,106.53,2025-05-06 03:45:30+00:00,0.0,0.0,0.0,0.0
Parfetts - Birmingham,314.0,6.0,106.53,2025-05-06 04:00:30+00:00,0.0,0.0,0.0,0.0
Parfetts - Birmingham,314.0,6.0,106.53,2025-05-06 04:15:30+00:00,0.0,0.0,0.0,0.0
Parfetts - Birmingham,314.0,6.0,106.53,2025-05-06 04:30:30+00:00,0.001,0.00075,0.00125,0.001
Parfetts - Birmingham,314.0,6.0,106.53,2025-05-06 04:45:30+00:00,0.00425,0.00325,0.00525,0.00525
Parfetts - Birmingham,314.0,6.0,106.53,2025-05-06 05:00:30+00:00,0.009,0.00625,0.01075,0.01125
Parfetts - Birmingham,314.0,6.0,106.53,2025-05-06 05:15:30+00:00,0.015,0.011,0.01775,0.0185
Parfetts - Birmingham,314.0,6.0,106.53,2025-05-06 05:30:30+00:00,0.022,0.01675,0.0255,0.027
Parfetts - Birmingham,314.0,6.0,106.53,2025-05-06 05:45:30+00:00,0.02975,0.0235,0.03375,0.036
Parfetts - Birmingham,314.0,6.0,106.53,2025-05-06 06:00:30+00:00,0.03775,0.03125,0.04275,0.0455
Parfetts - Birmingham,314.0,6.0,106.53,2025-05-06 06:15:30+00:00,0.046,0.0395,0.05175,0.05475
Parfetts - Birmingham,314.0,6.0,106.53,2025-05-06 06:30:30+00:00,0.05475,0.04875,0.06075,0.06475
Parfetts - Birmingham,314.0,6.0,106.53,2025-05-06 06:45:30+00:00,0.0635,0.05825,0.06875,0.0745
Parfetts - Birmingham,314.0,6.0,106.53,2025-05-06 07:00:30+00:00,0.07225,0.06725,0.0775,0.084
Parfetts - Birmingham,314.0,6.0,106.53,2025-05-06 07:15:30+00:00,0.0815,0.073,0.0895,0.09425
Parfetts - Birmingham,314.0,6.0,106.53,2025-05-06 07:30:30+00:00,0.09025,0.0765,0.10075,0.10375
Parfetts - Birmingham,314.0,6.0,106.53,2025-05-06 07:45:30+00:00,0.09625,0.07625,0.11125,0.10925
Parfetts - Birmingham,314.0,6.0,106.53,2025-05-06 08:00:30+00:00,0.09625,0.07975,0.118,0.10675
Parfetts - Birmingham,314.0,6.0,106.53,2025-05-06 08:15:30+00:00,0.10225,0.08575,0.1185,0.11275
Parfetts - Birmingham,314.0,6.0,106.53,2025-05-06 08:30:30+00:00,0.10775,0.096,0.12,0.11825
Parfetts - Birmingham,314.0,6.0,106.53,2025-05-06 08:45:30+00:00,0.114,0.10325,0.12425,0.12475
Parfetts - Birmingham,314.0,6.0,106.53,2025-05-06 09:00:30+00:00,0.11975,0.10575,0.135,0.13025
Parfetts - Birmingham,314.0,6.0,106.53,2025-05-06 09:15:30+00:00,0.12675,0.10975,0.14875,0.13775
Parfetts - Birmingham,314.0,6.0,106.53,2025-05-06 09:30:30+00:00,0.14025,0.117,0.163,0.153
Parfetts - Birmingham,314.0,6.0,106.53,2025-05-06 09:45:30+00:00,0.153,0.12825,0.17225,0.167
Parfetts - Birmingham,314.0,6.0,106.53,2025-05-06 10:00:30+00:00,0.15775,0.139,0.17925,0.17125
Parfetts - Birmingham,314.0,6.0,106.53,2025-05-06 10:15:30+00:00,0.166,0.14725,0.18425,0.17975
Parfetts - Birmingham,314.0,6.0,106.53,2025-05-06 10:30:30+00:00,0.17325,0.15525,0.19175,0.1875
Parfetts - Birmingham,314.0,6.0,106.53,2025-05-06 10:45:30+00:00,0.1815,0.16325,0.19875,0.19575
Parfetts - Birmingham,314.0,6.0,106.53,2025-05-06 11:00:30+00:00,0.188,0.1725,0.20225,0.202
Parfetts - Birmingham,314.0,6.0,106.53,2025-05-06 11:15:30+00:00,0.19275,0.17975,0.204,0.206
Parfetts - Birmingham,314.0,6.0,106.53,2025-05-06 11:30:30+00:00,0.195,0.18425,0.2045,0.20725
Parfetts - Birmingham,314.0,6.0,106.53,2025-05-06 11:45:30+00:00,0.1955,0.186,0.205,0.20675
Parfetts - Birmingham,314.0,6.0,106.53,2025-05-06 12:00:30+00:00,0.19625,0.18725,0.20625,0.206
Parfetts - Birmingham,314.0,6.0,106.53,2025-05-06 12:15:30+00:00,0.198,0.18825,0.207,0.20675
Parfetts - Birmingham,314.0,6.0,106.53,2025-05-06 12:30:30+00:00,0.19875,0.18925,0.2075,0.2065
Parfetts - Birmingham,314.0,6.0,106.53,2025-05-06 12:45:30+00:00,0.19825,0.18925,0.2065,0.20475
Parfetts - Birmingham,314.0,6.0,106.53,2025-05-06 13:00:30+00:00,0.19675,0.18825,0.20475,0.20175
Parfetts - Birmingham,314.0,6.0,106.53,2025-05-06 13:15:30+00:00,0.19425,0.18575,0.20225,0.19775
Parfetts - Birmingham,314.0,6.0,106.53,2025-05-06 13:30:30+00:00,0.191,0.18325,0.1995,0.19325
Parfetts - Birmingham,314.0,6.0,106.53,2025-05-06 13:45:30+00:00,0.18875,0.18025,0.19625,0.18975
Parfetts - Birmingham,314.0,6.0,106.53,2025-05-06 14:00:30+00:00,0.18475,0.17625,0.1925,0.18425
Parfetts - Birmingham,314.0,6.0,106.53,2025-05-06 14:15:30+00:00,0.1795,0.171,0.1875,0.17775
Parfetts - Birmingham,314.0,6.0,106.53,2025-05-06 14:30:30+00:00,0.1735,0.16475,0.182,0.17025
Parfetts - Birmingham,314.0,6.0,106.53,2025-05-06 14:45:30+00:00,0.16675,0.157,0.17675,0.1625
Parfetts - Birmingham,314.0,6.0,106.53,2025-05-06 15:00:30+00:00,0.16025,0.149,0.17025,0.1545
Parfetts - Birmingham,314.0,6.0,106.53,2025-05-06 15:15:30+00:00,0.15175,0.14025,0.16175,0.14525
Parfetts - Birmingham,314.0,6.0,106.53,2025-05-06 15:30:30+00:00,0.1405,0.13225,0.15125,0.1335
Parfetts - Birmingham,314.0,6.0,106.53,2025-05-06 15:45:30+00:00,0.13325,0.12525,0.14225,0.1255
Parfetts - Birmingham,314.0,6.0,106.53,2025-05-06 16:00:30+00:00,0.1275,0.11875,0.13325,0.1185
Parfetts - Birmingham,314.0,6.0,106.53,2025-05-06 16:15:30+00:00,0.11675,0.11075,0.124,0.10725
Parfetts - Birmingham,314.0,6.0,106.53,2025-05-06 16:30:30+00:00,0.108,0.1025,0.1145,0.098
Parfetts - Birmingham,314.0,6.0,106.53,2025-05-06 16:45:30+00:00,0.10075,0.094,0.1065,0.08975
Parfetts - Birmingham,314.0,6.0,106.53,2025-05-06 17:00:30+00:00,0.0915,0.084,0.0985,0.08025
Parfetts - Birmingham,314.0,6.0,106.53,2025-05-06 17:15:30+00:00,0.081,0.07225,0.09,0.06975
Parfetts - Birmingham,314.0,6.0,106.53,2025-05-06 17:30:30+00:00,0.0705,0.0595,0.08,0.0595
Parfetts - Birmingham,314.0,6.0,106.53,2025-05-06 17:45:30+00:00,0.06025,0.04625,0.069,0.04975
Parfetts - Birmingham,314.0,6.0,106.53,2025-05-06 18:00:30+00:00,0.0485,0.03375,0.05775,0.03925
Parfetts - Birmingham,314.0,6.0,106.53,2025-05-06 18:15:30+00:00,0.03425,0.0225,0.045,0.02775
Parfetts - Birmingham,314.0,6.0,106.53,2025-05-06 18:30:30+00:00,0.022,0.01425,0.03225,0.0185
Parfetts - Birmingham,314.0,6.0,106.53,2025-05-06 18:45:30+00:00,0.01575,0.0095,0.02275,0.0125
Parfetts - Birmingham,314.0,6.0,106.53,2025-05-06 19:00:30+00:00,0.0085,0.00525,0.012,0.007
Parfetts - Birmingham,314.0,6.0,106.53,2025-05-06 19:15:30+00:00,0.00275,0.002,0.00375,0.0025
Parfetts - Birmingham,314.0,6.0,106.53,2025-05-06 19:30:30+00:00,0.00075,0.0005,0.001,0.00075
Parfetts - Birmingham,314.0,6.0,106.53,2025-05-06 19:45:30+00:00,0.0,0.0,0.0,0.0
Parfetts - Birmingham,314.0,6.0,106.53,2025-05-06 20:00:30+00:00,0.0,0.0,0.0,0.0
Parfetts - Birmingham,314.0,6.0,106.53,2025-05-06 20:15:30+00:00,0.0,0.0,0.0,0.0
Parfetts - Birmingham,314.0,6.0,106.53,2025-05-06 20:30:30+00:00,0.0,0.0,0.0,0.0
Parfetts - Birmingham,314.0,6.0,106.53,2025-05-06 20:45:30+00:00,0.0,0.0,0.0,0.0
Parfetts - Birmingham,314.0,6.0,106.53,2025-05-06 21:00:30+00:00,0.0,0.0,0.0,0.0
Parfetts - Birmingham,314.0,6.0,106.53,2025-05-06 21:15:30+00:00,0.0,0.0,0.0,0.0
Parfetts - Birmingham,314.0,6.0,106.53,2025-05-06 21:30:30+00:00,0.0,0.0,0.0,0.0
Parfetts - Birmingham,314.0,6.0,106.53,2025-05-06 21:45:30+00:00,0.0,0.0,0.0,0.0
Parfetts - Birmingham,314.0,6.0,106.53,2025-05-06 22:00:30+00:00,0.0,0.0,0.0,0.0
Parfetts - Birmingham,314.0,6.0,106.53,2025-05-06 22:15:30+00:00,0.0,0.0,0.0,0.0
Parfetts - Birmingham,314.0,6.0,106.53,2025-05-06 22:30:30+00:00,0.0,0.0,0.0,0.0
Parfetts - Birmingham,314.0,6.0,106.53,2025-05-06 22:45:30+00:00,0.0,0.0,0.0,0.0
Parfetts - Birmingham,314.0,6.0,106.53,2025-05-06 23:00:30+00:00,0.0,0.0,0.0,0.0
Parfetts - Birmingham,314.0,6.0,106.53,2025-05-06 23:15:30+00:00,0.0,0.0,0.0,0.0
Parfetts - Birmingham,314.0,6.0,106.53,2025-05-06 23:30:30+00:00,0.0,0.0,0.0,0.0
Parfetts - Birmingham,314.0,6.0,106.53,2025-05-06 23:45:30+00:00,0.0,0.0,0.0,0.0
Parfetts - Birmingham,314.0,6.0,106.53,2025-05-07 00:00:30+00:00,0.0,0.0,0.0,0.0
Parfetts - Birmingham,314.0,6.0,106.53,2025-05-07 00:15:30+00:00,0.0,0.0,0.0,0.0
Parfetts - Birmingham,314.0,6.0,106.53,2025-05-07 00:30:30+00:00,0.0,0.0,0.0,0.0
Parfetts - Birmingham,314.0,6.0,106.53,2025-05-07 00:45:30+00:00,0.0,0.0,0.0,0.0
Parfetts - Birmingham,314.0,6.0,106.53,2025-05-07 01:00:30+00:00,0.0,0.0,0.0,0.0
Parfetts - Birmingham,314.0,6.0,106.53,2025-05-07 01:15:30+00:00,0.0,0.0,0.0,0.0
Parfetts - Birmingham,314.0,6.0,106.53,2025-05-07 01:30:30+00:00,0.0,0.0,0.0,0.0
Parfetts - Birmingham,314.0,6.0,106.53,2025-05-07 01:45:30+00:00,0.0,0.0,0.0,0.0
Parfetts - Birmingham,314.0,6.0,106.53,2025-05-07 02:00:30+00:00,0.0,0.0,0.0,0.0
Parfetts - Birmingham,314.0,6.0,106.53,2025-05-07 02:15:30+00:00,0.0,0.0,0.0,0.0
Parfetts - Birmingham,314.0,6.0,106.53,2025-05-07 02:30:30+00:00,0.0,0.0,0.0,0.0
Parfetts - Birmingham,314.0,6.0,106.53,2025-05-07 02:45:30+00:00,0.0,0.0,0.0,0.0
Parfetts - Birmingham,314.0,6.0,106.53,2025-05-07 03:00:30+00:00,0.0,0.0,0.0,0.0
Parfetts - Birmingham,314.0,6.0,106.53,2025-05-07 03:15:30+00:00,0.0,0.0,0.0,0.0
Parfetts - Birmingham,314.0,6.0,106.53,2025-05-07 03:30:30+00:00,0.0,0.0,0.0,0.0
Parfetts - Birmingham,314.0,6.0,106.53,2025-05-07 03:45:30+00:00,0.0,0.0,0.0,0.0
Parfetts - Birmingham,314.0,6.0,106.53,2025-05-07 04:00:30+00:00,0.0,0.0,0.0,0.0
Parfetts - Birmingham,314.0,6.0,106.53,2025-05-07 04:15:30+00:00,0.0,0.0,0.0,0.0
Parfetts - Birmingham,314.0,6.0,106.53,2025-05-07 04:30:30+00:00,0.00075,0.00025,0.00175,0.00075
Parfetts - Birmingham,314.0,6.0,106.53,2025-05-07 04:45:30+00:00,0.00275,0.0005,0.0055,0.00275
Parfetts - Birmingham,314.0,6.0,106.53,2025-05-07 05:00:30+00:00,0.0055,0.00225,0.01225,0.0055
Parfetts - Birmingham,314.0,6.0,106.53,2025-05-07 05:15:30+00:00,0.0125,0.005,0.01925,0.0135
Parfetts - Birmingham,314.0,6.0,106.53,2025-05-07 05:30:30+00:00,0.0185,0.01,0.02675,0.02025
Parfetts - Birmingham,314.0,6.0,106.53,2025-05-07 05:45:30+00:00,0.02425,0.01375,0.0325,0.02675
Parfetts - Birmingham,314.0,6.0,106.53,2025-05-07 06:00:30+00:00,0.02725,0.01625,0.03875,0.029
Parfetts - Birmingham,314.0,6.0,106.53,2025-05-07 06:15:30+00:00,0.0305,0.02,0.0485,0.0325
Parfetts - Birmingham,314.0,6.0,106.53,2025-05-07 06:30:30+00:00,0.04325,0.02575,0.06025,0.04725
Parfetts - Birmingham,314.0,6.0,106.53,2025-05-07 06:45:30+00:00,0.05475,0.03675,0.06975,0.06125
Parfetts - Birmingham,314.0,6.0,106.53,2025-05-07 07:00:30+00:00,0.06275,0.0495,0.07675,0.07
Parfetts - Birmingham,314.0,6.0,106.53,2025-05-07 07:15:30+00:00,0.07175,0.06075,0.08325,0.08025
Parfetts - Birmingham,314.0,6.0,106.53,2025-05-07 07:30:30+00:00,0.08125,0.07,0.09225,0.0905
Parfetts - Birmingham,314.0,6.0,106.53,2025-05-07 07:45:30+00:00,0.09,0.078,0.1055,0.1
Parfetts - Birmingham,314.0,6.0,106.53,2025-05-07 08:00:30+00:00,0.1035,0.08675,0.1165,0.11525
Parfetts - Birmingham,314.0,6.0,106.53,2025-05-07 08:15:30+00:00,0.1115,0.09025,0.1235,0.12425
Parfetts - Birmingham,314.0,6.0,106.53,2025-05-07 08:30:30+00:00,0.1075,0.094,0.13025,0.1175
Parfetts - Birmingham,314.0,6.0,106.53,2025-05-07 08:45:30+00:00,0.11525,0.1,0.137,0.12575
Parfetts - Birmingham,314.0,6.0,106.53,2025-05-07 09:00:30+00:00,0.1315,0.1085,0.1485,0.1445
Parfetts - Birmingham,314.0,6.0,106.53,2025-05-07 09:15:30+00:00,0.1395,0.11325,0.1605,0.153
Parfetts - Birmingham,314.0,6.0,106.53,2025-05-07 09:30:30+00:00,0.14025,0.1075,0.16925,0.152
Parfetts - Birmingham,314.0,6.0,106.53,2025-05-07 09:45:30+00:00,0.1345,0.101,0.1715,0.1445
Parfetts - Birmingham,314.0,6.0,106.53,2025-05-07 10:00:30+00:00,0.1335,0.0995,0.166,0.142
Parfetts - Birmingham,314.0,6.0,106.53,2025-05-07 10:15:30+00:00,0.129,0.1055,0.15775,0.136
Parfetts - Birmingham,314.0,6.0,106.53,2025-05-07 10:30:30+00:00,0.13125,0.11225,0.15625,0.138
Parfetts - Birmingham,314.0,6.0,106.53,2025-05-07 10:45:30+00:00,0.14225,0.119,0.16275,0.14975
Parfetts - Birmingham,314.0,6.0,106.53,2025-05-07 11:00:30+00:00,0.1485,0.12325,0.174,0.1565
Parfetts - Birmingham,314.0,6.0,106.53,2025-05-07 11:15:30+00:00,0.155,0.118,0.184,0.163
Parfetts - Birmingham,314.0,6.0,106.53,2025-05-07 11:30:30+00:00,0.1495,0.101,0.19275,0.15625
Parfetts - Birmingham,314.0,6.0,106.53,2025-05-07 11:45:30+00:00,0.13575,0.081,0.1905,0.1405
Parfetts - Birmingham,314.0,6.0,106.53,2025-05-07 12:00:30+00:00,0.12025,0.0675,0.17325,0.12375
Parfetts - Birmingham,314.0,6.0,106.53,2025-05-07 12:15:30+00:00,0.10425,0.0645,0.157,0.1065
Parfetts - Birmingham,314.0,6.0,106.53,2025-05-07 12:30:30+00:00,0.10625,0.0705,0.15375,0.10825
Parfetts - Birmingham,314.0,6.0,106.53,2025-05-07 12:45:30+00:00,0.12525,0.0815,0.16375,0.12775
Parfetts - Birmingham,314.0,6.0,106.53,2025-05-07 13:00:30+00:00,0.13625,0.0905,0.168,0.13875
Parfetts - Birmingham,314.0,6.0,106.53,2025-05-07 13:15:30+00:00,0.126,0.088,0.16125,0.1275
Parfetts - Birmingham,314.0,6.0,106.53,2025-05-07 13:30:30+00:00,0.11075,0.07975,0.14575,0.11175
Parfetts - Birmingham,314.0,6.0,106.53,2025-05-07 13:45:30+00:00,0.1015,0.07625,0.13325,0.102
Parfetts - Birmingham,314.0,6.0,106.53,2025-05-07 14:00:30+00:00,0.1015,0.0705,0.12775,0.102
Parfetts - Birmingham,314.0,6.0,106.53,2025-05-07 14:15:30+00:00,0.09375,0.06875,0.13125,0.094
Parfetts - Birmingham,314.0,6.0,106.53,2025-05-07 14:30:30+00:00,0.1045,0.06875,0.14,0.10425
Parfetts - Birmingham,314.0,6.0,106.53,2025-05-07 14:45:30+00:00,0.115,0.08,0.1415,0.1135
Parfetts - Birmingham,314.0,6.0,106.53,2025-05-07 15:00:30+00:00,0.112,0.088,0.13375,0.11
Parfetts - Birmingham,314.0,6.0,106.53,2025-05-07 15:15:30+00:00,0.1055,0.08825,0.12125,0.103
Parfetts - Birmingham,314.0,6.0,106.53,2025-05-07 15:30:30+00:00,0.09575,0.08225,0.116,0.09375
Parfetts - Birmingham,314.0,6.0,106.53,2025-05-07 15:45:30+00:00,0.09725,0.0765,0.116,0.09375
Parfetts - Birmingham,314.0,6.0,106.53,2025-05-07 16:00:30+00:00,0.0945,0.06725,0.109,0.0905
Parfetts - Birmingham,314.0,6.0,106.53,2025-05-07 16:15:30+00:00,0.07075,0.0565,0.09625,0.0685
Parfetts - Birmingham,314.0,6.0,106.53,2025-05-07 16:30:30+00:00,0.06475,0.0465,0.087,0.0625
Parfetts - Birmingham,314.0,6.0,106.53,2025-05-07 16:45:30+00:00,0.06475,0.03775,0.08325,0.06175
Parfetts - Birmingham,314.0,6.0,106.53,2025-05-07 17:00:30+00:00,0.0505,0.0265,0.07425,0.04825
Parfetts - Birmingham,314.0,6.0,106.53,2025-05-07 17:15:30+00:00,0.035,0.015,0.058,0.03425
Parfetts - Birmingham,314.0,6.0,106.53,2025-05-07 17:30:30+00:00,0.02475,0.0125,0.046,0.0245
Parfetts - Birmingham,314.0,6.0,106.53,2025-05-07 17:45:30+00:00,0.02975,0.01325,0.0395,0.02825
Parfetts - Birmingham,314.0,6.0,106.53,2025-05-07 18:00:30+00:00,0.02275,0.0125,0.033,0.02175
Parfetts - Birmingham,314.0,6.0,106.53,2025-05-07 18:15:30+00:00,0.01525,0.0085,0.0245,0.015
Parfetts - Birmingham,314.0,6.0,106.53,2025-05-07 18:30:30+00:00,0.01225,0.00575,0.018,0.012
Parfetts - Birmingham,314.0,6.0,106.53,2025-05-07 18:45:30+00:00,0.00825,0.00375,0.01275,0.00825
Parfetts - Birmingham,314.0,6.0,106.53,2025-05-07 19:00:30+00:00,0.0045,0.002,0.0075,0.0045
Parfetts - Birmingham,314.0,6.0,106.53,2025-05-07 19:15:30+00:00,0.00175,0.00075,0.0035,0.00175
Parfetts - Birmingham,314.0,6.0,106.53,2025-05-07 19:30:30+00:00,0.0005,0.00025,0.00125,0.0005
Parfetts - Birmingham,314.0,6.0,106.53,2025-05-07 19:45:30+00:00,0.0,0.0,0.0,0.0
Parfetts - Birmingham,314.0,6.0,106.53,2025-05-07 20:00:30+00:00,0.0,0.0,0.0,0.0
Parfetts - Birmingham,314.0,6.0,106.53,2025-05-07 20:15:30+00:00,0.0,0.0,0.0,0.0
Parfetts - Birmingham,314.0,6.0,106.53,2025-05-07 20:30:30+00:00,0.0,0.0,0.0,0.0
Parfetts - Birmingham,314.0,6.0,106.53,2025-05-07 20:45:30+00:00,0.0,0.0,0.0,0.0
Parfetts - Birmingham,314.0,6.0,106.53,2025-05-07 21:00:30+00:00,0.0,0.0,0.0,0.0
Parfetts - Birmingham,314.0,6.0,106.53,2025-05-07 21:15:30+00:00,0.0,0.0,0.0,0.0
Parfetts - Birmingham,314.0,6.0,106.53,2025-05-07 21:30:30+00:00,0.0,0.0,0.0,0.0
Parfetts - Birmingham,314.0,6.0,106.53,2025-05-07 21:45:30+00:00,0.0,0.0,0.0,0.0
Parfetts - Birmingham,314.0,6.0,106.53,2025-05-07 22:00:30+00:00,0.0,0.0,0.0,0.0
Parfetts - Birmingham,314.0,6.0,106.53,2025-05-07 22:15:30+00:00,0.0,0.0,0.0,0.0
Parfetts - Birmingham,314.0,6.0,106.53,2025-05-07 22:30:30+00:00,0.0,0.0,0.0,0.0
Parfetts - Birmingham,314.0,6.0,106.53,2025-05-07 22:45:30+00:00,0.0,0.0,0.0,0.0
Parfetts - Birmingham,314.0,6.0,106.53,2025-05-07 23:00:30+00:00,0.0,0.0,0.0,0.0
Parfetts - Birmingham,314.0,6.0,106.53,2025-05-07 23:15:30+00:00,0.0,0.0,0.0,0.0
Parfetts - Birmingham,314.0,6.0,106.53,2025-05-07 23:30:30+00:00,0.0,0.0,0.0,0.0
Parfetts - Birmingham,314.0,6.0,106.53,2025-05-07 23:45:30+00:00,0.0,0.0,0.0,0.0
Parfetts - Birmingham,314.0,6.0,106.53,2025-05-08 00:00:30+00:00,0.0,0.0,0.0,0.0
Parfetts - Birmingham,314.0,6.0,106.53,2025-05-08 00:15:30+00:00,0.0,0.0,0.0,0.0
Parfetts - Birmingham,314.0,6.0,106.53,2025-05-08 00:30:30+00:00,0.0,0.0,0.0,0.0
Parfetts - Birmingham,314.0,6.0,106.53,2025-05-08 00:45:30+00:00,0.0,0.0,0.0,0.0
Parfetts - Birmingham,314.0,6.0,106.53,2025-05-08 01:00:30+00:00,0.0,0.0,0.0,0.0
Parfetts - Birmingham,314.0,6.0,106.53,2025-05-08 01:15:30+00:00,0.0,0.0,0.0,0.0
Parfetts - Birmingham,314.0,6.0,106.53,2025-05-08 01:30:30+00:00,0.0,0.0,0.0,0.0
Parfetts - Birmingham,314.0,6.0,106.53,2025-05-08 01:45:30+00:00,0.0,0.0,0.0,0.0
Parfetts - Birmingham,314.0,6.0,106.53,2025-05-08 02:00:30+00:00,0.0,0.0,0.0,0.0
Parfetts - Birmingham,314.0,6.0,106.53,2025-05-08 02:15:30+00:00,0.0,0.0,0.0,0.0
Parfetts - Birmingham,314.0,6.0,106.53,2025-05-08 02:30:30+00:00,0.0,0.0,0.0,0.0
Parfetts - Birmingham,314.0,6.0,106.53,2025-05-08 02:45:30+00:00,0.0,0.0,0.0,0.0
Parfetts - Birmingham,314.0,6.0,106.53,2025-05-08 03:00:30+00:00,0.0,0.0,0.0,0.0
Parfetts - Birmingham,314.0,6.0,106.53,2025-05-08 03:15:30+00:00,0.0,0.0,0.0,0.0
Parfetts - Birmingham,314.0,6.0,106.53,2025-05-08 03:30:30+00:00,0.0,0.0,0.0,0.0
Parfetts - Birmingham,314.0,6.0,106.53,2025-05-08 03:45:30+00:00,0.0,0.0,0.0,0.0
Parfetts - Birmingham,314.0,6.0,106.53,2025-05-08 04:00:30+00:00,0.0,0.0,0.0,0.0
Parfetts - Birmingham,314.0,6.0,106.53,2025-05-08 04:15:30+00:00,0.0,0.0,0.0,0.0
Parfetts - Birmingham,314.0,6.0,106.53,2025-05-08 04:30:30+00:00,0.00075,0.00025,0.00225,0.00075
Parfetts - Birmingham,314.0,6.0,106.53,2025-05-08 04:45:30+00:00,0.0025,0.0005,0.00525,0.0025
Parfetts - Birmingham,314.0,6.0,106.53,2025-05-08 05:00:30+00:00,0.005,0.0015,0.0095,0.00525
Parfetts - Birmingham,314.0,6.0,106.53,2025-05-08 05:15:30+00:00,0.0085,0.003,0.014,0.0085
Parfetts - Birmingham,314.0,6.0,106.53,2025-05-08 05:30:30+00:00,0.01175,0.00525,0.019,0.012
Parfetts - Birmingham,314.0,6.0,106.53,2025-05-08 05:45:30+00:00,0.016,0.008,0.0235,0.01625
Parfetts - Birmingham,314.0,6.0,106.53,2025-05-08 06:00:30+00:00,0.0195,0.01075,0.029,0.01975
Parfetts - Birmingham,314.0,6.0,106.53,2025-05-08 06:15:30+00:00,0.02375,0.014,0.03475,0.02425
Parfetts - Birmingham,314.0,6.0,106.53,2025-05-08 06:30:30+00:00,0.02975,0.0195,0.042,0.0305
Parfetts - Birmingham,314.0,6.0,106.53,2025-05-08 06:45:30+00:00,0.03825,0.02625,0.04775,0.04
Parfetts - Birmingham,314.0,6.0,106.53,2025-05-08 07:00:30+00:00,0.04325,0.03125,0.054,0.04525
Parfetts - Birmingham,314.0,6.0,106.53,2025-05-08 07:15:30+00:00,0.047,0.033,0.05825,0.04875
Parfetts - Birmingham,314.0,6.0,106.53,2025-05-08 07:30:30+00:00,0.0465,0.03175,0.0625,0.04775
Parfetts - Birmingham,314.0,6.0,106.53,2025-05-08 07:45:30+00:00,0.04775,0.031,0.06625,0.049
Parfetts - Birmingham,314.0,6.0,106.53,2025-05-08 08:00:30+00:00,0.0515,0.03025,0.0695,0.053
Parfetts - Birmingham,314.0,6.0,106.53,2025-05-08 08:15:30+00:00,0.0505,0.02825,0.07075,0.05175
Parfetts - Birmingham,314.0,6.0,106.53,2025-05-08 08:30:30+00:00,0.04625,0.02625,0.069,0.04725
Parfetts - Birmingham,314.0,6.0,106.53,2025-05-08 08:45:30+00:00,0.04575,0.02725,0.066,0.0465
Parfetts - Birmingham,314.0,6.0,106.53,2025-05-08 09:00:30+00:00,0.0475,0.0315,0.066,0.04825
Parfetts - Birmingham,314.0,6.0,106.53,2025-05-08 09:15:30+00:00,0.0525,0.035,0.06775,0.05375
Parfetts - Birmingham,314.0,6.0,106.53,2025-05-08 09:30:30+00:00,0.054,0.0345,0.06975,0.05525
Parfetts - Birmingham,314.0,6.0,106.53,2025-05-08 09:45:30+00:00,0.04975,0.03325,0.07125,0.05075
Parfetts - Birmingham,314.0,6.0,106.53,2025-05-08 10:00:30+00:00,0.0525,0.03275,0.07075,0.0535
Parfetts - Birmingham,314.0,6.0,106.53,2025-05-08 10:15:30+00:00,0.05275,0.03325,0.07125,0.05375
Parfetts - Birmingham,314.0,6.0,106.53,2025-05-08 10:30:30+00:00,0.05125,0.03125,0.07275,0.052
Parfetts - Birmingham,314.0,6.0,106.53,2025-05-08 10:45:30+00:00,0.05175,0.03025,0.077,0.0525
Parfetts - Birmingham,314.0,6.0,106.53,2025-05-08 11:00:30+00:00,0.0575,0.0335,0.08475,0.0585
Parfetts - Birmingham,314.0,6.0,106.53,2025-05-08 11:15:30+00:00,0.06775,0.03925,0.088,0.069
Parfetts - Birmingham,314.0,6.0,106.53,2025-05-08 11:30:30+00:00,0.06525,0.04025,0.0885,0.06625
Parfetts - Birmingham,314.0,6.0,106.53,2025-05-08 11:45:30+00:00,0.0595,0.03775,0.085,0.0605
Parfetts - Birmingham,314.0,6.0,106.53,2025-05-08 12:00:30+00:00,0.05875,0.03525,0.08125,0.05975
Parfetts - Birmingham,314.0,6.0,106.53,2025-05-08 12:15:30+00:00,0.056,0.0335,0.079,0.05675
Parfetts - Birmingham,314.0,6.0,106.53,2025-05-08 12:30:30+00:00,0.0535,0.03225,0.0765,0.05425
Parfetts - Birmingham,314.0,6.0,106.53,2025-05-08 12:45:30+00:00,0.05325,0.02875,0.0735,0.054
Parfetts - Birmingham,314.0,6.0,106.53,2025-05-08 13:00:30+00:00,0.046,0.0275,0.07025,0.0465
Parfetts - Birmingham,314.0,6.0,106.53,2025-05-08 13:15:30+00:00,0.04675,0.02575,0.066,0.04725
Parfetts - Birmingham,314.0,6.0,106.53,2025-05-08 13:30:30+00:00,0.04425,0.02475,0.0645,0.04475
Parfetts - Birmingham,314.0,6.0,106.53,2025-05-08 13:45:30+00:00,0.0425,0.022,0.06525,0.04275
Parfetts - Birmingham,314.0,6.0,106.53,2025-05-08 14:00:30+00:00,0.0435,0.01825,0.07075,0.044
Parfetts - Birmingham,314.0,6.0,106.53,2025-05-08 14:15:30+00:00,0.047,0.01825,0.07775,0.04725
Parfetts - Birmingham,314.0,6.0,106.53,2025-05-08 14:30:30+00:00,0.05325,0.0205,0.08575,0.0535
Parfetts - Birmingham,314.0,6.0,106.53,2025-05-08 14:45:30+00:00,0.05875,0.0215,0.0925,0.059
Parfetts - Birmingham,314.0,6.0,106.53,2025-05-08 15:00:30+00:00,0.0585,0.02075,0.101,0.0585
Parfetts - Birmingham,314.0,6.0,106.53,2025-05-08 15:15:30+00:00,0.065,0.02475,0.10825,0.065
Parfetts - Birmingham,314.0,6.0,106.53,2025-05-08 15:30:30+00:00,0.076,0.03675,0.1135,0.075
Parfetts - Birmingham,314.0,6.0,106.53,2025-05-08 15:45:30+00:00,0.08375,0.05075,0.108,0.08175
Parfetts - Birmingham,314.0,6.0,106.53,2025-05-08 16:00:30+00:00,0.07775,0.0585,0.09675,0.07575
Parfetts - Birmingham,314.0,6.0,106.53,2025-05-08 16:15:30+00:00,0.07125,0.05775,0.08325,0.069
Parfetts - Birmingham,314.0,6.0,106.53,2025-05-08 16:30:30+00:00,0.0625,0.052,0.07325,0.0605
Parfetts - Birmingham,314.0,6.0,106.53,2025-05-08 16:45:30+00:00,0.054,0.045,0.0665,0.052
Parfetts - Birmingham,314.0,6.0,106.53,2025-05-08 17:00:30+00:00,0.051,0.03775,0.06125,0.04875
Parfetts - Birmingham,314.0,6.0,106.53,2025-05-08 17:15:30+00:00,0.04275,0.02925,0.055,0.041
Parfetts - Birmingham,314.0,6.0,106.53,2025-05-08 17:30:30+00:00,0.0315,0.021,0.045,0.03075
Parfetts - Birmingham,314.0,6.0,106.53,2025-05-08 17:45:30+00:00,0.02525,0.01525,0.03675,0.025
Parfetts - Birmingham,314.0,6.0,106.53,2025-05-08 18:00:30+00:00,0.0215,0.01175,0.03125,0.021
Parfetts - Birmingham,314.0,6.0,106.53,2025-05-08 18:15:30+00:00,0.0175,0.009,0.02675,0.01725
Parfetts - Birmingham,314.0,6.0,106.53,2025-05-08 18:30:30+00:00,0.015,0.007,0.023,0.01425
Parfetts - Birmingham,314.0,6.0,106.53,2025-05-08 18:45:30+00:00,0.01175,0.0055,0.01775,0.011
Parfetts - Birmingham,314.0,6.0,106.53,2025-05-08 19:00:30+00:00,0.00675,0.00325,0.01075,0.0065
Parfetts - Birmingham,314.0,6.0,106.53,2025-05-08 19:15:30+00:00,0.00275,0.00175,0.00475,0.00275
Parfetts - Birmingham,314.0,6.0,106.53,2025-05-08 19:30:30+00:00,0.001,0.0005,0.00175,0.001
Parfetts - Birmingham,314.0,6.0,106.53,2025-05-08 19:45:30+00:00,0.0,0.0,0.0,0.0
Parfetts - Birmingham,314.0,6.0,106.53,2025-05-08 20:00:30+00:00,0.0,0.0,0.0,0.0
Parfetts - Birmingham,314.0,6.0,106.53,2025-05-08 20:15:30+00:00,0.0,0.0,0.0,0.0
Parfetts - Birmingham,314.0,6.0,106.53,2025-05-08 20:30:30+00:00,0.0,0.0,0.0,0.0
Parfetts - Birmingham,314.0,6.0,106.53,2025-05-08 20:45:30+00:00,0.0,0.0,0.0,0.0
Parfetts - Birmingham,314.0,6.0,106.53,2025-05-08 21:00:30+00:00,0.0,0.0,0.0,0.0
Parfetts - Birmingham,314.0,6.0,106.53,2025-05-08 21:15:30+00:00,0.0,0.0,0.0,0.0
Parfetts - Birmingham,314.0,6.0,106.53,2025-05-08 21:30:30+00:00,0.0,0.0,0.0,0.0
Parfetts - Birmingham,314.0,6.0,106.53,2025-05-08 21:45:30+00:00,0.0,0.0,0.0,0.0
Parfetts - Birmingham,314.0,6.0,106.53,2025-05-08 22:00:30+00:00,0.0,0.0,0.0,0.0
Parfetts - Birmingham,314.0,6.0,106.53,2025-05-08 22:15:30+00:00,0.0,0.0,0.0,0.0
Parfetts - Birmingham,314.0,6.0,106.53,2025-05-08 22:30:30+00:00,0.0,0.0,0.0,0.0
Parfetts - Birmingham,314.0,6.0,106.53,2025-05-08 22:45:30+00:00,0.0,0.0,0.0,0.0
Parfetts - Birmingham,314.0,6.0,106.53,2025-05-08 23:00:30+00:00,0.0,0.0,0.0,0.0
Parfetts - Birmingham,314.0,6.0,106.53,2025-05-08 23:15:30+00:00,0.0,0.0,0.0,0.0
Parfetts - Birmingham,314.0,6.0,106.53,2025-05-08 23:30:30+00:00,0.0,0.0,0.0,0.0
Parfetts - Birmingham,314.0,6.0,106.53,2025-05-08 23:45:30+00:00,0.0,0.0,0.0,0.0
Parfetts - Birmingham,314.0,6.0,106.53,2025-05-09 00:00:30+00:00,0.0,0.0,0.0,0.0
Parfetts - Birmingham,314.0,6.0,106.53,2025-05-09 00:15:30+00:00,0.0,0.0,0.0,0.0
Parfetts - Birmingham,314.0,6.0,106.53,2025-05-09 00:30:30+00:00,0.0,0.0,0.0,0.0
Parfetts - Birmingham,314.0,6.0,106.53,2025-05-09 00:45:30+00:00,0.0,0.0,0.0,0.0
Parfetts - Birmingham,314.0,6.0,106.53,2025-05-09 01:00:30+00:00,0.0,0.0,0.0,0.0
Parfetts - Birmingham,314.0,6.0,106.53,2025-05-09 01:15:30+00:00,0.0,0.0,0.0,0.0
Parfetts - Birmingham,314.0,6.0,106.53,2025-05-09 01:30:30+00:00,0.0,0.0,0.0,0.0
Parfetts - Birmingham,314.0,6.0,106.53,2025-05-09 01:45:30+00:00,0.0,0.0,0.0,0.0
Parfetts - Birmingham,314.0,6.0,106.53,2025-05-09 02:00:30+00:00,0.0,0.0,0.0,0.0
Parfetts - Birmingham,314.0,6.0,106.53,2025-05-09 02:15:30+00:00,0.0,0.0,0.0,0.0
Parfetts - Birmingham,314.0,6.0,106.53,2025-05-09 02:30:30+00:00,0.0,0.0,0.0,0.0
Parfetts - Birmingham,314.0,6.0,106.53,2025-05-09 02:45:30+00:00,0.0,0.0,0.0,0.0
Parfetts - Birmingham,314.0,6.0,106.53,2025-05-09 03:00:30+00:00,0.0,0.0,0.0,0.0
Parfetts - Birmingham,314.0,6.0,106.53,2025-05-09 03:15:30+00:00,0.0,0.0,0.0,0.0
Parfetts - Birmingham,314.0,6.0,106.53,2025-05-09 03:30:30+00:00,0.0,0.0,0.0,0.0
Parfetts - Birmingham,314.0,6.0,106.53,2025-05-09 03:45:30+00:00,0.0,0.0,0.0,0.0
Parfetts - Birmingham,314.0,6.0,106.53,2025-05-09 04:00:30+00:00,0.0,0.0,0.0,0.0
Parfetts - Birmingham,314.0,6.0,106.53,2025-05-09 04:15:30+00:00,0.001,0.00075,0.00125,0.001
Parfetts - Birmingham,314.0,6.0,106.53,2025-05-09 04:30:30+00:00,0.00275,0.00225,0.00325,0.00275
Parfetts - Birmingham,314.0,6.0,106.53,2025-05-09 04:45:30+00:00,0.00575,0.00425,0.00725,0.00725
Parfetts - Birmingham,314.0,6.0,106.53,2025-05-09 05:00:30+00:00,0.011,0.00775,0.0135,0.014
Parfetts - Birmingham,314.0,6.0,106.53,2025-05-09 05:15:30+00:00,0.0175,0.0125,0.02075,0.02175
Parfetts - Birmingham,314.0,6.0,106.53,2025-05-09 05:30:30+00:00,0.024,0.01875,0.029,0.0295
Parfetts - Birmingham,314.0,6.0,106.53,2025-05-09 05:45:30+00:00,0.0325,0.0255,0.0375,0.0395
Parfetts - Birmingham,314.0,6.0,106.53,2025-05-09 06:00:30+00:00,0.04125,0.03375,0.0465,0.04975
Parfetts - Birmingham,314.0,6.0,106.53,2025-05-09 06:15:30+00:00,0.0495,0.04275,0.056,0.05925
Parfetts - Birmingham,314.0,6.0,106.53,2025-05-09 06:30:30+00:00,0.05825,0.05225,0.0645,0.06925
Parfetts - Birmingham,314.0,6.0,106.53,2025-05-09 06:45:30+00:00,0.06725,0.062,0.07225,0.07925
Parfetts - Birmingham,314.0,6.0,106.53,2025-05-09 07:00:30+00:00,0.076,0.0715,0.08075,0.089
Parfetts - Birmingham,314.0,6.0,106.53,2025-05-09 07:15:30+00:00,0.08525,0.081,0.09,0.09925
Parfetts - Birmingham,314.0,6.0,106.53,2025-05-09 07:30:30+00:00,0.09475,0.09,0.0995,0.10975
Parfetts - Birmingham,314.0,6.0,106.53,2025-05-09 07:45:30+00:00,0.104,0.099,0.109,0.1195
Parfetts - Birmingham,314.0,6.0,106.53,2025-05-09 08:00:30+00:00,0.113,0.10775,0.11825,0.129
Parfetts - Birmingham,314.0,6.0,106.53,2025-05-09 08:15:30+00:00,0.12175,0.1165,0.12725,0.1385
Parfetts - Birmingham,314.0,6.0,106.53,2025-05-09 08:30:30+00:00,0.13075,0.12475,0.13625,0.14775
Parfetts - Birmingham,314.0,6.0,106.53,2025-05-09 08:45:30+00:00,0.139,0.13225,0.14525,0.15625
Parfetts - Birmingham,314.0,6.0,106.53,2025-05-09 09:00:30+00:00,0.14675,0.139,0.1535,0.16425
Parfetts - Birmingham,314.0,6.0,106.53,2025-05-09 09:15:30+00:00,0.153,0.145,0.161,0.17025
Parfetts - Birmingham,314.0,6.0,106.53,2025-05-09 09:30:30+00:00,0.15925,0.151,0.1675,0.176
Parfetts - Birmingham,314.0,6.0,106.53,2025-05-09 09:45:30+00:00,0.1655,0.157,0.17425,0.182
Parfetts - Birmingham,314.0,6.0,106.53,2025-05-09 10:00:30+00:00,0.172,0.16225,0.18,0.1885
Parfetts - Birmingham,314.0,6.0,106.53,2025-05-09 10:15:30+00:00,0.176,0.166,0.186,0.1915
Parfetts - Birmingham,314.0,6.0,106.53,2025-05-09 10:30:30+00:00,0.18,0.17025,0.19225,0.195
Parfetts - Birmingham,314.0,6.0,106.53,2025-05-09 10:45:30+00:00,0.1875,0.17475,0.19875,0.20225
Parfetts - Birmingham,314.0,6.0,106.53,2025-05-09 11:00:30+00:00,0.19325,0.17425,0.2105,0.20725
Parfetts - Birmingham,314.0,6.0,106.53,2025-05-09 11:15:30+00:00,0.1965,0.168,0.2155,0.20975
Parfetts - Birmingham,314.0,6.0,106.53,2025-05-09 11:30:30+00:00,0.19575,0.154,0.21875,0.2075
Parfetts - Birmingham,314.0,6.0,106.53,2025-05-09 11:45:30+00:00,0.1785,0.14175,0.222,0.18725
Parfetts - Birmingham,314.0,6.0,106.53,2025-05-09 12:00:30+00:00,0.17075,0.13625,0.2115,0.17775
Parfetts - Birmingham,314.0,6.0,106.53,2025-05-09 12:15:30+00:00,0.1715,0.13625,0.20225,0.178
Parfetts - Birmingham,314.0,6.0,106.53,2025-05-09 12:30:30+00:00,0.16525,0.137,0.192,0.17025
Parfetts - Birmingham,314.0,6.0,106.53,2025-05-09 12:45:30+00:00,0.156,0.13375,0.1815,0.15975
Parfetts - Birmingham,314.0,6.0,106.53,2025-05-09 13:00:30+00:00,0.151,0.1325,0.1755,0.15375
Parfetts - Birmingham,314.0,6.0,106.53,2025-05-09 13:15:30+00:00,0.15425,0.1355,0.17375,0.1565
Parfetts - Birmingham,314.0,6.0,106.53,2025-05-09 13:30:30+00:00,0.15825,0.13525,0.17375,0.15975
Parfetts - Birmingham,314.0,6.0,106.53,2025-05-09 13:45:30+00:00,0.15075,0.13275,0.175,0.1515
Parfetts - Birmingham,314.0,6.0,106.53,2025-05-09 14:00:30+00:00,0.15225,0.127,0.17825,0.15225
Parfetts - Birmingham,314.0,6.0,106.53,2025-05-09 14:15:30+00:00,0.1545,0.12525,0.184,0.153
Parfetts - Birmingham,314.0,6.0,106.53,2025-05-09 14:30:30+00:00,0.15625,0.12575,0.18825,0.15375
Parfetts - Birmingham,314.0,6.0,106.53,2025-05-09 14:45:30+00:00,0.16,0.12975,0.186,0.156
Parfetts - Birmingham,314.0,6.0,106.53,2025-05-09 15:00:30+00:00,0.15775,0.1355,0.181,0.15225
Parfetts - Birmingham,314.0,6.0,106.53,2025-05-09 15:15:30+00:00,0.1565,0.1375,0.16975,0.14975
Parfetts - Birmingham,314.0,6.0,106.53,2025-05-09 15:30:30+00:00,0.14625,0.13625,0.15825,0.1385
Parfetts - Birmingham,314.0,6.0,106.53,2025-05-09 15:45:30+00:00,0.1385,0.13025,0.147,0.12975
Parfetts - Birmingham,314.0,6.0,106.53,2025-05-09 16:00:30+00:00,0.1305,0.12375,0.13825,0.121
Parfetts - Birmingham,314.0,6.0,106.53,2025-05-09 16:15:30+00:00,0.1235,0.11625,0.13,0.11275
Parfetts - Birmingham,314.0,6.0,106.53,2025-05-09 16:30:30+00:00,0.115,0.1085,0.122,0.1035
Parfetts - Birmingham,314.0,6.0,106.53,2025-05-09 16:45:30+00:00,0.107,0.10025,0.11325,0.09475
Parfetts - Birmingham,314.0,6.0,106.53,2025-05-09 17:00:30+00:00,0.098,0.09125,0.1045,0.08525
Parfetts - Birmingham,314.0,6.0,106.53,2025-05-09 17:15:30+00:00,0.0885,0.08075,0.09625,0.07525
Parfetts - Birmingham,314.0,6.0,106.53,2025-05-09 17:30:30+00:00,0.07875,0.07,0.087,0.0655
Parfetts - Birmingham,314.0,6.0,106.53,2025-05-09 17:45:30+00:00,0.0685,0.05875,0.0755,0.05575
Parfetts - Birmingham,314.0,6.0,106.53,2025-05-09 18:00:30+00:00,0.05825,0.04825,0.0645,0.046
Parfetts - Birmingham,314.0,6.0,106.53,2025-05-09 18:15:30+00:00,0.04775,0.03825,0.0535,0.0365
Parfetts - Birmingham,314.0,6.0,106.53,2025-05-09 18:30:30+00:00,0.0375,0.02875,0.0425,0.02725
Parfetts - Birmingham,314.0,6.0,106.53,2025-05-09 18:45:30+00:00,0.02725,0.02,0.03125,0.01875
Parfetts - Birmingham,314.0,6.0,106.53,2025-05-09 19:00:30+00:00,0.01775,0.0125,0.0205,0.01125
Parfetts - Birmingham,314.0,6.0,106.53,2025-05-09 19:15:30+00:00,0.00625,0.00525,0.0075,0.00475
Parfetts - Birmingham,314.0,6.0,106.53,2025-05-09 19:30:30+00:00,0.002,0.0015,0.00225,0.002
Parfetts - Birmingham,314.0,6.0,106.53,2025-05-09 19:45:30+00:00,0.0,0.0,0.0,0.0
Parfetts - Birmingham,314.0,6.0,106.53,2025-05-09 20:00:30+00:00,0.0,0.0,0.0,0.0
Parfetts - Birmingham,314.0,6.0,106.53,2025-05-09 20:15:30+00:00,0.0,0.0,0.0,0.0
Parfetts - Birmingham,314.0,6.0,106.53,2025-05-09 20:30:30+00:00,0.0,0.0,0.0,0.0
Parfetts - Birmingham,314.0,6.0,106.53,2025-05-09 20:45:30+00:00,0.0,0.0,0.0,0.0
Parfetts - Birmingham,314.0,6.0,106.53,2025-05-09 21:00:30+00:00,0.0,0.0,0.0,0.0
Parfetts - Birmingham,314.0,6.0,106.53,2025-05-09 21:15:30+00:00,0.0,0.0,0.0,0.0
Parfetts - Birmingham,314.0,6.0,106.53,2025-05-09 21:30:30+00:00,0.0,0.0,0.0,0.0
Parfetts - Birmingham,314.0,6.0,106.53,2025-05-09 21:45:30+00:00,0.0,0.0,0.0,0.0
Parfetts - Birmingham,314.0,6.0,106.53,2025-05-09 22:00:30+00:00,0.0,0.0,0.0,0.0
Parfetts - Birmingham,314.0,6.0,106.53,2025-05-09 22:15:30+00:00,0.0,0.0,0.0,0.0
Parfetts - Birmingham,314.0,6.0,106.53,2025-05-09 22:30:30+00:00,0.0,0.0,0.0,0.0
Parfetts - Birmingham,314.0,6.0,106.53,2025-05-09 22:45:30+00:00,0.0,0.0,0.0,0.0
Parfetts - Birmingham,314.0,6.0,106.53,2025-05-09 23:00:30+00:00,0.0,0.0,0.0,0.0
Parfetts - Birmingham,314.0,6.0,106.53,2025-05-09 23:15:30+00:00,0.0,0.0,0.0,0.0
Parfetts - Birmingham,314.0,6.0,106.53,2025-05-09 23:30:30+00:00,0.0,0.0,0.0,0.0
Parfetts - Birmingham,314.0,6.0,106.53,2025-05-09 23:45:30+00:00,0.0,0.0,0.0,0.0
Parfetts - Birmingham,314.0,6.0,106.53,2025-05-10 00:00:30+00:00,0.0,0.0,0.0,0.0
Parfetts - Birmingham,314.0,6.0,106.53,2025-05-10 00:15:30+00:00,0.0,0.0,0.0,0.0
Parfetts - Birmingham,314.0,6.0,106.53,2025-05-10 00:30:30+00:00,0.0,0.0,0.0,0.0
Parfetts - Birmingham,314.0,6.0,106.53,2025-05-10 00:45:30+00:00,0.0,0.0,0.0,0.0
Parfetts - Birmingham,314.0,6.0,106.53,2025-05-10 01:00:30+00:00,0.0,0.0,0.0,0.0
Parfetts - Birmingham,314.0,6.0,106.53,2025-05-10 01:15:30+00:00,0.0,0.0,0.0,0.0
Parfetts - Birmingham,314.0,6.0,106.53,2025-05-10 01:30:30+00:00,0.0,0.0,0.0,0.0
Parfetts - Birmingham,314.0,6.0,106.53,2025-05-10 01:45:30+00:00,0.0,0.0,0.0,0.0
Parfetts - Birmingham,314.0,6.0,106.53,2025-05-10 02:00:30+00:00,0.0,0.0,0.0,0.0
Parfetts - Birmingham,314.0,6.0,106.53,2025-05-10 02:15:30+00:00,0.0,0.0,0.0,0.0
Parfetts - Birmingham,314.0,6.0,106.53,2025-05-10 02:30:30+00:00,0.0,0.0,0.0,0.0
Parfetts - Birmingham,314.0,6.0,106.53,2025-05-10 02:45:30+00:00,0.0,0.0,0.0,0.0
Parfetts - Birmingham,314.0,6.0,106.53,2025-05-10 03:00:30+00:00,0.0,0.0,0.0,0.0
Parfetts - Birmingham,314.0,6.0,106.53,2025-05-10 03:15:30+00:00,0.0,0.0,0.0,0.0
Parfetts - Birmingham,314.0,6.0,106.53,2025-05-10 03:30:30+00:00,0.0,0.0,0.0,0.0
Parfetts - Birmingham,314.0,6.0,106.53,2025-05-10 03:45:30+00:00,0.0,0.0,0.0,0.0
Parfetts - Birmingham,314.0,6.0,106.53,2025-05-10 04:00:30+00:00,0.0,0.0,0.0,0.0
Parfetts - Birmingham,314.0,6.0,106.53,2025-05-10 04:15:30+00:00,0.0,0.0,0.0,0.0
Parfetts - Birmingham,314.0,6.0,106.53,2025-05-10 04:30:30+00:00,0.0025,0.0015,0.00325,0.0025
Parfetts - Birmingham,314.0,6.0,106.53,2025-05-10 04:45:30+00:00,0.006,0.004,0.00825,0.00725
Parfetts - Birmingham,314.0,6.0,106.53,2025-05-10 05:00:30+00:00,0.01125,0.0075,0.014,0.014
Parfetts - Birmingham,314.0,6.0,106.53,2025-05-10 05:15:30+00:00,0.01775,0.01275,0.02125,0.022
Parfetts - Birmingham,314.0,6.0,106.53,2025-05-10 05:30:30+00:00,0.025,0.019,0.0295,0.0305
Parfetts - Birmingham,314.0,6.0,106.53,2025-05-10 05:45:30+00:00,0.033,0.02625,0.038,0.0395
Parfetts - Birmingham,314.0,6.0,106.53,2025-05-10 06:00:30+00:00,0.04125,0.03425,0.047,0.04925
Parfetts - Birmingham,314.0,6.0,106.53,2025-05-10 06:15:30+00:00,0.0495,0.043,0.05625,0.05875
Parfetts - Birmingham,314.0,6.0,106.53,2025-05-10 06:30:30+00:00,0.0585,0.05225,0.06475,0.06875
Parfetts - Birmingham,314.0,6.0,106.53,2025-05-10 06:45:30+00:00,0.0675,0.062,0.07275,0.07875
Parfetts - Birmingham,314.0,6.0,106.53,2025-05-10 07:00:30+00:00,0.0765,0.07175,0.081,0.089
Parfetts - Birmingham,314.0,6.0,106.53,2025-05-10 07:15:30+00:00,0.08525,0.081,0.08975,0.09875
Parfetts - Birmingham,314.0,6.0,106.53,2025-05-10 07:30:30+00:00,0.0945,0.09,0.09875,0.10875
Parfetts - Birmingham,314.0,6.0,106.53,2025-05-10 07:45:30+00:00,0.1035,0.09875,0.10825,0.1185
Parfetts - Birmingham,314.0,6.0,106.53,2025-05-10 08:00:30+00:00,0.1125,0.10725,0.11725,0.128
Parfetts - Birmingham,314.0,6.0,106.53,2025-05-10 08:15:30+00:00,0.12125,0.11575,0.1265,0.13725
Parfetts - Birmingham,314.0,6.0,106.53,2025-05-10 08:30:30+00:00,0.12975,0.12375,0.1355,0.14625
Parfetts - Birmingham,314.0,6.0,106.53,2025-05-10 08:45:30+00:00,0.138,0.13175,0.14425,0.15475
Parfetts - Birmingham,314.0,6.0,106.53,2025-05-10 09:00:30+00:00,0.14625,0.1395,0.1525,0.16325
Parfetts - Birmingham,314.0,6.0,106.53,2025-05-10 09:15:30+00:00,0.15375,0.147,0.1605,0.171
Parfetts - Birmingham,314.0,6.0,106.53,2025-05-10 09:30:30+00:00,0.161,0.154,0.168,0.17825
Parfetts - Birmingham,314.0,6.0,106.53,2025-05-10 09:45:30+00:00,0.168,0.16,0.17575,0.18475
Parfetts - Birmingham,314.0,6.0,106.53,2025-05-10 10:00:30+00:00,0.1745,0.16,0.1885,0.191
Parfetts - Birmingham,314.0,6.0,106.53,2025-05-10 10:15:30+00:00,0.1805,0.15775,0.19575,0.1965
Parfetts - Birmingham,314.0,6.0,106.53,2025-05-10 10:30:30+00:00,0.18275,0.1495,0.20175,0.19775
Parfetts - Birmingham,314.0,6.0,106.53,2025-05-10 10:45:30+00:00,0.1705,0.14675,0.20425,0.182
Parfetts - Birmingham,314.0,6.0,106.53,2025-05-10 11:00:30+00:00,0.17175,0.1495,0.203,0.1825
Parfetts - Birmingham,314.0,6.0,106.53,2025-05-10 11:15:30+00:00,0.18525,0.1585,0.2075,0.19675
Parfetts - Birmingham,314.0,6.0,106.53,2025-05-10 11:30:30+00:00,0.19225,0.17,0.20875,0.2035
Parfetts - Birmingham,314.0,6.0,106.53,2025-05-10 11:45:30+00:00,0.19075,0.1765,0.208,0.201
Parfetts - Birmingham,314.0,6.0,106.53,2025-05-10 12:00:30+00:00,0.1935,0.17575,0.2085,0.2025
Parfetts - Birmingham,314.0,6.0,106.53,2025-05-10 12:15:30+00:00,0.19175,0.17075,0.21375,0.1995
Parfetts - Birmingham,314.0,6.0,106.53,2025-05-10 12:30:30+00:00,0.191,0.1605,0.212,0.19775
Parfetts - Birmingham,314.0,6.0,106.53,2025-05-10 12:45:30+00:00,0.176,0.15175,0.20825,0.1805
Parfetts - Birmingham,314.0,6.0,106.53,2025-05-10 13:00:30+00:00,0.17175,0.14475,0.2035,0.17525
Parfetts - Birmingham,314.0,6.0,106.53,2025-05-10 13:15:30+00:00,0.174,0.13675,0.2005,0.17675
Parfetts - Birmingham,314.0,6.0,106.53,2025-05-10 13:30:30+00:00,0.1595,0.12775,0.19175,0.161
Parfetts - Birmingham,314.0,6.0,106.53,2025-05-10 13:45:30+00:00,0.14475,0.11875,0.1775,0.14525
Parfetts - Birmingham,314.0,6.0,106.53,2025-05-10 14:00:30+00:00,0.13925,0.118,0.1725,0.139
Parfetts - Birmingham,314.0,6.0,106.53,2025-05-10 14:15:30+00:00,0.15125,0.1185,0.17125,0.15025
Parfetts - Birmingham,314.0,6.0,106.53,2025-05-10 14:30:30+00:00,0.14375,0.10975,0.16875,0.14175
Parfetts - Birmingham,314.0,6.0,106.53,2025-05-10 14:45:30+00:00,0.1215,0.10375,0.16525,0.12
Parfetts - Birmingham,314.0,6.0,106.53,2025-05-10 15:00:30+00:00,0.13975,0.10225,0.16375,0.136
Parfetts - Birmingham,314.0,6.0,106.53,2025-05-10 15:15:30+00:00,0.13725,0.1095,0.158,0.132
Parfetts - Birmingham,314.0,6.0,106.53,2025-05-10 15:30:30+00:00,0.12275,0.10675,0.1475,0.11775
Parfetts - Birmingham,314.0,6.0,106.53,2025-05-10 15:45:30+00:00,0.12275,0.1015,0.1385,0.116
Parfetts - Birmingham,314.0,6.0,106.53,2025-05-10 16:00:30+00:00,0.113,0.096,0.137,0.1065
Parfetts - Birmingham,314.0,6.0,106.53,2025-05-10 16:15:30+00:00,0.11575,0.0935,0.13475,0.10675
Parfetts - Birmingham,314.0,6.0,106.53,2025-05-10 16:30:30+00:00,0.113,0.09525,0.12725,0.1025
Parfetts - Birmingham,314.0,6.0,106.53,2025-05-10 16:45:30+00:00,0.10425,0.093,0.11625,0.093
Parfetts - Birmingham,314.0,6.0,106.53,2025-05-10 17:00:30+00:00,0.09625,0.088,0.10375,0.08425
Parfetts - Birmingham,314.0,6.0,106.53,2025-05-10 17:15:30+00:00,0.08675,0.07925,0.09425,0.0745
Parfetts - Birmingham,314.0,6.0,106.53,2025-05-10 17:30:30+00:00,0.07675,0.06825,0.08575,0.06475
Parfetts - Birmingham,314.0,6.0,106.53,2025-05-10 17:45:30+00:00,0.067,0.05725,0.075,0.055
Parfetts - Birmingham,314.0,6.0,106.53,2025-05-10 18:00:30+00:00,0.05675,0.04675,0.064,0.04525
Parfetts - Birmingham,314.0,6.0,106.53,2025-05-10 18:15:30+00:00,0.0465,0.03675,0.053,0.03575
Parfetts - Birmingham,314.0,6.0,106.53,2025-05-10 18:30:30+00:00,0.0365,0.0275,0.042,0.027
Parfetts - Birmingham,314.0,6.0,106.53,2025-05-10 18:45:30+00:00,0.0265,0.019,0.03125,0.01875
Parfetts - Birmingham,314.0,6.0,106.53,2025-05-10 19:00:30+00:00,0.0165,0.0115,0.02025,0.011
Parfetts - Birmingham,314.0,6.0,106.53,2025-05-10 19:15:30+00:00,0.006,0.00425,0.0075,0.005
Parfetts - Birmingham,314.0,6.0,106.53,2025-05-10 19:30:30+00:00,0.001,0.0005,0.00125,0.001
Parfetts - Birmingham,314.0,6.0,106.53,2025-05-10 19:45:30+00:00,0.0,0.0,0.0,0.0
Parfetts - Birmingham,314.0,6.0,106.53,2025-05-10 20:00:30+00:00,0.0,0.0,0.0,0.0
Parfetts - Birmingham,314.0,6.0,106.53,2025-05-10 20:15:30+00:00,0.0,0.0,0.0,0.0
Parfetts - Birmingham,314.0,6.0,106.53,2025-05-10 20:30:30+00:00,0.0,0.0,0.0,0.0
Parfetts - Birmingham,314.0,6.0,106.53,2025-05-10 20:45:30+00:00,0.0,0.0,0.0,0.0
Parfetts - Birmingham,314.0,6.0,106.53,2025-05-10 21:00:30+00:00,0.0,0.0,0.0,0.0
Parfetts - Birmingham,314.0,6.0,106.53,2025-05-10 21:15:30+00:00,0.0,0.0,0.0,0.0
Parfetts - Birmingham,314.0,6.0,106.53,2025-05-10 21:30:30+00:00,0.0,0.0,0.0,0.0
Parfetts - Birmingham,314.0,6.0,106.53,2025-05-10 21:45:30+00:00,0.0,0.0,0.0,0.0
Parfetts - Birmingham,314.0,6.0,106.53,2025-05-10 22:00:30+00:00,0.0,0.0,0.0,0.0
Parfetts - Birmingham,314.0,6.0,106.53,2025-05-10 22:15:30+00:00,0.0,0.0,0.0,0.0
Parfetts - Birmingham,314.0,6.0,106.53,2025-05-10 22:30:30+00:00,0.0,0.0,0.0,0.0
Parfetts - Birmingham,314.0,6.0,106.53,2025-05-10 22:45:30+00:00,0.0,0.0,0.0,0.0
Parfetts - Birmingham,314.0,6.0,106.53,2025-05-10 23:00:30+00:00,0.0,0.0,0.0,0.0
Parfetts - Birmingham,314.0,6.0,106.53,2025-05-10 23:15:30+00:00,0.0,0.0,0.0,0.0
Parfetts - Birmingham,314.0,6.0,106.53,2025-05-10 23:30:30+00:00,0.0,0.0,0.0,0.0
Parfetts - Birmingham,314.0,6.0,106.53,2025-05-10 23:45:30+00:00,0.0,0.0,0.0,0.0
Parfetts - Birmingham,314.0,6.0,106.53,2025-05-11 00:00:30+00:00,0.0,0.0,0.0,0.0
Parfetts - Birmingham,314.0,6.0,106.53,2025-05-11 00:15:30+00:00,0.0,0.0,0.0,0.0
Parfetts - Birmingham,314.0,6.0,106.53,2025-05-11 00:30:30+00:00,0.0,0.0,0.0,0.0
Parfetts - Birmingham,314.0,6.0,106.53,2025-05-11 00:45:30+00:00,0.0,0.0,0.0,0.0
Parfetts - Birmingham,314.0,6.0,106.53,2025-05-11 01:00:30+00:00,0.0,0.0,0.0,0.0
Parfetts - Birmingham,314.0,6.0,106.53,2025-05-11 01:15:30+00:00,0.0,0.0,0.0,0.0
Parfetts - Birmingham,314.0,6.0,106.53,2025-05-11 01:30:30+00:00,0.0,0.0,0.0,0.0
Parfetts - Birmingham,314.0,6.0,106.53,2025-05-11 01:45:30+00:00,0.0,0.0,0.0,0.0
Parfetts - Birmingham,314.0,6.0,106.53,2025-05-11 02:00:30+00:00,0.0,0.0,0.0,0.0
Parfetts - Birmingham,314.0,6.0,106.53,2025-05-11 02:15:30+00:00,0.0,0.0,0.0,0.0
Parfetts - Birmingham,314.0,6.0,106.53,2025-05-11 02:30:30+00:00,0.0,0.0,0.0,0.0
Parfetts - Birmingham,314.0,6.0,106.53,2025-05-11 02:45:30+00:00,0.0,0.0,0.0,0.0
Parfetts - Birmingham,314.0,6.0,106.53,2025-05-11 03:00:30+00:00,0.0,0.0,0.0,0.0
Parfetts - Birmingham,314.0,6.0,106.53,2025-05-11 03:15:30+00:00,0.0,0.0,0.0,0.0
Parfetts - Birmingham,314.0,6.0,106.53,2025-05-11 03:30:30+00:00,0.0,0.0,0.0,0.0
Parfetts - Birmingham,314.0,6.0,106.53,2025-05-11 03:45:30+00:00,0.0,0.0,0.0,0.0
Parfetts - Birmingham,314.0,6.0,106.53,2025-05-11 04:00:30+00:00,0.0,0.0,0.0,0.0
Parfetts - Birmingham,314.0,6.0,106.53,2025-05-11 04:15:30+00:00,0.0,0.0,0.00025,0.0
Parfetts - Birmingham,314.0,6.0,106.53,2025-05-11 04:30:30+00:00,0.00275,0.002,0.0035,0.00275
Parfetts - Birmingham,314.0,6.0,106.53,2025-05-11 04:45:30+00:00,0.0065,0.0045,0.00875,0.00725
Parfetts - Birmingham,314.0,6.0,106.53,2025-05-11 05:00:30+00:00,0.01175,0.008,0.015,0.0135
Parfetts - Birmingham,314.0,6.0,106.53,2025-05-11 05:15:30+00:00,0.01725,0.0125,0.0225,0.02025
Parfetts - Birmingham,314.0,6.0,106.53,2025-05-11 05:30:30+00:00,0.02375,0.01625,0.03,0.0275
Parfetts - Birmingham,314.0,6.0,106.53,2025-05-11 05:45:30+00:00,0.02875,0.02175,0.039,0.0325
Parfetts - Birmingham,314.0,6.0,106.53,2025-05-11 06:00:30+00:00,0.038,0.02825,0.04825,0.0435
Parfetts - Birmingham,314.0,6.0,106.53,2025-05-11 06:15:30+00:00,0.0485,0.0375,0.0565,0.05625
Parfetts - Birmingham,314.0,6.0,106.53,2025-05-11 06:30:30+00:00,0.057,0.04575,0.0645,0.06575
Parfetts - Birmingham,314.0,6.0,106.53,2025-05-11 06:45:30+00:00,0.06125,0.05475,0.0735,0.069
Parfetts - Birmingham,314.0,6.0,106.53,2025-05-11 07:00:30+00:00,0.07225,0.0615,0.0825,0.08175
Parfetts - Birmingham,314.0,6.0,106.53,2025-05-11 07:15:30+00:00,0.08225,0.0715,0.0925,0.0935
Parfetts - Birmingham,314.0,6.0,106.53,2025-05-11 07:30:30+00:00,0.09225,0.08275,0.10125,0.105
Parfetts - Birmingham,314.0,6.0,106.53,2025-05-11 07:45:30+00:00,0.10125,0.09275,0.1085,0.115
Parfetts - Birmingham,314.0,6.0,106.53,2025-05-11 08:00:30+00:00,0.10825,0.10175,0.1175,0.12175
Parfetts - Birmingham,314.0,6.0,106.53,2025-05-11 08:15:30+00:00,0.1185,0.10975,0.127,0.133
Parfetts - Birmingham,314.0,6.0,106.53,2025-05-11 08:30:30+00:00,0.128,0.11875,0.136,0.1435
Parfetts - Birmingham,314.0,6.0,106.53,2025-05-11 08:45:30+00:00,0.13625,0.12825,0.1435,0.152
Parfetts - Birmingham,314.0,6.0,106.53,2025-05-11 09:00:30+00:00,0.14375,0.137,0.1505,0.15975
Parfetts - Birmingham,314.0,6.0,106.53,2025-05-11 09:15:30+00:00,0.1515,0.14425,0.15775,0.1675
Parfetts - Birmingham,314.0,6.0,106.53,2025-05-11 09:30:30+00:00,0.15775,0.1505,0.166,0.174
Parfetts - Birmingham,314.0,6.0,106.53,2025-05-11 09:45:30+00:00,0.1655,0.15675,0.1735,0.1815
Parfetts - Birmingham,314.0,6.0,106.53,2025-05-11 10:00:30+00:00,0.17225,0.1635,0.1805,0.188
Parfetts - Birmingham,314.0,6.0,106.53,2025-05-11 10:15:30+00:00,0.1785,0.16975,0.186,0.194
Parfetts - Birmingham,314.0,6.0,106.53,2025-05-11 10:30:30+00:00,0.18325,0.1755,0.19075,0.19825
Parfetts - Birmingham,314.0,6.0,106.53,2025-05-11 10:45:30+00:00,0.18775,0.17975,0.19525,0.20225
Parfetts - Birmingham,314.0,6.0,106.53,2025-05-11 11:00:30+00:00,0.19125,0.1825,0.1995,0.20475
Parfetts - Birmingham,314.0,6.0,106.53,2025-05-11 11:15:30+00:00,0.19425,0.18425,0.2035,0.207
Parfetts - Birmingham,314.0,6.0,106.53,2025-05-11 11:30:30+00:00,0.19625,0.18525,0.206,0.20775
Parfetts - Birmingham,314.0,6.0,106.53,2025-05-11 11:45:30+00:00,0.19675,0.186,0.207,0.20725
Parfetts - Birmingham,314.0,6.0,106.53,2025-05-11 12:00:30+00:00,0.1965,0.1845,0.2095,0.206
Parfetts - Birmingham,314.0,6.0,106.53,2025-05-11 12:15:30+00:00,0.1975,0.18075,0.21375,0.20575
Parfetts - Birmingham,314.0,6.0,106.53,2025-05-11 12:30:30+00:00,0.19775,0.17375,0.21525,0.20475
Parfetts - Birmingham,314.0,6.0,106.53,2025-05-11 12:45:30+00:00,0.1885,0.164,0.21425,0.1935
Parfetts - Birmingham,314.0,6.0,106.53,2025-05-11 13:00:30+00:00,0.18025,0.15425,0.21175,0.184
Parfetts - Birmingham,314.0,6.0,106.53,2025-05-11 13:15:30+00:00,0.17975,0.1375,0.21425,0.1825
Parfetts - Birmingham,314.0,6.0,106.53,2025-05-11 13:30:30+00:00,0.16825,0.11575,0.21125,0.1695
Parfetts - Birmingham,314.0,6.0,106.53,2025-05-11 13:45:30+00:00,0.153,0.0875,0.20725,0.1535
Parfetts - Birmingham,314.0,6.0,106.53,2025-05-11 14:00:30+00:00,0.12475,0.06725,0.18875,0.12475
Parfetts - Birmingham,314.0,6.0,106.53,2025-05-11 14:15:30+00:00,0.105,0.05075,0.16725,0.105
Parfetts - Birmingham,314.0,6.0,106.53,2025-05-11 14:30:30+00:00,0.0965,0.049,0.16225,0.09625
Parfetts - Birmingham,314.0,6.0,106.53,2025-05-11 14:45:30+00:00,0.11525,0.059,0.177,0.11375
Parfetts - Birmingham,314.0,6.0,106.53,2025-05-11 15:00:30+00:00,0.1425,0.07425,0.175,0.13875
Parfetts - Birmingham,314.0,6.0,106.53,2025-05-11 15:15:30+00:00,0.1135,0.08475,0.16225,0.11075
Parfetts - Birmingham,314.0,6.0,106.53,2025-05-11 15:30:30+00:00,0.1155,0.086,0.147,0.11125
Parfetts - Birmingham,314.0,6.0,106.53,2025-05-11 15:45:30+00:00,0.11975,0.089,0.14275,0.114
Parfetts - Birmingham,314.0,6.0,106.53,2025-05-11 16:00:30+00:00,0.1115,0.0895,0.1405,0.10525
Parfetts - Birmingham,314.0,6.0,106.53,2025-05-11 16:15:30+00:00,0.114,0.08525,0.129,0.10625
Parfetts - Birmingham,314.0,6.0,106.53,2025-05-11 16:30:30+00:00,0.09475,0.0765,0.117,0.08775
Parfetts - Birmingham,314.0,6.0,106.53,2025-05-11 16:45:30+00:00,0.08125,0.06625,0.09975,0.07475
Parfetts - Birmingham,314.0,6.0,106.53,2025-05-11 17:00:30+00:00,0.073,0.061,0.08825,0.0665
Parfetts - Birmingham,314.0,6.0,106.53,2025-05-11 17:15:30+00:00,0.07025,0.05725,0.08175,0.06275
Parfetts - Birmingham,314.0,6.0,106.53,2025-05-11 17:30:30+00:00,0.0645,0.04975,0.0765,0.05625
Parfetts - Birmingham,314.0,6.0,106.53,2025-05-11 17:45:30+00:00,0.05325,0.0385,0.06625,0.04625
Parfetts - Birmingham,314.0,6.0,106.53,2025-05-11 18:00:30+00:00,0.03775,0.027,0.05275,0.0335
Parfetts - Birmingham,314.0,6.0,106.53,2025-05-11 18:15:30+00:00,0.03,0.02,0.043,0.0265
Parfetts - Birmingham,314.0,6.0,106.53,2025-05-11 18:30:30+00:00,0.029,0.0175,0.03825,0.02325
Parfetts - Birmingham,314.0,6.0,106.53,2025-05-11 18:45:30+00:00,0.024,0.01475,0.029,0.018
Parfetts - Birmingham,314.0,6.0,106.53,2025-05-11 19:00:30+00:00,0.0155,0.01025,0.01875,0.01125
Parfetts - Birmingham,314.0,6.0,106.53,2025-05-11 19:15:30+00:00,0.006,0.0045,0.0075,0.00525
Parfetts - Birmingham,314.0,6.0,106.53,2025-05-11 19:30:30+00:00,0.001,0.00075,0.00125,0.001
Parfetts - Birmingham,314.0,6.0,106.53,2025-05-11 19:45:30+00:00,0.0,0.0,0.0,0.0
Parfetts - Birmingham,314.0,6.0,106.53,2025-05-11 20:00:30+00:00,0.0,0.0,0.0,0.0
Parfetts - Birmingham,314.0,6.0,106.53,2025-05-11 20:15:30+00:00,0.0,0.0,0.0,0.0
Parfetts - Birmingham,314.0,6.0,106.53,2025-05-11 20:30:30+00:00,0.0,0.0,0.0,0.0
Parfetts - Birmingham,314.0,6.0,106.53,2025-05-11 20:45:30+00:00,0.0,0.0,0.0,0.0
Parfetts - Birmingham,314.0,6.0,106.53,2025-05-11 21:00:30+00:00,0.0,0.0,0.0,0.0
Parfetts - Birmingham,314.0,6.0,106.53,2025-05-11 21:15:30+00:00,0.0,0.0,0.0,0.0
Parfetts - Birmingham,314.0,6.0,106.53,2025-05-11 21:30:30+00:00,0.0,0.0,0.0,0.0
Parfetts - Birmingham,314.0,6.0,106.53,2025-05-11 21:45:30+00:00,0.0,0.0,0.0,0.0
Parfetts - Birmingham,314.0,6.0,106.53,2025-05-11 22:00:30+00:00,0.0,0.0,0.0,0.0
Parfetts - Birmingham,314.0,6.0,106.53,2025-05-11 22:15:30+00:00,0.0,0.0,0.0,0.0
Parfetts - Birmingham,314.0,6.0,106.53,2025-05-11 22:30:30+00:00,0.0,0.0,0.0,0.0
Parfetts - Birmingham,314.0,6.0,106.53,2025-05-11 22:45:30+00:00,0.0,0.0,0.0,0.0
Parfetts - Birmingham,314.0,6.0,106.53,2025-05-11 23:00:30+00:00,0.0,0.0,0.0,0.0
Parfetts - Birmingham,314.0,6.0,106.53,2025-05-11 23:15:30+00:00,0.0,0.0,0.0,0.0
Parfetts - Birmingham,314.0,6.0,106.53,2025-05-11 23:30:30+00:00,0.0,0.0,0.0,0.0
Parfetts - Birmingham,314.0,6.0,106.53,2025-05-11 23:45:30+00:00,0.0,0.0,0.0,0.0
Parfetts - Birmingham,314.0,6.0,106.53,2025-05-12 00:00:30+00:00,0.0,0.0,0.0,0.0
Parfetts - Birmingham,314.0,6.0,106.53,2025-05-12 00:15:30+00:00,0.0,0.0,0.0,0.0
Parfetts - Birmingham,314.0,6.0,106.53,2025-05-12 00:30:30+00:00,0.0,0.0,0.0,0.0
Parfetts - Birmingham,314.0,6.0,106.53,2025-05-12 00:45:30+00:00,0.0,0.0,0.0,0.0
Parfetts - Birmingham,314.0,6.0,106.53,2025-05-12 01:00:30+00:00,0.0,0.0,0.0,0.0
Parfetts - Birmingham,314.0,6.0,106.53,2025-05-12 01:15:30+00:00,0.0,0.0,0.0,0.0
Parfetts - Birmingham,314.0,6.0,106.53,2025-05-12 01:30:30+00:00,0.0,0.0,0.0,0.0
Parfetts - Birmingham,314.0,6.0,106.53,2025-05-12 01:45:30+00:00,0.0,0.0,0.0,0.0
Parfetts - Birmingham,314.0,6.0,106.53,2025-05-12 02:00:30+00:00,0.0,0.0,0.0,0.0
Parfetts - Birmingham,314.0,6.0,106.53,2025-05-12 02:15:30+00:00,0.0,0.0,0.0,0.0
Parfetts - Birmingham,314.0,6.0,106.53,2025-05-12 02:30:30+00:00,0.0,0.0,0.0,0.0
Parfetts - Birmingham,314.0,6.0,106.53,2025-05-12 02:45:30+00:00,0.0,0.0,0.0,0.0
Parfetts - Birmingham,314.0,6.0,106.53,2025-05-12 03:00:30+00:00,0.0,0.0,0.0,0.0
Parfetts - Birmingham,314.0,6.0,106.53,2025-05-12 03:15:30+00:00,0.0,0.0,0.0,0.0
Parfetts - Birmingham,314.0,6.0,106.53,2025-05-12 03:30:30+00:00,0.0,0.0,0.0,0.0
Parfetts - Birmingham,314.0,6.0,106.53,2025-05-12 03:45:30+00:00,0.0,0.0,0.0,0.0
Parfetts - Birmingham,314.0,6.0,106.53,2025-05-12 04:00:30+00:00,0.0,0.0,0.0,0.0
Parfetts - Birmingham,314.0,6.0,106.53,2025-05-12 04:15:30+00:00,0.00025,0.00025,0.0005,0.00025
Parfetts - Birmingham,314.0,6.0,106.53,2025-05-12 04:30:30+00:00,0.00325,0.00225,0.00425,0.00325
Parfetts - Birmingham,314.0,6.0,106.53,2025-05-12 04:45:30+00:00,0.0075,0.003,0.00925,0.00875
Parfetts - Birmingham,314.0,6.0,106.53,2025-05-12 05:00:30+00:00,0.011,0.003,0.0165,0.01225
Parfetts - Birmingham,314.0,6.0,106.53,2025-05-12 05:15:30+00:00,0.014,0.003,0.0245,0.01525
Parfetts - Birmingham,314.0,6.0,106.53,2025-05-12 05:30:30+00:00,0.0165,0.00375,0.0285,0.017
Parfetts - Birmingham,314.0,6.0,106.53,2025-05-12 05:45:30+00:00,0.0175,0.00625,0.0335,0.01775
Parfetts - Birmingham,314.0,6.0,106.53,2025-05-12 06:00:30+00:00,0.02475,0.01075,0.04125,0.02575
Parfetts - Birmingham,314.0,6.0,106.53,2025-05-12 06:15:30+00:00,0.03525,0.0165,0.053,0.03775
Parfetts - Birmingham,314.0,6.0,106.53,2025-05-12 06:30:30+00:00,0.04375,0.017,0.0595,0.04775
Parfetts - Birmingham,314.0,6.0,106.53,2025-05-12 06:45:30+00:00,0.037,0.013,0.06425,0.039
Parfetts - Birmingham,314.0,6.0,106.53,2025-05-12 07:00:30+00:00,0.03375,0.01275,0.06,0.03475
Parfetts - Birmingham,314.0,6.0,106.53,2025-05-12 07:15:30+00:00,0.03675,0.01625,0.05975,0.0375
Parfetts - Birmingham,314.0,6.0,106.53,2025-05-12 07:30:30+00:00,0.04275,0.02175,0.0665,0.044
Parfetts - Birmingham,314.0,6.0,106.53,2025-05-12 07:45:30+00:00,0.05225,0.0235,0.08425,0.05375
Parfetts - Birmingham,314.0,6.0,106.53,2025-05-12 08:00:30+00:00,0.065,0.02125,0.11,0.068
Parfetts - Birmingham,314.0,6.0,106.53,2025-05-12 08:15:30+00:00,0.079,0.02325,0.1355,0.08375
Parfetts - Birmingham,314.0,6.0,106.53,2025-05-12 08:30:30+00:00,0.09275,0.03875,0.1505,0.0995
Parfetts - Birmingham,314.0,6.0,106.53,2025-05-12 08:45:30+00:00,0.1315,0.0645,0.15475,0.14475
Parfetts - Birmingham,314.0,6.0,106.53,2025-05-12 09:00:30+00:00,0.14675,0.101,0.161,0.16275
Parfetts - Birmingham,314.0,6.0,106.53,2025-05-12 09:15:30+00:00,0.15375,0.12875,0.16875,0.17025
Parfetts - Birmingham,314.0,6.0,106.53,2025-05-12 09:30:30+00:00,0.161,0.151,0.17075,0.1775
Parfetts - Birmingham,314.0,6.0,106.53,2025-05-12 09:45:30+00:00,0.16775,0.16075,0.1745,0.184
Parfetts - Birmingham,314.0,6.0,106.53,2025-05-12 10:00:30+00:00,0.174,0.16675,0.18075,0.19
Parfetts - Birmingham,314.0,6.0,106.53,2025-05-12 10:15:30+00:00,0.1795,0.17225,0.1865,0.19525
Parfetts - Birmingham,314.0,6.0,106.53,2025-05-12 10:30:30+00:00,0.18475,0.177,0.19225,0.2
Parfetts - Birmingham,314.0,6.0,106.53,2025-05-12 10:45:30+00:00,0.1895,0.1755,0.203,0.204
Parfetts - Birmingham,314.0,6.0,106.53,2025-05-12 11:00:30+00:00,0.1935,0.162,0.2105,0.207
Parfetts - Birmingham,314.0,6.0,106.53,2025-05-12 11:15:30+00:00,0.1955,0.13975,0.2145,0.208
Parfetts - Birmingham,314.0,6.0,106.53,2025-05-12 11:30:30+00:00,0.1805,0.104,0.2185,0.18975
Parfetts - Birmingham,314.0,6.0,106.53,2025-05-12 11:45:30+00:00,0.1505,0.0735,0.22225,0.15625
Parfetts - Birmingham,314.0,6.0,106.53,2025-05-12 12:00:30+00:00,0.144,0.04925,0.224,0.1485
Parfetts - Birmingham,314.0,6.0,106.53,2025-05-12 12:15:30+00:00,0.119,0.03375,0.1975,0.12175
Parfetts - Birmingham,314.0,6.0,106.53,2025-05-12 12:30:30+00:00,0.08225,0.0435,0.17175,0.08375
Parfetts - Birmingham,314.0,6.0,106.53,2025-05-12 12:45:30+00:00,0.11975,0.0405,0.1715,0.122
Parfetts - Birmingham,314.0,6.0,106.53,2025-05-12 13:00:30+00:00,0.1155,0.03825,0.178,0.117
Parfetts - Birmingham,314.0,6.0,106.53,2025-05-12 13:15:30+00:00,0.088,0.03725,0.20025,0.089
Parfetts - Birmingham,314.0,6.0,106.53,2025-05-12 13:30:30+00:00,0.15175,0.0525,0.21275,0.153
Parfetts - Birmingham,314.0,6.0,106.53,2025-05-12 13:45:30+00:00,0.1575,0.06975,0.20975,0.158
Parfetts - Birmingham,314.0,6.0,106.53,2025-05-12 14:00:30+00:00,0.14825,0.058,0.205,0.14775
Parfetts - Birmingham,314.0,6.0,106.53,2025-05-12 14:15:30+00:00,0.12325,0.0245,0.194,0.12275
Parfetts - Birmingham,314.0,6.0,106.53,2025-05-12 14:30:30+00:00,0.045,0.014,0.15325,0.04525
Parfetts - Birmingham,314.0,6.0,106.53,2025-05-12 14:45:30+00:00,0.0405,0.01325,0.124,0.04075
Parfetts - Birmingham,314.0,6.0,106.53,2025-05-12 15:00:30+00:00,0.046,0.01275,0.133,0.04625
Parfetts - Birmingham,314.0,6.0,106.53,2025-05-12 15:15:30+00:00,0.085,0.017,0.1515,0.08325
Parfetts - Birmingham,314.0,6.0,106.53,2025-05-12 15:30:30+00:00,0.10375,0.03325,0.15775,0.10075
Parfetts - Birmingham,314.0,6.0,106.53,2025-05-12 15:45:30+00:00,0.09675,0.03275,0.137,0.09325
Parfetts - Birmingham,314.0,6.0,106.53,2025-05-12 16:00:30+00:00,0.052,0.02825,0.1265,0.0505
Parfetts - Birmingham,314.0,6.0,106.53,2025-05-12 16:15:30+00:00,0.0855,0.0205,0.1255,0.08125
Parfetts - Birmingham,314.0,6.0,106.53,2025-05-12 16:30:30+00:00,0.07975,0.037,0.1225,0.0755
Parfetts - Birmingham,314.0,6.0,106.53,2025-05-12 16:45:30+00:00,0.09225,0.05025,0.11475,0.08425
Parfetts - Birmingham,314.0,6.0,106.53,2025-05-12 17:00:30+00:00,0.096,0.06625,0.10675,0.08475
Parfetts - Birmingham,314.0,6.0,106.53,2025-05-12 17:15:30+00:00,0.085,0.06575,0.09625,0.07375
Parfetts - Birmingham,314.0,6.0,106.53,2025-05-12 17:30:30+00:00,0.07,0.061,0.0845,0.06025
Parfetts - Birmingham,314.0,6.0,106.53,2025-05-12 17:45:30+00:00,0.06475,0.053,0.0745,0.054
Parfetts - Birmingham,314.0,6.0,106.53,2025-05-12 18:00:30+00:00,0.05675,0.04575,0.06425,0.04575
Parfetts - Birmingham,314.0,6.0,106.53,2025-05-12 18:15:30+00:00,0.047,0.037,0.05325,0.03675
Parfetts - Birmingham,314.0,6.0,106.53,2025-05-12 18:30:30+00:00,0.03675,0.02825,0.0425,0.02775
Parfetts - Birmingham,314.0,6.0,106.53,2025-05-12 18:45:30+00:00,0.027,0.02,0.03175,0.0195
Parfetts - Birmingham,314.0,6.0,106.53,2025-05-12 19:00:30+00:00,0.01825,0.013,0.0215,0.0125
Parfetts - Birmingham,314.0,6.0,106.53,2025-05-12 19:15:30+00:00,0.0075,0.0055,0.009,0.00625
Parfetts - Birmingham,314.0,6.0,106.53,2025-05-12 19:30:30+00:00,0.0015,0.001,0.00175,0.0015
Parfetts - Birmingham,314.0,6.0,106.53,2025-05-12 19:45:30+00:00,0.0,0.0,0.0,0.0
Parfetts - Birmingham,314.0,6.0,106.53,2025-05-12 20:00:30+00:00,0.0,0.0,0.0,0.0
Parfetts - Birmingham,314.0,6.0,106.53,2025-05-12 20:15:30+00:00,0.0,0.0,0.0,0.0
Parfetts - Birmingham,314.0,6.0,106.53,2025-05-12 20:30:30+00:00,0.0,0.0,0.0,0.0
Parfetts - Birmingham,314.0,6.0,106.53,2025-05-12 20:45:30+00:00,0.0,0.0,0.0,0.0
Parfetts - Birmingham,314.0,6.0,106.53,2025-05-12 21:00:30+00:00,0.0,0.0,0.0,0.0
Parfetts - Birmingham,314.0,6.0,106.53,2025-05-12 21:15:30+00:00,0.0,0.0,0.0,0.0
Parfetts - Birmingham,314.0,6.0,106.53,2025-05-12 21:30:30+00:00,0.0,0.0,0.0,0.0
Parfetts - Birmingham,314.0,6.0,106.53,2025-05-12 21:45:30+00:00,0.0,0.0,0.0,0.0
Parfetts - Birmingham,314.0,6.0,106.53,2025-05-12 22:00:30+00:00,0.0,0.0,0.0,0.0
Parfetts - Birmingham,314.0,6.0,106.53,2025-05-12 22:15:30+00:00,0.0,0.0,0.0,0.0
Parfetts - Birmingham,314.0,6.0,106.53,2025-05-12 22:30:30+00:00,0.0,0.0,0.0,0.0
Parfetts - Birmingham,314.0,6.0,106.53,2025-05-12 22:45:30+00:00,0.0,0.0,0.0,0.0
Parfetts - Birmingham,314.0,6.0,106.53,2025-05-12 23:00:30+00:00,0.0,0.0,0.0,0.0
Parfetts - Birmingham,314.0,6.0,106.53,2025-05-12 23:15:30+00:00,0.0,0.0,0.0,0.0
Parfetts - Birmingham,314.0,6.0,106.53,2025-05-12 23:30:30+00:00,0.0,0.0,0.0,0.0
Parfetts - Birmingham,314.0,6.0,106.53,2025-05-12 23:45:30+00:00,0.0,0.0,0.0,0.0
Parfetts - Birmingham,314.0,6.0,106.53,2025-05-13 00:00:30+00:00,0.0,0.0,0.0,0.0
Parfetts - Birmingham,314.0,6.0,106.53,2025-05-13 00:15:30+00:00,0.0,0.0,0.0,0.0
Parfetts - Birmingham,314.0,6.0,106.53,2025-05-13 00:30:30+00:00,0.0,0.0,0.0,0.0
Parfetts - Birmingham,314.0,6.0,106.53,2025-05-13 00:45:30+00:00,0.0,0.0,0.0,0.0
Parfetts - Birmingham,314.0,6.0,106.53,2025-05-13 01:00:30+00:00,0.0,0.0,0.0,0.0
Parfetts - Birmingham,314.0,6.0,106.53,2025-05-13 01:15:30+00:00,0.0,0.0,0.0,0.0
Parfetts - Birmingham,314.0,6.0,106.53,2025-05-13 01:30:30+00:00,0.0,0.0,0.0,0.0
Parfetts - Birmingham,314.0,6.0,106.53,2025-05-13 01:45:30+00:00,0.0,0.0,0.0,0.0
Parfetts - Birmingham,314.0,6.0,106.53,2025-05-13 02:00:30+00:00,0.0,0.0,0.0,0.0
Parfetts - Birmingham,314.0,6.0,106.53,2025-05-13 02:15:30+00:00,0.0,0.0,0.0,0.0
Parfetts - Birmingham,314.0,6.0,106.53,2025-05-13 02:30:30+00:00,0.0,0.0,0.0,0.0
Parfetts - Birmingham,314.0,6.0,106.53,2025-05-13 02:45:30+00:00,0.0,0.0,0.0,0.0
Parfetts - Birmingham,314.0,6.0,106.53,2025-05-13 03:00:30+00:00,0.0,0.0,0.0,0.0
Parfetts - Birmingham,314.0,6.0,106.53,2025-05-13 03:15:30+00:00,0.0,0.0,0.0,0.0
Parfetts - Birmingham,314.0,6.0,106.53,2025-05-13 03:30:30+00:00,0.0,0.0,0.0,0.0
Parfetts - Birmingham,314.0,6.0,106.53,2025-05-13 03:45:30+00:00,0.0,0.0,0.0,0.0
Parfetts - Birmingham,314.0,6.0,106.53,2025-05-13 04:00:30+00:00,0.0,0.0,0.0,0.0
Parfetts - Birmingham,314.0,6.0,106.53,2025-05-13 04:15:30+00:00,0.00075,0.0005,0.00075,0.00075
Parfetts - Birmingham,314.0,6.0,106.53,2025-05-13 04:30:30+00:00,0.00375,0.00275,0.00475,0.0045
Parfetts - Birmingham,314.0,6.0,106.53,2025-05-13 04:45:30+00:00,0.008,0.0055,0.01,0.01025
Parfetts - Birmingham,314.0,6.0,106.53,2025-05-13 05:00:30+00:00,0.014,0.00975,0.017,0.01775
Parfetts - Birmingham,314.0,6.0,106.53,2025-05-13 05:15:30+00:00,0.02125,0.0155,0.02475,0.02675
Parfetts - Birmingham,314.0,6.0,106.53,2025-05-13 05:30:30+00:00,0.029,0.02225,0.033,0.03625
Parfetts - Birmingham,314.0,6.0,106.53,2025-05-13 05:45:30+00:00,0.037,0.03025,0.04175,0.04575
Parfetts - Birmingham,314.0,6.0,106.53,2025-05-13 06:00:30+00:00,0.04575,0.03875,0.051,0.05575
Parfetts - Birmingham,314.0,6.0,106.53,2025-05-13 06:15:30+00:00,0.05475,0.048,0.06075,0.066
Parfetts - Birmingham,314.0,6.0,106.53,2025-05-13 06:30:30+00:00,0.06375,0.058,0.0695,0.076
Parfetts - Birmingham,314.0,6.0,106.53,2025-05-13 06:45:30+00:00,0.07275,0.068,0.07775,0.08625
Parfetts - Birmingham,314.0,6.0,106.53,2025-05-13 07:00:30+00:00,0.08225,0.078,0.0865,0.0965
Parfetts - Birmingham,314.0,6.0,106.53,2025-05-13 07:15:30+00:00,0.0915,0.0875,0.0955,0.1065
Parfetts - Birmingham,314.0,6.0,106.53,2025-05-13 07:30:30+00:00,0.10075,0.0965,0.105,0.11675
Parfetts - Birmingham,314.0,6.0,106.53,2025-05-13 07:45:30+00:00,0.11025,0.1055,0.1145,0.12675
Parfetts - Birmingham,314.0,6.0,106.53,2025-05-13 08:00:30+00:00,0.11925,0.11425,0.12375,0.13625
Parfetts - Birmingham,314.0,6.0,106.53,2025-05-13 08:15:30+00:00,0.12775,0.1225,0.133,0.14525
Parfetts - Birmingham,314.0,6.0,106.53,2025-05-13 08:30:30+00:00,0.1365,0.13075,0.142,0.15425
Parfetts - Birmingham,314.0,6.0,106.53,2025-05-13 08:45:30+00:00,0.145,0.13875,0.151,0.163
Parfetts - Birmingham,314.0,6.0,106.53,2025-05-13 09:00:30+00:00,0.15325,0.1465,0.1595,0.17125
Parfetts - Birmingham,314.0,6.0,106.53,2025-05-13 09:15:30+00:00,0.161,0.154,0.16775,0.179
Parfetts - Birmingham,314.0,6.0,106.53,2025-05-13 09:30:30+00:00,0.16825,0.161,0.17525,0.18625
Parfetts - Birmingham,314.0,6.0,106.53,2025-05-13 09:45:30+00:00,0.17525,0.16775,0.1825,0.193
Parfetts - Birmingham,314.0,6.0,106.53,2025-05-13 10:00:30+00:00,0.18175,0.174,0.189,0.19925
Parfetts - Birmingham,314.0,6.0,106.53,2025-05-13 10:15:30+00:00,0.18775,0.18,0.195,0.2045
Parfetts - Birmingham,314.0,6.0,106.53,2025-05-13 10:30:30+00:00,0.193,0.18525,0.2005,0.20925
Parfetts - Birmingham,314.0,6.0,106.53,2025-05-13 10:45:30+00:00,0.19775,0.18975,0.2055,0.2135
Parfetts - Birmingham,314.0,6.0,106.53,2025-05-13 11:00:30+00:00,0.20175,0.19375,0.20975,0.2165
Parfetts - Birmingham,314.0,6.0,106.53,2025-05-13 11:15:30+00:00,0.2055,0.19725,0.21325,0.21925
Parfetts - Birmingham,314.0,6.0,106.53,2025-05-13 11:30:30+00:00,0.2085,0.19975,0.2165,0.22125
Parfetts - Birmingham,314.0,6.0,106.53,2025-05-13 11:45:30+00:00,0.21025,0.20075,0.2195,0.222
Parfetts - Birmingham,314.0,6.0,106.53,2025-05-13 12:00:30+00:00,0.2115,0.20075,0.221,0.222
Parfetts - Birmingham,314.0,6.0,106.53,2025-05-13 12:15:30+00:00,0.21075,0.20025,0.221,0.22
Parfetts - Birmingham,314.0,6.0,106.53,2025-05-13 12:30:30+00:00,0.2095,0.2,0.21975,0.2175
Parfetts - Birmingham,314.0,6.0,106.53,2025-05-13 12:45:30+00:00,0.20925,0.19925,0.21875,0.21575
Parfetts - Birmingham,314.0,6.0,106.53,2025-05-13 13:00:30+00:00,0.20825,0.19875,0.21775,0.21325
Parfetts - Birmingham,314.0,6.0,106.53,2025-05-13 13:15:30+00:00,0.207,0.19725,0.21625,0.21075
Parfetts - Birmingham,314.0,6.0,106.53,2025-05-13 13:30:30+00:00,0.20525,0.19575,0.2135,0.2075
Parfetts - Birmingham,314.0,6.0,106.53,2025-05-13 13:45:30+00:00,0.20175,0.1935,0.20975,0.2025
Parfetts - Birmingham,314.0,6.0,106.53,2025-05-13 14:00:30+00:00,0.19775,0.19,0.205,0.197
Parfetts - Birmingham,314.0,6.0,106.53,2025-05-13 14:15:30+00:00,0.193,0.1855,0.20025,0.191
Parfetts - Birmingham,314.0,6.0,106.53,2025-05-13 14:30:30+00:00,0.18775,0.18,0.19475,0.18425
Parfetts - Birmingham,314.0,6.0,106.53,2025-05-13 14:45:30+00:00,0.1815,0.174,0.18875,0.1765
Parfetts - Birmingham,314.0,6.0,106.53,2025-05-13 15:00:30+00:00,0.175,0.1675,0.182,0.1685
Parfetts - Birmingham,314.0,6.0,106.53,2025-05-13 15:15:30+00:00,0.16775,0.1605,0.17475,0.16
Parfetts - Birmingham,314.0,6.0,106.53,2025-05-13 15:30:30+00:00,0.16,0.15325,0.1665,0.151
Parfetts - Birmingham,314.0,6.0,106.53,2025-05-13 15:45:30+00:00,0.15175,0.14525,0.15825,0.14175
Parfetts - Birmingham,314.0,6.0,106.53,2025-05-13 16:00:30+00:00,0.14325,0.137,0.1495,0.13225
Parfetts - Birmingham,314.0,6.0,106.53,2025-05-13 16:15:30+00:00,0.1345,0.12825,0.1405,0.1225
Parfetts - Birmingham,314.0,6.0,106.53,2025-05-13 16:30:30+00:00,0.125,0.11925,0.131,0.11225
Parfetts - Birmingham,314.0,6.0,106.53,2025-05-13 16:45:30+00:00,0.1155,0.10975,0.12125,0.102
Parfetts - Birmingham,314.0,6.0,106.53,2025-05-13 17:00:30+00:00,0.10575,0.0995,0.11225,0.0915
Parfetts - Birmingham,314.0,6.0,106.53,2025-05-13 17:15:30+00:00,0.09575,0.08825,0.1035,0.08125
Parfetts - Birmingham,314.0,6.0,106.53,2025-05-13 17:30:30+00:00,0.08575,0.07675,0.095,0.071
Parfetts - Birmingham,314.0,6.0,106.53,2025-05-13 17:45:30+00:00,0.07575,0.0655,0.08425,0.061
Parfetts - Birmingham,314.0,6.0,106.53,2025-05-13 18:00:30+00:00,0.0655,0.0545,0.07325,0.051
Parfetts - Birmingham,314.0,6.0,106.53,2025-05-13 18:15:30+00:00,0.05475,0.04375,0.062,0.041
Parfetts - Birmingham,314.0,6.0,106.53,2025-05-13 18:30:30+00:00,0.04375,0.03325,0.0505,0.03125
Parfetts - Birmingham,314.0,6.0,106.53,2025-05-13 18:45:30+00:00,0.03325,0.024,0.039,0.0225
Parfetts - Birmingham,314.0,6.0,106.53,2025-05-13 19:00:30+00:00,0.02275,0.01575,0.02775,0.01425
Parfetts - Birmingham,314.0,6.0,106.53,2025-05-13 19:15:30+00:00,0.01175,0.00825,0.015,0.00725
Parfetts - Birmingham,314.0,6.0,106.53,2025-05-13 19:30:30+00:00,0.00275,0.00275,0.0035,0.00225
Parfetts - Birmingham,314.0,6.0,106.53,2025-05-13 19:45:30+00:00,0.00025,0.00025,0.00025,0.00025
Parfetts - Birmingham,314.0,6.0,106.53,2025-05-13 20:00:30+00:00,0.0,0.0,0.0,0.0
Parfetts - Birmingham,314.0,6.0,106.53,2025-05-13 20:15:30+00:00,0.0,0.0,0.0,0.0
Parfetts - Birmingham,314.0,6.0,106.53,2025-05-13 20:30:30+00:00,0.0,0.0,0.0,0.0
Parfetts - Birmingham,314.0,6.0,106.53,2025-05-13 20:45:30+00:00,0.0,0.0,0.0,0.0
Parfetts - Birmingham,314.0,6.0,106.53,2025-05-13 21:00:30+00:00,0.0,0.0,0.0,0.0
Parfetts - Birmingham,314.0,6.0,106.53,2025-05-13 21:15:30+00:00,0.0,0.0,0.0,0.0
Parfetts - Birmingham,314.0,6.0,106.53,2025-05-13 21:30:30+00:00,0.0,0.0,0.0,0.0
Parfetts - Birmingham,314.0,6.0,106.53,2025-05-13 21:45:30+00:00,0.0,0.0,0.0,0.0
Parfetts - Birmingham,314.0,6.0,106.53,2025-05-13 22:00:30+00:00,0.0,0.0,0.0,0.0
Parfetts - Birmingham,314.0,6.0,106.53,2025-05-13 22:15:30+00:00,0.0,0.0,0.0,0.0
Parfetts - Birmingham,314.0,6.0,106.53,2025-05-13 22:30:30+00:00,0.0,0.0,0.0,0.0
Parfetts - Birmingham,314.0,6.0,106.53,2025-05-13 22:45:30+00:00,0.0,0.0,0.0,0.0
Parfetts - Birmingham,314.0,6.0,106.53,2025-05-13 23:00:30+00:00,0.0,0.0,0.0,0.0
Parfetts - Birmingham,314.0,6.0,106.53,2025-05-13 23:15:30+00:00,0.0,0.0,0.0,0.0
Parfetts - Birmingham,314.0,6.0,106.53,2025-05-13 23:30:30+00:00,0.0,0.0,0.0,0.0
Parfetts - Birmingham,314.0,6.0,106.53,2025-05-13 23:45:30+00:00,0.0,0.0,0.0,0.0
Parfetts - Birmingham,314.0,6.0,106.53,2025-05-14 00:00:30+00:00,0.0,0.0,0.0,0.0
Parfetts - Birmingham,314.0,6.0,106.53,2025-05-14 00:15:30+00:00,0.0,0.0,0.0,0.0
Parfetts - Birmingham,314.0,6.0,106.53,2025-05-14 00:30:30+00:00,0.0,0.0,0.0,0.0
Parfetts - Birmingham,314.0,6.0,106.53,2025-05-14 00:45:30+00:00,0.0,0.0,0.0,0.0
Parfetts - Birmingham,314.0,6.0,106.53,2025-05-14 01:00:30+00:00,0.0,0.0,0.0,0.0
Parfetts - Birmingham,314.0,6.0,106.53,2025-05-14 01:15:30+00:00,0.0,0.0,0.0,0.0
Parfetts - Birmingham,314.0,6.0,106.53,2025-05-14 01:30:30+00:00,0.0,0.0,0.0,0.0
Parfetts - Birmingham,314.0,6.0,106.53,2025-05-14 01:45:30+00:00,0.0,0.0,0.0,0.0
Parfetts - Birmingham,314.0,6.0,106.53,2025-05-14 02:00:30+00:00,0.0,0.0,0.0,0.0
Parfetts - Birmingham,314.0,6.0,106.53,2025-05-14 02:15:30+00:00,0.0,0.0,0.0,0.0
Parfetts - Birmingham,314.0,6.0,106.53,2025-05-14 02:30:30+00:00,0.0,0.0,0.0,0.0
Parfetts - Birmingham,314.0,6.0,106.53,2025-05-14 02:45:30+00:00,0.0,0.0,0.0,0.0
Parfetts - Birmingham,314.0,6.0,106.53,2025-05-14 03:00:30+00:00,0.0,0.0,0.0,0.0
Parfetts - Birmingham,314.0,6.0,106.53,2025-05-14 03:15:30+00:00,0.0,0.0,0.0,0.0
Parfetts - Birmingham,314.0,6.0,106.53,2025-05-14 03:30:30+00:00,0.0,0.0,0.0,0.0
Parfetts - Birmingham,314.0,6.0,106.53,2025-05-14 03:45:30+00:00,0.0,0.0,0.0,0.0
Parfetts - Birmingham,314.0,6.0,106.53,2025-05-14 04:00:30+00:00,0.0,0.0,0.0,0.0
Parfetts - Birmingham,314.0,6.0,106.53,2025-05-14 04:15:30+00:00,0.00075,0.0005,0.00125,0.00075
Parfetts - Birmingham,314.0,6.0,106.53,2025-05-14 04:30:30+00:00,0.00375,0.002,0.00625,0.00375
Parfetts - Birmingham,314.0,6.0,106.53,2025-05-14 04:45:30+00:00,0.0075,0.00375,0.01175,0.00825
Parfetts - Birmingham,314.0,6.0,106.53,2025-05-14 05:00:30+00:00,0.01175,0.00725,0.01925,0.01325
Parfetts - Birmingham,314.0,6.0,106.53,2025-05-14 05:15:30+00:00,0.02025,0.0105,0.027,0.0235
Parfetts - Birmingham,314.0,6.0,106.53,2025-05-14 05:30:30+00:00,0.0245,0.0155,0.03675,0.028
Parfetts - Birmingham,314.0,6.0,106.53,2025-05-14 05:45:30+00:00,0.0325,0.0205,0.045,0.038
Parfetts - Birmingham,314.0,6.0,106.53,2025-05-14 06:00:30+00:00,0.04275,0.02925,0.05325,0.051
Parfetts - Birmingham,314.0,6.0,106.53,2025-05-14 06:15:30+00:00,0.05325,0.04025,0.06175,0.064
Parfetts - Birmingham,314.0,6.0,106.53,2025-05-14 06:30:30+00:00,0.063,0.05275,0.0715,0.0755
Parfetts - Birmingham,314.0,6.0,106.53,2025-05-14 06:45:30+00:00,0.0725,0.06525,0.07975,0.086
Parfetts - Birmingham,314.0,6.0,106.53,2025-05-14 07:00:30+00:00,0.082,0.0765,0.0875,0.0965
Parfetts - Birmingham,314.0,6.0,106.53,2025-05-14 07:15:30+00:00,0.0915,0.0865,0.0965,0.10675
Parfetts - Birmingham,314.0,6.0,106.53,2025-05-14 07:30:30+00:00,0.10075,0.09575,0.10575,0.117
Parfetts - Birmingham,314.0,6.0,106.53,2025-05-14 07:45:30+00:00,0.11025,0.105,0.11525,0.127
Parfetts - Birmingham,314.0,6.0,106.53,2025-05-14 08:00:30+00:00,0.11925,0.114,0.1245,0.1365
Parfetts - Birmingham,314.0,6.0,106.53,2025-05-14 08:15:30+00:00,0.12825,0.1225,0.1335,0.14575
Parfetts - Birmingham,314.0,6.0,106.53,2025-05-14 08:30:30+00:00,0.13675,0.131,0.1425,0.1545
Parfetts - Birmingham,314.0,6.0,106.53,2025-05-14 08:45:30+00:00,0.14525,0.139,0.15125,0.16325
Parfetts - Birmingham,314.0,6.0,106.53,2025-05-14 09:00:30+00:00,0.15325,0.14675,0.1595,0.1715
Parfetts - Birmingham,314.0,6.0,106.53,2025-05-14 09:15:30+00:00,0.161,0.15425,0.1675,0.179
Parfetts - Birmingham,314.0,6.0,106.53,2025-05-14 09:30:30+00:00,0.16825,0.16125,0.17475,0.18625
Parfetts - Birmingham,314.0,6.0,106.53,2025-05-14 09:45:30+00:00,0.175,0.168,0.1815,0.19275
Parfetts - Birmingham,314.0,6.0,106.53,2025-05-14 10:00:30+00:00,0.18125,0.174,0.18775,0.1985
Parfetts - Birmingham,314.0,6.0,106.53,2025-05-14 10:15:30+00:00,0.1865,0.17925,0.19375,0.2035
Parfetts - Birmingham,314.0,6.0,106.53,2025-05-14 10:30:30+00:00,0.1915,0.184,0.199,0.20775
Parfetts - Birmingham,314.0,6.0,106.53,2025-05-14 10:45:30+00:00,0.196,0.188,0.20375,0.2115
Parfetts - Birmingham,314.0,6.0,106.53,2025-05-14 11:00:30+00:00,0.19975,0.19175,0.208,0.21425
Parfetts - Birmingham,314.0,6.0,106.53,2025-05-14 11:15:30+00:00,0.2035,0.195,0.21175,0.21725
Parfetts - Birmingham,314.0,6.0,106.53,2025-05-14 11:30:30+00:00,0.20675,0.19775,0.21475,0.2195
Parfetts - Birmingham,314.0,6.0,106.53,2025-05-14 11:45:30+00:00,0.208,0.1995,0.2165,0.21975
Parfetts - Birmingham,314.0,6.0,106.53,2025-05-14 12:00:30+00:00,0.209,0.2005,0.21775,0.2195
Parfetts - Birmingham,314.0,6.0,106.53,2025-05-14 12:15:30+00:00,0.21,0.201,0.21825,0.219
Parfetts - Birmingham,314.0,6.0,106.53,2025-05-14 12:30:30+00:00,0.20975,0.2005,0.21825,0.21775
Parfetts - Birmingham,314.0,6.0,106.53,2025-05-14 12:45:30+00:00,0.2085,0.19925,0.21825,0.215
Parfetts - Birmingham,314.0,6.0,106.53,2025-05-14 13:00:30+00:00,0.208,0.19625,0.2175,0.213
Parfetts - Birmingham,314.0,6.0,106.53,2025-05-14 13:15:30+00:00,0.20425,0.1925,0.216,0.208
Parfetts - Birmingham,314.0,6.0,106.53,2025-05-14 13:30:30+00:00,0.20025,0.1875,0.21225,0.2025
Parfetts - Birmingham,314.0,6.0,106.53,2025-05-14 13:45:30+00:00,0.195,0.18225,0.2085,0.19575
Parfetts - Birmingham,314.0,6.0,106.53,2025-05-14 14:00:30+00:00,0.19075,0.1765,0.20425,0.19025
Parfetts - Birmingham,314.0,6.0,106.53,2025-05-14 14:15:30+00:00,0.185,0.1695,0.19875,0.18275
Parfetts - Birmingham,314.0,6.0,106.53,2025-05-14 14:30:30+00:00,0.17625,0.1625,0.1905,0.17275
Parfetts - Birmingham,314.0,6.0,106.53,2025-05-14 14:45:30+00:00,0.16825,0.15725,0.18225,0.1635
Parfetts - Birmingham,314.0,6.0,106.53,2025-05-14 15:00:30+00:00,0.1645,0.15275,0.175,0.1585
Parfetts - Birmingham,314.0,6.0,106.53,2025-05-14 15:15:30+00:00,0.15875,0.1485,0.16925,0.1515
Parfetts - Birmingham,314.0,6.0,106.53,2025-05-14 15:30:30+00:00,0.15325,0.14225,0.162,0.14475
Parfetts - Birmingham,314.0,6.0,106.53,2025-05-14 15:45:30+00:00,0.14425,0.134,0.154,0.13475
Parfetts - Birmingham,314.0,6.0,106.53,2025-05-14 16:00:30+00:00,0.134,0.1245,0.145,0.12375
Parfetts - Birmingham,314.0,6.0,106.53,2025-05-14 16:15:30+00:00,0.126,0.1145,0.13625,0.11475
Parfetts - Birmingham,314.0,6.0,106.53,2025-05-14 16:30:30+00:00,0.116,0.1025,0.12925,0.10425
Parfetts - Birmingham,314.0,6.0,106.53,2025-05-14 16:45:30+00:00,0.1055,0.09025,0.12025,0.0935
Parfetts - Birmingham,314.0,6.0,106.53,2025-05-14 17:00:30+00:00,0.09325,0.07625,0.10775,0.082
Parfetts - Birmingham,314.0,6.0,106.53,2025-05-14 17:15:30+00:00,0.077,0.06525,0.094,0.06725
Parfetts - Birmingham,314.0,6.0,106.53,2025-05-14 17:30:30+00:00,0.06975,0.05725,0.08375,0.0595
Parfetts - Birmingham,314.0,6.0,106.53,2025-05-14 17:45:30+00:00,0.064,0.0485,0.0745,0.0535
Parfetts - Birmingham,314.0,6.0,106.53,2025-05-14 18:00:30+00:00,0.04925,0.03925,0.0635,0.04125
Parfetts - Birmingham,314.0,6.0,106.53,2025-05-14 18:15:30+00:00,0.043,0.032,0.05575,0.0345
Parfetts - Birmingham,314.0,6.0,106.53,2025-05-14 18:30:30+00:00,0.0395,0.0275,0.04975,0.0295
Parfetts - Birmingham,314.0,6.0,106.53,2025-05-14 18:45:30+00:00,0.03225,0.0225,0.04025,0.022
Parfetts - Birmingham,314.0,6.0,106.53,2025-05-14 19:00:30+00:00,0.023,0.01575,0.02925,0.01425
Parfetts - Birmingham,314.0,6.0,106.53,2025-05-14 19:15:30+00:00,0.013,0.00875,0.01725,0.00775
Parfetts - Birmingham,314.0,6.0,106.53,2025-05-14 19:30:30+00:00,0.0035,0.003,0.0045,0.0025
Parfetts - Birmingham,314.0,6.0,106.53,2025-05-14 19:45:30+00:00,0.00025,0.00025,0.0005,0.00025
Parfetts - Birmingham,314.0,6.0,106.53,2025-05-14 20:00:30+00:00,0.0,0.0,0.0,0.0
Parfetts - Birmingham,314.0,6.0,106.53,2025-05-14 20:15:30+00:00,0.0,0.0,0.0,0.0
Parfetts - Birmingham,314.0,6.0,106.53,2025-05-14 20:30:30+00:00,0.0,0.0,0.0,0.0
Parfetts - Birmingham,314.0,6.0,106.53,2025-05-14 20:45:30+00:00,0.0,0.0,0.0,0.0
Parfetts - Birmingham,314.0,6.0,106.53,2025-05-14 21:00:30+00:00,0.0,0.0,0.0,0.0
Parfetts - Birmingham,314.0,6.0,106.53,2025-05-14 21:15:30+00:00,0.0,0.0,0.0,0.0
Parfetts - Birmingham,314.0,6.0,106.53,2025-05-14 21:30:30+00:00,0.0,0.0,0.0,0.0
Parfetts - Birmingham,314.0,6.0,106.53,2025-05-14 21:45:30+00:00,0.0,0.0,0.0,0.0
Parfetts - Birmingham,314.0,6.0,106.53,2025-05-14 22:00:30+00:00,0.0,0.0,0.0,0.0
Parfetts - Birmingham,314.0,6.0,106.53,2025-05-14 22:15:30+00:00,0.0,0.0,0.0,0.0
Parfetts - Birmingham,314.0,6.0,106.53,2025-05-14 22:30:30+00:00,0.0,0.0,0.0,0.0
Parfetts - Birmingham,314.0,6.0,106.53,2025-05-14 22:45:30+00:00,0.0,0.0,0.0,0.0
Parfetts - Birmingham,314.0,6.0,106.53,2025-05-14 23:00:30+00:00,0.0,0.0,0.0,0.0
Parfetts - Birmingham,314.0,6.0,106.53,2025-05-14 23:15:30+00:00,0.0,0.0,0.0,0.0
Parfetts - Birmingham,314.0,6.0,106.53,2025-05-14 23:30:30+00:00,0.0,0.0,0.0,0.0
Parfetts - Birmingham,314.0,6.0,106.53,2025-05-14 23:45:30+00:00,0.0,0.0,0.0,0.0
Parfetts - Birmingham,314.0,6.0,106.53,2025-05-15 00:00:30+00:00,0.0,0.0,0.0,0.0
Parfetts - Birmingham,314.0,6.0,106.53,2025-05-15 00:15:30+00:00,0.0,0.0,0.0,0.0
Parfetts - Birmingham,314.0,6.0,106.53,2025-05-15 00:30:30+00:00,0.0,0.0,0.0,0.0
Parfetts - Birmingham,314.0,6.0,106.53,2025-05-15 00:45:30+00:00,0.0,0.0,0.0,0.0
Parfetts - Birmingham,314.0,6.0,106.53,2025-05-15 01:00:30+00:00,0.0,0.0,0.0,0.0
Parfetts - Birmingham,314.0,6.0,106.53,2025-05-15 01:15:30+00:00,0.0,0.0,0.0,0.0
Parfetts - Birmingham,314.0,6.0,106.53,2025-05-15 01:30:30+00:00,0.0,0.0,0.0,0.0
Parfetts - Birmingham,314.0,6.0,106.53,2025-05-15 01:45:30+00:00,0.0,0.0,0.0,0.0
Parfetts - Birmingham,314.0,6.0,106.53,2025-05-15 02:00:30+00:00,0.0,0.0,0.0,0.0
Parfetts - Birmingham,314.0,6.0,106.53,2025-05-15 02:15:30+00:00,0.0,0.0,0.0,0.0
Parfetts - Birmingham,314.0,6.0,106.53,2025-05-15 02:30:30+00:00,0.0,0.0,0.0,0.0
Parfetts - Birmingham,314.0,6.0,106.53,2025-05-15 02:45:30+00:00,0.0,0.0,0.0,0.0
Parfetts - Birmingham,314.0,6.0,106.53,2025-05-15 03:00:30+00:00,0.0,0.0,0.0,0.0
Parfetts - Birmingham,314.0,6.0,106.53,2025-05-15 03:15:30+00:00,0.0,0.0,0.0,0.0
Parfetts - Birmingham,314.0,6.0,106.53,2025-05-15 03:30:30+00:00,0.0,0.0,0.0,0.0
Parfetts - Birmingham,314.0,6.0,106.53,2025-05-15 03:45:30+00:00,0.0,0.0,0.0,0.0
Parfetts - Birmingham,314.0,6.0,106.53,2025-05-15 04:00:30+00:00,0.0,0.0,0.0,0.0
Parfetts - Birmingham,314.0,6.0,106.53,2025-05-15 04:15:30+00:00,0.001,0.00075,0.0015,0.001
Parfetts - Birmingham,314.0,6.0,106.53,2025-05-15 04:30:30+00:00,0.004,0.0025,0.006,0.0045
Parfetts - Birmingham,314.0,6.0,106.53,2025-05-15 04:45:30+00:00,0.00825,0.005,0.012,0.0095
Parfetts - Birmingham,314.0,6.0,106.53,2025-05-15 05:00:30+00:00,0.013,0.0075,0.01825,0.01525
Parfetts - Birmingham,314.0,6.0,106.53,2025-05-15 05:15:30+00:00,0.01775,0.0095,0.025,0.02025
Parfetts - Birmingham,314.0,6.0,106.53,2025-05-15 05:30:30+00:00,0.0215,0.011,0.03225,0.0235
Parfetts - Birmingham,314.0,6.0,106.53,2025-05-15 05:45:30+00:00,0.025,0.012,0.0385,0.02675
Parfetts - Birmingham,314.0,6.0,106.53,2025-05-15 06:00:30+00:00,0.02875,0.01375,0.0425,0.03025
Parfetts - Birmingham,314.0,6.0,106.53,2025-05-15 06:15:30+00:00,0.0305,0.0145,0.04525,0.03175
Parfetts - Birmingham,314.0,6.0,106.53,2025-05-15 06:30:30+00:00,0.03,0.0155,0.048,0.031
Parfetts - Birmingham,314.0,6.0,106.53,2025-05-15 06:45:30+00:00,0.034,0.017,0.049,0.03475
Parfetts - Birmingham,314.0,6.0,106.53,2025-05-15 07:00:30+00:00,0.03475,0.018,0.0495,0.0355
Parfetts - Birmingham,314.0,6.0,106.53,2025-05-15 07:15:30+00:00,0.0325,0.0195,0.04875,0.03325
Parfetts - Birmingham,314.0,6.0,106.53,2025-05-15 07:30:30+00:00,0.03475,0.021,0.049,0.03525
Parfetts - Birmingham,314.0,6.0,106.53,2025-05-15 07:45:30+00:00,0.03775,0.02375,0.05075,0.0385
Parfetts - Birmingham,314.0,6.0,106.53,2025-05-15 08:00:30+00:00,0.03925,0.026,0.05575,0.03975
Parfetts - Birmingham,314.0,6.0,106.53,2025-05-15 08:15:30+00:00,0.04575,0.02575,0.065,0.04675
Parfetts - Birmingham,314.0,6.0,106.53,2025-05-15 08:30:30+00:00,0.05125,0.0265,0.0775,0.05225
Parfetts - Birmingham,314.0,6.0,106.53,2025-05-15 08:45:30+00:00,0.0585,0.02625,0.09375,0.06
Parfetts - Birmingham,314.0,6.0,106.53,2025-05-15 09:00:30+00:00,0.0695,0.02675,0.1145,0.0715
Parfetts - Birmingham,314.0,6.0,106.53,2025-05-15 09:15:30+00:00,0.0825,0.02975,0.1385,0.08575
Parfetts - Birmingham,314.0,6.0,106.53,2025-05-15 09:30:30+00:00,0.0995,0.042,0.16,0.104
Parfetts - Birmingham,314.0,6.0,106.53,2025-05-15 09:45:30+00:00,0.1195,0.06125,0.178,0.12625
Parfetts - Birmingham,314.0,6.0,106.53,2025-05-15 10:00:30+00:00,0.139,0.08125,0.1875,0.14825
Parfetts - Birmingham,314.0,6.0,106.53,2025-05-15 10:15:30+00:00,0.14525,0.10325,0.1935,0.1545
Parfetts - Birmingham,314.0,6.0,106.53,2025-05-15 10:30:30+00:00,0.15925,0.12025,0.19925,0.17
Parfetts - Birmingham,314.0,6.0,106.53,2025-05-15 10:45:30+00:00,0.17475,0.126,0.20925,0.18625
Parfetts - Birmingham,314.0,6.0,106.53,2025-05-15 11:00:30+00:00,0.169,0.11475,0.21425,0.179
Parfetts - Birmingham,314.0,6.0,106.53,2025-05-15 11:15:30+00:00,0.15,0.0965,0.207,0.157
Parfetts - Birmingham,314.0,6.0,106.53,2025-05-15 11:30:30+00:00,0.135,0.0915,0.20125,0.14
Parfetts - Birmingham,314.0,6.0,106.53,2025-05-15 11:45:30+00:00,0.1515,0.103,0.21,0.15725
Parfetts - Birmingham,314.0,6.0,106.53,2025-05-15 12:00:30+00:00,0.18175,0.11625,0.21475,0.18925
Parfetts - Birmingham,314.0,6.0,106.53,2025-05-15 12:15:30+00:00,0.164,0.1215,0.21275,0.16925
Parfetts - Birmingham,314.0,6.0,106.53,2025-05-15 12:30:30+00:00,0.15425,0.12,0.191,0.158
Parfetts - Birmingham,314.0,6.0,106.53,2025-05-15 12:45:30+00:00,0.14775,0.12125,0.179,0.15075
Parfetts - Birmingham,314.0,6.0,106.53,2025-05-15 13:00:30+00:00,0.14775,0.1245,0.17375,0.15025
Parfetts - Birmingham,314.0,6.0,106.53,2025-05-15 13:15:30+00:00,0.1515,0.11625,0.17375,0.15325
Parfetts - Birmingham,314.0,6.0,106.53,2025-05-15 13:30:30+00:00,0.13525,0.10425,0.17075,0.13625
Parfetts - Birmingham,314.0,6.0,106.53,2025-05-15 13:45:30+00:00,0.12525,0.094,0.15675,0.12575
Parfetts - Birmingham,314.0,6.0,106.53,2025-05-15 14:00:30+00:00,0.11475,0.0875,0.1505,0.115
Parfetts - Birmingham,314.0,6.0,106.53,2025-05-15 14:15:30+00:00,0.117,0.0795,0.1575,0.1165
Parfetts - Birmingham,314.0,6.0,106.53,2025-05-15 14:30:30+00:00,0.12275,0.0735,0.17525,0.12175
Parfetts - Birmingham,314.0,6.0,106.53,2025-05-15 14:45:30+00:00,0.1335,0.08025,0.1915,0.13075
Parfetts - Birmingham,314.0,6.0,106.53,2025-05-15 15:00:30+00:00,0.151,0.0975,0.18725,0.14625
Parfetts - Birmingham,314.0,6.0,106.53,2025-05-15 15:15:30+00:00,0.1515,0.114,0.18,0.14525
Parfetts - Birmingham,314.0,6.0,106.53,2025-05-15 15:30:30+00:00,0.1475,0.11225,0.17225,0.13975
Parfetts - Birmingham,314.0,6.0,106.53,2025-05-15 15:45:30+00:00,0.1325,0.09275,0.16275,0.12475
Parfetts - Birmingham,314.0,6.0,106.53,2025-05-15 16:00:30+00:00,0.115,0.06275,0.152,0.1085
Parfetts - Birmingham,314.0,6.0,106.53,2025-05-15 16:15:30+00:00,0.09075,0.03675,0.14,0.08625
Parfetts - Birmingham,314.0,6.0,106.53,2025-05-15 16:30:30+00:00,0.0645,0.02225,0.11475,0.0625
Parfetts - Birmingham,314.0,6.0,106.53,2025-05-15 16:45:30+00:00,0.0505,0.018,0.0865,0.04925
Parfetts - Birmingham,314.0,6.0,106.53,2025-05-15 17:00:30+00:00,0.04125,0.0195,0.06425,0.04075
Parfetts - Birmingham,314.0,6.0,106.53,2025-05-15 17:15:30+00:00,0.034,0.02025,0.04875,0.0335
Parfetts - Birmingham,314.0,6.0,106.53,2025-05-15 17:30:30+00:00,0.028,0.01775,0.0395,0.02775
Parfetts - Birmingham,314.0,6.0,106.53,2025-05-15 17:45:30+00:00,0.02375,0.0145,0.034,0.02375
Parfetts - Birmingham,314.0,6.0,106.53,2025-05-15 18:00:30+00:00,0.021,0.01175,0.0305,0.021
Parfetts - Birmingham,314.0,6.0,106.53,2025-05-15 18:15:30+00:00,0.01825,0.00925,0.027,0.018
Parfetts - Birmingham,314.0,6.0,106.53,2025-05-15 18:30:30+00:00,0.01475,0.007,0.0225,0.0145
Parfetts - Birmingham,314.0,6.0,106.53,2025-05-15 18:45:30+00:00,0.011,0.00475,0.01725,0.011
Parfetts - Birmingham,314.0,6.0,106.53,2025-05-15 19:00:30+00:00,0.007,0.00275,0.012,0.00725
Parfetts - Birmingham,314.0,6.0,106.53,2025-05-15 19:15:30+00:00,0.004,0.00125,0.007,0.004
Parfetts - Birmingham,314.0,6.0,106.53,2025-05-15 19:30:30+00:00,0.00125,0.0005,0.00325,0.00125
Parfetts - Birmingham,314.0,6.0,106.53,2025-05-15 19:45:30+00:00,0.0005,0.0,0.001,0.0005
Parfetts - Birmingham,314.0,6.0,106.53,2025-05-15 20:00:30+00:00,0.0,0.0,0.0,0.0
Parfetts - Birmingham,314.0,6.0,106.53,2025-05-15 20:15:30+00:00,0.0,0.0,0.0,0.0
Parfetts - Birmingham,314.0,6.0,106.53,2025-05-15 20:30:30+00:00,0.0,0.0,0.0,0.0
Parfetts - Birmingham,314.0,6.0,106.53,2025-05-15 20:45:30+00:00,0.0,0.0,0.0,0.0
Parfetts - Birmingham,314.0,6.0,106.53,2025-05-15 21:00:30+00:00,0.0,0.0,0.0,0.0
Parfetts - Birmingham,314.0,6.0,106.53,2025-05-15 21:15:30+00:00,0.0,0.0,0.0,0.0
Parfetts - Birmingham,314.0,6.0,106.53,2025-05-15 21:30:30+00:00,0.0,0.0,0.0,0.0
Parfetts - Birmingham,314.0,6.0,106.53,2025-05-15 21:45:30+00:00,0.0,0.0,0.0,0.0
Parfetts - Birmingham,314.0,6.0,106.53,2025-05-15 22:00:30+00:00,0.0,0.0,0.0,0.0
Parfetts - Birmingham,314.0,6.0,106.53,2025-05-15 22:15:30+00:00,0.0,0.0,0.0,0.0
Parfetts - Birmingham,314.0,6.0,106.53,2025-05-15 22:30:30+00:00,0.0,0.0,0.0,0.0
Parfetts - Birmingham,314.0,6.0,106.53,2025-05-15 22:45:30+00:00,0.0,0.0,0.0,0.0
Parfetts - Birmingham,314.0,6.0,106.53,2025-05-15 23:00:30+00:00,0.0,0.0,0.0,0.0
Parfetts - Birmingham,314.0,6.0,106.53,2025-05-15 23:15:30+00:00,0.0,0.0,0.0,0.0
Parfetts - Birmingham,314.0,6.0,106.53,2025-05-15 23:30:30+00:00,0.0,0.0,0.0,0.0
Parfetts - Birmingham,314.0,6.0,106.53,2025-05-15 23:45:30+00:00,0.0,0.0,0.0,0.0
Parfetts - Birmingham,314.0,6.0,106.53,2025-05-16 00:00:30+00:00,0.0,0.0,0.0,0.0
Parfetts - Birmingham,314.0,6.0,106.53,2025-05-16 00:15:30+00:00,0.0,0.0,0.0,0.0
Parfetts - Birmingham,314.0,6.0,106.53,2025-05-16 00:30:30+00:00,0.0,0.0,0.0,0.0
Parfetts - Birmingham,314.0,6.0,106.53,2025-05-16 00:45:30+00:00,0.0,0.0,0.0,0.0
Parfetts - Birmingham,314.0,6.0,106.53,2025-05-16 01:00:30+00:00,0.0,0.0,0.0,0.0
Parfetts - Birmingham,314.0,6.0,106.53,2025-05-16 01:15:30+00:00,0.0,0.0,0.0,0.0
Parfetts - Birmingham,314.0,6.0,106.53,2025-05-16 01:30:30+00:00,0.0,0.0,0.0,0.0
Parfetts - Birmingham,314.0,6.0,106.53,2025-05-16 01:45:30+00:00,0.0,0.0,0.0,0.0
Parfetts - Birmingham,314.0,6.0,106.53,2025-05-16 02:00:30+00:00,0.0,0.0,0.0,0.0
Parfetts - Birmingham,314.0,6.0,106.53,2025-05-16 02:15:30+00:00,0.0,0.0,0.0,0.0
Parfetts - Birmingham,314.0,6.0,106.53,2025-05-16 02:30:30+00:00,0.0,0.0,0.0,0.0
Parfetts - Birmingham,314.0,6.0,106.53,2025-05-16 02:45:30+00:00,0.0,0.0,0.0,0.0
Parfetts - Birmingham,314.0,6.0,106.53,2025-05-16 03:00:30+00:00,0.0,0.0,0.0,0.0
Parfetts - Birmingham,314.0,6.0,106.53,2025-05-16 03:15:30+00:00,0.0,0.0,0.0,0.0
Parfetts - Birmingham,314.0,6.0,106.53,2025-05-16 03:30:30+00:00,0.0,0.0,0.0,0.0
Parfetts - Birmingham,314.0,6.0,106.53,2025-05-16 03:45:30+00:00,0.0,0.0,0.0,0.0
Parfetts - Birmingham,314.0,6.0,106.53,2025-05-16 04:00:30+00:00,0.0,0.0,0.0,0.0
Parfetts - Birmingham,314.0,6.0,106.53,2025-05-16 04:15:30+00:00,0.00075,0.00025,0.00225,0.00075
Parfetts - Birmingham,314.0,6.0,106.53,2025-05-16 04:30:30+00:00,0.00275,0.00075,0.0055,0.00275
Parfetts - Birmingham,314.0,6.0,106.53,2025-05-16 04:45:30+00:00,0.00575,0.001,0.01025,0.00575
Parfetts - Birmingham,314.0,6.0,106.53,2025-05-16 05:00:30+00:00,0.0085,0.00175,0.01825,0.00875
Parfetts - Birmingham,314.0,6.0,106.53,2025-05-16 05:15:30+00:00,0.01325,0.00275,0.029,0.01375
Parfetts - Birmingham,314.0,6.0,106.53,2025-05-16 05:30:30+00:00,0.02175,0.00525,0.0395,0.024
Parfetts - Birmingham,314.0,6.0,106.53,2025-05-16 05:45:30+00:00,0.03525,0.01425,0.04675,0.0405
Parfetts - Birmingham,314.0,6.0,106.53,2025-05-16 06:00:30+00:00,0.04625,0.02725,0.0545,0.05475
Parfetts - Birmingham,314.0,6.0,106.53,2025-05-16 06:15:30+00:00,0.05575,0.04175,0.06325,0.06625
Parfetts - Birmingham,314.0,6.0,106.53,2025-05-16 06:30:30+00:00,0.065,0.0565,0.07275,0.077
Parfetts - Birmingham,314.0,6.0,106.53,2025-05-16 06:45:30+00:00,0.07425,0.0685,0.08,0.08725
Parfetts - Birmingham,314.0,6.0,106.53,2025-05-16 07:00:30+00:00,0.0835,0.079,0.08825,0.0975
Parfetts - Birmingham,314.0,6.0,106.53,2025-05-16 07:15:30+00:00,0.093,0.0885,0.09725,0.10775
Parfetts - Birmingham,314.0,6.0,106.53,2025-05-16 07:30:30+00:00,0.10225,0.0975,0.10675,0.11775
Parfetts - Birmingham,314.0,6.0,106.53,2025-05-16 07:45:30+00:00,0.11125,0.1065,0.11625,0.1275
Parfetts - Birmingham,314.0,6.0,106.53,2025-05-16 08:00:30+00:00,0.1205,0.115,0.1255,0.13725
Parfetts - Birmingham,314.0,6.0,106.53,2025-05-16 08:15:30+00:00,0.12925,0.12375,0.13475,0.14625
Parfetts - Birmingham,314.0,6.0,106.53,2025-05-16 08:30:30+00:00,0.138,0.132,0.14375,0.15525
Parfetts - Birmingham,314.0,6.0,106.53,2025-05-16 08:45:30+00:00,0.14625,0.14025,0.15225,0.164
Parfetts - Birmingham,314.0,6.0,106.53,2025-05-16 09:00:30+00:00,0.1545,0.148,0.1605,0.17225
Parfetts - Birmingham,314.0,6.0,106.53,2025-05-16 09:15:30+00:00,0.162,0.15525,0.16825,0.1795
Parfetts - Birmingham,314.0,6.0,106.53,2025-05-16 09:30:30+00:00,0.169,0.16225,0.17575,0.1865
Parfetts - Birmingham,314.0,6.0,106.53,2025-05-16 09:45:30+00:00,0.176,0.16875,0.18275,0.19325
Parfetts - Birmingham,314.0,6.0,106.53,2025-05-16 10:00:30+00:00,0.182,0.17475,0.18925,0.199
Parfetts - Birmingham,314.0,6.0,106.53,2025-05-16 10:15:30+00:00,0.188,0.18025,0.19525,0.2045
Parfetts - Birmingham,314.0,6.0,106.53,2025-05-16 10:30:30+00:00,0.19325,0.1855,0.2005,0.209
Parfetts - Birmingham,314.0,6.0,106.53,2025-05-16 10:45:30+00:00,0.19775,0.19,0.20525,0.213
Parfetts - Birmingham,314.0,6.0,106.53,2025-05-16 11:00:30+00:00,0.20175,0.19375,0.2095,0.21625
Parfetts - Birmingham,314.0,6.0,106.53,2025-05-16 11:15:30+00:00,0.20525,0.197,0.21325,0.21875
Parfetts - Birmingham,314.0,6.0,106.53,2025-05-16 11:30:30+00:00,0.20825,0.1995,0.2165,0.22075
Parfetts - Birmingham,314.0,6.0,106.53,2025-05-16 11:45:30+00:00,0.2105,0.20175,0.219,0.22175
Parfetts - Birmingham,314.0,6.0,106.53,2025-05-16 12:00:30+00:00,0.21225,0.2035,0.22075,0.2225
Parfetts - Birmingham,314.0,6.0,106.53,2025-05-16 12:15:30+00:00,0.21325,0.2045,0.2215,0.22225
Parfetts - Birmingham,314.0,6.0,106.53,2025-05-16 12:30:30+00:00,0.21325,0.20475,0.2215,0.221
Parfetts - Birmingham,314.0,6.0,106.53,2025-05-16 12:45:30+00:00,0.2125,0.20375,0.22075,0.21875
Parfetts - Birmingham,314.0,6.0,106.53,2025-05-16 13:00:30+00:00,0.21075,0.202,0.21925,0.21575
Parfetts - Birmingham,314.0,6.0,106.53,2025-05-16 13:15:30+00:00,0.20825,0.19975,0.21675,0.21175
Parfetts - Birmingham,314.0,6.0,106.53,2025-05-16 13:30:30+00:00,0.2055,0.19675,0.21375,0.20775
Parfetts - Birmingham,314.0,6.0,106.53,2025-05-16 13:45:30+00:00,0.20175,0.1935,0.21,0.20225
Parfetts - Birmingham,314.0,6.0,106.53,2025-05-16 14:00:30+00:00,0.1975,0.18925,0.2055,0.19675
Parfetts - Birmingham,314.0,6.0,106.53,2025-05-16 14:15:30+00:00,0.19275,0.1845,0.20075,0.1905
Parfetts - Birmingham,314.0,6.0,106.53,2025-05-16 14:30:30+00:00,0.18725,0.179,0.19525,0.1835
Parfetts - Birmingham,314.0,6.0,106.53,2025-05-16 14:45:30+00:00,0.181,0.173,0.189,0.176
Parfetts - Birmingham,314.0,6.0,106.53,2025-05-16 15:00:30+00:00,0.1745,0.1665,0.182,0.168
Parfetts - Birmingham,314.0,6.0,106.53,2025-05-16 15:15:30+00:00,0.16725,0.15975,0.17425,0.1595
Parfetts - Birmingham,314.0,6.0,106.53,2025-05-16 15:30:30+00:00,0.1595,0.1525,0.16625,0.1505
Parfetts - Birmingham,314.0,6.0,106.53,2025-05-16 15:45:30+00:00,0.1515,0.145,0.15775,0.1415
Parfetts - Birmingham,314.0,6.0,106.53,2025-05-16 16:00:30+00:00,0.143,0.13725,0.149,0.132
Parfetts - Birmingham,314.0,6.0,106.53,2025-05-16 16:15:30+00:00,0.1345,0.12925,0.13975,0.12275
Parfetts - Birmingham,314.0,6.0,106.53,2025-05-16 16:30:30+00:00,0.12575,0.12075,0.1305,0.11275
Parfetts - Birmingham,314.0,6.0,106.53,2025-05-16 16:45:30+00:00,0.1165,0.11175,0.12125,0.103
Parfetts - Birmingham,314.0,6.0,106.53,2025-05-16 17:00:30+00:00,0.10725,0.10175,0.1125,0.093
Parfetts - Birmingham,314.0,6.0,106.53,2025-05-16 17:15:30+00:00,0.0975,0.09075,0.10425,0.083
Parfetts - Birmingham,314.0,6.0,106.53,2025-05-16 17:30:30+00:00,0.0875,0.07925,0.096,0.07275
Parfetts - Birmingham,314.0,6.0,106.53,2025-05-16 17:45:30+00:00,0.0775,0.068,0.08625,0.06275
Parfetts - Birmingham,314.0,6.0,106.53,2025-05-16 18:00:30+00:00,0.0675,0.05725,0.07525,0.053
Parfetts - Birmingham,314.0,6.0,106.53,2025-05-16 18:15:30+00:00,0.05725,0.047,0.06425,0.04325
Parfetts - Birmingham,314.0,6.0,106.53,2025-05-16 18:30:30+00:00,0.04725,0.037,0.053,0.03425
Parfetts - Birmingham,314.0,6.0,106.53,2025-05-16 18:45:30+00:00,0.03675,0.0275,0.04175,0.02525
Parfetts - Birmingham,314.0,6.0,106.53,2025-05-16 19:00:30+00:00,0.0265,0.019,0.03075,0.01675
Parfetts - Birmingham,314.0,6.0,106.53,2025-05-16 19:15:30+00:00,0.0165,0.0115,0.0195,0.00925
Parfetts - Birmingham,314.0,6.0,106.53,2025-05-16 19:30:30+00:00,0.005,0.00425,0.006,0.0035
Parfetts - Birmingham,314.0,6.0,106.53,2025-05-16 19:45:30+00:00,0.00125,0.001,0.0015,0.00125
Parfetts - Birmingham,314.0,6.0,106.53,2025-05-16 20:00:30+00:00,0.0,0.0,0.0,0.0
Parfetts - Birmingham,314.0,6.0,106.53,2025-05-16 20:15:30+00:00,0.0,0.0,0.0,0.0
Parfetts - Birmingham,314.0,6.0,106.53,2025-05-16 20:30:30+00:00,0.0,0.0,0.0,0.0
Parfetts - Birmingham,314.0,6.0,106.53,2025-05-16 20:45:30+00:00,0.0,0.0,0.0,0.0
Parfetts - Birmingham,314.0,6.0,106.53,2025-05-16 21:00:30+00:00,0.0,0.0,0.0,0.0
Parfetts - Birmingham,314.0,6.0,106.53,2025-05-16 21:15:30+00:00,0.0,0.0,0.0,0.0
Parfetts - Birmingham,314.0,6.0,106.53,2025-05-16 21:30:30+00:00,0.0,0.0,0.0,0.0
Parfetts - Birmingham,314.0,6.0,106.53,2025-05-16 21:45:30+00:00,0.0,0.0,0.0,0.0
Parfetts - Birmingham,314.0,6.0,106.53,2025-05-16 22:00:30+00:00,0.0,0.0,0.0,0.0
Parfetts - Birmingham,314.0,6.0,106.53,2025-05-16 22:15:30+00:00,0.0,0.0,0.0,0.0
Parfetts - Birmingham,314.0,6.0,106.53,2025-05-16 22:30:30+00:00,0.0,0.0,0.0,0.0
Parfetts - Birmingham,314.0,6.0,106.53,2025-05-16 22:45:30+00:00,0.0,0.0,0.0,0.0
Parfetts - Birmingham,314.0,6.0,106.53,2025-05-16 23:00:30+00:00,0.0,0.0,0.0,0.0
Parfetts - Birmingham,314.0,6.0,106.53,2025-05-16 23:15:30+00:00,0.0,0.0,0.0,0.0
Parfetts - Birmingham,314.0,6.0,106.53,2025-05-16 23:30:30+00:00,0.0,0.0,0.0,0.0
Parfetts - Birmingham,314.0,6.0,106.53,2025-05-16 23:45:30+00:00,0.0,0.0,0.0,0.0
Parfetts - Birmingham,314.0,6.0,106.53,2025-05-17 00:00:30+00:00,0.0,0.0,0.0,0.0
Parfetts - Birmingham,314.0,6.0,106.53,2025-05-17 00:15:30+00:00,0.0,0.0,0.0,0.0
Parfetts - Birmingham,314.0,6.0,106.53,2025-05-17 00:30:30+00:00,0.0,0.0,0.0,0.0
Parfetts - Birmingham,314.0,6.0,106.53,2025-05-17 00:45:30+00:00,0.0,0.0,0.0,0.0
Parfetts - Birmingham,314.0,6.0,106.53,2025-05-17 01:00:30+00:00,0.0,0.0,0.0,0.0
Parfetts - Birmingham,314.0,6.0,106.53,2025-05-17 01:15:30+00:00,0.0,0.0,0.0,0.0
Parfetts - Birmingham,314.0,6.0,106.53,2025-05-17 01:30:30+00:00,0.0,0.0,0.0,0.0
Parfetts - Birmingham,314.0,6.0,106.53,2025-05-17 01:45:30+00:00,0.0,0.0,0.0,0.0
Parfetts - Birmingham,314.0,6.0,106.53,2025-05-17 02:00:30+00:00,0.0,0.0,0.0,0.0
Parfetts - Birmingham,314.0,6.0,106.53,2025-05-17 02:15:30+00:00,0.0,0.0,0.0,0.0
Parfetts - Birmingham,314.0,6.0,106.53,2025-05-17 02:30:30+00:00,0.0,0.0,0.0,0.0
Parfetts - Birmingham,314.0,6.0,106.53,2025-05-17 02:45:30+00:00,0.0,0.0,0.0,0.0
Parfetts - Birmingham,314.0,6.0,106.53,2025-05-17 03:00:30+00:00,0.0,0.0,0.0,0.0
Parfetts - Birmingham,314.0,6.0,106.53,2025-05-17 03:15:30+00:00,0.0,0.0,0.0,0.0
Parfetts - Birmingham,314.0,6.0,106.53,2025-05-17 03:30:30+00:00,0.0,0.0,0.0,0.0
Parfetts - Birmingham,314.0,6.0,106.53,2025-05-17 03:45:30+00:00,0.0,0.0,0.0,0.0
Parfetts - Birmingham,314.0,6.0,106.53,2025-05-17 04:00:30+00:00,0.0,0.0,0.0,0.0
Parfetts - Birmingham,314.0,6.0,106.53,2025-05-17 04:15:30+00:00,0.00075,0.00025,0.002,0.00075
Parfetts - Birmingham,314.0,6.0,106.53,2025-05-17 04:30:30+00:00,0.002,0.0005,0.00475,0.002
Parfetts - Birmingham,314.0,6.0,106.53,2025-05-17 04:45:30+00:00,0.004,0.00125,0.0085,0.004
Parfetts - Birmingham,314.0,6.0,106.53,2025-05-17 05:00:30+00:00,0.0065,0.00175,0.0125,0.0065
Parfetts - Birmingham,314.0,6.0,106.53,2025-05-17 05:15:30+00:00,0.0095,0.0025,0.0165,0.0095
Parfetts - Birmingham,314.0,6.0,106.53,2025-05-17 05:30:30+00:00,0.01225,0.00425,0.02025,0.01225
Parfetts - Birmingham,314.0,6.0,106.53,2025-05-17 05:45:30+00:00,0.01525,0.0065,0.02375,0.01525
Parfetts - Birmingham,314.0,6.0,106.53,2025-05-17 06:00:30+00:00,0.018,0.00875,0.027,0.01825
Parfetts - Birmingham,314.0,6.0,106.53,2025-05-17 06:15:30+00:00,0.0205,0.011,0.02975,0.02075
Parfetts - Birmingham,314.0,6.0,106.53,2025-05-17 06:30:30+00:00,0.02275,0.01325,0.032,0.02325
Parfetts - Birmingham,314.0,6.0,106.53,2025-05-17 06:45:30+00:00,0.0245,0.01525,0.034,0.02475
Parfetts - Birmingham,314.0,6.0,106.53,2025-05-17 07:00:30+00:00,0.0265,0.0175,0.03625,0.02675
Parfetts - Birmingham,314.0,6.0,106.53,2025-05-17 07:15:30+00:00,0.02925,0.0195,0.03875,0.02975
Parfetts - Birmingham,314.0,6.0,106.53,2025-05-17 07:30:30+00:00,0.03175,0.02125,0.04175,0.03225
Parfetts - Birmingham,314.0,6.0,106.53,2025-05-17 07:45:30+00:00,0.03375,0.023,0.04475,0.03425
Parfetts - Birmingham,314.0,6.0,106.53,2025-05-17 08:00:30+00:00,0.03625,0.02475,0.048,0.03675
Parfetts - Birmingham,314.0,6.0,106.53,2025-05-17 08:15:30+00:00,0.039,0.0265,0.05125,0.0395
Parfetts - Birmingham,314.0,6.0,106.53,2025-05-17 08:30:30+00:00,0.04125,0.02775,0.05425,0.042
Parfetts - Birmingham,314.0,6.0,106.53,2025-05-17 08:45:30+00:00,0.04275,0.0285,0.058,0.0435
Parfetts - Birmingham,314.0,6.0,106.53,2025-05-17 09:00:30+00:00,0.04525,0.02725,0.06225,0.046
Parfetts - Birmingham,314.0,6.0,106.53,2025-05-17 09:15:30+00:00,0.046,0.0245,0.0655,0.04675
Parfetts - Birmingham,314.0,6.0,106.53,2025-05-17 09:30:30+00:00,0.04375,0.0205,0.066,0.0445
Parfetts - Birmingham,314.0,6.0,106.53,2025-05-17 09:45:30+00:00,0.0395,0.01775,0.064,0.04025
Parfetts - Birmingham,314.0,6.0,106.53,2025-05-17 10:00:30+00:00,0.039,0.0175,0.063,0.0395
Parfetts - Birmingham,314.0,6.0,106.53,2025-05-17 10:15:30+00:00,0.04175,0.01975,0.065,0.0425
Parfetts - Birmingham,314.0,6.0,106.53,2025-05-17 10:30:30+00:00,0.04625,0.023,0.06925,0.04675
Parfetts - Birmingham,314.0,6.0,106.53,2025-05-17 10:45:30+00:00,0.05025,0.027,0.0725,0.051
Parfetts - Birmingham,314.0,6.0,106.53,2025-05-17 11:00:30+00:00,0.05225,0.03075,0.07425,0.053
Parfetts - Birmingham,314.0,6.0,106.53,2025-05-17 11:15:30+00:00,0.0545,0.03275,0.07525,0.05525
Parfetts - Birmingham,314.0,6.0,106.53,2025-05-17 11:30:30+00:00,0.055,0.03325,0.078,0.05575
Parfetts - Birmingham,314.0,6.0,106.53,2025-05-17 11:45:30+00:00,0.05675,0.0305,0.08425,0.0575
Parfetts - Birmingham,314.0,6.0,106.53,2025-05-17 12:00:30+00:00,0.06,0.028,0.0945,0.06075
Parfetts - Birmingham,314.0,6.0,106.53,2025-05-17 12:15:30+00:00,0.0665,0.02725,0.10925,0.0675
Parfetts - Birmingham,314.0,6.0,106.53,2025-05-17 12:30:30+00:00,0.07775,0.0275,0.127,0.07875
Parfetts - Birmingham,314.0,6.0,106.53,2025-05-17 12:45:30+00:00,0.0865,0.023,0.15175,0.08775
Parfetts - Birmingham,314.0,6.0,106.53,2025-05-17 13:00:30+00:00,0.097,0.01925,0.18175,0.098
Parfetts - Birmingham,314.0,6.0,106.53,2025-05-17 13:15:30+00:00,0.115,0.02625,0.21525,0.11625
Parfetts - Birmingham,314.0,6.0,106.53,2025-05-17 13:30:30+00:00,0.1495,0.051,0.22325,0.1505
Parfetts - Birmingham,314.0,6.0,106.53,2025-05-17 13:45:30+00:00,0.179,0.09,0.21925,0.1795
Parfetts - Birmingham,314.0,6.0,106.53,2025-05-17 14:00:30+00:00,0.1895,0.12725,0.21475,0.1885
Parfetts - Birmingham,314.0,6.0,106.53,2025-05-17 14:15:30+00:00,0.189,0.156,0.2095,0.18675
Parfetts - Birmingham,314.0,6.0,106.53,2025-05-17 14:30:30+00:00,0.185,0.1695,0.19975,0.1815
Parfetts - Birmingham,314.0,6.0,106.53,2025-05-17 14:45:30+00:00,0.1795,0.1705,0.188,0.1745
Parfetts - Birmingham,314.0,6.0,106.53,2025-05-17 15:00:30+00:00,0.17325,0.166,0.18,0.16675
Parfetts - Birmingham,314.0,6.0,106.53,2025-05-17 15:15:30+00:00,0.16625,0.1595,0.17275,0.15875
Parfetts - Birmingham,314.0,6.0,106.53,2025-05-17 15:30:30+00:00,0.15875,0.152,0.165,0.15
Parfetts - Birmingham,314.0,6.0,106.53,2025-05-17 15:45:30+00:00,0.15075,0.1445,0.15675,0.14075
Parfetts - Birmingham,314.0,6.0,106.53,2025-05-17 16:00:30+00:00,0.1425,0.13675,0.14825,0.13175
Parfetts - Birmingham,314.0,6.0,106.53,2025-05-17 16:15:30+00:00,0.134,0.1285,0.13925,0.12225
Parfetts - Birmingham,314.0,6.0,106.53,2025-05-17 16:30:30+00:00,0.125,0.11975,0.13025,0.1125
Parfetts - Birmingham,314.0,6.0,106.53,2025-05-17 16:45:30+00:00,0.11575,0.1105,0.12075,0.1025
Parfetts - Birmingham,314.0,6.0,106.53,2025-05-17 17:00:30+00:00,0.10625,0.1005,0.11175,0.0925
Parfetts - Birmingham,314.0,6.0,106.53,2025-05-17 17:15:30+00:00,0.0965,0.08975,0.10325,0.0825
Parfetts - Birmingham,314.0,6.0,106.53,2025-05-17 17:30:30+00:00,0.08675,0.0785,0.09525,0.0725
Parfetts - Birmingham,314.0,6.0,106.53,2025-05-17 17:45:30+00:00,0.07675,0.06725,0.08575,0.0625
Parfetts - Birmingham,314.0,6.0,106.53,2025-05-17 18:00:30+00:00,0.06675,0.05625,0.075,0.05275
Parfetts - Birmingham,314.0,6.0,106.53,2025-05-17 18:15:30+00:00,0.0565,0.04575,0.06375,0.043
Parfetts - Birmingham,314.0,6.0,106.53,2025-05-17 18:30:30+00:00,0.04625,0.03575,0.05275,0.03375
Parfetts - Birmingham,314.0,6.0,106.53,2025-05-17 18:45:30+00:00,0.03525,0.02575,0.041,0.02475
Parfetts - Birmingham,314.0,6.0,106.53,2025-05-17 19:00:30+00:00,0.02475,0.0175,0.02975,0.0165
Parfetts - Birmingham,314.0,6.0,106.53,2025-05-17 19:15:30+00:00,0.01525,0.0105,0.01875,0.00925
Parfetts - Birmingham,314.0,6.0,106.53,2025-05-17 19:30:30+00:00,0.005,0.004,0.00625,0.00375
Parfetts - Birmingham,314.0,6.0,106.53,2025-05-17 19:45:30+00:00,0.00125,0.001,0.00175,0.0015
Parfetts - Birmingham,314.0,6.0,106.53,2025-05-17 20:00:30+00:00,0.0,0.0,0.0,0.0
Parfetts - Birmingham,314.0,6.0,106.53,2025-05-17 20:15:30+00:00,0.0,0.0,0.0,0.0
Parfetts - Birmingham,314.0,6.0,106.53,2025-05-17 20:30:30+00:00,0.0,0.0,0.0,0.0
Parfetts - Birmingham,314.0,6.0,106.53,2025-05-17 20:45:30+00:00,0.0,0.0,0.0,0.0
Parfetts - Birmingham,314.0,6.0,106.53,2025-05-17 21:00:30+00:00,0.0,0.0,0.0,0.0
Parfetts - Birmingham,314.0,6.0,106.53,2025-05-17 21:15:30+00:00,0.0,0.0,0.0,0.0
Parfetts - Birmingham,314.0,6.0,106.53,2025-05-17 21:30:30+00:00,0.0,0.0,0.0,0.0
Parfetts - Birmingham,314.0,6.0,106.53,2025-05-17 21:45:30+00:00,0.0,0.0,0.0,0.0
Parfetts - Birmingham,314.0,6.0,106.53,2025-05-17 22:00:30+00:00,0.0,0.0,0.0,0.0
Parfetts - Birmingham,314.0,6.0,106.53,2025-05-17 22:15:30+00:00,0.0,0.0,0.0,0.0
Parfetts - Birmingham,314.0,6.0,106.53,2025-05-17 22:30:30+00:00,0.0,0.0,0.0,0.0
Parfetts - Birmingham,314.0,6.0,106.53,2025-05-17 22:45:30+00:00,0.0,0.0,0.0,0.0
Parfetts - Birmingham,314.0,6.0,106.53,2025-05-17 23:00:30+00:00,0.0,0.0,0.0,0.0
Parfetts - Birmingham,314.0,6.0,106.53,2025-05-17 23:15:30+00:00,0.0,0.0,0.0,0.0
Parfetts - Birmingham,314.0,6.0,106.53,2025-05-17 23:30:30+00:00,0.0,0.0,0.0,0.0
Parfetts - Birmingham,314.0,6.0,106.53,2025-05-17 23:45:30+00:00,0.0,0.0,0.0,0.0
Parfetts - Birmingham,314.0,6.0,106.53,2025-05-18 00:00:30+00:00,0.0,0.0,0.0,0.0
Parfetts - Birmingham,314.0,6.0,106.53,2025-05-18 00:15:30+00:00,0.0,0.0,0.0,0.0
Parfetts - Birmingham,314.0,6.0,106.53,2025-05-18 00:30:30+00:00,0.0,0.0,0.0,0.0
Parfetts - Birmingham,314.0,6.0,106.53,2025-05-18 00:45:30+00:00,0.0,0.0,0.0,0.0
Parfetts - Birmingham,314.0,6.0,106.53,2025-05-18 01:00:30+00:00,0.0,0.0,0.0,0.0
Parfetts - Birmingham,314.0,6.0,106.53,2025-05-18 01:15:30+00:00,0.0,0.0,0.0,0.0
Parfetts - Birmingham,314.0,6.0,106.53,2025-05-18 01:30:30+00:00,0.0,0.0,0.0,0.0
Parfetts - Birmingham,314.0,6.0,106.53,2025-05-18 01:45:30+00:00,0.0,0.0,0.0,0.0
Parfetts - Birmingham,314.0,6.0,106.53,2025-05-18 02:00:30+00:00,0.0,0.0,0.0,0.0
Parfetts - Birmingham,314.0,6.0,106.53,2025-05-18 02:15:30+00:00,0.0,0.0,0.0,0.0
Parfetts - Birmingham,314.0,6.0,106.53,2025-05-18 02:30:30+00:00,0.0,0.0,0.0,0.0
Parfetts - Birmingham,314.0,6.0,106.53,2025-05-18 02:45:30+00:00,0.0,0.0,0.0,0.0
Parfetts - Birmingham,314.0,6.0,106.53,2025-05-18 03:00:30+00:00,0.0,0.0,0.0,0.0
Parfetts - Birmingham,314.0,6.0,106.53,2025-05-18 03:15:30+00:00,0.0,0.0,0.0,0.0
Parfetts - Birmingham,314.0,6.0,106.53,2025-05-18 03:30:30+00:00,0.0,0.0,0.0,0.0
Parfetts - Birmingham,314.0,6.0,106.53,2025-05-18 03:45:30+00:00,0.0,0.0,0.0,0.0
Parfetts - Birmingham,314.0,6.0,106.53,2025-05-18 04:00:30+00:00,0.00075,0.0005,0.001,0.00075
Parfetts - Birmingham,314.0,6.0,106.53,2025-05-18 04:15:30+00:00,0.00175,0.00125,0.00275,0.00175
Parfetts - Birmingham,314.0,6.0,106.53,2025-05-18 04:30:30+00:00,0.005,0.00275,0.0075,0.00525
Parfetts - Birmingham,314.0,6.0,106.53,2025-05-18 04:45:30+00:00,0.009,0.0045,0.013,0.01025
Parfetts - Birmingham,314.0,6.0,106.53,2025-05-18 05:00:30+00:00,0.013,0.00625,0.01875,0.014
Parfetts - Birmingham,314.0,6.0,106.53,2025-05-18 05:15:30+00:00,0.016,0.0085,0.025,0.01675
Parfetts - Birmingham,314.0,6.0,106.53,2025-05-18 05:30:30+00:00,0.02075,0.012,0.03225,0.022
Parfetts - Birmingham,314.0,6.0,106.53,2025-05-18 05:45:30+00:00,0.0285,0.01775,0.04075,0.03075
Parfetts - Birmingham,314.0,6.0,106.53,2025-05-18 06:00:30+00:00,0.03775,0.0255,0.04775,0.042
Parfetts - Birmingham,314.0,6.0,106.53,2025-05-18 06:15:30+00:00,0.04475,0.03375,0.0545,0.04925
Parfetts - Birmingham,314.0,6.0,106.53,2025-05-18 06:30:30+00:00,0.04975,0.04125,0.06075,0.0545
Parfetts - Birmingham,314.0,6.0,106.53,2025-05-18 06:45:30+00:00,0.05775,0.04825,0.0695,0.06325
Parfetts - Birmingham,314.0,6.0,106.53,2025-05-18 07:00:30+00:00,0.068,0.055,0.08025,0.07525
Parfetts - Birmingham,314.0,6.0,106.53,2025-05-18 07:15:30+00:00,0.07725,0.0625,0.09175,0.0855
Parfetts - Birmingham,314.0,6.0,106.53,2025-05-18 07:30:30+00:00,0.08575,0.07075,0.103,0.0945
Parfetts - Birmingham,314.0,6.0,106.53,2025-05-18 07:45:30+00:00,0.097,0.08075,0.114,0.10725
Parfetts - Birmingham,314.0,6.0,106.53,2025-05-18 08:00:30+00:00,0.10875,0.0925,0.1235,0.121
Parfetts - Birmingham,314.0,6.0,106.53,2025-05-18 08:15:30+00:00,0.11825,0.10525,0.1305,0.1315
Parfetts - Birmingham,314.0,6.0,106.53,2025-05-18 08:30:30+00:00,0.12675,0.1165,0.135,0.14025
Parfetts - Birmingham,314.0,6.0,106.53,2025-05-18 08:45:30+00:00,0.13275,0.126,0.1405,0.14625
Parfetts - Birmingham,314.0,6.0,106.53,2025-05-18 09:00:30+00:00,0.14025,0.13275,0.14675,0.154
Parfetts - Birmingham,314.0,6.0,106.53,2025-05-18 09:15:30+00:00,0.14625,0.13875,0.1545,0.16
Parfetts - Birmingham,314.0,6.0,106.53,2025-05-18 09:30:30+00:00,0.15325,0.1445,0.16175,0.16675
Parfetts - Birmingham,314.0,6.0,106.53,2025-05-18 09:45:30+00:00,0.16,0.15075,0.1695,0.1735
Parfetts - Birmingham,314.0,6.0,106.53,2025-05-18 10:00:30+00:00,0.16725,0.156,0.175,0.18075
Parfetts - Birmingham,314.0,6.0,106.53,2025-05-18 10:15:30+00:00,0.1695,0.16075,0.18,0.18225
Parfetts - Birmingham,314.0,6.0,106.53,2025-05-18 10:30:30+00:00,0.17425,0.16225,0.1875,0.1865
Parfetts - Birmingham,314.0,6.0,106.53,2025-05-18 10:45:30+00:00,0.1805,0.163,0.1965,0.1925
Parfetts - Birmingham,314.0,6.0,106.53,2025-05-18 11:00:30+00:00,0.18475,0.16675,0.20725,0.19625
Parfetts - Birmingham,314.0,6.0,106.53,2025-05-18 11:15:30+00:00,0.195,0.17275,0.2145,0.207
Parfetts - Birmingham,314.0,6.0,106.53,2025-05-18 11:30:30+00:00,0.2015,0.18225,0.218,0.213
Parfetts - Birmingham,314.0,6.0,106.53,2025-05-18 11:45:30+00:00,0.20375,0.1895,0.2175,0.21425
Parfetts - Birmingham,314.0,6.0,106.53,2025-05-18 12:00:30+00:00,0.205,0.19475,0.21575,0.2145
Parfetts - Birmingham,314.0,6.0,106.53,2025-05-18 12:15:30+00:00,0.20675,0.19675,0.21525,0.21525
Parfetts - Birmingham,314.0,6.0,106.53,2025-05-18 12:30:30+00:00,0.20625,0.197,0.216,0.21325
Parfetts - Birmingham,314.0,6.0,106.53,2025-05-18 12:45:30+00:00,0.2065,0.1965,0.21575,0.21225
Parfetts - Birmingham,314.0,6.0,106.53,2025-05-18 13:00:30+00:00,0.20575,0.196,0.21475,0.21025
Parfetts - Birmingham,314.0,6.0,106.53,2025-05-18 13:15:30+00:00,0.204,0.19175,0.21575,0.20725
Parfetts - Birmingham,314.0,6.0,106.53,2025-05-18 13:30:30+00:00,0.20125,0.1835,0.2175,0.20325
Parfetts - Birmingham,314.0,6.0,106.53,2025-05-18 13:45:30+00:00,0.196,0.172,0.216,0.1965
Parfetts - Birmingham,314.0,6.0,106.53,2025-05-18 14:00:30+00:00,0.184,0.161,0.208,0.183
Parfetts - Birmingham,314.0,6.0,106.53,2025-05-18 14:15:30+00:00,0.1725,0.15425,0.195,0.1705
Parfetts - Birmingham,314.0,6.0,106.53,2025-05-18 14:30:30+00:00,0.16725,0.15175,0.186,0.16425
Parfetts - Birmingham,314.0,6.0,106.53,2025-05-18 14:45:30+00:00,0.1665,0.1515,0.1805,0.16225
Parfetts - Birmingham,314.0,6.0,106.53,2025-05-18 15:00:30+00:00,0.16425,0.15,0.17525,0.1585
Parfetts - Birmingham,314.0,6.0,106.53,2025-05-18 15:15:30+00:00,0.1565,0.14475,0.168,0.1495
Parfetts - Birmingham,314.0,6.0,106.53,2025-05-18 15:30:30+00:00,0.1475,0.13625,0.1605,0.14025
Parfetts - Birmingham,314.0,6.0,106.53,2025-05-18 15:45:30+00:00,0.1415,0.12425,0.1545,0.133
Parfetts - Birmingham,314.0,6.0,106.53,2025-05-18 16:00:30+00:00,0.12875,0.1115,0.14625,0.12025
Parfetts - Birmingham,314.0,6.0,106.53,2025-05-18 16:15:30+00:00,0.11575,0.098,0.135,0.107
Parfetts - Birmingham,314.0,6.0,106.53,2025-05-18 16:30:30+00:00,0.10375,0.08725,0.1215,0.096
Parfetts - Birmingham,314.0,6.0,106.53,2025-05-18 16:45:30+00:00,0.09375,0.0775,0.10875,0.08575
Parfetts - Birmingham,314.0,6.0,106.53,2025-05-18 17:00:30+00:00,0.081,0.06875,0.096,0.07375
Parfetts - Birmingham,314.0,6.0,106.53,2025-05-18 17:15:30+00:00,0.07175,0.06175,0.08775,0.06475
Parfetts - Birmingham,314.0,6.0,106.53,2025-05-18 17:30:30+00:00,0.07275,0.0565,0.082,0.064
Parfetts - Birmingham,314.0,6.0,106.53,2025-05-18 17:45:30+00:00,0.0625,0.04975,0.0755,0.05375
Parfetts - Birmingham,314.0,6.0,106.53,2025-05-18 18:00:30+00:00,0.0515,0.039,0.06525,0.0435
Parfetts - Birmingham,314.0,6.0,106.53,2025-05-18 18:15:30+00:00,0.04225,0.0295,0.05475,0.035
Parfetts - Birmingham,314.0,6.0,106.53,2025-05-18 18:30:30+00:00,0.032,0.0215,0.04325,0.026
Parfetts - Birmingham,314.0,6.0,106.53,2025-05-18 18:45:30+00:00,0.02225,0.01475,0.032,0.01825
Parfetts - Birmingham,314.0,6.0,106.53,2025-05-18 19:00:30+00:00,0.01625,0.00975,0.023,0.01275
Parfetts - Birmingham,314.0,6.0,106.53,2025-05-18 19:15:30+00:00,0.0095,0.00575,0.014,0.00775
Parfetts - Birmingham,314.0,6.0,106.53,2025-05-18 19:30:30+00:00,0.0035,0.0025,0.00525,0.00325
Parfetts - Birmingham,314.0,6.0,106.53,2025-05-18 19:45:30+00:00,0.00125,0.00075,0.00175,0.00125
Parfetts - Birmingham,314.0,6.0,106.53,2025-05-18 20:00:30+00:00,0.0,0.0,0.0,0.0
Parfetts - Birmingham,314.0,6.0,106.53,2025-05-18 20:15:30+00:00,0.0,0.0,0.0,0.0
Parfetts - Birmingham,314.0,6.0,106.53,2025-05-18 20:30:30+00:00,0.0,0.0,0.0,0.0
Parfetts - Birmingham,314.0,6.0,106.53,2025-05-18 20:45:30+00:00,0.0,0.0,0.0,0.0
Parfetts - Birmingham,314.0,6.0,106.53,2025-05-18 21:00:30+00:00,0.0,0.0,0.0,0.0
Parfetts - Birmingham,314.0,6.0,106.53,2025-05-18 21:15:30+00:00,0.0,0.0,0.0,0.0
Parfetts - Birmingham,314.0,6.0,106.53,2025-05-18 21:30:30+00:00,0.0,0.0,0.0,0.0
Parfetts - Birmingham,314.0,6.0,106.53,2025-05-18 21:45:30+00:00,0.0,0.0,0.0,0.0
Parfetts - Birmingham,314.0,6.0,106.53,2025-05-18 22:00:30+00:00,0.0,0.0,0.0,0.0
Parfetts - Birmingham,314.0,6.0,106.53,2025-05-18 22:15:30+00:00,0.0,0.0,0.0,0.0
Parfetts - Birmingham,314.0,6.0,106.53,2025-05-18 22:30:30+00:00,0.0,0.0,0.0,0.0
Parfetts - Birmingham,314.0,6.0,106.53,2025-05-18 22:45:30+00:00,0.0,0.0,0.0,0.0
Parfetts - Birmingham,314.0,6.0,106.53,2025-05-18 23:00:30+00:00,0.0,0.0,0.0,0.0
Parfetts - Birmingham,314.0,6.0,106.53,2025-05-18 23:15:30+00:00,0.0,0.0,0.0,0.0
Parfetts - Birmingham,314.0,6.0,106.53,2025-05-18 23:30:30+00:00,0.0,0.0,0.0,0.0
Parfetts - Birmingham,314.0,6.0,106.53,2025-05-18 23:45:30+00:00,0.0,0.0,0.0,0.0
Parfetts - Birmingham,314.0,6.0,106.53,2025-05-19 00:00:30+00:00,0.0,0.0,0.0,0.0
Parfetts - Birmingham,314.0,6.0,106.53,2025-05-19 00:15:30+00:00,0.0,0.0,0.0,0.0
Parfetts - Birmingham,314.0,6.0,106.53,2025-05-19 00:30:30+00:00,0.0,0.0,0.0,0.0
Parfetts - Birmingham,314.0,6.0,106.53,2025-05-19 00:45:30+00:00,0.0,0.0,0.0,0.0
Parfetts - Birmingham,314.0,6.0,106.53,2025-05-19 01:00:30+00:00,0.0,0.0,0.0,0.0
Parfetts - Birmingham,314.0,6.0,106.53,2025-05-19 01:15:30+00:00,0.0,0.0,0.0,0.0
Parfetts - Birmingham,314.0,6.0,106.53,2025-05-19 01:30:30+00:00,0.0,0.0,0.0,0.0
Parfetts - Birmingham,314.0,6.0,106.53,2025-05-19 01:45:30+00:00,0.0,0.0,0.0,0.0
Parfetts - Birmingham,314.0,6.0,106.53,2025-05-19 02:00:30+00:00,0.0,0.0,0.0,0.0
Parfetts - Birmingham,314.0,6.0,106.53,2025-05-19 02:15:30+00:00,0.0,0.0,0.0,0.0
Parfetts - Birmingham,314.0,6.0,106.53,2025-05-19 02:30:30+00:00,0.0,0.0,0.0,0.0
Parfetts - Birmingham,314.0,6.0,106.53,2025-05-19 02:45:30+00:00,0.0,0.0,0.0,0.0
Parfetts - Birmingham,314.0,6.0,106.53,2025-05-19 03:00:30+00:00,0.0,0.0,0.0,0.0
Parfetts - Birmingham,314.0,6.0,106.53,2025-05-19 03:15:30+00:00,0.0,0.0,0.0,0.0
Parfetts - Birmingham,314.0,6.0,106.53,2025-05-19 03:30:30+00:00,0.0,0.0,0.0,0.0
Parfetts - Birmingham,314.0,6.0,106.53,2025-05-19 03:45:30+00:00,0.0,0.0,0.0,0.0
Parfetts - Birmingham,314.0,6.0,106.53,2025-05-19 04:00:30+00:00,0.0005,0.00025,0.001,0.0005
Parfetts - Birmingham,314.0,6.0,106.53,2025-05-19 04:15:30+00:00,0.0015,0.001,0.0025,0.0015
Parfetts - Birmingham,314.0,6.0,106.53,2025-05-19 04:30:30+00:00,0.0045,0.00225,0.00725,0.0045
Parfetts - Birmingham,314.0,6.0,106.53,2025-05-19 04:45:30+00:00,0.00825,0.00525,0.0135,0.00875
Parfetts - Birmingham,314.0,6.0,106.53,2025-05-19 05:00:30+00:00,0.015,0.00875,0.01975,0.01675
Parfetts - Birmingham,314.0,6.0,106.53,2025-05-19 05:15:30+00:00,0.0215,0.012,0.0275,0.024
Parfetts - Birmingham,314.0,6.0,106.53,2025-05-19 05:30:30+00:00,0.02475,0.0135,0.0355,0.027
Parfetts - Birmingham,314.0,6.0,106.53,2025-05-19 05:45:30+00:00,0.0275,0.0145,0.0415,0.02925
Parfetts - Birmingham,314.0,6.0,106.53,2025-05-19 06:00:30+00:00,0.03125,0.01575,0.05075,0.033
Parfetts - Birmingham,314.0,6.0,106.53,2025-05-19 06:15:30+00:00,0.04,0.0215,0.065,0.043
Parfetts - Birmingham,314.0,6.0,106.53,2025-05-19 06:30:30+00:00,0.0565,0.031,0.07225,0.0625
Parfetts - Birmingham,314.0,6.0,106.53,2025-05-19 06:45:30+00:00,0.07025,0.0475,0.08075,0.07875
Parfetts - Birmingham,314.0,6.0,106.53,2025-05-19 07:00:30+00:00,0.07975,0.06475,0.08975,0.09
Parfetts - Birmingham,314.0,6.0,106.53,2025-05-19 07:15:30+00:00,0.08875,0.0805,0.09675,0.09975
Parfetts - Birmingham,314.0,6.0,106.53,2025-05-19 07:30:30+00:00,0.09775,0.09025,0.1045,0.10975
Parfetts - Birmingham,314.0,6.0,106.53,2025-05-19 07:45:30+00:00,0.106,0.09575,0.1155,0.1185
Parfetts - Birmingham,314.0,6.0,106.53,2025-05-19 08:00:30+00:00,0.113,0.09575,0.12775,0.12575
Parfetts - Birmingham,314.0,6.0,106.53,2025-05-19 08:15:30+00:00,0.11625,0.0945,0.138,0.1285
Parfetts - Birmingham,314.0,6.0,106.53,2025-05-19 08:30:30+00:00,0.12075,0.09275,0.145,0.132
Parfetts - Birmingham,314.0,6.0,106.53,2025-05-19 08:45:30+00:00,0.11875,0.09425,0.14575,0.1285
Parfetts - Birmingham,314.0,6.0,106.53,2025-05-19 09:00:30+00:00,0.12025,0.0995,0.14375,0.1285
Parfetts - Birmingham,314.0,6.0,106.53,2025-05-19 09:15:30+00:00,0.12425,0.1045,0.148,0.133
Parfetts - Birmingham,314.0,6.0,106.53,2025-05-19 09:30:30+00:00,0.1345,0.11225,0.158,0.14425
Parfetts - Birmingham,314.0,6.0,106.53,2025-05-19 09:45:30+00:00,0.14625,0.1225,0.171,0.15675
Parfetts - Birmingham,314.0,6.0,106.53,2025-05-19 10:00:30+00:00,0.1585,0.1295,0.1805,0.17
Parfetts - Birmingham,314.0,6.0,106.53,2025-05-19 10:15:30+00:00,0.16075,0.13075,0.1845,0.172
Parfetts - Birmingham,314.0,6.0,106.53,2025-05-19 10:30:30+00:00,0.15425,0.116,0.19375,0.16325
Parfetts - Birmingham,314.0,6.0,106.53,2025-05-19 10:45:30+00:00,0.14825,0.09925,0.20525,0.156
Parfetts - Birmingham,314.0,6.0,106.53,2025-05-19 11:00:30+00:00,0.153,0.077,0.20675,0.1605
Parfetts - Birmingham,314.0,6.0,106.53,2025-05-19 11:15:30+00:00,0.12475,0.05475,0.19825,0.12925
Parfetts - Birmingham,314.0,6.0,106.53,2025-05-19 11:30:30+00:00,0.1,0.03475,0.1825,0.10225
Parfetts - Birmingham,314.0,6.0,106.53,2025-05-19 11:45:30+00:00,0.099,0.046,0.20025,0.10125
Parfetts - Birmingham,314.0,6.0,106.53,2025-05-19 12:00:30+00:00,0.16775,0.05975,0.21225,0.17375
Parfetts - Birmingham,314.0,6.0,106.53,2025-05-19 12:15:30+00:00,0.1425,0.0695,0.21675,0.14625
Parfetts - Birmingham,314.0,6.0,106.53,2025-05-19 12:30:30+00:00,0.1175,0.06,0.18575,0.11975
Parfetts - Birmingham,314.0,6.0,106.53,2025-05-19 12:45:30+00:00,0.107,0.068,0.156,0.1085
Parfetts - Birmingham,314.0,6.0,106.53,2025-05-19 13:00:30+00:00,0.11025,0.07575,0.13825,0.11175
Parfetts - Birmingham,314.0,6.0,106.53,2025-05-19 13:15:30+00:00,0.10325,0.077,0.141,0.10425
Parfetts - Birmingham,314.0,6.0,106.53,2025-05-19 13:30:30+00:00,0.11275,0.06175,0.14175,0.1135
Parfetts - Birmingham,314.0,6.0,106.53,2025-05-19 13:45:30+00:00,0.08875,0.0465,0.1355,0.08925
Parfetts - Birmingham,314.0,6.0,106.53,2025-05-19 14:00:30+00:00,0.07075,0.043,0.12725,0.07125
Parfetts - Birmingham,314.0,6.0,106.53,2025-05-19 14:15:30+00:00,0.09625,0.04,0.11975,0.09625
Parfetts - Birmingham,314.0,6.0,106.53,2025-05-19 14:30:30+00:00,0.07175,0.038,0.11425,0.07175
Parfetts - Birmingham,314.0,6.0,106.53,2025-05-19 14:45:30+00:00,0.0595,0.01625,0.11525,0.0595
Parfetts - Birmingham,314.0,6.0,106.53,2025-05-19 15:00:30+00:00,0.0655,0.013,0.12975,0.06575
Parfetts - Birmingham,314.0,6.0,106.53,2025-05-19 15:15:30+00:00,0.08425,0.021,0.1555,0.083
Parfetts - Birmingham,314.0,6.0,106.53,2025-05-19 15:30:30+00:00,0.1155,0.045,0.16025,0.112
Parfetts - Birmingham,314.0,6.0,106.53,2025-05-19 15:45:30+00:00,0.106,0.06925,0.14575,0.1025
Parfetts - Birmingham,314.0,6.0,106.53,2025-05-19 16:00:30+00:00,0.101,0.0795,0.12575,0.09675
Parfetts - Birmingham,314.0,6.0,106.53,2025-05-19 16:15:30+00:00,0.101,0.0815,0.11275,0.09575
Parfetts - Birmingham,314.0,6.0,106.53,2025-05-19 16:30:30+00:00,0.08875,0.075,0.1095,0.084
Parfetts - Birmingham,314.0,6.0,106.53,2025-05-19 16:45:30+00:00,0.0885,0.07,0.1075,0.08175
Parfetts - Birmingham,314.0,6.0,106.53,2025-05-19 17:00:30+00:00,0.0885,0.07025,0.10225,0.08
Parfetts - Birmingham,314.0,6.0,106.53,2025-05-19 17:15:30+00:00,0.081,0.0595,0.096,0.07225
Parfetts - Birmingham,314.0,6.0,106.53,2025-05-19 17:30:30+00:00,0.07225,0.0435,0.085,0.06375
Parfetts - Birmingham,314.0,6.0,106.53,2025-05-19 17:45:30+00:00,0.05525,0.02,0.0725,0.0495
Parfetts - Birmingham,314.0,6.0,106.53,2025-05-19 18:00:30+00:00,0.027,0.0055,0.05675,0.02575
Parfetts - Birmingham,314.0,6.0,106.53,2025-05-19 18:15:30+00:00,0.01025,0.00325,0.03825,0.01025
Parfetts - Birmingham,314.0,6.0,106.53,2025-05-19 18:30:30+00:00,0.01625,0.00325,0.03275,0.01525
Parfetts - Birmingham,314.0,6.0,106.53,2025-05-19 18:45:30+00:00,0.018,0.0035,0.02975,0.016
Parfetts - Birmingham,314.0,6.0,106.53,2025-05-19 19:00:30+00:00,0.01325,0.00475,0.02025,0.012
Parfetts - Birmingham,314.0,6.0,106.53,2025-05-19 19:15:30+00:00,0.00775,0.004,0.0115,0.00725
Parfetts - Birmingham,314.0,6.0,106.53,2025-05-19 19:30:30+00:00,0.003,0.00225,0.0045,0.003
Parfetts - Birmingham,314.0,6.0,106.53,2025-05-19 19:45:30+00:00,0.00125,0.00075,0.00175,0.00125
Parfetts - Birmingham,314.0,6.0,106.53,2025-05-19 20:00:30+00:00,0.0,0.0,0.0,0.0
Parfetts - Birmingham,314.0,6.0,106.53,2025-05-19 20:15:30+00:00,0.0,0.0,0.0,0.0
Parfetts - Birmingham,314.0,6.0,106.53,2025-05-19 20:30:30+00:00,0.0,0.0,0.0,0.0
Parfetts - Birmingham,314.0,6.0,106.53,2025-05-19 20:45:30+00:00,0.0,0.0,0.0,0.0
Parfetts - Birmingham,314.0,6.0,106.53,2025-05-19 21:00:30+00:00,0.0,0.0,0.0,0.0
Parfetts - Birmingham,314.0,6.0,106.53,2025-05-19 21:15:30+00:00,0.0,0.0,0.0,0.0
Parfetts - Birmingham,314.0,6.0,106.53,2025-05-19 21:30:30+00:00,0.0,0.0,0.0,0.0
Parfetts - Birmingham,314.0,6.0,106.53,2025-05-19 21:45:30+00:00,0.0,0.0,0.0,0.0
Parfetts - Birmingham,314.0,6.0,106.53,2025-05-19 22:00:30+00:00,0.0,0.0,0.0,0.0
Parfetts - Birmingham,314.0,6.0,106.53,2025-05-19 22:15:30+00:00,0.0,0.0,0.0,0.0
Parfetts - Birmingham,314.0,6.0,106.53,2025-05-19 22:30:30+00:00,0.0,0.0,0.0,0.0
Parfetts - Birmingham,314.0,6.0,106.53,2025-05-19 22:45:30+00:00,0.0,0.0,0.0,0.0
Parfetts - Birmingham,314.0,6.0,106.53,2025-05-19 23:00:30+00:00,0.0,0.0,0.0,0.0
Parfetts - Birmingham,314.0,6.0,106.53,2025-05-19 23:15:30+00:00,0.0,0.0,0.0,0.0
Parfetts - Birmingham,314.0,6.0,106.53,2025-05-19 23:30:30+00:00,0.0,0.0,0.0,0.0
Parfetts - Birmingham,314.0,6.0,106.53,2025-05-19 23:45:30+00:00,0.0,0.0,0.0,0.0
Parfetts - Birmingham,314.0,6.0,106.53,2025-05-20 00:00:30+00:00,0.0,0.0,0.0,0.0
Parfetts - Birmingham,314.0,6.0,106.53,2025-05-20 00:15:30+00:00,0.0,0.0,0.0,0.0
Parfetts - Birmingham,314.0,6.0,106.53,2025-05-20 00:30:30+00:00,0.0,0.0,0.0,0.0
Parfetts - Birmingham,314.0,6.0,106.53,2025-05-20 00:45:30+00:00,0.0,0.0,0.0,0.0
Parfetts - Birmingham,314.0,6.0,106.53,2025-05-20 01:00:30+00:00,0.0,0.0,0.0,0.0
Parfetts - Birmingham,314.0,6.0,106.53,2025-05-20 01:15:30+00:00,0.0,0.0,0.0,0.0
Parfetts - Birmingham,314.0,6.0,106.53,2025-05-20 01:30:30+00:00,0.0,0.0,0.0,0.0
Parfetts - Birmingham,314.0,6.0,106.53,2025-05-20 01:45:30+00:00,0.0,0.0,0.0,0.0
Parfetts - Birmingham,314.0,6.0,106.53,2025-05-20 02:00:30+00:00,0.0,0.0,0.0,0.0
Parfetts - Birmingham,314.0,6.0,106.53,2025-05-20 02:15:30+00:00,0.0,0.0,0.0,0.0
Parfetts - Birmingham,314.0,6.0,106.53,2025-05-20 02:30:30+00:00,0.0,0.0,0.0,0.0
Parfetts - Birmingham,314.0,6.0,106.53,2025-05-20 02:45:30+00:00,0.0,0.0,0.0,0.0
Parfetts - Birmingham,314.0,6.0,106.53,2025-05-20 03:00:30+00:00,0.0,0.0,0.0,0.0
Parfetts - Birmingham,314.0,6.0,106.53,2025-05-20 03:15:30+00:00,0.0,0.0,0.0,0.0
Parfetts - Birmingham,314.0,6.0,106.53,2025-05-20 03:30:30+00:00,0.0,0.0,0.0,0.0
Parfetts - Birmingham,314.0,6.0,106.53,2025-05-20 03:45:30+00:00,0.0,0.0,0.0,0.0
Parfetts - Birmingham,314.0,6.0,106.53,2025-05-20 04:00:30+00:00,0.0,0.0,0.0,0.0
Parfetts - Birmingham,314.0,6.0,106.53,2025-05-20 04:15:30+00:00,0.00025,0.00025,0.00125,0.00025
Parfetts - Birmingham,314.0,6.0,106.53,2025-05-20 04:30:30+00:00,0.001,0.0005,0.004,0.001
Parfetts - Birmingham,314.0,6.0,106.53,2025-05-20 04:45:30+00:00,0.00275,0.001,0.0105,0.00275
Parfetts - Birmingham,314.0,6.0,106.53,2025-05-20 05:00:30+00:00,0.00675,0.00175,0.019,0.00675
Parfetts - Birmingham,314.0,6.0,106.53,2025-05-20 05:15:30+00:00,0.01425,0.00275,0.03025,0.01475
Parfetts - Birmingham,314.0,6.0,106.53,2025-05-20 05:30:30+00:00,0.024,0.00775,0.03775,0.02575
Parfetts - Birmingham,314.0,6.0,106.53,2025-05-20 05:45:30+00:00,0.03525,0.01725,0.045,0.03975
Parfetts - Birmingham,314.0,6.0,106.53,2025-05-20 06:00:30+00:00,0.0445,0.0295,0.05375,0.05025
Parfetts - Birmingham,314.0,6.0,106.53,2025-05-20 06:15:30+00:00,0.05275,0.0425,0.063,0.0595
Parfetts - Birmingham,314.0,6.0,106.53,2025-05-20 06:30:30+00:00,0.062,0.05375,0.0705,0.07025
Parfetts - Birmingham,314.0,6.0,106.53,2025-05-20 06:45:30+00:00,0.0715,0.06425,0.0785,0.08125
Parfetts - Birmingham,314.0,6.0,106.53,2025-05-20 07:00:30+00:00,0.08075,0.0745,0.087,0.09125
Parfetts - Birmingham,314.0,6.0,106.53,2025-05-20 07:15:30+00:00,0.08975,0.0845,0.095,0.10125
Parfetts - Birmingham,314.0,6.0,106.53,2025-05-20 07:30:30+00:00,0.09875,0.09375,0.1035,0.111
Parfetts - Birmingham,314.0,6.0,106.53,2025-05-20 07:45:30+00:00,0.10725,0.10225,0.11225,0.12025
Parfetts - Birmingham,314.0,6.0,106.53,2025-05-20 08:00:30+00:00,0.116,0.1105,0.12125,0.1295
Parfetts - Birmingham,314.0,6.0,106.53,2025-05-20 08:15:30+00:00,0.1245,0.11875,0.13025,0.1385
Parfetts - Birmingham,314.0,6.0,106.53,2025-05-20 08:30:30+00:00,0.133,0.127,0.139,0.1475
Parfetts - Birmingham,314.0,6.0,106.53,2025-05-20 08:45:30+00:00,0.141,0.13475,0.147,0.156
Parfetts - Birmingham,314.0,6.0,106.53,2025-05-20 09:00:30+00:00,0.1485,0.14225,0.15475,0.16375
Parfetts - Birmingham,314.0,6.0,106.53,2025-05-20 09:15:30+00:00,0.15575,0.1495,0.162,0.171
Parfetts - Birmingham,314.0,6.0,106.53,2025-05-20 09:30:30+00:00,0.163,0.15625,0.16925,0.17825
Parfetts - Birmingham,314.0,6.0,106.53,2025-05-20 09:45:30+00:00,0.1695,0.1625,0.176,0.1845
Parfetts - Birmingham,314.0,6.0,106.53,2025-05-20 10:00:30+00:00,0.17525,0.16825,0.18225,0.19025
Parfetts - Birmingham,314.0,6.0,106.53,2025-05-20 10:15:30+00:00,0.181,0.1735,0.18825,0.1955
Parfetts - Birmingham,314.0,6.0,106.53,2025-05-20 10:30:30+00:00,0.18625,0.1785,0.1935,0.20025
Parfetts - Birmingham,314.0,6.0,106.53,2025-05-20 10:45:30+00:00,0.1905,0.18275,0.198,0.204
Parfetts - Birmingham,314.0,6.0,106.53,2025-05-20 11:00:30+00:00,0.19475,0.18675,0.202,0.2075
Parfetts - Birmingham,314.0,6.0,106.53,2025-05-20 11:15:30+00:00,0.198,0.19,0.20525,0.21
Parfetts - Birmingham,314.0,6.0,106.53,2025-05-20 11:30:30+00:00,0.2005,0.192,0.2085,0.2115
Parfetts - Birmingham,314.0,6.0,106.53,2025-05-20 11:45:30+00:00,0.20225,0.192,0.21225,0.21225
Parfetts - Birmingham,314.0,6.0,106.53,2025-05-20 12:00:30+00:00,0.20325,0.19025,0.21475,0.21225
Parfetts - Birmingham,314.0,6.0,106.53,2025-05-20 12:15:30+00:00,0.202,0.18625,0.2165,0.20975
Parfetts - Birmingham,314.0,6.0,106.53,2025-05-20 12:30:30+00:00,0.1985,0.181,0.21725,0.205
Parfetts - Birmingham,314.0,6.0,106.53,2025-05-20 12:45:30+00:00,0.1965,0.173,0.21775,0.2015
Parfetts - Birmingham,314.0,6.0,106.53,2025-05-20 13:00:30+00:00,0.19075,0.163,0.21775,0.19425
Parfetts - Birmingham,314.0,6.0,106.53,2025-05-20 13:15:30+00:00,0.18325,0.151,0.21375,0.18575
Parfetts - Birmingham,314.0,6.0,106.53,2025-05-20 13:30:30+00:00,0.1725,0.13625,0.2085,0.1735
Parfetts - Birmingham,314.0,6.0,106.53,2025-05-20 13:45:30+00:00,0.16075,0.122,0.20225,0.161
Parfetts - Birmingham,314.0,6.0,106.53,2025-05-20 14:00:30+00:00,0.15275,0.1075,0.1925,0.15225
Parfetts - Birmingham,314.0,6.0,106.53,2025-05-20 14:15:30+00:00,0.13525,0.09375,0.177,0.1345
Parfetts - Birmingham,314.0,6.0,106.53,2025-05-20 14:30:30+00:00,0.11775,0.08,0.1625,0.11675
Parfetts - Birmingham,314.0,6.0,106.53,2025-05-20 14:45:30+00:00,0.11,0.064,0.157,0.1085
Parfetts - Birmingham,314.0,6.0,106.53,2025-05-20 15:00:30+00:00,0.10275,0.044,0.15125,0.101
Parfetts - Birmingham,314.0,6.0,106.53,2025-05-20 15:15:30+00:00,0.0785,0.02175,0.13375,0.07775
Parfetts - Birmingham,314.0,6.0,106.53,2025-05-20 15:30:30+00:00,0.05125,0.0115,0.105,0.05125
Parfetts - Birmingham,314.0,6.0,106.53,2025-05-20 15:45:30+00:00,0.04025,0.011,0.0785,0.04025
Parfetts - Birmingham,314.0,6.0,106.53,2025-05-20 16:00:30+00:00,0.04275,0.018,0.061,0.04275
Parfetts - Birmingham,314.0,6.0,106.53,2025-05-20 16:15:30+00:00,0.035,0.022,0.05175,0.035
Parfetts - Birmingham,314.0,6.0,106.53,2025-05-20 16:30:30+00:00,0.03275,0.02025,0.05,0.03275
Parfetts - Birmingham,314.0,6.0,106.53,2025-05-20 16:45:30+00:00,0.0375,0.01925,0.048,0.03725
Parfetts - Birmingham,314.0,6.0,106.53,2025-05-20 17:00:30+00:00,0.03025,0.0155,0.0445,0.03025
Parfetts - Birmingham,314.0,6.0,106.53,2025-05-20 17:15:30+00:00,0.022,0.0095,0.0375,0.02225
Parfetts - Birmingham,314.0,6.0,106.53,2025-05-20 17:30:30+00:00,0.01825,0.0075,0.03525,0.0185
Parfetts - Birmingham,314.0,6.0,106.53,2025-05-20 17:45:30+00:00,0.02375,0.0075,0.0345,0.02375
Parfetts - Birmingham,314.0,6.0,106.53,2025-05-20 18:00:30+00:00,0.02025,0.00525,0.03075,0.02025
Parfetts - Birmingham,314.0,6.0,106.53,2025-05-20 18:15:30+00:00,0.0095,0.00325,0.026,0.0095
Parfetts - Birmingham,314.0,6.0,106.53,2025-05-20 18:30:30+00:00,0.01225,0.00275,0.02075,0.012
Parfetts - Birmingham,314.0,6.0,106.53,2025-05-20 18:45:30+00:00,0.00725,0.002,0.0165,0.00725
Parfetts - Birmingham,314.0,6.0,106.53,2025-05-20 19:00:30+00:00,0.002,0.0015,0.008,0.002
Parfetts - Birmingham,314.0,6.0,106.53,2025-05-20 19:15:30+00:00,0.002,0.00075,0.00575,0.002
Parfetts - Birmingham,314.0,6.0,106.53,2025-05-20 19:30:30+00:00,0.001,0.0005,0.003,0.001
Parfetts - Birmingham,314.0,6.0,106.53,2025-05-20 19:45:30+00:00,0.00025,0.0,0.00075,0.00025
Parfetts - Birmingham,314.0,6.0,106.53,2025-05-20 20:00:30+00:00,0.0,0.0,0.0,0.0
Parfetts - Birmingham,314.0,6.0,106.53,2025-05-20 20:15:30+00:00,0.0,0.0,0.0,0.0
Parfetts - Birmingham,314.0,6.0,106.53,2025-05-20 20:30:30+00:00,0.0,0.0,0.0,0.0
Parfetts - Birmingham,314.0,6.0,106.53,2025-05-20 20:45:30+00:00,0.0,0.0,0.0,0.0
Parfetts - Birmingham,314.0,6.0,106.53,2025-05-20 21:00:30+00:00,0.0,0.0,0.0,0.0
Parfetts - Birmingham,314.0,6.0,106.53,2025-05-20 21:15:30+00:00,0.0,0.0,0.0,0.0
Parfetts - Birmingham,314.0,6.0,106.53,2025-05-20 21:30:30+00:00,0.0,0.0,0.0,0.0
Parfetts - Birmingham,314.0,6.0,106.53,2025-05-20 21:45:30+00:00,0.0,0.0,0.0,0.0
Parfetts - Birmingham,314.0,6.0,106.53,2025-05-20 22:00:30+00:00,0.0,0.0,0.0,0.0
Parfetts - Birmingham,314.0,6.0,106.53,2025-05-20 22:15:30+00:00,0.0,0.0,0.0,0.0
Parfetts - Birmingham,314.0,6.0,106.53,2025-05-20 22:30:30+00:00,0.0,0.0,0.0,0.0
Parfetts - Birmingham,314.0,6.0,106.53,2025-05-20 22:45:30+00:00,0.0,0.0,0.0,0.0
Parfetts - Birmingham,314.0,6.0,106.53,2025-05-20 23:00:30+00:00,0.0,0.0,0.0,0.0
Parfetts - Birmingham,314.0,6.0,106.53,2025-05-20 23:15:30+00:00,0.0,0.0,0.0,0.0
Parfetts - Birmingham,314.0,6.0,106.53,2025-05-20 23:30:30+00:00,0.0,0.0,0.0,0.0
Parfetts - Birmingham,314.0,6.0,106.53,2025-05-20 23:45:30+00:00,0.0,0.0,0.0,0.0
Parfetts - Birmingham,314.0,6.0,106.53,2025-05-21 00:00:30+00:00,0.0,0.0,0.0,0.0
Parfetts - Birmingham,314.0,6.0,106.53,2025-05-21 00:15:30+00:00,0.0,0.0,0.0,0.0
Parfetts - Birmingham,314.0,6.0,106.53,2025-05-21 00:30:30+00:00,0.0,0.0,0.0,0.0
Parfetts - Birmingham,314.0,6.0,106.53,2025-05-21 00:45:30+00:00,0.0,0.0,0.0,0.0
Parfetts - Birmingham,314.0,6.0,106.53,2025-05-21 01:00:30+00:00,0.0,0.0,0.0,0.0
Parfetts - Birmingham,314.0,6.0,106.53,2025-05-21 01:15:30+00:00,0.0,0.0,0.0,0.0
Parfetts - Birmingham,314.0,6.0,106.53,2025-05-21 01:30:30+00:00,0.0,0.0,0.0,0.0
Parfetts - Birmingham,314.0,6.0,106.53,2025-05-21 01:45:30+00:00,0.0,0.0,0.0,0.0
Parfetts - Birmingham,314.0,6.0,106.53,2025-05-21 02:00:30+00:00,0.0,0.0,0.0,0.0
Parfetts - Birmingham,314.0,6.0,106.53,2025-05-21 02:15:30+00:00,0.0,0.0,0.0,0.0
Parfetts - Birmingham,314.0,6.0,106.53,2025-05-21 02:30:30+00:00,0.0,0.0,0.0,0.0
Parfetts - Birmingham,314.0,6.0,106.53,2025-05-21 02:45:30+00:00,0.0,0.0,0.0,0.0
Parfetts - Birmingham,314.0,6.0,106.53,2025-05-21 03:00:30+00:00,0.0,0.0,0.0,0.0
Parfetts - Birmingham,314.0,6.0,106.53,2025-05-21 03:15:30+00:00,0.0,0.0,0.0,0.0
Parfetts - Birmingham,314.0,6.0,106.53,2025-05-21 03:30:30+00:00,0.0,0.0,0.0,0.0
Parfetts - Birmingham,314.0,6.0,106.53,2025-05-21 03:45:30+00:00,0.0,0.0,0.0,0.0
Parfetts - Birmingham,314.0,6.0,106.53,2025-05-21 04:00:30+00:00,0.0,0.0,0.0,0.0
Parfetts - Birmingham,314.0,6.0,106.53,2025-05-21 04:15:30+00:00,0.00075,0.00025,0.0025,0.00075
Parfetts - Birmingham,314.0,6.0,106.53,2025-05-21 04:30:30+00:00,0.0025,0.0005,0.00475,0.0025
Parfetts - Birmingham,314.0,6.0,106.53,2025-05-21 04:45:30+00:00,0.0015,0.001,0.00625,0.0015
Parfetts - Birmingham,314.0,6.0,106.53,2025-05-21 05:00:30+00:00,0.00225,0.00175,0.0095,0.0025
Parfetts - Birmingham,314.0,6.0,106.53,2025-05-21 05:15:30+00:00,0.00575,0.00225,0.016,0.006
Parfetts - Birmingham,314.0,6.0,106.53,2025-05-21 05:30:30+00:00,0.01075,0.003,0.02125,0.011
Parfetts - Birmingham,314.0,6.0,106.53,2025-05-21 05:45:30+00:00,0.015,0.0045,0.02475,0.01525
Parfetts - Birmingham,314.0,6.0,106.53,2025-05-21 06:00:30+00:00,0.01775,0.0085,0.027,0.018
Parfetts - Birmingham,314.0,6.0,106.53,2025-05-21 06:15:30+00:00,0.02,0.01125,0.0285,0.0205
Parfetts - Birmingham,314.0,6.0,106.53,2025-05-21 06:30:30+00:00,0.0215,0.01375,0.031,0.02175
Parfetts - Birmingham,314.0,6.0,106.53,2025-05-21 06:45:30+00:00,0.02525,0.0155,0.0335,0.02575
Parfetts - Birmingham,314.0,6.0,106.53,2025-05-21 07:00:30+00:00,0.0265,0.0155,0.03775,0.02675
Parfetts - Birmingham,314.0,6.0,106.53,2025-05-21 07:15:30+00:00,0.028,0.01325,0.046,0.02825
Parfetts - Birmingham,314.0,6.0,106.53,2025-05-21 07:30:30+00:00,0.03425,0.01325,0.05825,0.03475
Parfetts - Birmingham,314.0,6.0,106.53,2025-05-21 07:45:30+00:00,0.04475,0.01775,0.0735,0.04575
Parfetts - Birmingham,314.0,6.0,106.53,2025-05-21 08:00:30+00:00,0.05725,0.02475,0.086,0.059
Parfetts - Birmingham,314.0,6.0,106.53,2025-05-21 08:15:30+00:00,0.06375,0.02875,0.10225,0.06575
Parfetts - Birmingham,314.0,6.0,106.53,2025-05-21 08:30:30+00:00,0.074,0.02525,0.12475,0.07725
Parfetts - Birmingham,314.0,6.0,106.53,2025-05-21 08:45:30+00:00,0.0865,0.02975,0.1545,0.09075
Parfetts - Birmingham,314.0,6.0,106.53,2025-05-21 09:00:30+00:00,0.1135,0.04825,0.16975,0.12075
Parfetts - Birmingham,314.0,6.0,106.53,2025-05-21 09:15:30+00:00,0.14575,0.08125,0.1745,0.1575
Parfetts - Birmingham,314.0,6.0,106.53,2025-05-21 09:30:30+00:00,0.1545,0.111,0.181,0.1675
Parfetts - Birmingham,314.0,6.0,106.53,2025-05-21 09:45:30+00:00,0.1545,0.12,0.1875,0.1665
Parfetts - Birmingham,314.0,6.0,106.53,2025-05-21 10:00:30+00:00,0.15225,0.1185,0.196,0.1625
Parfetts - Birmingham,314.0,6.0,106.53,2025-05-21 10:15:30+00:00,0.16575,0.0975,0.2015,0.1765
Parfetts - Birmingham,314.0,6.0,106.53,2025-05-21 10:30:30+00:00,0.1395,0.07975,0.2075,0.1465
Parfetts - Birmingham,314.0,6.0,106.53,2025-05-21 10:45:30+00:00,0.1235,0.06925,0.18475,0.1285
Parfetts - Birmingham,314.0,6.0,106.53,2025-05-21 11:00:30+00:00,0.11675,0.07525,0.165,0.1205
Parfetts - Birmingham,314.0,6.0,106.53,2025-05-21 11:15:30+00:00,0.119,0.07975,0.16525,0.1225
Parfetts - Birmingham,314.0,6.0,106.53,2025-05-21 11:30:30+00:00,0.131,0.06675,0.1935,0.13525
Parfetts - Birmingham,314.0,6.0,106.53,2025-05-21 11:45:30+00:00,0.14025,0.0315,0.20625,0.14475
Parfetts - Birmingham,314.0,6.0,106.53,2025-05-21 12:00:30+00:00,0.085,0.017,0.19175,0.08675
Parfetts - Birmingham,314.0,6.0,106.53,2025-05-21 12:15:30+00:00,0.0445,0.01675,0.14525,0.045
Parfetts - Birmingham,314.0,6.0,106.53,2025-05-21 12:30:30+00:00,0.023,0.01675,0.09275,0.02325
Parfetts - Birmingham,314.0,6.0,106.53,2025-05-21 12:45:30+00:00,0.0155,0.01,0.06225,0.01575
Parfetts - Birmingham,314.0,6.0,106.53,2025-05-21 13:00:30+00:00,0.01775,0.0165,0.056,0.018
Parfetts - Birmingham,314.0,6.0,106.53,2025-05-21 13:15:30+00:00,0.02375,0.016,0.0575,0.024
Parfetts - Birmingham,314.0,6.0,106.53,2025-05-21 13:30:30+00:00,0.032,0.01575,0.0655,0.03225
Parfetts - Birmingham,314.0,6.0,106.53,2025-05-21 13:45:30+00:00,0.026,0.0155,0.08475,0.02625
Parfetts - Birmingham,314.0,6.0,106.53,2025-05-21 14:00:30+00:00,0.02625,0.015,0.1055,0.0265
Parfetts - Birmingham,314.0,6.0,106.53,2025-05-21 14:15:30+00:00,0.0625,0.01475,0.1625,0.06275
Parfetts - Birmingham,314.0,6.0,106.53,2025-05-21 14:30:30+00:00,0.134,0.029,0.1955,0.13225
Parfetts - Birmingham,314.0,6.0,106.53,2025-05-21 14:45:30+00:00,0.148,0.07725,0.18875,0.145
Parfetts - Birmingham,314.0,6.0,106.53,2025-05-21 15:00:30+00:00,0.15175,0.10125,0.18175,0.1475
Parfetts - Birmingham,314.0,6.0,106.53,2025-05-21 15:15:30+00:00,0.143,0.11275,0.16475,0.13825
Parfetts - Birmingham,314.0,6.0,106.53,2025-05-21 15:30:30+00:00,0.12075,0.1075,0.15025,0.11625
Parfetts - Birmingham,314.0,6.0,106.53,2025-05-21 15:45:30+00:00,0.12325,0.10125,0.13925,0.1175
Parfetts - Birmingham,314.0,6.0,106.53,2025-05-21 16:00:30+00:00,0.11625,0.1025,0.1305,0.11
Parfetts - Birmingham,314.0,6.0,106.53,2025-05-21 16:15:30+00:00,0.1095,0.0985,0.12075,0.10275
Parfetts - Birmingham,314.0,6.0,106.53,2025-05-21 16:30:30+00:00,0.103,0.093,0.1125,0.09575
Parfetts - Birmingham,314.0,6.0,106.53,2025-05-21 16:45:30+00:00,0.0955,0.08575,0.10725,0.08775
Parfetts - Birmingham,314.0,6.0,106.53,2025-05-21 17:00:30+00:00,0.09075,0.07975,0.10075,0.08225
Parfetts - Birmingham,314.0,6.0,106.53,2025-05-21 17:15:30+00:00,0.084,0.07425,0.093,0.075
Parfetts - Birmingham,314.0,6.0,106.53,2025-05-21 17:30:30+00:00,0.076,0.0665,0.08425,0.06675
Parfetts - Birmingham,314.0,6.0,106.53,2025-05-21 17:45:30+00:00,0.0655,0.0575,0.0745,0.05675
Parfetts - Birmingham,314.0,6.0,106.53,2025-05-21 18:00:30+00:00,0.05575,0.04775,0.06525,0.0475
Parfetts - Birmingham,314.0,6.0,106.53,2025-05-21 18:15:30+00:00,0.048,0.039,0.05525,0.04
Parfetts - Birmingham,314.0,6.0,106.53,2025-05-21 18:30:30+00:00,0.03925,0.031,0.045,0.03175
Parfetts - Birmingham,314.0,6.0,106.53,2025-05-21 18:45:30+00:00,0.03025,0.023,0.035,0.024
Parfetts - Birmingham,314.0,6.0,106.53,2025-05-21 19:00:30+00:00,0.0215,0.01575,0.02525,0.0165
Parfetts - Birmingham,314.0,6.0,106.53,2025-05-21 19:15:30+00:00,0.01275,0.00925,0.0155,0.00975
Parfetts - Birmingham,314.0,6.0,106.53,2025-05-21 19:30:30+00:00,0.005,0.0035,0.006,0.0045
Parfetts - Birmingham,314.0,6.0,106.53,2025-05-21 19:45:30+00:00,0.001,0.0005,0.00125,0.001
Parfetts - Birmingham,314.0,6.0,106.53,2025-05-21 20:00:30+00:00,0.0,0.0,0.0,0.0
Parfetts - Birmingham,314.0,6.0,106.53,2025-05-21 20:15:30+00:00,0.0,0.0,0.0,0.0
Parfetts - Birmingham,314.0,6.0,106.53,2025-05-21 20:30:30+00:00,0.0,0.0,0.0,0.0
Parfetts - Birmingham,314.0,6.0,106.53,2025-05-21 20:45:30+00:00,0.0,0.0,0.0,0.0
Parfetts - Birmingham,314.0,6.0,106.53,2025-05-21 21:00:30+00:00,0.0,0.0,0.0,0.0
Parfetts - Birmingham,314.0,6.0,106.53,2025-05-21 21:15:30+00:00,0.0,0.0,0.0,0.0
Parfetts - Birmingham,314.0,6.0,106.53,2025-05-21 21:30:30+00:00,0.0,0.0,0.0,0.0
Parfetts - Birmingham,314.0,6.0,106.53,2025-05-21 21:45:30+00:00,0.0,0.0,0.0,0.0
Parfetts - Birmingham,314.0,6.0,106.53,2025-05-21 22:00:30+00:00,0.0,0.0,0.0,0.0
Parfetts - Birmingham,314.0,6.0,106.53,2025-05-21 22:15:30+00:00,0.0,0.0,0.0,0.0
Parfetts - Birmingham,314.0,6.0,106.53,2025-05-21 22:30:30+00:00,0.0,0.0,0.0,0.0
Parfetts - Birmingham,314.0,6.0,106.53,2025-05-21 22:45:30+00:00,0.0,0.0,0.0,0.0
Parfetts - Birmingham,314.0,6.0,106.53,2025-05-21 23:00:30+00:00,0.0,0.0,0.0,0.0
Parfetts - Birmingham,314.0,6.0,106.53,2025-05-21 23:15:30+00:00,0.0,0.0,0.0,0.0
Parfetts - Birmingham,314.0,6.0,106.53,2025-05-21 23:30:30+00:00,0.0,0.0,0.0,0.0
Parfetts - Birmingham,314.0,6.0,106.53,2025-05-21 23:45:30+00:00,0.0,0.0,0.0,0.0
Parfetts - Birmingham,314.0,6.0,106.53,2025-05-22 00:00:30+00:00,0.0,0.0,0.0,0.0
Parfetts - Birmingham,314.0,6.0,106.53,2025-05-22 00:15:30+00:00,0.0,0.0,0.0,0.0
Parfetts - Birmingham,314.0,6.0,106.53,2025-05-22 00:30:30+00:00,0.0,0.0,0.0,0.0
Parfetts - Birmingham,314.0,6.0,106.53,2025-05-22 00:45:30+00:00,0.0,0.0,0.0,0.0
Parfetts - Birmingham,314.0,6.0,106.53,2025-05-22 01:00:30+00:00,0.0,0.0,0.0,0.0
Parfetts - Birmingham,314.0,6.0,106.53,2025-05-22 01:15:30+00:00,0.0,0.0,0.0,0.0
Parfetts - Birmingham,314.0,6.0,106.53,2025-05-22 01:30:30+00:00,0.0,0.0,0.0,0.0
Parfetts - Birmingham,314.0,6.0,106.53,2025-05-22 01:45:30+00:00,0.0,0.0,0.0,0.0
Parfetts - Birmingham,314.0,6.0,106.53,2025-05-22 02:00:30+00:00,0.0,0.0,0.0,0.0
Parfetts - Birmingham,314.0,6.0,106.53,2025-05-22 02:15:30+00:00,0.0,0.0,0.0,0.0
Parfetts - Birmingham,314.0,6.0,106.53,2025-05-22 02:30:30+00:00,0.0,0.0,0.0,0.0
Parfetts - Birmingham,314.0,6.0,106.53,2025-05-22 02:45:30+00:00,0.0,0.0,0.0,0.0
Parfetts - Birmingham,314.0,6.0,106.53,2025-05-22 03:00:30+00:00,0.0,0.0,0.0,0.0
Parfetts - Birmingham,314.0,6.0,106.53,2025-05-22 03:15:30+00:00,0.0,0.0,0.0,0.0
Parfetts - Birmingham,314.0,6.0,106.53,2025-05-22 03:30:30+00:00,0.0,0.0,0.0,0.0
Parfetts - Birmingham,314.0,6.0,106.53,2025-05-22 03:45:30+00:00,0.0,0.0,0.0,0.0
Parfetts - Birmingham,314.0,6.0,106.53,2025-05-22 04:00:30+00:00,0.0,0.0,0.00025,0.0
Parfetts - Birmingham,314.0,6.0,106.53,2025-05-22 04:15:30+00:00,0.0015,0.0005,0.003,0.0015
Parfetts - Birmingham,314.0,6.0,106.53,2025-05-22 04:30:30+00:00,0.00375,0.00125,0.00675,0.00375
Parfetts - Birmingham,314.0,6.0,106.53,2025-05-22 04:45:30+00:00,0.007,0.00275,0.0115,0.00725
Parfetts - Birmingham,314.0,6.0,106.53,2025-05-22 05:00:30+00:00,0.01075,0.0045,0.01675,0.011
Parfetts - Birmingham,314.0,6.0,106.53,2025-05-22 05:15:30+00:00,0.01375,0.00675,0.02275,0.014
Parfetts - Birmingham,314.0,6.0,106.53,2025-05-22 05:30:30+00:00,0.0195,0.0075,0.02675,0.02025
Parfetts - Birmingham,314.0,6.0,106.53,2025-05-22 05:45:30+00:00,0.01875,0.00875,0.03125,0.019
Parfetts - Birmingham,314.0,6.0,106.53,2025-05-22 06:00:30+00:00,0.021,0.0105,0.0345,0.0215
Parfetts - Birmingham,314.0,6.0,106.53,2025-05-22 06:15:30+00:00,0.027,0.01375,0.041,0.02775
Parfetts - Birmingham,314.0,6.0,106.53,2025-05-22 06:30:30+00:00,0.0335,0.019,0.04875,0.0345
Parfetts - Birmingham,314.0,6.0,106.53,2025-05-22 06:45:30+00:00,0.0405,0.023,0.06025,0.042
Parfetts - Birmingham,314.0,6.0,106.53,2025-05-22 07:00:30+00:00,0.04975,0.02575,0.073,0.052
Parfetts - Birmingham,314.0,6.0,106.53,2025-05-22 07:15:30+00:00,0.0575,0.03225,0.0875,0.0605
Parfetts - Birmingham,314.0,6.0,106.53,2025-05-22 07:30:30+00:00,0.0715,0.04375,0.102,0.07575
Parfetts - Birmingham,314.0,6.0,106.53,2025-05-22 07:45:30+00:00,0.0885,0.05175,0.11825,0.09525
Parfetts - Birmingham,314.0,6.0,106.53,2025-05-22 08:00:30+00:00,0.09575,0.0485,0.12775,0.10325
Parfetts - Birmingham,314.0,6.0,106.53,2025-05-22 08:15:30+00:00,0.08125,0.0325,0.129,0.08625
Parfetts - Birmingham,314.0,6.0,106.53,2025-05-22 08:30:30+00:00,0.06475,0.0315,0.11975,0.06725
Parfetts - Birmingham,314.0,6.0,106.53,2025-05-22 08:45:30+00:00,0.078,0.039,0.1135,0.08125
Parfetts - Birmingham,314.0,6.0,106.53,2025-05-22 09:00:30+00:00,0.086,0.047,0.11625,0.0895
Parfetts - Birmingham,314.0,6.0,106.53,2025-05-22 09:15:30+00:00,0.08075,0.03475,0.123,0.0835
Parfetts - Birmingham,314.0,6.0,106.53,2025-05-22 09:30:30+00:00,0.0695,0.01525,0.1235,0.071
Parfetts - Birmingham,314.0,6.0,106.53,2025-05-22 09:45:30+00:00,0.0565,0.015,0.112,0.0575
Parfetts - Birmingham,314.0,6.0,106.53,2025-05-22 10:00:30+00:00,0.0455,0.0155,0.09275,0.04625
Parfetts - Birmingham,314.0,6.0,106.53,2025-05-22 10:15:30+00:00,0.0385,0.016,0.07725,0.039
Parfetts - Birmingham,314.0,6.0,106.53,2025-05-22 10:30:30+00:00,0.0395,0.01625,0.0735,0.04
Parfetts - Birmingham,314.0,6.0,106.53,2025-05-22 10:45:30+00:00,0.051,0.0205,0.07925,0.05175
Parfetts - Birmingham,314.0,6.0,106.53,2025-05-22 11:00:30+00:00,0.05875,0.02425,0.0835,0.05975
Parfetts - Birmingham,314.0,6.0,106.53,2025-05-22 11:15:30+00:00,0.0515,0.022,0.08325,0.05225
Parfetts - Birmingham,314.0,6.0,106.53,2025-05-22 11:30:30+00:00,0.04675,0.01725,0.07675,0.0475
Parfetts - Birmingham,314.0,6.0,106.53,2025-05-22 11:45:30+00:00,0.042,0.01725,0.0715,0.0425
Parfetts - Birmingham,314.0,6.0,106.53,2025-05-22 12:00:30+00:00,0.03975,0.01725,0.07075,0.04025
Parfetts - Birmingham,314.0,6.0,106.53,2025-05-22 12:15:30+00:00,0.044,0.01725,0.07875,0.0445
Parfetts - Birmingham,314.0,6.0,106.53,2025-05-22 12:30:30+00:00,0.051,0.01725,0.08925,0.05175
Parfetts - Birmingham,314.0,6.0,106.53,2025-05-22 12:45:30+00:00,0.06,0.022,0.0985,0.0605
Parfetts - Birmingham,314.0,6.0,106.53,2025-05-22 13:00:30+00:00,0.0695,0.02825,0.10275,0.07
Parfetts - Birmingham,314.0,6.0,106.53,2025-05-22 13:15:30+00:00,0.0665,0.02875,0.1115,0.067
Parfetts - Birmingham,314.0,6.0,106.53,2025-05-22 13:30:30+00:00,0.074,0.02525,0.125,0.0745
Parfetts - Birmingham,314.0,6.0,106.53,2025-05-22 13:45:30+00:00,0.08425,0.033,0.141,0.085
Parfetts - Birmingham,314.0,6.0,106.53,2025-05-22 14:00:30+00:00,0.10225,0.04325,0.1565,0.1025
Parfetts - Birmingham,314.0,6.0,106.53,2025-05-22 14:15:30+00:00,0.11225,0.039,0.16625,0.112
Parfetts - Birmingham,314.0,6.0,106.53,2025-05-22 14:30:30+00:00,0.09225,0.03625,0.18225,0.092
Parfetts - Birmingham,314.0,6.0,106.53,2025-05-22 14:45:30+00:00,0.1235,0.045,0.19325,0.12175
Parfetts - Birmingham,314.0,6.0,106.53,2025-05-22 15:00:30+00:00,0.16,0.065,0.188,0.155
Parfetts - Birmingham,314.0,6.0,106.53,2025-05-22 15:15:30+00:00,0.14725,0.06075,0.1795,0.14225
Parfetts - Birmingham,314.0,6.0,106.53,2025-05-22 15:30:30+00:00,0.10525,0.033,0.169,0.10225
Parfetts - Birmingham,314.0,6.0,106.53,2025-05-22 15:45:30+00:00,0.0665,0.02325,0.14975,0.0655
Parfetts - Birmingham,314.0,6.0,106.53,2025-05-22 16:00:30+00:00,0.09025,0.02625,0.14325,0.087
Parfetts - Birmingham,314.0,6.0,106.53,2025-05-22 16:15:30+00:00,0.09575,0.04725,0.141,0.09125
Parfetts - Birmingham,314.0,6.0,106.53,2025-05-22 16:30:30+00:00,0.0975,0.0595,0.13275,0.091
Parfetts - Birmingham,314.0,6.0,106.53,2025-05-22 16:45:30+00:00,0.0985,0.073,0.121,0.09025
Parfetts - Birmingham,314.0,6.0,106.53,2025-05-22 17:00:30+00:00,0.095,0.074,0.1135,0.085
Parfetts - Birmingham,314.0,6.0,106.53,2025-05-22 17:15:30+00:00,0.0865,0.06525,0.10325,0.07625
Parfetts - Birmingham,314.0,6.0,106.53,2025-05-22 17:30:30+00:00,0.06925,0.049,0.0895,0.0615
Parfetts - Birmingham,314.0,6.0,106.53,2025-05-22 17:45:30+00:00,0.051,0.03675,0.071,0.04625
Parfetts - Birmingham,314.0,6.0,106.53,2025-05-22 18:00:30+00:00,0.043,0.03075,0.05925,0.0385
Parfetts - Birmingham,314.0,6.0,106.53,2025-05-22 18:15:30+00:00,0.042,0.029,0.05325,0.0355
Parfetts - Birmingham,314.0,6.0,106.53,2025-05-22 18:30:30+00:00,0.03675,0.02525,0.04625,0.03025
Parfetts - Birmingham,314.0,6.0,106.53,2025-05-22 18:45:30+00:00,0.0275,0.0195,0.03675,0.022
Parfetts - Birmingham,314.0,6.0,106.53,2025-05-22 19:00:30+00:00,0.01975,0.0135,0.02675,0.0155
Parfetts - Birmingham,314.0,6.0,106.53,2025-05-22 19:15:30+00:00,0.012,0.008,0.017,0.00975
Parfetts - Birmingham,314.0,6.0,106.53,2025-05-22 19:30:30+00:00,0.005,0.00325,0.00725,0.00475
Parfetts - Birmingham,314.0,6.0,106.53,2025-05-22 19:45:30+00:00,0.001,0.00075,0.0015,0.001
Parfetts - Birmingham,314.0,6.0,106.53,2025-05-22 20:00:30+00:00,0.0,0.0,0.0,0.0
Parfetts - Birmingham,314.0,6.0,106.53,2025-05-22 20:15:30+00:00,0.0,0.0,0.0,0.0
Parfetts - Birmingham,314.0,6.0,106.53,2025-05-22 20:30:30+00:00,0.0,0.0,0.0,0.0
Parfetts - Birmingham,314.0,6.0,106.53,2025-05-22 20:45:30+00:00,0.0,0.0,0.0,0.0
Parfetts - Birmingham,314.0,6.0,106.53,2025-05-22 21:00:30+00:00,0.0,0.0,0.0,0.0
Parfetts - Birmingham,314.0,6.0,106.53,2025-05-22 21:15:30+00:00,0.0,0.0,0.0,0.0
Parfetts - Birmingham,314.0,6.0,106.53,2025-05-22 21:30:30+00:00,0.0,0.0,0.0,0.0
Parfetts - Birmingham,314.0,6.0,106.53,2025-05-22 21:45:30+00:00,0.0,0.0,0.0,0.0
Parfetts - Birmingham,314.0,6.0,106.53,2025-05-22 22:00:30+00:00,0.0,0.0,0.0,0.0
Parfetts - Birmingham,314.0,6.0,106.53,2025-05-22 22:15:30+00:00,0.0,0.0,0.0,0.0
Parfetts - Birmingham,314.0,6.0,106.53,2025-05-22 22:30:30+00:00,0.0,0.0,0.0,0.0
Parfetts - Birmingham,314.0,6.0,106.53,2025-05-22 22:45:30+00:00,0.0,0.0,0.0,0.0
Parfetts - Birmingham,314.0,6.0,106.53,2025-05-22 23:00:30+00:00,0.0,0.0,0.0,0.0
Parfetts - Birmingham,314.0,6.0,106.53,2025-05-22 23:15:30+00:00,0.0,0.0,0.0,0.0
Parfetts - Birmingham,314.0,6.0,106.53,2025-05-22 23:30:30+00:00,0.0,0.0,0.0,0.0
Parfetts - Birmingham,314.0,6.0,106.53,2025-05-22 23:45:30+00:00,0.0,0.0,0.0,0.0
Parfetts - Birmingham,314.0,6.0,106.53,2025-05-23 00:00:30+00:00,0.0,0.0,0.0,0.0
Parfetts - Birmingham,314.0,6.0,106.53,2025-05-23 00:15:30+00:00,0.0,0.0,0.0,0.0
Parfetts - Birmingham,314.0,6.0,106.53,2025-05-23 00:30:30+00:00,0.0,0.0,0.0,0.0
Parfetts - Birmingham,314.0,6.0,106.53,2025-05-23 00:45:30+00:00,0.0,0.0,0.0,0.0
Parfetts - Birmingham,314.0,6.0,106.53,2025-05-23 01:00:30+00:00,0.0,0.0,0.0,0.0
Parfetts - Birmingham,314.0,6.0,106.53,2025-05-23 01:15:30+00:00,0.0,0.0,0.0,0.0
Parfetts - Birmingham,314.0,6.0,106.53,2025-05-23 01:30:30+00:00,0.0,0.0,0.0,0.0
Parfetts - Birmingham,314.0,6.0,106.53,2025-05-23 01:45:30+00:00,0.0,0.0,0.0,0.0
Parfetts - Birmingham,314.0,6.0,106.53,2025-05-23 02:00:30+00:00,0.0,0.0,0.0,0.0
Parfetts - Birmingham,314.0,6.0,106.53,2025-05-23 02:15:30+00:00,0.0,0.0,0.0,0.0
Parfetts - Birmingham,314.0,6.0,106.53,2025-05-23 02:30:30+00:00,0.0,0.0,0.0,0.0
Parfetts - Birmingham,314.0,6.0,106.53,2025-05-23 02:45:30+00:00,0.0,0.0,0.0,0.0
Parfetts - Birmingham,314.0,6.0,106.53,2025-05-23 03:00:30+00:00,0.0,0.0,0.0,0.0
Parfetts - Birmingham,314.0,6.0,106.53,2025-05-23 03:15:30+00:00,0.0,0.0,0.0,0.0
Parfetts - Birmingham,314.0,6.0,106.53,2025-05-23 03:30:30+00:00,0.0,0.0,0.0,0.0
Parfetts - Birmingham,314.0,6.0,106.53,2025-05-23 03:45:30+00:00,0.0,0.0,0.0,0.0
Parfetts - Birmingham,314.0,6.0,106.53,2025-05-23 04:00:30+00:00,0.00025,0.00025,0.0005,0.00025
Parfetts - Birmingham,314.0,6.0,106.53,2025-05-23 04:15:30+00:00,0.00175,0.0005,0.00375,0.00175
Parfetts - Birmingham,314.0,6.0,106.53,2025-05-23 04:30:30+00:00,0.00425,0.0015,0.0085,0.00425
Parfetts - Birmingham,314.0,6.0,106.53,2025-05-23 04:45:30+00:00,0.00875,0.0035,0.01575,0.009
Parfetts - Birmingham,314.0,6.0,106.53,2025-05-23 05:00:30+00:00,0.01525,0.0065,0.022,0.0165
Parfetts - Birmingham,314.0,6.0,106.53,2025-05-23 05:15:30+00:00,0.01925,0.0125,0.03,0.02075
Parfetts - Birmingham,314.0,6.0,106.53,2025-05-23 05:30:30+00:00,0.02825,0.01675,0.035,0.03125
Parfetts - Birmingham,314.0,6.0,106.53,2025-05-23 05:45:30+00:00,0.03075,0.024,0.04275,0.03325
Parfetts - Birmingham,314.0,6.0,106.53,2025-05-23 06:00:30+00:00,0.03975,0.028,0.0515,0.04375
Parfetts - Birmingham,314.0,6.0,106.53,2025-05-23 06:15:30+00:00,0.049,0.03375,0.06225,0.0535
Parfetts - Birmingham,314.0,6.0,106.53,2025-05-23 06:30:30+00:00,0.05525,0.04225,0.07475,0.0605
Parfetts - Birmingham,314.0,6.0,106.53,2025-05-23 06:45:30+00:00,0.06975,0.052,0.08475,0.0775
Parfetts - Birmingham,314.0,6.0,106.53,2025-05-23 07:00:30+00:00,0.08175,0.06575,0.09325,0.092
Parfetts - Birmingham,314.0,6.0,106.53,2025-05-23 07:15:30+00:00,0.09,0.07775,0.10275,0.10125
Parfetts - Birmingham,314.0,6.0,106.53,2025-05-23 07:30:30+00:00,0.09925,0.08725,0.10925,0.11125
Parfetts - Birmingham,314.0,6.0,106.53,2025-05-23 07:45:30+00:00,0.106,0.089,0.12075,0.118
Parfetts - Birmingham,314.0,6.0,106.53,2025-05-23 08:00:30+00:00,0.1095,0.087,0.13225,0.12075
Parfetts - Birmingham,314.0,6.0,106.53,2025-05-23 08:15:30+00:00,0.11475,0.084,0.13975,0.12525
Parfetts - Birmingham,314.0,6.0,106.53,2025-05-23 08:30:30+00:00,0.11125,0.0835,0.1405,0.12025
Parfetts - Birmingham,314.0,6.0,106.53,2025-05-23 08:45:30+00:00,0.11,0.089,0.139,0.11725
Parfetts - Birmingham,314.0,6.0,106.53,2025-05-23 09:00:30+00:00,0.119,0.097,0.14225,0.127
Parfetts - Birmingham,314.0,6.0,106.53,2025-05-23 09:15:30+00:00,0.129,0.1095,0.14925,0.13825
Parfetts - Birmingham,314.0,6.0,106.53,2025-05-23 09:30:30+00:00,0.1405,0.117,0.1555,0.15075
Parfetts - Birmingham,314.0,6.0,106.53,2025-05-23 09:45:30+00:00,0.13975,0.12275,0.16425,0.149
Parfetts - Birmingham,314.0,6.0,106.53,2025-05-23 10:00:30+00:00,0.14925,0.12625,0.17375,0.159
Parfetts - Birmingham,314.0,6.0,106.53,2025-05-23 10:15:30+00:00,0.16025,0.13525,0.18525,0.17125
Parfetts - Birmingham,314.0,6.0,106.53,2025-05-23 10:30:30+00:00,0.1715,0.14625,0.1925,0.18275
Parfetts - Birmingham,314.0,6.0,106.53,2025-05-23 10:45:30+00:00,0.176,0.154,0.19525,0.187
Parfetts - Birmingham,314.0,6.0,106.53,2025-05-23 11:00:30+00:00,0.17625,0.16,0.20025,0.18625
Parfetts - Birmingham,314.0,6.0,106.53,2025-05-23 11:15:30+00:00,0.18725,0.16575,0.206,0.19725
Parfetts - Birmingham,314.0,6.0,106.53,2025-05-23 11:30:30+00:00,0.194,0.17,0.2105,0.204
Parfetts - Birmingham,314.0,6.0,106.53,2025-05-23 11:45:30+00:00,0.19025,0.17075,0.2115,0.19875
Parfetts - Birmingham,314.0,6.0,106.53,2025-05-23 12:00:30+00:00,0.188,0.16925,0.20625,0.1955
Parfetts - Birmingham,314.0,6.0,106.53,2025-05-23 12:15:30+00:00,0.1845,0.17075,0.2015,0.19075
Parfetts - Birmingham,314.0,6.0,106.53,2025-05-23 12:30:30+00:00,0.18525,0.17275,0.199,0.1905
Parfetts - Birmingham,314.0,6.0,106.53,2025-05-23 12:45:30+00:00,0.18725,0.1725,0.198,0.19175
Parfetts - Birmingham,314.0,6.0,106.53,2025-05-23 13:00:30+00:00,0.18275,0.16925,0.19625,0.186
Parfetts - Birmingham,314.0,6.0,106.53,2025-05-23 13:15:30+00:00,0.17775,0.16675,0.1935,0.17975
Parfetts - Birmingham,314.0,6.0,106.53,2025-05-23 13:30:30+00:00,0.1795,0.16475,0.1915,0.18075
Parfetts - Birmingham,314.0,6.0,106.53,2025-05-23 13:45:30+00:00,0.17675,0.15775,0.19125,0.17675
Parfetts - Birmingham,314.0,6.0,106.53,2025-05-23 14:00:30+00:00,0.16675,0.149,0.189,0.16575
Parfetts - Birmingham,314.0,6.0,106.53,2025-05-23 14:15:30+00:00,0.16325,0.138,0.18075,0.1615
Parfetts - Birmingham,314.0,6.0,106.53,2025-05-23 14:30:30+00:00,0.147,0.1325,0.17075,0.145
Parfetts - Birmingham,314.0,6.0,106.53,2025-05-23 14:45:30+00:00,0.1445,0.12725,0.16525,0.14175
Parfetts - Birmingham,314.0,6.0,106.53,2025-05-23 15:00:30+00:00,0.14775,0.121,0.16775,0.14325
Parfetts - Birmingham,314.0,6.0,106.53,2025-05-23 15:15:30+00:00,0.13925,0.10775,0.1625,0.1345
Parfetts - Birmingham,314.0,6.0,106.53,2025-05-23 15:30:30+00:00,0.1175,0.09025,0.14975,0.11375
Parfetts - Birmingham,314.0,6.0,106.53,2025-05-23 15:45:30+00:00,0.1035,0.0825,0.1415,0.1
Parfetts - Birmingham,314.0,6.0,106.53,2025-05-23 16:00:30+00:00,0.1165,0.083,0.142,0.11025
Parfetts - Birmingham,314.0,6.0,106.53,2025-05-23 16:15:30+00:00,0.11625,0.08625,0.14075,0.10875
Parfetts - Birmingham,314.0,6.0,106.53,2025-05-23 16:30:30+00:00,0.10725,0.07875,0.131,0.09925
Parfetts - Birmingham,314.0,6.0,106.53,2025-05-23 16:45:30+00:00,0.09575,0.062,0.12025,0.08825
Parfetts - Birmingham,314.0,6.0,106.53,2025-05-23 17:00:30+00:00,0.0715,0.04075,0.1075,0.06675
Parfetts - Birmingham,314.0,6.0,106.53,2025-05-23 17:15:30+00:00,0.05675,0.023,0.092,0.05375
Parfetts - Birmingham,314.0,6.0,106.53,2025-05-23 17:30:30+00:00,0.04425,0.01275,0.0755,0.042
Parfetts - Birmingham,314.0,6.0,106.53,2025-05-23 17:45:30+00:00,0.03075,0.00625,0.05525,0.03
Parfetts - Birmingham,314.0,6.0,106.53,2025-05-23 18:00:30+00:00,0.01775,0.00425,0.03975,0.01775
Parfetts - Birmingham,314.0,6.0,106.53,2025-05-23 18:15:30+00:00,0.017,0.0035,0.03125,0.017
Parfetts - Birmingham,314.0,6.0,106.53,2025-05-23 18:30:30+00:00,0.01525,0.004,0.028,0.01525
Parfetts - Birmingham,314.0,6.0,106.53,2025-05-23 18:45:30+00:00,0.01675,0.005,0.0255,0.0155
Parfetts - Birmingham,314.0,6.0,106.53,2025-05-23 19:00:30+00:00,0.0125,0.0045,0.019,0.01175
Parfetts - Birmingham,314.0,6.0,106.53,2025-05-23 19:15:30+00:00,0.00575,0.00225,0.01125,0.00575
Parfetts - Birmingham,314.0,6.0,106.53,2025-05-23 19:30:30+00:00,0.0025,0.0005,0.0055,0.0025
Parfetts - Birmingham,314.0,6.0,106.53,2025-05-23 19:45:30+00:00,0.00075,0.00025,0.00175,0.00075
Parfetts - Birmingham,314.0,6.0,106.53,2025-05-23 20:00:30+00:00,0.0,0.0,0.00025,0.0
Parfetts - Birmingham,314.0,6.0,106.53,2025-05-23 20:15:30+00:00,0.0,0.0,0.0,0.0
Parfetts - Birmingham,314.0,6.0,106.53,2025-05-23 20:30:30+00:00,0.0,0.0,0.0,0.0
Parfetts - Birmingham,314.0,6.0,106.53,2025-05-23 20:45:30+00:00,0.0,0.0,0.0,0.0
Parfetts - Birmingham,314.0,6.0,106.53,2025-05-23 21:00:30+00:00,0.0,0.0,0.0,0.0
Parfetts - Birmingham,314.0,6.0,106.53,2025-05-23 21:15:30+00:00,0.0,0.0,0.0,0.0
Parfetts - Birmingham,314.0,6.0,106.53,2025-05-23 21:30:30+00:00,0.0,0.0,0.0,0.0
Parfetts - Birmingham,314.0,6.0,106.53,2025-05-23 21:45:30+00:00,0.0,0.0,0.0,0.0
Parfetts - Birmingham,314.0,6.0,106.53,2025-05-23 22:00:30+00:00,0.0,0.0,0.0,0.0
Parfetts - Birmingham,314.0,6.0,106.53,2025-05-23 22:15:30+00:00,0.0,0.0,0.0,0.0
Parfetts - Birmingham,314.0,6.0,106.53,2025-05-23 22:30:30+00:00,0.0,0.0,0.0,0.0
Parfetts - Birmingham,314.0,6.0,106.53,2025-05-23 22:45:30+00:00,0.0,0.0,0.0,0.0
Parfetts - Birmingham,314.0,6.0,106.53,2025-05-23 23:00:30+00:00,0.0,0.0,0.0,0.0
Parfetts - Birmingham,314.0,6.0,106.53,2025-05-23 23:15:30+00:00,0.0,0.0,0.0,0.0
Parfetts - Birmingham,314.0,6.0,106.53,2025-05-23 23:30:30+00:00,0.0,0.0,0.0,0.0
Parfetts - Birmingham,314.0,6.0,106.53,2025-05-23 23:45:30+00:00,0.0,0.0,0.0,0.0
Parfetts - Birmingham,314.0,6.0,106.53,2025-05-24 00:00:30+00:00,0.0,0.0,0.0,0.0
Parfetts - Birmingham,314.0,6.0,106.53,2025-05-24 00:15:30+00:00,0.0,0.0,0.0,0.0
Parfetts - Birmingham,314.0,6.0,106.53,2025-05-24 00:30:30+00:00,0.0,0.0,0.0,0.0
Parfetts - Birmingham,314.0,6.0,106.53,2025-05-24 00:45:30+00:00,0.0,0.0,0.0,0.0
Parfetts - Birmingham,314.0,6.0,106.53,2025-05-24 01:00:30+00:00,0.0,0.0,0.0,0.0
Parfetts - Birmingham,314.0,6.0,106.53,2025-05-24 01:15:30+00:00,0.0,0.0,0.0,0.0
Parfetts - Birmingham,314.0,6.0,106.53,2025-05-24 01:30:30+00:00,0.0,0.0,0.0,0.0
Parfetts - Birmingham,314.0,6.0,106.53,2025-05-24 01:45:30+00:00,0.0,0.0,0.0,0.0
Parfetts - Birmingham,314.0,6.0,106.53,2025-05-24 02:00:30+00:00,0.0,0.0,0.0,0.0
Parfetts - Birmingham,314.0,6.0,106.53,2025-05-24 02:15:30+00:00,0.0,0.0,0.0,0.0
Parfetts - Birmingham,314.0,6.0,106.53,2025-05-24 02:30:30+00:00,0.0,0.0,0.0,0.0
Parfetts - Birmingham,314.0,6.0,106.53,2025-05-24 02:45:30+00:00,0.0,0.0,0.0,0.0
Parfetts - Birmingham,314.0,6.0,106.53,2025-05-24 03:00:30+00:00,0.0,0.0,0.0,0.0
Parfetts - Birmingham,314.0,6.0,106.53,2025-05-24 03:15:30+00:00,0.0,0.0,0.0,0.0
Parfetts - Birmingham,314.0,6.0,106.53,2025-05-24 03:30:30+00:00,0.0,0.0,0.0,0.0
Parfetts - Birmingham,314.0,6.0,106.53,2025-05-24 03:45:30+00:00,0.0,0.0,0.0,0.0
Parfetts - Birmingham,314.0,6.0,106.53,2025-05-24 04:00:30+00:00,0.00025,0.00025,0.0005,0.00025
Parfetts - Birmingham,314.0,6.0,106.53,2025-05-24 04:15:30+00:00,0.00175,0.0005,0.00375,0.00175
Parfetts - Birmingham,314.0,6.0,106.53,2025-05-24 04:30:30+00:00,0.00425,0.001,0.0085,0.0045
Parfetts - Birmingham,314.0,6.0,106.53,2025-05-24 04:45:30+00:00,0.008,0.0015,0.0125,0.008
Parfetts - Birmingham,314.0,6.0,106.53,2025-05-24 05:00:30+00:00,0.007,0.00175,0.01625,0.007
Parfetts - Birmingham,314.0,6.0,106.53,2025-05-24 05:15:30+00:00,0.0075,0.0025,0.02175,0.0075
Parfetts - Birmingham,314.0,6.0,106.53,2025-05-24 05:30:30+00:00,0.018,0.0035,0.02825,0.0185
Parfetts - Birmingham,314.0,6.0,106.53,2025-05-24 05:45:30+00:00,0.02225,0.00725,0.0325,0.02275
Parfetts - Birmingham,314.0,6.0,106.53,2025-05-24 06:00:30+00:00,0.01925,0.00975,0.03575,0.01975
Parfetts - Birmingham,314.0,6.0,106.53,2025-05-24 06:15:30+00:00,0.02625,0.01425,0.03825,0.02675
Parfetts - Birmingham,314.0,6.0,106.53,2025-05-24 06:30:30+00:00,0.03275,0.0175,0.042,0.0335
Parfetts - Birmingham,314.0,6.0,106.53,2025-05-24 06:45:30+00:00,0.03025,0.01775,0.04575,0.03075
Parfetts - Birmingham,314.0,6.0,106.53,2025-05-24 07:00:30+00:00,0.03175,0.01875,0.04825,0.0325
Parfetts - Birmingham,314.0,6.0,106.53,2025-05-24 07:15:30+00:00,0.03825,0.01875,0.05025,0.039
Parfetts - Birmingham,314.0,6.0,106.53,2025-05-24 07:30:30+00:00,0.03325,0.01875,0.052,0.034
Parfetts - Birmingham,314.0,6.0,106.53,2025-05-24 07:45:30+00:00,0.0345,0.0185,0.0515,0.035
Parfetts - Birmingham,314.0,6.0,106.53,2025-05-24 08:00:30+00:00,0.037,0.01725,0.0545,0.0375
Parfetts - Birmingham,314.0,6.0,106.53,2025-05-24 08:15:30+00:00,0.036,0.01775,0.05825,0.0365
Parfetts - Birmingham,314.0,6.0,106.53,2025-05-24 08:30:30+00:00,0.04075,0.0205,0.06875,0.0415
Parfetts - Birmingham,314.0,6.0,106.53,2025-05-24 08:45:30+00:00,0.05675,0.0285,0.07725,0.058
Parfetts - Birmingham,314.0,6.0,106.53,2025-05-24 09:00:30+00:00,0.06075,0.038,0.0825,0.062
Parfetts - Birmingham,314.0,6.0,106.53,2025-05-24 09:15:30+00:00,0.06275,0.03975,0.08075,0.064
Parfetts - Birmingham,314.0,6.0,106.53,2025-05-24 09:30:30+00:00,0.0575,0.03925,0.08025,0.0585
Parfetts - Birmingham,314.0,6.0,106.53,2025-05-24 09:45:30+00:00,0.05875,0.03375,0.084,0.05975
Parfetts - Birmingham,314.0,6.0,106.53,2025-05-24 10:00:30+00:00,0.06,0.0325,0.09775,0.061
Parfetts - Birmingham,314.0,6.0,106.53,2025-05-24 10:15:30+00:00,0.076,0.03575,0.11325,0.07775
Parfetts - Birmingham,314.0,6.0,106.53,2025-05-24 10:30:30+00:00,0.087,0.048,0.127,0.089
Parfetts - Birmingham,314.0,6.0,106.53,2025-05-24 10:45:30+00:00,0.09875,0.0565,0.1315,0.1015
Parfetts - Birmingham,314.0,6.0,106.53,2025-05-24 11:00:30+00:00,0.09625,0.05425,0.126,0.09875
Parfetts - Birmingham,314.0,6.0,106.53,2025-05-24 11:15:30+00:00,0.07475,0.046,0.13875,0.07625
Parfetts - Birmingham,314.0,6.0,106.53,2025-05-24 11:30:30+00:00,0.1035,0.02775,0.14325,0.10625
Parfetts - Birmingham,314.0,6.0,106.53,2025-05-24 11:45:30+00:00,0.078,0.01675,0.14625,0.0795
Parfetts - Birmingham,314.0,6.0,106.53,2025-05-24 12:00:30+00:00,0.04675,0.017,0.12025,0.04725
Parfetts - Birmingham,314.0,6.0,106.53,2025-05-24 12:15:30+00:00,0.0405,0.01675,0.11325,0.041
Parfetts - Birmingham,314.0,6.0,106.53,2025-05-24 12:30:30+00:00,0.0745,0.01675,0.1255,0.0755
Parfetts - Birmingham,314.0,6.0,106.53,2025-05-24 12:45:30+00:00,0.07875,0.0165,0.14625,0.07975
Parfetts - Birmingham,314.0,6.0,106.53,2025-05-24 13:00:30+00:00,0.08475,0.02225,0.15975,0.08575
Parfetts - Birmingham,314.0,6.0,106.53,2025-05-24 13:15:30+00:00,0.1085,0.04725,0.16775,0.10975
Parfetts - Birmingham,314.0,6.0,106.53,2025-05-24 13:30:30+00:00,0.12875,0.0695,0.16475,0.1295
Parfetts - Birmingham,314.0,6.0,106.53,2025-05-24 13:45:30+00:00,0.113,0.07775,0.1515,0.11375
Parfetts - Birmingham,314.0,6.0,106.53,2025-05-24 14:00:30+00:00,0.1015,0.07875,0.137,0.10175
Parfetts - Birmingham,314.0,6.0,106.53,2025-05-24 14:15:30+00:00,0.1085,0.07875,0.13675,0.1085
Parfetts - Birmingham,314.0,6.0,106.53,2025-05-24 14:30:30+00:00,0.11275,0.06375,0.14275,0.11225
Parfetts - Birmingham,314.0,6.0,106.53,2025-05-24 14:45:30+00:00,0.087,0.0425,0.15225,0.08675
Parfetts - Birmingham,314.0,6.0,106.53,2025-05-24 15:00:30+00:00,0.092,0.01825,0.14275,0.091
Parfetts - Birmingham,314.0,6.0,106.53,2025-05-24 15:15:30+00:00,0.04875,0.0125,0.122,0.0485
Parfetts - Birmingham,314.0,6.0,106.53,2025-05-24 15:30:30+00:00,0.029,0.01175,0.087,0.02925
Parfetts - Birmingham,314.0,6.0,106.53,2025-05-24 15:45:30+00:00,0.04025,0.011,0.07225,0.0405
Parfetts - Birmingham,314.0,6.0,106.53,2025-05-24 16:00:30+00:00,0.04225,0.01725,0.06175,0.04225
Parfetts - Birmingham,314.0,6.0,106.53,2025-05-24 16:15:30+00:00,0.0355,0.01525,0.05575,0.03575
Parfetts - Birmingham,314.0,6.0,106.53,2025-05-24 16:30:30+00:00,0.0285,0.009,0.048,0.02875
Parfetts - Birmingham,314.0,6.0,106.53,2025-05-24 16:45:30+00:00,0.021,0.008,0.0415,0.02125
Parfetts - Birmingham,314.0,6.0,106.53,2025-05-24 17:00:30+00:00,0.01975,0.00725,0.03375,0.02
Parfetts - Birmingham,314.0,6.0,106.53,2025-05-24 17:15:30+00:00,0.0115,0.0065,0.02725,0.01175
Parfetts - Birmingham,314.0,6.0,106.53,2025-05-24 17:30:30+00:00,0.00975,0.00575,0.0235,0.00975
Parfetts - Birmingham,314.0,6.0,106.53,2025-05-24 17:45:30+00:00,0.00825,0.005,0.0225,0.00825
Parfetts - Birmingham,314.0,6.0,106.53,2025-05-24 18:00:30+00:00,0.006,0.00425,0.02425,0.006
Parfetts - Birmingham,314.0,6.0,106.53,2025-05-24 18:15:30+00:00,0.014,0.0035,0.0235,0.01425
Parfetts - Birmingham,314.0,6.0,106.53,2025-05-24 18:30:30+00:00,0.0065,0.00275,0.02325,0.0065
Parfetts - Birmingham,314.0,6.0,106.53,2025-05-24 18:45:30+00:00,0.0055,0.00225,0.021,0.0055
Parfetts - Birmingham,314.0,6.0,106.53,2025-05-24 19:00:30+00:00,0.00975,0.002,0.0195,0.0095
Parfetts - Birmingham,314.0,6.0,106.53,2025-05-24 19:15:30+00:00,0.009,0.00175,0.01525,0.0085
Parfetts - Birmingham,314.0,6.0,106.53,2025-05-24 19:30:30+00:00,0.00475,0.00125,0.0075,0.0045
Parfetts - Birmingham,314.0,6.0,106.53,2025-05-24 19:45:30+00:00,0.00125,0.00075,0.002,0.00125
Parfetts - Birmingham,314.0,6.0,106.53,2025-05-24 20:00:30+00:00,0.00025,0.0,0.00025,0.00025
Parfetts - Birmingham,314.0,6.0,106.53,2025-05-24 20:15:30+00:00,0.0,0.0,0.0,0.0
Parfetts - Birmingham,314.0,6.0,106.53,2025-05-24 20:30:30+00:00,0.0,0.0,0.0,0.0
Parfetts - Birmingham,314.0,6.0,106.53,2025-05-24 20:45:30+00:00,0.0,0.0,0.0,0.0
Parfetts - Birmingham,314.0,6.0,106.53,2025-05-24 21:00:30+00:00,0.0,0.0,0.0,0.0
Parfetts - Birmingham,314.0,6.0,106.53,2025-05-24 21:15:30+00:00,0.0,0.0,0.0,0.0
Parfetts - Birmingham,314.0,6.0,106.53,2025-05-24 21:30:30+00:00,0.0,0.0,0.0,0.0
Parfetts - Birmingham,314.0,6.0,106.53,2025-05-24 21:45:30+00:00,0.0,0.0,0.0,0.0
Parfetts - Birmingham,314.0,6.0,106.53,2025-05-24 22:00:30+00:00,0.0,0.0,0.0,0.0
Parfetts - Birmingham,314.0,6.0,106.53,2025-05-24 22:15:30+00:00,0.0,0.0,0.0,0.0
Parfetts - Birmingham,314.0,6.0,106.53,2025-05-24 22:30:30+00:00,0.0,0.0,0.0,0.0
Parfetts - Birmingham,314.0,6.0,106.53,2025-05-24 22:45:30+00:00,0.0,0.0,0.0,0.0
Parfetts - Birmingham,314.0,6.0,106.53,2025-05-24 23:00:30+00:00,0.0,0.0,0.0,0.0
Parfetts - Birmingham,314.0,6.0,106.53,2025-05-24 23:15:30+00:00,0.0,0.0,0.0,0.0
Parfetts - Birmingham,314.0,6.0,106.53,2025-05-24 23:30:30+00:00,0.0,0.0,0.0,0.0
Parfetts - Birmingham,314.0,6.0,106.53,2025-05-24 23:45:30+00:00,0.0,0.0,0.0,0.0
Parfetts - Birmingham,314.0,6.0,106.53,2025-05-25 00:00:30+00:00,0.0,0.0,0.0,0.0
Parfetts - Birmingham,314.0,6.0,106.53,2025-05-25 00:15:30+00:00,0.0,0.0,0.0,0.0
Parfetts - Birmingham,314.0,6.0,106.53,2025-05-25 00:30:30+00:00,0.0,0.0,0.0,0.0
Parfetts - Birmingham,314.0,6.0,106.53,2025-05-25 00:45:30+00:00,0.0,0.0,0.0,0.0
Parfetts - Birmingham,314.0,6.0,106.53,2025-05-25 01:00:30+00:00,0.0,0.0,0.0,0.0
Parfetts - Birmingham,314.0,6.0,106.53,2025-05-25 01:15:30+00:00,0.0,0.0,0.0,0.0
Parfetts - Birmingham,314.0,6.0,106.53,2025-05-25 01:30:30+00:00,0.0,0.0,0.0,0.0
Parfetts - Birmingham,314.0,6.0,106.53,2025-05-25 01:45:30+00:00,0.0,0.0,0.0,0.0
Parfetts - Birmingham,314.0,6.0,106.53,2025-05-25 02:00:30+00:00,0.0,0.0,0.0,0.0
Parfetts - Birmingham,314.0,6.0,106.53,2025-05-25 02:15:30+00:00,0.0,0.0,0.0,0.0
Parfetts - Birmingham,314.0,6.0,106.53,2025-05-25 02:30:30+00:00,0.0,0.0,0.0,0.0
Parfetts - Birmingham,314.0,6.0,106.53,2025-05-25 02:45:30+00:00,0.0,0.0,0.0,0.0
Parfetts - Birmingham,314.0,6.0,106.53,2025-05-25 03:00:30+00:00,0.0,0.0,0.0,0.0
Parfetts - Birmingham,314.0,6.0,106.53,2025-05-25 03:15:30+00:00,0.0,0.0,0.0,0.0
Parfetts - Birmingham,314.0,6.0,106.53,2025-05-25 03:30:30+00:00,0.0,0.0,0.0,0.0
Parfetts - Birmingham,314.0,6.0,106.53,2025-05-25 03:45:30+00:00,0.0,0.0,0.0,0.0
Parfetts - Birmingham,314.0,6.0,106.53,2025-05-25 04:00:30+00:00,0.0,0.0,0.0005,0.0
Parfetts - Birmingham,314.0,6.0,106.53,2025-05-25 04:15:30+00:00,0.0005,0.0005,0.0025,0.0005
Parfetts - Birmingham,314.0,6.0,106.53,2025-05-25 04:30:30+00:00,0.0015,0.00075,0.0055,0.0015
Parfetts - Birmingham,314.0,6.0,106.53,2025-05-25 04:45:30+00:00,0.003,0.0015,0.0115,0.003
Parfetts - Birmingham,314.0,6.0,106.53,2025-05-25 05:00:30+00:00,0.01,0.002,0.018,0.0105
Parfetts - Birmingham,314.0,6.0,106.53,2025-05-25 05:15:30+00:00,0.01325,0.003,0.023,0.0135
Parfetts - Birmingham,314.0,6.0,106.53,2025-05-25 05:30:30+00:00,0.01575,0.00575,0.02625,0.01625
Parfetts - Birmingham,314.0,6.0,106.53,2025-05-25 05:45:30+00:00,0.01875,0.01025,0.03025,0.019
Parfetts - Birmingham,314.0,6.0,106.53,2025-05-25 06:00:30+00:00,0.026,0.011,0.035,0.02675
Parfetts - Birmingham,314.0,6.0,106.53,2025-05-25 06:15:30+00:00,0.0245,0.0135,0.04425,0.025
Parfetts - Birmingham,314.0,6.0,106.53,2025-05-25 06:30:30+00:00,0.035,0.0095,0.04675,0.0365
Parfetts - Birmingham,314.0,6.0,106.53,2025-05-25 06:45:30+00:00,0.02525,0.00725,0.0585,0.026
Parfetts - Birmingham,314.0,6.0,106.53,2025-05-25 07:00:30+00:00,0.0245,0.008,0.073,0.025
Parfetts - Birmingham,314.0,6.0,106.53,2025-05-25 07:15:30+00:00,0.04375,0.00875,0.107,0.04525
Parfetts - Birmingham,314.0,6.0,106.53,2025-05-25 07:30:30+00:00,0.09125,0.03075,0.11975,0.10025
Parfetts - Birmingham,314.0,6.0,106.53,2025-05-25 07:45:30+00:00,0.116,0.065,0.12675,0.12975
Parfetts - Birmingham,314.0,6.0,106.53,2025-05-25 08:00:30+00:00,0.12175,0.07375,0.1355,0.13625
Parfetts - Birmingham,314.0,6.0,106.53,2025-05-25 08:15:30+00:00,0.1285,0.07325,0.145,0.14325
Parfetts - Birmingham,314.0,6.0,106.53,2025-05-25 08:30:30+00:00,0.12775,0.04,0.157,0.13925
Parfetts - Birmingham,314.0,6.0,106.53,2025-05-25 08:45:30+00:00,0.07,0.03975,0.171,0.07375
Parfetts - Birmingham,314.0,6.0,106.53,2025-05-25 09:00:30+00:00,0.137,0.0345,0.1745,0.1475
Parfetts - Birmingham,314.0,6.0,106.53,2025-05-25 09:15:30+00:00,0.126,0.0675,0.1845,0.13425
Parfetts - Birmingham,314.0,6.0,106.53,2025-05-25 09:30:30+00:00,0.1275,0.07375,0.192,0.13525
Parfetts - Birmingham,314.0,6.0,106.53,2025-05-25 09:45:30+00:00,0.159,0.076,0.19525,0.17125
Parfetts - Birmingham,314.0,6.0,106.53,2025-05-25 10:00:30+00:00,0.1465,0.04525,0.20325,0.156
Parfetts - Birmingham,314.0,6.0,106.53,2025-05-25 10:15:30+00:00,0.09225,0.01825,0.1975,0.096
Parfetts - Birmingham,314.0,6.0,106.53,2025-05-25 10:30:30+00:00,0.0665,0.01625,0.21125,0.068
Parfetts - Birmingham,314.0,6.0,106.53,2025-05-25 10:45:30+00:00,0.17225,0.0465,0.2185,0.182
Parfetts - Birmingham,314.0,6.0,106.53,2025-05-25 11:00:30+00:00,0.191,0.0745,0.2215,0.20175
Parfetts - Birmingham,314.0,6.0,106.53,2025-05-25 11:15:30+00:00,0.1345,0.06425,0.228,0.1395
Parfetts - Birmingham,314.0,6.0,106.53,2025-05-25 11:30:30+00:00,0.1245,0.059,0.2035,0.12825
Parfetts - Birmingham,314.0,6.0,106.53,2025-05-25 11:45:30+00:00,0.13275,0.067,0.20625,0.13675
Parfetts - Birmingham,314.0,6.0,106.53,2025-05-25 12:00:30+00:00,0.15175,0.058,0.2015,0.1565
Parfetts - Birmingham,314.0,6.0,106.53,2025-05-25 12:15:30+00:00,0.105,0.05725,0.22975,0.10725
Parfetts - Birmingham,314.0,6.0,106.53,2025-05-25 12:30:30+00:00,0.16975,0.06,0.23175,0.17425
Parfetts - Birmingham,314.0,6.0,106.53,2025-05-25 12:45:30+00:00,0.18425,0.099,0.2305,0.18825
Parfetts - Birmingham,314.0,6.0,106.53,2025-05-25 13:00:30+00:00,0.191,0.10125,0.22875,0.19425
Parfetts - Birmingham,314.0,6.0,106.53,2025-05-25 13:15:30+00:00,0.1385,0.10075,0.2155,0.14
Parfetts - Birmingham,314.0,6.0,106.53,2025-05-25 13:30:30+00:00,0.14325,0.0985,0.19575,0.144
Parfetts - Birmingham,314.0,6.0,106.53,2025-05-25 13:45:30+00:00,0.159,0.11425,0.18975,0.15925
Parfetts - Birmingham,314.0,6.0,106.53,2025-05-25 14:00:30+00:00,0.1535,0.131,0.17775,0.15275
Parfetts - Birmingham,314.0,6.0,106.53,2025-05-25 14:15:30+00:00,0.15025,0.118,0.17875,0.149
Parfetts - Birmingham,314.0,6.0,106.53,2025-05-25 14:30:30+00:00,0.14075,0.0945,0.19125,0.13875
Parfetts - Birmingham,314.0,6.0,106.53,2025-05-25 14:45:30+00:00,0.1365,0.05375,0.19375,0.13375
Parfetts - Birmingham,314.0,6.0,106.53,2025-05-25 15:00:30+00:00,0.09175,0.01975,0.17375,0.09025
Parfetts - Birmingham,314.0,6.0,106.53,2025-05-25 15:15:30+00:00,0.0605,0.013,0.12975,0.0605
Parfetts - Birmingham,314.0,6.0,106.53,2025-05-25 15:30:30+00:00,0.05125,0.01225,0.10975,0.0515
Parfetts - Birmingham,314.0,6.0,106.53,2025-05-25 15:45:30+00:00,0.0665,0.023,0.10225,0.0655
Parfetts - Birmingham,314.0,6.0,106.53,2025-05-25 16:00:30+00:00,0.069,0.0345,0.107,0.0675
Parfetts - Birmingham,314.0,6.0,106.53,2025-05-25 16:15:30+00:00,0.07675,0.04125,0.10175,0.07425
Parfetts - Birmingham,314.0,6.0,106.53,2025-05-25 16:30:30+00:00,0.0675,0.04725,0.0955,0.06525
Parfetts - Birmingham,314.0,6.0,106.53,2025-05-25 16:45:30+00:00,0.07,0.0465,0.0905,0.067
Parfetts - Birmingham,314.0,6.0,106.53,2025-05-25 17:00:30+00:00,0.068,0.0485,0.08925,0.064
Parfetts - Birmingham,314.0,6.0,106.53,2025-05-25 17:15:30+00:00,0.06875,0.045,0.085,0.06325
Parfetts - Birmingham,314.0,6.0,106.53,2025-05-25 17:30:30+00:00,0.0565,0.03625,0.07525,0.05175
Parfetts - Birmingham,314.0,6.0,106.53,2025-05-25 17:45:30+00:00,0.04075,0.028,0.06775,0.03825
Parfetts - Birmingham,314.0,6.0,106.53,2025-05-25 18:00:30+00:00,0.0515,0.025,0.06675,0.0445
Parfetts - Birmingham,314.0,6.0,106.53,2025-05-25 18:15:30+00:00,0.042,0.01825,0.059,0.03625
Parfetts - Birmingham,314.0,6.0,106.53,2025-05-25 18:30:30+00:00,0.0205,0.00975,0.043,0.01925
Parfetts - Birmingham,314.0,6.0,106.53,2025-05-25 18:45:30+00:00,0.0215,0.0065,0.037,0.01875
Parfetts - Birmingham,314.0,6.0,106.53,2025-05-25 19:00:30+00:00,0.02425,0.0085,0.032,0.01875
Parfetts - Birmingham,314.0,6.0,106.53,2025-05-25 19:15:30+00:00,0.0145,0.00725,0.021,0.01125
Parfetts - Birmingham,314.0,6.0,106.53,2025-05-25 19:30:30+00:00,0.006,0.00325,0.0095,0.0055
Parfetts - Birmingham,314.0,6.0,106.53,2025-05-25 19:45:30+00:00,0.00175,0.00125,0.003,0.00175
Parfetts - Birmingham,314.0,6.0,106.53,2025-05-25 20:00:30+00:00,0.00025,0.00025,0.0005,0.00025
Parfetts - Birmingham,314.0,6.0,106.53,2025-05-25 20:15:30+00:00,0.0,0.0,0.0,0.0
Parfetts - Birmingham,314.0,6.0,106.53,2025-05-25 20:30:30+00:00,0.0,0.0,0.0,0.0
Parfetts - Birmingham,314.0,6.0,106.53,2025-05-25 20:45:30+00:00,0.0,0.0,0.0,0.0
Parfetts - Birmingham,314.0,6.0,106.53,2025-05-25 21:00:30+00:00,0.0,0.0,0.0,0.0
Parfetts - Birmingham,314.0,6.0,106.53,2025-05-25 21:15:30+00:00,0.0,0.0,0.0,0.0
Parfetts - Birmingham,314.0,6.0,106.53,2025-05-25 21:30:30+00:00,0.0,0.0,0.0,0.0
Parfetts - Birmingham,314.0,6.0,106.53,2025-05-25 21:45:30+00:00,0.0,0.0,0.0,0.0
Parfetts - Birmingham,314.0,6.0,106.53,2025-05-25 22:00:30+00:00,0.0,0.0,0.0,0.0
Parfetts - Birmingham,314.0,6.0,106.53,2025-05-25 22:15:30+00:00,0.0,0.0,0.0,0.0
Parfetts - Birmingham,314.0,6.0,106.53,2025-05-25 22:30:30+00:00,0.0,0.0,0.0,0.0
Parfetts - Birmingham,314.0,6.0,106.53,2025-05-25 22:45:30+00:00,0.0,0.0,0.0,0.0
Parfetts - Birmingham,314.0,6.0,106.53,2025-05-25 23:00:30+00:00,0.0,0.0,0.0,0.0
Parfetts - Birmingham,314.0,6.0,106.53,2025-05-25 23:15:30+00:00,0.0,0.0,0.0,0.0
Parfetts - Birmingham,314.0,6.0,106.53,2025-05-25 23:30:30+00:00,0.0,0.0,0.0,0.0
Parfetts - Birmingham,314.0,6.0,106.53,2025-05-25 23:45:30+00:00,0.0,0.0,0.0,0.0
Parfetts - Birmingham,314.0,6.0,106.53,2025-05-26 00:00:30+00:00,0.0,0.0,0.0,0.0
Parfetts - Birmingham,314.0,6.0,106.53,2025-05-26 00:15:30+00:00,0.0,0.0,0.0,0.0
Parfetts - Birmingham,314.0,6.0,106.53,2025-05-26 00:30:30+00:00,0.0,0.0,0.0,0.0
Parfetts - Birmingham,314.0,6.0,106.53,2025-05-26 00:45:30+00:00,0.0,0.0,0.0,0.0
Parfetts - Birmingham,314.0,6.0,106.53,2025-05-26 01:00:30+00:00,0.0,0.0,0.0,0.0
Parfetts - Birmingham,314.0,6.0,106.53,2025-05-26 01:15:30+00:00,0.0,0.0,0.0,0.0
Parfetts - Birmingham,314.0,6.0,106.53,2025-05-26 01:30:30+00:00,0.0,0.0,0.0,0.0
Parfetts - Birmingham,314.0,6.0,106.53,2025-05-26 01:45:30+00:00,0.0,0.0,0.0,0.0
Parfetts - Birmingham,314.0,6.0,106.53,2025-05-26 02:00:30+00:00,0.0,0.0,0.0,0.0
Parfetts - Birmingham,314.0,6.0,106.53,2025-05-26 02:15:30+00:00,0.0,0.0,0.0,0.0
Parfetts - Birmingham,314.0,6.0,106.53,2025-05-26 02:30:30+00:00,0.0,0.0,0.0,0.0
Parfetts - Birmingham,314.0,6.0,106.53,2025-05-26 02:45:30+00:00,0.0,0.0,0.0,0.0
Parfetts - Birmingham,314.0,6.0,106.53,2025-05-26 03:00:30+00:00,0.0,0.0,0.0,0.0
Parfetts - Birmingham,314.0,6.0,106.53,2025-05-26 03:15:30+00:00,0.0,0.0,0.0,0.0
Parfetts - Birmingham,314.0,6.0,106.53,2025-05-26 03:30:30+00:00,0.0,0.0,0.0,0.0
Parfetts - Birmingham,314.0,6.0,106.53,2025-05-26 03:45:30+00:00,0.0,0.0,0.0,0.0
Parfetts - Birmingham,314.0,6.0,106.53,2025-05-26 04:00:30+00:00,0.00025,0.0,0.001,0.00025
Parfetts - Birmingham,314.0,6.0,106.53,2025-05-26 04:15:30+00:00,0.0015,0.0005,0.00475,0.0015
Parfetts - Birmingham,314.0,6.0,106.53,2025-05-26 04:30:30+00:00,0.00275,0.001,0.01125,0.00275
Parfetts - Birmingham,314.0,6.0,106.53,2025-05-26 04:45:30+00:00,0.01325,0.00275,0.0175,0.015
Parfetts - Birmingham,314.0,6.0,106.53,2025-05-26 05:00:30+00:00,0.019,0.01,0.02475,0.02225
Parfetts - Birmingham,314.0,6.0,106.53,2025-05-26 05:15:30+00:00,0.02625,0.01725,0.0325,0.0305
Parfetts - Birmingham,314.0,6.0,106.53,2025-05-26 05:30:30+00:00,0.03475,0.02625,0.04025,0.04075
Parfetts - Birmingham,314.0,6.0,106.53,2025-05-26 05:45:30+00:00,0.04275,0.0345,0.049,0.05
Parfetts - Birmingham,314.0,6.0,106.53,2025-05-26 06:00:30+00:00,0.05125,0.041,0.058,0.0595
Parfetts - Birmingham,314.0,6.0,106.53,2025-05-26 06:15:30+00:00,0.05625,0.04725,0.067,0.0645
Parfetts - Birmingham,314.0,6.0,106.53,2025-05-26 06:30:30+00:00,0.0635,0.053,0.0735,0.07175
Parfetts - Birmingham,314.0,6.0,106.53,2025-05-26 06:45:30+00:00,0.06975,0.05775,0.08325,0.07775
Parfetts - Birmingham,314.0,6.0,106.53,2025-05-26 07:00:30+00:00,0.0775,0.064,0.0965,0.086
Parfetts - Birmingham,314.0,6.0,106.53,2025-05-26 07:15:30+00:00,0.09275,0.05525,0.1075,0.104
Parfetts - Birmingham,314.0,6.0,106.53,2025-05-26 07:30:30+00:00,0.08575,0.04825,0.11975,0.09375
Parfetts - Birmingham,314.0,6.0,106.53,2025-05-26 07:45:30+00:00,0.09125,0.0325,0.13025,0.0985
Parfetts - Birmingham,314.0,6.0,106.53,2025-05-26 08:00:30+00:00,0.06675,0.033,0.13075,0.07025
Parfetts - Birmingham,314.0,6.0,106.53,2025-05-26 08:15:30+00:00,0.08325,0.03625,0.11425,0.08825
Parfetts - Birmingham,314.0,6.0,106.53,2025-05-26 08:30:30+00:00,0.077,0.032,0.12275,0.0805
Parfetts - Birmingham,314.0,6.0,106.53,2025-05-26 08:45:30+00:00,0.07075,0.02675,0.12675,0.07275
Parfetts - Birmingham,314.0,6.0,106.53,2025-05-26 09:00:30+00:00,0.07975,0.0335,0.1565,0.083
Parfetts - Birmingham,314.0,6.0,106.53,2025-05-26 09:15:30+00:00,0.1305,0.039,0.16425,0.13975
Parfetts - Birmingham,314.0,6.0,106.53,2025-05-26 09:30:30+00:00,0.098,0.03575,0.172,0.10275
Parfetts - Birmingham,314.0,6.0,106.53,2025-05-26 09:45:30+00:00,0.081,0.02025,0.16675,0.0835
Parfetts - Birmingham,314.0,6.0,106.53,2025-05-26 10:00:30+00:00,0.09775,0.036,0.1885,0.1015
Parfetts - Birmingham,314.0,6.0,106.53,2025-05-26 10:15:30+00:00,0.1535,0.04225,0.20525,0.163
Parfetts - Birmingham,314.0,6.0,106.53,2025-05-26 10:30:30+00:00,0.12275,0.03725,0.21525,0.12825
Parfetts - Birmingham,314.0,6.0,106.53,2025-05-26 10:45:30+00:00,0.103,0.0205,0.1865,0.10625
Parfetts - Birmingham,314.0,6.0,106.53,2025-05-26 11:00:30+00:00,0.0705,0.01675,0.16,0.07175
Parfetts - Birmingham,314.0,6.0,106.53,2025-05-26 11:15:30+00:00,0.0715,0.017,0.145,0.07275
Parfetts - Birmingham,314.0,6.0,106.53,2025-05-26 11:30:30+00:00,0.09825,0.0195,0.13425,0.1005
Parfetts - Birmingham,314.0,6.0,106.53,2025-05-26 11:45:30+00:00,0.048,0.01725,0.133,0.04875
Parfetts - Birmingham,314.0,6.0,106.53,2025-05-26 12:00:30+00:00,0.06775,0.01725,0.11575,0.069
Parfetts - Birmingham,314.0,6.0,106.53,2025-05-26 12:15:30+00:00,0.06525,0.01725,0.10775,0.066
Parfetts - Birmingham,314.0,6.0,106.53,2025-05-26 12:30:30+00:00,0.04325,0.017,0.091,0.0435
Parfetts - Birmingham,314.0,6.0,106.53,2025-05-26 12:45:30+00:00,0.0365,0.017,0.08725,0.03675
Parfetts - Birmingham,314.0,6.0,106.53,2025-05-26 13:00:30+00:00,0.05075,0.01675,0.0965,0.05125
Parfetts - Birmingham,314.0,6.0,106.53,2025-05-26 13:15:30+00:00,0.0695,0.0165,0.10225,0.07025
Parfetts - Birmingham,314.0,6.0,106.53,2025-05-26 13:30:30+00:00,0.05575,0.01625,0.09625,0.05625
Parfetts - Birmingham,314.0,6.0,106.53,2025-05-26 13:45:30+00:00,0.034,0.01575,0.08925,0.03425
Parfetts - Birmingham,314.0,6.0,106.53,2025-05-26 14:00:30+00:00,0.04325,0.0155,0.09325,0.0435
Parfetts - Birmingham,314.0,6.0,106.53,2025-05-26 14:15:30+00:00,0.064,0.01525,0.10275,0.06425
Parfetts - Birmingham,314.0,6.0,106.53,2025-05-26 14:30:30+00:00,0.06925,0.02725,0.10475,0.0695
Parfetts - Birmingham,314.0,6.0,106.53,2025-05-26 14:45:30+00:00,0.064,0.025,0.09325,0.064
Parfetts - Birmingham,314.0,6.0,106.53,2025-05-26 15:00:30+00:00,0.04375,0.0135,0.08625,0.04375
Parfetts - Birmingham,314.0,6.0,106.53,2025-05-26 15:15:30+00:00,0.03675,0.01275,0.08175,0.037
Parfetts - Birmingham,314.0,6.0,106.53,2025-05-26 15:30:30+00:00,0.03875,0.012,0.095,0.039
Parfetts - Birmingham,314.0,6.0,106.53,2025-05-26 15:45:30+00:00,0.07125,0.01425,0.104,0.07
Parfetts - Birmingham,314.0,6.0,106.53,2025-05-26 16:00:30+00:00,0.06575,0.03,0.10625,0.06475
Parfetts - Birmingham,314.0,6.0,106.53,2025-05-26 16:15:30+00:00,0.067,0.028,0.08925,0.06525
Parfetts - Birmingham,314.0,6.0,106.53,2025-05-26 16:30:30+00:00,0.04175,0.02625,0.07775,0.04125
Parfetts - Birmingham,314.0,6.0,106.53,2025-05-26 16:45:30+00:00,0.04825,0.0165,0.068,0.04725
Parfetts - Birmingham,314.0,6.0,106.53,2025-05-26 17:00:30+00:00,0.03525,0.009,0.06425,0.03475
Parfetts - Birmingham,314.0,6.0,106.53,2025-05-26 17:15:30+00:00,0.02625,0.007,0.052,0.02625
Parfetts - Birmingham,314.0,6.0,106.53,2025-05-26 17:30:30+00:00,0.0175,0.006,0.041,0.01775
Parfetts - Birmingham,314.0,6.0,106.53,2025-05-26 17:45:30+00:00,0.00875,0.00525,0.0345,0.00875
Parfetts - Birmingham,314.0,6.0,106.53,2025-05-26 18:00:30+00:00,0.021,0.00475,0.03125,0.0205
Parfetts - Birmingham,314.0,6.0,106.53,2025-05-26 18:15:30+00:00,0.011,0.004,0.028,0.011
Parfetts - Birmingham,314.0,6.0,106.53,2025-05-26 18:30:30+00:00,0.008,0.00325,0.02175,0.00825
Parfetts - Birmingham,314.0,6.0,106.53,2025-05-26 18:45:30+00:00,0.0085,0.0025,0.01875,0.0085
Parfetts - Birmingham,314.0,6.0,106.53,2025-05-26 19:00:30+00:00,0.0095,0.00175,0.0165,0.00925
Parfetts - Birmingham,314.0,6.0,106.53,2025-05-26 19:15:30+00:00,0.00675,0.00125,0.012,0.00675
Parfetts - Birmingham,314.0,6.0,106.53,2025-05-26 19:30:30+00:00,0.0035,0.00075,0.007,0.00375
Parfetts - Birmingham,314.0,6.0,106.53,2025-05-26 19:45:30+00:00,0.00125,0.0005,0.00325,0.00125
Parfetts - Birmingham,314.0,6.0,106.53,2025-05-26 20:00:30+00:00,0.0005,0.0,0.001,0.0005
Parfetts - Birmingham,314.0,6.0,106.53,2025-05-26 20:15:30+00:00,0.0,0.0,0.0,0.0
Parfetts - Birmingham,314.0,6.0,106.53,2025-05-26 20:30:30+00:00,0.0,0.0,0.0,0.0
Parfetts - Birmingham,314.0,6.0,106.53,2025-05-26 20:45:30+00:00,0.0,0.0,0.0,0.0
Parfetts - Birmingham,314.0,6.0,106.53,2025-05-26 21:00:30+00:00,0.0,0.0,0.0,0.0
Parfetts - Birmingham,314.0,6.0,106.53,2025-05-26 21:15:30+00:00,0.0,0.0,0.0,0.0
Parfetts - Birmingham,314.0,6.0,106.53,2025-05-26 21:30:30+00:00,0.0,0.0,0.0,0.0
Parfetts - Birmingham,314.0,6.0,106.53,2025-05-26 21:45:30+00:00,0.0,0.0,0.0,0.0
Parfetts - Birmingham,314.0,6.0,106.53,2025-05-26 22:00:30+00:00,0.0,0.0,0.0,0.0
Parfetts - Birmingham,314.0,6.0,106.53,2025-05-26 22:15:30+00:00,0.0,0.0,0.0,0.0
Parfetts - Birmingham,314.0,6.0,106.53,2025-05-26 22:30:30+00:00,0.0,0.0,0.0,0.0
Parfetts - Birmingham,314.0,6.0,106.53,2025-05-26 22:45:30+00:00,0.0,0.0,0.0,0.0
Parfetts - Birmingham,314.0,6.0,106.53,2025-05-26 23:00:30+00:00,0.0,0.0,0.0,0.0
Parfetts - Birmingham,314.0,6.0,106.53,2025-05-26 23:15:30+00:00,0.0,0.0,0.0,0.0
Parfetts - Birmingham,314.0,6.0,106.53,2025-05-26 23:30:30+00:00,0.0,0.0,0.0,0.0
Parfetts - Birmingham,314.0,6.0,106.53,2025-05-26 23:45:30+00:00,0.0,0.0,0.0,0.0
Parfetts - Birmingham,314.0,6.0,106.53,2025-05-27 00:00:30+00:00,0.0,0.0,0.0,0.0
Parfetts - Birmingham,314.0,6.0,106.53,2025-05-27 00:15:30+00:00,0.0,0.0,0.0,0.0
Parfetts - Birmingham,314.0,6.0,106.53,2025-05-27 00:30:30+00:00,0.0,0.0,0.0,0.0
Parfetts - Birmingham,314.0,6.0,106.53,2025-05-27 00:45:30+00:00,0.0,0.0,0.0,0.0
Parfetts - Birmingham,314.0,6.0,106.53,2025-05-27 01:00:30+00:00,0.0,0.0,0.0,0.0
Parfetts - Birmingham,314.0,6.0,106.53,2025-05-27 01:15:30+00:00,0.0,0.0,0.0,0.0
Parfetts - Birmingham,314.0,6.0,106.53,2025-05-27 01:30:30+00:00,0.0,0.0,0.0,0.0
Parfetts - Birmingham,314.0,6.0,106.53,2025-05-27 01:45:30+00:00,0.0,0.0,0.0,0.0
Parfetts - Birmingham,314.0,6.0,106.53,2025-05-27 02:00:30+00:00,0.0,0.0,0.0,0.0
Parfetts - Birmingham,314.0,6.0,106.53,2025-05-27 02:15:30+00:00,0.0,0.0,0.0,0.0
Parfetts - Birmingham,314.0,6.0,106.53,2025-05-27 02:30:30+00:00,0.0,0.0,0.0,0.0
Parfetts - Birmingham,314.0,6.0,106.53,2025-05-27 02:45:30+00:00,0.0,0.0,0.0,0.0
Parfetts - Birmingham,314.0,6.0,106.53,2025-05-27 03:00:30+00:00,0.0,0.0,0.0,0.0
Parfetts - Birmingham,314.0,6.0,106.53,2025-05-27 03:15:30+00:00,0.0,0.0,0.0,0.0
Parfetts - Birmingham,314.0,6.0,106.53,2025-05-27 03:30:30+00:00,0.0,0.0,0.0,0.0
Parfetts - Birmingham,314.0,6.0,106.53,2025-05-27 03:45:30+00:00,0.0,0.0,0.0,0.0
Parfetts - Birmingham,314.0,6.0,106.53,2025-05-27 04:00:30+00:00,0.001,0.00075,0.0015,0.001
Parfetts - Birmingham,314.0,6.0,106.53,2025-05-27 04:15:30+00:00,0.00375,0.00225,0.00575,0.004
Parfetts - Birmingham,314.0,6.0,106.53,2025-05-27 04:30:30+00:00,0.00775,0.0045,0.01175,0.00825
Parfetts - Birmingham,314.0,6.0,106.53,2025-05-27 04:45:30+00:00,0.01325,0.00625,0.018,0.015
Parfetts - Birmingham,314.0,6.0,106.53,2025-05-27 05:00:30+00:00,0.016,0.0075,0.0245,0.0175
Parfetts - Birmingham,314.0,6.0,106.53,2025-05-27 05:15:30+00:00,0.01875,0.009,0.03225,0.01975
Parfetts - Birmingham,314.0,6.0,106.53,2025-05-27 05:30:30+00:00,0.026,0.01,0.03775,0.028
Parfetts - Birmingham,314.0,6.0,106.53,2025-05-27 05:45:30+00:00,0.0275,0.0085,0.04225,0.02925
Parfetts - Birmingham,314.0,6.0,106.53,2025-05-27 06:00:30+00:00,0.02275,0.0105,0.04675,0.02325
Parfetts - Birmingham,314.0,6.0,106.53,2025-05-27 06:15:30+00:00,0.03375,0.01325,0.0505,0.03525
Parfetts - Birmingham,314.0,6.0,106.53,2025-05-27 06:30:30+00:00,0.03925,0.024,0.0585,0.041
Parfetts - Birmingham,314.0,6.0,106.53,2025-05-27 06:45:30+00:00,0.04975,0.026,0.065,0.0525
Parfetts - Birmingham,314.0,6.0,106.53,2025-05-27 07:00:30+00:00,0.04825,0.02625,0.07075,0.05025
Parfetts - Birmingham,314.0,6.0,106.53,2025-05-27 07:15:30+00:00,0.047,0.0215,0.07075,0.0485
Parfetts - Birmingham,314.0,6.0,106.53,2025-05-27 07:30:30+00:00,0.04225,0.02275,0.06725,0.04325
Parfetts - Birmingham,314.0,6.0,106.53,2025-05-27 07:45:30+00:00,0.04525,0.0255,0.07175,0.04625
Parfetts - Birmingham,314.0,6.0,106.53,2025-05-27 08:00:30+00:00,0.0575,0.02375,0.07775,0.059
Parfetts - Birmingham,314.0,6.0,106.53,2025-05-27 08:15:30+00:00,0.05,0.01525,0.0815,0.051
Parfetts - Birmingham,314.0,6.0,106.53,2025-05-27 08:30:30+00:00,0.037,0.01225,0.074,0.03775
Parfetts - Birmingham,314.0,6.0,106.53,2025-05-27 08:45:30+00:00,0.03775,0.01425,0.07,0.03825
Parfetts - Birmingham,314.0,6.0,106.53,2025-05-27 09:00:30+00:00,0.0505,0.02175,0.0725,0.0515
Parfetts - Birmingham,314.0,6.0,106.53,2025-05-27 09:15:30+00:00,0.053,0.02,0.0775,0.054
Parfetts - Birmingham,314.0,6.0,106.53,2025-05-27 09:30:30+00:00,0.0425,0.0145,0.07825,0.043
Parfetts - Birmingham,314.0,6.0,106.53,2025-05-27 09:45:30+00:00,0.03525,0.01525,0.06975,0.0355
Parfetts - Birmingham,314.0,6.0,106.53,2025-05-27 10:00:30+00:00,0.02925,0.0155,0.06075,0.0295
Parfetts - Birmingham,314.0,6.0,106.53,2025-05-27 10:15:30+00:00,0.02975,0.016,0.05525,0.03
Parfetts - Birmingham,314.0,6.0,106.53,2025-05-27 10:30:30+00:00,0.03225,0.01625,0.05675,0.03275
Parfetts - Birmingham,314.0,6.0,106.53,2025-05-27 10:45:30+00:00,0.0325,0.01675,0.063,0.033
Parfetts - Birmingham,314.0,6.0,106.53,2025-05-27 11:00:30+00:00,0.04325,0.01675,0.06875,0.04375
Parfetts - Birmingham,314.0,6.0,106.53,2025-05-27 11:15:30+00:00,0.0475,0.02,0.07175,0.04825
Parfetts - Birmingham,314.0,6.0,106.53,2025-05-27 11:30:30+00:00,0.0465,0.02,0.0695,0.047
Parfetts - Birmingham,314.0,6.0,106.53,2025-05-27 11:45:30+00:00,0.03975,0.019,0.06575,0.04025
Parfetts - Birmingham,314.0,6.0,106.53,2025-05-27 12:00:30+00:00,0.0405,0.0175,0.06525,0.04075
Parfetts - Birmingham,314.0,6.0,106.53,2025-05-27 12:15:30+00:00,0.04375,0.01725,0.072,0.044
Parfetts - Birmingham,314.0,6.0,106.53,2025-05-27 12:30:30+00:00,0.04275,0.01725,0.0755,0.043
Parfetts - Birmingham,314.0,6.0,106.53,2025-05-27 12:45:30+00:00,0.03325,0.017,0.0865,0.0335
Parfetts - Birmingham,314.0,6.0,106.53,2025-05-27 13:00:30+00:00,0.06225,0.01675,0.0875,0.063
Parfetts - Birmingham,314.0,6.0,106.53,2025-05-27 13:15:30+00:00,0.048,0.0165,0.089,0.0485
Parfetts - Birmingham,314.0,6.0,106.53,2025-05-27 13:30:30+00:00,0.047,0.01625,0.0835,0.0475
Parfetts - Birmingham,314.0,6.0,106.53,2025-05-27 13:45:30+00:00,0.04,0.016,0.09275,0.04025
Parfetts - Birmingham,314.0,6.0,106.53,2025-05-27 14:00:30+00:00,0.04625,0.0155,0.11375,0.04675
Parfetts - Birmingham,314.0,6.0,106.53,2025-05-27 14:15:30+00:00,0.07225,0.015,0.13775,0.0725
Parfetts - Birmingham,314.0,6.0,106.53,2025-05-27 14:30:30+00:00,0.09475,0.0315,0.1435,0.0945
Parfetts - Birmingham,314.0,6.0,106.53,2025-05-27 14:45:30+00:00,0.09425,0.05425,0.1345,0.09375
Parfetts - Birmingham,314.0,6.0,106.53,2025-05-27 15:00:30+00:00,0.09375,0.05975,0.11925,0.09275
Parfetts - Birmingham,314.0,6.0,106.53,2025-05-27 15:15:30+00:00,0.0795,0.053,0.1105,0.07875
Parfetts - Birmingham,314.0,6.0,106.53,2025-05-27 15:30:30+00:00,0.07175,0.039,0.1,0.071
Parfetts - Birmingham,314.0,6.0,106.53,2025-05-27 15:45:30+00:00,0.0565,0.02625,0.093,0.0565
Parfetts - Birmingham,314.0,6.0,106.53,2025-05-27 16:00:30+00:00,0.0505,0.01075,0.0925,0.0505
Parfetts - Birmingham,314.0,6.0,106.53,2025-05-27 16:15:30+00:00,0.04375,0.01,0.0905,0.0435
Parfetts - Birmingham,314.0,6.0,106.53,2025-05-27 16:30:30+00:00,0.023,0.00925,0.09225,0.023
Parfetts - Birmingham,314.0,6.0,106.53,2025-05-27 16:45:30+00:00,0.07125,0.01425,0.096,0.06725
Parfetts - Birmingham,314.0,6.0,106.53,2025-05-27 17:00:30+00:00,0.03325,0.00825,0.091,0.03175
Parfetts - Birmingham,314.0,6.0,106.53,2025-05-27 17:15:30+00:00,0.04,0.008,0.06975,0.0385
Parfetts - Birmingham,314.0,6.0,106.53,2025-05-27 17:30:30+00:00,0.03025,0.0065,0.05925,0.0295
Parfetts - Birmingham,314.0,6.0,106.53,2025-05-27 17:45:30+00:00,0.029,0.01,0.05525,0.028
Parfetts - Birmingham,314.0,6.0,106.53,2025-05-27 18:00:30+00:00,0.041,0.01,0.05225,0.03725
Parfetts - Birmingham,314.0,6.0,106.53,2025-05-27 18:15:30+00:00,0.02,0.00875,0.047,0.01925
Parfetts - Birmingham,314.0,6.0,106.53,2025-05-27 18:30:30+00:00,0.0265,0.00525,0.039,0.0235
Parfetts - Birmingham,314.0,6.0,106.53,2025-05-27 18:45:30+00:00,0.011,0.00275,0.02925,0.01
Parfetts - Birmingham,314.0,6.0,106.53,2025-05-27 19:00:30+00:00,0.006,0.00175,0.01775,0.006
Parfetts - Birmingham,314.0,6.0,106.53,2025-05-27 19:15:30+00:00,0.00775,0.0015,0.0135,0.0075
Parfetts - Birmingham,314.0,6.0,106.53,2025-05-27 19:30:30+00:00,0.005,0.001,0.00875,0.005
Parfetts - Birmingham,314.0,6.0,106.53,2025-05-27 19:45:30+00:00,0.00175,0.0005,0.00375,0.00175
Parfetts - Birmingham,314.0,6.0,106.53,2025-05-27 20:00:30+00:00,0.0005,0.00025,0.00125,0.0005
Parfetts - Birmingham,314.0,6.0,106.53,2025-05-27 20:15:30+00:00,0.0,0.0,0.0,0.0
Parfetts - Birmingham,314.0,6.0,106.53,2025-05-27 20:30:30+00:00,0.0,0.0,0.0,0.0
Parfetts - Birmingham,314.0,6.0,106.53,2025-05-27 20:45:30+00:00,0.0,0.0,0.0,0.0
Parfetts - Birmingham,314.0,6.0,106.53,2025-05-27 21:00:30+00:00,0.0,0.0,0.0,0.0
Parfetts - Birmingham,314.0,6.0,106.53,2025-05-27 21:15:30+00:00,0.0,0.0,0.0,0.0
Parfetts - Birmingham,314.0,6.0,106.53,2025-05-27 21:30:30+00:00,0.0,0.0,0.0,0.0
Parfetts - Birmingham,314.0,6.0,106.53,2025-05-27 21:45:30+00:00,0.0,0.0,0.0,0.0
Parfetts - Birmingham,314.0,6.0,106.53,2025-05-27 22:00:30+00:00,0.0,0.0,0.0,0.0
Parfetts - Birmingham,314.0,6.0,106.53,2025-05-27 22:15:30+00:00,0.0,0.0,0.0,0.0
Parfetts - Birmingham,314.0,6.0,106.53,2025-05-27 22:30:30+00:00,0.0,0.0,0.0,0.0
Parfetts - Birmingham,314.0,6.0,106.53,2025-05-27 22:45:30+00:00,0.0,0.0,0.0,0.0
Parfetts - Birmingham,314.0,6.0,106.53,2025-05-27 23:00:30+00:00,0.0,0.0,0.0,0.0
Parfetts - Birmingham,314.0,6.0,106.53,2025-05-27 23:15:30+00:00,0.0,0.0,0.0,0.0
Parfetts - Birmingham,314.0,6.0,106.53,2025-05-27 23:30:30+00:00,0.0,0.0,0.0,0.0
Parfetts - Birmingham,314.0,6.0,106.53,2025-05-27 23:45:30+00:00,0.0,0.0,0.0,0.0
Parfetts - Birmingham,314.0,6.0,106.53,2025-05-28 00:00:30+00:00,0.0,0.0,0.0,0.0
Parfetts - Birmingham,314.0,6.0,106.53,2025-05-28 00:15:30+00:00,0.0,0.0,0.0,0.0
Parfetts - Birmingham,314.0,6.0,106.53,2025-05-28 00:30:30+00:00,0.0,0.0,0.0,0.0
Parfetts - Birmingham,314.0,6.0,106.53,2025-05-28 00:45:30+00:00,0.0,0.0,0.0,0.0
Parfetts - Birmingham,314.0,6.0,106.53,2025-05-28 01:00:30+00:00,0.0,0.0,0.0,0.0
Parfetts - Birmingham,314.0,6.0,106.53,2025-05-28 01:15:30+00:00,0.0,0.0,0.0,0.0
Parfetts - Birmingham,314.0,6.0,106.53,2025-05-28 01:30:30+00:00,0.0,0.0,0.0,0.0
Parfetts - Birmingham,314.0,6.0,106.53,2025-05-28 01:45:30+00:00,0.0,0.0,0.0,0.0
Parfetts - Birmingham,314.0,6.0,106.53,2025-05-28 02:00:30+00:00,0.0,0.0,0.0,0.0
Parfetts - Birmingham,314.0,6.0,106.53,2025-05-28 02:15:30+00:00,0.0,0.0,0.0,0.0
Parfetts - Birmingham,314.0,6.0,106.53,2025-05-28 02:30:30+00:00,0.0,0.0,0.0,0.0
Parfetts - Birmingham,314.0,6.0,106.53,2025-05-28 02:45:30+00:00,0.0,0.0,0.0,0.0
Parfetts - Birmingham,314.0,6.0,106.53,2025-05-28 03:00:30+00:00,0.0,0.0,0.0,0.0
Parfetts - Birmingham,314.0,6.0,106.53,2025-05-28 03:15:30+00:00,0.0,0.0,0.0,0.0
Parfetts - Birmingham,314.0,6.0,106.53,2025-05-28 03:30:30+00:00,0.0,0.0,0.0,0.0
Parfetts - Birmingham,314.0,6.0,106.53,2025-05-28 03:45:30+00:00,0.0,0.0,0.0,0.0
Parfetts - Birmingham,314.0,6.0,106.53,2025-05-28 04:00:30+00:00,0.0005,0.00025,0.0015,0.0005
Parfetts - Birmingham,314.0,6.0,106.53,2025-05-28 04:15:30+00:00,0.00175,0.0005,0.00425,0.00175
Parfetts - Birmingham,314.0,6.0,106.53,2025-05-28 04:30:30+00:00,0.0035,0.001,0.00925,0.0035
Parfetts - Birmingham,314.0,6.0,106.53,2025-05-28 04:45:30+00:00,0.0055,0.0015,0.0175,0.0055
Parfetts - Birmingham,314.0,6.0,106.53,2025-05-28 05:00:30+00:00,0.01375,0.00275,0.0275,0.0145
Parfetts - Birmingham,314.0,6.0,106.53,2025-05-28 05:15:30+00:00,0.02825,0.0095,0.03425,0.03175
Parfetts - Birmingham,314.0,6.0,106.53,2025-05-28 05:30:30+00:00,0.03275,0.01975,0.04275,0.03675
Parfetts - Birmingham,314.0,6.0,106.53,2025-05-28 05:45:30+00:00,0.04325,0.025,0.0515,0.0485
Parfetts - Birmingham,314.0,6.0,106.53,2025-05-28 06:00:30+00:00,0.04275,0.0315,0.05875,0.047
Parfetts - Birmingham,314.0,6.0,106.53,2025-05-28 06:15:30+00:00,0.0485,0.0375,0.067,0.05275
Parfetts - Birmingham,314.0,6.0,106.53,2025-05-28 06:30:30+00:00,0.06375,0.04625,0.0775,0.07075
Parfetts - Birmingham,314.0,6.0,106.53,2025-05-28 06:45:30+00:00,0.0735,0.049,0.08925,0.0825
Parfetts - Birmingham,314.0,6.0,106.53,2025-05-28 07:00:30+00:00,0.0785,0.04575,0.09975,0.087
Parfetts - Birmingham,314.0,6.0,106.53,2025-05-28 07:15:30+00:00,0.07875,0.033,0.1115,0.0855
Parfetts - Birmingham,314.0,6.0,106.53,2025-05-28 07:30:30+00:00,0.06025,0.035,0.12425,0.064
Parfetts - Birmingham,314.0,6.0,106.53,2025-05-28 07:45:30+00:00,0.10375,0.031,0.12975,0.1135
Parfetts - Birmingham,314.0,6.0,106.53,2025-05-28 08:00:30+00:00,0.0915,0.022,0.1415,0.098
Parfetts - Birmingham,314.0,6.0,106.53,2025-05-28 08:15:30+00:00,0.05725,0.0195,0.1425,0.0595
Parfetts - Birmingham,314.0,6.0,106.53,2025-05-28 08:30:30+00:00,0.08825,0.02775,0.13775,0.0935
Parfetts - Birmingham,314.0,6.0,106.53,2025-05-28 08:45:30+00:00,0.103,0.04825,0.14675,0.10925
Parfetts - Birmingham,314.0,6.0,106.53,2025-05-28 09:00:30+00:00,0.101,0.0395,0.141,0.10675
Parfetts - Birmingham,314.0,6.0,106.53,2025-05-28 09:15:30+00:00,0.067,0.03375,0.15725,0.06925
Parfetts - Birmingham,314.0,6.0,106.53,2025-05-28 09:30:30+00:00,0.113,0.0225,0.1575,0.1195
Parfetts - Birmingham,314.0,6.0,106.53,2025-05-28 09:45:30+00:00,0.08325,0.0165,0.16275,0.087
Parfetts - Birmingham,314.0,6.0,106.53,2025-05-28 10:00:30+00:00,0.04525,0.0155,0.14325,0.046
Parfetts - Birmingham,314.0,6.0,106.53,2025-05-28 10:15:30+00:00,0.055,0.016,0.14525,0.056
Parfetts - Birmingham,314.0,6.0,106.53,2025-05-28 10:30:30+00:00,0.084,0.01675,0.1665,0.08625
Parfetts - Birmingham,314.0,6.0,106.53,2025-05-28 10:45:30+00:00,0.1145,0.03575,0.1855,0.11875
Parfetts - Birmingham,314.0,6.0,106.53,2025-05-28 11:00:30+00:00,0.13275,0.04175,0.181,0.138
Parfetts - Birmingham,314.0,6.0,106.53,2025-05-28 11:15:30+00:00,0.08675,0.04575,0.1815,0.089
Parfetts - Birmingham,314.0,6.0,106.53,2025-05-28 11:30:30+00:00,0.11775,0.046,0.19375,0.12125
Parfetts - Birmingham,314.0,6.0,106.53,2025-05-28 11:45:30+00:00,0.154,0.04325,0.20975,0.15925
Parfetts - Birmingham,314.0,6.0,106.53,2025-05-28 12:00:30+00:00,0.1085,0.02375,0.21175,0.111
Parfetts - Birmingham,314.0,6.0,106.53,2025-05-28 12:15:30+00:00,0.08775,0.0175,0.1805,0.08925
Parfetts - Birmingham,314.0,6.0,106.53,2025-05-28 12:30:30+00:00,0.0455,0.01725,0.16275,0.04625
Parfetts - Birmingham,314.0,6.0,106.53,2025-05-28 12:45:30+00:00,0.0545,0.017,0.1745,0.055
Parfetts - Birmingham,314.0,6.0,106.53,2025-05-28 13:00:30+00:00,0.1255,0.025,0.22075,0.12725
Parfetts - Birmingham,314.0,6.0,106.53,2025-05-28 13:15:30+00:00,0.1775,0.05925,0.22625,0.1795
Parfetts - Birmingham,314.0,6.0,106.53,2025-05-28 13:30:30+00:00,0.16275,0.05575,0.22325,0.16375
Parfetts - Birmingham,314.0,6.0,106.53,2025-05-28 13:45:30+00:00,0.0995,0.03525,0.20025,0.09975
Parfetts - Birmingham,314.0,6.0,106.53,2025-05-28 14:00:30+00:00,0.08925,0.03675,0.16275,0.0895
Parfetts - Birmingham,314.0,6.0,106.53,2025-05-28 14:15:30+00:00,0.11025,0.043,0.15025,0.10975
Parfetts - Birmingham,314.0,6.0,106.53,2025-05-28 14:30:30+00:00,0.0885,0.05425,0.14625,0.08825
Parfetts - Birmingham,314.0,6.0,106.53,2025-05-28 14:45:30+00:00,0.10275,0.0535,0.15875,0.10125
Parfetts - Birmingham,314.0,6.0,106.53,2025-05-28 15:00:30+00:00,0.12675,0.05825,0.1545,0.12425
Parfetts - Birmingham,314.0,6.0,106.53,2025-05-28 15:15:30+00:00,0.088,0.052,0.144,0.08625
Parfetts - Birmingham,314.0,6.0,106.53,2025-05-28 15:30:30+00:00,0.07825,0.04,0.13575,0.077
Parfetts - Birmingham,314.0,6.0,106.53,2025-05-28 15:45:30+00:00,0.099,0.04325,0.14675,0.09575
Parfetts - Birmingham,314.0,6.0,106.53,2025-05-28 16:00:30+00:00,0.107,0.05825,0.1545,0.1025
Parfetts - Birmingham,314.0,6.0,106.53,2025-05-28 16:15:30+00:00,0.1145,0.06725,0.147,0.1075
Parfetts - Birmingham,314.0,6.0,106.53,2025-05-28 16:30:30+00:00,0.1,0.063,0.1285,0.0935
Parfetts - Birmingham,314.0,6.0,106.53,2025-05-28 16:45:30+00:00,0.07025,0.05125,0.10925,0.06675
Parfetts - Birmingham,314.0,6.0,106.53,2025-05-28 17:00:30+00:00,0.07275,0.04525,0.0995,0.068
Parfetts - Birmingham,314.0,6.0,106.53,2025-05-28 17:15:30+00:00,0.07475,0.0505,0.0975,0.06775
Parfetts - Birmingham,314.0,6.0,106.53,2025-05-28 17:30:30+00:00,0.07375,0.0505,0.09425,0.06525
Parfetts - Birmingham,314.0,6.0,106.53,2025-05-28 17:45:30+00:00,0.06875,0.04725,0.08725,0.059
Parfetts - Birmingham,314.0,6.0,106.53,2025-05-28 18:00:30+00:00,0.05725,0.03825,0.07525,0.049
Parfetts - Birmingham,314.0,6.0,106.53,2025-05-28 18:15:30+00:00,0.05875,0.0265,0.06475,0.049
Parfetts - Birmingham,314.0,6.0,106.53,2025-05-28 18:30:30+00:00,0.035,0.01425,0.05125,0.03025
Parfetts - Birmingham,314.0,6.0,106.53,2025-05-28 18:45:30+00:00,0.02,0.00425,0.03825,0.01825
Parfetts - Birmingham,314.0,6.0,106.53,2025-05-28 19:00:30+00:00,0.01175,0.00225,0.02425,0.0115
Parfetts - Birmingham,314.0,6.0,106.53,2025-05-28 19:15:30+00:00,0.0065,0.00125,0.01375,0.0065
Parfetts - Birmingham,314.0,6.0,106.53,2025-05-28 19:30:30+00:00,0.0035,0.00075,0.00725,0.0035
Parfetts - Birmingham,314.0,6.0,106.53,2025-05-28 19:45:30+00:00,0.0015,0.00025,0.0035,0.0015
Parfetts - Birmingham,314.0,6.0,106.53,2025-05-28 20:00:30+00:00,0.0005,0.0,0.00125,0.0005
Parfetts - Birmingham,314.0,6.0,106.53,2025-05-28 20:15:30+00:00,0.0,0.0,0.0,0.0
Parfetts - Birmingham,314.0,6.0,106.53,2025-05-28 20:30:30+00:00,0.0,0.0,0.0,0.0
Parfetts - Birmingham,314.0,6.0,106.53,2025-05-28 20:45:30+00:00,0.0,0.0,0.0,0.0
Parfetts - Birmingham,314.0,6.0,106.53,2025-05-28 21:00:30+00:00,0.0,0.0,0.0,0.0
Parfetts - Birmingham,314.0,6.0,106.53,2025-05-28 21:15:30+00:00,0.0,0.0,0.0,0.0
Parfetts - Birmingham,314.0,6.0,106.53,2025-05-28 21:30:30+00:00,0.0,0.0,0.0,0.0
Parfetts - Birmingham,314.0,6.0,106.53,2025-05-28 21:45:30+00:00,0.0,0.0,0.0,0.0
Parfetts - Birmingham,314.0,6.0,106.53,2025-05-28 22:00:30+00:00,0.0,0.0,0.0,0.0
Parfetts - Birmingham,314.0,6.0,106.53,2025-05-28 22:15:30+00:00,0.0,0.0,0.0,0.0
Parfetts - Birmingham,314.0,6.0,106.53,2025-05-28 22:30:30+00:00,0.0,0.0,0.0,0.0
Parfetts - Birmingham,314.0,6.0,106.53,2025-05-28 22:45:30+00:00,0.0,0.0,0.0,0.0
Parfetts - Birmingham,314.0,6.0,106.53,2025-05-28 23:00:30+00:00,0.0,0.0,0.0,0.0
Parfetts - Birmingham,314.0,6.0,106.53,2025-05-28 23:15:30+00:00,0.0,0.0,0.0,0.0
Parfetts - Birmingham,314.0,6.0,106.53,2025-05-28 23:30:30+00:00,0.0,0.0,0.0,0.0
Parfetts - Birmingham,314.0,6.0,106.53,2025-05-28 23:45:30+00:00,0.0,0.0,0.0,0.0
Parfetts - Birmingham,314.0,6.0,106.53,2025-05-29 00:00:30+00:00,0.0,0.0,0.0,0.0
Parfetts - Birmingham,314.0,6.0,106.53,2025-05-29 00:15:30+00:00,0.0,0.0,0.0,0.0
Parfetts - Birmingham,314.0,6.0,106.53,2025-05-29 00:30:30+00:00,0.0,0.0,0.0,0.0
Parfetts - Birmingham,314.0,6.0,106.53,2025-05-29 00:45:30+00:00,0.0,0.0,0.0,0.0
Parfetts - Birmingham,314.0,6.0,106.53,2025-05-29 01:00:30+00:00,0.0,0.0,0.0,0.0
Parfetts - Birmingham,314.0,6.0,106.53,2025-05-29 01:15:30+00:00,0.0,0.0,0.0,0.0
Parfetts - Birmingham,314.0,6.0,106.53,2025-05-29 01:30:30+00:00,0.0,0.0,0.0,0.0
Parfetts - Birmingham,314.0,6.0,106.53,2025-05-29 01:45:30+00:00,0.0,0.0,0.0,0.0
Parfetts - Birmingham,314.0,6.0,106.53,2025-05-29 02:00:30+00:00,0.0,0.0,0.0,0.0
Parfetts - Birmingham,314.0,6.0,106.53,2025-05-29 02:15:30+00:00,0.0,0.0,0.0,0.0
Parfetts - Birmingham,314.0,6.0,106.53,2025-05-29 02:30:30+00:00,0.0,0.0,0.0,0.0
Parfetts - Birmingham,314.0,6.0,106.53,2025-05-29 02:45:30+00:00,0.0,0.0,0.0,0.0
Parfetts - Birmingham,314.0,6.0,106.53,2025-05-29 03:00:30+00:00,0.0,0.0,0.0,0.0
Parfetts - Birmingham,314.0,6.0,106.53,2025-05-29 03:15:30+00:00,0.0,0.0,0.0,0.0
Parfetts - Birmingham,314.0,6.0,106.53,2025-05-29 03:30:30+00:00,0.0,0.0,0.0,0.0
Parfetts - Birmingham,314.0,6.0,106.53,2025-05-29 03:45:30+00:00,0.0,0.0,0.0,0.0
Parfetts - Birmingham,314.0,6.0,106.53,2025-05-29 04:00:30+00:00,0.00075,0.00025,0.00175,0.00075
Parfetts - Birmingham,314.0,6.0,106.53,2025-05-29 04:15:30+00:00,0.00225,0.0005,0.005,0.00225
Parfetts - Birmingham,314.0,6.0,106.53,2025-05-29 04:30:30+00:00,0.0045,0.001,0.00875,0.0045
Parfetts - Birmingham,314.0,6.0,106.53,2025-05-29 04:45:30+00:00,0.00625,0.0015,0.012,0.00625
Parfetts - Birmingham,314.0,6.0,106.53,2025-05-29 05:00:30+00:00,0.00475,0.00225,0.0165,0.00475
Parfetts - Birmingham,314.0,6.0,106.53,2025-05-29 05:15:30+00:00,0.01125,0.003,0.02375,0.01125
Parfetts - Birmingham,314.0,6.0,106.53,2025-05-29 05:30:30+00:00,0.0165,0.0035,0.0305,0.01675
Parfetts - Birmingham,314.0,6.0,106.53,2025-05-29 05:45:30+00:00,0.01975,0.0075,0.038,0.02
Parfetts - Birmingham,314.0,6.0,106.53,2025-05-29 06:00:30+00:00,0.03075,0.01375,0.0435,0.03225
Parfetts - Birmingham,314.0,6.0,106.53,2025-05-29 06:15:30+00:00,0.03575,0.0155,0.04975,0.0375
Parfetts - Birmingham,314.0,6.0,106.53,2025-05-29 06:30:30+00:00,0.0315,0.011,0.053,0.03225
Parfetts - Birmingham,314.0,6.0,106.53,2025-05-29 06:45:30+00:00,0.028,0.014,0.06175,0.0285
Parfetts - Birmingham,314.0,6.0,106.53,2025-05-29 07:00:30+00:00,0.0515,0.0155,0.0685,0.05425
Parfetts - Birmingham,314.0,6.0,106.53,2025-05-29 07:15:30+00:00,0.04775,0.0255,0.07675,0.04975
Parfetts - Birmingham,314.0,6.0,106.53,2025-05-29 07:30:30+00:00,0.05375,0.03375,0.08225,0.0555
Parfetts - Birmingham,314.0,6.0,106.53,2025-05-29 07:45:30+00:00,0.07075,0.0465,0.0865,0.07425
Parfetts - Birmingham,314.0,6.0,106.53,2025-05-29 08:00:30+00:00,0.076,0.05125,0.09325,0.07975
Parfetts - Birmingham,314.0,6.0,106.53,2025-05-29 08:15:30+00:00,0.07075,0.05,0.09425,0.0735
Parfetts - Birmingham,314.0,6.0,106.53,2025-05-29 08:30:30+00:00,0.069,0.04725,0.10125,0.0715
Parfetts - Birmingham,314.0,6.0,106.53,2025-05-29 08:45:30+00:00,0.08175,0.04075,0.12075,0.08525
Parfetts - Birmingham,314.0,6.0,106.53,2025-05-29 09:00:30+00:00,0.091,0.0445,0.1445,0.095
Parfetts - Birmingham,314.0,6.0,106.53,2025-05-29 09:15:30+00:00,0.10875,0.059,0.168,0.11475
Parfetts - Birmingham,314.0,6.0,106.53,2025-05-29 09:30:30+00:00,0.13875,0.07875,0.181,0.1485
Parfetts - Birmingham,314.0,6.0,106.53,2025-05-29 09:45:30+00:00,0.14325,0.094,0.18575,0.15275
Parfetts - Birmingham,314.0,6.0,106.53,2025-05-29 10:00:30+00:00,0.13725,0.109,0.19375,0.1455
Parfetts - Birmingham,314.0,6.0,106.53,2025-05-29 10:15:30+00:00,0.17025,0.11825,0.2025,0.182
Parfetts - Birmingham,314.0,6.0,106.53,2025-05-29 10:30:30+00:00,0.17475,0.11875,0.2135,0.18625
Parfetts - Birmingham,314.0,6.0,106.53,2025-05-29 10:45:30+00:00,0.156,0.10175,0.21025,0.164
Parfetts - Birmingham,314.0,6.0,106.53,2025-05-29 11:00:30+00:00,0.13575,0.10325,0.2,0.141
Parfetts - Birmingham,314.0,6.0,106.53,2025-05-29 11:15:30+00:00,0.15975,0.10575,0.20125,0.16675
Parfetts - Birmingham,314.0,6.0,106.53,2025-05-29 11:30:30+00:00,0.1655,0.11325,0.21225,0.1725
Parfetts - Birmingham,314.0,6.0,106.53,2025-05-29 11:45:30+00:00,0.16275,0.08825,0.21175,0.16875
Parfetts - Birmingham,314.0,6.0,106.53,2025-05-29 12:00:30+00:00,0.1215,0.067,0.20075,0.12425
Parfetts - Birmingham,314.0,6.0,106.53,2025-05-29 12:15:30+00:00,0.11475,0.05875,0.16925,0.117
Parfetts - Birmingham,314.0,6.0,106.53,2025-05-29 12:30:30+00:00,0.10475,0.0705,0.147,0.10625
Parfetts - Birmingham,314.0,6.0,106.53,2025-05-29 12:45:30+00:00,0.106,0.086,0.1305,0.1075
Parfetts - Birmingham,314.0,6.0,106.53,2025-05-29 13:00:30+00:00,0.1135,0.09,0.12925,0.115
Parfetts - Birmingham,314.0,6.0,106.53,2025-05-29 13:15:30+00:00,0.1095,0.068,0.14975,0.1105
Parfetts - Birmingham,314.0,6.0,106.53,2025-05-29 13:30:30+00:00,0.103,0.045,0.16875,0.10375
Parfetts - Birmingham,314.0,6.0,106.53,2025-05-29 13:45:30+00:00,0.10725,0.0455,0.211,0.10775
Parfetts - Birmingham,314.0,6.0,106.53,2025-05-29 14:00:30+00:00,0.17475,0.0695,0.21625,0.17375
Parfetts - Birmingham,314.0,6.0,106.53,2025-05-29 14:15:30+00:00,0.163,0.08375,0.21075,0.1615
Parfetts - Birmingham,314.0,6.0,106.53,2025-05-29 14:30:30+00:00,0.12775,0.07075,0.196,0.1265
Parfetts - Birmingham,314.0,6.0,106.53,2025-05-29 14:45:30+00:00,0.108,0.06625,0.159,0.10725
Parfetts - Birmingham,314.0,6.0,106.53,2025-05-29 15:00:30+00:00,0.10175,0.06875,0.13525,0.1005
Parfetts - Birmingham,314.0,6.0,106.53,2025-05-29 15:15:30+00:00,0.0955,0.0715,0.121,0.094
Parfetts - Birmingham,314.0,6.0,106.53,2025-05-29 15:30:30+00:00,0.091,0.07,0.121,0.0895
Parfetts - Birmingham,314.0,6.0,106.53,2025-05-29 15:45:30+00:00,0.10075,0.07125,0.12625,0.09725
Parfetts - Birmingham,314.0,6.0,106.53,2025-05-29 16:00:30+00:00,0.103,0.0755,0.12225,0.099
Parfetts - Birmingham,314.0,6.0,106.53,2025-05-29 16:15:30+00:00,0.09225,0.076,0.115,0.08825
Parfetts - Birmingham,314.0,6.0,106.53,2025-05-29 16:30:30+00:00,0.09175,0.071,0.10225,0.08675
Parfetts - Birmingham,314.0,6.0,106.53,2025-05-29 16:45:30+00:00,0.0745,0.06325,0.0925,0.0705
Parfetts - Birmingham,314.0,6.0,106.53,2025-05-29 17:00:30+00:00,0.067,0.05525,0.08025,0.0635
Parfetts - Birmingham,314.0,6.0,106.53,2025-05-29 17:15:30+00:00,0.06275,0.052,0.07425,0.05875
Parfetts - Birmingham,314.0,6.0,106.53,2025-05-29 17:30:30+00:00,0.05875,0.048,0.06925,0.05425
Parfetts - Birmingham,314.0,6.0,106.53,2025-05-29 17:45:30+00:00,0.0545,0.04125,0.067,0.04925
Parfetts - Birmingham,314.0,6.0,106.53,2025-05-29 18:00:30+00:00,0.049,0.031,0.063,0.04275
Parfetts - Birmingham,314.0,6.0,106.53,2025-05-29 18:15:30+00:00,0.0345,0.01925,0.05225,0.031
Parfetts - Birmingham,314.0,6.0,106.53,2025-05-29 18:30:30+00:00,0.02425,0.0135,0.0435,0.0225
Parfetts - Birmingham,314.0,6.0,106.53,2025-05-29 18:45:30+00:00,0.03125,0.012,0.0395,0.026
Parfetts - Birmingham,314.0,6.0,106.53,2025-05-29 19:00:30+00:00,0.01825,0.009,0.0305,0.01575
Parfetts - Birmingham,314.0,6.0,106.53,2025-05-29 19:15:30+00:00,0.00975,0.004,0.01775,0.00925
Parfetts - Birmingham,314.0,6.0,106.53,2025-05-29 19:30:30+00:00,0.00575,0.002,0.00975,0.00575
Parfetts - Birmingham,314.0,6.0,106.53,2025-05-29 19:45:30+00:00,0.00225,0.00125,0.0045,0.00225
Parfetts - Birmingham,314.0,6.0,106.53,2025-05-29 20:00:30+00:00,0.001,0.0005,0.00175,0.001
Parfetts - Birmingham,314.0,6.0,106.53,2025-05-29 20:15:30+00:00,0.0,0.0,0.0,0.0
Parfetts - Birmingham,314.0,6.0,106.53,2025-05-29 20:30:30+00:00,0.0,0.0,0.0,0.0
Parfetts - Birmingham,314.0,6.0,106.53,2025-05-29 20:45:30+00:00,0.0,0.0,0.0,0.0
Parfetts - Birmingham,314.0,6.0,106.53,2025-05-29 21:00:30+00:00,0.0,0.0,0.0,0.0
Parfetts - Birmingham,314.0,6.0,106.53,2025-05-29 21:15:30+00:00,0.0,0.0,0.0,0.0
Parfetts - Birmingham,314.0,6.0,106.53,2025-05-29 21:30:30+00:00,0.0,0.0,0.0,0.0
Parfetts - Birmingham,314.0,6.0,106.53,2025-05-29 21:45:30+00:00,0.0,0.0,0.0,0.0
Parfetts - Birmingham,314.0,6.0,106.53,2025-05-29 22:00:30+00:00,0.0,0.0,0.0,0.0
Parfetts - Birmingham,314.0,6.0,106.53,2025-05-29 22:15:30+00:00,0.0,0.0,0.0,0.0
Parfetts - Birmingham,314.0,6.0,106.53,2025-05-29 22:30:30+00:00,0.0,0.0,0.0,0.0
Parfetts - Birmingham,314.0,6.0,106.53,2025-05-29 22:45:30+00:00,0.0,0.0,0.0,0.0
Parfetts - Birmingham,314.0,6.0,106.53,2025-05-29 23:00:30+00:00,0.0,0.0,0.0,0.0
Parfetts - Birmingham,314.0,6.0,106.53,2025-05-29 23:15:30+00:00,0.0,0.0,0.0,0.0
Parfetts - Birmingham,314.0,6.0,106.53,2025-05-29 23:30:30+00:00,0.0,0.0,0.0,0.0
Parfetts - Birmingham,314.0,6.0,106.53,2025-05-29 23:45:30+00:00,0.0,0.0,0.0,0.0
Parfetts - Birmingham,314.0,6.0,106.53,2025-05-30 00:00:30+00:00,0.0,0.0,0.0,0.0
Parfetts - Birmingham,314.0,6.0,106.53,2025-05-30 00:15:30+00:00,0.0,0.0,0.0,0.0
Parfetts - Birmingham,314.0,6.0,106.53,2025-05-30 00:30:30+00:00,0.0,0.0,0.0,0.0
Parfetts - Birmingham,314.0,6.0,106.53,2025-05-30 00:45:30+00:00,0.0,0.0,0.0,0.0
Parfetts - Birmingham,314.0,6.0,106.53,2025-05-30 01:00:30+00:00,0.0,0.0,0.0,0.0
Parfetts - Birmingham,314.0,6.0,106.53,2025-05-30 01:15:30+00:00,0.0,0.0,0.0,0.0
Parfetts - Birmingham,314.0,6.0,106.53,2025-05-30 01:30:30+00:00,0.0,0.0,0.0,0.0
Parfetts - Birmingham,314.0,6.0,106.53,2025-05-30 01:45:30+00:00,0.0,0.0,0.0,0.0
Parfetts - Birmingham,314.0,6.0,106.53,2025-05-30 02:00:30+00:00,0.0,0.0,0.0,0.0
Parfetts - Birmingham,314.0,6.0,106.53,2025-05-30 02:15:30+00:00,0.0,0.0,0.0,0.0
Parfetts - Birmingham,314.0,6.0,106.53,2025-05-30 02:30:30+00:00,0.0,0.0,0.0,0.0
Parfetts - Birmingham,314.0,6.0,106.53,2025-05-30 02:45:30+00:00,0.0,0.0,0.0,0.0
Parfetts - Birmingham,314.0,6.0,106.53,2025-05-30 03:00:30+00:00,0.0,0.0,0.0,0.0
Parfetts - Birmingham,314.0,6.0,106.53,2025-05-30 03:15:30+00:00,0.0,0.0,0.0,0.0
Parfetts - Birmingham,314.0,6.0,106.53,2025-05-30 03:30:30+00:00,0.0,0.0,0.0,0.0
Parfetts - Birmingham,314.0,6.0,106.53,2025-05-30 03:45:30+00:00,0.0,0.0,0.0,0.0
Parfetts - Birmingham,314.0,6.0,106.53,2025-05-30 04:00:30+00:00,0.00175,0.0015,0.00225,0.002
Parfetts - Birmingham,314.0,6.0,106.53,2025-05-30 04:15:30+00:00,0.005,0.0035,0.00625,0.0055
Parfetts - Birmingham,314.0,6.0,106.53,2025-05-30 04:30:30+00:00,0.00975,0.00675,0.01175,0.0115
Parfetts - Birmingham,314.0,6.0,106.53,2025-05-30 04:45:30+00:00,0.01575,0.01125,0.0185,0.01875
Parfetts - Birmingham,314.0,6.0,106.53,2025-05-30 05:00:30+00:00,0.0225,0.0155,0.02575,0.02675
Parfetts - Birmingham,314.0,6.0,106.53,2025-05-30 05:15:30+00:00,0.03,0.018,0.03375,0.03525
Parfetts - Birmingham,314.0,6.0,106.53,2025-05-30 05:30:30+00:00,0.0395,0.0165,0.043,0.04525
Parfetts - Birmingham,314.0,6.0,106.53,2025-05-30 05:45:30+00:00,0.036,0.01075,0.05425,0.0395
Parfetts - Birmingham,314.0,6.0,106.53,2025-05-30 06:00:30+00:00,0.03075,0.006,0.06125,0.03225
Parfetts - Birmingham,314.0,6.0,106.53,2025-05-30 06:15:30+00:00,0.03125,0.01125,0.0735,0.03225
Parfetts - Birmingham,314.0,6.0,106.53,2025-05-30 06:30:30+00:00,0.06025,0.018,0.081,0.06625
Parfetts - Birmingham,314.0,6.0,106.53,2025-05-30 06:45:30+00:00,0.05975,0.01675,0.09,0.0645
Parfetts - Birmingham,314.0,6.0,106.53,2025-05-30 07:00:30+00:00,0.04,0.0095,0.09275,0.0415
Parfetts - Birmingham,314.0,6.0,106.53,2025-05-30 07:15:30+00:00,0.05025,0.016,0.1055,0.05225
Parfetts - Birmingham,314.0,6.0,106.53,2025-05-30 07:30:30+00:00,0.08775,0.027,0.114,0.0955
Parfetts - Birmingham,314.0,6.0,106.53,2025-05-30 07:45:30+00:00,0.07675,0.03475,0.1225,0.0815
Parfetts - Birmingham,314.0,6.0,106.53,2025-05-30 08:00:30+00:00,0.0705,0.03825,0.11125,0.0735
Parfetts - Birmingham,314.0,6.0,106.53,2025-05-30 08:15:30+00:00,0.07525,0.0405,0.10725,0.0785
Parfetts - Birmingham,314.0,6.0,106.53,2025-05-30 08:30:30+00:00,0.0755,0.05175,0.11425,0.0785
Parfetts - Birmingham,314.0,6.0,106.53,2025-05-30 08:45:30+00:00,0.09575,0.05925,0.1305,0.10125
Parfetts - Birmingham,314.0,6.0,106.53,2025-05-30 09:00:30+00:00,0.113,0.075,0.139,0.12
Parfetts - Birmingham,314.0,6.0,106.53,2025-05-30 09:15:30+00:00,0.11275,0.0845,0.14025,0.119
Parfetts - Birmingham,314.0,6.0,106.53,2025-05-30 09:30:30+00:00,0.111,0.094,0.14325,0.1165
Parfetts - Birmingham,314.0,6.0,106.53,2025-05-30 09:45:30+00:00,0.1305,0.09925,0.15125,0.138
Parfetts - Birmingham,314.0,6.0,106.53,2025-05-30 10:00:30+00:00,0.135,0.10775,0.16475,0.14225
Parfetts - Birmingham,314.0,6.0,106.53,2025-05-30 10:15:30+00:00,0.142,0.10875,0.173,0.15
Parfetts - Birmingham,314.0,6.0,106.53,2025-05-30 10:30:30+00:00,0.14575,0.10175,0.17325,0.1535
Parfetts - Birmingham,314.0,6.0,106.53,2025-05-30 10:45:30+00:00,0.125,0.09175,0.17025,0.13
Parfetts - Birmingham,314.0,6.0,106.53,2025-05-30 11:00:30+00:00,0.1205,0.08725,0.1665,0.1245
Parfetts - Birmingham,314.0,6.0,106.53,2025-05-30 11:15:30+00:00,0.13325,0.08625,0.165,0.138
Parfetts - Birmingham,314.0,6.0,106.53,2025-05-30 11:30:30+00:00,0.12325,0.081,0.16,0.127
Parfetts - Birmingham,314.0,6.0,106.53,2025-05-30 11:45:30+00:00,0.1045,0.07575,0.1515,0.10675
Parfetts - Birmingham,314.0,6.0,106.53,2025-05-30 12:00:30+00:00,0.1115,0.0755,0.14,0.11375
Parfetts - Birmingham,314.0,6.0,106.53,2025-05-30 12:15:30+00:00,0.107,0.07975,0.133,0.109
Parfetts - Birmingham,314.0,6.0,106.53,2025-05-30 12:30:30+00:00,0.1,0.08375,0.12975,0.1015
Parfetts - Birmingham,314.0,6.0,106.53,2025-05-30 12:45:30+00:00,0.1125,0.083,0.12875,0.114
Parfetts - Birmingham,314.0,6.0,106.53,2025-05-30 13:00:30+00:00,0.105,0.08125,0.133,0.10625
Parfetts - Birmingham,314.0,6.0,106.53,2025-05-30 13:15:30+00:00,0.1035,0.07675,0.1335,0.1045
Parfetts - Birmingham,314.0,6.0,106.53,2025-05-30 13:30:30+00:00,0.1065,0.065,0.13025,0.10725
Parfetts - Birmingham,314.0,6.0,106.53,2025-05-30 13:45:30+00:00,0.08275,0.06075,0.12725,0.08325
Parfetts - Birmingham,314.0,6.0,106.53,2025-05-30 14:00:30+00:00,0.0925,0.05925,0.12775,0.09275
Parfetts - Birmingham,314.0,6.0,106.53,2025-05-30 14:15:30+00:00,0.10475,0.06125,0.1255,0.1045
Parfetts - Birmingham,314.0,6.0,106.53,2025-05-30 14:30:30+00:00,0.08225,0.05725,0.12325,0.08225
Parfetts - Birmingham,314.0,6.0,106.53,2025-05-30 14:45:30+00:00,0.0835,0.05375,0.12125,0.08325
Parfetts - Birmingham,314.0,6.0,106.53,2025-05-30 15:00:30+00:00,0.09625,0.05975,0.12825,0.09525
Parfetts - Birmingham,314.0,6.0,106.53,2025-05-30 15:15:30+00:00,0.102,0.0675,0.1275,0.1
Parfetts - Birmingham,314.0,6.0,106.53,2025-05-30 15:30:30+00:00,0.09225,0.062,0.1205,0.0905
Parfetts - Birmingham,314.0,6.0,106.53,2025-05-30 15:45:30+00:00,0.079,0.04825,0.113,0.07775
Parfetts - Birmingham,314.0,6.0,106.53,2025-05-30 16:00:30+00:00,0.06975,0.03025,0.106,0.0685
Parfetts - Birmingham,314.0,6.0,106.53,2025-05-30 16:15:30+00:00,0.0545,0.02725,0.109,0.054
Parfetts - Birmingham,314.0,6.0,106.53,2025-05-30 16:30:30+00:00,0.08375,0.0305,0.117,0.0795
Parfetts - Birmingham,314.0,6.0,106.53,2025-05-30 16:45:30+00:00,0.0805,0.04775,0.1155,0.07575
Parfetts - Birmingham,314.0,6.0,106.53,2025-05-30 17:00:30+00:00,0.082,0.05425,0.1005,0.07525
Parfetts - Birmingham,314.0,6.0,106.53,2025-05-30 17:15:30+00:00,0.0665,0.05275,0.08525,0.06175
Parfetts - Birmingham,314.0,6.0,106.53,2025-05-30 17:30:30+00:00,0.05925,0.0415,0.08225,0.0545
Parfetts - Birmingham,314.0,6.0,106.53,2025-05-30 17:45:30+00:00,0.0615,0.037,0.08675,0.05425
Parfetts - Birmingham,314.0,6.0,106.53,2025-05-30 18:00:30+00:00,0.06675,0.03925,0.0795,0.0555
Parfetts - Birmingham,314.0,6.0,106.53,2025-05-30 18:15:30+00:00,0.06275,0.04175,0.07025,0.04975
Parfetts - Birmingham,314.0,6.0,106.53,2025-05-30 18:30:30+00:00,0.0555,0.037,0.06075,0.042
Parfetts - Birmingham,314.0,6.0,106.53,2025-05-30 18:45:30+00:00,0.046,0.027,0.04875,0.0345
Parfetts - Birmingham,314.0,6.0,106.53,2025-05-30 19:00:30+00:00,0.03075,0.01275,0.03575,0.0235
Parfetts - Birmingham,314.0,6.0,106.53,2025-05-30 19:15:30+00:00,0.0125,0.00425,0.02225,0.01075
Parfetts - Birmingham,314.0,6.0,106.53,2025-05-30 19:30:30+00:00,0.00525,0.001,0.0115,0.00525
Parfetts - Birmingham,314.0,6.0,106.53,2025-05-30 19:45:30+00:00,0.00225,0.0005,0.005,0.00225
Parfetts - Birmingham,314.0,6.0,106.53,2025-05-30 20:00:30+00:00,0.001,0.00025,0.00175,0.001
Parfetts - Birmingham,314.0,6.0,106.53,2025-05-30 20:15:30+00:00,0.0,0.0,0.0,0.0
Parfetts - Birmingham,314.0,6.0,106.53,2025-05-30 20:30:30+00:00,0.0,0.0,0.0,0.0
Parfetts - Birmingham,314.0,6.0,106.53,2025-05-30 20:45:30+00:00,0.0,0.0,0.0,0.0
Parfetts - Birmingham,314.0,6.0,106.53,2025-05-30 21:00:30+00:00,0.0,0.0,0.0,0.0
Parfetts - Birmingham,314.0,6.0,106.53,2025-05-30 21:15:30+00:00,0.0,0.0,0.0,0.0
Parfetts - Birmingham,314.0,6.0,106.53,2025-05-30 21:30:30+00:00,0.0,0.0,0.0,0.0
Parfetts - Birmingham,314.0,6.0,106.53,2025-05-30 21:45:30+00:00,0.0,0.0,0.0,0.0
Parfetts - Birmingham,314.0,6.0,106.53,2025-05-30 22:00:30+00:00,0.0,0.0,0.0,0.0
Parfetts - Birmingham,314.0,6.0,106.53,2025-05-30 22:15:30+00:00,0.0,0.0,0.0,0.0
Parfetts - Birmingham,314.0,6.0,106.53,2025-05-30 22:30:30+00:00,0.0,0.0,0.0,0.0
Parfetts - Birmingham,314.0,6.0,106.53,2025-05-30 22:45:30+00:00,0.0,0.0,0.0,0.0
Parfetts - Birmingham,314.0,6.0,106.53,2025-05-30 23:00:30+00:00,0.0,0.0,0.0,0.0
Parfetts - Birmingham,314.0,6.0,106.53,2025-05-30 23:15:30+00:00,0.0,0.0,0.0,0.0
Parfetts - Birmingham,314.0,6.0,106.53,2025-05-30 23:30:30+00:00,0.0,0.0,0.0,0.0
Parfetts - Birmingham,314.0,6.0,106.53,2025-05-30 23:45:30+00:00,0.0,0.0,0.0,0.0
Parfetts - Birmingham,314.0,6.0,106.53,2025-05-31 00:00:30+00:00,0.0,0.0,0.0,0.0
Parfetts - Birmingham,314.0,6.0,106.53,2025-05-31 00:15:30+00:00,0.0,0.0,0.0,0.0
Parfetts - Birmingham,314.0,6.0,106.53,2025-05-31 00:30:30+00:00,0.0,0.0,0.0,0.0
Parfetts - Birmingham,314.0,6.0,106.53,2025-05-31 00:45:30+00:00,0.0,0.0,0.0,0.0
Parfetts - Birmingham,314.0,6.0,106.53,2025-05-31 01:00:30+00:00,0.0,0.0,0.0,0.0
Parfetts - Birmingham,314.0,6.0,106.53,2025-05-31 01:15:30+00:00,0.0,0.0,0.0,0.0
Parfetts - Birmingham,314.0,6.0,106.53,2025-05-31 01:30:30+00:00,0.0,0.0,0.0,0.0
Parfetts - Birmingham,314.0,6.0,106.53,2025-05-31 01:45:30+00:00,0.0,0.0,0.0,0.0
Parfetts - Birmingham,314.0,6.0,106.53,2025-05-31 02:00:30+00:00,0.0,0.0,0.0,0.0
Parfetts - Birmingham,314.0,6.0,106.53,2025-05-31 02:15:30+00:00,0.0,0.0,0.0,0.0
Parfetts - Birmingham,314.0,6.0,106.53,2025-05-31 02:30:30+00:00,0.0,0.0,0.0,0.0
Parfetts - Birmingham,314.0,6.0,106.53,2025-05-31 02:45:30+00:00,0.0,0.0,0.0,0.0
Parfetts - Birmingham,314.0,6.0,106.53,2025-05-31 03:00:30+00:00,0.0,0.0,0.0,0.0
Parfetts - Birmingham,314.0,6.0,106.53,2025-05-31 03:15:30+00:00,0.0,0.0,0.0,0.0
Parfetts - Birmingham,314.0,6.0,106.53,2025-05-31 03:30:30+00:00,0.0,0.0,0.0,0.0
Parfetts - Birmingham,314.0,6.0,106.53,2025-05-31 03:45:30+00:00,0.0005,0.00025,0.00075,0.0005
Parfetts - Birmingham,314.0,6.0,106.53,2025-05-31 04:00:30+00:00,0.00125,0.00075,0.00225,0.00125
Parfetts - Birmingham,314.0,6.0,106.53,2025-05-31 04:15:30+00:00,0.0035,0.00175,0.00625,0.00375
Parfetts - Birmingham,314.0,6.0,106.53,2025-05-31 04:30:30+00:00,0.007,0.00375,0.01175,0.00725
Parfetts - Birmingham,314.0,6.0,106.53,2025-05-31 04:45:30+00:00,0.012,0.00675,0.01825,0.013
Parfetts - Birmingham,314.0,6.0,106.53,2025-05-31 05:00:30+00:00,0.0185,0.009,0.02375,0.02
Parfetts - Birmingham,314.0,6.0,106.53,2025-05-31 05:15:30+00:00,0.01925,0.011,0.031,0.02025
Parfetts - Birmingham,314.0,6.0,106.53,2025-05-31 05:30:30+00:00,0.0245,0.01325,0.03525,0.02575
Parfetts - Birmingham,314.0,6.0,106.53,2025-05-31 05:45:30+00:00,0.02875,0.01625,0.0395,0.03025
Parfetts - Birmingham,314.0,6.0,106.53,2025-05-31 06:00:30+00:00,0.0305,0.0195,0.04175,0.03175
Parfetts - Birmingham,314.0,6.0,106.53,2025-05-31 06:15:30+00:00,0.03225,0.0235,0.04475,0.03325
Parfetts - Birmingham,314.0,6.0,106.53,2025-05-31 06:30:30+00:00,0.03875,0.02825,0.04925,0.04
Parfetts - Birmingham,314.0,6.0,106.53,2025-05-31 06:45:30+00:00,0.04475,0.03475,0.05475,0.0465
Parfetts - Birmingham,314.0,6.0,106.53,2025-05-31 07:00:30+00:00,0.0505,0.041,0.0615,0.05275
Parfetts - Birmingham,314.0,6.0,106.53,2025-05-31 07:15:30+00:00,0.05775,0.04725,0.06775,0.0605
Parfetts - Birmingham,314.0,6.0,106.53,2025-05-31 07:30:30+00:00,0.06375,0.05325,0.074,0.06675
Parfetts - Birmingham,314.0,6.0,106.53,2025-05-31 07:45:30+00:00,0.069,0.0575,0.082,0.07225
Parfetts - Birmingham,314.0,6.0,106.53,2025-05-31 08:00:30+00:00,0.076,0.058,0.09425,0.07975
Parfetts - Birmingham,314.0,6.0,106.53,2025-05-31 08:15:30+00:00,0.08325,0.0565,0.11225,0.0875
Parfetts - Birmingham,314.0,6.0,106.53,2025-05-31 08:30:30+00:00,0.09325,0.06075,0.133,0.09825
Parfetts - Birmingham,314.0,6.0,106.53,2025-05-31 08:45:30+00:00,0.11225,0.07425,0.15025,0.11925
Parfetts - Birmingham,314.0,6.0,106.53,2025-05-31 09:00:30+00:00,0.1305,0.094,0.15675,0.14025
Parfetts - Birmingham,314.0,6.0,106.53,2025-05-31 09:15:30+00:00,0.135,0.10825,0.158,0.1445
Parfetts - Birmingham,314.0,6.0,106.53,2025-05-31 09:30:30+00:00,0.134,0.11875,0.1595,0.14275
Parfetts - Birmingham,314.0,6.0,106.53,2025-05-31 09:45:30+00:00,0.14725,0.12475,0.16675,0.157
Parfetts - Birmingham,314.0,6.0,106.53,2025-05-31 10:00:30+00:00,0.15575,0.132,0.17775,0.1665
Parfetts - Birmingham,314.0,6.0,106.53,2025-05-31 10:15:30+00:00,0.1625,0.1345,0.18325,0.17325
Parfetts - Birmingham,314.0,6.0,106.53,2025-05-31 10:30:30+00:00,0.15925,0.13225,0.184,0.16825
Parfetts - Birmingham,314.0,6.0,106.53,2025-05-31 10:45:30+00:00,0.15175,0.13175,0.1795,0.15925
Parfetts - Birmingham,314.0,6.0,106.53,2025-05-31 11:00:30+00:00,0.15475,0.13625,0.17375,0.162
Parfetts - Birmingham,314.0,6.0,106.53,2025-05-31 11:15:30+00:00,0.15825,0.14475,0.171,0.16525
Parfetts - Birmingham,314.0,6.0,106.53,2025-05-31 11:30:30+00:00,0.1605,0.145,0.176,0.167
Parfetts - Birmingham,314.0,6.0,106.53,2025-05-31 11:45:30+00:00,0.1625,0.13775,0.18625,0.16825
Parfetts - Birmingham,314.0,6.0,106.53,2025-05-31 12:00:30+00:00,0.16275,0.12075,0.19325,0.168
Parfetts - Birmingham,314.0,6.0,106.53,2025-05-31 12:15:30+00:00,0.1455,0.11,0.213,0.149
Parfetts - Birmingham,314.0,6.0,106.53,2025-05-31 12:30:30+00:00,0.17425,0.085,0.21825,0.1785
Parfetts - Birmingham,314.0,6.0,106.53,2025-05-31 12:45:30+00:00,0.13525,0.06125,0.219,0.1375
Parfetts - Birmingham,314.0,6.0,106.53,2025-05-31 13:00:30+00:00,0.109,0.0415,0.186,0.11025
Parfetts - Birmingham,314.0,6.0,106.53,2025-05-31 13:15:30+00:00,0.09575,0.039,0.162,0.09675
Parfetts - Birmingham,314.0,6.0,106.53,2025-05-31 13:30:30+00:00,0.09575,0.05575,0.16225,0.09625
Parfetts - Birmingham,314.0,6.0,106.53,2025-05-31 13:45:30+00:00,0.13475,0.065,0.1745,0.135
Parfetts - Birmingham,314.0,6.0,106.53,2025-05-31 14:00:30+00:00,0.12825,0.08925,0.17825,0.128
Parfetts - Birmingham,314.0,6.0,106.53,2025-05-31 14:15:30+00:00,0.1375,0.0985,0.167,0.13675
Parfetts - Birmingham,314.0,6.0,106.53,2025-05-31 14:30:30+00:00,0.132,0.09725,0.16525,0.13075
Parfetts - Birmingham,314.0,6.0,106.53,2025-05-31 14:45:30+00:00,0.12375,0.07425,0.16675,0.122
Parfetts - Birmingham,314.0,6.0,106.53,2025-05-31 15:00:30+00:00,0.104,0.04625,0.154,0.10275
Parfetts - Birmingham,314.0,6.0,106.53,2025-05-31 15:15:30+00:00,0.07175,0.02825,0.132,0.07125
Parfetts - Birmingham,314.0,6.0,106.53,2025-05-31 15:30:30+00:00,0.064,0.0175,0.1185,0.06375
Parfetts - Birmingham,314.0,6.0,106.53,2025-05-31 15:45:30+00:00,0.06875,0.02625,0.1275,0.06775
Parfetts - Birmingham,314.0,6.0,106.53,2025-05-31 16:00:30+00:00,0.09925,0.041,0.13775,0.09525
Parfetts - Birmingham,314.0,6.0,106.53,2025-05-31 16:15:30+00:00,0.0985,0.05575,0.13525,0.094
Parfetts - Birmingham,314.0,6.0,106.53,2025-05-31 16:30:30+00:00,0.088,0.05375,0.11725,0.0835
Parfetts - Birmingham,314.0,6.0,106.53,2025-05-31 16:45:30+00:00,0.06875,0.04575,0.09525,0.066
Parfetts - Birmingham,314.0,6.0,106.53,2025-05-31 17:00:30+00:00,0.05525,0.038,0.0795,0.05325
Parfetts - Birmingham,314.0,6.0,106.53,2025-05-31 17:15:30+00:00,0.05275,0.03425,0.07075,0.0505
Parfetts - Birmingham,314.0,6.0,106.53,2025-05-31 17:30:30+00:00,0.049,0.03375,0.06725,0.0465
Parfetts - Birmingham,314.0,6.0,106.53,2025-05-31 17:45:30+00:00,0.05025,0.0325,0.0655,0.04675
Parfetts - Birmingham,314.0,6.0,106.53,2025-05-31 18:00:30+00:00,0.0475,0.033,0.061,0.04275
Parfetts - Birmingham,314.0,6.0,106.53,2025-05-31 18:15:30+00:00,0.0425,0.0295,0.055,0.0375
Parfetts - Birmingham,314.0,6.0,106.53,2025-05-31 18:30:30+00:00,0.03625,0.02275,0.04825,0.031
Parfetts - Birmingham,314.0,6.0,106.53,2025-05-31 18:45:30+00:00,0.0265,0.01275,0.03975,0.02275
Parfetts - Birmingham,314.0,6.0,106.53,2025-05-31 19:00:30+00:00,0.01525,0.005,0.02725,0.014
Parfetts - Birmingham,314.0,6.0,106.53,2025-05-31 19:15:30+00:00,0.0075,0.0015,0.01575,0.0075
Parfetts - Birmingham,314.0,6.0,106.53,2025-05-31 19:30:30+00:00,0.004,0.00075,0.0085,0.004
Parfetts - Birmingham,314.0,6.0,106.53,2025-05-31 19:45:30+00:00,0.00175,0.00025,0.004,0.00175
Parfetts - Birmingham,314.0,6.0,106.53,2025-05-31 20:00:30+00:00,0.00075,0.00025,0.0015,0.00075
Parfetts - Birmingham,314.0,6.0,106.53,2025-05-31 20:15:30+00:00,0.0,0.0,0.0,0.0
Parfetts - Birmingham,314.0,6.0,106.53,2025-05-31 20:30:30+00:00,0.0,0.0,0.0,0.0
Parfetts - Birmingham,314.0,6.0,106.53,2025-05-31 20:45:30+00:00,0.0,0.0,0.0,0.0
Parfetts - Birmingham,314.0,6.0,106.53,2025-05-31 21:00:30+00:00,0.0,0.0,0.0,0.0
Parfetts - Birmingham,314.0,6.0,106.53,2025-05-31 21:15:30+00:00,0.0,0.0,0.0,0.0
Parfetts - Birmingham,314.0,6.0,106.53,2025-05-31 21:30:30+00:00,0.0,0.0,0.0,0.0
Parfetts - Birmingham,314.0,6.0,106.53,2025-05-31 21:45:30+00:00,0.0,0.0,0.0,0.0
Parfetts - Birmingham,314.0,6.0,106.53,2025-05-31 22:00:30+00:00,0.0,0.0,0.0,0.0
Parfetts - Birmingham,314.0,6.0,106.53,2025-05-31 22:15:30+00:00,0.0,0.0,0.0,0.0
Parfetts - Birmingham,314.0,6.0,106.53,2025-05-31 22:30:30+00:00,0.0,0.0,0.0,0.0
Parfetts - Birmingham,314.0,6.0,106.53,2025-05-31 22:45:30+00:00,0.0,0.0,0.0,0.0
Parfetts - Birmingham,314.0,6.0,106.53,2025-05-31 23:00:30+00:00,0.0,0.0,0.0,0.0
Parfetts - Birmingham,314.0,6.0,106.53,2025-05-31 23:15:30+00:00,0.0,0.0,0.0,0.0
Parfetts - Birmingham,314.0,6.0,106.53,2025-05-31 23:30:30+00:00,0.0,0.0,0.0,0.0
Parfetts - Birmingham,314.0,6.0,106.53,2025-05-31 23:45:30+00:00,0.0,0.0,0.0,0.0
